Defaulted container "ncm-policy" out of: ncm-policy, ncm-logging-sidecar
*******************************************************************
You are logged in policy container.
Dont edit any files. this might corrupt Calm data.
Commands for container:
activate - activate's policy virtual env
code - Changes directory to policy code
home - Changes directory to policy home which has conf files
status - Prints policy service status
********************************************************************
2026-06-23 05:01:54.48242Z INFO terraform_plum_v1 378   plugin.go:75 tfplum/repo.DefaultMgr.GetPluginByName               [cr:5fcda1be-e632-4578-b1fe-f4cac86dedba][logger:main][pr:][rr:5fcda1be-e632-4578-b1fe-f4cac86dedba] Get Plugin By Name: terraform-provider-nutanix
2026-06-23 05:01:54.50201Z INFO terraform_plum_v1 378   handler_wrapper.go:27 tfplum/service/management.InitRouter.HandlerWrapper.timer.func6 [logger:main] GET /api/v1/operations/plugins/terraform-provider-nutanix/1 -> Time Taken: 19.667848ms
2026-06-23 05:02:26.21316Z INFO terraform_plum_v1 378   handler_wrapper.go:24 tfplum/service/management.InitRouter.HandlerWrapper.timer.func6 [logger:main] GET /api/v1/operations/plugins/terraform-provider-nutanix/1 -> Executing Request
2026-06-23 05:02:26.60695Z INFO terraform_plum_v1 378   handler_wrapper.go:24 tfplum/service/management.InitRouter.HandlerWrapper.timer.func6 [logger:main] GET /api/v1/operations/plugins/terraform-provider-nutanix/1 -> Executing Request
2026-06-23 05:02:27.50194Z INFO terraform_plum_v1 378   server_before.go:33 tfplum/middleware.InitLogger                  [cr:f9f4431c-de30-48f5-afd9-054c0e0fe218][logger:main][pr:][rr:f9f4431c-de30-48f5-afd9-054c0e0fe218] logger initialized for RequestID: f9f4431c-de30-48f5-afd9-054c0e0fe218
2026-06-23 05:02:27.40300Z INFO terraform_plum_v1 378   server_before.go:33 tfplum/middleware.InitLogger                  [cr:bd5c749f-7962-4756-b0f6-956a755fb950][logger:main][pr:][rr:bd5c749f-7962-4756-b0f6-956a755fb950] logger initialized for RequestID: bd5c749f-7962-4756-b0f6-956a755fb950
2026-06-23 05:02:28.71438Z INFO terraform_plum_v1 378   plugin.go:75 tfplum/repo.DefaultMgr.GetPluginByName               [cr:bd5c749f-7962-4756-b0f6-956a755fb950][logger:main][pr:][rr:bd5c749f-7962-4756-b0f6-956a755fb950] Get Plugin By Name: terraform-provider-nutanix
2026-06-23 05:02:30.30203Z INFO terraform_plum_v1 378   plugin.go:75 tfplum/repo.DefaultMgr.GetPluginByName               [cr:f9f4431c-de30-48f5-afd9-054c0e0fe218][logger:main][pr:][rr:f9f4431c-de30-48f5-afd9-054c0e0fe218] Get Plugin By Name: terraform-provider-nutanix
2026-06-23 05:02:38.82074Z INFO terraform_plum_v1 378   handler_wrapper.go:27 tfplum/service/management.InitRouter.HandlerWrapper.timer.func6 [logger:main] GET /api/v1/operations/plugins/terraform-provider-nutanix/1 -> Time Taken: 12.213691896s
2026-06-23 05:02:39.80618Z INFO terraform_plum_v1 378   handler_wrapper.go:27 tfplum/service/management.InitRouter.HandlerWrapper.timer.func6 [logger:main] GET /api/v1/operations/plugins/terraform-provider-nutanix/1 -> Time Taken: 13.592909277s
tail: inotify cannot be used, reverting to polling: Too many open files
2026-06-23 05:03:39.00221Z INFO terraform_plum_v1 378   handler_wrapper.go:24 tfplum/service/management.InitRouter.HandlerWrapper.timer.func6 [logger:main] GET /api/v1/operations/plugins/terraform-provider-nutanix/1 -> Executing Request
2026-06-23 05:03:39.00219Z INFO terraform_plum_v1 378   handler_wrapper.go:24 tfplum/service/management.InitRouter.HandlerWrapper.timer.func6 [logger:main] GET /api/v1/operations/plugins/terraform-provider-nutanix/1 -> Executing Request
2026-06-23 05:03:39.60217Z INFO terraform_plum_v1 378   server_before.go:33 tfplum/middleware.InitLogger                  [cr:8b6040c8-7b81-4a49-bd8d-d4ad32efbd25][logger:main][pr:][rr:8b6040c8-7b81-4a49-bd8d-d4ad32efbd25] logger initialized for RequestID: 8b6040c8-7b81-4a49-bd8d-d4ad32efbd25
2026-06-23 05:03:39.60243Z INFO terraform_plum_v1 378   plugin.go:75 tfplum/repo.DefaultMgr.GetPluginByName               [cr:8b6040c8-7b81-4a49-bd8d-d4ad32efbd25][logger:main][pr:][rr:8b6040c8-7b81-4a49-bd8d-d4ad32efbd25] Get Plugin By Name: terraform-provider-nutanix
2026-06-23 05:03:39.70196Z INFO terraform_plum_v1 378   server_before.go:33 tfplum/middleware.InitLogger                  [cr:a842f501-f4d1-48aa-8002-02ae0b27837a][logger:main][pr:][rr:a842f501-f4d1-48aa-8002-02ae0b27837a] logger initialized for RequestID: a842f501-f4d1-48aa-8002-02ae0b27837a
2026-06-23 05:03:39.70208Z INFO terraform_plum_v1 378   plugin.go:75 tfplum/repo.DefaultMgr.GetPluginByName               [cr:a842f501-f4d1-48aa-8002-02ae0b27837a][logger:main][pr:][rr:a842f501-f4d1-48aa-8002-02ae0b27837a] Get Plugin By Name: terraform-provider-nutanix
2026-06-23 05:03:41.40248Z INFO terraform_plum_v1 378   handler_wrapper.go:27 tfplum/service/management.InitRouter.HandlerWrapper.timer.func6 [logger:main] GET /api/v1/operations/plugins/terraform-provider-nutanix/1 -> Time Taken: 2.397087846s
2026-06-23 05:03:41.60208Z INFO terraform_plum_v1 378   handler_wrapper.go:27 tfplum/service/management.InitRouter.HandlerWrapper.timer.func6 [logger:main] GET /api/v1/operations/plugins/terraform-provider-nutanix/1 -> Time Taken: 2.596684164s
2026-06-23 05:03:41.60669Z INFO terraform_plum_v1 378   handler_wrapper.go:24 tfplum/service/management.InitRouter.HandlerWrapper.timer.func6 [logger:main] GET /api/v1/operations/plugins/terraform-provider-nutanix/1 -> Executing Request
2026-06-23 05:03:41.60685Z INFO terraform_plum_v1 378   server_before.go:33 tfplum/middleware.InitLogger                  [cr:63679be9-9f4a-49f4-9d91-99eab450bf68][logger:main][pr:][rr:63679be9-9f4a-49f4-9d91-99eab450bf68] logger initialized for RequestID: 63679be9-9f4a-49f4-9d91-99eab450bf68
2026-06-23 05:03:41.70836Z INFO terraform_plum_v1 378   handler_wrapper.go:24 tfplum/service/management.InitRouter.HandlerWrapper.timer.func6 [logger:main] GET /api/v1/operations/plugins/terraform-provider-nutanix/1 -> Executing Request
2026-06-23 05:03:41.70847Z INFO terraform_plum_v1 378   server_before.go:33 tfplum/middleware.InitLogger                  [cr:01685634-88fd-4ad4-8ac1-bda4c32a92fc][logger:main][pr:][rr:01685634-88fd-4ad4-8ac1-bda4c32a92fc] logger initialized for RequestID: 01685634-88fd-4ad4-8ac1-bda4c32a92fc
2026-06-23 05:03:41.70854Z INFO terraform_plum_v1 378   plugin.go:75 tfplum/repo.DefaultMgr.GetPluginByName               [cr:01685634-88fd-4ad4-8ac1-bda4c32a92fc][logger:main][pr:][rr:01685634-88fd-4ad4-8ac1-bda4c32a92fc] Get Plugin By Name: terraform-provider-nutanix
2026-06-23 05:03:41.61273Z INFO terraform_plum_v1 378   plugin.go:75 tfplum/repo.DefaultMgr.GetPluginByName               [cr:63679be9-9f4a-49f4-9d91-99eab450bf68][logger:main][pr:][rr:63679be9-9f4a-49f4-9d91-99eab450bf68] Get Plugin By Name: terraform-provider-nutanix
2026-06-23 05:03:42.60318Z INFO terraform_plum_v1 378   handler_wrapper.go:27 tfplum/service/management.InitRouter.HandlerWrapper.timer.func6 [logger:main] GET /api/v1/operations/plugins/terraform-provider-nutanix/1 -> Time Taken: 996.428198ms
2026-06-23 05:03:42.70296Z INFO terraform_plum_v1 378   handler_wrapper.go:27 tfplum/service/management.InitRouter.HandlerWrapper.timer.func6 [logger:main] GET /api/v1/operations/plugins/terraform-provider-nutanix/1 -> Time Taken: 994.546879ms
2026-06-23 05:03:51.88434Z INFO terraform_plum_v1 378   handler_wrapper.go:24 tfplum/service/management.InitRouter.HandlerWrapper.timer.func6 [logger:main] GET /api/v1/operations/plugins/terraform-provider-nutanix/1 -> Executing Request
2026-06-23 05:03:51.88448Z INFO terraform_plum_v1 378   server_before.go:33 tfplum/middleware.InitLogger                  [cr:42bac7f8-509a-49eb-b95b-565aea620cb9][logger:main][pr:][rr:42bac7f8-509a-49eb-b95b-565aea620cb9] logger initialized for RequestID: 42bac7f8-509a-49eb-b95b-565aea620cb9
2026-06-23 05:03:51.88456Z INFO terraform_plum_v1 378   plugin.go:75 tfplum/repo.DefaultMgr.GetPluginByName               [cr:42bac7f8-509a-49eb-b95b-565aea620cb9][logger:main][pr:][rr:42bac7f8-509a-49eb-b95b-565aea620cb9] Get Plugin By Name: terraform-provider-nutanix
2026-06-23 05:03:51.90387Z INFO terraform_plum_v1 378   handler_wrapper.go:27 tfplum/service/management.InitRouter.HandlerWrapper.timer.func6 [logger:main] GET /api/v1/operations/plugins/terraform-provider-nutanix/1 -> Time Taken: 19.468332ms
2026-06-23 05:03:54.49875Z INFO terraform_plum_v1 378   handler_wrapper.go:24 tfplum/service/management.InitRouter.HandlerWrapper.timer.func6 [logger:main] GET /api/v1/operations/plugins/terraform-provider-nutanix/1 -> Executing Request
2026-06-23 05:03:54.49891Z INFO terraform_plum_v1 378   server_before.go:33 tfplum/middleware.InitLogger                  [cr:a69e65d3-2d9a-42bc-a8f5-0cbb7b179420][logger:main][pr:][rr:a69e65d3-2d9a-42bc-a8f5-0cbb7b179420] logger initialized for RequestID: a69e65d3-2d9a-42bc-a8f5-0cbb7b179420
2026-06-23 05:03:54.49899Z INFO terraform_plum_v1 378   plugin.go:75 tfplum/repo.DefaultMgr.GetPluginByName               [cr:a69e65d3-2d9a-42bc-a8f5-0cbb7b179420][logger:main][pr:][rr:a69e65d3-2d9a-42bc-a8f5-0cbb7b179420] Get Plugin By Name: terraform-provider-nutanix
2026-06-23 05:03:54.50378Z INFO terraform_plum_v1 378   handler_wrapper.go:27 tfplum/service/management.InitRouter.HandlerWrapper.timer.func6 [logger:main] GET /api/v1/operations/plugins/terraform-provider-nutanix/1 -> Time Taken: 4.923631ms
2026-06-23 05:04:22.91393Z INFO terraform_plum_v1 378   handler_wrapper.go:24 tfplum/service/management.InitRouter.HandlerWrapper.timer.func6 [logger:main] GET /api/v1/operations/plugins/terraform-provider-nutanix/1 -> Executing Request
2026-06-23 05:04:22.91405Z INFO terraform_plum_v1 378   server_before.go:33 tfplum/middleware.InitLogger                  [cr:b3228906-7871-4c51-868b-7a0c8d0e9a5c][logger:main][pr:][rr:b3228906-7871-4c51-868b-7a0c8d0e9a5c] logger initialized for RequestID: b3228906-7871-4c51-868b-7a0c8d0e9a5c
2026-06-23 05:04:22.91419Z INFO terraform_plum_v1 378   plugin.go:75 tfplum/repo.DefaultMgr.GetPluginByName               [cr:b3228906-7871-4c51-868b-7a0c8d0e9a5c][logger:main][pr:][rr:b3228906-7871-4c51-868b-7a0c8d0e9a5c] Get Plugin By Name: terraform-provider-nutanix
2026-06-23 05:04:23.00315Z INFO terraform_plum_v1 378   handler_wrapper.go:27 tfplum/service/management.InitRouter.HandlerWrapper.timer.func6 [logger:main] GET /api/v1/operations/plugins/terraform-provider-nutanix/1 -> Time Taken: 89.146264ms
2026-06-23 05:04:24.48814Z INFO terraform_plum_v1 378   handler_wrapper.go:24 tfplum/service/management.InitRouter.HandlerWrapper.timer.func6 [logger:main] GET /api/v1/operations/plugins/terraform-provider-nutanix/1 -> Executing Request
2026-06-23 05:04:24.48824Z INFO terraform_plum_v1 378   server_before.go:33 tfplum/middleware.InitLogger                  [cr:86da2d31-d047-4a20-b231-03513cb33d52][logger:main][pr:][rr:86da2d31-d047-4a20-b231-03513cb33d52] logger initialized for RequestID: 86da2d31-d047-4a20-b231-03513cb33d52
2026-06-23 05:04:24.48831Z INFO terraform_plum_v1 378   plugin.go:75 tfplum/repo.DefaultMgr.GetPluginByName               [cr:86da2d31-d047-4a20-b231-03513cb33d52][logger:main][pr:][rr:86da2d31-d047-4a20-b231-03513cb33d52] Get Plugin By Name: terraform-provider-nutanix
2026-06-23 05:04:24.50294Z INFO terraform_plum_v1 378   handler_wrapper.go:27 tfplum/service/management.InitRouter.HandlerWrapper.timer.func6 [logger:main] GET /api/v1/operations/plugins/terraform-provider-nutanix/1 -> Time Taken: 14.751352ms
2026-06-23 05:04:52.13354Z INFO terraform_plum_v1 378   handler_wrapper.go:24 tfplum/service/management.InitRouter.HandlerWrapper.timer.func6 [logger:main] GET /api/v1/operations/plugins/terraform-provider-nutanix/1 -> Executing Request
2026-06-23 05:04:52.21290Z INFO terraform_plum_v1 378   server_before.go:33 tfplum/middleware.InitLogger                  [cr:7e03abf6-b5ff-4fb7-b316-ea63e23efbe5][logger:main][pr:][rr:7e03abf6-b5ff-4fb7-b316-ea63e23efbe5] logger initialized for RequestID: 7e03abf6-b5ff-4fb7-b316-ea63e23efbe5
2026-06-23 05:04:52.21311Z INFO terraform_plum_v1 378   plugin.go:75 tfplum/repo.DefaultMgr.GetPluginByName               [cr:7e03abf6-b5ff-4fb7-b316-ea63e23efbe5][logger:main][pr:][rr:7e03abf6-b5ff-4fb7-b316-ea63e23efbe5] Get Plugin By Name: terraform-provider-nutanix
2026-06-23 05:04:52.30610Z INFO terraform_plum_v1 378   handler_wrapper.go:27 tfplum/service/management.InitRouter.HandlerWrapper.timer.func6 [logger:main] GET /api/v1/operations/plugins/terraform-provider-nutanix/1 -> Time Taken: 172.456647ms
2026-06-23 05:04:54.48275Z INFO terraform_plum_v1 378   handler_wrapper.go:24 tfplum/service/management.InitRouter.HandlerWrapper.timer.func6 [logger:main] GET /api/v1/operations/plugins/terraform-provider-nutanix/1 -> Executing Request
2026-06-23 05:04:54.48286Z INFO terraform_plum_v1 378   server_before.go:33 tfplum/middleware.InitLogger                  [cr:f7018436-8282-4704-9944-db5abf0460c6][logger:main][pr:][rr:f7018436-8282-4704-9944-db5abf0460c6] logger initialized for RequestID: f7018436-8282-4704-9944-db5abf0460c6
2026-06-23 05:04:54.48294Z INFO terraform_plum_v1 378   plugin.go:75 tfplum/repo.DefaultMgr.GetPluginByName               [cr:f7018436-8282-4704-9944-db5abf0460c6][logger:main][pr:][rr:f7018436-8282-4704-9944-db5abf0460c6] Get Plugin By Name: terraform-provider-nutanix
2026-06-23 05:04:54.51468Z INFO terraform_plum_v1 378   handler_wrapper.go:27 tfplum/service/management.InitRouter.HandlerWrapper.timer.func6 [logger:main] GET /api/v1/operations/plugins/terraform-provider-nutanix/1 -> Time Taken: 31.886113ms
2026-06-23 05:05:22.21837Z INFO terraform_plum_v1 378   handler_wrapper.go:24 tfplum/service/management.InitRouter.HandlerWrapper.timer.func6 [logger:main] GET /api/v1/operations/plugins/terraform-provider-nutanix/1 -> Executing Request
2026-06-23 05:05:22.23706Z INFO terraform_plum_v1 378   server_before.go:33 tfplum/middleware.InitLogger                  [cr:3f6cf06b-a6ae-4f3b-946d-a8e21416577d][logger:main][pr:][rr:3f6cf06b-a6ae-4f3b-946d-a8e21416577d] logger initialized for RequestID: 3f6cf06b-a6ae-4f3b-946d-a8e21416577d
2026-06-23 05:05:22.24044Z INFO terraform_plum_v1 378   plugin.go:75 tfplum/repo.DefaultMgr.GetPluginByName               [cr:3f6cf06b-a6ae-4f3b-946d-a8e21416577d][logger:main][pr:][rr:3f6cf06b-a6ae-4f3b-946d-a8e21416577d] Get Plugin By Name: terraform-provider-nutanix
2026-06-23 05:05:22.32037Z INFO terraform_plum_v1 378   handler_wrapper.go:27 tfplum/service/management.InitRouter.HandlerWrapper.timer.func6 [logger:main] GET /api/v1/operations/plugins/terraform-provider-nutanix/1 -> Time Taken: 99.5166ms
2026-06-23 05:05:24.48304Z INFO terraform_plum_v1 378   handler_wrapper.go:24 tfplum/service/management.InitRouter.HandlerWrapper.timer.func6 [logger:main] GET /api/v1/operations/plugins/terraform-provider-nutanix/1 -> Executing Request
2026-06-23 05:05:24.48314Z INFO terraform_plum_v1 378   server_before.go:33 tfplum/middleware.InitLogger                  [cr:473e5e77-6dd3-42e0-b5d7-4abb36dcca22][logger:main][pr:][rr:473e5e77-6dd3-42e0-b5d7-4abb36dcca22] logger initialized for RequestID: 473e5e77-6dd3-42e0-b5d7-4abb36dcca22
2026-06-23 05:05:24.48321Z INFO terraform_plum_v1 378   plugin.go:75 tfplum/repo.DefaultMgr.GetPluginByName               [cr:473e5e77-6dd3-42e0-b5d7-4abb36dcca22][logger:main][pr:][rr:473e5e77-6dd3-42e0-b5d7-4abb36dcca22] Get Plugin By Name: terraform-provider-nutanix
2026-06-23 05:05:24.50261Z INFO terraform_plum_v1 378   handler_wrapper.go:27 tfplum/service/management.InitRouter.HandlerWrapper.timer.func6 [logger:main] GET /api/v1/operations/plugins/terraform-provider-nutanix/1 -> Time Taken: 19.525166ms
2026-06-23 05:05:52.14425Z INFO terraform_plum_v1 378   handler_wrapper.go:24 tfplum/service/management.InitRouter.HandlerWrapper.timer.func6 [logger:main] GET /api/v1/operations/plugins/terraform-provider-nutanix/1 -> Executing Request
2026-06-23 05:05:52.20410Z INFO terraform_plum_v1 378   server_before.go:33 tfplum/middleware.InitLogger                  [cr:e5246106-cdf6-42f2-9af3-9837f7f56d76][logger:main][pr:][rr:e5246106-cdf6-42f2-9af3-9837f7f56d76] logger initialized for RequestID: e5246106-cdf6-42f2-9af3-9837f7f56d76
2026-06-23 05:05:52.20430Z INFO terraform_plum_v1 378   plugin.go:75 tfplum/repo.DefaultMgr.GetPluginByName               [cr:e5246106-cdf6-42f2-9af3-9837f7f56d76][logger:main][pr:][rr:e5246106-cdf6-42f2-9af3-9837f7f56d76] Get Plugin By Name: terraform-provider-nutanix
2026-06-23 05:05:52.30641Z INFO terraform_plum_v1 378   handler_wrapper.go:27 tfplum/service/management.InitRouter.HandlerWrapper.timer.func6 [logger:main] GET /api/v1/operations/plugins/terraform-provider-nutanix/1 -> Time Taken: 158.046828ms
2026-06-23 05:05:54.50286Z INFO terraform_plum_v1 378   handler_wrapper.go:24 tfplum/service/management.InitRouter.HandlerWrapper.timer.func6 [logger:main] GET /api/v1/operations/plugins/terraform-provider-nutanix/1 -> Executing Request
2026-06-23 05:05:54.50294Z INFO terraform_plum_v1 378   server_before.go:33 tfplum/middleware.InitLogger                  [cr:9a11b88f-a06b-47bc-bdc0-1d1cf341289b][logger:main][pr:][rr:9a11b88f-a06b-47bc-bdc0-1d1cf341289b] logger initialized for RequestID: 9a11b88f-a06b-47bc-bdc0-1d1cf341289b
2026-06-23 05:05:54.50300Z INFO terraform_plum_v1 378   plugin.go:75 tfplum/repo.DefaultMgr.GetPluginByName               [cr:9a11b88f-a06b-47bc-bdc0-1d1cf341289b][logger:main][pr:][rr:9a11b88f-a06b-47bc-bdc0-1d1cf341289b] Get Plugin By Name: terraform-provider-nutanix
2026-06-23 05:05:54.50714Z INFO terraform_plum_v1 378   handler_wrapper.go:27 tfplum/service/management.InitRouter.HandlerWrapper.timer.func6 [logger:main] GET /api/v1/operations/plugins/terraform-provider-nutanix/1 -> Time Taken: 4.227894ms
2026-06-23 05:06:22.13036Z INFO terraform_plum_v1 378   handler_wrapper.go:24 tfplum/service/management.InitRouter.HandlerWrapper.timer.func6 [logger:main] GET /api/v1/operations/plugins/terraform-provider-nutanix/1 -> Executing Request
2026-06-23 05:06:22.14206Z INFO terraform_plum_v1 378   server_before.go:33 tfplum/middleware.InitLogger                  [cr:18977702-222a-4ff4-b82d-b53537b7f411][logger:main][pr:][rr:18977702-222a-4ff4-b82d-b53537b7f411] logger initialized for RequestID: 18977702-222a-4ff4-b82d-b53537b7f411
2026-06-23 05:06:22.14568Z INFO terraform_plum_v1 378   plugin.go:75 tfplum/repo.DefaultMgr.GetPluginByName               [cr:18977702-222a-4ff4-b82d-b53537b7f411][logger:main][pr:][rr:18977702-222a-4ff4-b82d-b53537b7f411] Get Plugin By Name: terraform-provider-nutanix
2026-06-23 05:06:22.23372Z INFO terraform_plum_v1 378   handler_wrapper.go:27 tfplum/service/management.InitRouter.HandlerWrapper.timer.func6 [logger:main] GET /api/v1/operations/plugins/terraform-provider-nutanix/1 -> Time Taken: 98.377909ms
2026-06-23 05:06:24.48390Z INFO terraform_plum_v1 378   handler_wrapper.go:24 tfplum/service/management.InitRouter.HandlerWrapper.timer.func6 [logger:main] GET /api/v1/operations/plugins/terraform-provider-nutanix/1 -> Executing Request
2026-06-23 05:06:24.48403Z INFO terraform_plum_v1 378   server_before.go:33 tfplum/middleware.InitLogger                  [cr:ba683976-6490-4905-acc0-9aac785ac3cc][logger:main][pr:][rr:ba683976-6490-4905-acc0-9aac785ac3cc] logger initialized for RequestID: ba683976-6490-4905-acc0-9aac785ac3cc
2026-06-23 05:06:24.48411Z INFO terraform_plum_v1 378   plugin.go:75 tfplum/repo.DefaultMgr.GetPluginByName               [cr:ba683976-6490-4905-acc0-9aac785ac3cc][logger:main][pr:][rr:ba683976-6490-4905-acc0-9aac785ac3cc] Get Plugin By Name: terraform-provider-nutanix
2026-06-23 05:06:24.50895Z INFO terraform_plum_v1 378   handler_wrapper.go:27 tfplum/service/management.InitRouter.HandlerWrapper.timer.func6 [logger:main] GET /api/v1/operations/plugins/terraform-provider-nutanix/1 -> Time Taken: 24.976985ms
2026-06-23 05:06:52.13888Z INFO terraform_plum_v1 378   handler_wrapper.go:24 tfplum/service/management.InitRouter.HandlerWrapper.timer.func6 [logger:main] GET /api/v1/operations/plugins/terraform-provider-nutanix/1 -> Executing Request
2026-06-23 05:06:52.17957Z INFO terraform_plum_v1 378   server_before.go:33 tfplum/middleware.InitLogger                  [cr:a363f2a5-5411-4c5d-8a3f-6f2b4b86e52f][logger:main][pr:][rr:a363f2a5-5411-4c5d-8a3f-6f2b4b86e52f] logger initialized for RequestID: a363f2a5-5411-4c5d-8a3f-6f2b4b86e52f
2026-06-23 05:06:52.17973Z INFO terraform_plum_v1 378   plugin.go:75 tfplum/repo.DefaultMgr.GetPluginByName               [cr:a363f2a5-5411-4c5d-8a3f-6f2b4b86e52f][logger:main][pr:][rr:a363f2a5-5411-4c5d-8a3f-6f2b4b86e52f] Get Plugin By Name: terraform-provider-nutanix
2026-06-23 05:06:52.21319Z INFO terraform_plum_v1 378   handler_wrapper.go:27 tfplum/service/management.InitRouter.HandlerWrapper.timer.func6 [logger:main] GET /api/v1/operations/plugins/terraform-provider-nutanix/1 -> Time Taken: 63.991481ms
2026-06-23 05:06:54.48753Z INFO terraform_plum_v1 378   handler_wrapper.go:24 tfplum/service/management.InitRouter.HandlerWrapper.timer.func6 [logger:main] GET /api/v1/operations/plugins/terraform-provider-nutanix/1 -> Executing Request
2026-06-23 05:06:54.48765Z INFO terraform_plum_v1 378   server_before.go:33 tfplum/middleware.InitLogger                  [cr:7239ca70-8bd0-49bb-9305-6377a94305ad][logger:main][pr:][rr:7239ca70-8bd0-49bb-9305-6377a94305ad] logger initialized for RequestID: 7239ca70-8bd0-49bb-9305-6377a94305ad
2026-06-23 05:06:54.48773Z INFO terraform_plum_v1 378   plugin.go:75 tfplum/repo.DefaultMgr.GetPluginByName               [cr:7239ca70-8bd0-49bb-9305-6377a94305ad][logger:main][pr:][rr:7239ca70-8bd0-49bb-9305-6377a94305ad] Get Plugin By Name: terraform-provider-nutanix
2026-06-23 05:06:54.49222Z INFO terraform_plum_v1 378   handler_wrapper.go:27 tfplum/service/management.InitRouter.HandlerWrapper.timer.func6 [logger:main] GET /api/v1/operations/plugins/terraform-provider-nutanix/1 -> Time Taken: 4.62545ms
2026-06-23 05:07:22.14624Z INFO terraform_plum_v1 378   handler_wrapper.go:24 tfplum/service/management.InitRouter.HandlerWrapper.timer.func6 [logger:main] GET /api/v1/operations/plugins/terraform-provider-nutanix/1 -> Executing Request
2026-06-23 05:07:22.22441Z INFO terraform_plum_v1 378   server_before.go:33 tfplum/middleware.InitLogger                  [cr:61019d70-4eeb-4e1f-9bd3-344208d12096][logger:main][pr:][rr:61019d70-4eeb-4e1f-9bd3-344208d12096] logger initialized for RequestID: 61019d70-4eeb-4e1f-9bd3-344208d12096
2026-06-23 05:07:22.22463Z INFO terraform_plum_v1 378   plugin.go:75 tfplum/repo.DefaultMgr.GetPluginByName               [cr:61019d70-4eeb-4e1f-9bd3-344208d12096][logger:main][pr:][rr:61019d70-4eeb-4e1f-9bd3-344208d12096] Get Plugin By Name: terraform-provider-nutanix
2026-06-23 05:07:22.31527Z INFO terraform_plum_v1 378   handler_wrapper.go:27 tfplum/service/management.InitRouter.HandlerWrapper.timer.func6 [logger:main] GET /api/v1/operations/plugins/terraform-provider-nutanix/1 -> Time Taken: 168.903313ms
2026-06-23 05:07:24.48214Z INFO terraform_plum_v1 378   handler_wrapper.go:24 tfplum/service/management.InitRouter.HandlerWrapper.timer.func6 [logger:main] GET /api/v1/operations/plugins/terraform-provider-nutanix/1 -> Executing Request
2026-06-23 05:07:24.48226Z INFO terraform_plum_v1 378   server_before.go:33 tfplum/middleware.InitLogger                  [cr:8379f442-43a3-4c35-be0f-090df29ad41b][logger:main][pr:][rr:8379f442-43a3-4c35-be0f-090df29ad41b] logger initialized for RequestID: 8379f442-43a3-4c35-be0f-090df29ad41b
2026-06-23 05:07:24.48233Z INFO terraform_plum_v1 378   plugin.go:75 tfplum/repo.DefaultMgr.GetPluginByName               [cr:8379f442-43a3-4c35-be0f-090df29ad41b][logger:main][pr:][rr:8379f442-43a3-4c35-be0f-090df29ad41b] Get Plugin By Name: terraform-provider-nutanix
2026-06-23 05:07:24.50656Z INFO terraform_plum_v1 378   handler_wrapper.go:27 tfplum/service/management.InitRouter.HandlerWrapper.timer.func6 [logger:main] GET /api/v1/operations/plugins/terraform-provider-nutanix/1 -> Time Taken: 24.37136ms
2026-06-23 05:07:52.50204Z INFO terraform_plum_v1 378   handler_wrapper.go:24 tfplum/service/management.InitRouter.HandlerWrapper.timer.func6 [logger:main] GET /api/v1/operations/plugins/terraform-provider-nutanix/1 -> Executing Request
2026-06-23 05:07:52.50232Z INFO terraform_plum_v1 378   server_before.go:33 tfplum/middleware.InitLogger                  [cr:2c35090b-e6ae-43d2-a48c-ceb9b28c55dd][logger:main][pr:][rr:2c35090b-e6ae-43d2-a48c-ceb9b28c55dd] logger initialized for RequestID: 2c35090b-e6ae-43d2-a48c-ceb9b28c55dd
2026-06-23 05:07:52.50247Z INFO terraform_plum_v1 378   plugin.go:75 tfplum/repo.DefaultMgr.GetPluginByName               [cr:2c35090b-e6ae-43d2-a48c-ceb9b28c55dd][logger:main][pr:][rr:2c35090b-e6ae-43d2-a48c-ceb9b28c55dd] Get Plugin By Name: terraform-provider-nutanix
2026-06-23 05:07:52.60749Z INFO terraform_plum_v1 378   handler_wrapper.go:27 tfplum/service/management.InitRouter.HandlerWrapper.timer.func6 [logger:main] GET /api/v1/operations/plugins/terraform-provider-nutanix/1 -> Time Taken: 105.256184ms
2026-06-23 05:07:54.50636Z INFO terraform_plum_v1 378   handler_wrapper.go:24 tfplum/service/management.InitRouter.HandlerWrapper.timer.func6 [logger:main] GET /api/v1/operations/plugins/terraform-provider-nutanix/1 -> Executing Request
2026-06-23 05:07:54.50649Z INFO terraform_plum_v1 378   server_before.go:33 tfplum/middleware.InitLogger                  [cr:684b983d-5d11-49e6-8039-b4bf3606799b][logger:main][pr:][rr:684b983d-5d11-49e6-8039-b4bf3606799b] logger initialized for RequestID: 684b983d-5d11-49e6-8039-b4bf3606799b
2026-06-23 05:07:54.50656Z INFO terraform_plum_v1 378   plugin.go:75 tfplum/repo.DefaultMgr.GetPluginByName               [cr:684b983d-5d11-49e6-8039-b4bf3606799b][logger:main][pr:][rr:684b983d-5d11-49e6-8039-b4bf3606799b] Get Plugin By Name: terraform-provider-nutanix
2026-06-23 05:07:54.51056Z INFO terraform_plum_v1 378   handler_wrapper.go:27 tfplum/service/management.InitRouter.HandlerWrapper.timer.func6 [logger:main] GET /api/v1/operations/plugins/terraform-provider-nutanix/1 -> Time Taken: 4.130724ms
2026-06-23 05:08:22.60231Z INFO terraform_plum_v1 378   handler_wrapper.go:24 tfplum/service/management.InitRouter.HandlerWrapper.timer.func6 [logger:main] GET /api/v1/operations/plugins/terraform-provider-nutanix/1 -> Executing Request
2026-06-23 05:08:22.60247Z INFO terraform_plum_v1 378   server_before.go:33 tfplum/middleware.InitLogger                  [cr:45f46127-3f21-4394-8232-af344143e6aa][logger:main][pr:][rr:45f46127-3f21-4394-8232-af344143e6aa] logger initialized for RequestID: 45f46127-3f21-4394-8232-af344143e6aa
2026-06-23 05:08:22.60259Z INFO terraform_plum_v1 378   plugin.go:75 tfplum/repo.DefaultMgr.GetPluginByName               [cr:45f46127-3f21-4394-8232-af344143e6aa][logger:main][pr:][rr:45f46127-3f21-4394-8232-af344143e6aa] Get Plugin By Name: terraform-provider-nutanix
2026-06-23 05:08:22.60744Z INFO terraform_plum_v1 378   handler_wrapper.go:27 tfplum/service/management.InitRouter.HandlerWrapper.timer.func6 [logger:main] GET /api/v1/operations/plugins/terraform-provider-nutanix/1 -> Time Taken: 5.015416ms
2026-06-23 05:08:24.47745Z INFO terraform_plum_v1 378   handler_wrapper.go:24 tfplum/service/management.InitRouter.HandlerWrapper.timer.func6 [logger:main] GET /api/v1/operations/plugins/terraform-provider-nutanix/1 -> Executing Request
2026-06-23 05:08:24.47760Z INFO terraform_plum_v1 378   server_before.go:33 tfplum/middleware.InitLogger                  [cr:2d41dca7-eebb-4236-b7a5-121d4e407b59][logger:main][pr:][rr:2d41dca7-eebb-4236-b7a5-121d4e407b59] logger initialized for RequestID: 2d41dca7-eebb-4236-b7a5-121d4e407b59
2026-06-23 05:08:24.47768Z INFO terraform_plum_v1 378   plugin.go:75 tfplum/repo.DefaultMgr.GetPluginByName               [cr:2d41dca7-eebb-4236-b7a5-121d4e407b59][logger:main][pr:][rr:2d41dca7-eebb-4236-b7a5-121d4e407b59] Get Plugin By Name: terraform-provider-nutanix
2026-06-23 05:08:24.48403Z INFO terraform_plum_v1 378   handler_wrapper.go:27 tfplum/service/management.InitRouter.HandlerWrapper.timer.func6 [logger:main] GET /api/v1/operations/plugins/terraform-provider-nutanix/1 -> Time Taken: 6.50884ms
2026-06-23 05:08:52.20797Z INFO terraform_plum_v1 378   handler_wrapper.go:24 tfplum/service/management.InitRouter.HandlerWrapper.timer.func6 [logger:main] GET /api/v1/operations/plugins/terraform-provider-nutanix/1 -> Executing Request
2026-06-23 05:08:52.22007Z INFO terraform_plum_v1 378   server_before.go:33 tfplum/middleware.InitLogger                  [cr:949d841d-1524-4cf5-a631-7bb5698beada][logger:main][pr:][rr:949d841d-1524-4cf5-a631-7bb5698beada] logger initialized for RequestID: 949d841d-1524-4cf5-a631-7bb5698beada
2026-06-23 05:08:52.22022Z INFO terraform_plum_v1 378   plugin.go:75 tfplum/repo.DefaultMgr.GetPluginByName               [cr:949d841d-1524-4cf5-a631-7bb5698beada][logger:main][pr:][rr:949d841d-1524-4cf5-a631-7bb5698beada] Get Plugin By Name: terraform-provider-nutanix
2026-06-23 05:08:52.31479Z INFO terraform_plum_v1 378   handler_wrapper.go:27 tfplum/service/management.InitRouter.HandlerWrapper.timer.func6 [logger:main] GET /api/v1/operations/plugins/terraform-provider-nutanix/1 -> Time Taken: 105.896595ms
2026-06-23 05:08:54.50877Z INFO terraform_plum_v1 378   handler_wrapper.go:24 tfplum/service/management.InitRouter.HandlerWrapper.timer.func6 [logger:main] GET /api/v1/operations/plugins/terraform-provider-nutanix/1 -> Executing Request
2026-06-23 05:08:54.50890Z INFO terraform_plum_v1 378   server_before.go:33 tfplum/middleware.InitLogger                  [cr:a7f57fd6-1531-4213-b759-7cd4f96331d3][logger:main][pr:][rr:a7f57fd6-1531-4213-b759-7cd4f96331d3] logger initialized for RequestID: a7f57fd6-1531-4213-b759-7cd4f96331d3
2026-06-23 05:08:54.50897Z INFO terraform_plum_v1 378   plugin.go:75 tfplum/repo.DefaultMgr.GetPluginByName               [cr:a7f57fd6-1531-4213-b759-7cd4f96331d3][logger:main][pr:][rr:a7f57fd6-1531-4213-b759-7cd4f96331d3] Get Plugin By Name: terraform-provider-nutanix
2026-06-23 05:08:54.52934Z INFO terraform_plum_v1 378   handler_wrapper.go:27 tfplum/service/management.InitRouter.HandlerWrapper.timer.func6 [logger:main] GET /api/v1/operations/plugins/terraform-provider-nutanix/1 -> Time Taken: 20.491432ms
2026-06-23 05:09:22.35025Z INFO terraform_plum_v1 378   handler_wrapper.go:24 tfplum/service/management.InitRouter.HandlerWrapper.timer.func6 [logger:main] GET /api/v1/operations/plugins/terraform-provider-nutanix/1 -> Executing Request
2026-06-23 05:09:22.35038Z INFO terraform_plum_v1 378   server_before.go:33 tfplum/middleware.InitLogger                  [cr:de5379e3-073e-4ab7-b129-964a842f5a2f][logger:main][pr:][rr:de5379e3-073e-4ab7-b129-964a842f5a2f] logger initialized for RequestID: de5379e3-073e-4ab7-b129-964a842f5a2f
2026-06-23 05:09:22.35051Z INFO terraform_plum_v1 378   plugin.go:75 tfplum/repo.DefaultMgr.GetPluginByName               [cr:de5379e3-073e-4ab7-b129-964a842f5a2f][logger:main][pr:][rr:de5379e3-073e-4ab7-b129-964a842f5a2f] Get Plugin By Name: terraform-provider-nutanix
2026-06-23 05:09:22.40573Z INFO terraform_plum_v1 378   handler_wrapper.go:27 tfplum/service/management.InitRouter.HandlerWrapper.timer.func6 [logger:main] GET /api/v1/operations/plugins/terraform-provider-nutanix/1 -> Time Taken: 55.406067ms
2026-06-23 05:09:24.47809Z INFO terraform_plum_v1 378   handler_wrapper.go:24 tfplum/service/management.InitRouter.HandlerWrapper.timer.func6 [logger:main] GET /api/v1/operations/plugins/terraform-provider-nutanix/1 -> Executing Request
2026-06-23 05:09:24.47823Z INFO terraform_plum_v1 378   server_before.go:33 tfplum/middleware.InitLogger                  [cr:b2cf0e93-4fd6-48fc-b5a7-be0bc2e7fd00][logger:main][pr:][rr:b2cf0e93-4fd6-48fc-b5a7-be0bc2e7fd00] logger initialized for RequestID: b2cf0e93-4fd6-48fc-b5a7-be0bc2e7fd00
2026-06-23 05:09:24.47831Z INFO terraform_plum_v1 378   plugin.go:75 tfplum/repo.DefaultMgr.GetPluginByName               [cr:b2cf0e93-4fd6-48fc-b5a7-be0bc2e7fd00][logger:main][pr:][rr:b2cf0e93-4fd6-48fc-b5a7-be0bc2e7fd00] Get Plugin By Name: terraform-provider-nutanix
2026-06-23 05:09:24.48313Z INFO terraform_plum_v1 378   handler_wrapper.go:27 tfplum/service/management.InitRouter.HandlerWrapper.timer.func6 [logger:main] GET /api/v1/operations/plugins/terraform-provider-nutanix/1 -> Time Taken: 4.970873ms
2026-06-23 05:09:52.20562Z INFO terraform_plum_v1 378   handler_wrapper.go:24 tfplum/service/management.InitRouter.HandlerWrapper.timer.func6 [logger:main] GET /api/v1/operations/plugins/terraform-provider-nutanix/1 -> Executing Request
2026-06-23 05:09:52.20574Z INFO terraform_plum_v1 378   server_before.go:33 tfplum/middleware.InitLogger                  [cr:8d2914ae-5712-4610-ba4b-d99fc0be8aa9][logger:main][pr:][rr:8d2914ae-5712-4610-ba4b-d99fc0be8aa9] logger initialized for RequestID: 8d2914ae-5712-4610-ba4b-d99fc0be8aa9
2026-06-23 05:09:52.20587Z INFO terraform_plum_v1 378   plugin.go:75 tfplum/repo.DefaultMgr.GetPluginByName               [cr:8d2914ae-5712-4610-ba4b-d99fc0be8aa9][logger:main][pr:][rr:8d2914ae-5712-4610-ba4b-d99fc0be8aa9] Get Plugin By Name: terraform-provider-nutanix
2026-06-23 05:09:52.22506Z INFO terraform_plum_v1 378   handler_wrapper.go:27 tfplum/service/management.InitRouter.HandlerWrapper.timer.func6 [logger:main] GET /api/v1/operations/plugins/terraform-provider-nutanix/1 -> Time Taken: 19.362402ms
2026-06-23 05:09:54.47810Z INFO terraform_plum_v1 378   handler_wrapper.go:24 tfplum/service/management.InitRouter.HandlerWrapper.timer.func6 [logger:main] GET /api/v1/operations/plugins/terraform-provider-nutanix/1 -> Executing Request
2026-06-23 05:09:54.47820Z INFO terraform_plum_v1 378   server_before.go:33 tfplum/middleware.InitLogger                  [cr:1ed62592-c019-43ac-bc8b-a8206636be03][logger:main][pr:][rr:1ed62592-c019-43ac-bc8b-a8206636be03] logger initialized for RequestID: 1ed62592-c019-43ac-bc8b-a8206636be03
2026-06-23 05:09:54.47826Z INFO terraform_plum_v1 378   plugin.go:75 tfplum/repo.DefaultMgr.GetPluginByName               [cr:1ed62592-c019-43ac-bc8b-a8206636be03][logger:main][pr:][rr:1ed62592-c019-43ac-bc8b-a8206636be03] Get Plugin By Name: terraform-provider-nutanix
2026-06-23 05:09:54.48262Z INFO terraform_plum_v1 378   handler_wrapper.go:27 tfplum/service/management.InitRouter.HandlerWrapper.timer.func6 [logger:main] GET /api/v1/operations/plugins/terraform-provider-nutanix/1 -> Time Taken: 4.454976ms
2026-06-23 05:10:22.14652Z INFO terraform_plum_v1 378   handler_wrapper.go:24 tfplum/service/management.InitRouter.HandlerWrapper.timer.func6 [logger:main] GET /api/v1/operations/plugins/terraform-provider-nutanix/1 -> Executing Request
2026-06-23 05:10:22.22024Z INFO terraform_plum_v1 378   server_before.go:33 tfplum/middleware.InitLogger                  [cr:796f277a-4891-4706-8a56-3c9d52663022][logger:main][pr:][rr:796f277a-4891-4706-8a56-3c9d52663022] logger initialized for RequestID: 796f277a-4891-4706-8a56-3c9d52663022
2026-06-23 05:10:22.22790Z INFO terraform_plum_v1 378   plugin.go:75 tfplum/repo.DefaultMgr.GetPluginByName               [cr:796f277a-4891-4706-8a56-3c9d52663022][logger:main][pr:][rr:796f277a-4891-4706-8a56-3c9d52663022] Get Plugin By Name: terraform-provider-nutanix
2026-06-23 05:10:22.31035Z INFO terraform_plum_v1 378   handler_wrapper.go:27 tfplum/service/management.InitRouter.HandlerWrapper.timer.func6 [logger:main] GET /api/v1/operations/plugins/terraform-provider-nutanix/1 -> Time Taken: 163.722918ms
2026-06-23 05:10:24.47830Z INFO terraform_plum_v1 378   handler_wrapper.go:24 tfplum/service/management.InitRouter.HandlerWrapper.timer.func6 [logger:main] GET /api/v1/operations/plugins/terraform-provider-nutanix/1 -> Executing Request
2026-06-23 05:10:24.47839Z INFO terraform_plum_v1 378   server_before.go:33 tfplum/middleware.InitLogger                  [cr:6fe80c7f-6d1b-4ca5-a5f2-89b013180c08][logger:main][pr:][rr:6fe80c7f-6d1b-4ca5-a5f2-89b013180c08] logger initialized for RequestID: 6fe80c7f-6d1b-4ca5-a5f2-89b013180c08
2026-06-23 05:10:24.47844Z INFO terraform_plum_v1 378   plugin.go:75 tfplum/repo.DefaultMgr.GetPluginByName               [cr:6fe80c7f-6d1b-4ca5-a5f2-89b013180c08][logger:main][pr:][rr:6fe80c7f-6d1b-4ca5-a5f2-89b013180c08] Get Plugin By Name: terraform-provider-nutanix
2026-06-23 05:10:24.48208Z INFO terraform_plum_v1 378   handler_wrapper.go:27 tfplum/service/management.InitRouter.HandlerWrapper.timer.func6 [logger:main] GET /api/v1/operations/plugins/terraform-provider-nutanix/1 -> Time Taken: 3.734989ms
2026-06-23 05:10:52.13730Z INFO terraform_plum_v1 378   handler_wrapper.go:24 tfplum/service/management.InitRouter.HandlerWrapper.timer.func6 [logger:main] GET /api/v1/operations/plugins/terraform-provider-nutanix/1 -> Executing Request
2026-06-23 05:10:52.15098Z INFO terraform_plum_v1 378   server_before.go:33 tfplum/middleware.InitLogger                  [cr:51e770e2-e411-45c7-af40-a9358f3a7310][logger:main][pr:][rr:51e770e2-e411-45c7-af40-a9358f3a7310] logger initialized for RequestID: 51e770e2-e411-45c7-af40-a9358f3a7310
2026-06-23 05:10:52.16734Z INFO terraform_plum_v1 378   plugin.go:75 tfplum/repo.DefaultMgr.GetPluginByName               [cr:51e770e2-e411-45c7-af40-a9358f3a7310][logger:main][pr:][rr:51e770e2-e411-45c7-af40-a9358f3a7310] Get Plugin By Name: terraform-provider-nutanix
2026-06-23 05:10:52.30042Z INFO terraform_plum_v1 378   handler_wrapper.go:27 tfplum/service/management.InitRouter.HandlerWrapper.timer.func6 [logger:main] GET /api/v1/operations/plugins/terraform-provider-nutanix/1 -> Time Taken: 163.03716ms
2026-06-23 05:10:54.48893Z INFO terraform_plum_v1 378   handler_wrapper.go:24 tfplum/service/management.InitRouter.HandlerWrapper.timer.func6 [logger:main] GET /api/v1/operations/plugins/terraform-provider-nutanix/1 -> Executing Request
2026-06-23 05:10:54.48906Z INFO terraform_plum_v1 378   server_before.go:33 tfplum/middleware.InitLogger                  [cr:94dcf64e-5c70-4e27-a84d-c57909d4b4c8][logger:main][pr:][rr:94dcf64e-5c70-4e27-a84d-c57909d4b4c8] logger initialized for RequestID: 94dcf64e-5c70-4e27-a84d-c57909d4b4c8
2026-06-23 05:10:54.48911Z INFO terraform_plum_v1 378   plugin.go:75 tfplum/repo.DefaultMgr.GetPluginByName               [cr:94dcf64e-5c70-4e27-a84d-c57909d4b4c8][logger:main][pr:][rr:94dcf64e-5c70-4e27-a84d-c57909d4b4c8] Get Plugin By Name: terraform-provider-nutanix
2026-06-23 05:10:54.50404Z INFO terraform_plum_v1 378   handler_wrapper.go:27 tfplum/service/management.InitRouter.HandlerWrapper.timer.func6 [logger:main] GET /api/v1/operations/plugins/terraform-provider-nutanix/1 -> Time Taken: 15.034716ms
2026-06-23 05:11:22.05163Z INFO terraform_plum_v1 378   handler_wrapper.go:24 tfplum/service/management.InitRouter.HandlerWrapper.timer.func6 [logger:main] GET /api/v1/operations/plugins/terraform-provider-nutanix/1 -> Executing Request
2026-06-23 05:11:22.10354Z INFO terraform_plum_v1 378   server_before.go:33 tfplum/middleware.InitLogger                  [cr:c39b0545-ddaa-46a9-b480-297a3da63d74][logger:main][pr:][rr:c39b0545-ddaa-46a9-b480-297a3da63d74] logger initialized for RequestID: c39b0545-ddaa-46a9-b480-297a3da63d74
2026-06-23 05:11:22.10894Z INFO terraform_plum_v1 378   plugin.go:75 tfplum/repo.DefaultMgr.GetPluginByName               [cr:c39b0545-ddaa-46a9-b480-297a3da63d74][logger:main][pr:][rr:c39b0545-ddaa-46a9-b480-297a3da63d74] Get Plugin By Name: terraform-provider-nutanix
2026-06-23 05:11:22.22397Z INFO terraform_plum_v1 378   handler_wrapper.go:27 tfplum/service/management.InitRouter.HandlerWrapper.timer.func6 [logger:main] GET /api/v1/operations/plugins/terraform-provider-nutanix/1 -> Time Taken: 172.233413ms
2026-06-23 05:11:24.47926Z INFO terraform_plum_v1 378   handler_wrapper.go:24 tfplum/service/management.InitRouter.HandlerWrapper.timer.func6 [logger:main] GET /api/v1/operations/plugins/terraform-provider-nutanix/1 -> Executing Request
2026-06-23 05:11:24.47938Z INFO terraform_plum_v1 378   server_before.go:33 tfplum/middleware.InitLogger                  [cr:d4ef152e-e954-447c-a928-b7fbc92b7645][logger:main][pr:][rr:d4ef152e-e954-447c-a928-b7fbc92b7645] logger initialized for RequestID: d4ef152e-e954-447c-a928-b7fbc92b7645
2026-06-23 05:11:24.47946Z INFO terraform_plum_v1 378   plugin.go:75 tfplum/repo.DefaultMgr.GetPluginByName               [cr:d4ef152e-e954-447c-a928-b7fbc92b7645][logger:main][pr:][rr:d4ef152e-e954-447c-a928-b7fbc92b7645] Get Plugin By Name: terraform-provider-nutanix
2026-06-23 05:11:24.48393Z INFO terraform_plum_v1 378   handler_wrapper.go:27 tfplum/service/management.InitRouter.HandlerWrapper.timer.func6 [logger:main] GET /api/v1/operations/plugins/terraform-provider-nutanix/1 -> Time Taken: 4.61087ms
2026-06-23 05:11:52.11793Z INFO terraform_plum_v1 378   handler_wrapper.go:24 tfplum/service/management.InitRouter.HandlerWrapper.timer.func6 [logger:main] GET /api/v1/operations/plugins/terraform-provider-nutanix/1 -> Executing Request
2026-06-23 05:11:52.12707Z INFO terraform_plum_v1 378   server_before.go:33 tfplum/middleware.InitLogger                  [cr:f364b30c-4255-47cc-824c-f7f99721da8a][logger:main][pr:][rr:f364b30c-4255-47cc-824c-f7f99721da8a] logger initialized for RequestID: f364b30c-4255-47cc-824c-f7f99721da8a
2026-06-23 05:11:52.12727Z INFO terraform_plum_v1 378   plugin.go:75 tfplum/repo.DefaultMgr.GetPluginByName               [cr:f364b30c-4255-47cc-824c-f7f99721da8a][logger:main][pr:][rr:f364b30c-4255-47cc-824c-f7f99721da8a] Get Plugin By Name: terraform-provider-nutanix
2026-06-23 05:11:52.33166Z INFO terraform_plum_v1 378   handler_wrapper.go:27 tfplum/service/management.InitRouter.HandlerWrapper.timer.func6 [logger:main] GET /api/v1/operations/plugins/terraform-provider-nutanix/1 -> Time Taken: 212.062341ms
2026-06-23 05:11:54.48227Z INFO terraform_plum_v1 378   handler_wrapper.go:24 tfplum/service/management.InitRouter.HandlerWrapper.timer.func6 [logger:main] GET /api/v1/operations/plugins/terraform-provider-nutanix/1 -> Executing Request
2026-06-23 05:11:54.48235Z INFO terraform_plum_v1 378   server_before.go:33 tfplum/middleware.InitLogger                  [cr:72f9a0d8-a285-45ef-a758-cb4e6e496ae2][logger:main][pr:][rr:72f9a0d8-a285-45ef-a758-cb4e6e496ae2] logger initialized for RequestID: 72f9a0d8-a285-45ef-a758-cb4e6e496ae2
2026-06-23 05:11:54.48240Z INFO terraform_plum_v1 378   plugin.go:75 tfplum/repo.DefaultMgr.GetPluginByName               [cr:72f9a0d8-a285-45ef-a758-cb4e6e496ae2][logger:main][pr:][rr:72f9a0d8-a285-45ef-a758-cb4e6e496ae2] Get Plugin By Name: terraform-provider-nutanix
2026-06-23 05:11:54.50332Z INFO terraform_plum_v1 378   handler_wrapper.go:27 tfplum/service/management.InitRouter.HandlerWrapper.timer.func6 [logger:main] GET /api/v1/operations/plugins/terraform-provider-nutanix/1 -> Time Taken: 21.005336ms
2026-06-23 05:12:22.22603Z INFO terraform_plum_v1 378   handler_wrapper.go:24 tfplum/service/management.InitRouter.HandlerWrapper.timer.func6 [logger:main] GET /api/v1/operations/plugins/terraform-provider-nutanix/1 -> Executing Request
2026-06-23 05:12:22.23458Z INFO terraform_plum_v1 378   server_before.go:33 tfplum/middleware.InitLogger                  [cr:c8094eeb-b809-4898-ac08-bfd0f2b14cb8][logger:main][pr:][rr:c8094eeb-b809-4898-ac08-bfd0f2b14cb8] logger initialized for RequestID: c8094eeb-b809-4898-ac08-bfd0f2b14cb8
2026-06-23 05:12:22.24351Z INFO terraform_plum_v1 378   plugin.go:75 tfplum/repo.DefaultMgr.GetPluginByName               [cr:c8094eeb-b809-4898-ac08-bfd0f2b14cb8][logger:main][pr:][rr:c8094eeb-b809-4898-ac08-bfd0f2b14cb8] Get Plugin By Name: terraform-provider-nutanix
2026-06-23 05:12:22.33292Z INFO terraform_plum_v1 378   handler_wrapper.go:27 tfplum/service/management.InitRouter.HandlerWrapper.timer.func6 [logger:main] GET /api/v1/operations/plugins/terraform-provider-nutanix/1 -> Time Taken: 106.748886ms
2026-06-23 05:12:24.50333Z INFO terraform_plum_v1 378   handler_wrapper.go:24 tfplum/service/management.InitRouter.HandlerWrapper.timer.func6 [logger:main] GET /api/v1/operations/plugins/terraform-provider-nutanix/1 -> Executing Request
2026-06-23 05:12:24.50343Z INFO terraform_plum_v1 378   server_before.go:33 tfplum/middleware.InitLogger                  [cr:3e29f883-5370-42e9-8f59-cf3ae7a03615][logger:main][pr:][rr:3e29f883-5370-42e9-8f59-cf3ae7a03615] logger initialized for RequestID: 3e29f883-5370-42e9-8f59-cf3ae7a03615
2026-06-23 05:12:24.50350Z INFO terraform_plum_v1 378   plugin.go:75 tfplum/repo.DefaultMgr.GetPluginByName               [cr:3e29f883-5370-42e9-8f59-cf3ae7a03615][logger:main][pr:][rr:3e29f883-5370-42e9-8f59-cf3ae7a03615] Get Plugin By Name: terraform-provider-nutanix
2026-06-23 05:12:24.50757Z INFO terraform_plum_v1 378   handler_wrapper.go:27 tfplum/service/management.InitRouter.HandlerWrapper.timer.func6 [logger:main] GET /api/v1/operations/plugins/terraform-provider-nutanix/1 -> Time Taken: 4.191883ms
2026-06-23 05:12:52.60502Z INFO terraform_plum_v1 378   handler_wrapper.go:24 tfplum/service/management.InitRouter.HandlerWrapper.timer.func6 [logger:main] GET /api/v1/operations/plugins/terraform-provider-nutanix/1 -> Executing Request
2026-06-23 05:12:52.60518Z INFO terraform_plum_v1 378   server_before.go:33 tfplum/middleware.InitLogger                  [cr:a8ea3e66-3e0f-4499-bc6c-f32a9a6b6116][logger:main][pr:][rr:a8ea3e66-3e0f-4499-bc6c-f32a9a6b6116] logger initialized for RequestID: a8ea3e66-3e0f-4499-bc6c-f32a9a6b6116
2026-06-23 05:12:52.60530Z INFO terraform_plum_v1 378   plugin.go:75 tfplum/repo.DefaultMgr.GetPluginByName               [cr:a8ea3e66-3e0f-4499-bc6c-f32a9a6b6116][logger:main][pr:][rr:a8ea3e66-3e0f-4499-bc6c-f32a9a6b6116] Get Plugin By Name: terraform-provider-nutanix
2026-06-23 05:12:52.61117Z INFO terraform_plum_v1 378   handler_wrapper.go:27 tfplum/service/management.InitRouter.HandlerWrapper.timer.func6 [logger:main] GET /api/v1/operations/plugins/terraform-provider-nutanix/1 -> Time Taken: 6.038773ms
2026-06-23 05:12:54.48386Z INFO terraform_plum_v1 378   handler_wrapper.go:24 tfplum/service/management.InitRouter.HandlerWrapper.timer.func6 [logger:main] GET /api/v1/operations/plugins/terraform-provider-nutanix/1 -> Executing Request
2026-06-23 05:12:54.48396Z INFO terraform_plum_v1 378   server_before.go:33 tfplum/middleware.InitLogger                  [cr:2389f2cb-2efa-4a78-8fbc-09caf53d9428][logger:main][pr:][rr:2389f2cb-2efa-4a78-8fbc-09caf53d9428] logger initialized for RequestID: 2389f2cb-2efa-4a78-8fbc-09caf53d9428
2026-06-23 05:12:54.48403Z INFO terraform_plum_v1 378   plugin.go:75 tfplum/repo.DefaultMgr.GetPluginByName               [cr:2389f2cb-2efa-4a78-8fbc-09caf53d9428][logger:main][pr:][rr:2389f2cb-2efa-4a78-8fbc-09caf53d9428] Get Plugin By Name: terraform-provider-nutanix
2026-06-23 05:12:54.50572Z INFO terraform_plum_v1 378   handler_wrapper.go:27 tfplum/service/management.InitRouter.HandlerWrapper.timer.func6 [logger:main] GET /api/v1/operations/plugins/terraform-provider-nutanix/1 -> Time Taken: 21.801899ms
2026-06-23 05:13:22.32656Z INFO terraform_plum_v1 378   handler_wrapper.go:24 tfplum/service/management.InitRouter.HandlerWrapper.timer.func6 [logger:main] GET /api/v1/operations/plugins/terraform-provider-nutanix/1 -> Executing Request
2026-06-23 05:13:22.32667Z INFO terraform_plum_v1 378   server_before.go:33 tfplum/middleware.InitLogger                  [cr:40140d35-5871-4609-a097-30fba4683cd6][logger:main][pr:][rr:40140d35-5871-4609-a097-30fba4683cd6] logger initialized for RequestID: 40140d35-5871-4609-a097-30fba4683cd6
2026-06-23 05:13:22.32675Z INFO terraform_plum_v1 378   plugin.go:75 tfplum/repo.DefaultMgr.GetPluginByName               [cr:40140d35-5871-4609-a097-30fba4683cd6][logger:main][pr:][rr:40140d35-5871-4609-a097-30fba4683cd6] Get Plugin By Name: terraform-provider-nutanix
2026-06-23 05:13:22.33061Z INFO terraform_plum_v1 378   handler_wrapper.go:27 tfplum/service/management.InitRouter.HandlerWrapper.timer.func6 [logger:main] GET /api/v1/operations/plugins/terraform-provider-nutanix/1 -> Time Taken: 3.988134ms
2026-06-23 05:13:24.50457Z INFO terraform_plum_v1 378   handler_wrapper.go:24 tfplum/service/management.InitRouter.HandlerWrapper.timer.func6 [logger:main] GET /api/v1/operations/plugins/terraform-provider-nutanix/1 -> Executing Request
2026-06-23 05:13:24.50467Z INFO terraform_plum_v1 378   server_before.go:33 tfplum/middleware.InitLogger                  [cr:ffdab8e9-31a4-4f82-8b1c-94516018d82f][logger:main][pr:][rr:ffdab8e9-31a4-4f82-8b1c-94516018d82f] logger initialized for RequestID: ffdab8e9-31a4-4f82-8b1c-94516018d82f
2026-06-23 05:13:24.50473Z INFO terraform_plum_v1 378   plugin.go:75 tfplum/repo.DefaultMgr.GetPluginByName               [cr:ffdab8e9-31a4-4f82-8b1c-94516018d82f][logger:main][pr:][rr:ffdab8e9-31a4-4f82-8b1c-94516018d82f] Get Plugin By Name: terraform-provider-nutanix
2026-06-23 05:13:24.62423Z INFO terraform_plum_v1 378   handler_wrapper.go:27 tfplum/service/management.InitRouter.HandlerWrapper.timer.func6 [logger:main] GET /api/v1/operations/plugins/terraform-provider-nutanix/1 -> Time Taken: 119.595431ms
2026-06-23 05:13:52.02661Z INFO terraform_plum_v1 378   handler_wrapper.go:24 tfplum/service/management.InitRouter.HandlerWrapper.timer.func6 [logger:main] GET /api/v1/operations/plugins/terraform-provider-nutanix/1 -> Executing Request
2026-06-23 05:13:52.11984Z INFO terraform_plum_v1 378   server_before.go:33 tfplum/middleware.InitLogger                  [cr:7d657173-d026-45a3-8b1d-2d2b79710717][logger:main][pr:][rr:7d657173-d026-45a3-8b1d-2d2b79710717] logger initialized for RequestID: 7d657173-d026-45a3-8b1d-2d2b79710717
2026-06-23 05:13:52.14195Z INFO terraform_plum_v1 378   plugin.go:75 tfplum/repo.DefaultMgr.GetPluginByName               [cr:7d657173-d026-45a3-8b1d-2d2b79710717][logger:main][pr:][rr:7d657173-d026-45a3-8b1d-2d2b79710717] Get Plugin By Name: terraform-provider-nutanix
2026-06-23 05:13:52.30317Z INFO terraform_plum_v1 378   handler_wrapper.go:27 tfplum/service/management.InitRouter.HandlerWrapper.timer.func6 [logger:main] GET /api/v1/operations/plugins/terraform-provider-nutanix/1 -> Time Taken: 198.928933ms
2026-06-23 05:13:54.48314Z INFO terraform_plum_v1 378   handler_wrapper.go:24 tfplum/service/management.InitRouter.HandlerWrapper.timer.func6 [logger:main] GET /api/v1/operations/plugins/terraform-provider-nutanix/1 -> Executing Request
2026-06-23 05:13:54.48322Z INFO terraform_plum_v1 378   server_before.go:33 tfplum/middleware.InitLogger                  [cr:d7ee968f-0e21-4bbe-9ee2-ac38baf2a507][logger:main][pr:][rr:d7ee968f-0e21-4bbe-9ee2-ac38baf2a507] logger initialized for RequestID: d7ee968f-0e21-4bbe-9ee2-ac38baf2a507
2026-06-23 05:13:54.48327Z INFO terraform_plum_v1 378   plugin.go:75 tfplum/repo.DefaultMgr.GetPluginByName               [cr:d7ee968f-0e21-4bbe-9ee2-ac38baf2a507][logger:main][pr:][rr:d7ee968f-0e21-4bbe-9ee2-ac38baf2a507] Get Plugin By Name: terraform-provider-nutanix
2026-06-23 05:13:54.50206Z INFO terraform_plum_v1 378   handler_wrapper.go:27 tfplum/service/management.InitRouter.HandlerWrapper.timer.func6 [logger:main] GET /api/v1/operations/plugins/terraform-provider-nutanix/1 -> Time Taken: 18.88293ms
2026-06-23 05:14:22.15069Z INFO terraform_plum_v1 378   handler_wrapper.go:24 tfplum/service/management.InitRouter.HandlerWrapper.timer.func6 [logger:main] GET /api/v1/operations/plugins/terraform-provider-nutanix/1 -> Executing Request
2026-06-23 05:14:22.23734Z INFO terraform_plum_v1 378   server_before.go:33 tfplum/middleware.InitLogger                  [cr:d5da876b-6abc-4038-96c2-af1e1870a826][logger:main][pr:][rr:d5da876b-6abc-4038-96c2-af1e1870a826] logger initialized for RequestID: d5da876b-6abc-4038-96c2-af1e1870a826
2026-06-23 05:14:22.24990Z INFO terraform_plum_v1 378   plugin.go:75 tfplum/repo.DefaultMgr.GetPluginByName               [cr:d5da876b-6abc-4038-96c2-af1e1870a826][logger:main][pr:][rr:d5da876b-6abc-4038-96c2-af1e1870a826] Get Plugin By Name: terraform-provider-nutanix
2026-06-23 05:14:22.39908Z INFO terraform_plum_v1 378   handler_wrapper.go:27 tfplum/service/management.InitRouter.HandlerWrapper.timer.func6 [logger:main] GET /api/v1/operations/plugins/terraform-provider-nutanix/1 -> Time Taken: 190.582365ms
2026-06-23 05:14:24.48250Z INFO terraform_plum_v1 378   handler_wrapper.go:24 tfplum/service/management.InitRouter.HandlerWrapper.timer.func6 [logger:main] GET /api/v1/operations/plugins/terraform-provider-nutanix/1 -> Executing Request
2026-06-23 05:14:24.48259Z INFO terraform_plum_v1 378   server_before.go:33 tfplum/middleware.InitLogger                  [cr:8dd74748-7fe8-49c4-8d98-dbdfcf94ec72][logger:main][pr:][rr:8dd74748-7fe8-49c4-8d98-dbdfcf94ec72] logger initialized for RequestID: 8dd74748-7fe8-49c4-8d98-dbdfcf94ec72
2026-06-23 05:14:24.48265Z INFO terraform_plum_v1 378   plugin.go:75 tfplum/repo.DefaultMgr.GetPluginByName               [cr:8dd74748-7fe8-49c4-8d98-dbdfcf94ec72][logger:main][pr:][rr:8dd74748-7fe8-49c4-8d98-dbdfcf94ec72] Get Plugin By Name: terraform-provider-nutanix
2026-06-23 05:14:24.50293Z INFO terraform_plum_v1 378   handler_wrapper.go:27 tfplum/service/management.InitRouter.HandlerWrapper.timer.func6 [logger:main] GET /api/v1/operations/plugins/terraform-provider-nutanix/1 -> Time Taken: 20.378249ms
2026-06-23 05:14:52.30687Z INFO terraform_plum_v1 378   handler_wrapper.go:24 tfplum/service/management.InitRouter.HandlerWrapper.timer.func6 [logger:main] GET /api/v1/operations/plugins/terraform-provider-nutanix/1 -> Executing Request
2026-06-23 05:14:52.30703Z INFO terraform_plum_v1 378   server_before.go:33 tfplum/middleware.InitLogger                  [cr:c6f886d0-2f7a-4221-a75b-cc32926bafa5][logger:main][pr:][rr:c6f886d0-2f7a-4221-a75b-cc32926bafa5] logger initialized for RequestID: c6f886d0-2f7a-4221-a75b-cc32926bafa5
2026-06-23 05:14:52.30713Z INFO terraform_plum_v1 378   plugin.go:75 tfplum/repo.DefaultMgr.GetPluginByName               [cr:c6f886d0-2f7a-4221-a75b-cc32926bafa5][logger:main][pr:][rr:c6f886d0-2f7a-4221-a75b-cc32926bafa5] Get Plugin By Name: terraform-provider-nutanix
2026-06-23 05:14:52.31206Z INFO terraform_plum_v1 378   handler_wrapper.go:27 tfplum/service/management.InitRouter.HandlerWrapper.timer.func6 [logger:main] GET /api/v1/operations/plugins/terraform-provider-nutanix/1 -> Time Taken: 5.080366ms
2026-06-23 05:14:54.47738Z INFO terraform_plum_v1 378   handler_wrapper.go:24 tfplum/service/management.InitRouter.HandlerWrapper.timer.func6 [logger:main] GET /api/v1/operations/plugins/terraform-provider-nutanix/1 -> Executing Request
2026-06-23 05:14:54.47747Z INFO terraform_plum_v1 378   server_before.go:33 tfplum/middleware.InitLogger                  [cr:26a5cd7a-7e9b-457a-ac4e-167a33008b3d][logger:main][pr:][rr:26a5cd7a-7e9b-457a-ac4e-167a33008b3d] logger initialized for RequestID: 26a5cd7a-7e9b-457a-ac4e-167a33008b3d
2026-06-23 05:14:54.47755Z INFO terraform_plum_v1 378   plugin.go:75 tfplum/repo.DefaultMgr.GetPluginByName               [cr:26a5cd7a-7e9b-457a-ac4e-167a33008b3d][logger:main][pr:][rr:26a5cd7a-7e9b-457a-ac4e-167a33008b3d] Get Plugin By Name: terraform-provider-nutanix
2026-06-23 05:14:54.48140Z INFO terraform_plum_v1 378   handler_wrapper.go:27 tfplum/service/management.InitRouter.HandlerWrapper.timer.func6 [logger:main] GET /api/v1/operations/plugins/terraform-provider-nutanix/1 -> Time Taken: 3.96574ms
2026-06-23 05:15:22.15534Z INFO terraform_plum_v1 378   handler_wrapper.go:24 tfplum/service/management.InitRouter.HandlerWrapper.timer.func6 [logger:main] GET /api/v1/operations/plugins/terraform-provider-nutanix/1 -> Executing Request
2026-06-23 05:15:22.21339Z INFO terraform_plum_v1 378   server_before.go:33 tfplum/middleware.InitLogger                  [cr:39bef0a9-6cc7-45c7-8391-da025eb1b0f6][logger:main][pr:][rr:39bef0a9-6cc7-45c7-8391-da025eb1b0f6] logger initialized for RequestID: 39bef0a9-6cc7-45c7-8391-da025eb1b0f6
2026-06-23 05:15:22.21358Z INFO terraform_plum_v1 378   plugin.go:75 tfplum/repo.DefaultMgr.GetPluginByName               [cr:39bef0a9-6cc7-45c7-8391-da025eb1b0f6][logger:main][pr:][rr:39bef0a9-6cc7-45c7-8391-da025eb1b0f6] Get Plugin By Name: terraform-provider-nutanix
2026-06-23 05:15:22.30301Z INFO terraform_plum_v1 378   handler_wrapper.go:27 tfplum/service/management.InitRouter.HandlerWrapper.timer.func6 [logger:main] GET /api/v1/operations/plugins/terraform-provider-nutanix/1 -> Time Taken: 147.605448ms
2026-06-23 05:15:24.48669Z INFO terraform_plum_v1 378   handler_wrapper.go:24 tfplum/service/management.InitRouter.HandlerWrapper.timer.func6 [logger:main] GET /api/v1/operations/plugins/terraform-provider-nutanix/1 -> Executing Request
2026-06-23 05:15:24.48676Z INFO terraform_plum_v1 378   server_before.go:33 tfplum/middleware.InitLogger                  [cr:5c15e077-99df-44de-9e85-940833119f2c][logger:main][pr:][rr:5c15e077-99df-44de-9e85-940833119f2c] logger initialized for RequestID: 5c15e077-99df-44de-9e85-940833119f2c
2026-06-23 05:15:24.48684Z INFO terraform_plum_v1 378   plugin.go:75 tfplum/repo.DefaultMgr.GetPluginByName               [cr:5c15e077-99df-44de-9e85-940833119f2c][logger:main][pr:][rr:5c15e077-99df-44de-9e85-940833119f2c] Get Plugin By Name: terraform-provider-nutanix
2026-06-23 05:15:24.50259Z INFO terraform_plum_v1 378   handler_wrapper.go:27 tfplum/service/management.InitRouter.HandlerWrapper.timer.func6 [logger:main] GET /api/v1/operations/plugins/terraform-provider-nutanix/1 -> Time Taken: 15.859331ms
2026-06-23 05:15:52.11940Z INFO terraform_plum_v1 378   handler_wrapper.go:24 tfplum/service/management.InitRouter.HandlerWrapper.timer.func6 [logger:main] GET /api/v1/operations/plugins/terraform-provider-nutanix/1 -> Executing Request
2026-06-23 05:15:52.21443Z INFO terraform_plum_v1 378   server_before.go:33 tfplum/middleware.InitLogger                  [cr:d1e77468-f416-4bd5-9cec-7602fb7eb91a][logger:main][pr:][rr:d1e77468-f416-4bd5-9cec-7602fb7eb91a] logger initialized for RequestID: d1e77468-f416-4bd5-9cec-7602fb7eb91a
2026-06-23 05:15:52.21672Z INFO terraform_plum_v1 378   plugin.go:75 tfplum/repo.DefaultMgr.GetPluginByName               [cr:d1e77468-f416-4bd5-9cec-7602fb7eb91a][logger:main][pr:][rr:d1e77468-f416-4bd5-9cec-7602fb7eb91a] Get Plugin By Name: terraform-provider-nutanix
2026-06-23 05:15:52.32232Z INFO terraform_plum_v1 378   handler_wrapper.go:27 tfplum/service/management.InitRouter.HandlerWrapper.timer.func6 [logger:main] GET /api/v1/operations/plugins/terraform-provider-nutanix/1 -> Time Taken: 195.251485ms
2026-06-23 05:15:54.48649Z INFO terraform_plum_v1 378   handler_wrapper.go:24 tfplum/service/management.InitRouter.HandlerWrapper.timer.func6 [logger:main] GET /api/v1/operations/plugins/terraform-provider-nutanix/1 -> Executing Request
2026-06-23 05:15:54.48662Z INFO terraform_plum_v1 378   server_before.go:33 tfplum/middleware.InitLogger                  [cr:7afbec5b-535f-4f9e-9e27-ec04fa371180][logger:main][pr:][rr:7afbec5b-535f-4f9e-9e27-ec04fa371180] logger initialized for RequestID: 7afbec5b-535f-4f9e-9e27-ec04fa371180
2026-06-23 05:15:54.48669Z INFO terraform_plum_v1 378   plugin.go:75 tfplum/repo.DefaultMgr.GetPluginByName               [cr:7afbec5b-535f-4f9e-9e27-ec04fa371180][logger:main][pr:][rr:7afbec5b-535f-4f9e-9e27-ec04fa371180] Get Plugin By Name: terraform-provider-nutanix
2026-06-23 05:15:54.50594Z INFO terraform_plum_v1 378   handler_wrapper.go:27 tfplum/service/management.InitRouter.HandlerWrapper.timer.func6 [logger:main] GET /api/v1/operations/plugins/terraform-provider-nutanix/1 -> Time Taken: 19.365428ms
2026-06-23 05:16:22.31101Z INFO terraform_plum_v1 378   handler_wrapper.go:24 tfplum/service/management.InitRouter.HandlerWrapper.timer.func6 [logger:main] GET /api/v1/operations/plugins/terraform-provider-nutanix/1 -> Executing Request
2026-06-23 05:16:22.31113Z INFO terraform_plum_v1 378   server_before.go:33 tfplum/middleware.InitLogger                  [cr:eb7e6c54-afdc-4e14-97af-b4e705e04f4e][logger:main][pr:][rr:eb7e6c54-afdc-4e14-97af-b4e705e04f4e] logger initialized for RequestID: eb7e6c54-afdc-4e14-97af-b4e705e04f4e
2026-06-23 05:16:22.31124Z INFO terraform_plum_v1 378   plugin.go:75 tfplum/repo.DefaultMgr.GetPluginByName               [cr:eb7e6c54-afdc-4e14-97af-b4e705e04f4e][logger:main][pr:][rr:eb7e6c54-afdc-4e14-97af-b4e705e04f4e] Get Plugin By Name: terraform-provider-nutanix
2026-06-23 05:16:22.31490Z INFO terraform_plum_v1 378   handler_wrapper.go:27 tfplum/service/management.InitRouter.HandlerWrapper.timer.func6 [logger:main] GET /api/v1/operations/plugins/terraform-provider-nutanix/1 -> Time Taken: 3.804445ms
2026-06-23 05:16:24.47714Z INFO terraform_plum_v1 378   handler_wrapper.go:24 tfplum/service/management.InitRouter.HandlerWrapper.timer.func6 [logger:main] GET /api/v1/operations/plugins/terraform-provider-nutanix/1 -> Executing Request
2026-06-23 05:16:24.47723Z INFO terraform_plum_v1 378   server_before.go:33 tfplum/middleware.InitLogger                  [cr:ebf4c0c6-f4c2-43a0-957d-e2aab568fbab][logger:main][pr:][rr:ebf4c0c6-f4c2-43a0-957d-e2aab568fbab] logger initialized for RequestID: ebf4c0c6-f4c2-43a0-957d-e2aab568fbab
2026-06-23 05:16:24.47729Z INFO terraform_plum_v1 378   plugin.go:75 tfplum/repo.DefaultMgr.GetPluginByName               [cr:ebf4c0c6-f4c2-43a0-957d-e2aab568fbab][logger:main][pr:][rr:ebf4c0c6-f4c2-43a0-957d-e2aab568fbab] Get Plugin By Name: terraform-provider-nutanix
2026-06-23 05:16:24.48075Z INFO terraform_plum_v1 378   handler_wrapper.go:27 tfplum/service/management.InitRouter.HandlerWrapper.timer.func6 [logger:main] GET /api/v1/operations/plugins/terraform-provider-nutanix/1 -> Time Taken: 3.565883ms
2026-06-23 05:16:52.31088Z INFO terraform_plum_v1 378   handler_wrapper.go:24 tfplum/service/management.InitRouter.HandlerWrapper.timer.func6 [logger:main] GET /api/v1/operations/plugins/terraform-provider-nutanix/1 -> Executing Request
2026-06-23 05:16:52.31099Z INFO terraform_plum_v1 378   server_before.go:33 tfplum/middleware.InitLogger                  [cr:00162397-d42a-445d-8e09-4ec21c90d67a][logger:main][pr:][rr:00162397-d42a-445d-8e09-4ec21c90d67a] logger initialized for RequestID: 00162397-d42a-445d-8e09-4ec21c90d67a
2026-06-23 05:16:52.31110Z INFO terraform_plum_v1 378   plugin.go:75 tfplum/repo.DefaultMgr.GetPluginByName               [cr:00162397-d42a-445d-8e09-4ec21c90d67a][logger:main][pr:][rr:00162397-d42a-445d-8e09-4ec21c90d67a] Get Plugin By Name: terraform-provider-nutanix
2026-06-23 05:16:52.32135Z INFO terraform_plum_v1 378   handler_wrapper.go:27 tfplum/service/management.InitRouter.HandlerWrapper.timer.func6 [logger:main] GET /api/v1/operations/plugins/terraform-provider-nutanix/1 -> Time Taken: 10.40035ms
2026-06-23 05:16:54.47676Z INFO terraform_plum_v1 378   handler_wrapper.go:24 tfplum/service/management.InitRouter.HandlerWrapper.timer.func6 [logger:main] GET /api/v1/operations/plugins/terraform-provider-nutanix/1 -> Executing Request
2026-06-23 05:16:54.47686Z INFO terraform_plum_v1 378   server_before.go:33 tfplum/middleware.InitLogger                  [cr:9ae6254d-dbf8-4ae6-afbb-c32491e4c491][logger:main][pr:][rr:9ae6254d-dbf8-4ae6-afbb-c32491e4c491] logger initialized for RequestID: 9ae6254d-dbf8-4ae6-afbb-c32491e4c491
2026-06-23 05:16:54.47693Z INFO terraform_plum_v1 378   plugin.go:75 tfplum/repo.DefaultMgr.GetPluginByName               [cr:9ae6254d-dbf8-4ae6-afbb-c32491e4c491][logger:main][pr:][rr:9ae6254d-dbf8-4ae6-afbb-c32491e4c491] Get Plugin By Name: terraform-provider-nutanix
2026-06-23 05:16:54.48046Z INFO terraform_plum_v1 378   handler_wrapper.go:27 tfplum/service/management.InitRouter.HandlerWrapper.timer.func6 [logger:main] GET /api/v1/operations/plugins/terraform-provider-nutanix/1 -> Time Taken: 3.656606ms
2026-06-23 05:17:22.41873Z INFO terraform_plum_v1 378   handler_wrapper.go:24 tfplum/service/management.InitRouter.HandlerWrapper.timer.func6 [logger:main] GET /api/v1/operations/plugins/terraform-provider-nutanix/1 -> Executing Request
2026-06-23 05:17:22.41894Z INFO terraform_plum_v1 378   server_before.go:33 tfplum/middleware.InitLogger                  [cr:f2d862a1-3aa7-470b-affa-f9b745ba37ee][logger:main][pr:][rr:f2d862a1-3aa7-470b-affa-f9b745ba37ee] logger initialized for RequestID: f2d862a1-3aa7-470b-affa-f9b745ba37ee
2026-06-23 05:17:22.41915Z INFO terraform_plum_v1 378   plugin.go:75 tfplum/repo.DefaultMgr.GetPluginByName               [cr:f2d862a1-3aa7-470b-affa-f9b745ba37ee][logger:main][pr:][rr:f2d862a1-3aa7-470b-affa-f9b745ba37ee] Get Plugin By Name: terraform-provider-nutanix
2026-06-23 05:17:22.50276Z INFO terraform_plum_v1 378   handler_wrapper.go:27 tfplum/service/management.InitRouter.HandlerWrapper.timer.func6 [logger:main] GET /api/v1/operations/plugins/terraform-provider-nutanix/1 -> Time Taken: 83.898931ms
2026-06-23 05:17:24.47715Z INFO terraform_plum_v1 378   handler_wrapper.go:24 tfplum/service/management.InitRouter.HandlerWrapper.timer.func6 [logger:main] GET /api/v1/operations/plugins/terraform-provider-nutanix/1 -> Executing Request
2026-06-23 05:17:24.47732Z INFO terraform_plum_v1 378   server_before.go:33 tfplum/middleware.InitLogger                  [cr:b234f2af-cc2f-4ee6-9115-61076a4be12e][logger:main][pr:][rr:b234f2af-cc2f-4ee6-9115-61076a4be12e] logger initialized for RequestID: b234f2af-cc2f-4ee6-9115-61076a4be12e
2026-06-23 05:17:24.47740Z INFO terraform_plum_v1 378   plugin.go:75 tfplum/repo.DefaultMgr.GetPluginByName               [cr:b234f2af-cc2f-4ee6-9115-61076a4be12e][logger:main][pr:][rr:b234f2af-cc2f-4ee6-9115-61076a4be12e] Get Plugin By Name: terraform-provider-nutanix
2026-06-23 05:17:24.48182Z INFO terraform_plum_v1 378   handler_wrapper.go:27 tfplum/service/management.InitRouter.HandlerWrapper.timer.func6 [logger:main] GET /api/v1/operations/plugins/terraform-provider-nutanix/1 -> Time Taken: 4.57905ms
2026-06-23 05:17:52.50538Z INFO terraform_plum_v1 378   handler_wrapper.go:24 tfplum/service/management.InitRouter.HandlerWrapper.timer.func6 [logger:main] GET /api/v1/operations/plugins/terraform-provider-nutanix/1 -> Executing Request
2026-06-23 05:17:52.51321Z INFO terraform_plum_v1 378   server_before.go:33 tfplum/middleware.InitLogger                  [cr:7da87850-dc81-447f-b3a2-5a7762a36b51][logger:main][pr:][rr:7da87850-dc81-447f-b3a2-5a7762a36b51] logger initialized for RequestID: 7da87850-dc81-447f-b3a2-5a7762a36b51
2026-06-23 05:17:52.60455Z INFO terraform_plum_v1 378   plugin.go:75 tfplum/repo.DefaultMgr.GetPluginByName               [cr:7da87850-dc81-447f-b3a2-5a7762a36b51][logger:main][pr:][rr:7da87850-dc81-447f-b3a2-5a7762a36b51] Get Plugin By Name: terraform-provider-nutanix
2026-06-23 05:17:52.70755Z INFO terraform_plum_v1 378   handler_wrapper.go:27 tfplum/service/management.InitRouter.HandlerWrapper.timer.func6 [logger:main] GET /api/v1/operations/plugins/terraform-provider-nutanix/1 -> Time Taken: 202.09664ms
2026-06-23 05:17:54.50216Z INFO terraform_plum_v1 378   handler_wrapper.go:24 tfplum/service/management.InitRouter.HandlerWrapper.timer.func6 [logger:main] GET /api/v1/operations/plugins/terraform-provider-nutanix/1 -> Executing Request
2026-06-23 05:17:54.50225Z INFO terraform_plum_v1 378   server_before.go:33 tfplum/middleware.InitLogger                  [cr:73008002-a5f5-4f1d-b40c-8c4372513a64][logger:main][pr:][rr:73008002-a5f5-4f1d-b40c-8c4372513a64] logger initialized for RequestID: 73008002-a5f5-4f1d-b40c-8c4372513a64
2026-06-23 05:17:54.50231Z INFO terraform_plum_v1 378   plugin.go:75 tfplum/repo.DefaultMgr.GetPluginByName               [cr:73008002-a5f5-4f1d-b40c-8c4372513a64][logger:main][pr:][rr:73008002-a5f5-4f1d-b40c-8c4372513a64] Get Plugin By Name: terraform-provider-nutanix
2026-06-23 05:17:54.50683Z INFO terraform_plum_v1 378   handler_wrapper.go:27 tfplum/service/management.InitRouter.HandlerWrapper.timer.func6 [logger:main] GET /api/v1/operations/plugins/terraform-provider-nutanix/1 -> Time Taken: 4.602062ms
2026-06-23 05:18:22.72549Z INFO terraform_plum_v1 378   handler_wrapper.go:24 tfplum/service/management.InitRouter.HandlerWrapper.timer.func6 [logger:main] GET /api/v1/operations/plugins/terraform-provider-nutanix/1 -> Executing Request
2026-06-23 05:18:22.72562Z INFO terraform_plum_v1 378   server_before.go:33 tfplum/middleware.InitLogger                  [cr:cf8777f1-c5c2-4ab9-b95c-12867ac695ed][logger:main][pr:][rr:cf8777f1-c5c2-4ab9-b95c-12867ac695ed] logger initialized for RequestID: cf8777f1-c5c2-4ab9-b95c-12867ac695ed
2026-06-23 05:18:22.72573Z INFO terraform_plum_v1 378   plugin.go:75 tfplum/repo.DefaultMgr.GetPluginByName               [cr:cf8777f1-c5c2-4ab9-b95c-12867ac695ed][logger:main][pr:][rr:cf8777f1-c5c2-4ab9-b95c-12867ac695ed] Get Plugin By Name: terraform-provider-nutanix
2026-06-23 05:18:22.82070Z INFO terraform_plum_v1 378   handler_wrapper.go:27 tfplum/service/management.InitRouter.HandlerWrapper.timer.func6 [logger:main] GET /api/v1/operations/plugins/terraform-provider-nutanix/1 -> Time Taken: 95.130546ms
2026-06-23 05:18:24.48303Z INFO terraform_plum_v1 378   handler_wrapper.go:24 tfplum/service/management.InitRouter.HandlerWrapper.timer.func6 [logger:main] GET /api/v1/operations/plugins/terraform-provider-nutanix/1 -> Executing Request
2026-06-23 05:18:24.48315Z INFO terraform_plum_v1 378   server_before.go:33 tfplum/middleware.InitLogger                  [cr:f426c2a9-9c84-4fc5-8d91-21dafd58ebc9][logger:main][pr:][rr:f426c2a9-9c84-4fc5-8d91-21dafd58ebc9] logger initialized for RequestID: f426c2a9-9c84-4fc5-8d91-21dafd58ebc9
2026-06-23 05:18:24.48322Z INFO terraform_plum_v1 378   plugin.go:75 tfplum/repo.DefaultMgr.GetPluginByName               [cr:f426c2a9-9c84-4fc5-8d91-21dafd58ebc9][logger:main][pr:][rr:f426c2a9-9c84-4fc5-8d91-21dafd58ebc9] Get Plugin By Name: terraform-provider-nutanix
2026-06-23 05:18:24.50269Z INFO terraform_plum_v1 378   handler_wrapper.go:27 tfplum/service/management.InitRouter.HandlerWrapper.timer.func6 [logger:main] GET /api/v1/operations/plugins/terraform-provider-nutanix/1 -> Time Taken: 19.593858ms
2026-06-23 05:18:52.13735Z INFO terraform_plum_v1 378   handler_wrapper.go:24 tfplum/service/management.InitRouter.HandlerWrapper.timer.func6 [logger:main] GET /api/v1/operations/plugins/terraform-provider-nutanix/1 -> Executing Request
2026-06-23 05:18:52.14572Z INFO terraform_plum_v1 378   server_before.go:33 tfplum/middleware.InitLogger                  [cr:11d6f430-3acf-4912-bd53-60d58b4fdc41][logger:main][pr:][rr:11d6f430-3acf-4912-bd53-60d58b4fdc41] logger initialized for RequestID: 11d6f430-3acf-4912-bd53-60d58b4fdc41
2026-06-23 05:18:52.20250Z INFO terraform_plum_v1 378   plugin.go:75 tfplum/repo.DefaultMgr.GetPluginByName               [cr:11d6f430-3acf-4912-bd53-60d58b4fdc41][logger:main][pr:][rr:11d6f430-3acf-4912-bd53-60d58b4fdc41] Get Plugin By Name: terraform-provider-nutanix
2026-06-23 05:18:52.22352Z INFO terraform_plum_v1 378   handler_wrapper.go:27 tfplum/service/management.InitRouter.HandlerWrapper.timer.func6 [logger:main] GET /api/v1/operations/plugins/terraform-provider-nutanix/1 -> Time Taken: 86.101495ms
2026-06-23 05:18:54.49457Z INFO terraform_plum_v1 378   handler_wrapper.go:24 tfplum/service/management.InitRouter.HandlerWrapper.timer.func6 [logger:main] GET /api/v1/operations/plugins/terraform-provider-nutanix/1 -> Executing Request
2026-06-23 05:18:54.49465Z INFO terraform_plum_v1 378   server_before.go:33 tfplum/middleware.InitLogger                  [cr:c924cbd0-1c5f-4a7d-a4a6-457fe7e6b599][logger:main][pr:][rr:c924cbd0-1c5f-4a7d-a4a6-457fe7e6b599] logger initialized for RequestID: c924cbd0-1c5f-4a7d-a4a6-457fe7e6b599
2026-06-23 05:18:54.49470Z INFO terraform_plum_v1 378   plugin.go:75 tfplum/repo.DefaultMgr.GetPluginByName               [cr:c924cbd0-1c5f-4a7d-a4a6-457fe7e6b599][logger:main][pr:][rr:c924cbd0-1c5f-4a7d-a4a6-457fe7e6b599] Get Plugin By Name: terraform-provider-nutanix
2026-06-23 05:18:54.50527Z INFO terraform_plum_v1 378   handler_wrapper.go:27 tfplum/service/management.InitRouter.HandlerWrapper.timer.func6 [logger:main] GET /api/v1/operations/plugins/terraform-provider-nutanix/1 -> Time Taken: 10.662837ms
2026-06-23 05:19:22.31944Z INFO terraform_plum_v1 378   handler_wrapper.go:24 tfplum/service/management.InitRouter.HandlerWrapper.timer.func6 [logger:main] GET /api/v1/operations/plugins/terraform-provider-nutanix/1 -> Executing Request
2026-06-23 05:19:22.31961Z INFO terraform_plum_v1 378   server_before.go:33 tfplum/middleware.InitLogger                  [cr:a083a6e8-3e62-425e-9fc8-ad803781ceae][logger:main][pr:][rr:a083a6e8-3e62-425e-9fc8-ad803781ceae] logger initialized for RequestID: a083a6e8-3e62-425e-9fc8-ad803781ceae
2026-06-23 05:19:22.31972Z INFO terraform_plum_v1 378   plugin.go:75 tfplum/repo.DefaultMgr.GetPluginByName               [cr:a083a6e8-3e62-425e-9fc8-ad803781ceae][logger:main][pr:][rr:a083a6e8-3e62-425e-9fc8-ad803781ceae] Get Plugin By Name: terraform-provider-nutanix
2026-06-23 05:19:22.40690Z INFO terraform_plum_v1 378   handler_wrapper.go:27 tfplum/service/management.InitRouter.HandlerWrapper.timer.func6 [logger:main] GET /api/v1/operations/plugins/terraform-provider-nutanix/1 -> Time Taken: 87.363849ms
2026-06-23 05:19:24.47655Z INFO terraform_plum_v1 378   handler_wrapper.go:24 tfplum/service/management.InitRouter.HandlerWrapper.timer.func6 [logger:main] GET /api/v1/operations/plugins/terraform-provider-nutanix/1 -> Executing Request
2026-06-23 05:19:24.47663Z INFO terraform_plum_v1 378   server_before.go:33 tfplum/middleware.InitLogger                  [cr:ff3b74a9-72e0-4e5f-9805-a87b18af423a][logger:main][pr:][rr:ff3b74a9-72e0-4e5f-9805-a87b18af423a] logger initialized for RequestID: ff3b74a9-72e0-4e5f-9805-a87b18af423a
2026-06-23 05:19:24.47669Z INFO terraform_plum_v1 378   plugin.go:75 tfplum/repo.DefaultMgr.GetPluginByName               [cr:ff3b74a9-72e0-4e5f-9805-a87b18af423a][logger:main][pr:][rr:ff3b74a9-72e0-4e5f-9805-a87b18af423a] Get Plugin By Name: terraform-provider-nutanix
2026-06-23 05:19:24.48003Z INFO terraform_plum_v1 378   handler_wrapper.go:27 tfplum/service/management.InitRouter.HandlerWrapper.timer.func6 [logger:main] GET /api/v1/operations/plugins/terraform-provider-nutanix/1 -> Time Taken: 3.432387ms
2026-06-23 05:19:51.91610Z INFO terraform_plum_v1 378   handler_wrapper.go:24 tfplum/service/management.InitRouter.HandlerWrapper.timer.func6 [logger:main] GET /api/v1/operations/plugins/terraform-provider-nutanix/1 -> Executing Request
2026-06-23 05:19:51.91622Z INFO terraform_plum_v1 378   server_before.go:33 tfplum/middleware.InitLogger                  [cr:92ec596f-d492-4dd7-a0b8-d976a8db98a1][logger:main][pr:][rr:92ec596f-d492-4dd7-a0b8-d976a8db98a1] logger initialized for RequestID: 92ec596f-d492-4dd7-a0b8-d976a8db98a1
2026-06-23 05:19:51.91629Z INFO terraform_plum_v1 378   plugin.go:75 tfplum/repo.DefaultMgr.GetPluginByName               [cr:92ec596f-d492-4dd7-a0b8-d976a8db98a1][logger:main][pr:][rr:92ec596f-d492-4dd7-a0b8-d976a8db98a1] Get Plugin By Name: terraform-provider-nutanix
2026-06-23 05:19:51.92082Z INFO terraform_plum_v1 378   handler_wrapper.go:27 tfplum/service/management.InitRouter.HandlerWrapper.timer.func6 [logger:main] GET /api/v1/operations/plugins/terraform-provider-nutanix/1 -> Time Taken: 4.647174ms
2026-06-23 05:19:54.90845Z INFO terraform_plum_v1 378   handler_wrapper.go:24 tfplum/service/management.InitRouter.HandlerWrapper.timer.func6 [logger:main] GET /api/v1/operations/plugins/terraform-provider-nutanix/1 -> Executing Request
2026-06-23 05:19:54.90860Z INFO terraform_plum_v1 378   server_before.go:33 tfplum/middleware.InitLogger                  [cr:50da8f4d-e6b9-4dc3-a1dd-968906e83602][logger:main][pr:][rr:50da8f4d-e6b9-4dc3-a1dd-968906e83602] logger initialized for RequestID: 50da8f4d-e6b9-4dc3-a1dd-968906e83602
2026-06-23 05:19:54.90869Z INFO terraform_plum_v1 378   plugin.go:75 tfplum/repo.DefaultMgr.GetPluginByName               [cr:50da8f4d-e6b9-4dc3-a1dd-968906e83602][logger:main][pr:][rr:50da8f4d-e6b9-4dc3-a1dd-968906e83602] Get Plugin By Name: terraform-provider-nutanix
2026-06-23 05:19:54.91400Z INFO terraform_plum_v1 378   handler_wrapper.go:27 tfplum/service/management.InitRouter.HandlerWrapper.timer.func6 [logger:main] GET /api/v1/operations/plugins/terraform-provider-nutanix/1 -> Time Taken: 5.478533ms
2026-06-23 05:20:22.21923Z INFO terraform_plum_v1 378   handler_wrapper.go:24 tfplum/service/management.InitRouter.HandlerWrapper.timer.func6 [logger:main] GET /api/v1/operations/plugins/terraform-provider-nutanix/1 -> Executing Request
2026-06-23 05:20:22.23074Z INFO terraform_plum_v1 378   server_before.go:33 tfplum/middleware.InitLogger                  [cr:0070ddb9-257a-466b-8949-a77f32e0c642][logger:main][pr:][rr:0070ddb9-257a-466b-8949-a77f32e0c642] logger initialized for RequestID: 0070ddb9-257a-466b-8949-a77f32e0c642
2026-06-23 05:20:22.24073Z INFO terraform_plum_v1 378   plugin.go:75 tfplum/repo.DefaultMgr.GetPluginByName               [cr:0070ddb9-257a-466b-8949-a77f32e0c642][logger:main][pr:][rr:0070ddb9-257a-466b-8949-a77f32e0c642] Get Plugin By Name: terraform-provider-nutanix
2026-06-23 05:20:22.34420Z INFO terraform_plum_v1 378   handler_wrapper.go:27 tfplum/service/management.InitRouter.HandlerWrapper.timer.func6 [logger:main] GET /api/v1/operations/plugins/terraform-provider-nutanix/1 -> Time Taken: 124.86148ms
2026-06-23 05:20:24.50762Z INFO terraform_plum_v1 378   handler_wrapper.go:24 tfplum/service/management.InitRouter.HandlerWrapper.timer.func6 [logger:main] GET /api/v1/operations/plugins/terraform-provider-nutanix/1 -> Executing Request
2026-06-23 05:20:24.50773Z INFO terraform_plum_v1 378   server_before.go:33 tfplum/middleware.InitLogger                  [cr:ed49799a-e1f3-4a08-ab73-ae8fd58c7578][logger:main][pr:][rr:ed49799a-e1f3-4a08-ab73-ae8fd58c7578] logger initialized for RequestID: ed49799a-e1f3-4a08-ab73-ae8fd58c7578
2026-06-23 05:20:24.50779Z INFO terraform_plum_v1 378   plugin.go:75 tfplum/repo.DefaultMgr.GetPluginByName               [cr:ed49799a-e1f3-4a08-ab73-ae8fd58c7578][logger:main][pr:][rr:ed49799a-e1f3-4a08-ab73-ae8fd58c7578] Get Plugin By Name: terraform-provider-nutanix
2026-06-23 05:20:24.60256Z INFO terraform_plum_v1 378   handler_wrapper.go:27 tfplum/service/management.InitRouter.HandlerWrapper.timer.func6 [logger:main] GET /api/v1/operations/plugins/terraform-provider-nutanix/1 -> Time Taken: 94.868702ms
2026-06-23 05:20:52.50694Z INFO terraform_plum_v1 378   handler_wrapper.go:24 tfplum/service/management.InitRouter.HandlerWrapper.timer.func6 [logger:main] GET /api/v1/operations/plugins/terraform-provider-nutanix/1 -> Executing Request
2026-06-23 05:20:52.50712Z INFO terraform_plum_v1 378   server_before.go:33 tfplum/middleware.InitLogger                  [cr:17b14c98-bf54-408d-87af-ff459dd4dfad][logger:main][pr:][rr:17b14c98-bf54-408d-87af-ff459dd4dfad] logger initialized for RequestID: 17b14c98-bf54-408d-87af-ff459dd4dfad
2026-06-23 05:20:52.50729Z INFO terraform_plum_v1 378   plugin.go:75 tfplum/repo.DefaultMgr.GetPluginByName               [cr:17b14c98-bf54-408d-87af-ff459dd4dfad][logger:main][pr:][rr:17b14c98-bf54-408d-87af-ff459dd4dfad] Get Plugin By Name: terraform-provider-nutanix
2026-06-23 05:20:52.60398Z INFO terraform_plum_v1 378   handler_wrapper.go:27 tfplum/service/management.InitRouter.HandlerWrapper.timer.func6 [logger:main] GET /api/v1/operations/plugins/terraform-provider-nutanix/1 -> Time Taken: 96.938209ms
2026-06-23 05:20:54.48415Z INFO terraform_plum_v1 378   handler_wrapper.go:24 tfplum/service/management.InitRouter.HandlerWrapper.timer.func6 [logger:main] GET /api/v1/operations/plugins/terraform-provider-nutanix/1 -> Executing Request
2026-06-23 05:20:54.48424Z INFO terraform_plum_v1 378   server_before.go:33 tfplum/middleware.InitLogger                  [cr:e5cb2f23-de9d-45c7-aaf3-cd650ba3b5c1][logger:main][pr:][rr:e5cb2f23-de9d-45c7-aaf3-cd650ba3b5c1] logger initialized for RequestID: e5cb2f23-de9d-45c7-aaf3-cd650ba3b5c1
2026-06-23 05:20:54.48430Z INFO terraform_plum_v1 378   plugin.go:75 tfplum/repo.DefaultMgr.GetPluginByName               [cr:e5cb2f23-de9d-45c7-aaf3-cd650ba3b5c1][logger:main][pr:][rr:e5cb2f23-de9d-45c7-aaf3-cd650ba3b5c1] Get Plugin By Name: terraform-provider-nutanix
2026-06-23 05:20:54.50226Z INFO terraform_plum_v1 378   handler_wrapper.go:27 tfplum/service/management.InitRouter.HandlerWrapper.timer.func6 [logger:main] GET /api/v1/operations/plugins/terraform-provider-nutanix/1 -> Time Taken: 18.049718ms
2026-06-23 05:21:22.13100Z INFO terraform_plum_v1 378   handler_wrapper.go:24 tfplum/service/management.InitRouter.HandlerWrapper.timer.func6 [logger:main] GET /api/v1/operations/plugins/terraform-provider-nutanix/1 -> Executing Request
2026-06-23 05:21:22.15475Z INFO terraform_plum_v1 378   server_before.go:33 tfplum/middleware.InitLogger                  [cr:9ffc3345-7ac9-483a-a54e-4299b80d41ab][logger:main][pr:][rr:9ffc3345-7ac9-483a-a54e-4299b80d41ab] logger initialized for RequestID: 9ffc3345-7ac9-483a-a54e-4299b80d41ab
2026-06-23 05:21:22.15490Z INFO terraform_plum_v1 378   plugin.go:75 tfplum/repo.DefaultMgr.GetPluginByName               [cr:9ffc3345-7ac9-483a-a54e-4299b80d41ab][logger:main][pr:][rr:9ffc3345-7ac9-483a-a54e-4299b80d41ab] Get Plugin By Name: terraform-provider-nutanix
2026-06-23 05:21:22.30246Z INFO terraform_plum_v1 378   handler_wrapper.go:27 tfplum/service/management.InitRouter.HandlerWrapper.timer.func6 [logger:main] GET /api/v1/operations/plugins/terraform-provider-nutanix/1 -> Time Taken: 164.985905ms
2026-06-23 05:21:24.47811Z INFO terraform_plum_v1 378   handler_wrapper.go:24 tfplum/service/management.InitRouter.HandlerWrapper.timer.func6 [logger:main] GET /api/v1/operations/plugins/terraform-provider-nutanix/1 -> Executing Request
2026-06-23 05:21:24.47821Z INFO terraform_plum_v1 378   server_before.go:33 tfplum/middleware.InitLogger                  [cr:637a4066-a3bc-4958-a371-b48239d8f5f3][logger:main][pr:][rr:637a4066-a3bc-4958-a371-b48239d8f5f3] logger initialized for RequestID: 637a4066-a3bc-4958-a371-b48239d8f5f3
2026-06-23 05:21:24.47827Z INFO terraform_plum_v1 378   plugin.go:75 tfplum/repo.DefaultMgr.GetPluginByName               [cr:637a4066-a3bc-4958-a371-b48239d8f5f3][logger:main][pr:][rr:637a4066-a3bc-4958-a371-b48239d8f5f3] Get Plugin By Name: terraform-provider-nutanix
2026-06-23 05:21:24.48240Z INFO terraform_plum_v1 378   handler_wrapper.go:27 tfplum/service/management.InitRouter.HandlerWrapper.timer.func6 [logger:main] GET /api/v1/operations/plugins/terraform-provider-nutanix/1 -> Time Taken: 4.239994ms
2026-06-23 05:21:52.23348Z INFO terraform_plum_v1 378   handler_wrapper.go:24 tfplum/service/management.InitRouter.HandlerWrapper.timer.func6 [logger:main] GET /api/v1/operations/plugins/terraform-provider-nutanix/1 -> Executing Request
2026-06-23 05:21:52.23365Z INFO terraform_plum_v1 378   server_before.go:33 tfplum/middleware.InitLogger                  [cr:87383689-feef-4380-84b4-dec0b5198e48][logger:main][pr:][rr:87383689-feef-4380-84b4-dec0b5198e48] logger initialized for RequestID: 87383689-feef-4380-84b4-dec0b5198e48
2026-06-23 05:21:52.30189Z INFO terraform_plum_v1 378   plugin.go:75 tfplum/repo.DefaultMgr.GetPluginByName               [cr:87383689-feef-4380-84b4-dec0b5198e48][logger:main][pr:][rr:87383689-feef-4380-84b4-dec0b5198e48] Get Plugin By Name: terraform-provider-nutanix
2026-06-23 05:21:52.31015Z INFO terraform_plum_v1 378   handler_wrapper.go:27 tfplum/service/management.InitRouter.HandlerWrapper.timer.func6 [logger:main] GET /api/v1/operations/plugins/terraform-provider-nutanix/1 -> Time Taken: 76.570344ms
2026-06-23 05:21:54.47700Z INFO terraform_plum_v1 378   handler_wrapper.go:24 tfplum/service/management.InitRouter.HandlerWrapper.timer.func6 [logger:main] GET /api/v1/operations/plugins/terraform-provider-nutanix/1 -> Executing Request
2026-06-23 05:21:54.47712Z INFO terraform_plum_v1 378   server_before.go:33 tfplum/middleware.InitLogger                  [cr:ef3c9a0c-9add-4d28-88d8-c2d3db9c2725][logger:main][pr:][rr:ef3c9a0c-9add-4d28-88d8-c2d3db9c2725] logger initialized for RequestID: ef3c9a0c-9add-4d28-88d8-c2d3db9c2725
2026-06-23 05:21:54.47734Z INFO terraform_plum_v1 378   plugin.go:75 tfplum/repo.DefaultMgr.GetPluginByName               [cr:ef3c9a0c-9add-4d28-88d8-c2d3db9c2725][logger:main][pr:][rr:ef3c9a0c-9add-4d28-88d8-c2d3db9c2725] Get Plugin By Name: terraform-provider-nutanix
2026-06-23 05:21:54.60442Z INFO terraform_plum_v1 378   handler_wrapper.go:27 tfplum/service/management.InitRouter.HandlerWrapper.timer.func6 [logger:main] GET /api/v1/operations/plugins/terraform-provider-nutanix/1 -> Time Taken: 127.344239ms
2026-06-23 05:22:22.52119Z INFO terraform_plum_v1 378   handler_wrapper.go:24 tfplum/service/management.InitRouter.HandlerWrapper.timer.func6 [logger:main] GET /api/v1/operations/plugins/terraform-provider-nutanix/1 -> Executing Request
2026-06-23 05:22:22.52130Z INFO terraform_plum_v1 378   server_before.go:33 tfplum/middleware.InitLogger                  [cr:4ca5f05e-38c2-4278-b1b9-9631be188354][logger:main][pr:][rr:4ca5f05e-38c2-4278-b1b9-9631be188354] logger initialized for RequestID: 4ca5f05e-38c2-4278-b1b9-9631be188354
2026-06-23 05:22:22.52146Z INFO terraform_plum_v1 378   plugin.go:75 tfplum/repo.DefaultMgr.GetPluginByName               [cr:4ca5f05e-38c2-4278-b1b9-9631be188354][logger:main][pr:][rr:4ca5f05e-38c2-4278-b1b9-9631be188354] Get Plugin By Name: terraform-provider-nutanix
2026-06-23 05:22:22.60248Z INFO terraform_plum_v1 378   handler_wrapper.go:27 tfplum/service/management.InitRouter.HandlerWrapper.timer.func6 [logger:main] GET /api/v1/operations/plugins/terraform-provider-nutanix/1 -> Time Taken: 81.227005ms
2026-06-23 05:22:24.48370Z INFO terraform_plum_v1 378   handler_wrapper.go:24 tfplum/service/management.InitRouter.HandlerWrapper.timer.func6 [logger:main] GET /api/v1/operations/plugins/terraform-provider-nutanix/1 -> Executing Request
2026-06-23 05:22:24.48380Z INFO terraform_plum_v1 378   server_before.go:33 tfplum/middleware.InitLogger                  [cr:c2aefbd5-3ac4-46d8-8efe-e72b9aa936e7][logger:main][pr:][rr:c2aefbd5-3ac4-46d8-8efe-e72b9aa936e7] logger initialized for RequestID: c2aefbd5-3ac4-46d8-8efe-e72b9aa936e7
2026-06-23 05:22:24.48389Z INFO terraform_plum_v1 378   plugin.go:75 tfplum/repo.DefaultMgr.GetPluginByName               [cr:c2aefbd5-3ac4-46d8-8efe-e72b9aa936e7][logger:main][pr:][rr:c2aefbd5-3ac4-46d8-8efe-e72b9aa936e7] Get Plugin By Name: terraform-provider-nutanix
2026-06-23 05:22:24.50398Z INFO terraform_plum_v1 378   handler_wrapper.go:27 tfplum/service/management.InitRouter.HandlerWrapper.timer.func6 [logger:main] GET /api/v1/operations/plugins/terraform-provider-nutanix/1 -> Time Taken: 20.223823ms
2026-06-23 05:22:52.51318Z INFO terraform_plum_v1 378   handler_wrapper.go:24 tfplum/service/management.InitRouter.HandlerWrapper.timer.func6 [logger:main] GET /api/v1/operations/plugins/terraform-provider-nutanix/1 -> Executing Request
2026-06-23 05:22:52.51342Z INFO terraform_plum_v1 378   server_before.go:33 tfplum/middleware.InitLogger                  [cr:988aaee6-d20d-4207-886f-ac86dee02fb8][logger:main][pr:][rr:988aaee6-d20d-4207-886f-ac86dee02fb8] logger initialized for RequestID: 988aaee6-d20d-4207-886f-ac86dee02fb8
2026-06-23 05:22:52.51359Z INFO terraform_plum_v1 378   plugin.go:75 tfplum/repo.DefaultMgr.GetPluginByName               [cr:988aaee6-d20d-4207-886f-ac86dee02fb8][logger:main][pr:][rr:988aaee6-d20d-4207-886f-ac86dee02fb8] Get Plugin By Name: terraform-provider-nutanix
2026-06-23 05:22:52.60445Z INFO terraform_plum_v1 378   handler_wrapper.go:27 tfplum/service/management.InitRouter.HandlerWrapper.timer.func6 [logger:main] GET /api/v1/operations/plugins/terraform-provider-nutanix/1 -> Time Taken: 91.114556ms
2026-06-23 05:22:54.50345Z INFO terraform_plum_v1 378   handler_wrapper.go:24 tfplum/service/management.InitRouter.HandlerWrapper.timer.func6 [logger:main] GET /api/v1/operations/plugins/terraform-provider-nutanix/1 -> Executing Request
2026-06-23 05:22:54.50360Z INFO terraform_plum_v1 378   server_before.go:33 tfplum/middleware.InitLogger                  [cr:f538d351-29bc-46e6-ad6b-1d52bad3e4b6][logger:main][pr:][rr:f538d351-29bc-46e6-ad6b-1d52bad3e4b6] logger initialized for RequestID: f538d351-29bc-46e6-ad6b-1d52bad3e4b6
2026-06-23 05:22:54.50368Z INFO terraform_plum_v1 378   plugin.go:75 tfplum/repo.DefaultMgr.GetPluginByName               [cr:f538d351-29bc-46e6-ad6b-1d52bad3e4b6][logger:main][pr:][rr:f538d351-29bc-46e6-ad6b-1d52bad3e4b6] Get Plugin By Name: terraform-provider-nutanix
2026-06-23 05:22:54.50908Z INFO terraform_plum_v1 378   handler_wrapper.go:27 tfplum/service/management.InitRouter.HandlerWrapper.timer.func6 [logger:main] GET /api/v1/operations/plugins/terraform-provider-nutanix/1 -> Time Taken: 5.548532ms
2026-06-23 05:23:22.41264Z INFO terraform_plum_v1 378   handler_wrapper.go:24 tfplum/service/management.InitRouter.HandlerWrapper.timer.func6 [logger:main] GET /api/v1/operations/plugins/terraform-provider-nutanix/1 -> Executing Request
2026-06-23 05:23:22.42672Z INFO terraform_plum_v1 378   server_before.go:33 tfplum/middleware.InitLogger                  [cr:9fd571b2-096d-4cfd-ab6a-d695d63a5126][logger:main][pr:][rr:9fd571b2-096d-4cfd-ab6a-d695d63a5126] logger initialized for RequestID: 9fd571b2-096d-4cfd-ab6a-d695d63a5126
2026-06-23 05:23:22.42695Z INFO terraform_plum_v1 378   plugin.go:75 tfplum/repo.DefaultMgr.GetPluginByName               [cr:9fd571b2-096d-4cfd-ab6a-d695d63a5126][logger:main][pr:][rr:9fd571b2-096d-4cfd-ab6a-d695d63a5126] Get Plugin By Name: terraform-provider-nutanix
2026-06-23 05:23:22.60234Z INFO terraform_plum_v1 378   handler_wrapper.go:27 tfplum/service/management.InitRouter.HandlerWrapper.timer.func6 [logger:main] GET /api/v1/operations/plugins/terraform-provider-nutanix/1 -> Time Taken: 185.293604ms
2026-06-23 05:23:24.51047Z INFO terraform_plum_v1 378   handler_wrapper.go:24 tfplum/service/management.InitRouter.HandlerWrapper.timer.func6 [logger:main] GET /api/v1/operations/plugins/terraform-provider-nutanix/1 -> Executing Request
2026-06-23 05:23:24.51060Z INFO terraform_plum_v1 378   server_before.go:33 tfplum/middleware.InitLogger                  [cr:fabf33a8-9fe4-4cfe-b332-ed58412261a3][logger:main][pr:][rr:fabf33a8-9fe4-4cfe-b332-ed58412261a3] logger initialized for RequestID: fabf33a8-9fe4-4cfe-b332-ed58412261a3
2026-06-23 05:23:24.51069Z INFO terraform_plum_v1 378   plugin.go:75 tfplum/repo.DefaultMgr.GetPluginByName               [cr:fabf33a8-9fe4-4cfe-b332-ed58412261a3][logger:main][pr:][rr:fabf33a8-9fe4-4cfe-b332-ed58412261a3] Get Plugin By Name: terraform-provider-nutanix
2026-06-23 05:23:24.60985Z INFO terraform_plum_v1 378   handler_wrapper.go:27 tfplum/service/management.InitRouter.HandlerWrapper.timer.func6 [logger:main] GET /api/v1/operations/plugins/terraform-provider-nutanix/1 -> Time Taken: 99.31939ms
2026-06-23 05:23:52.23291Z INFO terraform_plum_v1 378   handler_wrapper.go:24 tfplum/service/management.InitRouter.HandlerWrapper.timer.func6 [logger:main] GET /api/v1/operations/plugins/terraform-provider-nutanix/1 -> Executing Request
2026-06-23 05:23:52.25363Z INFO terraform_plum_v1 378   server_before.go:33 tfplum/middleware.InitLogger                  [cr:0791a232-8737-4177-8b25-17ec1595a234][logger:main][pr:][rr:0791a232-8737-4177-8b25-17ec1595a234] logger initialized for RequestID: 0791a232-8737-4177-8b25-17ec1595a234
2026-06-23 05:23:52.30216Z INFO terraform_plum_v1 378   plugin.go:75 tfplum/repo.DefaultMgr.GetPluginByName               [cr:0791a232-8737-4177-8b25-17ec1595a234][logger:main][pr:][rr:0791a232-8737-4177-8b25-17ec1595a234] Get Plugin By Name: terraform-provider-nutanix
2026-06-23 05:23:52.40310Z INFO terraform_plum_v1 378   handler_wrapper.go:27 tfplum/service/management.InitRouter.HandlerWrapper.timer.func6 [logger:main] GET /api/v1/operations/plugins/terraform-provider-nutanix/1 -> Time Taken: 170.070483ms
2026-06-23 05:23:54.47820Z INFO terraform_plum_v1 378   handler_wrapper.go:24 tfplum/service/management.InitRouter.HandlerWrapper.timer.func6 [logger:main] GET /api/v1/operations/plugins/terraform-provider-nutanix/1 -> Executing Request
2026-06-23 05:23:54.47828Z INFO terraform_plum_v1 378   server_before.go:33 tfplum/middleware.InitLogger                  [cr:d9777f27-f24f-4905-a07f-0dbf74878391][logger:main][pr:][rr:d9777f27-f24f-4905-a07f-0dbf74878391] logger initialized for RequestID: d9777f27-f24f-4905-a07f-0dbf74878391
2026-06-23 05:23:54.47834Z INFO terraform_plum_v1 378   plugin.go:75 tfplum/repo.DefaultMgr.GetPluginByName               [cr:d9777f27-f24f-4905-a07f-0dbf74878391][logger:main][pr:][rr:d9777f27-f24f-4905-a07f-0dbf74878391] Get Plugin By Name: terraform-provider-nutanix
2026-06-23 05:23:54.48296Z INFO terraform_plum_v1 378   handler_wrapper.go:27 tfplum/service/management.InitRouter.HandlerWrapper.timer.func6 [logger:main] GET /api/v1/operations/plugins/terraform-provider-nutanix/1 -> Time Taken: 4.709655ms
2026-06-23 05:24:22.41452Z INFO terraform_plum_v1 378   handler_wrapper.go:24 tfplum/service/management.InitRouter.HandlerWrapper.timer.func6 [logger:main] GET /api/v1/operations/plugins/terraform-provider-nutanix/1 -> Executing Request
2026-06-23 05:24:22.41465Z INFO terraform_plum_v1 378   server_before.go:33 tfplum/middleware.InitLogger                  [cr:a8cf991e-8c62-4fd7-9d9f-1abe2568cd71][logger:main][pr:][rr:a8cf991e-8c62-4fd7-9d9f-1abe2568cd71] logger initialized for RequestID: a8cf991e-8c62-4fd7-9d9f-1abe2568cd71
2026-06-23 05:24:22.41476Z INFO terraform_plum_v1 378   plugin.go:75 tfplum/repo.DefaultMgr.GetPluginByName               [cr:a8cf991e-8c62-4fd7-9d9f-1abe2568cd71][logger:main][pr:][rr:a8cf991e-8c62-4fd7-9d9f-1abe2568cd71] Get Plugin By Name: terraform-provider-nutanix
2026-06-23 05:24:22.41877Z INFO terraform_plum_v1 378   handler_wrapper.go:27 tfplum/service/management.InitRouter.HandlerWrapper.timer.func6 [logger:main] GET /api/v1/operations/plugins/terraform-provider-nutanix/1 -> Time Taken: 4.180234ms
2026-06-23 05:24:24.48824Z INFO terraform_plum_v1 378   handler_wrapper.go:24 tfplum/service/management.InitRouter.HandlerWrapper.timer.func6 [logger:main] GET /api/v1/operations/plugins/terraform-provider-nutanix/1 -> Executing Request
2026-06-23 05:24:24.48832Z INFO terraform_plum_v1 378   server_before.go:33 tfplum/middleware.InitLogger                  [cr:71119f03-8bd3-4620-9dfd-f9f2f3e87944][logger:main][pr:][rr:71119f03-8bd3-4620-9dfd-f9f2f3e87944] logger initialized for RequestID: 71119f03-8bd3-4620-9dfd-f9f2f3e87944
2026-06-23 05:24:24.48837Z INFO terraform_plum_v1 378   plugin.go:75 tfplum/repo.DefaultMgr.GetPluginByName               [cr:71119f03-8bd3-4620-9dfd-f9f2f3e87944][logger:main][pr:][rr:71119f03-8bd3-4620-9dfd-f9f2f3e87944] Get Plugin By Name: terraform-provider-nutanix
2026-06-23 05:24:24.50320Z INFO terraform_plum_v1 378   handler_wrapper.go:27 tfplum/service/management.InitRouter.HandlerWrapper.timer.func6 [logger:main] GET /api/v1/operations/plugins/terraform-provider-nutanix/1 -> Time Taken: 14.923454ms
2026-06-23 05:24:52.14546Z INFO terraform_plum_v1 378   handler_wrapper.go:24 tfplum/service/management.InitRouter.HandlerWrapper.timer.func6 [logger:main] GET /api/v1/operations/plugins/terraform-provider-nutanix/1 -> Executing Request
2026-06-23 05:24:52.21485Z INFO terraform_plum_v1 378   server_before.go:33 tfplum/middleware.InitLogger                  [cr:f7df3e2b-6dd9-484f-a5ee-dbc71f24ef6f][logger:main][pr:][rr:f7df3e2b-6dd9-484f-a5ee-dbc71f24ef6f] logger initialized for RequestID: f7df3e2b-6dd9-484f-a5ee-dbc71f24ef6f
2026-06-23 05:24:52.23961Z INFO terraform_plum_v1 378   plugin.go:75 tfplum/repo.DefaultMgr.GetPluginByName               [cr:f7df3e2b-6dd9-484f-a5ee-dbc71f24ef6f][logger:main][pr:][rr:f7df3e2b-6dd9-484f-a5ee-dbc71f24ef6f] Get Plugin By Name: terraform-provider-nutanix
2026-06-23 05:24:52.31610Z INFO terraform_plum_v1 378   handler_wrapper.go:27 tfplum/service/management.InitRouter.HandlerWrapper.timer.func6 [logger:main] GET /api/v1/operations/plugins/terraform-provider-nutanix/1 -> Time Taken: 169.102708ms
2026-06-23 05:24:54.48038Z INFO terraform_plum_v1 378   handler_wrapper.go:24 tfplum/service/management.InitRouter.HandlerWrapper.timer.func6 [logger:main] GET /api/v1/operations/plugins/terraform-provider-nutanix/1 -> Executing Request
2026-06-23 05:24:54.48049Z INFO terraform_plum_v1 378   server_before.go:33 tfplum/middleware.InitLogger                  [cr:08bcfaed-c50c-43d7-bf31-d3b4d383e92a][logger:main][pr:][rr:08bcfaed-c50c-43d7-bf31-d3b4d383e92a] logger initialized for RequestID: 08bcfaed-c50c-43d7-bf31-d3b4d383e92a
2026-06-23 05:24:54.48057Z INFO terraform_plum_v1 378   plugin.go:75 tfplum/repo.DefaultMgr.GetPluginByName               [cr:08bcfaed-c50c-43d7-bf31-d3b4d383e92a][logger:main][pr:][rr:08bcfaed-c50c-43d7-bf31-d3b4d383e92a] Get Plugin By Name: terraform-provider-nutanix
2026-06-23 05:24:54.48418Z INFO terraform_plum_v1 378   handler_wrapper.go:27 tfplum/service/management.InitRouter.HandlerWrapper.timer.func6 [logger:main] GET /api/v1/operations/plugins/terraform-provider-nutanix/1 -> Time Taken: 3.736555ms
2026-06-23 05:25:22.20267Z INFO terraform_plum_v1 378   handler_wrapper.go:24 tfplum/service/management.InitRouter.HandlerWrapper.timer.func6 [logger:main] GET /api/v1/operations/plugins/terraform-provider-nutanix/1 -> Executing Request
2026-06-23 05:25:22.22084Z INFO terraform_plum_v1 378   server_before.go:33 tfplum/middleware.InitLogger                  [cr:e12a4764-0f67-45d5-aea8-5ae7e26a8826][logger:main][pr:][rr:e12a4764-0f67-45d5-aea8-5ae7e26a8826] logger initialized for RequestID: e12a4764-0f67-45d5-aea8-5ae7e26a8826
2026-06-23 05:25:22.22538Z INFO terraform_plum_v1 378   plugin.go:75 tfplum/repo.DefaultMgr.GetPluginByName               [cr:e12a4764-0f67-45d5-aea8-5ae7e26a8826][logger:main][pr:][rr:e12a4764-0f67-45d5-aea8-5ae7e26a8826] Get Plugin By Name: terraform-provider-nutanix
2026-06-23 05:25:22.31550Z INFO terraform_plum_v1 378   handler_wrapper.go:27 tfplum/service/management.InitRouter.HandlerWrapper.timer.func6 [logger:main] GET /api/v1/operations/plugins/terraform-provider-nutanix/1 -> Time Taken: 112.725553ms
2026-06-23 05:25:24.50275Z INFO terraform_plum_v1 378   handler_wrapper.go:24 tfplum/service/management.InitRouter.HandlerWrapper.timer.func6 [logger:main] GET /api/v1/operations/plugins/terraform-provider-nutanix/1 -> Executing Request
2026-06-23 05:25:24.50288Z INFO terraform_plum_v1 378   server_before.go:33 tfplum/middleware.InitLogger                  [cr:99cdfeb7-12d9-488f-8785-2489c2da4637][logger:main][pr:][rr:99cdfeb7-12d9-488f-8785-2489c2da4637] logger initialized for RequestID: 99cdfeb7-12d9-488f-8785-2489c2da4637
2026-06-23 05:25:24.50294Z INFO terraform_plum_v1 378   plugin.go:75 tfplum/repo.DefaultMgr.GetPluginByName               [cr:99cdfeb7-12d9-488f-8785-2489c2da4637][logger:main][pr:][rr:99cdfeb7-12d9-488f-8785-2489c2da4637] Get Plugin By Name: terraform-provider-nutanix
2026-06-23 05:25:24.50743Z INFO terraform_plum_v1 378   handler_wrapper.go:27 tfplum/service/management.InitRouter.HandlerWrapper.timer.func6 [logger:main] GET /api/v1/operations/plugins/terraform-provider-nutanix/1 -> Time Taken: 4.59319ms
2026-06-23 05:25:52.24899Z INFO terraform_plum_v1 378   handler_wrapper.go:24 tfplum/service/management.InitRouter.HandlerWrapper.timer.func6 [logger:main] GET /api/v1/operations/plugins/terraform-provider-nutanix/1 -> Executing Request
2026-06-23 05:25:52.30248Z INFO terraform_plum_v1 378   server_before.go:33 tfplum/middleware.InitLogger                  [cr:cfd657d7-c3c3-4e7b-81b7-9ea71668fefd][logger:main][pr:][rr:cfd657d7-c3c3-4e7b-81b7-9ea71668fefd] logger initialized for RequestID: cfd657d7-c3c3-4e7b-81b7-9ea71668fefd
2026-06-23 05:25:52.31058Z INFO terraform_plum_v1 378   plugin.go:75 tfplum/repo.DefaultMgr.GetPluginByName               [cr:cfd657d7-c3c3-4e7b-81b7-9ea71668fefd][logger:main][pr:][rr:cfd657d7-c3c3-4e7b-81b7-9ea71668fefd] Get Plugin By Name: terraform-provider-nutanix
2026-06-23 05:25:52.35299Z INFO terraform_plum_v1 378   handler_wrapper.go:27 tfplum/service/management.InitRouter.HandlerWrapper.timer.func6 [logger:main] GET /api/v1/operations/plugins/terraform-provider-nutanix/1 -> Time Taken: 103.884331ms
2026-06-23 05:25:54.47913Z INFO terraform_plum_v1 378   handler_wrapper.go:24 tfplum/service/management.InitRouter.HandlerWrapper.timer.func6 [logger:main] GET /api/v1/operations/plugins/terraform-provider-nutanix/1 -> Executing Request
2026-06-23 05:25:54.47924Z INFO terraform_plum_v1 378   server_before.go:33 tfplum/middleware.InitLogger                  [cr:71382ac3-d90e-4c9c-81f4-3674cfa49709][logger:main][pr:][rr:71382ac3-d90e-4c9c-81f4-3674cfa49709] logger initialized for RequestID: 71382ac3-d90e-4c9c-81f4-3674cfa49709
2026-06-23 05:25:54.47931Z INFO terraform_plum_v1 378   plugin.go:75 tfplum/repo.DefaultMgr.GetPluginByName               [cr:71382ac3-d90e-4c9c-81f4-3674cfa49709][logger:main][pr:][rr:71382ac3-d90e-4c9c-81f4-3674cfa49709] Get Plugin By Name: terraform-provider-nutanix
2026-06-23 05:25:54.48418Z INFO terraform_plum_v1 378   handler_wrapper.go:27 tfplum/service/management.InitRouter.HandlerWrapper.timer.func6 [logger:main] GET /api/v1/operations/plugins/terraform-provider-nutanix/1 -> Time Taken: 4.995403ms
2026-06-23 05:26:22.50620Z INFO terraform_plum_v1 378   handler_wrapper.go:24 tfplum/service/management.InitRouter.HandlerWrapper.timer.func6 [logger:main] GET /api/v1/operations/plugins/terraform-provider-nutanix/1 -> Executing Request
2026-06-23 05:26:22.50639Z INFO terraform_plum_v1 378   server_before.go:33 tfplum/middleware.InitLogger                  [cr:51826a54-5a48-48cf-8ec0-c1a0615320e2][logger:main][pr:][rr:51826a54-5a48-48cf-8ec0-c1a0615320e2] logger initialized for RequestID: 51826a54-5a48-48cf-8ec0-c1a0615320e2
2026-06-23 05:26:22.50656Z INFO terraform_plum_v1 378   plugin.go:75 tfplum/repo.DefaultMgr.GetPluginByName               [cr:51826a54-5a48-48cf-8ec0-c1a0615320e2][logger:main][pr:][rr:51826a54-5a48-48cf-8ec0-c1a0615320e2] Get Plugin By Name: terraform-provider-nutanix
2026-06-23 05:26:22.51187Z INFO terraform_plum_v1 378   handler_wrapper.go:27 tfplum/service/management.InitRouter.HandlerWrapper.timer.func6 [logger:main] GET /api/v1/operations/plugins/terraform-provider-nutanix/1 -> Time Taken: 5.565397ms
2026-06-23 05:26:24.48123Z INFO terraform_plum_v1 378   handler_wrapper.go:24 tfplum/service/management.InitRouter.HandlerWrapper.timer.func6 [logger:main] GET /api/v1/operations/plugins/terraform-provider-nutanix/1 -> Executing Request
2026-06-23 05:26:24.48130Z INFO terraform_plum_v1 378   server_before.go:33 tfplum/middleware.InitLogger                  [cr:10cb25de-4e22-4f13-9d35-a9aab8e57724][logger:main][pr:][rr:10cb25de-4e22-4f13-9d35-a9aab8e57724] logger initialized for RequestID: 10cb25de-4e22-4f13-9d35-a9aab8e57724
2026-06-23 05:26:24.48135Z INFO terraform_plum_v1 378   plugin.go:75 tfplum/repo.DefaultMgr.GetPluginByName               [cr:10cb25de-4e22-4f13-9d35-a9aab8e57724][logger:main][pr:][rr:10cb25de-4e22-4f13-9d35-a9aab8e57724] Get Plugin By Name: terraform-provider-nutanix
2026-06-23 05:26:24.48637Z INFO terraform_plum_v1 378   handler_wrapper.go:27 tfplum/service/management.InitRouter.HandlerWrapper.timer.func6 [logger:main] GET /api/v1/operations/plugins/terraform-provider-nutanix/1 -> Time Taken: 5.107134ms
2026-06-23 05:26:52.32158Z INFO terraform_plum_v1 378   handler_wrapper.go:24 tfplum/service/management.InitRouter.HandlerWrapper.timer.func6 [logger:main] GET /api/v1/operations/plugins/terraform-provider-nutanix/1 -> Executing Request
2026-06-23 05:26:52.32178Z INFO terraform_plum_v1 378   server_before.go:33 tfplum/middleware.InitLogger                  [cr:0a536624-76f1-4f06-be59-65e23f48656a][logger:main][pr:][rr:0a536624-76f1-4f06-be59-65e23f48656a] logger initialized for RequestID: 0a536624-76f1-4f06-be59-65e23f48656a
2026-06-23 05:26:52.32196Z INFO terraform_plum_v1 378   plugin.go:75 tfplum/repo.DefaultMgr.GetPluginByName               [cr:0a536624-76f1-4f06-be59-65e23f48656a][logger:main][pr:][rr:0a536624-76f1-4f06-be59-65e23f48656a] Get Plugin By Name: terraform-provider-nutanix
2026-06-23 05:26:52.32920Z INFO terraform_plum_v1 378   handler_wrapper.go:27 tfplum/service/management.InitRouter.HandlerWrapper.timer.func6 [logger:main] GET /api/v1/operations/plugins/terraform-provider-nutanix/1 -> Time Taken: 7.489647ms
2026-06-23 05:26:54.48625Z INFO terraform_plum_v1 378   handler_wrapper.go:24 tfplum/service/management.InitRouter.HandlerWrapper.timer.func6 [logger:main] GET /api/v1/operations/plugins/terraform-provider-nutanix/1 -> Executing Request
2026-06-23 05:26:54.48636Z INFO terraform_plum_v1 378   server_before.go:33 tfplum/middleware.InitLogger                  [cr:04a9db51-693e-4cc2-bb09-10d7a96a12ee][logger:main][pr:][rr:04a9db51-693e-4cc2-bb09-10d7a96a12ee] logger initialized for RequestID: 04a9db51-693e-4cc2-bb09-10d7a96a12ee
2026-06-23 05:26:54.48644Z INFO terraform_plum_v1 378   plugin.go:75 tfplum/repo.DefaultMgr.GetPluginByName               [cr:04a9db51-693e-4cc2-bb09-10d7a96a12ee][logger:main][pr:][rr:04a9db51-693e-4cc2-bb09-10d7a96a12ee] Get Plugin By Name: terraform-provider-nutanix
2026-06-23 05:26:54.50291Z INFO terraform_plum_v1 378   handler_wrapper.go:27 tfplum/service/management.InitRouter.HandlerWrapper.timer.func6 [logger:main] GET /api/v1/operations/plugins/terraform-provider-nutanix/1 -> Time Taken: 16.61317ms
2026-06-23 05:27:22.12345Z INFO terraform_plum_v1 378   handler_wrapper.go:24 tfplum/service/management.InitRouter.HandlerWrapper.timer.func6 [logger:main] GET /api/v1/operations/plugins/terraform-provider-nutanix/1 -> Executing Request
2026-06-23 05:27:22.13525Z INFO terraform_plum_v1 378   server_before.go:33 tfplum/middleware.InitLogger                  [cr:4629dfd1-e4d7-4807-8d0a-968ca486531d][logger:main][pr:][rr:4629dfd1-e4d7-4807-8d0a-968ca486531d] logger initialized for RequestID: 4629dfd1-e4d7-4807-8d0a-968ca486531d
2026-06-23 05:27:22.14095Z INFO terraform_plum_v1 378   plugin.go:75 tfplum/repo.DefaultMgr.GetPluginByName               [cr:4629dfd1-e4d7-4807-8d0a-968ca486531d][logger:main][pr:][rr:4629dfd1-e4d7-4807-8d0a-968ca486531d] Get Plugin By Name: terraform-provider-nutanix
2026-06-23 05:27:22.24739Z INFO terraform_plum_v1 378   handler_wrapper.go:27 tfplum/service/management.InitRouter.HandlerWrapper.timer.func6 [logger:main] GET /api/v1/operations/plugins/terraform-provider-nutanix/1 -> Time Taken: 119.896388ms
2026-06-23 05:27:24.48326Z INFO terraform_plum_v1 378   handler_wrapper.go:24 tfplum/service/management.InitRouter.HandlerWrapper.timer.func6 [logger:main] GET /api/v1/operations/plugins/terraform-provider-nutanix/1 -> Executing Request
2026-06-23 05:27:24.48334Z INFO terraform_plum_v1 378   server_before.go:33 tfplum/middleware.InitLogger                  [cr:34750ea6-37f9-4b95-b828-02149ff239ef][logger:main][pr:][rr:34750ea6-37f9-4b95-b828-02149ff239ef] logger initialized for RequestID: 34750ea6-37f9-4b95-b828-02149ff239ef
2026-06-23 05:27:24.48339Z INFO terraform_plum_v1 378   plugin.go:75 tfplum/repo.DefaultMgr.GetPluginByName               [cr:34750ea6-37f9-4b95-b828-02149ff239ef][logger:main][pr:][rr:34750ea6-37f9-4b95-b828-02149ff239ef] Get Plugin By Name: terraform-provider-nutanix
2026-06-23 05:27:24.48690Z INFO terraform_plum_v1 378   handler_wrapper.go:27 tfplum/service/management.InitRouter.HandlerWrapper.timer.func6 [logger:main] GET /api/v1/operations/plugins/terraform-provider-nutanix/1 -> Time Taken: 3.601339ms
2026-06-23 05:27:52.80838Z INFO terraform_plum_v1 378   handler_wrapper.go:24 tfplum/service/management.InitRouter.HandlerWrapper.timer.func6 [logger:main] GET /api/v1/operations/plugins/terraform-provider-nutanix/1 -> Executing Request
2026-06-23 05:27:52.80861Z INFO terraform_plum_v1 378   server_before.go:33 tfplum/middleware.InitLogger                  [cr:7b77f6f3-a79b-4e3a-a280-260ca4437bb1][logger:main][pr:][rr:7b77f6f3-a79b-4e3a-a280-260ca4437bb1] logger initialized for RequestID: 7b77f6f3-a79b-4e3a-a280-260ca4437bb1
2026-06-23 05:27:52.80876Z INFO terraform_plum_v1 378   plugin.go:75 tfplum/repo.DefaultMgr.GetPluginByName               [cr:7b77f6f3-a79b-4e3a-a280-260ca4437bb1][logger:main][pr:][rr:7b77f6f3-a79b-4e3a-a280-260ca4437bb1] Get Plugin By Name: terraform-provider-nutanix
2026-06-23 05:27:52.81414Z INFO terraform_plum_v1 378   handler_wrapper.go:27 tfplum/service/management.InitRouter.HandlerWrapper.timer.func6 [logger:main] GET /api/v1/operations/plugins/terraform-provider-nutanix/1 -> Time Taken: 5.632141ms
2026-06-23 05:27:54.60321Z INFO terraform_plum_v1 378   handler_wrapper.go:24 tfplum/service/management.InitRouter.HandlerWrapper.timer.func6 [logger:main] GET /api/v1/operations/plugins/terraform-provider-nutanix/1 -> Executing Request
2026-06-23 05:27:54.60332Z INFO terraform_plum_v1 378   server_before.go:33 tfplum/middleware.InitLogger                  [cr:f0fd1bde-35a7-497e-9b42-584933579c84][logger:main][pr:][rr:f0fd1bde-35a7-497e-9b42-584933579c84] logger initialized for RequestID: f0fd1bde-35a7-497e-9b42-584933579c84
2026-06-23 05:27:54.60339Z INFO terraform_plum_v1 378   plugin.go:75 tfplum/repo.DefaultMgr.GetPluginByName               [cr:f0fd1bde-35a7-497e-9b42-584933579c84][logger:main][pr:][rr:f0fd1bde-35a7-497e-9b42-584933579c84] Get Plugin By Name: terraform-provider-nutanix
2026-06-23 05:27:54.60800Z INFO terraform_plum_v1 378   handler_wrapper.go:27 tfplum/service/management.InitRouter.HandlerWrapper.timer.func6 [logger:main] GET /api/v1/operations/plugins/terraform-provider-nutanix/1 -> Time Taken: 4.743043ms
2026-06-23 05:28:22.90389Z INFO terraform_plum_v1 378   handler_wrapper.go:24 tfplum/service/management.InitRouter.HandlerWrapper.timer.func6 [logger:main] GET /api/v1/operations/plugins/terraform-provider-nutanix/1 -> Executing Request
2026-06-23 05:28:22.90404Z INFO terraform_plum_v1 378   server_before.go:33 tfplum/middleware.InitLogger                  [cr:4bf22b9f-0e23-4526-95ff-2212b391e75b][logger:main][pr:][rr:4bf22b9f-0e23-4526-95ff-2212b391e75b] logger initialized for RequestID: 4bf22b9f-0e23-4526-95ff-2212b391e75b
2026-06-23 05:28:22.90417Z INFO terraform_plum_v1 378   plugin.go:75 tfplum/repo.DefaultMgr.GetPluginByName               [cr:4bf22b9f-0e23-4526-95ff-2212b391e75b][logger:main][pr:][rr:4bf22b9f-0e23-4526-95ff-2212b391e75b] Get Plugin By Name: terraform-provider-nutanix
2026-06-23 05:28:22.91001Z INFO terraform_plum_v1 378   handler_wrapper.go:27 tfplum/service/management.InitRouter.HandlerWrapper.timer.func6 [logger:main] GET /api/v1/operations/plugins/terraform-provider-nutanix/1 -> Time Taken: 6.012205ms
2026-06-23 05:28:24.50717Z INFO terraform_plum_v1 378   handler_wrapper.go:24 tfplum/service/management.InitRouter.HandlerWrapper.timer.func6 [logger:main] GET /api/v1/operations/plugins/terraform-provider-nutanix/1 -> Executing Request
2026-06-23 05:28:24.50726Z INFO terraform_plum_v1 378   server_before.go:33 tfplum/middleware.InitLogger                  [cr:bd9e6b5c-9184-4899-85e4-dfa2cfd30047][logger:main][pr:][rr:bd9e6b5c-9184-4899-85e4-dfa2cfd30047] logger initialized for RequestID: bd9e6b5c-9184-4899-85e4-dfa2cfd30047
2026-06-23 05:28:24.50733Z INFO terraform_plum_v1 378   plugin.go:75 tfplum/repo.DefaultMgr.GetPluginByName               [cr:bd9e6b5c-9184-4899-85e4-dfa2cfd30047][logger:main][pr:][rr:bd9e6b5c-9184-4899-85e4-dfa2cfd30047] Get Plugin By Name: terraform-provider-nutanix
2026-06-23 05:28:24.51248Z INFO terraform_plum_v1 378   handler_wrapper.go:27 tfplum/service/management.InitRouter.HandlerWrapper.timer.func6 [logger:main] GET /api/v1/operations/plugins/terraform-provider-nutanix/1 -> Time Taken: 5.256125ms
2026-06-23 05:28:52.33947Z INFO terraform_plum_v1 378   handler_wrapper.go:24 tfplum/service/management.InitRouter.HandlerWrapper.timer.func6 [logger:main] GET /api/v1/operations/plugins/terraform-provider-nutanix/1 -> Executing Request
2026-06-23 05:28:52.33964Z INFO terraform_plum_v1 378   server_before.go:33 tfplum/middleware.InitLogger                  [cr:60c533af-909b-404c-bec3-feabc60e6249][logger:main][pr:][rr:60c533af-909b-404c-bec3-feabc60e6249] logger initialized for RequestID: 60c533af-909b-404c-bec3-feabc60e6249
2026-06-23 05:28:52.33976Z INFO terraform_plum_v1 378   plugin.go:75 tfplum/repo.DefaultMgr.GetPluginByName               [cr:60c533af-909b-404c-bec3-feabc60e6249][logger:main][pr:][rr:60c533af-909b-404c-bec3-feabc60e6249] Get Plugin By Name: terraform-provider-nutanix
2026-06-23 05:28:52.41327Z INFO terraform_plum_v1 378   handler_wrapper.go:27 tfplum/service/management.InitRouter.HandlerWrapper.timer.func6 [logger:main] GET /api/v1/operations/plugins/terraform-provider-nutanix/1 -> Time Taken: 73.701162ms
2026-06-23 05:28:54.50588Z INFO terraform_plum_v1 378   handler_wrapper.go:24 tfplum/service/management.InitRouter.HandlerWrapper.timer.func6 [logger:main] GET /api/v1/operations/plugins/terraform-provider-nutanix/1 -> Executing Request
2026-06-23 05:28:54.50602Z INFO terraform_plum_v1 378   server_before.go:33 tfplum/middleware.InitLogger                  [cr:e63af83f-125b-4cc9-b2cd-ff4db3b6dc82][logger:main][pr:][rr:e63af83f-125b-4cc9-b2cd-ff4db3b6dc82] logger initialized for RequestID: e63af83f-125b-4cc9-b2cd-ff4db3b6dc82
2026-06-23 05:28:54.50611Z INFO terraform_plum_v1 378   plugin.go:75 tfplum/repo.DefaultMgr.GetPluginByName               [cr:e63af83f-125b-4cc9-b2cd-ff4db3b6dc82][logger:main][pr:][rr:e63af83f-125b-4cc9-b2cd-ff4db3b6dc82] Get Plugin By Name: terraform-provider-nutanix
2026-06-23 05:28:54.51093Z INFO terraform_plum_v1 378   handler_wrapper.go:27 tfplum/service/management.InitRouter.HandlerWrapper.timer.func6 [logger:main] GET /api/v1/operations/plugins/terraform-provider-nutanix/1 -> Time Taken: 4.980419ms
2026-06-23 05:29:22.13054Z INFO terraform_plum_v1 378   handler_wrapper.go:24 tfplum/service/management.InitRouter.HandlerWrapper.timer.func6 [logger:main] GET /api/v1/operations/plugins/terraform-provider-nutanix/1 -> Executing Request
2026-06-23 05:29:22.21691Z INFO terraform_plum_v1 378   server_before.go:33 tfplum/middleware.InitLogger                  [cr:6a18a9b7-23ca-4dd0-b801-2778c62c9895][logger:main][pr:][rr:6a18a9b7-23ca-4dd0-b801-2778c62c9895] logger initialized for RequestID: 6a18a9b7-23ca-4dd0-b801-2778c62c9895
2026-06-23 05:29:22.21709Z INFO terraform_plum_v1 378   plugin.go:75 tfplum/repo.DefaultMgr.GetPluginByName               [cr:6a18a9b7-23ca-4dd0-b801-2778c62c9895][logger:main][pr:][rr:6a18a9b7-23ca-4dd0-b801-2778c62c9895] Get Plugin By Name: terraform-provider-nutanix
2026-06-23 05:29:22.31741Z INFO terraform_plum_v1 378   handler_wrapper.go:27 tfplum/service/management.InitRouter.HandlerWrapper.timer.func6 [logger:main] GET /api/v1/operations/plugins/terraform-provider-nutanix/1 -> Time Taken: 186.703496ms
2026-06-23 05:29:24.49143Z INFO terraform_plum_v1 378   handler_wrapper.go:24 tfplum/service/management.InitRouter.HandlerWrapper.timer.func6 [logger:main] GET /api/v1/operations/plugins/terraform-provider-nutanix/1 -> Executing Request
2026-06-23 05:29:24.49151Z INFO terraform_plum_v1 378   server_before.go:33 tfplum/middleware.InitLogger                  [cr:885da035-d9da-4f37-bfba-99d7ce56c012][logger:main][pr:][rr:885da035-d9da-4f37-bfba-99d7ce56c012] logger initialized for RequestID: 885da035-d9da-4f37-bfba-99d7ce56c012
2026-06-23 05:29:24.49159Z INFO terraform_plum_v1 378   plugin.go:75 tfplum/repo.DefaultMgr.GetPluginByName               [cr:885da035-d9da-4f37-bfba-99d7ce56c012][logger:main][pr:][rr:885da035-d9da-4f37-bfba-99d7ce56c012] Get Plugin By Name: terraform-provider-nutanix
2026-06-23 05:29:24.50310Z INFO terraform_plum_v1 378   handler_wrapper.go:27 tfplum/service/management.InitRouter.HandlerWrapper.timer.func6 [logger:main] GET /api/v1/operations/plugins/terraform-provider-nutanix/1 -> Time Taken: 11.625174ms
2026-06-23 05:29:51.93086Z INFO terraform_plum_v1 378   handler_wrapper.go:24 tfplum/service/management.InitRouter.HandlerWrapper.timer.func6 [logger:main] GET /api/v1/operations/plugins/terraform-provider-nutanix/1 -> Executing Request
2026-06-23 05:29:52.01280Z INFO terraform_plum_v1 378   server_before.go:33 tfplum/middleware.InitLogger                  [cr:d5741fb4-b4e8-466b-a286-acb90070078a][logger:main][pr:][rr:d5741fb4-b4e8-466b-a286-acb90070078a] logger initialized for RequestID: d5741fb4-b4e8-466b-a286-acb90070078a
2026-06-23 05:29:52.02754Z INFO terraform_plum_v1 378   plugin.go:75 tfplum/repo.DefaultMgr.GetPluginByName               [cr:d5741fb4-b4e8-466b-a286-acb90070078a][logger:main][pr:][rr:d5741fb4-b4e8-466b-a286-acb90070078a] Get Plugin By Name: terraform-provider-nutanix
2026-06-23 05:29:52.21087Z INFO terraform_plum_v1 378   handler_wrapper.go:27 tfplum/service/management.InitRouter.HandlerWrapper.timer.func6 [logger:main] GET /api/v1/operations/plugins/terraform-provider-nutanix/1 -> Time Taken: 204.223194ms
2026-06-23 05:29:54.50239Z INFO terraform_plum_v1 378   handler_wrapper.go:24 tfplum/service/management.InitRouter.HandlerWrapper.timer.func6 [logger:main] GET /api/v1/operations/plugins/terraform-provider-nutanix/1 -> Executing Request
2026-06-23 05:29:54.50250Z INFO terraform_plum_v1 378   server_before.go:33 tfplum/middleware.InitLogger                  [cr:c8e2c3b7-70c7-4caa-aa1d-9a86b2ec76f7][logger:main][pr:][rr:c8e2c3b7-70c7-4caa-aa1d-9a86b2ec76f7] logger initialized for RequestID: c8e2c3b7-70c7-4caa-aa1d-9a86b2ec76f7
2026-06-23 05:29:54.50258Z INFO terraform_plum_v1 378   plugin.go:75 tfplum/repo.DefaultMgr.GetPluginByName               [cr:c8e2c3b7-70c7-4caa-aa1d-9a86b2ec76f7][logger:main][pr:][rr:c8e2c3b7-70c7-4caa-aa1d-9a86b2ec76f7] Get Plugin By Name: terraform-provider-nutanix
2026-06-23 05:29:54.50693Z INFO terraform_plum_v1 378   handler_wrapper.go:27 tfplum/service/management.InitRouter.HandlerWrapper.timer.func6 [logger:main] GET /api/v1/operations/plugins/terraform-provider-nutanix/1 -> Time Taken: 4.484083ms
2026-06-23 05:30:22.31487Z INFO terraform_plum_v1 378   handler_wrapper.go:24 tfplum/service/management.InitRouter.HandlerWrapper.timer.func6 [logger:main] GET /api/v1/operations/plugins/terraform-provider-nutanix/1 -> Executing Request
2026-06-23 05:30:22.31502Z INFO terraform_plum_v1 378   server_before.go:33 tfplum/middleware.InitLogger                  [cr:e4477716-b4b1-417a-ad2a-0ca6bca859af][logger:main][pr:][rr:e4477716-b4b1-417a-ad2a-0ca6bca859af] logger initialized for RequestID: e4477716-b4b1-417a-ad2a-0ca6bca859af
2026-06-23 05:30:22.31518Z INFO terraform_plum_v1 378   plugin.go:75 tfplum/repo.DefaultMgr.GetPluginByName               [cr:e4477716-b4b1-417a-ad2a-0ca6bca859af][logger:main][pr:][rr:e4477716-b4b1-417a-ad2a-0ca6bca859af] Get Plugin By Name: terraform-provider-nutanix
2026-06-23 05:30:22.40261Z INFO terraform_plum_v1 378   handler_wrapper.go:27 tfplum/service/management.InitRouter.HandlerWrapper.timer.func6 [logger:main] GET /api/v1/operations/plugins/terraform-provider-nutanix/1 -> Time Taken: 87.645424ms
2026-06-23 05:30:24.47715Z INFO terraform_plum_v1 378   handler_wrapper.go:24 tfplum/service/management.InitRouter.HandlerWrapper.timer.func6 [logger:main] GET /api/v1/operations/plugins/terraform-provider-nutanix/1 -> Executing Request
2026-06-23 05:30:24.47727Z INFO terraform_plum_v1 378   server_before.go:33 tfplum/middleware.InitLogger                  [cr:b5da9cfa-8db4-4f12-b68b-30d19be1115c][logger:main][pr:][rr:b5da9cfa-8db4-4f12-b68b-30d19be1115c] logger initialized for RequestID: b5da9cfa-8db4-4f12-b68b-30d19be1115c
2026-06-23 05:30:24.47733Z INFO terraform_plum_v1 378   plugin.go:75 tfplum/repo.DefaultMgr.GetPluginByName               [cr:b5da9cfa-8db4-4f12-b68b-30d19be1115c][logger:main][pr:][rr:b5da9cfa-8db4-4f12-b68b-30d19be1115c] Get Plugin By Name: terraform-provider-nutanix
2026-06-23 05:30:24.49343Z INFO terraform_plum_v1 378   handler_wrapper.go:27 tfplum/service/management.InitRouter.HandlerWrapper.timer.func6 [logger:main] GET /api/v1/operations/plugins/terraform-provider-nutanix/1 -> Time Taken: 16.203447ms
2026-06-23 05:30:52.40266Z INFO terraform_plum_v1 378   handler_wrapper.go:24 tfplum/service/management.InitRouter.HandlerWrapper.timer.func6 [logger:main] GET /api/v1/operations/plugins/terraform-provider-nutanix/1 -> Executing Request
2026-06-23 05:30:52.40287Z INFO terraform_plum_v1 378   server_before.go:33 tfplum/middleware.InitLogger                  [cr:3b17cbbc-5874-4453-9dea-629b6ad357d5][logger:main][pr:][rr:3b17cbbc-5874-4453-9dea-629b6ad357d5] logger initialized for RequestID: 3b17cbbc-5874-4453-9dea-629b6ad357d5
2026-06-23 05:30:52.40299Z INFO terraform_plum_v1 378   plugin.go:75 tfplum/repo.DefaultMgr.GetPluginByName               [cr:3b17cbbc-5874-4453-9dea-629b6ad357d5][logger:main][pr:][rr:3b17cbbc-5874-4453-9dea-629b6ad357d5] Get Plugin By Name: terraform-provider-nutanix
2026-06-23 05:30:52.40766Z INFO terraform_plum_v1 378   handler_wrapper.go:27 tfplum/service/management.InitRouter.HandlerWrapper.timer.func6 [logger:main] GET /api/v1/operations/plugins/terraform-provider-nutanix/1 -> Time Taken: 4.929876ms
2026-06-23 05:30:54.48748Z INFO terraform_plum_v1 378   handler_wrapper.go:24 tfplum/service/management.InitRouter.HandlerWrapper.timer.func6 [logger:main] GET /api/v1/operations/plugins/terraform-provider-nutanix/1 -> Executing Request
2026-06-23 05:30:54.48759Z INFO terraform_plum_v1 378   server_before.go:33 tfplum/middleware.InitLogger                  [cr:1dd2fbd5-2607-4842-91d3-7f0330ed79aa][logger:main][pr:][rr:1dd2fbd5-2607-4842-91d3-7f0330ed79aa] logger initialized for RequestID: 1dd2fbd5-2607-4842-91d3-7f0330ed79aa
2026-06-23 05:30:54.48767Z INFO terraform_plum_v1 378   plugin.go:75 tfplum/repo.DefaultMgr.GetPluginByName               [cr:1dd2fbd5-2607-4842-91d3-7f0330ed79aa][logger:main][pr:][rr:1dd2fbd5-2607-4842-91d3-7f0330ed79aa] Get Plugin By Name: terraform-provider-nutanix
2026-06-23 05:30:54.50295Z INFO terraform_plum_v1 378   handler_wrapper.go:27 tfplum/service/management.InitRouter.HandlerWrapper.timer.func6 [logger:main] GET /api/v1/operations/plugins/terraform-provider-nutanix/1 -> Time Taken: 15.410088ms
2026-06-23 05:31:22.04893Z INFO terraform_plum_v1 378   handler_wrapper.go:24 tfplum/service/management.InitRouter.HandlerWrapper.timer.func6 [logger:main] GET /api/v1/operations/plugins/terraform-provider-nutanix/1 -> Executing Request
2026-06-23 05:31:22.12612Z INFO terraform_plum_v1 378   server_before.go:33 tfplum/middleware.InitLogger                  [cr:e9bdf926-1ad1-49a9-828f-e5014ff2294e][logger:main][pr:][rr:e9bdf926-1ad1-49a9-828f-e5014ff2294e] logger initialized for RequestID: e9bdf926-1ad1-49a9-828f-e5014ff2294e
2026-06-23 05:31:22.12634Z INFO terraform_plum_v1 378   plugin.go:75 tfplum/repo.DefaultMgr.GetPluginByName               [cr:e9bdf926-1ad1-49a9-828f-e5014ff2294e][logger:main][pr:][rr:e9bdf926-1ad1-49a9-828f-e5014ff2294e] Get Plugin By Name: terraform-provider-nutanix
2026-06-23 05:31:22.22417Z INFO terraform_plum_v1 378   handler_wrapper.go:27 tfplum/service/management.InitRouter.HandlerWrapper.timer.func6 [logger:main] GET /api/v1/operations/plugins/terraform-provider-nutanix/1 -> Time Taken: 174.522393ms
2026-06-23 05:31:24.50352Z INFO terraform_plum_v1 378   handler_wrapper.go:24 tfplum/service/management.InitRouter.HandlerWrapper.timer.func6 [logger:main] GET /api/v1/operations/plugins/terraform-provider-nutanix/1 -> Executing Request
2026-06-23 05:31:24.50360Z INFO terraform_plum_v1 378   server_before.go:33 tfplum/middleware.InitLogger                  [cr:040f96ac-b8aa-4924-9152-9a780f85e5b4][logger:main][pr:][rr:040f96ac-b8aa-4924-9152-9a780f85e5b4] logger initialized for RequestID: 040f96ac-b8aa-4924-9152-9a780f85e5b4
2026-06-23 05:31:24.50367Z INFO terraform_plum_v1 378   plugin.go:75 tfplum/repo.DefaultMgr.GetPluginByName               [cr:040f96ac-b8aa-4924-9152-9a780f85e5b4][logger:main][pr:][rr:040f96ac-b8aa-4924-9152-9a780f85e5b4] Get Plugin By Name: terraform-provider-nutanix
2026-06-23 05:31:24.50843Z INFO terraform_plum_v1 378   handler_wrapper.go:27 tfplum/service/management.InitRouter.HandlerWrapper.timer.func6 [logger:main] GET /api/v1/operations/plugins/terraform-provider-nutanix/1 -> Time Taken: 4.872772ms
2026-06-23 05:31:52.10619Z INFO terraform_plum_v1 378   handler_wrapper.go:24 tfplum/service/management.InitRouter.HandlerWrapper.timer.func6 [logger:main] GET /api/v1/operations/plugins/terraform-provider-nutanix/1 -> Executing Request
2026-06-23 05:31:52.11732Z INFO terraform_plum_v1 378   server_before.go:33 tfplum/middleware.InitLogger                  [cr:617cfa42-3618-4bb1-9120-a58bd0afb4d7][logger:main][pr:][rr:617cfa42-3618-4bb1-9120-a58bd0afb4d7] logger initialized for RequestID: 617cfa42-3618-4bb1-9120-a58bd0afb4d7
2026-06-23 05:31:52.12272Z INFO terraform_plum_v1 378   plugin.go:75 tfplum/repo.DefaultMgr.GetPluginByName               [cr:617cfa42-3618-4bb1-9120-a58bd0afb4d7][logger:main][pr:][rr:617cfa42-3618-4bb1-9120-a58bd0afb4d7] Get Plugin By Name: terraform-provider-nutanix
2026-06-23 05:31:52.29264Z INFO terraform_plum_v1 378   handler_wrapper.go:27 tfplum/service/management.InitRouter.HandlerWrapper.timer.func6 [logger:main] GET /api/v1/operations/plugins/terraform-provider-nutanix/1 -> Time Taken: 186.32632ms
2026-06-23 05:31:54.48317Z INFO terraform_plum_v1 378   handler_wrapper.go:24 tfplum/service/management.InitRouter.HandlerWrapper.timer.func6 [logger:main] GET /api/v1/operations/plugins/terraform-provider-nutanix/1 -> Executing Request
2026-06-23 05:31:54.48328Z INFO terraform_plum_v1 378   server_before.go:33 tfplum/middleware.InitLogger                  [cr:30e734fe-fc54-476f-a22a-f488fa81bfd7][logger:main][pr:][rr:30e734fe-fc54-476f-a22a-f488fa81bfd7] logger initialized for RequestID: 30e734fe-fc54-476f-a22a-f488fa81bfd7
2026-06-23 05:31:54.48335Z INFO terraform_plum_v1 378   plugin.go:75 tfplum/repo.DefaultMgr.GetPluginByName               [cr:30e734fe-fc54-476f-a22a-f488fa81bfd7][logger:main][pr:][rr:30e734fe-fc54-476f-a22a-f488fa81bfd7] Get Plugin By Name: terraform-provider-nutanix
2026-06-23 05:31:54.50289Z INFO terraform_plum_v1 378   handler_wrapper.go:27 tfplum/service/management.InitRouter.HandlerWrapper.timer.func6 [logger:main] GET /api/v1/operations/plugins/terraform-provider-nutanix/1 -> Time Taken: 19.66719ms
2026-06-23 05:32:22.41043Z INFO terraform_plum_v1 378   handler_wrapper.go:24 tfplum/service/management.InitRouter.HandlerWrapper.timer.func6 [logger:main] GET /api/v1/operations/plugins/terraform-provider-nutanix/1 -> Executing Request
2026-06-23 05:32:22.41061Z INFO terraform_plum_v1 378   server_before.go:33 tfplum/middleware.InitLogger                  [cr:16bd6873-e181-481d-97fc-2b374539f66d][logger:main][pr:][rr:16bd6873-e181-481d-97fc-2b374539f66d] logger initialized for RequestID: 16bd6873-e181-481d-97fc-2b374539f66d
2026-06-23 05:32:22.41077Z INFO terraform_plum_v1 378   plugin.go:75 tfplum/repo.DefaultMgr.GetPluginByName               [cr:16bd6873-e181-481d-97fc-2b374539f66d][logger:main][pr:][rr:16bd6873-e181-481d-97fc-2b374539f66d] Get Plugin By Name: terraform-provider-nutanix
2026-06-23 05:32:22.41573Z INFO terraform_plum_v1 378   handler_wrapper.go:27 tfplum/service/management.InitRouter.HandlerWrapper.timer.func6 [logger:main] GET /api/v1/operations/plugins/terraform-provider-nutanix/1 -> Time Taken: 5.184575ms
2026-06-23 05:32:24.47712Z INFO terraform_plum_v1 378   handler_wrapper.go:24 tfplum/service/management.InitRouter.HandlerWrapper.timer.func6 [logger:main] GET /api/v1/operations/plugins/terraform-provider-nutanix/1 -> Executing Request
2026-06-23 05:32:24.47721Z INFO terraform_plum_v1 378   server_before.go:33 tfplum/middleware.InitLogger                  [cr:b82b4b3e-5c5b-4144-935f-7a6561f016b9][logger:main][pr:][rr:b82b4b3e-5c5b-4144-935f-7a6561f016b9] logger initialized for RequestID: b82b4b3e-5c5b-4144-935f-7a6561f016b9
2026-06-23 05:32:24.47727Z INFO terraform_plum_v1 378   plugin.go:75 tfplum/repo.DefaultMgr.GetPluginByName               [cr:b82b4b3e-5c5b-4144-935f-7a6561f016b9][logger:main][pr:][rr:b82b4b3e-5c5b-4144-935f-7a6561f016b9] Get Plugin By Name: terraform-provider-nutanix
2026-06-23 05:32:24.48171Z INFO terraform_plum_v1 378   handler_wrapper.go:27 tfplum/service/management.InitRouter.HandlerWrapper.timer.func6 [logger:main] GET /api/v1/operations/plugins/terraform-provider-nutanix/1 -> Time Taken: 4.536538ms
