Defaulted container "ncm-policy" out of: ncm-policy, ncm-logging-sidecar
*******************************************************************
You are logged in policy container.
Dont edit any files. this might corrupt Calm data.
Commands for container:
activate - activate's policy virtual env
code - Changes directory to policy code
home - Changes directory to policy home which has conf files
status - Prints policy service status
********************************************************************
tail: inotify cannot be used, reverting to polling: Too many open files
2026-06-23 05:01:54.47714Z INFO terraform_plum_v1 377   plugin.go:75 tfplum/repo.DefaultMgr.GetPluginByName               [cr:45fd4623-35c3-4e8b-9a43-0bf45f21ce98][logger:main][pr:][rr:45fd4623-35c3-4e8b-9a43-0bf45f21ce98] Get Plugin By Name: terraform-provider-nutanix
2026-06-23 05:01:54.48144Z INFO terraform_plum_v1 377   handler_wrapper.go:27 tfplum/service/management.InitRouter.HandlerWrapper.timer.func6 [logger:main] GET /api/v1/operations/plugins/terraform-provider-nutanix/1 -> Time Taken: 4.432889ms
2026-06-23 05:02:44.20498Z INFO terraform_plum_v1 377   handler_wrapper.go:24 tfplum/service/management.InitRouter.HandlerWrapper.timer.func6 [logger:main] GET /api/v1/operations/plugins/terraform-provider-nutanix/1 -> Executing Request
2026-06-23 05:02:44.30261Z INFO terraform_plum_v1 377   handler_wrapper.go:24 tfplum/service/management.InitRouter.HandlerWrapper.timer.func6 [logger:main] GET /api/v1/operations/plugins/terraform-provider-nutanix/1 -> Executing Request
2026-06-23 05:02:44.70197Z INFO terraform_plum_v1 377   server_before.go:33 tfplum/middleware.InitLogger                  [cr:6ef32881-c367-4380-a46c-8c485886e419][logger:main][pr:][rr:6ef32881-c367-4380-a46c-8c485886e419] logger initialized for RequestID: 6ef32881-c367-4380-a46c-8c485886e419
2026-06-23 05:02:44.72029Z INFO terraform_plum_v1 377   plugin.go:75 tfplum/repo.DefaultMgr.GetPluginByName               [cr:6ef32881-c367-4380-a46c-8c485886e419][logger:main][pr:][rr:6ef32881-c367-4380-a46c-8c485886e419] Get Plugin By Name: terraform-provider-nutanix
2026-06-23 05:02:45.10263Z INFO terraform_plum_v1 377   server_before.go:33 tfplum/middleware.InitLogger                  [cr:53a4e38a-1731-4728-b134-2c3e6fd5136f][logger:main][pr:][rr:53a4e38a-1731-4728-b134-2c3e6fd5136f] logger initialized for RequestID: 53a4e38a-1731-4728-b134-2c3e6fd5136f
2026-06-23 05:02:45.10275Z INFO terraform_plum_v1 377   plugin.go:75 tfplum/repo.DefaultMgr.GetPluginByName               [cr:53a4e38a-1731-4728-b134-2c3e6fd5136f][logger:main][pr:][rr:53a4e38a-1731-4728-b134-2c3e6fd5136f] Get Plugin By Name: terraform-provider-nutanix
2026-06-23 05:02:47.00192Z INFO terraform_plum_v1 377   handler_wrapper.go:27 tfplum/service/management.InitRouter.HandlerWrapper.timer.func6 [logger:main] GET /api/v1/operations/plugins/terraform-provider-nutanix/1 -> Time Taken: 2.701679212s
2026-06-23 05:02:48.10213Z INFO terraform_plum_v1 377   handler_wrapper.go:27 tfplum/service/management.InitRouter.HandlerWrapper.timer.func6 [logger:main] GET /api/v1/operations/plugins/terraform-provider-nutanix/1 -> Time Taken: 3.799424778s
2026-06-23 05:03:38.90346Z INFO terraform_plum_v1 377   handler_wrapper.go:24 tfplum/service/management.InitRouter.HandlerWrapper.timer.func6 [logger:main] GET /api/v1/operations/plugins/terraform-provider-nutanix/1 -> Executing Request
2026-06-23 05:03:39.50342Z INFO terraform_plum_v1 377   server_before.go:33 tfplum/middleware.InitLogger                  [cr:0c83f0fe-3be5-4b1c-b48d-a381795560e0][logger:main][pr:][rr:0c83f0fe-3be5-4b1c-b48d-a381795560e0] logger initialized for RequestID: 0c83f0fe-3be5-4b1c-b48d-a381795560e0
2026-06-23 05:03:39.51633Z INFO terraform_plum_v1 377   plugin.go:75 tfplum/repo.DefaultMgr.GetPluginByName               [cr:0c83f0fe-3be5-4b1c-b48d-a381795560e0][logger:main][pr:][rr:0c83f0fe-3be5-4b1c-b48d-a381795560e0] Get Plugin By Name: terraform-provider-nutanix
2026-06-23 05:03:41.31402Z INFO terraform_plum_v1 377   handler_wrapper.go:27 tfplum/service/management.InitRouter.HandlerWrapper.timer.func6 [logger:main] GET /api/v1/operations/plugins/terraform-provider-nutanix/1 -> Time Taken: 2.308588895s
2026-06-23 05:03:41.40197Z INFO terraform_plum_v1 377   handler_wrapper.go:24 tfplum/service/management.InitRouter.HandlerWrapper.timer.func6 [logger:main] GET /api/v1/operations/plugins/terraform-provider-nutanix/1 -> Executing Request
2026-06-23 05:03:41.80546Z INFO terraform_plum_v1 377   server_before.go:33 tfplum/middleware.InitLogger                  [cr:d7efe429-dab7-4942-8db1-aa870e171ff7][logger:main][pr:][rr:d7efe429-dab7-4942-8db1-aa870e171ff7] logger initialized for RequestID: d7efe429-dab7-4942-8db1-aa870e171ff7
2026-06-23 05:03:41.80566Z INFO terraform_plum_v1 377   plugin.go:75 tfplum/repo.DefaultMgr.GetPluginByName               [cr:d7efe429-dab7-4942-8db1-aa870e171ff7][logger:main][pr:][rr:d7efe429-dab7-4942-8db1-aa870e171ff7] Get Plugin By Name: terraform-provider-nutanix
2026-06-23 05:03:42.00215Z INFO terraform_plum_v1 377   handler_wrapper.go:24 tfplum/service/management.InitRouter.HandlerWrapper.timer.func6 [logger:main] GET /api/v1/operations/plugins/terraform-provider-nutanix/1 -> Executing Request
2026-06-23 05:03:42.01860Z INFO terraform_plum_v1 377   handler_wrapper.go:27 tfplum/service/management.InitRouter.HandlerWrapper.timer.func6 [logger:main] GET /api/v1/operations/plugins/terraform-provider-nutanix/1 -> Time Taken: 616.565357ms
2026-06-23 05:03:42.10197Z INFO terraform_plum_v1 377   server_before.go:33 tfplum/middleware.InitLogger                  [cr:60bec393-a1dd-4bcf-8e89-b28b848a2366][logger:main][pr:][rr:60bec393-a1dd-4bcf-8e89-b28b848a2366] logger initialized for RequestID: 60bec393-a1dd-4bcf-8e89-b28b848a2366
2026-06-23 05:03:42.10206Z INFO terraform_plum_v1 377   plugin.go:75 tfplum/repo.DefaultMgr.GetPluginByName               [cr:60bec393-a1dd-4bcf-8e89-b28b848a2366][logger:main][pr:][rr:60bec393-a1dd-4bcf-8e89-b28b848a2366] Get Plugin By Name: terraform-provider-nutanix
2026-06-23 05:03:42.30212Z INFO terraform_plum_v1 377   handler_wrapper.go:27 tfplum/service/management.InitRouter.HandlerWrapper.timer.func6 [logger:main] GET /api/v1/operations/plugins/terraform-provider-nutanix/1 -> Time Taken: 200.23148ms
2026-06-23 05:03:42.80251Z INFO terraform_plum_v1 377   handler_wrapper.go:24 tfplum/service/management.InitRouter.HandlerWrapper.timer.func6 [logger:main] GET /api/v1/operations/plugins/terraform-provider-nutanix/1 -> Executing Request
2026-06-23 05:03:42.80259Z INFO terraform_plum_v1 377   server_before.go:33 tfplum/middleware.InitLogger                  [cr:32ab9e98-4e46-433e-98cb-64e1c6dfe4f6][logger:main][pr:][rr:32ab9e98-4e46-433e-98cb-64e1c6dfe4f6] logger initialized for RequestID: 32ab9e98-4e46-433e-98cb-64e1c6dfe4f6
2026-06-23 05:03:42.80266Z INFO terraform_plum_v1 377   plugin.go:75 tfplum/repo.DefaultMgr.GetPluginByName               [cr:32ab9e98-4e46-433e-98cb-64e1c6dfe4f6][logger:main][pr:][rr:32ab9e98-4e46-433e-98cb-64e1c6dfe4f6] Get Plugin By Name: terraform-provider-nutanix
2026-06-23 05:03:43.10217Z INFO terraform_plum_v1 377   handler_wrapper.go:27 tfplum/service/management.InitRouter.HandlerWrapper.timer.func6 [logger:main] GET /api/v1/operations/plugins/terraform-provider-nutanix/1 -> Time Taken: 299.60767ms
2026-06-23 05:03:51.90412Z INFO terraform_plum_v1 377   handler_wrapper.go:24 tfplum/service/management.InitRouter.HandlerWrapper.timer.func6 [logger:main] GET /api/v1/operations/plugins/terraform-provider-nutanix/1 -> Executing Request
2026-06-23 05:03:51.90420Z INFO terraform_plum_v1 377   server_before.go:33 tfplum/middleware.InitLogger                  [cr:e35cda50-442f-473b-8971-285d34d4df49][logger:main][pr:][rr:e35cda50-442f-473b-8971-285d34d4df49] logger initialized for RequestID: e35cda50-442f-473b-8971-285d34d4df49
2026-06-23 05:03:51.90425Z INFO terraform_plum_v1 377   plugin.go:75 tfplum/repo.DefaultMgr.GetPluginByName               [cr:e35cda50-442f-473b-8971-285d34d4df49][logger:main][pr:][rr:e35cda50-442f-473b-8971-285d34d4df49] Get Plugin By Name: terraform-provider-nutanix
2026-06-23 05:03:51.90895Z INFO terraform_plum_v1 377   handler_wrapper.go:27 tfplum/service/management.InitRouter.HandlerWrapper.timer.func6 [logger:main] GET /api/v1/operations/plugins/terraform-provider-nutanix/1 -> Time Taken: 4.78676ms
2026-06-23 05:03:54.50415Z INFO terraform_plum_v1 377   handler_wrapper.go:24 tfplum/service/management.InitRouter.HandlerWrapper.timer.func6 [logger:main] GET /api/v1/operations/plugins/terraform-provider-nutanix/1 -> Executing Request
2026-06-23 05:03:54.50425Z INFO terraform_plum_v1 377   server_before.go:33 tfplum/middleware.InitLogger                  [cr:32dc5597-e651-4dfe-aad1-d01ce015bd5d][logger:main][pr:][rr:32dc5597-e651-4dfe-aad1-d01ce015bd5d] logger initialized for RequestID: 32dc5597-e651-4dfe-aad1-d01ce015bd5d
2026-06-23 05:03:54.50433Z INFO terraform_plum_v1 377   plugin.go:75 tfplum/repo.DefaultMgr.GetPluginByName               [cr:32dc5597-e651-4dfe-aad1-d01ce015bd5d][logger:main][pr:][rr:32dc5597-e651-4dfe-aad1-d01ce015bd5d] Get Plugin By Name: terraform-provider-nutanix
2026-06-23 05:03:54.50871Z INFO terraform_plum_v1 377   handler_wrapper.go:27 tfplum/service/management.InitRouter.HandlerWrapper.timer.func6 [logger:main] GET /api/v1/operations/plugins/terraform-provider-nutanix/1 -> Time Taken: 4.514809ms
2026-06-23 05:04:22.32556Z INFO terraform_plum_v1 377   handler_wrapper.go:24 tfplum/service/management.InitRouter.HandlerWrapper.timer.func6 [logger:main] GET /api/v1/operations/plugins/terraform-provider-nutanix/1 -> Executing Request
2026-06-23 05:04:22.41458Z INFO terraform_plum_v1 377   server_before.go:33 tfplum/middleware.InitLogger                  [cr:f8620cbd-97bb-43ca-afa9-872cd429725e][logger:main][pr:][rr:f8620cbd-97bb-43ca-afa9-872cd429725e] logger initialized for RequestID: f8620cbd-97bb-43ca-afa9-872cd429725e
2026-06-23 05:04:22.42332Z INFO terraform_plum_v1 377   plugin.go:75 tfplum/repo.DefaultMgr.GetPluginByName               [cr:f8620cbd-97bb-43ca-afa9-872cd429725e][logger:main][pr:][rr:f8620cbd-97bb-43ca-afa9-872cd429725e] Get Plugin By Name: terraform-provider-nutanix
2026-06-23 05:04:22.52105Z INFO terraform_plum_v1 377   handler_wrapper.go:27 tfplum/service/management.InitRouter.HandlerWrapper.timer.func6 [logger:main] GET /api/v1/operations/plugins/terraform-provider-nutanix/1 -> Time Taken: 195.353222ms
2026-06-23 05:04:24.50327Z INFO terraform_plum_v1 377   handler_wrapper.go:24 tfplum/service/management.InitRouter.HandlerWrapper.timer.func6 [logger:main] GET /api/v1/operations/plugins/terraform-provider-nutanix/1 -> Executing Request
2026-06-23 05:04:24.50336Z INFO terraform_plum_v1 377   server_before.go:33 tfplum/middleware.InitLogger                  [cr:44cd9d59-6e5e-4c38-9359-4cce0869c409][logger:main][pr:][rr:44cd9d59-6e5e-4c38-9359-4cce0869c409] logger initialized for RequestID: 44cd9d59-6e5e-4c38-9359-4cce0869c409
2026-06-23 05:04:24.50343Z INFO terraform_plum_v1 377   plugin.go:75 tfplum/repo.DefaultMgr.GetPluginByName               [cr:44cd9d59-6e5e-4c38-9359-4cce0869c409][logger:main][pr:][rr:44cd9d59-6e5e-4c38-9359-4cce0869c409] Get Plugin By Name: terraform-provider-nutanix
2026-06-23 05:04:24.50764Z INFO terraform_plum_v1 377   handler_wrapper.go:27 tfplum/service/management.InitRouter.HandlerWrapper.timer.func6 [logger:main] GET /api/v1/operations/plugins/terraform-provider-nutanix/1 -> Time Taken: 4.318442ms
2026-06-23 05:04:52.30634Z INFO terraform_plum_v1 377   handler_wrapper.go:24 tfplum/service/management.InitRouter.HandlerWrapper.timer.func6 [logger:main] GET /api/v1/operations/plugins/terraform-provider-nutanix/1 -> Executing Request
2026-06-23 05:04:52.30656Z INFO terraform_plum_v1 377   server_before.go:33 tfplum/middleware.InitLogger                  [cr:d2adcae7-cedc-411d-98cd-3834efe03183][logger:main][pr:][rr:d2adcae7-cedc-411d-98cd-3834efe03183] logger initialized for RequestID: d2adcae7-cedc-411d-98cd-3834efe03183
2026-06-23 05:04:52.30675Z INFO terraform_plum_v1 377   plugin.go:75 tfplum/repo.DefaultMgr.GetPluginByName               [cr:d2adcae7-cedc-411d-98cd-3834efe03183][logger:main][pr:][rr:d2adcae7-cedc-411d-98cd-3834efe03183] Get Plugin By Name: terraform-provider-nutanix
2026-06-23 05:04:52.31223Z INFO terraform_plum_v1 377   handler_wrapper.go:27 tfplum/service/management.InitRouter.HandlerWrapper.timer.func6 [logger:main] GET /api/v1/operations/plugins/terraform-provider-nutanix/1 -> Time Taken: 5.755086ms
2026-06-23 05:04:54.47701Z INFO terraform_plum_v1 377   handler_wrapper.go:24 tfplum/service/management.InitRouter.HandlerWrapper.timer.func6 [logger:main] GET /api/v1/operations/plugins/terraform-provider-nutanix/1 -> Executing Request
2026-06-23 05:04:54.47710Z INFO terraform_plum_v1 377   server_before.go:33 tfplum/middleware.InitLogger                  [cr:0520b828-fb68-430f-a74c-4cd798772891][logger:main][pr:][rr:0520b828-fb68-430f-a74c-4cd798772891] logger initialized for RequestID: 0520b828-fb68-430f-a74c-4cd798772891
2026-06-23 05:04:54.47715Z INFO terraform_plum_v1 377   plugin.go:75 tfplum/repo.DefaultMgr.GetPluginByName               [cr:0520b828-fb68-430f-a74c-4cd798772891][logger:main][pr:][rr:0520b828-fb68-430f-a74c-4cd798772891] Get Plugin By Name: terraform-provider-nutanix
2026-06-23 05:04:54.48193Z INFO terraform_plum_v1 377   handler_wrapper.go:27 tfplum/service/management.InitRouter.HandlerWrapper.timer.func6 [logger:main] GET /api/v1/operations/plugins/terraform-provider-nutanix/1 -> Time Taken: 4.874127ms
2026-06-23 05:05:22.40666Z INFO terraform_plum_v1 377   handler_wrapper.go:24 tfplum/service/management.InitRouter.HandlerWrapper.timer.func6 [logger:main] GET /api/v1/operations/plugins/terraform-provider-nutanix/1 -> Executing Request
2026-06-23 05:05:22.40691Z INFO terraform_plum_v1 377   server_before.go:33 tfplum/middleware.InitLogger                  [cr:955bf511-d581-4a08-b348-c200ba54a527][logger:main][pr:][rr:955bf511-d581-4a08-b348-c200ba54a527] logger initialized for RequestID: 955bf511-d581-4a08-b348-c200ba54a527
2026-06-23 05:05:22.40708Z INFO terraform_plum_v1 377   plugin.go:75 tfplum/repo.DefaultMgr.GetPluginByName               [cr:955bf511-d581-4a08-b348-c200ba54a527][logger:main][pr:][rr:955bf511-d581-4a08-b348-c200ba54a527] Get Plugin By Name: terraform-provider-nutanix
2026-06-23 05:05:22.41197Z INFO terraform_plum_v1 377   handler_wrapper.go:27 tfplum/service/management.InitRouter.HandlerWrapper.timer.func6 [logger:main] GET /api/v1/operations/plugins/terraform-provider-nutanix/1 -> Time Taken: 5.182786ms
2026-06-23 05:05:24.47724Z INFO terraform_plum_v1 377   handler_wrapper.go:24 tfplum/service/management.InitRouter.HandlerWrapper.timer.func6 [logger:main] GET /api/v1/operations/plugins/terraform-provider-nutanix/1 -> Executing Request
2026-06-23 05:05:24.47736Z INFO terraform_plum_v1 377   server_before.go:33 tfplum/middleware.InitLogger                  [cr:9cec2657-0b8b-4533-9d6c-b89ad1d90163][logger:main][pr:][rr:9cec2657-0b8b-4533-9d6c-b89ad1d90163] logger initialized for RequestID: 9cec2657-0b8b-4533-9d6c-b89ad1d90163
2026-06-23 05:05:24.47744Z INFO terraform_plum_v1 377   plugin.go:75 tfplum/repo.DefaultMgr.GetPluginByName               [cr:9cec2657-0b8b-4533-9d6c-b89ad1d90163][logger:main][pr:][rr:9cec2657-0b8b-4533-9d6c-b89ad1d90163] Get Plugin By Name: terraform-provider-nutanix
2026-06-23 05:05:24.48230Z INFO terraform_plum_v1 377   handler_wrapper.go:27 tfplum/service/management.InitRouter.HandlerWrapper.timer.func6 [logger:main] GET /api/v1/operations/plugins/terraform-provider-nutanix/1 -> Time Taken: 4.986482ms
2026-06-23 05:05:52.40980Z INFO terraform_plum_v1 377   handler_wrapper.go:24 tfplum/service/management.InitRouter.HandlerWrapper.timer.func6 [logger:main] GET /api/v1/operations/plugins/terraform-provider-nutanix/1 -> Executing Request
2026-06-23 05:05:52.41001Z INFO terraform_plum_v1 377   server_before.go:33 tfplum/middleware.InitLogger                  [cr:039aa010-1730-413f-b00d-f344d61c038e][logger:main][pr:][rr:039aa010-1730-413f-b00d-f344d61c038e] logger initialized for RequestID: 039aa010-1730-413f-b00d-f344d61c038e
2026-06-23 05:05:52.41018Z INFO terraform_plum_v1 377   plugin.go:75 tfplum/repo.DefaultMgr.GetPluginByName               [cr:039aa010-1730-413f-b00d-f344d61c038e][logger:main][pr:][rr:039aa010-1730-413f-b00d-f344d61c038e] Get Plugin By Name: terraform-provider-nutanix
2026-06-23 05:05:52.41479Z INFO terraform_plum_v1 377   handler_wrapper.go:27 tfplum/service/management.InitRouter.HandlerWrapper.timer.func6 [logger:main] GET /api/v1/operations/plugins/terraform-provider-nutanix/1 -> Time Taken: 4.863459ms
2026-06-23 05:05:54.47676Z INFO terraform_plum_v1 377   handler_wrapper.go:24 tfplum/service/management.InitRouter.HandlerWrapper.timer.func6 [logger:main] GET /api/v1/operations/plugins/terraform-provider-nutanix/1 -> Executing Request
2026-06-23 05:05:54.47699Z INFO terraform_plum_v1 377   server_before.go:33 tfplum/middleware.InitLogger                  [cr:42575883-49d7-4029-a953-d0424d857597][logger:main][pr:][rr:42575883-49d7-4029-a953-d0424d857597] logger initialized for RequestID: 42575883-49d7-4029-a953-d0424d857597
2026-06-23 05:05:54.47705Z INFO terraform_plum_v1 377   plugin.go:75 tfplum/repo.DefaultMgr.GetPluginByName               [cr:42575883-49d7-4029-a953-d0424d857597][logger:main][pr:][rr:42575883-49d7-4029-a953-d0424d857597] Get Plugin By Name: terraform-provider-nutanix
2026-06-23 05:05:54.48136Z INFO terraform_plum_v1 377   handler_wrapper.go:27 tfplum/service/management.InitRouter.HandlerWrapper.timer.func6 [logger:main] GET /api/v1/operations/plugins/terraform-provider-nutanix/1 -> Time Taken: 4.552468ms
2026-06-23 05:06:22.41279Z INFO terraform_plum_v1 377   handler_wrapper.go:24 tfplum/service/management.InitRouter.HandlerWrapper.timer.func6 [logger:main] GET /api/v1/operations/plugins/terraform-provider-nutanix/1 -> Executing Request
2026-06-23 05:06:22.41295Z INFO terraform_plum_v1 377   server_before.go:33 tfplum/middleware.InitLogger                  [cr:f1c0dfcc-391c-4101-b9e0-5c8c3a30a46e][logger:main][pr:][rr:f1c0dfcc-391c-4101-b9e0-5c8c3a30a46e] logger initialized for RequestID: f1c0dfcc-391c-4101-b9e0-5c8c3a30a46e
2026-06-23 05:06:22.41307Z INFO terraform_plum_v1 377   plugin.go:75 tfplum/repo.DefaultMgr.GetPluginByName               [cr:f1c0dfcc-391c-4101-b9e0-5c8c3a30a46e][logger:main][pr:][rr:f1c0dfcc-391c-4101-b9e0-5c8c3a30a46e] Get Plugin By Name: terraform-provider-nutanix
2026-06-23 05:06:22.41779Z INFO terraform_plum_v1 377   handler_wrapper.go:27 tfplum/service/management.InitRouter.HandlerWrapper.timer.func6 [logger:main] GET /api/v1/operations/plugins/terraform-provider-nutanix/1 -> Time Taken: 4.904073ms
2026-06-23 05:06:24.47788Z INFO terraform_plum_v1 377   handler_wrapper.go:24 tfplum/service/management.InitRouter.HandlerWrapper.timer.func6 [logger:main] GET /api/v1/operations/plugins/terraform-provider-nutanix/1 -> Executing Request
2026-06-23 05:06:24.47800Z INFO terraform_plum_v1 377   server_before.go:33 tfplum/middleware.InitLogger                  [cr:9bc300f1-bdf7-48d8-8693-a351a1bbb57d][logger:main][pr:][rr:9bc300f1-bdf7-48d8-8693-a351a1bbb57d] logger initialized for RequestID: 9bc300f1-bdf7-48d8-8693-a351a1bbb57d
2026-06-23 05:06:24.47807Z INFO terraform_plum_v1 377   plugin.go:75 tfplum/repo.DefaultMgr.GetPluginByName               [cr:9bc300f1-bdf7-48d8-8693-a351a1bbb57d][logger:main][pr:][rr:9bc300f1-bdf7-48d8-8693-a351a1bbb57d] Get Plugin By Name: terraform-provider-nutanix
2026-06-23 05:06:24.48279Z INFO terraform_plum_v1 377   handler_wrapper.go:27 tfplum/service/management.InitRouter.HandlerWrapper.timer.func6 [logger:main] GET /api/v1/operations/plugins/terraform-provider-nutanix/1 -> Time Taken: 4.848768ms
2026-06-23 05:06:52.30390Z INFO terraform_plum_v1 377   handler_wrapper.go:24 tfplum/service/management.InitRouter.HandlerWrapper.timer.func6 [logger:main] GET /api/v1/operations/plugins/terraform-provider-nutanix/1 -> Executing Request
2026-06-23 05:06:52.30409Z INFO terraform_plum_v1 377   server_before.go:33 tfplum/middleware.InitLogger                  [cr:34161fce-4e74-466f-8877-174c8732ff1e][logger:main][pr:][rr:34161fce-4e74-466f-8877-174c8732ff1e] logger initialized for RequestID: 34161fce-4e74-466f-8877-174c8732ff1e
2026-06-23 05:06:52.30424Z INFO terraform_plum_v1 377   plugin.go:75 tfplum/repo.DefaultMgr.GetPluginByName               [cr:34161fce-4e74-466f-8877-174c8732ff1e][logger:main][pr:][rr:34161fce-4e74-466f-8877-174c8732ff1e] Get Plugin By Name: terraform-provider-nutanix
2026-06-23 05:06:52.30963Z INFO terraform_plum_v1 377   handler_wrapper.go:27 tfplum/service/management.InitRouter.HandlerWrapper.timer.func6 [logger:main] GET /api/v1/operations/plugins/terraform-provider-nutanix/1 -> Time Taken: 5.617092ms
2026-06-23 05:06:54.49240Z INFO terraform_plum_v1 377   handler_wrapper.go:24 tfplum/service/management.InitRouter.HandlerWrapper.timer.func6 [logger:main] GET /api/v1/operations/plugins/terraform-provider-nutanix/1 -> Executing Request
2026-06-23 05:06:54.49249Z INFO terraform_plum_v1 377   server_before.go:33 tfplum/middleware.InitLogger                  [cr:5a8fd834-677f-4144-9a3f-8e0e9ac4b69b][logger:main][pr:][rr:5a8fd834-677f-4144-9a3f-8e0e9ac4b69b] logger initialized for RequestID: 5a8fd834-677f-4144-9a3f-8e0e9ac4b69b
2026-06-23 05:06:54.49256Z INFO terraform_plum_v1 377   plugin.go:75 tfplum/repo.DefaultMgr.GetPluginByName               [cr:5a8fd834-677f-4144-9a3f-8e0e9ac4b69b][logger:main][pr:][rr:5a8fd834-677f-4144-9a3f-8e0e9ac4b69b] Get Plugin By Name: terraform-provider-nutanix
2026-06-23 05:06:54.50484Z INFO terraform_plum_v1 377   handler_wrapper.go:27 tfplum/service/management.InitRouter.HandlerWrapper.timer.func6 [logger:main] GET /api/v1/operations/plugins/terraform-provider-nutanix/1 -> Time Taken: 12.395088ms
2026-06-23 05:07:22.32374Z INFO terraform_plum_v1 377   handler_wrapper.go:24 tfplum/service/management.InitRouter.HandlerWrapper.timer.func6 [logger:main] GET /api/v1/operations/plugins/terraform-provider-nutanix/1 -> Executing Request
2026-06-23 05:07:22.32394Z INFO terraform_plum_v1 377   server_before.go:33 tfplum/middleware.InitLogger                  [cr:8535e18b-d7c5-4432-950a-d38c3576a9a0][logger:main][pr:][rr:8535e18b-d7c5-4432-950a-d38c3576a9a0] logger initialized for RequestID: 8535e18b-d7c5-4432-950a-d38c3576a9a0
2026-06-23 05:07:22.32410Z INFO terraform_plum_v1 377   plugin.go:75 tfplum/repo.DefaultMgr.GetPluginByName               [cr:8535e18b-d7c5-4432-950a-d38c3576a9a0][logger:main][pr:][rr:8535e18b-d7c5-4432-950a-d38c3576a9a0] Get Plugin By Name: terraform-provider-nutanix
2026-06-23 05:07:22.40238Z INFO terraform_plum_v1 377   handler_wrapper.go:27 tfplum/service/management.InitRouter.HandlerWrapper.timer.func6 [logger:main] GET /api/v1/operations/plugins/terraform-provider-nutanix/1 -> Time Taken: 78.509688ms
2026-06-23 05:07:24.47766Z INFO terraform_plum_v1 377   handler_wrapper.go:24 tfplum/service/management.InitRouter.HandlerWrapper.timer.func6 [logger:main] GET /api/v1/operations/plugins/terraform-provider-nutanix/1 -> Executing Request
2026-06-23 05:07:24.47776Z INFO terraform_plum_v1 377   server_before.go:33 tfplum/middleware.InitLogger                  [cr:3d17c494-559f-4800-9be8-57e3f357d204][logger:main][pr:][rr:3d17c494-559f-4800-9be8-57e3f357d204] logger initialized for RequestID: 3d17c494-559f-4800-9be8-57e3f357d204
2026-06-23 05:07:24.47784Z INFO terraform_plum_v1 377   plugin.go:75 tfplum/repo.DefaultMgr.GetPluginByName               [cr:3d17c494-559f-4800-9be8-57e3f357d204][logger:main][pr:][rr:3d17c494-559f-4800-9be8-57e3f357d204] Get Plugin By Name: terraform-provider-nutanix
2026-06-23 05:07:24.48134Z INFO terraform_plum_v1 377   handler_wrapper.go:27 tfplum/service/management.InitRouter.HandlerWrapper.timer.func6 [logger:main] GET /api/v1/operations/plugins/terraform-provider-nutanix/1 -> Time Taken: 3.62491ms
2026-06-23 05:07:52.23479Z INFO terraform_plum_v1 377   handler_wrapper.go:24 tfplum/service/management.InitRouter.HandlerWrapper.timer.func6 [logger:main] GET /api/v1/operations/plugins/terraform-provider-nutanix/1 -> Executing Request
2026-06-23 05:07:52.25048Z INFO terraform_plum_v1 377   server_before.go:33 tfplum/middleware.InitLogger                  [cr:9647ac35-e1a0-47f6-bd1d-58b2f82dda0a][logger:main][pr:][rr:9647ac35-e1a0-47f6-bd1d-58b2f82dda0a] logger initialized for RequestID: 9647ac35-e1a0-47f6-bd1d-58b2f82dda0a
2026-06-23 05:07:52.30705Z INFO terraform_plum_v1 377   plugin.go:75 tfplum/repo.DefaultMgr.GetPluginByName               [cr:9647ac35-e1a0-47f6-bd1d-58b2f82dda0a][logger:main][pr:][rr:9647ac35-e1a0-47f6-bd1d-58b2f82dda0a] Get Plugin By Name: terraform-provider-nutanix
2026-06-23 05:07:52.41040Z INFO terraform_plum_v1 377   handler_wrapper.go:27 tfplum/service/management.InitRouter.HandlerWrapper.timer.func6 [logger:main] GET /api/v1/operations/plugins/terraform-provider-nutanix/1 -> Time Taken: 168.515777ms
2026-06-23 05:07:54.47892Z INFO terraform_plum_v1 377   handler_wrapper.go:24 tfplum/service/management.InitRouter.HandlerWrapper.timer.func6 [logger:main] GET /api/v1/operations/plugins/terraform-provider-nutanix/1 -> Executing Request
2026-06-23 05:07:54.47904Z INFO terraform_plum_v1 377   server_before.go:33 tfplum/middleware.InitLogger                  [cr:a48df789-f842-4d1b-8b0f-e34d271ec9c0][logger:main][pr:][rr:a48df789-f842-4d1b-8b0f-e34d271ec9c0] logger initialized for RequestID: a48df789-f842-4d1b-8b0f-e34d271ec9c0
2026-06-23 05:07:54.47911Z INFO terraform_plum_v1 377   plugin.go:75 tfplum/repo.DefaultMgr.GetPluginByName               [cr:a48df789-f842-4d1b-8b0f-e34d271ec9c0][logger:main][pr:][rr:a48df789-f842-4d1b-8b0f-e34d271ec9c0] Get Plugin By Name: terraform-provider-nutanix
2026-06-23 05:07:54.50639Z INFO terraform_plum_v1 377   handler_wrapper.go:27 tfplum/service/management.InitRouter.HandlerWrapper.timer.func6 [logger:main] GET /api/v1/operations/plugins/terraform-provider-nutanix/1 -> Time Taken: 27.401196ms
2026-06-23 05:08:22.31448Z INFO terraform_plum_v1 377   handler_wrapper.go:24 tfplum/service/management.InitRouter.HandlerWrapper.timer.func6 [logger:main] GET /api/v1/operations/plugins/terraform-provider-nutanix/1 -> Executing Request
2026-06-23 05:08:22.42079Z INFO terraform_plum_v1 377   server_before.go:33 tfplum/middleware.InitLogger                  [cr:9a5ba472-3e67-4683-b5fa-6a85a3899957][logger:main][pr:][rr:9a5ba472-3e67-4683-b5fa-6a85a3899957] logger initialized for RequestID: 9a5ba472-3e67-4683-b5fa-6a85a3899957
2026-06-23 05:08:22.42097Z INFO terraform_plum_v1 377   plugin.go:75 tfplum/repo.DefaultMgr.GetPluginByName               [cr:9a5ba472-3e67-4683-b5fa-6a85a3899957][logger:main][pr:][rr:9a5ba472-3e67-4683-b5fa-6a85a3899957] Get Plugin By Name: terraform-provider-nutanix
2026-06-23 05:08:22.51046Z INFO terraform_plum_v1 377   handler_wrapper.go:27 tfplum/service/management.InitRouter.HandlerWrapper.timer.func6 [logger:main] GET /api/v1/operations/plugins/terraform-provider-nutanix/1 -> Time Taken: 195.881855ms
2026-06-23 05:08:24.48468Z INFO terraform_plum_v1 377   handler_wrapper.go:24 tfplum/service/management.InitRouter.HandlerWrapper.timer.func6 [logger:main] GET /api/v1/operations/plugins/terraform-provider-nutanix/1 -> Executing Request
2026-06-23 05:08:24.48478Z INFO terraform_plum_v1 377   server_before.go:33 tfplum/middleware.InitLogger                  [cr:134414a8-0032-44c2-9c24-20c0e027a099][logger:main][pr:][rr:134414a8-0032-44c2-9c24-20c0e027a099] logger initialized for RequestID: 134414a8-0032-44c2-9c24-20c0e027a099
2026-06-23 05:08:24.48488Z INFO terraform_plum_v1 377   plugin.go:75 tfplum/repo.DefaultMgr.GetPluginByName               [cr:134414a8-0032-44c2-9c24-20c0e027a099][logger:main][pr:][rr:134414a8-0032-44c2-9c24-20c0e027a099] Get Plugin By Name: terraform-provider-nutanix
2026-06-23 05:08:24.52036Z INFO terraform_plum_v1 377   handler_wrapper.go:27 tfplum/service/management.InitRouter.HandlerWrapper.timer.func6 [logger:main] GET /api/v1/operations/plugins/terraform-provider-nutanix/1 -> Time Taken: 35.618784ms
2026-06-23 05:08:52.31896Z INFO terraform_plum_v1 377   handler_wrapper.go:24 tfplum/service/management.InitRouter.HandlerWrapper.timer.func6 [logger:main] GET /api/v1/operations/plugins/terraform-provider-nutanix/1 -> Executing Request
2026-06-23 05:08:52.31911Z INFO terraform_plum_v1 377   server_before.go:33 tfplum/middleware.InitLogger                  [cr:c15f65ff-3a46-450e-a649-afa3fbcf662b][logger:main][pr:][rr:c15f65ff-3a46-450e-a649-afa3fbcf662b] logger initialized for RequestID: c15f65ff-3a46-450e-a649-afa3fbcf662b
2026-06-23 05:08:52.31923Z INFO terraform_plum_v1 377   plugin.go:75 tfplum/repo.DefaultMgr.GetPluginByName               [cr:c15f65ff-3a46-450e-a649-afa3fbcf662b][logger:main][pr:][rr:c15f65ff-3a46-450e-a649-afa3fbcf662b] Get Plugin By Name: terraform-provider-nutanix
2026-06-23 05:08:52.32423Z INFO terraform_plum_v1 377   handler_wrapper.go:27 tfplum/service/management.InitRouter.HandlerWrapper.timer.func6 [logger:main] GET /api/v1/operations/plugins/terraform-provider-nutanix/1 -> Time Taken: 5.160692ms
2026-06-23 05:08:54.52962Z INFO terraform_plum_v1 377   handler_wrapper.go:24 tfplum/service/management.InitRouter.HandlerWrapper.timer.func6 [logger:main] GET /api/v1/operations/plugins/terraform-provider-nutanix/1 -> Executing Request
2026-06-23 05:08:54.52972Z INFO terraform_plum_v1 377   server_before.go:33 tfplum/middleware.InitLogger                  [cr:88de750f-509e-474b-90d8-0bfd01778975][logger:main][pr:][rr:88de750f-509e-474b-90d8-0bfd01778975] logger initialized for RequestID: 88de750f-509e-474b-90d8-0bfd01778975
2026-06-23 05:08:54.52980Z INFO terraform_plum_v1 377   plugin.go:75 tfplum/repo.DefaultMgr.GetPluginByName               [cr:88de750f-509e-474b-90d8-0bfd01778975][logger:main][pr:][rr:88de750f-509e-474b-90d8-0bfd01778975] Get Plugin By Name: terraform-provider-nutanix
2026-06-23 05:08:54.60455Z INFO terraform_plum_v1 377   handler_wrapper.go:27 tfplum/service/management.InitRouter.HandlerWrapper.timer.func6 [logger:main] GET /api/v1/operations/plugins/terraform-provider-nutanix/1 -> Time Taken: 74.878302ms
2026-06-23 05:09:22.12808Z INFO terraform_plum_v1 377   handler_wrapper.go:24 tfplum/service/management.InitRouter.HandlerWrapper.timer.func6 [logger:main] GET /api/v1/operations/plugins/terraform-provider-nutanix/1 -> Executing Request
2026-06-23 05:09:22.14322Z INFO terraform_plum_v1 377   server_before.go:33 tfplum/middleware.InitLogger                  [cr:9b652d14-7273-485b-aae5-ad70ff758c58][logger:main][pr:][rr:9b652d14-7273-485b-aae5-ad70ff758c58] logger initialized for RequestID: 9b652d14-7273-485b-aae5-ad70ff758c58
2026-06-23 05:09:22.21926Z INFO terraform_plum_v1 377   plugin.go:75 tfplum/repo.DefaultMgr.GetPluginByName               [cr:9b652d14-7273-485b-aae5-ad70ff758c58][logger:main][pr:][rr:9b652d14-7273-485b-aae5-ad70ff758c58] Get Plugin By Name: terraform-provider-nutanix
2026-06-23 05:09:22.31343Z INFO terraform_plum_v1 377   handler_wrapper.go:27 tfplum/service/management.InitRouter.HandlerWrapper.timer.func6 [logger:main] GET /api/v1/operations/plugins/terraform-provider-nutanix/1 -> Time Taken: 185.231504ms
2026-06-23 05:09:24.48411Z INFO terraform_plum_v1 377   handler_wrapper.go:24 tfplum/service/management.InitRouter.HandlerWrapper.timer.func6 [logger:main] GET /api/v1/operations/plugins/terraform-provider-nutanix/1 -> Executing Request
2026-06-23 05:09:24.48419Z INFO terraform_plum_v1 377   server_before.go:33 tfplum/middleware.InitLogger                  [cr:04f95db4-9acf-4323-9d9d-e06e17cff518][logger:main][pr:][rr:04f95db4-9acf-4323-9d9d-e06e17cff518] logger initialized for RequestID: 04f95db4-9acf-4323-9d9d-e06e17cff518
2026-06-23 05:09:24.48425Z INFO terraform_plum_v1 377   plugin.go:75 tfplum/repo.DefaultMgr.GetPluginByName               [cr:04f95db4-9acf-4323-9d9d-e06e17cff518][logger:main][pr:][rr:04f95db4-9acf-4323-9d9d-e06e17cff518] Get Plugin By Name: terraform-provider-nutanix
2026-06-23 05:09:24.50302Z INFO terraform_plum_v1 377   handler_wrapper.go:27 tfplum/service/management.InitRouter.HandlerWrapper.timer.func6 [logger:main] GET /api/v1/operations/plugins/terraform-provider-nutanix/1 -> Time Taken: 18.862415ms
2026-06-23 05:09:52.04079Z INFO terraform_plum_v1 377   handler_wrapper.go:24 tfplum/service/management.InitRouter.HandlerWrapper.timer.func6 [logger:main] GET /api/v1/operations/plugins/terraform-provider-nutanix/1 -> Executing Request
2026-06-23 05:09:52.05033Z INFO terraform_plum_v1 377   server_before.go:33 tfplum/middleware.InitLogger                  [cr:92c47f33-7d5a-4cff-8d14-4c639587dc53][logger:main][pr:][rr:92c47f33-7d5a-4cff-8d14-4c639587dc53] logger initialized for RequestID: 92c47f33-7d5a-4cff-8d14-4c639587dc53
2026-06-23 05:09:52.05339Z INFO terraform_plum_v1 377   plugin.go:75 tfplum/repo.DefaultMgr.GetPluginByName               [cr:92c47f33-7d5a-4cff-8d14-4c639587dc53][logger:main][pr:][rr:92c47f33-7d5a-4cff-8d14-4c639587dc53] Get Plugin By Name: terraform-provider-nutanix
2026-06-23 05:09:52.12519Z INFO terraform_plum_v1 377   handler_wrapper.go:27 tfplum/service/management.InitRouter.HandlerWrapper.timer.func6 [logger:main] GET /api/v1/operations/plugins/terraform-provider-nutanix/1 -> Time Taken: 81.074815ms
2026-06-23 05:09:54.48326Z INFO terraform_plum_v1 377   handler_wrapper.go:24 tfplum/service/management.InitRouter.HandlerWrapper.timer.func6 [logger:main] GET /api/v1/operations/plugins/terraform-provider-nutanix/1 -> Executing Request
2026-06-23 05:09:54.48338Z INFO terraform_plum_v1 377   server_before.go:33 tfplum/middleware.InitLogger                  [cr:9eb07aa9-f968-4686-847a-4bd31679bae0][logger:main][pr:][rr:9eb07aa9-f968-4686-847a-4bd31679bae0] logger initialized for RequestID: 9eb07aa9-f968-4686-847a-4bd31679bae0
2026-06-23 05:09:54.48346Z INFO terraform_plum_v1 377   plugin.go:75 tfplum/repo.DefaultMgr.GetPluginByName               [cr:9eb07aa9-f968-4686-847a-4bd31679bae0][logger:main][pr:][rr:9eb07aa9-f968-4686-847a-4bd31679bae0] Get Plugin By Name: terraform-provider-nutanix
2026-06-23 05:09:54.50326Z INFO terraform_plum_v1 377   handler_wrapper.go:27 tfplum/service/management.InitRouter.HandlerWrapper.timer.func6 [logger:main] GET /api/v1/operations/plugins/terraform-provider-nutanix/1 -> Time Taken: 19.936673ms
2026-06-23 05:10:22.31053Z INFO terraform_plum_v1 377   handler_wrapper.go:24 tfplum/service/management.InitRouter.HandlerWrapper.timer.func6 [logger:main] GET /api/v1/operations/plugins/terraform-provider-nutanix/1 -> Executing Request
2026-06-23 05:10:22.31068Z INFO terraform_plum_v1 377   server_before.go:33 tfplum/middleware.InitLogger                  [cr:57e1a99d-319d-458b-a72c-1a956ddb7b2d][logger:main][pr:][rr:57e1a99d-319d-458b-a72c-1a956ddb7b2d] logger initialized for RequestID: 57e1a99d-319d-458b-a72c-1a956ddb7b2d
2026-06-23 05:10:22.31080Z INFO terraform_plum_v1 377   plugin.go:75 tfplum/repo.DefaultMgr.GetPluginByName               [cr:57e1a99d-319d-458b-a72c-1a956ddb7b2d][logger:main][pr:][rr:57e1a99d-319d-458b-a72c-1a956ddb7b2d] Get Plugin By Name: terraform-provider-nutanix
2026-06-23 05:10:22.31530Z INFO terraform_plum_v1 377   handler_wrapper.go:27 tfplum/service/management.InitRouter.HandlerWrapper.timer.func6 [logger:main] GET /api/v1/operations/plugins/terraform-provider-nutanix/1 -> Time Taken: 4.674002ms
2026-06-23 05:10:24.48233Z INFO terraform_plum_v1 377   handler_wrapper.go:24 tfplum/service/management.InitRouter.HandlerWrapper.timer.func6 [logger:main] GET /api/v1/operations/plugins/terraform-provider-nutanix/1 -> Executing Request
2026-06-23 05:10:24.48240Z INFO terraform_plum_v1 377   server_before.go:33 tfplum/middleware.InitLogger                  [cr:168d22af-3948-463b-a6b6-13415d397ff6][logger:main][pr:][rr:168d22af-3948-463b-a6b6-13415d397ff6] logger initialized for RequestID: 168d22af-3948-463b-a6b6-13415d397ff6
2026-06-23 05:10:24.48245Z INFO terraform_plum_v1 377   plugin.go:75 tfplum/repo.DefaultMgr.GetPluginByName               [cr:168d22af-3948-463b-a6b6-13415d397ff6][logger:main][pr:][rr:168d22af-3948-463b-a6b6-13415d397ff6] Get Plugin By Name: terraform-provider-nutanix
2026-06-23 05:10:24.48601Z INFO terraform_plum_v1 377   handler_wrapper.go:27 tfplum/service/management.InitRouter.HandlerWrapper.timer.func6 [logger:main] GET /api/v1/operations/plugins/terraform-provider-nutanix/1 -> Time Taken: 3.648122ms
2026-06-23 05:10:52.30089Z INFO terraform_plum_v1 377   handler_wrapper.go:24 tfplum/service/management.InitRouter.HandlerWrapper.timer.func6 [logger:main] GET /api/v1/operations/plugins/terraform-provider-nutanix/1 -> Executing Request
2026-06-23 05:10:52.30103Z INFO terraform_plum_v1 377   server_before.go:33 tfplum/middleware.InitLogger                  [cr:d5a35238-7398-405b-a46c-623fc461368c][logger:main][pr:][rr:d5a35238-7398-405b-a46c-623fc461368c] logger initialized for RequestID: d5a35238-7398-405b-a46c-623fc461368c
2026-06-23 05:10:52.30114Z INFO terraform_plum_v1 377   plugin.go:75 tfplum/repo.DefaultMgr.GetPluginByName               [cr:d5a35238-7398-405b-a46c-623fc461368c][logger:main][pr:][rr:d5a35238-7398-405b-a46c-623fc461368c] Get Plugin By Name: terraform-provider-nutanix
2026-06-23 05:10:52.30601Z INFO terraform_plum_v1 377   handler_wrapper.go:27 tfplum/service/management.InitRouter.HandlerWrapper.timer.func6 [logger:main] GET /api/v1/operations/plugins/terraform-provider-nutanix/1 -> Time Taken: 5.029188ms
2026-06-23 05:10:54.47989Z INFO terraform_plum_v1 377   handler_wrapper.go:24 tfplum/service/management.InitRouter.HandlerWrapper.timer.func6 [logger:main] GET /api/v1/operations/plugins/terraform-provider-nutanix/1 -> Executing Request
2026-06-23 05:10:54.48000Z INFO terraform_plum_v1 377   server_before.go:33 tfplum/middleware.InitLogger                  [cr:ebb049af-d547-445b-adb9-d88fc8d85027][logger:main][pr:][rr:ebb049af-d547-445b-adb9-d88fc8d85027] logger initialized for RequestID: ebb049af-d547-445b-adb9-d88fc8d85027
2026-06-23 05:10:54.48007Z INFO terraform_plum_v1 377   plugin.go:75 tfplum/repo.DefaultMgr.GetPluginByName               [cr:ebb049af-d547-445b-adb9-d88fc8d85027][logger:main][pr:][rr:ebb049af-d547-445b-adb9-d88fc8d85027] Get Plugin By Name: terraform-provider-nutanix
2026-06-23 05:10:54.48409Z INFO terraform_plum_v1 377   handler_wrapper.go:27 tfplum/service/management.InitRouter.HandlerWrapper.timer.func6 [logger:main] GET /api/v1/operations/plugins/terraform-provider-nutanix/1 -> Time Taken: 4.135901ms
2026-06-23 05:11:22.32291Z INFO terraform_plum_v1 377   handler_wrapper.go:24 tfplum/service/management.InitRouter.HandlerWrapper.timer.func6 [logger:main] GET /api/v1/operations/plugins/terraform-provider-nutanix/1 -> Executing Request
2026-06-23 05:11:22.32308Z INFO terraform_plum_v1 377   server_before.go:33 tfplum/middleware.InitLogger                  [cr:d105922c-e05c-454b-926e-6db2a5767706][logger:main][pr:][rr:d105922c-e05c-454b-926e-6db2a5767706] logger initialized for RequestID: d105922c-e05c-454b-926e-6db2a5767706
2026-06-23 05:11:22.32322Z INFO terraform_plum_v1 377   plugin.go:75 tfplum/repo.DefaultMgr.GetPluginByName               [cr:d105922c-e05c-454b-926e-6db2a5767706][logger:main][pr:][rr:d105922c-e05c-454b-926e-6db2a5767706] Get Plugin By Name: terraform-provider-nutanix
2026-06-23 05:11:22.33251Z INFO terraform_plum_v1 377   handler_wrapper.go:27 tfplum/service/management.InitRouter.HandlerWrapper.timer.func6 [logger:main] GET /api/v1/operations/plugins/terraform-provider-nutanix/1 -> Time Taken: 9.490468ms
2026-06-23 05:11:24.48421Z INFO terraform_plum_v1 377   handler_wrapper.go:24 tfplum/service/management.InitRouter.HandlerWrapper.timer.func6 [logger:main] GET /api/v1/operations/plugins/terraform-provider-nutanix/1 -> Executing Request
2026-06-23 05:11:24.48428Z INFO terraform_plum_v1 377   server_before.go:33 tfplum/middleware.InitLogger                  [cr:bdcb7034-70a1-4859-bb5f-688b7f8ea9a0][logger:main][pr:][rr:bdcb7034-70a1-4859-bb5f-688b7f8ea9a0] logger initialized for RequestID: bdcb7034-70a1-4859-bb5f-688b7f8ea9a0
2026-06-23 05:11:24.48434Z INFO terraform_plum_v1 377   plugin.go:75 tfplum/repo.DefaultMgr.GetPluginByName               [cr:bdcb7034-70a1-4859-bb5f-688b7f8ea9a0][logger:main][pr:][rr:bdcb7034-70a1-4859-bb5f-688b7f8ea9a0] Get Plugin By Name: terraform-provider-nutanix
2026-06-23 05:11:24.50251Z INFO terraform_plum_v1 377   handler_wrapper.go:27 tfplum/service/management.InitRouter.HandlerWrapper.timer.func6 [logger:main] GET /api/v1/operations/plugins/terraform-provider-nutanix/1 -> Time Taken: 18.267869ms
2026-06-23 05:11:52.33209Z INFO terraform_plum_v1 377   handler_wrapper.go:24 tfplum/service/management.InitRouter.HandlerWrapper.timer.func6 [logger:main] GET /api/v1/operations/plugins/terraform-provider-nutanix/1 -> Executing Request
2026-06-23 05:11:52.33224Z INFO terraform_plum_v1 377   server_before.go:33 tfplum/middleware.InitLogger                  [cr:d1c12e10-6ac6-42b6-9ec7-d5704b29cc2a][logger:main][pr:][rr:d1c12e10-6ac6-42b6-9ec7-d5704b29cc2a] logger initialized for RequestID: d1c12e10-6ac6-42b6-9ec7-d5704b29cc2a
2026-06-23 05:11:52.33239Z INFO terraform_plum_v1 377   plugin.go:75 tfplum/repo.DefaultMgr.GetPluginByName               [cr:d1c12e10-6ac6-42b6-9ec7-d5704b29cc2a][logger:main][pr:][rr:d1c12e10-6ac6-42b6-9ec7-d5704b29cc2a] Get Plugin By Name: terraform-provider-nutanix
2026-06-23 05:11:52.40345Z INFO terraform_plum_v1 377   handler_wrapper.go:27 tfplum/service/management.InitRouter.HandlerWrapper.timer.func6 [logger:main] GET /api/v1/operations/plugins/terraform-provider-nutanix/1 -> Time Taken: 71.264791ms
2026-06-23 05:11:54.47732Z INFO terraform_plum_v1 377   handler_wrapper.go:24 tfplum/service/management.InitRouter.HandlerWrapper.timer.func6 [logger:main] GET /api/v1/operations/plugins/terraform-provider-nutanix/1 -> Executing Request
2026-06-23 05:11:54.47745Z INFO terraform_plum_v1 377   server_before.go:33 tfplum/middleware.InitLogger                  [cr:fe33572f-981e-405c-a2e8-9177e2e8587e][logger:main][pr:][rr:fe33572f-981e-405c-a2e8-9177e2e8587e] logger initialized for RequestID: fe33572f-981e-405c-a2e8-9177e2e8587e
2026-06-23 05:11:54.47752Z INFO terraform_plum_v1 377   plugin.go:75 tfplum/repo.DefaultMgr.GetPluginByName               [cr:fe33572f-981e-405c-a2e8-9177e2e8587e][logger:main][pr:][rr:fe33572f-981e-405c-a2e8-9177e2e8587e] Get Plugin By Name: terraform-provider-nutanix
2026-06-23 05:11:54.48151Z INFO terraform_plum_v1 377   handler_wrapper.go:27 tfplum/service/management.InitRouter.HandlerWrapper.timer.func6 [logger:main] GET /api/v1/operations/plugins/terraform-provider-nutanix/1 -> Time Taken: 4.121701ms
2026-06-23 05:12:22.51092Z INFO terraform_plum_v1 377   handler_wrapper.go:24 tfplum/service/management.InitRouter.HandlerWrapper.timer.func6 [logger:main] GET /api/v1/operations/plugins/terraform-provider-nutanix/1 -> Executing Request
2026-06-23 05:12:22.51104Z INFO terraform_plum_v1 377   server_before.go:33 tfplum/middleware.InitLogger                  [cr:e94925c3-41d3-4e5c-90ed-8f45bd0fa9ff][logger:main][pr:][rr:e94925c3-41d3-4e5c-90ed-8f45bd0fa9ff] logger initialized for RequestID: e94925c3-41d3-4e5c-90ed-8f45bd0fa9ff
2026-06-23 05:12:22.51116Z INFO terraform_plum_v1 377   plugin.go:75 tfplum/repo.DefaultMgr.GetPluginByName               [cr:e94925c3-41d3-4e5c-90ed-8f45bd0fa9ff][logger:main][pr:][rr:e94925c3-41d3-4e5c-90ed-8f45bd0fa9ff] Get Plugin By Name: terraform-provider-nutanix
2026-06-23 05:12:22.52478Z INFO terraform_plum_v1 377   handler_wrapper.go:27 tfplum/service/management.InitRouter.HandlerWrapper.timer.func6 [logger:main] GET /api/v1/operations/plugins/terraform-provider-nutanix/1 -> Time Taken: 13.781643ms
2026-06-23 05:12:24.47752Z INFO terraform_plum_v1 377   handler_wrapper.go:24 tfplum/service/management.InitRouter.HandlerWrapper.timer.func6 [logger:main] GET /api/v1/operations/plugins/terraform-provider-nutanix/1 -> Executing Request
2026-06-23 05:12:24.47763Z INFO terraform_plum_v1 377   server_before.go:33 tfplum/middleware.InitLogger                  [cr:acd5df7b-3f17-4486-b6d9-6458c7c33d13][logger:main][pr:][rr:acd5df7b-3f17-4486-b6d9-6458c7c33d13] logger initialized for RequestID: acd5df7b-3f17-4486-b6d9-6458c7c33d13
2026-06-23 05:12:24.47770Z INFO terraform_plum_v1 377   plugin.go:75 tfplum/repo.DefaultMgr.GetPluginByName               [cr:acd5df7b-3f17-4486-b6d9-6458c7c33d13][logger:main][pr:][rr:acd5df7b-3f17-4486-b6d9-6458c7c33d13] Get Plugin By Name: terraform-provider-nutanix
2026-06-23 05:12:24.50228Z INFO terraform_plum_v1 377   handler_wrapper.go:27 tfplum/service/management.InitRouter.HandlerWrapper.timer.func6 [logger:main] GET /api/v1/operations/plugins/terraform-provider-nutanix/1 -> Time Taken: 24.701247ms
2026-06-23 05:12:52.30215Z INFO terraform_plum_v1 377   handler_wrapper.go:24 tfplum/service/management.InitRouter.HandlerWrapper.timer.func6 [logger:main] GET /api/v1/operations/plugins/terraform-provider-nutanix/1 -> Executing Request
2026-06-23 05:12:52.32459Z INFO terraform_plum_v1 377   server_before.go:33 tfplum/middleware.InitLogger                  [cr:72f889b3-7f23-4b31-a6a4-4bd644516b45][logger:main][pr:][rr:72f889b3-7f23-4b31-a6a4-4bd644516b45] logger initialized for RequestID: 72f889b3-7f23-4b31-a6a4-4bd644516b45
2026-06-23 05:12:52.32476Z INFO terraform_plum_v1 377   plugin.go:75 tfplum/repo.DefaultMgr.GetPluginByName               [cr:72f889b3-7f23-4b31-a6a4-4bd644516b45][logger:main][pr:][rr:72f889b3-7f23-4b31-a6a4-4bd644516b45] Get Plugin By Name: terraform-provider-nutanix
2026-06-23 05:12:52.50754Z INFO terraform_plum_v1 377   handler_wrapper.go:27 tfplum/service/management.InitRouter.HandlerWrapper.timer.func6 [logger:main] GET /api/v1/operations/plugins/terraform-provider-nutanix/1 -> Time Taken: 205.28476ms
2026-06-23 05:12:54.47894Z INFO terraform_plum_v1 377   handler_wrapper.go:24 tfplum/service/management.InitRouter.HandlerWrapper.timer.func6 [logger:main] GET /api/v1/operations/plugins/terraform-provider-nutanix/1 -> Executing Request
2026-06-23 05:12:54.47905Z INFO terraform_plum_v1 377   server_before.go:33 tfplum/middleware.InitLogger                  [cr:6abcd4f5-9ec4-47a6-ad3c-f81b2c2af033][logger:main][pr:][rr:6abcd4f5-9ec4-47a6-ad3c-f81b2c2af033] logger initialized for RequestID: 6abcd4f5-9ec4-47a6-ad3c-f81b2c2af033
2026-06-23 05:12:54.47913Z INFO terraform_plum_v1 377   plugin.go:75 tfplum/repo.DefaultMgr.GetPluginByName               [cr:6abcd4f5-9ec4-47a6-ad3c-f81b2c2af033][logger:main][pr:][rr:6abcd4f5-9ec4-47a6-ad3c-f81b2c2af033] Get Plugin By Name: terraform-provider-nutanix
2026-06-23 05:12:54.48352Z INFO terraform_plum_v1 377   handler_wrapper.go:27 tfplum/service/management.InitRouter.HandlerWrapper.timer.func6 [logger:main] GET /api/v1/operations/plugins/terraform-provider-nutanix/1 -> Time Taken: 4.527467ms
2026-06-23 05:13:22.03366Z INFO terraform_plum_v1 377   handler_wrapper.go:24 tfplum/service/management.InitRouter.HandlerWrapper.timer.func6 [logger:main] GET /api/v1/operations/plugins/terraform-provider-nutanix/1 -> Executing Request
2026-06-23 05:13:22.03500Z INFO terraform_plum_v1 377   server_before.go:33 tfplum/middleware.InitLogger                  [cr:8e05e97a-5db6-42a3-a060-81522e09406c][logger:main][pr:][rr:8e05e97a-5db6-42a3-a060-81522e09406c] logger initialized for RequestID: 8e05e97a-5db6-42a3-a060-81522e09406c
2026-06-23 05:13:22.03824Z INFO terraform_plum_v1 377   plugin.go:75 tfplum/repo.DefaultMgr.GetPluginByName               [cr:8e05e97a-5db6-42a3-a060-81522e09406c][logger:main][pr:][rr:8e05e97a-5db6-42a3-a060-81522e09406c] Get Plugin By Name: terraform-provider-nutanix
2026-06-23 05:13:22.32520Z INFO terraform_plum_v1 377   handler_wrapper.go:27 tfplum/service/management.InitRouter.HandlerWrapper.timer.func6 [logger:main] GET /api/v1/operations/plugins/terraform-provider-nutanix/1 -> Time Taken: 291.470674ms
2026-06-23 05:13:24.48886Z INFO terraform_plum_v1 377   handler_wrapper.go:24 tfplum/service/management.InitRouter.HandlerWrapper.timer.func6 [logger:main] GET /api/v1/operations/plugins/terraform-provider-nutanix/1 -> Executing Request
2026-06-23 05:13:24.48902Z INFO terraform_plum_v1 377   server_before.go:33 tfplum/middleware.InitLogger                  [cr:5b2fd385-f07a-4c11-be4c-908161e5e270][logger:main][pr:][rr:5b2fd385-f07a-4c11-be4c-908161e5e270] logger initialized for RequestID: 5b2fd385-f07a-4c11-be4c-908161e5e270
2026-06-23 05:13:24.48909Z INFO terraform_plum_v1 377   plugin.go:75 tfplum/repo.DefaultMgr.GetPluginByName               [cr:5b2fd385-f07a-4c11-be4c-908161e5e270][logger:main][pr:][rr:5b2fd385-f07a-4c11-be4c-908161e5e270] Get Plugin By Name: terraform-provider-nutanix
2026-06-23 05:13:24.50432Z INFO terraform_plum_v1 377   handler_wrapper.go:27 tfplum/service/management.InitRouter.HandlerWrapper.timer.func6 [logger:main] GET /api/v1/operations/plugins/terraform-provider-nutanix/1 -> Time Taken: 15.409535ms
2026-06-23 05:13:52.33088Z INFO terraform_plum_v1 377   handler_wrapper.go:24 tfplum/service/management.InitRouter.HandlerWrapper.timer.func6 [logger:main] GET /api/v1/operations/plugins/terraform-provider-nutanix/1 -> Executing Request
2026-06-23 05:13:52.33102Z INFO terraform_plum_v1 377   server_before.go:33 tfplum/middleware.InitLogger                  [cr:47ad114f-4841-4b0a-9315-4fba24d1fcba][logger:main][pr:][rr:47ad114f-4841-4b0a-9315-4fba24d1fcba] logger initialized for RequestID: 47ad114f-4841-4b0a-9315-4fba24d1fcba
2026-06-23 05:13:52.33116Z INFO terraform_plum_v1 377   plugin.go:75 tfplum/repo.DefaultMgr.GetPluginByName               [cr:47ad114f-4841-4b0a-9315-4fba24d1fcba][logger:main][pr:][rr:47ad114f-4841-4b0a-9315-4fba24d1fcba] Get Plugin By Name: terraform-provider-nutanix
2026-06-23 05:13:52.40600Z INFO terraform_plum_v1 377   handler_wrapper.go:27 tfplum/service/management.InitRouter.HandlerWrapper.timer.func6 [logger:main] GET /api/v1/operations/plugins/terraform-provider-nutanix/1 -> Time Taken: 75.033064ms
2026-06-23 05:13:54.47789Z INFO terraform_plum_v1 377   handler_wrapper.go:24 tfplum/service/management.InitRouter.HandlerWrapper.timer.func6 [logger:main] GET /api/v1/operations/plugins/terraform-provider-nutanix/1 -> Executing Request
2026-06-23 05:13:54.47801Z INFO terraform_plum_v1 377   server_before.go:33 tfplum/middleware.InitLogger                  [cr:93720eb0-b1bc-4d5c-b2a6-3c468cc14590][logger:main][pr:][rr:93720eb0-b1bc-4d5c-b2a6-3c468cc14590] logger initialized for RequestID: 93720eb0-b1bc-4d5c-b2a6-3c468cc14590
2026-06-23 05:13:54.47812Z INFO terraform_plum_v1 377   plugin.go:75 tfplum/repo.DefaultMgr.GetPluginByName               [cr:93720eb0-b1bc-4d5c-b2a6-3c468cc14590][logger:main][pr:][rr:93720eb0-b1bc-4d5c-b2a6-3c468cc14590] Get Plugin By Name: terraform-provider-nutanix
2026-06-23 05:13:54.48243Z INFO terraform_plum_v1 377   handler_wrapper.go:27 tfplum/service/management.InitRouter.HandlerWrapper.timer.func6 [logger:main] GET /api/v1/operations/plugins/terraform-provider-nutanix/1 -> Time Taken: 4.470589ms
2026-06-23 05:14:22.43495Z INFO terraform_plum_v1 377   handler_wrapper.go:24 tfplum/service/management.InitRouter.HandlerWrapper.timer.func6 [logger:main] GET /api/v1/operations/plugins/terraform-provider-nutanix/1 -> Executing Request
2026-06-23 05:14:22.43515Z INFO terraform_plum_v1 377   server_before.go:33 tfplum/middleware.InitLogger                  [cr:65b2f6e6-e6ed-45ff-926c-f1fcf4b01406][logger:main][pr:][rr:65b2f6e6-e6ed-45ff-926c-f1fcf4b01406] logger initialized for RequestID: 65b2f6e6-e6ed-45ff-926c-f1fcf4b01406
2026-06-23 05:14:22.43534Z INFO terraform_plum_v1 377   plugin.go:75 tfplum/repo.DefaultMgr.GetPluginByName               [cr:65b2f6e6-e6ed-45ff-926c-f1fcf4b01406][logger:main][pr:][rr:65b2f6e6-e6ed-45ff-926c-f1fcf4b01406] Get Plugin By Name: terraform-provider-nutanix
2026-06-23 05:14:22.50520Z INFO terraform_plum_v1 377   handler_wrapper.go:27 tfplum/service/management.InitRouter.HandlerWrapper.timer.func6 [logger:main] GET /api/v1/operations/plugins/terraform-provider-nutanix/1 -> Time Taken: 70.132525ms
2026-06-23 05:14:24.47735Z INFO terraform_plum_v1 377   handler_wrapper.go:24 tfplum/service/management.InitRouter.HandlerWrapper.timer.func6 [logger:main] GET /api/v1/operations/plugins/terraform-provider-nutanix/1 -> Executing Request
2026-06-23 05:14:24.47748Z INFO terraform_plum_v1 377   server_before.go:33 tfplum/middleware.InitLogger                  [cr:35ed9bae-ecfa-49e4-93dc-89b4c295f92a][logger:main][pr:][rr:35ed9bae-ecfa-49e4-93dc-89b4c295f92a] logger initialized for RequestID: 35ed9bae-ecfa-49e4-93dc-89b4c295f92a
2026-06-23 05:14:24.47757Z INFO terraform_plum_v1 377   plugin.go:75 tfplum/repo.DefaultMgr.GetPluginByName               [cr:35ed9bae-ecfa-49e4-93dc-89b4c295f92a][logger:main][pr:][rr:35ed9bae-ecfa-49e4-93dc-89b4c295f92a] Get Plugin By Name: terraform-provider-nutanix
2026-06-23 05:14:24.48140Z INFO terraform_plum_v1 377   handler_wrapper.go:27 tfplum/service/management.InitRouter.HandlerWrapper.timer.func6 [logger:main] GET /api/v1/operations/plugins/terraform-provider-nutanix/1 -> Time Taken: 3.986328ms
2026-06-23 05:14:52.14721Z INFO terraform_plum_v1 377   handler_wrapper.go:24 tfplum/service/management.InitRouter.HandlerWrapper.timer.func6 [logger:main] GET /api/v1/operations/plugins/terraform-provider-nutanix/1 -> Executing Request
2026-06-23 05:14:52.20805Z INFO terraform_plum_v1 377   server_before.go:33 tfplum/middleware.InitLogger                  [cr:70e18068-3d19-46a9-9337-d0bf141f2647][logger:main][pr:][rr:70e18068-3d19-46a9-9337-d0bf141f2647] logger initialized for RequestID: 70e18068-3d19-46a9-9337-d0bf141f2647
2026-06-23 05:14:52.20836Z INFO terraform_plum_v1 377   plugin.go:75 tfplum/repo.DefaultMgr.GetPluginByName               [cr:70e18068-3d19-46a9-9337-d0bf141f2647][logger:main][pr:][rr:70e18068-3d19-46a9-9337-d0bf141f2647] Get Plugin By Name: terraform-provider-nutanix
2026-06-23 05:14:52.23043Z INFO terraform_plum_v1 377   handler_wrapper.go:27 tfplum/service/management.InitRouter.HandlerWrapper.timer.func6 [logger:main] GET /api/v1/operations/plugins/terraform-provider-nutanix/1 -> Time Taken: 82.730598ms
2026-06-23 05:14:54.48214Z INFO terraform_plum_v1 377   handler_wrapper.go:24 tfplum/service/management.InitRouter.HandlerWrapper.timer.func6 [logger:main] GET /api/v1/operations/plugins/terraform-provider-nutanix/1 -> Executing Request
2026-06-23 05:14:54.48222Z INFO terraform_plum_v1 377   server_before.go:33 tfplum/middleware.InitLogger                  [cr:028609e3-a920-429a-a5d2-6969704511ca][logger:main][pr:][rr:028609e3-a920-429a-a5d2-6969704511ca] logger initialized for RequestID: 028609e3-a920-429a-a5d2-6969704511ca
2026-06-23 05:14:54.48227Z INFO terraform_plum_v1 377   plugin.go:75 tfplum/repo.DefaultMgr.GetPluginByName               [cr:028609e3-a920-429a-a5d2-6969704511ca][logger:main][pr:][rr:028609e3-a920-429a-a5d2-6969704511ca] Get Plugin By Name: terraform-provider-nutanix
2026-06-23 05:14:54.50267Z INFO terraform_plum_v1 377   handler_wrapper.go:27 tfplum/service/management.InitRouter.HandlerWrapper.timer.func6 [logger:main] GET /api/v1/operations/plugins/terraform-provider-nutanix/1 -> Time Taken: 20.478721ms
2026-06-23 05:15:22.30419Z INFO terraform_plum_v1 377   handler_wrapper.go:24 tfplum/service/management.InitRouter.HandlerWrapper.timer.func6 [logger:main] GET /api/v1/operations/plugins/terraform-provider-nutanix/1 -> Executing Request
2026-06-23 05:15:22.30434Z INFO terraform_plum_v1 377   server_before.go:33 tfplum/middleware.InitLogger                  [cr:f0f6ce1c-30f3-4988-b43c-5c32a1084e33][logger:main][pr:][rr:f0f6ce1c-30f3-4988-b43c-5c32a1084e33] logger initialized for RequestID: f0f6ce1c-30f3-4988-b43c-5c32a1084e33
2026-06-23 05:15:22.30446Z INFO terraform_plum_v1 377   plugin.go:75 tfplum/repo.DefaultMgr.GetPluginByName               [cr:f0f6ce1c-30f3-4988-b43c-5c32a1084e33][logger:main][pr:][rr:f0f6ce1c-30f3-4988-b43c-5c32a1084e33] Get Plugin By Name: terraform-provider-nutanix
2026-06-23 05:15:22.30916Z INFO terraform_plum_v1 377   handler_wrapper.go:27 tfplum/service/management.InitRouter.HandlerWrapper.timer.func6 [logger:main] GET /api/v1/operations/plugins/terraform-provider-nutanix/1 -> Time Taken: 4.891041ms
2026-06-23 05:15:24.47780Z INFO terraform_plum_v1 377   handler_wrapper.go:24 tfplum/service/management.InitRouter.HandlerWrapper.timer.func6 [logger:main] GET /api/v1/operations/plugins/terraform-provider-nutanix/1 -> Executing Request
2026-06-23 05:15:24.47795Z INFO terraform_plum_v1 377   server_before.go:33 tfplum/middleware.InitLogger                  [cr:fdde4043-033f-42d2-8bed-c6598252619e][logger:main][pr:][rr:fdde4043-033f-42d2-8bed-c6598252619e] logger initialized for RequestID: fdde4043-033f-42d2-8bed-c6598252619e
2026-06-23 05:15:24.48214Z INFO terraform_plum_v1 377   plugin.go:75 tfplum/repo.DefaultMgr.GetPluginByName               [cr:fdde4043-033f-42d2-8bed-c6598252619e][logger:main][pr:][rr:fdde4043-033f-42d2-8bed-c6598252619e] Get Plugin By Name: terraform-provider-nutanix
2026-06-23 05:15:24.48586Z INFO terraform_plum_v1 377   handler_wrapper.go:27 tfplum/service/management.InitRouter.HandlerWrapper.timer.func6 [logger:main] GET /api/v1/operations/plugins/terraform-provider-nutanix/1 -> Time Taken: 7.959527ms
2026-06-23 05:15:52.31909Z INFO terraform_plum_v1 377   handler_wrapper.go:24 tfplum/service/management.InitRouter.HandlerWrapper.timer.func6 [logger:main] GET /api/v1/operations/plugins/terraform-provider-nutanix/1 -> Executing Request
2026-06-23 05:15:52.31923Z INFO terraform_plum_v1 377   server_before.go:33 tfplum/middleware.InitLogger                  [cr:18509ec9-5e03-4abe-bff1-854fe5c0d39d][logger:main][pr:][rr:18509ec9-5e03-4abe-bff1-854fe5c0d39d] logger initialized for RequestID: 18509ec9-5e03-4abe-bff1-854fe5c0d39d
2026-06-23 05:15:52.31938Z INFO terraform_plum_v1 377   plugin.go:75 tfplum/repo.DefaultMgr.GetPluginByName               [cr:18509ec9-5e03-4abe-bff1-854fe5c0d39d][logger:main][pr:][rr:18509ec9-5e03-4abe-bff1-854fe5c0d39d] Get Plugin By Name: terraform-provider-nutanix
2026-06-23 05:15:52.41045Z INFO terraform_plum_v1 377   handler_wrapper.go:27 tfplum/service/management.InitRouter.HandlerWrapper.timer.func6 [logger:main] GET /api/v1/operations/plugins/terraform-provider-nutanix/1 -> Time Taken: 91.262944ms
2026-06-23 05:15:54.47599Z INFO terraform_plum_v1 377   handler_wrapper.go:24 tfplum/service/management.InitRouter.HandlerWrapper.timer.func6 [logger:main] GET /api/v1/operations/plugins/terraform-provider-nutanix/1 -> Executing Request
2026-06-23 05:15:54.47608Z INFO terraform_plum_v1 377   server_before.go:33 tfplum/middleware.InitLogger                  [cr:64ac2ce7-0e18-4a09-b451-ddd77cba04ef][logger:main][pr:][rr:64ac2ce7-0e18-4a09-b451-ddd77cba04ef] logger initialized for RequestID: 64ac2ce7-0e18-4a09-b451-ddd77cba04ef
2026-06-23 05:15:54.47614Z INFO terraform_plum_v1 377   plugin.go:75 tfplum/repo.DefaultMgr.GetPluginByName               [cr:64ac2ce7-0e18-4a09-b451-ddd77cba04ef][logger:main][pr:][rr:64ac2ce7-0e18-4a09-b451-ddd77cba04ef] Get Plugin By Name: terraform-provider-nutanix
2026-06-23 05:15:54.47949Z INFO terraform_plum_v1 377   handler_wrapper.go:27 tfplum/service/management.InitRouter.HandlerWrapper.timer.func6 [logger:main] GET /api/v1/operations/plugins/terraform-provider-nutanix/1 -> Time Taken: 3.45826ms
2026-06-23 05:16:22.14282Z INFO terraform_plum_v1 377   handler_wrapper.go:24 tfplum/service/management.InitRouter.HandlerWrapper.timer.func6 [logger:main] GET /api/v1/operations/plugins/terraform-provider-nutanix/1 -> Executing Request
2026-06-23 05:16:22.20608Z INFO terraform_plum_v1 377   server_before.go:33 tfplum/middleware.InitLogger                  [cr:b57ba9ad-e699-4b40-b42f-20f492346c1d][logger:main][pr:][rr:b57ba9ad-e699-4b40-b42f-20f492346c1d] logger initialized for RequestID: b57ba9ad-e699-4b40-b42f-20f492346c1d
2026-06-23 05:16:22.20625Z INFO terraform_plum_v1 377   plugin.go:75 tfplum/repo.DefaultMgr.GetPluginByName               [cr:b57ba9ad-e699-4b40-b42f-20f492346c1d][logger:main][pr:][rr:b57ba9ad-e699-4b40-b42f-20f492346c1d] Get Plugin By Name: terraform-provider-nutanix
2026-06-23 05:16:22.30225Z INFO terraform_plum_v1 377   handler_wrapper.go:27 tfplum/service/management.InitRouter.HandlerWrapper.timer.func6 [logger:main] GET /api/v1/operations/plugins/terraform-provider-nutanix/1 -> Time Taken: 159.347172ms
2026-06-23 05:16:24.48147Z INFO terraform_plum_v1 377   handler_wrapper.go:24 tfplum/service/management.InitRouter.HandlerWrapper.timer.func6 [logger:main] GET /api/v1/operations/plugins/terraform-provider-nutanix/1 -> Executing Request
2026-06-23 05:16:24.48157Z INFO terraform_plum_v1 377   server_before.go:33 tfplum/middleware.InitLogger                  [cr:59d0e216-f8fb-49e6-bd95-49f9261b96dd][logger:main][pr:][rr:59d0e216-f8fb-49e6-bd95-49f9261b96dd] logger initialized for RequestID: 59d0e216-f8fb-49e6-bd95-49f9261b96dd
2026-06-23 05:16:24.48164Z INFO terraform_plum_v1 377   plugin.go:75 tfplum/repo.DefaultMgr.GetPluginByName               [cr:59d0e216-f8fb-49e6-bd95-49f9261b96dd][logger:main][pr:][rr:59d0e216-f8fb-49e6-bd95-49f9261b96dd] Get Plugin By Name: terraform-provider-nutanix
2026-06-23 05:16:24.50246Z INFO terraform_plum_v1 377   handler_wrapper.go:27 tfplum/service/management.InitRouter.HandlerWrapper.timer.func6 [logger:main] GET /api/v1/operations/plugins/terraform-provider-nutanix/1 -> Time Taken: 20.931917ms
2026-06-23 05:16:52.10210Z INFO terraform_plum_v1 377   handler_wrapper.go:24 tfplum/service/management.InitRouter.HandlerWrapper.timer.func6 [logger:main] GET /api/v1/operations/plugins/terraform-provider-nutanix/1 -> Executing Request
2026-06-23 05:16:52.10796Z INFO terraform_plum_v1 377   server_before.go:33 tfplum/middleware.InitLogger                  [cr:17c3dba7-0d16-4f0f-80d6-17a6341ad8ee][logger:main][pr:][rr:17c3dba7-0d16-4f0f-80d6-17a6341ad8ee] logger initialized for RequestID: 17c3dba7-0d16-4f0f-80d6-17a6341ad8ee
2026-06-23 05:16:52.13457Z INFO terraform_plum_v1 377   plugin.go:75 tfplum/repo.DefaultMgr.GetPluginByName               [cr:17c3dba7-0d16-4f0f-80d6-17a6341ad8ee][logger:main][pr:][rr:17c3dba7-0d16-4f0f-80d6-17a6341ad8ee] Get Plugin By Name: terraform-provider-nutanix
2026-06-23 05:16:52.23115Z INFO terraform_plum_v1 377   handler_wrapper.go:27 tfplum/service/management.InitRouter.HandlerWrapper.timer.func6 [logger:main] GET /api/v1/operations/plugins/terraform-provider-nutanix/1 -> Time Taken: 128.90824ms
2026-06-23 05:16:54.48126Z INFO terraform_plum_v1 377   handler_wrapper.go:24 tfplum/service/management.InitRouter.HandlerWrapper.timer.func6 [logger:main] GET /api/v1/operations/plugins/terraform-provider-nutanix/1 -> Executing Request
2026-06-23 05:16:54.48136Z INFO terraform_plum_v1 377   server_before.go:33 tfplum/middleware.InitLogger                  [cr:60899d1f-6e82-436b-b252-4564cda3e112][logger:main][pr:][rr:60899d1f-6e82-436b-b252-4564cda3e112] logger initialized for RequestID: 60899d1f-6e82-436b-b252-4564cda3e112
2026-06-23 05:16:54.48143Z INFO terraform_plum_v1 377   plugin.go:75 tfplum/repo.DefaultMgr.GetPluginByName               [cr:60899d1f-6e82-436b-b252-4564cda3e112][logger:main][pr:][rr:60899d1f-6e82-436b-b252-4564cda3e112] Get Plugin By Name: terraform-provider-nutanix
2026-06-23 05:16:54.50278Z INFO terraform_plum_v1 377   handler_wrapper.go:27 tfplum/service/management.InitRouter.HandlerWrapper.timer.func6 [logger:main] GET /api/v1/operations/plugins/terraform-provider-nutanix/1 -> Time Taken: 21.452486ms
2026-06-23 05:17:22.13377Z INFO terraform_plum_v1 377   handler_wrapper.go:24 tfplum/service/management.InitRouter.HandlerWrapper.timer.func6 [logger:main] GET /api/v1/operations/plugins/terraform-provider-nutanix/1 -> Executing Request
2026-06-23 05:17:22.14390Z INFO terraform_plum_v1 377   server_before.go:33 tfplum/middleware.InitLogger                  [cr:3201c3f4-c0bb-4b43-8a17-fe3debe567f3][logger:main][pr:][rr:3201c3f4-c0bb-4b43-8a17-fe3debe567f3] logger initialized for RequestID: 3201c3f4-c0bb-4b43-8a17-fe3debe567f3
2026-06-23 05:17:22.14991Z INFO terraform_plum_v1 377   plugin.go:75 tfplum/repo.DefaultMgr.GetPluginByName               [cr:3201c3f4-c0bb-4b43-8a17-fe3debe567f3][logger:main][pr:][rr:3201c3f4-c0bb-4b43-8a17-fe3debe567f3] Get Plugin By Name: terraform-provider-nutanix
2026-06-23 05:17:22.30323Z INFO terraform_plum_v1 377   handler_wrapper.go:27 tfplum/service/management.InitRouter.HandlerWrapper.timer.func6 [logger:main] GET /api/v1/operations/plugins/terraform-provider-nutanix/1 -> Time Taken: 167.468468ms
2026-06-23 05:17:24.50311Z INFO terraform_plum_v1 377   handler_wrapper.go:24 tfplum/service/management.InitRouter.HandlerWrapper.timer.func6 [logger:main] GET /api/v1/operations/plugins/terraform-provider-nutanix/1 -> Executing Request
2026-06-23 05:17:24.50323Z INFO terraform_plum_v1 377   server_before.go:33 tfplum/middleware.InitLogger                  [cr:cca66a3d-5cff-43be-b2f8-bb07b113b740][logger:main][pr:][rr:cca66a3d-5cff-43be-b2f8-bb07b113b740] logger initialized for RequestID: cca66a3d-5cff-43be-b2f8-bb07b113b740
2026-06-23 05:17:24.50331Z INFO terraform_plum_v1 377   plugin.go:75 tfplum/repo.DefaultMgr.GetPluginByName               [cr:cca66a3d-5cff-43be-b2f8-bb07b113b740][logger:main][pr:][rr:cca66a3d-5cff-43be-b2f8-bb07b113b740] Get Plugin By Name: terraform-provider-nutanix
2026-06-23 05:17:24.50798Z INFO terraform_plum_v1 377   handler_wrapper.go:27 tfplum/service/management.InitRouter.HandlerWrapper.timer.func6 [logger:main] GET /api/v1/operations/plugins/terraform-provider-nutanix/1 -> Time Taken: 4.807531ms
2026-06-23 05:17:52.70811Z INFO terraform_plum_v1 377   handler_wrapper.go:24 tfplum/service/management.InitRouter.HandlerWrapper.timer.func6 [logger:main] GET /api/v1/operations/plugins/terraform-provider-nutanix/1 -> Executing Request
2026-06-23 05:17:52.70839Z INFO terraform_plum_v1 377   server_before.go:33 tfplum/middleware.InitLogger                  [cr:628fa6a8-33c0-44f1-8673-4a7816b98994][logger:main][pr:][rr:628fa6a8-33c0-44f1-8673-4a7816b98994] logger initialized for RequestID: 628fa6a8-33c0-44f1-8673-4a7816b98994
2026-06-23 05:17:52.70849Z INFO terraform_plum_v1 377   plugin.go:75 tfplum/repo.DefaultMgr.GetPluginByName               [cr:628fa6a8-33c0-44f1-8673-4a7816b98994][logger:main][pr:][rr:628fa6a8-33c0-44f1-8673-4a7816b98994] Get Plugin By Name: terraform-provider-nutanix
2026-06-23 05:17:52.71391Z INFO terraform_plum_v1 377   handler_wrapper.go:27 tfplum/service/management.InitRouter.HandlerWrapper.timer.func6 [logger:main] GET /api/v1/operations/plugins/terraform-provider-nutanix/1 -> Time Taken: 5.576643ms
2026-06-23 05:17:54.47707Z INFO terraform_plum_v1 377   handler_wrapper.go:24 tfplum/service/management.InitRouter.HandlerWrapper.timer.func6 [logger:main] GET /api/v1/operations/plugins/terraform-provider-nutanix/1 -> Executing Request
2026-06-23 05:17:54.47717Z INFO terraform_plum_v1 377   server_before.go:33 tfplum/middleware.InitLogger                  [cr:57a182f9-a933-4467-8b33-f0791677c875][logger:main][pr:][rr:57a182f9-a933-4467-8b33-f0791677c875] logger initialized for RequestID: 57a182f9-a933-4467-8b33-f0791677c875
2026-06-23 05:17:54.47724Z INFO terraform_plum_v1 377   plugin.go:75 tfplum/repo.DefaultMgr.GetPluginByName               [cr:57a182f9-a933-4467-8b33-f0791677c875][logger:main][pr:][rr:57a182f9-a933-4467-8b33-f0791677c875] Get Plugin By Name: terraform-provider-nutanix
2026-06-23 05:17:54.48604Z INFO terraform_plum_v1 377   handler_wrapper.go:27 tfplum/service/management.InitRouter.HandlerWrapper.timer.func6 [logger:main] GET /api/v1/operations/plugins/terraform-provider-nutanix/1 -> Time Taken: 8.911292ms
2026-06-23 05:18:22.33000Z INFO terraform_plum_v1 377   handler_wrapper.go:24 tfplum/service/management.InitRouter.HandlerWrapper.timer.func6 [logger:main] GET /api/v1/operations/plugins/terraform-provider-nutanix/1 -> Executing Request
2026-06-23 05:18:22.41985Z INFO terraform_plum_v1 377   server_before.go:33 tfplum/middleware.InitLogger                  [cr:bb678f04-0b85-4101-b2e8-5b3517a0c07c][logger:main][pr:][rr:bb678f04-0b85-4101-b2e8-5b3517a0c07c] logger initialized for RequestID: bb678f04-0b85-4101-b2e8-5b3517a0c07c
2026-06-23 05:18:22.42005Z INFO terraform_plum_v1 377   plugin.go:75 tfplum/repo.DefaultMgr.GetPluginByName               [cr:bb678f04-0b85-4101-b2e8-5b3517a0c07c][logger:main][pr:][rr:bb678f04-0b85-4101-b2e8-5b3517a0c07c] Get Plugin By Name: terraform-provider-nutanix
2026-06-23 05:18:22.71788Z INFO terraform_plum_v1 377   handler_wrapper.go:27 tfplum/service/management.InitRouter.HandlerWrapper.timer.func6 [logger:main] GET /api/v1/operations/plugins/terraform-provider-nutanix/1 -> Time Taken: 387.754979ms
2026-06-23 05:18:24.50366Z INFO terraform_plum_v1 377   handler_wrapper.go:24 tfplum/service/management.InitRouter.HandlerWrapper.timer.func6 [logger:main] GET /api/v1/operations/plugins/terraform-provider-nutanix/1 -> Executing Request
2026-06-23 05:18:24.50375Z INFO terraform_plum_v1 377   server_before.go:33 tfplum/middleware.InitLogger                  [cr:ae98df1b-9903-420b-9d6f-958d04ea509e][logger:main][pr:][rr:ae98df1b-9903-420b-9d6f-958d04ea509e] logger initialized for RequestID: ae98df1b-9903-420b-9d6f-958d04ea509e
2026-06-23 05:18:24.50382Z INFO terraform_plum_v1 377   plugin.go:75 tfplum/repo.DefaultMgr.GetPluginByName               [cr:ae98df1b-9903-420b-9d6f-958d04ea509e][logger:main][pr:][rr:ae98df1b-9903-420b-9d6f-958d04ea509e] Get Plugin By Name: terraform-provider-nutanix
2026-06-23 05:18:24.50871Z INFO terraform_plum_v1 377   handler_wrapper.go:27 tfplum/service/management.InitRouter.HandlerWrapper.timer.func6 [logger:main] GET /api/v1/operations/plugins/terraform-provider-nutanix/1 -> Time Taken: 5.025019ms
2026-06-23 05:18:52.30305Z INFO terraform_plum_v1 377   handler_wrapper.go:24 tfplum/service/management.InitRouter.HandlerWrapper.timer.func6 [logger:main] GET /api/v1/operations/plugins/terraform-provider-nutanix/1 -> Executing Request
2026-06-23 05:18:52.30328Z INFO terraform_plum_v1 377   server_before.go:33 tfplum/middleware.InitLogger                  [cr:47a861a1-74bb-4240-8d11-5cf6566c398f][logger:main][pr:][rr:47a861a1-74bb-4240-8d11-5cf6566c398f] logger initialized for RequestID: 47a861a1-74bb-4240-8d11-5cf6566c398f
2026-06-23 05:18:52.30345Z INFO terraform_plum_v1 377   plugin.go:75 tfplum/repo.DefaultMgr.GetPluginByName               [cr:47a861a1-74bb-4240-8d11-5cf6566c398f][logger:main][pr:][rr:47a861a1-74bb-4240-8d11-5cf6566c398f] Get Plugin By Name: terraform-provider-nutanix
2026-06-23 05:18:52.30877Z INFO terraform_plum_v1 377   handler_wrapper.go:27 tfplum/service/management.InitRouter.HandlerWrapper.timer.func6 [logger:main] GET /api/v1/operations/plugins/terraform-provider-nutanix/1 -> Time Taken: 5.564232ms
2026-06-23 05:18:54.48955Z INFO terraform_plum_v1 377   handler_wrapper.go:24 tfplum/service/management.InitRouter.HandlerWrapper.timer.func6 [logger:main] GET /api/v1/operations/plugins/terraform-provider-nutanix/1 -> Executing Request
2026-06-23 05:18:54.48970Z INFO terraform_plum_v1 377   server_before.go:33 tfplum/middleware.InitLogger                  [cr:1c0af004-5a71-45ec-8f47-593835ced6ef][logger:main][pr:][rr:1c0af004-5a71-45ec-8f47-593835ced6ef] logger initialized for RequestID: 1c0af004-5a71-45ec-8f47-593835ced6ef
2026-06-23 05:18:54.48976Z INFO terraform_plum_v1 377   plugin.go:75 tfplum/repo.DefaultMgr.GetPluginByName               [cr:1c0af004-5a71-45ec-8f47-593835ced6ef][logger:main][pr:][rr:1c0af004-5a71-45ec-8f47-593835ced6ef] Get Plugin By Name: terraform-provider-nutanix
2026-06-23 05:18:54.49383Z INFO terraform_plum_v1 377   handler_wrapper.go:27 tfplum/service/management.InitRouter.HandlerWrapper.timer.func6 [logger:main] GET /api/v1/operations/plugins/terraform-provider-nutanix/1 -> Time Taken: 4.202408ms
2026-06-23 05:19:22.13503Z INFO terraform_plum_v1 377   handler_wrapper.go:24 tfplum/service/management.InitRouter.HandlerWrapper.timer.func6 [logger:main] GET /api/v1/operations/plugins/terraform-provider-nutanix/1 -> Executing Request
2026-06-23 05:19:22.13721Z INFO terraform_plum_v1 377   server_before.go:33 tfplum/middleware.InitLogger                  [cr:13fa4299-535c-4fe9-93ec-854040229956][logger:main][pr:][rr:13fa4299-535c-4fe9-93ec-854040229956] logger initialized for RequestID: 13fa4299-535c-4fe9-93ec-854040229956
2026-06-23 05:19:22.13739Z INFO terraform_plum_v1 377   plugin.go:75 tfplum/repo.DefaultMgr.GetPluginByName               [cr:13fa4299-535c-4fe9-93ec-854040229956][logger:main][pr:][rr:13fa4299-535c-4fe9-93ec-854040229956] Get Plugin By Name: terraform-provider-nutanix
2026-06-23 05:19:22.23438Z INFO terraform_plum_v1 377   handler_wrapper.go:27 tfplum/service/management.InitRouter.HandlerWrapper.timer.func6 [logger:main] GET /api/v1/operations/plugins/terraform-provider-nutanix/1 -> Time Taken: 98.379572ms
2026-06-23 05:19:24.48232Z INFO terraform_plum_v1 377   handler_wrapper.go:24 tfplum/service/management.InitRouter.HandlerWrapper.timer.func6 [logger:main] GET /api/v1/operations/plugins/terraform-provider-nutanix/1 -> Executing Request
2026-06-23 05:19:24.48241Z INFO terraform_plum_v1 377   server_before.go:33 tfplum/middleware.InitLogger                  [cr:7897845e-e836-4433-91d0-ee878d40c60b][logger:main][pr:][rr:7897845e-e836-4433-91d0-ee878d40c60b] logger initialized for RequestID: 7897845e-e836-4433-91d0-ee878d40c60b
2026-06-23 05:19:24.48247Z INFO terraform_plum_v1 377   plugin.go:75 tfplum/repo.DefaultMgr.GetPluginByName               [cr:7897845e-e836-4433-91d0-ee878d40c60b][logger:main][pr:][rr:7897845e-e836-4433-91d0-ee878d40c60b] Get Plugin By Name: terraform-provider-nutanix
2026-06-23 05:19:24.48587Z INFO terraform_plum_v1 377   handler_wrapper.go:27 tfplum/service/management.InitRouter.HandlerWrapper.timer.func6 [logger:main] GET /api/v1/operations/plugins/terraform-provider-nutanix/1 -> Time Taken: 3.497594ms
2026-06-23 05:19:51.92112Z INFO terraform_plum_v1 377   handler_wrapper.go:24 tfplum/service/management.InitRouter.HandlerWrapper.timer.func6 [logger:main] GET /api/v1/operations/plugins/terraform-provider-nutanix/1 -> Executing Request
2026-06-23 05:19:51.92122Z INFO terraform_plum_v1 377   server_before.go:33 tfplum/middleware.InitLogger                  [cr:c8c060da-702a-46d0-8aeb-626d482e0975][logger:main][pr:][rr:c8c060da-702a-46d0-8aeb-626d482e0975] logger initialized for RequestID: c8c060da-702a-46d0-8aeb-626d482e0975
2026-06-23 05:19:51.92128Z INFO terraform_plum_v1 377   plugin.go:75 tfplum/repo.DefaultMgr.GetPluginByName               [cr:c8c060da-702a-46d0-8aeb-626d482e0975][logger:main][pr:][rr:c8c060da-702a-46d0-8aeb-626d482e0975] Get Plugin By Name: terraform-provider-nutanix
2026-06-23 05:19:52.03122Z INFO terraform_plum_v1 377   handler_wrapper.go:27 tfplum/service/management.InitRouter.HandlerWrapper.timer.func6 [logger:main] GET /api/v1/operations/plugins/terraform-provider-nutanix/1 -> Time Taken: 3.637746ms
2026-06-23 05:19:54.73524Z INFO terraform_plum_v1 377   handler_wrapper.go:24 tfplum/service/management.InitRouter.HandlerWrapper.timer.func6 [logger:main] GET /api/v1/operations/plugins/terraform-provider-nutanix/1 -> Executing Request
2026-06-23 05:19:54.73538Z INFO terraform_plum_v1 377   server_before.go:33 tfplum/middleware.InitLogger                  [cr:9eaeda9c-d353-451e-93f0-7a48fcd97b4d][logger:main][pr:][rr:9eaeda9c-d353-451e-93f0-7a48fcd97b4d] logger initialized for RequestID: 9eaeda9c-d353-451e-93f0-7a48fcd97b4d
2026-06-23 05:19:54.73549Z INFO terraform_plum_v1 377   plugin.go:75 tfplum/repo.DefaultMgr.GetPluginByName               [cr:9eaeda9c-d353-451e-93f0-7a48fcd97b4d][logger:main][pr:][rr:9eaeda9c-d353-451e-93f0-7a48fcd97b4d] Get Plugin By Name: terraform-provider-nutanix
2026-06-23 05:19:54.80570Z INFO terraform_plum_v1 377   handler_wrapper.go:27 tfplum/service/management.InitRouter.HandlerWrapper.timer.func6 [logger:main] GET /api/v1/operations/plugins/terraform-provider-nutanix/1 -> Time Taken: 70.388892ms
2026-06-23 05:20:22.43014Z INFO terraform_plum_v1 377   handler_wrapper.go:24 tfplum/service/management.InitRouter.HandlerWrapper.timer.func6 [logger:main] GET /api/v1/operations/plugins/terraform-provider-nutanix/1 -> Executing Request
2026-06-23 05:20:22.43025Z INFO terraform_plum_v1 377   server_before.go:33 tfplum/middleware.InitLogger                  [cr:fdebe19d-9b5b-462f-bbcf-7baf493feb35][logger:main][pr:][rr:fdebe19d-9b5b-462f-bbcf-7baf493feb35] logger initialized for RequestID: fdebe19d-9b5b-462f-bbcf-7baf493feb35
2026-06-23 05:20:22.43036Z INFO terraform_plum_v1 377   plugin.go:75 tfplum/repo.DefaultMgr.GetPluginByName               [cr:fdebe19d-9b5b-462f-bbcf-7baf493feb35][logger:main][pr:][rr:fdebe19d-9b5b-462f-bbcf-7baf493feb35] Get Plugin By Name: terraform-provider-nutanix
2026-06-23 05:20:22.50724Z INFO terraform_plum_v1 377   handler_wrapper.go:27 tfplum/service/management.InitRouter.HandlerWrapper.timer.func6 [logger:main] GET /api/v1/operations/plugins/terraform-provider-nutanix/1 -> Time Taken: 77.035234ms
2026-06-23 05:20:24.60279Z INFO terraform_plum_v1 377   handler_wrapper.go:24 tfplum/service/management.InitRouter.HandlerWrapper.timer.func6 [logger:main] GET /api/v1/operations/plugins/terraform-provider-nutanix/1 -> Executing Request
2026-06-23 05:20:24.60290Z INFO terraform_plum_v1 377   server_before.go:33 tfplum/middleware.InitLogger                  [cr:76b4d503-6423-48b4-9de7-16c2a88d8fbe][logger:main][pr:][rr:76b4d503-6423-48b4-9de7-16c2a88d8fbe] logger initialized for RequestID: 76b4d503-6423-48b4-9de7-16c2a88d8fbe
2026-06-23 05:20:24.60296Z INFO terraform_plum_v1 377   plugin.go:75 tfplum/repo.DefaultMgr.GetPluginByName               [cr:76b4d503-6423-48b4-9de7-16c2a88d8fbe][logger:main][pr:][rr:76b4d503-6423-48b4-9de7-16c2a88d8fbe] Get Plugin By Name: terraform-provider-nutanix
2026-06-23 05:20:24.60771Z INFO terraform_plum_v1 377   handler_wrapper.go:27 tfplum/service/management.InitRouter.HandlerWrapper.timer.func6 [logger:main] GET /api/v1/operations/plugins/terraform-provider-nutanix/1 -> Time Taken: 4.861377ms
2026-06-23 05:20:52.14978Z INFO terraform_plum_v1 377   handler_wrapper.go:24 tfplum/service/management.InitRouter.HandlerWrapper.timer.func6 [logger:main] GET /api/v1/operations/plugins/terraform-provider-nutanix/1 -> Executing Request
2026-06-23 05:20:52.24151Z INFO terraform_plum_v1 377   server_before.go:33 tfplum/middleware.InitLogger                  [cr:63dc823b-43b0-409e-8af6-3d2ef86fdbe0][logger:main][pr:][rr:63dc823b-43b0-409e-8af6-3d2ef86fdbe0] logger initialized for RequestID: 63dc823b-43b0-409e-8af6-3d2ef86fdbe0
2026-06-23 05:20:52.25351Z INFO terraform_plum_v1 377   plugin.go:75 tfplum/repo.DefaultMgr.GetPluginByName               [cr:63dc823b-43b0-409e-8af6-3d2ef86fdbe0][logger:main][pr:][rr:63dc823b-43b0-409e-8af6-3d2ef86fdbe0] Get Plugin By Name: terraform-provider-nutanix
2026-06-23 05:20:52.40770Z INFO terraform_plum_v1 377   handler_wrapper.go:27 tfplum/service/management.InitRouter.HandlerWrapper.timer.func6 [logger:main] GET /api/v1/operations/plugins/terraform-provider-nutanix/1 -> Time Taken: 250.749858ms
2026-06-23 05:20:54.47879Z INFO terraform_plum_v1 377   handler_wrapper.go:24 tfplum/service/management.InitRouter.HandlerWrapper.timer.func6 [logger:main] GET /api/v1/operations/plugins/terraform-provider-nutanix/1 -> Executing Request
2026-06-23 05:20:54.47893Z INFO terraform_plum_v1 377   server_before.go:33 tfplum/middleware.InitLogger                  [cr:02d35077-8363-4976-973d-b23e5c69b19c][logger:main][pr:][rr:02d35077-8363-4976-973d-b23e5c69b19c] logger initialized for RequestID: 02d35077-8363-4976-973d-b23e5c69b19c
2026-06-23 05:20:54.47901Z INFO terraform_plum_v1 377   plugin.go:75 tfplum/repo.DefaultMgr.GetPluginByName               [cr:02d35077-8363-4976-973d-b23e5c69b19c][logger:main][pr:][rr:02d35077-8363-4976-973d-b23e5c69b19c] Get Plugin By Name: terraform-provider-nutanix
2026-06-23 05:20:54.48392Z INFO terraform_plum_v1 377   handler_wrapper.go:27 tfplum/service/management.InitRouter.HandlerWrapper.timer.func6 [logger:main] GET /api/v1/operations/plugins/terraform-provider-nutanix/1 -> Time Taken: 5.061891ms
2026-06-23 05:21:22.40239Z INFO terraform_plum_v1 377   handler_wrapper.go:24 tfplum/service/management.InitRouter.HandlerWrapper.timer.func6 [logger:main] GET /api/v1/operations/plugins/terraform-provider-nutanix/1 -> Executing Request
2026-06-23 05:21:22.40252Z INFO terraform_plum_v1 377   server_before.go:33 tfplum/middleware.InitLogger                  [cr:4f37fa46-2ab4-4287-a73b-9e8ffdf8680b][logger:main][pr:][rr:4f37fa46-2ab4-4287-a73b-9e8ffdf8680b] logger initialized for RequestID: 4f37fa46-2ab4-4287-a73b-9e8ffdf8680b
2026-06-23 05:21:22.40263Z INFO terraform_plum_v1 377   plugin.go:75 tfplum/repo.DefaultMgr.GetPluginByName               [cr:4f37fa46-2ab4-4287-a73b-9e8ffdf8680b][logger:main][pr:][rr:4f37fa46-2ab4-4287-a73b-9e8ffdf8680b] Get Plugin By Name: terraform-provider-nutanix
2026-06-23 05:21:22.49292Z INFO terraform_plum_v1 377   handler_wrapper.go:27 tfplum/service/management.InitRouter.HandlerWrapper.timer.func6 [logger:main] GET /api/v1/operations/plugins/terraform-provider-nutanix/1 -> Time Taken: 90.461212ms
2026-06-23 05:21:24.48248Z INFO terraform_plum_v1 377   handler_wrapper.go:24 tfplum/service/management.InitRouter.HandlerWrapper.timer.func6 [logger:main] GET /api/v1/operations/plugins/terraform-provider-nutanix/1 -> Executing Request
2026-06-23 05:21:24.48255Z INFO terraform_plum_v1 377   server_before.go:33 tfplum/middleware.InitLogger                  [cr:b9f47b16-7e34-4325-a96c-004e2c45c591][logger:main][pr:][rr:b9f47b16-7e34-4325-a96c-004e2c45c591] logger initialized for RequestID: b9f47b16-7e34-4325-a96c-004e2c45c591
2026-06-23 05:21:24.48260Z INFO terraform_plum_v1 377   plugin.go:75 tfplum/repo.DefaultMgr.GetPluginByName               [cr:b9f47b16-7e34-4325-a96c-004e2c45c591][logger:main][pr:][rr:b9f47b16-7e34-4325-a96c-004e2c45c591] Get Plugin By Name: terraform-provider-nutanix
2026-06-23 05:21:24.50201Z INFO terraform_plum_v1 377   handler_wrapper.go:27 tfplum/service/management.InitRouter.HandlerWrapper.timer.func6 [logger:main] GET /api/v1/operations/plugins/terraform-provider-nutanix/1 -> Time Taken: 19.486403ms
2026-06-23 05:21:52.11263Z INFO terraform_plum_v1 377   handler_wrapper.go:24 tfplum/service/management.InitRouter.HandlerWrapper.timer.func6 [logger:main] GET /api/v1/operations/plugins/terraform-provider-nutanix/1 -> Executing Request
2026-06-23 05:21:52.12207Z INFO terraform_plum_v1 377   server_before.go:33 tfplum/middleware.InitLogger                  [cr:10a6028b-9b4f-4b1c-aa47-b2c1157ad456][logger:main][pr:][rr:10a6028b-9b4f-4b1c-aa47-b2c1157ad456] logger initialized for RequestID: 10a6028b-9b4f-4b1c-aa47-b2c1157ad456
2026-06-23 05:21:52.12227Z INFO terraform_plum_v1 377   plugin.go:75 tfplum/repo.DefaultMgr.GetPluginByName               [cr:10a6028b-9b4f-4b1c-aa47-b2c1157ad456][logger:main][pr:][rr:10a6028b-9b4f-4b1c-aa47-b2c1157ad456] Get Plugin By Name: terraform-provider-nutanix
2026-06-23 05:21:52.20859Z INFO terraform_plum_v1 377   handler_wrapper.go:27 tfplum/service/management.InitRouter.HandlerWrapper.timer.func6 [logger:main] GET /api/v1/operations/plugins/terraform-provider-nutanix/1 -> Time Taken: 95.834835ms
2026-06-23 05:21:54.60547Z INFO terraform_plum_v1 377   handler_wrapper.go:24 tfplum/service/management.InitRouter.HandlerWrapper.timer.func6 [logger:main] GET /api/v1/operations/plugins/terraform-provider-nutanix/1 -> Executing Request
2026-06-23 05:21:54.60558Z INFO terraform_plum_v1 377   server_before.go:33 tfplum/middleware.InitLogger                  [cr:4d1ce67b-a71a-4c44-95cf-a9a8c698cf24][logger:main][pr:][rr:4d1ce67b-a71a-4c44-95cf-a9a8c698cf24] logger initialized for RequestID: 4d1ce67b-a71a-4c44-95cf-a9a8c698cf24
2026-06-23 05:21:54.60563Z INFO terraform_plum_v1 377   plugin.go:75 tfplum/repo.DefaultMgr.GetPluginByName               [cr:4d1ce67b-a71a-4c44-95cf-a9a8c698cf24][logger:main][pr:][rr:4d1ce67b-a71a-4c44-95cf-a9a8c698cf24] Get Plugin By Name: terraform-provider-nutanix
2026-06-23 05:21:54.70278Z INFO terraform_plum_v1 377   handler_wrapper.go:27 tfplum/service/management.InitRouter.HandlerWrapper.timer.func6 [logger:main] GET /api/v1/operations/plugins/terraform-provider-nutanix/1 -> Time Taken: 97.246318ms
2026-06-23 05:22:22.23480Z INFO terraform_plum_v1 377   handler_wrapper.go:24 tfplum/service/management.InitRouter.HandlerWrapper.timer.func6 [logger:main] GET /api/v1/operations/plugins/terraform-provider-nutanix/1 -> Executing Request
2026-06-23 05:22:22.24822Z INFO terraform_plum_v1 377   server_before.go:33 tfplum/middleware.InitLogger                  [cr:395ff815-d14f-4277-a833-f89ca6776258][logger:main][pr:][rr:395ff815-d14f-4277-a833-f89ca6776258] logger initialized for RequestID: 395ff815-d14f-4277-a833-f89ca6776258
2026-06-23 05:22:22.31491Z INFO terraform_plum_v1 377   plugin.go:75 tfplum/repo.DefaultMgr.GetPluginByName               [cr:395ff815-d14f-4277-a833-f89ca6776258][logger:main][pr:][rr:395ff815-d14f-4277-a833-f89ca6776258] Get Plugin By Name: terraform-provider-nutanix
2026-06-23 05:22:22.41253Z INFO terraform_plum_v1 377   handler_wrapper.go:27 tfplum/service/management.InitRouter.HandlerWrapper.timer.func6 [logger:main] GET /api/v1/operations/plugins/terraform-provider-nutanix/1 -> Time Taken: 177.558671ms
2026-06-23 05:22:24.47721Z INFO terraform_plum_v1 377   handler_wrapper.go:24 tfplum/service/management.InitRouter.HandlerWrapper.timer.func6 [logger:main] GET /api/v1/operations/plugins/terraform-provider-nutanix/1 -> Executing Request
2026-06-23 05:22:24.47730Z INFO terraform_plum_v1 377   server_before.go:33 tfplum/middleware.InitLogger                  [cr:681ccc0f-b778-458a-814a-5629f9ab149f][logger:main][pr:][rr:681ccc0f-b778-458a-814a-5629f9ab149f] logger initialized for RequestID: 681ccc0f-b778-458a-814a-5629f9ab149f
2026-06-23 05:22:24.47737Z INFO terraform_plum_v1 377   plugin.go:75 tfplum/repo.DefaultMgr.GetPluginByName               [cr:681ccc0f-b778-458a-814a-5629f9ab149f][logger:main][pr:][rr:681ccc0f-b778-458a-814a-5629f9ab149f] Get Plugin By Name: terraform-provider-nutanix
2026-06-23 05:22:24.48348Z INFO terraform_plum_v1 377   handler_wrapper.go:27 tfplum/service/management.InitRouter.HandlerWrapper.timer.func6 [logger:main] GET /api/v1/operations/plugins/terraform-provider-nutanix/1 -> Time Taken: 6.217614ms
2026-06-23 05:22:52.23510Z INFO terraform_plum_v1 377   handler_wrapper.go:24 tfplum/service/management.InitRouter.HandlerWrapper.timer.func6 [logger:main] GET /api/v1/operations/plugins/terraform-provider-nutanix/1 -> Executing Request
2026-06-23 05:22:52.31259Z INFO terraform_plum_v1 377   server_before.go:33 tfplum/middleware.InitLogger                  [cr:4083a427-f52a-466a-86f9-1eacf146f77b][logger:main][pr:][rr:4083a427-f52a-466a-86f9-1eacf146f77b] logger initialized for RequestID: 4083a427-f52a-466a-86f9-1eacf146f77b
2026-06-23 05:22:52.31276Z INFO terraform_plum_v1 377   plugin.go:75 tfplum/repo.DefaultMgr.GetPluginByName               [cr:4083a427-f52a-466a-86f9-1eacf146f77b][logger:main][pr:][rr:4083a427-f52a-466a-86f9-1eacf146f77b] Get Plugin By Name: terraform-provider-nutanix
2026-06-23 05:22:52.41953Z INFO terraform_plum_v1 377   handler_wrapper.go:27 tfplum/service/management.InitRouter.HandlerWrapper.timer.func6 [logger:main] GET /api/v1/operations/plugins/terraform-provider-nutanix/1 -> Time Taken: 184.335486ms
2026-06-23 05:22:54.51622Z INFO terraform_plum_v1 377   handler_wrapper.go:24 tfplum/service/management.InitRouter.HandlerWrapper.timer.func6 [logger:main] GET /api/v1/operations/plugins/terraform-provider-nutanix/1 -> Executing Request
2026-06-23 05:22:54.51632Z INFO terraform_plum_v1 377   server_before.go:33 tfplum/middleware.InitLogger                  [cr:9166bbad-78fd-4ceb-a03d-c5cb25791dbc][logger:main][pr:][rr:9166bbad-78fd-4ceb-a03d-c5cb25791dbc] logger initialized for RequestID: 9166bbad-78fd-4ceb-a03d-c5cb25791dbc
2026-06-23 05:22:54.51639Z INFO terraform_plum_v1 377   plugin.go:75 tfplum/repo.DefaultMgr.GetPluginByName               [cr:9166bbad-78fd-4ceb-a03d-c5cb25791dbc][logger:main][pr:][rr:9166bbad-78fd-4ceb-a03d-c5cb25791dbc] Get Plugin By Name: terraform-provider-nutanix
2026-06-23 05:22:54.60443Z INFO terraform_plum_v1 377   handler_wrapper.go:27 tfplum/service/management.InitRouter.HandlerWrapper.timer.func6 [logger:main] GET /api/v1/operations/plugins/terraform-provider-nutanix/1 -> Time Taken: 88.149939ms
2026-06-23 05:23:22.53170Z INFO terraform_plum_v1 377   handler_wrapper.go:24 tfplum/service/management.InitRouter.HandlerWrapper.timer.func6 [logger:main] GET /api/v1/operations/plugins/terraform-provider-nutanix/1 -> Executing Request
2026-06-23 05:23:22.53191Z INFO terraform_plum_v1 377   server_before.go:33 tfplum/middleware.InitLogger                  [cr:6a449599-f85c-452f-8531-bb9ea8b04cf4][logger:main][pr:][rr:6a449599-f85c-452f-8531-bb9ea8b04cf4] logger initialized for RequestID: 6a449599-f85c-452f-8531-bb9ea8b04cf4
2026-06-23 05:23:22.53203Z INFO terraform_plum_v1 377   plugin.go:75 tfplum/repo.DefaultMgr.GetPluginByName               [cr:6a449599-f85c-452f-8531-bb9ea8b04cf4][logger:main][pr:][rr:6a449599-f85c-452f-8531-bb9ea8b04cf4] Get Plugin By Name: terraform-provider-nutanix
2026-06-23 05:23:22.70240Z INFO terraform_plum_v1 377   handler_wrapper.go:27 tfplum/service/management.InitRouter.HandlerWrapper.timer.func6 [logger:main] GET /api/v1/operations/plugins/terraform-provider-nutanix/1 -> Time Taken: 170.57394ms
2026-06-23 05:23:24.47730Z INFO terraform_plum_v1 377   handler_wrapper.go:24 tfplum/service/management.InitRouter.HandlerWrapper.timer.func6 [logger:main] GET /api/v1/operations/plugins/terraform-provider-nutanix/1 -> Executing Request
2026-06-23 05:23:24.48318Z INFO terraform_plum_v1 377   server_before.go:33 tfplum/middleware.InitLogger                  [cr:a30d3f8d-3cd1-4a47-8a3a-a02061a33f03][logger:main][pr:][rr:a30d3f8d-3cd1-4a47-8a3a-a02061a33f03] logger initialized for RequestID: a30d3f8d-3cd1-4a47-8a3a-a02061a33f03
2026-06-23 05:23:24.48330Z INFO terraform_plum_v1 377   plugin.go:75 tfplum/repo.DefaultMgr.GetPluginByName               [cr:a30d3f8d-3cd1-4a47-8a3a-a02061a33f03][logger:main][pr:][rr:a30d3f8d-3cd1-4a47-8a3a-a02061a33f03] Get Plugin By Name: terraform-provider-nutanix
2026-06-23 05:23:24.50457Z INFO terraform_plum_v1 377   handler_wrapper.go:27 tfplum/service/management.InitRouter.HandlerWrapper.timer.func6 [logger:main] GET /api/v1/operations/plugins/terraform-provider-nutanix/1 -> Time Taken: 27.198288ms
2026-06-23 05:23:52.51856Z INFO terraform_plum_v1 377   handler_wrapper.go:24 tfplum/service/management.InitRouter.HandlerWrapper.timer.func6 [logger:main] GET /api/v1/operations/plugins/terraform-provider-nutanix/1 -> Executing Request
2026-06-23 05:23:52.51878Z INFO terraform_plum_v1 377   server_before.go:33 tfplum/middleware.InitLogger                  [cr:5adfeaa1-fa76-49f1-9220-88d5ffb60fc7][logger:main][pr:][rr:5adfeaa1-fa76-49f1-9220-88d5ffb60fc7] logger initialized for RequestID: 5adfeaa1-fa76-49f1-9220-88d5ffb60fc7
2026-06-23 05:23:52.51893Z INFO terraform_plum_v1 377   plugin.go:75 tfplum/repo.DefaultMgr.GetPluginByName               [cr:5adfeaa1-fa76-49f1-9220-88d5ffb60fc7][logger:main][pr:][rr:5adfeaa1-fa76-49f1-9220-88d5ffb60fc7] Get Plugin By Name: terraform-provider-nutanix
2026-06-23 05:23:52.53405Z INFO terraform_plum_v1 377   handler_wrapper.go:27 tfplum/service/management.InitRouter.HandlerWrapper.timer.func6 [logger:main] GET /api/v1/operations/plugins/terraform-provider-nutanix/1 -> Time Taken: 15.381556ms
2026-06-23 05:23:54.48315Z INFO terraform_plum_v1 377   handler_wrapper.go:24 tfplum/service/management.InitRouter.HandlerWrapper.timer.func6 [logger:main] GET /api/v1/operations/plugins/terraform-provider-nutanix/1 -> Executing Request
2026-06-23 05:23:54.48322Z INFO terraform_plum_v1 377   server_before.go:33 tfplum/middleware.InitLogger                  [cr:ac8d1ece-277e-4f06-a05a-ccec38431ca3][logger:main][pr:][rr:ac8d1ece-277e-4f06-a05a-ccec38431ca3] logger initialized for RequestID: ac8d1ece-277e-4f06-a05a-ccec38431ca3
2026-06-23 05:23:54.48327Z INFO terraform_plum_v1 377   plugin.go:75 tfplum/repo.DefaultMgr.GetPluginByName               [cr:ac8d1ece-277e-4f06-a05a-ccec38431ca3][logger:main][pr:][rr:ac8d1ece-277e-4f06-a05a-ccec38431ca3] Get Plugin By Name: terraform-provider-nutanix
2026-06-23 05:23:54.50309Z INFO terraform_plum_v1 377   handler_wrapper.go:27 tfplum/service/management.InitRouter.HandlerWrapper.timer.func6 [logger:main] GET /api/v1/operations/plugins/terraform-provider-nutanix/1 -> Time Taken: 19.898422ms
2026-06-23 05:24:22.17042Z INFO terraform_plum_v1 377   handler_wrapper.go:24 tfplum/service/management.InitRouter.HandlerWrapper.timer.func6 [logger:main] GET /api/v1/operations/plugins/terraform-provider-nutanix/1 -> Executing Request
2026-06-23 05:24:22.22151Z INFO terraform_plum_v1 377   server_before.go:33 tfplum/middleware.InitLogger                  [cr:91a28445-c05e-4fae-99a8-dcc141ee60ce][logger:main][pr:][rr:91a28445-c05e-4fae-99a8-dcc141ee60ce] logger initialized for RequestID: 91a28445-c05e-4fae-99a8-dcc141ee60ce
2026-06-23 05:24:22.22514Z INFO terraform_plum_v1 377   plugin.go:75 tfplum/repo.DefaultMgr.GetPluginByName               [cr:91a28445-c05e-4fae-99a8-dcc141ee60ce][logger:main][pr:][rr:91a28445-c05e-4fae-99a8-dcc141ee60ce] Get Plugin By Name: terraform-provider-nutanix
2026-06-23 05:24:22.32266Z INFO terraform_plum_v1 377   handler_wrapper.go:27 tfplum/service/management.InitRouter.HandlerWrapper.timer.func6 [logger:main] GET /api/v1/operations/plugins/terraform-provider-nutanix/1 -> Time Taken: 108.54172ms
2026-06-23 05:24:24.47869Z INFO terraform_plum_v1 377   handler_wrapper.go:24 tfplum/service/management.InitRouter.HandlerWrapper.timer.func6 [logger:main] GET /api/v1/operations/plugins/terraform-provider-nutanix/1 -> Executing Request
2026-06-23 05:24:24.47879Z INFO terraform_plum_v1 377   server_before.go:33 tfplum/middleware.InitLogger                  [cr:3f80b99e-0035-40f2-b17f-443419fee567][logger:main][pr:][rr:3f80b99e-0035-40f2-b17f-443419fee567] logger initialized for RequestID: 3f80b99e-0035-40f2-b17f-443419fee567
2026-06-23 05:24:24.47890Z INFO terraform_plum_v1 377   plugin.go:75 tfplum/repo.DefaultMgr.GetPluginByName               [cr:3f80b99e-0035-40f2-b17f-443419fee567][logger:main][pr:][rr:3f80b99e-0035-40f2-b17f-443419fee567] Get Plugin By Name: terraform-provider-nutanix
2026-06-23 05:24:24.48806Z INFO terraform_plum_v1 377   handler_wrapper.go:27 tfplum/service/management.InitRouter.HandlerWrapper.timer.func6 [logger:main] GET /api/v1/operations/plugins/terraform-provider-nutanix/1 -> Time Taken: 9.317359ms
2026-06-23 05:24:52.44552Z INFO terraform_plum_v1 377   handler_wrapper.go:24 tfplum/service/management.InitRouter.HandlerWrapper.timer.func6 [logger:main] GET /api/v1/operations/plugins/terraform-provider-nutanix/1 -> Executing Request
2026-06-23 05:24:52.44564Z INFO terraform_plum_v1 377   server_before.go:33 tfplum/middleware.InitLogger                  [cr:01ed30dc-f33f-4a0e-b17f-c545f4226dc3][logger:main][pr:][rr:01ed30dc-f33f-4a0e-b17f-c545f4226dc3] logger initialized for RequestID: 01ed30dc-f33f-4a0e-b17f-c545f4226dc3
2026-06-23 05:24:52.44576Z INFO terraform_plum_v1 377   plugin.go:75 tfplum/repo.DefaultMgr.GetPluginByName               [cr:01ed30dc-f33f-4a0e-b17f-c545f4226dc3][logger:main][pr:][rr:01ed30dc-f33f-4a0e-b17f-c545f4226dc3] Get Plugin By Name: terraform-provider-nutanix
2026-06-23 05:24:52.51099Z INFO terraform_plum_v1 377   handler_wrapper.go:27 tfplum/service/management.InitRouter.HandlerWrapper.timer.func6 [logger:main] GET /api/v1/operations/plugins/terraform-provider-nutanix/1 -> Time Taken: 65.404035ms
2026-06-23 05:24:54.48439Z INFO terraform_plum_v1 377   handler_wrapper.go:24 tfplum/service/management.InitRouter.HandlerWrapper.timer.func6 [logger:main] GET /api/v1/operations/plugins/terraform-provider-nutanix/1 -> Executing Request
2026-06-23 05:24:54.48447Z INFO terraform_plum_v1 377   server_before.go:33 tfplum/middleware.InitLogger                  [cr:a4f663ec-3eba-46ff-9afa-d0c9f34ddfdc][logger:main][pr:][rr:a4f663ec-3eba-46ff-9afa-d0c9f34ddfdc] logger initialized for RequestID: a4f663ec-3eba-46ff-9afa-d0c9f34ddfdc
2026-06-23 05:24:54.48453Z INFO terraform_plum_v1 377   plugin.go:75 tfplum/repo.DefaultMgr.GetPluginByName               [cr:a4f663ec-3eba-46ff-9afa-d0c9f34ddfdc][logger:main][pr:][rr:a4f663ec-3eba-46ff-9afa-d0c9f34ddfdc] Get Plugin By Name: terraform-provider-nutanix
2026-06-23 05:24:54.48854Z INFO terraform_plum_v1 377   handler_wrapper.go:27 tfplum/service/management.InitRouter.HandlerWrapper.timer.func6 [logger:main] GET /api/v1/operations/plugins/terraform-provider-nutanix/1 -> Time Taken: 4.099717ms
2026-06-23 05:25:22.31611Z INFO terraform_plum_v1 377   handler_wrapper.go:24 tfplum/service/management.InitRouter.HandlerWrapper.timer.func6 [logger:main] GET /api/v1/operations/plugins/terraform-provider-nutanix/1 -> Executing Request
2026-06-23 05:25:22.31630Z INFO terraform_plum_v1 377   server_before.go:33 tfplum/middleware.InitLogger                  [cr:b12090fb-dd11-4941-a0ca-ebf175baa4a5][logger:main][pr:][rr:b12090fb-dd11-4941-a0ca-ebf175baa4a5] logger initialized for RequestID: b12090fb-dd11-4941-a0ca-ebf175baa4a5
2026-06-23 05:25:22.31646Z INFO terraform_plum_v1 377   plugin.go:75 tfplum/repo.DefaultMgr.GetPluginByName               [cr:b12090fb-dd11-4941-a0ca-ebf175baa4a5][logger:main][pr:][rr:b12090fb-dd11-4941-a0ca-ebf175baa4a5] Get Plugin By Name: terraform-provider-nutanix
2026-06-23 05:25:22.40526Z INFO terraform_plum_v1 377   handler_wrapper.go:27 tfplum/service/management.InitRouter.HandlerWrapper.timer.func6 [logger:main] GET /api/v1/operations/plugins/terraform-provider-nutanix/1 -> Time Taken: 89.029946ms
2026-06-23 05:25:24.47827Z INFO terraform_plum_v1 377   handler_wrapper.go:24 tfplum/service/management.InitRouter.HandlerWrapper.timer.func6 [logger:main] GET /api/v1/operations/plugins/terraform-provider-nutanix/1 -> Executing Request
2026-06-23 05:25:24.47837Z INFO terraform_plum_v1 377   server_before.go:33 tfplum/middleware.InitLogger                  [cr:ae46e81b-f2e7-4bd8-8c57-c088e1a7056d][logger:main][pr:][rr:ae46e81b-f2e7-4bd8-8c57-c088e1a7056d] logger initialized for RequestID: ae46e81b-f2e7-4bd8-8c57-c088e1a7056d
2026-06-23 05:25:24.47844Z INFO terraform_plum_v1 377   plugin.go:75 tfplum/repo.DefaultMgr.GetPluginByName               [cr:ae46e81b-f2e7-4bd8-8c57-c088e1a7056d][logger:main][pr:][rr:ae46e81b-f2e7-4bd8-8c57-c088e1a7056d] Get Plugin By Name: terraform-provider-nutanix
2026-06-23 05:25:24.48258Z INFO terraform_plum_v1 377   handler_wrapper.go:27 tfplum/service/management.InitRouter.HandlerWrapper.timer.func6 [logger:main] GET /api/v1/operations/plugins/terraform-provider-nutanix/1 -> Time Taken: 4.261788ms
2026-06-23 05:25:52.40853Z INFO terraform_plum_v1 377   handler_wrapper.go:24 tfplum/service/management.InitRouter.HandlerWrapper.timer.func6 [logger:main] GET /api/v1/operations/plugins/terraform-provider-nutanix/1 -> Executing Request
2026-06-23 05:25:52.40872Z INFO terraform_plum_v1 377   server_before.go:33 tfplum/middleware.InitLogger                  [cr:3a271b6c-78f3-47a7-ad9c-1d0797d1e34c][logger:main][pr:][rr:3a271b6c-78f3-47a7-ad9c-1d0797d1e34c] logger initialized for RequestID: 3a271b6c-78f3-47a7-ad9c-1d0797d1e34c
2026-06-23 05:25:52.40889Z INFO terraform_plum_v1 377   plugin.go:75 tfplum/repo.DefaultMgr.GetPluginByName               [cr:3a271b6c-78f3-47a7-ad9c-1d0797d1e34c][logger:main][pr:][rr:3a271b6c-78f3-47a7-ad9c-1d0797d1e34c] Get Plugin By Name: terraform-provider-nutanix
2026-06-23 05:25:52.41400Z INFO terraform_plum_v1 377   handler_wrapper.go:27 tfplum/service/management.InitRouter.HandlerWrapper.timer.func6 [logger:main] GET /api/v1/operations/plugins/terraform-provider-nutanix/1 -> Time Taken: 5.370066ms
2026-06-23 05:25:54.48443Z INFO terraform_plum_v1 377   handler_wrapper.go:24 tfplum/service/management.InitRouter.HandlerWrapper.timer.func6 [logger:main] GET /api/v1/operations/plugins/terraform-provider-nutanix/1 -> Executing Request
2026-06-23 05:25:54.48450Z INFO terraform_plum_v1 377   server_before.go:33 tfplum/middleware.InitLogger                  [cr:64f7cfa1-2531-46cc-8182-3b7f43eb5273][logger:main][pr:][rr:64f7cfa1-2531-46cc-8182-3b7f43eb5273] logger initialized for RequestID: 64f7cfa1-2531-46cc-8182-3b7f43eb5273
2026-06-23 05:25:54.48456Z INFO terraform_plum_v1 377   plugin.go:75 tfplum/repo.DefaultMgr.GetPluginByName               [cr:64f7cfa1-2531-46cc-8182-3b7f43eb5273][logger:main][pr:][rr:64f7cfa1-2531-46cc-8182-3b7f43eb5273] Get Plugin By Name: terraform-provider-nutanix
2026-06-23 05:25:54.50395Z INFO terraform_plum_v1 377   handler_wrapper.go:27 tfplum/service/management.InitRouter.HandlerWrapper.timer.func6 [logger:main] GET /api/v1/operations/plugins/terraform-provider-nutanix/1 -> Time Taken: 19.485285ms
2026-06-23 05:26:22.18120Z INFO terraform_plum_v1 377   handler_wrapper.go:24 tfplum/service/management.InitRouter.HandlerWrapper.timer.func6 [logger:main] GET /api/v1/operations/plugins/terraform-provider-nutanix/1 -> Executing Request
2026-06-23 05:26:22.22603Z INFO terraform_plum_v1 377   server_before.go:33 tfplum/middleware.InitLogger                  [cr:a0e08f02-0213-42f4-95e8-1f24161a1733][logger:main][pr:][rr:a0e08f02-0213-42f4-95e8-1f24161a1733] logger initialized for RequestID: a0e08f02-0213-42f4-95e8-1f24161a1733
2026-06-23 05:26:22.22625Z INFO terraform_plum_v1 377   plugin.go:75 tfplum/repo.DefaultMgr.GetPluginByName               [cr:a0e08f02-0213-42f4-95e8-1f24161a1733][logger:main][pr:][rr:a0e08f02-0213-42f4-95e8-1f24161a1733] Get Plugin By Name: terraform-provider-nutanix
2026-06-23 05:26:22.34312Z INFO terraform_plum_v1 377   handler_wrapper.go:27 tfplum/service/management.InitRouter.HandlerWrapper.timer.func6 [logger:main] GET /api/v1/operations/plugins/terraform-provider-nutanix/1 -> Time Taken: 161.822232ms
2026-06-23 05:26:24.47727Z INFO terraform_plum_v1 377   handler_wrapper.go:24 tfplum/service/management.InitRouter.HandlerWrapper.timer.func6 [logger:main] GET /api/v1/operations/plugins/terraform-provider-nutanix/1 -> Executing Request
2026-06-23 05:26:24.47741Z INFO terraform_plum_v1 377   server_before.go:33 tfplum/middleware.InitLogger                  [cr:c6aea16b-3a0d-492d-8b62-8d19bee7d071][logger:main][pr:][rr:c6aea16b-3a0d-492d-8b62-8d19bee7d071] logger initialized for RequestID: c6aea16b-3a0d-492d-8b62-8d19bee7d071
2026-06-23 05:26:24.47747Z INFO terraform_plum_v1 377   plugin.go:75 tfplum/repo.DefaultMgr.GetPluginByName               [cr:c6aea16b-3a0d-492d-8b62-8d19bee7d071][logger:main][pr:][rr:c6aea16b-3a0d-492d-8b62-8d19bee7d071] Get Plugin By Name: terraform-provider-nutanix
2026-06-23 05:26:24.48110Z INFO terraform_plum_v1 377   handler_wrapper.go:27 tfplum/service/management.InitRouter.HandlerWrapper.timer.func6 [logger:main] GET /api/v1/operations/plugins/terraform-provider-nutanix/1 -> Time Taken: 3.735478ms
2026-06-23 05:26:52.22359Z INFO terraform_plum_v1 377   handler_wrapper.go:24 tfplum/service/management.InitRouter.HandlerWrapper.timer.func6 [logger:main] GET /api/v1/operations/plugins/terraform-provider-nutanix/1 -> Executing Request
2026-06-23 05:26:52.23651Z INFO terraform_plum_v1 377   server_before.go:33 tfplum/middleware.InitLogger                  [cr:3bade438-1b1d-4f85-b548-dee3225dd9fc][logger:main][pr:][rr:3bade438-1b1d-4f85-b548-dee3225dd9fc] logger initialized for RequestID: 3bade438-1b1d-4f85-b548-dee3225dd9fc
2026-06-23 05:26:52.23717Z INFO terraform_plum_v1 377   plugin.go:75 tfplum/repo.DefaultMgr.GetPluginByName               [cr:3bade438-1b1d-4f85-b548-dee3225dd9fc][logger:main][pr:][rr:3bade438-1b1d-4f85-b548-dee3225dd9fc] Get Plugin By Name: terraform-provider-nutanix
2026-06-23 05:26:52.32116Z INFO terraform_plum_v1 377   handler_wrapper.go:27 tfplum/service/management.InitRouter.HandlerWrapper.timer.func6 [logger:main] GET /api/v1/operations/plugins/terraform-provider-nutanix/1 -> Time Taken: 97.449805ms
2026-06-23 05:26:54.48029Z INFO terraform_plum_v1 377   handler_wrapper.go:24 tfplum/service/management.InitRouter.HandlerWrapper.timer.func6 [logger:main] GET /api/v1/operations/plugins/terraform-provider-nutanix/1 -> Executing Request
2026-06-23 05:26:54.48037Z INFO terraform_plum_v1 377   server_before.go:33 tfplum/middleware.InitLogger                  [cr:ab6d40e0-183c-437e-8f3c-1a180131469a][logger:main][pr:][rr:ab6d40e0-183c-437e-8f3c-1a180131469a] logger initialized for RequestID: ab6d40e0-183c-437e-8f3c-1a180131469a
2026-06-23 05:26:54.48043Z INFO terraform_plum_v1 377   plugin.go:75 tfplum/repo.DefaultMgr.GetPluginByName               [cr:ab6d40e0-183c-437e-8f3c-1a180131469a][logger:main][pr:][rr:ab6d40e0-183c-437e-8f3c-1a180131469a] Get Plugin By Name: terraform-provider-nutanix
2026-06-23 05:26:54.48597Z INFO terraform_plum_v1 377   handler_wrapper.go:27 tfplum/service/management.InitRouter.HandlerWrapper.timer.func6 [logger:main] GET /api/v1/operations/plugins/terraform-provider-nutanix/1 -> Time Taken: 5.621412ms
2026-06-23 05:27:22.43469Z INFO terraform_plum_v1 377   handler_wrapper.go:24 tfplum/service/management.InitRouter.HandlerWrapper.timer.func6 [logger:main] GET /api/v1/operations/plugins/terraform-provider-nutanix/1 -> Executing Request
2026-06-23 05:27:22.43485Z INFO terraform_plum_v1 377   server_before.go:33 tfplum/middleware.InitLogger                  [cr:0a87518c-9922-4533-a02c-d6bca8be7c51][logger:main][pr:][rr:0a87518c-9922-4533-a02c-d6bca8be7c51] logger initialized for RequestID: 0a87518c-9922-4533-a02c-d6bca8be7c51
2026-06-23 05:27:22.43497Z INFO terraform_plum_v1 377   plugin.go:75 tfplum/repo.DefaultMgr.GetPluginByName               [cr:0a87518c-9922-4533-a02c-d6bca8be7c51][logger:main][pr:][rr:0a87518c-9922-4533-a02c-d6bca8be7c51] Get Plugin By Name: terraform-provider-nutanix
2026-06-23 05:27:22.44553Z INFO terraform_plum_v1 377   handler_wrapper.go:27 tfplum/service/management.InitRouter.HandlerWrapper.timer.func6 [logger:main] GET /api/v1/operations/plugins/terraform-provider-nutanix/1 -> Time Taken: 10.768767ms
2026-06-23 05:27:24.47858Z INFO terraform_plum_v1 377   handler_wrapper.go:24 tfplum/service/management.InitRouter.HandlerWrapper.timer.func6 [logger:main] GET /api/v1/operations/plugins/terraform-provider-nutanix/1 -> Executing Request
2026-06-23 05:27:24.47868Z INFO terraform_plum_v1 377   server_before.go:33 tfplum/middleware.InitLogger                  [cr:e56c5f3e-af13-42e6-a0c7-e0d291b58e76][logger:main][pr:][rr:e56c5f3e-af13-42e6-a0c7-e0d291b58e76] logger initialized for RequestID: e56c5f3e-af13-42e6-a0c7-e0d291b58e76
2026-06-23 05:27:24.47875Z INFO terraform_plum_v1 377   plugin.go:75 tfplum/repo.DefaultMgr.GetPluginByName               [cr:e56c5f3e-af13-42e6-a0c7-e0d291b58e76][logger:main][pr:][rr:e56c5f3e-af13-42e6-a0c7-e0d291b58e76] Get Plugin By Name: terraform-provider-nutanix
2026-06-23 05:27:24.48259Z INFO terraform_plum_v1 377   handler_wrapper.go:27 tfplum/service/management.InitRouter.HandlerWrapper.timer.func6 [logger:main] GET /api/v1/operations/plugins/terraform-provider-nutanix/1 -> Time Taken: 3.953053ms
2026-06-23 05:27:52.40455Z INFO terraform_plum_v1 377   handler_wrapper.go:24 tfplum/service/management.InitRouter.HandlerWrapper.timer.func6 [logger:main] GET /api/v1/operations/plugins/terraform-provider-nutanix/1 -> Executing Request
2026-06-23 05:27:52.50698Z INFO terraform_plum_v1 377   server_before.go:33 tfplum/middleware.InitLogger                  [cr:4d9bd0be-1c08-49a0-a695-64e77237e0a4][logger:main][pr:][rr:4d9bd0be-1c08-49a0-a695-64e77237e0a4] logger initialized for RequestID: 4d9bd0be-1c08-49a0-a695-64e77237e0a4
2026-06-23 05:27:52.50715Z INFO terraform_plum_v1 377   plugin.go:75 tfplum/repo.DefaultMgr.GetPluginByName               [cr:4d9bd0be-1c08-49a0-a695-64e77237e0a4][logger:main][pr:][rr:4d9bd0be-1c08-49a0-a695-64e77237e0a4] Get Plugin By Name: terraform-provider-nutanix
2026-06-23 05:27:52.60552Z INFO terraform_plum_v1 377   handler_wrapper.go:27 tfplum/service/management.InitRouter.HandlerWrapper.timer.func6 [logger:main] GET /api/v1/operations/plugins/terraform-provider-nutanix/1 -> Time Taken: 191.549855ms
2026-06-23 05:27:54.50636Z INFO terraform_plum_v1 377   handler_wrapper.go:24 tfplum/service/management.InitRouter.HandlerWrapper.timer.func6 [logger:main] GET /api/v1/operations/plugins/terraform-provider-nutanix/1 -> Executing Request
2026-06-23 05:27:54.50650Z INFO terraform_plum_v1 377   server_before.go:33 tfplum/middleware.InitLogger                  [cr:7c150abf-cc9d-4bc3-9ff7-50c6f2a22c15][logger:main][pr:][rr:7c150abf-cc9d-4bc3-9ff7-50c6f2a22c15] logger initialized for RequestID: 7c150abf-cc9d-4bc3-9ff7-50c6f2a22c15
2026-06-23 05:27:54.50660Z INFO terraform_plum_v1 377   plugin.go:75 tfplum/repo.DefaultMgr.GetPluginByName               [cr:7c150abf-cc9d-4bc3-9ff7-50c6f2a22c15][logger:main][pr:][rr:7c150abf-cc9d-4bc3-9ff7-50c6f2a22c15] Get Plugin By Name: terraform-provider-nutanix
2026-06-23 05:27:54.60293Z INFO terraform_plum_v1 377   handler_wrapper.go:27 tfplum/service/management.InitRouter.HandlerWrapper.timer.func6 [logger:main] GET /api/v1/operations/plugins/terraform-provider-nutanix/1 -> Time Taken: 96.492568ms
2026-06-23 05:28:22.40479Z INFO terraform_plum_v1 377   handler_wrapper.go:24 tfplum/service/management.InitRouter.HandlerWrapper.timer.func6 [logger:main] GET /api/v1/operations/plugins/terraform-provider-nutanix/1 -> Executing Request
2026-06-23 05:28:22.41279Z INFO terraform_plum_v1 377   server_before.go:33 tfplum/middleware.InitLogger                  [cr:2c8c15e2-21f4-484f-86e8-65b469b78e81][logger:main][pr:][rr:2c8c15e2-21f4-484f-86e8-65b469b78e81] logger initialized for RequestID: 2c8c15e2-21f4-484f-86e8-65b469b78e81
2026-06-23 05:28:22.50888Z INFO terraform_plum_v1 377   plugin.go:75 tfplum/repo.DefaultMgr.GetPluginByName               [cr:2c8c15e2-21f4-484f-86e8-65b469b78e81][logger:main][pr:][rr:2c8c15e2-21f4-484f-86e8-65b469b78e81] Get Plugin By Name: terraform-provider-nutanix
2026-06-23 05:28:22.82644Z INFO terraform_plum_v1 377   handler_wrapper.go:27 tfplum/service/management.InitRouter.HandlerWrapper.timer.func6 [logger:main] GET /api/v1/operations/plugins/terraform-provider-nutanix/1 -> Time Taken: 421.532562ms
2026-06-23 05:28:24.48150Z INFO terraform_plum_v1 377   handler_wrapper.go:24 tfplum/service/management.InitRouter.HandlerWrapper.timer.func6 [logger:main] GET /api/v1/operations/plugins/terraform-provider-nutanix/1 -> Executing Request
2026-06-23 05:28:24.48163Z INFO terraform_plum_v1 377   server_before.go:33 tfplum/middleware.InitLogger                  [cr:389ffe51-109e-4fd0-b410-0fbc49cdb760][logger:main][pr:][rr:389ffe51-109e-4fd0-b410-0fbc49cdb760] logger initialized for RequestID: 389ffe51-109e-4fd0-b410-0fbc49cdb760
2026-06-23 05:28:24.48171Z INFO terraform_plum_v1 377   plugin.go:75 tfplum/repo.DefaultMgr.GetPluginByName               [cr:389ffe51-109e-4fd0-b410-0fbc49cdb760][logger:main][pr:][rr:389ffe51-109e-4fd0-b410-0fbc49cdb760] Get Plugin By Name: terraform-provider-nutanix
2026-06-23 05:28:24.50671Z INFO terraform_plum_v1 377   handler_wrapper.go:27 tfplum/service/management.InitRouter.HandlerWrapper.timer.func6 [logger:main] GET /api/v1/operations/plugins/terraform-provider-nutanix/1 -> Time Taken: 25.143045ms
2026-06-23 05:28:52.23523Z INFO terraform_plum_v1 377   handler_wrapper.go:24 tfplum/service/management.InitRouter.HandlerWrapper.timer.func6 [logger:main] GET /api/v1/operations/plugins/terraform-provider-nutanix/1 -> Executing Request
2026-06-23 05:28:52.31092Z INFO terraform_plum_v1 377   server_before.go:33 tfplum/middleware.InitLogger                  [cr:65b42e03-41f5-46b3-8560-a504a58f9333][logger:main][pr:][rr:65b42e03-41f5-46b3-8560-a504a58f9333] logger initialized for RequestID: 65b42e03-41f5-46b3-8560-a504a58f9333
2026-06-23 05:28:52.31504Z INFO terraform_plum_v1 377   plugin.go:75 tfplum/repo.DefaultMgr.GetPluginByName               [cr:65b42e03-41f5-46b3-8560-a504a58f9333][logger:main][pr:][rr:65b42e03-41f5-46b3-8560-a504a58f9333] Get Plugin By Name: terraform-provider-nutanix
2026-06-23 05:28:52.33904Z INFO terraform_plum_v1 377   handler_wrapper.go:27 tfplum/service/management.InitRouter.HandlerWrapper.timer.func6 [logger:main] GET /api/v1/operations/plugins/terraform-provider-nutanix/1 -> Time Taken: 103.714708ms
2026-06-23 05:28:54.50011Z INFO terraform_plum_v1 377   handler_wrapper.go:24 tfplum/service/management.InitRouter.HandlerWrapper.timer.func6 [logger:main] GET /api/v1/operations/plugins/terraform-provider-nutanix/1 -> Executing Request
2026-06-23 05:28:54.50021Z INFO terraform_plum_v1 377   server_before.go:33 tfplum/middleware.InitLogger                  [cr:bc92ebc8-f34c-4276-ba09-4718e1fc231c][logger:main][pr:][rr:bc92ebc8-f34c-4276-ba09-4718e1fc231c] logger initialized for RequestID: bc92ebc8-f34c-4276-ba09-4718e1fc231c
2026-06-23 05:28:54.50027Z INFO terraform_plum_v1 377   plugin.go:75 tfplum/repo.DefaultMgr.GetPluginByName               [cr:bc92ebc8-f34c-4276-ba09-4718e1fc231c][logger:main][pr:][rr:bc92ebc8-f34c-4276-ba09-4718e1fc231c] Get Plugin By Name: terraform-provider-nutanix
2026-06-23 05:28:54.50510Z INFO terraform_plum_v1 377   handler_wrapper.go:27 tfplum/service/management.InitRouter.HandlerWrapper.timer.func6 [logger:main] GET /api/v1/operations/plugins/terraform-provider-nutanix/1 -> Time Taken: 4.932277ms
2026-06-23 05:29:22.42094Z INFO terraform_plum_v1 377   handler_wrapper.go:24 tfplum/service/management.InitRouter.HandlerWrapper.timer.func6 [logger:main] GET /api/v1/operations/plugins/terraform-provider-nutanix/1 -> Executing Request
2026-06-23 05:29:22.42119Z INFO terraform_plum_v1 377   server_before.go:33 tfplum/middleware.InitLogger                  [cr:160a5941-223f-43e6-8ec5-2df70beac830][logger:main][pr:][rr:160a5941-223f-43e6-8ec5-2df70beac830] logger initialized for RequestID: 160a5941-223f-43e6-8ec5-2df70beac830
2026-06-23 05:29:22.42134Z INFO terraform_plum_v1 377   plugin.go:75 tfplum/repo.DefaultMgr.GetPluginByName               [cr:160a5941-223f-43e6-8ec5-2df70beac830][logger:main][pr:][rr:160a5941-223f-43e6-8ec5-2df70beac830] Get Plugin By Name: terraform-provider-nutanix
2026-06-23 05:29:22.42606Z INFO terraform_plum_v1 377   handler_wrapper.go:27 tfplum/service/management.InitRouter.HandlerWrapper.timer.func6 [logger:main] GET /api/v1/operations/plugins/terraform-provider-nutanix/1 -> Time Taken: 5.008355ms
2026-06-23 05:29:24.47974Z INFO terraform_plum_v1 377   handler_wrapper.go:24 tfplum/service/management.InitRouter.HandlerWrapper.timer.func6 [logger:main] GET /api/v1/operations/plugins/terraform-provider-nutanix/1 -> Executing Request
2026-06-23 05:29:24.47985Z INFO terraform_plum_v1 377   server_before.go:33 tfplum/middleware.InitLogger                  [cr:f7168a99-cd9d-4b67-8a26-06e6c877299c][logger:main][pr:][rr:f7168a99-cd9d-4b67-8a26-06e6c877299c] logger initialized for RequestID: f7168a99-cd9d-4b67-8a26-06e6c877299c
2026-06-23 05:29:24.48655Z INFO terraform_plum_v1 377   plugin.go:75 tfplum/repo.DefaultMgr.GetPluginByName               [cr:f7168a99-cd9d-4b67-8a26-06e6c877299c][logger:main][pr:][rr:f7168a99-cd9d-4b67-8a26-06e6c877299c] Get Plugin By Name: terraform-provider-nutanix
2026-06-23 05:29:24.49092Z INFO terraform_plum_v1 377   handler_wrapper.go:27 tfplum/service/management.InitRouter.HandlerWrapper.timer.func6 [logger:main] GET /api/v1/operations/plugins/terraform-provider-nutanix/1 -> Time Taken: 11.123087ms
2026-06-23 05:29:52.31930Z INFO terraform_plum_v1 377   handler_wrapper.go:24 tfplum/service/management.InitRouter.HandlerWrapper.timer.func6 [logger:main] GET /api/v1/operations/plugins/terraform-provider-nutanix/1 -> Executing Request
2026-06-23 05:29:52.31941Z INFO terraform_plum_v1 377   server_before.go:33 tfplum/middleware.InitLogger                  [cr:2b58b3dc-6002-484b-bdf0-4093ef9c45b2][logger:main][pr:][rr:2b58b3dc-6002-484b-bdf0-4093ef9c45b2] logger initialized for RequestID: 2b58b3dc-6002-484b-bdf0-4093ef9c45b2
2026-06-23 05:29:52.31949Z INFO terraform_plum_v1 377   plugin.go:75 tfplum/repo.DefaultMgr.GetPluginByName               [cr:2b58b3dc-6002-484b-bdf0-4093ef9c45b2][logger:main][pr:][rr:2b58b3dc-6002-484b-bdf0-4093ef9c45b2] Get Plugin By Name: terraform-provider-nutanix
2026-06-23 05:29:52.32426Z INFO terraform_plum_v1 377   handler_wrapper.go:27 tfplum/service/management.InitRouter.HandlerWrapper.timer.func6 [logger:main] GET /api/v1/operations/plugins/terraform-provider-nutanix/1 -> Time Taken: 4.892271ms
2026-06-23 05:29:54.48445Z INFO terraform_plum_v1 377   handler_wrapper.go:24 tfplum/service/management.InitRouter.HandlerWrapper.timer.func6 [logger:main] GET /api/v1/operations/plugins/terraform-provider-nutanix/1 -> Executing Request
2026-06-23 05:29:54.48456Z INFO terraform_plum_v1 377   server_before.go:33 tfplum/middleware.InitLogger                  [cr:1e92d332-c418-4bfb-b35b-ce97fd6f40e6][logger:main][pr:][rr:1e92d332-c418-4bfb-b35b-ce97fd6f40e6] logger initialized for RequestID: 1e92d332-c418-4bfb-b35b-ce97fd6f40e6
2026-06-23 05:29:54.48464Z INFO terraform_plum_v1 377   plugin.go:75 tfplum/repo.DefaultMgr.GetPluginByName               [cr:1e92d332-c418-4bfb-b35b-ce97fd6f40e6][logger:main][pr:][rr:1e92d332-c418-4bfb-b35b-ce97fd6f40e6] Get Plugin By Name: terraform-provider-nutanix
2026-06-23 05:29:54.49031Z INFO terraform_plum_v1 377   handler_wrapper.go:27 tfplum/service/management.InitRouter.HandlerWrapper.timer.func6 [logger:main] GET /api/v1/operations/plugins/terraform-provider-nutanix/1 -> Time Taken: 5.79616ms
2026-06-23 05:30:22.14401Z INFO terraform_plum_v1 377   handler_wrapper.go:24 tfplum/service/management.InitRouter.HandlerWrapper.timer.func6 [logger:main] GET /api/v1/operations/plugins/terraform-provider-nutanix/1 -> Executing Request
2026-06-23 05:30:22.21414Z INFO terraform_plum_v1 377   server_before.go:33 tfplum/middleware.InitLogger                  [cr:e9cc3c01-8521-4858-8a30-1fc1f4c92aa4][logger:main][pr:][rr:e9cc3c01-8521-4858-8a30-1fc1f4c92aa4] logger initialized for RequestID: e9cc3c01-8521-4858-8a30-1fc1f4c92aa4
2026-06-23 05:30:22.21664Z INFO terraform_plum_v1 377   plugin.go:75 tfplum/repo.DefaultMgr.GetPluginByName               [cr:e9cc3c01-8521-4858-8a30-1fc1f4c92aa4][logger:main][pr:][rr:e9cc3c01-8521-4858-8a30-1fc1f4c92aa4] Get Plugin By Name: terraform-provider-nutanix
2026-06-23 05:30:22.31448Z INFO terraform_plum_v1 377   handler_wrapper.go:27 tfplum/service/management.InitRouter.HandlerWrapper.timer.func6 [logger:main] GET /api/v1/operations/plugins/terraform-provider-nutanix/1 -> Time Taken: 170.393665ms
2026-06-23 05:30:24.49423Z INFO terraform_plum_v1 377   handler_wrapper.go:24 tfplum/service/management.InitRouter.HandlerWrapper.timer.func6 [logger:main] GET /api/v1/operations/plugins/terraform-provider-nutanix/1 -> Executing Request
2026-06-23 05:30:24.49431Z INFO terraform_plum_v1 377   server_before.go:33 tfplum/middleware.InitLogger                  [cr:6d1743fe-b5cf-4d3c-85bc-02b662bddac2][logger:main][pr:][rr:6d1743fe-b5cf-4d3c-85bc-02b662bddac2] logger initialized for RequestID: 6d1743fe-b5cf-4d3c-85bc-02b662bddac2
2026-06-23 05:30:24.49437Z INFO terraform_plum_v1 377   plugin.go:75 tfplum/repo.DefaultMgr.GetPluginByName               [cr:6d1743fe-b5cf-4d3c-85bc-02b662bddac2][logger:main][pr:][rr:6d1743fe-b5cf-4d3c-85bc-02b662bddac2] Get Plugin By Name: terraform-provider-nutanix
2026-06-23 05:30:24.50678Z INFO terraform_plum_v1 377   handler_wrapper.go:27 tfplum/service/management.InitRouter.HandlerWrapper.timer.func6 [logger:main] GET /api/v1/operations/plugins/terraform-provider-nutanix/1 -> Time Taken: 12.510654ms
2026-06-23 05:30:52.17418Z INFO terraform_plum_v1 377   handler_wrapper.go:24 tfplum/service/management.InitRouter.HandlerWrapper.timer.func6 [logger:main] GET /api/v1/operations/plugins/terraform-provider-nutanix/1 -> Executing Request
2026-06-23 05:30:52.22504Z INFO terraform_plum_v1 377   server_before.go:33 tfplum/middleware.InitLogger                  [cr:ccebcee2-051f-49a4-89f0-d2f5fe813764][logger:main][pr:][rr:ccebcee2-051f-49a4-89f0-d2f5fe813764] logger initialized for RequestID: ccebcee2-051f-49a4-89f0-d2f5fe813764
2026-06-23 05:30:52.22521Z INFO terraform_plum_v1 377   plugin.go:75 tfplum/repo.DefaultMgr.GetPluginByName               [cr:ccebcee2-051f-49a4-89f0-d2f5fe813764][logger:main][pr:][rr:ccebcee2-051f-49a4-89f0-d2f5fe813764] Get Plugin By Name: terraform-provider-nutanix
2026-06-23 05:30:52.31320Z INFO terraform_plum_v1 377   handler_wrapper.go:27 tfplum/service/management.InitRouter.HandlerWrapper.timer.func6 [logger:main] GET /api/v1/operations/plugins/terraform-provider-nutanix/1 -> Time Taken: 103.623443ms
2026-06-23 05:30:54.48198Z INFO terraform_plum_v1 377   handler_wrapper.go:24 tfplum/service/management.InitRouter.HandlerWrapper.timer.func6 [logger:main] GET /api/v1/operations/plugins/terraform-provider-nutanix/1 -> Executing Request
2026-06-23 05:30:54.48209Z INFO terraform_plum_v1 377   server_before.go:33 tfplum/middleware.InitLogger                  [cr:14bcd354-e4cc-4360-b315-a2e28cc8c5ee][logger:main][pr:][rr:14bcd354-e4cc-4360-b315-a2e28cc8c5ee] logger initialized for RequestID: 14bcd354-e4cc-4360-b315-a2e28cc8c5ee
2026-06-23 05:30:54.48215Z INFO terraform_plum_v1 377   plugin.go:75 tfplum/repo.DefaultMgr.GetPluginByName               [cr:14bcd354-e4cc-4360-b315-a2e28cc8c5ee][logger:main][pr:][rr:14bcd354-e4cc-4360-b315-a2e28cc8c5ee] Get Plugin By Name: terraform-provider-nutanix
2026-06-23 05:30:54.48721Z INFO terraform_plum_v1 377   handler_wrapper.go:27 tfplum/service/management.InitRouter.HandlerWrapper.timer.func6 [logger:main] GET /api/v1/operations/plugins/terraform-provider-nutanix/1 -> Time Taken: 5.166918ms
2026-06-23 05:31:22.30295Z INFO terraform_plum_v1 377   handler_wrapper.go:24 tfplum/service/management.InitRouter.HandlerWrapper.timer.func6 [logger:main] GET /api/v1/operations/plugins/terraform-provider-nutanix/1 -> Executing Request
2026-06-23 05:31:22.30308Z INFO terraform_plum_v1 377   server_before.go:33 tfplum/middleware.InitLogger                  [cr:30ea52b9-95bb-41c3-b277-cbf1f412b7e9][logger:main][pr:][rr:30ea52b9-95bb-41c3-b277-cbf1f412b7e9] logger initialized for RequestID: 30ea52b9-95bb-41c3-b277-cbf1f412b7e9
2026-06-23 05:31:22.30320Z INFO terraform_plum_v1 377   plugin.go:75 tfplum/repo.DefaultMgr.GetPluginByName               [cr:30ea52b9-95bb-41c3-b277-cbf1f412b7e9][logger:main][pr:][rr:30ea52b9-95bb-41c3-b277-cbf1f412b7e9] Get Plugin By Name: terraform-provider-nutanix
2026-06-23 05:31:22.30923Z INFO terraform_plum_v1 377   handler_wrapper.go:27 tfplum/service/management.InitRouter.HandlerWrapper.timer.func6 [logger:main] GET /api/v1/operations/plugins/terraform-provider-nutanix/1 -> Time Taken: 6.196547ms
2026-06-23 05:31:24.48519Z INFO terraform_plum_v1 377   handler_wrapper.go:24 tfplum/service/management.InitRouter.HandlerWrapper.timer.func6 [logger:main] GET /api/v1/operations/plugins/terraform-provider-nutanix/1 -> Executing Request
2026-06-23 05:31:24.48527Z INFO terraform_plum_v1 377   server_before.go:33 tfplum/middleware.InitLogger                  [cr:3177e28b-db57-4cce-9e3b-6a9416b2d472][logger:main][pr:][rr:3177e28b-db57-4cce-9e3b-6a9416b2d472] logger initialized for RequestID: 3177e28b-db57-4cce-9e3b-6a9416b2d472
2026-06-23 05:31:24.48531Z INFO terraform_plum_v1 377   plugin.go:75 tfplum/repo.DefaultMgr.GetPluginByName               [cr:3177e28b-db57-4cce-9e3b-6a9416b2d472][logger:main][pr:][rr:3177e28b-db57-4cce-9e3b-6a9416b2d472] Get Plugin By Name: terraform-provider-nutanix
2026-06-23 05:31:24.50277Z INFO terraform_plum_v1 377   handler_wrapper.go:27 tfplum/service/management.InitRouter.HandlerWrapper.timer.func6 [logger:main] GET /api/v1/operations/plugins/terraform-provider-nutanix/1 -> Time Taken: 17.541259ms
2026-06-23 05:31:52.40456Z INFO terraform_plum_v1 377   handler_wrapper.go:24 tfplum/service/management.InitRouter.HandlerWrapper.timer.func6 [logger:main] GET /api/v1/operations/plugins/terraform-provider-nutanix/1 -> Executing Request
2026-06-23 05:31:52.40473Z INFO terraform_plum_v1 377   server_before.go:33 tfplum/middleware.InitLogger                  [cr:9d9f2a2c-3d4c-4837-836e-d11f62e3c12a][logger:main][pr:][rr:9d9f2a2c-3d4c-4837-836e-d11f62e3c12a] logger initialized for RequestID: 9d9f2a2c-3d4c-4837-836e-d11f62e3c12a
2026-06-23 05:31:52.40491Z INFO terraform_plum_v1 377   plugin.go:75 tfplum/repo.DefaultMgr.GetPluginByName               [cr:9d9f2a2c-3d4c-4837-836e-d11f62e3c12a][logger:main][pr:][rr:9d9f2a2c-3d4c-4837-836e-d11f62e3c12a] Get Plugin By Name: terraform-provider-nutanix
2026-06-23 05:31:52.40945Z INFO terraform_plum_v1 377   handler_wrapper.go:27 tfplum/service/management.InitRouter.HandlerWrapper.timer.func6 [logger:main] GET /api/v1/operations/plugins/terraform-provider-nutanix/1 -> Time Taken: 4.797331ms
2026-06-23 05:31:54.47733Z INFO terraform_plum_v1 377   handler_wrapper.go:24 tfplum/service/management.InitRouter.HandlerWrapper.timer.func6 [logger:main] GET /api/v1/operations/plugins/terraform-provider-nutanix/1 -> Executing Request
2026-06-23 05:31:54.47745Z INFO terraform_plum_v1 377   server_before.go:33 tfplum/middleware.InitLogger                  [cr:2884450d-0c3b-46e1-8982-ac3732345582][logger:main][pr:][rr:2884450d-0c3b-46e1-8982-ac3732345582] logger initialized for RequestID: 2884450d-0c3b-46e1-8982-ac3732345582
2026-06-23 05:31:54.47751Z INFO terraform_plum_v1 377   plugin.go:75 tfplum/repo.DefaultMgr.GetPluginByName               [cr:2884450d-0c3b-46e1-8982-ac3732345582][logger:main][pr:][rr:2884450d-0c3b-46e1-8982-ac3732345582] Get Plugin By Name: terraform-provider-nutanix
2026-06-23 05:31:54.48202Z INFO terraform_plum_v1 377   handler_wrapper.go:27 tfplum/service/management.InitRouter.HandlerWrapper.timer.func6 [logger:main] GET /api/v1/operations/plugins/terraform-provider-nutanix/1 -> Time Taken: 4.62207ms
2026-06-23 05:32:22.25295Z INFO terraform_plum_v1 377   handler_wrapper.go:24 tfplum/service/management.InitRouter.HandlerWrapper.timer.func6 [logger:main] GET /api/v1/operations/plugins/terraform-provider-nutanix/1 -> Executing Request
2026-06-23 05:32:22.32663Z INFO terraform_plum_v1 377   server_before.go:33 tfplum/middleware.InitLogger                  [cr:fe64e98e-2c35-4493-b310-8e71b9df4f54][logger:main][pr:][rr:fe64e98e-2c35-4493-b310-8e71b9df4f54] logger initialized for RequestID: fe64e98e-2c35-4493-b310-8e71b9df4f54
2026-06-23 05:32:22.32685Z INFO terraform_plum_v1 377   plugin.go:75 tfplum/repo.DefaultMgr.GetPluginByName               [cr:fe64e98e-2c35-4493-b310-8e71b9df4f54][logger:main][pr:][rr:fe64e98e-2c35-4493-b310-8e71b9df4f54] Get Plugin By Name: terraform-provider-nutanix
2026-06-23 05:32:22.40931Z INFO terraform_plum_v1 377   handler_wrapper.go:27 tfplum/service/management.InitRouter.HandlerWrapper.timer.func6 [logger:main] GET /api/v1/operations/plugins/terraform-provider-nutanix/1 -> Time Taken: 97.388256ms
2026-06-23 05:32:24.50274Z INFO terraform_plum_v1 377   handler_wrapper.go:24 tfplum/service/management.InitRouter.HandlerWrapper.timer.func6 [logger:main] GET /api/v1/operations/plugins/terraform-provider-nutanix/1 -> Executing Request
2026-06-23 05:32:24.50287Z INFO terraform_plum_v1 377   server_before.go:33 tfplum/middleware.InitLogger                  [cr:64d0300d-fa92-40a1-b6db-fc9d58455e18][logger:main][pr:][rr:64d0300d-fa92-40a1-b6db-fc9d58455e18] logger initialized for RequestID: 64d0300d-fa92-40a1-b6db-fc9d58455e18
2026-06-23 05:32:24.50298Z INFO terraform_plum_v1 377   plugin.go:75 tfplum/repo.DefaultMgr.GetPluginByName               [cr:64d0300d-fa92-40a1-b6db-fc9d58455e18][logger:main][pr:][rr:64d0300d-fa92-40a1-b6db-fc9d58455e18] Get Plugin By Name: terraform-provider-nutanix
2026-06-23 05:32:24.50707Z INFO terraform_plum_v1 377   handler_wrapper.go:27 tfplum/service/management.InitRouter.HandlerWrapper.timer.func6 [logger:main] GET /api/v1/operations/plugins/terraform-provider-nutanix/1 -> Time Taken: 4.27393ms
