2026-05-20 03:12:51,872 DEBUG Using cached VM inventory (1619 rows, no Prism refetch); guest disk churn mode=update.
2026-05-20 03:12:51,876 DEBUG Eligible for guest disk ops (IP + powered on + name rules + configured RAM > 250 MiB): 1171 (VMs in inventory: 1619, name-skip: 4, no IP: 442, powered off: 0, RAM≤250 MiB/unknown: 2, dup rows: 0).
2026-05-20 03:12:51,876 DEBUG Parallel-by-cluster: all eligible per cluster; 3 cluster name(s) in inventory; up to 10 concurrent guest SSH session(s) per cluster; 1171 total VM run(s) planned.
2026-05-20 03:12:51,876 DEBUG PE stats monitor: pause guest work per cluster when cluster/stats shows CPU≥80% or mem≥0% (0=off per metric); retry up to 1800s in 30s steps (Prism user=admin, PE :9440).
2026-05-20 03:12:51,877 INFO Disk job: 1171 guest VM(s) to process (parallel-by-cluster=True, concurrent SSH per shard=10).
2026-05-20 03:12:51,877 WARNING PE CVM map: no IP for cluster(s) ['SSCG_NCM_2_1_Small_PE1', 'SSCG_NCM_2_1_Small_PE2', 'auto_cluster_prod_nagaraj_bv_36802bb644a4'] — PE top/adaptive skipped there (add lines: one IP per cluster in sort order, or Name=ip).
2026-05-20 03:12:51,877 INFO Cluster 'SSCG_NCM_2_1_Small_PE1': up to 10 concurrent guest SSH session(s); 783 VM(s) in this shard.
2026-05-20 03:12:51,878 INFO Cluster 'SSCG_NCM_2_1_Small_PE2': up to 10 concurrent guest SSH session(s); 234 VM(s) in this shard.
2026-05-20 03:12:51,879 INFO Cluster 'auto_cluster_prod_nagaraj_bv_36802bb644a4': up to 10 concurrent guest SSH session(s); 154 VM(s) in this shard.
2026-05-20 03:12:51,879 DEBUG [1/1171] VM a9746474… (ahv_ins_delete-0-260518-084651) via 10.114.121.72 op=update
2026-05-20 03:12:51,880 DEBUG [2/1171] VM d4ee6127… (ahv_ins_delete-0-260518-101033) via 10.114.121.79 op=update
2026-05-20 03:12:51,880 DEBUG   remote: bash -lc 'set -e; _bs(){ printf '"'"'BULK_SNAP_T %s %s\n'"'"' "$1" "$(date +%s.%N 2>/dev/null || date +%s)"; }; _bs guest_start; _bs pipeline_start; openssl enc -aes-256-ctr -pass pass:"testing" -nosalt < /dev/zero 2>/dev/null | dd of=/root/dummy_snapshot_data_1.img bs=1M count=500 iflag=fullblock conv=notrunc status=progress; ec=$?; _bs pipeline_done; _bs guest_end; exit $ec'
2026-05-20 03:12:51,880 DEBUG   remote: bash -lc 'set -e; _bs(){ printf '"'"'BULK_SNAP_T %s %s\n'"'"' "$1" "$(date +%s.%N 2>/dev/null || date +%s)"; }; _bs guest_start; _bs pipeline_start; openssl enc -aes-256-ctr -pass pass:"testing" -nosalt < /dev/zero 2>/dev/null | dd of=/root/dummy_snapshot_data_1.img bs=1M count=500 iflag=fullblock conv=notrunc status=progress; ec=$?; _bs pipeline_done; _bs guest_end; exit $ec'
2026-05-20 03:12:51,881 DEBUG [3/1171] VM 3a909080… (ahv_ins_delete-0-260518-101228) via 10.114.121.78 op=update
2026-05-20 03:12:51,881 DEBUG [4/1171] VM 58b14b99… (ahv_ins_delete-0-260518-165450) via 10.114.113.202 op=update
2026-05-20 03:12:51,882 DEBUG   remote: bash -lc 'set -e; _bs(){ printf '"'"'BULK_SNAP_T %s %s\n'"'"' "$1" "$(date +%s.%N 2>/dev/null || date +%s)"; }; _bs guest_start; _bs pipeline_start; openssl enc -aes-256-ctr -pass pass:"testing" -nosalt < /dev/zero 2>/dev/null | dd of=/root/dummy_snapshot_data_1.img bs=1M count=500 iflag=fullblock conv=notrunc status=progress; ec=$?; _bs pipeline_done; _bs guest_end; exit $ec'
2026-05-20 03:12:51,882 DEBUG [5/1171] VM 04325a81… (ahv_ins_delete-0-260518-165456) via 10.114.113.181 op=update
2026-05-20 03:12:51,882 DEBUG   remote: bash -lc 'set -e; _bs(){ printf '"'"'BULK_SNAP_T %s %s\n'"'"' "$1" "$(date +%s.%N 2>/dev/null || date +%s)"; }; _bs guest_start; _bs pipeline_start; openssl enc -aes-256-ctr -pass pass:"testing" -nosalt < /dev/zero 2>/dev/null | dd of=/root/dummy_snapshot_data_1.img bs=1M count=500 iflag=fullblock conv=notrunc status=progress; ec=$?; _bs pipeline_done; _bs guest_end; exit $ec'
2026-05-20 03:12:51,882 DEBUG [6/1171] VM a6421a0c… (ahv_ins_delete-0-260518-165508) via 10.114.113.180 op=update
2026-05-20 03:12:51,888 DEBUG [1018/1171] VM 27a258da… (ahv_bp_vm_1_xa28-0-260514-044905) via 10.114.51.127 op=update
2026-05-20 03:12:51,888 DEBUG   remote: bash -lc 'set -e; _bs(){ printf '"'"'BULK_SNAP_T %s %s\n'"'"' "$1" "$(date +%s.%N 2>/dev/null || date +%s)"; }; _bs guest_start; _bs pipeline_start; openssl enc -aes-256-ctr -pass pass:"testing" -nosalt < /dev/zero 2>/dev/null | dd of=/root/dummy_snapshot_data_1.img bs=1M count=500 iflag=fullblock conv=notrunc status=progress; ec=$?; _bs pipeline_done; _bs guest_end; exit $ec'
2026-05-20 03:12:51,889 DEBUG [1019/1171] VM 4fcead27… (ahv_ins_delete-0-260514-053133) via 10.114.51.224 op=update
2026-05-20 03:12:51,889 DEBUG [1020/1171] VM 014e2a4c… (ahv_ins_delete-0-260514-054142) via 10.114.51.90 op=update
2026-05-20 03:12:51,890 DEBUG [1021/1171] VM 44d84680… (ahv_ins_delete-0-260514-054356) via 10.114.51.167 op=update
2026-05-20 03:12:51,893 DEBUG [7/1171] VM c4a38390… (ahv_ins_delete-0-260518-165511) via 10.114.121.53 op=update
2026-05-20 03:12:51,894 DEBUG [8/1171] VM b797c7e5… (ahv_ins_delete-0-260518-165512) via 10.114.121.52 op=update
2026-05-20 03:12:51,894 DEBUG [9/1171] VM f2d28985… (ahv_ins_delete-0-260518-170125) via 10.114.113.177 op=update
2026-05-20 03:12:51,895 DEBUG   remote: bash -lc 'set -e; _bs(){ printf '"'"'BULK_SNAP_T %s %s\n'"'"' "$1" "$(date +%s.%N 2>/dev/null || date +%s)"; }; _bs guest_start; _bs pipeline_start; openssl enc -aes-256-ctr -pass pass:"testing" -nosalt < /dev/zero 2>/dev/null | dd of=/root/dummy_snapshot_data_1.img bs=1M count=500 iflag=fullblock conv=notrunc status=progress; ec=$?; _bs pipeline_done; _bs guest_end; exit $ec'
2026-05-20 03:12:51,895 DEBUG [10/1171] VM e96d5d90… (ahv_ins_delete-0-260518-170126) via 10.114.113.176 op=update
2026-05-20 03:12:51,895 DEBUG   remote: bash -lc 'set -e; _bs(){ printf '"'"'BULK_SNAP_T %s %s\n'"'"' "$1" "$(date +%s.%N 2>/dev/null || date +%s)"; }; _bs guest_start; _bs pipeline_start; openssl enc -aes-256-ctr -pass pass:"testing" -nosalt < /dev/zero 2>/dev/null | dd of=/root/dummy_snapshot_data_1.img bs=1M count=500 iflag=fullblock conv=notrunc status=progress; ec=$?; _bs pipeline_done; _bs guest_end; exit $ec'
2026-05-20 03:12:51,896 DEBUG [1022/1171] VM cf35e095… (ahv_ins_delete-0-260514-081710) via 10.114.51.171 op=update
2026-05-20 03:12:51,899 DEBUG   remote: bash -lc 'set -e; _bs(){ printf '"'"'BULK_SNAP_T %s %s\n'"'"' "$1" "$(date +%s.%N 2>/dev/null || date +%s)"; }; _bs guest_start; _bs pipeline_start; openssl enc -aes-256-ctr -pass pass:"testing" -nosalt < /dev/zero 2>/dev/null | dd of=/root/dummy_snapshot_data_1.img bs=1M count=500 iflag=fullblock conv=notrunc status=progress; ec=$?; _bs pipeline_done; _bs guest_end; exit $ec'
2026-05-20 03:12:51,899 DEBUG [784/1171] VM 643c3d70… (vm-0-260519-073201) via 10.53.34.83 op=update
2026-05-20 03:12:51,899 DEBUG   remote: bash -lc 'set -e; _bs(){ printf '"'"'BULK_SNAP_T %s %s\n'"'"' "$1" "$(date +%s.%N 2>/dev/null || date +%s)"; }; _bs guest_start; _bs pipeline_start; openssl enc -aes-256-ctr -pass pass:"testing" -nosalt < /dev/zero 2>/dev/null | dd of=/root/dummy_snapshot_data_1.img bs=1M count=500 iflag=fullblock conv=notrunc status=progress; ec=$?; _bs pipeline_done; _bs guest_end; exit $ec'
2026-05-20 03:12:51,900 DEBUG   remote: bash -lc 'set -e; _bs(){ printf '"'"'BULK_SNAP_T %s %s\n'"'"' "$1" "$(date +%s.%N 2>/dev/null || date +%s)"; }; _bs guest_start; _bs pipeline_start; openssl enc -aes-256-ctr -pass pass:"testing" -nosalt < /dev/zero 2>/dev/null | dd of=/root/dummy_snapshot_data_1.img bs=1M count=500 iflag=fullblock conv=notrunc status=progress; ec=$?; _bs pipeline_done; _bs guest_end; exit $ec'
2026-05-20 03:12:51,902 DEBUG   remote: bash -lc 'set -e; _bs(){ printf '"'"'BULK_SNAP_T %s %s\n'"'"' "$1" "$(date +%s.%N 2>/dev/null || date +%s)"; }; _bs guest_start; _bs pipeline_start; openssl enc -aes-256-ctr -pass pass:"testing" -nosalt < /dev/zero 2>/dev/null | dd of=/root/dummy_snapshot_data_1.img bs=1M count=500 iflag=fullblock conv=notrunc status=progress; ec=$?; _bs pipeline_done; _bs guest_end; exit $ec'
2026-05-20 03:12:51,904 DEBUG   remote: bash -lc 'set -e; _bs(){ printf '"'"'BULK_SNAP_T %s %s\n'"'"' "$1" "$(date +%s.%N 2>/dev/null || date +%s)"; }; _bs guest_start; _bs pipeline_start; openssl enc -aes-256-ctr -pass pass:"testing" -nosalt < /dev/zero 2>/dev/null | dd of=/root/dummy_snapshot_data_1.img bs=1M count=500 iflag=fullblock conv=notrunc status=progress; ec=$?; _bs pipeline_done; _bs guest_end; exit $ec'
2026-05-20 03:12:51,905 DEBUG [1023/1171] VM 2900922b… (ahv_ins_delete-0-260514-082142) via 10.114.51.26 op=update
2026-05-20 03:12:51,906 DEBUG [1024/1171] VM ee0c5e92… (ahv_ins_delete-0-260514-133955) via 10.114.50.75 op=update
2026-05-20 03:12:51,906 DEBUG [1025/1171] VM a9b1e411… (ahv_ins_delete-0-260514-134246) via 10.114.53.125 op=update
2026-05-20 03:12:51,906 DEBUG   remote: bash -lc 'set -e; _bs(){ printf '"'"'BULK_SNAP_T %s %s\n'"'"' "$1" "$(date +%s.%N 2>/dev/null || date +%s)"; }; _bs guest_start; _bs pipeline_start; openssl enc -aes-256-ctr -pass pass:"testing" -nosalt < /dev/zero 2>/dev/null | dd of=/root/dummy_snapshot_data_1.img bs=1M count=500 iflag=fullblock conv=notrunc status=progress; ec=$?; _bs pipeline_done; _bs guest_end; exit $ec'
2026-05-20 03:12:51,907 DEBUG [1026/1171] VM c224318a… (ahv_ins_delete-0-260514-134337) via 10.114.54.81 op=update
2026-05-20 03:12:51,907 DEBUG [1027/1171] VM 58da0ea2… (ahv_ins_delete-0-260514-134636) via 10.114.51.23 op=update
2026-05-20 03:12:51,907 DEBUG   remote: bash -lc 'set -e; _bs(){ printf '"'"'BULK_SNAP_T %s %s\n'"'"' "$1" "$(date +%s.%N 2>/dev/null || date +%s)"; }; _bs guest_start; _bs pipeline_start; openssl enc -aes-256-ctr -pass pass:"testing" -nosalt < /dev/zero 2>/dev/null | dd of=/root/dummy_snapshot_data_1.img bs=1M count=500 iflag=fullblock conv=notrunc status=progress; ec=$?; _bs pipeline_done; _bs guest_end; exit $ec'
2026-05-20 03:12:51,910 DEBUG [785/1171] VM 5123a3f2… (vm-0-260519-095022) via 10.53.41.118 op=update
2026-05-20 03:12:51,912 DEBUG [786/1171] VM 1e304655… (vm-0-260519-095043) via 10.53.12.198 op=update
2026-05-20 03:12:51,912 DEBUG   remote: bash -lc 'set -e; _bs(){ printf '"'"'BULK_SNAP_T %s %s\n'"'"' "$1" "$(date +%s.%N 2>/dev/null || date +%s)"; }; _bs guest_start; _bs pipeline_start; openssl enc -aes-256-ctr -pass pass:"testing" -nosalt < /dev/zero 2>/dev/null | dd of=/root/dummy_snapshot_data_1.img bs=1M count=500 iflag=fullblock conv=notrunc status=progress; ec=$?; _bs pipeline_done; _bs guest_end; exit $ec'
2026-05-20 03:12:51,914 DEBUG   remote: bash -lc 'set -e; _bs(){ printf '"'"'BULK_SNAP_T %s %s\n'"'"' "$1" "$(date +%s.%N 2>/dev/null || date +%s)"; }; _bs guest_start; _bs pipeline_start; openssl enc -aes-256-ctr -pass pass:"testing" -nosalt < /dev/zero 2>/dev/null | dd of=/root/dummy_snapshot_data_1.img bs=1M count=500 iflag=fullblock conv=notrunc status=progress; ec=$?; _bs pipeline_done; _bs guest_end; exit $ec'
2026-05-20 03:12:51,920 DEBUG   remote: bash -lc 'set -e; _bs(){ printf '"'"'BULK_SNAP_T %s %s\n'"'"' "$1" "$(date +%s.%N 2>/dev/null || date +%s)"; }; _bs guest_start; _bs pipeline_start; openssl enc -aes-256-ctr -pass pass:"testing" -nosalt < /dev/zero 2>/dev/null | dd of=/root/dummy_snapshot_data_1.img bs=1M count=500 iflag=fullblock conv=notrunc status=progress; ec=$?; _bs pipeline_done; _bs guest_end; exit $ec'
2026-05-20 03:12:51,925 DEBUG   remote: bash -lc 'set -e; _bs(){ printf '"'"'BULK_SNAP_T %s %s\n'"'"' "$1" "$(date +%s.%N 2>/dev/null || date +%s)"; }; _bs guest_start; _bs pipeline_start; openssl enc -aes-256-ctr -pass pass:"testing" -nosalt < /dev/zero 2>/dev/null | dd of=/root/dummy_snapshot_data_1.img bs=1M count=500 iflag=fullblock conv=notrunc status=progress; ec=$?; _bs pipeline_done; _bs guest_end; exit $ec'
2026-05-20 03:12:51,926 DEBUG   remote: bash -lc 'set -e; _bs(){ printf '"'"'BULK_SNAP_T %s %s\n'"'"' "$1" "$(date +%s.%N 2>/dev/null || date +%s)"; }; _bs guest_start; _bs pipeline_start; openssl enc -aes-256-ctr -pass pass:"testing" -nosalt < /dev/zero 2>/dev/null | dd of=/root/dummy_snapshot_data_1.img bs=1M count=500 iflag=fullblock conv=notrunc status=progress; ec=$?; _bs pipeline_done; _bs guest_end; exit $ec'
2026-05-20 03:12:51,927 DEBUG [787/1171] VM c4e7c6d2… (vm-0-260519-095044) via 10.53.19.140 op=update
2026-05-20 03:12:51,928 DEBUG [788/1171] VM f9067381… (vm-0-260519-095057) via 10.53.14.81 op=update
2026-05-20 03:12:51,928 DEBUG [789/1171] VM cc761bca… (vm-0-260519-095107) via 10.53.20.150 op=update
2026-05-20 03:12:51,928 DEBUG [790/1171] VM 4b5d38ad… (vm-0-260519-095131) via 10.53.21.65 op=update
2026-05-20 03:12:51,929 DEBUG   remote: bash -lc 'set -e; _bs(){ printf '"'"'BULK_SNAP_T %s %s\n'"'"' "$1" "$(date +%s.%N 2>/dev/null || date +%s)"; }; _bs guest_start; _bs pipeline_start; openssl enc -aes-256-ctr -pass pass:"testing" -nosalt < /dev/zero 2>/dev/null | dd of=/root/dummy_snapshot_data_1.img bs=1M count=500 iflag=fullblock conv=notrunc status=progress; ec=$?; _bs pipeline_done; _bs guest_end; exit $ec'
2026-05-20 03:12:51,929 DEBUG [791/1171] VM 2f58ee80… (vm-0-260519-095142) via 10.53.31.243 op=update
2026-05-20 03:12:51,930 DEBUG   remote: bash -lc 'set -e; _bs(){ printf '"'"'BULK_SNAP_T %s %s\n'"'"' "$1" "$(date +%s.%N 2>/dev/null || date +%s)"; }; _bs guest_start; _bs pipeline_start; openssl enc -aes-256-ctr -pass pass:"testing" -nosalt < /dev/zero 2>/dev/null | dd of=/root/dummy_snapshot_data_1.img bs=1M count=500 iflag=fullblock conv=notrunc status=progress; ec=$?; _bs pipeline_done; _bs guest_end; exit $ec'
2026-05-20 03:12:51,930 DEBUG [792/1171] VM b9959abb… (vm-0-260519-095216) via 10.53.5.23 op=update
2026-05-20 03:12:51,933 DEBUG   remote: bash -lc 'set -e; _bs(){ printf '"'"'BULK_SNAP_T %s %s\n'"'"' "$1" "$(date +%s.%N 2>/dev/null || date +%s)"; }; _bs guest_start; _bs pipeline_start; openssl enc -aes-256-ctr -pass pass:"testing" -nosalt < /dev/zero 2>/dev/null | dd of=/root/dummy_snapshot_data_1.img bs=1M count=500 iflag=fullblock conv=notrunc status=progress; ec=$?; _bs pipeline_done; _bs guest_end; exit $ec'
2026-05-20 03:12:51,933 DEBUG   remote: bash -lc 'set -e; _bs(){ printf '"'"'BULK_SNAP_T %s %s\n'"'"' "$1" "$(date +%s.%N 2>/dev/null || date +%s)"; }; _bs guest_start; _bs pipeline_start; openssl enc -aes-256-ctr -pass pass:"testing" -nosalt < /dev/zero 2>/dev/null | dd of=/root/dummy_snapshot_data_1.img bs=1M count=500 iflag=fullblock conv=notrunc status=progress; ec=$?; _bs pipeline_done; _bs guest_end; exit $ec'
2026-05-20 03:12:51,934 DEBUG   remote: bash -lc 'set -e; _bs(){ printf '"'"'BULK_SNAP_T %s %s\n'"'"' "$1" "$(date +%s.%N 2>/dev/null || date +%s)"; }; _bs guest_start; _bs pipeline_start; openssl enc -aes-256-ctr -pass pass:"testing" -nosalt < /dev/zero 2>/dev/null | dd of=/root/dummy_snapshot_data_1.img bs=1M count=500 iflag=fullblock conv=notrunc status=progress; ec=$?; _bs pipeline_done; _bs guest_end; exit $ec'
2026-05-20 03:12:51,934 DEBUG [793/1171] VM face1084… (vm-0-260519-095217) via 10.53.35.104 op=update
2026-05-20 03:12:51,939 DEBUG   remote: bash -lc 'set -e; _bs(){ printf '"'"'BULK_SNAP_T %s %s\n'"'"' "$1" "$(date +%s.%N 2>/dev/null || date +%s)"; }; _bs guest_start; _bs pipeline_start; openssl enc -aes-256-ctr -pass pass:"testing" -nosalt < /dev/zero 2>/dev/null | dd of=/root/dummy_snapshot_data_1.img bs=1M count=500 iflag=fullblock conv=notrunc status=progress; ec=$?; _bs pipeline_done; _bs guest_end; exit $ec'
2026-05-20 03:12:51,939 DEBUG   remote: bash -lc 'set -e; _bs(){ printf '"'"'BULK_SNAP_T %s %s\n'"'"' "$1" "$(date +%s.%N 2>/dev/null || date +%s)"; }; _bs guest_start; _bs pipeline_start; openssl enc -aes-256-ctr -pass pass:"testing" -nosalt < /dev/zero 2>/dev/null | dd of=/root/dummy_snapshot_data_1.img bs=1M count=500 iflag=fullblock conv=notrunc status=progress; ec=$?; _bs pipeline_done; _bs guest_end; exit $ec'
2026-05-20 03:12:51,940 DEBUG   remote: bash -lc 'set -e; _bs(){ printf '"'"'BULK_SNAP_T %s %s\n'"'"' "$1" "$(date +%s.%N 2>/dev/null || date +%s)"; }; _bs guest_start; _bs pipeline_start; openssl enc -aes-256-ctr -pass pass:"testing" -nosalt < /dev/zero 2>/dev/null | dd of=/root/dummy_snapshot_data_1.img bs=1M count=500 iflag=fullblock conv=notrunc status=progress; ec=$?; _bs pipeline_done; _bs guest_end; exit $ec'
2026-05-20 03:12:51,945 DEBUG   remote: bash -lc 'set -e; _bs(){ printf '"'"'BULK_SNAP_T %s %s\n'"'"' "$1" "$(date +%s.%N 2>/dev/null || date +%s)"; }; _bs guest_start; _bs pipeline_start; openssl enc -aes-256-ctr -pass pass:"testing" -nosalt < /dev/zero 2>/dev/null | dd of=/root/dummy_snapshot_data_1.img bs=1M count=500 iflag=fullblock conv=notrunc status=progress; ec=$?; _bs pipeline_done; _bs guest_end; exit $ec'
2026-05-20 03:12:51,949 DEBUG   remote: bash -lc 'set -e; _bs(){ printf '"'"'BULK_SNAP_T %s %s\n'"'"' "$1" "$(date +%s.%N 2>/dev/null || date +%s)"; }; _bs guest_start; _bs pipeline_start; openssl enc -aes-256-ctr -pass pass:"testing" -nosalt < /dev/zero 2>/dev/null | dd of=/root/dummy_snapshot_data_1.img bs=1M count=500 iflag=fullblock conv=notrunc status=progress; ec=$?; _bs pipeline_done; _bs guest_end; exit $ec'
2026-05-20 03:12:51,965 DEBUG   remote: bash -lc 'set -e; _bs(){ printf '"'"'BULK_SNAP_T %s %s\n'"'"' "$1" "$(date +%s.%N 2>/dev/null || date +%s)"; }; _bs guest_start; _bs pipeline_start; openssl enc -aes-256-ctr -pass pass:"testing" -nosalt < /dev/zero 2>/dev/null | dd of=/root/dummy_snapshot_data_1.img bs=1M count=500 iflag=fullblock conv=notrunc status=progress; ec=$?; _bs pipeline_done; _bs guest_end; exit $ec'
2026-05-20 03:12:52,200 DEBUG   ssh: connect to host 10.53.34.83 port 22: Connection refused
2026-05-20 03:12:52,200 ERROR Guest disk op failed ec=255 vm=vm-0-260519-073201 ip=10.53.34.83 — ssh: connect to host 10.53.34.83 port 22: Connection refused
2026-05-20 03:12:52,201 DEBUG [794/1171] VM 465e1d40… (vm-0-260519-095242) via 10.53.21.2 op=update
2026-05-20 03:12:52,201 DEBUG   remote: bash -lc 'set -e; _bs(){ printf '"'"'BULK_SNAP_T %s %s\n'"'"' "$1" "$(date +%s.%N 2>/dev/null || date +%s)"; }; _bs guest_start; _bs pipeline_start; openssl enc -aes-256-ctr -pass pass:"testing" -nosalt < /dev/zero 2>/dev/null | dd of=/root/dummy_snapshot_data_1.img bs=1M count=500 iflag=fullblock conv=notrunc status=progress; ec=$?; _bs pipeline_done; _bs guest_end; exit $ec'
2026-05-20 03:13:04,170 DEBUG   BULK_SNAP_T guest_start 1779214368.110546609
2026-05-20 03:13:04,170 DEBUG   BULK_SNAP_T pipeline_start 1779214368.113089681
2026-05-20 03:13:04,171 DEBUG   BULK_SNAP_T pipeline_done 1779214379.809072893
2026-05-20 03:13:04,171 DEBUG   BULK_SNAP_T guest_end 1779214379.861115606
2026-05-20 03:13:04,171 DEBUG   
2026-05-20 03:13:04,171 DEBUG   61865984 bytes (62 MB) copied, 1.039647 s, 59.5 MB/s
2026-05-20 03:13:04,171 DEBUG   109051904 bytes (109 MB) copied, 2.050466 s, 53.2 MB/s
2026-05-20 03:13:04,171 DEBUG   141557760 bytes (142 MB) copied, 3.070856 s, 46.1 MB/s
2026-05-20 03:13:04,171 DEBUG   186646528 bytes (187 MB) copied, 4.101964 s, 45.5 MB/s
2026-05-20 03:13:04,171 DEBUG   235929600 bytes (236 MB) copied, 5.123866 s, 46.0 MB/s
2026-05-20 03:13:04,171 DEBUG   283115520 bytes (283 MB) copied, 6.130797 s, 46.2 MB/s
2026-05-20 03:13:04,171 DEBUG   329252864 bytes (329 MB) copied, 7.134048 s, 46.2 MB/s
2026-05-20 03:13:04,171 DEBUG   371195904 bytes (371 MB) copied, 8.162762 s, 45.5 MB/s
2026-05-20 03:13:04,171 DEBUG   417333248 bytes (417 MB) copied, 9.164798 s, 45.5 MB/s
2026-05-20 03:13:04,171 DEBUG   467664896 bytes (468 MB) copied, 10.223452 s, 45.7 MB/s
2026-05-20 03:13:04,171 DEBUG   513802240 bytes (514 MB) copied, 11.237530 s, 45.7 MB/s
2026-05-20 03:13:04,171 DEBUG   500+0 records in
2026-05-20 03:13:04,171 DEBUG   500+0 records out
2026-05-20 03:13:04,171 DEBUG   524288000 bytes (524 MB) copied, 11.4635 s, 45.7 MB/s
2026-05-20 03:13:04,171 DEBUG   OK (disk op exit 0)
2026-05-20 03:13:04,171 DEBUG [1028/1171] VM 89890b9a… (ahv_ins_delete-0-260514-140657) via 10.114.51.92 op=update
2026-05-20 03:13:04,172 DEBUG   remote: bash -lc 'set -e; _bs(){ printf '"'"'BULK_SNAP_T %s %s\n'"'"' "$1" "$(date +%s.%N 2>/dev/null || date +%s)"; }; _bs guest_start; _bs pipeline_start; openssl enc -aes-256-ctr -pass pass:"testing" -nosalt < /dev/zero 2>/dev/null | dd of=/root/dummy_snapshot_data_1.img bs=1M count=500 iflag=fullblock conv=notrunc status=progress; ec=$?; _bs pipeline_done; _bs guest_end; exit $ec'
2026-05-20 03:13:04,194 DEBUG   BULK_SNAP_T guest_start 1779214368.635543304
2026-05-20 03:13:04,194 DEBUG   BULK_SNAP_T pipeline_start 1779214368.637448990
2026-05-20 03:13:04,194 DEBUG   BULK_SNAP_T pipeline_done 1779214380.423581063
2026-05-20 03:13:04,194 DEBUG   BULK_SNAP_T guest_end 1779214380.429158472
2026-05-20 03:13:04,194 DEBUG   
2026-05-20 03:13:04,194 DEBUG   59768832 bytes (60 MB) copied, 1.019685 s, 58.6 MB/s
2026-05-20 03:13:04,194 DEBUG   111149056 bytes (111 MB) copied, 2.049086 s, 54.2 MB/s
2026-05-20 03:13:04,194 DEBUG   146800640 bytes (147 MB) copied, 3.084771 s, 47.6 MB/s
2026-05-20 03:13:04,194 DEBUG   197132288 bytes (197 MB) copied, 4.103629 s, 48.0 MB/s
2026-05-20 03:13:04,194 DEBUG   245366784 bytes (245 MB) copied, 5.106724 s, 48.0 MB/s
2026-05-20 03:13:04,194 DEBUG   297795584 bytes (298 MB) copied, 6.125757 s, 48.6 MB/s
2026-05-20 03:13:04,194 DEBUG   338690048 bytes (339 MB) copied, 7.137890 s, 47.4 MB/s
2026-05-20 03:13:04,194 DEBUG   378535936 bytes (379 MB) copied, 8.149718 s, 46.4 MB/s
2026-05-20 03:13:04,194 DEBUG   422576128 bytes (423 MB) copied, 9.183979 s, 46.0 MB/s
2026-05-20 03:13:04,194 DEBUG   467664896 bytes (468 MB) copied, 10.193647 s, 45.9 MB/s
2026-05-20 03:13:04,194 DEBUG   511705088 bytes (512 MB) copied, 11.233585 s, 45.6 MB/s
2026-05-20 03:13:04,194 DEBUG   500+0 records in
2026-05-20 03:13:04,194 DEBUG   500+0 records out
2026-05-20 03:13:04,194 DEBUG   524288000 bytes (524 MB) copied, 11.5666 s, 45.3 MB/s
2026-05-20 03:13:04,194 DEBUG   OK (disk op exit 0)
2026-05-20 03:13:04,195 DEBUG [1029/1171] VM b5b27c85… (ahv_ins_delete-0-260514-141049) via 10.114.50.158 op=update
2026-05-20 03:13:04,195 DEBUG   remote: bash -lc 'set -e; _bs(){ printf '"'"'BULK_SNAP_T %s %s\n'"'"' "$1" "$(date +%s.%N 2>/dev/null || date +%s)"; }; _bs guest_start; _bs pipeline_start; openssl enc -aes-256-ctr -pass pass:"testing" -nosalt < /dev/zero 2>/dev/null | dd of=/root/dummy_snapshot_data_1.img bs=1M count=500 iflag=fullblock conv=notrunc status=progress; ec=$?; _bs pipeline_done; _bs guest_end; exit $ec'
2026-05-20 03:13:04,464 DEBUG   BULK_SNAP_T guest_start 1779214368.347693161
2026-05-20 03:13:04,464 DEBUG   BULK_SNAP_T pipeline_start 1779214368.349634884
2026-05-20 03:13:04,464 DEBUG   BULK_SNAP_T pipeline_done 1779214379.986606874
2026-05-20 03:13:04,464 DEBUG   BULK_SNAP_T guest_end 1779214380.114521053
2026-05-20 03:13:04,464 DEBUG   
2026-05-20 03:13:04,464 DEBUG   38797312 bytes (39 MB) copied, 1.002909 s, 38.7 MB/s
2026-05-20 03:13:04,464 DEBUG   92274688 bytes (92 MB) copied, 2.019896 s, 45.7 MB/s
2026-05-20 03:13:04,464 DEBUG   141557760 bytes (142 MB) copied, 3.024886 s, 46.8 MB/s
2026-05-20 03:13:04,464 DEBUG   169869312 bytes (170 MB) copied, 4.059958 s, 41.8 MB/s
2026-05-20 03:13:04,464 DEBUG   224395264 bytes (224 MB) copied, 5.063342 s, 44.3 MB/s
2026-05-20 03:13:04,464 DEBUG   277872640 bytes (278 MB) copied, 6.086831 s, 45.7 MB/s
2026-05-20 03:13:04,464 DEBUG   320864256 bytes (321 MB) copied, 7.104865 s, 45.2 MB/s
2026-05-20 03:13:04,464 DEBUG   365953024 bytes (366 MB) copied, 8.144884 s, 44.9 MB/s
2026-05-20 03:13:04,464 DEBUG   413138944 bytes (413 MB) copied, 9.144932 s, 45.2 MB/s
2026-05-20 03:13:04,464 DEBUG   463470592 bytes (463 MB) copied, 10.205896 s, 45.4 MB/s
2026-05-20 03:13:04,464 DEBUG   510656512 bytes (511 MB) copied, 11.237067 s, 45.4 MB/s
2026-05-20 03:13:04,464 DEBUG   500+0 records in
2026-05-20 03:13:04,464 DEBUG   500+0 records out
2026-05-20 03:13:04,464 DEBUG   524288000 bytes (524 MB) copied, 11.5296 s, 45.5 MB/s
2026-05-20 03:13:04,464 DEBUG   OK (disk op exit 0)
2026-05-20 03:13:04,465 DEBUG [1030/1171] VM 4af7b0e8… (ahv_ins_delete-0-260514-145645) via 10.114.50.114 op=update
2026-05-20 03:13:04,465 DEBUG   remote: bash -lc 'set -e; _bs(){ printf '"'"'BULK_SNAP_T %s %s\n'"'"' "$1" "$(date +%s.%N 2>/dev/null || date +%s)"; }; _bs guest_start; _bs pipeline_start; openssl enc -aes-256-ctr -pass pass:"testing" -nosalt < /dev/zero 2>/dev/null | dd of=/root/dummy_snapshot_data_1.img bs=1M count=500 iflag=fullblock conv=notrunc status=progress; ec=$?; _bs pipeline_done; _bs guest_end; exit $ec'
2026-05-20 03:13:04,661 DEBUG   BULK_SNAP_T guest_start 1779214368.609760212
2026-05-20 03:13:04,661 DEBUG   BULK_SNAP_T pipeline_start 1779214368.611666358
2026-05-20 03:13:04,661 DEBUG   BULK_SNAP_T pipeline_done 1779214380.859753472
2026-05-20 03:13:04,661 DEBUG   BULK_SNAP_T guest_end 1779214380.867843049
2026-05-20 03:13:04,661 DEBUG   
2026-05-20 03:13:04,661 DEBUG   52428800 bytes (52 MB) copied, 1.028227 s, 51.0 MB/s
2026-05-20 03:13:04,661 DEBUG   75497472 bytes (75 MB) copied, 2.060466 s, 36.6 MB/s
2026-05-20 03:13:04,661 DEBUG   125829120 bytes (126 MB) copied, 3.080564 s, 40.8 MB/s
2026-05-20 03:13:04,661 DEBUG   159383552 bytes (159 MB) copied, 4.089477 s, 39.0 MB/s
2026-05-20 03:13:04,661 DEBUG   206569472 bytes (207 MB) copied, 5.091372 s, 40.6 MB/s
2026-05-20 03:13:04,661 DEBUG   255852544 bytes (256 MB) copied, 6.113199 s, 41.9 MB/s
2026-05-20 03:13:04,661 DEBUG   297795584 bytes (298 MB) copied, 7.113581 s, 41.9 MB/s
2026-05-20 03:13:04,661 DEBUG   340787200 bytes (341 MB) copied, 8.113595 s, 42.0 MB/s
2026-05-20 03:13:04,661 DEBUG   387973120 bytes (388 MB) copied, 9.143457 s, 42.4 MB/s
2026-05-20 03:13:04,661 DEBUG   436207616 bytes (436 MB) copied, 10.167518 s, 42.9 MB/s
2026-05-20 03:13:04,661 DEBUG   480247808 bytes (480 MB) copied, 11.181625 s, 42.9 MB/s
2026-05-20 03:13:04,661 DEBUG   500+0 records in
2026-05-20 03:13:04,661 DEBUG   500+0 records out
2026-05-20 03:13:04,661 DEBUG   524288000 bytes (524 MB) copied, 12.1632 s, 43.1 MB/s
2026-05-20 03:13:04,661 DEBUG   OK (disk op exit 0)
2026-05-20 03:13:04,662 DEBUG [1031/1171] VM a3f43011… (ahv_ins_delete-0-260514-174411) via 10.114.50.66 op=update
2026-05-20 03:13:04,662 DEBUG   remote: bash -lc 'set -e; _bs(){ printf '"'"'BULK_SNAP_T %s %s\n'"'"' "$1" "$(date +%s.%N 2>/dev/null || date +%s)"; }; _bs guest_start; _bs pipeline_start; openssl enc -aes-256-ctr -pass pass:"testing" -nosalt < /dev/zero 2>/dev/null | dd of=/root/dummy_snapshot_data_1.img bs=1M count=500 iflag=fullblock conv=notrunc status=progress; ec=$?; _bs pipeline_done; _bs guest_end; exit $ec'
2026-05-20 03:13:04,700 DEBUG   BULK_SNAP_T guest_start 1779214368.597951596
2026-05-20 03:13:04,700 DEBUG   BULK_SNAP_T pipeline_start 1779214368.599543115
2026-05-20 03:13:04,700 DEBUG   BULK_SNAP_T pipeline_done 1779214380.766207895
2026-05-20 03:13:04,700 DEBUG   BULK_SNAP_T guest_end 1779214380.775730550
2026-05-20 03:13:04,700 DEBUG   
2026-05-20 03:13:04,701 DEBUG   45088768 bytes (45 MB) copied, 1.009221 s, 44.7 MB/s
2026-05-20 03:13:04,701 DEBUG   92274688 bytes (92 MB) copied, 2.009584 s, 45.9 MB/s
2026-05-20 03:13:04,701 DEBUG   139460608 bytes (139 MB) copied, 3.069864 s, 45.4 MB/s
2026-05-20 03:13:04,701 DEBUG   182452224 bytes (182 MB) copied, 4.072184 s, 44.8 MB/s
2026-05-20 03:13:04,701 DEBUG   228589568 bytes (229 MB) copied, 5.116214 s, 44.7 MB/s
2026-05-20 03:13:04,701 DEBUG   277872640 bytes (278 MB) copied, 6.192944 s, 44.9 MB/s
2026-05-20 03:13:04,701 DEBUG   320864256 bytes (321 MB) copied, 7.252170 s, 44.2 MB/s
2026-05-20 03:13:04,701 DEBUG   362807296 bytes (363 MB) copied, 8.254956 s, 44.0 MB/s
2026-05-20 03:13:04,701 DEBUG   407896064 bytes (408 MB) copied, 9.262920 s, 44.0 MB/s
2026-05-20 03:13:04,701 DEBUG   449839104 bytes (450 MB) copied, 10.268021 s, 43.8 MB/s
2026-05-20 03:13:04,701 DEBUG   492830720 bytes (493 MB) copied, 11.308977 s, 43.6 MB/s
2026-05-20 03:13:04,701 DEBUG   500+0 records in
2026-05-20 03:13:04,701 DEBUG   500+0 records out
2026-05-20 03:13:04,701 DEBUG   524288000 bytes (524 MB) copied, 12.0495 s, 43.5 MB/s
2026-05-20 03:13:04,701 DEBUG   OK (disk op exit 0)
2026-05-20 03:13:04,701 DEBUG [1032/1171] VM 9d59ee99… (ahv_ins_delete-0-260514-174752) via 10.114.50.3 op=update
2026-05-20 03:13:04,702 DEBUG   remote: bash -lc 'set -e; _bs(){ printf '"'"'BULK_SNAP_T %s %s\n'"'"' "$1" "$(date +%s.%N 2>/dev/null || date +%s)"; }; _bs guest_start; _bs pipeline_start; openssl enc -aes-256-ctr -pass pass:"testing" -nosalt < /dev/zero 2>/dev/null | dd of=/root/dummy_snapshot_data_1.img bs=1M count=500 iflag=fullblock conv=notrunc status=progress; ec=$?; _bs pipeline_done; _bs guest_end; exit $ec'
2026-05-20 03:13:05,931 DEBUG   BULK_SNAP_T guest_start 1779214368.278377832
2026-05-20 03:13:05,931 DEBUG   BULK_SNAP_T pipeline_start 1779214368.280126240
2026-05-20 03:13:05,931 DEBUG   BULK_SNAP_T pipeline_done 1779214381.684150893
2026-05-20 03:13:05,931 DEBUG   BULK_SNAP_T guest_end 1779214381.691532023
2026-05-20 03:13:05,931 DEBUG   
2026-05-20 03:13:05,931 DEBUG   61865984 bytes (62 MB) copied, 1.025789 s, 60.3 MB/s
2026-05-20 03:13:05,931 DEBUG   110100480 bytes (110 MB) copied, 2.046841 s, 53.8 MB/s
2026-05-20 03:13:05,931 DEBUG   144703488 bytes (145 MB) copied, 3.060897 s, 47.3 MB/s
2026-05-20 03:13:05,931 DEBUG   188743680 bytes (189 MB) copied, 4.060986 s, 46.5 MB/s
2026-05-20 03:13:05,931 DEBUG   220200960 bytes (220 MB) copied, 5.069099 s, 43.4 MB/s
2026-05-20 03:13:05,931 DEBUG   262144000 bytes (262 MB) copied, 6.091913 s, 43.0 MB/s
2026-05-20 03:13:05,931 DEBUG   300941312 bytes (301 MB) copied, 7.102060 s, 42.4 MB/s
2026-05-20 03:13:05,931 DEBUG   340787200 bytes (341 MB) copied, 8.119878 s, 42.0 MB/s
2026-05-20 03:13:05,931 DEBUG   369098752 bytes (369 MB) copied, 9.160838 s, 40.3 MB/s
2026-05-20 03:13:05,931 DEBUG   411041792 bytes (411 MB) copied, 10.192947 s, 40.3 MB/s
2026-05-20 03:13:05,931 DEBUG   451936256 bytes (452 MB) copied, 11.195865 s, 40.4 MB/s
2026-05-20 03:13:05,931 DEBUG   494927872 bytes (495 MB) copied, 12.211097 s, 40.5 MB/s
2026-05-20 03:13:05,932 DEBUG   500+0 records in
2026-05-20 03:13:05,932 DEBUG   500+0 records out
2026-05-20 03:13:05,932 DEBUG   524288000 bytes (524 MB) copied, 12.7266 s, 41.2 MB/s
2026-05-20 03:13:05,932 DEBUG   OK (disk op exit 0)
2026-05-20 03:13:05,932 DEBUG [1033/1171] VM 260a1d9d… (ahv_ins_delete-0-260514-175832) via 10.114.52.133 op=update
2026-05-20 03:13:05,932 DEBUG   remote: bash -lc 'set -e; _bs(){ printf '"'"'BULK_SNAP_T %s %s\n'"'"' "$1" "$(date +%s.%N 2>/dev/null || date +%s)"; }; _bs guest_start; _bs pipeline_start; openssl enc -aes-256-ctr -pass pass:"testing" -nosalt < /dev/zero 2>/dev/null | dd of=/root/dummy_snapshot_data_1.img bs=1M count=500 iflag=fullblock conv=notrunc status=progress; ec=$?; _bs pipeline_done; _bs guest_end; exit $ec'
2026-05-20 03:13:05,964 DEBUG   BULK_SNAP_T guest_start 1779214368.720070844
2026-05-20 03:13:05,964 DEBUG   BULK_SNAP_T pipeline_start 1779214368.726729402
2026-05-20 03:13:05,964 DEBUG   BULK_SNAP_T pipeline_done 1779214382.049957706
2026-05-20 03:13:05,964 DEBUG   BULK_SNAP_T guest_end 1779214382.051280492
2026-05-20 03:13:05,964 DEBUG   
2026-05-20 03:13:05,964 DEBUG   29360128 bytes (29 MB) copied, 1.001573 s, 29.3 MB/s
2026-05-20 03:13:05,964 DEBUG   68157440 bytes (68 MB) copied, 2.002360 s, 34.0 MB/s
2026-05-20 03:13:05,964 DEBUG   114294784 bytes (114 MB) copied, 3.025332 s, 37.8 MB/s
2026-05-20 03:13:05,964 DEBUG   146800640 bytes (147 MB) copied, 4.039686 s, 36.3 MB/s
2026-05-20 03:13:05,964 DEBUG   173015040 bytes (173 MB) copied, 5.119572 s, 33.8 MB/s
2026-05-20 03:13:05,964 DEBUG   207618048 bytes (208 MB) copied, 6.125728 s, 33.9 MB/s
2026-05-20 03:13:05,964 DEBUG   244318208 bytes (244 MB) copied, 7.150477 s, 34.2 MB/s
2026-05-20 03:13:05,964 DEBUG   283115520 bytes (283 MB) copied, 8.161643 s, 34.7 MB/s
2026-05-20 03:13:05,964 DEBUG   319815680 bytes (320 MB) copied, 9.230422 s, 34.6 MB/s
2026-05-20 03:13:05,964 DEBUG   357564416 bytes (358 MB) copied, 10.271763 s, 34.8 MB/s
2026-05-20 03:13:05,964 DEBUG   395313152 bytes (395 MB) copied, 11.321331 s, 34.9 MB/s
2026-05-20 03:13:05,964 DEBUG   455081984 bytes (455 MB) copied, 12.333367 s, 36.9 MB/s
2026-05-20 03:13:05,964 DEBUG   500+0 records in
2026-05-20 03:13:05,964 DEBUG   500+0 records out
2026-05-20 03:13:05,964 DEBUG   524288000 bytes (524 MB) copied, 13.2604 s, 39.5 MB/s
2026-05-20 03:13:05,964 DEBUG   OK (disk op exit 0)
2026-05-20 03:13:05,965 DEBUG [1034/1171] VM a89a0471… (ahv_ins_delete-0-260514-175843) via 10.114.51.47 op=update
2026-05-20 03:13:05,965 DEBUG   remote: bash -lc 'set -e; _bs(){ printf '"'"'BULK_SNAP_T %s %s\n'"'"' "$1" "$(date +%s.%N 2>/dev/null || date +%s)"; }; _bs guest_start; _bs pipeline_start; openssl enc -aes-256-ctr -pass pass:"testing" -nosalt < /dev/zero 2>/dev/null | dd of=/root/dummy_snapshot_data_1.img bs=1M count=500 iflag=fullblock conv=notrunc status=progress; ec=$?; _bs pipeline_done; _bs guest_end; exit $ec'
2026-05-20 03:13:06,710 DEBUG   BULK_SNAP_T guest_start 1779214372.855084611
2026-05-20 03:13:06,710 DEBUG   BULK_SNAP_T pipeline_start 1779214372.870429630
2026-05-20 03:13:06,710 DEBUG   BULK_SNAP_T pipeline_done 1779214385.331903059
2026-05-20 03:13:06,710 DEBUG   BULK_SNAP_T guest_end 1779214385.339419772
2026-05-20 03:13:06,710 DEBUG   
2026-05-20 03:13:06,710 DEBUG   55574528 bytes (56 MB) copied, 1.132742 s, 49.1 MB/s
2026-05-20 03:13:06,710 DEBUG   120586240 bytes (121 MB) copied, 2.134456 s, 56.5 MB/s
2026-05-20 03:13:06,710 DEBUG   161480704 bytes (161 MB) copied, 3.167079 s, 51.0 MB/s
2026-05-20 03:13:06,710 DEBUG   210763776 bytes (211 MB) copied, 4.194697 s, 50.2 MB/s
2026-05-20 03:13:06,710 DEBUG   254803968 bytes (255 MB) copied, 5.203541 s, 49.0 MB/s
2026-05-20 03:13:06,710 DEBUG   297795584 bytes (298 MB) copied, 6.219496 s, 47.9 MB/s
2026-05-20 03:13:06,710 DEBUG   343932928 bytes (344 MB) copied, 7.257254 s, 47.4 MB/s
2026-05-20 03:13:06,711 DEBUG   384827392 bytes (385 MB) copied, 8.268254 s, 46.5 MB/s
2026-05-20 03:13:06,711 DEBUG   427819008 bytes (428 MB) copied, 9.295269 s, 46.0 MB/s
2026-05-20 03:13:06,711 DEBUG   445644800 bytes (446 MB) copied, 10.301056 s, 43.3 MB/s
2026-05-20 03:13:06,711 DEBUG   486539264 bytes (487 MB) copied, 11.314399 s, 43.0 MB/s
2026-05-20 03:13:06,711 DEBUG   500+0 records in
2026-05-20 03:13:06,711 DEBUG   500+0 records out
2026-05-20 03:13:06,711 DEBUG   524288000 bytes (524 MB) copied, 12.1995 s, 43.0 MB/s
2026-05-20 03:13:06,711 DEBUG   OK (disk op exit 0)
2026-05-20 03:13:06,711 DEBUG [795/1171] VM 815cd6f3… (vm-0-260519-095343) via 10.53.45.159 op=update
2026-05-20 03:13:06,711 DEBUG   remote: bash -lc 'set -e; _bs(){ printf '"'"'BULK_SNAP_T %s %s\n'"'"' "$1" "$(date +%s.%N 2>/dev/null || date +%s)"; }; _bs guest_start; _bs pipeline_start; openssl enc -aes-256-ctr -pass pass:"testing" -nosalt < /dev/zero 2>/dev/null | dd of=/root/dummy_snapshot_data_1.img bs=1M count=500 iflag=fullblock conv=notrunc status=progress; ec=$?; _bs pipeline_done; _bs guest_end; exit $ec'
2026-05-20 03:13:06,743 DEBUG   BULK_SNAP_T guest_start 1779214372.238100204
2026-05-20 03:13:06,743 DEBUG   BULK_SNAP_T pipeline_start 1779214372.244670980
2026-05-20 03:13:06,743 DEBUG   BULK_SNAP_T pipeline_done 1779214385.333186003
2026-05-20 03:13:06,743 DEBUG   BULK_SNAP_T guest_end 1779214385.347256029
2026-05-20 03:13:06,743 DEBUG   
2026-05-20 03:13:06,743 DEBUG   53477376 bytes (53 MB) copied, 1.045896 s, 51.1 MB/s
2026-05-20 03:13:06,743 DEBUG   87031808 bytes (87 MB) copied, 2.098380 s, 41.5 MB/s
2026-05-20 03:13:06,743 DEBUG   138412032 bytes (138 MB) copied, 3.101603 s, 44.6 MB/s
2026-05-20 03:13:06,743 DEBUG   182452224 bytes (182 MB) copied, 4.105627 s, 44.4 MB/s
2026-05-20 03:13:06,743 DEBUG   234881024 bytes (235 MB) copied, 5.131619 s, 45.8 MB/s
2026-05-20 03:13:06,743 DEBUG   277872640 bytes (278 MB) copied, 6.145371 s, 45.2 MB/s
2026-05-20 03:13:06,743 DEBUG   321912832 bytes (322 MB) copied, 7.158429 s, 45.0 MB/s
2026-05-20 03:13:06,743 DEBUG   364904448 bytes (365 MB) copied, 8.165457 s, 44.7 MB/s
2026-05-20 03:13:06,743 DEBUG   400556032 bytes (401 MB) copied, 9.169604 s, 43.7 MB/s
2026-05-20 03:13:06,743 DEBUG   440401920 bytes (440 MB) copied, 10.254460 s, 42.9 MB/s
2026-05-20 03:13:06,743 DEBUG   459276288 bytes (459 MB) copied, 11.262379 s, 40.8 MB/s
2026-05-20 03:13:06,744 DEBUG   502267904 bytes (502 MB) copied, 12.275880 s, 40.9 MB/s
2026-05-20 03:13:06,744 DEBUG   500+0 records in
2026-05-20 03:13:06,744 DEBUG   500+0 records out
2026-05-20 03:13:06,744 DEBUG   524288000 bytes (524 MB) copied, 12.8064 s, 40.9 MB/s
2026-05-20 03:13:06,744 DEBUG   OK (disk op exit 0)
2026-05-20 03:13:06,744 DEBUG [796/1171] VM 13bf2576… (vm-0-260519-095345) via 10.53.29.32 op=update
2026-05-20 03:13:06,744 DEBUG   remote: bash -lc 'set -e; _bs(){ printf '"'"'BULK_SNAP_T %s %s\n'"'"' "$1" "$(date +%s.%N 2>/dev/null || date +%s)"; }; _bs guest_start; _bs pipeline_start; openssl enc -aes-256-ctr -pass pass:"testing" -nosalt < /dev/zero 2>/dev/null | dd of=/root/dummy_snapshot_data_1.img bs=1M count=500 iflag=fullblock conv=notrunc status=progress; ec=$?; _bs pipeline_done; _bs guest_end; exit $ec'
2026-05-20 03:13:07,207 DEBUG   BULK_SNAP_T guest_start 1779214368.868183640
2026-05-20 03:13:07,207 DEBUG   BULK_SNAP_T pipeline_start 1779214368.873263501
2026-05-20 03:13:07,207 DEBUG   BULK_SNAP_T pipeline_done 1779214383.226125269
2026-05-20 03:13:07,207 DEBUG   BULK_SNAP_T guest_end 1779214383.235602302
2026-05-20 03:13:07,207 DEBUG   
2026-05-20 03:13:07,207 DEBUG   20971520 bytes (21 MB) copied, 1.030434 s, 20.4 MB/s
2026-05-20 03:13:07,207 DEBUG   44040192 bytes (44 MB) copied, 2.071388 s, 21.3 MB/s
2026-05-20 03:13:07,207 DEBUG   82837504 bytes (83 MB) copied, 3.125407 s, 26.5 MB/s
2026-05-20 03:13:07,207 DEBUG   122683392 bytes (123 MB) copied, 4.163392 s, 29.5 MB/s
2026-05-20 03:13:07,207 DEBUG   148897792 bytes (149 MB) copied, 5.203362 s, 28.6 MB/s
2026-05-20 03:13:07,207 DEBUG   186646528 bytes (187 MB) copied, 6.229481 s, 30.0 MB/s
2026-05-20 03:13:07,207 DEBUG   217055232 bytes (217 MB) copied, 7.306443 s, 29.7 MB/s
2026-05-20 03:13:07,207 DEBUG   255852544 bytes (256 MB) copied, 8.368360 s, 30.6 MB/s
2026-05-20 03:13:07,207 DEBUG   293601280 bytes (294 MB) copied, 9.390428 s, 31.3 MB/s
2026-05-20 03:13:07,207 DEBUG   329252864 bytes (329 MB) copied, 10.439368 s, 31.5 MB/s
2026-05-20 03:13:07,207 DEBUG   361758720 bytes (362 MB) copied, 11.451434 s, 31.6 MB/s
2026-05-20 03:13:07,207 DEBUG   409993216 bytes (410 MB) copied, 12.465540 s, 32.9 MB/s
2026-05-20 03:13:07,207 DEBUG   481296384 bytes (481 MB) copied, 13.478433 s, 35.7 MB/s
2026-05-20 03:13:07,207 DEBUG   500+0 records in
2026-05-20 03:13:07,207 DEBUG   500+0 records out
2026-05-20 03:13:07,207 DEBUG   524288000 bytes (524 MB) copied, 14.1784 s, 37.0 MB/s
2026-05-20 03:13:07,207 DEBUG   OK (disk op exit 0)
2026-05-20 03:13:07,208 DEBUG [1035/1171] VM 4bbfd520… (ahv_ins_delete-0-260514-175854) via 10.114.53.252 op=update
2026-05-20 03:13:07,208 DEBUG   remote: bash -lc 'set -e; _bs(){ printf '"'"'BULK_SNAP_T %s %s\n'"'"' "$1" "$(date +%s.%N 2>/dev/null || date +%s)"; }; _bs guest_start; _bs pipeline_start; openssl enc -aes-256-ctr -pass pass:"testing" -nosalt < /dev/zero 2>/dev/null | dd of=/root/dummy_snapshot_data_1.img bs=1M count=500 iflag=fullblock conv=notrunc status=progress; ec=$?; _bs pipeline_done; _bs guest_end; exit $ec'
2026-05-20 03:13:07,218 DEBUG   BULK_SNAP_T guest_start 1779214368.734769144
2026-05-20 03:13:07,218 DEBUG   BULK_SNAP_T pipeline_start 1779214368.742608291
2026-05-20 03:13:07,218 DEBUG   BULK_SNAP_T pipeline_done 1779214383.129775340
2026-05-20 03:13:07,218 DEBUG   BULK_SNAP_T guest_end 1779214383.140842407
2026-05-20 03:13:07,218 DEBUG   
2026-05-20 03:13:07,218 DEBUG   28311552 bytes (28 MB) copied, 1.002414 s, 28.2 MB/s
2026-05-20 03:13:07,218 DEBUG   48234496 bytes (48 MB) copied, 2.044437 s, 23.6 MB/s
2026-05-20 03:13:07,218 DEBUG   85983232 bytes (86 MB) copied, 3.074426 s, 28.0 MB/s
2026-05-20 03:13:07,218 DEBUG   121634816 bytes (122 MB) copied, 4.091461 s, 29.7 MB/s
2026-05-20 03:13:07,218 DEBUG   148897792 bytes (149 MB) copied, 5.155508 s, 28.9 MB/s
2026-05-20 03:13:07,218 DEBUG   182452224 bytes (182 MB) copied, 6.213415 s, 29.4 MB/s
2026-05-20 03:13:07,218 DEBUG   218103808 bytes (218 MB) copied, 7.222499 s, 30.2 MB/s
2026-05-20 03:13:07,218 DEBUG   255852544 bytes (256 MB) copied, 8.249487 s, 31.0 MB/s
2026-05-20 03:13:07,218 DEBUG   292552704 bytes (293 MB) copied, 9.277604 s, 31.5 MB/s
2026-05-20 03:13:07,219 DEBUG   321912832 bytes (322 MB) copied, 10.281433 s, 31.3 MB/s
2026-05-20 03:13:07,219 DEBUG   360710144 bytes (361 MB) copied, 11.360445 s, 31.8 MB/s
2026-05-20 03:13:07,219 DEBUG   412090368 bytes (412 MB) copied, 12.372623 s, 33.3 MB/s
2026-05-20 03:13:07,219 DEBUG   483393536 bytes (483 MB) copied, 13.403382 s, 36.1 MB/s
2026-05-20 03:13:07,219 DEBUG   500+0 records in
2026-05-20 03:13:07,219 DEBUG   500+0 records out
2026-05-20 03:13:07,219 DEBUG   524288000 bytes (524 MB) copied, 14.1589 s, 37.0 MB/s
2026-05-20 03:13:07,219 DEBUG   OK (disk op exit 0)
2026-05-20 03:13:07,219 DEBUG [1036/1171] VM 30846fe3… (ahv_ins_delete-0-260514-175857) via 10.114.49.135 op=update
2026-05-20 03:13:07,219 DEBUG   remote: bash -lc 'set -e; _bs(){ printf '"'"'BULK_SNAP_T %s %s\n'"'"' "$1" "$(date +%s.%N 2>/dev/null || date +%s)"; }; _bs guest_start; _bs pipeline_start; openssl enc -aes-256-ctr -pass pass:"testing" -nosalt < /dev/zero 2>/dev/null | dd of=/root/dummy_snapshot_data_1.img bs=1M count=500 iflag=fullblock conv=notrunc status=progress; ec=$?; _bs pipeline_done; _bs guest_end; exit $ec'
2026-05-20 03:13:07,492 DEBUG   BULK_SNAP_T guest_start 1779214372.658731667
2026-05-20 03:13:07,492 DEBUG   BULK_SNAP_T pipeline_start 1779214372.665315795
2026-05-20 03:13:07,492 DEBUG   BULK_SNAP_T pipeline_done 1779214386.124554690
2026-05-20 03:13:07,492 DEBUG   BULK_SNAP_T guest_end 1779214386.150364318
2026-05-20 03:13:07,492 DEBUG   
2026-05-20 03:13:07,492 DEBUG   50331648 bytes (50 MB) copied, 1.005501 s, 50.1 MB/s
2026-05-20 03:13:07,492 DEBUG   101711872 bytes (102 MB) copied, 2.017543 s, 50.4 MB/s
2026-05-20 03:13:07,492 DEBUG   142606336 bytes (143 MB) copied, 3.040691 s, 46.9 MB/s
2026-05-20 03:13:07,492 DEBUG   186646528 bytes (187 MB) copied, 4.082313 s, 45.7 MB/s
2026-05-20 03:13:07,492 DEBUG   229638144 bytes (230 MB) copied, 5.099787 s, 45.0 MB/s
2026-05-20 03:13:07,492 DEBUG   275775488 bytes (276 MB) copied, 6.102444 s, 45.2 MB/s
2026-05-20 03:13:07,492 DEBUG   316669952 bytes (317 MB) copied, 7.111372 s, 44.5 MB/s
2026-05-20 03:13:07,492 DEBUG   358612992 bytes (359 MB) copied, 8.119315 s, 44.2 MB/s
2026-05-20 03:13:07,492 DEBUG   401604608 bytes (402 MB) copied, 9.140553 s, 43.9 MB/s
2026-05-20 03:13:07,492 DEBUG   435159040 bytes (435 MB) copied, 10.399402 s, 41.8 MB/s
2026-05-20 03:13:07,492 DEBUG   470810624 bytes (471 MB) copied, 11.430404 s, 41.2 MB/s
2026-05-20 03:13:07,492 DEBUG   515899392 bytes (516 MB) copied, 12.435398 s, 41.5 MB/s
2026-05-20 03:13:07,492 DEBUG   500+0 records in
2026-05-20 03:13:07,493 DEBUG   500+0 records out
2026-05-20 03:13:07,493 DEBUG   524288000 bytes (524 MB) copied, 12.6865 s, 41.3 MB/s
2026-05-20 03:13:07,493 DEBUG   OK (disk op exit 0)
2026-05-20 03:13:07,493 DEBUG [797/1171] VM 44ced5dd… (vm-0-260519-095345) via 10.53.1.145 op=update
2026-05-20 03:13:07,493 DEBUG   remote: bash -lc 'set -e; _bs(){ printf '"'"'BULK_SNAP_T %s %s\n'"'"' "$1" "$(date +%s.%N 2>/dev/null || date +%s)"; }; _bs guest_start; _bs pipeline_start; openssl enc -aes-256-ctr -pass pass:"testing" -nosalt < /dev/zero 2>/dev/null | dd of=/root/dummy_snapshot_data_1.img bs=1M count=500 iflag=fullblock conv=notrunc status=progress; ec=$?; _bs pipeline_done; _bs guest_end; exit $ec'
2026-05-20 03:13:07,726 DEBUG   BULK_SNAP_T guest_start 1779214372.151763135
2026-05-20 03:13:07,726 DEBUG   BULK_SNAP_T pipeline_start 1779214372.160590169
2026-05-20 03:13:07,726 DEBUG   BULK_SNAP_T pipeline_done 1779214386.107467079
2026-05-20 03:13:07,726 DEBUG   BULK_SNAP_T guest_end 1779214386.121115021
2026-05-20 03:13:07,726 DEBUG   
2026-05-20 03:13:07,726 DEBUG   37748736 bytes (38 MB) copied, 1.124275 s, 33.6 MB/s
2026-05-20 03:13:07,726 DEBUG   62914560 bytes (63 MB) copied, 2.148208 s, 29.3 MB/s
2026-05-20 03:13:07,726 DEBUG   106954752 bytes (107 MB) copied, 3.201327 s, 33.4 MB/s
2026-05-20 03:13:07,726 DEBUG   146800640 bytes (147 MB) copied, 4.236552 s, 34.7 MB/s
2026-05-20 03:13:07,726 DEBUG   188743680 bytes (189 MB) copied, 5.321127 s, 35.5 MB/s
2026-05-20 03:13:07,726 DEBUG   232783872 bytes (233 MB) copied, 6.338143 s, 36.7 MB/s
2026-05-20 03:13:07,727 DEBUG   276824064 bytes (277 MB) copied, 7.339341 s, 37.7 MB/s
2026-05-20 03:13:07,727 DEBUG   322961408 bytes (323 MB) copied, 8.381062 s, 38.5 MB/s
2026-05-20 03:13:07,727 DEBUG   360710144 bytes (361 MB) copied, 9.409076 s, 38.3 MB/s
2026-05-20 03:13:07,727 DEBUG   387973120 bytes (388 MB) copied, 10.435104 s, 37.2 MB/s
2026-05-20 03:13:07,727 DEBUG   424673280 bytes (425 MB) copied, 11.437246 s, 37.1 MB/s
2026-05-20 03:13:07,727 DEBUG   471859200 bytes (472 MB) copied, 12.454176 s, 37.9 MB/s
2026-05-20 03:13:07,727 DEBUG   512753664 bytes (513 MB) copied, 13.470097 s, 38.1 MB/s
2026-05-20 03:13:07,727 DEBUG   500+0 records in
2026-05-20 03:13:07,727 DEBUG   500+0 records out
2026-05-20 03:13:07,727 DEBUG   524288000 bytes (524 MB) copied, 13.6863 s, 38.3 MB/s
2026-05-20 03:13:07,727 DEBUG   OK (disk op exit 0)
2026-05-20 03:13:07,727 DEBUG [798/1171] VM 2466a803… (vm-0-260519-095418) via 10.53.19.80 op=update
2026-05-20 03:13:07,727 DEBUG   remote: bash -lc 'set -e; _bs(){ printf '"'"'BULK_SNAP_T %s %s\n'"'"' "$1" "$(date +%s.%N 2>/dev/null || date +%s)"; }; _bs guest_start; _bs pipeline_start; openssl enc -aes-256-ctr -pass pass:"testing" -nosalt < /dev/zero 2>/dev/null | dd of=/root/dummy_snapshot_data_1.img bs=1M count=500 iflag=fullblock conv=notrunc status=progress; ec=$?; _bs pipeline_done; _bs guest_end; exit $ec'
2026-05-20 03:13:07,728 DEBUG   BULK_SNAP_T guest_start 1779214372.517182262
2026-05-20 03:13:07,730 DEBUG   BULK_SNAP_T pipeline_start 1779214372.520343445
2026-05-20 03:13:07,730 DEBUG   BULK_SNAP_T pipeline_done 1779214386.457009379
2026-05-20 03:13:07,730 DEBUG   BULK_SNAP_T guest_end 1779214386.464593207
2026-05-20 03:13:07,730 DEBUG   
2026-05-20 03:13:07,730 DEBUG   48234496 bytes (48 MB) copied, 1.102271 s, 43.8 MB/s
2026-05-20 03:13:07,730 DEBUG   88080384 bytes (88 MB) copied, 2.137442 s, 41.2 MB/s
2026-05-20 03:13:07,731 DEBUG   136314880 bytes (136 MB) copied, 3.181840 s, 42.8 MB/s
2026-05-20 03:13:07,731 DEBUG   173015040 bytes (173 MB) copied, 4.184915 s, 41.3 MB/s
2026-05-20 03:13:07,731 DEBUG   216006656 bytes (216 MB) copied, 5.196430 s, 41.6 MB/s
2026-05-20 03:13:07,731 DEBUG   254803968 bytes (255 MB) copied, 6.250126 s, 40.8 MB/s
2026-05-20 03:13:07,731 DEBUG   297795584 bytes (298 MB) copied, 7.259144 s, 41.0 MB/s
2026-05-20 03:13:07,731 DEBUG   333447168 bytes (333 MB) copied, 8.278243 s, 40.3 MB/s
2026-05-20 03:13:07,731 DEBUG   375390208 bytes (375 MB) copied, 9.284121 s, 40.4 MB/s
2026-05-20 03:13:07,731 DEBUG   409993216 bytes (410 MB) copied, 10.711595 s, 38.3 MB/s
2026-05-20 03:13:07,731 DEBUG   448790528 bytes (449 MB) copied, 11.713355 s, 38.3 MB/s
2026-05-20 03:13:07,731 DEBUG   487587840 bytes (488 MB) copied, 12.727381 s, 38.3 MB/s
2026-05-20 03:13:07,731 DEBUG   500+0 records in
2026-05-20 03:13:07,731 DEBUG   500+0 records out
2026-05-20 03:13:07,731 DEBUG   524288000 bytes (524 MB) copied, 13.7166 s, 38.2 MB/s
2026-05-20 03:13:07,731 DEBUG   OK (disk op exit 0)
2026-05-20 03:13:07,732 DEBUG [799/1171] VM fe7f5f69… (vm-0-260519-095419) via 10.53.49.227 op=update
2026-05-20 03:13:07,732 DEBUG   remote: bash -lc 'set -e; _bs(){ printf '"'"'BULK_SNAP_T %s %s\n'"'"' "$1" "$(date +%s.%N 2>/dev/null || date +%s)"; }; _bs guest_start; _bs pipeline_start; openssl enc -aes-256-ctr -pass pass:"testing" -nosalt < /dev/zero 2>/dev/null | dd of=/root/dummy_snapshot_data_1.img bs=1M count=500 iflag=fullblock conv=notrunc status=progress; ec=$?; _bs pipeline_done; _bs guest_end; exit $ec'
2026-05-20 03:13:07,735 DEBUG   BULK_SNAP_T guest_start 1779214372.298174255
2026-05-20 03:13:07,735 DEBUG   BULK_SNAP_T pipeline_start 1779214372.304333710
2026-05-20 03:13:07,735 DEBUG   BULK_SNAP_T pipeline_done 1779214385.945234988
2026-05-20 03:13:07,735 DEBUG   BULK_SNAP_T guest_end 1779214386.254619123
2026-05-20 03:13:07,735 DEBUG   
2026-05-20 03:13:07,735 DEBUG   51380224 bytes (51 MB) copied, 1.135189 s, 45.3 MB/s
2026-05-20 03:13:07,735 DEBUG   83886080 bytes (84 MB) copied, 2.142950 s, 39.1 MB/s
2026-05-20 03:13:07,735 DEBUG   138412032 bytes (138 MB) copied, 3.194904 s, 43.3 MB/s
2026-05-20 03:13:07,735 DEBUG   178257920 bytes (178 MB) copied, 4.224940 s, 42.2 MB/s
2026-05-20 03:13:07,735 DEBUG   222298112 bytes (222 MB) copied, 5.244268 s, 42.4 MB/s
2026-05-20 03:13:07,735 DEBUG   265289728 bytes (265 MB) copied, 6.267642 s, 42.3 MB/s
2026-05-20 03:13:07,735 DEBUG   306184192 bytes (306 MB) copied, 7.313001 s, 41.9 MB/s
2026-05-20 03:13:07,735 DEBUG   343932928 bytes (344 MB) copied, 8.339605 s, 41.2 MB/s
2026-05-20 03:13:07,735 DEBUG   383778816 bytes (384 MB) copied, 9.345768 s, 41.1 MB/s
2026-05-20 03:13:07,735 DEBUG   418381824 bytes (418 MB) copied, 10.620679 s, 39.4 MB/s
2026-05-20 03:13:07,735 DEBUG   452984832 bytes (453 MB) copied, 11.651631 s, 38.9 MB/s
2026-05-20 03:13:07,735 DEBUG   491782144 bytes (492 MB) copied, 12.657115 s, 38.9 MB/s
2026-05-20 03:13:07,735 DEBUG   500+0 records in
2026-05-20 03:13:07,735 DEBUG   500+0 records out
2026-05-20 03:13:07,735 DEBUG   524288000 bytes (524 MB) copied, 13.4317 s, 39.0 MB/s
2026-05-20 03:13:07,736 DEBUG   OK (disk op exit 0)
2026-05-20 03:13:07,736 DEBUG [800/1171] VM 17e92edc… (vm-0-260519-095530) via 10.53.17.96 op=update
2026-05-20 03:13:07,736 DEBUG   remote: bash -lc 'set -e; _bs(){ printf '"'"'BULK_SNAP_T %s %s\n'"'"' "$1" "$(date +%s.%N 2>/dev/null || date +%s)"; }; _bs guest_start; _bs pipeline_start; openssl enc -aes-256-ctr -pass pass:"testing" -nosalt < /dev/zero 2>/dev/null | dd of=/root/dummy_snapshot_data_1.img bs=1M count=500 iflag=fullblock conv=notrunc status=progress; ec=$?; _bs pipeline_done; _bs guest_end; exit $ec'
2026-05-20 03:13:07,983 DEBUG   BULK_SNAP_T guest_start 1779214371.620764364
2026-05-20 03:13:07,983 DEBUG   BULK_SNAP_T pipeline_start 1779214371.631629380
2026-05-20 03:13:07,983 DEBUG   BULK_SNAP_T pipeline_done 1779214385.783235116
2026-05-20 03:13:07,983 DEBUG   BULK_SNAP_T guest_end 1779214385.790395267
2026-05-20 03:13:07,983 DEBUG   
2026-05-20 03:13:07,983 DEBUG   30408704 bytes (30 MB) copied, 1.175907 s, 25.9 MB/s
2026-05-20 03:13:07,983 DEBUG   53477376 bytes (53 MB) copied, 2.234263 s, 23.9 MB/s
2026-05-20 03:13:07,983 DEBUG   90177536 bytes (90 MB) copied, 3.245006 s, 27.8 MB/s
2026-05-20 03:13:07,983 DEBUG   125829120 bytes (126 MB) copied, 4.275382 s, 29.4 MB/s
2026-05-20 03:13:07,983 DEBUG   164626432 bytes (165 MB) copied, 5.276759 s, 31.2 MB/s
2026-05-20 03:13:07,983 DEBUG   201326592 bytes (201 MB) copied, 6.292922 s, 32.0 MB/s
2026-05-20 03:13:07,983 DEBUG   244318208 bytes (244 MB) copied, 7.369924 s, 33.2 MB/s
2026-05-20 03:13:07,983 DEBUG   286261248 bytes (286 MB) copied, 8.419852 s, 34.0 MB/s
2026-05-20 03:13:07,983 DEBUG   335544320 bytes (336 MB) copied, 9.444977 s, 35.5 MB/s
2026-05-20 03:13:07,983 DEBUG   354418688 bytes (354 MB) copied, 10.459913 s, 33.9 MB/s
2026-05-20 03:13:07,983 DEBUG   394264576 bytes (394 MB) copied, 11.478972 s, 34.3 MB/s
2026-05-20 03:13:07,983 DEBUG   449839104 bytes (450 MB) copied, 12.547961 s, 35.8 MB/s
2026-05-20 03:13:07,983 DEBUG   505413632 bytes (505 MB) copied, 13.548954 s, 37.3 MB/s
2026-05-20 03:13:07,983 DEBUG   500+0 records in
2026-05-20 03:13:07,983 DEBUG   500+0 records out
2026-05-20 03:13:07,983 DEBUG   524288000 bytes (524 MB) copied, 13.931 s, 37.6 MB/s
2026-05-20 03:13:07,983 DEBUG   OK (disk op exit 0)
2026-05-20 03:13:07,984 DEBUG [801/1171] VM e0891f8d… (vm-0-260519-095530) via 10.53.12.205 op=update
2026-05-20 03:13:07,984 DEBUG   remote: bash -lc 'set -e; _bs(){ printf '"'"'BULK_SNAP_T %s %s\n'"'"' "$1" "$(date +%s.%N 2>/dev/null || date +%s)"; }; _bs guest_start; _bs pipeline_start; openssl enc -aes-256-ctr -pass pass:"testing" -nosalt < /dev/zero 2>/dev/null | dd of=/root/dummy_snapshot_data_1.img bs=1M count=500 iflag=fullblock conv=notrunc status=progress; ec=$?; _bs pipeline_done; _bs guest_end; exit $ec'
2026-05-20 03:13:07,987 DEBUG   BULK_SNAP_T guest_start 1779214373.272222701
2026-05-20 03:13:07,987 DEBUG   BULK_SNAP_T pipeline_start 1779214373.287810596
2026-05-20 03:13:07,987 DEBUG   BULK_SNAP_T pipeline_done 1779214387.205977301
2026-05-20 03:13:07,987 DEBUG   BULK_SNAP_T guest_end 1779214387.213021870
2026-05-20 03:13:07,987 DEBUG   
2026-05-20 03:13:07,987 DEBUG   41943040 bytes (42 MB) copied, 1.141430 s, 36.7 MB/s
2026-05-20 03:13:07,987 DEBUG   87031808 bytes (87 MB) copied, 2.250801 s, 38.7 MB/s
2026-05-20 03:13:07,987 DEBUG   137363456 bytes (137 MB) copied, 3.256455 s, 42.2 MB/s
2026-05-20 03:13:07,987 DEBUG   175112192 bytes (175 MB) copied, 4.292316 s, 40.8 MB/s
2026-05-20 03:13:07,987 DEBUG   220200960 bytes (220 MB) copied, 5.328362 s, 41.3 MB/s
2026-05-20 03:13:07,987 DEBUG   261095424 bytes (261 MB) copied, 6.366251 s, 41.0 MB/s
2026-05-20 03:13:07,987 DEBUG   301989888 bytes (302 MB) copied, 7.368466 s, 41.0 MB/s
2026-05-20 03:13:07,987 DEBUG   338690048 bytes (339 MB) copied, 8.379288 s, 40.4 MB/s
2026-05-20 03:13:07,987 DEBUG   376438784 bytes (376 MB) copied, 9.417288 s, 40.0 MB/s
2026-05-20 03:13:07,987 DEBUG   397410304 bytes (397 MB) copied, 10.486258 s, 37.9 MB/s
2026-05-20 03:13:07,987 DEBUG   435159040 bytes (435 MB) copied, 11.532399 s, 37.7 MB/s
2026-05-20 03:13:07,987 DEBUG   479199232 bytes (479 MB) copied, 12.534830 s, 38.2 MB/s
2026-05-20 03:13:07,987 DEBUG   522190848 bytes (522 MB) copied, 13.570268 s, 38.5 MB/s
2026-05-20 03:13:07,987 DEBUG   500+0 records in
2026-05-20 03:13:07,987 DEBUG   500+0 records out
2026-05-20 03:13:07,987 DEBUG   524288000 bytes (524 MB) copied, 13.6426 s, 38.4 MB/s
2026-05-20 03:13:07,987 DEBUG   OK (disk op exit 0)
2026-05-20 03:13:07,988 DEBUG [802/1171] VM be099854… (vm-0-260519-100255) via 10.53.34.176 op=update
2026-05-20 03:13:07,988 DEBUG   remote: bash -lc 'set -e; _bs(){ printf '"'"'BULK_SNAP_T %s %s\n'"'"' "$1" "$(date +%s.%N 2>/dev/null || date +%s)"; }; _bs guest_start; _bs pipeline_start; openssl enc -aes-256-ctr -pass pass:"testing" -nosalt < /dev/zero 2>/dev/null | dd of=/root/dummy_snapshot_data_1.img bs=1M count=500 iflag=fullblock conv=notrunc status=progress; ec=$?; _bs pipeline_done; _bs guest_end; exit $ec'
2026-05-20 03:13:07,992 DEBUG   BULK_SNAP_T guest_start 1779214373.050570875
2026-05-20 03:13:07,992 DEBUG   BULK_SNAP_T pipeline_start 1779214373.060775079
2026-05-20 03:13:07,992 DEBUG   BULK_SNAP_T pipeline_done 1779214387.161809972
2026-05-20 03:13:07,992 DEBUG   BULK_SNAP_T guest_end 1779214387.164922627
2026-05-20 03:13:07,992 DEBUG   
2026-05-20 03:13:07,992 DEBUG   49283072 bytes (49 MB) copied, 1.165515 s, 42.3 MB/s
2026-05-20 03:13:07,992 DEBUG   79691776 bytes (80 MB) copied, 2.176105 s, 36.6 MB/s
2026-05-20 03:13:07,992 DEBUG   127926272 bytes (128 MB) copied, 3.177048 s, 40.3 MB/s
2026-05-20 03:13:07,992 DEBUG   160432128 bytes (160 MB) copied, 4.186539 s, 38.3 MB/s
2026-05-20 03:13:07,992 DEBUG   197132288 bytes (197 MB) copied, 5.190162 s, 38.0 MB/s
2026-05-20 03:13:07,992 DEBUG   236978176 bytes (237 MB) copied, 6.193108 s, 38.3 MB/s
2026-05-20 03:13:07,992 DEBUG   277872640 bytes (278 MB) copied, 7.202707 s, 38.6 MB/s
2026-05-20 03:13:07,992 DEBUG   319815680 bytes (320 MB) copied, 8.225629 s, 38.9 MB/s
2026-05-20 03:13:07,992 DEBUG   357564416 bytes (358 MB) copied, 9.252077 s, 38.6 MB/s
2026-05-20 03:13:07,992 DEBUG   386924544 bytes (387 MB) copied, 10.535092 s, 36.7 MB/s
2026-05-20 03:13:07,992 DEBUG   424673280 bytes (425 MB) copied, 11.556187 s, 36.7 MB/s
2026-05-20 03:13:07,992 DEBUG   467664896 bytes (468 MB) copied, 12.561065 s, 37.2 MB/s
2026-05-20 03:13:07,992 DEBUG   508559360 bytes (509 MB) copied, 13.614301 s, 37.4 MB/s
2026-05-20 03:13:07,992 DEBUG   500+0 records in
2026-05-20 03:13:07,992 DEBUG   500+0 records out
2026-05-20 03:13:07,992 DEBUG   524288000 bytes (524 MB) copied, 13.9482 s, 37.6 MB/s
2026-05-20 03:13:07,992 DEBUG   OK (disk op exit 0)
2026-05-20 03:13:07,993 DEBUG [803/1171] VM ed3fc43d… (vm-0-260519-100305) via 10.53.41.14 op=update
2026-05-20 03:13:07,993 DEBUG   remote: bash -lc 'set -e; _bs(){ printf '"'"'BULK_SNAP_T %s %s\n'"'"' "$1" "$(date +%s.%N 2>/dev/null || date +%s)"; }; _bs guest_start; _bs pipeline_start; openssl enc -aes-256-ctr -pass pass:"testing" -nosalt < /dev/zero 2>/dev/null | dd of=/root/dummy_snapshot_data_1.img bs=1M count=500 iflag=fullblock conv=notrunc status=progress; ec=$?; _bs pipeline_done; _bs guest_end; exit $ec'
2026-05-20 03:13:08,478 DEBUG   BULK_SNAP_T guest_start 1779214373.074759073
2026-05-20 03:13:08,479 DEBUG   BULK_SNAP_T pipeline_start 1779214373.113558219
2026-05-20 03:13:08,479 DEBUG   BULK_SNAP_T pipeline_done 1779214387.731520142
2026-05-20 03:13:08,479 DEBUG   BULK_SNAP_T guest_end 1779214387.735539339
2026-05-20 03:13:08,479 DEBUG   
2026-05-20 03:13:08,479 DEBUG   46137344 bytes (46 MB) copied, 1.019515 s, 45.3 MB/s
2026-05-20 03:13:08,479 DEBUG   73400320 bytes (73 MB) copied, 2.024544 s, 36.3 MB/s
2026-05-20 03:13:08,479 DEBUG   115343360 bytes (115 MB) copied, 3.028198 s, 38.1 MB/s
2026-05-20 03:13:08,479 DEBUG   158334976 bytes (158 MB) copied, 4.058560 s, 39.0 MB/s
2026-05-20 03:13:08,479 DEBUG   203423744 bytes (203 MB) copied, 5.065668 s, 40.2 MB/s
2026-05-20 03:13:08,479 DEBUG   248512512 bytes (249 MB) copied, 6.136616 s, 40.5 MB/s
2026-05-20 03:13:08,479 DEBUG   291504128 bytes (292 MB) copied, 7.156456 s, 40.7 MB/s
2026-05-20 03:13:08,479 DEBUG   333447168 bytes (333 MB) copied, 8.166469 s, 40.8 MB/s
2026-05-20 03:13:08,479 DEBUG   370147328 bytes (370 MB) copied, 9.167571 s, 40.4 MB/s
2026-05-20 03:13:08,479 DEBUG   401604608 bytes (402 MB) copied, 10.383573 s, 38.7 MB/s
2026-05-20 03:13:08,479 DEBUG   434110464 bytes (434 MB) copied, 11.385483 s, 38.1 MB/s
2026-05-20 03:13:08,479 DEBUG   470810624 bytes (471 MB) copied, 12.402581 s, 38.0 MB/s
2026-05-20 03:13:08,479 DEBUG   511705088 bytes (512 MB) copied, 13.419485 s, 38.1 MB/s
2026-05-20 03:13:08,479 DEBUG   500+0 records in
2026-05-20 03:13:08,479 DEBUG   500+0 records out
2026-05-20 03:13:08,479 DEBUG   524288000 bytes (524 MB) copied, 13.7518 s, 38.1 MB/s
2026-05-20 03:13:08,479 DEBUG   OK (disk op exit 0)
2026-05-20 03:13:08,480 DEBUG [804/1171] VM 5b69f719… (vm-0-260519-100315) via 10.53.48.172 op=update
2026-05-20 03:13:08,480 DEBUG   remote: bash -lc 'set -e; _bs(){ printf '"'"'BULK_SNAP_T %s %s\n'"'"' "$1" "$(date +%s.%N 2>/dev/null || date +%s)"; }; _bs guest_start; _bs pipeline_start; openssl enc -aes-256-ctr -pass pass:"testing" -nosalt < /dev/zero 2>/dev/null | dd of=/root/dummy_snapshot_data_1.img bs=1M count=500 iflag=fullblock conv=notrunc status=progress; ec=$?; _bs pipeline_done; _bs guest_end; exit $ec'
2026-05-20 03:13:09,469 DEBUG   BULK_SNAP_T guest_start 1779214369.334778514
2026-05-20 03:13:09,469 DEBUG   BULK_SNAP_T pipeline_start 1779214369.358623332
2026-05-20 03:13:09,469 DEBUG   BULK_SNAP_T pipeline_done 1779214385.804195469
2026-05-20 03:13:09,469 DEBUG   BULK_SNAP_T guest_end 1779214385.815061892
2026-05-20 03:13:09,469 DEBUG   
2026-05-20 03:13:09,469 DEBUG   14680064 bytes (15 MB) copied, 1.002090 s, 14.6 MB/s
2026-05-20 03:13:09,469 DEBUG   45088768 bytes (45 MB) copied, 2.017807 s, 22.3 MB/s
2026-05-20 03:13:09,469 DEBUG   84934656 bytes (85 MB) copied, 3.077942 s, 27.6 MB/s
2026-05-20 03:13:09,469 DEBUG   114294784 bytes (114 MB) copied, 4.094958 s, 27.9 MB/s
2026-05-20 03:13:09,469 DEBUG   140509184 bytes (141 MB) copied, 5.099745 s, 27.6 MB/s
2026-05-20 03:13:09,469 DEBUG   161480704 bytes (161 MB) copied, 6.099822 s, 26.5 MB/s
2026-05-20 03:13:09,469 DEBUG   192937984 bytes (193 MB) copied, 7.128779 s, 27.1 MB/s
2026-05-20 03:13:09,469 DEBUG   220200960 bytes (220 MB) copied, 8.189784 s, 26.9 MB/s
2026-05-20 03:13:09,469 DEBUG   253755392 bytes (254 MB) copied, 9.212872 s, 27.5 MB/s
2026-05-20 03:13:09,469 DEBUG   285212672 bytes (285 MB) copied, 10.308720 s, 27.7 MB/s
2026-05-20 03:13:09,469 DEBUG   312475648 bytes (312 MB) copied, 11.322826 s, 27.6 MB/s
2026-05-20 03:13:09,469 DEBUG   367001600 bytes (367 MB) copied, 12.325072 s, 29.8 MB/s
2026-05-20 03:13:09,469 DEBUG   408944640 bytes (409 MB) copied, 13.350928 s, 30.6 MB/s
2026-05-20 03:13:09,469 DEBUG   457179136 bytes (457 MB) copied, 14.352965 s, 31.9 MB/s
2026-05-20 03:13:09,469 DEBUG   507510784 bytes (508 MB) copied, 15.372905 s, 33.0 MB/s
2026-05-20 03:13:09,469 DEBUG   500+0 records in
2026-05-20 03:13:09,469 DEBUG   500+0 records out
2026-05-20 03:13:09,469 DEBUG   524288000 bytes (524 MB) copied, 15.7008 s, 33.4 MB/s
2026-05-20 03:13:09,469 DEBUG   OK (disk op exit 0)
2026-05-20 03:13:09,470 DEBUG [1037/1171] VM 3223efbb… (ahv_ins_delete-0-260514-175858) via 10.114.53.140 op=update
2026-05-20 03:13:09,470 DEBUG   remote: bash -lc 'set -e; _bs(){ printf '"'"'BULK_SNAP_T %s %s\n'"'"' "$1" "$(date +%s.%N 2>/dev/null || date +%s)"; }; _bs guest_start; _bs pipeline_start; openssl enc -aes-256-ctr -pass pass:"testing" -nosalt < /dev/zero 2>/dev/null | dd of=/root/dummy_snapshot_data_1.img bs=1M count=500 iflag=fullblock conv=notrunc status=progress; ec=$?; _bs pipeline_done; _bs guest_end; exit $ec'
2026-05-20 03:13:17,180 DEBUG   BULK_SNAP_T guest_start 1779214381.878259206
2026-05-20 03:13:17,180 DEBUG   BULK_SNAP_T pipeline_start 1779214381.881175109
2026-05-20 03:13:17,180 DEBUG   BULK_SNAP_T pipeline_done 1779214393.362213146
2026-05-20 03:13:17,180 DEBUG   BULK_SNAP_T guest_end 1779214393.375677236
2026-05-20 03:13:17,181 DEBUG   
2026-05-20 03:13:17,181 DEBUG   50331648 bytes (50 MB) copied, 1.021708 s, 49.3 MB/s
2026-05-20 03:13:17,181 DEBUG   104857600 bytes (105 MB) copied, 2.034831 s, 51.5 MB/s
2026-05-20 03:13:17,181 DEBUG   153092096 bytes (153 MB) copied, 3.050456 s, 50.2 MB/s
2026-05-20 03:13:17,181 DEBUG   203423744 bytes (203 MB) copied, 4.051391 s, 50.2 MB/s
2026-05-20 03:13:17,181 DEBUG   254803968 bytes (255 MB) copied, 5.065392 s, 50.3 MB/s
2026-05-20 03:13:17,181 DEBUG   306184192 bytes (306 MB) copied, 6.072403 s, 50.4 MB/s
2026-05-20 03:13:17,181 DEBUG   350224384 bytes (350 MB) copied, 7.083361 s, 49.4 MB/s
2026-05-20 03:13:17,181 DEBUG   395313152 bytes (395 MB) copied, 8.088068 s, 48.9 MB/s
2026-05-20 03:13:17,181 DEBUG   436207616 bytes (436 MB) copied, 9.106088 s, 47.9 MB/s
2026-05-20 03:13:17,181 DEBUG   476053504 bytes (476 MB) copied, 10.112114 s, 47.1 MB/s
2026-05-20 03:13:17,181 DEBUG   515899392 bytes (516 MB) copied, 11.113024 s, 46.4 MB/s
2026-05-20 03:13:17,181 DEBUG   500+0 records in
2026-05-20 03:13:17,181 DEBUG   500+0 records out
2026-05-20 03:13:17,181 DEBUG   524288000 bytes (524 MB) copied, 11.3546 s, 46.2 MB/s
2026-05-20 03:13:17,181 DEBUG   OK (disk op exit 0)
2026-05-20 03:13:17,181 DEBUG [1038/1171] VM 4cd6b858… (ahv_ins_delete-0-260514-180340) via 10.114.52.229 op=update
2026-05-20 03:13:17,181 DEBUG   remote: bash -lc 'set -e; _bs(){ printf '"'"'BULK_SNAP_T %s %s\n'"'"' "$1" "$(date +%s.%N 2>/dev/null || date +%s)"; }; _bs guest_start; _bs pipeline_start; openssl enc -aes-256-ctr -pass pass:"testing" -nosalt < /dev/zero 2>/dev/null | dd of=/root/dummy_snapshot_data_1.img bs=1M count=500 iflag=fullblock conv=notrunc status=progress; ec=$?; _bs pipeline_done; _bs guest_end; exit $ec'
2026-05-20 03:13:17,712 DEBUG   BULK_SNAP_T guest_start 1779214382.058539516
2026-05-20 03:13:17,712 DEBUG   BULK_SNAP_T pipeline_start 1779214382.062961403
2026-05-20 03:13:17,712 DEBUG   BULK_SNAP_T pipeline_done 1779214393.489009277
2026-05-20 03:13:17,712 DEBUG   BULK_SNAP_T guest_end 1779214393.502645176
2026-05-20 03:13:17,712 DEBUG   
2026-05-20 03:13:17,712 DEBUG   39845888 bytes (40 MB) copied, 1.019322 s, 39.1 MB/s
2026-05-20 03:13:17,712 DEBUG   92274688 bytes (92 MB) copied, 2.031167 s, 45.4 MB/s
2026-05-20 03:13:17,712 DEBUG   139460608 bytes (139 MB) copied, 3.115041 s, 44.8 MB/s
2026-05-20 03:13:17,712 DEBUG   181403648 bytes (181 MB) copied, 4.115474 s, 44.1 MB/s
2026-05-20 03:13:17,712 DEBUG   246415360 bytes (246 MB) copied, 5.161801 s, 47.7 MB/s
2026-05-20 03:13:17,712 DEBUG   296747008 bytes (297 MB) copied, 6.175108 s, 48.1 MB/s
2026-05-20 03:13:17,712 DEBUG   348127232 bytes (348 MB) copied, 7.180015 s, 48.5 MB/s
2026-05-20 03:13:17,712 DEBUG   397410304 bytes (397 MB) copied, 8.190765 s, 48.5 MB/s
2026-05-20 03:13:17,712 DEBUG   438304768 bytes (438 MB) copied, 9.205850 s, 47.6 MB/s
2026-05-20 03:13:17,712 DEBUG   480247808 bytes (480 MB) copied, 10.251927 s, 46.8 MB/s
2026-05-20 03:13:17,712 DEBUG   524288000 bytes (524 MB) copied, 11.272912 s, 46.5 MB/s
2026-05-20 03:13:17,713 DEBUG   500+0 records in
2026-05-20 03:13:17,713 DEBUG   500+0 records out
2026-05-20 03:13:17,713 DEBUG   524288000 bytes (524 MB) copied, 11.273 s, 46.5 MB/s
2026-05-20 03:13:17,713 DEBUG   OK (disk op exit 0)
2026-05-20 03:13:17,713 DEBUG [1039/1171] VM f77809f7… (ahv_ins_delete-0-260514-180351) via 10.114.51.32 op=update
2026-05-20 03:13:17,713 DEBUG   remote: bash -lc 'set -e; _bs(){ printf '"'"'BULK_SNAP_T %s %s\n'"'"' "$1" "$(date +%s.%N 2>/dev/null || date +%s)"; }; _bs guest_start; _bs pipeline_start; openssl enc -aes-256-ctr -pass pass:"testing" -nosalt < /dev/zero 2>/dev/null | dd of=/root/dummy_snapshot_data_1.img bs=1M count=500 iflag=fullblock conv=notrunc status=progress; ec=$?; _bs pipeline_done; _bs guest_end; exit $ec'
2026-05-20 03:13:18,727 DEBUG   BULK_SNAP_T guest_start 1779214381.617672673
2026-05-20 03:13:18,727 DEBUG   BULK_SNAP_T pipeline_start 1779214381.620716783
2026-05-20 03:13:18,727 DEBUG   BULK_SNAP_T pipeline_done 1779214394.372760615
2026-05-20 03:13:18,727 DEBUG   BULK_SNAP_T guest_end 1779214394.377968580
2026-05-20 03:13:18,727 DEBUG   
2026-05-20 03:13:18,727 DEBUG   42991616 bytes (43 MB) copied, 1.024524 s, 42.0 MB/s
2026-05-20 03:13:18,727 DEBUG   90177536 bytes (90 MB) copied, 2.024590 s, 44.5 MB/s
2026-05-20 03:13:18,727 DEBUG   135266304 bytes (135 MB) copied, 3.064475 s, 44.1 MB/s
2026-05-20 03:13:18,727 DEBUG   177209344 bytes (177 MB) copied, 4.078780 s, 43.4 MB/s
2026-05-20 03:13:18,727 DEBUG   226492416 bytes (226 MB) copied, 5.107527 s, 44.3 MB/s
2026-05-20 03:13:18,727 DEBUG   271581184 bytes (272 MB) copied, 6.109683 s, 44.5 MB/s
2026-05-20 03:13:18,727 DEBUG   316669952 bytes (317 MB) copied, 7.156545 s, 44.2 MB/s
2026-05-20 03:13:18,728 DEBUG   354418688 bytes (354 MB) copied, 8.164482 s, 43.4 MB/s
2026-05-20 03:13:18,728 DEBUG   395313152 bytes (395 MB) copied, 9.172899 s, 43.1 MB/s
2026-05-20 03:13:18,728 DEBUG   427819008 bytes (428 MB) copied, 10.182632 s, 42.0 MB/s
2026-05-20 03:13:18,728 DEBUG   463470592 bytes (463 MB) copied, 11.205513 s, 41.4 MB/s
2026-05-20 03:13:18,728 DEBUG   505413632 bytes (505 MB) copied, 12.217279 s, 41.4 MB/s
2026-05-20 03:13:18,728 DEBUG   500+0 records in
2026-05-20 03:13:18,728 DEBUG   500+0 records out
2026-05-20 03:13:18,728 DEBUG   524288000 bytes (524 MB) copied, 12.6598 s, 41.4 MB/s
2026-05-20 03:13:18,728 DEBUG   OK (disk op exit 0)
2026-05-20 03:13:18,728 DEBUG [1040/1171] VM 007b3889… (ahv_ins_delete-0-260514-180402) via 10.114.49.225 op=update
2026-05-20 03:13:18,728 DEBUG   remote: bash -lc 'set -e; _bs(){ printf '"'"'BULK_SNAP_T %s %s\n'"'"' "$1" "$(date +%s.%N 2>/dev/null || date +%s)"; }; _bs guest_start; _bs pipeline_start; openssl enc -aes-256-ctr -pass pass:"testing" -nosalt < /dev/zero 2>/dev/null | dd of=/root/dummy_snapshot_data_1.img bs=1M count=500 iflag=fullblock conv=notrunc status=progress; ec=$?; _bs pipeline_done; _bs guest_end; exit $ec'
2026-05-20 03:13:18,954 DEBUG   BULK_SNAP_T guest_start 1779214381.612653864
2026-05-20 03:13:18,954 DEBUG   BULK_SNAP_T pipeline_start 1779214381.617287217
2026-05-20 03:13:18,954 DEBUG   BULK_SNAP_T pipeline_done 1779214394.751257431
2026-05-20 03:13:18,954 DEBUG   BULK_SNAP_T guest_end 1779214394.753723892
2026-05-20 03:13:18,954 DEBUG   
2026-05-20 03:13:18,954 DEBUG   41943040 bytes (42 MB) copied, 1.006838 s, 41.7 MB/s
2026-05-20 03:13:18,954 DEBUG   87031808 bytes (87 MB) copied, 2.043236 s, 42.6 MB/s
2026-05-20 03:13:18,954 DEBUG   131072000 bytes (131 MB) copied, 3.051812 s, 42.9 MB/s
2026-05-20 03:13:18,954 DEBUG   175112192 bytes (175 MB) copied, 4.064024 s, 43.1 MB/s
2026-05-20 03:13:18,954 DEBUG   217055232 bytes (217 MB) copied, 5.098048 s, 42.6 MB/s
2026-05-20 03:13:18,954 DEBUG   267386880 bytes (267 MB) copied, 6.100688 s, 43.8 MB/s
2026-05-20 03:13:18,954 DEBUG   309329920 bytes (309 MB) copied, 7.106638 s, 43.5 MB/s
2026-05-20 03:13:18,954 DEBUG   327155712 bytes (327 MB) copied, 8.123703 s, 40.3 MB/s
2026-05-20 03:13:18,954 DEBUG   372244480 bytes (372 MB) copied, 9.128869 s, 40.8 MB/s
2026-05-20 03:13:18,955 DEBUG   405798912 bytes (406 MB) copied, 10.174604 s, 39.9 MB/s
2026-05-20 03:13:18,955 DEBUG   443547648 bytes (444 MB) copied, 11.186625 s, 39.6 MB/s
2026-05-20 03:13:18,955 DEBUG   481296384 bytes (481 MB) copied, 12.196632 s, 39.5 MB/s
2026-05-20 03:13:18,955 DEBUG   500+0 records in
2026-05-20 03:13:18,955 DEBUG   500+0 records out
2026-05-20 03:13:18,955 DEBUG   524288000 bytes (524 MB) copied, 12.982 s, 40.4 MB/s
2026-05-20 03:13:18,955 DEBUG   OK (disk op exit 0)
2026-05-20 03:13:18,955 DEBUG [1041/1171] VM 5b852f31… (ahv_ins_delete-0-260514-180417) via 10.114.48.38 op=update
2026-05-20 03:13:18,955 DEBUG   remote: bash -lc 'set -e; _bs(){ printf '"'"'BULK_SNAP_T %s %s\n'"'"' "$1" "$(date +%s.%N 2>/dev/null || date +%s)"; }; _bs guest_start; _bs pipeline_start; openssl enc -aes-256-ctr -pass pass:"testing" -nosalt < /dev/zero 2>/dev/null | dd of=/root/dummy_snapshot_data_1.img bs=1M count=500 iflag=fullblock conv=notrunc status=progress; ec=$?; _bs pipeline_done; _bs guest_end; exit $ec'
2026-05-20 03:13:19,191 DEBUG   BULK_SNAP_T guest_start 1779214383.690729027
2026-05-20 03:13:19,191 DEBUG   BULK_SNAP_T pipeline_start 1779214383.693346962
2026-05-20 03:13:19,191 DEBUG   BULK_SNAP_T pipeline_done 1779214395.209648031
2026-05-20 03:13:19,191 DEBUG   BULK_SNAP_T guest_end 1779214395.217696309
2026-05-20 03:13:19,191 DEBUG   
2026-05-20 03:13:19,191 DEBUG   39845888 bytes (40 MB) copied, 1.036740 s, 38.4 MB/s
2026-05-20 03:13:19,191 DEBUG   83886080 bytes (84 MB) copied, 2.062667 s, 40.7 MB/s
2026-05-20 03:13:19,191 DEBUG   135266304 bytes (135 MB) copied, 3.068589 s, 44.1 MB/s
2026-05-20 03:13:19,191 DEBUG   171966464 bytes (172 MB) copied, 4.098494 s, 42.0 MB/s
2026-05-20 03:13:19,191 DEBUG   224395264 bytes (224 MB) copied, 5.157296 s, 43.5 MB/s
2026-05-20 03:13:19,191 DEBUG   279969792 bytes (280 MB) copied, 6.178397 s, 45.3 MB/s
2026-05-20 03:13:19,191 DEBUG   328204288 bytes (328 MB) copied, 7.183434 s, 45.7 MB/s
2026-05-20 03:13:19,192 DEBUG   372244480 bytes (372 MB) copied, 8.201403 s, 45.4 MB/s
2026-05-20 03:13:19,192 DEBUG   415236096 bytes (415 MB) copied, 9.209558 s, 45.1 MB/s
2026-05-20 03:13:19,192 DEBUG   454033408 bytes (454 MB) copied, 10.213754 s, 44.5 MB/s
2026-05-20 03:13:19,192 DEBUG   511705088 bytes (512 MB) copied, 11.215356 s, 45.6 MB/s
2026-05-20 03:13:19,192 DEBUG   500+0 records in
2026-05-20 03:13:19,192 DEBUG   500+0 records out
2026-05-20 03:13:19,192 DEBUG   524288000 bytes (524 MB) copied, 11.4222 s, 45.9 MB/s
2026-05-20 03:13:19,192 DEBUG   OK (disk op exit 0)
2026-05-20 03:13:19,192 DEBUG [1042/1171] VM b5265114… (ahv_ins_delete-0-260514-180434) via 10.114.53.241 op=update
2026-05-20 03:13:19,192 DEBUG   remote: bash -lc 'set -e; _bs(){ printf '"'"'BULK_SNAP_T %s %s\n'"'"' "$1" "$(date +%s.%N 2>/dev/null || date +%s)"; }; _bs guest_start; _bs pipeline_start; openssl enc -aes-256-ctr -pass pass:"testing" -nosalt < /dev/zero 2>/dev/null | dd of=/root/dummy_snapshot_data_1.img bs=1M count=500 iflag=fullblock conv=notrunc status=progress; ec=$?; _bs pipeline_done; _bs guest_end; exit $ec'
2026-05-20 03:13:19,476 DEBUG   BULK_SNAP_T guest_start 1779214383.607195445
2026-05-20 03:13:19,477 DEBUG   BULK_SNAP_T pipeline_start 1779214383.613450129
2026-05-20 03:13:19,477 DEBUG   BULK_SNAP_T pipeline_done 1779214395.493551187
2026-05-20 03:13:19,477 DEBUG   BULK_SNAP_T guest_end 1779214395.495549121
2026-05-20 03:13:19,477 DEBUG   
2026-05-20 03:13:19,477 DEBUG   36700160 bytes (37 MB) copied, 1.003711 s, 36.6 MB/s
2026-05-20 03:13:19,477 DEBUG   88080384 bytes (88 MB) copied, 2.018141 s, 43.6 MB/s
2026-05-20 03:13:19,477 DEBUG   132120576 bytes (132 MB) copied, 3.023190 s, 43.7 MB/s
2026-05-20 03:13:19,477 DEBUG   168820736 bytes (169 MB) copied, 4.035042 s, 41.8 MB/s
2026-05-20 03:13:19,477 DEBUG   213909504 bytes (214 MB) copied, 5.061868 s, 42.3 MB/s
2026-05-20 03:13:19,477 DEBUG   261095424 bytes (261 MB) copied, 6.081776 s, 42.9 MB/s
2026-05-20 03:13:19,477 DEBUG   306184192 bytes (306 MB) copied, 7.092017 s, 43.2 MB/s
2026-05-20 03:13:19,477 DEBUG   352321536 bytes (352 MB) copied, 8.121708 s, 43.4 MB/s
2026-05-20 03:13:19,477 DEBUG   391118848 bytes (391 MB) copied, 9.133728 s, 42.8 MB/s
2026-05-20 03:13:19,477 DEBUG   430964736 bytes (431 MB) copied, 10.159798 s, 42.4 MB/s
2026-05-20 03:13:19,477 DEBUG   484442112 bytes (484 MB) copied, 11.161680 s, 43.4 MB/s
2026-05-20 03:13:19,477 DEBUG   500+0 records in
2026-05-20 03:13:19,477 DEBUG   500+0 records out
2026-05-20 03:13:19,477 DEBUG   524288000 bytes (524 MB) copied, 11.8112 s, 44.4 MB/s
2026-05-20 03:13:19,477 DEBUG   OK (disk op exit 0)
2026-05-20 03:13:19,478 DEBUG [1043/1171] VM bc32a09d… (ahv_ins_delete-0-260514-180859) via 10.114.51.148 op=update
2026-05-20 03:13:19,478 DEBUG   remote: bash -lc 'set -e; _bs(){ printf '"'"'BULK_SNAP_T %s %s\n'"'"' "$1" "$(date +%s.%N 2>/dev/null || date +%s)"; }; _bs guest_start; _bs pipeline_start; openssl enc -aes-256-ctr -pass pass:"testing" -nosalt < /dev/zero 2>/dev/null | dd of=/root/dummy_snapshot_data_1.img bs=1M count=500 iflag=fullblock conv=notrunc status=progress; ec=$?; _bs pipeline_done; _bs guest_end; exit $ec'
2026-05-20 03:13:19,921 DEBUG   BULK_SNAP_T guest_start 1779214382.045378290
2026-05-20 03:13:19,921 DEBUG   BULK_SNAP_T pipeline_start 1779214382.052015157
2026-05-20 03:13:19,921 DEBUG   BULK_SNAP_T pipeline_done 1779214395.929055621
2026-05-20 03:13:19,921 DEBUG   BULK_SNAP_T guest_end 1779214395.934283508
2026-05-20 03:13:19,921 DEBUG   
2026-05-20 03:13:19,921 DEBUG   28311552 bytes (28 MB) copied, 1.013716 s, 27.9 MB/s
2026-05-20 03:13:19,921 DEBUG   78643200 bytes (79 MB) copied, 2.056819 s, 38.2 MB/s
2026-05-20 03:13:19,921 DEBUG   120586240 bytes (121 MB) copied, 3.066988 s, 39.3 MB/s
2026-05-20 03:13:19,921 DEBUG   152043520 bytes (152 MB) copied, 4.086777 s, 37.2 MB/s
2026-05-20 03:13:19,921 DEBUG   191889408 bytes (192 MB) copied, 5.144846 s, 37.3 MB/s
2026-05-20 03:13:19,921 DEBUG   224395264 bytes (224 MB) copied, 6.148356 s, 36.5 MB/s
2026-05-20 03:13:19,921 DEBUG   265289728 bytes (265 MB) copied, 7.212739 s, 36.8 MB/s
2026-05-20 03:13:19,921 DEBUG   298844160 bytes (299 MB) copied, 8.260885 s, 36.2 MB/s
2026-05-20 03:13:19,921 DEBUG   332398592 bytes (332 MB) copied, 9.275668 s, 35.8 MB/s
2026-05-20 03:13:19,921 DEBUG   362807296 bytes (363 MB) copied, 10.283683 s, 35.3 MB/s
2026-05-20 03:13:19,921 DEBUG   396361728 bytes (396 MB) copied, 11.318851 s, 35.0 MB/s
2026-05-20 03:13:19,921 DEBUG   437256192 bytes (437 MB) copied, 12.319912 s, 35.5 MB/s
2026-05-20 03:13:19,921 DEBUG   488636416 bytes (489 MB) copied, 13.328954 s, 36.7 MB/s
2026-05-20 03:13:19,921 DEBUG   500+0 records in
2026-05-20 03:13:19,921 DEBUG   500+0 records out
2026-05-20 03:13:19,922 DEBUG   524288000 bytes (524 MB) copied, 13.8111 s, 38.0 MB/s
2026-05-20 03:13:19,922 DEBUG   OK (disk op exit 0)
2026-05-20 03:13:19,922 DEBUG [1044/1171] VM be99e82f… (ahv_ins_delete-0-260514-180903) via 10.114.50.29 op=update
2026-05-20 03:13:19,922 DEBUG   remote: bash -lc 'set -e; _bs(){ printf '"'"'BULK_SNAP_T %s %s\n'"'"' "$1" "$(date +%s.%N 2>/dev/null || date +%s)"; }; _bs guest_start; _bs pipeline_start; openssl enc -aes-256-ctr -pass pass:"testing" -nosalt < /dev/zero 2>/dev/null | dd of=/root/dummy_snapshot_data_1.img bs=1M count=500 iflag=fullblock conv=notrunc status=progress; ec=$?; _bs pipeline_done; _bs guest_end; exit $ec'
2026-05-20 03:13:21,717 DEBUG   BULK_SNAP_T guest_start 1779214385.702473266
2026-05-20 03:13:21,717 DEBUG   BULK_SNAP_T pipeline_start 1779214385.708445439
2026-05-20 03:13:21,718 DEBUG   BULK_SNAP_T pipeline_done 1779214398.610406147
2026-05-20 03:13:21,718 DEBUG   BULK_SNAP_T guest_end 1779214398.615381288
2026-05-20 03:13:21,718 DEBUG   
2026-05-20 03:13:21,718 DEBUG   34603008 bytes (35 MB) copied, 1.037982 s, 33.3 MB/s
2026-05-20 03:13:21,718 DEBUG   73400320 bytes (73 MB) copied, 2.046052 s, 35.9 MB/s
2026-05-20 03:13:21,718 DEBUG   109051904 bytes (109 MB) copied, 3.057945 s, 35.7 MB/s
2026-05-20 03:13:21,718 DEBUG   140509184 bytes (141 MB) copied, 4.105988 s, 34.2 MB/s
2026-05-20 03:13:21,718 DEBUG   176160768 bytes (176 MB) copied, 5.116411 s, 34.4 MB/s
2026-05-20 03:13:21,718 DEBUG   213909504 bytes (214 MB) copied, 6.154954 s, 34.8 MB/s
2026-05-20 03:13:21,718 DEBUG   251658240 bytes (252 MB) copied, 7.230209 s, 34.8 MB/s
2026-05-20 03:13:21,718 DEBUG   289406976 bytes (289 MB) copied, 8.262925 s, 35.0 MB/s
2026-05-20 03:13:21,718 DEBUG   331350016 bytes (331 MB) copied, 9.272546 s, 35.7 MB/s
2026-05-20 03:13:21,718 DEBUG   382730240 bytes (383 MB) copied, 10.287010 s, 37.2 MB/s
2026-05-20 03:13:21,718 DEBUG   446693376 bytes (447 MB) copied, 11.294020 s, 39.6 MB/s
2026-05-20 03:13:21,718 DEBUG   503316480 bytes (503 MB) copied, 12.300924 s, 40.9 MB/s
2026-05-20 03:13:21,718 DEBUG   500+0 records in
2026-05-20 03:13:21,718 DEBUG   500+0 records out
2026-05-20 03:13:21,718 DEBUG   524288000 bytes (524 MB) copied, 12.7942 s, 41.0 MB/s
2026-05-20 03:13:21,718 DEBUG   OK (disk op exit 0)
2026-05-20 03:13:21,718 DEBUG [1045/1171] VM c659e01d… (ahv_ins_delete-0-260514-180908) via 10.114.51.50 op=update
2026-05-20 03:13:21,719 DEBUG   remote: bash -lc 'set -e; _bs(){ printf '"'"'BULK_SNAP_T %s %s\n'"'"' "$1" "$(date +%s.%N 2>/dev/null || date +%s)"; }; _bs guest_start; _bs pipeline_start; openssl enc -aes-256-ctr -pass pass:"testing" -nosalt < /dev/zero 2>/dev/null | dd of=/root/dummy_snapshot_data_1.img bs=1M count=500 iflag=fullblock conv=notrunc status=progress; ec=$?; _bs pipeline_done; _bs guest_end; exit $ec'
2026-05-20 03:13:21,903 DEBUG   ssh: connect to host 10.114.121.79 port 22: Connection timed out
2026-05-20 03:13:21,903 ERROR Guest disk op failed ec=255 vm=ahv_ins_delete-0-260518-101033 ip=10.114.121.79 — ssh: connect to host 10.114.121.79 port 22: Connection timed out
2026-05-20 03:13:21,903 WARNING Guest disk op wall 30.0s (vm='ahv_ins_delete-0-260518-101033' ip=10.114.121.79 op=update ec=255) — includes SSH + guest disk command; if still high, check guest disk throughput vs. MiB settings.
2026-05-20 03:13:21,904 DEBUG [11/1171] VM 21f4259e… (ahv_ins_delete-0-260518-170130) via 10.114.113.182 op=update
2026-05-20 03:13:21,904 DEBUG   remote: bash -lc 'set -e; _bs(){ printf '"'"'BULK_SNAP_T %s %s\n'"'"' "$1" "$(date +%s.%N 2>/dev/null || date +%s)"; }; _bs guest_start; _bs pipeline_start; openssl enc -aes-256-ctr -pass pass:"testing" -nosalt < /dev/zero 2>/dev/null | dd of=/root/dummy_snapshot_data_1.img bs=1M count=500 iflag=fullblock conv=notrunc status=progress; ec=$?; _bs pipeline_done; _bs guest_end; exit $ec'
2026-05-20 03:13:21,978 DEBUG   BULK_SNAP_T guest_start 1779214385.763492985
2026-05-20 03:13:21,978 DEBUG   BULK_SNAP_T pipeline_start 1779214385.776795955
2026-05-20 03:13:21,978 DEBUG   BULK_SNAP_T pipeline_done 1779214398.470793589
2026-05-20 03:13:21,978 DEBUG   BULK_SNAP_T guest_end 1779214398.472560195
2026-05-20 03:13:21,978 DEBUG   
2026-05-20 03:13:21,978 DEBUG   34603008 bytes (35 MB) copied, 1.006681 s, 34.4 MB/s
2026-05-20 03:13:21,978 DEBUG   73400320 bytes (73 MB) copied, 2.028241 s, 36.2 MB/s
2026-05-20 03:13:21,978 DEBUG   114294784 bytes (114 MB) copied, 3.073515 s, 37.2 MB/s
2026-05-20 03:13:21,978 DEBUG   155189248 bytes (155 MB) copied, 4.085283 s, 38.0 MB/s
2026-05-20 03:13:21,978 DEBUG   196083712 bytes (196 MB) copied, 5.113368 s, 38.3 MB/s
2026-05-20 03:13:21,978 DEBUG   224395264 bytes (224 MB) copied, 6.149233 s, 36.5 MB/s
2026-05-20 03:13:21,978 DEBUG   262144000 bytes (262 MB) copied, 7.176232 s, 36.5 MB/s
2026-05-20 03:13:21,978 DEBUG   297795584 bytes (298 MB) copied, 8.233495 s, 36.2 MB/s
2026-05-20 03:13:21,978 DEBUG   336592896 bytes (337 MB) copied, 9.251265 s, 36.4 MB/s
2026-05-20 03:13:21,978 DEBUG   385875968 bytes (386 MB) copied, 10.275678 s, 37.6 MB/s
2026-05-20 03:13:21,978 DEBUG   458227712 bytes (458 MB) copied, 11.297322 s, 40.6 MB/s
2026-05-20 03:13:21,978 DEBUG   508559360 bytes (509 MB) copied, 12.297595 s, 41.4 MB/s
2026-05-20 03:13:21,978 DEBUG   500+0 records in
2026-05-20 03:13:21,978 DEBUG   500+0 records out
2026-05-20 03:13:21,978 DEBUG   524288000 bytes (524 MB) copied, 12.6007 s, 41.6 MB/s
2026-05-20 03:13:21,978 DEBUG   OK (disk op exit 0)
2026-05-20 03:13:21,979 DEBUG [1046/1171] VM d6c02f9a… (ahv_ins_delete-0-260514-180913) via 10.114.50.202 op=update
2026-05-20 03:13:21,979 DEBUG   remote: bash -lc 'set -e; _bs(){ printf '"'"'BULK_SNAP_T %s %s\n'"'"' "$1" "$(date +%s.%N 2>/dev/null || date +%s)"; }; _bs guest_start; _bs pipeline_start; openssl enc -aes-256-ctr -pass pass:"testing" -nosalt < /dev/zero 2>/dev/null | dd of=/root/dummy_snapshot_data_1.img bs=1M count=500 iflag=fullblock conv=notrunc status=progress; ec=$?; _bs pipeline_done; _bs guest_end; exit $ec'
2026-05-20 03:13:22,153 DEBUG   ssh: connect to host 10.114.121.72 port 22: Connection timed out
2026-05-20 03:13:22,153 ERROR Guest disk op failed ec=255 vm=ahv_ins_delete-0-260518-084651 ip=10.114.121.72 — ssh: connect to host 10.114.121.72 port 22: Connection timed out
2026-05-20 03:13:22,153 WARNING Guest disk op wall 30.3s (vm='ahv_ins_delete-0-260518-084651' ip=10.114.121.72 op=update ec=255) — includes SSH + guest disk command; if still high, check guest disk throughput vs. MiB settings.
2026-05-20 03:13:22,154 DEBUG [12/1171] VM c7970cf3… (ahv_ins_delete-0-260518-170231) via 10.114.113.179 op=update
2026-05-20 03:13:22,154 DEBUG   remote: bash -lc 'set -e; _bs(){ printf '"'"'BULK_SNAP_T %s %s\n'"'"' "$1" "$(date +%s.%N 2>/dev/null || date +%s)"; }; _bs guest_start; _bs pipeline_start; openssl enc -aes-256-ctr -pass pass:"testing" -nosalt < /dev/zero 2>/dev/null | dd of=/root/dummy_snapshot_data_1.img bs=1M count=500 iflag=fullblock conv=notrunc status=progress; ec=$?; _bs pipeline_done; _bs guest_end; exit $ec'
2026-05-20 03:13:22,157 DEBUG   ssh: connect to host 10.114.121.78 port 22: Connection timed out
2026-05-20 03:13:22,157 ERROR Guest disk op failed ec=255 vm=ahv_ins_delete-0-260518-101228 ip=10.114.121.78 — ssh: connect to host 10.114.121.78 port 22: Connection timed out
2026-05-20 03:13:22,157 WARNING Guest disk op wall 30.3s (vm='ahv_ins_delete-0-260518-101228' ip=10.114.121.78 op=update ec=255) — includes SSH + guest disk command; if still high, check guest disk throughput vs. MiB settings.
2026-05-20 03:13:22,158 DEBUG [13/1171] VM 9f8824bf… (ahv_ins_delete-0-260518-170232) via 10.114.121.49 op=update
2026-05-20 03:13:22,158 DEBUG   remote: bash -lc 'set -e; _bs(){ printf '"'"'BULK_SNAP_T %s %s\n'"'"' "$1" "$(date +%s.%N 2>/dev/null || date +%s)"; }; _bs guest_start; _bs pipeline_start; openssl enc -aes-256-ctr -pass pass:"testing" -nosalt < /dev/zero 2>/dev/null | dd of=/root/dummy_snapshot_data_1.img bs=1M count=500 iflag=fullblock conv=notrunc status=progress; ec=$?; _bs pipeline_done; _bs guest_end; exit $ec'
2026-05-20 03:13:22,169 DEBUG   ssh: connect to host 10.114.113.202 port 22: Connection timed out
2026-05-20 03:13:22,169 ERROR Guest disk op failed ec=255 vm=ahv_ins_delete-0-260518-165450 ip=10.114.113.202 — ssh: connect to host 10.114.113.202 port 22: Connection timed out
2026-05-20 03:13:22,169 WARNING Guest disk op wall 30.3s (vm='ahv_ins_delete-0-260518-165450' ip=10.114.113.202 op=update ec=255) — includes SSH + guest disk command; if still high, check guest disk throughput vs. MiB settings.
2026-05-20 03:13:22,170 DEBUG [14/1171] VM c06c9922… (ahv_ins_delete-0-260518-170657) via 10.114.113.189 op=update
2026-05-20 03:13:22,170 DEBUG   remote: bash -lc 'set -e; _bs(){ printf '"'"'BULK_SNAP_T %s %s\n'"'"' "$1" "$(date +%s.%N 2>/dev/null || date +%s)"; }; _bs guest_start; _bs pipeline_start; openssl enc -aes-256-ctr -pass pass:"testing" -nosalt < /dev/zero 2>/dev/null | dd of=/root/dummy_snapshot_data_1.img bs=1M count=500 iflag=fullblock conv=notrunc status=progress; ec=$?; _bs pipeline_done; _bs guest_end; exit $ec'
2026-05-20 03:13:22,170 DEBUG   ssh: connect to host 10.114.113.181 port 22: Connection timed out
2026-05-20 03:13:22,171 ERROR Guest disk op failed ec=255 vm=ahv_ins_delete-0-260518-165456 ip=10.114.113.181 — ssh: connect to host 10.114.113.181 port 22: Connection timed out
2026-05-20 03:13:22,171 WARNING Guest disk op wall 30.3s (vm='ahv_ins_delete-0-260518-165456' ip=10.114.113.181 op=update ec=255) — includes SSH + guest disk command; if still high, check guest disk throughput vs. MiB settings.
2026-05-20 03:13:22,171 DEBUG [15/1171] VM 6b80ce27… (ahv_ins_delete-0-260518-170704) via 10.114.113.178 op=update
2026-05-20 03:13:22,171 DEBUG   remote: bash -lc 'set -e; _bs(){ printf '"'"'BULK_SNAP_T %s %s\n'"'"' "$1" "$(date +%s.%N 2>/dev/null || date +%s)"; }; _bs guest_start; _bs pipeline_start; openssl enc -aes-256-ctr -pass pass:"testing" -nosalt < /dev/zero 2>/dev/null | dd of=/root/dummy_snapshot_data_1.img bs=1M count=500 iflag=fullblock conv=notrunc status=progress; ec=$?; _bs pipeline_done; _bs guest_end; exit $ec'
2026-05-20 03:13:22,176 DEBUG   ssh: connect to host 10.114.113.177 port 22: Connection timed out
2026-05-20 03:13:22,176 ERROR Guest disk op failed ec=255 vm=ahv_ins_delete-0-260518-170125 ip=10.114.113.177 — ssh: connect to host 10.114.113.177 port 22: Connection timed out
2026-05-20 03:13:22,176 WARNING Guest disk op wall 30.3s (vm='ahv_ins_delete-0-260518-170125' ip=10.114.113.177 op=update ec=255) — includes SSH + guest disk command; if still high, check guest disk throughput vs. MiB settings.
2026-05-20 03:13:22,177 DEBUG [16/1171] VM c2f529fc… (ahv_ins_delete-0-260518-170801) via 10.114.121.60 op=update
2026-05-20 03:13:22,177 DEBUG   remote: bash -lc 'set -e; _bs(){ printf '"'"'BULK_SNAP_T %s %s\n'"'"' "$1" "$(date +%s.%N 2>/dev/null || date +%s)"; }; _bs guest_start; _bs pipeline_start; openssl enc -aes-256-ctr -pass pass:"testing" -nosalt < /dev/zero 2>/dev/null | dd of=/root/dummy_snapshot_data_1.img bs=1M count=500 iflag=fullblock conv=notrunc status=progress; ec=$?; _bs pipeline_done; _bs guest_end; exit $ec'
2026-05-20 03:13:22,183 DEBUG   ssh: connect to host 10.114.121.52 port 22: Connection timed out
2026-05-20 03:13:22,183 ERROR Guest disk op failed ec=255 vm=ahv_ins_delete-0-260518-165512 ip=10.114.121.52 — ssh: connect to host 10.114.121.52 port 22: Connection timed out
2026-05-20 03:13:22,184 WARNING Guest disk op wall 30.3s (vm='ahv_ins_delete-0-260518-165512' ip=10.114.121.52 op=update ec=255) — includes SSH + guest disk command; if still high, check guest disk throughput vs. MiB settings.
2026-05-20 03:13:22,184 DEBUG [17/1171] VM fd4bf185… (ahv_ins_delete-0-260518-170802) via 10.114.113.188 op=update
2026-05-20 03:13:22,184 DEBUG   remote: bash -lc 'set -e; _bs(){ printf '"'"'BULK_SNAP_T %s %s\n'"'"' "$1" "$(date +%s.%N 2>/dev/null || date +%s)"; }; _bs guest_start; _bs pipeline_start; openssl enc -aes-256-ctr -pass pass:"testing" -nosalt < /dev/zero 2>/dev/null | dd of=/root/dummy_snapshot_data_1.img bs=1M count=500 iflag=fullblock conv=notrunc status=progress; ec=$?; _bs pipeline_done; _bs guest_end; exit $ec'
2026-05-20 03:13:22,188 DEBUG   ssh: connect to host 10.114.121.53 port 22: Connection timed out
2026-05-20 03:13:22,188 ERROR Guest disk op failed ec=255 vm=ahv_ins_delete-0-260518-165511 ip=10.114.121.53 — ssh: connect to host 10.114.121.53 port 22: Connection timed out
2026-05-20 03:13:22,188 WARNING Guest disk op wall 30.3s (vm='ahv_ins_delete-0-260518-165511' ip=10.114.121.53 op=update ec=255) — includes SSH + guest disk command; if still high, check guest disk throughput vs. MiB settings.
2026-05-20 03:13:22,189 DEBUG [18/1171] VM 1ecb9a73… (ahv_ins_delete-0-260518-171533) via 10.114.121.56 op=update
2026-05-20 03:13:22,189 DEBUG   remote: bash -lc 'set -e; _bs(){ printf '"'"'BULK_SNAP_T %s %s\n'"'"' "$1" "$(date +%s.%N 2>/dev/null || date +%s)"; }; _bs guest_start; _bs pipeline_start; openssl enc -aes-256-ctr -pass pass:"testing" -nosalt < /dev/zero 2>/dev/null | dd of=/root/dummy_snapshot_data_1.img bs=1M count=500 iflag=fullblock conv=notrunc status=progress; ec=$?; _bs pipeline_done; _bs guest_end; exit $ec'
2026-05-20 03:13:22,189 DEBUG   ssh: connect to host 10.114.113.180 port 22: Connection timed out
2026-05-20 03:13:22,189 ERROR Guest disk op failed ec=255 vm=ahv_ins_delete-0-260518-165508 ip=10.114.113.180 — ssh: connect to host 10.114.113.180 port 22: Connection timed out
2026-05-20 03:13:22,189 WARNING Guest disk op wall 30.3s (vm='ahv_ins_delete-0-260518-165508' ip=10.114.113.180 op=update ec=255) — includes SSH + guest disk command; if still high, check guest disk throughput vs. MiB settings.
2026-05-20 03:13:22,190 DEBUG [19/1171] VM 7efa77e1… (ahv_ins_delete-0-260518-171538) via 10.114.113.190 op=update
2026-05-20 03:13:22,190 DEBUG   remote: bash -lc 'set -e; _bs(){ printf '"'"'BULK_SNAP_T %s %s\n'"'"' "$1" "$(date +%s.%N 2>/dev/null || date +%s)"; }; _bs guest_start; _bs pipeline_start; openssl enc -aes-256-ctr -pass pass:"testing" -nosalt < /dev/zero 2>/dev/null | dd of=/root/dummy_snapshot_data_1.img bs=1M count=500 iflag=fullblock conv=notrunc status=progress; ec=$?; _bs pipeline_done; _bs guest_end; exit $ec'
2026-05-20 03:13:22,195 DEBUG   ssh: connect to host 10.114.113.176 port 22: Connection timed out
2026-05-20 03:13:22,195 ERROR Guest disk op failed ec=255 vm=ahv_ins_delete-0-260518-170126 ip=10.114.113.176 — ssh: connect to host 10.114.113.176 port 22: Connection timed out
2026-05-20 03:13:22,195 WARNING Guest disk op wall 30.3s (vm='ahv_ins_delete-0-260518-170126' ip=10.114.113.176 op=update ec=255) — includes SSH + guest disk command; if still high, check guest disk throughput vs. MiB settings.
2026-05-20 03:13:22,196 DEBUG [20/1171] VM 4c874bde… (ahv_ins_delete-0-260518-171543) via 10.114.113.185 op=update
2026-05-20 03:13:22,196 DEBUG   remote: bash -lc 'set -e; _bs(){ printf '"'"'BULK_SNAP_T %s %s\n'"'"' "$1" "$(date +%s.%N 2>/dev/null || date +%s)"; }; _bs guest_start; _bs pipeline_start; openssl enc -aes-256-ctr -pass pass:"testing" -nosalt < /dev/zero 2>/dev/null | dd of=/root/dummy_snapshot_data_1.img bs=1M count=500 iflag=fullblock conv=notrunc status=progress; ec=$?; _bs pipeline_done; _bs guest_end; exit $ec'
2026-05-20 03:13:22,253 DEBUG   BULK_SNAP_T guest_start 1779214388.041555046
2026-05-20 03:13:22,253 DEBUG   BULK_SNAP_T pipeline_start 1779214388.048402905
2026-05-20 03:13:22,253 DEBUG   BULK_SNAP_T pipeline_done 1779214400.953749462
2026-05-20 03:13:22,254 DEBUG   BULK_SNAP_T guest_end 1779214400.961941154
2026-05-20 03:13:22,254 DEBUG   
2026-05-20 03:13:22,254 DEBUG   63963136 bytes (64 MB) copied, 1.009090 s, 63.4 MB/s
2026-05-20 03:13:22,254 DEBUG   97517568 bytes (98 MB) copied, 2.039085 s, 47.8 MB/s
2026-05-20 03:13:22,254 DEBUG   154140672 bytes (154 MB) copied, 3.048658 s, 50.6 MB/s
2026-05-20 03:13:22,254 DEBUG   195035136 bytes (195 MB) copied, 4.098144 s, 47.6 MB/s
2026-05-20 03:13:22,254 DEBUG   235929600 bytes (236 MB) copied, 5.106180 s, 46.2 MB/s
2026-05-20 03:13:22,254 DEBUG   273678336 bytes (274 MB) copied, 6.127214 s, 44.7 MB/s
2026-05-20 03:13:22,254 DEBUG   311427072 bytes (311 MB) copied, 7.160381 s, 43.5 MB/s
2026-05-20 03:13:22,254 DEBUG   356515840 bytes (357 MB) copied, 8.176163 s, 43.6 MB/s
2026-05-20 03:13:22,254 DEBUG   395313152 bytes (395 MB) copied, 9.185391 s, 43.0 MB/s
2026-05-20 03:13:22,254 DEBUG   435159040 bytes (435 MB) copied, 10.201038 s, 42.7 MB/s
2026-05-20 03:13:22,254 DEBUG   481296384 bytes (481 MB) copied, 11.215157 s, 42.9 MB/s
2026-05-20 03:13:22,254 DEBUG   523239424 bytes (523 MB) copied, 12.232130 s, 42.8 MB/s
2026-05-20 03:13:22,254 DEBUG   500+0 records in
2026-05-20 03:13:22,254 DEBUG   500+0 records out
2026-05-20 03:13:22,254 DEBUG   524288000 bytes (524 MB) copied, 12.2894 s, 42.7 MB/s
2026-05-20 03:13:22,254 DEBUG   OK (disk op exit 0)
2026-05-20 03:13:22,254 DEBUG [805/1171] VM f2be8261… (vm-0-260519-100318) via 10.53.52.16 op=update
2026-05-20 03:13:22,255 DEBUG   remote: bash -lc 'set -e; _bs(){ printf '"'"'BULK_SNAP_T %s %s\n'"'"' "$1" "$(date +%s.%N 2>/dev/null || date +%s)"; }; _bs guest_start; _bs pipeline_start; openssl enc -aes-256-ctr -pass pass:"testing" -nosalt < /dev/zero 2>/dev/null | dd of=/root/dummy_snapshot_data_1.img bs=1M count=500 iflag=fullblock conv=notrunc status=progress; ec=$?; _bs pipeline_done; _bs guest_end; exit $ec'
2026-05-20 03:13:22,472 DEBUG   BULK_SNAP_T guest_start 1779214388.152871232
2026-05-20 03:13:22,472 DEBUG   BULK_SNAP_T pipeline_start 1779214388.156134646
2026-05-20 03:13:22,472 DEBUG   BULK_SNAP_T pipeline_done 1779214401.131369393
2026-05-20 03:13:22,472 DEBUG   BULK_SNAP_T guest_end 1779214401.138212069
2026-05-20 03:13:22,472 DEBUG   
2026-05-20 03:13:22,472 DEBUG   51380224 bytes (51 MB) copied, 1.122784 s, 45.8 MB/s
2026-05-20 03:13:22,472 DEBUG   85983232 bytes (86 MB) copied, 2.130221 s, 40.4 MB/s
2026-05-20 03:13:22,472 DEBUG   125829120 bytes (126 MB) copied, 3.148430 s, 40.0 MB/s
2026-05-20 03:13:22,472 DEBUG   163577856 bytes (164 MB) copied, 4.159378 s, 39.3 MB/s
2026-05-20 03:13:22,472 DEBUG   200278016 bytes (200 MB) copied, 5.159598 s, 38.8 MB/s
2026-05-20 03:13:22,472 DEBUG   239075328 bytes (239 MB) copied, 6.168399 s, 38.8 MB/s
2026-05-20 03:13:22,472 DEBUG   286261248 bytes (286 MB) copied, 7.202233 s, 39.7 MB/s
2026-05-20 03:13:22,472 DEBUG   330301440 bytes (330 MB) copied, 8.229376 s, 40.1 MB/s
2026-05-20 03:13:22,472 DEBUG   372244480 bytes (372 MB) copied, 9.235406 s, 40.3 MB/s
2026-05-20 03:13:22,472 DEBUG   417333248 bytes (417 MB) copied, 10.259248 s, 40.7 MB/s
2026-05-20 03:13:22,472 DEBUG   459276288 bytes (459 MB) copied, 11.267263 s, 40.8 MB/s
2026-05-20 03:13:22,472 DEBUG   501219328 bytes (501 MB) copied, 12.284281 s, 40.8 MB/s
2026-05-20 03:13:22,472 DEBUG   500+0 records in
2026-05-20 03:13:22,472 DEBUG   500+0 records out
2026-05-20 03:13:22,472 DEBUG   524288000 bytes (524 MB) copied, 12.7866 s, 41.0 MB/s
2026-05-20 03:13:22,472 DEBUG   OK (disk op exit 0)
2026-05-20 03:13:22,473 DEBUG [806/1171] VM 4355cf27… (vm-0-260519-100343) via 10.53.12.74 op=update
2026-05-20 03:13:22,473 DEBUG   remote: bash -lc 'set -e; _bs(){ printf '"'"'BULK_SNAP_T %s %s\n'"'"' "$1" "$(date +%s.%N 2>/dev/null || date +%s)"; }; _bs guest_start; _bs pipeline_start; openssl enc -aes-256-ctr -pass pass:"testing" -nosalt < /dev/zero 2>/dev/null | dd of=/root/dummy_snapshot_data_1.img bs=1M count=500 iflag=fullblock conv=notrunc status=progress; ec=$?; _bs pipeline_done; _bs guest_end; exit $ec'
2026-05-20 03:13:22,743 DEBUG   BULK_SNAP_T guest_start 1779214388.259116654
2026-05-20 03:13:22,744 DEBUG   BULK_SNAP_T guest_start 1779214388.157944311
2026-05-20 03:13:22,744 DEBUG   BULK_SNAP_T pipeline_start 1779214388.266280707
2026-05-20 03:13:22,744 DEBUG   BULK_SNAP_T pipeline_start 1779214388.165966733
2026-05-20 03:13:22,744 DEBUG   BULK_SNAP_T pipeline_done 1779214400.895995662
2026-05-20 03:13:22,744 DEBUG   BULK_SNAP_T guest_end 1779214400.911659956
2026-05-20 03:13:22,744 DEBUG   
2026-05-20 03:13:22,744 DEBUG   56623104 bytes (57 MB) copied, 1.086292 s, 52.1 MB/s
2026-05-20 03:13:22,744 DEBUG   91226112 bytes (91 MB) copied, 2.094516 s, 43.6 MB/s
2026-05-20 03:13:22,744 DEBUG   130023424 bytes (130 MB) copied, 3.119613 s, 41.7 MB/s
2026-05-20 03:13:22,744 DEBUG   168820736 bytes (169 MB) copied, 4.124206 s, 40.9 MB/s
2026-05-20 03:13:22,744 DEBUG   202375168 bytes (202 MB) copied, 5.142199 s, 39.4 MB/s
2026-05-20 03:13:22,744 DEBUG   246415360 bytes (246 MB) copied, 6.187247 s, 39.8 MB/s
2026-05-20 03:13:22,744 DEBUG   292552704 bytes (293 MB) copied, 7.214786 s, 40.5 MB/s
2026-05-20 03:13:22,744 DEBUG   337641472 bytes (338 MB) copied, 8.241672 s, 41.0 MB/s
2026-05-20 03:13:22,744 DEBUG   380633088 bytes (381 MB) copied, 9.245643 s, 41.2 MB/s
2026-05-20 03:13:22,744 DEBUG   425721856 bytes (426 MB) copied, 10.263321 s, 41.5 MB/s
2026-05-20 03:13:22,744 DEBUG   470810624 bytes (471 MB) copied, 11.269834 s, 41.8 MB/s
2026-05-20 03:13:22,744 DEBUG   515899392 bytes (516 MB) copied, 12.294247 s, 42.0 MB/s
2026-05-20 03:13:22,744 DEBUG   500+0 records in
2026-05-20 03:13:22,744 DEBUG   500+0 records out
2026-05-20 03:13:22,744 DEBUG   524288000 bytes (524 MB) copied, 12.4853 s, 42.0 MB/s
2026-05-20 03:13:22,744 DEBUG   OK (disk op exit 0)
2026-05-20 03:13:22,745 DEBUG [807/1171] VM 513d9dd3… (vm-0-260519-100345) via 10.53.9.8 op=update
2026-05-20 03:13:22,745 DEBUG   BULK_SNAP_T pipeline_done 1779214401.322859216
2026-05-20 03:13:22,745 DEBUG   BULK_SNAP_T guest_end 1779214401.331821200
2026-05-20 03:13:22,745 DEBUG   
2026-05-20 03:13:22,745 DEBUG   51380224 bytes (51 MB) copied, 1.218900 s, 42.2 MB/s
2026-05-20 03:13:22,745 DEBUG   82837504 bytes (83 MB) copied, 2.361879 s, 35.1 MB/s
2026-05-20 03:13:22,745 DEBUG   139460608 bytes (139 MB) copied, 3.443866 s, 40.5 MB/s
2026-05-20 03:13:22,745 DEBUG   183500800 bytes (184 MB) copied, 4.446372 s, 41.3 MB/s
2026-05-20 03:13:22,746 DEBUG   224395264 bytes (224 MB) copied, 5.464816 s, 41.1 MB/s
2026-05-20 03:13:22,746 DEBUG   271581184 bytes (272 MB) copied, 6.512758 s, 41.7 MB/s
2026-05-20 03:13:22,746 DEBUG   318767104 bytes (319 MB) copied, 7.514651 s, 42.4 MB/s
2026-05-20 03:13:22,746 DEBUG   363855872 bytes (364 MB) copied, 8.525702 s, 42.7 MB/s
2026-05-20 03:13:22,746 DEBUG   409993216 bytes (410 MB) copied, 9.542872 s, 43.0 MB/s
2026-05-20 03:13:22,746 DEBUG   452984832 bytes (453 MB) copied, 10.554732 s, 42.9 MB/s
2026-05-20 03:13:22,746 DEBUG   497025024 bytes (497 MB) copied, 11.564793 s, 43.0 MB/s
2026-05-20 03:13:22,746 DEBUG   500+0 records in
2026-05-20 03:13:22,746 DEBUG   500+0 records out
2026-05-20 03:13:22,746 DEBUG   524288000 bytes (524 MB) copied, 12.2003 s, 43.0 MB/s
2026-05-20 03:13:22,746 DEBUG   OK (disk op exit 0)
2026-05-20 03:13:22,746 DEBUG [808/1171] VM a7d63362… (vm-0-260519-100432) via 10.53.11.188 op=update
2026-05-20 03:13:22,746 DEBUG   remote: bash -lc 'set -e; _bs(){ printf '"'"'BULK_SNAP_T %s %s\n'"'"' "$1" "$(date +%s.%N 2>/dev/null || date +%s)"; }; _bs guest_start; _bs pipeline_start; openssl enc -aes-256-ctr -pass pass:"testing" -nosalt < /dev/zero 2>/dev/null | dd of=/root/dummy_snapshot_data_1.img bs=1M count=500 iflag=fullblock conv=notrunc status=progress; ec=$?; _bs pipeline_done; _bs guest_end; exit $ec'
2026-05-20 03:13:22,747 DEBUG   remote: bash -lc 'set -e; _bs(){ printf '"'"'BULK_SNAP_T %s %s\n'"'"' "$1" "$(date +%s.%N 2>/dev/null || date +%s)"; }; _bs guest_start; _bs pipeline_start; openssl enc -aes-256-ctr -pass pass:"testing" -nosalt < /dev/zero 2>/dev/null | dd of=/root/dummy_snapshot_data_1.img bs=1M count=500 iflag=fullblock conv=notrunc status=progress; ec=$?; _bs pipeline_done; _bs guest_end; exit $ec'
2026-05-20 03:13:22,753 DEBUG   BULK_SNAP_T guest_start 1779214388.233857368
2026-05-20 03:13:22,753 DEBUG   BULK_SNAP_T pipeline_start 1779214388.248876733
2026-05-20 03:13:22,753 DEBUG   BULK_SNAP_T pipeline_done 1779214401.373447695
2026-05-20 03:13:22,753 DEBUG   BULK_SNAP_T guest_end 1779214401.386864074
2026-05-20 03:13:22,753 DEBUG   
2026-05-20 03:13:22,753 DEBUG   49283072 bytes (49 MB) copied, 1.074669 s, 45.9 MB/s
2026-05-20 03:13:22,753 DEBUG   93323264 bytes (93 MB) copied, 2.083599 s, 44.8 MB/s
2026-05-20 03:13:22,753 DEBUG   139460608 bytes (139 MB) copied, 3.139332 s, 44.4 MB/s
2026-05-20 03:13:22,753 DEBUG   176160768 bytes (176 MB) copied, 4.148402 s, 42.5 MB/s
2026-05-20 03:13:22,753 DEBUG   207618048 bytes (208 MB) copied, 5.157478 s, 40.3 MB/s
2026-05-20 03:13:22,753 DEBUG   248512512 bytes (249 MB) copied, 6.171382 s, 40.3 MB/s
2026-05-20 03:13:22,753 DEBUG   291504128 bytes (292 MB) copied, 7.184408 s, 40.6 MB/s
2026-05-20 03:13:22,753 DEBUG   336592896 bytes (337 MB) copied, 8.196442 s, 41.1 MB/s
2026-05-20 03:13:22,753 DEBUG   377487360 bytes (377 MB) copied, 9.197534 s, 41.0 MB/s
2026-05-20 03:13:22,753 DEBUG   417333248 bytes (417 MB) copied, 10.201616 s, 40.9 MB/s
2026-05-20 03:13:22,753 DEBUG   459276288 bytes (459 MB) copied, 11.201681 s, 41.0 MB/s
2026-05-20 03:13:22,753 DEBUG   504365056 bytes (504 MB) copied, 12.228450 s, 41.2 MB/s
2026-05-20 03:13:22,753 DEBUG   500+0 records in
2026-05-20 03:13:22,753 DEBUG   500+0 records out
2026-05-20 03:13:22,753 DEBUG   524288000 bytes (524 MB) copied, 12.5985 s, 41.6 MB/s
2026-05-20 03:13:22,753 DEBUG   OK (disk op exit 0)
2026-05-20 03:13:22,754 DEBUG [809/1171] VM 606f92e5… (vm-0-260519-100449) via 10.53.49.212 op=update
2026-05-20 03:13:22,754 DEBUG   remote: bash -lc 'set -e; _bs(){ printf '"'"'BULK_SNAP_T %s %s\n'"'"' "$1" "$(date +%s.%N 2>/dev/null || date +%s)"; }; _bs guest_start; _bs pipeline_start; openssl enc -aes-256-ctr -pass pass:"testing" -nosalt < /dev/zero 2>/dev/null | dd of=/root/dummy_snapshot_data_1.img bs=1M count=500 iflag=fullblock conv=notrunc status=progress; ec=$?; _bs pipeline_done; _bs guest_end; exit $ec'
2026-05-20 03:13:22,996 DEBUG   BULK_SNAP_T guest_start 1779214388.583917350
2026-05-20 03:13:22,996 DEBUG   BULK_SNAP_T pipeline_start 1779214388.599182791
2026-05-20 03:13:22,996 DEBUG   BULK_SNAP_T pipeline_done 1779214401.551823726
2026-05-20 03:13:22,996 DEBUG   BULK_SNAP_T guest_end 1779214401.562996182
2026-05-20 03:13:22,996 DEBUG   
2026-05-20 03:13:22,996 DEBUG   47185920 bytes (47 MB) copied, 1.144761 s, 41.2 MB/s
2026-05-20 03:13:22,996 DEBUG   77594624 bytes (78 MB) copied, 2.149743 s, 36.1 MB/s
2026-05-20 03:13:22,996 DEBUG   126877696 bytes (127 MB) copied, 3.160655 s, 40.1 MB/s
2026-05-20 03:13:22,996 DEBUG   164626432 bytes (165 MB) copied, 4.184696 s, 39.3 MB/s
2026-05-20 03:13:22,996 DEBUG   206569472 bytes (207 MB) copied, 5.185378 s, 39.8 MB/s
2026-05-20 03:13:22,996 DEBUG   253755392 bytes (254 MB) copied, 6.197551 s, 40.9 MB/s
2026-05-20 03:13:22,996 DEBUG   299892736 bytes (300 MB) copied, 7.223309 s, 41.5 MB/s
2026-05-20 03:13:22,996 DEBUG   344981504 bytes (345 MB) copied, 8.252655 s, 41.8 MB/s
2026-05-20 03:13:22,997 DEBUG   389021696 bytes (389 MB) copied, 9.271318 s, 42.0 MB/s
2026-05-20 03:13:22,997 DEBUG   430964736 bytes (431 MB) copied, 10.278363 s, 41.9 MB/s
2026-05-20 03:13:22,997 DEBUG   476053504 bytes (476 MB) copied, 11.284348 s, 42.2 MB/s
2026-05-20 03:13:22,997 DEBUG   516947968 bytes (517 MB) copied, 12.322573 s, 42.0 MB/s
2026-05-20 03:13:22,997 DEBUG   500+0 records in
2026-05-20 03:13:22,997 DEBUG   500+0 records out
2026-05-20 03:13:22,997 DEBUG   524288000 bytes (524 MB) copied, 12.4506 s, 42.1 MB/s
2026-05-20 03:13:22,997 DEBUG   OK (disk op exit 0)
2026-05-20 03:13:22,997 DEBUG [810/1171] VM 521a915c… (vm-0-260519-100500) via 10.53.22.234 op=update
2026-05-20 03:13:22,997 DEBUG   remote: bash -lc 'set -e; _bs(){ printf '"'"'BULK_SNAP_T %s %s\n'"'"' "$1" "$(date +%s.%N 2>/dev/null || date +%s)"; }; _bs guest_start; _bs pipeline_start; openssl enc -aes-256-ctr -pass pass:"testing" -nosalt < /dev/zero 2>/dev/null | dd of=/root/dummy_snapshot_data_1.img bs=1M count=500 iflag=fullblock conv=notrunc status=progress; ec=$?; _bs pipeline_done; _bs guest_end; exit $ec'
2026-05-20 03:13:23,241 DEBUG   BULK_SNAP_T guest_start 1779214387.809751944
2026-05-20 03:13:23,241 DEBUG   BULK_SNAP_T pipeline_start 1779214387.834801020
2026-05-20 03:13:23,241 DEBUG   BULK_SNAP_T pipeline_done 1779214401.140667342
2026-05-20 03:13:23,241 DEBUG   BULK_SNAP_T guest_end 1779214401.164960082
2026-05-20 03:13:23,241 DEBUG   
2026-05-20 03:13:23,241 DEBUG   51380224 bytes (51 MB) copied, 1.011047 s, 50.8 MB/s
2026-05-20 03:13:23,242 DEBUG   82837504 bytes (83 MB) copied, 2.045095 s, 40.5 MB/s
2026-05-20 03:13:23,242 DEBUG   131072000 bytes (131 MB) copied, 3.096358 s, 42.3 MB/s
2026-05-20 03:13:23,242 DEBUG   167772160 bytes (168 MB) copied, 4.114061 s, 40.8 MB/s
2026-05-20 03:13:23,242 DEBUG   200278016 bytes (200 MB) copied, 5.151069 s, 38.9 MB/s
2026-05-20 03:13:23,242 DEBUG   238026752 bytes (238 MB) copied, 6.169283 s, 38.6 MB/s
2026-05-20 03:13:23,242 DEBUG   278921216 bytes (279 MB) copied, 7.181298 s, 38.8 MB/s
2026-05-20 03:13:23,242 DEBUG   319815680 bytes (320 MB) copied, 8.198030 s, 39.0 MB/s
2026-05-20 03:13:23,242 DEBUG   361758720 bytes (362 MB) copied, 9.205169 s, 39.3 MB/s
2026-05-20 03:13:23,242 DEBUG   404750336 bytes (405 MB) copied, 10.228035 s, 39.6 MB/s
2026-05-20 03:13:23,242 DEBUG   446693376 bytes (447 MB) copied, 11.284132 s, 39.6 MB/s
2026-05-20 03:13:23,242 DEBUG   486539264 bytes (487 MB) copied, 12.294162 s, 39.6 MB/s
2026-05-20 03:13:23,242 DEBUG   500+0 records in
2026-05-20 03:13:23,242 DEBUG   500+0 records out
2026-05-20 03:13:23,242 DEBUG   524288000 bytes (524 MB) copied, 13.1453 s, 39.9 MB/s
2026-05-20 03:13:23,242 DEBUG   OK (disk op exit 0)
2026-05-20 03:13:23,242 DEBUG [811/1171] VM 6cf12c9a… (vm-0-260519-100514) via 10.53.34.100 op=update
2026-05-20 03:13:23,243 DEBUG   remote: bash -lc 'set -e; _bs(){ printf '"'"'BULK_SNAP_T %s %s\n'"'"' "$1" "$(date +%s.%N 2>/dev/null || date +%s)"; }; _bs guest_start; _bs pipeline_start; openssl enc -aes-256-ctr -pass pass:"testing" -nosalt < /dev/zero 2>/dev/null | dd of=/root/dummy_snapshot_data_1.img bs=1M count=500 iflag=fullblock conv=notrunc status=progress; ec=$?; _bs pipeline_done; _bs guest_end; exit $ec'
2026-05-20 03:13:23,502 DEBUG   BULK_SNAP_T guest_start 1779214388.180493556
2026-05-20 03:13:23,503 DEBUG   BULK_SNAP_T pipeline_start 1779214388.211099822
2026-05-20 03:13:23,503 DEBUG   BULK_SNAP_T pipeline_done 1779214401.154549031
2026-05-20 03:13:23,503 DEBUG   BULK_SNAP_T guest_end 1779214401.157781614
2026-05-20 03:13:23,503 DEBUG   
2026-05-20 03:13:23,503 DEBUG   42991616 bytes (43 MB) copied, 1.190355 s, 36.1 MB/s
2026-05-20 03:13:23,503 DEBUG   72351744 bytes (72 MB) copied, 2.240559 s, 32.3 MB/s
2026-05-20 03:13:23,503 DEBUG   109051904 bytes (109 MB) copied, 3.325495 s, 32.8 MB/s
2026-05-20 03:13:23,503 DEBUG   135266304 bytes (135 MB) copied, 4.329177 s, 31.2 MB/s
2026-05-20 03:13:23,503 DEBUG   169869312 bytes (170 MB) copied, 5.342723 s, 31.8 MB/s
2026-05-20 03:13:23,503 DEBUG   207618048 bytes (208 MB) copied, 6.343757 s, 32.7 MB/s
2026-05-20 03:13:23,503 DEBUG   248512512 bytes (249 MB) copied, 7.360768 s, 33.8 MB/s
2026-05-20 03:13:23,503 DEBUG   292552704 bytes (293 MB) copied, 8.388713 s, 34.9 MB/s
2026-05-20 03:13:23,503 DEBUG   341835776 bytes (342 MB) copied, 9.429798 s, 36.3 MB/s
2026-05-20 03:13:23,503 DEBUG   394264576 bytes (394 MB) copied, 10.435721 s, 37.8 MB/s
2026-05-20 03:13:23,503 DEBUG   447741952 bytes (448 MB) copied, 11.436240 s, 39.2 MB/s
2026-05-20 03:13:23,503 DEBUG   507510784 bytes (508 MB) copied, 12.472767 s, 40.7 MB/s
2026-05-20 03:13:23,503 DEBUG   500+0 records in
2026-05-20 03:13:23,503 DEBUG   500+0 records out
2026-05-20 03:13:23,503 DEBUG   524288000 bytes (524 MB) copied, 12.7151 s, 41.2 MB/s
2026-05-20 03:13:23,503 DEBUG   OK (disk op exit 0)
2026-05-20 03:13:23,504 DEBUG [812/1171] VM 9f6d5700… (vm-0-260519-100527) via 10.53.37.88 op=update
2026-05-20 03:13:23,504 DEBUG   remote: bash -lc 'set -e; _bs(){ printf '"'"'BULK_SNAP_T %s %s\n'"'"' "$1" "$(date +%s.%N 2>/dev/null || date +%s)"; }; _bs guest_start; _bs pipeline_start; openssl enc -aes-256-ctr -pass pass:"testing" -nosalt < /dev/zero 2>/dev/null | dd of=/root/dummy_snapshot_data_1.img bs=1M count=500 iflag=fullblock conv=notrunc status=progress; ec=$?; _bs pipeline_done; _bs guest_end; exit $ec'
2026-05-20 03:13:23,751 DEBUG   BULK_SNAP_T guest_start 1779214388.476870660
2026-05-20 03:13:23,751 DEBUG   BULK_SNAP_T pipeline_start 1779214388.488604249
2026-05-20 03:13:23,751 DEBUG   BULK_SNAP_T pipeline_done 1779214402.176488264
2026-05-20 03:13:23,751 DEBUG   BULK_SNAP_T guest_end 1779214402.181683626
2026-05-20 03:13:23,751 DEBUG   
2026-05-20 03:13:23,751 DEBUG   41943040 bytes (42 MB) copied, 1.154764 s, 36.3 MB/s
2026-05-20 03:13:23,751 DEBUG   92274688 bytes (92 MB) copied, 2.210763 s, 41.7 MB/s
2026-05-20 03:13:23,751 DEBUG   134217728 bytes (134 MB) copied, 3.221055 s, 41.7 MB/s
2026-05-20 03:13:23,751 DEBUG   169869312 bytes (170 MB) copied, 4.242054 s, 40.0 MB/s
2026-05-20 03:13:23,751 DEBUG   204472320 bytes (204 MB) copied, 5.291208 s, 38.6 MB/s
2026-05-20 03:13:23,751 DEBUG   230686720 bytes (231 MB) copied, 6.304246 s, 36.6 MB/s
2026-05-20 03:13:23,751 DEBUG   267386880 bytes (267 MB) copied, 7.305507 s, 36.6 MB/s
2026-05-20 03:13:23,751 DEBUG   301989888 bytes (302 MB) copied, 8.323157 s, 36.3 MB/s
2026-05-20 03:13:23,751 DEBUG   342884352 bytes (343 MB) copied, 9.334484 s, 36.7 MB/s
2026-05-20 03:13:23,751 DEBUG   380633088 bytes (381 MB) copied, 10.338278 s, 36.8 MB/s
2026-05-20 03:13:23,751 DEBUG   423624704 bytes (424 MB) copied, 11.397164 s, 37.2 MB/s
2026-05-20 03:13:23,751 DEBUG   465567744 bytes (466 MB) copied, 12.399132 s, 37.5 MB/s
2026-05-20 03:13:23,751 DEBUG   520093696 bytes (520 MB) copied, 13.416986 s, 38.8 MB/s
2026-05-20 03:13:23,751 DEBUG   500+0 records in
2026-05-20 03:13:23,751 DEBUG   500+0 records out
2026-05-20 03:13:23,751 DEBUG   524288000 bytes (524 MB) copied, 13.4951 s, 38.9 MB/s
2026-05-20 03:13:23,751 DEBUG   OK (disk op exit 0)
2026-05-20 03:13:23,752 DEBUG [813/1171] VM 06758958… (vm-0-260519-100541) via 10.53.43.214 op=update
2026-05-20 03:13:23,752 DEBUG   remote: bash -lc 'set -e; _bs(){ printf '"'"'BULK_SNAP_T %s %s\n'"'"' "$1" "$(date +%s.%N 2>/dev/null || date +%s)"; }; _bs guest_start; _bs pipeline_start; openssl enc -aes-256-ctr -pass pass:"testing" -nosalt < /dev/zero 2>/dev/null | dd of=/root/dummy_snapshot_data_1.img bs=1M count=500 iflag=fullblock conv=notrunc status=progress; ec=$?; _bs pipeline_done; _bs guest_end; exit $ec'
2026-05-20 03:13:24,230 DEBUG   BULK_SNAP_T guest_start 1779214387.994502884
2026-05-20 03:13:24,231 DEBUG   BULK_SNAP_T pipeline_start 1779214387.996934049
2026-05-20 03:13:24,231 DEBUG   BULK_SNAP_T pipeline_done 1779214400.683092772
2026-05-20 03:13:24,231 DEBUG   BULK_SNAP_T guest_end 1779214400.688782996
2026-05-20 03:13:24,231 DEBUG   
2026-05-20 03:13:24,231 DEBUG   18874368 bytes (19 MB) copied, 1.071754 s, 17.6 MB/s
2026-05-20 03:13:24,231 DEBUG   57671680 bytes (58 MB) copied, 2.086735 s, 27.6 MB/s
2026-05-20 03:13:24,231 DEBUG   90177536 bytes (90 MB) copied, 3.099078 s, 29.1 MB/s
2026-05-20 03:13:24,231 DEBUG   121634816 bytes (122 MB) copied, 4.110191 s, 29.6 MB/s
2026-05-20 03:13:24,231 DEBUG   154140672 bytes (154 MB) copied, 5.180771 s, 29.8 MB/s
2026-05-20 03:13:24,231 DEBUG   199229440 bytes (199 MB) copied, 6.191361 s, 32.2 MB/s
2026-05-20 03:13:24,231 DEBUG   247463936 bytes (247 MB) copied, 7.218690 s, 34.3 MB/s
2026-05-20 03:13:24,231 DEBUG   304087040 bytes (304 MB) copied, 8.238718 s, 36.9 MB/s
2026-05-20 03:13:24,231 DEBUG   371195904 bytes (371 MB) copied, 9.270706 s, 40.0 MB/s
2026-05-20 03:13:24,231 DEBUG   418381824 bytes (418 MB) copied, 10.280340 s, 40.7 MB/s
2026-05-20 03:13:24,231 DEBUG   463470592 bytes (463 MB) copied, 11.311699 s, 41.0 MB/s
2026-05-20 03:13:24,231 DEBUG   510656512 bytes (511 MB) copied, 12.326691 s, 41.4 MB/s
2026-05-20 03:13:24,231 DEBUG   500+0 records in
2026-05-20 03:13:24,231 DEBUG   500+0 records out
2026-05-20 03:13:24,231 DEBUG   524288000 bytes (524 MB) copied, 12.5673 s, 41.7 MB/s
2026-05-20 03:13:24,231 DEBUG   OK (disk op exit 0)
2026-05-20 03:13:24,232 DEBUG [1047/1171] VM a112b97a… (ahv_ins_delete-0-260514-180924) via 10.114.51.191 op=update
2026-05-20 03:13:24,232 DEBUG   remote: bash -lc 'set -e; _bs(){ printf '"'"'BULK_SNAP_T %s %s\n'"'"' "$1" "$(date +%s.%N 2>/dev/null || date +%s)"; }; _bs guest_start; _bs pipeline_start; openssl enc -aes-256-ctr -pass pass:"testing" -nosalt < /dev/zero 2>/dev/null | dd of=/root/dummy_snapshot_data_1.img bs=1M count=500 iflag=fullblock conv=notrunc status=progress; ec=$?; _bs pipeline_done; _bs guest_end; exit $ec'
2026-05-20 03:13:24,239 DEBUG   BULK_SNAP_T guest_start 1779214389.805794164
2026-05-20 03:13:24,239 DEBUG   BULK_SNAP_T pipeline_start 1779214389.820631795
2026-05-20 03:13:24,240 DEBUG   BULK_SNAP_T pipeline_done 1779214403.362047820
2026-05-20 03:13:24,240 DEBUG   BULK_SNAP_T guest_end 1779214403.368937967
2026-05-20 03:13:24,240 DEBUG   
2026-05-20 03:13:24,240 DEBUG   48234496 bytes (48 MB) copied, 1.001334 s, 48.2 MB/s
2026-05-20 03:13:24,240 DEBUG   79691776 bytes (80 MB) copied, 2.014838 s, 39.6 MB/s
2026-05-20 03:13:24,240 DEBUG   119537664 bytes (120 MB) copied, 3.089648 s, 38.7 MB/s
2026-05-20 03:13:24,240 DEBUG   149946368 bytes (150 MB) copied, 4.141824 s, 36.2 MB/s
2026-05-20 03:13:24,240 DEBUG   186646528 bytes (187 MB) copied, 5.143724 s, 36.3 MB/s
2026-05-20 03:13:24,240 DEBUG   224395264 bytes (224 MB) copied, 6.154844 s, 36.5 MB/s
2026-05-20 03:13:24,240 DEBUG   268435456 bytes (268 MB) copied, 7.173829 s, 37.4 MB/s
2026-05-20 03:13:24,240 DEBUG   307232768 bytes (307 MB) copied, 8.187833 s, 37.5 MB/s
2026-05-20 03:13:24,240 DEBUG   348127232 bytes (348 MB) copied, 9.188620 s, 37.9 MB/s
2026-05-20 03:13:24,240 DEBUG   387973120 bytes (388 MB) copied, 10.195753 s, 38.1 MB/s
2026-05-20 03:13:24,240 DEBUG   426770432 bytes (427 MB) copied, 11.219729 s, 38.0 MB/s
2026-05-20 03:13:24,240 DEBUG   469762048 bytes (470 MB) copied, 12.221951 s, 38.4 MB/s
2026-05-20 03:13:24,240 DEBUG   500+0 records in
2026-05-20 03:13:24,240 DEBUG   500+0 records out
2026-05-20 03:13:24,240 DEBUG   524288000 bytes (524 MB) copied, 13.1447 s, 39.9 MB/s
2026-05-20 03:13:24,240 DEBUG   OK (disk op exit 0)
2026-05-20 03:13:24,240 DEBUG [814/1171] VM 49cf3a6a… (vm-0-260519-100605) via 10.53.51.88 op=update
2026-05-20 03:13:24,241 DEBUG   remote: bash -lc 'set -e; _bs(){ printf '"'"'BULK_SNAP_T %s %s\n'"'"' "$1" "$(date +%s.%N 2>/dev/null || date +%s)"; }; _bs guest_start; _bs pipeline_start; openssl enc -aes-256-ctr -pass pass:"testing" -nosalt < /dev/zero 2>/dev/null | dd of=/root/dummy_snapshot_data_1.img bs=1M count=500 iflag=fullblock conv=notrunc status=progress; ec=$?; _bs pipeline_done; _bs guest_end; exit $ec'
2026-05-20 03:13:30,690 DEBUG   BULK_SNAP_T guest_start 1779214394.655784862
2026-05-20 03:13:30,690 DEBUG   BULK_SNAP_T pipeline_start 1779214394.658190914
2026-05-20 03:13:30,691 DEBUG   BULK_SNAP_T pipeline_done 1779214406.281710212
2026-05-20 03:13:30,691 DEBUG   BULK_SNAP_T guest_end 1779214406.283256817
2026-05-20 03:13:30,691 DEBUG   
2026-05-20 03:13:30,691 DEBUG   49283072 bytes (49 MB) copied, 1.003365 s, 49.1 MB/s
2026-05-20 03:13:30,691 DEBUG   106954752 bytes (107 MB) copied, 2.015701 s, 53.1 MB/s
2026-05-20 03:13:30,691 DEBUG   149946368 bytes (150 MB) copied, 3.021521 s, 49.6 MB/s
2026-05-20 03:13:30,691 DEBUG   196083712 bytes (196 MB) copied, 4.033822 s, 48.6 MB/s
2026-05-20 03:13:30,691 DEBUG   244318208 bytes (244 MB) copied, 5.060827 s, 48.3 MB/s
2026-05-20 03:13:30,691 DEBUG   286261248 bytes (286 MB) copied, 6.061334 s, 47.2 MB/s
2026-05-20 03:13:30,691 DEBUG   338690048 bytes (339 MB) copied, 7.086684 s, 47.8 MB/s
2026-05-20 03:13:30,691 DEBUG   380633088 bytes (381 MB) copied, 8.109694 s, 46.9 MB/s
2026-05-20 03:13:30,691 DEBUG   422576128 bytes (423 MB) copied, 9.135374 s, 46.3 MB/s
2026-05-20 03:13:30,691 DEBUG   473956352 bytes (474 MB) copied, 10.230384 s, 46.3 MB/s
2026-05-20 03:13:30,691 DEBUG   514850816 bytes (515 MB) copied, 11.233661 s, 45.8 MB/s
2026-05-20 03:13:30,691 DEBUG   500+0 records in
2026-05-20 03:13:30,691 DEBUG   500+0 records out
2026-05-20 03:13:30,691 DEBUG   524288000 bytes (524 MB) copied, 11.4763 s, 45.7 MB/s
2026-05-20 03:13:30,691 DEBUG   OK (disk op exit 0)
2026-05-20 03:13:30,691 DEBUG [1048/1171] VM 457a4000… (ahv_ins_delete-0-260514-181357) via 10.114.50.156 op=update
2026-05-20 03:13:30,692 DEBUG   remote: bash -lc 'set -e; _bs(){ printf '"'"'BULK_SNAP_T %s %s\n'"'"' "$1" "$(date +%s.%N 2>/dev/null || date +%s)"; }; _bs guest_start; _bs pipeline_start; openssl enc -aes-256-ctr -pass pass:"testing" -nosalt < /dev/zero 2>/dev/null | dd of=/root/dummy_snapshot_data_1.img bs=1M count=500 iflag=fullblock conv=notrunc status=progress; ec=$?; _bs pipeline_done; _bs guest_end; exit $ec'
2026-05-20 03:13:31,475 DEBUG   BULK_SNAP_T guest_start 1779214396.541775846
2026-05-20 03:13:31,475 DEBUG   BULK_SNAP_T pipeline_start 1779214396.549447703
2026-05-20 03:13:31,475 DEBUG   BULK_SNAP_T pipeline_done 1779214408.020463840
2026-05-20 03:13:31,475 DEBUG   BULK_SNAP_T guest_end 1779214408.021688181
2026-05-20 03:13:31,475 DEBUG   
2026-05-20 03:13:31,475 DEBUG   52428800 bytes (52 MB) copied, 1.014606 s, 51.7 MB/s
2026-05-20 03:13:31,475 DEBUG   97517568 bytes (98 MB) copied, 2.025767 s, 48.1 MB/s
2026-05-20 03:13:31,475 DEBUG   144703488 bytes (145 MB) copied, 3.053500 s, 47.4 MB/s
2026-05-20 03:13:31,475 DEBUG   200278016 bytes (200 MB) copied, 4.088657 s, 49.0 MB/s
2026-05-20 03:13:31,475 DEBUG   250609664 bytes (251 MB) copied, 5.105383 s, 49.1 MB/s
2026-05-20 03:13:31,475 DEBUG   299892736 bytes (300 MB) copied, 6.111419 s, 49.1 MB/s
2026-05-20 03:13:31,475 DEBUG   344981504 bytes (345 MB) copied, 7.171522 s, 48.1 MB/s
2026-05-20 03:13:31,476 DEBUG   392167424 bytes (392 MB) copied, 8.191586 s, 47.9 MB/s
2026-05-20 03:13:31,476 DEBUG   438304768 bytes (438 MB) copied, 9.192668 s, 47.7 MB/s
2026-05-20 03:13:31,476 DEBUG   476053504 bytes (476 MB) copied, 10.200356 s, 46.7 MB/s
2026-05-20 03:13:31,476 DEBUG   522190848 bytes (522 MB) copied, 11.211826 s, 46.6 MB/s
2026-05-20 03:13:31,476 DEBUG   500+0 records in
2026-05-20 03:13:31,476 DEBUG   500+0 records out
2026-05-20 03:13:31,476 DEBUG   524288000 bytes (524 MB) copied, 11.2468 s, 46.6 MB/s
2026-05-20 03:13:31,476 DEBUG   OK (disk op exit 0)
2026-05-20 03:13:31,476 DEBUG [1049/1171] VM 38455407… (ahv_ins_delete-0-260514-181408) via 10.114.51.43 op=update
2026-05-20 03:13:31,476 DEBUG   remote: bash -lc 'set -e; _bs(){ printf '"'"'BULK_SNAP_T %s %s\n'"'"' "$1" "$(date +%s.%N 2>/dev/null || date +%s)"; }; _bs guest_start; _bs pipeline_start; openssl enc -aes-256-ctr -pass pass:"testing" -nosalt < /dev/zero 2>/dev/null | dd of=/root/dummy_snapshot_data_1.img bs=1M count=500 iflag=fullblock conv=notrunc status=progress; ec=$?; _bs pipeline_done; _bs guest_end; exit $ec'
2026-05-20 03:13:31,740 DEBUG   BULK_SNAP_T guest_start 1779214396.569692866
2026-05-20 03:13:31,740 DEBUG   BULK_SNAP_T pipeline_start 1779214396.575910133
2026-05-20 03:13:31,740 DEBUG   BULK_SNAP_T pipeline_done 1779214408.223120025
2026-05-20 03:13:31,740 DEBUG   BULK_SNAP_T guest_end 1779214408.227156977
2026-05-20 03:13:31,740 DEBUG   
2026-05-20 03:13:31,740 DEBUG   49283072 bytes (49 MB) copied, 1.021260 s, 48.3 MB/s
2026-05-20 03:13:31,740 DEBUG   82837504 bytes (83 MB) copied, 2.048045 s, 40.4 MB/s
2026-05-20 03:13:31,740 DEBUG   138412032 bytes (138 MB) copied, 3.121984 s, 44.3 MB/s
2026-05-20 03:13:31,740 DEBUG   180355072 bytes (180 MB) copied, 4.128110 s, 43.7 MB/s
2026-05-20 03:13:31,740 DEBUG   229638144 bytes (230 MB) copied, 5.148181 s, 44.6 MB/s
2026-05-20 03:13:31,740 DEBUG   279969792 bytes (280 MB) copied, 6.161252 s, 45.4 MB/s
2026-05-20 03:13:31,740 DEBUG   324009984 bytes (324 MB) copied, 7.186045 s, 45.1 MB/s
2026-05-20 03:13:31,740 DEBUG   372244480 bytes (372 MB) copied, 8.214192 s, 45.3 MB/s
2026-05-20 03:13:31,740 DEBUG   422576128 bytes (423 MB) copied, 9.293006 s, 45.5 MB/s
2026-05-20 03:13:31,740 DEBUG   464519168 bytes (465 MB) copied, 10.334228 s, 44.9 MB/s
2026-05-20 03:13:31,740 DEBUG   511705088 bytes (512 MB) copied, 11.342028 s, 45.1 MB/s
2026-05-20 03:13:31,740 DEBUG   500+0 records in
2026-05-20 03:13:31,740 DEBUG   500+0 records out
2026-05-20 03:13:31,740 DEBUG   524288000 bytes (524 MB) copied, 11.547 s, 45.4 MB/s
2026-05-20 03:13:31,740 DEBUG   OK (disk op exit 0)
2026-05-20 03:13:31,741 DEBUG [1050/1171] VM 89ad85b7… (ahv_ins_delete-0-260514-181428) via 10.114.50.208 op=update
2026-05-20 03:13:31,741 DEBUG   remote: bash -lc 'set -e; _bs(){ printf '"'"'BULK_SNAP_T %s %s\n'"'"' "$1" "$(date +%s.%N 2>/dev/null || date +%s)"; }; _bs guest_start; _bs pipeline_start; openssl enc -aes-256-ctr -pass pass:"testing" -nosalt < /dev/zero 2>/dev/null | dd of=/root/dummy_snapshot_data_1.img bs=1M count=500 iflag=fullblock conv=notrunc status=progress; ec=$?; _bs pipeline_done; _bs guest_end; exit $ec'
2026-05-20 03:13:31,964 DEBUG   BULK_SNAP_T guest_start 1779214396.957638780
2026-05-20 03:13:31,965 DEBUG   BULK_SNAP_T pipeline_start 1779214396.962745319
2026-05-20 03:13:31,965 DEBUG   BULK_SNAP_T pipeline_done 1779214408.253061118
2026-05-20 03:13:31,965 DEBUG   BULK_SNAP_T guest_end 1779214408.256694292
2026-05-20 03:13:31,965 DEBUG   
2026-05-20 03:13:31,965 DEBUG   39845888 bytes (40 MB) copied, 1.001533 s, 39.8 MB/s
2026-05-20 03:13:31,965 DEBUG   96468992 bytes (96 MB) copied, 2.046376 s, 47.1 MB/s
2026-05-20 03:13:31,965 DEBUG   144703488 bytes (145 MB) copied, 3.064351 s, 47.2 MB/s
2026-05-20 03:13:31,965 DEBUG   190840832 bytes (191 MB) copied, 4.091372 s, 46.6 MB/s
2026-05-20 03:13:31,965 DEBUG   242221056 bytes (242 MB) copied, 5.108416 s, 47.4 MB/s
2026-05-20 03:13:31,965 DEBUG   292552704 bytes (293 MB) copied, 6.117466 s, 47.8 MB/s
2026-05-20 03:13:31,965 DEBUG   337641472 bytes (338 MB) copied, 7.137359 s, 47.3 MB/s
2026-05-20 03:13:31,965 DEBUG   384827392 bytes (385 MB) copied, 8.158385 s, 47.2 MB/s
2026-05-20 03:13:31,965 DEBUG   424673280 bytes (425 MB) copied, 9.179525 s, 46.3 MB/s
2026-05-20 03:13:31,965 DEBUG   469762048 bytes (470 MB) copied, 10.230263 s, 45.9 MB/s
2026-05-20 03:13:31,965 DEBUG   500+0 records in
2026-05-20 03:13:31,965 DEBUG   500+0 records out
2026-05-20 03:13:31,965 DEBUG   524288000 bytes (524 MB) copied, 11.1466 s, 47.0 MB/s
2026-05-20 03:13:31,965 DEBUG   OK (disk op exit 0)
2026-05-20 03:13:31,966 DEBUG [1051/1171] VM 097c9822… (ahv_ins_delete-0-260514-181435) via 10.114.54.93 op=update
2026-05-20 03:13:31,966 DEBUG   remote: bash -lc 'set -e; _bs(){ printf '"'"'BULK_SNAP_T %s %s\n'"'"' "$1" "$(date +%s.%N 2>/dev/null || date +%s)"; }; _bs guest_start; _bs pipeline_start; openssl enc -aes-256-ctr -pass pass:"testing" -nosalt < /dev/zero 2>/dev/null | dd of=/root/dummy_snapshot_data_1.img bs=1M count=500 iflag=fullblock conv=notrunc status=progress; ec=$?; _bs pipeline_done; _bs guest_end; exit $ec'
2026-05-20 03:13:31,987 DEBUG   BULK_SNAP_T guest_start 1779214396.883785035
2026-05-20 03:13:31,988 DEBUG   BULK_SNAP_T pipeline_start 1779214396.891969753
2026-05-20 03:13:31,988 DEBUG   BULK_SNAP_T pipeline_done 1779214408.239720902
2026-05-20 03:13:31,988 DEBUG   BULK_SNAP_T guest_end 1779214408.244222582
2026-05-20 03:13:31,988 DEBUG   
2026-05-20 03:13:31,988 DEBUG   39845888 bytes (40 MB) copied, 1.013411 s, 39.3 MB/s
2026-05-20 03:13:31,988 DEBUG   94371840 bytes (94 MB) copied, 2.017639 s, 46.8 MB/s
2026-05-20 03:13:31,988 DEBUG   142606336 bytes (143 MB) copied, 3.030372 s, 47.1 MB/s
2026-05-20 03:13:31,988 DEBUG   190840832 bytes (191 MB) copied, 4.060708 s, 47.0 MB/s
2026-05-20 03:13:31,988 DEBUG   243269632 bytes (243 MB) copied, 5.083652 s, 47.9 MB/s
2026-05-20 03:13:31,988 DEBUG   294649856 bytes (295 MB) copied, 6.087446 s, 48.4 MB/s
2026-05-20 03:13:31,988 DEBUG   340787200 bytes (341 MB) copied, 7.118652 s, 47.9 MB/s
2026-05-20 03:13:31,988 DEBUG   384827392 bytes (385 MB) copied, 8.128513 s, 47.3 MB/s
2026-05-20 03:13:31,988 DEBUG   423624704 bytes (424 MB) copied, 9.134412 s, 46.4 MB/s
2026-05-20 03:13:31,988 DEBUG   466616320 bytes (467 MB) copied, 10.150646 s, 46.0 MB/s
2026-05-20 03:13:31,988 DEBUG   515899392 bytes (516 MB) copied, 11.153721 s, 46.3 MB/s
2026-05-20 03:13:31,988 DEBUG   500+0 records in
2026-05-20 03:13:31,988 DEBUG   500+0 records out
2026-05-20 03:13:31,988 DEBUG   524288000 bytes (524 MB) copied, 11.2799 s, 46.5 MB/s
2026-05-20 03:13:31,988 DEBUG   OK (disk op exit 0)
2026-05-20 03:13:31,989 DEBUG [1052/1171] VM 6e1d4669… (ahv_ins_delete-0-260514-181435) via 10.114.51.97 op=update
2026-05-20 03:13:31,989 DEBUG   remote: bash -lc 'set -e; _bs(){ printf '"'"'BULK_SNAP_T %s %s\n'"'"' "$1" "$(date +%s.%N 2>/dev/null || date +%s)"; }; _bs guest_start; _bs pipeline_start; openssl enc -aes-256-ctr -pass pass:"testing" -nosalt < /dev/zero 2>/dev/null | dd of=/root/dummy_snapshot_data_1.img bs=1M count=500 iflag=fullblock conv=notrunc status=progress; ec=$?; _bs pipeline_done; _bs guest_end; exit $ec'
2026-05-20 03:13:32,933 DEBUG   BULK_SNAP_T guest_start 1779214397.486813177
2026-05-20 03:13:32,933 DEBUG   BULK_SNAP_T pipeline_start 1779214397.498307117
2026-05-20 03:13:32,933 DEBUG   BULK_SNAP_T pipeline_done 1779214409.103244501
2026-05-20 03:13:32,933 DEBUG   BULK_SNAP_T guest_end 1779214409.109380264
2026-05-20 03:13:32,933 DEBUG   
2026-05-20 03:13:32,933 DEBUG   34603008 bytes (35 MB) copied, 1.002240 s, 34.5 MB/s
2026-05-20 03:13:32,933 DEBUG   87031808 bytes (87 MB) copied, 2.008501 s, 43.3 MB/s
2026-05-20 03:13:32,934 DEBUG   138412032 bytes (138 MB) copied, 3.010199 s, 46.0 MB/s
2026-05-20 03:13:32,934 DEBUG   168820736 bytes (169 MB) copied, 4.025194 s, 41.9 MB/s
2026-05-20 03:13:32,934 DEBUG   214958080 bytes (215 MB) copied, 5.041257 s, 42.6 MB/s
2026-05-20 03:13:32,934 DEBUG   260046848 bytes (260 MB) copied, 6.048520 s, 43.0 MB/s
2026-05-20 03:13:32,934 DEBUG   303038464 bytes (303 MB) copied, 7.090477 s, 42.7 MB/s
2026-05-20 03:13:32,934 DEBUG   344981504 bytes (345 MB) copied, 8.125334 s, 42.5 MB/s
2026-05-20 03:13:32,934 DEBUG   387973120 bytes (388 MB) copied, 9.136225 s, 42.5 MB/s
2026-05-20 03:13:32,934 DEBUG   434110464 bytes (434 MB) copied, 10.147496 s, 42.8 MB/s
2026-05-20 03:13:32,934 DEBUG   500170752 bytes (500 MB) copied, 11.151151 s, 44.9 MB/s
2026-05-20 03:13:32,934 DEBUG   500+0 records in
2026-05-20 03:13:32,934 DEBUG   500+0 records out
2026-05-20 03:13:32,934 DEBUG   524288000 bytes (524 MB) copied, 11.5048 s, 45.6 MB/s
2026-05-20 03:13:32,934 DEBUG   OK (disk op exit 0)
2026-05-20 03:13:32,935 DEBUG [1053/1171] VM edf648da… (ahv_ins_delete-0-260514-181914) via 10.114.53.51 op=update
2026-05-20 03:13:32,935 DEBUG   remote: bash -lc 'set -e; _bs(){ printf '"'"'BULK_SNAP_T %s %s\n'"'"' "$1" "$(date +%s.%N 2>/dev/null || date +%s)"; }; _bs guest_start; _bs pipeline_start; openssl enc -aes-256-ctr -pass pass:"testing" -nosalt < /dev/zero 2>/dev/null | dd of=/root/dummy_snapshot_data_1.img bs=1M count=500 iflag=fullblock conv=notrunc status=progress; ec=$?; _bs pipeline_done; _bs guest_end; exit $ec'
2026-05-20 03:13:33,202 DEBUG   BULK_SNAP_T guest_start 1779214397.318907887
2026-05-20 03:13:33,202 DEBUG   BULK_SNAP_T pipeline_start 1779214397.323616576
2026-05-20 03:13:33,202 DEBUG   BULK_SNAP_T pipeline_done 1779214409.703025319
2026-05-20 03:13:33,202 DEBUG   BULK_SNAP_T guest_end 1779214409.705822098
2026-05-20 03:13:33,202 DEBUG   
2026-05-20 03:13:33,202 DEBUG   33554432 bytes (34 MB) copied, 1.018477 s, 32.9 MB/s
2026-05-20 03:13:33,202 DEBUG   74448896 bytes (74 MB) copied, 2.025379 s, 36.8 MB/s
2026-05-20 03:13:33,202 DEBUG   121634816 bytes (122 MB) copied, 3.032931 s, 40.1 MB/s
2026-05-20 03:13:33,202 DEBUG   156237824 bytes (156 MB) copied, 4.052252 s, 38.6 MB/s
2026-05-20 03:13:33,202 DEBUG   191889408 bytes (192 MB) copied, 5.077156 s, 37.8 MB/s
2026-05-20 03:13:33,202 DEBUG   233832448 bytes (234 MB) copied, 6.102053 s, 38.3 MB/s
2026-05-20 03:13:33,202 DEBUG   277872640 bytes (278 MB) copied, 7.116167 s, 39.0 MB/s
2026-05-20 03:13:33,202 DEBUG   322961408 bytes (323 MB) copied, 8.120388 s, 39.8 MB/s
2026-05-20 03:13:33,202 DEBUG   360710144 bytes (361 MB) copied, 9.172153 s, 39.3 MB/s
2026-05-20 03:13:33,202 DEBUG   405798912 bytes (406 MB) copied, 10.176907 s, 39.9 MB/s
2026-05-20 03:13:33,202 DEBUG   449839104 bytes (450 MB) copied, 11.180871 s, 40.2 MB/s
2026-05-20 03:13:33,202 DEBUG   516947968 bytes (517 MB) copied, 12.189946 s, 42.4 MB/s
2026-05-20 03:13:33,202 DEBUG   500+0 records in
2026-05-20 03:13:33,202 DEBUG   500+0 records out
2026-05-20 03:13:33,202 DEBUG   524288000 bytes (524 MB) copied, 12.3053 s, 42.6 MB/s
2026-05-20 03:13:33,202 DEBUG   OK (disk op exit 0)
2026-05-20 03:13:33,203 DEBUG [1054/1171] VM 8b374740… (ahv_ins_delete-0-260514-181933) via 10.114.51.10 op=update
2026-05-20 03:13:33,203 DEBUG   remote: bash -lc 'set -e; _bs(){ printf '"'"'BULK_SNAP_T %s %s\n'"'"' "$1" "$(date +%s.%N 2>/dev/null || date +%s)"; }; _bs guest_start; _bs pipeline_start; openssl enc -aes-256-ctr -pass pass:"testing" -nosalt < /dev/zero 2>/dev/null | dd of=/root/dummy_snapshot_data_1.img bs=1M count=500 iflag=fullblock conv=notrunc status=progress; ec=$?; _bs pipeline_done; _bs guest_end; exit $ec'
2026-05-20 03:13:35,729 DEBUG   BULK_SNAP_T guest_start 1779214400.460471967
2026-05-20 03:13:35,729 DEBUG   BULK_SNAP_T pipeline_start 1779214400.467193550
2026-05-20 03:13:35,729 DEBUG   BULK_SNAP_T pipeline_done 1779214412.402682238
2026-05-20 03:13:35,729 DEBUG   BULK_SNAP_T guest_end 1779214412.420234090
2026-05-20 03:13:35,729 DEBUG   
2026-05-20 03:13:35,729 DEBUG   31457280 bytes (31 MB) copied, 1.000779 s, 31.4 MB/s
2026-05-20 03:13:35,729 DEBUG   58720256 bytes (59 MB) copied, 2.020490 s, 29.1 MB/s
2026-05-20 03:13:35,729 DEBUG   83886080 bytes (84 MB) copied, 3.043721 s, 27.6 MB/s
2026-05-20 03:13:35,729 DEBUG   122683392 bytes (123 MB) copied, 4.067725 s, 30.2 MB/s
2026-05-20 03:13:35,729 DEBUG   148897792 bytes (149 MB) copied, 5.095422 s, 29.2 MB/s
2026-05-20 03:13:35,729 DEBUG   184549376 bytes (185 MB) copied, 6.128492 s, 30.1 MB/s
2026-05-20 03:13:35,729 DEBUG   232783872 bytes (233 MB) copied, 7.153513 s, 32.5 MB/s
2026-05-20 03:13:35,729 DEBUG   286261248 bytes (286 MB) copied, 8.165410 s, 35.1 MB/s
2026-05-20 03:13:35,729 DEBUG   362807296 bytes (363 MB) copied, 9.171654 s, 39.6 MB/s
2026-05-20 03:13:35,729 DEBUG   434110464 bytes (434 MB) copied, 10.183798 s, 42.6 MB/s
2026-05-20 03:13:35,729 DEBUG   494927872 bytes (495 MB) copied, 11.188632 s, 44.2 MB/s
2026-05-20 03:13:35,729 DEBUG   500+0 records in
2026-05-20 03:13:35,729 DEBUG   500+0 records out
2026-05-20 03:13:35,729 DEBUG   524288000 bytes (524 MB) copied, 11.8058 s, 44.4 MB/s
2026-05-20 03:13:35,729 DEBUG   OK (disk op exit 0)
2026-05-20 03:13:35,730 DEBUG [1055/1171] VM 6f54dc63… (ahv_ins_delete-0-260514-181944) via 10.114.53.247 op=update
2026-05-20 03:13:35,730 DEBUG   remote: bash -lc 'set -e; _bs(){ printf '"'"'BULK_SNAP_T %s %s\n'"'"' "$1" "$(date +%s.%N 2>/dev/null || date +%s)"; }; _bs guest_start; _bs pipeline_start; openssl enc -aes-256-ctr -pass pass:"testing" -nosalt < /dev/zero 2>/dev/null | dd of=/root/dummy_snapshot_data_1.img bs=1M count=500 iflag=fullblock conv=notrunc status=progress; ec=$?; _bs pipeline_done; _bs guest_end; exit $ec'
2026-05-20 03:13:37,238 DEBUG   BULK_SNAP_T guest_start 1779214400.196846621
2026-05-20 03:13:37,238 DEBUG   BULK_SNAP_T pipeline_start 1779214400.200126605
2026-05-20 03:13:37,238 DEBUG   BULK_SNAP_T pipeline_done 1779214413.505988488
2026-05-20 03:13:37,238 DEBUG   BULK_SNAP_T guest_end 1779214413.515214000
2026-05-20 03:13:37,238 DEBUG   
2026-05-20 03:13:37,238 DEBUG   26214400 bytes (26 MB) copied, 1.001435 s, 26.2 MB/s
2026-05-20 03:13:37,238 DEBUG   65011712 bytes (65 MB) copied, 2.015599 s, 32.3 MB/s
2026-05-20 03:13:37,239 DEBUG   99614720 bytes (100 MB) copied, 3.036004 s, 32.8 MB/s
2026-05-20 03:13:37,239 DEBUG   138412032 bytes (138 MB) copied, 4.102477 s, 33.7 MB/s
2026-05-20 03:13:37,239 DEBUG   166723584 bytes (167 MB) copied, 5.116979 s, 32.6 MB/s
2026-05-20 03:13:37,239 DEBUG   202375168 bytes (202 MB) copied, 6.134523 s, 33.0 MB/s
2026-05-20 03:13:37,239 DEBUG   232783872 bytes (233 MB) copied, 7.166630 s, 32.5 MB/s
2026-05-20 03:13:37,239 DEBUG   279969792 bytes (280 MB) copied, 8.189485 s, 34.2 MB/s
2026-05-20 03:13:37,239 DEBUG   343932928 bytes (344 MB) copied, 9.190986 s, 37.4 MB/s
2026-05-20 03:13:37,239 DEBUG   396361728 bytes (396 MB) copied, 10.200070 s, 38.9 MB/s
2026-05-20 03:13:37,239 DEBUG   437256192 bytes (437 MB) copied, 11.206963 s, 39.0 MB/s
2026-05-20 03:13:37,239 DEBUG   482344960 bytes (482 MB) copied, 12.233989 s, 39.4 MB/s
2026-05-20 03:13:37,239 DEBUG   500+0 records in
2026-05-20 03:13:37,239 DEBUG   500+0 records out
2026-05-20 03:13:37,239 DEBUG   524288000 bytes (524 MB) copied, 13.1173 s, 40.0 MB/s
2026-05-20 03:13:37,239 DEBUG   OK (disk op exit 0)
2026-05-20 03:13:37,239 DEBUG [1056/1171] VM a9889d8c… (ahv_ins_delete-0-260514-181959) via 10.114.48.122 op=update
2026-05-20 03:13:37,239 DEBUG   remote: bash -lc 'set -e; _bs(){ printf '"'"'BULK_SNAP_T %s %s\n'"'"' "$1" "$(date +%s.%N 2>/dev/null || date +%s)"; }; _bs guest_start; _bs pipeline_start; openssl enc -aes-256-ctr -pass pass:"testing" -nosalt < /dev/zero 2>/dev/null | dd of=/root/dummy_snapshot_data_1.img bs=1M count=500 iflag=fullblock conv=notrunc status=progress; ec=$?; _bs pipeline_done; _bs guest_end; exit $ec'
2026-05-20 03:13:37,512 DEBUG   BULK_SNAP_T guest_start 1779214403.585987981
2026-05-20 03:13:37,512 DEBUG   BULK_SNAP_T pipeline_start 1779214403.601683751
2026-05-20 03:13:37,512 DEBUG   BULK_SNAP_T pipeline_done 1779214416.081595442
2026-05-20 03:13:37,512 DEBUG   BULK_SNAP_T guest_end 1779214416.091374517
2026-05-20 03:13:37,512 DEBUG   
2026-05-20 03:13:37,512 DEBUG   63963136 bytes (64 MB) copied, 1.017947 s, 62.8 MB/s
2026-05-20 03:13:37,512 DEBUG   128974848 bytes (129 MB) copied, 2.025771 s, 63.7 MB/s
2026-05-20 03:13:37,512 DEBUG   171966464 bytes (172 MB) copied, 3.037805 s, 56.6 MB/s
2026-05-20 03:13:37,512 DEBUG   216006656 bytes (216 MB) copied, 4.060825 s, 53.2 MB/s
2026-05-20 03:13:37,513 DEBUG   257949696 bytes (258 MB) copied, 5.096776 s, 50.6 MB/s
2026-05-20 03:13:37,513 DEBUG   304087040 bytes (304 MB) copied, 6.100711 s, 49.8 MB/s
2026-05-20 03:13:37,513 DEBUG   348127232 bytes (348 MB) copied, 7.121918 s, 48.9 MB/s
2026-05-20 03:13:37,513 DEBUG   389021696 bytes (389 MB) copied, 8.129949 s, 47.9 MB/s
2026-05-20 03:13:37,513 DEBUG   430964736 bytes (431 MB) copied, 9.130889 s, 47.2 MB/s
2026-05-20 03:13:37,513 DEBUG   471859200 bytes (472 MB) copied, 10.138822 s, 46.5 MB/s
2026-05-20 03:13:37,513 DEBUG   499122176 bytes (499 MB) copied, 11.149818 s, 44.8 MB/s
2026-05-20 03:13:37,513 DEBUG   523239424 bytes (523 MB) copied, 12.190683 s, 42.9 MB/s
2026-05-20 03:13:37,513 DEBUG   500+0 records in
2026-05-20 03:13:37,513 DEBUG   500+0 records out
2026-05-20 03:13:37,513 DEBUG   524288000 bytes (524 MB) copied, 12.2298 s, 42.9 MB/s
2026-05-20 03:13:37,513 DEBUG   OK (disk op exit 0)
2026-05-20 03:13:37,513 DEBUG [815/1171] VM 9465c089… (vm-0-260519-100612) via 10.53.40.20 op=update
2026-05-20 03:13:37,513 DEBUG   remote: bash -lc 'set -e; _bs(){ printf '"'"'BULK_SNAP_T %s %s\n'"'"' "$1" "$(date +%s.%N 2>/dev/null || date +%s)"; }; _bs guest_start; _bs pipeline_start; openssl enc -aes-256-ctr -pass pass:"testing" -nosalt < /dev/zero 2>/dev/null | dd of=/root/dummy_snapshot_data_1.img bs=1M count=500 iflag=fullblock conv=notrunc status=progress; ec=$?; _bs pipeline_done; _bs guest_end; exit $ec'
2026-05-20 03:13:38,265 DEBUG   BULK_SNAP_T guest_start 1779214402.851325112
2026-05-20 03:13:38,265 DEBUG   BULK_SNAP_T pipeline_start 1779214402.859367626
2026-05-20 03:13:38,265 DEBUG   BULK_SNAP_T pipeline_done 1779214416.118595263
2026-05-20 03:13:38,265 DEBUG   BULK_SNAP_T guest_end 1779214416.133907255
2026-05-20 03:13:38,265 DEBUG   
2026-05-20 03:13:38,265 DEBUG   68157440 bytes (68 MB) copied, 1.016213 s, 67.1 MB/s
2026-05-20 03:13:38,265 DEBUG   100663296 bytes (101 MB) copied, 2.039557 s, 49.4 MB/s
2026-05-20 03:13:38,265 DEBUG   146800640 bytes (147 MB) copied, 3.045034 s, 48.2 MB/s
2026-05-20 03:13:38,265 DEBUG   190840832 bytes (191 MB) copied, 4.054003 s, 47.1 MB/s
2026-05-20 03:13:38,265 DEBUG   234881024 bytes (235 MB) copied, 5.079119 s, 46.2 MB/s
2026-05-20 03:13:38,265 DEBUG   282066944 bytes (282 MB) copied, 6.106945 s, 46.2 MB/s
2026-05-20 03:13:38,265 DEBUG   325058560 bytes (325 MB) copied, 7.110989 s, 45.7 MB/s
2026-05-20 03:13:38,265 DEBUG   367001600 bytes (367 MB) copied, 8.125969 s, 45.2 MB/s
2026-05-20 03:13:38,265 DEBUG   405798912 bytes (406 MB) copied, 9.180973 s, 44.2 MB/s
2026-05-20 03:13:38,265 DEBUG   443547648 bytes (444 MB) copied, 10.203097 s, 43.5 MB/s
2026-05-20 03:13:38,265 DEBUG   470810624 bytes (471 MB) copied, 11.245940 s, 41.9 MB/s
2026-05-20 03:13:38,265 DEBUG   497025024 bytes (497 MB) copied, 12.261915 s, 40.5 MB/s
2026-05-20 03:13:38,265 DEBUG   500+0 records in
2026-05-20 03:13:38,265 DEBUG   500+0 records out
2026-05-20 03:13:38,265 DEBUG   524288000 bytes (524 MB) copied, 13.0491 s, 40.2 MB/s
2026-05-20 03:13:38,265 DEBUG   OK (disk op exit 0)
2026-05-20 03:13:38,266 DEBUG [816/1171] VM 3bac7995… (vm-0-260519-100617) via 10.53.2.150 op=update
2026-05-20 03:13:38,266 DEBUG   remote: bash -lc 'set -e; _bs(){ printf '"'"'BULK_SNAP_T %s %s\n'"'"' "$1" "$(date +%s.%N 2>/dev/null || date +%s)"; }; _bs guest_start; _bs pipeline_start; openssl enc -aes-256-ctr -pass pass:"testing" -nosalt < /dev/zero 2>/dev/null | dd of=/root/dummy_snapshot_data_1.img bs=1M count=500 iflag=fullblock conv=notrunc status=progress; ec=$?; _bs pipeline_done; _bs guest_end; exit $ec'
2026-05-20 03:13:38,269 DEBUG   BULK_SNAP_T guest_start 1779214403.277952947
2026-05-20 03:13:38,269 DEBUG   BULK_SNAP_T pipeline_start 1779214403.285587261
2026-05-20 03:13:38,269 DEBUG   BULK_SNAP_T pipeline_done 1779214417.049694595
2026-05-20 03:13:38,269 DEBUG   BULK_SNAP_T guest_end 1779214417.057803727
2026-05-20 03:13:38,269 DEBUG   
2026-05-20 03:13:38,269 DEBUG   49283072 bytes (49 MB) copied, 1.135394 s, 43.4 MB/s
2026-05-20 03:13:38,269 DEBUG   84934656 bytes (85 MB) copied, 2.207310 s, 38.5 MB/s
2026-05-20 03:13:38,269 DEBUG   132120576 bytes (132 MB) copied, 3.247417 s, 40.7 MB/s
2026-05-20 03:13:38,269 DEBUG   173015040 bytes (173 MB) copied, 4.272792 s, 40.5 MB/s
2026-05-20 03:13:38,269 DEBUG   214958080 bytes (215 MB) copied, 5.284023 s, 40.7 MB/s
2026-05-20 03:13:38,269 DEBUG   252706816 bytes (253 MB) copied, 6.291960 s, 40.2 MB/s
2026-05-20 03:13:38,269 DEBUG   294649856 bytes (295 MB) copied, 7.312132 s, 40.3 MB/s
2026-05-20 03:13:38,269 DEBUG   339738624 bytes (340 MB) copied, 8.372959 s, 40.6 MB/s
2026-05-20 03:13:38,269 DEBUG   383778816 bytes (384 MB) copied, 9.374884 s, 40.9 MB/s
2026-05-20 03:13:38,269 DEBUG   426770432 bytes (427 MB) copied, 10.391852 s, 41.1 MB/s
2026-05-20 03:13:38,269 DEBUG   460324864 bytes (460 MB) copied, 11.424833 s, 40.3 MB/s
2026-05-20 03:13:38,269 DEBUG   488636416 bytes (489 MB) copied, 12.448806 s, 39.3 MB/s
2026-05-20 03:13:38,269 DEBUG   500+0 records in
2026-05-20 03:13:38,269 DEBUG   500+0 records out
2026-05-20 03:13:38,269 DEBUG   524288000 bytes (524 MB) copied, 13.4338 s, 39.0 MB/s
2026-05-20 03:13:38,269 DEBUG   OK (disk op exit 0)
2026-05-20 03:13:38,270 DEBUG [817/1171] VM e2e9d4d5… (vm-0-260519-100626) via 10.53.51.229 op=update
2026-05-20 03:13:38,270 DEBUG   remote: bash -lc 'set -e; _bs(){ printf '"'"'BULK_SNAP_T %s %s\n'"'"' "$1" "$(date +%s.%N 2>/dev/null || date +%s)"; }; _bs guest_start; _bs pipeline_start; openssl enc -aes-256-ctr -pass pass:"testing" -nosalt < /dev/zero 2>/dev/null | dd of=/root/dummy_snapshot_data_1.img bs=1M count=500 iflag=fullblock conv=notrunc status=progress; ec=$?; _bs pipeline_done; _bs guest_end; exit $ec'
2026-05-20 03:13:38,271 DEBUG   BULK_SNAP_T guest_start 1779214404.213049830
2026-05-20 03:13:38,271 DEBUG   BULK_SNAP_T pipeline_start 1779214404.218961842
2026-05-20 03:13:38,271 DEBUG   BULK_SNAP_T pipeline_done 1779214416.766935391
2026-05-20 03:13:38,271 DEBUG   BULK_SNAP_T guest_end 1779214416.778589395
2026-05-20 03:13:38,271 DEBUG   
2026-05-20 03:13:38,271 DEBUG   71303168 bytes (71 MB) copied, 1.098600 s, 64.9 MB/s
2026-05-20 03:13:38,271 DEBUG   112197632 bytes (112 MB) copied, 2.119956 s, 52.9 MB/s
2026-05-20 03:13:38,271 DEBUG   162529280 bytes (163 MB) copied, 3.130215 s, 51.9 MB/s
2026-05-20 03:13:38,271 DEBUG   216006656 bytes (216 MB) copied, 4.131300 s, 52.3 MB/s
2026-05-20 03:13:38,271 DEBUG   266338304 bytes (266 MB) copied, 5.137156 s, 51.8 MB/s
2026-05-20 03:13:38,271 DEBUG   314572800 bytes (315 MB) copied, 6.145236 s, 51.2 MB/s
2026-05-20 03:13:38,271 DEBUG   359661568 bytes (360 MB) copied, 7.192949 s, 50.0 MB/s
2026-05-20 03:13:38,271 DEBUG   405798912 bytes (406 MB) copied, 8.201371 s, 49.5 MB/s
2026-05-20 03:13:38,271 DEBUG   449839104 bytes (450 MB) copied, 9.215313 s, 48.8 MB/s
2026-05-20 03:13:38,271 DEBUG   484442112 bytes (484 MB) copied, 10.236423 s, 47.3 MB/s
2026-05-20 03:13:38,271 DEBUG   512753664 bytes (513 MB) copied, 11.276365 s, 45.5 MB/s
2026-05-20 03:13:38,271 DEBUG   500+0 records in
2026-05-20 03:13:38,271 DEBUG   500+0 records out
2026-05-20 03:13:38,271 DEBUG   524288000 bytes (524 MB) copied, 11.6493 s, 45.0 MB/s
2026-05-20 03:13:38,271 DEBUG   OK (disk op exit 0)
2026-05-20 03:13:38,272 DEBUG [818/1171] VM cffb3e1f… (vm-0-260519-100634) via 10.53.16.72 op=update
2026-05-20 03:13:38,272 DEBUG   remote: bash -lc 'set -e; _bs(){ printf '"'"'BULK_SNAP_T %s %s\n'"'"' "$1" "$(date +%s.%N 2>/dev/null || date +%s)"; }; _bs guest_start; _bs pipeline_start; openssl enc -aes-256-ctr -pass pass:"testing" -nosalt < /dev/zero 2>/dev/null | dd of=/root/dummy_snapshot_data_1.img bs=1M count=500 iflag=fullblock conv=notrunc status=progress; ec=$?; _bs pipeline_done; _bs guest_end; exit $ec'
2026-05-20 03:13:38,505 DEBUG   BULK_SNAP_T guest_start 1779214403.839897014
2026-05-20 03:13:38,505 DEBUG   BULK_SNAP_T pipeline_start 1779214403.845035333
2026-05-20 03:13:38,505 DEBUG   BULK_SNAP_T pipeline_done 1779214417.207497680
2026-05-20 03:13:38,505 DEBUG   BULK_SNAP_T guest_end 1779214417.228522280
2026-05-20 03:13:38,505 DEBUG   
2026-05-20 03:13:38,505 DEBUG   52428800 bytes (52 MB) copied, 1.184115 s, 44.3 MB/s
2026-05-20 03:13:38,505 DEBUG   98566144 bytes (99 MB) copied, 2.201419 s, 44.8 MB/s
2026-05-20 03:13:38,505 DEBUG   140509184 bytes (141 MB) copied, 3.201960 s, 43.9 MB/s
2026-05-20 03:13:38,505 DEBUG   181403648 bytes (181 MB) copied, 4.236792 s, 42.8 MB/s
2026-05-20 03:13:38,505 DEBUG   225443840 bytes (225 MB) copied, 5.270809 s, 42.8 MB/s
2026-05-20 03:13:38,505 DEBUG   269484032 bytes (269 MB) copied, 6.294950 s, 42.8 MB/s
2026-05-20 03:13:38,505 DEBUG   307232768 bytes (307 MB) copied, 7.304716 s, 42.1 MB/s
2026-05-20 03:13:38,505 DEBUG   344981504 bytes (345 MB) copied, 8.308941 s, 41.5 MB/s
2026-05-20 03:13:38,505 DEBUG   389021696 bytes (389 MB) copied, 9.344890 s, 41.6 MB/s
2026-05-20 03:13:38,505 DEBUG   429916160 bytes (430 MB) copied, 10.347819 s, 41.5 MB/s
2026-05-20 03:13:38,505 DEBUG   459276288 bytes (459 MB) copied, 11.403795 s, 40.3 MB/s
2026-05-20 03:13:38,505 DEBUG   490733568 bytes (491 MB) copied, 12.422737 s, 39.5 MB/s
2026-05-20 03:13:38,505 DEBUG   500+0 records in
2026-05-20 03:13:38,505 DEBUG   500+0 records out
2026-05-20 03:13:38,505 DEBUG   524288000 bytes (524 MB) copied, 13.1436 s, 39.9 MB/s
2026-05-20 03:13:38,505 DEBUG   OK (disk op exit 0)
2026-05-20 03:13:38,506 DEBUG [819/1171] VM f4652458… (vm-1-260519-073201) via 10.53.21.128 op=update
2026-05-20 03:13:38,506 DEBUG   remote: bash -lc 'set -e; _bs(){ printf '"'"'BULK_SNAP_T %s %s\n'"'"' "$1" "$(date +%s.%N 2>/dev/null || date +%s)"; }; _bs guest_start; _bs pipeline_start; openssl enc -aes-256-ctr -pass pass:"testing" -nosalt < /dev/zero 2>/dev/null | dd of=/root/dummy_snapshot_data_1.img bs=1M count=500 iflag=fullblock conv=notrunc status=progress; ec=$?; _bs pipeline_done; _bs guest_end; exit $ec'
2026-05-20 03:13:38,735 DEBUG   BULK_SNAP_T guest_start 1779214403.298542830
2026-05-20 03:13:38,735 DEBUG   BULK_SNAP_T pipeline_start 1779214403.304319273
2026-05-20 03:13:38,735 DEBUG   BULK_SNAP_T pipeline_done 1779214417.505899839
2026-05-20 03:13:38,735 DEBUG   BULK_SNAP_T guest_end 1779214417.511576016
2026-05-20 03:13:38,735 DEBUG   
2026-05-20 03:13:38,735 DEBUG   47185920 bytes (47 MB) copied, 1.023343 s, 46.1 MB/s
2026-05-20 03:13:38,735 DEBUG   72351744 bytes (72 MB) copied, 2.026396 s, 35.7 MB/s
2026-05-20 03:13:38,735 DEBUG   109051904 bytes (109 MB) copied, 3.074680 s, 35.5 MB/s
2026-05-20 03:13:38,735 DEBUG   146800640 bytes (147 MB) copied, 4.082383 s, 36.0 MB/s
2026-05-20 03:13:38,735 DEBUG   182452224 bytes (182 MB) copied, 5.092687 s, 35.8 MB/s
2026-05-20 03:13:38,735 DEBUG   224395264 bytes (224 MB) copied, 6.113925 s, 36.7 MB/s
2026-05-20 03:13:38,735 DEBUG   263192576 bytes (263 MB) copied, 7.131578 s, 36.9 MB/s
2026-05-20 03:13:38,735 DEBUG   303038464 bytes (303 MB) copied, 8.132423 s, 37.3 MB/s
2026-05-20 03:13:38,735 DEBUG   340787200 bytes (341 MB) copied, 9.135547 s, 37.3 MB/s
2026-05-20 03:13:38,735 DEBUG   380633088 bytes (381 MB) copied, 10.140596 s, 37.5 MB/s
2026-05-20 03:13:38,735 DEBUG   420478976 bytes (420 MB) copied, 11.172406 s, 37.6 MB/s
2026-05-20 03:13:38,735 DEBUG   450887680 bytes (451 MB) copied, 12.184388 s, 37.0 MB/s
2026-05-20 03:13:38,735 DEBUG   484442112 bytes (484 MB) copied, 13.184418 s, 36.7 MB/s
2026-05-20 03:13:38,735 DEBUG   500+0 records in
2026-05-20 03:13:38,735 DEBUG   500+0 records out
2026-05-20 03:13:38,735 DEBUG   524288000 bytes (524 MB) copied, 14.0575 s, 37.3 MB/s
2026-05-20 03:13:38,735 DEBUG   OK (disk op exit 0)
2026-05-20 03:13:38,736 DEBUG [820/1171] VM 6fa04012… (vm-10-260519-073327) via 10.53.46.30 op=update
2026-05-20 03:13:38,736 DEBUG   remote: bash -lc 'set -e; _bs(){ printf '"'"'BULK_SNAP_T %s %s\n'"'"' "$1" "$(date +%s.%N 2>/dev/null || date +%s)"; }; _bs guest_start; _bs pipeline_start; openssl enc -aes-256-ctr -pass pass:"testing" -nosalt < /dev/zero 2>/dev/null | dd of=/root/dummy_snapshot_data_1.img bs=1M count=500 iflag=fullblock conv=notrunc status=progress; ec=$?; _bs pipeline_done; _bs guest_end; exit $ec'
2026-05-20 03:13:38,761 DEBUG   ssh: connect to host 10.53.21.128 port 22: Connection refused
2026-05-20 03:13:38,761 ERROR Guest disk op failed ec=255 vm=vm-1-260519-073201 ip=10.53.21.128 — ssh: connect to host 10.53.21.128 port 22: Connection refused
2026-05-20 03:13:38,762 DEBUG [821/1171] VM 6419f06b… (vm-100-260519-074353) via 10.53.18.43 op=update
2026-05-20 03:13:38,762 DEBUG   remote: bash -lc 'set -e; _bs(){ printf '"'"'BULK_SNAP_T %s %s\n'"'"' "$1" "$(date +%s.%N 2>/dev/null || date +%s)"; }; _bs guest_start; _bs pipeline_start; openssl enc -aes-256-ctr -pass pass:"testing" -nosalt < /dev/zero 2>/dev/null | dd of=/root/dummy_snapshot_data_1.img bs=1M count=500 iflag=fullblock conv=notrunc status=progress; ec=$?; _bs pipeline_done; _bs guest_end; exit $ec'
2026-05-20 03:13:38,998 DEBUG   ssh: connect to host 10.53.46.30 port 22: Connection refused
2026-05-20 03:13:38,999 ERROR Guest disk op failed ec=255 vm=vm-10-260519-073327 ip=10.53.46.30 — ssh: connect to host 10.53.46.30 port 22: Connection refused
2026-05-20 03:13:38,999 DEBUG [822/1171] VM ef46f3e3… (vm-101-260519-074358) via 10.53.47.185 op=update
2026-05-20 03:13:38,999 DEBUG   remote: bash -lc 'set -e; _bs(){ printf '"'"'BULK_SNAP_T %s %s\n'"'"' "$1" "$(date +%s.%N 2>/dev/null || date +%s)"; }; _bs guest_start; _bs pipeline_start; openssl enc -aes-256-ctr -pass pass:"testing" -nosalt < /dev/zero 2>/dev/null | dd of=/root/dummy_snapshot_data_1.img bs=1M count=500 iflag=fullblock conv=notrunc status=progress; ec=$?; _bs pipeline_done; _bs guest_end; exit $ec'
2026-05-20 03:13:39,017 DEBUG   ssh: connect to host 10.53.18.43 port 22: Connection refused
2026-05-20 03:13:39,017 ERROR Guest disk op failed ec=255 vm=vm-100-260519-074353 ip=10.53.18.43 — ssh: connect to host 10.53.18.43 port 22: Connection refused
2026-05-20 03:13:39,018 DEBUG [823/1171] VM 967f632f… (vm-102-260519-074358) via 10.53.9.192 op=update
2026-05-20 03:13:39,018 DEBUG   remote: bash -lc 'set -e; _bs(){ printf '"'"'BULK_SNAP_T %s %s\n'"'"' "$1" "$(date +%s.%N 2>/dev/null || date +%s)"; }; _bs guest_start; _bs pipeline_start; openssl enc -aes-256-ctr -pass pass:"testing" -nosalt < /dev/zero 2>/dev/null | dd of=/root/dummy_snapshot_data_1.img bs=1M count=500 iflag=fullblock conv=notrunc status=progress; ec=$?; _bs pipeline_done; _bs guest_end; exit $ec'
2026-05-20 03:13:39,254 DEBUG   ssh: connect to host 10.53.47.185 port 22: Connection refused
2026-05-20 03:13:39,254 ERROR Guest disk op failed ec=255 vm=vm-101-260519-074358 ip=10.53.47.185 — ssh: connect to host 10.53.47.185 port 22: Connection refused
2026-05-20 03:13:39,255 DEBUG [824/1171] VM b16dea9c… (vm-103-260519-074427) via 10.53.16.238 op=update
2026-05-20 03:13:39,255 DEBUG   remote: bash -lc 'set -e; _bs(){ printf '"'"'BULK_SNAP_T %s %s\n'"'"' "$1" "$(date +%s.%N 2>/dev/null || date +%s)"; }; _bs guest_start; _bs pipeline_start; openssl enc -aes-256-ctr -pass pass:"testing" -nosalt < /dev/zero 2>/dev/null | dd of=/root/dummy_snapshot_data_1.img bs=1M count=500 iflag=fullblock conv=notrunc status=progress; ec=$?; _bs pipeline_done; _bs guest_end; exit $ec'
2026-05-20 03:13:39,259 DEBUG   BULK_SNAP_T guest_start 1779214403.441826952
2026-05-20 03:13:39,259 DEBUG   BULK_SNAP_T pipeline_start 1779214403.449059560
2026-05-20 03:13:39,259 DEBUG   BULK_SNAP_T pipeline_done 1779214417.821318740
2026-05-20 03:13:39,259 DEBUG   BULK_SNAP_T guest_end 1779214417.831783090
2026-05-20 03:13:39,259 DEBUG   
2026-05-20 03:13:39,259 DEBUG   38797312 bytes (39 MB) copied, 1.050503 s, 36.9 MB/s
2026-05-20 03:13:39,259 DEBUG   72351744 bytes (72 MB) copied, 2.056103 s, 35.2 MB/s
2026-05-20 03:13:39,259 DEBUG   112197632 bytes (112 MB) copied, 3.063262 s, 36.6 MB/s
2026-05-20 03:13:39,260 DEBUG   153092096 bytes (153 MB) copied, 4.065015 s, 37.7 MB/s
2026-05-20 03:13:39,260 DEBUG   198180864 bytes (198 MB) copied, 5.073400 s, 39.1 MB/s
2026-05-20 03:13:39,260 DEBUG   236978176 bytes (237 MB) copied, 6.078275 s, 39.0 MB/s
2026-05-20 03:13:39,260 DEBUG   274726912 bytes (275 MB) copied, 7.082130 s, 38.8 MB/s
2026-05-20 03:13:39,260 DEBUG   312475648 bytes (312 MB) copied, 8.107212 s, 38.5 MB/s
2026-05-20 03:13:39,260 DEBUG   351272960 bytes (351 MB) copied, 9.129208 s, 38.5 MB/s
2026-05-20 03:13:39,260 DEBUG   389021696 bytes (389 MB) copied, 10.132090 s, 38.4 MB/s
2026-05-20 03:13:39,260 DEBUG   420478976 bytes (420 MB) copied, 11.166159 s, 37.7 MB/s
2026-05-20 03:13:39,260 DEBUG   445644800 bytes (446 MB) copied, 12.185131 s, 36.6 MB/s
2026-05-20 03:13:39,260 DEBUG   480247808 bytes (480 MB) copied, 13.250358 s, 36.2 MB/s
2026-05-20 03:13:39,260 DEBUG   500+0 records in
2026-05-20 03:13:39,260 DEBUG   500+0 records out
2026-05-20 03:13:39,260 DEBUG   524288000 bytes (524 MB) copied, 14.149 s, 37.1 MB/s
2026-05-20 03:13:39,260 DEBUG   OK (disk op exit 0)
2026-05-20 03:13:39,260 DEBUG [825/1171] VM 1928a7e9… (vm-104-260519-074431) via 10.53.49.70 op=update
2026-05-20 03:13:39,261 DEBUG   remote: bash -lc 'set -e; _bs(){ printf '"'"'BULK_SNAP_T %s %s\n'"'"' "$1" "$(date +%s.%N 2>/dev/null || date +%s)"; }; _bs guest_start; _bs pipeline_start; openssl enc -aes-256-ctr -pass pass:"testing" -nosalt < /dev/zero 2>/dev/null | dd of=/root/dummy_snapshot_data_1.img bs=1M count=500 iflag=fullblock conv=notrunc status=progress; ec=$?; _bs pipeline_done; _bs guest_end; exit $ec'
2026-05-20 03:13:39,272 DEBUG   ssh: connect to host 10.53.9.192 port 22: Connection refused
2026-05-20 03:13:39,273 ERROR Guest disk op failed ec=255 vm=vm-102-260519-074358 ip=10.53.9.192 — ssh: connect to host 10.53.9.192 port 22: Connection refused
2026-05-20 03:13:39,273 DEBUG [826/1171] VM b872c667… (vm-105-260519-074434) via 10.53.30.158 op=update
2026-05-20 03:13:39,273 DEBUG   remote: bash -lc 'set -e; _bs(){ printf '"'"'BULK_SNAP_T %s %s\n'"'"' "$1" "$(date +%s.%N 2>/dev/null || date +%s)"; }; _bs guest_start; _bs pipeline_start; openssl enc -aes-256-ctr -pass pass:"testing" -nosalt < /dev/zero 2>/dev/null | dd of=/root/dummy_snapshot_data_1.img bs=1M count=500 iflag=fullblock conv=notrunc status=progress; ec=$?; _bs pipeline_done; _bs guest_end; exit $ec'
2026-05-20 03:13:39,502 DEBUG   BULK_SNAP_T guest_start 1779214406.055535425
2026-05-20 03:13:39,502 DEBUG   BULK_SNAP_T pipeline_start 1779214406.079444622
2026-05-20 03:13:39,502 DEBUG   BULK_SNAP_T pipeline_done 1779214418.468845952
2026-05-20 03:13:39,502 DEBUG   BULK_SNAP_T guest_end 1779214418.474606993
2026-05-20 03:13:39,502 DEBUG   
2026-05-20 03:13:39,502 DEBUG   52428800 bytes (52 MB) copied, 1.015395 s, 51.6 MB/s
2026-05-20 03:13:39,502 DEBUG   85983232 bytes (86 MB) copied, 2.041892 s, 42.1 MB/s
2026-05-20 03:13:39,502 DEBUG   135266304 bytes (135 MB) copied, 3.075563 s, 44.0 MB/s
2026-05-20 03:13:39,502 DEBUG   181403648 bytes (181 MB) copied, 4.135704 s, 43.9 MB/s
2026-05-20 03:13:39,502 DEBUG   231735296 bytes (232 MB) copied, 5.137548 s, 45.1 MB/s
2026-05-20 03:13:39,502 DEBUG   276824064 bytes (277 MB) copied, 6.143561 s, 45.1 MB/s
2026-05-20 03:13:39,502 DEBUG   324009984 bytes (324 MB) copied, 7.168973 s, 45.2 MB/s
2026-05-20 03:13:39,502 DEBUG   367001600 bytes (367 MB) copied, 8.213569 s, 44.7 MB/s
2026-05-20 03:13:39,502 DEBUG   396361728 bytes (396 MB) copied, 9.230423 s, 42.9 MB/s
2026-05-20 03:13:39,502 DEBUG   422576128 bytes (423 MB) copied, 10.258447 s, 41.2 MB/s
2026-05-20 03:13:39,502 DEBUG   464519168 bytes (465 MB) copied, 11.291497 s, 41.1 MB/s
2026-05-20 03:13:39,502 DEBUG   500+0 records in
2026-05-20 03:13:39,502 DEBUG   500+0 records out
2026-05-20 03:13:39,502 DEBUG   524288000 bytes (524 MB) copied, 12.2467 s, 42.8 MB/s
2026-05-20 03:13:39,502 DEBUG   OK (disk op exit 0)
2026-05-20 03:13:39,503 DEBUG [827/1171] VM 20562515… (vm-106-260519-074440) via 10.53.2.37 op=update
2026-05-20 03:13:39,503 DEBUG   remote: bash -lc 'set -e; _bs(){ printf '"'"'BULK_SNAP_T %s %s\n'"'"' "$1" "$(date +%s.%N 2>/dev/null || date +%s)"; }; _bs guest_start; _bs pipeline_start; openssl enc -aes-256-ctr -pass pass:"testing" -nosalt < /dev/zero 2>/dev/null | dd of=/root/dummy_snapshot_data_1.img bs=1M count=500 iflag=fullblock conv=notrunc status=progress; ec=$?; _bs pipeline_done; _bs guest_end; exit $ec'
2026-05-20 03:13:39,510 DEBUG   ssh: connect to host 10.53.16.238 port 22: Connection refused
2026-05-20 03:13:39,510 ERROR Guest disk op failed ec=255 vm=vm-103-260519-074427 ip=10.53.16.238 — ssh: connect to host 10.53.16.238 port 22: Connection refused
2026-05-20 03:13:39,511 DEBUG [828/1171] VM b9c1001e… (vm-107-260519-074440) via 10.53.12.106 op=update
2026-05-20 03:13:39,511 DEBUG   remote: bash -lc 'set -e; _bs(){ printf '"'"'BULK_SNAP_T %s %s\n'"'"' "$1" "$(date +%s.%N 2>/dev/null || date +%s)"; }; _bs guest_start; _bs pipeline_start; openssl enc -aes-256-ctr -pass pass:"testing" -nosalt < /dev/zero 2>/dev/null | dd of=/root/dummy_snapshot_data_1.img bs=1M count=500 iflag=fullblock conv=notrunc status=progress; ec=$?; _bs pipeline_done; _bs guest_end; exit $ec'
2026-05-20 03:13:39,515 DEBUG   ssh: connect to host 10.53.49.70 port 22: Connection refused
2026-05-20 03:13:39,515 ERROR Guest disk op failed ec=255 vm=vm-104-260519-074431 ip=10.53.49.70 — ssh: connect to host 10.53.49.70 port 22: Connection refused
2026-05-20 03:13:39,516 DEBUG [829/1171] VM 8af471ee… (vm-108-260519-074442) via 10.53.5.141 op=update
2026-05-20 03:13:39,516 DEBUG   remote: bash -lc 'set -e; _bs(){ printf '"'"'BULK_SNAP_T %s %s\n'"'"' "$1" "$(date +%s.%N 2>/dev/null || date +%s)"; }; _bs guest_start; _bs pipeline_start; openssl enc -aes-256-ctr -pass pass:"testing" -nosalt < /dev/zero 2>/dev/null | dd of=/root/dummy_snapshot_data_1.img bs=1M count=500 iflag=fullblock conv=notrunc status=progress; ec=$?; _bs pipeline_done; _bs guest_end; exit $ec'
2026-05-20 03:13:39,528 DEBUG   ssh: connect to host 10.53.30.158 port 22: Connection refused
2026-05-20 03:13:39,528 ERROR Guest disk op failed ec=255 vm=vm-105-260519-074434 ip=10.53.30.158 — ssh: connect to host 10.53.30.158 port 22: Connection refused
2026-05-20 03:13:39,528 DEBUG [830/1171] VM 44ce0214… (vm-109-260519-074442) via 10.53.40.185 op=update
2026-05-20 03:13:39,528 DEBUG   remote: bash -lc 'set -e; _bs(){ printf '"'"'BULK_SNAP_T %s %s\n'"'"' "$1" "$(date +%s.%N 2>/dev/null || date +%s)"; }; _bs guest_start; _bs pipeline_start; openssl enc -aes-256-ctr -pass pass:"testing" -nosalt < /dev/zero 2>/dev/null | dd of=/root/dummy_snapshot_data_1.img bs=1M count=500 iflag=fullblock conv=notrunc status=progress; ec=$?; _bs pipeline_done; _bs guest_end; exit $ec'
2026-05-20 03:13:39,744 DEBUG   BULK_SNAP_T guest_start 1779214403.528369816
2026-05-20 03:13:39,745 DEBUG   BULK_SNAP_T pipeline_start 1779214403.539128612
2026-05-20 03:13:39,745 DEBUG   BULK_SNAP_T pipeline_done 1779214416.520701874
2026-05-20 03:13:39,745 DEBUG   BULK_SNAP_T guest_end 1779214416.534820986
2026-05-20 03:13:39,745 DEBUG   
2026-05-20 03:13:39,745 DEBUG   18874368 bytes (19 MB) copied, 1.008599 s, 18.7 MB/s
2026-05-20 03:13:39,745 DEBUG   58720256 bytes (59 MB) copied, 2.086743 s, 28.1 MB/s
2026-05-20 03:13:39,745 DEBUG   92274688 bytes (92 MB) copied, 3.114570 s, 29.6 MB/s
2026-05-20 03:13:39,745 DEBUG   125829120 bytes (126 MB) copied, 4.124246 s, 30.5 MB/s
2026-05-20 03:13:39,745 DEBUG   155189248 bytes (155 MB) copied, 5.133115 s, 30.2 MB/s
2026-05-20 03:13:39,745 DEBUG   214958080 bytes (215 MB) copied, 6.141543 s, 35.0 MB/s
2026-05-20 03:13:39,745 DEBUG   269484032 bytes (269 MB) copied, 7.159600 s, 37.6 MB/s
2026-05-20 03:13:39,745 DEBUG   312475648 bytes (312 MB) copied, 8.161512 s, 38.3 MB/s
2026-05-20 03:13:39,745 DEBUG   357564416 bytes (358 MB) copied, 9.169528 s, 39.0 MB/s
2026-05-20 03:13:39,745 DEBUG   404750336 bytes (405 MB) copied, 10.199481 s, 39.7 MB/s
2026-05-20 03:13:39,745 DEBUG   452984832 bytes (453 MB) copied, 11.225604 s, 40.4 MB/s
2026-05-20 03:13:39,745 DEBUG   499122176 bytes (499 MB) copied, 12.226094 s, 40.8 MB/s
2026-05-20 03:13:39,745 DEBUG   500+0 records in
2026-05-20 03:13:39,745 DEBUG   500+0 records out
2026-05-20 03:13:39,745 DEBUG   524288000 bytes (524 MB) copied, 12.8866 s, 40.7 MB/s
2026-05-20 03:13:39,745 DEBUG   OK (disk op exit 0)
2026-05-20 03:13:39,746 DEBUG [1057/1171] VM b068324d… (ahv_ins_delete-0-260514-182012) via 10.114.48.81 op=update
2026-05-20 03:13:39,746 DEBUG   remote: bash -lc 'set -e; _bs(){ printf '"'"'BULK_SNAP_T %s %s\n'"'"' "$1" "$(date +%s.%N 2>/dev/null || date +%s)"; }; _bs guest_start; _bs pipeline_start; openssl enc -aes-256-ctr -pass pass:"testing" -nosalt < /dev/zero 2>/dev/null | dd of=/root/dummy_snapshot_data_1.img bs=1M count=500 iflag=fullblock conv=notrunc status=progress; ec=$?; _bs pipeline_done; _bs guest_end; exit $ec'
2026-05-20 03:13:39,758 DEBUG   ssh: connect to host 10.53.2.37 port 22: Connection refused
2026-05-20 03:13:39,758 ERROR Guest disk op failed ec=255 vm=vm-106-260519-074440 ip=10.53.2.37 — ssh: connect to host 10.53.2.37 port 22: Connection refused
2026-05-20 03:13:39,759 DEBUG [831/1171] VM 9ef3531a… (vm-11-260519-073328) via 10.53.6.41 op=update
2026-05-20 03:13:39,759 DEBUG   remote: bash -lc 'set -e; _bs(){ printf '"'"'BULK_SNAP_T %s %s\n'"'"' "$1" "$(date +%s.%N 2>/dev/null || date +%s)"; }; _bs guest_start; _bs pipeline_start; openssl enc -aes-256-ctr -pass pass:"testing" -nosalt < /dev/zero 2>/dev/null | dd of=/root/dummy_snapshot_data_1.img bs=1M count=500 iflag=fullblock conv=notrunc status=progress; ec=$?; _bs pipeline_done; _bs guest_end; exit $ec'
2026-05-20 03:13:39,762 DEBUG   BULK_SNAP_T guest_start 1779214403.424642530
2026-05-20 03:13:39,763 DEBUG   BULK_SNAP_T pipeline_start 1779214403.432006949
2026-05-20 03:13:39,763 DEBUG   BULK_SNAP_T pipeline_done 1779214417.982371192
2026-05-20 03:13:39,763 DEBUG   BULK_SNAP_T guest_end 1779214417.988259033
2026-05-20 03:13:39,763 DEBUG   
2026-05-20 03:13:39,763 DEBUG   48234496 bytes (48 MB) copied, 1.064692 s, 45.3 MB/s
2026-05-20 03:13:39,763 DEBUG   67108864 bytes (67 MB) copied, 2.075261 s, 32.3 MB/s
2026-05-20 03:13:39,763 DEBUG   92274688 bytes (92 MB) copied, 3.104440 s, 29.7 MB/s
2026-05-20 03:13:39,763 DEBUG   133169152 bytes (133 MB) copied, 4.123691 s, 32.3 MB/s
2026-05-20 03:13:39,763 DEBUG   169869312 bytes (170 MB) copied, 5.157401 s, 32.9 MB/s
2026-05-20 03:13:39,763 DEBUG   213909504 bytes (214 MB) copied, 6.169215 s, 34.7 MB/s
2026-05-20 03:13:39,763 DEBUG   247463936 bytes (247 MB) copied, 7.176265 s, 34.5 MB/s
2026-05-20 03:13:39,763 DEBUG   287309824 bytes (287 MB) copied, 8.182430 s, 35.1 MB/s
2026-05-20 03:13:39,763 DEBUG   327155712 bytes (327 MB) copied, 9.191323 s, 35.6 MB/s
2026-05-20 03:13:39,763 DEBUG   362807296 bytes (363 MB) copied, 10.220212 s, 35.5 MB/s
2026-05-20 03:13:39,763 DEBUG   389021696 bytes (389 MB) copied, 11.259985 s, 34.5 MB/s
2026-05-20 03:13:39,763 DEBUG   418381824 bytes (418 MB) copied, 12.270329 s, 34.1 MB/s
2026-05-20 03:13:39,763 DEBUG   461373440 bytes (461 MB) copied, 13.318496 s, 34.6 MB/s
2026-05-20 03:13:39,763 DEBUG   524288000 bytes (524 MB) copied, 14.323433 s, 36.6 MB/s
2026-05-20 03:13:39,763 DEBUG   500+0 records in
2026-05-20 03:13:39,763 DEBUG   500+0 records out
2026-05-20 03:13:39,763 DEBUG   524288000 bytes (524 MB) copied, 14.3313 s, 36.6 MB/s
2026-05-20 03:13:39,763 DEBUG   OK (disk op exit 0)
2026-05-20 03:13:39,764 DEBUG [832/1171] VM c9cf422e… (vm-110-260519-074450) via 10.53.5.179 op=update
2026-05-20 03:13:39,764 DEBUG   remote: bash -lc 'set -e; _bs(){ printf '"'"'BULK_SNAP_T %s %s\n'"'"' "$1" "$(date +%s.%N 2>/dev/null || date +%s)"; }; _bs guest_start; _bs pipeline_start; openssl enc -aes-256-ctr -pass pass:"testing" -nosalt < /dev/zero 2>/dev/null | dd of=/root/dummy_snapshot_data_1.img bs=1M count=500 iflag=fullblock conv=notrunc status=progress; ec=$?; _bs pipeline_done; _bs guest_end; exit $ec'
2026-05-20 03:13:39,767 DEBUG   ssh: connect to host 10.53.12.106 port 22: Connection refused
2026-05-20 03:13:39,767 ERROR Guest disk op failed ec=255 vm=vm-107-260519-074440 ip=10.53.12.106 — ssh: connect to host 10.53.12.106 port 22: Connection refused
2026-05-20 03:13:39,768 DEBUG [833/1171] VM fabc1a97… (vm-111-260519-074456) via 10.53.0.35 op=update
2026-05-20 03:13:39,768 DEBUG   remote: bash -lc 'set -e; _bs(){ printf '"'"'BULK_SNAP_T %s %s\n'"'"' "$1" "$(date +%s.%N 2>/dev/null || date +%s)"; }; _bs guest_start; _bs pipeline_start; openssl enc -aes-256-ctr -pass pass:"testing" -nosalt < /dev/zero 2>/dev/null | dd of=/root/dummy_snapshot_data_1.img bs=1M count=500 iflag=fullblock conv=notrunc status=progress; ec=$?; _bs pipeline_done; _bs guest_end; exit $ec'
2026-05-20 03:13:39,771 DEBUG   ssh: connect to host 10.53.5.141 port 22: Connection refused
2026-05-20 03:13:39,771 ERROR Guest disk op failed ec=255 vm=vm-108-260519-074442 ip=10.53.5.141 — ssh: connect to host 10.53.5.141 port 22: Connection refused
2026-05-20 03:13:39,772 DEBUG [834/1171] VM 6d721a87… (vm-112-260519-074456) via 10.53.22.137 op=update
2026-05-20 03:13:39,772 DEBUG   remote: bash -lc 'set -e; _bs(){ printf '"'"'BULK_SNAP_T %s %s\n'"'"' "$1" "$(date +%s.%N 2>/dev/null || date +%s)"; }; _bs guest_start; _bs pipeline_start; openssl enc -aes-256-ctr -pass pass:"testing" -nosalt < /dev/zero 2>/dev/null | dd of=/root/dummy_snapshot_data_1.img bs=1M count=500 iflag=fullblock conv=notrunc status=progress; ec=$?; _bs pipeline_done; _bs guest_end; exit $ec'
2026-05-20 03:13:40,019 DEBUG   ssh: connect to host 10.53.5.179 port 22: Connection refused
2026-05-20 03:13:40,019 ERROR Guest disk op failed ec=255 vm=vm-110-260519-074450 ip=10.53.5.179 — ssh: connect to host 10.53.5.179 port 22: Connection refused
2026-05-20 03:13:40,020 DEBUG [835/1171] VM 61558fb5… (vm-113-260519-074522) via 10.53.5.100 op=update
2026-05-20 03:13:40,020 DEBUG   remote: bash -lc 'set -e; _bs(){ printf '"'"'BULK_SNAP_T %s %s\n'"'"' "$1" "$(date +%s.%N 2>/dev/null || date +%s)"; }; _bs guest_start; _bs pipeline_start; openssl enc -aes-256-ctr -pass pass:"testing" -nosalt < /dev/zero 2>/dev/null | dd of=/root/dummy_snapshot_data_1.img bs=1M count=500 iflag=fullblock conv=notrunc status=progress; ec=$?; _bs pipeline_done; _bs guest_end; exit $ec'
2026-05-20 03:13:40,020 DEBUG   ssh: connect to host 10.53.6.41 port 22: Connection refused
2026-05-20 03:13:40,021 ERROR Guest disk op failed ec=255 vm=vm-11-260519-073328 ip=10.53.6.41 — ssh: connect to host 10.53.6.41 port 22: Connection refused
2026-05-20 03:13:40,021 DEBUG [836/1171] VM 7995c16b… (vm-114-260519-074546) via 10.53.5.50 op=update
2026-05-20 03:13:40,021 DEBUG   remote: bash -lc 'set -e; _bs(){ printf '"'"'BULK_SNAP_T %s %s\n'"'"' "$1" "$(date +%s.%N 2>/dev/null || date +%s)"; }; _bs guest_start; _bs pipeline_start; openssl enc -aes-256-ctr -pass pass:"testing" -nosalt < /dev/zero 2>/dev/null | dd of=/root/dummy_snapshot_data_1.img bs=1M count=500 iflag=fullblock conv=notrunc status=progress; ec=$?; _bs pipeline_done; _bs guest_end; exit $ec'
2026-05-20 03:13:40,027 DEBUG   BULK_SNAP_T guest_start 1779214404.545813104
2026-05-20 03:13:40,027 DEBUG   BULK_SNAP_T pipeline_start 1779214404.617356969
2026-05-20 03:13:40,027 DEBUG   BULK_SNAP_T pipeline_done 1779214418.784217102
2026-05-20 03:13:40,027 DEBUG   BULK_SNAP_T guest_end 1779214418.878623871
2026-05-20 03:13:40,027 DEBUG   
2026-05-20 03:13:40,027 DEBUG   46137344 bytes (46 MB) copied, 1.014169 s, 45.5 MB/s
2026-05-20 03:13:40,027 DEBUG   78643200 bytes (79 MB) copied, 2.085782 s, 37.7 MB/s
2026-05-20 03:13:40,028 DEBUG   120586240 bytes (121 MB) copied, 3.118312 s, 38.7 MB/s
2026-05-20 03:13:40,028 DEBUG   ssh: connect to host 10.53.0.35 port 22: Connection refused
2026-05-20 03:13:40,028 DEBUG   161480704 bytes (161 MB) copied, 4.119238 s, 39.2 MB/s
2026-05-20 03:13:40,028 DEBUG   ssh: connect to host 10.53.22.137 port 22: Connection refused
2026-05-20 03:13:40,028 ERROR Guest disk op failed ec=255 vm=vm-111-260519-074456 ip=10.53.0.35 — ssh: connect to host 10.53.0.35 port 22: Connection refused
2026-05-20 03:13:40,028 DEBUG   201326592 bytes (201 MB) copied, 5.135100 s, 39.2 MB/s
2026-05-20 03:13:40,029 ERROR Guest disk op failed ec=255 vm=vm-112-260519-074456 ip=10.53.22.137 — ssh: connect to host 10.53.22.137 port 22: Connection refused
2026-05-20 03:13:40,029 DEBUG [837/1171] VM 04f386c9… (vm-115-260519-074549) via 10.53.52.169 op=update
2026-05-20 03:13:40,032 DEBUG   242221056 bytes (242 MB) copied, 6.146746 s, 39.4 MB/s
2026-05-20 03:13:40,033 DEBUG [838/1171] VM 50afb5f8… (vm-116-260519-074601) via 10.53.19.182 op=update
2026-05-20 03:13:40,033 DEBUG   remote: bash -lc 'set -e; _bs(){ printf '"'"'BULK_SNAP_T %s %s\n'"'"' "$1" "$(date +%s.%N 2>/dev/null || date +%s)"; }; _bs guest_start; _bs pipeline_start; openssl enc -aes-256-ctr -pass pass:"testing" -nosalt < /dev/zero 2>/dev/null | dd of=/root/dummy_snapshot_data_1.img bs=1M count=500 iflag=fullblock conv=notrunc status=progress; ec=$?; _bs pipeline_done; _bs guest_end; exit $ec'
2026-05-20 03:13:40,033 DEBUG   284164096 bytes (284 MB) copied, 7.180484 s, 39.6 MB/s
2026-05-20 03:13:40,033 DEBUG   remote: bash -lc 'set -e; _bs(){ printf '"'"'BULK_SNAP_T %s %s\n'"'"' "$1" "$(date +%s.%N 2>/dev/null || date +%s)"; }; _bs guest_start; _bs pipeline_start; openssl enc -aes-256-ctr -pass pass:"testing" -nosalt < /dev/zero 2>/dev/null | dd of=/root/dummy_snapshot_data_1.img bs=1M count=500 iflag=fullblock conv=notrunc status=progress; ec=$?; _bs pipeline_done; _bs guest_end; exit $ec'
2026-05-20 03:13:40,033 DEBUG   327155712 bytes (327 MB) copied, 8.185164 s, 40.0 MB/s
2026-05-20 03:13:40,036 DEBUG   369098752 bytes (369 MB) copied, 9.192865 s, 40.2 MB/s
2026-05-20 03:13:40,036 DEBUG   396361728 bytes (396 MB) copied, 10.202707 s, 38.8 MB/s
2026-05-20 03:13:40,036 DEBUG   420478976 bytes (420 MB) copied, 11.218802 s, 37.5 MB/s
2026-05-20 03:13:40,036 DEBUG   456130560 bytes (456 MB) copied, 12.235931 s, 37.3 MB/s
2026-05-20 03:13:40,039 DEBUG   507510784 bytes (508 MB) copied, 13.267924 s, 38.3 MB/s
2026-05-20 03:13:40,039 DEBUG   500+0 records in
2026-05-20 03:13:40,039 DEBUG   500+0 records out
2026-05-20 03:13:40,039 DEBUG   524288000 bytes (524 MB) copied, 13.5363 s, 38.7 MB/s
2026-05-20 03:13:40,039 DEBUG   OK (disk op exit 0)
2026-05-20 03:13:40,040 DEBUG [839/1171] VM 1d9d5ee0… (vm-117-260519-074602) via 10.53.51.184 op=update
2026-05-20 03:13:40,040 DEBUG   remote: bash -lc 'set -e; _bs(){ printf '"'"'BULK_SNAP_T %s %s\n'"'"' "$1" "$(date +%s.%N 2>/dev/null || date +%s)"; }; _bs guest_start; _bs pipeline_start; openssl enc -aes-256-ctr -pass pass:"testing" -nosalt < /dev/zero 2>/dev/null | dd of=/root/dummy_snapshot_data_1.img bs=1M count=500 iflag=fullblock conv=notrunc status=progress; ec=$?; _bs pipeline_done; _bs guest_end; exit $ec'
2026-05-20 03:13:40,277 DEBUG   ssh: connect to host 10.53.5.100 port 22: Connection refused
2026-05-20 03:13:40,277 ERROR Guest disk op failed ec=255 vm=vm-113-260519-074522 ip=10.53.5.100 — ssh: connect to host 10.53.5.100 port 22: Connection refused
2026-05-20 03:13:40,277 DEBUG [840/1171] VM fc10d8b7… (vm-118-260519-074605) via 10.53.11.91 op=update
2026-05-20 03:13:40,278 DEBUG   remote: bash -lc 'set -e; _bs(){ printf '"'"'BULK_SNAP_T %s %s\n'"'"' "$1" "$(date +%s.%N 2>/dev/null || date +%s)"; }; _bs guest_start; _bs pipeline_start; openssl enc -aes-256-ctr -pass pass:"testing" -nosalt < /dev/zero 2>/dev/null | dd of=/root/dummy_snapshot_data_1.img bs=1M count=500 iflag=fullblock conv=notrunc status=progress; ec=$?; _bs pipeline_done; _bs guest_end; exit $ec'
2026-05-20 03:13:40,280 DEBUG   ssh: connect to host 10.53.5.50 port 22: Connection refused
2026-05-20 03:13:40,281 ERROR Guest disk op failed ec=255 vm=vm-114-260519-074546 ip=10.53.5.50 — ssh: connect to host 10.53.5.50 port 22: Connection refused
2026-05-20 03:13:40,281 DEBUG [841/1171] VM 5808d8ad… (vm-119-260519-074605) via 10.53.22.173 op=update
2026-05-20 03:13:40,282 DEBUG   remote: bash -lc 'set -e; _bs(){ printf '"'"'BULK_SNAP_T %s %s\n'"'"' "$1" "$(date +%s.%N 2>/dev/null || date +%s)"; }; _bs guest_start; _bs pipeline_start; openssl enc -aes-256-ctr -pass pass:"testing" -nosalt < /dev/zero 2>/dev/null | dd of=/root/dummy_snapshot_data_1.img bs=1M count=500 iflag=fullblock conv=notrunc status=progress; ec=$?; _bs pipeline_done; _bs guest_end; exit $ec'
2026-05-20 03:13:40,289 DEBUG   ssh: connect to host 10.53.52.169 port 22: Connection refused
2026-05-20 03:13:40,289 ERROR Guest disk op failed ec=255 vm=vm-115-260519-074549 ip=10.53.52.169 — ssh: connect to host 10.53.52.169 port 22: Connection refused
2026-05-20 03:13:40,290 DEBUG [842/1171] VM 85ddc1e9… (vm-12-260519-073332) via 10.53.49.174 op=update
2026-05-20 03:13:40,290 DEBUG   remote: bash -lc 'set -e; _bs(){ printf '"'"'BULK_SNAP_T %s %s\n'"'"' "$1" "$(date +%s.%N 2>/dev/null || date +%s)"; }; _bs guest_start; _bs pipeline_start; openssl enc -aes-256-ctr -pass pass:"testing" -nosalt < /dev/zero 2>/dev/null | dd of=/root/dummy_snapshot_data_1.img bs=1M count=500 iflag=fullblock conv=notrunc status=progress; ec=$?; _bs pipeline_done; _bs guest_end; exit $ec'
2026-05-20 03:13:40,293 DEBUG   ssh: connect to host 10.53.19.182 port 22: Connection refused
2026-05-20 03:13:40,293 ERROR Guest disk op failed ec=255 vm=vm-116-260519-074601 ip=10.53.19.182 — ssh: connect to host 10.53.19.182 port 22: Connection refused
2026-05-20 03:13:40,294 DEBUG [843/1171] VM 9a469c0e… (vm-120-260519-074606) via 10.53.46.180 op=update
2026-05-20 03:13:40,294 DEBUG   remote: bash -lc 'set -e; _bs(){ printf '"'"'BULK_SNAP_T %s %s\n'"'"' "$1" "$(date +%s.%N 2>/dev/null || date +%s)"; }; _bs guest_start; _bs pipeline_start; openssl enc -aes-256-ctr -pass pass:"testing" -nosalt < /dev/zero 2>/dev/null | dd of=/root/dummy_snapshot_data_1.img bs=1M count=500 iflag=fullblock conv=notrunc status=progress; ec=$?; _bs pipeline_done; _bs guest_end; exit $ec'
2026-05-20 03:13:40,298 DEBUG   ssh: connect to host 10.53.51.184 port 22: Connection refused
2026-05-20 03:13:40,298 ERROR Guest disk op failed ec=255 vm=vm-117-260519-074602 ip=10.53.51.184 — ssh: connect to host 10.53.51.184 port 22: Connection refused
2026-05-20 03:13:40,298 DEBUG [844/1171] VM 6cd6c17c… (vm-121-260519-074608) via 10.53.7.139 op=update
2026-05-20 03:13:40,299 DEBUG   remote: bash -lc 'set -e; _bs(){ printf '"'"'BULK_SNAP_T %s %s\n'"'"' "$1" "$(date +%s.%N 2>/dev/null || date +%s)"; }; _bs guest_start; _bs pipeline_start; openssl enc -aes-256-ctr -pass pass:"testing" -nosalt < /dev/zero 2>/dev/null | dd of=/root/dummy_snapshot_data_1.img bs=1M count=500 iflag=fullblock conv=notrunc status=progress; ec=$?; _bs pipeline_done; _bs guest_end; exit $ec'
2026-05-20 03:13:40,534 DEBUG   ssh: connect to host 10.53.11.91 port 22: Connection refused
2026-05-20 03:13:40,535 ERROR Guest disk op failed ec=255 vm=vm-118-260519-074605 ip=10.53.11.91 — ssh: connect to host 10.53.11.91 port 22: Connection refused
2026-05-20 03:13:40,535 DEBUG [845/1171] VM ec4da918… (vm-122-260519-074609) via 10.53.14.50 op=update
2026-05-20 03:13:40,535 DEBUG   remote: bash -lc 'set -e; _bs(){ printf '"'"'BULK_SNAP_T %s %s\n'"'"' "$1" "$(date +%s.%N 2>/dev/null || date +%s)"; }; _bs guest_start; _bs pipeline_start; openssl enc -aes-256-ctr -pass pass:"testing" -nosalt < /dev/zero 2>/dev/null | dd of=/root/dummy_snapshot_data_1.img bs=1M count=500 iflag=fullblock conv=notrunc status=progress; ec=$?; _bs pipeline_done; _bs guest_end; exit $ec'
2026-05-20 03:13:40,540 DEBUG   ssh: connect to host 10.53.22.173 port 22: Connection refused
2026-05-20 03:13:40,540 ERROR Guest disk op failed ec=255 vm=vm-119-260519-074605 ip=10.53.22.173 — ssh: connect to host 10.53.22.173 port 22: Connection refused
2026-05-20 03:13:40,541 DEBUG [846/1171] VM 59a42219… (vm-123-260519-074617) via 10.53.34.108 op=update
2026-05-20 03:13:40,541 DEBUG   remote: bash -lc 'set -e; _bs(){ printf '"'"'BULK_SNAP_T %s %s\n'"'"' "$1" "$(date +%s.%N 2>/dev/null || date +%s)"; }; _bs guest_start; _bs pipeline_start; openssl enc -aes-256-ctr -pass pass:"testing" -nosalt < /dev/zero 2>/dev/null | dd of=/root/dummy_snapshot_data_1.img bs=1M count=500 iflag=fullblock conv=notrunc status=progress; ec=$?; _bs pipeline_done; _bs guest_end; exit $ec'
2026-05-20 03:13:40,550 DEBUG   ssh: connect to host 10.53.49.174 port 22: Connection refused
2026-05-20 03:13:40,550 ERROR Guest disk op failed ec=255 vm=vm-12-260519-073332 ip=10.53.49.174 — ssh: connect to host 10.53.49.174 port 22: Connection refused
2026-05-20 03:13:40,551 DEBUG [847/1171] VM d1251e1e… (vm-124-260519-074645) via 10.53.41.130 op=update
2026-05-20 03:13:40,551 DEBUG   remote: bash -lc 'set -e; _bs(){ printf '"'"'BULK_SNAP_T %s %s\n'"'"' "$1" "$(date +%s.%N 2>/dev/null || date +%s)"; }; _bs guest_start; _bs pipeline_start; openssl enc -aes-256-ctr -pass pass:"testing" -nosalt < /dev/zero 2>/dev/null | dd of=/root/dummy_snapshot_data_1.img bs=1M count=500 iflag=fullblock conv=notrunc status=progress; ec=$?; _bs pipeline_done; _bs guest_end; exit $ec'
2026-05-20 03:13:40,554 DEBUG   ssh: connect to host 10.53.46.180 port 22: Connection refused
2026-05-20 03:13:40,554 DEBUG   ssh: connect to host 10.53.7.139 port 22: Connection refused
2026-05-20 03:13:40,555 ERROR Guest disk op failed ec=255 vm=vm-120-260519-074606 ip=10.53.46.180 — ssh: connect to host 10.53.46.180 port 22: Connection refused
2026-05-20 03:13:40,555 ERROR Guest disk op failed ec=255 vm=vm-121-260519-074608 ip=10.53.7.139 — ssh: connect to host 10.53.7.139 port 22: Connection refused
2026-05-20 03:13:40,556 DEBUG [848/1171] VM f284a473… (vm-125-260519-074657) via 10.53.43.35 op=update
2026-05-20 03:13:40,556 DEBUG [849/1171] VM 80308bf9… (vm-126-260519-074725) via 10.53.44.190 op=update
2026-05-20 03:13:40,556 DEBUG   remote: bash -lc 'set -e; _bs(){ printf '"'"'BULK_SNAP_T %s %s\n'"'"' "$1" "$(date +%s.%N 2>/dev/null || date +%s)"; }; _bs guest_start; _bs pipeline_start; openssl enc -aes-256-ctr -pass pass:"testing" -nosalt < /dev/zero 2>/dev/null | dd of=/root/dummy_snapshot_data_1.img bs=1M count=500 iflag=fullblock conv=notrunc status=progress; ec=$?; _bs pipeline_done; _bs guest_end; exit $ec'
2026-05-20 03:13:40,556 DEBUG   remote: bash -lc 'set -e; _bs(){ printf '"'"'BULK_SNAP_T %s %s\n'"'"' "$1" "$(date +%s.%N 2>/dev/null || date +%s)"; }; _bs guest_start; _bs pipeline_start; openssl enc -aes-256-ctr -pass pass:"testing" -nosalt < /dev/zero 2>/dev/null | dd of=/root/dummy_snapshot_data_1.img bs=1M count=500 iflag=fullblock conv=notrunc status=progress; ec=$?; _bs pipeline_done; _bs guest_end; exit $ec'
2026-05-20 03:13:40,789 DEBUG   ssh: connect to host 10.53.40.185 port 22: Connection refused
2026-05-20 03:13:40,789 ERROR Guest disk op failed ec=255 vm=vm-109-260519-074442 ip=10.53.40.185 — ssh: connect to host 10.53.40.185 port 22: Connection refused
2026-05-20 03:13:40,789 DEBUG [850/1171] VM 3a3898a8… (vm-127-260519-074726) via 10.53.47.154 op=update
2026-05-20 03:13:40,790 DEBUG   remote: bash -lc 'set -e; _bs(){ printf '"'"'BULK_SNAP_T %s %s\n'"'"' "$1" "$(date +%s.%N 2>/dev/null || date +%s)"; }; _bs guest_start; _bs pipeline_start; openssl enc -aes-256-ctr -pass pass:"testing" -nosalt < /dev/zero 2>/dev/null | dd of=/root/dummy_snapshot_data_1.img bs=1M count=500 iflag=fullblock conv=notrunc status=progress; ec=$?; _bs pipeline_done; _bs guest_end; exit $ec'
2026-05-20 03:13:40,792 DEBUG   ssh: connect to host 10.53.14.50 port 22: Connection refused
2026-05-20 03:13:40,792 ERROR Guest disk op failed ec=255 vm=vm-122-260519-074609 ip=10.53.14.50 — ssh: connect to host 10.53.14.50 port 22: Connection refused
2026-05-20 03:13:40,793 DEBUG [851/1171] VM a5b1f3da… (vm-128-260519-074729) via 10.53.38.110 op=update
2026-05-20 03:13:40,794 DEBUG   remote: bash -lc 'set -e; _bs(){ printf '"'"'BULK_SNAP_T %s %s\n'"'"' "$1" "$(date +%s.%N 2>/dev/null || date +%s)"; }; _bs guest_start; _bs pipeline_start; openssl enc -aes-256-ctr -pass pass:"testing" -nosalt < /dev/zero 2>/dev/null | dd of=/root/dummy_snapshot_data_1.img bs=1M count=500 iflag=fullblock conv=notrunc status=progress; ec=$?; _bs pipeline_done; _bs guest_end; exit $ec'
2026-05-20 03:13:40,800 DEBUG   ssh: connect to host 10.53.34.108 port 22: Connection refused
2026-05-20 03:13:40,800 ERROR Guest disk op failed ec=255 vm=vm-123-260519-074617 ip=10.53.34.108 — ssh: connect to host 10.53.34.108 port 22: Connection refused
2026-05-20 03:13:40,801 DEBUG [852/1171] VM 8c30ae22… (vm-129-260519-074730) via 10.53.14.146 op=update
2026-05-20 03:13:40,801 DEBUG   remote: bash -lc 'set -e; _bs(){ printf '"'"'BULK_SNAP_T %s %s\n'"'"' "$1" "$(date +%s.%N 2>/dev/null || date +%s)"; }; _bs guest_start; _bs pipeline_start; openssl enc -aes-256-ctr -pass pass:"testing" -nosalt < /dev/zero 2>/dev/null | dd of=/root/dummy_snapshot_data_1.img bs=1M count=500 iflag=fullblock conv=notrunc status=progress; ec=$?; _bs pipeline_done; _bs guest_end; exit $ec'
2026-05-20 03:13:40,807 DEBUG   ssh: connect to host 10.53.41.130 port 22: Connection refused
2026-05-20 03:13:40,807 ERROR Guest disk op failed ec=255 vm=vm-124-260519-074645 ip=10.53.41.130 — ssh: connect to host 10.53.41.130 port 22: Connection refused
2026-05-20 03:13:40,807 DEBUG [853/1171] VM aebe6e1b… (vm-13-260519-073332) via 10.53.32.72 op=update
2026-05-20 03:13:40,808 DEBUG   remote: bash -lc 'set -e; _bs(){ printf '"'"'BULK_SNAP_T %s %s\n'"'"' "$1" "$(date +%s.%N 2>/dev/null || date +%s)"; }; _bs guest_start; _bs pipeline_start; openssl enc -aes-256-ctr -pass pass:"testing" -nosalt < /dev/zero 2>/dev/null | dd of=/root/dummy_snapshot_data_1.img bs=1M count=500 iflag=fullblock conv=notrunc status=progress; ec=$?; _bs pipeline_done; _bs guest_end; exit $ec'
2026-05-20 03:13:40,816 DEBUG   ssh: connect to host 10.53.44.190 port 22: Connection refused
2026-05-20 03:13:40,816 ERROR Guest disk op failed ec=255 vm=vm-126-260519-074725 ip=10.53.44.190 — ssh: connect to host 10.53.44.190 port 22: Connection refused
2026-05-20 03:13:40,817 DEBUG [854/1171] VM 90b91683… (vm-130-260519-074730) via 10.53.25.19 op=update
2026-05-20 03:13:40,817 DEBUG   remote: bash -lc 'set -e; _bs(){ printf '"'"'BULK_SNAP_T %s %s\n'"'"' "$1" "$(date +%s.%N 2>/dev/null || date +%s)"; }; _bs guest_start; _bs pipeline_start; openssl enc -aes-256-ctr -pass pass:"testing" -nosalt < /dev/zero 2>/dev/null | dd of=/root/dummy_snapshot_data_1.img bs=1M count=500 iflag=fullblock conv=notrunc status=progress; ec=$?; _bs pipeline_done; _bs guest_end; exit $ec'
2026-05-20 03:13:40,819 DEBUG   ssh: connect to host 10.53.43.35 port 22: Connection refused
2026-05-20 03:13:40,819 ERROR Guest disk op failed ec=255 vm=vm-125-260519-074657 ip=10.53.43.35 — ssh: connect to host 10.53.43.35 port 22: Connection refused
2026-05-20 03:13:40,820 DEBUG [855/1171] VM 3582ddcb… (vm-131-260519-074736) via 10.53.4.86 op=update
2026-05-20 03:13:40,821 DEBUG   remote: bash -lc 'set -e; _bs(){ printf '"'"'BULK_SNAP_T %s %s\n'"'"' "$1" "$(date +%s.%N 2>/dev/null || date +%s)"; }; _bs guest_start; _bs pipeline_start; openssl enc -aes-256-ctr -pass pass:"testing" -nosalt < /dev/zero 2>/dev/null | dd of=/root/dummy_snapshot_data_1.img bs=1M count=500 iflag=fullblock conv=notrunc status=progress; ec=$?; _bs pipeline_done; _bs guest_end; exit $ec'
2026-05-20 03:13:41,044 DEBUG   ssh: connect to host 10.53.47.154 port 22: Connection refused
2026-05-20 03:13:41,044 ERROR Guest disk op failed ec=255 vm=vm-127-260519-074726 ip=10.53.47.154 — ssh: connect to host 10.53.47.154 port 22: Connection refused
2026-05-20 03:13:41,045 DEBUG [856/1171] VM 06e2713b… (vm-132-260519-074736) via 10.53.4.182 op=update
2026-05-20 03:13:41,045 DEBUG   remote: bash -lc 'set -e; _bs(){ printf '"'"'BULK_SNAP_T %s %s\n'"'"' "$1" "$(date +%s.%N 2>/dev/null || date +%s)"; }; _bs guest_start; _bs pipeline_start; openssl enc -aes-256-ctr -pass pass:"testing" -nosalt < /dev/zero 2>/dev/null | dd of=/root/dummy_snapshot_data_1.img bs=1M count=500 iflag=fullblock conv=notrunc status=progress; ec=$?; _bs pipeline_done; _bs guest_end; exit $ec'
2026-05-20 03:13:41,049 DEBUG   ssh: connect to host 10.53.38.110 port 22: Connection refused
2026-05-20 03:13:41,049 ERROR Guest disk op failed ec=255 vm=vm-128-260519-074729 ip=10.53.38.110 — ssh: connect to host 10.53.38.110 port 22: Connection refused
2026-05-20 03:13:41,050 DEBUG [857/1171] VM 0d163c79… (vm-133-260519-074737) via 10.53.31.48 op=update
2026-05-20 03:13:41,050 DEBUG   remote: bash -lc 'set -e; _bs(){ printf '"'"'BULK_SNAP_T %s %s\n'"'"' "$1" "$(date +%s.%N 2>/dev/null || date +%s)"; }; _bs guest_start; _bs pipeline_start; openssl enc -aes-256-ctr -pass pass:"testing" -nosalt < /dev/zero 2>/dev/null | dd of=/root/dummy_snapshot_data_1.img bs=1M count=500 iflag=fullblock conv=notrunc status=progress; ec=$?; _bs pipeline_done; _bs guest_end; exit $ec'
2026-05-20 03:13:41,055 DEBUG   ssh: connect to host 10.53.14.146 port 22: Connection refused
2026-05-20 03:13:41,055 ERROR Guest disk op failed ec=255 vm=vm-129-260519-074730 ip=10.53.14.146 — ssh: connect to host 10.53.14.146 port 22: Connection refused
2026-05-20 03:13:41,056 DEBUG [858/1171] VM 52fa9eea… (vm-134-260519-074751) via 10.53.5.20 op=update
2026-05-20 03:13:41,056 DEBUG   remote: bash -lc 'set -e; _bs(){ printf '"'"'BULK_SNAP_T %s %s\n'"'"' "$1" "$(date +%s.%N 2>/dev/null || date +%s)"; }; _bs guest_start; _bs pipeline_start; openssl enc -aes-256-ctr -pass pass:"testing" -nosalt < /dev/zero 2>/dev/null | dd of=/root/dummy_snapshot_data_1.img bs=1M count=500 iflag=fullblock conv=notrunc status=progress; ec=$?; _bs pipeline_done; _bs guest_end; exit $ec'
2026-05-20 03:13:41,061 DEBUG   ssh: connect to host 10.53.32.72 port 22: Connection refused
2026-05-20 03:13:41,061 ERROR Guest disk op failed ec=255 vm=vm-13-260519-073332 ip=10.53.32.72 — ssh: connect to host 10.53.32.72 port 22: Connection refused
2026-05-20 03:13:41,062 DEBUG [859/1171] VM 67f03714… (vm-135-260519-074754) via 10.53.46.12 op=update
2026-05-20 03:13:41,062 DEBUG   remote: bash -lc 'set -e; _bs(){ printf '"'"'BULK_SNAP_T %s %s\n'"'"' "$1" "$(date +%s.%N 2>/dev/null || date +%s)"; }; _bs guest_start; _bs pipeline_start; openssl enc -aes-256-ctr -pass pass:"testing" -nosalt < /dev/zero 2>/dev/null | dd of=/root/dummy_snapshot_data_1.img bs=1M count=500 iflag=fullblock conv=notrunc status=progress; ec=$?; _bs pipeline_done; _bs guest_end; exit $ec'
2026-05-20 03:13:41,071 DEBUG   ssh: connect to host 10.53.25.19 port 22: Connection refused
2026-05-20 03:13:41,071 ERROR Guest disk op failed ec=255 vm=vm-130-260519-074730 ip=10.53.25.19 — ssh: connect to host 10.53.25.19 port 22: Connection refused
2026-05-20 03:13:41,072 DEBUG [860/1171] VM 0e8bfc08… (vm-136-260519-074825) via 10.53.16.87 op=update
2026-05-20 03:13:41,072 DEBUG   remote: bash -lc 'set -e; _bs(){ printf '"'"'BULK_SNAP_T %s %s\n'"'"' "$1" "$(date +%s.%N 2>/dev/null || date +%s)"; }; _bs guest_start; _bs pipeline_start; openssl enc -aes-256-ctr -pass pass:"testing" -nosalt < /dev/zero 2>/dev/null | dd of=/root/dummy_snapshot_data_1.img bs=1M count=500 iflag=fullblock conv=notrunc status=progress; ec=$?; _bs pipeline_done; _bs guest_end; exit $ec'
2026-05-20 03:13:41,075 DEBUG   ssh: connect to host 10.53.4.86 port 22: Connection refused
2026-05-20 03:13:41,075 ERROR Guest disk op failed ec=255 vm=vm-131-260519-074736 ip=10.53.4.86 — ssh: connect to host 10.53.4.86 port 22: Connection refused
2026-05-20 03:13:41,076 DEBUG [861/1171] VM b3327b33… (vm-137-260519-074827) via 10.53.13.76 op=update
2026-05-20 03:13:41,076 DEBUG   remote: bash -lc 'set -e; _bs(){ printf '"'"'BULK_SNAP_T %s %s\n'"'"' "$1" "$(date +%s.%N 2>/dev/null || date +%s)"; }; _bs guest_start; _bs pipeline_start; openssl enc -aes-256-ctr -pass pass:"testing" -nosalt < /dev/zero 2>/dev/null | dd of=/root/dummy_snapshot_data_1.img bs=1M count=500 iflag=fullblock conv=notrunc status=progress; ec=$?; _bs pipeline_done; _bs guest_end; exit $ec'
2026-05-20 03:13:41,301 DEBUG   ssh: connect to host 10.53.4.182 port 22: Connection refused
2026-05-20 03:13:41,301 ERROR Guest disk op failed ec=255 vm=vm-132-260519-074736 ip=10.53.4.182 — ssh: connect to host 10.53.4.182 port 22: Connection refused
2026-05-20 03:13:41,302 DEBUG [862/1171] VM 5ece14f4… (vm-138-260519-074900) via 10.53.19.189 op=update
2026-05-20 03:13:41,302 DEBUG   remote: bash -lc 'set -e; _bs(){ printf '"'"'BULK_SNAP_T %s %s\n'"'"' "$1" "$(date +%s.%N 2>/dev/null || date +%s)"; }; _bs guest_start; _bs pipeline_start; openssl enc -aes-256-ctr -pass pass:"testing" -nosalt < /dev/zero 2>/dev/null | dd of=/root/dummy_snapshot_data_1.img bs=1M count=500 iflag=fullblock conv=notrunc status=progress; ec=$?; _bs pipeline_done; _bs guest_end; exit $ec'
2026-05-20 03:13:41,305 DEBUG   ssh: connect to host 10.53.31.48 port 22: Connection refused
2026-05-20 03:13:41,305 ERROR Guest disk op failed ec=255 vm=vm-133-260519-074737 ip=10.53.31.48 — ssh: connect to host 10.53.31.48 port 22: Connection refused
2026-05-20 03:13:41,306 DEBUG [863/1171] VM abf96585… (vm-139-260519-074903) via 10.53.19.223 op=update
2026-05-20 03:13:41,306 DEBUG   remote: bash -lc 'set -e; _bs(){ printf '"'"'BULK_SNAP_T %s %s\n'"'"' "$1" "$(date +%s.%N 2>/dev/null || date +%s)"; }; _bs guest_start; _bs pipeline_start; openssl enc -aes-256-ctr -pass pass:"testing" -nosalt < /dev/zero 2>/dev/null | dd of=/root/dummy_snapshot_data_1.img bs=1M count=500 iflag=fullblock conv=notrunc status=progress; ec=$?; _bs pipeline_done; _bs guest_end; exit $ec'
2026-05-20 03:13:41,311 DEBUG   ssh: connect to host 10.53.5.20 port 22: Connection refused
2026-05-20 03:13:41,311 ERROR Guest disk op failed ec=255 vm=vm-134-260519-074751 ip=10.53.5.20 — ssh: connect to host 10.53.5.20 port 22: Connection refused
2026-05-20 03:13:41,311 DEBUG [864/1171] VM baed687d… (vm-14-260519-073336) via 10.53.49.150 op=update
2026-05-20 03:13:41,312 DEBUG   remote: bash -lc 'set -e; _bs(){ printf '"'"'BULK_SNAP_T %s %s\n'"'"' "$1" "$(date +%s.%N 2>/dev/null || date +%s)"; }; _bs guest_start; _bs pipeline_start; openssl enc -aes-256-ctr -pass pass:"testing" -nosalt < /dev/zero 2>/dev/null | dd of=/root/dummy_snapshot_data_1.img bs=1M count=500 iflag=fullblock conv=notrunc status=progress; ec=$?; _bs pipeline_done; _bs guest_end; exit $ec'
2026-05-20 03:13:41,316 DEBUG   ssh: connect to host 10.53.46.12 port 22: Connection refused
2026-05-20 03:13:41,317 ERROR Guest disk op failed ec=255 vm=vm-135-260519-074754 ip=10.53.46.12 — ssh: connect to host 10.53.46.12 port 22: Connection refused
2026-05-20 03:13:41,317 DEBUG [865/1171] VM 60b10140… (vm-140-260519-074905) via 10.53.19.90 op=update
2026-05-20 03:13:41,317 DEBUG   remote: bash -lc 'set -e; _bs(){ printf '"'"'BULK_SNAP_T %s %s\n'"'"' "$1" "$(date +%s.%N 2>/dev/null || date +%s)"; }; _bs guest_start; _bs pipeline_start; openssl enc -aes-256-ctr -pass pass:"testing" -nosalt < /dev/zero 2>/dev/null | dd of=/root/dummy_snapshot_data_1.img bs=1M count=500 iflag=fullblock conv=notrunc status=progress; ec=$?; _bs pipeline_done; _bs guest_end; exit $ec'
2026-05-20 03:13:41,327 DEBUG   ssh: connect to host 10.53.16.87 port 22: Connection refused
2026-05-20 03:13:41,327 ERROR Guest disk op failed ec=255 vm=vm-136-260519-074825 ip=10.53.16.87 — ssh: connect to host 10.53.16.87 port 22: Connection refused
2026-05-20 03:13:41,327 DEBUG [866/1171] VM bfcf25e8… (vm-141-260519-074907) via 10.53.41.82 op=update
2026-05-20 03:13:41,328 DEBUG   remote: bash -lc 'set -e; _bs(){ printf '"'"'BULK_SNAP_T %s %s\n'"'"' "$1" "$(date +%s.%N 2>/dev/null || date +%s)"; }; _bs guest_start; _bs pipeline_start; openssl enc -aes-256-ctr -pass pass:"testing" -nosalt < /dev/zero 2>/dev/null | dd of=/root/dummy_snapshot_data_1.img bs=1M count=500 iflag=fullblock conv=notrunc status=progress; ec=$?; _bs pipeline_done; _bs guest_end; exit $ec'
2026-05-20 03:13:41,330 DEBUG   ssh: connect to host 10.53.13.76 port 22: Connection refused
2026-05-20 03:13:41,331 ERROR Guest disk op failed ec=255 vm=vm-137-260519-074827 ip=10.53.13.76 — ssh: connect to host 10.53.13.76 port 22: Connection refused
2026-05-20 03:13:41,332 DEBUG [867/1171] VM 1a1a700e… (vm-142-260519-074908) via 10.53.3.69 op=update
2026-05-20 03:13:41,332 DEBUG   remote: bash -lc 'set -e; _bs(){ printf '"'"'BULK_SNAP_T %s %s\n'"'"' "$1" "$(date +%s.%N 2>/dev/null || date +%s)"; }; _bs guest_start; _bs pipeline_start; openssl enc -aes-256-ctr -pass pass:"testing" -nosalt < /dev/zero 2>/dev/null | dd of=/root/dummy_snapshot_data_1.img bs=1M count=500 iflag=fullblock conv=notrunc status=progress; ec=$?; _bs pipeline_done; _bs guest_end; exit $ec'
2026-05-20 03:13:41,557 DEBUG   ssh: connect to host 10.53.19.189 port 22: Connection refused
2026-05-20 03:13:41,557 ERROR Guest disk op failed ec=255 vm=vm-138-260519-074900 ip=10.53.19.189 — ssh: connect to host 10.53.19.189 port 22: Connection refused
2026-05-20 03:13:41,558 DEBUG [868/1171] VM cf8603cf… (vm-143-260519-074913) via 10.53.29.91 op=update
2026-05-20 03:13:41,558 DEBUG   remote: bash -lc 'set -e; _bs(){ printf '"'"'BULK_SNAP_T %s %s\n'"'"' "$1" "$(date +%s.%N 2>/dev/null || date +%s)"; }; _bs guest_start; _bs pipeline_start; openssl enc -aes-256-ctr -pass pass:"testing" -nosalt < /dev/zero 2>/dev/null | dd of=/root/dummy_snapshot_data_1.img bs=1M count=500 iflag=fullblock conv=notrunc status=progress; ec=$?; _bs pipeline_done; _bs guest_end; exit $ec'
2026-05-20 03:13:41,561 DEBUG   ssh: connect to host 10.53.19.223 port 22: Connection refused
2026-05-20 03:13:41,561 ERROR Guest disk op failed ec=255 vm=vm-139-260519-074903 ip=10.53.19.223 — ssh: connect to host 10.53.19.223 port 22: Connection refused
2026-05-20 03:13:41,562 DEBUG [869/1171] VM 7b89156b… (vm-144-260519-074916) via 10.53.26.178 op=update
2026-05-20 03:13:41,562 DEBUG   remote: bash -lc 'set -e; _bs(){ printf '"'"'BULK_SNAP_T %s %s\n'"'"' "$1" "$(date +%s.%N 2>/dev/null || date +%s)"; }; _bs guest_start; _bs pipeline_start; openssl enc -aes-256-ctr -pass pass:"testing" -nosalt < /dev/zero 2>/dev/null | dd of=/root/dummy_snapshot_data_1.img bs=1M count=500 iflag=fullblock conv=notrunc status=progress; ec=$?; _bs pipeline_done; _bs guest_end; exit $ec'
2026-05-20 03:13:41,566 DEBUG   ssh: connect to host 10.53.49.150 port 22: Connection refused
2026-05-20 03:13:41,566 ERROR Guest disk op failed ec=255 vm=vm-14-260519-073336 ip=10.53.49.150 — ssh: connect to host 10.53.49.150 port 22: Connection refused
2026-05-20 03:13:41,567 DEBUG [870/1171] VM 13e0d4f7… (vm-145-260519-074916) via 10.53.3.193 op=update
2026-05-20 03:13:41,567 DEBUG   remote: bash -lc 'set -e; _bs(){ printf '"'"'BULK_SNAP_T %s %s\n'"'"' "$1" "$(date +%s.%N 2>/dev/null || date +%s)"; }; _bs guest_start; _bs pipeline_start; openssl enc -aes-256-ctr -pass pass:"testing" -nosalt < /dev/zero 2>/dev/null | dd of=/root/dummy_snapshot_data_1.img bs=1M count=500 iflag=fullblock conv=notrunc status=progress; ec=$?; _bs pipeline_done; _bs guest_end; exit $ec'
2026-05-20 03:13:41,572 DEBUG   ssh: connect to host 10.53.19.90 port 22: Connection refused
2026-05-20 03:13:41,572 ERROR Guest disk op failed ec=255 vm=vm-140-260519-074905 ip=10.53.19.90 — ssh: connect to host 10.53.19.90 port 22: Connection refused
2026-05-20 03:13:41,573 DEBUG [871/1171] VM 83dddacb… (vm-146-260519-074926) via 10.53.12.76 op=update
2026-05-20 03:13:41,573 DEBUG   remote: bash -lc 'set -e; _bs(){ printf '"'"'BULK_SNAP_T %s %s\n'"'"' "$1" "$(date +%s.%N 2>/dev/null || date +%s)"; }; _bs guest_start; _bs pipeline_start; openssl enc -aes-256-ctr -pass pass:"testing" -nosalt < /dev/zero 2>/dev/null | dd of=/root/dummy_snapshot_data_1.img bs=1M count=500 iflag=fullblock conv=notrunc status=progress; ec=$?; _bs pipeline_done; _bs guest_end; exit $ec'
2026-05-20 03:13:41,582 DEBUG   ssh: connect to host 10.53.41.82 port 22: Connection refused
2026-05-20 03:13:41,582 ERROR Guest disk op failed ec=255 vm=vm-141-260519-074907 ip=10.53.41.82 — ssh: connect to host 10.53.41.82 port 22: Connection refused
2026-05-20 03:13:41,583 DEBUG [872/1171] VM a87d4f3a… (vm-147-260519-074927) via 10.53.47.20 op=update
2026-05-20 03:13:41,583 DEBUG   remote: bash -lc 'set -e; _bs(){ printf '"'"'BULK_SNAP_T %s %s\n'"'"' "$1" "$(date +%s.%N 2>/dev/null || date +%s)"; }; _bs guest_start; _bs pipeline_start; openssl enc -aes-256-ctr -pass pass:"testing" -nosalt < /dev/zero 2>/dev/null | dd of=/root/dummy_snapshot_data_1.img bs=1M count=500 iflag=fullblock conv=notrunc status=progress; ec=$?; _bs pipeline_done; _bs guest_end; exit $ec'
2026-05-20 03:13:41,586 DEBUG   ssh: connect to host 10.53.3.69 port 22: Connection refused
2026-05-20 03:13:41,586 ERROR Guest disk op failed ec=255 vm=vm-142-260519-074908 ip=10.53.3.69 — ssh: connect to host 10.53.3.69 port 22: Connection refused
2026-05-20 03:13:41,587 DEBUG [873/1171] VM 5e2694b5… (vm-148-260519-075021) via 10.53.34.120 op=update
2026-05-20 03:13:41,587 DEBUG   remote: bash -lc 'set -e; _bs(){ printf '"'"'BULK_SNAP_T %s %s\n'"'"' "$1" "$(date +%s.%N 2>/dev/null || date +%s)"; }; _bs guest_start; _bs pipeline_start; openssl enc -aes-256-ctr -pass pass:"testing" -nosalt < /dev/zero 2>/dev/null | dd of=/root/dummy_snapshot_data_1.img bs=1M count=500 iflag=fullblock conv=notrunc status=progress; ec=$?; _bs pipeline_done; _bs guest_end; exit $ec'
2026-05-20 03:13:41,817 DEBUG   ssh: connect to host 10.53.29.91 port 22: Connection refused
2026-05-20 03:13:41,818 ERROR Guest disk op failed ec=255 vm=vm-143-260519-074913 ip=10.53.29.91 — ssh: connect to host 10.53.29.91 port 22: Connection refused
2026-05-20 03:13:41,818 DEBUG [874/1171] VM a236869d… (vm-149-260519-075026) via 10.53.33.134 op=update
2026-05-20 03:13:41,820 DEBUG   ssh: connect to host 10.53.26.178 port 22: Connection refused
2026-05-20 03:13:41,827 ERROR Guest disk op failed ec=255 vm=vm-144-260519-074916 ip=10.53.26.178 — ssh: connect to host 10.53.26.178 port 22: Connection refused
2026-05-20 03:13:41,827 DEBUG [875/1171] VM c53ebe62… (vm-15-260519-073340) via 10.53.47.91 op=update
2026-05-20 03:13:41,827 DEBUG   remote: bash -lc 'set -e; _bs(){ printf '"'"'BULK_SNAP_T %s %s\n'"'"' "$1" "$(date +%s.%N 2>/dev/null || date +%s)"; }; _bs guest_start; _bs pipeline_start; openssl enc -aes-256-ctr -pass pass:"testing" -nosalt < /dev/zero 2>/dev/null | dd of=/root/dummy_snapshot_data_1.img bs=1M count=500 iflag=fullblock conv=notrunc status=progress; ec=$?; _bs pipeline_done; _bs guest_end; exit $ec'
2026-05-20 03:13:41,823 DEBUG   ssh: connect to host 10.53.3.193 port 22: Connection refused
2026-05-20 03:13:41,829 ERROR Guest disk op failed ec=255 vm=vm-145-260519-074916 ip=10.53.3.193 — ssh: connect to host 10.53.3.193 port 22: Connection refused
2026-05-20 03:13:41,830 DEBUG [876/1171] VM 84ff9726… (vm-150-260519-075028) via 10.53.2.35 op=update
2026-05-20 03:13:41,830 DEBUG   remote: bash -lc 'set -e; _bs(){ printf '"'"'BULK_SNAP_T %s %s\n'"'"' "$1" "$(date +%s.%N 2>/dev/null || date +%s)"; }; _bs guest_start; _bs pipeline_start; openssl enc -aes-256-ctr -pass pass:"testing" -nosalt < /dev/zero 2>/dev/null | dd of=/root/dummy_snapshot_data_1.img bs=1M count=500 iflag=fullblock conv=notrunc status=progress; ec=$?; _bs pipeline_done; _bs guest_end; exit $ec'
2026-05-20 03:13:41,826 DEBUG   ssh: connect to host 10.53.12.76 port 22: Connection refused
2026-05-20 03:13:41,837 ERROR Guest disk op failed ec=255 vm=vm-146-260519-074926 ip=10.53.12.76 — ssh: connect to host 10.53.12.76 port 22: Connection refused
2026-05-20 03:13:41,838 DEBUG [877/1171] VM 497c59d7… (vm-151-260519-075032) via 10.53.5.3 op=update
2026-05-20 03:13:41,838 DEBUG   remote: bash -lc 'set -e; _bs(){ printf '"'"'BULK_SNAP_T %s %s\n'"'"' "$1" "$(date +%s.%N 2>/dev/null || date +%s)"; }; _bs guest_start; _bs pipeline_start; openssl enc -aes-256-ctr -pass pass:"testing" -nosalt < /dev/zero 2>/dev/null | dd of=/root/dummy_snapshot_data_1.img bs=1M count=500 iflag=fullblock conv=notrunc status=progress; ec=$?; _bs pipeline_done; _bs guest_end; exit $ec'
2026-05-20 03:13:41,826 DEBUG   remote: bash -lc 'set -e; _bs(){ printf '"'"'BULK_SNAP_T %s %s\n'"'"' "$1" "$(date +%s.%N 2>/dev/null || date +%s)"; }; _bs guest_start; _bs pipeline_start; openssl enc -aes-256-ctr -pass pass:"testing" -nosalt < /dev/zero 2>/dev/null | dd of=/root/dummy_snapshot_data_1.img bs=1M count=500 iflag=fullblock conv=notrunc status=progress; ec=$?; _bs pipeline_done; _bs guest_end; exit $ec'
2026-05-20 03:13:41,840 DEBUG   ssh: connect to host 10.53.47.20 port 22: Connection refused
2026-05-20 03:13:41,840 ERROR Guest disk op failed ec=255 vm=vm-147-260519-074927 ip=10.53.47.20 — ssh: connect to host 10.53.47.20 port 22: Connection refused
2026-05-20 03:13:41,841 DEBUG [878/1171] VM 8f0732de… (vm-152-260519-075034) via 10.53.36.228 op=update
2026-05-20 03:13:41,842 DEBUG   remote: bash -lc 'set -e; _bs(){ printf '"'"'BULK_SNAP_T %s %s\n'"'"' "$1" "$(date +%s.%N 2>/dev/null || date +%s)"; }; _bs guest_start; _bs pipeline_start; openssl enc -aes-256-ctr -pass pass:"testing" -nosalt < /dev/zero 2>/dev/null | dd of=/root/dummy_snapshot_data_1.img bs=1M count=500 iflag=fullblock conv=notrunc status=progress; ec=$?; _bs pipeline_done; _bs guest_end; exit $ec'
2026-05-20 03:13:41,842 DEBUG   ssh: connect to host 10.53.34.120 port 22: Connection refused
2026-05-20 03:13:41,842 ERROR Guest disk op failed ec=255 vm=vm-148-260519-075021 ip=10.53.34.120 — ssh: connect to host 10.53.34.120 port 22: Connection refused
2026-05-20 03:13:41,842 DEBUG [879/1171] VM 82bda163… (vm-153-260519-075037) via 10.53.5.187 op=update
2026-05-20 03:13:41,843 DEBUG   remote: bash -lc 'set -e; _bs(){ printf '"'"'BULK_SNAP_T %s %s\n'"'"' "$1" "$(date +%s.%N 2>/dev/null || date +%s)"; }; _bs guest_start; _bs pipeline_start; openssl enc -aes-256-ctr -pass pass:"testing" -nosalt < /dev/zero 2>/dev/null | dd of=/root/dummy_snapshot_data_1.img bs=1M count=500 iflag=fullblock conv=notrunc status=progress; ec=$?; _bs pipeline_done; _bs guest_end; exit $ec'
2026-05-20 03:13:42,085 DEBUG   ssh: connect to host 10.53.2.35 port 22: Connection refused
2026-05-20 03:13:42,085 ERROR Guest disk op failed ec=255 vm=vm-150-260519-075028 ip=10.53.2.35 — ssh: connect to host 10.53.2.35 port 22: Connection refused
2026-05-20 03:13:42,086 DEBUG [880/1171] VM 9774f2d7… (vm-154-260519-075039) via 10.53.20.247 op=update
2026-05-20 03:13:42,086 DEBUG   remote: bash -lc 'set -e; _bs(){ printf '"'"'BULK_SNAP_T %s %s\n'"'"' "$1" "$(date +%s.%N 2>/dev/null || date +%s)"; }; _bs guest_start; _bs pipeline_start; openssl enc -aes-256-ctr -pass pass:"testing" -nosalt < /dev/zero 2>/dev/null | dd of=/root/dummy_snapshot_data_1.img bs=1M count=500 iflag=fullblock conv=notrunc status=progress; ec=$?; _bs pipeline_done; _bs guest_end; exit $ec'
2026-05-20 03:13:42,086 DEBUG   ssh: connect to host 10.53.47.91 port 22: Connection refused
2026-05-20 03:13:42,087 ERROR Guest disk op failed ec=255 vm=vm-15-260519-073340 ip=10.53.47.91 — ssh: connect to host 10.53.47.91 port 22: Connection refused
2026-05-20 03:13:42,087 DEBUG [881/1171] VM 3cdd0c7c… (vm-155-260519-075040) via 10.53.29.147 op=update
2026-05-20 03:13:42,087 DEBUG   remote: bash -lc 'set -e; _bs(){ printf '"'"'BULK_SNAP_T %s %s\n'"'"' "$1" "$(date +%s.%N 2>/dev/null || date +%s)"; }; _bs guest_start; _bs pipeline_start; openssl enc -aes-256-ctr -pass pass:"testing" -nosalt < /dev/zero 2>/dev/null | dd of=/root/dummy_snapshot_data_1.img bs=1M count=500 iflag=fullblock conv=notrunc status=progress; ec=$?; _bs pipeline_done; _bs guest_end; exit $ec'
2026-05-20 03:13:42,094 DEBUG   ssh: connect to host 10.53.33.134 port 22: Connection refused
2026-05-20 03:13:42,095 ERROR Guest disk op failed ec=255 vm=vm-149-260519-075026 ip=10.53.33.134 — ssh: connect to host 10.53.33.134 port 22: Connection refused
2026-05-20 03:13:42,095 DEBUG [882/1171] VM 58cad84f… (vm-156-260519-075041) via 10.53.6.49 op=update
2026-05-20 03:13:42,095 DEBUG   remote: bash -lc 'set -e; _bs(){ printf '"'"'BULK_SNAP_T %s %s\n'"'"' "$1" "$(date +%s.%N 2>/dev/null || date +%s)"; }; _bs guest_start; _bs pipeline_start; openssl enc -aes-256-ctr -pass pass:"testing" -nosalt < /dev/zero 2>/dev/null | dd of=/root/dummy_snapshot_data_1.img bs=1M count=500 iflag=fullblock conv=notrunc status=progress; ec=$?; _bs pipeline_done; _bs guest_end; exit $ec'
2026-05-20 03:13:42,098 DEBUG   ssh: connect to host 10.53.36.228 port 22: Connection refused
2026-05-20 03:13:42,098 ERROR Guest disk op failed ec=255 vm=vm-152-260519-075034 ip=10.53.36.228 — ssh: connect to host 10.53.36.228 port 22: Connection refused
2026-05-20 03:13:42,099 DEBUG [883/1171] VM 67afeef5… (vm-157-260519-075042) via 10.53.13.197 op=update
2026-05-20 03:13:42,099 DEBUG   remote: bash -lc 'set -e; _bs(){ printf '"'"'BULK_SNAP_T %s %s\n'"'"' "$1" "$(date +%s.%N 2>/dev/null || date +%s)"; }; _bs guest_start; _bs pipeline_start; openssl enc -aes-256-ctr -pass pass:"testing" -nosalt < /dev/zero 2>/dev/null | dd of=/root/dummy_snapshot_data_1.img bs=1M count=500 iflag=fullblock conv=notrunc status=progress; ec=$?; _bs pipeline_done; _bs guest_end; exit $ec'
2026-05-20 03:13:42,102 DEBUG   ssh: connect to host 10.53.5.187 port 22: Connection refused
2026-05-20 03:13:42,102 ERROR Guest disk op failed ec=255 vm=vm-153-260519-075037 ip=10.53.5.187 — ssh: connect to host 10.53.5.187 port 22: Connection refused
2026-05-20 03:13:42,103 DEBUG [884/1171] VM a3f71845… (vm-158-260519-075117) via 10.53.19.168 op=update
2026-05-20 03:13:42,103 DEBUG   remote: bash -lc 'set -e; _bs(){ printf '"'"'BULK_SNAP_T %s %s\n'"'"' "$1" "$(date +%s.%N 2>/dev/null || date +%s)"; }; _bs guest_start; _bs pipeline_start; openssl enc -aes-256-ctr -pass pass:"testing" -nosalt < /dev/zero 2>/dev/null | dd of=/root/dummy_snapshot_data_1.img bs=1M count=500 iflag=fullblock conv=notrunc status=progress; ec=$?; _bs pipeline_done; _bs guest_end; exit $ec'
2026-05-20 03:13:42,107 DEBUG   ssh: connect to host 10.53.5.3 port 22: Connection refused
2026-05-20 03:13:42,107 ERROR Guest disk op failed ec=255 vm=vm-151-260519-075032 ip=10.53.5.3 — ssh: connect to host 10.53.5.3 port 22: Connection refused
2026-05-20 03:13:42,108 DEBUG [885/1171] VM 4b8eba92… (vm-159-260519-075123) via 10.53.0.126 op=update
2026-05-20 03:13:42,108 DEBUG   remote: bash -lc 'set -e; _bs(){ printf '"'"'BULK_SNAP_T %s %s\n'"'"' "$1" "$(date +%s.%N 2>/dev/null || date +%s)"; }; _bs guest_start; _bs pipeline_start; openssl enc -aes-256-ctr -pass pass:"testing" -nosalt < /dev/zero 2>/dev/null | dd of=/root/dummy_snapshot_data_1.img bs=1M count=500 iflag=fullblock conv=notrunc status=progress; ec=$?; _bs pipeline_done; _bs guest_end; exit $ec'
2026-05-20 03:13:42,343 DEBUG   ssh: connect to host 10.53.20.247 port 22: Connection refused
2026-05-20 03:13:42,343 ERROR Guest disk op failed ec=255 vm=vm-154-260519-075039 ip=10.53.20.247 — ssh: connect to host 10.53.20.247 port 22: Connection refused
2026-05-20 03:13:42,344 DEBUG [886/1171] VM bc1e9498… (vm-16-260519-073340) via 10.53.10.173 op=update
2026-05-20 03:13:42,344 DEBUG   remote: bash -lc 'set -e; _bs(){ printf '"'"'BULK_SNAP_T %s %s\n'"'"' "$1" "$(date +%s.%N 2>/dev/null || date +%s)"; }; _bs guest_start; _bs pipeline_start; openssl enc -aes-256-ctr -pass pass:"testing" -nosalt < /dev/zero 2>/dev/null | dd of=/root/dummy_snapshot_data_1.img bs=1M count=500 iflag=fullblock conv=notrunc status=progress; ec=$?; _bs pipeline_done; _bs guest_end; exit $ec'
2026-05-20 03:13:42,347 DEBUG   ssh: connect to host 10.53.29.147 port 22: Connection refused
2026-05-20 03:13:42,347 ERROR Guest disk op failed ec=255 vm=vm-155-260519-075040 ip=10.53.29.147 — ssh: connect to host 10.53.29.147 port 22: Connection refused
2026-05-20 03:13:42,348 DEBUG [887/1171] VM fd01571b… (vm-160-260519-075124) via 10.53.48.253 op=update
2026-05-20 03:13:42,348 DEBUG   remote: bash -lc 'set -e; _bs(){ printf '"'"'BULK_SNAP_T %s %s\n'"'"' "$1" "$(date +%s.%N 2>/dev/null || date +%s)"; }; _bs guest_start; _bs pipeline_start; openssl enc -aes-256-ctr -pass pass:"testing" -nosalt < /dev/zero 2>/dev/null | dd of=/root/dummy_snapshot_data_1.img bs=1M count=500 iflag=fullblock conv=notrunc status=progress; ec=$?; _bs pipeline_done; _bs guest_end; exit $ec'
2026-05-20 03:13:42,351 DEBUG   ssh: connect to host 10.53.6.49 port 22: Connection refused
2026-05-20 03:13:42,351 ERROR Guest disk op failed ec=255 vm=vm-156-260519-075041 ip=10.53.6.49 — ssh: connect to host 10.53.6.49 port 22: Connection refused
2026-05-20 03:13:42,352 DEBUG [888/1171] VM a8c7f481… (vm-161-260519-075148) via 10.53.6.193 op=update
2026-05-20 03:13:42,352 DEBUG   remote: bash -lc 'set -e; _bs(){ printf '"'"'BULK_SNAP_T %s %s\n'"'"' "$1" "$(date +%s.%N 2>/dev/null || date +%s)"; }; _bs guest_start; _bs pipeline_start; openssl enc -aes-256-ctr -pass pass:"testing" -nosalt < /dev/zero 2>/dev/null | dd of=/root/dummy_snapshot_data_1.img bs=1M count=500 iflag=fullblock conv=notrunc status=progress; ec=$?; _bs pipeline_done; _bs guest_end; exit $ec'
2026-05-20 03:13:42,356 DEBUG   ssh: connect to host 10.53.13.197 port 22: Connection refused
2026-05-20 03:13:42,356 ERROR Guest disk op failed ec=255 vm=vm-157-260519-075042 ip=10.53.13.197 — ssh: connect to host 10.53.13.197 port 22: Connection refused
2026-05-20 03:13:42,356 DEBUG [889/1171] VM b573ae50… (vm-162-260519-075156) via 10.53.11.1 op=update
2026-05-20 03:13:42,356 DEBUG   remote: bash -lc 'set -e; _bs(){ printf '"'"'BULK_SNAP_T %s %s\n'"'"' "$1" "$(date +%s.%N 2>/dev/null || date +%s)"; }; _bs guest_start; _bs pipeline_start; openssl enc -aes-256-ctr -pass pass:"testing" -nosalt < /dev/zero 2>/dev/null | dd of=/root/dummy_snapshot_data_1.img bs=1M count=500 iflag=fullblock conv=notrunc status=progress; ec=$?; _bs pipeline_done; _bs guest_end; exit $ec'
2026-05-20 03:13:42,360 DEBUG   ssh: connect to host 10.53.19.168 port 22: Connection refused
2026-05-20 03:13:42,360 ERROR Guest disk op failed ec=255 vm=vm-158-260519-075117 ip=10.53.19.168 — ssh: connect to host 10.53.19.168 port 22: Connection refused
2026-05-20 03:13:42,360 DEBUG [890/1171] VM 8c203036… (vm-163-260519-075157) via 10.53.30.188 op=update
2026-05-20 03:13:42,360 DEBUG   remote: bash -lc 'set -e; _bs(){ printf '"'"'BULK_SNAP_T %s %s\n'"'"' "$1" "$(date +%s.%N 2>/dev/null || date +%s)"; }; _bs guest_start; _bs pipeline_start; openssl enc -aes-256-ctr -pass pass:"testing" -nosalt < /dev/zero 2>/dev/null | dd of=/root/dummy_snapshot_data_1.img bs=1M count=500 iflag=fullblock conv=notrunc status=progress; ec=$?; _bs pipeline_done; _bs guest_end; exit $ec'
2026-05-20 03:13:42,365 DEBUG   ssh: connect to host 10.53.0.126 port 22: Connection refused
2026-05-20 03:13:42,365 ERROR Guest disk op failed ec=255 vm=vm-159-260519-075123 ip=10.53.0.126 — ssh: connect to host 10.53.0.126 port 22: Connection refused
2026-05-20 03:13:42,366 DEBUG [891/1171] VM d46be898… (vm-164-260519-075159) via 10.53.29.176 op=update
2026-05-20 03:13:42,366 DEBUG   remote: bash -lc 'set -e; _bs(){ printf '"'"'BULK_SNAP_T %s %s\n'"'"' "$1" "$(date +%s.%N 2>/dev/null || date +%s)"; }; _bs guest_start; _bs pipeline_start; openssl enc -aes-256-ctr -pass pass:"testing" -nosalt < /dev/zero 2>/dev/null | dd of=/root/dummy_snapshot_data_1.img bs=1M count=500 iflag=fullblock conv=notrunc status=progress; ec=$?; _bs pipeline_done; _bs guest_end; exit $ec'
2026-05-20 03:13:42,599 DEBUG   ssh: connect to host 10.53.10.173 port 22: Connection refused
2026-05-20 03:13:42,599 ERROR Guest disk op failed ec=255 vm=vm-16-260519-073340 ip=10.53.10.173 — ssh: connect to host 10.53.10.173 port 22: Connection refused
2026-05-20 03:13:42,600 DEBUG [892/1171] VM 323f32dd… (vm-165-260519-075200) via 10.53.31.181 op=update
2026-05-20 03:13:42,601 DEBUG   remote: bash -lc 'set -e; _bs(){ printf '"'"'BULK_SNAP_T %s %s\n'"'"' "$1" "$(date +%s.%N 2>/dev/null || date +%s)"; }; _bs guest_start; _bs pipeline_start; openssl enc -aes-256-ctr -pass pass:"testing" -nosalt < /dev/zero 2>/dev/null | dd of=/root/dummy_snapshot_data_1.img bs=1M count=500 iflag=fullblock conv=notrunc status=progress; ec=$?; _bs pipeline_done; _bs guest_end; exit $ec'
2026-05-20 03:13:42,604 DEBUG   ssh: connect to host 10.53.48.253 port 22: Connection refused
2026-05-20 03:13:42,604 ERROR Guest disk op failed ec=255 vm=vm-160-260519-075124 ip=10.53.48.253 — ssh: connect to host 10.53.48.253 port 22: Connection refused
2026-05-20 03:13:42,605 DEBUG [893/1171] VM 3d9c719f… (vm-166-260519-075203) via 10.53.7.179 op=update
2026-05-20 03:13:42,606 DEBUG   ssh: connect to host 10.53.6.193 port 22: Connection refused
2026-05-20 03:13:42,606 DEBUG   remote: bash -lc 'set -e; _bs(){ printf '"'"'BULK_SNAP_T %s %s\n'"'"' "$1" "$(date +%s.%N 2>/dev/null || date +%s)"; }; _bs guest_start; _bs pipeline_start; openssl enc -aes-256-ctr -pass pass:"testing" -nosalt < /dev/zero 2>/dev/null | dd of=/root/dummy_snapshot_data_1.img bs=1M count=500 iflag=fullblock conv=notrunc status=progress; ec=$?; _bs pipeline_done; _bs guest_end; exit $ec'
2026-05-20 03:13:42,607 ERROR Guest disk op failed ec=255 vm=vm-161-260519-075148 ip=10.53.6.193 — ssh: connect to host 10.53.6.193 port 22: Connection refused
2026-05-20 03:13:42,608 DEBUG [894/1171] VM 5ad834ef… (vm-167-260519-075204) via 10.53.18.120 op=update
2026-05-20 03:13:42,608 DEBUG   remote: bash -lc 'set -e; _bs(){ printf '"'"'BULK_SNAP_T %s %s\n'"'"' "$1" "$(date +%s.%N 2>/dev/null || date +%s)"; }; _bs guest_start; _bs pipeline_start; openssl enc -aes-256-ctr -pass pass:"testing" -nosalt < /dev/zero 2>/dev/null | dd of=/root/dummy_snapshot_data_1.img bs=1M count=500 iflag=fullblock conv=notrunc status=progress; ec=$?; _bs pipeline_done; _bs guest_end; exit $ec'
2026-05-20 03:13:42,614 DEBUG   ssh: connect to host 10.53.30.188 port 22: Connection refused
2026-05-20 03:13:42,614 ERROR Guest disk op failed ec=255 vm=vm-163-260519-075157 ip=10.53.30.188 — ssh: connect to host 10.53.30.188 port 22: Connection refused
2026-05-20 03:13:42,615 DEBUG [895/1171] VM eefc48f4… (vm-168-260519-075219) via 10.53.51.94 op=update
2026-05-20 03:13:42,615 DEBUG   remote: bash -lc 'set -e; _bs(){ printf '"'"'BULK_SNAP_T %s %s\n'"'"' "$1" "$(date +%s.%N 2>/dev/null || date +%s)"; }; _bs guest_start; _bs pipeline_start; openssl enc -aes-256-ctr -pass pass:"testing" -nosalt < /dev/zero 2>/dev/null | dd of=/root/dummy_snapshot_data_1.img bs=1M count=500 iflag=fullblock conv=notrunc status=progress; ec=$?; _bs pipeline_done; _bs guest_end; exit $ec'
2026-05-20 03:13:42,615 DEBUG   ssh: connect to host 10.53.11.1 port 22: Connection refused
2026-05-20 03:13:42,615 ERROR Guest disk op failed ec=255 vm=vm-162-260519-075156 ip=10.53.11.1 — ssh: connect to host 10.53.11.1 port 22: Connection refused
2026-05-20 03:13:42,616 DEBUG [896/1171] VM f11cb525… (vm-169-260519-075219) via 10.53.39.78 op=update
2026-05-20 03:13:42,616 DEBUG   remote: bash -lc 'set -e; _bs(){ printf '"'"'BULK_SNAP_T %s %s\n'"'"' "$1" "$(date +%s.%N 2>/dev/null || date +%s)"; }; _bs guest_start; _bs pipeline_start; openssl enc -aes-256-ctr -pass pass:"testing" -nosalt < /dev/zero 2>/dev/null | dd of=/root/dummy_snapshot_data_1.img bs=1M count=500 iflag=fullblock conv=notrunc status=progress; ec=$?; _bs pipeline_done; _bs guest_end; exit $ec'
2026-05-20 03:13:42,619 DEBUG   ssh: connect to host 10.53.29.176 port 22: Connection refused
2026-05-20 03:13:42,619 ERROR Guest disk op failed ec=255 vm=vm-164-260519-075159 ip=10.53.29.176 — ssh: connect to host 10.53.29.176 port 22: Connection refused
2026-05-20 03:13:42,620 DEBUG [897/1171] VM e1a84739… (vm-17-260519-073343) via 10.53.46.35 op=update
2026-05-20 03:13:42,620 DEBUG   remote: bash -lc 'set -e; _bs(){ printf '"'"'BULK_SNAP_T %s %s\n'"'"' "$1" "$(date +%s.%N 2>/dev/null || date +%s)"; }; _bs guest_start; _bs pipeline_start; openssl enc -aes-256-ctr -pass pass:"testing" -nosalt < /dev/zero 2>/dev/null | dd of=/root/dummy_snapshot_data_1.img bs=1M count=500 iflag=fullblock conv=notrunc status=progress; ec=$?; _bs pipeline_done; _bs guest_end; exit $ec'
2026-05-20 03:13:42,862 DEBUG   ssh: connect to host 10.53.31.181 port 22: Connection refused
2026-05-20 03:13:42,862 ERROR Guest disk op failed ec=255 vm=vm-165-260519-075200 ip=10.53.31.181 — ssh: connect to host 10.53.31.181 port 22: Connection refused
2026-05-20 03:13:42,862 DEBUG [898/1171] VM 5b4ef199… (vm-170-260519-075227) via 10.53.13.154 op=update
2026-05-20 03:13:42,863 DEBUG   remote: bash -lc 'set -e; _bs(){ printf '"'"'BULK_SNAP_T %s %s\n'"'"' "$1" "$(date +%s.%N 2>/dev/null || date +%s)"; }; _bs guest_start; _bs pipeline_start; openssl enc -aes-256-ctr -pass pass:"testing" -nosalt < /dev/zero 2>/dev/null | dd of=/root/dummy_snapshot_data_1.img bs=1M count=500 iflag=fullblock conv=notrunc status=progress; ec=$?; _bs pipeline_done; _bs guest_end; exit $ec'
2026-05-20 03:13:42,870 DEBUG   ssh: connect to host 10.53.18.120 port 22: Connection refused
2026-05-20 03:13:42,870 ERROR Guest disk op failed ec=255 vm=vm-167-260519-075204 ip=10.53.18.120 — ssh: connect to host 10.53.18.120 port 22: Connection refused
2026-05-20 03:13:42,871 DEBUG [899/1171] VM acc4d57e… (vm-171-260519-075254) via 10.53.40.31 op=update
2026-05-20 03:13:42,871 DEBUG   remote: bash -lc 'set -e; _bs(){ printf '"'"'BULK_SNAP_T %s %s\n'"'"' "$1" "$(date +%s.%N 2>/dev/null || date +%s)"; }; _bs guest_start; _bs pipeline_start; openssl enc -aes-256-ctr -pass pass:"testing" -nosalt < /dev/zero 2>/dev/null | dd of=/root/dummy_snapshot_data_1.img bs=1M count=500 iflag=fullblock conv=notrunc status=progress; ec=$?; _bs pipeline_done; _bs guest_end; exit $ec'
2026-05-20 03:13:42,874 DEBUG   ssh: connect to host 10.53.7.179 port 22: Connection refused
2026-05-20 03:13:42,874 ERROR Guest disk op failed ec=255 vm=vm-166-260519-075203 ip=10.53.7.179 — ssh: connect to host 10.53.7.179 port 22: Connection refused
2026-05-20 03:13:42,875 DEBUG [900/1171] VM b29d38b4… (vm-172-260519-075255) via 10.53.47.28 op=update
2026-05-20 03:13:42,875 DEBUG   remote: bash -lc 'set -e; _bs(){ printf '"'"'BULK_SNAP_T %s %s\n'"'"' "$1" "$(date +%s.%N 2>/dev/null || date +%s)"; }; _bs guest_start; _bs pipeline_start; openssl enc -aes-256-ctr -pass pass:"testing" -nosalt < /dev/zero 2>/dev/null | dd of=/root/dummy_snapshot_data_1.img bs=1M count=500 iflag=fullblock conv=notrunc status=progress; ec=$?; _bs pipeline_done; _bs guest_end; exit $ec'
2026-05-20 03:13:42,877 DEBUG   ssh: connect to host 10.53.51.94 port 22: Connection refused
2026-05-20 03:13:42,878 ERROR Guest disk op failed ec=255 vm=vm-168-260519-075219 ip=10.53.51.94 — ssh: connect to host 10.53.51.94 port 22: Connection refused
2026-05-20 03:13:42,878 DEBUG [901/1171] VM 473ffcc6… (vm-173-260519-075256) via 10.53.10.34 op=update
2026-05-20 03:13:42,879 DEBUG   ssh: connect to host 10.53.39.78 port 22: Connection refused
2026-05-20 03:13:42,879 ERROR Guest disk op failed ec=255 vm=vm-169-260519-075219 ip=10.53.39.78 — ssh: connect to host 10.53.39.78 port 22: Connection refused
2026-05-20 03:13:42,879 DEBUG   ssh: connect to host 10.53.46.35 port 22: Connection refused
2026-05-20 03:13:42,880 DEBUG [902/1171] VM 49a1b3bb… (vm-174-260519-075300) via 10.53.8.214 op=update
2026-05-20 03:13:42,879 DEBUG   remote: bash -lc 'set -e; _bs(){ printf '"'"'BULK_SNAP_T %s %s\n'"'"' "$1" "$(date +%s.%N 2>/dev/null || date +%s)"; }; _bs guest_start; _bs pipeline_start; openssl enc -aes-256-ctr -pass pass:"testing" -nosalt < /dev/zero 2>/dev/null | dd of=/root/dummy_snapshot_data_1.img bs=1M count=500 iflag=fullblock conv=notrunc status=progress; ec=$?; _bs pipeline_done; _bs guest_end; exit $ec'
2026-05-20 03:13:42,884 DEBUG   remote: bash -lc 'set -e; _bs(){ printf '"'"'BULK_SNAP_T %s %s\n'"'"' "$1" "$(date +%s.%N 2>/dev/null || date +%s)"; }; _bs guest_start; _bs pipeline_start; openssl enc -aes-256-ctr -pass pass:"testing" -nosalt < /dev/zero 2>/dev/null | dd of=/root/dummy_snapshot_data_1.img bs=1M count=500 iflag=fullblock conv=notrunc status=progress; ec=$?; _bs pipeline_done; _bs guest_end; exit $ec'
2026-05-20 03:13:42,884 ERROR Guest disk op failed ec=255 vm=vm-17-260519-073343 ip=10.53.46.35 — ssh: connect to host 10.53.46.35 port 22: Connection refused
2026-05-20 03:13:42,888 DEBUG [903/1171] VM 07dd0161… (vm-175-260519-075315) via 10.53.21.242 op=update
2026-05-20 03:13:42,888 DEBUG   remote: bash -lc 'set -e; _bs(){ printf '"'"'BULK_SNAP_T %s %s\n'"'"' "$1" "$(date +%s.%N 2>/dev/null || date +%s)"; }; _bs guest_start; _bs pipeline_start; openssl enc -aes-256-ctr -pass pass:"testing" -nosalt < /dev/zero 2>/dev/null | dd of=/root/dummy_snapshot_data_1.img bs=1M count=500 iflag=fullblock conv=notrunc status=progress; ec=$?; _bs pipeline_done; _bs guest_end; exit $ec'
2026-05-20 03:13:43,118 DEBUG   ssh: connect to host 10.53.13.154 port 22: Connection refused
2026-05-20 03:13:43,119 ERROR Guest disk op failed ec=255 vm=vm-170-260519-075227 ip=10.53.13.154 — ssh: connect to host 10.53.13.154 port 22: Connection refused
2026-05-20 03:13:43,119 DEBUG [904/1171] VM ea4c3bde… (vm-176-260519-075317) via 10.53.23.222 op=update
2026-05-20 03:13:43,119 DEBUG   remote: bash -lc 'set -e; _bs(){ printf '"'"'BULK_SNAP_T %s %s\n'"'"' "$1" "$(date +%s.%N 2>/dev/null || date +%s)"; }; _bs guest_start; _bs pipeline_start; openssl enc -aes-256-ctr -pass pass:"testing" -nosalt < /dev/zero 2>/dev/null | dd of=/root/dummy_snapshot_data_1.img bs=1M count=500 iflag=fullblock conv=notrunc status=progress; ec=$?; _bs pipeline_done; _bs guest_end; exit $ec'
2026-05-20 03:13:43,129 DEBUG   ssh: connect to host 10.53.47.28 port 22: Connection refused
2026-05-20 03:13:43,129 ERROR Guest disk op failed ec=255 vm=vm-172-260519-075255 ip=10.53.47.28 — ssh: connect to host 10.53.47.28 port 22: Connection refused
2026-05-20 03:13:43,130 DEBUG [905/1171] VM 072df783… (vm-177-260519-075323) via 10.53.50.54 op=update
2026-05-20 03:13:43,130 DEBUG   remote: bash -lc 'set -e; _bs(){ printf '"'"'BULK_SNAP_T %s %s\n'"'"' "$1" "$(date +%s.%N 2>/dev/null || date +%s)"; }; _bs guest_start; _bs pipeline_start; openssl enc -aes-256-ctr -pass pass:"testing" -nosalt < /dev/zero 2>/dev/null | dd of=/root/dummy_snapshot_data_1.img bs=1M count=500 iflag=fullblock conv=notrunc status=progress; ec=$?; _bs pipeline_done; _bs guest_end; exit $ec'
2026-05-20 03:13:43,132 DEBUG   ssh: connect to host 10.53.40.31 port 22: Connection refused
2026-05-20 03:13:43,132 ERROR Guest disk op failed ec=255 vm=vm-171-260519-075254 ip=10.53.40.31 — ssh: connect to host 10.53.40.31 port 22: Connection refused
2026-05-20 03:13:43,133 DEBUG [906/1171] VM 5de2883a… (vm-178-260519-075327) via 10.53.26.253 op=update
2026-05-20 03:13:43,135 DEBUG   remote: bash -lc 'set -e; _bs(){ printf '"'"'BULK_SNAP_T %s %s\n'"'"' "$1" "$(date +%s.%N 2>/dev/null || date +%s)"; }; _bs guest_start; _bs pipeline_start; openssl enc -aes-256-ctr -pass pass:"testing" -nosalt < /dev/zero 2>/dev/null | dd of=/root/dummy_snapshot_data_1.img bs=1M count=500 iflag=fullblock conv=notrunc status=progress; ec=$?; _bs pipeline_done; _bs guest_end; exit $ec'
2026-05-20 03:13:43,146 DEBUG   ssh: connect to host 10.53.8.214 port 22: Connection refused
2026-05-20 03:13:43,146 ERROR Guest disk op failed ec=255 vm=vm-174-260519-075300 ip=10.53.8.214 — ssh: connect to host 10.53.8.214 port 22: Connection refused
2026-05-20 03:13:43,147 DEBUG [907/1171] VM 40a837b1… (vm-179-260519-075330) via 10.53.27.40 op=update
2026-05-20 03:13:43,147 DEBUG   remote: bash -lc 'set -e; _bs(){ printf '"'"'BULK_SNAP_T %s %s\n'"'"' "$1" "$(date +%s.%N 2>/dev/null || date +%s)"; }; _bs guest_start; _bs pipeline_start; openssl enc -aes-256-ctr -pass pass:"testing" -nosalt < /dev/zero 2>/dev/null | dd of=/root/dummy_snapshot_data_1.img bs=1M count=500 iflag=fullblock conv=notrunc status=progress; ec=$?; _bs pipeline_done; _bs guest_end; exit $ec'
2026-05-20 03:13:43,150 DEBUG   ssh: connect to host 10.53.21.242 port 22: Connection refused
2026-05-20 03:13:43,155 DEBUG   ssh: connect to host 10.53.10.34 port 22: Connection refused
2026-05-20 03:13:43,155 ERROR Guest disk op failed ec=255 vm=vm-175-260519-075315 ip=10.53.21.242 — ssh: connect to host 10.53.21.242 port 22: Connection refused
2026-05-20 03:13:43,155 ERROR Guest disk op failed ec=255 vm=vm-173-260519-075256 ip=10.53.10.34 — ssh: connect to host 10.53.10.34 port 22: Connection refused
2026-05-20 03:13:43,156 DEBUG [908/1171] VM 9dc8fac9… (vm-18-260519-073344) via 10.53.51.231 op=update
2026-05-20 03:13:43,156 DEBUG   remote: bash -lc 'set -e; _bs(){ printf '"'"'BULK_SNAP_T %s %s\n'"'"' "$1" "$(date +%s.%N 2>/dev/null || date +%s)"; }; _bs guest_start; _bs pipeline_start; openssl enc -aes-256-ctr -pass pass:"testing" -nosalt < /dev/zero 2>/dev/null | dd of=/root/dummy_snapshot_data_1.img bs=1M count=500 iflag=fullblock conv=notrunc status=progress; ec=$?; _bs pipeline_done; _bs guest_end; exit $ec'
2026-05-20 03:13:43,156 DEBUG [909/1171] VM aeb38f46… (vm-180-260519-075331) via 10.53.46.152 op=update
2026-05-20 03:13:43,156 DEBUG   remote: bash -lc 'set -e; _bs(){ printf '"'"'BULK_SNAP_T %s %s\n'"'"' "$1" "$(date +%s.%N 2>/dev/null || date +%s)"; }; _bs guest_start; _bs pipeline_start; openssl enc -aes-256-ctr -pass pass:"testing" -nosalt < /dev/zero 2>/dev/null | dd of=/root/dummy_snapshot_data_1.img bs=1M count=500 iflag=fullblock conv=notrunc status=progress; ec=$?; _bs pipeline_done; _bs guest_end; exit $ec'
2026-05-20 03:13:43,374 DEBUG   ssh: connect to host 10.53.23.222 port 22: Connection refused
2026-05-20 03:13:43,374 ERROR Guest disk op failed ec=255 vm=vm-176-260519-075317 ip=10.53.23.222 — ssh: connect to host 10.53.23.222 port 22: Connection refused
2026-05-20 03:13:43,375 DEBUG [910/1171] VM 62b0ba9d… (vm-181-260519-075351) via 10.53.17.199 op=update
2026-05-20 03:13:43,375 DEBUG   remote: bash -lc 'set -e; _bs(){ printf '"'"'BULK_SNAP_T %s %s\n'"'"' "$1" "$(date +%s.%N 2>/dev/null || date +%s)"; }; _bs guest_start; _bs pipeline_start; openssl enc -aes-256-ctr -pass pass:"testing" -nosalt < /dev/zero 2>/dev/null | dd of=/root/dummy_snapshot_data_1.img bs=1M count=500 iflag=fullblock conv=notrunc status=progress; ec=$?; _bs pipeline_done; _bs guest_end; exit $ec'
2026-05-20 03:13:43,387 DEBUG   ssh: connect to host 10.53.50.54 port 22: Connection refused
2026-05-20 03:13:43,387 ERROR Guest disk op failed ec=255 vm=vm-177-260519-075323 ip=10.53.50.54 — ssh: connect to host 10.53.50.54 port 22: Connection refused
2026-05-20 03:13:43,388 DEBUG [911/1171] VM eec6e561… (vm-182-260519-075353) via 10.53.27.249 op=update
2026-05-20 03:13:43,388 DEBUG   remote: bash -lc 'set -e; _bs(){ printf '"'"'BULK_SNAP_T %s %s\n'"'"' "$1" "$(date +%s.%N 2>/dev/null || date +%s)"; }; _bs guest_start; _bs pipeline_start; openssl enc -aes-256-ctr -pass pass:"testing" -nosalt < /dev/zero 2>/dev/null | dd of=/root/dummy_snapshot_data_1.img bs=1M count=500 iflag=fullblock conv=notrunc status=progress; ec=$?; _bs pipeline_done; _bs guest_end; exit $ec'
2026-05-20 03:13:43,390 DEBUG   ssh: connect to host 10.53.26.253 port 22: Connection refused
2026-05-20 03:13:43,391 ERROR Guest disk op failed ec=255 vm=vm-178-260519-075327 ip=10.53.26.253 — ssh: connect to host 10.53.26.253 port 22: Connection refused
2026-05-20 03:13:43,391 DEBUG [912/1171] VM 06fdb4b0… (vm-183-260519-075354) via 10.53.12.170 op=update
2026-05-20 03:13:43,392 DEBUG   remote: bash -lc 'set -e; _bs(){ printf '"'"'BULK_SNAP_T %s %s\n'"'"' "$1" "$(date +%s.%N 2>/dev/null || date +%s)"; }; _bs guest_start; _bs pipeline_start; openssl enc -aes-256-ctr -pass pass:"testing" -nosalt < /dev/zero 2>/dev/null | dd of=/root/dummy_snapshot_data_1.img bs=1M count=500 iflag=fullblock conv=notrunc status=progress; ec=$?; _bs pipeline_done; _bs guest_end; exit $ec'
2026-05-20 03:13:43,401 DEBUG   ssh: connect to host 10.53.27.40 port 22: Connection refused
2026-05-20 03:13:43,401 ERROR Guest disk op failed ec=255 vm=vm-179-260519-075330 ip=10.53.27.40 — ssh: connect to host 10.53.27.40 port 22: Connection refused
2026-05-20 03:13:43,402 DEBUG [913/1171] VM 3a4dd336… (vm-184-260519-075356) via 10.53.23.233 op=update
2026-05-20 03:13:43,402 DEBUG   remote: bash -lc 'set -e; _bs(){ printf '"'"'BULK_SNAP_T %s %s\n'"'"' "$1" "$(date +%s.%N 2>/dev/null || date +%s)"; }; _bs guest_start; _bs pipeline_start; openssl enc -aes-256-ctr -pass pass:"testing" -nosalt < /dev/zero 2>/dev/null | dd of=/root/dummy_snapshot_data_1.img bs=1M count=500 iflag=fullblock conv=notrunc status=progress; ec=$?; _bs pipeline_done; _bs guest_end; exit $ec'
2026-05-20 03:13:43,414 DEBUG   ssh: connect to host 10.53.51.231 port 22: Connection refused
2026-05-20 03:13:43,414 ERROR Guest disk op failed ec=255 vm=vm-18-260519-073344 ip=10.53.51.231 — ssh: connect to host 10.53.51.231 port 22: Connection refused
2026-05-20 03:13:43,414 DEBUG [914/1171] VM b2728a6c… (vm-185-260519-075417) via 10.53.2.110 op=update
2026-05-20 03:13:43,414 DEBUG   remote: bash -lc 'set -e; _bs(){ printf '"'"'BULK_SNAP_T %s %s\n'"'"' "$1" "$(date +%s.%N 2>/dev/null || date +%s)"; }; _bs guest_start; _bs pipeline_start; openssl enc -aes-256-ctr -pass pass:"testing" -nosalt < /dev/zero 2>/dev/null | dd of=/root/dummy_snapshot_data_1.img bs=1M count=500 iflag=fullblock conv=notrunc status=progress; ec=$?; _bs pipeline_done; _bs guest_end; exit $ec'
2026-05-20 03:13:43,417 DEBUG   ssh: connect to host 10.53.46.152 port 22: Connection refused
2026-05-20 03:13:43,417 ERROR Guest disk op failed ec=255 vm=vm-180-260519-075331 ip=10.53.46.152 — ssh: connect to host 10.53.46.152 port 22: Connection refused
2026-05-20 03:13:43,418 DEBUG [915/1171] VM 8dbd0de9… (vm-186-260519-075422) via 10.53.20.234 op=update
2026-05-20 03:13:43,418 DEBUG   remote: bash -lc 'set -e; _bs(){ printf '"'"'BULK_SNAP_T %s %s\n'"'"' "$1" "$(date +%s.%N 2>/dev/null || date +%s)"; }; _bs guest_start; _bs pipeline_start; openssl enc -aes-256-ctr -pass pass:"testing" -nosalt < /dev/zero 2>/dev/null | dd of=/root/dummy_snapshot_data_1.img bs=1M count=500 iflag=fullblock conv=notrunc status=progress; ec=$?; _bs pipeline_done; _bs guest_end; exit $ec'
2026-05-20 03:13:43,630 DEBUG   ssh: connect to host 10.53.17.199 port 22: Connection refused
2026-05-20 03:13:43,630 ERROR Guest disk op failed ec=255 vm=vm-181-260519-075351 ip=10.53.17.199 — ssh: connect to host 10.53.17.199 port 22: Connection refused
2026-05-20 03:13:43,631 DEBUG [916/1171] VM 05116f89… (vm-187-260519-075427) via 10.53.33.69 op=update
2026-05-20 03:13:43,631 DEBUG   remote: bash -lc 'set -e; _bs(){ printf '"'"'BULK_SNAP_T %s %s\n'"'"' "$1" "$(date +%s.%N 2>/dev/null || date +%s)"; }; _bs guest_start; _bs pipeline_start; openssl enc -aes-256-ctr -pass pass:"testing" -nosalt < /dev/zero 2>/dev/null | dd of=/root/dummy_snapshot_data_1.img bs=1M count=500 iflag=fullblock conv=notrunc status=progress; ec=$?; _bs pipeline_done; _bs guest_end; exit $ec'
2026-05-20 03:13:43,642 DEBUG   ssh: connect to host 10.53.27.249 port 22: Connection refused
2026-05-20 03:13:43,642 ERROR Guest disk op failed ec=255 vm=vm-182-260519-075353 ip=10.53.27.249 — ssh: connect to host 10.53.27.249 port 22: Connection refused
2026-05-20 03:13:43,643 DEBUG [917/1171] VM 3f38ff89… (vm-188-260519-075428) via 10.53.10.111 op=update
2026-05-20 03:13:43,643 DEBUG   remote: bash -lc 'set -e; _bs(){ printf '"'"'BULK_SNAP_T %s %s\n'"'"' "$1" "$(date +%s.%N 2>/dev/null || date +%s)"; }; _bs guest_start; _bs pipeline_start; openssl enc -aes-256-ctr -pass pass:"testing" -nosalt < /dev/zero 2>/dev/null | dd of=/root/dummy_snapshot_data_1.img bs=1M count=500 iflag=fullblock conv=notrunc status=progress; ec=$?; _bs pipeline_done; _bs guest_end; exit $ec'
2026-05-20 03:13:43,646 DEBUG   ssh: connect to host 10.53.12.170 port 22: Connection refused
2026-05-20 03:13:43,647 ERROR Guest disk op failed ec=255 vm=vm-183-260519-075354 ip=10.53.12.170 — ssh: connect to host 10.53.12.170 port 22: Connection refused
2026-05-20 03:13:43,647 DEBUG [918/1171] VM e12d140e… (vm-189-260519-075447) via 10.53.38.170 op=update
2026-05-20 03:13:43,647 DEBUG   remote: bash -lc 'set -e; _bs(){ printf '"'"'BULK_SNAP_T %s %s\n'"'"' "$1" "$(date +%s.%N 2>/dev/null || date +%s)"; }; _bs guest_start; _bs pipeline_start; openssl enc -aes-256-ctr -pass pass:"testing" -nosalt < /dev/zero 2>/dev/null | dd of=/root/dummy_snapshot_data_1.img bs=1M count=500 iflag=fullblock conv=notrunc status=progress; ec=$?; _bs pipeline_done; _bs guest_end; exit $ec'
2026-05-20 03:13:43,656 DEBUG   ssh: connect to host 10.53.23.233 port 22: Connection refused
2026-05-20 03:13:43,657 ERROR Guest disk op failed ec=255 vm=vm-184-260519-075356 ip=10.53.23.233 — ssh: connect to host 10.53.23.233 port 22: Connection refused
2026-05-20 03:13:43,657 DEBUG [919/1171] VM 212138ea… (vm-19-260519-073345) via 10.53.3.34 op=update
2026-05-20 03:13:43,657 DEBUG   remote: bash -lc 'set -e; _bs(){ printf '"'"'BULK_SNAP_T %s %s\n'"'"' "$1" "$(date +%s.%N 2>/dev/null || date +%s)"; }; _bs guest_start; _bs pipeline_start; openssl enc -aes-256-ctr -pass pass:"testing" -nosalt < /dev/zero 2>/dev/null | dd of=/root/dummy_snapshot_data_1.img bs=1M count=500 iflag=fullblock conv=notrunc status=progress; ec=$?; _bs pipeline_done; _bs guest_end; exit $ec'
2026-05-20 03:13:43,668 DEBUG   ssh: connect to host 10.53.2.110 port 22: Connection refused
2026-05-20 03:13:43,669 ERROR Guest disk op failed ec=255 vm=vm-185-260519-075417 ip=10.53.2.110 — ssh: connect to host 10.53.2.110 port 22: Connection refused
2026-05-20 03:13:43,669 DEBUG [920/1171] VM e3a91135… (vm-190-260519-075450) via 10.53.20.114 op=update
2026-05-20 03:13:43,669 DEBUG   remote: bash -lc 'set -e; _bs(){ printf '"'"'BULK_SNAP_T %s %s\n'"'"' "$1" "$(date +%s.%N 2>/dev/null || date +%s)"; }; _bs guest_start; _bs pipeline_start; openssl enc -aes-256-ctr -pass pass:"testing" -nosalt < /dev/zero 2>/dev/null | dd of=/root/dummy_snapshot_data_1.img bs=1M count=500 iflag=fullblock conv=notrunc status=progress; ec=$?; _bs pipeline_done; _bs guest_end; exit $ec'
2026-05-20 03:13:43,672 DEBUG   ssh: connect to host 10.53.20.234 port 22: Connection refused
2026-05-20 03:13:43,673 ERROR Guest disk op failed ec=255 vm=vm-186-260519-075422 ip=10.53.20.234 — ssh: connect to host 10.53.20.234 port 22: Connection refused
2026-05-20 03:13:43,673 DEBUG [921/1171] VM 673dd394… (vm-191-260519-075453) via 10.53.9.27 op=update
2026-05-20 03:13:43,673 DEBUG   remote: bash -lc 'set -e; _bs(){ printf '"'"'BULK_SNAP_T %s %s\n'"'"' "$1" "$(date +%s.%N 2>/dev/null || date +%s)"; }; _bs guest_start; _bs pipeline_start; openssl enc -aes-256-ctr -pass pass:"testing" -nosalt < /dev/zero 2>/dev/null | dd of=/root/dummy_snapshot_data_1.img bs=1M count=500 iflag=fullblock conv=notrunc status=progress; ec=$?; _bs pipeline_done; _bs guest_end; exit $ec'
2026-05-20 03:13:43,885 DEBUG   ssh: connect to host 10.53.33.69 port 22: Connection refused
2026-05-20 03:13:43,886 ERROR Guest disk op failed ec=255 vm=vm-187-260519-075427 ip=10.53.33.69 — ssh: connect to host 10.53.33.69 port 22: Connection refused
2026-05-20 03:13:43,886 DEBUG [922/1171] VM 82f092c2… (vm-192-260519-075454) via 10.53.6.76 op=update
2026-05-20 03:13:43,886 DEBUG   remote: bash -lc 'set -e; _bs(){ printf '"'"'BULK_SNAP_T %s %s\n'"'"' "$1" "$(date +%s.%N 2>/dev/null || date +%s)"; }; _bs guest_start; _bs pipeline_start; openssl enc -aes-256-ctr -pass pass:"testing" -nosalt < /dev/zero 2>/dev/null | dd of=/root/dummy_snapshot_data_1.img bs=1M count=500 iflag=fullblock conv=notrunc status=progress; ec=$?; _bs pipeline_done; _bs guest_end; exit $ec'
2026-05-20 03:13:43,898 DEBUG   ssh: connect to host 10.53.10.111 port 22: Connection refused
2026-05-20 03:13:43,898 ERROR Guest disk op failed ec=255 vm=vm-188-260519-075428 ip=10.53.10.111 — ssh: connect to host 10.53.10.111 port 22: Connection refused
2026-05-20 03:13:43,899 DEBUG [923/1171] VM 45369065… (vm-193-260519-075458) via 10.53.2.36 op=update
2026-05-20 03:13:43,899 DEBUG   remote: bash -lc 'set -e; _bs(){ printf '"'"'BULK_SNAP_T %s %s\n'"'"' "$1" "$(date +%s.%N 2>/dev/null || date +%s)"; }; _bs guest_start; _bs pipeline_start; openssl enc -aes-256-ctr -pass pass:"testing" -nosalt < /dev/zero 2>/dev/null | dd of=/root/dummy_snapshot_data_1.img bs=1M count=500 iflag=fullblock conv=notrunc status=progress; ec=$?; _bs pipeline_done; _bs guest_end; exit $ec'
2026-05-20 03:13:43,902 DEBUG   ssh: connect to host 10.53.38.170 port 22: Connection refused
2026-05-20 03:13:43,902 ERROR Guest disk op failed ec=255 vm=vm-189-260519-075447 ip=10.53.38.170 — ssh: connect to host 10.53.38.170 port 22: Connection refused
2026-05-20 03:13:43,903 DEBUG [924/1171] VM 16f7dbe7… (vm-194-260519-075459) via 10.53.11.142 op=update
2026-05-20 03:13:43,903 DEBUG   remote: bash -lc 'set -e; _bs(){ printf '"'"'BULK_SNAP_T %s %s\n'"'"' "$1" "$(date +%s.%N 2>/dev/null || date +%s)"; }; _bs guest_start; _bs pipeline_start; openssl enc -aes-256-ctr -pass pass:"testing" -nosalt < /dev/zero 2>/dev/null | dd of=/root/dummy_snapshot_data_1.img bs=1M count=500 iflag=fullblock conv=notrunc status=progress; ec=$?; _bs pipeline_done; _bs guest_end; exit $ec'
2026-05-20 03:13:43,912 DEBUG   ssh: connect to host 10.53.3.34 port 22: Connection refused
2026-05-20 03:13:43,912 ERROR Guest disk op failed ec=255 vm=vm-19-260519-073345 ip=10.53.3.34 — ssh: connect to host 10.53.3.34 port 22: Connection refused
2026-05-20 03:13:43,913 DEBUG [925/1171] VM fd1c583c… (vm-195-260519-075522) via 10.53.43.234 op=update
2026-05-20 03:13:43,913 DEBUG   remote: bash -lc 'set -e; _bs(){ printf '"'"'BULK_SNAP_T %s %s\n'"'"' "$1" "$(date +%s.%N 2>/dev/null || date +%s)"; }; _bs guest_start; _bs pipeline_start; openssl enc -aes-256-ctr -pass pass:"testing" -nosalt < /dev/zero 2>/dev/null | dd of=/root/dummy_snapshot_data_1.img bs=1M count=500 iflag=fullblock conv=notrunc status=progress; ec=$?; _bs pipeline_done; _bs guest_end; exit $ec'
2026-05-20 03:13:43,924 DEBUG   ssh: connect to host 10.53.20.114 port 22: Connection refused
2026-05-20 03:13:43,924 ERROR Guest disk op failed ec=255 vm=vm-190-260519-075450 ip=10.53.20.114 — ssh: connect to host 10.53.20.114 port 22: Connection refused
2026-05-20 03:13:43,925 DEBUG [926/1171] VM a30a80ac… (vm-196-260519-075524) via 10.53.43.19 op=update
2026-05-20 03:13:43,925 DEBUG   remote: bash -lc 'set -e; _bs(){ printf '"'"'BULK_SNAP_T %s %s\n'"'"' "$1" "$(date +%s.%N 2>/dev/null || date +%s)"; }; _bs guest_start; _bs pipeline_start; openssl enc -aes-256-ctr -pass pass:"testing" -nosalt < /dev/zero 2>/dev/null | dd of=/root/dummy_snapshot_data_1.img bs=1M count=500 iflag=fullblock conv=notrunc status=progress; ec=$?; _bs pipeline_done; _bs guest_end; exit $ec'
2026-05-20 03:13:43,928 DEBUG   ssh: connect to host 10.53.9.27 port 22: Connection refused
2026-05-20 03:13:43,928 ERROR Guest disk op failed ec=255 vm=vm-191-260519-075453 ip=10.53.9.27 — ssh: connect to host 10.53.9.27 port 22: Connection refused
2026-05-20 03:13:43,929 DEBUG [927/1171] VM efe713db… (vm-197-260519-075528) via 10.53.18.222 op=update
2026-05-20 03:13:43,929 DEBUG   remote: bash -lc 'set -e; _bs(){ printf '"'"'BULK_SNAP_T %s %s\n'"'"' "$1" "$(date +%s.%N 2>/dev/null || date +%s)"; }; _bs guest_start; _bs pipeline_start; openssl enc -aes-256-ctr -pass pass:"testing" -nosalt < /dev/zero 2>/dev/null | dd of=/root/dummy_snapshot_data_1.img bs=1M count=500 iflag=fullblock conv=notrunc status=progress; ec=$?; _bs pipeline_done; _bs guest_end; exit $ec'
2026-05-20 03:13:43,996 DEBUG   BULK_SNAP_T guest_start 1779214408.791139831
2026-05-20 03:13:43,996 DEBUG   BULK_SNAP_T pipeline_start 1779214408.793361084
2026-05-20 03:13:43,996 DEBUG   BULK_SNAP_T pipeline_done 1779214419.758386257
2026-05-20 03:13:43,996 DEBUG   BULK_SNAP_T guest_end 1779214419.769079970
2026-05-20 03:13:43,996 DEBUG   
2026-05-20 03:13:43,996 DEBUG   49283072 bytes (49 MB) copied, 1.031803 s, 47.8 MB/s
2026-05-20 03:13:43,996 DEBUG   104857600 bytes (105 MB) copied, 2.042872 s, 51.3 MB/s
2026-05-20 03:13:43,996 DEBUG   144703488 bytes (145 MB) copied, 3.059483 s, 47.3 MB/s
2026-05-20 03:13:43,996 DEBUG   198180864 bytes (198 MB) copied, 4.078644 s, 48.6 MB/s
2026-05-20 03:13:43,996 DEBUG   250609664 bytes (251 MB) copied, 5.079918 s, 49.3 MB/s
2026-05-20 03:13:43,996 DEBUG   305135616 bytes (305 MB) copied, 6.102802 s, 50.0 MB/s
2026-05-20 03:13:43,996 DEBUG   350224384 bytes (350 MB) copied, 7.127664 s, 49.1 MB/s
2026-05-20 03:13:43,996 DEBUG   405798912 bytes (406 MB) copied, 8.171767 s, 49.7 MB/s
2026-05-20 03:13:43,996 DEBUG   455081984 bytes (455 MB) copied, 9.186956 s, 49.5 MB/s
2026-05-20 03:13:43,996 DEBUG   501219328 bytes (501 MB) copied, 10.188866 s, 49.2 MB/s
2026-05-20 03:13:43,996 DEBUG   500+0 records in
2026-05-20 03:13:43,996 DEBUG   500+0 records out
2026-05-20 03:13:43,996 DEBUG   524288000 bytes (524 MB) copied, 10.8097 s, 48.5 MB/s
2026-05-20 03:13:43,996 DEBUG   OK (disk op exit 0)
2026-05-20 03:13:43,997 DEBUG [1058/1171] VM 2ff9cecd… (ahv_ins_delete-0-260514-182445) via 10.114.50.149 op=update
2026-05-20 03:13:43,997 DEBUG   remote: bash -lc 'set -e; _bs(){ printf '"'"'BULK_SNAP_T %s %s\n'"'"' "$1" "$(date +%s.%N 2>/dev/null || date +%s)"; }; _bs guest_start; _bs pipeline_start; openssl enc -aes-256-ctr -pass pass:"testing" -nosalt < /dev/zero 2>/dev/null | dd of=/root/dummy_snapshot_data_1.img bs=1M count=500 iflag=fullblock conv=notrunc status=progress; ec=$?; _bs pipeline_done; _bs guest_end; exit $ec'
2026-05-20 03:13:44,005 DEBUG   BULK_SNAP_T guest_start 1779214409.437897236
2026-05-20 03:13:44,005 DEBUG   BULK_SNAP_T pipeline_start 1779214409.441761603
2026-05-20 03:13:44,005 DEBUG   BULK_SNAP_T pipeline_done 1779214420.258293257
2026-05-20 03:13:44,005 DEBUG   BULK_SNAP_T guest_end 1779214420.273865175
2026-05-20 03:13:44,005 DEBUG   
2026-05-20 03:13:44,005 DEBUG   48234496 bytes (48 MB) copied, 1.025296 s, 47.0 MB/s
2026-05-20 03:13:44,005 DEBUG   99614720 bytes (100 MB) copied, 2.040383 s, 48.8 MB/s
2026-05-20 03:13:44,005 DEBUG   146800640 bytes (147 MB) copied, 3.061114 s, 48.0 MB/s
2026-05-20 03:13:44,005 DEBUG   203423744 bytes (203 MB) copied, 4.071449 s, 50.0 MB/s
2026-05-20 03:13:44,005 DEBUG   256901120 bytes (257 MB) copied, 5.072657 s, 50.6 MB/s
2026-05-20 03:13:44,005 DEBUG   303038464 bytes (303 MB) copied, 6.119302 s, 49.5 MB/s
2026-05-20 03:13:44,005 DEBUG   353370112 bytes (353 MB) copied, 7.143040 s, 49.5 MB/s
2026-05-20 03:13:44,005 DEBUG   407896064 bytes (408 MB) copied, 8.162149 s, 50.0 MB/s
2026-05-20 03:13:44,005 DEBUG   462422016 bytes (462 MB) copied, 9.197041 s, 50.3 MB/s
2026-05-20 03:13:44,005 DEBUG   507510784 bytes (508 MB) copied, 10.207415 s, 49.7 MB/s
2026-05-20 03:13:44,005 DEBUG   500+0 records in
2026-05-20 03:13:44,005 DEBUG   500+0 records out
2026-05-20 03:13:44,005 DEBUG   524288000 bytes (524 MB) copied, 10.7152 s, 48.9 MB/s
2026-05-20 03:13:44,005 DEBUG   OK (disk op exit 0)
2026-05-20 03:13:44,006 DEBUG [1059/1171] VM 2b528fb0… (ahv_ins_delete-0-260514-182453) via 10.114.52.33 op=update
2026-05-20 03:13:44,006 DEBUG   remote: bash -lc 'set -e; _bs(){ printf '"'"'BULK_SNAP_T %s %s\n'"'"' "$1" "$(date +%s.%N 2>/dev/null || date +%s)"; }; _bs guest_start; _bs pipeline_start; openssl enc -aes-256-ctr -pass pass:"testing" -nosalt < /dev/zero 2>/dev/null | dd of=/root/dummy_snapshot_data_1.img bs=1M count=500 iflag=fullblock conv=notrunc status=progress; ec=$?; _bs pipeline_done; _bs guest_end; exit $ec'
2026-05-20 03:13:44,141 DEBUG   ssh: connect to host 10.53.6.76 port 22: Connection refused
2026-05-20 03:13:44,141 ERROR Guest disk op failed ec=255 vm=vm-192-260519-075454 ip=10.53.6.76 — ssh: connect to host 10.53.6.76 port 22: Connection refused
2026-05-20 03:13:44,141 DEBUG [928/1171] VM b1558483… (vm-198-260519-075532) via 10.53.34.215 op=update
2026-05-20 03:13:44,142 DEBUG   remote: bash -lc 'set -e; _bs(){ printf '"'"'BULK_SNAP_T %s %s\n'"'"' "$1" "$(date +%s.%N 2>/dev/null || date +%s)"; }; _bs guest_start; _bs pipeline_start; openssl enc -aes-256-ctr -pass pass:"testing" -nosalt < /dev/zero 2>/dev/null | dd of=/root/dummy_snapshot_data_1.img bs=1M count=500 iflag=fullblock conv=notrunc status=progress; ec=$?; _bs pipeline_done; _bs guest_end; exit $ec'
2026-05-20 03:13:44,153 DEBUG   ssh: connect to host 10.53.2.36 port 22: Connection refused
2026-05-20 03:13:44,154 ERROR Guest disk op failed ec=255 vm=vm-193-260519-075458 ip=10.53.2.36 — ssh: connect to host 10.53.2.36 port 22: Connection refused
2026-05-20 03:13:44,154 DEBUG [929/1171] VM bd33a631… (vm-199-260519-075548) via 10.53.48.137 op=update
2026-05-20 03:13:44,154 DEBUG   remote: bash -lc 'set -e; _bs(){ printf '"'"'BULK_SNAP_T %s %s\n'"'"' "$1" "$(date +%s.%N 2>/dev/null || date +%s)"; }; _bs guest_start; _bs pipeline_start; openssl enc -aes-256-ctr -pass pass:"testing" -nosalt < /dev/zero 2>/dev/null | dd of=/root/dummy_snapshot_data_1.img bs=1M count=500 iflag=fullblock conv=notrunc status=progress; ec=$?; _bs pipeline_done; _bs guest_end; exit $ec'
2026-05-20 03:13:44,157 DEBUG   ssh: connect to host 10.53.11.142 port 22: Connection refused
2026-05-20 03:13:44,157 ERROR Guest disk op failed ec=255 vm=vm-194-260519-075459 ip=10.53.11.142 — ssh: connect to host 10.53.11.142 port 22: Connection refused
2026-05-20 03:13:44,158 DEBUG [930/1171] VM 5379db34… (vm-2-260519-073201) via 10.53.23.128 op=update
2026-05-20 03:13:44,158 DEBUG   remote: bash -lc 'set -e; _bs(){ printf '"'"'BULK_SNAP_T %s %s\n'"'"' "$1" "$(date +%s.%N 2>/dev/null || date +%s)"; }; _bs guest_start; _bs pipeline_start; openssl enc -aes-256-ctr -pass pass:"testing" -nosalt < /dev/zero 2>/dev/null | dd of=/root/dummy_snapshot_data_1.img bs=1M count=500 iflag=fullblock conv=notrunc status=progress; ec=$?; _bs pipeline_done; _bs guest_end; exit $ec'
2026-05-20 03:13:44,167 DEBUG   ssh: connect to host 10.53.43.234 port 22: Connection refused
2026-05-20 03:13:44,167 ERROR Guest disk op failed ec=255 vm=vm-195-260519-075522 ip=10.53.43.234 — ssh: connect to host 10.53.43.234 port 22: Connection refused
2026-05-20 03:13:44,168 DEBUG [931/1171] VM 0c196877… (vm-20-260519-073425) via 10.53.45.143 op=update
2026-05-20 03:13:44,168 DEBUG   remote: bash -lc 'set -e; _bs(){ printf '"'"'BULK_SNAP_T %s %s\n'"'"' "$1" "$(date +%s.%N 2>/dev/null || date +%s)"; }; _bs guest_start; _bs pipeline_start; openssl enc -aes-256-ctr -pass pass:"testing" -nosalt < /dev/zero 2>/dev/null | dd of=/root/dummy_snapshot_data_1.img bs=1M count=500 iflag=fullblock conv=notrunc status=progress; ec=$?; _bs pipeline_done; _bs guest_end; exit $ec'
2026-05-20 03:13:44,179 DEBUG   ssh: connect to host 10.53.43.19 port 22: Connection refused
2026-05-20 03:13:44,179 ERROR Guest disk op failed ec=255 vm=vm-196-260519-075524 ip=10.53.43.19 — ssh: connect to host 10.53.43.19 port 22: Connection refused
2026-05-20 03:13:44,180 DEBUG [932/1171] VM 96c7926b… (vm-21-260519-073445) via 10.53.46.192 op=update
2026-05-20 03:13:44,180 DEBUG   remote: bash -lc 'set -e; _bs(){ printf '"'"'BULK_SNAP_T %s %s\n'"'"' "$1" "$(date +%s.%N 2>/dev/null || date +%s)"; }; _bs guest_start; _bs pipeline_start; openssl enc -aes-256-ctr -pass pass:"testing" -nosalt < /dev/zero 2>/dev/null | dd of=/root/dummy_snapshot_data_1.img bs=1M count=500 iflag=fullblock conv=notrunc status=progress; ec=$?; _bs pipeline_done; _bs guest_end; exit $ec'
2026-05-20 03:13:44,183 DEBUG   ssh: connect to host 10.53.18.222 port 22: Connection refused
2026-05-20 03:13:44,183 ERROR Guest disk op failed ec=255 vm=vm-197-260519-075528 ip=10.53.18.222 — ssh: connect to host 10.53.18.222 port 22: Connection refused
2026-05-20 03:13:44,184 DEBUG [933/1171] VM 547da8dc… (vm-22-260519-073445) via 10.53.42.214 op=update
2026-05-20 03:13:44,184 DEBUG   remote: bash -lc 'set -e; _bs(){ printf '"'"'BULK_SNAP_T %s %s\n'"'"' "$1" "$(date +%s.%N 2>/dev/null || date +%s)"; }; _bs guest_start; _bs pipeline_start; openssl enc -aes-256-ctr -pass pass:"testing" -nosalt < /dev/zero 2>/dev/null | dd of=/root/dummy_snapshot_data_1.img bs=1M count=500 iflag=fullblock conv=notrunc status=progress; ec=$?; _bs pipeline_done; _bs guest_end; exit $ec'
2026-05-20 03:13:44,395 DEBUG   ssh: connect to host 10.53.34.215 port 22: Connection refused
2026-05-20 03:13:44,396 ERROR Guest disk op failed ec=255 vm=vm-198-260519-075532 ip=10.53.34.215 — ssh: connect to host 10.53.34.215 port 22: Connection refused
2026-05-20 03:13:44,396 DEBUG [934/1171] VM 7837eea0… (vm-23-260519-073450) via 10.53.50.93 op=update
2026-05-20 03:13:44,396 DEBUG   remote: bash -lc 'set -e; _bs(){ printf '"'"'BULK_SNAP_T %s %s\n'"'"' "$1" "$(date +%s.%N 2>/dev/null || date +%s)"; }; _bs guest_start; _bs pipeline_start; openssl enc -aes-256-ctr -pass pass:"testing" -nosalt < /dev/zero 2>/dev/null | dd of=/root/dummy_snapshot_data_1.img bs=1M count=500 iflag=fullblock conv=notrunc status=progress; ec=$?; _bs pipeline_done; _bs guest_end; exit $ec'
2026-05-20 03:13:44,410 DEBUG   ssh: connect to host 10.53.48.137 port 22: Connection refused
2026-05-20 03:13:44,410 ERROR Guest disk op failed ec=255 vm=vm-199-260519-075548 ip=10.53.48.137 — ssh: connect to host 10.53.48.137 port 22: Connection refused
2026-05-20 03:13:44,411 DEBUG [935/1171] VM c790a62e… (vm-24-260519-073456) via 10.53.1.233 op=update
2026-05-20 03:13:44,411 DEBUG   remote: bash -lc 'set -e; _bs(){ printf '"'"'BULK_SNAP_T %s %s\n'"'"' "$1" "$(date +%s.%N 2>/dev/null || date +%s)"; }; _bs guest_start; _bs pipeline_start; openssl enc -aes-256-ctr -pass pass:"testing" -nosalt < /dev/zero 2>/dev/null | dd of=/root/dummy_snapshot_data_1.img bs=1M count=500 iflag=fullblock conv=notrunc status=progress; ec=$?; _bs pipeline_done; _bs guest_end; exit $ec'
2026-05-20 03:13:44,413 DEBUG   ssh: connect to host 10.53.23.128 port 22: Connection refused
2026-05-20 03:13:44,414 ERROR Guest disk op failed ec=255 vm=vm-2-260519-073201 ip=10.53.23.128 — ssh: connect to host 10.53.23.128 port 22: Connection refused
2026-05-20 03:13:44,415 DEBUG [936/1171] VM 763d94d6… (vm-25-260519-073502) via 10.53.23.96 op=update
2026-05-20 03:13:44,415 DEBUG   remote: bash -lc 'set -e; _bs(){ printf '"'"'BULK_SNAP_T %s %s\n'"'"' "$1" "$(date +%s.%N 2>/dev/null || date +%s)"; }; _bs guest_start; _bs pipeline_start; openssl enc -aes-256-ctr -pass pass:"testing" -nosalt < /dev/zero 2>/dev/null | dd of=/root/dummy_snapshot_data_1.img bs=1M count=500 iflag=fullblock conv=notrunc status=progress; ec=$?; _bs pipeline_done; _bs guest_end; exit $ec'
2026-05-20 03:13:44,421 DEBUG   ssh: connect to host 10.53.45.143 port 22: Connection refused
2026-05-20 03:13:44,421 ERROR Guest disk op failed ec=255 vm=vm-20-260519-073425 ip=10.53.45.143 — ssh: connect to host 10.53.45.143 port 22: Connection refused
2026-05-20 03:13:44,422 DEBUG [937/1171] VM d2d72e5d… (vm-26-260519-073506) via 10.53.53.238 op=update
2026-05-20 03:13:44,422 DEBUG   remote: bash -lc 'set -e; _bs(){ printf '"'"'BULK_SNAP_T %s %s\n'"'"' "$1" "$(date +%s.%N 2>/dev/null || date +%s)"; }; _bs guest_start; _bs pipeline_start; openssl enc -aes-256-ctr -pass pass:"testing" -nosalt < /dev/zero 2>/dev/null | dd of=/root/dummy_snapshot_data_1.img bs=1M count=500 iflag=fullblock conv=notrunc status=progress; ec=$?; _bs pipeline_done; _bs guest_end; exit $ec'
2026-05-20 03:13:44,435 DEBUG   ssh: connect to host 10.53.46.192 port 22: Connection refused
2026-05-20 03:13:44,435 ERROR Guest disk op failed ec=255 vm=vm-21-260519-073445 ip=10.53.46.192 — ssh: connect to host 10.53.46.192 port 22: Connection refused
2026-05-20 03:13:44,436 DEBUG [938/1171] VM 770ff181… (vm-27-260519-073506) via 10.53.51.173 op=update
2026-05-20 03:13:44,436 DEBUG   remote: bash -lc 'set -e; _bs(){ printf '"'"'BULK_SNAP_T %s %s\n'"'"' "$1" "$(date +%s.%N 2>/dev/null || date +%s)"; }; _bs guest_start; _bs pipeline_start; openssl enc -aes-256-ctr -pass pass:"testing" -nosalt < /dev/zero 2>/dev/null | dd of=/root/dummy_snapshot_data_1.img bs=1M count=500 iflag=fullblock conv=notrunc status=progress; ec=$?; _bs pipeline_done; _bs guest_end; exit $ec'
2026-05-20 03:13:44,439 DEBUG   ssh: connect to host 10.53.42.214 port 22: Connection refused
2026-05-20 03:13:44,439 ERROR Guest disk op failed ec=255 vm=vm-22-260519-073445 ip=10.53.42.214 — ssh: connect to host 10.53.42.214 port 22: Connection refused
2026-05-20 03:13:44,440 DEBUG [939/1171] VM 637cc610… (vm-28-260519-073507) via 10.53.10.6 op=update
2026-05-20 03:13:44,440 DEBUG   remote: bash -lc 'set -e; _bs(){ printf '"'"'BULK_SNAP_T %s %s\n'"'"' "$1" "$(date +%s.%N 2>/dev/null || date +%s)"; }; _bs guest_start; _bs pipeline_start; openssl enc -aes-256-ctr -pass pass:"testing" -nosalt < /dev/zero 2>/dev/null | dd of=/root/dummy_snapshot_data_1.img bs=1M count=500 iflag=fullblock conv=notrunc status=progress; ec=$?; _bs pipeline_done; _bs guest_end; exit $ec'
2026-05-20 03:13:44,459 DEBUG   BULK_SNAP_T guest_start 1779214408.338212368
2026-05-20 03:13:44,459 DEBUG   BULK_SNAP_T pipeline_start 1779214408.341937794
2026-05-20 03:13:44,459 DEBUG   BULK_SNAP_T pipeline_done 1779214420.336266256
2026-05-20 03:13:44,459 DEBUG   BULK_SNAP_T guest_end 1779214420.348599697
2026-05-20 03:13:44,459 DEBUG   
2026-05-20 03:13:44,459 DEBUG   54525952 bytes (55 MB) copied, 1.032946 s, 52.8 MB/s
2026-05-20 03:13:44,459 DEBUG   104857600 bytes (105 MB) copied, 2.038779 s, 51.4 MB/s
2026-05-20 03:13:44,459 DEBUG   123731968 bytes (124 MB) copied, 3.071604 s, 40.3 MB/s
2026-05-20 03:13:44,459 DEBUG   166723584 bytes (167 MB) copied, 4.074662 s, 40.9 MB/s
2026-05-20 03:13:44,459 DEBUG   212860928 bytes (213 MB) copied, 5.081720 s, 41.9 MB/s
2026-05-20 03:13:44,459 DEBUG   263192576 bytes (263 MB) copied, 6.086825 s, 43.2 MB/s
2026-05-20 03:13:44,459 DEBUG   311427072 bytes (311 MB) copied, 7.125510 s, 43.7 MB/s
2026-05-20 03:13:44,459 DEBUG   356515840 bytes (357 MB) copied, 8.154536 s, 43.7 MB/s
2026-05-20 03:13:44,459 DEBUG   405798912 bytes (406 MB) copied, 9.158283 s, 44.3 MB/s
2026-05-20 03:13:44,459 DEBUG   455081984 bytes (455 MB) copied, 10.180500 s, 44.7 MB/s
2026-05-20 03:13:44,459 DEBUG   493879296 bytes (494 MB) copied, 11.187424 s, 44.1 MB/s
2026-05-20 03:13:44,459 DEBUG   500+0 records in
2026-05-20 03:13:44,459 DEBUG   500+0 records out
2026-05-20 03:13:44,459 DEBUG   524288000 bytes (524 MB) copied, 11.8141 s, 44.4 MB/s
2026-05-20 03:13:44,459 DEBUG   OK (disk op exit 0)
2026-05-20 03:13:44,460 DEBUG [1060/1171] VM 9195413e… (ahv_ins_delete-0-260514-182517) via 10.114.51.112 op=update
2026-05-20 03:13:44,460 DEBUG   remote: bash -lc 'set -e; _bs(){ printf '"'"'BULK_SNAP_T %s %s\n'"'"' "$1" "$(date +%s.%N 2>/dev/null || date +%s)"; }; _bs guest_start; _bs pipeline_start; openssl enc -aes-256-ctr -pass pass:"testing" -nosalt < /dev/zero 2>/dev/null | dd of=/root/dummy_snapshot_data_1.img bs=1M count=500 iflag=fullblock conv=notrunc status=progress; ec=$?; _bs pipeline_done; _bs guest_end; exit $ec'
2026-05-20 03:13:44,651 DEBUG   ssh: connect to host 10.53.50.93 port 22: Connection refused
2026-05-20 03:13:44,651 ERROR Guest disk op failed ec=255 vm=vm-23-260519-073450 ip=10.53.50.93 — ssh: connect to host 10.53.50.93 port 22: Connection refused
2026-05-20 03:13:44,652 DEBUG [940/1171] VM b5d1245d… (vm-29-260519-073508) via 10.53.38.4 op=update
2026-05-20 03:13:44,652 DEBUG   remote: bash -lc 'set -e; _bs(){ printf '"'"'BULK_SNAP_T %s %s\n'"'"' "$1" "$(date +%s.%N 2>/dev/null || date +%s)"; }; _bs guest_start; _bs pipeline_start; openssl enc -aes-256-ctr -pass pass:"testing" -nosalt < /dev/zero 2>/dev/null | dd of=/root/dummy_snapshot_data_1.img bs=1M count=500 iflag=fullblock conv=notrunc status=progress; ec=$?; _bs pipeline_done; _bs guest_end; exit $ec'
2026-05-20 03:13:44,667 DEBUG   ssh: connect to host 10.53.1.233 port 22: Connection refused
2026-05-20 03:13:44,667 ERROR Guest disk op failed ec=255 vm=vm-24-260519-073456 ip=10.53.1.233 — ssh: connect to host 10.53.1.233 port 22: Connection refused
2026-05-20 03:13:44,668 DEBUG [941/1171] VM 1f9f6b98… (vm-3-260519-073202) via 10.53.7.232 op=update
2026-05-20 03:13:44,668 DEBUG   remote: bash -lc 'set -e; _bs(){ printf '"'"'BULK_SNAP_T %s %s\n'"'"' "$1" "$(date +%s.%N 2>/dev/null || date +%s)"; }; _bs guest_start; _bs pipeline_start; openssl enc -aes-256-ctr -pass pass:"testing" -nosalt < /dev/zero 2>/dev/null | dd of=/root/dummy_snapshot_data_1.img bs=1M count=500 iflag=fullblock conv=notrunc status=progress; ec=$?; _bs pipeline_done; _bs guest_end; exit $ec'
2026-05-20 03:13:44,670 DEBUG   ssh: connect to host 10.53.23.96 port 22: Connection refused
2026-05-20 03:13:44,671 ERROR Guest disk op failed ec=255 vm=vm-25-260519-073502 ip=10.53.23.96 — ssh: connect to host 10.53.23.96 port 22: Connection refused
2026-05-20 03:13:44,672 DEBUG [942/1171] VM 90424020… (vm-30-260519-073520) via 10.53.27.193 op=update
2026-05-20 03:13:44,672 DEBUG   remote: bash -lc 'set -e; _bs(){ printf '"'"'BULK_SNAP_T %s %s\n'"'"' "$1" "$(date +%s.%N 2>/dev/null || date +%s)"; }; _bs guest_start; _bs pipeline_start; openssl enc -aes-256-ctr -pass pass:"testing" -nosalt < /dev/zero 2>/dev/null | dd of=/root/dummy_snapshot_data_1.img bs=1M count=500 iflag=fullblock conv=notrunc status=progress; ec=$?; _bs pipeline_done; _bs guest_end; exit $ec'
2026-05-20 03:13:44,677 DEBUG   ssh: connect to host 10.53.53.238 port 22: Connection refused
2026-05-20 03:13:44,677 ERROR Guest disk op failed ec=255 vm=vm-26-260519-073506 ip=10.53.53.238 — ssh: connect to host 10.53.53.238 port 22: Connection refused
2026-05-20 03:13:44,677 DEBUG [943/1171] VM 3b6364ca… (vm-31-260519-073541) via 10.53.17.80 op=update
2026-05-20 03:13:44,678 DEBUG   remote: bash -lc 'set -e; _bs(){ printf '"'"'BULK_SNAP_T %s %s\n'"'"' "$1" "$(date +%s.%N 2>/dev/null || date +%s)"; }; _bs guest_start; _bs pipeline_start; openssl enc -aes-256-ctr -pass pass:"testing" -nosalt < /dev/zero 2>/dev/null | dd of=/root/dummy_snapshot_data_1.img bs=1M count=500 iflag=fullblock conv=notrunc status=progress; ec=$?; _bs pipeline_done; _bs guest_end; exit $ec'
2026-05-20 03:13:44,690 DEBUG   ssh: connect to host 10.53.51.173 port 22: Connection refused
2026-05-20 03:13:44,690 ERROR Guest disk op failed ec=255 vm=vm-27-260519-073506 ip=10.53.51.173 — ssh: connect to host 10.53.51.173 port 22: Connection refused
2026-05-20 03:13:44,691 DEBUG [944/1171] VM aabc9dc4… (vm-32-260519-073553) via 10.53.31.175 op=update
2026-05-20 03:13:44,691 DEBUG   remote: bash -lc 'set -e; _bs(){ printf '"'"'BULK_SNAP_T %s %s\n'"'"' "$1" "$(date +%s.%N 2>/dev/null || date +%s)"; }; _bs guest_start; _bs pipeline_start; openssl enc -aes-256-ctr -pass pass:"testing" -nosalt < /dev/zero 2>/dev/null | dd of=/root/dummy_snapshot_data_1.img bs=1M count=500 iflag=fullblock conv=notrunc status=progress; ec=$?; _bs pipeline_done; _bs guest_end; exit $ec'
2026-05-20 03:13:44,694 DEBUG   ssh: connect to host 10.53.10.6 port 22: Connection refused
2026-05-20 03:13:44,694 ERROR Guest disk op failed ec=255 vm=vm-28-260519-073507 ip=10.53.10.6 — ssh: connect to host 10.53.10.6 port 22: Connection refused
2026-05-20 03:13:44,696 DEBUG [945/1171] VM ccc97d80… (vm-33-260519-073556) via 10.53.33.232 op=update
2026-05-20 03:13:44,696 DEBUG   remote: bash -lc 'set -e; _bs(){ printf '"'"'BULK_SNAP_T %s %s\n'"'"' "$1" "$(date +%s.%N 2>/dev/null || date +%s)"; }; _bs guest_start; _bs pipeline_start; openssl enc -aes-256-ctr -pass pass:"testing" -nosalt < /dev/zero 2>/dev/null | dd of=/root/dummy_snapshot_data_1.img bs=1M count=500 iflag=fullblock conv=notrunc status=progress; ec=$?; _bs pipeline_done; _bs guest_end; exit $ec'
2026-05-20 03:13:44,732 DEBUG   BULK_SNAP_T guest_start 1779214409.222563867
2026-05-20 03:13:44,732 DEBUG   BULK_SNAP_T pipeline_start 1779214409.227660857
2026-05-20 03:13:44,732 DEBUG   BULK_SNAP_T pipeline_done 1779214420.568199867
2026-05-20 03:13:44,732 DEBUG   BULK_SNAP_T guest_end 1779214420.579710364
2026-05-20 03:13:44,732 DEBUG   
2026-05-20 03:13:44,732 DEBUG   36700160 bytes (37 MB) copied, 1.029294 s, 35.7 MB/s
2026-05-20 03:13:44,732 DEBUG   85983232 bytes (86 MB) copied, 2.029398 s, 42.4 MB/s
2026-05-20 03:13:44,732 DEBUG   137363456 bytes (137 MB) copied, 3.036533 s, 45.2 MB/s
2026-05-20 03:13:44,732 DEBUG   174063616 bytes (174 MB) copied, 4.067708 s, 42.8 MB/s
2026-05-20 03:13:44,732 DEBUG   224395264 bytes (224 MB) copied, 5.082626 s, 44.1 MB/s
2026-05-20 03:13:44,732 DEBUG   272629760 bytes (273 MB) copied, 6.094690 s, 44.7 MB/s
2026-05-20 03:13:44,732 DEBUG   321912832 bytes (322 MB) copied, 7.095856 s, 45.4 MB/s
2026-05-20 03:13:44,732 DEBUG   373293056 bytes (373 MB) copied, 8.117275 s, 46.0 MB/s
2026-05-20 03:13:44,732 DEBUG   426770432 bytes (427 MB) copied, 9.157457 s, 46.6 MB/s
2026-05-20 03:13:44,732 DEBUG   467664896 bytes (468 MB) copied, 10.164587 s, 46.0 MB/s
2026-05-20 03:13:44,732 DEBUG   520093696 bytes (520 MB) copied, 11.177556 s, 46.5 MB/s
2026-05-20 03:13:44,732 DEBUG   500+0 records in
2026-05-20 03:13:44,732 DEBUG   500+0 records out
2026-05-20 03:13:44,732 DEBUG   524288000 bytes (524 MB) copied, 11.2334 s, 46.7 MB/s
2026-05-20 03:13:44,733 DEBUG   OK (disk op exit 0)
2026-05-20 03:13:44,733 DEBUG [1061/1171] VM ff98e233… (ahv_ins_delete-0-260514-182536) via 10.114.50.249 op=update
2026-05-20 03:13:44,733 DEBUG   remote: bash -lc 'set -e; _bs(){ printf '"'"'BULK_SNAP_T %s %s\n'"'"' "$1" "$(date +%s.%N 2>/dev/null || date +%s)"; }; _bs guest_start; _bs pipeline_start; openssl enc -aes-256-ctr -pass pass:"testing" -nosalt < /dev/zero 2>/dev/null | dd of=/root/dummy_snapshot_data_1.img bs=1M count=500 iflag=fullblock conv=notrunc status=progress; ec=$?; _bs pipeline_done; _bs guest_end; exit $ec'
2026-05-20 03:13:44,906 DEBUG   ssh: connect to host 10.53.38.4 port 22: Connection refused
2026-05-20 03:13:44,907 ERROR Guest disk op failed ec=255 vm=vm-29-260519-073508 ip=10.53.38.4 — ssh: connect to host 10.53.38.4 port 22: Connection refused
2026-05-20 03:13:44,907 DEBUG [946/1171] VM 9de12cad… (vm-34-260519-073603) via 10.53.31.56 op=update
2026-05-20 03:13:44,907 DEBUG   remote: bash -lc 'set -e; _bs(){ printf '"'"'BULK_SNAP_T %s %s\n'"'"' "$1" "$(date +%s.%N 2>/dev/null || date +%s)"; }; _bs guest_start; _bs pipeline_start; openssl enc -aes-256-ctr -pass pass:"testing" -nosalt < /dev/zero 2>/dev/null | dd of=/root/dummy_snapshot_data_1.img bs=1M count=500 iflag=fullblock conv=notrunc status=progress; ec=$?; _bs pipeline_done; _bs guest_end; exit $ec'
2026-05-20 03:13:44,922 DEBUG   ssh: connect to host 10.53.7.232 port 22: Connection refused
2026-05-20 03:13:44,923 ERROR Guest disk op failed ec=255 vm=vm-3-260519-073202 ip=10.53.7.232 — ssh: connect to host 10.53.7.232 port 22: Connection refused
2026-05-20 03:13:44,923 DEBUG [947/1171] VM 71dc607e… (vm-35-260519-073621) via 10.53.27.13 op=update
2026-05-20 03:13:44,923 DEBUG   remote: bash -lc 'set -e; _bs(){ printf '"'"'BULK_SNAP_T %s %s\n'"'"' "$1" "$(date +%s.%N 2>/dev/null || date +%s)"; }; _bs guest_start; _bs pipeline_start; openssl enc -aes-256-ctr -pass pass:"testing" -nosalt < /dev/zero 2>/dev/null | dd of=/root/dummy_snapshot_data_1.img bs=1M count=500 iflag=fullblock conv=notrunc status=progress; ec=$?; _bs pipeline_done; _bs guest_end; exit $ec'
2026-05-20 03:13:44,927 DEBUG   ssh: connect to host 10.53.27.193 port 22: Connection refused
2026-05-20 03:13:44,927 ERROR Guest disk op failed ec=255 vm=vm-30-260519-073520 ip=10.53.27.193 — ssh: connect to host 10.53.27.193 port 22: Connection refused
2026-05-20 03:13:44,928 DEBUG [948/1171] VM de30d4eb… (vm-36-260519-073624) via 10.53.43.200 op=update
2026-05-20 03:13:44,928 DEBUG   remote: bash -lc 'set -e; _bs(){ printf '"'"'BULK_SNAP_T %s %s\n'"'"' "$1" "$(date +%s.%N 2>/dev/null || date +%s)"; }; _bs guest_start; _bs pipeline_start; openssl enc -aes-256-ctr -pass pass:"testing" -nosalt < /dev/zero 2>/dev/null | dd of=/root/dummy_snapshot_data_1.img bs=1M count=500 iflag=fullblock conv=notrunc status=progress; ec=$?; _bs pipeline_done; _bs guest_end; exit $ec'
2026-05-20 03:13:44,932 DEBUG   ssh: connect to host 10.53.17.80 port 22: Connection refused
2026-05-20 03:13:44,932 ERROR Guest disk op failed ec=255 vm=vm-31-260519-073541 ip=10.53.17.80 — ssh: connect to host 10.53.17.80 port 22: Connection refused
2026-05-20 03:13:44,932 DEBUG [949/1171] VM 422be2a6… (vm-37-260519-073626) via 10.53.23.90 op=update
2026-05-20 03:13:44,933 DEBUG   remote: bash -lc 'set -e; _bs(){ printf '"'"'BULK_SNAP_T %s %s\n'"'"' "$1" "$(date +%s.%N 2>/dev/null || date +%s)"; }; _bs guest_start; _bs pipeline_start; openssl enc -aes-256-ctr -pass pass:"testing" -nosalt < /dev/zero 2>/dev/null | dd of=/root/dummy_snapshot_data_1.img bs=1M count=500 iflag=fullblock conv=notrunc status=progress; ec=$?; _bs pipeline_done; _bs guest_end; exit $ec'
2026-05-20 03:13:44,946 DEBUG   ssh: connect to host 10.53.31.175 port 22: Connection refused
2026-05-20 03:13:44,947 ERROR Guest disk op failed ec=255 vm=vm-32-260519-073553 ip=10.53.31.175 — ssh: connect to host 10.53.31.175 port 22: Connection refused
2026-05-20 03:13:44,947 DEBUG [950/1171] VM b55b8b1f… (vm-38-260519-073627) via 10.53.21.159 op=update
2026-05-20 03:13:44,947 DEBUG   remote: bash -lc 'set -e; _bs(){ printf '"'"'BULK_SNAP_T %s %s\n'"'"' "$1" "$(date +%s.%N 2>/dev/null || date +%s)"; }; _bs guest_start; _bs pipeline_start; openssl enc -aes-256-ctr -pass pass:"testing" -nosalt < /dev/zero 2>/dev/null | dd of=/root/dummy_snapshot_data_1.img bs=1M count=500 iflag=fullblock conv=notrunc status=progress; ec=$?; _bs pipeline_done; _bs guest_end; exit $ec'
2026-05-20 03:13:44,951 DEBUG   ssh: connect to host 10.53.33.232 port 22: Connection refused
2026-05-20 03:13:44,951 ERROR Guest disk op failed ec=255 vm=vm-33-260519-073556 ip=10.53.33.232 — ssh: connect to host 10.53.33.232 port 22: Connection refused
2026-05-20 03:13:44,951 DEBUG [951/1171] VM 13962c7c… (vm-39-260519-073628) via 10.53.13.242 op=update
2026-05-20 03:13:44,952 DEBUG   remote: bash -lc 'set -e; _bs(){ printf '"'"'BULK_SNAP_T %s %s\n'"'"' "$1" "$(date +%s.%N 2>/dev/null || date +%s)"; }; _bs guest_start; _bs pipeline_start; openssl enc -aes-256-ctr -pass pass:"testing" -nosalt < /dev/zero 2>/dev/null | dd of=/root/dummy_snapshot_data_1.img bs=1M count=500 iflag=fullblock conv=notrunc status=progress; ec=$?; _bs pipeline_done; _bs guest_end; exit $ec'
2026-05-20 03:13:45,033 DEBUG   BULK_SNAP_T guest_start 1779214418.273927350
2026-05-20 03:13:45,034 DEBUG   BULK_SNAP_T pipeline_start 1779214418.277351790
2026-05-20 03:13:45,034 DEBUG   BULK_SNAP_T pipeline_done 1779214423.500809010
2026-05-20 03:13:45,034 DEBUG   BULK_SNAP_T guest_end 1779214423.508749913
2026-05-20 03:13:45,034 DEBUG   
2026-05-20 03:13:45,034 DEBUG   132120576 bytes (132 MB) copied, 1.105957 s, 119 MB/s
2026-05-20 03:13:45,034 DEBUG   228589568 bytes (229 MB) copied, 2.112999 s, 108 MB/s
2026-05-20 03:13:45,034 DEBUG   329252864 bytes (329 MB) copied, 3.113940 s, 106 MB/s
2026-05-20 03:13:45,034 DEBUG   429916160 bytes (430 MB) copied, 4.113967 s, 105 MB/s
2026-05-20 03:13:45,034 DEBUG   500+0 records in
2026-05-20 03:13:45,034 DEBUG   500+0 records out
2026-05-20 03:13:45,034 DEBUG   524288000 bytes (524 MB) copied, 5.08002 s, 103 MB/s
2026-05-20 03:13:45,034 DEBUG   OK (disk op exit 0)
2026-05-20 03:13:45,035 DEBUG [952/1171] VM 3c1f80d6… (vm-4-260519-073201) via 10.53.17.48 op=update
2026-05-20 03:13:45,035 DEBUG   remote: bash -lc 'set -e; _bs(){ printf '"'"'BULK_SNAP_T %s %s\n'"'"' "$1" "$(date +%s.%N 2>/dev/null || date +%s)"; }; _bs guest_start; _bs pipeline_start; openssl enc -aes-256-ctr -pass pass:"testing" -nosalt < /dev/zero 2>/dev/null | dd of=/root/dummy_snapshot_data_1.img bs=1M count=500 iflag=fullblock conv=notrunc status=progress; ec=$?; _bs pipeline_done; _bs guest_end; exit $ec'
2026-05-20 03:13:45,161 DEBUG   ssh: connect to host 10.53.31.56 port 22: Connection refused
2026-05-20 03:13:45,162 ERROR Guest disk op failed ec=255 vm=vm-34-260519-073603 ip=10.53.31.56 — ssh: connect to host 10.53.31.56 port 22: Connection refused
2026-05-20 03:13:45,162 DEBUG [953/1171] VM 4fa4d66e… (vm-40-260519-073648) via 10.53.5.162 op=update
2026-05-20 03:13:45,162 DEBUG   remote: bash -lc 'set -e; _bs(){ printf '"'"'BULK_SNAP_T %s %s\n'"'"' "$1" "$(date +%s.%N 2>/dev/null || date +%s)"; }; _bs guest_start; _bs pipeline_start; openssl enc -aes-256-ctr -pass pass:"testing" -nosalt < /dev/zero 2>/dev/null | dd of=/root/dummy_snapshot_data_1.img bs=1M count=500 iflag=fullblock conv=notrunc status=progress; ec=$?; _bs pipeline_done; _bs guest_end; exit $ec'
2026-05-20 03:13:45,178 DEBUG   ssh: connect to host 10.53.27.13 port 22: Connection refused
2026-05-20 03:13:45,179 ERROR Guest disk op failed ec=255 vm=vm-35-260519-073621 ip=10.53.27.13 — ssh: connect to host 10.53.27.13 port 22: Connection refused
2026-05-20 03:13:45,179 DEBUG [954/1171] VM 7cb9dff6… (vm-41-260519-073651) via 10.53.41.9 op=update
2026-05-20 03:13:45,179 DEBUG   remote: bash -lc 'set -e; _bs(){ printf '"'"'BULK_SNAP_T %s %s\n'"'"' "$1" "$(date +%s.%N 2>/dev/null || date +%s)"; }; _bs guest_start; _bs pipeline_start; openssl enc -aes-256-ctr -pass pass:"testing" -nosalt < /dev/zero 2>/dev/null | dd of=/root/dummy_snapshot_data_1.img bs=1M count=500 iflag=fullblock conv=notrunc status=progress; ec=$?; _bs pipeline_done; _bs guest_end; exit $ec'
2026-05-20 03:13:45,183 DEBUG   ssh: connect to host 10.53.43.200 port 22: Connection refused
2026-05-20 03:13:45,183 ERROR Guest disk op failed ec=255 vm=vm-36-260519-073624 ip=10.53.43.200 — ssh: connect to host 10.53.43.200 port 22: Connection refused
2026-05-20 03:13:45,184 DEBUG [955/1171] VM 71ef15d0… (vm-42-260519-073654) via 10.53.26.67 op=update
2026-05-20 03:13:45,184 DEBUG   remote: bash -lc 'set -e; _bs(){ printf '"'"'BULK_SNAP_T %s %s\n'"'"' "$1" "$(date +%s.%N 2>/dev/null || date +%s)"; }; _bs guest_start; _bs pipeline_start; openssl enc -aes-256-ctr -pass pass:"testing" -nosalt < /dev/zero 2>/dev/null | dd of=/root/dummy_snapshot_data_1.img bs=1M count=500 iflag=fullblock conv=notrunc status=progress; ec=$?; _bs pipeline_done; _bs guest_end; exit $ec'
2026-05-20 03:13:45,187 DEBUG   ssh: connect to host 10.53.23.90 port 22: Connection refused
2026-05-20 03:13:45,187 ERROR Guest disk op failed ec=255 vm=vm-37-260519-073626 ip=10.53.23.90 — ssh: connect to host 10.53.23.90 port 22: Connection refused
2026-05-20 03:13:45,188 DEBUG [956/1171] VM 1790644c… (vm-43-260519-073658) via 10.53.33.65 op=update
2026-05-20 03:13:45,188 DEBUG   remote: bash -lc 'set -e; _bs(){ printf '"'"'BULK_SNAP_T %s %s\n'"'"' "$1" "$(date +%s.%N 2>/dev/null || date +%s)"; }; _bs guest_start; _bs pipeline_start; openssl enc -aes-256-ctr -pass pass:"testing" -nosalt < /dev/zero 2>/dev/null | dd of=/root/dummy_snapshot_data_1.img bs=1M count=500 iflag=fullblock conv=notrunc status=progress; ec=$?; _bs pipeline_done; _bs guest_end; exit $ec'
2026-05-20 03:13:45,202 DEBUG   ssh: connect to host 10.53.21.159 port 22: Connection refused
2026-05-20 03:13:45,203 ERROR Guest disk op failed ec=255 vm=vm-38-260519-073627 ip=10.53.21.159 — ssh: connect to host 10.53.21.159 port 22: Connection refused
2026-05-20 03:13:45,203 DEBUG [957/1171] VM 1ba641d0… (vm-44-260519-073714) via 10.53.41.116 op=update
2026-05-20 03:13:45,203 DEBUG   remote: bash -lc 'set -e; _bs(){ printf '"'"'BULK_SNAP_T %s %s\n'"'"' "$1" "$(date +%s.%N 2>/dev/null || date +%s)"; }; _bs guest_start; _bs pipeline_start; openssl enc -aes-256-ctr -pass pass:"testing" -nosalt < /dev/zero 2>/dev/null | dd of=/root/dummy_snapshot_data_1.img bs=1M count=500 iflag=fullblock conv=notrunc status=progress; ec=$?; _bs pipeline_done; _bs guest_end; exit $ec'
2026-05-20 03:13:45,206 DEBUG   ssh: connect to host 10.53.13.242 port 22: Connection refused
2026-05-20 03:13:45,206 ERROR Guest disk op failed ec=255 vm=vm-39-260519-073628 ip=10.53.13.242 — ssh: connect to host 10.53.13.242 port 22: Connection refused
2026-05-20 03:13:45,207 DEBUG [958/1171] VM e966c87e… (vm-45-260519-073718) via 10.53.44.37 op=update
2026-05-20 03:13:45,207 DEBUG   remote: bash -lc 'set -e; _bs(){ printf '"'"'BULK_SNAP_T %s %s\n'"'"' "$1" "$(date +%s.%N 2>/dev/null || date +%s)"; }; _bs guest_start; _bs pipeline_start; openssl enc -aes-256-ctr -pass pass:"testing" -nosalt < /dev/zero 2>/dev/null | dd of=/root/dummy_snapshot_data_1.img bs=1M count=500 iflag=fullblock conv=notrunc status=progress; ec=$?; _bs pipeline_done; _bs guest_end; exit $ec'
2026-05-20 03:13:45,289 DEBUG   ssh: connect to host 10.53.17.48 port 22: Connection refused
2026-05-20 03:13:45,290 ERROR Guest disk op failed ec=255 vm=vm-4-260519-073201 ip=10.53.17.48 — ssh: connect to host 10.53.17.48 port 22: Connection refused
2026-05-20 03:13:45,290 DEBUG [959/1171] VM e1375c0f… (vm-46-260519-073722) via 10.53.34.210 op=update
2026-05-20 03:13:45,290 DEBUG   remote: bash -lc 'set -e; _bs(){ printf '"'"'BULK_SNAP_T %s %s\n'"'"' "$1" "$(date +%s.%N 2>/dev/null || date +%s)"; }; _bs guest_start; _bs pipeline_start; openssl enc -aes-256-ctr -pass pass:"testing" -nosalt < /dev/zero 2>/dev/null | dd of=/root/dummy_snapshot_data_1.img bs=1M count=500 iflag=fullblock conv=notrunc status=progress; ec=$?; _bs pipeline_done; _bs guest_end; exit $ec'
2026-05-20 03:13:45,417 DEBUG   ssh: connect to host 10.53.5.162 port 22: Connection refused
2026-05-20 03:13:45,417 ERROR Guest disk op failed ec=255 vm=vm-40-260519-073648 ip=10.53.5.162 — ssh: connect to host 10.53.5.162 port 22: Connection refused
2026-05-20 03:13:45,418 DEBUG [960/1171] VM 35c95fb5… (vm-47-260519-073726) via 10.53.19.85 op=update
2026-05-20 03:13:45,418 DEBUG   remote: bash -lc 'set -e; _bs(){ printf '"'"'BULK_SNAP_T %s %s\n'"'"' "$1" "$(date +%s.%N 2>/dev/null || date +%s)"; }; _bs guest_start; _bs pipeline_start; openssl enc -aes-256-ctr -pass pass:"testing" -nosalt < /dev/zero 2>/dev/null | dd of=/root/dummy_snapshot_data_1.img bs=1M count=500 iflag=fullblock conv=notrunc status=progress; ec=$?; _bs pipeline_done; _bs guest_end; exit $ec'
2026-05-20 03:13:45,434 DEBUG   ssh: connect to host 10.53.41.9 port 22: Connection refused
2026-05-20 03:13:45,434 ERROR Guest disk op failed ec=255 vm=vm-41-260519-073651 ip=10.53.41.9 — ssh: connect to host 10.53.41.9 port 22: Connection refused
2026-05-20 03:13:45,435 DEBUG [961/1171] VM b132c119… (vm-48-260519-073728) via 10.53.2.226 op=update
2026-05-20 03:13:45,437 DEBUG   remote: bash -lc 'set -e; _bs(){ printf '"'"'BULK_SNAP_T %s %s\n'"'"' "$1" "$(date +%s.%N 2>/dev/null || date +%s)"; }; _bs guest_start; _bs pipeline_start; openssl enc -aes-256-ctr -pass pass:"testing" -nosalt < /dev/zero 2>/dev/null | dd of=/root/dummy_snapshot_data_1.img bs=1M count=500 iflag=fullblock conv=notrunc status=progress; ec=$?; _bs pipeline_done; _bs guest_end; exit $ec'
2026-05-20 03:13:45,441 DEBUG   ssh: connect to host 10.53.26.67 port 22: Connection refused
2026-05-20 03:13:45,441 ERROR Guest disk op failed ec=255 vm=vm-42-260519-073654 ip=10.53.26.67 — ssh: connect to host 10.53.26.67 port 22: Connection refused
2026-05-20 03:13:45,442 DEBUG [962/1171] VM 8b4b3572… (vm-49-260519-073729) via 10.53.38.231 op=update
2026-05-20 03:13:45,442 DEBUG   remote: bash -lc 'set -e; _bs(){ printf '"'"'BULK_SNAP_T %s %s\n'"'"' "$1" "$(date +%s.%N 2>/dev/null || date +%s)"; }; _bs guest_start; _bs pipeline_start; openssl enc -aes-256-ctr -pass pass:"testing" -nosalt < /dev/zero 2>/dev/null | dd of=/root/dummy_snapshot_data_1.img bs=1M count=500 iflag=fullblock conv=notrunc status=progress; ec=$?; _bs pipeline_done; _bs guest_end; exit $ec'
2026-05-20 03:13:45,444 DEBUG   ssh: connect to host 10.53.33.65 port 22: Connection refused
2026-05-20 03:13:45,445 ERROR Guest disk op failed ec=255 vm=vm-43-260519-073658 ip=10.53.33.65 — ssh: connect to host 10.53.33.65 port 22: Connection refused
2026-05-20 03:13:45,446 DEBUG [963/1171] VM 549b4b16… (vm-5-260519-073202) via 10.53.0.127 op=update
2026-05-20 03:13:45,446 DEBUG   remote: bash -lc 'set -e; _bs(){ printf '"'"'BULK_SNAP_T %s %s\n'"'"' "$1" "$(date +%s.%N 2>/dev/null || date +%s)"; }; _bs guest_start; _bs pipeline_start; openssl enc -aes-256-ctr -pass pass:"testing" -nosalt < /dev/zero 2>/dev/null | dd of=/root/dummy_snapshot_data_1.img bs=1M count=500 iflag=fullblock conv=notrunc status=progress; ec=$?; _bs pipeline_done; _bs guest_end; exit $ec'
2026-05-20 03:13:45,458 DEBUG   ssh: connect to host 10.53.41.116 port 22: Connection refused
2026-05-20 03:13:45,458 ERROR Guest disk op failed ec=255 vm=vm-44-260519-073714 ip=10.53.41.116 — ssh: connect to host 10.53.41.116 port 22: Connection refused
2026-05-20 03:13:45,459 DEBUG [964/1171] VM 50134fa3… (vm-50-260519-073743) via 10.53.35.114 op=update
2026-05-20 03:13:45,459 DEBUG   remote: bash -lc 'set -e; _bs(){ printf '"'"'BULK_SNAP_T %s %s\n'"'"' "$1" "$(date +%s.%N 2>/dev/null || date +%s)"; }; _bs guest_start; _bs pipeline_start; openssl enc -aes-256-ctr -pass pass:"testing" -nosalt < /dev/zero 2>/dev/null | dd of=/root/dummy_snapshot_data_1.img bs=1M count=500 iflag=fullblock conv=notrunc status=progress; ec=$?; _bs pipeline_done; _bs guest_end; exit $ec'
2026-05-20 03:13:45,462 DEBUG   ssh: connect to host 10.53.44.37 port 22: Connection refused
2026-05-20 03:13:45,462 ERROR Guest disk op failed ec=255 vm=vm-45-260519-073718 ip=10.53.44.37 — ssh: connect to host 10.53.44.37 port 22: Connection refused
2026-05-20 03:13:45,463 DEBUG [965/1171] VM 9e7ae2fe… (vm-51-260519-073751) via 10.53.52.234 op=update
2026-05-20 03:13:45,463 DEBUG   remote: bash -lc 'set -e; _bs(){ printf '"'"'BULK_SNAP_T %s %s\n'"'"' "$1" "$(date +%s.%N 2>/dev/null || date +%s)"; }; _bs guest_start; _bs pipeline_start; openssl enc -aes-256-ctr -pass pass:"testing" -nosalt < /dev/zero 2>/dev/null | dd of=/root/dummy_snapshot_data_1.img bs=1M count=500 iflag=fullblock conv=notrunc status=progress; ec=$?; _bs pipeline_done; _bs guest_end; exit $ec'
2026-05-20 03:13:45,545 DEBUG   ssh: connect to host 10.53.34.210 port 22: Connection refused
2026-05-20 03:13:45,545 ERROR Guest disk op failed ec=255 vm=vm-46-260519-073722 ip=10.53.34.210 — ssh: connect to host 10.53.34.210 port 22: Connection refused
2026-05-20 03:13:45,546 DEBUG [966/1171] VM 8b9bd182… (vm-52-260519-073756) via 10.53.1.218 op=update
2026-05-20 03:13:45,546 DEBUG   remote: bash -lc 'set -e; _bs(){ printf '"'"'BULK_SNAP_T %s %s\n'"'"' "$1" "$(date +%s.%N 2>/dev/null || date +%s)"; }; _bs guest_start; _bs pipeline_start; openssl enc -aes-256-ctr -pass pass:"testing" -nosalt < /dev/zero 2>/dev/null | dd of=/root/dummy_snapshot_data_1.img bs=1M count=500 iflag=fullblock conv=notrunc status=progress; ec=$?; _bs pipeline_done; _bs guest_end; exit $ec'
2026-05-20 03:13:45,674 DEBUG   ssh: connect to host 10.53.19.85 port 22: Connection refused
2026-05-20 03:13:45,674 ERROR Guest disk op failed ec=255 vm=vm-47-260519-073726 ip=10.53.19.85 — ssh: connect to host 10.53.19.85 port 22: Connection refused
2026-05-20 03:13:45,675 DEBUG [967/1171] VM 1df7049e… (vm-53-260519-073807) via 10.53.39.116 op=update
2026-05-20 03:13:45,675 DEBUG   remote: bash -lc 'set -e; _bs(){ printf '"'"'BULK_SNAP_T %s %s\n'"'"' "$1" "$(date +%s.%N 2>/dev/null || date +%s)"; }; _bs guest_start; _bs pipeline_start; openssl enc -aes-256-ctr -pass pass:"testing" -nosalt < /dev/zero 2>/dev/null | dd of=/root/dummy_snapshot_data_1.img bs=1M count=500 iflag=fullblock conv=notrunc status=progress; ec=$?; _bs pipeline_done; _bs guest_end; exit $ec'
2026-05-20 03:13:45,693 DEBUG   ssh: connect to host 10.53.2.226 port 22: Connection refused
2026-05-20 03:13:45,693 ERROR Guest disk op failed ec=255 vm=vm-48-260519-073728 ip=10.53.2.226 — ssh: connect to host 10.53.2.226 port 22: Connection refused
2026-05-20 03:13:45,694 DEBUG [968/1171] VM f99e0fd0… (vm-54-260519-073815) via 10.53.35.62 op=update
2026-05-20 03:13:45,694 DEBUG   remote: bash -lc 'set -e; _bs(){ printf '"'"'BULK_SNAP_T %s %s\n'"'"' "$1" "$(date +%s.%N 2>/dev/null || date +%s)"; }; _bs guest_start; _bs pipeline_start; openssl enc -aes-256-ctr -pass pass:"testing" -nosalt < /dev/zero 2>/dev/null | dd of=/root/dummy_snapshot_data_1.img bs=1M count=500 iflag=fullblock conv=notrunc status=progress; ec=$?; _bs pipeline_done; _bs guest_end; exit $ec'
2026-05-20 03:13:45,697 DEBUG   ssh: connect to host 10.53.38.231 port 22: Connection refused
2026-05-20 03:13:45,697 ERROR Guest disk op failed ec=255 vm=vm-49-260519-073729 ip=10.53.38.231 — ssh: connect to host 10.53.38.231 port 22: Connection refused
2026-05-20 03:13:45,698 DEBUG [969/1171] VM 95ecaf67… (vm-55-260519-073817) via 10.53.53.68 op=update
2026-05-20 03:13:45,698 DEBUG   remote: bash -lc 'set -e; _bs(){ printf '"'"'BULK_SNAP_T %s %s\n'"'"' "$1" "$(date +%s.%N 2>/dev/null || date +%s)"; }; _bs guest_start; _bs pipeline_start; openssl enc -aes-256-ctr -pass pass:"testing" -nosalt < /dev/zero 2>/dev/null | dd of=/root/dummy_snapshot_data_1.img bs=1M count=500 iflag=fullblock conv=notrunc status=progress; ec=$?; _bs pipeline_done; _bs guest_end; exit $ec'
2026-05-20 03:13:45,701 DEBUG   ssh: connect to host 10.53.0.127 port 22: Connection refused
2026-05-20 03:13:45,701 ERROR Guest disk op failed ec=255 vm=vm-5-260519-073202 ip=10.53.0.127 — ssh: connect to host 10.53.0.127 port 22: Connection refused
2026-05-20 03:13:45,702 DEBUG [970/1171] VM 7f9490c7… (vm-56-260519-073840) via 10.53.45.202 op=update
2026-05-20 03:13:45,702 DEBUG   remote: bash -lc 'set -e; _bs(){ printf '"'"'BULK_SNAP_T %s %s\n'"'"' "$1" "$(date +%s.%N 2>/dev/null || date +%s)"; }; _bs guest_start; _bs pipeline_start; openssl enc -aes-256-ctr -pass pass:"testing" -nosalt < /dev/zero 2>/dev/null | dd of=/root/dummy_snapshot_data_1.img bs=1M count=500 iflag=fullblock conv=notrunc status=progress; ec=$?; _bs pipeline_done; _bs guest_end; exit $ec'
2026-05-20 03:13:45,713 DEBUG   ssh: connect to host 10.53.35.114 port 22: Connection refused
2026-05-20 03:13:45,713 ERROR Guest disk op failed ec=255 vm=vm-50-260519-073743 ip=10.53.35.114 — ssh: connect to host 10.53.35.114 port 22: Connection refused
2026-05-20 03:13:45,714 DEBUG [971/1171] VM 1685e30a… (vm-57-260519-073847) via 10.53.48.100 op=update
2026-05-20 03:13:45,714 DEBUG   remote: bash -lc 'set -e; _bs(){ printf '"'"'BULK_SNAP_T %s %s\n'"'"' "$1" "$(date +%s.%N 2>/dev/null || date +%s)"; }; _bs guest_start; _bs pipeline_start; openssl enc -aes-256-ctr -pass pass:"testing" -nosalt < /dev/zero 2>/dev/null | dd of=/root/dummy_snapshot_data_1.img bs=1M count=500 iflag=fullblock conv=notrunc status=progress; ec=$?; _bs pipeline_done; _bs guest_end; exit $ec'
2026-05-20 03:13:45,720 DEBUG   ssh: connect to host 10.53.52.234 port 22: Connection refused
2026-05-20 03:13:45,720 ERROR Guest disk op failed ec=255 vm=vm-51-260519-073751 ip=10.53.52.234 — ssh: connect to host 10.53.52.234 port 22: Connection refused
2026-05-20 03:13:45,721 DEBUG [972/1171] VM ea8db018… (vm-58-260519-073848) via 10.53.3.82 op=update
2026-05-20 03:13:45,721 DEBUG   remote: bash -lc 'set -e; _bs(){ printf '"'"'BULK_SNAP_T %s %s\n'"'"' "$1" "$(date +%s.%N 2>/dev/null || date +%s)"; }; _bs guest_start; _bs pipeline_start; openssl enc -aes-256-ctr -pass pass:"testing" -nosalt < /dev/zero 2>/dev/null | dd of=/root/dummy_snapshot_data_1.img bs=1M count=500 iflag=fullblock conv=notrunc status=progress; ec=$?; _bs pipeline_done; _bs guest_end; exit $ec'
2026-05-20 03:13:45,779 DEBUG   BULK_SNAP_T guest_start 1779214419.343604931
2026-05-20 03:13:45,780 DEBUG   BULK_SNAP_T pipeline_start 1779214419.356395620
2026-05-20 03:13:45,780 DEBUG   BULK_SNAP_T pipeline_done 1779214424.772195187
2026-05-20 03:13:45,780 DEBUG   BULK_SNAP_T guest_end 1779214424.775197091
2026-05-20 03:13:45,780 DEBUG   
2026-05-20 03:13:45,780 DEBUG   91226112 bytes (91 MB) copied, 1.004379 s, 90.8 MB/s
2026-05-20 03:13:45,780 DEBUG   179306496 bytes (179 MB) copied, 2.007167 s, 89.3 MB/s
2026-05-20 03:13:45,780 DEBUG   288358400 bytes (288 MB) copied, 3.017110 s, 95.6 MB/s
2026-05-20 03:13:45,780 DEBUG   396361728 bytes (396 MB) copied, 4.022085 s, 98.5 MB/s
2026-05-20 03:13:45,780 DEBUG   494927872 bytes (495 MB) copied, 5.029532 s, 98.4 MB/s
2026-05-20 03:13:45,780 DEBUG   500+0 records in
2026-05-20 03:13:45,780 DEBUG   500+0 records out
2026-05-20 03:13:45,780 DEBUG   524288000 bytes (524 MB) copied, 5.28347 s, 99.2 MB/s
2026-05-20 03:13:45,780 DEBUG   OK (disk op exit 0)
2026-05-20 03:13:45,781 DEBUG [973/1171] VM 091fd2b2… (vm-59-260519-073859) via 10.53.19.106 op=update
2026-05-20 03:13:45,781 DEBUG   remote: bash -lc 'set -e; _bs(){ printf '"'"'BULK_SNAP_T %s %s\n'"'"' "$1" "$(date +%s.%N 2>/dev/null || date +%s)"; }; _bs guest_start; _bs pipeline_start; openssl enc -aes-256-ctr -pass pass:"testing" -nosalt < /dev/zero 2>/dev/null | dd of=/root/dummy_snapshot_data_1.img bs=1M count=500 iflag=fullblock conv=notrunc status=progress; ec=$?; _bs pipeline_done; _bs guest_end; exit $ec'
2026-05-20 03:13:45,784 DEBUG   BULK_SNAP_T guest_start 1779214419.601766795
2026-05-20 03:13:45,784 DEBUG   BULK_SNAP_T pipeline_start 1779214419.608267413
2026-05-20 03:13:45,784 DEBUG   BULK_SNAP_T pipeline_done 1779214425.114841998
2026-05-20 03:13:45,784 DEBUG   BULK_SNAP_T guest_end 1779214425.124478032
2026-05-20 03:13:45,784 DEBUG   
2026-05-20 03:13:45,784 DEBUG   104857600 bytes (105 MB) copied, 1.001894 s, 105 MB/s
2026-05-20 03:13:45,784 DEBUG   195035136 bytes (195 MB) copied, 2.003902 s, 97.3 MB/s
2026-05-20 03:13:45,784 DEBUG   285212672 bytes (285 MB) copied, 3.007067 s, 94.8 MB/s
2026-05-20 03:13:45,784 DEBUG   382730240 bytes (383 MB) copied, 4.009276 s, 95.5 MB/s
2026-05-20 03:13:45,784 DEBUG   480247808 bytes (480 MB) copied, 5.011805 s, 95.8 MB/s
2026-05-20 03:13:45,784 DEBUG   500+0 records in
2026-05-20 03:13:45,784 DEBUG   500+0 records out
2026-05-20 03:13:45,784 DEBUG   524288000 bytes (524 MB) copied, 5.41552 s, 96.8 MB/s
2026-05-20 03:13:45,784 DEBUG   OK (disk op exit 0)
2026-05-20 03:13:45,785 DEBUG [974/1171] VM 4e62bdff… (vm-6-260519-073202) via 10.53.13.111 op=update
2026-05-20 03:13:45,785 DEBUG   remote: bash -lc 'set -e; _bs(){ printf '"'"'BULK_SNAP_T %s %s\n'"'"' "$1" "$(date +%s.%N 2>/dev/null || date +%s)"; }; _bs guest_start; _bs pipeline_start; openssl enc -aes-256-ctr -pass pass:"testing" -nosalt < /dev/zero 2>/dev/null | dd of=/root/dummy_snapshot_data_1.img bs=1M count=500 iflag=fullblock conv=notrunc status=progress; ec=$?; _bs pipeline_done; _bs guest_end; exit $ec'
2026-05-20 03:13:45,804 DEBUG   ssh: connect to host 10.53.1.218 port 22: Connection refused
2026-05-20 03:13:45,804 ERROR Guest disk op failed ec=255 vm=vm-52-260519-073756 ip=10.53.1.218 — ssh: connect to host 10.53.1.218 port 22: Connection refused
2026-05-20 03:13:45,805 DEBUG [975/1171] VM 851fa073… (vm-60-260519-073859) via 10.53.5.108 op=update
2026-05-20 03:13:45,805 DEBUG   remote: bash -lc 'set -e; _bs(){ printf '"'"'BULK_SNAP_T %s %s\n'"'"' "$1" "$(date +%s.%N 2>/dev/null || date +%s)"; }; _bs guest_start; _bs pipeline_start; openssl enc -aes-256-ctr -pass pass:"testing" -nosalt < /dev/zero 2>/dev/null | dd of=/root/dummy_snapshot_data_1.img bs=1M count=500 iflag=fullblock conv=notrunc status=progress; ec=$?; _bs pipeline_done; _bs guest_end; exit $ec'
2026-05-20 03:13:45,937 DEBUG   ssh: connect to host 10.53.39.116 port 22: Connection refused
2026-05-20 03:13:45,938 ERROR Guest disk op failed ec=255 vm=vm-53-260519-073807 ip=10.53.39.116 — ssh: connect to host 10.53.39.116 port 22: Connection refused
2026-05-20 03:13:45,938 DEBUG [976/1171] VM a6d3192c… (vm-61-260519-073900) via 10.53.35.69 op=update
2026-05-20 03:13:45,938 DEBUG   remote: bash -lc 'set -e; _bs(){ printf '"'"'BULK_SNAP_T %s %s\n'"'"' "$1" "$(date +%s.%N 2>/dev/null || date +%s)"; }; _bs guest_start; _bs pipeline_start; openssl enc -aes-256-ctr -pass pass:"testing" -nosalt < /dev/zero 2>/dev/null | dd of=/root/dummy_snapshot_data_1.img bs=1M count=500 iflag=fullblock conv=notrunc status=progress; ec=$?; _bs pipeline_done; _bs guest_end; exit $ec'
2026-05-20 03:13:45,951 DEBUG   ssh: connect to host 10.53.35.62 port 22: Connection refused
2026-05-20 03:13:45,951 ERROR Guest disk op failed ec=255 vm=vm-54-260519-073815 ip=10.53.35.62 — ssh: connect to host 10.53.35.62 port 22: Connection refused
2026-05-20 03:13:45,952 DEBUG [977/1171] VM 41c944f1… (vm-62-260519-073901) via 10.53.20.195 op=update
2026-05-20 03:13:45,952 DEBUG   remote: bash -lc 'set -e; _bs(){ printf '"'"'BULK_SNAP_T %s %s\n'"'"' "$1" "$(date +%s.%N 2>/dev/null || date +%s)"; }; _bs guest_start; _bs pipeline_start; openssl enc -aes-256-ctr -pass pass:"testing" -nosalt < /dev/zero 2>/dev/null | dd of=/root/dummy_snapshot_data_1.img bs=1M count=500 iflag=fullblock conv=notrunc status=progress; ec=$?; _bs pipeline_done; _bs guest_end; exit $ec'
2026-05-20 03:13:45,954 DEBUG   ssh: connect to host 10.53.53.68 port 22: Connection refused
2026-05-20 03:13:45,955 ERROR Guest disk op failed ec=255 vm=vm-55-260519-073817 ip=10.53.53.68 — ssh: connect to host 10.53.53.68 port 22: Connection refused
2026-05-20 03:13:45,956 DEBUG [978/1171] VM 7ea6f548… (vm-63-260519-073913) via 10.53.6.178 op=update
2026-05-20 03:13:45,956 DEBUG   ssh: connect to host 10.53.45.202 port 22: Connection refused
2026-05-20 03:13:45,956 DEBUG   remote: bash -lc 'set -e; _bs(){ printf '"'"'BULK_SNAP_T %s %s\n'"'"' "$1" "$(date +%s.%N 2>/dev/null || date +%s)"; }; _bs guest_start; _bs pipeline_start; openssl enc -aes-256-ctr -pass pass:"testing" -nosalt < /dev/zero 2>/dev/null | dd of=/root/dummy_snapshot_data_1.img bs=1M count=500 iflag=fullblock conv=notrunc status=progress; ec=$?; _bs pipeline_done; _bs guest_end; exit $ec'
2026-05-20 03:13:45,957 ERROR Guest disk op failed ec=255 vm=vm-56-260519-073840 ip=10.53.45.202 — ssh: connect to host 10.53.45.202 port 22: Connection refused
2026-05-20 03:13:45,957 DEBUG [979/1171] VM babd27f0… (vm-64-260519-073918) via 10.53.46.19 op=update
2026-05-20 03:13:45,957 DEBUG   remote: bash -lc 'set -e; _bs(){ printf '"'"'BULK_SNAP_T %s %s\n'"'"' "$1" "$(date +%s.%N 2>/dev/null || date +%s)"; }; _bs guest_start; _bs pipeline_start; openssl enc -aes-256-ctr -pass pass:"testing" -nosalt < /dev/zero 2>/dev/null | dd of=/root/dummy_snapshot_data_1.img bs=1M count=500 iflag=fullblock conv=notrunc status=progress; ec=$?; _bs pipeline_done; _bs guest_end; exit $ec'
2026-05-20 03:13:45,970 DEBUG   ssh: connect to host 10.53.48.100 port 22: Connection refused
2026-05-20 03:13:45,970 ERROR Guest disk op failed ec=255 vm=vm-57-260519-073847 ip=10.53.48.100 — ssh: connect to host 10.53.48.100 port 22: Connection refused
2026-05-20 03:13:45,970 DEBUG [980/1171] VM c923bb18… (vm-65-260519-073927) via 10.53.11.172 op=update
2026-05-20 03:13:45,971 DEBUG   remote: bash -lc 'set -e; _bs(){ printf '"'"'BULK_SNAP_T %s %s\n'"'"' "$1" "$(date +%s.%N 2>/dev/null || date +%s)"; }; _bs guest_start; _bs pipeline_start; openssl enc -aes-256-ctr -pass pass:"testing" -nosalt < /dev/zero 2>/dev/null | dd of=/root/dummy_snapshot_data_1.img bs=1M count=500 iflag=fullblock conv=notrunc status=progress; ec=$?; _bs pipeline_done; _bs guest_end; exit $ec'
2026-05-20 03:13:45,974 DEBUG   ssh: connect to host 10.53.3.82 port 22: Connection refused
2026-05-20 03:13:45,974 ERROR Guest disk op failed ec=255 vm=vm-58-260519-073848 ip=10.53.3.82 — ssh: connect to host 10.53.3.82 port 22: Connection refused
2026-05-20 03:13:45,975 DEBUG [981/1171] VM d31b85fd… (vm-66-260519-073947) via 10.53.13.13 op=update
2026-05-20 03:13:45,976 DEBUG   remote: bash -lc 'set -e; _bs(){ printf '"'"'BULK_SNAP_T %s %s\n'"'"' "$1" "$(date +%s.%N 2>/dev/null || date +%s)"; }; _bs guest_start; _bs pipeline_start; openssl enc -aes-256-ctr -pass pass:"testing" -nosalt < /dev/zero 2>/dev/null | dd of=/root/dummy_snapshot_data_1.img bs=1M count=500 iflag=fullblock conv=notrunc status=progress; ec=$?; _bs pipeline_done; _bs guest_end; exit $ec'
2026-05-20 03:13:46,009 DEBUG   BULK_SNAP_T guest_start 1779214410.053845732
2026-05-20 03:13:46,010 DEBUG   BULK_SNAP_T pipeline_start 1779214410.059563036
2026-05-20 03:13:46,010 DEBUG   BULK_SNAP_T pipeline_done 1779214422.479328482
2026-05-20 03:13:46,010 DEBUG   BULK_SNAP_T guest_end 1779214422.480773079
2026-05-20 03:13:46,010 DEBUG   
2026-05-20 03:13:46,010 DEBUG   41943040 bytes (42 MB) copied, 1.014835 s, 41.3 MB/s
2026-05-20 03:13:46,010 DEBUG   88080384 bytes (88 MB) copied, 2.051621 s, 42.9 MB/s
2026-05-20 03:13:46,010 DEBUG   130023424 bytes (130 MB) copied, 3.075724 s, 42.3 MB/s
2026-05-20 03:13:46,010 DEBUG   163577856 bytes (164 MB) copied, 4.082457 s, 40.1 MB/s
2026-05-20 03:13:46,010 DEBUG   208666624 bytes (209 MB) copied, 5.137694 s, 40.6 MB/s
2026-05-20 03:13:46,010 DEBUG   250609664 bytes (251 MB) copied, 6.143737 s, 40.8 MB/s
2026-05-20 03:13:46,010 DEBUG   294649856 bytes (295 MB) copied, 7.185411 s, 41.0 MB/s
2026-05-20 03:13:46,010 DEBUG   335544320 bytes (336 MB) copied, 8.220793 s, 40.8 MB/s
2026-05-20 03:13:46,010 DEBUG   375390208 bytes (375 MB) copied, 9.256815 s, 40.6 MB/s
2026-05-20 03:13:46,010 DEBUG   414187520 bytes (414 MB) copied, 10.268914 s, 40.3 MB/s
2026-05-20 03:13:46,010 DEBUG   466616320 bytes (467 MB) copied, 11.288598 s, 41.3 MB/s
2026-05-20 03:13:46,010 DEBUG   523239424 bytes (523 MB) copied, 12.299846 s, 42.5 MB/s
2026-05-20 03:13:46,010 DEBUG   500+0 records in
2026-05-20 03:13:46,010 DEBUG   500+0 records out
2026-05-20 03:13:46,010 DEBUG   524288000 bytes (524 MB) copied, 12.3185 s, 42.6 MB/s
2026-05-20 03:13:46,010 DEBUG   OK (disk op exit 0)
2026-05-20 03:13:46,011 DEBUG [1062/1171] VM 2ebd3836… (ahv_ins_delete-0-260514-182542) via 10.114.52.53 op=update
2026-05-20 03:13:46,011 DEBUG   remote: bash -lc 'set -e; _bs(){ printf '"'"'BULK_SNAP_T %s %s\n'"'"' "$1" "$(date +%s.%N 2>/dev/null || date +%s)"; }; _bs guest_start; _bs pipeline_start; openssl enc -aes-256-ctr -pass pass:"testing" -nosalt < /dev/zero 2>/dev/null | dd of=/root/dummy_snapshot_data_1.img bs=1M count=500 iflag=fullblock conv=notrunc status=progress; ec=$?; _bs pipeline_done; _bs guest_end; exit $ec'
2026-05-20 03:13:46,033 DEBUG   BULK_SNAP_T guest_start 1779214419.472175218
2026-05-20 03:13:46,034 DEBUG   BULK_SNAP_T pipeline_start 1779214419.477119265
2026-05-20 03:13:46,034 DEBUG   BULK_SNAP_T pipeline_done 1779214425.192955353
2026-05-20 03:13:46,034 DEBUG   BULK_SNAP_T guest_end 1779214425.195774181
2026-05-20 03:13:46,034 DEBUG   
2026-05-20 03:13:46,034 DEBUG   101711872 bytes (102 MB) copied, 1.000710 s, 102 MB/s
2026-05-20 03:13:46,034 DEBUG   180355072 bytes (180 MB) copied, 2.008722 s, 89.8 MB/s
2026-05-20 03:13:46,034 DEBUG   268435456 bytes (268 MB) copied, 3.010603 s, 89.2 MB/s
2026-05-20 03:13:46,034 DEBUG   353370112 bytes (353 MB) copied, 4.013719 s, 88.0 MB/s
2026-05-20 03:13:46,034 DEBUG   443547648 bytes (444 MB) copied, 5.020591 s, 88.3 MB/s
2026-05-20 03:13:46,034 DEBUG   500+0 records in
2026-05-20 03:13:46,034 DEBUG   500+0 records out
2026-05-20 03:13:46,034 DEBUG   524288000 bytes (524 MB) copied, 5.62395 s, 93.2 MB/s
2026-05-20 03:13:46,034 DEBUG   OK (disk op exit 0)
2026-05-20 03:13:46,034 DEBUG [982/1171] VM 19b6ecfb… (vm-67-260519-073955) via 10.53.53.215 op=update
2026-05-20 03:13:46,035 DEBUG   remote: bash -lc 'set -e; _bs(){ printf '"'"'BULK_SNAP_T %s %s\n'"'"' "$1" "$(date +%s.%N 2>/dev/null || date +%s)"; }; _bs guest_start; _bs pipeline_start; openssl enc -aes-256-ctr -pass pass:"testing" -nosalt < /dev/zero 2>/dev/null | dd of=/root/dummy_snapshot_data_1.img bs=1M count=500 iflag=fullblock conv=notrunc status=progress; ec=$?; _bs pipeline_done; _bs guest_end; exit $ec'
2026-05-20 03:13:46,040 DEBUG   ssh: connect to host 10.53.13.111 port 22: Connection refused
2026-05-20 03:13:46,040 ERROR Guest disk op failed ec=255 vm=vm-6-260519-073202 ip=10.53.13.111 — ssh: connect to host 10.53.13.111 port 22: Connection refused
2026-05-20 03:13:46,041 DEBUG [983/1171] VM 7dffbb0e… (vm-68-260519-074015) via 10.53.8.217 op=update
2026-05-20 03:13:46,041 DEBUG   remote: bash -lc 'set -e; _bs(){ printf '"'"'BULK_SNAP_T %s %s\n'"'"' "$1" "$(date +%s.%N 2>/dev/null || date +%s)"; }; _bs guest_start; _bs pipeline_start; openssl enc -aes-256-ctr -pass pass:"testing" -nosalt < /dev/zero 2>/dev/null | dd of=/root/dummy_snapshot_data_1.img bs=1M count=500 iflag=fullblock conv=notrunc status=progress; ec=$?; _bs pipeline_done; _bs guest_end; exit $ec'
2026-05-20 03:13:46,042 DEBUG   ssh: connect to host 10.53.19.106 port 22: Connection refused
2026-05-20 03:13:46,042 ERROR Guest disk op failed ec=255 vm=vm-59-260519-073859 ip=10.53.19.106 — ssh: connect to host 10.53.19.106 port 22: Connection refused
2026-05-20 03:13:46,045 DEBUG [984/1171] VM 15afbed9… (vm-69-260519-074015) via 10.53.18.99 op=update
2026-05-20 03:13:46,046 DEBUG   remote: bash -lc 'set -e; _bs(){ printf '"'"'BULK_SNAP_T %s %s\n'"'"' "$1" "$(date +%s.%N 2>/dev/null || date +%s)"; }; _bs guest_start; _bs pipeline_start; openssl enc -aes-256-ctr -pass pass:"testing" -nosalt < /dev/zero 2>/dev/null | dd of=/root/dummy_snapshot_data_1.img bs=1M count=500 iflag=fullblock conv=notrunc status=progress; ec=$?; _bs pipeline_done; _bs guest_end; exit $ec'
2026-05-20 03:13:46,059 DEBUG   ssh: connect to host 10.53.5.108 port 22: Connection refused
2026-05-20 03:13:46,059 ERROR Guest disk op failed ec=255 vm=vm-60-260519-073859 ip=10.53.5.108 — ssh: connect to host 10.53.5.108 port 22: Connection refused
2026-05-20 03:13:46,060 DEBUG [985/1171] VM 9b1ef14a… (vm-7-260519-073202) via 10.53.48.40 op=update
2026-05-20 03:13:46,060 DEBUG   remote: bash -lc 'set -e; _bs(){ printf '"'"'BULK_SNAP_T %s %s\n'"'"' "$1" "$(date +%s.%N 2>/dev/null || date +%s)"; }; _bs guest_start; _bs pipeline_start; openssl enc -aes-256-ctr -pass pass:"testing" -nosalt < /dev/zero 2>/dev/null | dd of=/root/dummy_snapshot_data_1.img bs=1M count=500 iflag=fullblock conv=notrunc status=progress; ec=$?; _bs pipeline_done; _bs guest_end; exit $ec'
2026-05-20 03:13:46,193 DEBUG   ssh: connect to host 10.53.35.69 port 22: Connection refused
2026-05-20 03:13:46,193 ERROR Guest disk op failed ec=255 vm=vm-61-260519-073900 ip=10.53.35.69 — ssh: connect to host 10.53.35.69 port 22: Connection refused
2026-05-20 03:13:46,194 DEBUG [986/1171] VM 2894fbdb… (vm-70-260519-074025) via 10.53.34.151 op=update
2026-05-20 03:13:46,194 DEBUG   remote: bash -lc 'set -e; _bs(){ printf '"'"'BULK_SNAP_T %s %s\n'"'"' "$1" "$(date +%s.%N 2>/dev/null || date +%s)"; }; _bs guest_start; _bs pipeline_start; openssl enc -aes-256-ctr -pass pass:"testing" -nosalt < /dev/zero 2>/dev/null | dd of=/root/dummy_snapshot_data_1.img bs=1M count=500 iflag=fullblock conv=notrunc status=progress; ec=$?; _bs pipeline_done; _bs guest_end; exit $ec'
2026-05-20 03:13:46,212 DEBUG   ssh: connect to host 10.53.6.178 port 22: Connection refused
2026-05-20 03:13:46,212 ERROR Guest disk op failed ec=255 vm=vm-63-260519-073913 ip=10.53.6.178 — ssh: connect to host 10.53.6.178 port 22: Connection refused
2026-05-20 03:13:46,213 DEBUG [987/1171] VM 24029c81… (vm-71-260519-074028) via 10.53.36.117 op=update
2026-05-20 03:13:46,213 DEBUG   remote: bash -lc 'set -e; _bs(){ printf '"'"'BULK_SNAP_T %s %s\n'"'"' "$1" "$(date +%s.%N 2>/dev/null || date +%s)"; }; _bs guest_start; _bs pipeline_start; openssl enc -aes-256-ctr -pass pass:"testing" -nosalt < /dev/zero 2>/dev/null | dd of=/root/dummy_snapshot_data_1.img bs=1M count=500 iflag=fullblock conv=notrunc status=progress; ec=$?; _bs pipeline_done; _bs guest_end; exit $ec'
2026-05-20 03:13:46,215 DEBUG   ssh: connect to host 10.53.20.195 port 22: Connection refused
2026-05-20 03:13:46,216 ERROR Guest disk op failed ec=255 vm=vm-62-260519-073901 ip=10.53.20.195 — ssh: connect to host 10.53.20.195 port 22: Connection refused
2026-05-20 03:13:46,217 DEBUG [988/1171] VM 1629e492… (vm-72-260519-074034) via 10.53.10.154 op=update
2026-05-20 03:13:46,217 DEBUG   remote: bash -lc 'set -e; _bs(){ printf '"'"'BULK_SNAP_T %s %s\n'"'"' "$1" "$(date +%s.%N 2>/dev/null || date +%s)"; }; _bs guest_start; _bs pipeline_start; openssl enc -aes-256-ctr -pass pass:"testing" -nosalt < /dev/zero 2>/dev/null | dd of=/root/dummy_snapshot_data_1.img bs=1M count=500 iflag=fullblock conv=notrunc status=progress; ec=$?; _bs pipeline_done; _bs guest_end; exit $ec'
2026-05-20 03:13:46,217 DEBUG   ssh: connect to host 10.53.46.19 port 22: Connection refused
2026-05-20 03:13:46,217 ERROR Guest disk op failed ec=255 vm=vm-64-260519-073918 ip=10.53.46.19 — ssh: connect to host 10.53.46.19 port 22: Connection refused
2026-05-20 03:13:46,218 DEBUG [989/1171] VM 1709b597… (vm-73-260519-074034) via 10.53.42.198 op=update
2026-05-20 03:13:46,218 DEBUG   remote: bash -lc 'set -e; _bs(){ printf '"'"'BULK_SNAP_T %s %s\n'"'"' "$1" "$(date +%s.%N 2>/dev/null || date +%s)"; }; _bs guest_start; _bs pipeline_start; openssl enc -aes-256-ctr -pass pass:"testing" -nosalt < /dev/zero 2>/dev/null | dd of=/root/dummy_snapshot_data_1.img bs=1M count=500 iflag=fullblock conv=notrunc status=progress; ec=$?; _bs pipeline_done; _bs guest_end; exit $ec'
2026-05-20 03:13:46,228 DEBUG   ssh: connect to host 10.53.11.172 port 22: Connection refused
2026-05-20 03:13:46,228 ERROR Guest disk op failed ec=255 vm=vm-65-260519-073927 ip=10.53.11.172 — ssh: connect to host 10.53.11.172 port 22: Connection refused
2026-05-20 03:13:46,229 DEBUG [990/1171] VM 2879921e… (vm-74-260519-074035) via 10.53.8.236 op=update
2026-05-20 03:13:46,229 DEBUG   remote: bash -lc 'set -e; _bs(){ printf '"'"'BULK_SNAP_T %s %s\n'"'"' "$1" "$(date +%s.%N 2>/dev/null || date +%s)"; }; _bs guest_start; _bs pipeline_start; openssl enc -aes-256-ctr -pass pass:"testing" -nosalt < /dev/zero 2>/dev/null | dd of=/root/dummy_snapshot_data_1.img bs=1M count=500 iflag=fullblock conv=notrunc status=progress; ec=$?; _bs pipeline_done; _bs guest_end; exit $ec'
2026-05-20 03:13:46,231 DEBUG   ssh: connect to host 10.53.13.13 port 22: Connection refused
2026-05-20 03:13:46,232 ERROR Guest disk op failed ec=255 vm=vm-66-260519-073947 ip=10.53.13.13 — ssh: connect to host 10.53.13.13 port 22: Connection refused
2026-05-20 03:13:46,233 DEBUG [991/1171] VM 1a375dfd… (vm-75-260519-074045) via 10.53.51.206 op=update
2026-05-20 03:13:46,233 DEBUG   remote: bash -lc 'set -e; _bs(){ printf '"'"'BULK_SNAP_T %s %s\n'"'"' "$1" "$(date +%s.%N 2>/dev/null || date +%s)"; }; _bs guest_start; _bs pipeline_start; openssl enc -aes-256-ctr -pass pass:"testing" -nosalt < /dev/zero 2>/dev/null | dd of=/root/dummy_snapshot_data_1.img bs=1M count=500 iflag=fullblock conv=notrunc status=progress; ec=$?; _bs pipeline_done; _bs guest_end; exit $ec'
2026-05-20 03:13:46,289 DEBUG   ssh: connect to host 10.53.53.215 port 22: Connection refused
2026-05-20 03:13:46,289 ERROR Guest disk op failed ec=255 vm=vm-67-260519-073955 ip=10.53.53.215 — ssh: connect to host 10.53.53.215 port 22: Connection refused
2026-05-20 03:13:46,290 DEBUG [992/1171] VM 1a78c96f… (vm-76-260519-074054) via 10.53.12.239 op=update
2026-05-20 03:13:46,290 DEBUG   remote: bash -lc 'set -e; _bs(){ printf '"'"'BULK_SNAP_T %s %s\n'"'"' "$1" "$(date +%s.%N 2>/dev/null || date +%s)"; }; _bs guest_start; _bs pipeline_start; openssl enc -aes-256-ctr -pass pass:"testing" -nosalt < /dev/zero 2>/dev/null | dd of=/root/dummy_snapshot_data_1.img bs=1M count=500 iflag=fullblock conv=notrunc status=progress; ec=$?; _bs pipeline_done; _bs guest_end; exit $ec'
2026-05-20 03:13:46,299 DEBUG   ssh: connect to host 10.53.8.217 port 22: Connection refused
2026-05-20 03:13:46,299 ERROR Guest disk op failed ec=255 vm=vm-68-260519-074015 ip=10.53.8.217 — ssh: connect to host 10.53.8.217 port 22: Connection refused
2026-05-20 03:13:46,300 DEBUG [993/1171] VM f3569dfb… (vm-77-260519-074112) via 10.53.46.212 op=update
2026-05-20 03:13:46,300 DEBUG   remote: bash -lc 'set -e; _bs(){ printf '"'"'BULK_SNAP_T %s %s\n'"'"' "$1" "$(date +%s.%N 2>/dev/null || date +%s)"; }; _bs guest_start; _bs pipeline_start; openssl enc -aes-256-ctr -pass pass:"testing" -nosalt < /dev/zero 2>/dev/null | dd of=/root/dummy_snapshot_data_1.img bs=1M count=500 iflag=fullblock conv=notrunc status=progress; ec=$?; _bs pipeline_done; _bs guest_end; exit $ec'
2026-05-20 03:13:46,304 DEBUG   ssh: connect to host 10.53.18.99 port 22: Connection refused
2026-05-20 03:13:46,304 ERROR Guest disk op failed ec=255 vm=vm-69-260519-074015 ip=10.53.18.99 — ssh: connect to host 10.53.18.99 port 22: Connection refused
2026-05-20 03:13:46,305 DEBUG [994/1171] VM 57d5c2c9… (vm-78-260519-074122) via 10.53.12.109 op=update
2026-05-20 03:13:46,305 DEBUG   remote: bash -lc 'set -e; _bs(){ printf '"'"'BULK_SNAP_T %s %s\n'"'"' "$1" "$(date +%s.%N 2>/dev/null || date +%s)"; }; _bs guest_start; _bs pipeline_start; openssl enc -aes-256-ctr -pass pass:"testing" -nosalt < /dev/zero 2>/dev/null | dd of=/root/dummy_snapshot_data_1.img bs=1M count=500 iflag=fullblock conv=notrunc status=progress; ec=$?; _bs pipeline_done; _bs guest_end; exit $ec'
2026-05-20 03:13:46,315 DEBUG   ssh: connect to host 10.53.48.40 port 22: Connection refused
2026-05-20 03:13:46,316 ERROR Guest disk op failed ec=255 vm=vm-7-260519-073202 ip=10.53.48.40 — ssh: connect to host 10.53.48.40 port 22: Connection refused
2026-05-20 03:13:46,316 DEBUG [995/1171] VM dbf57be7… (vm-79-260519-074126) via 10.53.34.191 op=update
2026-05-20 03:13:46,316 DEBUG   remote: bash -lc 'set -e; _bs(){ printf '"'"'BULK_SNAP_T %s %s\n'"'"' "$1" "$(date +%s.%N 2>/dev/null || date +%s)"; }; _bs guest_start; _bs pipeline_start; openssl enc -aes-256-ctr -pass pass:"testing" -nosalt < /dev/zero 2>/dev/null | dd of=/root/dummy_snapshot_data_1.img bs=1M count=500 iflag=fullblock conv=notrunc status=progress; ec=$?; _bs pipeline_done; _bs guest_end; exit $ec'
2026-05-20 03:13:46,322 DEBUG   ssh: connect to host 10.53.12.109 port 22: Connection refused
2026-05-20 03:13:46,323 ERROR Guest disk op failed ec=255 vm=vm-78-260519-074122 ip=10.53.12.109 — ssh: connect to host 10.53.12.109 port 22: Connection refused
2026-05-20 03:13:46,323 DEBUG [996/1171] VM 5dec857c… (vm-8-260519-073202) via 10.53.19.82 op=update
2026-05-20 03:13:46,323 DEBUG   remote: bash -lc 'set -e; _bs(){ printf '"'"'BULK_SNAP_T %s %s\n'"'"' "$1" "$(date +%s.%N 2>/dev/null || date +%s)"; }; _bs guest_start; _bs pipeline_start; openssl enc -aes-256-ctr -pass pass:"testing" -nosalt < /dev/zero 2>/dev/null | dd of=/root/dummy_snapshot_data_1.img bs=1M count=500 iflag=fullblock conv=notrunc status=progress; ec=$?; _bs pipeline_done; _bs guest_end; exit $ec'
2026-05-20 03:13:46,449 DEBUG   ssh: connect to host 10.53.34.151 port 22: Connection refused
2026-05-20 03:13:46,449 ERROR Guest disk op failed ec=255 vm=vm-70-260519-074025 ip=10.53.34.151 — ssh: connect to host 10.53.34.151 port 22: Connection refused
2026-05-20 03:13:46,450 DEBUG [997/1171] VM 94f710ff… (vm-80-260519-074130) via 10.53.43.70 op=update
2026-05-20 03:13:46,450 DEBUG   remote: bash -lc 'set -e; _bs(){ printf '"'"'BULK_SNAP_T %s %s\n'"'"' "$1" "$(date +%s.%N 2>/dev/null || date +%s)"; }; _bs guest_start; _bs pipeline_start; openssl enc -aes-256-ctr -pass pass:"testing" -nosalt < /dev/zero 2>/dev/null | dd of=/root/dummy_snapshot_data_1.img bs=1M count=500 iflag=fullblock conv=notrunc status=progress; ec=$?; _bs pipeline_done; _bs guest_end; exit $ec'
2026-05-20 03:13:46,473 DEBUG   ssh: connect to host 10.53.42.198 port 22: Connection refused
2026-05-20 03:13:46,473 ERROR Guest disk op failed ec=255 vm=vm-73-260519-074034 ip=10.53.42.198 — ssh: connect to host 10.53.42.198 port 22: Connection refused
2026-05-20 03:13:46,474 DEBUG [998/1171] VM d088cdad… (vm-81-260519-074130) via 10.53.46.16 op=update
2026-05-20 03:13:46,474 DEBUG   ssh: connect to host 10.53.36.117 port 22: Connection refused
2026-05-20 03:13:46,478 DEBUG   ssh: connect to host 10.53.10.154 port 22: Connection refused
2026-05-20 03:13:46,478 DEBUG   remote: bash -lc 'set -e; _bs(){ printf '"'"'BULK_SNAP_T %s %s\n'"'"' "$1" "$(date +%s.%N 2>/dev/null || date +%s)"; }; _bs guest_start; _bs pipeline_start; openssl enc -aes-256-ctr -pass pass:"testing" -nosalt < /dev/zero 2>/dev/null | dd of=/root/dummy_snapshot_data_1.img bs=1M count=500 iflag=fullblock conv=notrunc status=progress; ec=$?; _bs pipeline_done; _bs guest_end; exit $ec'
2026-05-20 03:13:46,478 ERROR Guest disk op failed ec=255 vm=vm-71-260519-074028 ip=10.53.36.117 — ssh: connect to host 10.53.36.117 port 22: Connection refused
2026-05-20 03:13:46,478 DEBUG [999/1171] VM fe7a7f2c… (vm-82-260519-074147) via 10.53.1.46 op=update
2026-05-20 03:13:46,481 ERROR Guest disk op failed ec=255 vm=vm-72-260519-074034 ip=10.53.10.154 — ssh: connect to host 10.53.10.154 port 22: Connection refused
2026-05-20 03:13:46,482 DEBUG [1000/1171] VM 8aefb14e… (vm-83-260519-074153) via 10.53.4.117 op=update
2026-05-20 03:13:46,482 DEBUG   remote: bash -lc 'set -e; _bs(){ printf '"'"'BULK_SNAP_T %s %s\n'"'"' "$1" "$(date +%s.%N 2>/dev/null || date +%s)"; }; _bs guest_start; _bs pipeline_start; openssl enc -aes-256-ctr -pass pass:"testing" -nosalt < /dev/zero 2>/dev/null | dd of=/root/dummy_snapshot_data_1.img bs=1M count=500 iflag=fullblock conv=notrunc status=progress; ec=$?; _bs pipeline_done; _bs guest_end; exit $ec'
2026-05-20 03:13:46,487 DEBUG   ssh: connect to host 10.53.8.236 port 22: Connection refused
2026-05-20 03:13:46,487 DEBUG   ssh: connect to host 10.53.51.206 port 22: Connection refused
2026-05-20 03:13:46,498 DEBUG   remote: bash -lc 'set -e; _bs(){ printf '"'"'BULK_SNAP_T %s %s\n'"'"' "$1" "$(date +%s.%N 2>/dev/null || date +%s)"; }; _bs guest_start; _bs pipeline_start; openssl enc -aes-256-ctr -pass pass:"testing" -nosalt < /dev/zero 2>/dev/null | dd of=/root/dummy_snapshot_data_1.img bs=1M count=500 iflag=fullblock conv=notrunc status=progress; ec=$?; _bs pipeline_done; _bs guest_end; exit $ec'
2026-05-20 03:13:46,498 ERROR Guest disk op failed ec=255 vm=vm-74-260519-074035 ip=10.53.8.236 — ssh: connect to host 10.53.8.236 port 22: Connection refused
2026-05-20 03:13:46,512 DEBUG [1001/1171] VM 46280287… (vm-84-260519-074154) via 10.53.1.126 op=update
2026-05-20 03:13:46,512 DEBUG   remote: bash -lc 'set -e; _bs(){ printf '"'"'BULK_SNAP_T %s %s\n'"'"' "$1" "$(date +%s.%N 2>/dev/null || date +%s)"; }; _bs guest_start; _bs pipeline_start; openssl enc -aes-256-ctr -pass pass:"testing" -nosalt < /dev/zero 2>/dev/null | dd of=/root/dummy_snapshot_data_1.img bs=1M count=500 iflag=fullblock conv=notrunc status=progress; ec=$?; _bs pipeline_done; _bs guest_end; exit $ec'
2026-05-20 03:13:46,498 ERROR Guest disk op failed ec=255 vm=vm-75-260519-074045 ip=10.53.51.206 — ssh: connect to host 10.53.51.206 port 22: Connection refused
2026-05-20 03:13:46,516 DEBUG [1002/1171] VM df1541ac… (vm-85-260519-074155) via 10.53.11.72 op=update
2026-05-20 03:13:46,516 DEBUG   remote: bash -lc 'set -e; _bs(){ printf '"'"'BULK_SNAP_T %s %s\n'"'"' "$1" "$(date +%s.%N 2>/dev/null || date +%s)"; }; _bs guest_start; _bs pipeline_start; openssl enc -aes-256-ctr -pass pass:"testing" -nosalt < /dev/zero 2>/dev/null | dd of=/root/dummy_snapshot_data_1.img bs=1M count=500 iflag=fullblock conv=notrunc status=progress; ec=$?; _bs pipeline_done; _bs guest_end; exit $ec'
2026-05-20 03:13:46,544 DEBUG   ssh: connect to host 10.53.12.239 port 22: Connection refused
2026-05-20 03:13:46,545 ERROR Guest disk op failed ec=255 vm=vm-76-260519-074054 ip=10.53.12.239 — ssh: connect to host 10.53.12.239 port 22: Connection refused
2026-05-20 03:13:46,545 DEBUG [1003/1171] VM dd8d59fd… (vm-86-260519-074156) via 10.53.4.124 op=update
2026-05-20 03:13:46,545 DEBUG   remote: bash -lc 'set -e; _bs(){ printf '"'"'BULK_SNAP_T %s %s\n'"'"' "$1" "$(date +%s.%N 2>/dev/null || date +%s)"; }; _bs guest_start; _bs pipeline_start; openssl enc -aes-256-ctr -pass pass:"testing" -nosalt < /dev/zero 2>/dev/null | dd of=/root/dummy_snapshot_data_1.img bs=1M count=500 iflag=fullblock conv=notrunc status=progress; ec=$?; _bs pipeline_done; _bs guest_end; exit $ec'
2026-05-20 03:13:46,553 DEBUG   ssh: connect to host 10.53.46.212 port 22: Connection refused
2026-05-20 03:13:46,554 ERROR Guest disk op failed ec=255 vm=vm-77-260519-074112 ip=10.53.46.212 — ssh: connect to host 10.53.46.212 port 22: Connection refused
2026-05-20 03:13:46,554 DEBUG [1004/1171] VM a6e0305c… (vm-87-260519-074217) via 10.53.51.30 op=update
2026-05-20 03:13:46,555 DEBUG   remote: bash -lc 'set -e; _bs(){ printf '"'"'BULK_SNAP_T %s %s\n'"'"' "$1" "$(date +%s.%N 2>/dev/null || date +%s)"; }; _bs guest_start; _bs pipeline_start; openssl enc -aes-256-ctr -pass pass:"testing" -nosalt < /dev/zero 2>/dev/null | dd of=/root/dummy_snapshot_data_1.img bs=1M count=500 iflag=fullblock conv=notrunc status=progress; ec=$?; _bs pipeline_done; _bs guest_end; exit $ec'
2026-05-20 03:13:46,572 DEBUG   ssh: connect to host 10.53.34.191 port 22: Connection refused
2026-05-20 03:13:46,572 ERROR Guest disk op failed ec=255 vm=vm-79-260519-074126 ip=10.53.34.191 — ssh: connect to host 10.53.34.191 port 22: Connection refused
2026-05-20 03:13:46,573 DEBUG [1005/1171] VM e1db5695… (vm-88-260519-074222) via 10.53.29.209 op=update
2026-05-20 03:13:46,573 DEBUG   remote: bash -lc 'set -e; _bs(){ printf '"'"'BULK_SNAP_T %s %s\n'"'"' "$1" "$(date +%s.%N 2>/dev/null || date +%s)"; }; _bs guest_start; _bs pipeline_start; openssl enc -aes-256-ctr -pass pass:"testing" -nosalt < /dev/zero 2>/dev/null | dd of=/root/dummy_snapshot_data_1.img bs=1M count=500 iflag=fullblock conv=notrunc status=progress; ec=$?; _bs pipeline_done; _bs guest_end; exit $ec'
2026-05-20 03:13:46,578 DEBUG   ssh: connect to host 10.53.19.82 port 22: Connection refused
2026-05-20 03:13:46,578 ERROR Guest disk op failed ec=255 vm=vm-8-260519-073202 ip=10.53.19.82 — ssh: connect to host 10.53.19.82 port 22: Connection refused
2026-05-20 03:13:46,579 DEBUG [1006/1171] VM a0111ccd… (vm-89-260519-074224) via 10.53.1.22 op=update
2026-05-20 03:13:46,579 DEBUG   remote: bash -lc 'set -e; _bs(){ printf '"'"'BULK_SNAP_T %s %s\n'"'"' "$1" "$(date +%s.%N 2>/dev/null || date +%s)"; }; _bs guest_start; _bs pipeline_start; openssl enc -aes-256-ctr -pass pass:"testing" -nosalt < /dev/zero 2>/dev/null | dd of=/root/dummy_snapshot_data_1.img bs=1M count=500 iflag=fullblock conv=notrunc status=progress; ec=$?; _bs pipeline_done; _bs guest_end; exit $ec'
2026-05-20 03:13:46,705 DEBUG   ssh: connect to host 10.53.43.70 port 22: Connection refused
2026-05-20 03:13:46,706 ERROR Guest disk op failed ec=255 vm=vm-80-260519-074130 ip=10.53.43.70 — ssh: connect to host 10.53.43.70 port 22: Connection refused
2026-05-20 03:13:46,706 DEBUG [1007/1171] VM 6149a4ff… (vm-9-260519-073202) via 10.53.50.154 op=update
2026-05-20 03:13:46,707 DEBUG   remote: bash -lc 'set -e; _bs(){ printf '"'"'BULK_SNAP_T %s %s\n'"'"' "$1" "$(date +%s.%N 2>/dev/null || date +%s)"; }; _bs guest_start; _bs pipeline_start; openssl enc -aes-256-ctr -pass pass:"testing" -nosalt < /dev/zero 2>/dev/null | dd of=/root/dummy_snapshot_data_1.img bs=1M count=500 iflag=fullblock conv=notrunc status=progress; ec=$?; _bs pipeline_done; _bs guest_end; exit $ec'
2026-05-20 03:13:46,743 DEBUG   ssh: connect to host 10.53.4.117 port 22: Connection refused
2026-05-20 03:13:46,744 ERROR Guest disk op failed ec=255 vm=vm-83-260519-074153 ip=10.53.4.117 — ssh: connect to host 10.53.4.117 port 22: Connection refused
2026-05-20 03:13:46,744 DEBUG [1008/1171] VM b0f8fc3e… (vm-90-260519-074243) via 10.53.35.144 op=update
2026-05-20 03:13:46,745 DEBUG   remote: bash -lc 'set -e; _bs(){ printf '"'"'BULK_SNAP_T %s %s\n'"'"' "$1" "$(date +%s.%N 2>/dev/null || date +%s)"; }; _bs guest_start; _bs pipeline_start; openssl enc -aes-256-ctr -pass pass:"testing" -nosalt < /dev/zero 2>/dev/null | dd of=/root/dummy_snapshot_data_1.img bs=1M count=500 iflag=fullblock conv=notrunc status=progress; ec=$?; _bs pipeline_done; _bs guest_end; exit $ec'
2026-05-20 03:13:46,748 DEBUG   ssh: connect to host 10.53.46.16 port 22: Connection refused
2026-05-20 03:13:46,749 ERROR Guest disk op failed ec=255 vm=vm-81-260519-074130 ip=10.53.46.16 — ssh: connect to host 10.53.46.16 port 22: Connection refused
2026-05-20 03:13:46,749 DEBUG [1009/1171] VM e07f417e… (vm-91-260519-074244) via 10.53.42.83 op=update
2026-05-20 03:13:46,749 DEBUG   remote: bash -lc 'set -e; _bs(){ printf '"'"'BULK_SNAP_T %s %s\n'"'"' "$1" "$(date +%s.%N 2>/dev/null || date +%s)"; }; _bs guest_start; _bs pipeline_start; openssl enc -aes-256-ctr -pass pass:"testing" -nosalt < /dev/zero 2>/dev/null | dd of=/root/dummy_snapshot_data_1.img bs=1M count=500 iflag=fullblock conv=notrunc status=progress; ec=$?; _bs pipeline_done; _bs guest_end; exit $ec'
2026-05-20 03:13:46,759 DEBUG   ssh: connect to host 10.53.1.46 port 22: Connection refused
2026-05-20 03:13:46,759 ERROR Guest disk op failed ec=255 vm=vm-82-260519-074147 ip=10.53.1.46 — ssh: connect to host 10.53.1.46 port 22: Connection refused
2026-05-20 03:13:46,759 DEBUG [1010/1171] VM 57187f82… (vm-92-260519-074256) via 10.53.15.187 op=update
2026-05-20 03:13:46,759 DEBUG   remote: bash -lc 'set -e; _bs(){ printf '"'"'BULK_SNAP_T %s %s\n'"'"' "$1" "$(date +%s.%N 2>/dev/null || date +%s)"; }; _bs guest_start; _bs pipeline_start; openssl enc -aes-256-ctr -pass pass:"testing" -nosalt < /dev/zero 2>/dev/null | dd of=/root/dummy_snapshot_data_1.img bs=1M count=500 iflag=fullblock conv=notrunc status=progress; ec=$?; _bs pipeline_done; _bs guest_end; exit $ec'
2026-05-20 03:13:46,768 DEBUG   ssh: connect to host 10.53.1.126 port 22: Connection refused
2026-05-20 03:13:46,769 ERROR Guest disk op failed ec=255 vm=vm-84-260519-074154 ip=10.53.1.126 — ssh: connect to host 10.53.1.126 port 22: Connection refused
2026-05-20 03:13:46,769 DEBUG [1011/1171] VM 50a14086… (vm-93-260519-074257) via 10.53.9.119 op=update
2026-05-20 03:13:46,769 DEBUG   remote: bash -lc 'set -e; _bs(){ printf '"'"'BULK_SNAP_T %s %s\n'"'"' "$1" "$(date +%s.%N 2>/dev/null || date +%s)"; }; _bs guest_start; _bs pipeline_start; openssl enc -aes-256-ctr -pass pass:"testing" -nosalt < /dev/zero 2>/dev/null | dd of=/root/dummy_snapshot_data_1.img bs=1M count=500 iflag=fullblock conv=notrunc status=progress; ec=$?; _bs pipeline_done; _bs guest_end; exit $ec'
2026-05-20 03:13:46,772 DEBUG   ssh: connect to host 10.53.11.72 port 22: Connection refused
2026-05-20 03:13:46,772 ERROR Guest disk op failed ec=255 vm=vm-85-260519-074155 ip=10.53.11.72 — ssh: connect to host 10.53.11.72 port 22: Connection refused
2026-05-20 03:13:46,773 DEBUG [1012/1171] VM 71871dfe… (vm-94-260519-074259) via 10.53.44.235 op=update
2026-05-20 03:13:46,773 DEBUG   remote: bash -lc 'set -e; _bs(){ printf '"'"'BULK_SNAP_T %s %s\n'"'"' "$1" "$(date +%s.%N 2>/dev/null || date +%s)"; }; _bs guest_start; _bs pipeline_start; openssl enc -aes-256-ctr -pass pass:"testing" -nosalt < /dev/zero 2>/dev/null | dd of=/root/dummy_snapshot_data_1.img bs=1M count=500 iflag=fullblock conv=notrunc status=progress; ec=$?; _bs pipeline_done; _bs guest_end; exit $ec'
2026-05-20 03:13:46,803 DEBUG   ssh: connect to host 10.53.4.124 port 22: Connection refused
2026-05-20 03:13:46,804 ERROR Guest disk op failed ec=255 vm=vm-86-260519-074156 ip=10.53.4.124 — ssh: connect to host 10.53.4.124 port 22: Connection refused
2026-05-20 03:13:46,805 DEBUG [1013/1171] VM 0263d51b… (vm-95-260519-074300) via 10.53.10.249 op=update
2026-05-20 03:13:46,805 DEBUG   remote: bash -lc 'set -e; _bs(){ printf '"'"'BULK_SNAP_T %s %s\n'"'"' "$1" "$(date +%s.%N 2>/dev/null || date +%s)"; }; _bs guest_start; _bs pipeline_start; openssl enc -aes-256-ctr -pass pass:"testing" -nosalt < /dev/zero 2>/dev/null | dd of=/root/dummy_snapshot_data_1.img bs=1M count=500 iflag=fullblock conv=notrunc status=progress; ec=$?; _bs pipeline_done; _bs guest_end; exit $ec'
2026-05-20 03:13:46,808 DEBUG   ssh: connect to host 10.53.51.30 port 22: Connection refused
2026-05-20 03:13:46,809 ERROR Guest disk op failed ec=255 vm=vm-87-260519-074217 ip=10.53.51.30 — ssh: connect to host 10.53.51.30 port 22: Connection refused
2026-05-20 03:13:46,809 DEBUG [1014/1171] VM 5e8d6655… (vm-96-260519-074301) via 10.53.32.146 op=update
2026-05-20 03:13:46,809 DEBUG   remote: bash -lc 'set -e; _bs(){ printf '"'"'BULK_SNAP_T %s %s\n'"'"' "$1" "$(date +%s.%N 2>/dev/null || date +%s)"; }; _bs guest_start; _bs pipeline_start; openssl enc -aes-256-ctr -pass pass:"testing" -nosalt < /dev/zero 2>/dev/null | dd of=/root/dummy_snapshot_data_1.img bs=1M count=500 iflag=fullblock conv=notrunc status=progress; ec=$?; _bs pipeline_done; _bs guest_end; exit $ec'
2026-05-20 03:13:46,827 DEBUG   ssh: connect to host 10.53.29.209 port 22: Connection refused
2026-05-20 03:13:46,828 ERROR Guest disk op failed ec=255 vm=vm-88-260519-074222 ip=10.53.29.209 — ssh: connect to host 10.53.29.209 port 22: Connection refused
2026-05-20 03:13:46,828 DEBUG [1015/1171] VM bd11e456… (vm-97-260519-074317) via 10.53.22.73 op=update
2026-05-20 03:13:46,828 DEBUG   remote: bash -lc 'set -e; _bs(){ printf '"'"'BULK_SNAP_T %s %s\n'"'"' "$1" "$(date +%s.%N 2>/dev/null || date +%s)"; }; _bs guest_start; _bs pipeline_start; openssl enc -aes-256-ctr -pass pass:"testing" -nosalt < /dev/zero 2>/dev/null | dd of=/root/dummy_snapshot_data_1.img bs=1M count=500 iflag=fullblock conv=notrunc status=progress; ec=$?; _bs pipeline_done; _bs guest_end; exit $ec'
2026-05-20 03:13:46,833 DEBUG   ssh: connect to host 10.53.1.22 port 22: Connection refused
2026-05-20 03:13:46,833 ERROR Guest disk op failed ec=255 vm=vm-89-260519-074224 ip=10.53.1.22 — ssh: connect to host 10.53.1.22 port 22: Connection refused
2026-05-20 03:13:46,834 DEBUG [1016/1171] VM d6ad689e… (vm-98-260519-074319) via 10.53.2.231 op=update
2026-05-20 03:13:46,834 DEBUG   remote: bash -lc 'set -e; _bs(){ printf '"'"'BULK_SNAP_T %s %s\n'"'"' "$1" "$(date +%s.%N 2>/dev/null || date +%s)"; }; _bs guest_start; _bs pipeline_start; openssl enc -aes-256-ctr -pass pass:"testing" -nosalt < /dev/zero 2>/dev/null | dd of=/root/dummy_snapshot_data_1.img bs=1M count=500 iflag=fullblock conv=notrunc status=progress; ec=$?; _bs pipeline_done; _bs guest_end; exit $ec'
2026-05-20 03:13:46,965 DEBUG   ssh: connect to host 10.53.50.154 port 22: Connection refused
2026-05-20 03:13:46,966 ERROR Guest disk op failed ec=255 vm=vm-9-260519-073202 ip=10.53.50.154 — ssh: connect to host 10.53.50.154 port 22: Connection refused
2026-05-20 03:13:46,966 DEBUG [1017/1171] VM 8abe1c32… (vm-99-260519-074327) via 10.53.41.146 op=update
2026-05-20 03:13:46,967 DEBUG   remote: bash -lc 'set -e; _bs(){ printf '"'"'BULK_SNAP_T %s %s\n'"'"' "$1" "$(date +%s.%N 2>/dev/null || date +%s)"; }; _bs guest_start; _bs pipeline_start; openssl enc -aes-256-ctr -pass pass:"testing" -nosalt < /dev/zero 2>/dev/null | dd of=/root/dummy_snapshot_data_1.img bs=1M count=500 iflag=fullblock conv=notrunc status=progress; ec=$?; _bs pipeline_done; _bs guest_end; exit $ec'
2026-05-20 03:13:47,000 DEBUG   ssh: connect to host 10.53.35.144 port 22: Connection refused
2026-05-20 03:13:47,000 ERROR Guest disk op failed ec=255 vm=vm-90-260519-074243 ip=10.53.35.144 — ssh: connect to host 10.53.35.144 port 22: Connection refused
2026-05-20 03:13:47,004 DEBUG   ssh: connect to host 10.53.42.83 port 22: Connection refused
2026-05-20 03:13:47,004 ERROR Guest disk op failed ec=255 vm=vm-91-260519-074244 ip=10.53.42.83 — ssh: connect to host 10.53.42.83 port 22: Connection refused
2026-05-20 03:13:47,014 DEBUG   ssh: connect to host 10.53.15.187 port 22: Connection refused
2026-05-20 03:13:47,014 ERROR Guest disk op failed ec=255 vm=vm-92-260519-074256 ip=10.53.15.187 — ssh: connect to host 10.53.15.187 port 22: Connection refused
2026-05-20 03:13:47,024 DEBUG   ssh: connect to host 10.53.9.119 port 22: Connection refused
2026-05-20 03:13:47,024 ERROR Guest disk op failed ec=255 vm=vm-93-260519-074257 ip=10.53.9.119 — ssh: connect to host 10.53.9.119 port 22: Connection refused
2026-05-20 03:13:47,029 DEBUG   ssh: connect to host 10.53.44.235 port 22: Connection refused
2026-05-20 03:13:47,029 ERROR Guest disk op failed ec=255 vm=vm-94-260519-074259 ip=10.53.44.235 — ssh: connect to host 10.53.44.235 port 22: Connection refused
2026-05-20 03:13:47,060 DEBUG   ssh: connect to host 10.53.10.249 port 22: Connection refused
2026-05-20 03:13:47,060 ERROR Guest disk op failed ec=255 vm=vm-95-260519-074300 ip=10.53.10.249 — ssh: connect to host 10.53.10.249 port 22: Connection refused
2026-05-20 03:13:47,064 DEBUG   ssh: connect to host 10.53.32.146 port 22: Connection refused
2026-05-20 03:13:47,064 ERROR Guest disk op failed ec=255 vm=vm-96-260519-074301 ip=10.53.32.146 — ssh: connect to host 10.53.32.146 port 22: Connection refused
2026-05-20 03:13:47,083 DEBUG   ssh: connect to host 10.53.22.73 port 22: Connection refused
2026-05-20 03:13:47,084 ERROR Guest disk op failed ec=255 vm=vm-97-260519-074317 ip=10.53.22.73 — ssh: connect to host 10.53.22.73 port 22: Connection refused
2026-05-20 03:13:47,088 DEBUG   ssh: connect to host 10.53.2.231 port 22: Connection refused
2026-05-20 03:13:47,089 ERROR Guest disk op failed ec=255 vm=vm-98-260519-074319 ip=10.53.2.231 — ssh: connect to host 10.53.2.231 port 22: Connection refused
2026-05-20 03:13:47,224 DEBUG   ssh: connect to host 10.53.41.146 port 22: Connection refused
2026-05-20 03:13:47,224 ERROR Guest disk op failed ec=255 vm=vm-99-260519-074327 ip=10.53.41.146 — ssh: connect to host 10.53.41.146 port 22: Connection refused
2026-05-20 03:13:47,225 INFO Cluster 'SSCG_NCM_2_1_Small_PE2' finished: processed 234 VM(s) in this shard. 2 cluster shard(s) left.
2026-05-20 03:13:47,988 DEBUG   BULK_SNAP_T guest_start 1779214411.640008415
2026-05-20 03:13:47,988 DEBUG   BULK_SNAP_T pipeline_start 1779214411.643511291
2026-05-20 03:13:47,988 DEBUG   BULK_SNAP_T pipeline_done 1779214424.012438759
2026-05-20 03:13:47,988 DEBUG   BULK_SNAP_T guest_end 1779214424.016916711
2026-05-20 03:13:47,988 DEBUG   
2026-05-20 03:13:47,988 DEBUG   32505856 bytes (33 MB) copied, 1.044966 s, 31.1 MB/s
2026-05-20 03:13:47,988 DEBUG   74448896 bytes (74 MB) copied, 2.062219 s, 36.1 MB/s
2026-05-20 03:13:47,988 DEBUG   118489088 bytes (118 MB) copied, 3.098093 s, 38.2 MB/s
2026-05-20 03:13:47,988 DEBUG   145752064 bytes (146 MB) copied, 4.112666 s, 35.4 MB/s
2026-05-20 03:13:47,988 DEBUG   183500800 bytes (184 MB) copied, 5.126025 s, 35.8 MB/s
2026-05-20 03:13:47,988 DEBUG   227540992 bytes (228 MB) copied, 6.164989 s, 36.9 MB/s
2026-05-20 03:13:47,988 DEBUG   269484032 bytes (269 MB) copied, 7.185807 s, 37.5 MB/s
2026-05-20 03:13:47,988 DEBUG   306184192 bytes (306 MB) copied, 8.244927 s, 37.1 MB/s
2026-05-20 03:13:47,988 DEBUG   358612992 bytes (359 MB) copied, 9.251951 s, 38.8 MB/s
2026-05-20 03:13:47,988 DEBUG   423624704 bytes (424 MB) copied, 10.256080 s, 41.3 MB/s
2026-05-20 03:13:47,988 DEBUG   478150656 bytes (478 MB) copied, 11.273142 s, 42.4 MB/s
2026-05-20 03:13:47,988 DEBUG   500+0 records in
2026-05-20 03:13:47,988 DEBUG   500+0 records out
2026-05-20 03:13:47,988 DEBUG   524288000 bytes (524 MB) copied, 12.2264 s, 42.9 MB/s
2026-05-20 03:13:47,988 DEBUG   OK (disk op exit 0)
2026-05-20 03:13:47,989 DEBUG [1063/1171] VM 85cd5f4e… (ahv_ins_delete-0-260514-183015) via 10.114.48.29 op=update
2026-05-20 03:13:47,989 DEBUG   remote: bash -lc 'set -e; _bs(){ printf '"'"'BULK_SNAP_T %s %s\n'"'"' "$1" "$(date +%s.%N 2>/dev/null || date +%s)"; }; _bs guest_start; _bs pipeline_start; openssl enc -aes-256-ctr -pass pass:"testing" -nosalt < /dev/zero 2>/dev/null | dd of=/root/dummy_snapshot_data_1.img bs=1M count=500 iflag=fullblock conv=notrunc status=progress; ec=$?; _bs pipeline_done; _bs guest_end; exit $ec'
2026-05-20 03:13:48,960 DEBUG   BULK_SNAP_T guest_start 1779214411.565320644
2026-05-20 03:13:48,961 DEBUG   BULK_SNAP_T pipeline_start 1779214411.571142126
2026-05-20 03:13:48,961 DEBUG   BULK_SNAP_T pipeline_done 1779214425.390332602
2026-05-20 03:13:48,961 DEBUG   BULK_SNAP_T guest_end 1779214425.404854512
2026-05-20 03:13:48,961 DEBUG   
2026-05-20 03:13:48,961 DEBUG   28311552 bytes (28 MB) copied, 1.015627 s, 27.9 MB/s
2026-05-20 03:13:48,961 DEBUG   69206016 bytes (69 MB) copied, 2.023145 s, 34.2 MB/s
2026-05-20 03:13:48,961 DEBUG   106954752 bytes (107 MB) copied, 3.049577 s, 35.1 MB/s
2026-05-20 03:13:48,961 DEBUG   138412032 bytes (138 MB) copied, 4.058639 s, 34.1 MB/s
2026-05-20 03:13:48,961 DEBUG   168820736 bytes (169 MB) copied, 5.061035 s, 33.4 MB/s
2026-05-20 03:13:48,961 DEBUG   204472320 bytes (204 MB) copied, 6.082962 s, 33.6 MB/s
2026-05-20 03:13:48,961 DEBUG   241172480 bytes (241 MB) copied, 7.086054 s, 34.0 MB/s
2026-05-20 03:13:48,961 DEBUG   282066944 bytes (282 MB) copied, 8.132095 s, 34.7 MB/s
2026-05-20 03:13:48,961 DEBUG   317718528 bytes (318 MB) copied, 9.133057 s, 34.8 MB/s
2026-05-20 03:13:48,961 DEBUG   364904448 bytes (365 MB) copied, 10.140541 s, 36.0 MB/s
2026-05-20 03:13:48,961 DEBUG   416284672 bytes (416 MB) copied, 11.157032 s, 37.3 MB/s
2026-05-20 03:13:48,961 DEBUG   459276288 bytes (459 MB) copied, 12.212753 s, 37.6 MB/s
2026-05-20 03:13:48,961 DEBUG   504365056 bytes (504 MB) copied, 13.230605 s, 38.1 MB/s
2026-05-20 03:13:48,961 DEBUG   500+0 records in
2026-05-20 03:13:48,961 DEBUG   500+0 records out
2026-05-20 03:13:48,961 DEBUG   524288000 bytes (524 MB) copied, 13.6556 s, 38.4 MB/s
2026-05-20 03:13:48,961 DEBUG   OK (disk op exit 0)
2026-05-20 03:13:48,962 DEBUG [1064/1171] VM f3f3ceb3… (ahv_ins_delete-0-260514-183021) via 10.114.54.76 op=update
2026-05-20 03:13:48,966 DEBUG   remote: bash -lc 'set -e; _bs(){ printf '"'"'BULK_SNAP_T %s %s\n'"'"' "$1" "$(date +%s.%N 2>/dev/null || date +%s)"; }; _bs guest_start; _bs pipeline_start; openssl enc -aes-256-ctr -pass pass:"testing" -nosalt < /dev/zero 2>/dev/null | dd of=/root/dummy_snapshot_data_1.img bs=1M count=500 iflag=fullblock conv=notrunc status=progress; ec=$?; _bs pipeline_done; _bs guest_end; exit $ec'
2026-05-20 03:13:49,008 DEBUG   BULK_SNAP_T guest_start 1779214413.803465306
2026-05-20 03:13:49,008 DEBUG   BULK_SNAP_T pipeline_start 1779214413.806905247
2026-05-20 03:13:49,008 DEBUG   BULK_SNAP_T pipeline_done 1779214425.261766213
2026-05-20 03:13:49,008 DEBUG   BULK_SNAP_T guest_end 1779214425.271911527
2026-05-20 03:13:49,008 DEBUG   
2026-05-20 03:13:49,008 DEBUG   29360128 bytes (29 MB) copied, 1.026696 s, 28.6 MB/s
2026-05-20 03:13:49,008 DEBUG   76546048 bytes (77 MB) copied, 2.057601 s, 37.2 MB/s
2026-05-20 03:13:49,008 DEBUG   116391936 bytes (116 MB) copied, 3.084499 s, 37.7 MB/s
2026-05-20 03:13:49,008 DEBUG   147849216 bytes (148 MB) copied, 4.095436 s, 36.1 MB/s
2026-05-20 03:13:49,008 DEBUG   193986560 bytes (194 MB) copied, 5.118642 s, 37.9 MB/s
2026-05-20 03:13:49,008 DEBUG   235929600 bytes (236 MB) copied, 6.170486 s, 38.2 MB/s
2026-05-20 03:13:49,008 DEBUG   286261248 bytes (286 MB) copied, 7.200618 s, 39.8 MB/s
2026-05-20 03:13:49,008 DEBUG   351272960 bytes (351 MB) copied, 8.209947 s, 42.8 MB/s
2026-05-20 03:13:49,008 DEBUG   413138944 bytes (413 MB) copied, 9.266533 s, 44.6 MB/s
2026-05-20 03:13:49,008 DEBUG   463470592 bytes (463 MB) copied, 10.266771 s, 45.1 MB/s
2026-05-20 03:13:49,008 DEBUG   520093696 bytes (520 MB) copied, 11.286748 s, 46.1 MB/s
2026-05-20 03:13:49,008 DEBUG   500+0 records in
2026-05-20 03:13:49,008 DEBUG   500+0 records out
2026-05-20 03:13:49,008 DEBUG   524288000 bytes (524 MB) copied, 11.3317 s, 46.3 MB/s
2026-05-20 03:13:49,008 DEBUG   OK (disk op exit 0)
2026-05-20 03:13:49,009 DEBUG [1065/1171] VM 930e019f… (ahv_ins_delete-0-260514-183022) via 10.114.53.12 op=update
2026-05-20 03:13:49,009 DEBUG   remote: bash -lc 'set -e; _bs(){ printf '"'"'BULK_SNAP_T %s %s\n'"'"' "$1" "$(date +%s.%N 2>/dev/null || date +%s)"; }; _bs guest_start; _bs pipeline_start; openssl enc -aes-256-ctr -pass pass:"testing" -nosalt < /dev/zero 2>/dev/null | dd of=/root/dummy_snapshot_data_1.img bs=1M count=500 iflag=fullblock conv=notrunc status=progress; ec=$?; _bs pipeline_done; _bs guest_end; exit $ec'
2026-05-20 03:13:52,178 DEBUG   ssh: connect to host 10.114.113.182 port 22: Connection timed out
2026-05-20 03:13:52,178 ERROR Guest disk op failed ec=255 vm=ahv_ins_delete-0-260518-170130 ip=10.114.113.182 — ssh: connect to host 10.114.113.182 port 22: Connection timed out
2026-05-20 03:13:52,178 WARNING Guest disk op wall 30.3s (vm='ahv_ins_delete-0-260518-170130' ip=10.114.113.182 op=update ec=255) — includes SSH + guest disk command; if still high, check guest disk throughput vs. MiB settings.
2026-05-20 03:13:52,178 DEBUG [21/1171] VM 28d4e1f7… (ahv_ins_delete-0-260518-171547) via 10.114.121.37 op=update
2026-05-20 03:13:52,178 DEBUG   remote: bash -lc 'set -e; _bs(){ printf '"'"'BULK_SNAP_T %s %s\n'"'"' "$1" "$(date +%s.%N 2>/dev/null || date +%s)"; }; _bs guest_start; _bs pipeline_start; openssl enc -aes-256-ctr -pass pass:"testing" -nosalt < /dev/zero 2>/dev/null | dd of=/root/dummy_snapshot_data_1.img bs=1M count=500 iflag=fullblock conv=notrunc status=progress; ec=$?; _bs pipeline_done; _bs guest_end; exit $ec'
2026-05-20 03:13:52,199 DEBUG   ssh: connect to host 10.114.113.179 port 22: Connection timed out
2026-05-20 03:13:52,200 ERROR Guest disk op failed ec=255 vm=ahv_ins_delete-0-260518-170231 ip=10.114.113.179 — ssh: connect to host 10.114.113.179 port 22: Connection timed out
2026-05-20 03:13:52,200 WARNING Guest disk op wall 30.0s (vm='ahv_ins_delete-0-260518-170231' ip=10.114.113.179 op=update ec=255) — includes SSH + guest disk command; if still high, check guest disk throughput vs. MiB settings.
2026-05-20 03:13:52,200 DEBUG [22/1171] VM 5935709a… (ahv_ins_delete-0-260518-171547) via 10.114.113.186 op=update
2026-05-20 03:13:52,200 DEBUG   remote: bash -lc 'set -e; _bs(){ printf '"'"'BULK_SNAP_T %s %s\n'"'"' "$1" "$(date +%s.%N 2>/dev/null || date +%s)"; }; _bs guest_start; _bs pipeline_start; openssl enc -aes-256-ctr -pass pass:"testing" -nosalt < /dev/zero 2>/dev/null | dd of=/root/dummy_snapshot_data_1.img bs=1M count=500 iflag=fullblock conv=notrunc status=progress; ec=$?; _bs pipeline_done; _bs guest_end; exit $ec'
2026-05-20 03:13:52,213 DEBUG   ssh: connect to host 10.114.113.189 port 22: Connection timed out
2026-05-20 03:13:52,213 ERROR Guest disk op failed ec=255 vm=ahv_ins_delete-0-260518-170657 ip=10.114.113.189 — ssh: connect to host 10.114.113.189 port 22: Connection timed out
2026-05-20 03:13:52,213 WARNING Guest disk op wall 30.0s (vm='ahv_ins_delete-0-260518-170657' ip=10.114.113.189 op=update ec=255) — includes SSH + guest disk command; if still high, check guest disk throughput vs. MiB settings.
2026-05-20 03:13:52,214 DEBUG [23/1171] VM 4e772c65… (ahv_ins_delete-0-260518-172053) via 10.114.113.165 op=update
2026-05-20 03:13:52,214 DEBUG   remote: bash -lc 'set -e; _bs(){ printf '"'"'BULK_SNAP_T %s %s\n'"'"' "$1" "$(date +%s.%N 2>/dev/null || date +%s)"; }; _bs guest_start; _bs pipeline_start; openssl enc -aes-256-ctr -pass pass:"testing" -nosalt < /dev/zero 2>/dev/null | dd of=/root/dummy_snapshot_data_1.img bs=1M count=500 iflag=fullblock conv=notrunc status=progress; ec=$?; _bs pipeline_done; _bs guest_end; exit $ec'
2026-05-20 03:13:52,221 DEBUG   ssh: connect to host 10.114.121.60 port 22: Connection timed out
2026-05-20 03:13:52,222 ERROR Guest disk op failed ec=255 vm=ahv_ins_delete-0-260518-170801 ip=10.114.121.60 — ssh: connect to host 10.114.121.60 port 22: Connection timed out
2026-05-20 03:13:52,222 WARNING Guest disk op wall 30.0s (vm='ahv_ins_delete-0-260518-170801' ip=10.114.121.60 op=update ec=255) — includes SSH + guest disk command; if still high, check guest disk throughput vs. MiB settings.
2026-05-20 03:13:52,222 DEBUG [24/1171] VM 21afd9c8… (ahv_ins_delete-0-260518-172126) via 10.114.113.164 op=update
2026-05-20 03:13:52,223 DEBUG   remote: bash -lc 'set -e; _bs(){ printf '"'"'BULK_SNAP_T %s %s\n'"'"' "$1" "$(date +%s.%N 2>/dev/null || date +%s)"; }; _bs guest_start; _bs pipeline_start; openssl enc -aes-256-ctr -pass pass:"testing" -nosalt < /dev/zero 2>/dev/null | dd of=/root/dummy_snapshot_data_1.img bs=1M count=500 iflag=fullblock conv=notrunc status=progress; ec=$?; _bs pipeline_done; _bs guest_end; exit $ec'
2026-05-20 03:13:52,435 DEBUG   ssh: connect to host 10.114.121.49 port 22: Connection timed out
2026-05-20 03:13:52,436 ERROR Guest disk op failed ec=255 vm=ahv_ins_delete-0-260518-170232 ip=10.114.121.49 — ssh: connect to host 10.114.121.49 port 22: Connection timed out
2026-05-20 03:13:52,436 WARNING Guest disk op wall 30.3s (vm='ahv_ins_delete-0-260518-170232' ip=10.114.121.49 op=update ec=255) — includes SSH + guest disk command; if still high, check guest disk throughput vs. MiB settings.
2026-05-20 03:13:52,436 DEBUG [25/1171] VM 42538108… (ahv_ins_delete-0-260518-172127) via 10.114.113.167 op=update
2026-05-20 03:13:52,437 DEBUG   remote: bash -lc 'set -e; _bs(){ printf '"'"'BULK_SNAP_T %s %s\n'"'"' "$1" "$(date +%s.%N 2>/dev/null || date +%s)"; }; _bs guest_start; _bs pipeline_start; openssl enc -aes-256-ctr -pass pass:"testing" -nosalt < /dev/zero 2>/dev/null | dd of=/root/dummy_snapshot_data_1.img bs=1M count=500 iflag=fullblock conv=notrunc status=progress; ec=$?; _bs pipeline_done; _bs guest_end; exit $ec'
2026-05-20 03:13:52,455 DEBUG   ssh: connect to host 10.114.113.186 port 22: Connection reset by peer
2026-05-20 03:13:52,455 ERROR Guest disk op failed ec=255 vm=ahv_ins_delete-0-260518-171547 ip=10.114.113.186 — ssh: connect to host 10.114.113.186 port 22: Connection reset by peer
2026-05-20 03:13:52,456 DEBUG [26/1171] VM e3331d1d… (ahv_ins_delete-0-260518-172129) via 10.114.124.255 op=update
2026-05-20 03:13:52,456 DEBUG   remote: bash -lc 'set -e; _bs(){ printf '"'"'BULK_SNAP_T %s %s\n'"'"' "$1" "$(date +%s.%N 2>/dev/null || date +%s)"; }; _bs guest_start; _bs pipeline_start; openssl enc -aes-256-ctr -pass pass:"testing" -nosalt < /dev/zero 2>/dev/null | dd of=/root/dummy_snapshot_data_1.img bs=1M count=500 iflag=fullblock conv=notrunc status=progress; ec=$?; _bs pipeline_done; _bs guest_end; exit $ec'
2026-05-20 03:13:52,460 DEBUG   ssh: connect to host 10.114.113.178 port 22: Connection timed out
2026-05-20 03:13:52,460 ERROR Guest disk op failed ec=255 vm=ahv_ins_delete-0-260518-170704 ip=10.114.113.178 — ssh: connect to host 10.114.113.178 port 22: Connection timed out
2026-05-20 03:13:52,460 WARNING Guest disk op wall 30.3s (vm='ahv_ins_delete-0-260518-170704' ip=10.114.113.178 op=update ec=255) — includes SSH + guest disk command; if still high, check guest disk throughput vs. MiB settings.
2026-05-20 03:13:52,461 DEBUG [27/1171] VM ad10409a… (ahv_ins_delete-0-260518-172130) via 10.114.121.35 op=update
2026-05-20 03:13:52,461 DEBUG   remote: bash -lc 'set -e; _bs(){ printf '"'"'BULK_SNAP_T %s %s\n'"'"' "$1" "$(date +%s.%N 2>/dev/null || date +%s)"; }; _bs guest_start; _bs pipeline_start; openssl enc -aes-256-ctr -pass pass:"testing" -nosalt < /dev/zero 2>/dev/null | dd of=/root/dummy_snapshot_data_1.img bs=1M count=500 iflag=fullblock conv=notrunc status=progress; ec=$?; _bs pipeline_done; _bs guest_end; exit $ec'
2026-05-20 03:13:52,466 DEBUG   ssh: connect to host 10.114.121.56 port 22: Connection timed out
2026-05-20 03:13:52,466 ERROR Guest disk op failed ec=255 vm=ahv_ins_delete-0-260518-171533 ip=10.114.121.56 — ssh: connect to host 10.114.121.56 port 22: Connection timed out
2026-05-20 03:13:52,466 WARNING Guest disk op wall 30.3s (vm='ahv_ins_delete-0-260518-171533' ip=10.114.121.56 op=update ec=255) — includes SSH + guest disk command; if still high, check guest disk throughput vs. MiB settings.
2026-05-20 03:13:52,467 DEBUG [28/1171] VM 6c075a1f… (ahv_ins_delete-0-260518-172612) via 10.114.121.34 op=update
2026-05-20 03:13:52,467 DEBUG   remote: bash -lc 'set -e; _bs(){ printf '"'"'BULK_SNAP_T %s %s\n'"'"' "$1" "$(date +%s.%N 2>/dev/null || date +%s)"; }; _bs guest_start; _bs pipeline_start; openssl enc -aes-256-ctr -pass pass:"testing" -nosalt < /dev/zero 2>/dev/null | dd of=/root/dummy_snapshot_data_1.img bs=1M count=500 iflag=fullblock conv=notrunc status=progress; ec=$?; _bs pipeline_done; _bs guest_end; exit $ec'
2026-05-20 03:13:52,470 DEBUG   ssh: connect to host 10.114.113.188 port 22: Connection timed out
2026-05-20 03:13:52,470 ERROR Guest disk op failed ec=255 vm=ahv_ins_delete-0-260518-170802 ip=10.114.113.188 — ssh: connect to host 10.114.113.188 port 22: Connection timed out
2026-05-20 03:13:52,471 WARNING Guest disk op wall 30.3s (vm='ahv_ins_delete-0-260518-170802' ip=10.114.113.188 op=update ec=255) — includes SSH + guest disk command; if still high, check guest disk throughput vs. MiB settings.
2026-05-20 03:13:52,471 DEBUG [29/1171] VM b6b976cc… (ahv_ins_delete-0-260518-172641) via 10.114.113.161 op=update
2026-05-20 03:13:52,471 DEBUG   remote: bash -lc 'set -e; _bs(){ printf '"'"'BULK_SNAP_T %s %s\n'"'"' "$1" "$(date +%s.%N 2>/dev/null || date +%s)"; }; _bs guest_start; _bs pipeline_start; openssl enc -aes-256-ctr -pass pass:"testing" -nosalt < /dev/zero 2>/dev/null | dd of=/root/dummy_snapshot_data_1.img bs=1M count=500 iflag=fullblock conv=notrunc status=progress; ec=$?; _bs pipeline_done; _bs guest_end; exit $ec'
2026-05-20 03:13:52,472 DEBUG   ssh: connect to host 10.114.113.190 port 22: Connection timed out
2026-05-20 03:13:52,472 ERROR Guest disk op failed ec=255 vm=ahv_ins_delete-0-260518-171538 ip=10.114.113.190 — ssh: connect to host 10.114.113.190 port 22: Connection timed out
2026-05-20 03:13:52,474 WARNING Guest disk op wall 30.3s (vm='ahv_ins_delete-0-260518-171538' ip=10.114.113.190 op=update ec=255) — includes SSH + guest disk command; if still high, check guest disk throughput vs. MiB settings.
2026-05-20 03:13:52,476 DEBUG [30/1171] VM 7ad74eb3… (ahv_ins_delete-0-260518-172646) via 10.114.121.44 op=update
2026-05-20 03:13:52,476 DEBUG   remote: bash -lc 'set -e; _bs(){ printf '"'"'BULK_SNAP_T %s %s\n'"'"' "$1" "$(date +%s.%N 2>/dev/null || date +%s)"; }; _bs guest_start; _bs pipeline_start; openssl enc -aes-256-ctr -pass pass:"testing" -nosalt < /dev/zero 2>/dev/null | dd of=/root/dummy_snapshot_data_1.img bs=1M count=500 iflag=fullblock conv=notrunc status=progress; ec=$?; _bs pipeline_done; _bs guest_end; exit $ec'
2026-05-20 03:13:52,479 DEBUG   ssh: connect to host 10.114.113.185 port 22: Connection timed out
2026-05-20 03:13:52,480 ERROR Guest disk op failed ec=255 vm=ahv_ins_delete-0-260518-171543 ip=10.114.113.185 — ssh: connect to host 10.114.113.185 port 22: Connection timed out
2026-05-20 03:13:52,480 WARNING Guest disk op wall 30.3s (vm='ahv_ins_delete-0-260518-171543' ip=10.114.113.185 op=update ec=255) — includes SSH + guest disk command; if still high, check guest disk throughput vs. MiB settings.
2026-05-20 03:13:52,480 DEBUG [31/1171] VM e84b092d… (ahv_ins_delete-0-260518-172705) via 10.114.121.47 op=update
2026-05-20 03:13:52,480 DEBUG   remote: bash -lc 'set -e; _bs(){ printf '"'"'BULK_SNAP_T %s %s\n'"'"' "$1" "$(date +%s.%N 2>/dev/null || date +%s)"; }; _bs guest_start; _bs pipeline_start; openssl enc -aes-256-ctr -pass pass:"testing" -nosalt < /dev/zero 2>/dev/null | dd of=/root/dummy_snapshot_data_1.img bs=1M count=500 iflag=fullblock conv=notrunc status=progress; ec=$?; _bs pipeline_done; _bs guest_end; exit $ec'
2026-05-20 03:13:52,690 DEBUG   ssh: connect to host 10.114.113.167 port 22: Connection reset by peer
2026-05-20 03:13:52,691 ERROR Guest disk op failed ec=255 vm=ahv_ins_delete-0-260518-172127 ip=10.114.113.167 — ssh: connect to host 10.114.113.167 port 22: Connection reset by peer
2026-05-20 03:13:52,691 DEBUG [32/1171] VM c4bec041… (ahv_ins_delete-0-260518-172720) via 10.114.113.163 op=update
2026-05-20 03:13:52,692 DEBUG   remote: bash -lc 'set -e; _bs(){ printf '"'"'BULK_SNAP_T %s %s\n'"'"' "$1" "$(date +%s.%N 2>/dev/null || date +%s)"; }; _bs guest_start; _bs pipeline_start; openssl enc -aes-256-ctr -pass pass:"testing" -nosalt < /dev/zero 2>/dev/null | dd of=/root/dummy_snapshot_data_1.img bs=1M count=500 iflag=fullblock conv=notrunc status=progress; ec=$?; _bs pipeline_done; _bs guest_end; exit $ec'
2026-05-20 03:13:54,772 DEBUG   BULK_SNAP_T guest_start 1779214418.263664376
2026-05-20 03:13:54,772 DEBUG   BULK_SNAP_T pipeline_start 1779214418.269137212
2026-05-20 03:13:54,772 DEBUG   BULK_SNAP_T pipeline_done 1779214431.010674095
2026-05-20 03:13:54,772 DEBUG   BULK_SNAP_T guest_end 1779214431.026532879
2026-05-20 03:13:54,772 DEBUG   
2026-05-20 03:13:54,772 DEBUG   18874368 bytes (19 MB) copied, 1.016789 s, 18.6 MB/s
2026-05-20 03:13:54,772 DEBUG   57671680 bytes (58 MB) copied, 2.017202 s, 28.6 MB/s
2026-05-20 03:13:54,772 DEBUG   102760448 bytes (103 MB) copied, 3.023775 s, 34.0 MB/s
2026-05-20 03:13:54,773 DEBUG   147849216 bytes (148 MB) copied, 4.058942 s, 36.4 MB/s
2026-05-20 03:13:54,773 DEBUG   192937984 bytes (193 MB) copied, 5.074837 s, 38.0 MB/s
2026-05-20 03:13:54,773 DEBUG   234881024 bytes (235 MB) copied, 6.096155 s, 38.5 MB/s
2026-05-20 03:13:54,773 DEBUG   282066944 bytes (282 MB) copied, 7.098179 s, 39.7 MB/s
2026-05-20 03:13:54,773 DEBUG   329252864 bytes (329 MB) copied, 8.113751 s, 40.6 MB/s
2026-05-20 03:13:54,773 DEBUG   379584512 bytes (380 MB) copied, 9.142747 s, 41.5 MB/s
2026-05-20 03:13:54,773 DEBUG   425721856 bytes (426 MB) copied, 10.160829 s, 41.9 MB/s
2026-05-20 03:13:54,773 DEBUG   462422016 bytes (462 MB) copied, 11.178369 s, 41.4 MB/s
2026-05-20 03:13:54,773 DEBUG   508559360 bytes (509 MB) copied, 12.195077 s, 41.7 MB/s
2026-05-20 03:13:54,773 DEBUG   500+0 records in
2026-05-20 03:13:54,773 DEBUG   500+0 records out
2026-05-20 03:13:54,773 DEBUG   524288000 bytes (524 MB) copied, 12.5803 s, 41.7 MB/s
2026-05-20 03:13:54,773 DEBUG   OK (disk op exit 0)
2026-05-20 03:13:54,774 DEBUG [1066/1171] VM 9e43f08c… (ahv_ins_delete-0-260514-183039) via 10.114.48.164 op=update
2026-05-20 03:13:54,774 DEBUG   remote: bash -lc 'set -e; _bs(){ printf '"'"'BULK_SNAP_T %s %s\n'"'"' "$1" "$(date +%s.%N 2>/dev/null || date +%s)"; }; _bs guest_start; _bs pipeline_start; openssl enc -aes-256-ctr -pass pass:"testing" -nosalt < /dev/zero 2>/dev/null | dd of=/root/dummy_snapshot_data_1.img bs=1M count=500 iflag=fullblock conv=notrunc status=progress; ec=$?; _bs pipeline_done; _bs guest_end; exit $ec'
2026-05-20 03:13:55,010 DEBUG   BULK_SNAP_T guest_start 1779214415.987310880
2026-05-20 03:13:55,010 DEBUG   BULK_SNAP_T pipeline_start 1779214415.994977778
2026-05-20 03:13:55,010 DEBUG   BULK_SNAP_T pipeline_done 1779214430.976471234
2026-05-20 03:13:55,010 DEBUG   BULK_SNAP_T guest_end 1779214431.000461968
2026-05-20 03:13:55,010 DEBUG   
2026-05-20 03:13:55,010 DEBUG   23068672 bytes (23 MB) copied, 1.002539 s, 23.0 MB/s
2026-05-20 03:13:55,010 DEBUG   61865984 bytes (62 MB) copied, 2.019344 s, 30.6 MB/s
2026-05-20 03:13:55,010 DEBUG   93323264 bytes (93 MB) copied, 3.041889 s, 30.7 MB/s
2026-05-20 03:13:55,010 DEBUG   127926272 bytes (128 MB) copied, 4.054470 s, 31.6 MB/s
2026-05-20 03:13:55,010 DEBUG   161480704 bytes (161 MB) copied, 5.058763 s, 31.9 MB/s
2026-05-20 03:13:55,010 DEBUG   209715200 bytes (210 MB) copied, 6.065540 s, 34.6 MB/s
2026-05-20 03:13:55,010 DEBUG   249561088 bytes (250 MB) copied, 7.073512 s, 35.3 MB/s
2026-05-20 03:13:55,010 DEBUG   283115520 bytes (283 MB) copied, 8.115534 s, 34.9 MB/s
2026-05-20 03:13:55,010 DEBUG   322961408 bytes (323 MB) copied, 9.119593 s, 35.4 MB/s
2026-05-20 03:13:55,010 DEBUG   373293056 bytes (373 MB) copied, 10.149582 s, 36.8 MB/s
2026-05-20 03:13:55,010 DEBUG   419430400 bytes (419 MB) copied, 11.172494 s, 37.5 MB/s
2026-05-20 03:13:55,010 DEBUG   452984832 bytes (453 MB) copied, 12.193523 s, 37.1 MB/s
2026-05-20 03:13:55,010 DEBUG   490733568 bytes (491 MB) copied, 13.221528 s, 37.1 MB/s
2026-05-20 03:13:55,010 DEBUG   500+0 records in
2026-05-20 03:13:55,010 DEBUG   500+0 records out
2026-05-20 03:13:55,010 DEBUG   524288000 bytes (524 MB) copied, 13.9819 s, 37.5 MB/s
2026-05-20 03:13:55,010 DEBUG   OK (disk op exit 0)
2026-05-20 03:13:55,011 DEBUG [1067/1171] VM dd18d61f… (ahv_ins_delete-0-260514-183102) via 10.114.51.38 op=update
2026-05-20 03:13:55,011 DEBUG   remote: bash -lc 'set -e; _bs(){ printf '"'"'BULK_SNAP_T %s %s\n'"'"' "$1" "$(date +%s.%N 2>/dev/null || date +%s)"; }; _bs guest_start; _bs pipeline_start; openssl enc -aes-256-ctr -pass pass:"testing" -nosalt < /dev/zero 2>/dev/null | dd of=/root/dummy_snapshot_data_1.img bs=1M count=500 iflag=fullblock conv=notrunc status=progress; ec=$?; _bs pipeline_done; _bs guest_end; exit $ec'
2026-05-20 03:13:56,478 DEBUG   BULK_SNAP_T guest_start 1779214422.649175150
2026-05-20 03:13:56,478 DEBUG   BULK_SNAP_T pipeline_start 1779214422.653910086
2026-05-20 03:13:56,478 DEBUG   BULK_SNAP_T pipeline_done 1779214433.225676590
2026-05-20 03:13:56,478 DEBUG   BULK_SNAP_T guest_end 1779214433.227731261
2026-05-20 03:13:56,478 DEBUG   
2026-05-20 03:13:56,478 DEBUG   36700160 bytes (37 MB) copied, 1.004319 s, 36.5 MB/s
2026-05-20 03:13:56,478 DEBUG   83886080 bytes (84 MB) copied, 2.014574 s, 41.6 MB/s
2026-05-20 03:13:56,478 DEBUG   137363456 bytes (137 MB) copied, 3.033423 s, 45.3 MB/s
2026-05-20 03:13:56,478 DEBUG   186646528 bytes (187 MB) copied, 4.038752 s, 46.2 MB/s
2026-05-20 03:13:56,479 DEBUG   243269632 bytes (243 MB) copied, 5.039736 s, 48.3 MB/s
2026-05-20 03:13:56,479 DEBUG   295698432 bytes (296 MB) copied, 6.066457 s, 48.7 MB/s
2026-05-20 03:13:56,479 DEBUG   346030080 bytes (346 MB) copied, 7.082730 s, 48.9 MB/s
2026-05-20 03:13:56,479 DEBUG   397410304 bytes (397 MB) copied, 8.096495 s, 49.1 MB/s
2026-05-20 03:13:56,479 DEBUG   447741952 bytes (448 MB) copied, 9.115621 s, 49.1 MB/s
2026-05-20 03:13:56,479 DEBUG   504365056 bytes (504 MB) copied, 10.117623 s, 49.9 MB/s
2026-05-20 03:13:56,479 DEBUG   500+0 records in
2026-05-20 03:13:56,479 DEBUG   500+0 records out
2026-05-20 03:13:56,479 DEBUG   524288000 bytes (524 MB) copied, 10.4339 s, 50.2 MB/s
2026-05-20 03:13:56,479 DEBUG   OK (disk op exit 0)
2026-05-20 03:13:56,479 DEBUG [1068/1171] VM b04d49d5… (ahv_ins_delete-0-260514-183534) via 10.114.50.246 op=update
2026-05-20 03:13:56,480 DEBUG   remote: bash -lc 'set -e; _bs(){ printf '"'"'BULK_SNAP_T %s %s\n'"'"' "$1" "$(date +%s.%N 2>/dev/null || date +%s)"; }; _bs guest_start; _bs pipeline_start; openssl enc -aes-256-ctr -pass pass:"testing" -nosalt < /dev/zero 2>/dev/null | dd of=/root/dummy_snapshot_data_1.img bs=1M count=500 iflag=fullblock conv=notrunc status=progress; ec=$?; _bs pipeline_done; _bs guest_end; exit $ec'
2026-05-20 03:13:56,510 DEBUG   BULK_SNAP_T guest_start 1779214422.163872488
2026-05-20 03:13:56,510 DEBUG   BULK_SNAP_T pipeline_start 1779214422.175733868
2026-05-20 03:13:56,510 DEBUG   BULK_SNAP_T pipeline_done 1779214432.881364527
2026-05-20 03:13:56,511 DEBUG   BULK_SNAP_T guest_end 1779214432.883516240
2026-05-20 03:13:56,511 DEBUG   
2026-05-20 03:13:56,511 DEBUG   46137344 bytes (46 MB) copied, 1.036870 s, 44.5 MB/s
2026-05-20 03:13:56,511 DEBUG   90177536 bytes (90 MB) copied, 2.062879 s, 43.7 MB/s
2026-05-20 03:13:56,511 DEBUG   138412032 bytes (138 MB) copied, 3.124711 s, 44.3 MB/s
2026-05-20 03:13:56,511 DEBUG   190840832 bytes (191 MB) copied, 4.135982 s, 46.1 MB/s
2026-05-20 03:13:56,511 DEBUG   245366784 bytes (245 MB) copied, 5.178097 s, 47.4 MB/s
2026-05-20 03:13:56,511 DEBUG   289406976 bytes (289 MB) copied, 6.204048 s, 46.6 MB/s
2026-05-20 03:13:56,511 DEBUG   346030080 bytes (346 MB) copied, 7.232771 s, 47.8 MB/s
2026-05-20 03:13:56,511 DEBUG   399507456 bytes (400 MB) copied, 8.247188 s, 48.4 MB/s
2026-05-20 03:13:56,511 DEBUG   448790528 bytes (449 MB) copied, 9.256710 s, 48.5 MB/s
2026-05-20 03:13:56,511 DEBUG   505413632 bytes (505 MB) copied, 10.304058 s, 49.0 MB/s
2026-05-20 03:13:56,511 DEBUG   500+0 records in
2026-05-20 03:13:56,511 DEBUG   500+0 records out
2026-05-20 03:13:56,511 DEBUG   524288000 bytes (524 MB) copied, 10.5844 s, 49.5 MB/s
2026-05-20 03:13:56,511 DEBUG   OK (disk op exit 0)
2026-05-20 03:13:56,512 DEBUG [1069/1171] VM a2956722… (ahv_ins_delete-0-260514-183539) via 10.114.53.62 op=update
2026-05-20 03:13:56,512 DEBUG   remote: bash -lc 'set -e; _bs(){ printf '"'"'BULK_SNAP_T %s %s\n'"'"' "$1" "$(date +%s.%N 2>/dev/null || date +%s)"; }; _bs guest_start; _bs pipeline_start; openssl enc -aes-256-ctr -pass pass:"testing" -nosalt < /dev/zero 2>/dev/null | dd of=/root/dummy_snapshot_data_1.img bs=1M count=500 iflag=fullblock conv=notrunc status=progress; ec=$?; _bs pipeline_done; _bs guest_end; exit $ec'
2026-05-20 03:13:58,022 DEBUG   BULK_SNAP_T guest_start 1779214421.810415400
2026-05-20 03:13:58,022 DEBUG   BULK_SNAP_T pipeline_start 1779214421.815062902
2026-05-20 03:13:58,022 DEBUG   BULK_SNAP_T pipeline_done 1779214433.927070785
2026-05-20 03:13:58,022 DEBUG   BULK_SNAP_T guest_end 1779214433.933521053
2026-05-20 03:13:58,022 DEBUG   
2026-05-20 03:13:58,022 DEBUG   33554432 bytes (34 MB) copied, 1.020411 s, 32.9 MB/s
2026-05-20 03:13:58,022 DEBUG   72351744 bytes (72 MB) copied, 2.035505 s, 35.5 MB/s
2026-05-20 03:13:58,022 DEBUG   112197632 bytes (112 MB) copied, 3.043475 s, 36.9 MB/s
2026-05-20 03:13:58,022 DEBUG   150994944 bytes (151 MB) copied, 4.045050 s, 37.3 MB/s
2026-05-20 03:13:58,022 DEBUG   206569472 bytes (207 MB) copied, 5.095622 s, 40.5 MB/s
2026-05-20 03:13:58,022 DEBUG   252706816 bytes (253 MB) copied, 6.099050 s, 41.4 MB/s
2026-05-20 03:13:58,022 DEBUG   293601280 bytes (294 MB) copied, 7.117440 s, 41.3 MB/s
2026-05-20 03:13:58,022 DEBUG   340787200 bytes (341 MB) copied, 8.150242 s, 41.8 MB/s
2026-05-20 03:13:58,022 DEBUG   382730240 bytes (383 MB) copied, 9.167617 s, 41.7 MB/s
2026-05-20 03:13:58,022 DEBUG   434110464 bytes (434 MB) copied, 10.208444 s, 42.5 MB/s
2026-05-20 03:13:58,022 DEBUG   485490688 bytes (485 MB) copied, 11.218581 s, 43.3 MB/s
2026-05-20 03:13:58,022 DEBUG   500+0 records in
2026-05-20 03:13:58,022 DEBUG   500+0 records out
2026-05-20 03:13:58,022 DEBUG   524288000 bytes (524 MB) copied, 12.0118 s, 43.6 MB/s
2026-05-20 03:13:58,022 DEBUG   OK (disk op exit 0)
2026-05-20 03:13:58,023 DEBUG [1070/1171] VM a9fba56a… (ahv_ins_delete-0-260514-183544) via 10.114.49.170 op=update
2026-05-20 03:13:58,023 DEBUG   remote: bash -lc 'set -e; _bs(){ printf '"'"'BULK_SNAP_T %s %s\n'"'"' "$1" "$(date +%s.%N 2>/dev/null || date +%s)"; }; _bs guest_start; _bs pipeline_start; openssl enc -aes-256-ctr -pass pass:"testing" -nosalt < /dev/zero 2>/dev/null | dd of=/root/dummy_snapshot_data_1.img bs=1M count=500 iflag=fullblock conv=notrunc status=progress; ec=$?; _bs pipeline_done; _bs guest_end; exit $ec'
2026-05-20 03:13:58,997 DEBUG   BULK_SNAP_T guest_start 1779214422.237178218
2026-05-20 03:13:58,998 DEBUG   BULK_SNAP_T pipeline_start 1779214422.247859670
2026-05-20 03:13:58,998 DEBUG   BULK_SNAP_T pipeline_done 1779214435.145540922
2026-05-20 03:13:58,998 DEBUG   BULK_SNAP_T guest_end 1779214435.154341689
2026-05-20 03:13:58,998 DEBUG   
2026-05-20 03:13:58,998 DEBUG   29360128 bytes (29 MB) copied, 1.019846 s, 28.8 MB/s
2026-05-20 03:13:58,998 DEBUG   63963136 bytes (64 MB) copied, 2.043561 s, 31.3 MB/s
2026-05-20 03:13:58,998 DEBUG   106954752 bytes (107 MB) copied, 3.059842 s, 35.0 MB/s
2026-05-20 03:13:58,998 DEBUG   146800640 bytes (147 MB) copied, 4.085171 s, 35.9 MB/s
2026-05-20 03:13:58,998 DEBUG   188743680 bytes (189 MB) copied, 5.131315 s, 36.8 MB/s
2026-05-20 03:13:58,998 DEBUG   225443840 bytes (225 MB) copied, 6.136382 s, 36.7 MB/s
2026-05-20 03:13:58,998 DEBUG   264241152 bytes (264 MB) copied, 7.166305 s, 36.9 MB/s
2026-05-20 03:13:58,998 DEBUG   298844160 bytes (299 MB) copied, 8.178198 s, 36.5 MB/s
2026-05-20 03:13:58,998 DEBUG   342884352 bytes (343 MB) copied, 9.196267 s, 37.3 MB/s
2026-05-20 03:13:58,998 DEBUG   387973120 bytes (388 MB) copied, 10.230819 s, 37.9 MB/s
2026-05-20 03:13:58,998 DEBUG   440401920 bytes (440 MB) copied, 11.237779 s, 39.2 MB/s
2026-05-20 03:13:58,998 DEBUG   494927872 bytes (495 MB) copied, 12.253428 s, 40.4 MB/s
2026-05-20 03:13:58,998 DEBUG   500+0 records in
2026-05-20 03:13:58,998 DEBUG   500+0 records out
2026-05-20 03:13:58,998 DEBUG   524288000 bytes (524 MB) copied, 12.7934 s, 41.0 MB/s
2026-05-20 03:13:58,998 DEBUG   OK (disk op exit 0)
2026-05-20 03:13:58,999 DEBUG [1071/1171] VM 40c6b345… (ahv_ins_delete-0-260514-183549) via 10.114.51.48 op=update
2026-05-20 03:13:58,999 DEBUG   remote: bash -lc 'set -e; _bs(){ printf '"'"'BULK_SNAP_T %s %s\n'"'"' "$1" "$(date +%s.%N 2>/dev/null || date +%s)"; }; _bs guest_start; _bs pipeline_start; openssl enc -aes-256-ctr -pass pass:"testing" -nosalt < /dev/zero 2>/dev/null | dd of=/root/dummy_snapshot_data_1.img bs=1M count=500 iflag=fullblock conv=notrunc status=progress; ec=$?; _bs pipeline_done; _bs guest_end; exit $ec'
2026-05-20 03:14:00,254 DEBUG   BULK_SNAP_T guest_start 1779214426.601949022
2026-05-20 03:14:00,255 DEBUG   BULK_SNAP_T pipeline_start 1779214426.603475781
2026-05-20 03:14:00,255 DEBUG   BULK_SNAP_T pipeline_done 1779214436.970335310
2026-05-20 03:14:00,255 DEBUG   BULK_SNAP_T guest_end 1779214436.971903343
2026-05-20 03:14:00,255 DEBUG   
2026-05-20 03:14:00,255 DEBUG   48234496 bytes (48 MB) copied, 1.054581 s, 45.7 MB/s
2026-05-20 03:14:00,255 DEBUG   97517568 bytes (98 MB) copied, 2.073605 s, 47.0 MB/s
2026-05-20 03:14:00,255 DEBUG   143654912 bytes (144 MB) copied, 3.138347 s, 45.8 MB/s
2026-05-20 03:14:00,255 DEBUG   168820736 bytes (169 MB) copied, 4.164392 s, 40.5 MB/s
2026-05-20 03:14:00,255 DEBUG   218103808 bytes (218 MB) copied, 5.192584 s, 42.0 MB/s
2026-05-20 03:14:00,255 DEBUG   277872640 bytes (278 MB) copied, 6.193152 s, 44.9 MB/s
2026-05-20 03:14:00,255 DEBUG   348127232 bytes (348 MB) copied, 7.204639 s, 48.3 MB/s
2026-05-20 03:14:00,255 DEBUG   408944640 bytes (409 MB) copied, 8.231639 s, 49.7 MB/s
2026-05-20 03:14:00,255 DEBUG   467664896 bytes (468 MB) copied, 9.274673 s, 50.4 MB/s
2026-05-20 03:14:00,255 DEBUG   524288000 bytes (524 MB) copied, 10.275588 s, 51.0 MB/s
2026-05-20 03:14:00,255 DEBUG   500+0 records in
2026-05-20 03:14:00,255 DEBUG   500+0 records out
2026-05-20 03:14:00,255 DEBUG   524288000 bytes (524 MB) copied, 10.2757 s, 51.0 MB/s
2026-05-20 03:14:00,255 DEBUG   OK (disk op exit 0)
2026-05-20 03:14:00,255 DEBUG [1072/1171] VM 1d2a9b9b… (ahv_ins_delete-0-260514-183555) via 10.114.48.182 op=update
2026-05-20 03:14:00,256 DEBUG   remote: bash -lc 'set -e; _bs(){ printf '"'"'BULK_SNAP_T %s %s\n'"'"' "$1" "$(date +%s.%N 2>/dev/null || date +%s)"; }; _bs guest_start; _bs pipeline_start; openssl enc -aes-256-ctr -pass pass:"testing" -nosalt < /dev/zero 2>/dev/null | dd of=/root/dummy_snapshot_data_1.img bs=1M count=500 iflag=fullblock conv=notrunc status=progress; ec=$?; _bs pipeline_done; _bs guest_end; exit $ec'
2026-05-20 03:14:00,782 DEBUG   BULK_SNAP_T guest_start 1779214425.435518510
2026-05-20 03:14:00,782 DEBUG   BULK_SNAP_T pipeline_start 1779214425.448131883
2026-05-20 03:14:00,782 DEBUG   BULK_SNAP_T pipeline_done 1779214437.812542980
2026-05-20 03:14:00,782 DEBUG   BULK_SNAP_T guest_end 1779214437.815940607
2026-05-20 03:14:00,782 DEBUG   
2026-05-20 03:14:00,782 DEBUG   38797312 bytes (39 MB) copied, 1.020556 s, 38.0 MB/s
2026-05-20 03:14:00,782 DEBUG   83886080 bytes (84 MB) copied, 2.041559 s, 41.1 MB/s
2026-05-20 03:14:00,782 DEBUG   118489088 bytes (118 MB) copied, 3.060660 s, 38.7 MB/s
2026-05-20 03:14:00,782 DEBUG   154140672 bytes (154 MB) copied, 4.083282 s, 37.7 MB/s
2026-05-20 03:14:00,782 DEBUG   191889408 bytes (192 MB) copied, 5.096231 s, 37.7 MB/s
2026-05-20 03:14:00,782 DEBUG   231735296 bytes (232 MB) copied, 6.127373 s, 37.8 MB/s
2026-05-20 03:14:00,783 DEBUG   275775488 bytes (276 MB) copied, 7.130163 s, 38.7 MB/s
2026-05-20 03:14:00,783 DEBUG   320864256 bytes (321 MB) copied, 8.136898 s, 39.4 MB/s
2026-05-20 03:14:00,783 DEBUG   371195904 bytes (371 MB) copied, 9.142540 s, 40.6 MB/s
2026-05-20 03:14:00,783 DEBUG   426770432 bytes (427 MB) copied, 10.183300 s, 41.9 MB/s
2026-05-20 03:14:00,783 DEBUG   472907776 bytes (473 MB) copied, 11.224293 s, 42.1 MB/s
2026-05-20 03:14:00,783 DEBUG   523239424 bytes (523 MB) copied, 12.234296 s, 42.8 MB/s
2026-05-20 03:14:00,783 DEBUG   500+0 records in
2026-05-20 03:14:00,783 DEBUG   500+0 records out
2026-05-20 03:14:00,783 DEBUG   524288000 bytes (524 MB) copied, 12.2538 s, 42.8 MB/s
2026-05-20 03:14:00,783 DEBUG   OK (disk op exit 0)
2026-05-20 03:14:00,783 DEBUG [1073/1171] VM 2a86b61a… (ahv_ins_delete-0-260514-184128) via 10.114.51.75 op=update
2026-05-20 03:14:00,783 DEBUG   remote: bash -lc 'set -e; _bs(){ printf '"'"'BULK_SNAP_T %s %s\n'"'"' "$1" "$(date +%s.%N 2>/dev/null || date +%s)"; }; _bs guest_start; _bs pipeline_start; openssl enc -aes-256-ctr -pass pass:"testing" -nosalt < /dev/zero 2>/dev/null | dd of=/root/dummy_snapshot_data_1.img bs=1M count=500 iflag=fullblock conv=notrunc status=progress; ec=$?; _bs pipeline_done; _bs guest_end; exit $ec'
2026-05-20 03:14:03,487 DEBUG   BULK_SNAP_T guest_start 1779214427.703900287
2026-05-20 03:14:03,487 DEBUG   BULK_SNAP_T pipeline_start 1779214427.712741177
2026-05-20 03:14:03,487 DEBUG   BULK_SNAP_T pipeline_done 1779214440.228135907
2026-05-20 03:14:03,487 DEBUG   BULK_SNAP_T guest_end 1779214440.238220315
2026-05-20 03:14:03,487 DEBUG   
2026-05-20 03:14:03,487 DEBUG   26214400 bytes (26 MB) copied, 1.005438 s, 26.1 MB/s
2026-05-20 03:14:03,487 DEBUG   60817408 bytes (61 MB) copied, 2.012446 s, 30.2 MB/s
2026-05-20 03:14:03,487 DEBUG   98566144 bytes (99 MB) copied, 3.027879 s, 32.6 MB/s
2026-05-20 03:14:03,487 DEBUG   134217728 bytes (134 MB) copied, 4.056935 s, 33.1 MB/s
2026-05-20 03:14:03,487 DEBUG   165675008 bytes (166 MB) copied, 5.084229 s, 32.6 MB/s
2026-05-20 03:14:03,487 DEBUG   220200960 bytes (220 MB) copied, 6.110889 s, 36.0 MB/s
2026-05-20 03:14:03,487 DEBUG   269484032 bytes (269 MB) copied, 7.151922 s, 37.7 MB/s
2026-05-20 03:14:03,487 DEBUG   324009984 bytes (324 MB) copied, 8.161948 s, 39.7 MB/s
2026-05-20 03:14:03,487 DEBUG   370147328 bytes (370 MB) copied, 9.162893 s, 40.4 MB/s
2026-05-20 03:14:03,487 DEBUG   424673280 bytes (425 MB) copied, 10.188916 s, 41.7 MB/s
2026-05-20 03:14:03,487 DEBUG   476053504 bytes (476 MB) copied, 11.198955 s, 42.5 MB/s
2026-05-20 03:14:03,487 DEBUG   519045120 bytes (519 MB) copied, 12.202488 s, 42.5 MB/s
2026-05-20 03:14:03,488 DEBUG   500+0 records in
2026-05-20 03:14:03,488 DEBUG   500+0 records out
2026-05-20 03:14:03,488 DEBUG   524288000 bytes (524 MB) copied, 12.347 s, 42.5 MB/s
2026-05-20 03:14:03,488 DEBUG   OK (disk op exit 0)
2026-05-20 03:14:03,488 DEBUG [1074/1171] VM d551cf71… (ahv_ins_delete-0-260514-184129) via 10.114.48.33 op=update
2026-05-20 03:14:03,488 DEBUG   remote: bash -lc 'set -e; _bs(){ printf '"'"'BULK_SNAP_T %s %s\n'"'"' "$1" "$(date +%s.%N 2>/dev/null || date +%s)"; }; _bs guest_start; _bs pipeline_start; openssl enc -aes-256-ctr -pass pass:"testing" -nosalt < /dev/zero 2>/dev/null | dd of=/root/dummy_snapshot_data_1.img bs=1M count=500 iflag=fullblock conv=notrunc status=progress; ec=$?; _bs pipeline_done; _bs guest_end; exit $ec'
2026-05-20 03:14:05,522 DEBUG   BULK_SNAP_T guest_start 1779214427.010839798
2026-05-20 03:14:05,522 DEBUG   BULK_SNAP_T pipeline_start 1779214427.015208521
2026-05-20 03:14:05,522 DEBUG   BULK_SNAP_T pipeline_done 1779214441.517834938
2026-05-20 03:14:05,522 DEBUG   BULK_SNAP_T guest_end 1779214441.533680532
2026-05-20 03:14:05,522 DEBUG   
2026-05-20 03:14:05,522 DEBUG   17825792 bytes (18 MB) copied, 1.020240 s, 17.5 MB/s
2026-05-20 03:14:05,522 DEBUG   50331648 bytes (50 MB) copied, 2.037939 s, 24.7 MB/s
2026-05-20 03:14:05,522 DEBUG   78643200 bytes (79 MB) copied, 3.072248 s, 25.6 MB/s
2026-05-20 03:14:05,522 DEBUG   110100480 bytes (110 MB) copied, 4.076291 s, 27.0 MB/s
2026-05-20 03:14:05,522 DEBUG   141557760 bytes (142 MB) copied, 5.080599 s, 27.9 MB/s
2026-05-20 03:14:05,522 DEBUG   182452224 bytes (182 MB) copied, 6.097253 s, 29.9 MB/s
2026-05-20 03:14:05,522 DEBUG   228589568 bytes (229 MB) copied, 7.110379 s, 32.1 MB/s
2026-05-20 03:14:05,522 DEBUG   272629760 bytes (273 MB) copied, 8.123298 s, 33.6 MB/s
2026-05-20 03:14:05,522 DEBUG   312475648 bytes (312 MB) copied, 9.134319 s, 34.2 MB/s
2026-05-20 03:14:05,522 DEBUG   360710144 bytes (361 MB) copied, 10.138348 s, 35.6 MB/s
2026-05-20 03:14:05,522 DEBUG   407896064 bytes (408 MB) copied, 11.167303 s, 36.5 MB/s
2026-05-20 03:14:05,522 DEBUG   447741952 bytes (448 MB) copied, 12.196224 s, 36.7 MB/s
2026-05-20 03:14:05,522 DEBUG   485490688 bytes (485 MB) copied, 13.234243 s, 36.7 MB/s
2026-05-20 03:14:05,523 DEBUG   521142272 bytes (521 MB) copied, 14.243210 s, 36.6 MB/s
2026-05-20 03:14:05,523 DEBUG   500+0 records in
2026-05-20 03:14:05,523 DEBUG   500+0 records out
2026-05-20 03:14:05,523 DEBUG   524288000 bytes (524 MB) copied, 14.2998 s, 36.7 MB/s
2026-05-20 03:14:05,523 DEBUG   OK (disk op exit 0)
2026-05-20 03:14:05,523 DEBUG [1075/1171] VM f1009fe6… (ahv_ins_delete-0-260514-184132) via 10.114.50.190 op=update
2026-05-20 03:14:05,523 DEBUG   remote: bash -lc 'set -e; _bs(){ printf '"'"'BULK_SNAP_T %s %s\n'"'"' "$1" "$(date +%s.%N 2>/dev/null || date +%s)"; }; _bs guest_start; _bs pipeline_start; openssl enc -aes-256-ctr -pass pass:"testing" -nosalt < /dev/zero 2>/dev/null | dd of=/root/dummy_snapshot_data_1.img bs=1M count=500 iflag=fullblock conv=notrunc status=progress; ec=$?; _bs pipeline_done; _bs guest_end; exit $ec'
2026-05-20 03:14:09,270 DEBUG   BULK_SNAP_T guest_start 1779214433.646650699
2026-05-20 03:14:09,271 DEBUG   BULK_SNAP_T pipeline_start 1779214433.656918183
2026-05-20 03:14:09,271 DEBUG   BULK_SNAP_T pipeline_done 1779214445.900562422
2026-05-20 03:14:09,271 DEBUG   BULK_SNAP_T guest_end 1779214445.910586098
2026-05-20 03:14:09,271 DEBUG   
2026-05-20 03:14:09,271 DEBUG   38797312 bytes (39 MB) copied, 1.005580 s, 38.6 MB/s
2026-05-20 03:14:09,271 DEBUG   90177536 bytes (90 MB) copied, 2.011464 s, 44.8 MB/s
2026-05-20 03:14:09,271 DEBUG   136314880 bytes (136 MB) copied, 3.022399 s, 45.1 MB/s
2026-05-20 03:14:09,271 DEBUG   180355072 bytes (180 MB) copied, 4.025132 s, 44.8 MB/s
2026-05-20 03:14:09,271 DEBUG   233832448 bytes (234 MB) copied, 5.031877 s, 46.5 MB/s
2026-05-20 03:14:09,271 DEBUG   278921216 bytes (279 MB) copied, 6.086697 s, 45.8 MB/s
2026-05-20 03:14:09,271 DEBUG   320864256 bytes (321 MB) copied, 7.089429 s, 45.3 MB/s
2026-05-20 03:14:09,271 DEBUG   359661568 bytes (360 MB) copied, 8.099148 s, 44.4 MB/s
2026-05-20 03:14:09,271 DEBUG   401604608 bytes (402 MB) copied, 9.110720 s, 44.1 MB/s
2026-05-20 03:14:09,271 DEBUG   445644800 bytes (446 MB) copied, 10.115542 s, 44.1 MB/s
2026-05-20 03:14:09,271 DEBUG   484442112 bytes (484 MB) copied, 11.131253 s, 43.5 MB/s
2026-05-20 03:14:09,271 DEBUG   500+0 records in
2026-05-20 03:14:09,271 DEBUG   500+0 records out
2026-05-20 03:14:09,271 DEBUG   524288000 bytes (524 MB) copied, 12.1093 s, 43.3 MB/s
2026-05-20 03:14:09,271 DEBUG   OK (disk op exit 0)
2026-05-20 03:14:09,272 DEBUG [1076/1171] VM 72e55ae1… (ahv_ins_delete-0-260514-184209) via 10.114.51.84 op=update
2026-05-20 03:14:09,272 DEBUG   remote: bash -lc 'set -e; _bs(){ printf '"'"'BULK_SNAP_T %s %s\n'"'"' "$1" "$(date +%s.%N 2>/dev/null || date +%s)"; }; _bs guest_start; _bs pipeline_start; openssl enc -aes-256-ctr -pass pass:"testing" -nosalt < /dev/zero 2>/dev/null | dd of=/root/dummy_snapshot_data_1.img bs=1M count=500 iflag=fullblock conv=notrunc status=progress; ec=$?; _bs pipeline_done; _bs guest_end; exit $ec'
2026-05-20 03:14:10,271 DEBUG   BULK_SNAP_T guest_start 1779214434.271159496
2026-05-20 03:14:10,271 DEBUG   BULK_SNAP_T pipeline_start 1779214434.275718720
2026-05-20 03:14:10,271 DEBUG   BULK_SNAP_T pipeline_done 1779214446.394511221
2026-05-20 03:14:10,271 DEBUG   BULK_SNAP_T guest_end 1779214446.396720798
2026-05-20 03:14:10,271 DEBUG   
2026-05-20 03:14:10,271 DEBUG   39845888 bytes (40 MB) copied, 1.020727 s, 39.0 MB/s
2026-05-20 03:14:10,271 DEBUG   77594624 bytes (78 MB) copied, 2.031549 s, 38.2 MB/s
2026-05-20 03:14:10,271 DEBUG   123731968 bytes (124 MB) copied, 3.061752 s, 40.4 MB/s
2026-05-20 03:14:10,271 DEBUG   163577856 bytes (164 MB) copied, 4.071708 s, 40.2 MB/s
2026-05-20 03:14:10,271 DEBUG   213909504 bytes (214 MB) copied, 5.110657 s, 41.9 MB/s
2026-05-20 03:14:10,271 DEBUG   256901120 bytes (257 MB) copied, 6.113683 s, 42.0 MB/s
2026-05-20 03:14:10,271 DEBUG   308281344 bytes (308 MB) copied, 7.132622 s, 43.2 MB/s
2026-05-20 03:14:10,271 DEBUG   354418688 bytes (354 MB) copied, 8.186587 s, 43.3 MB/s
2026-05-20 03:14:10,271 DEBUG   400556032 bytes (401 MB) copied, 9.187559 s, 43.6 MB/s
2026-05-20 03:14:10,271 DEBUG   441450496 bytes (441 MB) copied, 10.196723 s, 43.3 MB/s
2026-05-20 03:14:10,271 DEBUG   486539264 bytes (487 MB) copied, 11.207727 s, 43.4 MB/s
2026-05-20 03:14:10,271 DEBUG   500+0 records in
2026-05-20 03:14:10,271 DEBUG   500+0 records out
2026-05-20 03:14:10,271 DEBUG   524288000 bytes (524 MB) copied, 11.9966 s, 43.7 MB/s
2026-05-20 03:14:10,271 DEBUG   OK (disk op exit 0)
2026-05-20 03:14:10,272 DEBUG [1077/1171] VM 229fa1f1… (ahv_ins_delete-0-260514-184210) via 10.114.51.129 op=update
2026-05-20 03:14:10,272 DEBUG   remote: bash -lc 'set -e; _bs(){ printf '"'"'BULK_SNAP_T %s %s\n'"'"' "$1" "$(date +%s.%N 2>/dev/null || date +%s)"; }; _bs guest_start; _bs pipeline_start; openssl enc -aes-256-ctr -pass pass:"testing" -nosalt < /dev/zero 2>/dev/null | dd of=/root/dummy_snapshot_data_1.img bs=1M count=500 iflag=fullblock conv=notrunc status=progress; ec=$?; _bs pipeline_done; _bs guest_end; exit $ec'
2026-05-20 03:14:10,784 DEBUG   BULK_SNAP_T guest_start 1779214433.450772049
2026-05-20 03:14:10,784 DEBUG   BULK_SNAP_T pipeline_start 1779214433.456412653
2026-05-20 03:14:10,784 DEBUG   BULK_SNAP_T pipeline_done 1779214447.430406505
2026-05-20 03:14:10,784 DEBUG   BULK_SNAP_T guest_end 1779214447.438913346
2026-05-20 03:14:10,784 DEBUG   
2026-05-20 03:14:10,784 DEBUG   36700160 bytes (37 MB) copied, 1.016691 s, 36.1 MB/s
2026-05-20 03:14:10,784 DEBUG   63963136 bytes (64 MB) copied, 2.034551 s, 31.4 MB/s
2026-05-20 03:14:10,784 DEBUG   103809024 bytes (104 MB) copied, 3.046015 s, 34.1 MB/s
2026-05-20 03:14:10,784 DEBUG   141557760 bytes (142 MB) copied, 4.066451 s, 34.8 MB/s
2026-05-20 03:14:10,784 DEBUG   189792256 bytes (190 MB) copied, 5.093420 s, 37.3 MB/s
2026-05-20 03:14:10,784 DEBUG   231735296 bytes (232 MB) copied, 6.113365 s, 37.9 MB/s
2026-05-20 03:14:10,784 DEBUG   273678336 bytes (274 MB) copied, 7.119909 s, 38.4 MB/s
2026-05-20 03:14:10,784 DEBUG   315621376 bytes (316 MB) copied, 8.165430 s, 38.7 MB/s
2026-05-20 03:14:10,784 DEBUG   353370112 bytes (353 MB) copied, 9.183437 s, 38.5 MB/s
2026-05-20 03:14:10,784 DEBUG   395313152 bytes (395 MB) copied, 10.224421 s, 38.7 MB/s
2026-05-20 03:14:10,784 DEBUG   427819008 bytes (428 MB) copied, 11.231822 s, 38.1 MB/s
2026-05-20 03:14:10,784 DEBUG   466616320 bytes (467 MB) copied, 12.256093 s, 38.1 MB/s
2026-05-20 03:14:10,784 DEBUG   500170752 bytes (500 MB) copied, 13.257418 s, 37.7 MB/s
2026-05-20 03:14:10,784 DEBUG   500+0 records in
2026-05-20 03:14:10,784 DEBUG   500+0 records out
2026-05-20 03:14:10,784 DEBUG   524288000 bytes (524 MB) copied, 13.8589 s, 37.8 MB/s
2026-05-20 03:14:10,784 DEBUG   OK (disk op exit 0)
2026-05-20 03:14:10,785 DEBUG [1078/1171] VM 17224b0e… (ahv_ins_delete-0-260514-184641) via 10.114.50.232 op=update
2026-05-20 03:14:10,785 DEBUG   remote: bash -lc 'set -e; _bs(){ printf '"'"'BULK_SNAP_T %s %s\n'"'"' "$1" "$(date +%s.%N 2>/dev/null || date +%s)"; }; _bs guest_start; _bs pipeline_start; openssl enc -aes-256-ctr -pass pass:"testing" -nosalt < /dev/zero 2>/dev/null | dd of=/root/dummy_snapshot_data_1.img bs=1M count=500 iflag=fullblock conv=notrunc status=progress; ec=$?; _bs pipeline_done; _bs guest_end; exit $ec'
2026-05-20 03:14:10,989 DEBUG   BULK_SNAP_T guest_start 1779214434.893863943
2026-05-20 03:14:10,990 DEBUG   BULK_SNAP_T pipeline_start 1779214434.900405087
2026-05-20 03:14:10,990 DEBUG   BULK_SNAP_T pipeline_done 1779214447.157566657
2026-05-20 03:14:10,990 DEBUG   BULK_SNAP_T guest_end 1779214447.159639514
2026-05-20 03:14:10,990 DEBUG   
2026-05-20 03:14:10,990 DEBUG   36700160 bytes (37 MB) copied, 1.020634 s, 36.0 MB/s
2026-05-20 03:14:10,990 DEBUG   79691776 bytes (80 MB) copied, 2.033867 s, 39.2 MB/s
2026-05-20 03:14:10,990 DEBUG   130023424 bytes (130 MB) copied, 3.042300 s, 42.7 MB/s
2026-05-20 03:14:10,990 DEBUG   167772160 bytes (168 MB) copied, 4.066627 s, 41.3 MB/s
2026-05-20 03:14:10,990 DEBUG   212860928 bytes (213 MB) copied, 5.069396 s, 42.0 MB/s
2026-05-20 03:14:10,990 DEBUG   258998272 bytes (259 MB) copied, 6.087858 s, 42.5 MB/s
2026-05-20 03:14:10,990 DEBUG   301989888 bytes (302 MB) copied, 7.115778 s, 42.4 MB/s
2026-05-20 03:14:10,990 DEBUG   344981504 bytes (345 MB) copied, 8.119601 s, 42.5 MB/s
2026-05-20 03:14:10,990 DEBUG   387973120 bytes (388 MB) copied, 9.135230 s, 42.5 MB/s
2026-05-20 03:14:10,990 DEBUG   433061888 bytes (433 MB) copied, 10.155226 s, 42.6 MB/s
2026-05-20 03:14:10,990 DEBUG   477102080 bytes (477 MB) copied, 11.195798 s, 42.6 MB/s
2026-05-20 03:14:10,990 DEBUG   500+0 records in
2026-05-20 03:14:10,990 DEBUG   500+0 records out
2026-05-20 03:14:10,990 DEBUG   524288000 bytes (524 MB) copied, 12.1186 s, 43.3 MB/s
2026-05-20 03:14:10,990 DEBUG   OK (disk op exit 0)
2026-05-20 03:14:10,991 DEBUG [1079/1171] VM e0ce1db9… (ahv_ins_delete-0-260514-184710) via 10.114.51.246 op=update
2026-05-20 03:14:10,991 DEBUG   remote: bash -lc 'set -e; _bs(){ printf '"'"'BULK_SNAP_T %s %s\n'"'"' "$1" "$(date +%s.%N 2>/dev/null || date +%s)"; }; _bs guest_start; _bs pipeline_start; openssl enc -aes-256-ctr -pass pass:"testing" -nosalt < /dev/zero 2>/dev/null | dd of=/root/dummy_snapshot_data_1.img bs=1M count=500 iflag=fullblock conv=notrunc status=progress; ec=$?; _bs pipeline_done; _bs guest_end; exit $ec'
2026-05-20 03:14:11,782 DEBUG   BULK_SNAP_T guest_start 1779214436.440361224
2026-05-20 03:14:11,782 DEBUG   BULK_SNAP_T pipeline_start 1779214436.461056363
2026-05-20 03:14:11,782 DEBUG   BULK_SNAP_T pipeline_done 1779214448.319749095
2026-05-20 03:14:11,782 DEBUG   BULK_SNAP_T guest_end 1779214448.327952966
2026-05-20 03:14:11,782 DEBUG   
2026-05-20 03:14:11,782 DEBUG   42991616 bytes (43 MB) copied, 1.024825 s, 42.0 MB/s
2026-05-20 03:14:11,782 DEBUG   96468992 bytes (96 MB) copied, 2.027045 s, 47.6 MB/s
2026-05-20 03:14:11,782 DEBUG   140509184 bytes (141 MB) copied, 3.093883 s, 45.4 MB/s
2026-05-20 03:14:11,782 DEBUG   178257920 bytes (178 MB) copied, 4.094417 s, 43.5 MB/s
2026-05-20 03:14:11,782 DEBUG   226492416 bytes (226 MB) copied, 5.136804 s, 44.1 MB/s
2026-05-20 03:14:11,782 DEBUG   272629760 bytes (273 MB) copied, 6.146767 s, 44.4 MB/s
2026-05-20 03:14:11,782 DEBUG   319815680 bytes (320 MB) copied, 7.155866 s, 44.7 MB/s
2026-05-20 03:14:11,782 DEBUG   357564416 bytes (358 MB) copied, 8.158641 s, 43.8 MB/s
2026-05-20 03:14:11,782 DEBUG   399507456 bytes (400 MB) copied, 9.189761 s, 43.5 MB/s
2026-05-20 03:14:11,782 DEBUG   445644800 bytes (446 MB) copied, 10.196688 s, 43.7 MB/s
2026-05-20 03:14:11,782 DEBUG   494927872 bytes (495 MB) copied, 11.206803 s, 44.2 MB/s
2026-05-20 03:14:11,782 DEBUG   500+0 records in
2026-05-20 03:14:11,782 DEBUG   500+0 records out
2026-05-20 03:14:11,782 DEBUG   524288000 bytes (524 MB) copied, 11.7408 s, 44.7 MB/s
2026-05-20 03:14:11,782 DEBUG   OK (disk op exit 0)
2026-05-20 03:14:11,783 DEBUG [1080/1171] VM a9e11a2b… (ahv_ins_delete-0-260514-184712) via 10.114.50.103 op=update
2026-05-20 03:14:11,783 DEBUG   remote: bash -lc 'set -e; _bs(){ printf '"'"'BULK_SNAP_T %s %s\n'"'"' "$1" "$(date +%s.%N 2>/dev/null || date +%s)"; }; _bs guest_start; _bs pipeline_start; openssl enc -aes-256-ctr -pass pass:"testing" -nosalt < /dev/zero 2>/dev/null | dd of=/root/dummy_snapshot_data_1.img bs=1M count=500 iflag=fullblock conv=notrunc status=progress; ec=$?; _bs pipeline_done; _bs guest_end; exit $ec'
2026-05-20 03:14:14,009 DEBUG   BULK_SNAP_T guest_start 1779214437.014508108
2026-05-20 03:14:14,009 DEBUG   BULK_SNAP_T pipeline_start 1779214437.017540896
2026-05-20 03:14:14,009 DEBUG   BULK_SNAP_T pipeline_done 1779214449.889889147
2026-05-20 03:14:14,009 DEBUG   BULK_SNAP_T guest_end 1779214449.893090530
2026-05-20 03:14:14,009 DEBUG   
2026-05-20 03:14:14,009 DEBUG   41943040 bytes (42 MB) copied, 1.017602 s, 41.2 MB/s
2026-05-20 03:14:14,009 DEBUG   88080384 bytes (88 MB) copied, 2.018799 s, 43.6 MB/s
2026-05-20 03:14:14,009 DEBUG   132120576 bytes (132 MB) copied, 3.020568 s, 43.7 MB/s
2026-05-20 03:14:14,009 DEBUG   161480704 bytes (161 MB) copied, 4.026137 s, 40.1 MB/s
2026-05-20 03:14:14,009 DEBUG   208666624 bytes (209 MB) copied, 5.062831 s, 41.2 MB/s
2026-05-20 03:14:14,009 DEBUG   251658240 bytes (252 MB) copied, 6.075058 s, 41.4 MB/s
2026-05-20 03:14:14,009 DEBUG   286261248 bytes (286 MB) copied, 7.077969 s, 40.4 MB/s
2026-05-20 03:14:14,009 DEBUG   326107136 bytes (326 MB) copied, 8.085796 s, 40.3 MB/s
2026-05-20 03:14:14,009 DEBUG   365953024 bytes (366 MB) copied, 9.110542 s, 40.2 MB/s
2026-05-20 03:14:14,009 DEBUG   407896064 bytes (408 MB) copied, 10.119293 s, 40.3 MB/s
2026-05-20 03:14:14,009 DEBUG   459276288 bytes (459 MB) copied, 11.128098 s, 41.3 MB/s
2026-05-20 03:14:14,009 DEBUG   500170752 bytes (500 MB) copied, 12.130990 s, 41.2 MB/s
2026-05-20 03:14:14,009 DEBUG   500+0 records in
2026-05-20 03:14:14,009 DEBUG   500+0 records out
2026-05-20 03:14:14,009 DEBUG   524288000 bytes (524 MB) copied, 12.739 s, 41.2 MB/s
2026-05-20 03:14:14,009 DEBUG   OK (disk op exit 0)
2026-05-20 03:14:14,010 DEBUG [1081/1171] VM 85c4e3b7… (ahv_ins_delete-0-260514-184721) via 10.114.53.82 op=update
2026-05-20 03:14:14,010 DEBUG   remote: bash -lc 'set -e; _bs(){ printf '"'"'BULK_SNAP_T %s %s\n'"'"' "$1" "$(date +%s.%N 2>/dev/null || date +%s)"; }; _bs guest_start; _bs pipeline_start; openssl enc -aes-256-ctr -pass pass:"testing" -nosalt < /dev/zero 2>/dev/null | dd of=/root/dummy_snapshot_data_1.img bs=1M count=500 iflag=fullblock conv=notrunc status=progress; ec=$?; _bs pipeline_done; _bs guest_end; exit $ec'
2026-05-20 03:14:15,016 DEBUG   BULK_SNAP_T guest_start 1779214438.263943055
2026-05-20 03:14:15,016 DEBUG   BULK_SNAP_T pipeline_start 1779214438.274563888
2026-05-20 03:14:15,016 DEBUG   BULK_SNAP_T pipeline_done 1779214451.243485851
2026-05-20 03:14:15,016 DEBUG   BULK_SNAP_T guest_end 1779214451.248844835
2026-05-20 03:14:15,016 DEBUG   
2026-05-20 03:14:15,016 DEBUG   29360128 bytes (29 MB) copied, 1.006132 s, 29.2 MB/s
2026-05-20 03:14:15,016 DEBUG   71303168 bytes (71 MB) copied, 2.013731 s, 35.4 MB/s
2026-05-20 03:14:15,016 DEBUG   111149056 bytes (111 MB) copied, 3.041162 s, 36.5 MB/s
2026-05-20 03:14:15,016 DEBUG   142606336 bytes (143 MB) copied, 4.047366 s, 35.2 MB/s
2026-05-20 03:14:15,016 DEBUG   184549376 bytes (185 MB) copied, 5.073166 s, 36.4 MB/s
2026-05-20 03:14:15,016 DEBUG   221249536 bytes (221 MB) copied, 6.075159 s, 36.4 MB/s
2026-05-20 03:14:15,016 DEBUG   262144000 bytes (262 MB) copied, 7.101393 s, 36.9 MB/s
2026-05-20 03:14:15,016 DEBUG   304087040 bytes (304 MB) copied, 8.115301 s, 37.5 MB/s
2026-05-20 03:14:15,016 DEBUG   349175808 bytes (349 MB) copied, 9.139171 s, 38.2 MB/s
2026-05-20 03:14:15,016 DEBUG   403701760 bytes (404 MB) copied, 10.153198 s, 39.8 MB/s
2026-05-20 03:14:15,016 DEBUG   452984832 bytes (453 MB) copied, 11.162305 s, 40.6 MB/s
2026-05-20 03:14:15,016 DEBUG   499122176 bytes (499 MB) copied, 12.164204 s, 41.0 MB/s
2026-05-20 03:14:15,016 DEBUG   500+0 records in
2026-05-20 03:14:15,016 DEBUG   500+0 records out
2026-05-20 03:14:15,016 DEBUG   524288000 bytes (524 MB) copied, 12.8425 s, 40.8 MB/s
2026-05-20 03:14:15,016 DEBUG   OK (disk op exit 0)
2026-05-20 03:14:15,017 DEBUG [1082/1171] VM 10995d2b… (ahv_ins_delete-0-260514-184724) via 10.114.50.30 op=update
2026-05-20 03:14:15,017 DEBUG   remote: bash -lc 'set -e; _bs(){ printf '"'"'BULK_SNAP_T %s %s\n'"'"' "$1" "$(date +%s.%N 2>/dev/null || date +%s)"; }; _bs guest_start; _bs pipeline_start; openssl enc -aes-256-ctr -pass pass:"testing" -nosalt < /dev/zero 2>/dev/null | dd of=/root/dummy_snapshot_data_1.img bs=1M count=500 iflag=fullblock conv=notrunc status=progress; ec=$?; _bs pipeline_done; _bs guest_end; exit $ec'
2026-05-20 03:14:16,249 DEBUG   BULK_SNAP_T guest_start 1779214441.958685656
2026-05-20 03:14:16,250 DEBUG   BULK_SNAP_T pipeline_start 1779214441.961976360
2026-05-20 03:14:16,250 DEBUG   BULK_SNAP_T pipeline_done 1779214452.573135341
2026-05-20 03:14:16,250 DEBUG   BULK_SNAP_T guest_end 1779214452.577785723
2026-05-20 03:14:16,250 DEBUG   
2026-05-20 03:14:16,250 DEBUG   32505856 bytes (33 MB) copied, 1.018577 s, 31.9 MB/s
2026-05-20 03:14:16,250 DEBUG   83886080 bytes (84 MB) copied, 2.052337 s, 40.9 MB/s
2026-05-20 03:14:16,250 DEBUG   128974848 bytes (129 MB) copied, 3.078489 s, 41.9 MB/s
2026-05-20 03:14:16,250 DEBUG   159383552 bytes (159 MB) copied, 4.104499 s, 38.8 MB/s
2026-05-20 03:14:16,250 DEBUG   213909504 bytes (214 MB) copied, 5.111552 s, 41.8 MB/s
2026-05-20 03:14:16,250 DEBUG   287309824 bytes (287 MB) copied, 6.124317 s, 46.9 MB/s
2026-05-20 03:14:16,250 DEBUG   355467264 bytes (355 MB) copied, 7.149350 s, 49.7 MB/s
2026-05-20 03:14:16,250 DEBUG   407896064 bytes (408 MB) copied, 8.156374 s, 50.0 MB/s
2026-05-20 03:14:16,250 DEBUG   462422016 bytes (462 MB) copied, 9.158273 s, 50.5 MB/s
2026-05-20 03:14:16,250 DEBUG   508559360 bytes (509 MB) copied, 10.213480 s, 49.8 MB/s
2026-05-20 03:14:16,250 DEBUG   500+0 records in
2026-05-20 03:14:16,250 DEBUG   500+0 records out
2026-05-20 03:14:16,250 DEBUG   524288000 bytes (524 MB) copied, 10.4433 s, 50.2 MB/s
2026-05-20 03:14:16,250 DEBUG   OK (disk op exit 0)
2026-05-20 03:14:16,251 DEBUG [1083/1171] VM 4d6aaf76… (ahv_ins_delete-0-260514-185233) via 10.114.50.25 op=update
2026-05-20 03:14:16,251 DEBUG   remote: bash -lc 'set -e; _bs(){ printf '"'"'BULK_SNAP_T %s %s\n'"'"' "$1" "$(date +%s.%N 2>/dev/null || date +%s)"; }; _bs guest_start; _bs pipeline_start; openssl enc -aes-256-ctr -pass pass:"testing" -nosalt < /dev/zero 2>/dev/null | dd of=/root/dummy_snapshot_data_1.img bs=1M count=500 iflag=fullblock conv=notrunc status=progress; ec=$?; _bs pipeline_done; _bs guest_end; exit $ec'
2026-05-20 03:14:17,043 DEBUG   BULK_SNAP_T guest_start 1779214438.932155189
2026-05-20 03:14:17,043 DEBUG   BULK_SNAP_T pipeline_start 1779214438.937739432
2026-05-20 03:14:17,043 DEBUG   BULK_SNAP_T pipeline_done 1779214453.134765232
2026-05-20 03:14:17,043 DEBUG   BULK_SNAP_T guest_end 1779214453.150448317
2026-05-20 03:14:17,043 DEBUG   
2026-05-20 03:14:17,044 DEBUG   25165824 bytes (25 MB) copied, 1.024843 s, 24.6 MB/s
2026-05-20 03:14:17,044 DEBUG   59768832 bytes (60 MB) copied, 2.059877 s, 29.0 MB/s
2026-05-20 03:14:17,044 DEBUG   99614720 bytes (100 MB) copied, 3.068767 s, 32.5 MB/s
2026-05-20 03:14:17,044 DEBUG   138412032 bytes (138 MB) copied, 4.126210 s, 33.5 MB/s
2026-05-20 03:14:17,044 DEBUG   168820736 bytes (169 MB) copied, 5.160755 s, 32.7 MB/s
2026-05-20 03:14:17,044 DEBUG   203423744 bytes (203 MB) copied, 6.204083 s, 32.8 MB/s
2026-05-20 03:14:17,044 DEBUG   248512512 bytes (249 MB) copied, 7.245113 s, 34.3 MB/s
2026-05-20 03:14:17,044 DEBUG   290455552 bytes (290 MB) copied, 8.248901 s, 35.2 MB/s
2026-05-20 03:14:17,044 DEBUG   339738624 bytes (340 MB) copied, 9.252823 s, 36.7 MB/s
2026-05-20 03:14:17,044 DEBUG   379584512 bytes (380 MB) copied, 10.295805 s, 36.9 MB/s
2026-05-20 03:14:17,044 DEBUG   422576128 bytes (423 MB) copied, 11.318265 s, 37.3 MB/s
2026-05-20 03:14:17,044 DEBUG   460324864 bytes (460 MB) copied, 12.330302 s, 37.3 MB/s
2026-05-20 03:14:17,044 DEBUG   497025024 bytes (497 MB) copied, 13.343556 s, 37.2 MB/s
2026-05-20 03:14:17,044 DEBUG   500+0 records in
2026-05-20 03:14:17,044 DEBUG   500+0 records out
2026-05-20 03:14:17,044 DEBUG   524288000 bytes (524 MB) copied, 14.0674 s, 37.3 MB/s
2026-05-20 03:14:17,044 DEBUG   OK (disk op exit 0)
2026-05-20 03:14:17,044 DEBUG [1084/1171] VM 03aaafab… (ahv_ins_delete-0-260514-185234) via 10.114.48.217 op=update
2026-05-20 03:14:17,044 DEBUG   remote: bash -lc 'set -e; _bs(){ printf '"'"'BULK_SNAP_T %s %s\n'"'"' "$1" "$(date +%s.%N 2>/dev/null || date +%s)"; }; _bs guest_start; _bs pipeline_start; openssl enc -aes-256-ctr -pass pass:"testing" -nosalt < /dev/zero 2>/dev/null | dd of=/root/dummy_snapshot_data_1.img bs=1M count=500 iflag=fullblock conv=notrunc status=progress; ec=$?; _bs pipeline_done; _bs guest_end; exit $ec'
2026-05-20 03:14:18,543 DEBUG   BULK_SNAP_T guest_start 1779214448.581391634
2026-05-20 03:14:18,543 DEBUG   BULK_SNAP_T pipeline_start 1779214448.583060115
2026-05-20 03:14:18,543 DEBUG   BULK_SNAP_T pipeline_done 1779214455.450790885
2026-05-20 03:14:18,543 DEBUG   BULK_SNAP_T guest_end 1779214455.452317660
2026-05-20 03:14:18,543 DEBUG   
2026-05-20 03:14:18,543 DEBUG   75497472 bytes (75 MB) copied, 1.024389 s, 73.7 MB/s
2026-05-20 03:14:18,543 DEBUG   142606336 bytes (143 MB) copied, 2.052320 s, 69.5 MB/s
2026-05-20 03:14:18,543 DEBUG   216006656 bytes (216 MB) copied, 3.075412 s, 70.2 MB/s
2026-05-20 03:14:18,543 DEBUG   293601280 bytes (294 MB) copied, 4.091530 s, 71.8 MB/s
2026-05-20 03:14:18,543 DEBUG   372244480 bytes (372 MB) copied, 5.100969 s, 73.0 MB/s
2026-05-20 03:14:18,543 DEBUG   458227712 bytes (458 MB) copied, 6.109778 s, 75.0 MB/s
2026-05-20 03:14:18,543 DEBUG   500+0 records in
2026-05-20 03:14:18,543 DEBUG   500+0 records out
2026-05-20 03:14:18,543 DEBUG   524288000 bytes (524 MB) copied, 6.80749 s, 77.0 MB/s
2026-05-20 03:14:18,543 DEBUG   OK (disk op exit 0)
2026-05-20 03:14:18,544 DEBUG [1085/1171] VM a43dc446… (ahv_ins_delete-0-260514-185251) via 10.114.53.32 op=update
2026-05-20 03:14:18,544 DEBUG   remote: bash -lc 'set -e; _bs(){ printf '"'"'BULK_SNAP_T %s %s\n'"'"' "$1" "$(date +%s.%N 2>/dev/null || date +%s)"; }; _bs guest_start; _bs pipeline_start; openssl enc -aes-256-ctr -pass pass:"testing" -nosalt < /dev/zero 2>/dev/null | dd of=/root/dummy_snapshot_data_1.img bs=1M count=500 iflag=fullblock conv=notrunc status=progress; ec=$?; _bs pipeline_done; _bs guest_end; exit $ec'
2026-05-20 03:14:21,033 DEBUG   BULK_SNAP_T guest_start 1779214444.294559156
2026-05-20 03:14:21,033 DEBUG   BULK_SNAP_T pipeline_start 1779214444.302254933
2026-05-20 03:14:21,033 DEBUG   BULK_SNAP_T pipeline_done 1779214457.674455879
2026-05-20 03:14:21,033 DEBUG   BULK_SNAP_T guest_end 1779214457.675857517
2026-05-20 03:14:21,033 DEBUG   
2026-05-20 03:14:21,033 DEBUG   18874368 bytes (19 MB) copied, 1.016065 s, 18.6 MB/s
2026-05-20 03:14:21,033 DEBUG   55574528 bytes (56 MB) copied, 2.026072 s, 27.4 MB/s
2026-05-20 03:14:21,033 DEBUG   95420416 bytes (95 MB) copied, 3.035718 s, 31.4 MB/s
2026-05-20 03:14:21,033 DEBUG   144703488 bytes (145 MB) copied, 4.077162 s, 35.5 MB/s
2026-05-20 03:14:21,033 DEBUG   190840832 bytes (191 MB) copied, 5.109860 s, 37.3 MB/s
2026-05-20 03:14:21,033 DEBUG   233832448 bytes (234 MB) copied, 6.121131 s, 38.2 MB/s
2026-05-20 03:14:21,033 DEBUG   272629760 bytes (273 MB) copied, 7.123069 s, 38.3 MB/s
2026-05-20 03:14:21,033 DEBUG   311427072 bytes (311 MB) copied, 8.162998 s, 38.2 MB/s
2026-05-20 03:14:21,033 DEBUG   357564416 bytes (358 MB) copied, 9.192022 s, 38.9 MB/s
2026-05-20 03:14:21,033 DEBUG   398458880 bytes (398 MB) copied, 10.202714 s, 39.1 MB/s
2026-05-20 03:14:21,033 DEBUG   442499072 bytes (442 MB) copied, 11.205165 s, 39.5 MB/s
2026-05-20 03:14:21,033 DEBUG   486539264 bytes (487 MB) copied, 12.226125 s, 39.8 MB/s
2026-05-20 03:14:21,033 DEBUG   523239424 bytes (523 MB) copied, 13.236929 s, 39.5 MB/s
2026-05-20 03:14:21,033 DEBUG   500+0 records in
2026-05-20 03:14:21,033 DEBUG   500+0 records out
2026-05-20 03:14:21,033 DEBUG   524288000 bytes (524 MB) copied, 13.2479 s, 39.6 MB/s
2026-05-20 03:14:21,033 DEBUG   OK (disk op exit 0)
2026-05-20 03:14:21,034 DEBUG [1086/1171] VM 1f60f8b0… (ahv_ins_delete-0-260514-185252) via 10.114.53.133 op=update
2026-05-20 03:14:21,034 DEBUG   remote: bash -lc 'set -e; _bs(){ printf '"'"'BULK_SNAP_T %s %s\n'"'"' "$1" "$(date +%s.%N 2>/dev/null || date +%s)"; }; _bs guest_start; _bs pipeline_start; openssl enc -aes-256-ctr -pass pass:"testing" -nosalt < /dev/zero 2>/dev/null | dd of=/root/dummy_snapshot_data_1.img bs=1M count=500 iflag=fullblock conv=notrunc status=progress; ec=$?; _bs pipeline_done; _bs guest_end; exit $ec'
2026-05-20 03:14:22,448 DEBUG   ssh: connect to host 10.114.121.37 port 22: Connection timed out
2026-05-20 03:14:22,448 ERROR Guest disk op failed ec=255 vm=ahv_ins_delete-0-260518-171547 ip=10.114.121.37 — ssh: connect to host 10.114.121.37 port 22: Connection timed out
2026-05-20 03:14:22,448 WARNING Guest disk op wall 30.3s (vm='ahv_ins_delete-0-260518-171547' ip=10.114.121.37 op=update ec=255) — includes SSH + guest disk command; if still high, check guest disk throughput vs. MiB settings.
2026-05-20 03:14:22,448 DEBUG [33/1171] VM 0dd111b0… (ahv_ins_delete-0-260518-173108) via 10.114.113.162 op=update
2026-05-20 03:14:22,449 DEBUG   remote: bash -lc 'set -e; _bs(){ printf '"'"'BULK_SNAP_T %s %s\n'"'"' "$1" "$(date +%s.%N 2>/dev/null || date +%s)"; }; _bs guest_start; _bs pipeline_start; openssl enc -aes-256-ctr -pass pass:"testing" -nosalt < /dev/zero 2>/dev/null | dd of=/root/dummy_snapshot_data_1.img bs=1M count=500 iflag=fullblock conv=notrunc status=progress; ec=$?; _bs pipeline_done; _bs guest_end; exit $ec'
2026-05-20 03:14:22,479 DEBUG   ssh: connect to host 10.114.113.165 port 22: Connection timed out
2026-05-20 03:14:22,479 ERROR Guest disk op failed ec=255 vm=ahv_ins_delete-0-260518-172053 ip=10.114.113.165 — ssh: connect to host 10.114.113.165 port 22: Connection timed out
2026-05-20 03:14:22,479 WARNING Guest disk op wall 30.3s (vm='ahv_ins_delete-0-260518-172053' ip=10.114.113.165 op=update ec=255) — includes SSH + guest disk command; if still high, check guest disk throughput vs. MiB settings.
2026-05-20 03:14:22,480 DEBUG [34/1171] VM 72415664… (ahv_ins_delete-0-260518-173141) via 10.114.113.173 op=update
2026-05-20 03:14:22,480 DEBUG   remote: bash -lc 'set -e; _bs(){ printf '"'"'BULK_SNAP_T %s %s\n'"'"' "$1" "$(date +%s.%N 2>/dev/null || date +%s)"; }; _bs guest_start; _bs pipeline_start; openssl enc -aes-256-ctr -pass pass:"testing" -nosalt < /dev/zero 2>/dev/null | dd of=/root/dummy_snapshot_data_1.img bs=1M count=500 iflag=fullblock conv=notrunc status=progress; ec=$?; _bs pipeline_done; _bs guest_end; exit $ec'
2026-05-20 03:14:22,493 DEBUG   ssh: connect to host 10.114.121.44 port 22: Connection timed out
2026-05-20 03:14:22,493 DEBUG   ssh: connect to host 10.114.113.164 port 22: Connection timed out
2026-05-20 03:14:22,493 ERROR Guest disk op failed ec=255 vm=ahv_ins_delete-0-260518-172646 ip=10.114.121.44 — ssh: connect to host 10.114.121.44 port 22: Connection timed out
2026-05-20 03:14:22,494 WARNING Guest disk op wall 30.0s (vm='ahv_ins_delete-0-260518-172646' ip=10.114.121.44 op=update ec=255) — includes SSH + guest disk command; if still high, check guest disk throughput vs. MiB settings.
2026-05-20 03:14:22,493 ERROR Guest disk op failed ec=255 vm=ahv_ins_delete-0-260518-172126 ip=10.114.113.164 — ssh: connect to host 10.114.113.164 port 22: Connection timed out
2026-05-20 03:14:22,494 DEBUG [35/1171] VM 62d4f610… (ahv_ins_delete-0-260518-173148) via 10.114.113.172 op=update
2026-05-20 03:14:22,495 WARNING Guest disk op wall 30.3s (vm='ahv_ins_delete-0-260518-172126' ip=10.114.113.164 op=update ec=255) — includes SSH + guest disk command; if still high, check guest disk throughput vs. MiB settings.
2026-05-20 03:14:22,495 DEBUG   remote: bash -lc 'set -e; _bs(){ printf '"'"'BULK_SNAP_T %s %s\n'"'"' "$1" "$(date +%s.%N 2>/dev/null || date +%s)"; }; _bs guest_start; _bs pipeline_start; openssl enc -aes-256-ctr -pass pass:"testing" -nosalt < /dev/zero 2>/dev/null | dd of=/root/dummy_snapshot_data_1.img bs=1M count=500 iflag=fullblock conv=notrunc status=progress; ec=$?; _bs pipeline_done; _bs guest_end; exit $ec'
2026-05-20 03:14:22,495 DEBUG [36/1171] VM 32e3432f… (ahv_ins_delete-0-260518-173204) via 10.114.113.175 op=update
2026-05-20 03:14:22,496 DEBUG   remote: bash -lc 'set -e; _bs(){ printf '"'"'BULK_SNAP_T %s %s\n'"'"' "$1" "$(date +%s.%N 2>/dev/null || date +%s)"; }; _bs guest_start; _bs pipeline_start; openssl enc -aes-256-ctr -pass pass:"testing" -nosalt < /dev/zero 2>/dev/null | dd of=/root/dummy_snapshot_data_1.img bs=1M count=500 iflag=fullblock conv=notrunc status=progress; ec=$?; _bs pipeline_done; _bs guest_end; exit $ec'
2026-05-20 03:14:22,532 DEBUG   BULK_SNAP_T guest_start 1779214447.309468004
2026-05-20 03:14:22,532 DEBUG   BULK_SNAP_T pipeline_start 1779214447.317325694
2026-05-20 03:14:22,532 DEBUG   BULK_SNAP_T pipeline_done 1779214458.677524505
2026-05-20 03:14:22,532 DEBUG   BULK_SNAP_T guest_end 1779214458.680178910
2026-05-20 03:14:22,532 DEBUG   
2026-05-20 03:14:22,532 DEBUG   39845888 bytes (40 MB) copied, 1.000904 s, 39.8 MB/s
2026-05-20 03:14:22,532 DEBUG   88080384 bytes (88 MB) copied, 2.014947 s, 43.7 MB/s
2026-05-20 03:14:22,532 DEBUG   136314880 bytes (136 MB) copied, 3.015207 s, 45.2 MB/s
2026-05-20 03:14:22,532 DEBUG   166723584 bytes (167 MB) copied, 4.048743 s, 41.2 MB/s
2026-05-20 03:14:22,532 DEBUG   208666624 bytes (209 MB) copied, 5.050775 s, 41.3 MB/s
2026-05-20 03:14:22,532 DEBUG   258998272 bytes (259 MB) copied, 6.065780 s, 42.7 MB/s
2026-05-20 03:14:22,532 DEBUG   309329920 bytes (309 MB) copied, 7.067010 s, 43.8 MB/s
2026-05-20 03:14:22,532 DEBUG   367001600 bytes (367 MB) copied, 8.085755 s, 45.4 MB/s
2026-05-20 03:14:22,532 DEBUG   420478976 bytes (420 MB) copied, 9.101933 s, 46.2 MB/s
2026-05-20 03:14:22,532 DEBUG   468713472 bytes (469 MB) copied, 10.118850 s, 46.3 MB/s
2026-05-20 03:14:22,532 DEBUG   517996544 bytes (518 MB) copied, 11.120373 s, 46.6 MB/s
2026-05-20 03:14:22,532 DEBUG   500+0 records in
2026-05-20 03:14:22,532 DEBUG   500+0 records out
2026-05-20 03:14:22,532 DEBUG   524288000 bytes (524 MB) copied, 11.2201 s, 46.7 MB/s
2026-05-20 03:14:22,532 DEBUG   OK (disk op exit 0)
2026-05-20 03:14:22,533 DEBUG [1087/1171] VM 1fafe337… (ahv_ins_delete-0-260514-185252) via 10.114.51.123 op=update
2026-05-20 03:14:22,533 DEBUG   remote: bash -lc 'set -e; _bs(){ printf '"'"'BULK_SNAP_T %s %s\n'"'"' "$1" "$(date +%s.%N 2>/dev/null || date +%s)"; }; _bs guest_start; _bs pipeline_start; openssl enc -aes-256-ctr -pass pass:"testing" -nosalt < /dev/zero 2>/dev/null | dd of=/root/dummy_snapshot_data_1.img bs=1M count=500 iflag=fullblock conv=notrunc status=progress; ec=$?; _bs pipeline_done; _bs guest_end; exit $ec'
2026-05-20 03:14:22,726 DEBUG   ssh: connect to host 10.114.124.255 port 22: Connection timed out
2026-05-20 03:14:22,726 ERROR Guest disk op failed ec=255 vm=ahv_ins_delete-0-260518-172129 ip=10.114.124.255 — ssh: connect to host 10.114.124.255 port 22: Connection timed out
2026-05-20 03:14:22,726 WARNING Guest disk op wall 30.3s (vm='ahv_ins_delete-0-260518-172129' ip=10.114.124.255 op=update ec=255) — includes SSH + guest disk command; if still high, check guest disk throughput vs. MiB settings.
2026-05-20 03:14:22,727 DEBUG [37/1171] VM f0389bb3… (ahv_ins_delete-0-260518-173228) via 10.114.121.21 op=update
2026-05-20 03:14:22,727 DEBUG   remote: bash -lc 'set -e; _bs(){ printf '"'"'BULK_SNAP_T %s %s\n'"'"' "$1" "$(date +%s.%N 2>/dev/null || date +%s)"; }; _bs guest_start; _bs pipeline_start; openssl enc -aes-256-ctr -pass pass:"testing" -nosalt < /dev/zero 2>/dev/null | dd of=/root/dummy_snapshot_data_1.img bs=1M count=500 iflag=fullblock conv=notrunc status=progress; ec=$?; _bs pipeline_done; _bs guest_end; exit $ec'
2026-05-20 03:14:22,731 DEBUG   ssh: connect to host 10.114.121.35 port 22: Connection timed out
2026-05-20 03:14:22,731 ERROR Guest disk op failed ec=255 vm=ahv_ins_delete-0-260518-172130 ip=10.114.121.35 — ssh: connect to host 10.114.121.35 port 22: Connection timed out
2026-05-20 03:14:22,731 WARNING Guest disk op wall 30.3s (vm='ahv_ins_delete-0-260518-172130' ip=10.114.121.35 op=update ec=255) — includes SSH + guest disk command; if still high, check guest disk throughput vs. MiB settings.
2026-05-20 03:14:22,732 DEBUG [38/1171] VM 6ca3ccb4… (ahv_ins_delete-0-260518-173602) via 10.114.121.23 op=update
2026-05-20 03:14:22,732 DEBUG   remote: bash -lc 'set -e; _bs(){ printf '"'"'BULK_SNAP_T %s %s\n'"'"' "$1" "$(date +%s.%N 2>/dev/null || date +%s)"; }; _bs guest_start; _bs pipeline_start; openssl enc -aes-256-ctr -pass pass:"testing" -nosalt < /dev/zero 2>/dev/null | dd of=/root/dummy_snapshot_data_1.img bs=1M count=500 iflag=fullblock conv=notrunc status=progress; ec=$?; _bs pipeline_done; _bs guest_end; exit $ec'
2026-05-20 03:14:22,734 DEBUG   ssh: connect to host 10.114.121.34 port 22: Connection timed out
2026-05-20 03:14:22,735 ERROR Guest disk op failed ec=255 vm=ahv_ins_delete-0-260518-172612 ip=10.114.121.34 — ssh: connect to host 10.114.121.34 port 22: Connection timed out
2026-05-20 03:14:22,735 WARNING Guest disk op wall 30.3s (vm='ahv_ins_delete-0-260518-172612' ip=10.114.121.34 op=update ec=255) — includes SSH + guest disk command; if still high, check guest disk throughput vs. MiB settings.
2026-05-20 03:14:22,736 DEBUG [39/1171] VM f86f6d53… (ahv_ins_delete-0-260518-173645) via 10.114.113.169 op=update
2026-05-20 03:14:22,736 DEBUG   remote: bash -lc 'set -e; _bs(){ printf '"'"'BULK_SNAP_T %s %s\n'"'"' "$1" "$(date +%s.%N 2>/dev/null || date +%s)"; }; _bs guest_start; _bs pipeline_start; openssl enc -aes-256-ctr -pass pass:"testing" -nosalt < /dev/zero 2>/dev/null | dd of=/root/dummy_snapshot_data_1.img bs=1M count=500 iflag=fullblock conv=notrunc status=progress; ec=$?; _bs pipeline_done; _bs guest_end; exit $ec'
2026-05-20 03:14:22,739 DEBUG   ssh: connect to host 10.114.113.161 port 22: Connection timed out
2026-05-20 03:14:22,739 ERROR Guest disk op failed ec=255 vm=ahv_ins_delete-0-260518-172641 ip=10.114.113.161 — ssh: connect to host 10.114.113.161 port 22: Connection timed out
2026-05-20 03:14:22,739 WARNING Guest disk op wall 30.3s (vm='ahv_ins_delete-0-260518-172641' ip=10.114.113.161 op=update ec=255) — includes SSH + guest disk command; if still high, check guest disk throughput vs. MiB settings.
2026-05-20 03:14:22,740 DEBUG [40/1171] VM ce3d0d2a… (ahv_ins_delete-0-260518-173703) via 10.114.113.168 op=update
2026-05-20 03:14:22,740 DEBUG   remote: bash -lc 'set -e; _bs(){ printf '"'"'BULK_SNAP_T %s %s\n'"'"' "$1" "$(date +%s.%N 2>/dev/null || date +%s)"; }; _bs guest_start; _bs pipeline_start; openssl enc -aes-256-ctr -pass pass:"testing" -nosalt < /dev/zero 2>/dev/null | dd of=/root/dummy_snapshot_data_1.img bs=1M count=500 iflag=fullblock conv=notrunc status=progress; ec=$?; _bs pipeline_done; _bs guest_end; exit $ec'
2026-05-20 03:14:22,748 DEBUG   ssh: connect to host 10.114.121.47 port 22: Connection timed out
2026-05-20 03:14:22,749 ERROR Guest disk op failed ec=255 vm=ahv_ins_delete-0-260518-172705 ip=10.114.121.47 — ssh: connect to host 10.114.121.47 port 22: Connection timed out
2026-05-20 03:14:22,749 WARNING Guest disk op wall 30.3s (vm='ahv_ins_delete-0-260518-172705' ip=10.114.121.47 op=update ec=255) — includes SSH + guest disk command; if still high, check guest disk throughput vs. MiB settings.
2026-05-20 03:14:22,749 DEBUG [41/1171] VM c090dbda… (ahv_ins_delete-0-260518-173705) via 10.114.113.171 op=update
2026-05-20 03:14:22,749 DEBUG   remote: bash -lc 'set -e; _bs(){ printf '"'"'BULK_SNAP_T %s %s\n'"'"' "$1" "$(date +%s.%N 2>/dev/null || date +%s)"; }; _bs guest_start; _bs pipeline_start; openssl enc -aes-256-ctr -pass pass:"testing" -nosalt < /dev/zero 2>/dev/null | dd of=/root/dummy_snapshot_data_1.img bs=1M count=500 iflag=fullblock conv=notrunc status=progress; ec=$?; _bs pipeline_done; _bs guest_end; exit $ec'
2026-05-20 03:14:22,963 DEBUG   ssh: connect to host 10.114.113.163 port 22: Connection timed out
2026-05-20 03:14:22,963 ERROR Guest disk op failed ec=255 vm=ahv_ins_delete-0-260518-172720 ip=10.114.113.163 — ssh: connect to host 10.114.113.163 port 22: Connection timed out
2026-05-20 03:14:22,963 WARNING Guest disk op wall 30.3s (vm='ahv_ins_delete-0-260518-172720' ip=10.114.113.163 op=update ec=255) — includes SSH + guest disk command; if still high, check guest disk throughput vs. MiB settings.
2026-05-20 03:14:22,963 DEBUG [42/1171] VM 3696ab7c… (ahv_ins_delete-0-260518-173715) via 10.114.113.170 op=update
2026-05-20 03:14:22,964 DEBUG   remote: bash -lc 'set -e; _bs(){ printf '"'"'BULK_SNAP_T %s %s\n'"'"' "$1" "$(date +%s.%N 2>/dev/null || date +%s)"; }; _bs guest_start; _bs pipeline_start; openssl enc -aes-256-ctr -pass pass:"testing" -nosalt < /dev/zero 2>/dev/null | dd of=/root/dummy_snapshot_data_1.img bs=1M count=500 iflag=fullblock conv=notrunc status=progress; ec=$?; _bs pipeline_done; _bs guest_end; exit $ec'
2026-05-20 03:14:24,283 DEBUG   BULK_SNAP_T guest_start 1779214448.464704466
2026-05-20 03:14:24,283 DEBUG   BULK_SNAP_T pipeline_start 1779214448.475570531
2026-05-20 03:14:24,283 DEBUG   BULK_SNAP_T pipeline_done 1779214460.623749861
2026-05-20 03:14:24,283 DEBUG   BULK_SNAP_T guest_end 1779214460.631036162
2026-05-20 03:14:24,283 DEBUG   
2026-05-20 03:14:24,283 DEBUG   30408704 bytes (30 MB) copied, 1.021014 s, 29.8 MB/s
2026-05-20 03:14:24,283 DEBUG   73400320 bytes (73 MB) copied, 2.031046 s, 36.1 MB/s
2026-05-20 03:14:24,283 DEBUG   117440512 bytes (117 MB) copied, 3.073964 s, 38.2 MB/s
2026-05-20 03:14:24,283 DEBUG   148897792 bytes (149 MB) copied, 4.127636 s, 36.1 MB/s
2026-05-20 03:14:24,283 DEBUG   192937984 bytes (193 MB) copied, 5.138086 s, 37.6 MB/s
2026-05-20 03:14:24,283 DEBUG   241172480 bytes (241 MB) copied, 6.146894 s, 39.2 MB/s
2026-05-20 03:14:24,283 DEBUG   298844160 bytes (299 MB) copied, 7.170014 s, 41.7 MB/s
2026-05-20 03:14:24,283 DEBUG   344981504 bytes (345 MB) copied, 8.181689 s, 42.2 MB/s
2026-05-20 03:14:24,283 DEBUG   390070272 bytes (390 MB) copied, 9.202955 s, 42.4 MB/s
2026-05-20 03:14:24,283 DEBUG   438304768 bytes (438 MB) copied, 10.206874 s, 42.9 MB/s
2026-05-20 03:14:24,283 DEBUG   497025024 bytes (497 MB) copied, 11.258792 s, 44.1 MB/s
2026-05-20 03:14:24,283 DEBUG   500+0 records in
2026-05-20 03:14:24,283 DEBUG   500+0 records out
2026-05-20 03:14:24,283 DEBUG   524288000 bytes (524 MB) copied, 11.9765 s, 43.8 MB/s
2026-05-20 03:14:24,283 DEBUG   OK (disk op exit 0)
2026-05-20 03:14:24,284 DEBUG [1088/1171] VM ff1a7f87… (ahv_ins_delete-0-260514-185802) via 10.114.50.70 op=update
2026-05-20 03:14:24,284 DEBUG   remote: bash -lc 'set -e; _bs(){ printf '"'"'BULK_SNAP_T %s %s\n'"'"' "$1" "$(date +%s.%N 2>/dev/null || date +%s)"; }; _bs guest_start; _bs pipeline_start; openssl enc -aes-256-ctr -pass pass:"testing" -nosalt < /dev/zero 2>/dev/null | dd of=/root/dummy_snapshot_data_1.img bs=1M count=500 iflag=fullblock conv=notrunc status=progress; ec=$?; _bs pipeline_done; _bs guest_end; exit $ec'
2026-05-20 03:14:26,793 DEBUG   BULK_SNAP_T guest_start 1779214449.843705492
2026-05-20 03:14:26,793 DEBUG   BULK_SNAP_T pipeline_start 1779214449.849978294
2026-05-20 03:14:26,793 DEBUG   BULK_SNAP_T pipeline_done 1779214462.726437251
2026-05-20 03:14:26,793 DEBUG   BULK_SNAP_T guest_end 1779214462.738967471
2026-05-20 03:14:26,793 DEBUG   
2026-05-20 03:14:26,793 DEBUG   28311552 bytes (28 MB) copied, 1.029915 s, 27.5 MB/s
2026-05-20 03:14:26,793 DEBUG   68157440 bytes (68 MB) copied, 2.071107 s, 32.9 MB/s
2026-05-20 03:14:26,793 DEBUG   108003328 bytes (108 MB) copied, 3.084316 s, 35.0 MB/s
2026-05-20 03:14:26,793 DEBUG   145752064 bytes (146 MB) copied, 4.126286 s, 35.3 MB/s
2026-05-20 03:14:26,793 DEBUG   191889408 bytes (192 MB) copied, 5.151950 s, 37.2 MB/s
2026-05-20 03:14:26,793 DEBUG   236978176 bytes (237 MB) copied, 6.180267 s, 38.3 MB/s
2026-05-20 03:14:26,793 DEBUG   277872640 bytes (278 MB) copied, 7.210003 s, 38.5 MB/s
2026-05-20 03:14:26,793 DEBUG   332398592 bytes (332 MB) copied, 8.247246 s, 40.3 MB/s
2026-05-20 03:14:26,793 DEBUG   380633088 bytes (381 MB) copied, 9.250985 s, 41.1 MB/s
2026-05-20 03:14:26,793 DEBUG   421527552 bytes (422 MB) copied, 10.252266 s, 41.1 MB/s
2026-05-20 03:14:26,793 DEBUG   461373440 bytes (461 MB) copied, 11.253929 s, 41.0 MB/s
2026-05-20 03:14:26,793 DEBUG   505413632 bytes (505 MB) copied, 12.257925 s, 41.2 MB/s
2026-05-20 03:14:26,793 DEBUG   500+0 records in
2026-05-20 03:14:26,793 DEBUG   500+0 records out
2026-05-20 03:14:26,793 DEBUG   524288000 bytes (524 MB) copied, 12.732 s, 41.2 MB/s
2026-05-20 03:14:26,793 DEBUG   OK (disk op exit 0)
2026-05-20 03:14:26,794 DEBUG [1089/1171] VM 118a3632… (ahv_ins_delete-0-260514-185803) via 10.114.48.12 op=update
2026-05-20 03:14:26,794 DEBUG   remote: bash -lc 'set -e; _bs(){ printf '"'"'BULK_SNAP_T %s %s\n'"'"' "$1" "$(date +%s.%N 2>/dev/null || date +%s)"; }; _bs guest_start; _bs pipeline_start; openssl enc -aes-256-ctr -pass pass:"testing" -nosalt < /dev/zero 2>/dev/null | dd of=/root/dummy_snapshot_data_1.img bs=1M count=500 iflag=fullblock conv=notrunc status=progress; ec=$?; _bs pipeline_done; _bs guest_end; exit $ec'
2026-05-20 03:14:28,004 DEBUG   BULK_SNAP_T guest_start 1779214450.031045206
2026-05-20 03:14:28,004 DEBUG   BULK_SNAP_T pipeline_start 1779214450.041816475
2026-05-20 03:14:28,004 DEBUG   BULK_SNAP_T pipeline_done 1779214464.307851006
2026-05-20 03:14:28,004 DEBUG   BULK_SNAP_T guest_end 1779214464.309434778
2026-05-20 03:14:28,004 DEBUG   
2026-05-20 03:14:28,004 DEBUG   25165824 bytes (25 MB) copied, 1.011491 s, 24.9 MB/s
2026-05-20 03:14:28,004 DEBUG   62914560 bytes (63 MB) copied, 2.040632 s, 30.8 MB/s
2026-05-20 03:14:28,004 DEBUG   96468992 bytes (96 MB) copied, 3.041813 s, 31.7 MB/s
2026-05-20 03:14:28,004 DEBUG   136314880 bytes (136 MB) copied, 4.048830 s, 33.7 MB/s
2026-05-20 03:14:28,004 DEBUG   171966464 bytes (172 MB) copied, 5.073909 s, 33.9 MB/s
2026-05-20 03:14:28,004 DEBUG   213909504 bytes (214 MB) copied, 6.091869 s, 35.1 MB/s
2026-05-20 03:14:28,004 DEBUG   252706816 bytes (253 MB) copied, 7.100844 s, 35.6 MB/s
2026-05-20 03:14:28,004 DEBUG   290455552 bytes (290 MB) copied, 8.115445 s, 35.8 MB/s
2026-05-20 03:14:28,004 DEBUG   332398592 bytes (332 MB) copied, 9.116008 s, 36.5 MB/s
2026-05-20 03:14:28,004 DEBUG   373293056 bytes (373 MB) copied, 10.169824 s, 36.7 MB/s
2026-05-20 03:14:28,004 DEBUG   409993216 bytes (410 MB) copied, 11.178852 s, 36.7 MB/s
2026-05-20 03:14:28,004 DEBUG   451936256 bytes (452 MB) copied, 12.230832 s, 37.0 MB/s
2026-05-20 03:14:28,004 DEBUG   494927872 bytes (495 MB) copied, 13.271796 s, 37.3 MB/s
2026-05-20 03:14:28,004 DEBUG   500+0 records in
2026-05-20 03:14:28,004 DEBUG   500+0 records out
2026-05-20 03:14:28,004 DEBUG   524288000 bytes (524 MB) copied, 13.957 s, 37.6 MB/s
2026-05-20 03:14:28,004 DEBUG   OK (disk op exit 0)
2026-05-20 03:14:28,005 DEBUG [1090/1171] VM e0747ae9… (ahv_ins_delete-0-260514-185807) via 10.114.53.71 op=update
2026-05-20 03:14:28,005 DEBUG   remote: bash -lc 'set -e; _bs(){ printf '"'"'BULK_SNAP_T %s %s\n'"'"' "$1" "$(date +%s.%N 2>/dev/null || date +%s)"; }; _bs guest_start; _bs pipeline_start; openssl enc -aes-256-ctr -pass pass:"testing" -nosalt < /dev/zero 2>/dev/null | dd of=/root/dummy_snapshot_data_1.img bs=1M count=500 iflag=fullblock conv=notrunc status=progress; ec=$?; _bs pipeline_done; _bs guest_end; exit $ec'
2026-05-20 03:14:28,269 DEBUG   BULK_SNAP_T guest_start 1779214452.430877998
2026-05-20 03:14:28,270 DEBUG   BULK_SNAP_T pipeline_start 1779214452.433487523
2026-05-20 03:14:28,270 DEBUG   BULK_SNAP_T pipeline_done 1779214464.614668751
2026-05-20 03:14:28,270 DEBUG   BULK_SNAP_T guest_end 1779214464.617998724
2026-05-20 03:14:28,270 DEBUG   
2026-05-20 03:14:28,270 DEBUG   28311552 bytes (28 MB) copied, 1.050921 s, 26.9 MB/s
2026-05-20 03:14:28,270 DEBUG   74448896 bytes (74 MB) copied, 2.119810 s, 35.1 MB/s
2026-05-20 03:14:28,270 DEBUG   130023424 bytes (130 MB) copied, 3.147854 s, 41.3 MB/s
2026-05-20 03:14:28,270 DEBUG   164626432 bytes (165 MB) copied, 4.154400 s, 39.6 MB/s
2026-05-20 03:14:28,270 DEBUG   205520896 bytes (206 MB) copied, 5.155524 s, 39.9 MB/s
2026-05-20 03:14:28,270 DEBUG   260046848 bytes (260 MB) copied, 6.179597 s, 42.1 MB/s
2026-05-20 03:14:28,270 DEBUG   309329920 bytes (309 MB) copied, 7.183979 s, 43.1 MB/s
2026-05-20 03:14:28,270 DEBUG   350224384 bytes (350 MB) copied, 8.188725 s, 42.8 MB/s
2026-05-20 03:14:28,270 DEBUG   392167424 bytes (392 MB) copied, 9.195752 s, 42.6 MB/s
2026-05-20 03:14:28,270 DEBUG   435159040 bytes (435 MB) copied, 10.234760 s, 42.5 MB/s
2026-05-20 03:14:28,270 DEBUG   487587840 bytes (488 MB) copied, 11.267804 s, 43.3 MB/s
2026-05-20 03:14:28,270 DEBUG   500+0 records in
2026-05-20 03:14:28,270 DEBUG   500+0 records out
2026-05-20 03:14:28,270 DEBUG   524288000 bytes (524 MB) copied, 12.0469 s, 43.5 MB/s
2026-05-20 03:14:28,270 DEBUG   OK (disk op exit 0)
2026-05-20 03:14:28,271 DEBUG [1091/1171] VM d85a1c64… (ahv_ins_delete-0-260514-185838) via 10.114.49.137 op=update
2026-05-20 03:14:28,271 DEBUG   remote: bash -lc 'set -e; _bs(){ printf '"'"'BULK_SNAP_T %s %s\n'"'"' "$1" "$(date +%s.%N 2>/dev/null || date +%s)"; }; _bs guest_start; _bs pipeline_start; openssl enc -aes-256-ctr -pass pass:"testing" -nosalt < /dev/zero 2>/dev/null | dd of=/root/dummy_snapshot_data_1.img bs=1M count=500 iflag=fullblock conv=notrunc status=progress; ec=$?; _bs pipeline_done; _bs guest_end; exit $ec'
2026-05-20 03:14:30,760 DEBUG   BULK_SNAP_T guest_start 1779214453.930216151
2026-05-20 03:14:30,760 DEBUG   BULK_SNAP_T pipeline_start 1779214453.941944699
2026-05-20 03:14:30,760 DEBUG   BULK_SNAP_T pipeline_done 1779214466.153011947
2026-05-20 03:14:30,760 DEBUG   BULK_SNAP_T guest_end 1779214466.154716797
2026-05-20 03:14:30,760 DEBUG   
2026-05-20 03:14:30,760 DEBUG   37748736 bytes (38 MB) copied, 1.009909 s, 37.4 MB/s
2026-05-20 03:14:30,761 DEBUG   78643200 bytes (79 MB) copied, 2.025359 s, 38.8 MB/s
2026-05-20 03:14:30,761 DEBUG   115343360 bytes (115 MB) copied, 3.025581 s, 38.1 MB/s
2026-05-20 03:14:30,761 DEBUG   147849216 bytes (148 MB) copied, 4.027436 s, 36.7 MB/s
2026-05-20 03:14:30,761 DEBUG   200278016 bytes (200 MB) copied, 5.045379 s, 39.7 MB/s
2026-05-20 03:14:30,761 DEBUG   241172480 bytes (241 MB) copied, 6.080640 s, 39.7 MB/s
2026-05-20 03:14:30,761 DEBUG   285212672 bytes (285 MB) copied, 7.081237 s, 40.3 MB/s
2026-05-20 03:14:30,761 DEBUG   324009984 bytes (324 MB) copied, 8.098041 s, 40.0 MB/s
2026-05-20 03:14:30,761 DEBUG   379584512 bytes (380 MB) copied, 9.101484 s, 41.7 MB/s
2026-05-20 03:14:30,761 DEBUG   423624704 bytes (424 MB) copied, 10.114820 s, 41.9 MB/s
2026-05-20 03:14:30,761 DEBUG   477102080 bytes (477 MB) copied, 11.198543 s, 42.6 MB/s
2026-05-20 03:14:30,761 DEBUG   500+0 records in
2026-05-20 03:14:30,761 DEBUG   500+0 records out
2026-05-20 03:14:30,761 DEBUG   524288000 bytes (524 MB) copied, 12.041 s, 43.5 MB/s
2026-05-20 03:14:30,761 DEBUG   OK (disk op exit 0)
2026-05-20 03:14:30,761 DEBUG [1092/1171] VM d12399c7… (ahv_ins_delete-0-260514-185840) via 10.114.51.247 op=update
2026-05-20 03:14:30,762 DEBUG   remote: bash -lc 'set -e; _bs(){ printf '"'"'BULK_SNAP_T %s %s\n'"'"' "$1" "$(date +%s.%N 2>/dev/null || date +%s)"; }; _bs guest_start; _bs pipeline_start; openssl enc -aes-256-ctr -pass pass:"testing" -nosalt < /dev/zero 2>/dev/null | dd of=/root/dummy_snapshot_data_1.img bs=1M count=500 iflag=fullblock conv=notrunc status=progress; ec=$?; _bs pipeline_done; _bs guest_end; exit $ec'
2026-05-20 03:14:31,028 DEBUG   BULK_SNAP_T guest_start 1779214452.904439008
2026-05-20 03:14:31,028 DEBUG   BULK_SNAP_T pipeline_start 1779214452.914903788
2026-05-20 03:14:31,028 DEBUG   BULK_SNAP_T pipeline_done 1779214466.895170886
2026-05-20 03:14:31,028 DEBUG   BULK_SNAP_T guest_end 1779214466.896934525
2026-05-20 03:14:31,028 DEBUG   
2026-05-20 03:14:31,028 DEBUG   30408704 bytes (30 MB) copied, 1.007927 s, 30.2 MB/s
2026-05-20 03:14:31,028 DEBUG   65011712 bytes (65 MB) copied, 2.049351 s, 31.7 MB/s
2026-05-20 03:14:31,028 DEBUG   106954752 bytes (107 MB) copied, 3.067412 s, 34.9 MB/s
2026-05-20 03:14:31,028 DEBUG   139460608 bytes (139 MB) copied, 4.105344 s, 34.0 MB/s
2026-05-20 03:14:31,028 DEBUG   158334976 bytes (158 MB) copied, 5.105806 s, 31.0 MB/s
2026-05-20 03:14:31,028 DEBUG   203423744 bytes (203 MB) copied, 6.114751 s, 33.3 MB/s
2026-05-20 03:14:31,028 DEBUG   244318208 bytes (244 MB) copied, 7.167420 s, 34.1 MB/s
2026-05-20 03:14:31,028 DEBUG   285212672 bytes (285 MB) copied, 8.171354 s, 34.9 MB/s
2026-05-20 03:14:31,028 DEBUG   319815680 bytes (320 MB) copied, 9.175847 s, 34.9 MB/s
2026-05-20 03:14:31,028 DEBUG   355467264 bytes (355 MB) copied, 10.180435 s, 34.9 MB/s
2026-05-20 03:14:31,028 DEBUG   402653184 bytes (403 MB) copied, 11.205376 s, 35.9 MB/s
2026-05-20 03:14:31,028 DEBUG   450887680 bytes (451 MB) copied, 12.216340 s, 36.9 MB/s
2026-05-20 03:14:31,028 DEBUG   497025024 bytes (497 MB) copied, 13.218373 s, 37.6 MB/s
2026-05-20 03:14:31,028 DEBUG   500+0 records in
2026-05-20 03:14:31,028 DEBUG   500+0 records out
2026-05-20 03:14:31,028 DEBUG   524288000 bytes (524 MB) copied, 13.8517 s, 37.9 MB/s
2026-05-20 03:14:31,029 DEBUG   OK (disk op exit 0)
2026-05-20 03:14:31,029 DEBUG [1093/1171] VM 8f0a6fff… (ahv_ins_delete-0-260514-190346) via 10.114.54.69 op=update
2026-05-20 03:14:31,029 DEBUG   remote: bash -lc 'set -e; _bs(){ printf '"'"'BULK_SNAP_T %s %s\n'"'"' "$1" "$(date +%s.%N 2>/dev/null || date +%s)"; }; _bs guest_start; _bs pipeline_start; openssl enc -aes-256-ctr -pass pass:"testing" -nosalt < /dev/zero 2>/dev/null | dd of=/root/dummy_snapshot_data_1.img bs=1M count=500 iflag=fullblock conv=notrunc status=progress; ec=$?; _bs pipeline_done; _bs guest_end; exit $ec'
2026-05-20 03:14:31,054 DEBUG   BULK_SNAP_T guest_start 1779214456.528397285
2026-05-20 03:14:31,054 DEBUG   BULK_SNAP_T pipeline_start 1779214456.534057039
2026-05-20 03:14:31,054 DEBUG   BULK_SNAP_T pipeline_done 1779214468.240946491
2026-05-20 03:14:31,054 DEBUG   BULK_SNAP_T guest_end 1779214468.244813089
2026-05-20 03:14:31,054 DEBUG   
2026-05-20 03:14:31,054 DEBUG   30408704 bytes (30 MB) copied, 1.003719 s, 30.3 MB/s
2026-05-20 03:14:31,054 DEBUG   70254592 bytes (70 MB) copied, 2.010423 s, 34.9 MB/s
2026-05-20 03:14:31,054 DEBUG   116391936 bytes (116 MB) copied, 3.053614 s, 38.1 MB/s
2026-05-20 03:14:31,054 DEBUG   163577856 bytes (164 MB) copied, 4.080574 s, 40.1 MB/s
2026-05-20 03:14:31,054 DEBUG   197132288 bytes (197 MB) copied, 5.109526 s, 38.6 MB/s
2026-05-20 03:14:31,054 DEBUG   240123904 bytes (240 MB) copied, 6.139529 s, 39.1 MB/s
2026-05-20 03:14:31,054 DEBUG   286261248 bytes (286 MB) copied, 7.164488 s, 40.0 MB/s
2026-05-20 03:14:31,054 DEBUG   338690048 bytes (339 MB) copied, 8.178438 s, 41.4 MB/s
2026-05-20 03:14:31,054 DEBUG   397410304 bytes (397 MB) copied, 9.214618 s, 43.1 MB/s
2026-05-20 03:14:31,054 DEBUG   455081984 bytes (455 MB) copied, 10.238824 s, 44.4 MB/s
2026-05-20 03:14:31,054 DEBUG   512753664 bytes (513 MB) copied, 11.246728 s, 45.6 MB/s
2026-05-20 03:14:31,054 DEBUG   500+0 records in
2026-05-20 03:14:31,054 DEBUG   500+0 records out
2026-05-20 03:14:31,054 DEBUG   524288000 bytes (524 MB) copied, 11.4967 s, 45.6 MB/s
2026-05-20 03:14:31,054 DEBUG   OK (disk op exit 0)
2026-05-20 03:14:31,055 DEBUG [1094/1171] VM d20c362f… (ahv_ins_delete-0-260514-190347) via 10.114.51.63 op=update
2026-05-20 03:14:31,055 DEBUG   remote: bash -lc 'set -e; _bs(){ printf '"'"'BULK_SNAP_T %s %s\n'"'"' "$1" "$(date +%s.%N 2>/dev/null || date +%s)"; }; _bs guest_start; _bs pipeline_start; openssl enc -aes-256-ctr -pass pass:"testing" -nosalt < /dev/zero 2>/dev/null | dd of=/root/dummy_snapshot_data_1.img bs=1M count=500 iflag=fullblock conv=notrunc status=progress; ec=$?; _bs pipeline_done; _bs guest_end; exit $ec'
2026-05-20 03:14:34,544 DEBUG   BULK_SNAP_T guest_start 1779214459.413945721
2026-05-20 03:14:34,544 DEBUG   BULK_SNAP_T pipeline_start 1779214459.420646417
2026-05-20 03:14:34,544 DEBUG   BULK_SNAP_T pipeline_done 1779214470.806047084
2026-05-20 03:14:34,544 DEBUG   BULK_SNAP_T guest_end 1779214470.823822736
2026-05-20 03:14:34,544 DEBUG   
2026-05-20 03:14:34,544 DEBUG   24117248 bytes (24 MB) copied, 1.046702 s, 23.0 MB/s
2026-05-20 03:14:34,544 DEBUG   48234496 bytes (48 MB) copied, 2.075569 s, 23.2 MB/s
2026-05-20 03:14:34,544 DEBUG   87031808 bytes (87 MB) copied, 3.078682 s, 28.3 MB/s
2026-05-20 03:14:34,544 DEBUG   137363456 bytes (137 MB) copied, 4.081746 s, 33.7 MB/s
2026-05-20 03:14:34,544 DEBUG   173015040 bytes (173 MB) copied, 5.088503 s, 34.0 MB/s
2026-05-20 03:14:34,544 DEBUG   230686720 bytes (231 MB) copied, 6.102833 s, 37.8 MB/s
2026-05-20 03:14:34,544 DEBUG   288358400 bytes (288 MB) copied, 7.131365 s, 40.4 MB/s
2026-05-20 03:14:34,544 DEBUG   343932928 bytes (344 MB) copied, 8.135821 s, 42.3 MB/s
2026-05-20 03:14:34,544 DEBUG   406847488 bytes (407 MB) copied, 9.136818 s, 44.5 MB/s
2026-05-20 03:14:34,544 DEBUG   467664896 bytes (468 MB) copied, 10.149723 s, 46.1 MB/s
2026-05-20 03:14:34,544 DEBUG   520093696 bytes (520 MB) copied, 11.164575 s, 46.6 MB/s
2026-05-20 03:14:34,544 DEBUG   500+0 records in
2026-05-20 03:14:34,544 DEBUG   500+0 records out
2026-05-20 03:14:34,544 DEBUG   524288000 bytes (524 MB) copied, 11.2611 s, 46.6 MB/s
2026-05-20 03:14:34,545 DEBUG   OK (disk op exit 0)
2026-05-20 03:14:34,545 DEBUG [1095/1171] VM d3265fac… (ahv_ins_delete-0-260514-190352) via 10.114.51.8 op=update
2026-05-20 03:14:34,546 DEBUG   remote: bash -lc 'set -e; _bs(){ printf '"'"'BULK_SNAP_T %s %s\n'"'"' "$1" "$(date +%s.%N 2>/dev/null || date +%s)"; }; _bs guest_start; _bs pipeline_start; openssl enc -aes-256-ctr -pass pass:"testing" -nosalt < /dev/zero 2>/dev/null | dd of=/root/dummy_snapshot_data_1.img bs=1M count=500 iflag=fullblock conv=notrunc status=progress; ec=$?; _bs pipeline_done; _bs guest_end; exit $ec'
2026-05-20 03:14:34,805 DEBUG   BULK_SNAP_T guest_start 1779214456.829457444
2026-05-20 03:14:34,805 DEBUG   BULK_SNAP_T pipeline_start 1779214456.841035390
2026-05-20 03:14:34,805 DEBUG   BULK_SNAP_T pipeline_done 1779214470.821299247
2026-05-20 03:14:34,805 DEBUG   BULK_SNAP_T guest_end 1779214470.839838378
2026-05-20 03:14:34,805 DEBUG   
2026-05-20 03:14:34,805 DEBUG   16777216 bytes (17 MB) copied, 1.004580 s, 16.7 MB/s
2026-05-20 03:14:34,805 DEBUG   54525952 bytes (55 MB) copied, 2.013370 s, 27.1 MB/s
2026-05-20 03:14:34,805 DEBUG   92274688 bytes (92 MB) copied, 3.041150 s, 30.3 MB/s
2026-05-20 03:14:34,805 DEBUG   122683392 bytes (123 MB) copied, 4.045749 s, 30.3 MB/s
2026-05-20 03:14:34,805 DEBUG   148897792 bytes (149 MB) copied, 5.049594 s, 29.5 MB/s
2026-05-20 03:14:34,805 DEBUG   181403648 bytes (181 MB) copied, 6.061707 s, 29.9 MB/s
2026-05-20 03:14:34,805 DEBUG   222298112 bytes (222 MB) copied, 7.066836 s, 31.5 MB/s
2026-05-20 03:14:34,805 DEBUG   268435456 bytes (268 MB) copied, 8.079743 s, 33.2 MB/s
2026-05-20 03:14:34,805 DEBUG   314572800 bytes (315 MB) copied, 9.084635 s, 34.6 MB/s
2026-05-20 03:14:34,805 DEBUG   353370112 bytes (353 MB) copied, 10.090039 s, 35.0 MB/s
2026-05-20 03:14:34,805 DEBUG   404750336 bytes (405 MB) copied, 11.102809 s, 36.5 MB/s
2026-05-20 03:14:34,805 DEBUG   459276288 bytes (459 MB) copied, 12.122563 s, 37.9 MB/s
2026-05-20 03:14:34,805 DEBUG   499122176 bytes (499 MB) copied, 13.125088 s, 38.0 MB/s
2026-05-20 03:14:34,805 DEBUG   500+0 records in
2026-05-20 03:14:34,806 DEBUG   500+0 records out
2026-05-20 03:14:34,806 DEBUG   524288000 bytes (524 MB) copied, 13.7784 s, 38.1 MB/s
2026-05-20 03:14:34,806 DEBUG   OK (disk op exit 0)
2026-05-20 03:14:34,806 DEBUG [1096/1171] VM bae249de… (ahv_ins_delete-0-260514-190402) via 10.114.50.102 op=update
2026-05-20 03:14:34,806 DEBUG   remote: bash -lc 'set -e; _bs(){ printf '"'"'BULK_SNAP_T %s %s\n'"'"' "$1" "$(date +%s.%N 2>/dev/null || date +%s)"; }; _bs guest_start; _bs pipeline_start; openssl enc -aes-256-ctr -pass pass:"testing" -nosalt < /dev/zero 2>/dev/null | dd of=/root/dummy_snapshot_data_1.img bs=1M count=500 iflag=fullblock conv=notrunc status=progress; ec=$?; _bs pipeline_done; _bs guest_end; exit $ec'
2026-05-20 03:14:37,296 DEBUG   BULK_SNAP_T guest_start 1779214463.310894336
2026-05-20 03:14:37,296 DEBUG   BULK_SNAP_T pipeline_start 1779214463.320501743
2026-05-20 03:14:37,296 DEBUG   BULK_SNAP_T pipeline_done 1779214473.740363303
2026-05-20 03:14:37,296 DEBUG   BULK_SNAP_T guest_end 1779214473.747221113
2026-05-20 03:14:37,296 DEBUG   
2026-05-20 03:14:37,296 DEBUG   31457280 bytes (31 MB) copied, 1.007412 s, 31.2 MB/s
2026-05-20 03:14:37,296 DEBUG   80740352 bytes (81 MB) copied, 2.032325 s, 39.7 MB/s
2026-05-20 03:14:37,296 DEBUG   132120576 bytes (132 MB) copied, 3.032797 s, 43.6 MB/s
2026-05-20 03:14:37,296 DEBUG   174063616 bytes (174 MB) copied, 4.049579 s, 43.0 MB/s
2026-05-20 03:14:37,296 DEBUG   228589568 bytes (229 MB) copied, 5.074376 s, 45.0 MB/s
2026-05-20 03:14:37,296 DEBUG   292552704 bytes (293 MB) copied, 6.098364 s, 48.0 MB/s
2026-05-20 03:14:37,296 DEBUG   346030080 bytes (346 MB) copied, 7.100017 s, 48.7 MB/s
2026-05-20 03:14:37,296 DEBUG   399507456 bytes (400 MB) copied, 8.140448 s, 49.1 MB/s
2026-05-20 03:14:37,296 DEBUG   452984832 bytes (453 MB) copied, 9.153435 s, 49.5 MB/s
2026-05-20 03:14:37,296 DEBUG   515899392 bytes (516 MB) copied, 10.184403 s, 50.7 MB/s
2026-05-20 03:14:37,296 DEBUG   500+0 records in
2026-05-20 03:14:37,296 DEBUG   500+0 records out
2026-05-20 03:14:37,296 DEBUG   524288000 bytes (524 MB) copied, 10.2965 s, 50.9 MB/s
2026-05-20 03:14:37,296 DEBUG   OK (disk op exit 0)
2026-05-20 03:14:37,297 DEBUG [1097/1171] VM db157941… (ahv_ins_delete-0-260514-190412) via 10.114.51.146 op=update
2026-05-20 03:14:37,297 DEBUG   remote: bash -lc 'set -e; _bs(){ printf '"'"'BULK_SNAP_T %s %s\n'"'"' "$1" "$(date +%s.%N 2>/dev/null || date +%s)"; }; _bs guest_start; _bs pipeline_start; openssl enc -aes-256-ctr -pass pass:"testing" -nosalt < /dev/zero 2>/dev/null | dd of=/root/dummy_snapshot_data_1.img bs=1M count=500 iflag=fullblock conv=notrunc status=progress; ec=$?; _bs pipeline_done; _bs guest_end; exit $ec'
2026-05-20 03:14:37,546 DEBUG   BULK_SNAP_T guest_start 1779214460.341354987
2026-05-20 03:14:37,546 DEBUG   BULK_SNAP_T pipeline_start 1779214460.344300347
2026-05-20 03:14:37,546 DEBUG   BULK_SNAP_T pipeline_done 1779214473.005047368
2026-05-20 03:14:37,546 DEBUG   BULK_SNAP_T guest_end 1779214473.006561388
2026-05-20 03:14:37,546 DEBUG   
2026-05-20 03:14:37,546 DEBUG   19922944 bytes (20 MB) copied, 1.008760 s, 19.7 MB/s
2026-05-20 03:14:37,546 DEBUG   55574528 bytes (56 MB) copied, 2.054561 s, 27.0 MB/s
2026-05-20 03:14:37,546 DEBUG   94371840 bytes (94 MB) copied, 3.060733 s, 30.8 MB/s
2026-05-20 03:14:37,546 DEBUG   134217728 bytes (134 MB) copied, 4.094712 s, 32.8 MB/s
2026-05-20 03:14:37,546 DEBUG   169869312 bytes (170 MB) copied, 5.104724 s, 33.3 MB/s
2026-05-20 03:14:37,546 DEBUG   214958080 bytes (215 MB) copied, 6.118739 s, 35.1 MB/s
2026-05-20 03:14:37,546 DEBUG   263192576 bytes (263 MB) copied, 7.140663 s, 36.9 MB/s
2026-05-20 03:14:37,546 DEBUG   320864256 bytes (321 MB) copied, 8.148634 s, 39.4 MB/s
2026-05-20 03:14:37,546 DEBUG   365953024 bytes (366 MB) copied, 9.149622 s, 40.0 MB/s
2026-05-20 03:14:37,547 DEBUG   408944640 bytes (409 MB) copied, 10.169779 s, 40.2 MB/s
2026-05-20 03:14:37,547 DEBUG   452984832 bytes (453 MB) copied, 11.184770 s, 40.5 MB/s
2026-05-20 03:14:37,547 DEBUG   504365056 bytes (504 MB) copied, 12.204688 s, 41.3 MB/s
2026-05-20 03:14:37,547 DEBUG   500+0 records in
2026-05-20 03:14:37,547 DEBUG   500+0 records out
2026-05-20 03:14:37,547 DEBUG   524288000 bytes (524 MB) copied, 12.5654 s, 41.7 MB/s
2026-05-20 03:14:37,547 DEBUG   OK (disk op exit 0)
2026-05-20 03:14:37,547 DEBUG [1098/1171] VM 99a5ef9e… (ahv_ins_delete-0-260514-190937) via 10.114.48.23 op=update
2026-05-20 03:14:37,548 DEBUG   remote: bash -lc 'set -e; _bs(){ printf '"'"'BULK_SNAP_T %s %s\n'"'"' "$1" "$(date +%s.%N 2>/dev/null || date +%s)"; }; _bs guest_start; _bs pipeline_start; openssl enc -aes-256-ctr -pass pass:"testing" -nosalt < /dev/zero 2>/dev/null | dd of=/root/dummy_snapshot_data_1.img bs=1M count=500 iflag=fullblock conv=notrunc status=progress; ec=$?; _bs pipeline_done; _bs guest_end; exit $ec'
2026-05-20 03:14:41,530 DEBUG   BULK_SNAP_T guest_start 1779214466.261289908
2026-05-20 03:14:41,530 DEBUG   BULK_SNAP_T pipeline_start 1779214466.269110724
2026-05-20 03:14:41,530 DEBUG   BULK_SNAP_T pipeline_done 1779214477.558257577
2026-05-20 03:14:41,530 DEBUG   BULK_SNAP_T guest_end 1779214477.559556410
2026-05-20 03:14:41,530 DEBUG   
2026-05-20 03:14:41,530 DEBUG   29360128 bytes (29 MB) copied, 1.016135 s, 28.9 MB/s
2026-05-20 03:14:41,530 DEBUG   83886080 bytes (84 MB) copied, 2.038784 s, 41.1 MB/s
2026-05-20 03:14:41,530 DEBUG   144703488 bytes (145 MB) copied, 3.055795 s, 47.4 MB/s
2026-05-20 03:14:41,530 DEBUG   184549376 bytes (185 MB) copied, 4.059374 s, 45.5 MB/s
2026-05-20 03:14:41,530 DEBUG   227540992 bytes (228 MB) copied, 5.098259 s, 44.6 MB/s
2026-05-20 03:14:41,530 DEBUG   282066944 bytes (282 MB) copied, 6.110184 s, 46.2 MB/s
2026-05-20 03:14:41,530 DEBUG   332398592 bytes (332 MB) copied, 7.117759 s, 46.7 MB/s
2026-05-20 03:14:41,530 DEBUG   381681664 bytes (382 MB) copied, 8.129760 s, 46.9 MB/s
2026-05-20 03:14:41,530 DEBUG   430964736 bytes (431 MB) copied, 9.135757 s, 47.2 MB/s
2026-05-20 03:14:41,530 DEBUG   477102080 bytes (477 MB) copied, 10.144994 s, 47.0 MB/s
2026-05-20 03:14:41,530 DEBUG   523239424 bytes (523 MB) copied, 11.162179 s, 46.9 MB/s
2026-05-20 03:14:41,530 DEBUG   500+0 records in
2026-05-20 03:14:41,530 DEBUG   500+0 records out
2026-05-20 03:14:41,530 DEBUG   524288000 bytes (524 MB) copied, 11.1635 s, 47.0 MB/s
2026-05-20 03:14:41,530 DEBUG   OK (disk op exit 0)
2026-05-20 03:14:41,531 DEBUG [1099/1171] VM 37098924… (ahv_ins_delete-0-260514-190940) via 10.114.52.180 op=update
2026-05-20 03:14:41,531 DEBUG   remote: bash -lc 'set -e; _bs(){ printf '"'"'BULK_SNAP_T %s %s\n'"'"' "$1" "$(date +%s.%N 2>/dev/null || date +%s)"; }; _bs guest_start; _bs pipeline_start; openssl enc -aes-256-ctr -pass pass:"testing" -nosalt < /dev/zero 2>/dev/null | dd of=/root/dummy_snapshot_data_1.img bs=1M count=500 iflag=fullblock conv=notrunc status=progress; ec=$?; _bs pipeline_done; _bs guest_end; exit $ec'
2026-05-20 03:14:42,056 DEBUG   BULK_SNAP_T guest_start 1779214464.239729534
2026-05-20 03:14:42,056 DEBUG   BULK_SNAP_T pipeline_start 1779214464.248396116
2026-05-20 03:14:42,056 DEBUG   BULK_SNAP_T pipeline_done 1779214477.520074964
2026-05-20 03:14:42,056 DEBUG   BULK_SNAP_T guest_end 1779214477.521454678
2026-05-20 03:14:42,056 DEBUG   
2026-05-20 03:14:42,056 DEBUG   32505856 bytes (33 MB) copied, 1.077962 s, 30.2 MB/s
2026-05-20 03:14:42,056 DEBUG   62914560 bytes (63 MB) copied, 2.094245 s, 30.0 MB/s
2026-05-20 03:14:42,056 DEBUG   104857600 bytes (105 MB) copied, 3.114343 s, 33.7 MB/s
2026-05-20 03:14:42,056 DEBUG   148897792 bytes (149 MB) copied, 4.122177 s, 36.1 MB/s
2026-05-20 03:14:42,056 DEBUG   188743680 bytes (189 MB) copied, 5.125972 s, 36.8 MB/s
2026-05-20 03:14:42,056 DEBUG   230686720 bytes (231 MB) copied, 6.154879 s, 37.5 MB/s
2026-05-20 03:14:42,056 DEBUG   274726912 bytes (275 MB) copied, 7.159178 s, 38.4 MB/s
2026-05-20 03:14:42,056 DEBUG   318767104 bytes (319 MB) copied, 8.197882 s, 38.9 MB/s
2026-05-20 03:14:42,056 DEBUG   365953024 bytes (366 MB) copied, 9.204890 s, 39.8 MB/s
2026-05-20 03:14:42,056 DEBUG   406847488 bytes (407 MB) copied, 10.212872 s, 39.8 MB/s
2026-05-20 03:14:42,056 DEBUG   450887680 bytes (451 MB) copied, 11.235866 s, 40.1 MB/s
2026-05-20 03:14:42,056 DEBUG   490733568 bytes (491 MB) copied, 12.260894 s, 40.0 MB/s
2026-05-20 03:14:42,056 DEBUG   500+0 records in
2026-05-20 03:14:42,056 DEBUG   500+0 records out
2026-05-20 03:14:42,056 DEBUG   524288000 bytes (524 MB) copied, 13.1249 s, 39.9 MB/s
2026-05-20 03:14:42,056 DEBUG   OK (disk op exit 0)
2026-05-20 03:14:42,057 DEBUG [1100/1171] VM a3c6d26c… (ahv_ins_delete-0-260514-190944) via 10.114.52.230 op=update
2026-05-20 03:14:42,057 DEBUG   remote: bash -lc 'set -e; _bs(){ printf '"'"'BULK_SNAP_T %s %s\n'"'"' "$1" "$(date +%s.%N 2>/dev/null || date +%s)"; }; _bs guest_start; _bs pipeline_start; openssl enc -aes-256-ctr -pass pass:"testing" -nosalt < /dev/zero 2>/dev/null | dd of=/root/dummy_snapshot_data_1.img bs=1M count=500 iflag=fullblock conv=notrunc status=progress; ec=$?; _bs pipeline_done; _bs guest_end; exit $ec'
2026-05-20 03:14:44,016 DEBUG   BULK_SNAP_T guest_start 1779214466.424718504
2026-05-20 03:14:44,016 DEBUG   BULK_SNAP_T pipeline_start 1779214466.431721647
2026-05-20 03:14:44,016 DEBUG   BULK_SNAP_T pipeline_done 1779214480.097250154
2026-05-20 03:14:44,016 DEBUG   BULK_SNAP_T guest_end 1779214480.112913928
2026-05-20 03:14:44,016 DEBUG   
2026-05-20 03:14:44,016 DEBUG   25165824 bytes (25 MB) copied, 1.007634 s, 25.0 MB/s
2026-05-20 03:14:44,016 DEBUG   66060288 bytes (66 MB) copied, 2.018591 s, 32.7 MB/s
2026-05-20 03:14:44,016 DEBUG   104857600 bytes (105 MB) copied, 3.030622 s, 34.6 MB/s
2026-05-20 03:14:44,016 DEBUG   137363456 bytes (137 MB) copied, 4.039076 s, 34.0 MB/s
2026-05-20 03:14:44,017 DEBUG   176160768 bytes (176 MB) copied, 5.051627 s, 34.9 MB/s
2026-05-20 03:14:44,017 DEBUG   216006656 bytes (216 MB) copied, 6.052642 s, 35.7 MB/s
2026-05-20 03:14:44,017 DEBUG   257949696 bytes (258 MB) copied, 7.091958 s, 36.4 MB/s
2026-05-20 03:14:44,017 DEBUG   297795584 bytes (298 MB) copied, 8.105235 s, 36.7 MB/s
2026-05-20 03:14:44,017 DEBUG   343932928 bytes (344 MB) copied, 9.111617 s, 37.7 MB/s
2026-05-20 03:14:44,017 DEBUG   386924544 bytes (387 MB) copied, 10.166909 s, 38.1 MB/s
2026-05-20 03:14:44,017 DEBUG   427819008 bytes (428 MB) copied, 11.217880 s, 38.1 MB/s
2026-05-20 03:14:44,017 DEBUG   469762048 bytes (470 MB) copied, 12.222184 s, 38.4 MB/s
2026-05-20 03:14:44,017 DEBUG   513802240 bytes (514 MB) copied, 13.228124 s, 38.8 MB/s
2026-05-20 03:14:44,017 DEBUG   500+0 records in
2026-05-20 03:14:44,017 DEBUG   500+0 records out
2026-05-20 03:14:44,017 DEBUG   524288000 bytes (524 MB) copied, 13.5131 s, 38.8 MB/s
2026-05-20 03:14:44,017 DEBUG   OK (disk op exit 0)
2026-05-20 03:14:44,018 DEBUG [1101/1171] VM c2251f5c… (ahv_ins_delete-0-260514-190948) via 10.114.48.128 op=update
2026-05-20 03:14:44,018 DEBUG   remote: bash -lc 'set -e; _bs(){ printf '"'"'BULK_SNAP_T %s %s\n'"'"' "$1" "$(date +%s.%N 2>/dev/null || date +%s)"; }; _bs guest_start; _bs pipeline_start; openssl enc -aes-256-ctr -pass pass:"testing" -nosalt < /dev/zero 2>/dev/null | dd of=/root/dummy_snapshot_data_1.img bs=1M count=500 iflag=fullblock conv=notrunc status=progress; ec=$?; _bs pipeline_done; _bs guest_end; exit $ec'
2026-05-20 03:14:44,789 DEBUG   BULK_SNAP_T guest_start 1779214469.124173299
2026-05-20 03:14:44,789 DEBUG   BULK_SNAP_T pipeline_start 1779214469.131677164
2026-05-20 03:14:44,789 DEBUG   BULK_SNAP_T pipeline_done 1779214480.400421363
2026-05-20 03:14:44,789 DEBUG   BULK_SNAP_T guest_end 1779214480.912359375
2026-05-20 03:14:44,789 DEBUG   
2026-05-20 03:14:44,789 DEBUG   30408704 bytes (30 MB) copied, 1.054403 s, 28.8 MB/s
2026-05-20 03:14:44,789 DEBUG   74448896 bytes (74 MB) copied, 2.076559 s, 35.9 MB/s
2026-05-20 03:14:44,789 DEBUG   121634816 bytes (122 MB) copied, 3.095418 s, 39.3 MB/s
2026-05-20 03:14:44,789 DEBUG   162529280 bytes (163 MB) copied, 4.095871 s, 39.7 MB/s
2026-05-20 03:14:44,789 DEBUG   213909504 bytes (214 MB) copied, 5.133150 s, 41.7 MB/s
2026-05-20 03:14:44,789 DEBUG   270532608 bytes (271 MB) copied, 6.159306 s, 43.9 MB/s
2026-05-20 03:14:44,789 DEBUG   326107136 bytes (326 MB) copied, 7.203314 s, 45.3 MB/s
2026-05-20 03:14:44,789 DEBUG   375390208 bytes (375 MB) copied, 8.246333 s, 45.5 MB/s
2026-05-20 03:14:44,789 DEBUG   433061888 bytes (433 MB) copied, 9.277491 s, 46.7 MB/s
2026-05-20 03:14:44,789 DEBUG   484442112 bytes (484 MB) copied, 10.277571 s, 47.1 MB/s
2026-05-20 03:14:44,789 DEBUG   500+0 records in
2026-05-20 03:14:44,789 DEBUG   500+0 records out
2026-05-20 03:14:44,789 DEBUG   524288000 bytes (524 MB) copied, 11.1061 s, 47.2 MB/s
2026-05-20 03:14:44,789 DEBUG   OK (disk op exit 0)
2026-05-20 03:14:44,790 DEBUG [1102/1171] VM e06a3390… (ahv_ins_delete-0-260514-190948) via 10.114.53.0 op=update
2026-05-20 03:14:44,790 DEBUG   remote: bash -lc 'set -e; _bs(){ printf '"'"'BULK_SNAP_T %s %s\n'"'"' "$1" "$(date +%s.%N 2>/dev/null || date +%s)"; }; _bs guest_start; _bs pipeline_start; openssl enc -aes-256-ctr -pass pass:"testing" -nosalt < /dev/zero 2>/dev/null | dd of=/root/dummy_snapshot_data_1.img bs=1M count=500 iflag=fullblock conv=notrunc status=progress; ec=$?; _bs pipeline_done; _bs guest_end; exit $ec'
2026-05-20 03:14:45,064 DEBUG   BULK_SNAP_T guest_start 1779214469.613179300
2026-05-20 03:14:45,064 DEBUG   BULK_SNAP_T pipeline_start 1779214469.623344907
2026-05-20 03:14:45,064 DEBUG   BULK_SNAP_T pipeline_done 1779214481.557688435
2026-05-20 03:14:45,064 DEBUG   BULK_SNAP_T guest_end 1779214481.575458086
2026-05-20 03:14:45,064 DEBUG   
2026-05-20 03:14:45,064 DEBUG   30408704 bytes (30 MB) copied, 1.005320 s, 30.2 MB/s
2026-05-20 03:14:45,064 DEBUG   72351744 bytes (72 MB) copied, 2.034322 s, 35.6 MB/s
2026-05-20 03:14:45,064 DEBUG   114294784 bytes (114 MB) copied, 3.036065 s, 37.6 MB/s
2026-05-20 03:14:45,064 DEBUG   159383552 bytes (159 MB) copied, 4.063796 s, 39.2 MB/s
2026-05-20 03:14:45,064 DEBUG   207618048 bytes (208 MB) copied, 5.085992 s, 40.8 MB/s
2026-05-20 03:14:45,064 DEBUG   261095424 bytes (261 MB) copied, 6.088232 s, 42.9 MB/s
2026-05-20 03:14:45,064 DEBUG   306184192 bytes (306 MB) copied, 7.111692 s, 43.1 MB/s
2026-05-20 03:14:45,064 DEBUG   348127232 bytes (348 MB) copied, 8.128131 s, 42.8 MB/s
2026-05-20 03:14:45,064 DEBUG   395313152 bytes (395 MB) copied, 9.135638 s, 43.3 MB/s
2026-05-20 03:14:45,064 DEBUG   446693376 bytes (447 MB) copied, 10.136248 s, 44.1 MB/s
2026-05-20 03:14:45,064 DEBUG   491782144 bytes (492 MB) copied, 11.145127 s, 44.1 MB/s
2026-05-20 03:14:45,064 DEBUG   500+0 records in
2026-05-20 03:14:45,064 DEBUG   500+0 records out
2026-05-20 03:14:45,064 DEBUG   524288000 bytes (524 MB) copied, 11.8233 s, 44.3 MB/s
2026-05-20 03:14:45,064 DEBUG   OK (disk op exit 0)
2026-05-20 03:14:45,065 DEBUG [1103/1171] VM c2609b16… (ahv_ins_delete-0-260514-191505) via 10.114.49.22 op=update
2026-05-20 03:14:45,065 DEBUG   remote: bash -lc 'set -e; _bs(){ printf '"'"'BULK_SNAP_T %s %s\n'"'"' "$1" "$(date +%s.%N 2>/dev/null || date +%s)"; }; _bs guest_start; _bs pipeline_start; openssl enc -aes-256-ctr -pass pass:"testing" -nosalt < /dev/zero 2>/dev/null | dd of=/root/dummy_snapshot_data_1.img bs=1M count=500 iflag=fullblock conv=notrunc status=progress; ec=$?; _bs pipeline_done; _bs guest_end; exit $ec'
2026-05-20 03:14:46,521 DEBUG   BULK_SNAP_T guest_start 1779214468.969378102
2026-05-20 03:14:46,521 DEBUG   BULK_SNAP_T pipeline_start 1779214468.979048867
2026-05-20 03:14:46,521 DEBUG   BULK_SNAP_T pipeline_done 1779214482.602152570
2026-05-20 03:14:46,521 DEBUG   BULK_SNAP_T guest_end 1779214482.614342564
2026-05-20 03:14:46,521 DEBUG   
2026-05-20 03:14:46,521 DEBUG   29360128 bytes (29 MB) copied, 1.013443 s, 29.0 MB/s
2026-05-20 03:14:46,521 DEBUG   67108864 bytes (67 MB) copied, 2.048634 s, 32.8 MB/s
2026-05-20 03:14:46,521 DEBUG   106954752 bytes (107 MB) copied, 3.054858 s, 35.0 MB/s
2026-05-20 03:14:46,521 DEBUG   140509184 bytes (141 MB) copied, 4.092870 s, 34.3 MB/s
2026-05-20 03:14:46,522 DEBUG   171966464 bytes (172 MB) copied, 5.100640 s, 33.7 MB/s
2026-05-20 03:14:46,522 DEBUG   221249536 bytes (221 MB) copied, 6.112548 s, 36.2 MB/s
2026-05-20 03:14:46,522 DEBUG   258998272 bytes (259 MB) copied, 7.112626 s, 36.4 MB/s
2026-05-20 03:14:46,522 DEBUG   297795584 bytes (298 MB) copied, 8.113658 s, 36.7 MB/s
2026-05-20 03:14:46,522 DEBUG   334495744 bytes (334 MB) copied, 9.134647 s, 36.6 MB/s
2026-05-20 03:14:46,522 DEBUG   380633088 bytes (381 MB) copied, 10.138574 s, 37.5 MB/s
2026-05-20 03:14:46,522 DEBUG   418381824 bytes (418 MB) copied, 11.158567 s, 37.5 MB/s
2026-05-20 03:14:46,522 DEBUG   464519168 bytes (465 MB) copied, 12.165597 s, 38.2 MB/s
2026-05-20 03:14:46,522 DEBUG   510656512 bytes (511 MB) copied, 13.181639 s, 38.7 MB/s
2026-05-20 03:14:46,522 DEBUG   500+0 records in
2026-05-20 03:14:46,522 DEBUG   500+0 records out
2026-05-20 03:14:46,522 DEBUG   524288000 bytes (524 MB) copied, 13.4768 s, 38.9 MB/s
2026-05-20 03:14:46,522 DEBUG   OK (disk op exit 0)
2026-05-20 03:14:46,522 DEBUG [1104/1171] VM f6cbb609… (ahv_ins_delete-0-260514-191510) via 10.114.49.101 op=update
2026-05-20 03:14:46,523 DEBUG   remote: bash -lc 'set -e; _bs(){ printf '"'"'BULK_SNAP_T %s %s\n'"'"' "$1" "$(date +%s.%N 2>/dev/null || date +%s)"; }; _bs guest_start; _bs pipeline_start; openssl enc -aes-256-ctr -pass pass:"testing" -nosalt < /dev/zero 2>/dev/null | dd of=/root/dummy_snapshot_data_1.img bs=1M count=500 iflag=fullblock conv=notrunc status=progress; ec=$?; _bs pipeline_done; _bs guest_end; exit $ec'
2026-05-20 03:14:47,816 DEBUG   BULK_SNAP_T guest_start 1779214473.920840227
2026-05-20 03:14:47,817 DEBUG   BULK_SNAP_T pipeline_start 1779214473.929633072
2026-05-20 03:14:47,817 DEBUG   BULK_SNAP_T pipeline_done 1779214484.855023281
2026-05-20 03:14:47,817 DEBUG   BULK_SNAP_T guest_end 1779214484.871171059
2026-05-20 03:14:47,817 DEBUG   
2026-05-20 03:14:47,817 DEBUG   27262976 bytes (27 MB) copied, 1.001549 s, 27.2 MB/s
2026-05-20 03:14:47,817 DEBUG   79691776 bytes (80 MB) copied, 2.009499 s, 39.7 MB/s
2026-05-20 03:14:47,817 DEBUG   127926272 bytes (128 MB) copied, 3.014812 s, 42.4 MB/s
2026-05-20 03:14:47,817 DEBUG   159383552 bytes (159 MB) copied, 4.017207 s, 39.7 MB/s
2026-05-20 03:14:47,817 DEBUG   204472320 bytes (204 MB) copied, 5.042865 s, 40.5 MB/s
2026-05-20 03:14:47,817 DEBUG   263192576 bytes (263 MB) copied, 6.050965 s, 43.5 MB/s
2026-05-20 03:14:47,817 DEBUG   314572800 bytes (315 MB) copied, 7.072846 s, 44.5 MB/s
2026-05-20 03:14:47,817 DEBUG   374341632 bytes (374 MB) copied, 8.084756 s, 46.3 MB/s
2026-05-20 03:14:47,817 DEBUG   430964736 bytes (431 MB) copied, 9.106516 s, 47.3 MB/s
2026-05-20 03:14:47,817 DEBUG   486539264 bytes (487 MB) copied, 10.106844 s, 48.1 MB/s
2026-05-20 03:14:47,817 DEBUG   500+0 records in
2026-05-20 03:14:47,817 DEBUG   500+0 records out
2026-05-20 03:14:47,817 DEBUG   524288000 bytes (524 MB) copied, 10.792 s, 48.6 MB/s
2026-05-20 03:14:47,817 DEBUG   OK (disk op exit 0)
2026-05-20 03:14:47,818 DEBUG [1105/1171] VM ca917593… (ahv_ins_delete-0-260514-191520) via 10.114.54.43 op=update
2026-05-20 03:14:47,818 DEBUG   remote: bash -lc 'set -e; _bs(){ printf '"'"'BULK_SNAP_T %s %s\n'"'"' "$1" "$(date +%s.%N 2>/dev/null || date +%s)"; }; _bs guest_start; _bs pipeline_start; openssl enc -aes-256-ctr -pass pass:"testing" -nosalt < /dev/zero 2>/dev/null | dd of=/root/dummy_snapshot_data_1.img bs=1M count=500 iflag=fullblock conv=notrunc status=progress; ec=$?; _bs pipeline_done; _bs guest_end; exit $ec'
2026-05-20 03:14:49,307 DEBUG   BULK_SNAP_T guest_start 1779214473.277484252
2026-05-20 03:14:49,307 DEBUG   BULK_SNAP_T pipeline_start 1779214473.294733764
2026-05-20 03:14:49,307 DEBUG   BULK_SNAP_T pipeline_done 1779214485.697809314
2026-05-20 03:14:49,307 DEBUG   BULK_SNAP_T guest_end 1779214485.706854752
2026-05-20 03:14:49,307 DEBUG   
2026-05-20 03:14:49,307 DEBUG   32505856 bytes (33 MB) copied, 1.001943 s, 32.4 MB/s
2026-05-20 03:14:49,307 DEBUG   74448896 bytes (74 MB) copied, 2.011945 s, 37.0 MB/s
2026-05-20 03:14:49,308 DEBUG   117440512 bytes (117 MB) copied, 3.029933 s, 38.8 MB/s
2026-05-20 03:14:49,308 DEBUG   146800640 bytes (147 MB) copied, 4.108979 s, 35.7 MB/s
2026-05-20 03:14:49,308 DEBUG   184549376 bytes (185 MB) copied, 5.110376 s, 36.1 MB/s
2026-05-20 03:14:49,308 DEBUG   232783872 bytes (233 MB) copied, 6.114904 s, 38.1 MB/s
2026-05-20 03:14:49,308 DEBUG   276824064 bytes (277 MB) copied, 7.132163 s, 38.8 MB/s
2026-05-20 03:14:49,308 DEBUG   328204288 bytes (328 MB) copied, 8.134020 s, 40.3 MB/s
2026-05-20 03:14:49,308 DEBUG   373293056 bytes (373 MB) copied, 9.146895 s, 40.8 MB/s
2026-05-20 03:14:49,308 DEBUG   420478976 bytes (420 MB) copied, 10.150126 s, 41.4 MB/s
2026-05-20 03:14:49,308 DEBUG   469762048 bytes (470 MB) copied, 11.153336 s, 42.1 MB/s
2026-05-20 03:14:49,308 DEBUG   515899392 bytes (516 MB) copied, 12.160494 s, 42.4 MB/s
2026-05-20 03:14:49,308 DEBUG   500+0 records in
2026-05-20 03:14:49,308 DEBUG   500+0 records out
2026-05-20 03:14:49,308 DEBUG   524288000 bytes (524 MB) copied, 12.3201 s, 42.6 MB/s
2026-05-20 03:14:49,308 DEBUG   OK (disk op exit 0)
2026-05-20 03:14:49,309 DEBUG [1106/1171] VM 74313f6f… (ahv_ins_delete-0-260514-191527) via 10.114.49.145 op=update
2026-05-20 03:14:49,309 DEBUG   remote: bash -lc 'set -e; _bs(){ printf '"'"'BULK_SNAP_T %s %s\n'"'"' "$1" "$(date +%s.%N 2>/dev/null || date +%s)"; }; _bs guest_start; _bs pipeline_start; openssl enc -aes-256-ctr -pass pass:"testing" -nosalt < /dev/zero 2>/dev/null | dd of=/root/dummy_snapshot_data_1.img bs=1M count=500 iflag=fullblock conv=notrunc status=progress; ec=$?; _bs pipeline_done; _bs guest_end; exit $ec'
2026-05-20 03:14:50,057 DEBUG   BULK_SNAP_T guest_start 1779214475.579334270
2026-05-20 03:14:50,057 DEBUG   BULK_SNAP_T pipeline_start 1779214475.586930156
2026-05-20 03:14:50,057 DEBUG   BULK_SNAP_T pipeline_done 1779214486.542752527
2026-05-20 03:14:50,057 DEBUG   BULK_SNAP_T guest_end 1779214486.550343719
2026-05-20 03:14:50,057 DEBUG   
2026-05-20 03:14:50,057 DEBUG   34603008 bytes (35 MB) copied, 1.002864 s, 34.5 MB/s
2026-05-20 03:14:50,057 DEBUG   76546048 bytes (77 MB) copied, 2.029722 s, 37.7 MB/s
2026-05-20 03:14:50,057 DEBUG   123731968 bytes (124 MB) copied, 3.079710 s, 40.2 MB/s
2026-05-20 03:14:50,057 DEBUG   169869312 bytes (170 MB) copied, 4.089687 s, 41.5 MB/s
2026-05-20 03:14:50,057 DEBUG   223346688 bytes (223 MB) copied, 5.105773 s, 43.7 MB/s
2026-05-20 03:14:50,057 DEBUG   283115520 bytes (283 MB) copied, 6.120856 s, 46.3 MB/s
2026-05-20 03:14:50,057 DEBUG   336592896 bytes (337 MB) copied, 7.165800 s, 47.0 MB/s
2026-05-20 03:14:50,057 DEBUG   385875968 bytes (386 MB) copied, 8.193709 s, 47.1 MB/s
2026-05-20 03:14:50,057 DEBUG   443547648 bytes (444 MB) copied, 9.226899 s, 48.1 MB/s
2026-05-20 03:14:50,057 DEBUG   495976448 bytes (496 MB) copied, 10.264621 s, 48.3 MB/s
2026-05-20 03:14:50,057 DEBUG   500+0 records in
2026-05-20 03:14:50,057 DEBUG   500+0 records out
2026-05-20 03:14:50,057 DEBUG   524288000 bytes (524 MB) copied, 10.8235 s, 48.4 MB/s
2026-05-20 03:14:50,057 DEBUG   OK (disk op exit 0)
2026-05-20 03:14:50,058 DEBUG [1107/1171] VM 6e5880fb… (ahv_ins_delete-0-260514-191530) via 10.114.50.38 op=update
2026-05-20 03:14:50,058 DEBUG   remote: bash -lc 'set -e; _bs(){ printf '"'"'BULK_SNAP_T %s %s\n'"'"' "$1" "$(date +%s.%N 2>/dev/null || date +%s)"; }; _bs guest_start; _bs pipeline_start; openssl enc -aes-256-ctr -pass pass:"testing" -nosalt < /dev/zero 2>/dev/null | dd of=/root/dummy_snapshot_data_1.img bs=1M count=500 iflag=fullblock conv=notrunc status=progress; ec=$?; _bs pipeline_done; _bs guest_end; exit $ec'
2026-05-20 03:14:52,717 DEBUG   ssh: connect to host 10.114.113.162 port 22: Connection timed out
2026-05-20 03:14:52,717 ERROR Guest disk op failed ec=255 vm=ahv_ins_delete-0-260518-173108 ip=10.114.113.162 — ssh: connect to host 10.114.113.162 port 22: Connection timed out
2026-05-20 03:14:52,717 WARNING Guest disk op wall 30.3s (vm='ahv_ins_delete-0-260518-173108' ip=10.114.113.162 op=update ec=255) — includes SSH + guest disk command; if still high, check guest disk throughput vs. MiB settings.
2026-05-20 03:14:52,718 DEBUG [43/1171] VM 9351e88a… (ahv_ins_delete-0-260518-174125) via 10.114.121.16 op=update
2026-05-20 03:14:52,718 DEBUG   remote: bash -lc 'set -e; _bs(){ printf '"'"'BULK_SNAP_T %s %s\n'"'"' "$1" "$(date +%s.%N 2>/dev/null || date +%s)"; }; _bs guest_start; _bs pipeline_start; openssl enc -aes-256-ctr -pass pass:"testing" -nosalt < /dev/zero 2>/dev/null | dd of=/root/dummy_snapshot_data_1.img bs=1M count=500 iflag=fullblock conv=notrunc status=progress; ec=$?; _bs pipeline_done; _bs guest_end; exit $ec'
2026-05-20 03:14:52,753 DEBUG   ssh: connect to host 10.114.113.173 port 22: Connection timed out
2026-05-20 03:14:52,754 ERROR Guest disk op failed ec=255 vm=ahv_ins_delete-0-260518-173141 ip=10.114.113.173 — ssh: connect to host 10.114.113.173 port 22: Connection timed out
2026-05-20 03:14:52,754 WARNING Guest disk op wall 30.3s (vm='ahv_ins_delete-0-260518-173141' ip=10.114.113.173 op=update ec=255) — includes SSH + guest disk command; if still high, check guest disk throughput vs. MiB settings.
2026-05-20 03:14:52,754 DEBUG [44/1171] VM 99cf6ad2… (ahv_ins_delete-0-260518-174206) via 10.114.113.148 op=update
2026-05-20 03:14:52,758 DEBUG   remote: bash -lc 'set -e; _bs(){ printf '"'"'BULK_SNAP_T %s %s\n'"'"' "$1" "$(date +%s.%N 2>/dev/null || date +%s)"; }; _bs guest_start; _bs pipeline_start; openssl enc -aes-256-ctr -pass pass:"testing" -nosalt < /dev/zero 2>/dev/null | dd of=/root/dummy_snapshot_data_1.img bs=1M count=500 iflag=fullblock conv=notrunc status=progress; ec=$?; _bs pipeline_done; _bs guest_end; exit $ec'
2026-05-20 03:14:52,763 DEBUG   ssh: connect to host 10.114.113.175 port 22: Connection timed out
2026-05-20 03:14:52,763 ERROR Guest disk op failed ec=255 vm=ahv_ins_delete-0-260518-173204 ip=10.114.113.175 — ssh: connect to host 10.114.113.175 port 22: Connection timed out
2026-05-20 03:14:52,763 WARNING Guest disk op wall 30.3s (vm='ahv_ins_delete-0-260518-173204' ip=10.114.113.175 op=update ec=255) — includes SSH + guest disk command; if still high, check guest disk throughput vs. MiB settings.
2026-05-20 03:14:52,764 DEBUG [45/1171] VM 148d0b06… (ahv_ins_delete-0-260518-174230) via 10.114.121.18 op=update
2026-05-20 03:14:52,764 DEBUG   remote: bash -lc 'set -e; _bs(){ printf '"'"'BULK_SNAP_T %s %s\n'"'"' "$1" "$(date +%s.%N 2>/dev/null || date +%s)"; }; _bs guest_start; _bs pipeline_start; openssl enc -aes-256-ctr -pass pass:"testing" -nosalt < /dev/zero 2>/dev/null | dd of=/root/dummy_snapshot_data_1.img bs=1M count=500 iflag=fullblock conv=notrunc status=progress; ec=$?; _bs pipeline_done; _bs guest_end; exit $ec'
2026-05-20 03:14:52,766 DEBUG   ssh: connect to host 10.114.113.172 port 22: Connection timed out
2026-05-20 03:14:52,766 ERROR Guest disk op failed ec=255 vm=ahv_ins_delete-0-260518-173148 ip=10.114.113.172 — ssh: connect to host 10.114.113.172 port 22: Connection timed out
2026-05-20 03:14:52,766 WARNING Guest disk op wall 30.3s (vm='ahv_ins_delete-0-260518-173148' ip=10.114.113.172 op=update ec=255) — includes SSH + guest disk command; if still high, check guest disk throughput vs. MiB settings.
2026-05-20 03:14:52,767 DEBUG [46/1171] VM 718acce5… (ahv_ins_delete-0-260518-174243) via 10.114.113.151 op=update
2026-05-20 03:14:52,767 DEBUG   remote: bash -lc 'set -e; _bs(){ printf '"'"'BULK_SNAP_T %s %s\n'"'"' "$1" "$(date +%s.%N 2>/dev/null || date +%s)"; }; _bs guest_start; _bs pipeline_start; openssl enc -aes-256-ctr -pass pass:"testing" -nosalt < /dev/zero 2>/dev/null | dd of=/root/dummy_snapshot_data_1.img bs=1M count=500 iflag=fullblock conv=notrunc status=progress; ec=$?; _bs pipeline_done; _bs guest_end; exit $ec'
2026-05-20 03:14:52,999 DEBUG   ssh: connect to host 10.114.121.23 port 22: Connection timed out
2026-05-20 03:14:52,999 ERROR Guest disk op failed ec=255 vm=ahv_ins_delete-0-260518-173602 ip=10.114.121.23 — ssh: connect to host 10.114.121.23 port 22: Connection timed out
2026-05-20 03:14:52,999 WARNING Guest disk op wall 30.3s (vm='ahv_ins_delete-0-260518-173602' ip=10.114.121.23 op=update ec=255) — includes SSH + guest disk command; if still high, check guest disk throughput vs. MiB settings.
2026-05-20 03:14:53,000 DEBUG [47/1171] VM dcbf30e6… (ahv_ins_delete-0-260518-174256) via 10.114.113.145 op=update
2026-05-20 03:14:53,000 DEBUG   remote: bash -lc 'set -e; _bs(){ printf '"'"'BULK_SNAP_T %s %s\n'"'"' "$1" "$(date +%s.%N 2>/dev/null || date +%s)"; }; _bs guest_start; _bs pipeline_start; openssl enc -aes-256-ctr -pass pass:"testing" -nosalt < /dev/zero 2>/dev/null | dd of=/root/dummy_snapshot_data_1.img bs=1M count=500 iflag=fullblock conv=notrunc status=progress; ec=$?; _bs pipeline_done; _bs guest_end; exit $ec'
2026-05-20 03:14:53,004 DEBUG   ssh: connect to host 10.114.113.169 port 22: Connection timed out
2026-05-20 03:14:53,004 ERROR Guest disk op failed ec=255 vm=ahv_ins_delete-0-260518-173645 ip=10.114.113.169 — ssh: connect to host 10.114.113.169 port 22: Connection timed out
2026-05-20 03:14:53,004 WARNING Guest disk op wall 30.3s (vm='ahv_ins_delete-0-260518-173645' ip=10.114.113.169 op=update ec=255) — includes SSH + guest disk command; if still high, check guest disk throughput vs. MiB settings.
2026-05-20 03:14:53,005 DEBUG [48/1171] VM 04e80b11… (ahv_ins_delete-0-260518-174619) via 10.114.113.144 op=update
2026-05-20 03:14:53,005 DEBUG   ssh: connect to host 10.114.121.21 port 22: Connection timed out
2026-05-20 03:14:53,005 DEBUG   remote: bash -lc 'set -e; _bs(){ printf '"'"'BULK_SNAP_T %s %s\n'"'"' "$1" "$(date +%s.%N 2>/dev/null || date +%s)"; }; _bs guest_start; _bs pipeline_start; openssl enc -aes-256-ctr -pass pass:"testing" -nosalt < /dev/zero 2>/dev/null | dd of=/root/dummy_snapshot_data_1.img bs=1M count=500 iflag=fullblock conv=notrunc status=progress; ec=$?; _bs pipeline_done; _bs guest_end; exit $ec'
2026-05-20 03:14:53,007 ERROR Guest disk op failed ec=255 vm=ahv_ins_delete-0-260518-173228 ip=10.114.121.21 — ssh: connect to host 10.114.121.21 port 22: Connection timed out
2026-05-20 03:14:53,008 WARNING Guest disk op wall 30.3s (vm='ahv_ins_delete-0-260518-173228' ip=10.114.121.21 op=update ec=255) — includes SSH + guest disk command; if still high, check guest disk throughput vs. MiB settings.
2026-05-20 03:14:53,008 DEBUG [49/1171] VM fd97cca8… (ahv_ins_delete-0-260518-174725) via 10.114.113.147 op=update
2026-05-20 03:14:53,009 DEBUG   remote: bash -lc 'set -e; _bs(){ printf '"'"'BULK_SNAP_T %s %s\n'"'"' "$1" "$(date +%s.%N 2>/dev/null || date +%s)"; }; _bs guest_start; _bs pipeline_start; openssl enc -aes-256-ctr -pass pass:"testing" -nosalt < /dev/zero 2>/dev/null | dd of=/root/dummy_snapshot_data_1.img bs=1M count=500 iflag=fullblock conv=notrunc status=progress; ec=$?; _bs pipeline_done; _bs guest_end; exit $ec'
2026-05-20 03:14:53,011 DEBUG   ssh: connect to host 10.114.113.168 port 22: Connection timed out
2026-05-20 03:14:53,012 ERROR Guest disk op failed ec=255 vm=ahv_ins_delete-0-260518-173703 ip=10.114.113.168 — ssh: connect to host 10.114.113.168 port 22: Connection timed out
2026-05-20 03:14:53,012 WARNING Guest disk op wall 30.3s (vm='ahv_ins_delete-0-260518-173703' ip=10.114.113.168 op=update ec=255) — includes SSH + guest disk command; if still high, check guest disk throughput vs. MiB settings.
2026-05-20 03:14:53,012 DEBUG [50/1171] VM d93c519b… (ahv_ins_delete-0-260518-174732) via 10.114.113.146 op=update
2026-05-20 03:14:53,012 DEBUG   remote: bash -lc 'set -e; _bs(){ printf '"'"'BULK_SNAP_T %s %s\n'"'"' "$1" "$(date +%s.%N 2>/dev/null || date +%s)"; }; _bs guest_start; _bs pipeline_start; openssl enc -aes-256-ctr -pass pass:"testing" -nosalt < /dev/zero 2>/dev/null | dd of=/root/dummy_snapshot_data_1.img bs=1M count=500 iflag=fullblock conv=notrunc status=progress; ec=$?; _bs pipeline_done; _bs guest_end; exit $ec'
2026-05-20 03:14:53,016 DEBUG   ssh: connect to host 10.114.113.171 port 22: Connection timed out
2026-05-20 03:14:53,016 ERROR Guest disk op failed ec=255 vm=ahv_ins_delete-0-260518-173705 ip=10.114.113.171 — ssh: connect to host 10.114.113.171 port 22: Connection timed out
2026-05-20 03:14:53,016 WARNING Guest disk op wall 30.3s (vm='ahv_ins_delete-0-260518-173705' ip=10.114.113.171 op=update ec=255) — includes SSH + guest disk command; if still high, check guest disk throughput vs. MiB settings.
2026-05-20 03:14:53,017 DEBUG [51/1171] VM 08dcc130… (ahv_ins_delete-0-260518-174742) via 10.114.113.156 op=update
2026-05-20 03:14:53,017 DEBUG   remote: bash -lc 'set -e; _bs(){ printf '"'"'BULK_SNAP_T %s %s\n'"'"' "$1" "$(date +%s.%N 2>/dev/null || date +%s)"; }; _bs guest_start; _bs pipeline_start; openssl enc -aes-256-ctr -pass pass:"testing" -nosalt < /dev/zero 2>/dev/null | dd of=/root/dummy_snapshot_data_1.img bs=1M count=500 iflag=fullblock conv=notrunc status=progress; ec=$?; _bs pipeline_done; _bs guest_end; exit $ec'
2026-05-20 03:14:53,232 DEBUG   ssh: connect to host 10.114.113.170 port 22: Connection timed out
2026-05-20 03:14:53,232 ERROR Guest disk op failed ec=255 vm=ahv_ins_delete-0-260518-173715 ip=10.114.113.170 — ssh: connect to host 10.114.113.170 port 22: Connection timed out
2026-05-20 03:14:53,232 WARNING Guest disk op wall 30.3s (vm='ahv_ins_delete-0-260518-173715' ip=10.114.113.170 op=update ec=255) — includes SSH + guest disk command; if still high, check guest disk throughput vs. MiB settings.
2026-05-20 03:14:53,233 DEBUG [52/1171] VM f7dc761a… (ahv_ins_delete-0-260518-174800) via 10.114.121.24 op=update
2026-05-20 03:14:53,233 DEBUG   remote: bash -lc 'set -e; _bs(){ printf '"'"'BULK_SNAP_T %s %s\n'"'"' "$1" "$(date +%s.%N 2>/dev/null || date +%s)"; }; _bs guest_start; _bs pipeline_start; openssl enc -aes-256-ctr -pass pass:"testing" -nosalt < /dev/zero 2>/dev/null | dd of=/root/dummy_snapshot_data_1.img bs=1M count=500 iflag=fullblock conv=notrunc status=progress; ec=$?; _bs pipeline_done; _bs guest_end; exit $ec'
2026-05-20 03:14:53,312 DEBUG   BULK_SNAP_T guest_start 1779214476.819292075
2026-05-20 03:14:53,312 DEBUG   BULK_SNAP_T pipeline_start 1779214476.822590930
2026-05-20 03:14:53,312 DEBUG   BULK_SNAP_T pipeline_done 1779214490.134896798
2026-05-20 03:14:53,312 DEBUG   BULK_SNAP_T guest_end 1779214490.142186132
2026-05-20 03:14:53,312 DEBUG   
2026-05-20 03:14:53,312 DEBUG   26214400 bytes (26 MB) copied, 1.000499 s, 26.2 MB/s
2026-05-20 03:14:53,312 DEBUG   47185920 bytes (47 MB) copied, 2.010512 s, 23.5 MB/s
2026-05-20 03:14:53,312 DEBUG   84934656 bytes (85 MB) copied, 3.028559 s, 28.0 MB/s
2026-05-20 03:14:53,312 DEBUG   128974848 bytes (129 MB) copied, 4.042827 s, 31.9 MB/s
2026-05-20 03:14:53,312 DEBUG   168820736 bytes (169 MB) copied, 5.043444 s, 33.5 MB/s
2026-05-20 03:14:53,312 DEBUG   211812352 bytes (212 MB) copied, 6.060985 s, 34.9 MB/s
2026-05-20 03:14:53,312 DEBUG   255852544 bytes (256 MB) copied, 7.064459 s, 36.2 MB/s
2026-05-20 03:14:53,312 DEBUG   298844160 bytes (299 MB) copied, 8.101439 s, 36.9 MB/s
2026-05-20 03:14:53,312 DEBUG   346030080 bytes (346 MB) copied, 9.137486 s, 37.9 MB/s
2026-05-20 03:14:53,312 DEBUG   393216000 bytes (393 MB) copied, 10.161477 s, 38.7 MB/s
2026-05-20 03:14:53,312 DEBUG   439353344 bytes (439 MB) copied, 11.181493 s, 39.3 MB/s
2026-05-20 03:14:53,312 DEBUG   484442112 bytes (484 MB) copied, 12.197433 s, 39.7 MB/s
2026-05-20 03:14:53,312 DEBUG   500+0 records in
2026-05-20 03:14:53,312 DEBUG   500+0 records out
2026-05-20 03:14:53,312 DEBUG   524288000 bytes (524 MB) copied, 13.0858 s, 40.1 MB/s
2026-05-20 03:14:53,312 DEBUG   OK (disk op exit 0)
2026-05-20 03:14:53,313 DEBUG [1108/1171] VM c3a6ba7b… (ahv_ins_delete-0-260514-192054) via 10.114.51.142 op=update
2026-05-20 03:14:53,313 DEBUG   remote: bash -lc 'set -e; _bs(){ printf '"'"'BULK_SNAP_T %s %s\n'"'"' "$1" "$(date +%s.%N 2>/dev/null || date +%s)"; }; _bs guest_start; _bs pipeline_start; openssl enc -aes-256-ctr -pass pass:"testing" -nosalt < /dev/zero 2>/dev/null | dd of=/root/dummy_snapshot_data_1.img bs=1M count=500 iflag=fullblock conv=notrunc status=progress; ec=$?; _bs pipeline_done; _bs guest_end; exit $ec'
2026-05-20 03:14:53,792 DEBUG   BULK_SNAP_T guest_start 1779214479.749681148
2026-05-20 03:14:53,792 DEBUG   BULK_SNAP_T pipeline_start 1779214479.761518952
2026-05-20 03:14:53,792 DEBUG   BULK_SNAP_T pipeline_done 1779214489.943742494
2026-05-20 03:14:53,792 DEBUG   BULK_SNAP_T guest_end 1779214489.945363813
2026-05-20 03:14:53,792 DEBUG   
2026-05-20 03:14:53,792 DEBUG   31457280 bytes (31 MB) copied, 1.003548 s, 31.3 MB/s
2026-05-20 03:14:53,792 DEBUG   91226112 bytes (91 MB) copied, 2.039701 s, 44.7 MB/s
2026-05-20 03:14:53,792 DEBUG   140509184 bytes (141 MB) copied, 3.042506 s, 46.2 MB/s
2026-05-20 03:14:53,792 DEBUG   184549376 bytes (185 MB) copied, 4.063314 s, 45.4 MB/s
2026-05-20 03:14:53,792 DEBUG   238026752 bytes (238 MB) copied, 5.065553 s, 47.0 MB/s
2026-05-20 03:14:53,792 DEBUG   294649856 bytes (295 MB) copied, 6.070402 s, 48.5 MB/s
2026-05-20 03:14:53,792 DEBUG   356515840 bytes (357 MB) copied, 7.086381 s, 50.3 MB/s
2026-05-20 03:14:53,792 DEBUG   421527552 bytes (422 MB) copied, 8.108588 s, 52.0 MB/s
2026-05-20 03:14:53,792 DEBUG   482344960 bytes (482 MB) copied, 9.166520 s, 52.6 MB/s
2026-05-20 03:14:53,792 DEBUG   500+0 records in
2026-05-20 03:14:53,792 DEBUG   500+0 records out
2026-05-20 03:14:53,792 DEBUG   524288000 bytes (524 MB) copied, 9.96243 s, 52.6 MB/s
2026-05-20 03:14:53,792 DEBUG   OK (disk op exit 0)
2026-05-20 03:14:53,793 DEBUG [1109/1171] VM eaea2fbd… (ahv_ins_delete-0-260514-192123) via 10.114.50.242 op=update
2026-05-20 03:14:53,793 DEBUG   remote: bash -lc 'set -e; _bs(){ printf '"'"'BULK_SNAP_T %s %s\n'"'"' "$1" "$(date +%s.%N 2>/dev/null || date +%s)"; }; _bs guest_start; _bs pipeline_start; openssl enc -aes-256-ctr -pass pass:"testing" -nosalt < /dev/zero 2>/dev/null | dd of=/root/dummy_snapshot_data_1.img bs=1M count=500 iflag=fullblock conv=notrunc status=progress; ec=$?; _bs pipeline_done; _bs guest_end; exit $ec'
2026-05-20 03:14:56,783 DEBUG   BULK_SNAP_T guest_start 1779214481.944683106
2026-05-20 03:14:56,783 DEBUG   BULK_SNAP_T pipeline_start 1779214481.963142557
2026-05-20 03:14:56,783 DEBUG   BULK_SNAP_T pipeline_done 1779214493.025834123
2026-05-20 03:14:56,783 DEBUG   BULK_SNAP_T guest_end 1779214493.027269490
2026-05-20 03:14:56,783 DEBUG   
2026-05-20 03:14:56,783 DEBUG   31457280 bytes (31 MB) copied, 1.007600 s, 31.2 MB/s
2026-05-20 03:14:56,783 DEBUG   80740352 bytes (81 MB) copied, 2.051830 s, 39.4 MB/s
2026-05-20 03:14:56,783 DEBUG   125829120 bytes (126 MB) copied, 3.054863 s, 41.2 MB/s
2026-05-20 03:14:56,783 DEBUG   166723584 bytes (167 MB) copied, 4.089841 s, 40.8 MB/s
2026-05-20 03:14:56,783 DEBUG   220200960 bytes (220 MB) copied, 5.098572 s, 43.2 MB/s
2026-05-20 03:14:56,783 DEBUG   271581184 bytes (272 MB) copied, 6.129673 s, 44.3 MB/s
2026-05-20 03:14:56,783 DEBUG   325058560 bytes (325 MB) copied, 7.150829 s, 45.5 MB/s
2026-05-20 03:14:56,783 DEBUG   372244480 bytes (372 MB) copied, 8.159649 s, 45.6 MB/s
2026-05-20 03:14:56,783 DEBUG   430964736 bytes (431 MB) copied, 9.167920 s, 47.0 MB/s
2026-05-20 03:14:56,783 DEBUG   486539264 bytes (487 MB) copied, 10.207969 s, 47.7 MB/s
2026-05-20 03:14:56,783 DEBUG   500+0 records in
2026-05-20 03:14:56,783 DEBUG   500+0 records out
2026-05-20 03:14:56,783 DEBUG   524288000 bytes (524 MB) copied, 10.9321 s, 48.0 MB/s
2026-05-20 03:14:56,783 DEBUG   OK (disk op exit 0)
2026-05-20 03:14:56,784 DEBUG [1110/1171] VM 3b7deada… (ahv_ins_delete-0-260514-192200) via 10.114.52.45 op=update
2026-05-20 03:14:56,784 DEBUG   remote: bash -lc 'set -e; _bs(){ printf '"'"'BULK_SNAP_T %s %s\n'"'"' "$1" "$(date +%s.%N 2>/dev/null || date +%s)"; }; _bs guest_start; _bs pipeline_start; openssl enc -aes-256-ctr -pass pass:"testing" -nosalt < /dev/zero 2>/dev/null | dd of=/root/dummy_snapshot_data_1.img bs=1M count=500 iflag=fullblock conv=notrunc status=progress; ec=$?; _bs pipeline_done; _bs guest_end; exit $ec'
2026-05-20 03:14:57,068 DEBUG   BULK_SNAP_T guest_start 1779214480.526320407
2026-05-20 03:14:57,068 DEBUG   BULK_SNAP_T pipeline_start 1779214480.538038842
2026-05-20 03:14:57,068 DEBUG   BULK_SNAP_T pipeline_done 1779214493.244126812
2026-05-20 03:14:57,068 DEBUG   BULK_SNAP_T guest_end 1779214493.265128277
2026-05-20 03:14:57,068 DEBUG   
2026-05-20 03:14:57,068 DEBUG   34603008 bytes (35 MB) copied, 1.025092 s, 33.8 MB/s
2026-05-20 03:14:57,068 DEBUG   75497472 bytes (75 MB) copied, 2.040071 s, 37.0 MB/s
2026-05-20 03:14:57,068 DEBUG   117440512 bytes (117 MB) copied, 3.067107 s, 38.3 MB/s
2026-05-20 03:14:57,068 DEBUG   149946368 bytes (150 MB) copied, 4.068363 s, 36.9 MB/s
2026-05-20 03:14:57,068 DEBUG   200278016 bytes (200 MB) copied, 5.099068 s, 39.3 MB/s
2026-05-20 03:14:57,068 DEBUG   243269632 bytes (243 MB) copied, 6.112111 s, 39.8 MB/s
2026-05-20 03:14:57,068 DEBUG   285212672 bytes (285 MB) copied, 7.121050 s, 40.1 MB/s
2026-05-20 03:14:57,068 DEBUG   328204288 bytes (328 MB) copied, 8.149139 s, 40.3 MB/s
2026-05-20 03:14:57,068 DEBUG   372244480 bytes (372 MB) copied, 9.152221 s, 40.7 MB/s
2026-05-20 03:14:57,068 DEBUG   418381824 bytes (418 MB) copied, 10.161553 s, 41.2 MB/s
2026-05-20 03:14:57,068 DEBUG   465567744 bytes (466 MB) copied, 11.187057 s, 41.6 MB/s
2026-05-20 03:14:57,068 DEBUG   507510784 bytes (508 MB) copied, 12.239379 s, 41.5 MB/s
2026-05-20 03:14:57,068 DEBUG   500+0 records in
2026-05-20 03:14:57,068 DEBUG   500+0 records out
2026-05-20 03:14:57,068 DEBUG   524288000 bytes (524 MB) copied, 12.6043 s, 41.6 MB/s
2026-05-20 03:14:57,068 DEBUG   OK (disk op exit 0)
2026-05-20 03:14:57,069 DEBUG [1111/1171] VM 4dd28a1c… (ahv_ins_delete-0-260514-192203) via 10.114.51.110 op=update
2026-05-20 03:14:57,069 DEBUG   remote: bash -lc 'set -e; _bs(){ printf '"'"'BULK_SNAP_T %s %s\n'"'"' "$1" "$(date +%s.%N 2>/dev/null || date +%s)"; }; _bs guest_start; _bs pipeline_start; openssl enc -aes-256-ctr -pass pass:"testing" -nosalt < /dev/zero 2>/dev/null | dd of=/root/dummy_snapshot_data_1.img bs=1M count=500 iflag=fullblock conv=notrunc status=progress; ec=$?; _bs pipeline_done; _bs guest_end; exit $ec'
2026-05-20 03:14:58,575 DEBUG   BULK_SNAP_T guest_start 1779214483.306462606
2026-05-20 03:14:58,576 DEBUG   BULK_SNAP_T pipeline_start 1779214483.310349794
2026-05-20 03:14:58,576 DEBUG   BULK_SNAP_T pipeline_done 1779214494.953581492
2026-05-20 03:14:58,576 DEBUG   BULK_SNAP_T guest_end 1779214494.960566043
2026-05-20 03:14:58,576 DEBUG   
2026-05-20 03:14:58,576 DEBUG   33554432 bytes (34 MB) copied, 1.011158 s, 33.2 MB/s
2026-05-20 03:14:58,576 DEBUG   75497472 bytes (75 MB) copied, 2.012293 s, 37.5 MB/s
2026-05-20 03:14:58,576 DEBUG   119537664 bytes (120 MB) copied, 3.019375 s, 39.6 MB/s
2026-05-20 03:14:58,576 DEBUG   162529280 bytes (163 MB) copied, 4.032163 s, 40.3 MB/s
2026-05-20 03:14:58,576 DEBUG   209715200 bytes (210 MB) copied, 5.054218 s, 41.5 MB/s
2026-05-20 03:14:58,576 DEBUG   256901120 bytes (257 MB) copied, 6.069087 s, 42.3 MB/s
2026-05-20 03:14:58,576 DEBUG   311427072 bytes (311 MB) copied, 7.077243 s, 44.0 MB/s
2026-05-20 03:14:58,576 DEBUG   361758720 bytes (362 MB) copied, 8.085854 s, 44.7 MB/s
2026-05-20 03:14:58,576 DEBUG   403701760 bytes (404 MB) copied, 9.086501 s, 44.4 MB/s
2026-05-20 03:14:58,576 DEBUG   451936256 bytes (452 MB) copied, 10.095144 s, 44.8 MB/s
2026-05-20 03:14:58,576 DEBUG   502267904 bytes (502 MB) copied, 11.098844 s, 45.3 MB/s
2026-05-20 03:14:58,576 DEBUG   500+0 records in
2026-05-20 03:14:58,576 DEBUG   500+0 records out
2026-05-20 03:14:58,576 DEBUG   524288000 bytes (524 MB) copied, 11.5474 s, 45.4 MB/s
2026-05-20 03:14:58,576 DEBUG   OK (disk op exit 0)
2026-05-20 03:14:58,577 DEBUG [1112/1171] VM b9395db6… (ahv_ins_delete-0-260514-192208) via 10.114.51.91 op=update
2026-05-20 03:14:58,577 DEBUG   remote: bash -lc 'set -e; _bs(){ printf '"'"'BULK_SNAP_T %s %s\n'"'"' "$1" "$(date +%s.%N 2>/dev/null || date +%s)"; }; _bs guest_start; _bs pipeline_start; openssl enc -aes-256-ctr -pass pass:"testing" -nosalt < /dev/zero 2>/dev/null | dd of=/root/dummy_snapshot_data_1.img bs=1M count=500 iflag=fullblock conv=notrunc status=progress; ec=$?; _bs pipeline_done; _bs guest_end; exit $ec'
2026-05-20 03:15:00,310 DEBUG   BULK_SNAP_T guest_start 1779214483.352809411
2026-05-20 03:15:00,310 DEBUG   BULK_SNAP_T pipeline_start 1779214483.358765175
2026-05-20 03:15:00,310 DEBUG   BULK_SNAP_T pipeline_done 1779214496.579691463
2026-05-20 03:15:00,310 DEBUG   BULK_SNAP_T guest_end 1779214496.592245152
2026-05-20 03:15:00,310 DEBUG   
2026-05-20 03:15:00,310 DEBUG   31457280 bytes (31 MB) copied, 1.052157 s, 29.9 MB/s
2026-05-20 03:15:00,310 DEBUG   71303168 bytes (71 MB) copied, 2.082230 s, 34.2 MB/s
2026-05-20 03:15:00,310 DEBUG   99614720 bytes (100 MB) copied, 3.121148 s, 31.9 MB/s
2026-05-20 03:15:00,310 DEBUG   139460608 bytes (139 MB) copied, 4.158172 s, 33.5 MB/s
2026-05-20 03:15:00,310 DEBUG   176160768 bytes (176 MB) copied, 5.160115 s, 34.1 MB/s
2026-05-20 03:15:00,310 DEBUG   218103808 bytes (218 MB) copied, 6.165146 s, 35.4 MB/s
2026-05-20 03:15:00,310 DEBUG   258998272 bytes (259 MB) copied, 7.167213 s, 36.1 MB/s
2026-05-20 03:15:00,310 DEBUG   306184192 bytes (306 MB) copied, 8.206252 s, 37.3 MB/s
2026-05-20 03:15:00,310 DEBUG   347078656 bytes (347 MB) copied, 9.231182 s, 37.6 MB/s
2026-05-20 03:15:00,310 DEBUG   390070272 bytes (390 MB) copied, 10.256260 s, 38.0 MB/s
2026-05-20 03:15:00,310 DEBUG   435159040 bytes (435 MB) copied, 11.276155 s, 38.6 MB/s
2026-05-20 03:15:00,310 DEBUG   490733568 bytes (491 MB) copied, 12.283201 s, 40.0 MB/s
2026-05-20 03:15:00,310 DEBUG   500+0 records in
2026-05-20 03:15:00,310 DEBUG   500+0 records out
2026-05-20 03:15:00,310 DEBUG   524288000 bytes (524 MB) copied, 13.0507 s, 40.2 MB/s
2026-05-20 03:15:00,310 DEBUG   OK (disk op exit 0)
2026-05-20 03:15:00,311 DEBUG [1113/1171] VM 5bacaa90… (ahv_ins_delete-0-260514-192546) via 10.114.50.120 op=update
2026-05-20 03:15:00,311 DEBUG   remote: bash -lc 'set -e; _bs(){ printf '"'"'BULK_SNAP_T %s %s\n'"'"' "$1" "$(date +%s.%N 2>/dev/null || date +%s)"; }; _bs guest_start; _bs pipeline_start; openssl enc -aes-256-ctr -pass pass:"testing" -nosalt < /dev/zero 2>/dev/null | dd of=/root/dummy_snapshot_data_1.img bs=1M count=500 iflag=fullblock conv=notrunc status=progress; ec=$?; _bs pipeline_done; _bs guest_end; exit $ec'
2026-05-20 03:15:02,085 DEBUG   BULK_SNAP_T guest_start 1779214485.787437217
2026-05-20 03:15:02,085 DEBUG   BULK_SNAP_T pipeline_start 1779214485.794811624
2026-05-20 03:15:02,085 DEBUG   BULK_SNAP_T pipeline_done 1779214498.124278143
2026-05-20 03:15:02,085 DEBUG   BULK_SNAP_T guest_end 1779214498.126333020
2026-05-20 03:15:02,085 DEBUG   
2026-05-20 03:15:02,085 DEBUG   41943040 bytes (42 MB) copied, 1.040487 s, 40.3 MB/s
2026-05-20 03:15:02,085 DEBUG   88080384 bytes (88 MB) copied, 2.054550 s, 42.9 MB/s
2026-05-20 03:15:02,085 DEBUG   126877696 bytes (127 MB) copied, 3.089585 s, 41.1 MB/s
2026-05-20 03:15:02,085 DEBUG   158334976 bytes (158 MB) copied, 4.095542 s, 38.7 MB/s
2026-05-20 03:15:02,085 DEBUG   207618048 bytes (208 MB) copied, 5.112536 s, 40.6 MB/s
2026-05-20 03:15:02,085 DEBUG   252706816 bytes (253 MB) copied, 6.119516 s, 41.3 MB/s
2026-05-20 03:15:02,085 DEBUG   297795584 bytes (298 MB) copied, 7.128636 s, 41.8 MB/s
2026-05-20 03:15:02,085 DEBUG   342884352 bytes (343 MB) copied, 8.162606 s, 42.0 MB/s
2026-05-20 03:15:02,085 DEBUG   391118848 bytes (391 MB) copied, 9.185555 s, 42.6 MB/s
2026-05-20 03:15:02,085 DEBUG   438304768 bytes (438 MB) copied, 10.186405 s, 43.0 MB/s
2026-05-20 03:15:02,085 DEBUG   483393536 bytes (483 MB) copied, 11.216536 s, 43.1 MB/s
2026-05-20 03:15:02,085 DEBUG   500+0 records in
2026-05-20 03:15:02,085 DEBUG   500+0 records out
2026-05-20 03:15:02,085 DEBUG   524288000 bytes (524 MB) copied, 12.2012 s, 43.0 MB/s
2026-05-20 03:15:02,085 DEBUG   OK (disk op exit 0)
2026-05-20 03:15:02,086 DEBUG [1114/1171] VM 7cf338c6… (ahv_ins_delete-0-260514-192637) via 10.114.48.130 op=update
2026-05-20 03:15:02,086 DEBUG   remote: bash -lc 'set -e; _bs(){ printf '"'"'BULK_SNAP_T %s %s\n'"'"' "$1" "$(date +%s.%N 2>/dev/null || date +%s)"; }; _bs guest_start; _bs pipeline_start; openssl enc -aes-256-ctr -pass pass:"testing" -nosalt < /dev/zero 2>/dev/null | dd of=/root/dummy_snapshot_data_1.img bs=1M count=500 iflag=fullblock conv=notrunc status=progress; ec=$?; _bs pipeline_done; _bs guest_end; exit $ec'
2026-05-20 03:15:02,534 DEBUG   BULK_SNAP_T guest_start 1779214484.777894122
2026-05-20 03:15:02,535 DEBUG   BULK_SNAP_T pipeline_start 1779214484.786561581
2026-05-20 03:15:02,535 DEBUG   BULK_SNAP_T pipeline_done 1779214498.714066210
2026-05-20 03:15:02,535 DEBUG   BULK_SNAP_T guest_end 1779214498.722937892
2026-05-20 03:15:02,535 DEBUG   
2026-05-20 03:15:02,535 DEBUG   31457280 bytes (31 MB) copied, 1.039059 s, 30.3 MB/s
2026-05-20 03:15:02,535 DEBUG   70254592 bytes (70 MB) copied, 2.091572 s, 33.6 MB/s
2026-05-20 03:15:02,535 DEBUG   112197632 bytes (112 MB) copied, 3.134616 s, 35.8 MB/s
2026-05-20 03:15:02,535 DEBUG   142606336 bytes (143 MB) copied, 4.146581 s, 34.4 MB/s
2026-05-20 03:15:02,535 DEBUG   168820736 bytes (169 MB) copied, 5.150585 s, 32.8 MB/s
2026-05-20 03:15:02,535 DEBUG   210763776 bytes (211 MB) copied, 6.190650 s, 34.0 MB/s
2026-05-20 03:15:02,535 DEBUG   250609664 bytes (251 MB) copied, 7.234654 s, 34.6 MB/s
2026-05-20 03:15:02,535 DEBUG   284164096 bytes (284 MB) copied, 8.246665 s, 34.5 MB/s
2026-05-20 03:15:02,535 DEBUG   326107136 bytes (326 MB) copied, 9.248662 s, 35.3 MB/s
2026-05-20 03:15:02,535 DEBUG   372244480 bytes (372 MB) copied, 10.254719 s, 36.3 MB/s
2026-05-20 03:15:02,535 DEBUG   420478976 bytes (420 MB) copied, 11.297663 s, 37.2 MB/s
2026-05-20 03:15:02,535 DEBUG   460324864 bytes (460 MB) copied, 12.303900 s, 37.4 MB/s
2026-05-20 03:15:02,535 DEBUG   502267904 bytes (502 MB) copied, 13.326623 s, 37.7 MB/s
2026-05-20 03:15:02,535 DEBUG   500+0 records in
2026-05-20 03:15:02,535 DEBUG   500+0 records out
2026-05-20 03:15:02,535 DEBUG   524288000 bytes (524 MB) copied, 13.7893 s, 38.0 MB/s
2026-05-20 03:15:02,535 DEBUG   OK (disk op exit 0)
2026-05-20 03:15:02,536 DEBUG [1115/1171] VM 40d00e92… (ahv_ins_delete-0-260514-192726) via 10.114.51.132 op=update
2026-05-20 03:15:02,536 DEBUG   remote: bash -lc 'set -e; _bs(){ printf '"'"'BULK_SNAP_T %s %s\n'"'"' "$1" "$(date +%s.%N 2>/dev/null || date +%s)"; }; _bs guest_start; _bs pipeline_start; openssl enc -aes-256-ctr -pass pass:"testing" -nosalt < /dev/zero 2>/dev/null | dd of=/root/dummy_snapshot_data_1.img bs=1M count=500 iflag=fullblock conv=notrunc status=progress; ec=$?; _bs pipeline_done; _bs guest_end; exit $ec'
2026-05-20 03:15:05,330 DEBUG   BULK_SNAP_T guest_start 1779214488.704790593
2026-05-20 03:15:05,330 DEBUG   BULK_SNAP_T pipeline_start 1779214488.726902366
2026-05-20 03:15:05,330 DEBUG   BULK_SNAP_T pipeline_done 1779214501.661465511
2026-05-20 03:15:05,330 DEBUG   BULK_SNAP_T guest_end 1779214501.662755894
2026-05-20 03:15:05,330 DEBUG   
2026-05-20 03:15:05,330 DEBUG   25165824 bytes (25 MB) copied, 1.022967 s, 24.6 MB/s
2026-05-20 03:15:05,330 DEBUG   66060288 bytes (66 MB) copied, 2.044964 s, 32.3 MB/s
2026-05-20 03:15:05,330 DEBUG   109051904 bytes (109 MB) copied, 3.070224 s, 35.5 MB/s
2026-05-20 03:15:05,330 DEBUG   143654912 bytes (144 MB) copied, 4.153064 s, 34.6 MB/s
2026-05-20 03:15:05,330 DEBUG   187695104 bytes (188 MB) copied, 5.218354 s, 36.0 MB/s
2026-05-20 03:15:05,330 DEBUG   234881024 bytes (235 MB) copied, 6.247876 s, 37.6 MB/s
2026-05-20 03:15:05,330 DEBUG   281018368 bytes (281 MB) copied, 7.262864 s, 38.7 MB/s
2026-05-20 03:15:05,330 DEBUG   329252864 bytes (329 MB) copied, 8.265045 s, 39.8 MB/s
2026-05-20 03:15:05,330 DEBUG   376438784 bytes (376 MB) copied, 9.288194 s, 40.5 MB/s
2026-05-20 03:15:05,330 DEBUG   418381824 bytes (418 MB) copied, 10.296456 s, 40.6 MB/s
2026-05-20 03:15:05,330 DEBUG   465567744 bytes (466 MB) copied, 11.317924 s, 41.1 MB/s
2026-05-20 03:15:05,330 DEBUG   507510784 bytes (508 MB) copied, 12.346347 s, 41.1 MB/s
2026-05-20 03:15:05,330 DEBUG   500+0 records in
2026-05-20 03:15:05,330 DEBUG   500+0 records out
2026-05-20 03:15:05,331 DEBUG   524288000 bytes (524 MB) copied, 12.726 s, 41.2 MB/s
2026-05-20 03:15:05,331 DEBUG   OK (disk op exit 0)
2026-05-20 03:15:05,331 DEBUG [1116/1171] VM 29150d65… (ahv_ins_delete-0-260514-192728) via 10.114.52.157 op=update
2026-05-20 03:15:05,331 DEBUG   remote: bash -lc 'set -e; _bs(){ printf '"'"'BULK_SNAP_T %s %s\n'"'"' "$1" "$(date +%s.%N 2>/dev/null || date +%s)"; }; _bs guest_start; _bs pipeline_start; openssl enc -aes-256-ctr -pass pass:"testing" -nosalt < /dev/zero 2>/dev/null | dd of=/root/dummy_snapshot_data_1.img bs=1M count=500 iflag=fullblock conv=notrunc status=progress; ec=$?; _bs pipeline_done; _bs guest_end; exit $ec'
2026-05-20 03:15:05,571 DEBUG   BULK_SNAP_T guest_start 1779214486.823258833
2026-05-20 03:15:05,571 DEBUG   BULK_SNAP_T pipeline_start 1779214486.827246972
2026-05-20 03:15:05,571 DEBUG   BULK_SNAP_T pipeline_done 1779214501.117353542
2026-05-20 03:15:05,571 DEBUG   BULK_SNAP_T guest_end 1779214501.118734899
2026-05-20 03:15:05,571 DEBUG   
2026-05-20 03:15:05,571 DEBUG   27262976 bytes (27 MB) copied, 1.045369 s, 26.1 MB/s
2026-05-20 03:15:05,571 DEBUG   58720256 bytes (59 MB) copied, 2.083272 s, 28.2 MB/s
2026-05-20 03:15:05,571 DEBUG   96468992 bytes (96 MB) copied, 3.100347 s, 31.1 MB/s
2026-05-20 03:15:05,571 DEBUG   136314880 bytes (136 MB) copied, 4.106422 s, 33.2 MB/s
2026-05-20 03:15:05,571 DEBUG   162529280 bytes (163 MB) copied, 5.170245 s, 31.4 MB/s
2026-05-20 03:15:05,571 DEBUG   202375168 bytes (202 MB) copied, 6.188425 s, 32.7 MB/s
2026-05-20 03:15:05,571 DEBUG   242221056 bytes (242 MB) copied, 7.233297 s, 33.5 MB/s
2026-05-20 03:15:05,571 DEBUG   289406976 bytes (289 MB) copied, 8.233638 s, 35.1 MB/s
2026-05-20 03:15:05,571 DEBUG   328204288 bytes (328 MB) copied, 9.271354 s, 35.4 MB/s
2026-05-20 03:15:05,571 DEBUG   367001600 bytes (367 MB) copied, 10.273187 s, 35.7 MB/s
2026-05-20 03:15:05,571 DEBUG   403701760 bytes (404 MB) copied, 11.293479 s, 35.7 MB/s
2026-05-20 03:15:05,571 DEBUG   451936256 bytes (452 MB) copied, 12.338330 s, 36.6 MB/s
2026-05-20 03:15:05,571 DEBUG   493879296 bytes (494 MB) copied, 13.371329 s, 36.9 MB/s
2026-05-20 03:15:05,571 DEBUG   500+0 records in
2026-05-20 03:15:05,571 DEBUG   500+0 records out
2026-05-20 03:15:05,571 DEBUG   524288000 bytes (524 MB) copied, 14.1604 s, 37.0 MB/s
2026-05-20 03:15:05,571 DEBUG   OK (disk op exit 0)
2026-05-20 03:15:05,572 DEBUG [1117/1171] VM 664a9b27… (ahv_ins_delete-0-260514-192738) via 10.114.53.27 op=update
2026-05-20 03:15:05,572 DEBUG   remote: bash -lc 'set -e; _bs(){ printf '"'"'BULK_SNAP_T %s %s\n'"'"' "$1" "$(date +%s.%N 2>/dev/null || date +%s)"; }; _bs guest_start; _bs pipeline_start; openssl enc -aes-256-ctr -pass pass:"testing" -nosalt < /dev/zero 2>/dev/null | dd of=/root/dummy_snapshot_data_1.img bs=1M count=500 iflag=fullblock conv=notrunc status=progress; ec=$?; _bs pipeline_done; _bs guest_end; exit $ec'
2026-05-20 03:15:07,303 DEBUG   BULK_SNAP_T guest_start 1779214492.253070454
2026-05-20 03:15:07,304 DEBUG   BULK_SNAP_T pipeline_start 1779214492.257340910
2026-05-20 03:15:07,304 DEBUG   BULK_SNAP_T pipeline_done 1779214503.817356338
2026-05-20 03:15:07,304 DEBUG   BULK_SNAP_T guest_end 1779214503.829229415
2026-05-20 03:15:07,304 DEBUG   
2026-05-20 03:15:07,304 DEBUG   24117248 bytes (24 MB) copied, 1.049758 s, 23.0 MB/s
2026-05-20 03:15:07,304 DEBUG   73400320 bytes (73 MB) copied, 2.066869 s, 35.5 MB/s
2026-05-20 03:15:07,304 DEBUG   124780544 bytes (125 MB) copied, 3.072548 s, 40.6 MB/s
2026-05-20 03:15:07,304 DEBUG   163577856 bytes (164 MB) copied, 4.097846 s, 39.9 MB/s
2026-05-20 03:15:07,304 DEBUG   213909504 bytes (214 MB) copied, 5.155622 s, 41.5 MB/s
2026-05-20 03:15:07,304 DEBUG   264241152 bytes (264 MB) copied, 6.198955 s, 42.6 MB/s
2026-05-20 03:15:07,304 DEBUG   316669952 bytes (317 MB) copied, 7.224237 s, 43.8 MB/s
2026-05-20 03:15:07,304 DEBUG   365953024 bytes (366 MB) copied, 8.234989 s, 44.4 MB/s
2026-05-20 03:15:07,304 DEBUG   417333248 bytes (417 MB) copied, 9.241846 s, 45.2 MB/s
2026-05-20 03:15:07,304 DEBUG   466616320 bytes (467 MB) copied, 10.243803 s, 45.6 MB/s
2026-05-20 03:15:07,304 DEBUG   515899392 bytes (516 MB) copied, 11.291827 s, 45.7 MB/s
2026-05-20 03:15:07,304 DEBUG   500+0 records in
2026-05-20 03:15:07,304 DEBUG   500+0 records out
2026-05-20 03:15:07,304 DEBUG   524288000 bytes (524 MB) copied, 11.4104 s, 45.9 MB/s
2026-05-20 03:15:07,304 DEBUG   OK (disk op exit 0)
2026-05-20 03:15:07,305 DEBUG [1118/1171] VM cdcd2b6d… (ahv_ins_delete-0-260514-193040) via 10.114.48.43 op=update
2026-05-20 03:15:07,305 DEBUG   remote: bash -lc 'set -e; _bs(){ printf '"'"'BULK_SNAP_T %s %s\n'"'"' "$1" "$(date +%s.%N 2>/dev/null || date +%s)"; }; _bs guest_start; _bs pipeline_start; openssl enc -aes-256-ctr -pass pass:"testing" -nosalt < /dev/zero 2>/dev/null | dd of=/root/dummy_snapshot_data_1.img bs=1M count=500 iflag=fullblock conv=notrunc status=progress; ec=$?; _bs pipeline_done; _bs guest_end; exit $ec'
2026-05-20 03:15:07,576 DEBUG   BULK_SNAP_T guest_start 1779214491.809258239
2026-05-20 03:15:07,576 DEBUG   BULK_SNAP_T pipeline_start 1779214491.814950702
2026-05-20 03:15:07,576 DEBUG   BULK_SNAP_T pipeline_done 1779214503.970781057
2026-05-20 03:15:07,576 DEBUG   BULK_SNAP_T guest_end 1779214503.972474393
2026-05-20 03:15:07,576 DEBUG   
2026-05-20 03:15:07,576 DEBUG   23068672 bytes (23 MB) copied, 1.016635 s, 22.7 MB/s
2026-05-20 03:15:07,576 DEBUG   66060288 bytes (66 MB) copied, 2.017567 s, 32.7 MB/s
2026-05-20 03:15:07,576 DEBUG   113246208 bytes (113 MB) copied, 3.030176 s, 37.4 MB/s
2026-05-20 03:15:07,576 DEBUG   159383552 bytes (159 MB) copied, 4.038648 s, 39.5 MB/s
2026-05-20 03:15:07,576 DEBUG   201326592 bytes (201 MB) copied, 5.038689 s, 40.0 MB/s
2026-05-20 03:15:07,576 DEBUG   247463936 bytes (247 MB) copied, 6.053904 s, 40.9 MB/s
2026-05-20 03:15:07,576 DEBUG   295698432 bytes (296 MB) copied, 7.079558 s, 41.8 MB/s
2026-05-20 03:15:07,576 DEBUG   346030080 bytes (346 MB) copied, 8.086236 s, 42.8 MB/s
2026-05-20 03:15:07,576 DEBUG   391118848 bytes (391 MB) copied, 9.131664 s, 42.8 MB/s
2026-05-20 03:15:07,576 DEBUG   441450496 bytes (441 MB) copied, 10.159555 s, 43.5 MB/s
2026-05-20 03:15:07,576 DEBUG   484442112 bytes (484 MB) copied, 11.172605 s, 43.4 MB/s
2026-05-20 03:15:07,576 DEBUG   500+0 records in
2026-05-20 03:15:07,576 DEBUG   500+0 records out
2026-05-20 03:15:07,576 DEBUG   524288000 bytes (524 MB) copied, 12.0443 s, 43.5 MB/s
2026-05-20 03:15:07,576 DEBUG   OK (disk op exit 0)
2026-05-20 03:15:07,577 DEBUG [1119/1171] VM 583256ae… (ahv_ins_delete-0-260514-193214) via 10.114.54.112 op=update
2026-05-20 03:15:07,577 DEBUG   remote: bash -lc 'set -e; _bs(){ printf '"'"'BULK_SNAP_T %s %s\n'"'"' "$1" "$(date +%s.%N 2>/dev/null || date +%s)"; }; _bs guest_start; _bs pipeline_start; openssl enc -aes-256-ctr -pass pass:"testing" -nosalt < /dev/zero 2>/dev/null | dd of=/root/dummy_snapshot_data_1.img bs=1M count=500 iflag=fullblock conv=notrunc status=progress; ec=$?; _bs pipeline_done; _bs guest_end; exit $ec'
2026-05-20 03:15:11,052 DEBUG   BULK_SNAP_T guest_start 1779214495.031060428
2026-05-20 03:15:11,052 DEBUG   BULK_SNAP_T pipeline_start 1779214495.038281799
2026-05-20 03:15:11,052 DEBUG   BULK_SNAP_T pipeline_done 1779214507.390418661
2026-05-20 03:15:11,052 DEBUG   BULK_SNAP_T guest_end 1779214507.395576568
2026-05-20 03:15:11,052 DEBUG   
2026-05-20 03:15:11,052 DEBUG   38797312 bytes (39 MB) copied, 1.009295 s, 38.4 MB/s
2026-05-20 03:15:11,052 DEBUG   76546048 bytes (77 MB) copied, 2.048389 s, 37.4 MB/s
2026-05-20 03:15:11,052 DEBUG   117440512 bytes (117 MB) copied, 3.134242 s, 37.5 MB/s
2026-05-20 03:15:11,052 DEBUG   154140672 bytes (154 MB) copied, 4.170338 s, 37.0 MB/s
2026-05-20 03:15:11,052 DEBUG   206569472 bytes (207 MB) copied, 5.209172 s, 39.7 MB/s
2026-05-20 03:15:11,052 DEBUG   256901120 bytes (257 MB) copied, 6.256575 s, 41.1 MB/s
2026-05-20 03:15:11,052 DEBUG   296747008 bytes (297 MB) copied, 7.269201 s, 40.8 MB/s
2026-05-20 03:15:11,052 DEBUG   335544320 bytes (336 MB) copied, 8.277032 s, 40.5 MB/s
2026-05-20 03:15:11,052 DEBUG   389021696 bytes (389 MB) copied, 9.281017 s, 41.9 MB/s
2026-05-20 03:15:11,052 DEBUG   438304768 bytes (438 MB) copied, 10.290415 s, 42.6 MB/s
2026-05-20 03:15:11,052 DEBUG   481296384 bytes (481 MB) copied, 11.292955 s, 42.6 MB/s
2026-05-20 03:15:11,052 DEBUG   500+0 records in
2026-05-20 03:15:11,052 DEBUG   500+0 records out
2026-05-20 03:15:11,052 DEBUG   524288000 bytes (524 MB) copied, 12.2421 s, 42.8 MB/s
2026-05-20 03:15:11,052 DEBUG   OK (disk op exit 0)
2026-05-20 03:15:11,053 DEBUG [1120/1171] VM ee874d84… (ahv_ins_delete-0-260514-193248) via 10.114.54.59 op=update
2026-05-20 03:15:11,053 DEBUG   remote: bash -lc 'set -e; _bs(){ printf '"'"'BULK_SNAP_T %s %s\n'"'"' "$1" "$(date +%s.%N 2>/dev/null || date +%s)"; }; _bs guest_start; _bs pipeline_start; openssl enc -aes-256-ctr -pass pass:"testing" -nosalt < /dev/zero 2>/dev/null | dd of=/root/dummy_snapshot_data_1.img bs=1M count=500 iflag=fullblock conv=notrunc status=progress; ec=$?; _bs pipeline_done; _bs guest_end; exit $ec'
2026-05-20 03:15:11,579 DEBUG   BULK_SNAP_T guest_start 1779214495.488742425
2026-05-20 03:15:11,579 DEBUG   BULK_SNAP_T pipeline_start 1779214495.498667501
2026-05-20 03:15:11,579 DEBUG   BULK_SNAP_T pipeline_done 1779214508.142764853
2026-05-20 03:15:11,579 DEBUG   BULK_SNAP_T guest_end 1779214508.144304570
2026-05-20 03:15:11,579 DEBUG   
2026-05-20 03:15:11,579 DEBUG   37748736 bytes (38 MB) copied, 1.001469 s, 37.7 MB/s
2026-05-20 03:15:11,579 DEBUG   73400320 bytes (73 MB) copied, 2.052022 s, 35.8 MB/s
2026-05-20 03:15:11,580 DEBUG   109051904 bytes (109 MB) copied, 3.078318 s, 35.4 MB/s
2026-05-20 03:15:11,580 DEBUG   146800640 bytes (147 MB) copied, 4.115169 s, 35.7 MB/s
2026-05-20 03:15:11,580 DEBUG   193986560 bytes (194 MB) copied, 5.125088 s, 37.9 MB/s
2026-05-20 03:15:11,580 DEBUG   234881024 bytes (235 MB) copied, 6.137327 s, 38.3 MB/s
2026-05-20 03:15:11,580 DEBUG   275775488 bytes (276 MB) copied, 7.142042 s, 38.6 MB/s
2026-05-20 03:15:11,580 DEBUG   321912832 bytes (322 MB) copied, 8.168506 s, 39.4 MB/s
2026-05-20 03:15:11,580 DEBUG   377487360 bytes (377 MB) copied, 9.174355 s, 41.1 MB/s
2026-05-20 03:15:11,580 DEBUG   429916160 bytes (430 MB) copied, 10.175134 s, 42.3 MB/s
2026-05-20 03:15:11,580 DEBUG   471859200 bytes (472 MB) copied, 11.202959 s, 42.1 MB/s
2026-05-20 03:15:11,580 DEBUG   512753664 bytes (513 MB) copied, 12.222985 s, 41.9 MB/s
2026-05-20 03:15:11,580 DEBUG   500+0 records in
2026-05-20 03:15:11,580 DEBUG   500+0 records out
2026-05-20 03:15:11,580 DEBUG   524288000 bytes (524 MB) copied, 12.5376 s, 41.8 MB/s
2026-05-20 03:15:11,580 DEBUG   OK (disk op exit 0)
2026-05-20 03:15:11,581 DEBUG [1121/1171] VM 7783a5e9… (ahv_ins_delete-0-260514-193330) via 10.114.48.98 op=update
2026-05-20 03:15:11,581 DEBUG   remote: bash -lc 'set -e; _bs(){ printf '"'"'BULK_SNAP_T %s %s\n'"'"' "$1" "$(date +%s.%N 2>/dev/null || date +%s)"; }; _bs guest_start; _bs pipeline_start; openssl enc -aes-256-ctr -pass pass:"testing" -nosalt < /dev/zero 2>/dev/null | dd of=/root/dummy_snapshot_data_1.img bs=1M count=500 iflag=fullblock conv=notrunc status=progress; ec=$?; _bs pipeline_done; _bs guest_end; exit $ec'
2026-05-20 03:15:12,087 DEBUG   BULK_SNAP_T guest_start 1779214497.453509660
2026-05-20 03:15:12,087 DEBUG   BULK_SNAP_T pipeline_start 1779214497.463225961
2026-05-20 03:15:12,087 DEBUG   BULK_SNAP_T pipeline_done 1779214509.033474330
2026-05-20 03:15:12,087 DEBUG   BULK_SNAP_T guest_end 1779214509.041118958
2026-05-20 03:15:12,087 DEBUG   
2026-05-20 03:15:12,087 DEBUG   31457280 bytes (31 MB) copied, 1.012479 s, 31.1 MB/s
2026-05-20 03:15:12,087 DEBUG   80740352 bytes (81 MB) copied, 2.037503 s, 39.6 MB/s
2026-05-20 03:15:12,087 DEBUG   127926272 bytes (128 MB) copied, 3.063113 s, 41.8 MB/s
2026-05-20 03:15:12,087 DEBUG   174063616 bytes (174 MB) copied, 4.101729 s, 42.4 MB/s
2026-05-20 03:15:12,087 DEBUG   222298112 bytes (222 MB) copied, 5.183618 s, 42.9 MB/s
2026-05-20 03:15:12,087 DEBUG   269484032 bytes (269 MB) copied, 6.192568 s, 43.5 MB/s
2026-05-20 03:15:12,087 DEBUG   325058560 bytes (325 MB) copied, 7.201659 s, 45.1 MB/s
2026-05-20 03:15:12,087 DEBUG   377487360 bytes (377 MB) copied, 8.229919 s, 45.9 MB/s
2026-05-20 03:15:12,087 DEBUG   423624704 bytes (424 MB) copied, 9.249842 s, 45.8 MB/s
2026-05-20 03:15:12,087 DEBUG   469762048 bytes (470 MB) copied, 10.280795 s, 45.7 MB/s
2026-05-20 03:15:12,087 DEBUG   516947968 bytes (517 MB) copied, 11.307950 s, 45.7 MB/s
2026-05-20 03:15:12,087 DEBUG   500+0 records in
2026-05-20 03:15:12,087 DEBUG   500+0 records out
2026-05-20 03:15:12,087 DEBUG   524288000 bytes (524 MB) copied, 11.4395 s, 45.8 MB/s
2026-05-20 03:15:12,087 DEBUG   OK (disk op exit 0)
2026-05-20 03:15:12,088 DEBUG [1122/1171] VM ef7ed064… (ahv_ins_delete-0-260514-193347) via 10.114.48.37 op=update
2026-05-20 03:15:12,088 DEBUG   remote: bash -lc 'set -e; _bs(){ printf '"'"'BULK_SNAP_T %s %s\n'"'"' "$1" "$(date +%s.%N 2>/dev/null || date +%s)"; }; _bs guest_start; _bs pipeline_start; openssl enc -aes-256-ctr -pass pass:"testing" -nosalt < /dev/zero 2>/dev/null | dd of=/root/dummy_snapshot_data_1.img bs=1M count=500 iflag=fullblock conv=notrunc status=progress; ec=$?; _bs pipeline_done; _bs guest_end; exit $ec'
2026-05-20 03:15:14,323 DEBUG   BULK_SNAP_T guest_start 1779214498.727735279
2026-05-20 03:15:14,323 DEBUG   BULK_SNAP_T pipeline_start 1779214498.735009364
2026-05-20 03:15:14,323 DEBUG   BULK_SNAP_T pipeline_done 1779214510.684186903
2026-05-20 03:15:14,323 DEBUG   BULK_SNAP_T guest_end 1779214510.704562981
2026-05-20 03:15:14,323 DEBUG   
2026-05-20 03:15:14,323 DEBUG   39845888 bytes (40 MB) copied, 1.014579 s, 39.3 MB/s
2026-05-20 03:15:14,323 DEBUG   79691776 bytes (80 MB) copied, 2.024051 s, 39.4 MB/s
2026-05-20 03:15:14,323 DEBUG   118489088 bytes (118 MB) copied, 3.030035 s, 39.1 MB/s
2026-05-20 03:15:14,323 DEBUG   153092096 bytes (153 MB) copied, 4.051252 s, 37.8 MB/s
2026-05-20 03:15:14,323 DEBUG   204472320 bytes (204 MB) copied, 5.058719 s, 40.4 MB/s
2026-05-20 03:15:14,323 DEBUG   255852544 bytes (256 MB) copied, 6.085513 s, 42.0 MB/s
2026-05-20 03:15:14,323 DEBUG   301989888 bytes (302 MB) copied, 7.122682 s, 42.4 MB/s
2026-05-20 03:15:14,323 DEBUG   342884352 bytes (343 MB) copied, 8.169475 s, 42.0 MB/s
2026-05-20 03:15:14,323 DEBUG   387973120 bytes (388 MB) copied, 9.190543 s, 42.2 MB/s
2026-05-20 03:15:14,323 DEBUG   441450496 bytes (441 MB) copied, 10.208474 s, 43.2 MB/s
2026-05-20 03:15:14,323 DEBUG   498073600 bytes (498 MB) copied, 11.213046 s, 44.4 MB/s
2026-05-20 03:15:14,323 DEBUG   500+0 records in
2026-05-20 03:15:14,323 DEBUG   500+0 records out
2026-05-20 03:15:14,323 DEBUG   524288000 bytes (524 MB) copied, 11.7994 s, 44.4 MB/s
2026-05-20 03:15:14,323 DEBUG   OK (disk op exit 0)
2026-05-20 03:15:14,324 DEBUG [1123/1171] VM 1babbf2a… (ahv_ins_delete-0-260514-193551) via 10.114.52.143 op=update
2026-05-20 03:15:14,324 DEBUG   remote: bash -lc 'set -e; _bs(){ printf '"'"'BULK_SNAP_T %s %s\n'"'"' "$1" "$(date +%s.%N 2>/dev/null || date +%s)"; }; _bs guest_start; _bs pipeline_start; openssl enc -aes-256-ctr -pass pass:"testing" -nosalt < /dev/zero 2>/dev/null | dd of=/root/dummy_snapshot_data_1.img bs=1M count=500 iflag=fullblock conv=notrunc status=progress; ec=$?; _bs pipeline_done; _bs guest_end; exit $ec'
2026-05-20 03:15:17,332 DEBUG   BULK_SNAP_T guest_start 1779214503.410527470
2026-05-20 03:15:17,332 DEBUG   BULK_SNAP_T pipeline_start 1779214503.413882543
2026-05-20 03:15:17,332 DEBUG   BULK_SNAP_T pipeline_done 1779214513.127478777
2026-05-20 03:15:17,332 DEBUG   BULK_SNAP_T guest_end 1779214513.132883508
2026-05-20 03:15:17,332 DEBUG   
2026-05-20 03:15:17,332 DEBUG   40894464 bytes (41 MB) copied, 1.004348 s, 40.7 MB/s
2026-05-20 03:15:17,332 DEBUG   100663296 bytes (101 MB) copied, 2.015659 s, 49.9 MB/s
2026-05-20 03:15:17,332 DEBUG   152043520 bytes (152 MB) copied, 3.119063 s, 48.7 MB/s
2026-05-20 03:15:17,332 DEBUG   202375168 bytes (202 MB) copied, 4.122048 s, 49.1 MB/s
2026-05-20 03:15:17,332 DEBUG   267386880 bytes (267 MB) copied, 5.125740 s, 52.2 MB/s
2026-05-20 03:15:17,332 DEBUG   339738624 bytes (340 MB) copied, 6.162324 s, 55.1 MB/s
2026-05-20 03:15:17,332 DEBUG   397410304 bytes (397 MB) copied, 7.192294 s, 55.3 MB/s
2026-05-20 03:15:17,332 DEBUG   454033408 bytes (454 MB) copied, 8.221028 s, 55.2 MB/s
2026-05-20 03:15:17,332 DEBUG   508559360 bytes (509 MB) copied, 9.242752 s, 55.0 MB/s
2026-05-20 03:15:17,332 DEBUG   500+0 records in
2026-05-20 03:15:17,332 DEBUG   500+0 records out
2026-05-20 03:15:17,332 DEBUG   524288000 bytes (524 MB) copied, 9.55208 s, 54.9 MB/s
2026-05-20 03:15:17,332 DEBUG   OK (disk op exit 0)
2026-05-20 03:15:17,333 DEBUG [1124/1171] VM c7e22a48… (ahv_ins_delete-0-260514-193713) via 10.114.50.12 op=update
2026-05-20 03:15:17,333 DEBUG   remote: bash -lc 'set -e; _bs(){ printf '"'"'BULK_SNAP_T %s %s\n'"'"' "$1" "$(date +%s.%N 2>/dev/null || date +%s)"; }; _bs guest_start; _bs pipeline_start; openssl enc -aes-256-ctr -pass pass:"testing" -nosalt < /dev/zero 2>/dev/null | dd of=/root/dummy_snapshot_data_1.img bs=1M count=500 iflag=fullblock conv=notrunc status=progress; ec=$?; _bs pipeline_done; _bs guest_end; exit $ec'
2026-05-20 03:15:17,347 DEBUG   BULK_SNAP_T guest_start 1779214500.145267527
2026-05-20 03:15:17,347 DEBUG   BULK_SNAP_T pipeline_start 1779214500.157624950
2026-05-20 03:15:17,347 DEBUG   BULK_SNAP_T pipeline_done 1779214513.246084379
2026-05-20 03:15:17,347 DEBUG   BULK_SNAP_T guest_end 1779214513.257061058
2026-05-20 03:15:17,347 DEBUG   
2026-05-20 03:15:17,347 DEBUG   22020096 bytes (22 MB) copied, 1.007196 s, 21.9 MB/s
2026-05-20 03:15:17,347 DEBUG   57671680 bytes (58 MB) copied, 2.011381 s, 28.7 MB/s
2026-05-20 03:15:17,347 DEBUG   106954752 bytes (107 MB) copied, 3.036429 s, 35.2 MB/s
2026-05-20 03:15:17,347 DEBUG   155189248 bytes (155 MB) copied, 4.071167 s, 38.1 MB/s
2026-05-20 03:15:17,347 DEBUG   199229440 bytes (199 MB) copied, 5.103175 s, 39.0 MB/s
2026-05-20 03:15:17,347 DEBUG   238026752 bytes (238 MB) copied, 6.105165 s, 39.0 MB/s
2026-05-20 03:15:17,347 DEBUG   275775488 bytes (276 MB) copied, 7.152209 s, 38.6 MB/s
2026-05-20 03:15:17,347 DEBUG   321912832 bytes (322 MB) copied, 8.165295 s, 39.4 MB/s
2026-05-20 03:15:17,347 DEBUG   374341632 bytes (374 MB) copied, 9.175234 s, 40.8 MB/s
2026-05-20 03:15:17,347 DEBUG   418381824 bytes (418 MB) copied, 10.188115 s, 41.1 MB/s
2026-05-20 03:15:17,347 DEBUG   460324864 bytes (460 MB) copied, 11.229168 s, 41.0 MB/s
2026-05-20 03:15:17,347 DEBUG   500170752 bytes (500 MB) copied, 12.251172 s, 40.8 MB/s
2026-05-20 03:15:17,347 DEBUG   500+0 records in
2026-05-20 03:15:17,347 DEBUG   500+0 records out
2026-05-20 03:15:17,347 DEBUG   524288000 bytes (524 MB) copied, 12.9422 s, 40.5 MB/s
2026-05-20 03:15:17,347 DEBUG   OK (disk op exit 0)
2026-05-20 03:15:17,348 DEBUG [1125/1171] VM d9201f5f… (ahv_ins_delete-0-260514-193751) via 10.114.49.253 op=update
2026-05-20 03:15:17,348 DEBUG   remote: bash -lc 'set -e; _bs(){ printf '"'"'BULK_SNAP_T %s %s\n'"'"' "$1" "$(date +%s.%N 2>/dev/null || date +%s)"; }; _bs guest_start; _bs pipeline_start; openssl enc -aes-256-ctr -pass pass:"testing" -nosalt < /dev/zero 2>/dev/null | dd of=/root/dummy_snapshot_data_1.img bs=1M count=500 iflag=fullblock conv=notrunc status=progress; ec=$?; _bs pipeline_done; _bs guest_end; exit $ec'
2026-05-20 03:15:18,547 DEBUG   BULK_SNAP_T guest_start 1779214501.228502577
2026-05-20 03:15:18,547 DEBUG   BULK_SNAP_T pipeline_start 1779214501.236706248
2026-05-20 03:15:18,547 DEBUG   BULK_SNAP_T pipeline_done 1779214515.091199222
2026-05-20 03:15:18,547 DEBUG   BULK_SNAP_T guest_end 1779214515.092471272
2026-05-20 03:15:18,547 DEBUG   
2026-05-20 03:15:18,547 DEBUG   24117248 bytes (24 MB) copied, 1.067538 s, 22.6 MB/s
2026-05-20 03:15:18,547 DEBUG   63963136 bytes (64 MB) copied, 2.131554 s, 30.0 MB/s
2026-05-20 03:15:18,547 DEBUG   101711872 bytes (102 MB) copied, 3.160512 s, 32.2 MB/s
2026-05-20 03:15:18,547 DEBUG   142606336 bytes (143 MB) copied, 4.200020 s, 34.0 MB/s
2026-05-20 03:15:18,547 DEBUG   179306496 bytes (179 MB) copied, 5.224707 s, 34.3 MB/s
2026-05-20 03:15:18,547 DEBUG   218103808 bytes (218 MB) copied, 6.254569 s, 34.9 MB/s
2026-05-20 03:15:18,547 DEBUG   257949696 bytes (258 MB) copied, 7.283561 s, 35.4 MB/s
2026-05-20 03:15:18,547 DEBUG   308281344 bytes (308 MB) copied, 8.307641 s, 37.1 MB/s
2026-05-20 03:15:18,547 DEBUG   356515840 bytes (357 MB) copied, 9.354549 s, 38.1 MB/s
2026-05-20 03:15:18,547 DEBUG   394264576 bytes (394 MB) copied, 10.379659 s, 38.0 MB/s
2026-05-20 03:15:18,547 DEBUG   434110464 bytes (434 MB) copied, 11.409529 s, 38.0 MB/s
2026-05-20 03:15:18,547 DEBUG   469762048 bytes (470 MB) copied, 12.447646 s, 37.7 MB/s
2026-05-20 03:15:18,547 DEBUG   511705088 bytes (512 MB) copied, 13.487619 s, 37.9 MB/s
2026-05-20 03:15:18,547 DEBUG   500+0 records in
2026-05-20 03:15:18,547 DEBUG   500+0 records out
2026-05-20 03:15:18,547 DEBUG   524288000 bytes (524 MB) copied, 13.7497 s, 38.1 MB/s
2026-05-20 03:15:18,547 DEBUG   OK (disk op exit 0)
2026-05-20 03:15:18,548 DEBUG [1126/1171] VM 7d258170… (ahv_ins_delete-0-260514-193843) via 10.114.54.21 op=update
2026-05-20 03:15:18,548 DEBUG   remote: bash -lc 'set -e; _bs(){ printf '"'"'BULK_SNAP_T %s %s\n'"'"' "$1" "$(date +%s.%N 2>/dev/null || date +%s)"; }; _bs guest_start; _bs pipeline_start; openssl enc -aes-256-ctr -pass pass:"testing" -nosalt < /dev/zero 2>/dev/null | dd of=/root/dummy_snapshot_data_1.img bs=1M count=500 iflag=fullblock conv=notrunc status=progress; ec=$?; _bs pipeline_done; _bs guest_end; exit $ec'
2026-05-20 03:15:19,591 DEBUG   BULK_SNAP_T guest_start 1779214503.088474339
2026-05-20 03:15:19,592 DEBUG   BULK_SNAP_T pipeline_start 1779214503.091603477
2026-05-20 03:15:19,592 DEBUG   BULK_SNAP_T pipeline_done 1779214515.222463354
2026-05-20 03:15:19,592 DEBUG   BULK_SNAP_T guest_end 1779214515.223809193
2026-05-20 03:15:19,592 DEBUG   
2026-05-20 03:15:19,592 DEBUG   35651584 bytes (36 MB) copied, 1.000211 s, 35.6 MB/s
2026-05-20 03:15:19,592 DEBUG   75497472 bytes (75 MB) copied, 2.009185 s, 37.6 MB/s
2026-05-20 03:15:19,592 DEBUG   113246208 bytes (113 MB) copied, 3.032182 s, 37.3 MB/s
2026-05-20 03:15:19,592 DEBUG   143654912 bytes (144 MB) copied, 4.045206 s, 35.5 MB/s
2026-05-20 03:15:19,592 DEBUG   197132288 bytes (197 MB) copied, 5.076616 s, 38.8 MB/s
2026-05-20 03:15:19,592 DEBUG   246415360 bytes (246 MB) copied, 6.117465 s, 40.3 MB/s
2026-05-20 03:15:19,592 DEBUG   288358400 bytes (288 MB) copied, 7.124558 s, 40.5 MB/s
2026-05-20 03:15:19,592 DEBUG   329252864 bytes (329 MB) copied, 8.128222 s, 40.5 MB/s
2026-05-20 03:15:19,592 DEBUG   373293056 bytes (373 MB) copied, 9.135196 s, 40.9 MB/s
2026-05-20 03:15:19,592 DEBUG   424673280 bytes (425 MB) copied, 10.156854 s, 41.8 MB/s
2026-05-20 03:15:19,592 DEBUG   478150656 bytes (478 MB) copied, 11.173123 s, 42.8 MB/s
2026-05-20 03:15:19,592 DEBUG   500+0 records in
2026-05-20 03:15:19,592 DEBUG   500+0 records out
2026-05-20 03:15:19,592 DEBUG   524288000 bytes (524 MB) copied, 12.0176 s, 43.6 MB/s
2026-05-20 03:15:19,592 DEBUG   OK (disk op exit 0)
2026-05-20 03:15:19,593 DEBUG [1127/1171] VM ab59ce76… (ahv_ins_delete-0-260514-193850) via 10.114.51.178 op=update
2026-05-20 03:15:19,593 DEBUG   remote: bash -lc 'set -e; _bs(){ printf '"'"'BULK_SNAP_T %s %s\n'"'"' "$1" "$(date +%s.%N 2>/dev/null || date +%s)"; }; _bs guest_start; _bs pipeline_start; openssl enc -aes-256-ctr -pass pass:"testing" -nosalt < /dev/zero 2>/dev/null | dd of=/root/dummy_snapshot_data_1.img bs=1M count=500 iflag=fullblock conv=notrunc status=progress; ec=$?; _bs pipeline_done; _bs guest_end; exit $ec'
2026-05-20 03:15:22,588 DEBUG   BULK_SNAP_T guest_start 1779214506.204736924
2026-05-20 03:15:22,588 DEBUG   BULK_SNAP_T pipeline_start 1779214506.207306226
2026-05-20 03:15:22,588 DEBUG   BULK_SNAP_T pipeline_done 1779214519.101893276
2026-05-20 03:15:22,588 DEBUG   BULK_SNAP_T guest_end 1779214519.119808986
2026-05-20 03:15:22,588 DEBUG   
2026-05-20 03:15:22,588 DEBUG   25165824 bytes (25 MB) copied, 1.000900 s, 25.1 MB/s
2026-05-20 03:15:22,588 DEBUG   67108864 bytes (67 MB) copied, 2.005868 s, 33.5 MB/s
2026-05-20 03:15:22,588 DEBUG   118489088 bytes (118 MB) copied, 3.038914 s, 39.0 MB/s
2026-05-20 03:15:22,588 DEBUG   157286400 bytes (157 MB) copied, 4.055268 s, 38.8 MB/s
2026-05-20 03:15:22,588 DEBUG   196083712 bytes (196 MB) copied, 5.079961 s, 38.6 MB/s
2026-05-20 03:15:22,588 DEBUG   241172480 bytes (241 MB) copied, 6.101836 s, 39.5 MB/s
2026-05-20 03:15:22,588 DEBUG   279969792 bytes (280 MB) copied, 7.112452 s, 39.4 MB/s
2026-05-20 03:15:22,588 DEBUG   321912832 bytes (322 MB) copied, 8.132939 s, 39.6 MB/s
2026-05-20 03:15:22,588 DEBUG   372244480 bytes (372 MB) copied, 9.165898 s, 40.6 MB/s
2026-05-20 03:15:22,588 DEBUG   421527552 bytes (422 MB) copied, 10.174351 s, 41.4 MB/s
2026-05-20 03:15:22,588 DEBUG   466616320 bytes (467 MB) copied, 11.176910 s, 41.7 MB/s
2026-05-20 03:15:22,588 DEBUG   507510784 bytes (508 MB) copied, 12.190159 s, 41.6 MB/s
2026-05-20 03:15:22,588 DEBUG   500+0 records in
2026-05-20 03:15:22,588 DEBUG   500+0 records out
2026-05-20 03:15:22,588 DEBUG   524288000 bytes (524 MB) copied, 12.7194 s, 41.2 MB/s
2026-05-20 03:15:22,588 DEBUG   OK (disk op exit 0)
2026-05-20 03:15:22,589 DEBUG [1128/1171] VM af4bc552… (ahv_ins_delete-0-260514-194113) via 10.114.52.185 op=update
2026-05-20 03:15:22,589 DEBUG   remote: bash -lc 'set -e; _bs(){ printf '"'"'BULK_SNAP_T %s %s\n'"'"' "$1" "$(date +%s.%N 2>/dev/null || date +%s)"; }; _bs guest_start; _bs pipeline_start; openssl enc -aes-256-ctr -pass pass:"testing" -nosalt < /dev/zero 2>/dev/null | dd of=/root/dummy_snapshot_data_1.img bs=1M count=500 iflag=fullblock conv=notrunc status=progress; ec=$?; _bs pipeline_done; _bs guest_end; exit $ec'
2026-05-20 03:15:22,812 DEBUG   BULK_SNAP_T guest_start 1779214509.606450883
2026-05-20 03:15:22,813 DEBUG   BULK_SNAP_T pipeline_start 1779214509.612786104
2026-05-20 03:15:22,813 DEBUG   BULK_SNAP_T pipeline_done 1779214519.453628693
2026-05-20 03:15:22,813 DEBUG   BULK_SNAP_T guest_end 1779214519.465961576
2026-05-20 03:15:22,813 DEBUG   
2026-05-20 03:15:22,813 DEBUG   49283072 bytes (49 MB) copied, 1.006103 s, 49.0 MB/s
2026-05-20 03:15:22,813 DEBUG   100663296 bytes (101 MB) copied, 2.031819 s, 49.5 MB/s
2026-05-20 03:15:22,813 DEBUG   146800640 bytes (147 MB) copied, 3.081869 s, 47.6 MB/s
2026-05-20 03:15:22,813 DEBUG   196083712 bytes (196 MB) copied, 4.131823 s, 47.5 MB/s
2026-05-20 03:15:22,813 DEBUG   258998272 bytes (259 MB) copied, 5.154146 s, 50.3 MB/s
2026-05-20 03:15:22,813 DEBUG   327155712 bytes (327 MB) copied, 6.175142 s, 53.0 MB/s
2026-05-20 03:15:22,813 DEBUG   389021696 bytes (389 MB) copied, 7.188981 s, 54.1 MB/s
2026-05-20 03:15:22,813 DEBUG   447741952 bytes (448 MB) copied, 8.195253 s, 54.6 MB/s
2026-05-20 03:15:22,813 DEBUG   498073600 bytes (498 MB) copied, 9.213857 s, 54.1 MB/s
2026-05-20 03:15:22,813 DEBUG   500+0 records in
2026-05-20 03:15:22,813 DEBUG   500+0 records out
2026-05-20 03:15:22,813 DEBUG   524288000 bytes (524 MB) copied, 9.72522 s, 53.9 MB/s
2026-05-20 03:15:22,813 DEBUG   OK (disk op exit 0)
2026-05-20 03:15:22,814 DEBUG [1129/1171] VM 80ef29cb… (ahv_ins_delete-0-260514-194219) via 10.114.50.197 op=update
2026-05-20 03:15:22,814 DEBUG   remote: bash -lc 'set -e; _bs(){ printf '"'"'BULK_SNAP_T %s %s\n'"'"' "$1" "$(date +%s.%N 2>/dev/null || date +%s)"; }; _bs guest_start; _bs pipeline_start; openssl enc -aes-256-ctr -pass pass:"testing" -nosalt < /dev/zero 2>/dev/null | dd of=/root/dummy_snapshot_data_1.img bs=1M count=500 iflag=fullblock conv=notrunc status=progress; ec=$?; _bs pipeline_done; _bs guest_end; exit $ec'
2026-05-20 03:15:22,993 DEBUG   ssh: connect to host 10.114.121.16 port 22: Connection timed out
2026-05-20 03:15:22,993 ERROR Guest disk op failed ec=255 vm=ahv_ins_delete-0-260518-174125 ip=10.114.121.16 — ssh: connect to host 10.114.121.16 port 22: Connection timed out
2026-05-20 03:15:22,993 WARNING Guest disk op wall 30.3s (vm='ahv_ins_delete-0-260518-174125' ip=10.114.121.16 op=update ec=255) — includes SSH + guest disk command; if still high, check guest disk throughput vs. MiB settings.
2026-05-20 03:15:22,994 DEBUG [53/1171] VM 521a9fa3… (ahv_ins_delete-0-260518-175104) via 10.114.121.26 op=update
2026-05-20 03:15:22,994 DEBUG   remote: bash -lc 'set -e; _bs(){ printf '"'"'BULK_SNAP_T %s %s\n'"'"' "$1" "$(date +%s.%N 2>/dev/null || date +%s)"; }; _bs guest_start; _bs pipeline_start; openssl enc -aes-256-ctr -pass pass:"testing" -nosalt < /dev/zero 2>/dev/null | dd of=/root/dummy_snapshot_data_1.img bs=1M count=500 iflag=fullblock conv=notrunc status=progress; ec=$?; _bs pipeline_done; _bs guest_end; exit $ec'
2026-05-20 03:15:23,025 DEBUG   ssh: connect to host 10.114.113.148 port 22: Connection timed out
2026-05-20 03:15:23,026 ERROR Guest disk op failed ec=255 vm=ahv_ins_delete-0-260518-174206 ip=10.114.113.148 — ssh: connect to host 10.114.113.148 port 22: Connection timed out
2026-05-20 03:15:23,026 WARNING Guest disk op wall 30.3s (vm='ahv_ins_delete-0-260518-174206' ip=10.114.113.148 op=update ec=255) — includes SSH + guest disk command; if still high, check guest disk throughput vs. MiB settings.
2026-05-20 03:15:23,026 DEBUG [54/1171] VM 10120b1e… (ahv_ins_delete-0-260518-175239) via 10.114.121.5 op=update
2026-05-20 03:15:23,026 DEBUG   remote: bash -lc 'set -e; _bs(){ printf '"'"'BULK_SNAP_T %s %s\n'"'"' "$1" "$(date +%s.%N 2>/dev/null || date +%s)"; }; _bs guest_start; _bs pipeline_start; openssl enc -aes-256-ctr -pass pass:"testing" -nosalt < /dev/zero 2>/dev/null | dd of=/root/dummy_snapshot_data_1.img bs=1M count=500 iflag=fullblock conv=notrunc status=progress; ec=$?; _bs pipeline_done; _bs guest_end; exit $ec'
2026-05-20 03:15:23,031 DEBUG   ssh: connect to host 10.114.113.151 port 22: Connection timed out
2026-05-20 03:15:23,031 ERROR Guest disk op failed ec=255 vm=ahv_ins_delete-0-260518-174243 ip=10.114.113.151 — ssh: connect to host 10.114.113.151 port 22: Connection timed out
2026-05-20 03:15:23,032 WARNING Guest disk op wall 30.3s (vm='ahv_ins_delete-0-260518-174243' ip=10.114.113.151 op=update ec=255) — includes SSH + guest disk command; if still high, check guest disk throughput vs. MiB settings.
2026-05-20 03:15:23,032 DEBUG [55/1171] VM 2d9e8f61… (ahv_ins_delete-0-260518-175246) via 10.114.121.27 op=update
2026-05-20 03:15:23,033 DEBUG   remote: bash -lc 'set -e; _bs(){ printf '"'"'BULK_SNAP_T %s %s\n'"'"' "$1" "$(date +%s.%N 2>/dev/null || date +%s)"; }; _bs guest_start; _bs pipeline_start; openssl enc -aes-256-ctr -pass pass:"testing" -nosalt < /dev/zero 2>/dev/null | dd of=/root/dummy_snapshot_data_1.img bs=1M count=500 iflag=fullblock conv=notrunc status=progress; ec=$?; _bs pipeline_done; _bs guest_end; exit $ec'
2026-05-20 03:15:23,033 DEBUG   ssh: connect to host 10.114.121.18 port 22: Connection timed out
2026-05-20 03:15:23,033 ERROR Guest disk op failed ec=255 vm=ahv_ins_delete-0-260518-174230 ip=10.114.121.18 — ssh: connect to host 10.114.121.18 port 22: Connection timed out
2026-05-20 03:15:23,033 WARNING Guest disk op wall 30.3s (vm='ahv_ins_delete-0-260518-174230' ip=10.114.121.18 op=update ec=255) — includes SSH + guest disk command; if still high, check guest disk throughput vs. MiB settings.
2026-05-20 03:15:23,034 DEBUG [56/1171] VM 740f4139… (ahv_ins_delete-0-260518-175303) via 10.114.113.153 op=update
2026-05-20 03:15:23,034 DEBUG   remote: bash -lc 'set -e; _bs(){ printf '"'"'BULK_SNAP_T %s %s\n'"'"' "$1" "$(date +%s.%N 2>/dev/null || date +%s)"; }; _bs guest_start; _bs pipeline_start; openssl enc -aes-256-ctr -pass pass:"testing" -nosalt < /dev/zero 2>/dev/null | dd of=/root/dummy_snapshot_data_1.img bs=1M count=500 iflag=fullblock conv=notrunc status=progress; ec=$?; _bs pipeline_done; _bs guest_end; exit $ec'
2026-05-20 03:15:23,068 DEBUG   BULK_SNAP_T guest_start 1779214505.862801649
2026-05-20 03:15:23,068 DEBUG   BULK_SNAP_T pipeline_start 1779214505.870572936
2026-05-20 03:15:23,068 DEBUG   BULK_SNAP_T pipeline_done 1779214519.489122232
2026-05-20 03:15:23,068 DEBUG   BULK_SNAP_T guest_end 1779214519.507879747
2026-05-20 03:15:23,068 DEBUG   
2026-05-20 03:15:23,068 DEBUG   23068672 bytes (23 MB) copied, 1.026778 s, 22.5 MB/s
2026-05-20 03:15:23,068 DEBUG   59768832 bytes (60 MB) copied, 2.056818 s, 29.1 MB/s
2026-05-20 03:15:23,068 DEBUG   101711872 bytes (102 MB) copied, 3.057786 s, 33.3 MB/s
2026-05-20 03:15:23,068 DEBUG   145752064 bytes (146 MB) copied, 4.060697 s, 35.9 MB/s
2026-05-20 03:15:23,068 DEBUG   179306496 bytes (179 MB) copied, 5.069724 s, 35.4 MB/s
2026-05-20 03:15:23,068 DEBUG   219152384 bytes (219 MB) copied, 6.109817 s, 35.9 MB/s
2026-05-20 03:15:23,069 DEBUG   257949696 bytes (258 MB) copied, 7.112769 s, 36.3 MB/s
2026-05-20 03:15:23,069 DEBUG   297795584 bytes (298 MB) copied, 8.135809 s, 36.6 MB/s
2026-05-20 03:15:23,069 DEBUG   346030080 bytes (346 MB) copied, 9.137903 s, 37.9 MB/s
2026-05-20 03:15:23,069 DEBUG   400556032 bytes (401 MB) copied, 10.169757 s, 39.4 MB/s
2026-05-20 03:15:23,069 DEBUG   440401920 bytes (440 MB) copied, 11.173810 s, 39.4 MB/s
2026-05-20 03:15:23,069 DEBUG   478150656 bytes (478 MB) copied, 12.201817 s, 39.2 MB/s
2026-05-20 03:15:23,069 DEBUG   513802240 bytes (514 MB) copied, 13.246794 s, 38.8 MB/s
2026-05-20 03:15:23,069 DEBUG   500+0 records in
2026-05-20 03:15:23,069 DEBUG   500+0 records out
2026-05-20 03:15:23,069 DEBUG   524288000 bytes (524 MB) copied, 13.5029 s, 38.8 MB/s
2026-05-20 03:15:23,069 DEBUG   OK (disk op exit 0)
2026-05-20 03:15:23,070 DEBUG [1130/1171] VM e0b9f9e2… (ahv_ins_delete-0-260514-194324) via 10.114.48.22 op=update
2026-05-20 03:15:23,070 DEBUG   remote: bash -lc 'set -e; _bs(){ printf '"'"'BULK_SNAP_T %s %s\n'"'"' "$1" "$(date +%s.%N 2>/dev/null || date +%s)"; }; _bs guest_start; _bs pipeline_start; openssl enc -aes-256-ctr -pass pass:"testing" -nosalt < /dev/zero 2>/dev/null | dd of=/root/dummy_snapshot_data_1.img bs=1M count=500 iflag=fullblock conv=notrunc status=progress; ec=$?; _bs pipeline_done; _bs guest_end; exit $ec'
2026-05-20 03:15:23,268 DEBUG   ssh: connect to host 10.114.113.145 port 22: Connection timed out
2026-05-20 03:15:23,268 ERROR Guest disk op failed ec=255 vm=ahv_ins_delete-0-260518-174256 ip=10.114.113.145 — ssh: connect to host 10.114.113.145 port 22: Connection timed out
2026-05-20 03:15:23,268 WARNING Guest disk op wall 30.3s (vm='ahv_ins_delete-0-260518-174256' ip=10.114.113.145 op=update ec=255) — includes SSH + guest disk command; if still high, check guest disk throughput vs. MiB settings.
2026-05-20 03:15:23,269 DEBUG [57/1171] VM ab6ac713… (ahv_ins_delete-0-260518-175308) via 10.114.121.6 op=update
2026-05-20 03:15:23,269 DEBUG   remote: bash -lc 'set -e; _bs(){ printf '"'"'BULK_SNAP_T %s %s\n'"'"' "$1" "$(date +%s.%N 2>/dev/null || date +%s)"; }; _bs guest_start; _bs pipeline_start; openssl enc -aes-256-ctr -pass pass:"testing" -nosalt < /dev/zero 2>/dev/null | dd of=/root/dummy_snapshot_data_1.img bs=1M count=500 iflag=fullblock conv=notrunc status=progress; ec=$?; _bs pipeline_done; _bs guest_end; exit $ec'
2026-05-20 03:15:23,273 DEBUG   ssh: connect to host 10.114.113.144 port 22: Connection timed out
2026-05-20 03:15:23,273 ERROR Guest disk op failed ec=255 vm=ahv_ins_delete-0-260518-174619 ip=10.114.113.144 — ssh: connect to host 10.114.113.144 port 22: Connection timed out
2026-05-20 03:15:23,273 WARNING Guest disk op wall 30.3s (vm='ahv_ins_delete-0-260518-174619' ip=10.114.113.144 op=update ec=255) — includes SSH + guest disk command; if still high, check guest disk throughput vs. MiB settings.
2026-05-20 03:15:23,274 DEBUG [58/1171] VM 395ee4b6… (ahv_ins_delete-0-260518-175537) via 10.114.121.1 op=update
2026-05-20 03:15:23,274 DEBUG   remote: bash -lc 'set -e; _bs(){ printf '"'"'BULK_SNAP_T %s %s\n'"'"' "$1" "$(date +%s.%N 2>/dev/null || date +%s)"; }; _bs guest_start; _bs pipeline_start; openssl enc -aes-256-ctr -pass pass:"testing" -nosalt < /dev/zero 2>/dev/null | dd of=/root/dummy_snapshot_data_1.img bs=1M count=500 iflag=fullblock conv=notrunc status=progress; ec=$?; _bs pipeline_done; _bs guest_end; exit $ec'
2026-05-20 03:15:23,274 DEBUG   ssh: connect to host 10.114.113.147 port 22: Connection timed out
2026-05-20 03:15:23,274 ERROR Guest disk op failed ec=255 vm=ahv_ins_delete-0-260518-174725 ip=10.114.113.147 — ssh: connect to host 10.114.113.147 port 22: Connection timed out
2026-05-20 03:15:23,275 WARNING Guest disk op wall 30.3s (vm='ahv_ins_delete-0-260518-174725' ip=10.114.113.147 op=update ec=255) — includes SSH + guest disk command; if still high, check guest disk throughput vs. MiB settings.
2026-05-20 03:15:23,275 DEBUG [59/1171] VM 62725b81… (ahv_ins_delete-0-260518-175622) via 10.114.113.155 op=update
2026-05-20 03:15:23,275 DEBUG   remote: bash -lc 'set -e; _bs(){ printf '"'"'BULK_SNAP_T %s %s\n'"'"' "$1" "$(date +%s.%N 2>/dev/null || date +%s)"; }; _bs guest_start; _bs pipeline_start; openssl enc -aes-256-ctr -pass pass:"testing" -nosalt < /dev/zero 2>/dev/null | dd of=/root/dummy_snapshot_data_1.img bs=1M count=500 iflag=fullblock conv=notrunc status=progress; ec=$?; _bs pipeline_done; _bs guest_end; exit $ec'
2026-05-20 03:15:23,283 DEBUG   ssh: connect to host 10.114.113.146 port 22: Connection timed out
2026-05-20 03:15:23,283 ERROR Guest disk op failed ec=255 vm=ahv_ins_delete-0-260518-174732 ip=10.114.113.146 — ssh: connect to host 10.114.113.146 port 22: Connection timed out
2026-05-20 03:15:23,283 WARNING Guest disk op wall 30.3s (vm='ahv_ins_delete-0-260518-174732' ip=10.114.113.146 op=update ec=255) — includes SSH + guest disk command; if still high, check guest disk throughput vs. MiB settings.
2026-05-20 03:15:23,284 DEBUG [60/1171] VM 3ce32e24… (ahv_ins_delete-0-260518-175736) via 10.114.113.154 op=update
2026-05-20 03:15:23,284 DEBUG   remote: bash -lc 'set -e; _bs(){ printf '"'"'BULK_SNAP_T %s %s\n'"'"' "$1" "$(date +%s.%N 2>/dev/null || date +%s)"; }; _bs guest_start; _bs pipeline_start; openssl enc -aes-256-ctr -pass pass:"testing" -nosalt < /dev/zero 2>/dev/null | dd of=/root/dummy_snapshot_data_1.img bs=1M count=500 iflag=fullblock conv=notrunc status=progress; ec=$?; _bs pipeline_done; _bs guest_end; exit $ec'
2026-05-20 03:15:23,286 DEBUG   ssh: connect to host 10.114.113.156 port 22: Connection timed out
2026-05-20 03:15:23,287 ERROR Guest disk op failed ec=255 vm=ahv_ins_delete-0-260518-174742 ip=10.114.113.156 — ssh: connect to host 10.114.113.156 port 22: Connection timed out
2026-05-20 03:15:23,287 WARNING Guest disk op wall 30.3s (vm='ahv_ins_delete-0-260518-174742' ip=10.114.113.156 op=update ec=255) — includes SSH + guest disk command; if still high, check guest disk throughput vs. MiB settings.
2026-05-20 03:15:23,288 DEBUG [61/1171] VM 46f7f127… (ahv_ins_delete-0-260518-175740) via 10.114.113.133 op=update
2026-05-20 03:15:23,288 DEBUG   remote: bash -lc 'set -e; _bs(){ printf '"'"'BULK_SNAP_T %s %s\n'"'"' "$1" "$(date +%s.%N 2>/dev/null || date +%s)"; }; _bs guest_start; _bs pipeline_start; openssl enc -aes-256-ctr -pass pass:"testing" -nosalt < /dev/zero 2>/dev/null | dd of=/root/dummy_snapshot_data_1.img bs=1M count=500 iflag=fullblock conv=notrunc status=progress; ec=$?; _bs pipeline_done; _bs guest_end; exit $ec'
2026-05-20 03:15:23,509 DEBUG   ssh: connect to host 10.114.121.24 port 22: Connection timed out
2026-05-20 03:15:23,509 ERROR Guest disk op failed ec=255 vm=ahv_ins_delete-0-260518-174800 ip=10.114.121.24 — ssh: connect to host 10.114.121.24 port 22: Connection timed out
2026-05-20 03:15:23,509 WARNING Guest disk op wall 30.3s (vm='ahv_ins_delete-0-260518-174800' ip=10.114.121.24 op=update ec=255) — includes SSH + guest disk command; if still high, check guest disk throughput vs. MiB settings.
2026-05-20 03:15:23,510 DEBUG [62/1171] VM a53df19b… (ahv_ins_delete-0-260518-175756) via 10.114.113.132 op=update
2026-05-20 03:15:23,510 DEBUG   remote: bash -lc 'set -e; _bs(){ printf '"'"'BULK_SNAP_T %s %s\n'"'"' "$1" "$(date +%s.%N 2>/dev/null || date +%s)"; }; _bs guest_start; _bs pipeline_start; openssl enc -aes-256-ctr -pass pass:"testing" -nosalt < /dev/zero 2>/dev/null | dd of=/root/dummy_snapshot_data_1.img bs=1M count=500 iflag=fullblock conv=notrunc status=progress; ec=$?; _bs pipeline_done; _bs guest_end; exit $ec'
2026-05-20 03:15:25,599 DEBUG   BULK_SNAP_T guest_start 1779214510.543241452
2026-05-20 03:15:25,599 DEBUG   BULK_SNAP_T pipeline_start 1779214510.555946688
2026-05-20 03:15:25,599 DEBUG   BULK_SNAP_T pipeline_done 1779214522.364129895
2026-05-20 03:15:25,599 DEBUG   BULK_SNAP_T guest_end 1779214522.373178175
2026-05-20 03:15:25,599 DEBUG   
2026-05-20 03:15:25,599 DEBUG   36700160 bytes (37 MB) copied, 1.029391 s, 35.7 MB/s
2026-05-20 03:15:25,599 DEBUG   83886080 bytes (84 MB) copied, 2.033427 s, 41.3 MB/s
2026-05-20 03:15:25,599 DEBUG   124780544 bytes (125 MB) copied, 3.052566 s, 40.9 MB/s
2026-05-20 03:15:25,599 DEBUG   157286400 bytes (157 MB) copied, 4.057534 s, 38.8 MB/s
2026-05-20 03:15:25,599 DEBUG   214958080 bytes (215 MB) copied, 5.073792 s, 42.4 MB/s
2026-05-20 03:15:25,599 DEBUG   264241152 bytes (264 MB) copied, 6.089542 s, 43.4 MB/s
2026-05-20 03:15:25,599 DEBUG   315621376 bytes (316 MB) copied, 7.119464 s, 44.3 MB/s
2026-05-20 03:15:25,599 DEBUG   363855872 bytes (364 MB) copied, 8.133433 s, 44.7 MB/s
2026-05-20 03:15:25,599 DEBUG   413138944 bytes (413 MB) copied, 9.136354 s, 45.2 MB/s
2026-05-20 03:15:25,599 DEBUG   471859200 bytes (472 MB) copied, 10.150461 s, 46.5 MB/s
2026-05-20 03:15:25,599 DEBUG   524288000 bytes (524 MB) copied, 11.158335 s, 47.0 MB/s
2026-05-20 03:15:25,599 DEBUG   500+0 records in
2026-05-20 03:15:25,600 DEBUG   500+0 records out
2026-05-20 03:15:25,600 DEBUG   524288000 bytes (524 MB) copied, 11.1687 s, 46.9 MB/s
2026-05-20 03:15:25,600 DEBUG   OK (disk op exit 0)
2026-05-20 03:15:25,600 DEBUG [1131/1171] VM f0a2e328… (ahv_ins_delete-0-260514-194354) via 10.114.52.43 op=update
2026-05-20 03:15:25,600 DEBUG   remote: bash -lc 'set -e; _bs(){ printf '"'"'BULK_SNAP_T %s %s\n'"'"' "$1" "$(date +%s.%N 2>/dev/null || date +%s)"; }; _bs guest_start; _bs pipeline_start; openssl enc -aes-256-ctr -pass pass:"testing" -nosalt < /dev/zero 2>/dev/null | dd of=/root/dummy_snapshot_data_1.img bs=1M count=500 iflag=fullblock conv=notrunc status=progress; ec=$?; _bs pipeline_done; _bs guest_end; exit $ec'
2026-05-20 03:15:26,841 DEBUG   BULK_SNAP_T guest_start 1779214510.554764682
2026-05-20 03:15:26,842 DEBUG   BULK_SNAP_T pipeline_start 1779214510.560011130
2026-05-20 03:15:26,842 DEBUG   BULK_SNAP_T pipeline_done 1779214523.757468019
2026-05-20 03:15:26,842 DEBUG   BULK_SNAP_T guest_end 1779214523.765750151
2026-05-20 03:15:26,842 DEBUG   
2026-05-20 03:15:26,842 DEBUG   27262976 bytes (27 MB) copied, 1.008805 s, 27.0 MB/s
2026-05-20 03:15:26,842 DEBUG   65011712 bytes (65 MB) copied, 2.042950 s, 31.8 MB/s
2026-05-20 03:15:26,842 DEBUG   104857600 bytes (105 MB) copied, 3.069294 s, 34.2 MB/s
2026-05-20 03:15:26,842 DEBUG   143654912 bytes (144 MB) copied, 4.113865 s, 34.9 MB/s
2026-05-20 03:15:26,842 DEBUG   180355072 bytes (180 MB) copied, 5.130937 s, 35.2 MB/s
2026-05-20 03:15:26,842 DEBUG   222298112 bytes (222 MB) copied, 6.156936 s, 36.1 MB/s
2026-05-20 03:15:26,842 DEBUG   264241152 bytes (264 MB) copied, 7.198816 s, 36.7 MB/s
2026-05-20 03:15:26,842 DEBUG   308281344 bytes (308 MB) copied, 8.257888 s, 37.3 MB/s
2026-05-20 03:15:26,842 DEBUG   351272960 bytes (351 MB) copied, 9.262651 s, 37.9 MB/s
2026-05-20 03:15:26,842 DEBUG   400556032 bytes (401 MB) copied, 10.269817 s, 39.0 MB/s
2026-05-20 03:15:26,842 DEBUG   448790528 bytes (449 MB) copied, 11.290906 s, 39.7 MB/s
2026-05-20 03:15:26,842 DEBUG   494927872 bytes (495 MB) copied, 12.319893 s, 40.2 MB/s
2026-05-20 03:15:26,842 DEBUG   500+0 records in
2026-05-20 03:15:26,842 DEBUG   500+0 records out
2026-05-20 03:15:26,842 DEBUG   524288000 bytes (524 MB) copied, 13.0781 s, 40.1 MB/s
2026-05-20 03:15:26,842 DEBUG   OK (disk op exit 0)
2026-05-20 03:15:26,843 DEBUG [1132/1171] VM 05149ec7… (ahv_ins_delete-0-260514-194426) via 10.114.54.60 op=update
2026-05-20 03:15:26,843 DEBUG   remote: bash -lc 'set -e; _bs(){ printf '"'"'BULK_SNAP_T %s %s\n'"'"' "$1" "$(date +%s.%N 2>/dev/null || date +%s)"; }; _bs guest_start; _bs pipeline_start; openssl enc -aes-256-ctr -pass pass:"testing" -nosalt < /dev/zero 2>/dev/null | dd of=/root/dummy_snapshot_data_1.img bs=1M count=500 iflag=fullblock conv=notrunc status=progress; ec=$?; _bs pipeline_done; _bs guest_end; exit $ec'
2026-05-20 03:15:28,334 DEBUG   BULK_SNAP_T guest_start 1779214513.401186320
2026-05-20 03:15:28,335 DEBUG   BULK_SNAP_T pipeline_start 1779214513.410230988
2026-05-20 03:15:28,335 DEBUG   BULK_SNAP_T pipeline_done 1779214525.016035684
2026-05-20 03:15:28,335 DEBUG   BULK_SNAP_T guest_end 1779214525.032148752
2026-05-20 03:15:28,335 DEBUG   
2026-05-20 03:15:28,335 DEBUG   23068672 bytes (23 MB) copied, 1.000608 s, 23.1 MB/s
2026-05-20 03:15:28,335 DEBUG   73400320 bytes (73 MB) copied, 2.023547 s, 36.3 MB/s
2026-05-20 03:15:28,335 DEBUG   120586240 bytes (121 MB) copied, 3.025118 s, 39.9 MB/s
2026-05-20 03:15:28,335 DEBUG   162529280 bytes (163 MB) copied, 4.040544 s, 40.2 MB/s
2026-05-20 03:15:28,335 DEBUG   205520896 bytes (206 MB) copied, 5.042081 s, 40.8 MB/s
2026-05-20 03:15:28,335 DEBUG   247463936 bytes (247 MB) copied, 6.047073 s, 40.9 MB/s
2026-05-20 03:15:28,335 DEBUG   307232768 bytes (307 MB) copied, 7.061105 s, 43.5 MB/s
2026-05-20 03:15:28,335 DEBUG   359661568 bytes (360 MB) copied, 8.068556 s, 44.6 MB/s
2026-05-20 03:15:28,335 DEBUG   414187520 bytes (414 MB) copied, 9.094513 s, 45.5 MB/s
2026-05-20 03:15:28,335 DEBUG   459276288 bytes (459 MB) copied, 10.100119 s, 45.5 MB/s
2026-05-20 03:15:28,335 DEBUG   508559360 bytes (509 MB) copied, 11.121640 s, 45.7 MB/s
2026-05-20 03:15:28,335 DEBUG   500+0 records in
2026-05-20 03:15:28,335 DEBUG   500+0 records out
2026-05-20 03:15:28,335 DEBUG   524288000 bytes (524 MB) copied, 11.4967 s, 45.6 MB/s
2026-05-20 03:15:28,335 DEBUG   OK (disk op exit 0)
2026-05-20 03:15:28,336 DEBUG [1133/1171] VM 189f7ecc… (ahv_ins_delete-0-260514-194642) via 10.114.53.124 op=update
2026-05-20 03:15:28,336 DEBUG   remote: bash -lc 'set -e; _bs(){ printf '"'"'BULK_SNAP_T %s %s\n'"'"' "$1" "$(date +%s.%N 2>/dev/null || date +%s)"; }; _bs guest_start; _bs pipeline_start; openssl enc -aes-256-ctr -pass pass:"testing" -nosalt < /dev/zero 2>/dev/null | dd of=/root/dummy_snapshot_data_1.img bs=1M count=500 iflag=fullblock conv=notrunc status=progress; ec=$?; _bs pipeline_done; _bs guest_end; exit $ec'
2026-05-20 03:15:30,342 DEBUG   BULK_SNAP_T guest_start 1779214516.172465664
2026-05-20 03:15:30,342 DEBUG   BULK_SNAP_T pipeline_start 1779214516.180803997
2026-05-20 03:15:30,342 DEBUG   BULK_SNAP_T pipeline_done 1779214527.374218756
2026-05-20 03:15:30,342 DEBUG   BULK_SNAP_T guest_end 1779214527.394957331
2026-05-20 03:15:30,342 DEBUG   
2026-05-20 03:15:30,342 DEBUG   44040192 bytes (44 MB) copied, 1.004479 s, 43.8 MB/s
2026-05-20 03:15:30,343 DEBUG   81788928 bytes (82 MB) copied, 2.048038 s, 39.9 MB/s
2026-05-20 03:15:30,343 DEBUG   124780544 bytes (125 MB) copied, 3.061404 s, 40.8 MB/s
2026-05-20 03:15:30,343 DEBUG   169869312 bytes (170 MB) copied, 4.061466 s, 41.8 MB/s
2026-05-20 03:15:30,343 DEBUG   225443840 bytes (225 MB) copied, 5.064350 s, 44.5 MB/s
2026-05-20 03:15:30,343 DEBUG   286261248 bytes (286 MB) copied, 6.087158 s, 47.0 MB/s
2026-05-20 03:15:30,343 DEBUG   333447168 bytes (333 MB) copied, 7.096025 s, 47.0 MB/s
2026-05-20 03:15:30,343 DEBUG   389021696 bytes (389 MB) copied, 8.109285 s, 48.0 MB/s
2026-05-20 03:15:30,343 DEBUG   450887680 bytes (451 MB) copied, 9.130438 s, 49.4 MB/s
2026-05-20 03:15:30,343 DEBUG   505413632 bytes (505 MB) copied, 10.146004 s, 49.8 MB/s
2026-05-20 03:15:30,343 DEBUG   500+0 records in
2026-05-20 03:15:30,343 DEBUG   500+0 records out
2026-05-20 03:15:30,343 DEBUG   524288000 bytes (524 MB) copied, 10.4817 s, 50.0 MB/s
2026-05-20 03:15:30,343 DEBUG   OK (disk op exit 0)
2026-05-20 03:15:30,343 DEBUG [1134/1171] VM 1b6139cb… (ahv_ins_delete-0-260514-194724) via 10.114.48.153 op=update
2026-05-20 03:15:30,343 DEBUG   remote: bash -lc 'set -e; _bs(){ printf '"'"'BULK_SNAP_T %s %s\n'"'"' "$1" "$(date +%s.%N 2>/dev/null || date +%s)"; }; _bs guest_start; _bs pipeline_start; openssl enc -aes-256-ctr -pass pass:"testing" -nosalt < /dev/zero 2>/dev/null | dd of=/root/dummy_snapshot_data_1.img bs=1M count=500 iflag=fullblock conv=notrunc status=progress; ec=$?; _bs pipeline_done; _bs guest_end; exit $ec'
2026-05-20 03:15:30,607 DEBUG   BULK_SNAP_T guest_start 1779214515.511694693
2026-05-20 03:15:30,607 DEBUG   BULK_SNAP_T pipeline_start 1779214515.522300973
2026-05-20 03:15:30,607 DEBUG   BULK_SNAP_T pipeline_done 1779214526.771321731
2026-05-20 03:15:30,607 DEBUG   BULK_SNAP_T guest_end 1779214526.777274784
2026-05-20 03:15:30,607 DEBUG   
2026-05-20 03:15:30,607 DEBUG   33554432 bytes (34 MB) copied, 1.012987 s, 33.1 MB/s
2026-05-20 03:15:30,607 DEBUG   80740352 bytes (81 MB) copied, 2.051923 s, 39.3 MB/s
2026-05-20 03:15:30,607 DEBUG   128974848 bytes (129 MB) copied, 3.067249 s, 42.0 MB/s
2026-05-20 03:15:30,607 DEBUG   181403648 bytes (181 MB) copied, 4.081981 s, 44.4 MB/s
2026-05-20 03:15:30,607 DEBUG   242221056 bytes (242 MB) copied, 5.088096 s, 47.6 MB/s
2026-05-20 03:15:30,607 DEBUG   301989888 bytes (302 MB) copied, 6.106976 s, 49.4 MB/s
2026-05-20 03:15:30,607 DEBUG   349175808 bytes (349 MB) copied, 7.107390 s, 49.1 MB/s
2026-05-20 03:15:30,607 DEBUG   397410304 bytes (397 MB) copied, 8.118990 s, 48.9 MB/s
2026-05-20 03:15:30,607 DEBUG   451936256 bytes (452 MB) copied, 9.124967 s, 49.5 MB/s
2026-05-20 03:15:30,608 DEBUG   502267904 bytes (502 MB) copied, 10.134231 s, 49.6 MB/s
2026-05-20 03:15:30,608 DEBUG   500+0 records in
2026-05-20 03:15:30,608 DEBUG   500+0 records out
2026-05-20 03:15:30,608 DEBUG   524288000 bytes (524 MB) copied, 10.5439 s, 49.7 MB/s
2026-05-20 03:15:30,608 DEBUG   OK (disk op exit 0)
2026-05-20 03:15:30,608 DEBUG [1135/1171] VM b67f268b… (ahv_ins_delete-0-260514-194848) via 10.114.50.193 op=update
2026-05-20 03:15:30,608 DEBUG   remote: bash -lc 'set -e; _bs(){ printf '"'"'BULK_SNAP_T %s %s\n'"'"' "$1" "$(date +%s.%N 2>/dev/null || date +%s)"; }; _bs guest_start; _bs pipeline_start; openssl enc -aes-256-ctr -pass pass:"testing" -nosalt < /dev/zero 2>/dev/null | dd of=/root/dummy_snapshot_data_1.img bs=1M count=500 iflag=fullblock conv=notrunc status=progress; ec=$?; _bs pipeline_done; _bs guest_end; exit $ec'
2026-05-20 03:15:34,558 DEBUG   BULK_SNAP_T guest_start 1779214517.693789695
2026-05-20 03:15:34,559 DEBUG   BULK_SNAP_T pipeline_start 1779214517.706902161
2026-05-20 03:15:34,559 DEBUG   BULK_SNAP_T pipeline_done 1779214531.165146308
2026-05-20 03:15:34,559 DEBUG   BULK_SNAP_T guest_end 1779214531.178344890
2026-05-20 03:15:34,559 DEBUG   
2026-05-20 03:15:34,559 DEBUG   23068672 bytes (23 MB) copied, 1.026492 s, 22.5 MB/s
2026-05-20 03:15:34,559 DEBUG   58720256 bytes (59 MB) copied, 2.066550 s, 28.4 MB/s
2026-05-20 03:15:34,559 DEBUG   106954752 bytes (107 MB) copied, 3.069624 s, 34.8 MB/s
2026-05-20 03:15:34,559 DEBUG   147849216 bytes (148 MB) copied, 4.095503 s, 36.1 MB/s
2026-05-20 03:15:34,559 DEBUG   188743680 bytes (189 MB) copied, 5.108890 s, 36.9 MB/s
2026-05-20 03:15:34,559 DEBUG   227540992 bytes (228 MB) copied, 6.136603 s, 37.1 MB/s
2026-05-20 03:15:34,559 DEBUG   266338304 bytes (266 MB) copied, 7.136925 s, 37.3 MB/s
2026-05-20 03:15:34,559 DEBUG   311427072 bytes (311 MB) copied, 8.152640 s, 38.2 MB/s
2026-05-20 03:15:34,559 DEBUG   355467264 bytes (355 MB) copied, 9.197555 s, 38.6 MB/s
2026-05-20 03:15:34,559 DEBUG   399507456 bytes (400 MB) copied, 10.218902 s, 39.1 MB/s
2026-05-20 03:15:34,559 DEBUG   447741952 bytes (448 MB) copied, 11.238615 s, 39.8 MB/s
2026-05-20 03:15:34,559 DEBUG   489684992 bytes (490 MB) copied, 12.252647 s, 40.0 MB/s
2026-05-20 03:15:34,559 DEBUG   500+0 records in
2026-05-20 03:15:34,559 DEBUG   500+0 records out
2026-05-20 03:15:34,559 DEBUG   524288000 bytes (524 MB) copied, 13.2338 s, 39.6 MB/s
2026-05-20 03:15:34,559 DEBUG   OK (disk op exit 0)
2026-05-20 03:15:34,560 DEBUG [1136/1171] VM f61abe15… (ahv_ins_delete-0-260514-194914) via 10.114.49.249 op=update
2026-05-20 03:15:34,560 DEBUG   remote: bash -lc 'set -e; _bs(){ printf '"'"'BULK_SNAP_T %s %s\n'"'"' "$1" "$(date +%s.%N 2>/dev/null || date +%s)"; }; _bs guest_start; _bs pipeline_start; openssl enc -aes-256-ctr -pass pass:"testing" -nosalt < /dev/zero 2>/dev/null | dd of=/root/dummy_snapshot_data_1.img bs=1M count=500 iflag=fullblock conv=notrunc status=progress; ec=$?; _bs pipeline_done; _bs guest_end; exit $ec'
2026-05-20 03:15:35,354 DEBUG   BULK_SNAP_T guest_start 1779214518.204070924
2026-05-20 03:15:35,354 DEBUG   BULK_SNAP_T pipeline_start 1779214518.212344125
2026-05-20 03:15:35,354 DEBUG   BULK_SNAP_T pipeline_done 1779214531.877670425
2026-05-20 03:15:35,354 DEBUG   BULK_SNAP_T guest_end 1779214531.879082834
2026-05-20 03:15:35,354 DEBUG   
2026-05-20 03:15:35,354 DEBUG   17825792 bytes (18 MB) copied, 1.013319 s, 17.6 MB/s
2026-05-20 03:15:35,354 DEBUG   57671680 bytes (58 MB) copied, 2.038963 s, 28.3 MB/s
2026-05-20 03:15:35,354 DEBUG   101711872 bytes (102 MB) copied, 3.047981 s, 33.4 MB/s
2026-05-20 03:15:35,355 DEBUG   141557760 bytes (142 MB) copied, 4.174102 s, 33.9 MB/s
2026-05-20 03:15:35,355 DEBUG   177209344 bytes (177 MB) copied, 5.203960 s, 34.1 MB/s
2026-05-20 03:15:35,355 DEBUG   225443840 bytes (225 MB) copied, 6.221402 s, 36.2 MB/s
2026-05-20 03:15:35,355 DEBUG   268435456 bytes (268 MB) copied, 7.235965 s, 37.1 MB/s
2026-05-20 03:15:35,355 DEBUG   310378496 bytes (310 MB) copied, 8.253964 s, 37.6 MB/s
2026-05-20 03:15:35,355 DEBUG   357564416 bytes (358 MB) copied, 9.286930 s, 38.5 MB/s
2026-05-20 03:15:35,355 DEBUG   403701760 bytes (404 MB) copied, 10.299952 s, 39.2 MB/s
2026-05-20 03:15:35,355 DEBUG   443547648 bytes (444 MB) copied, 11.315016 s, 39.2 MB/s
2026-05-20 03:15:35,355 DEBUG   482344960 bytes (482 MB) copied, 12.317229 s, 39.2 MB/s
2026-05-20 03:15:35,355 DEBUG   516947968 bytes (517 MB) copied, 13.338104 s, 38.8 MB/s
2026-05-20 03:15:35,355 DEBUG   500+0 records in
2026-05-20 03:15:35,355 DEBUG   500+0 records out
2026-05-20 03:15:35,355 DEBUG   524288000 bytes (524 MB) copied, 13.5314 s, 38.7 MB/s
2026-05-20 03:15:35,355 DEBUG   OK (disk op exit 0)
2026-05-20 03:15:35,356 DEBUG [1137/1171] VM bbeee8a6… (ahv_ins_delete-0-260514-194939) via 10.114.49.34 op=update
2026-05-20 03:15:35,356 DEBUG   remote: bash -lc 'set -e; _bs(){ printf '"'"'BULK_SNAP_T %s %s\n'"'"' "$1" "$(date +%s.%N 2>/dev/null || date +%s)"; }; _bs guest_start; _bs pipeline_start; openssl enc -aes-256-ctr -pass pass:"testing" -nosalt < /dev/zero 2>/dev/null | dd of=/root/dummy_snapshot_data_1.img bs=1M count=500 iflag=fullblock conv=notrunc status=progress; ec=$?; _bs pipeline_done; _bs guest_end; exit $ec'
2026-05-20 03:15:36,079 DEBUG   BULK_SNAP_T guest_start 1779214521.308153663
2026-05-20 03:15:36,080 DEBUG   BULK_SNAP_T pipeline_start 1779214521.314147191
2026-05-20 03:15:36,080 DEBUG   BULK_SNAP_T pipeline_done 1779214532.324529528
2026-05-20 03:15:36,080 DEBUG   BULK_SNAP_T guest_end 1779214532.333307145
2026-05-20 03:15:36,080 DEBUG   
2026-05-20 03:15:36,080 DEBUG   36700160 bytes (37 MB) copied, 1.035336 s, 35.4 MB/s
2026-05-20 03:15:36,080 DEBUG   80740352 bytes (81 MB) copied, 2.039384 s, 39.6 MB/s
2026-05-20 03:15:36,080 DEBUG   134217728 bytes (134 MB) copied, 3.044790 s, 44.1 MB/s
2026-05-20 03:15:36,080 DEBUG   185597952 bytes (186 MB) copied, 4.057242 s, 45.7 MB/s
2026-05-20 03:15:36,080 DEBUG   234881024 bytes (235 MB) copied, 5.062332 s, 46.4 MB/s
2026-05-20 03:15:36,080 DEBUG   285212672 bytes (285 MB) copied, 6.091286 s, 46.8 MB/s
2026-05-20 03:15:36,080 DEBUG   342884352 bytes (343 MB) copied, 7.093590 s, 48.3 MB/s
2026-05-20 03:15:36,080 DEBUG   397410304 bytes (397 MB) copied, 8.098274 s, 49.1 MB/s
2026-05-20 03:15:36,080 DEBUG   445644800 bytes (446 MB) copied, 9.103336 s, 49.0 MB/s
2026-05-20 03:15:36,080 DEBUG   488636416 bytes (489 MB) copied, 10.133233 s, 48.2 MB/s
2026-05-20 03:15:36,080 DEBUG   500+0 records in
2026-05-20 03:15:36,080 DEBUG   500+0 records out
2026-05-20 03:15:36,080 DEBUG   524288000 bytes (524 MB) copied, 10.8285 s, 48.4 MB/s
2026-05-20 03:15:36,080 DEBUG   OK (disk op exit 0)
2026-05-20 03:15:36,081 DEBUG [1138/1171] VM c31fe370… (nc-2056cb-env--1446403350-1) via 10.114.55.188 op=update
2026-05-20 03:15:36,081 DEBUG   remote: bash -lc 'set -e; _bs(){ printf '"'"'BULK_SNAP_T %s %s\n'"'"' "$1" "$(date +%s.%N 2>/dev/null || date +%s)"; }; _bs guest_start; _bs pipeline_start; openssl enc -aes-256-ctr -pass pass:"testing" -nosalt < /dev/zero 2>/dev/null | dd of=/root/dummy_snapshot_data_1.img bs=1M count=500 iflag=fullblock conv=notrunc status=progress; ec=$?; _bs pipeline_done; _bs guest_end; exit $ec'
2026-05-20 03:15:36,336 DEBUG   root@10.114.55.188: Permission denied (publickey,gssapi-keyex,gssapi-with-mic,hostbased).
2026-05-20 03:15:36,337 ERROR Guest disk op failed ec=255 vm=nc-2056cb-env--1446403350-1 ip=10.114.55.188 — root@10.114.55.188: Permission denied (publickey,gssapi-keyex,gssapi-with-mic,hostbased).
2026-05-20 03:15:36,337 DEBUG [1139/1171] VM aae5a081… (nc-2056cb-env--1446403350-2) via 10.114.55.190 op=update
2026-05-20 03:15:36,337 DEBUG   remote: bash -lc 'set -e; _bs(){ printf '"'"'BULK_SNAP_T %s %s\n'"'"' "$1" "$(date +%s.%N 2>/dev/null || date +%s)"; }; _bs guest_start; _bs pipeline_start; openssl enc -aes-256-ctr -pass pass:"testing" -nosalt < /dev/zero 2>/dev/null | dd of=/root/dummy_snapshot_data_1.img bs=1M count=500 iflag=fullblock conv=notrunc status=progress; ec=$?; _bs pipeline_done; _bs guest_end; exit $ec'
2026-05-20 03:15:36,592 DEBUG   root@10.114.55.190: Permission denied (publickey,gssapi-keyex,gssapi-with-mic,hostbased).
2026-05-20 03:15:36,593 ERROR Guest disk op failed ec=255 vm=nc-2056cb-env--1446403350-2 ip=10.114.55.190 — root@10.114.55.190: Permission denied (publickey,gssapi-keyex,gssapi-with-mic,hostbased).
2026-05-20 03:15:36,594 DEBUG [1140/1171] VM eb4712eb… (vm-0-260519-095013) via 10.114.53.217 op=update
2026-05-20 03:15:36,594 DEBUG   remote: bash -lc 'set -e; _bs(){ printf '"'"'BULK_SNAP_T %s %s\n'"'"' "$1" "$(date +%s.%N 2>/dev/null || date +%s)"; }; _bs guest_start; _bs pipeline_start; openssl enc -aes-256-ctr -pass pass:"testing" -nosalt < /dev/zero 2>/dev/null | dd of=/root/dummy_snapshot_data_1.img bs=1M count=500 iflag=fullblock conv=notrunc status=progress; ec=$?; _bs pipeline_done; _bs guest_end; exit $ec'
2026-05-20 03:15:37,325 DEBUG   BULK_SNAP_T guest_start 1779214521.615339963
2026-05-20 03:15:37,325 DEBUG   BULK_SNAP_T pipeline_start 1779214521.618462637
2026-05-20 03:15:37,325 DEBUG   BULK_SNAP_T pipeline_done 1779214534.101844003
2026-05-20 03:15:37,325 DEBUG   BULK_SNAP_T guest_end 1779214534.103634250
2026-05-20 03:15:37,325 DEBUG   
2026-05-20 03:15:37,325 DEBUG   35651584 bytes (36 MB) copied, 1.012079 s, 35.2 MB/s
2026-05-20 03:15:37,325 DEBUG   69206016 bytes (69 MB) copied, 2.022695 s, 34.2 MB/s
2026-05-20 03:15:37,325 DEBUG   106954752 bytes (107 MB) copied, 3.023667 s, 35.4 MB/s
2026-05-20 03:15:37,325 DEBUG   147849216 bytes (148 MB) copied, 4.030255 s, 36.7 MB/s
2026-05-20 03:15:37,325 DEBUG   193986560 bytes (194 MB) copied, 5.034712 s, 38.5 MB/s
2026-05-20 03:15:37,325 DEBUG   241172480 bytes (241 MB) copied, 6.065237 s, 39.8 MB/s
2026-05-20 03:15:37,325 DEBUG   288358400 bytes (288 MB) copied, 7.078192 s, 40.7 MB/s
2026-05-20 03:15:37,325 DEBUG   330301440 bytes (330 MB) copied, 8.114325 s, 40.7 MB/s
2026-05-20 03:15:37,325 DEBUG   377487360 bytes (377 MB) copied, 9.175838 s, 41.1 MB/s
2026-05-20 03:15:37,325 DEBUG   425721856 bytes (426 MB) copied, 10.200186 s, 41.7 MB/s
2026-05-20 03:15:37,325 DEBUG   463470592 bytes (463 MB) copied, 11.223793 s, 41.3 MB/s
2026-05-20 03:15:37,325 DEBUG   516947968 bytes (517 MB) copied, 12.238084 s, 42.2 MB/s
2026-05-20 03:15:37,326 DEBUG   500+0 records in
2026-05-20 03:15:37,326 DEBUG   500+0 records out
2026-05-20 03:15:37,326 DEBUG   524288000 bytes (524 MB) copied, 12.3797 s, 42.4 MB/s
2026-05-20 03:15:37,326 DEBUG   OK (disk op exit 0)
2026-05-20 03:15:37,326 DEBUG [1141/1171] VM ab984786… (vm-0-260519-095014) via 10.114.50.235 op=update
2026-05-20 03:15:37,326 DEBUG   remote: bash -lc 'set -e; _bs(){ printf '"'"'BULK_SNAP_T %s %s\n'"'"' "$1" "$(date +%s.%N 2>/dev/null || date +%s)"; }; _bs guest_start; _bs pipeline_start; openssl enc -aes-256-ctr -pass pass:"testing" -nosalt < /dev/zero 2>/dev/null | dd of=/root/dummy_snapshot_data_1.img bs=1M count=500 iflag=fullblock conv=notrunc status=progress; ec=$?; _bs pipeline_done; _bs guest_end; exit $ec'
2026-05-20 03:15:38,100 DEBUG   BULK_SNAP_T guest_start 1779214520.681125148
2026-05-20 03:15:38,100 DEBUG   BULK_SNAP_T pipeline_start 1779214520.689270324
2026-05-20 03:15:38,100 DEBUG   BULK_SNAP_T pipeline_done 1779214534.040249382
2026-05-20 03:15:38,100 DEBUG   BULK_SNAP_T guest_end 1779214534.041764558
2026-05-20 03:15:38,100 DEBUG   
2026-05-20 03:15:38,100 DEBUG   32505856 bytes (33 MB) copied, 1.023655 s, 31.8 MB/s
2026-05-20 03:15:38,100 DEBUG   63963136 bytes (64 MB) copied, 2.030675 s, 31.5 MB/s
2026-05-20 03:15:38,100 DEBUG   101711872 bytes (102 MB) copied, 3.046580 s, 33.4 MB/s
2026-05-20 03:15:38,100 DEBUG   141557760 bytes (142 MB) copied, 4.076008 s, 34.7 MB/s
2026-05-20 03:15:38,100 DEBUG   179306496 bytes (179 MB) copied, 5.125575 s, 35.0 MB/s
2026-05-20 03:15:38,100 DEBUG   223346688 bytes (223 MB) copied, 6.162635 s, 36.2 MB/s
2026-05-20 03:15:38,101 DEBUG   267386880 bytes (267 MB) copied, 7.202610 s, 37.1 MB/s
2026-05-20 03:15:38,101 DEBUG   307232768 bytes (307 MB) copied, 8.261534 s, 37.2 MB/s
2026-05-20 03:15:38,101 DEBUG   350224384 bytes (350 MB) copied, 9.306622 s, 37.6 MB/s
2026-05-20 03:15:38,101 DEBUG   387973120 bytes (388 MB) copied, 10.327239 s, 37.6 MB/s
2026-05-20 03:15:38,101 DEBUG   426770432 bytes (427 MB) copied, 11.344636 s, 37.6 MB/s
2026-05-20 03:15:38,101 DEBUG   480247808 bytes (480 MB) copied, 12.374664 s, 38.8 MB/s
2026-05-20 03:15:38,101 DEBUG   500+0 records in
2026-05-20 03:15:38,101 DEBUG   500+0 records out
2026-05-20 03:15:38,101 DEBUG   524288000 bytes (524 MB) copied, 13.2646 s, 39.5 MB/s
2026-05-20 03:15:38,101 DEBUG   OK (disk op exit 0)
2026-05-20 03:15:38,101 DEBUG [1142/1171] VM 1a23671b… (vm-0-260519-095021) via 10.114.48.86 op=update
2026-05-20 03:15:38,102 DEBUG   remote: bash -lc 'set -e; _bs(){ printf '"'"'BULK_SNAP_T %s %s\n'"'"' "$1" "$(date +%s.%N 2>/dev/null || date +%s)"; }; _bs guest_start; _bs pipeline_start; openssl enc -aes-256-ctr -pass pass:"testing" -nosalt < /dev/zero 2>/dev/null | dd of=/root/dummy_snapshot_data_1.img bs=1M count=500 iflag=fullblock conv=notrunc status=progress; ec=$?; _bs pipeline_done; _bs guest_end; exit $ec'
2026-05-20 03:15:39,610 DEBUG   BULK_SNAP_T guest_start 1779214524.846447603
2026-05-20 03:15:39,610 DEBUG   BULK_SNAP_T pipeline_start 1779214524.854311913
2026-05-20 03:15:39,610 DEBUG   BULK_SNAP_T pipeline_done 1779214536.437720744
2026-05-20 03:15:39,610 DEBUG   BULK_SNAP_T guest_end 1779214536.439375837
2026-05-20 03:15:39,610 DEBUG   
2026-05-20 03:15:39,610 DEBUG   34603008 bytes (35 MB) copied, 1.005929 s, 34.4 MB/s
2026-05-20 03:15:39,610 DEBUG   80740352 bytes (81 MB) copied, 2.047770 s, 39.4 MB/s
2026-05-20 03:15:39,610 DEBUG   130023424 bytes (130 MB) copied, 3.078777 s, 42.2 MB/s
2026-05-20 03:15:39,610 DEBUG   171966464 bytes (172 MB) copied, 4.100650 s, 41.9 MB/s
2026-05-20 03:15:39,610 DEBUG   220200960 bytes (220 MB) copied, 5.109723 s, 43.1 MB/s
2026-05-20 03:15:39,610 DEBUG   264241152 bytes (264 MB) copied, 6.128406 s, 43.1 MB/s
2026-05-20 03:15:39,610 DEBUG   309329920 bytes (309 MB) copied, 7.138742 s, 43.3 MB/s
2026-05-20 03:15:39,610 DEBUG   357564416 bytes (358 MB) copied, 8.138843 s, 43.9 MB/s
2026-05-20 03:15:39,610 DEBUG   407896064 bytes (408 MB) copied, 9.162730 s, 44.5 MB/s
2026-05-20 03:15:39,610 DEBUG   457179136 bytes (457 MB) copied, 10.173652 s, 44.9 MB/s
2026-05-20 03:15:39,610 DEBUG   509607936 bytes (510 MB) copied, 11.173889 s, 45.6 MB/s
2026-05-20 03:15:39,610 DEBUG   500+0 records in
2026-05-20 03:15:39,610 DEBUG   500+0 records out
2026-05-20 03:15:39,610 DEBUG   524288000 bytes (524 MB) copied, 11.4627 s, 45.7 MB/s
2026-05-20 03:15:39,610 DEBUG   OK (disk op exit 0)
2026-05-20 03:15:39,611 DEBUG [1143/1171] VM 2654ff57… (vm-0-260519-095022) via 10.114.50.93 op=update
2026-05-20 03:15:39,611 DEBUG   remote: bash -lc 'set -e; _bs(){ printf '"'"'BULK_SNAP_T %s %s\n'"'"' "$1" "$(date +%s.%N 2>/dev/null || date +%s)"; }; _bs guest_start; _bs pipeline_start; openssl enc -aes-256-ctr -pass pass:"testing" -nosalt < /dev/zero 2>/dev/null | dd of=/root/dummy_snapshot_data_1.img bs=1M count=500 iflag=fullblock conv=notrunc status=progress; ec=$?; _bs pipeline_done; _bs guest_end; exit $ec'
2026-05-20 03:15:40,345 DEBUG   BULK_SNAP_T guest_start 1779214527.234958283
2026-05-20 03:15:40,346 DEBUG   BULK_SNAP_T pipeline_start 1779214527.239679431
2026-05-20 03:15:40,346 DEBUG   BULK_SNAP_T pipeline_done 1779214537.533973130
2026-05-20 03:15:40,346 DEBUG   BULK_SNAP_T guest_end 1779214537.535683704
2026-05-20 03:15:40,346 DEBUG   
2026-05-20 03:15:40,346 DEBUG   39845888 bytes (40 MB) copied, 1.010928 s, 39.4 MB/s
2026-05-20 03:15:40,346 DEBUG   96468992 bytes (96 MB) copied, 2.018742 s, 47.8 MB/s
2026-05-20 03:15:40,346 DEBUG   146800640 bytes (147 MB) copied, 3.106715 s, 47.3 MB/s
2026-05-20 03:15:40,346 DEBUG   186646528 bytes (187 MB) copied, 4.127013 s, 45.2 MB/s
2026-05-20 03:15:40,346 DEBUG   232783872 bytes (233 MB) copied, 5.133980 s, 45.3 MB/s
2026-05-20 03:15:40,346 DEBUG   285212672 bytes (285 MB) copied, 6.145749 s, 46.4 MB/s
2026-05-20 03:15:40,346 DEBUG   347078656 bytes (347 MB) copied, 7.149033 s, 48.5 MB/s
2026-05-20 03:15:40,346 DEBUG   404750336 bytes (405 MB) copied, 8.171042 s, 49.5 MB/s
2026-05-20 03:15:40,346 DEBUG   461373440 bytes (461 MB) copied, 9.183952 s, 50.2 MB/s
2026-05-20 03:15:40,346 DEBUG   521142272 bytes (521 MB) copied, 10.196025 s, 51.1 MB/s
2026-05-20 03:15:40,346 DEBUG   500+0 records in
2026-05-20 03:15:40,346 DEBUG   500+0 records out
2026-05-20 03:15:40,346 DEBUG   524288000 bytes (524 MB) copied, 10.2309 s, 51.2 MB/s
2026-05-20 03:15:40,346 DEBUG   OK (disk op exit 0)
2026-05-20 03:15:40,347 DEBUG [1144/1171] VM 4f7f36ae… (vm-0-260519-095035) via 10.114.49.42 op=update
2026-05-20 03:15:40,347 DEBUG   remote: bash -lc 'set -e; _bs(){ printf '"'"'BULK_SNAP_T %s %s\n'"'"' "$1" "$(date +%s.%N 2>/dev/null || date +%s)"; }; _bs guest_start; _bs pipeline_start; openssl enc -aes-256-ctr -pass pass:"testing" -nosalt < /dev/zero 2>/dev/null | dd of=/root/dummy_snapshot_data_1.img bs=1M count=500 iflag=fullblock conv=notrunc status=progress; ec=$?; _bs pipeline_done; _bs guest_end; exit $ec'
2026-05-20 03:15:40,606 DEBUG   BULK_SNAP_T guest_start 1779214524.825266211
2026-05-20 03:15:40,606 DEBUG   BULK_SNAP_T pipeline_start 1779214524.830844966
2026-05-20 03:15:40,606 DEBUG   BULK_SNAP_T pipeline_done 1779214535.964040586
2026-05-20 03:15:40,606 DEBUG   BULK_SNAP_T guest_end 1779214535.987938648
2026-05-20 03:15:40,606 DEBUG   
2026-05-20 03:15:40,606 DEBUG   35651584 bytes (36 MB) copied, 1.007331 s, 35.4 MB/s
2026-05-20 03:15:40,606 DEBUG   85983232 bytes (86 MB) copied, 2.033597 s, 42.3 MB/s
2026-05-20 03:15:40,606 DEBUG   134217728 bytes (134 MB) copied, 3.035275 s, 44.2 MB/s
2026-05-20 03:15:40,606 DEBUG   166723584 bytes (167 MB) copied, 4.052353 s, 41.1 MB/s
2026-05-20 03:15:40,606 DEBUG   214958080 bytes (215 MB) copied, 5.059752 s, 42.5 MB/s
2026-05-20 03:15:40,606 DEBUG   260046848 bytes (260 MB) copied, 6.075525 s, 42.8 MB/s
2026-05-20 03:15:40,606 DEBUG   309329920 bytes (309 MB) copied, 7.108390 s, 43.5 MB/s
2026-05-20 03:15:40,606 DEBUG   369098752 bytes (369 MB) copied, 8.111910 s, 45.5 MB/s
2026-05-20 03:15:40,606 DEBUG   421527552 bytes (422 MB) copied, 9.138536 s, 46.1 MB/s
2026-05-20 03:15:40,606 DEBUG   476053504 bytes (476 MB) copied, 10.153615 s, 46.9 MB/s
2026-05-20 03:15:40,606 DEBUG   500+0 records in
2026-05-20 03:15:40,606 DEBUG   500+0 records out
2026-05-20 03:15:40,606 DEBUG   524288000 bytes (524 MB) copied, 10.9776 s, 47.8 MB/s
2026-05-20 03:15:40,606 DEBUG   OK (disk op exit 0)
2026-05-20 03:15:40,607 DEBUG [1145/1171] VM 709cb2ad… (vm-0-260519-095035) via 10.114.50.44 op=update
2026-05-20 03:15:40,608 DEBUG   remote: bash -lc 'set -e; _bs(){ printf '"'"'BULK_SNAP_T %s %s\n'"'"' "$1" "$(date +%s.%N 2>/dev/null || date +%s)"; }; _bs guest_start; _bs pipeline_start; openssl enc -aes-256-ctr -pass pass:"testing" -nosalt < /dev/zero 2>/dev/null | dd of=/root/dummy_snapshot_data_1.img bs=1M count=500 iflag=fullblock conv=notrunc status=progress; ec=$?; _bs pipeline_done; _bs guest_end; exit $ec'
2026-05-20 03:15:42,352 DEBUG   BULK_SNAP_T guest_start 1779214528.259686563
2026-05-20 03:15:42,352 DEBUG   BULK_SNAP_T pipeline_start 1779214528.261191032
2026-05-20 03:15:42,352 DEBUG   BULK_SNAP_T pipeline_done 1779214538.713650754
2026-05-20 03:15:42,352 DEBUG   BULK_SNAP_T guest_end 1779214538.719615833
2026-05-20 03:15:42,352 DEBUG   
2026-05-20 03:15:42,352 DEBUG   32505856 bytes (33 MB) copied, 1.000954 s, 32.5 MB/s
2026-05-20 03:15:42,353 DEBUG   53477376 bytes (53 MB) copied, 2.017292 s, 26.5 MB/s
2026-05-20 03:15:42,353 DEBUG   96468992 bytes (96 MB) copied, 3.090227 s, 31.2 MB/s
2026-05-20 03:15:42,353 DEBUG   143654912 bytes (144 MB) copied, 4.092320 s, 35.1 MB/s
2026-05-20 03:15:42,353 DEBUG   195035136 bytes (195 MB) copied, 5.092798 s, 38.3 MB/s
2026-05-20 03:15:42,353 DEBUG   252706816 bytes (253 MB) copied, 6.093748 s, 41.5 MB/s
2026-05-20 03:15:42,353 DEBUG   310378496 bytes (310 MB) copied, 7.118047 s, 43.6 MB/s
2026-05-20 03:15:42,353 DEBUG   376438784 bytes (376 MB) copied, 8.143161 s, 46.2 MB/s
2026-05-20 03:15:42,353 DEBUG   447741952 bytes (448 MB) copied, 9.169416 s, 48.8 MB/s
2026-05-20 03:15:42,353 DEBUG   511705088 bytes (512 MB) copied, 10.181070 s, 50.3 MB/s
2026-05-20 03:15:42,353 DEBUG   500+0 records in
2026-05-20 03:15:42,353 DEBUG   500+0 records out
2026-05-20 03:15:42,353 DEBUG   524288000 bytes (524 MB) copied, 10.3821 s, 50.5 MB/s
2026-05-20 03:15:42,353 DEBUG   OK (disk op exit 0)
2026-05-20 03:15:42,353 DEBUG [1146/1171] VM cf9925e4… (vm-0-260519-095043) via 10.114.51.177 op=update
2026-05-20 03:15:42,354 DEBUG   remote: bash -lc 'set -e; _bs(){ printf '"'"'BULK_SNAP_T %s %s\n'"'"' "$1" "$(date +%s.%N 2>/dev/null || date +%s)"; }; _bs guest_start; _bs pipeline_start; openssl enc -aes-256-ctr -pass pass:"testing" -nosalt < /dev/zero 2>/dev/null | dd of=/root/dummy_snapshot_data_1.img bs=1M count=500 iflag=fullblock conv=notrunc status=progress; ec=$?; _bs pipeline_done; _bs guest_end; exit $ec'
2026-05-20 03:15:44,368 DEBUG   BULK_SNAP_T guest_start 1779214528.593183535
2026-05-20 03:15:44,369 DEBUG   BULK_SNAP_T pipeline_start 1779214528.606101334
2026-05-20 03:15:44,369 DEBUG   BULK_SNAP_T pipeline_done 1779214540.255427714
2026-05-20 03:15:44,369 DEBUG   BULK_SNAP_T guest_end 1779214540.263058204
2026-05-20 03:15:44,369 DEBUG   
2026-05-20 03:15:44,369 DEBUG   24117248 bytes (24 MB) copied, 1.029697 s, 23.4 MB/s
2026-05-20 03:15:44,369 DEBUG   57671680 bytes (58 MB) copied, 2.058894 s, 28.0 MB/s
2026-05-20 03:15:44,369 DEBUG   95420416 bytes (95 MB) copied, 3.075368 s, 31.0 MB/s
2026-05-20 03:15:44,369 DEBUG   137363456 bytes (137 MB) copied, 4.084359 s, 33.6 MB/s
2026-05-20 03:15:44,369 DEBUG   178257920 bytes (178 MB) copied, 5.096369 s, 35.0 MB/s
2026-05-20 03:15:44,369 DEBUG   228589568 bytes (229 MB) copied, 6.097518 s, 37.5 MB/s
2026-05-20 03:15:44,369 DEBUG   278921216 bytes (279 MB) copied, 7.111398 s, 39.2 MB/s
2026-05-20 03:15:44,369 DEBUG   340787200 bytes (341 MB) copied, 8.117359 s, 42.0 MB/s
2026-05-20 03:15:44,369 DEBUG   394264576 bytes (394 MB) copied, 9.143322 s, 43.1 MB/s
2026-05-20 03:15:44,369 DEBUG   454033408 bytes (454 MB) copied, 10.176373 s, 44.6 MB/s
2026-05-20 03:15:44,369 DEBUG   504365056 bytes (504 MB) copied, 11.177338 s, 45.1 MB/s
2026-05-20 03:15:44,369 DEBUG   500+0 records in
2026-05-20 03:15:44,369 DEBUG   500+0 records out
2026-05-20 03:15:44,369 DEBUG   524288000 bytes (524 MB) copied, 11.5597 s, 45.4 MB/s
2026-05-20 03:15:44,369 DEBUG   OK (disk op exit 0)
2026-05-20 03:15:44,370 DEBUG [1147/1171] VM 603553da… (vm-0-260519-095142) via 10.114.50.125 op=update
2026-05-20 03:15:44,370 DEBUG   remote: bash -lc 'set -e; _bs(){ printf '"'"'BULK_SNAP_T %s %s\n'"'"' "$1" "$(date +%s.%N 2>/dev/null || date +%s)"; }; _bs guest_start; _bs pipeline_start; openssl enc -aes-256-ctr -pass pass:"testing" -nosalt < /dev/zero 2>/dev/null | dd of=/root/dummy_snapshot_data_1.img bs=1M count=500 iflag=fullblock conv=notrunc status=progress; ec=$?; _bs pipeline_done; _bs guest_end; exit $ec'
2026-05-20 03:15:46,364 DEBUG   BULK_SNAP_T guest_start 1779214534.350569456
2026-05-20 03:15:46,364 DEBUG   BULK_SNAP_T pipeline_start 1779214534.358813177
2026-05-20 03:15:46,364 DEBUG   BULK_SNAP_T pipeline_done 1779214543.316934823
2026-05-20 03:15:46,364 DEBUG   BULK_SNAP_T guest_end 1779214543.323663366
2026-05-20 03:15:46,364 DEBUG   
2026-05-20 03:15:46,364 DEBUG   36700160 bytes (37 MB) copied, 1.025017 s, 35.8 MB/s
2026-05-20 03:15:46,364 DEBUG   87031808 bytes (87 MB) copied, 2.029714 s, 42.9 MB/s
2026-05-20 03:15:46,364 DEBUG   145752064 bytes (146 MB) copied, 3.035714 s, 48.0 MB/s
2026-05-20 03:15:46,364 DEBUG   209715200 bytes (210 MB) copied, 4.036675 s, 52.0 MB/s
2026-05-20 03:15:46,364 DEBUG   272629760 bytes (273 MB) copied, 5.043701 s, 54.1 MB/s
2026-05-20 03:15:46,365 DEBUG   339738624 bytes (340 MB) copied, 6.052391 s, 56.1 MB/s
2026-05-20 03:15:46,365 DEBUG   404750336 bytes (405 MB) copied, 7.054931 s, 57.4 MB/s
2026-05-20 03:15:46,365 DEBUG   477102080 bytes (477 MB) copied, 8.082228 s, 59.0 MB/s
2026-05-20 03:15:46,365 DEBUG   500+0 records in
2026-05-20 03:15:46,365 DEBUG   500+0 records out
2026-05-20 03:15:46,365 DEBUG   524288000 bytes (524 MB) copied, 8.87021 s, 59.1 MB/s
2026-05-20 03:15:46,365 DEBUG   OK (disk op exit 0)
2026-05-20 03:15:46,365 DEBUG [1148/1171] VM 50741da0… (vm-0-260519-095216) via 10.114.49.86 op=update
2026-05-20 03:15:46,366 DEBUG   remote: bash -lc 'set -e; _bs(){ printf '"'"'BULK_SNAP_T %s %s\n'"'"' "$1" "$(date +%s.%N 2>/dev/null || date +%s)"; }; _bs guest_start; _bs pipeline_start; openssl enc -aes-256-ctr -pass pass:"testing" -nosalt < /dev/zero 2>/dev/null | dd of=/root/dummy_snapshot_data_1.img bs=1M count=500 iflag=fullblock conv=notrunc status=progress; ec=$?; _bs pipeline_done; _bs guest_end; exit $ec'
2026-05-20 03:15:46,820 DEBUG   BULK_SNAP_T guest_start 1779214533.636704155
2026-05-20 03:15:46,820 DEBUG   BULK_SNAP_T pipeline_start 1779214533.640385731
2026-05-20 03:15:46,820 DEBUG   BULK_SNAP_T pipeline_done 1779214543.351700691
2026-05-20 03:15:46,820 DEBUG   BULK_SNAP_T guest_end 1779214543.357527675
2026-05-20 03:15:46,820 DEBUG   
2026-05-20 03:15:46,820 DEBUG   36700160 bytes (37 MB) copied, 1.024438 s, 35.8 MB/s
2026-05-20 03:15:46,820 DEBUG   74448896 bytes (74 MB) copied, 2.050293 s, 36.3 MB/s
2026-05-20 03:15:46,820 DEBUG   120586240 bytes (121 MB) copied, 3.067307 s, 39.3 MB/s
2026-05-20 03:15:46,820 DEBUG   168820736 bytes (169 MB) copied, 4.110226 s, 41.1 MB/s
2026-05-20 03:15:46,820 DEBUG   225443840 bytes (225 MB) copied, 5.119545 s, 44.0 MB/s
2026-05-20 03:15:46,820 DEBUG   298844160 bytes (299 MB) copied, 6.129620 s, 48.8 MB/s
2026-05-20 03:15:46,820 DEBUG   368050176 bytes (368 MB) copied, 7.146462 s, 51.5 MB/s
2026-05-20 03:15:46,820 DEBUG   430964736 bytes (431 MB) copied, 8.154484 s, 52.9 MB/s
2026-05-20 03:15:46,820 DEBUG   491782144 bytes (492 MB) copied, 9.172448 s, 53.6 MB/s
2026-05-20 03:15:46,820 DEBUG   500+0 records in
2026-05-20 03:15:46,820 DEBUG   500+0 records out
2026-05-20 03:15:46,820 DEBUG   524288000 bytes (524 MB) copied, 9.64101 s, 54.4 MB/s
2026-05-20 03:15:46,820 DEBUG   OK (disk op exit 0)
2026-05-20 03:15:46,821 DEBUG [1149/1171] VM e9d67ef6… (vm-0-260519-095217) via 10.114.52.210 op=update
2026-05-20 03:15:46,821 DEBUG   remote: bash -lc 'set -e; _bs(){ printf '"'"'BULK_SNAP_T %s %s\n'"'"' "$1" "$(date +%s.%N 2>/dev/null || date +%s)"; }; _bs guest_start; _bs pipeline_start; openssl enc -aes-256-ctr -pass pass:"testing" -nosalt < /dev/zero 2>/dev/null | dd of=/root/dummy_snapshot_data_1.img bs=1M count=500 iflag=fullblock conv=notrunc status=progress; ec=$?; _bs pipeline_done; _bs guest_end; exit $ec'
2026-05-20 03:15:53,052 DEBUG   ssh: connect to host 10.114.121.27 port 22: Connection timed out
2026-05-20 03:15:53,053 ERROR Guest disk op failed ec=255 vm=ahv_ins_delete-0-260518-175246 ip=10.114.121.27 — ssh: connect to host 10.114.121.27 port 22: Connection timed out
2026-05-20 03:15:53,053 WARNING Guest disk op wall 30.0s (vm='ahv_ins_delete-0-260518-175246' ip=10.114.121.27 op=update ec=255) — includes SSH + guest disk command; if still high, check guest disk throughput vs. MiB settings.
2026-05-20 03:15:53,053 DEBUG [63/1171] VM 1687e55d… (ahv_ins_delete-0-260518-180040) via 10.114.113.135 op=update
2026-05-20 03:15:53,053 DEBUG   remote: bash -lc 'set -e; _bs(){ printf '"'"'BULK_SNAP_T %s %s\n'"'"' "$1" "$(date +%s.%N 2>/dev/null || date +%s)"; }; _bs guest_start; _bs pipeline_start; openssl enc -aes-256-ctr -pass pass:"testing" -nosalt < /dev/zero 2>/dev/null | dd of=/root/dummy_snapshot_data_1.img bs=1M count=500 iflag=fullblock conv=notrunc status=progress; ec=$?; _bs pipeline_done; _bs guest_end; exit $ec'
2026-05-20 03:15:53,263 DEBUG   ssh: connect to host 10.114.121.26 port 22: Connection timed out
2026-05-20 03:15:53,264 ERROR Guest disk op failed ec=255 vm=ahv_ins_delete-0-260518-175104 ip=10.114.121.26 — ssh: connect to host 10.114.121.26 port 22: Connection timed out
2026-05-20 03:15:53,264 WARNING Guest disk op wall 30.3s (vm='ahv_ins_delete-0-260518-175104' ip=10.114.121.26 op=update ec=255) — includes SSH + guest disk command; if still high, check guest disk throughput vs. MiB settings.
2026-05-20 03:15:53,264 DEBUG [64/1171] VM e99dfd9d… (ahv_ins_delete-0-260518-180123) via 10.114.113.129 op=update
2026-05-20 03:15:53,264 DEBUG   remote: bash -lc 'set -e; _bs(){ printf '"'"'BULK_SNAP_T %s %s\n'"'"' "$1" "$(date +%s.%N 2>/dev/null || date +%s)"; }; _bs guest_start; _bs pipeline_start; openssl enc -aes-256-ctr -pass pass:"testing" -nosalt < /dev/zero 2>/dev/null | dd of=/root/dummy_snapshot_data_1.img bs=1M count=500 iflag=fullblock conv=notrunc status=progress; ec=$?; _bs pipeline_done; _bs guest_end; exit $ec'
2026-05-20 03:15:53,291 DEBUG   ssh: connect to host 10.114.121.1 port 22: Connection timed out
2026-05-20 03:15:53,291 ERROR Guest disk op failed ec=255 vm=ahv_ins_delete-0-260518-175537 ip=10.114.121.1 — ssh: connect to host 10.114.121.1 port 22: Connection timed out
2026-05-20 03:15:53,292 WARNING Guest disk op wall 30.0s (vm='ahv_ins_delete-0-260518-175537' ip=10.114.121.1 op=update ec=255) — includes SSH + guest disk command; if still high, check guest disk throughput vs. MiB settings.
2026-05-20 03:15:53,292 DEBUG [65/1171] VM bd8e72fe… (ahv_ins_delete-0-260518-180237) via 10.114.121.15 op=update
2026-05-20 03:15:53,292 DEBUG   ssh: connect to host 10.114.121.5 port 22: Connection timed out
2026-05-20 03:15:53,293 DEBUG   remote: bash -lc 'set -e; _bs(){ printf '"'"'BULK_SNAP_T %s %s\n'"'"' "$1" "$(date +%s.%N 2>/dev/null || date +%s)"; }; _bs guest_start; _bs pipeline_start; openssl enc -aes-256-ctr -pass pass:"testing" -nosalt < /dev/zero 2>/dev/null | dd of=/root/dummy_snapshot_data_1.img bs=1M count=500 iflag=fullblock conv=notrunc status=progress; ec=$?; _bs pipeline_done; _bs guest_end; exit $ec'
2026-05-20 03:15:53,293 ERROR Guest disk op failed ec=255 vm=ahv_ins_delete-0-260518-175239 ip=10.114.121.5 — ssh: connect to host 10.114.121.5 port 22: Connection timed out
2026-05-20 03:15:53,293 WARNING Guest disk op wall 30.3s (vm='ahv_ins_delete-0-260518-175239' ip=10.114.121.5 op=update ec=255) — includes SSH + guest disk command; if still high, check guest disk throughput vs. MiB settings.
2026-05-20 03:15:53,293 DEBUG [66/1171] VM 634508fe… (ahv_ins_delete-0-260518-180254) via 10.114.121.14 op=update
2026-05-20 03:15:53,294 DEBUG   remote: bash -lc 'set -e; _bs(){ printf '"'"'BULK_SNAP_T %s %s\n'"'"' "$1" "$(date +%s.%N 2>/dev/null || date +%s)"; }; _bs guest_start; _bs pipeline_start; openssl enc -aes-256-ctr -pass pass:"testing" -nosalt < /dev/zero 2>/dev/null | dd of=/root/dummy_snapshot_data_1.img bs=1M count=500 iflag=fullblock conv=notrunc status=progress; ec=$?; _bs pipeline_done; _bs guest_end; exit $ec'
2026-05-20 03:15:53,306 DEBUG   ssh: connect to host 10.114.113.153 port 22: Connection timed out
2026-05-20 03:15:53,306 ERROR Guest disk op failed ec=255 vm=ahv_ins_delete-0-260518-175303 ip=10.114.113.153 — ssh: connect to host 10.114.113.153 port 22: Connection timed out
2026-05-20 03:15:53,307 WARNING Guest disk op wall 30.3s (vm='ahv_ins_delete-0-260518-175303' ip=10.114.113.153 op=update ec=255) — includes SSH + guest disk command; if still high, check guest disk throughput vs. MiB settings.
2026-05-20 03:15:53,307 DEBUG [67/1171] VM 3f9b9a8f… (ahv_ins_delete-0-260518-180322) via 10.114.113.131 op=update
2026-05-20 03:15:53,307 DEBUG   remote: bash -lc 'set -e; _bs(){ printf '"'"'BULK_SNAP_T %s %s\n'"'"' "$1" "$(date +%s.%N 2>/dev/null || date +%s)"; }; _bs guest_start; _bs pipeline_start; openssl enc -aes-256-ctr -pass pass:"testing" -nosalt < /dev/zero 2>/dev/null | dd of=/root/dummy_snapshot_data_1.img bs=1M count=500 iflag=fullblock conv=notrunc status=progress; ec=$?; _bs pipeline_done; _bs guest_end; exit $ec'
2026-05-20 03:15:53,536 DEBUG   ssh: connect to host 10.114.121.6 port 22: Connection timed out
2026-05-20 03:15:53,536 ERROR Guest disk op failed ec=255 vm=ahv_ins_delete-0-260518-175308 ip=10.114.121.6 — ssh: connect to host 10.114.121.6 port 22: Connection timed out
2026-05-20 03:15:53,536 WARNING Guest disk op wall 30.3s (vm='ahv_ins_delete-0-260518-175308' ip=10.114.121.6 op=update ec=255) — includes SSH + guest disk command; if still high, check guest disk throughput vs. MiB settings.
2026-05-20 03:15:53,537 DEBUG [68/1171] VM 725a32aa… (ahv_ins_delete-0-260518-180618) via 10.114.121.8 op=update
2026-05-20 03:15:53,537 DEBUG   remote: bash -lc 'set -e; _bs(){ printf '"'"'BULK_SNAP_T %s %s\n'"'"' "$1" "$(date +%s.%N 2>/dev/null || date +%s)"; }; _bs guest_start; _bs pipeline_start; openssl enc -aes-256-ctr -pass pass:"testing" -nosalt < /dev/zero 2>/dev/null | dd of=/root/dummy_snapshot_data_1.img bs=1M count=500 iflag=fullblock conv=notrunc status=progress; ec=$?; _bs pipeline_done; _bs guest_end; exit $ec'
2026-05-20 03:15:53,544 DEBUG   ssh: connect to host 10.114.113.155 port 22: Connection timed out
2026-05-20 03:15:53,544 ERROR Guest disk op failed ec=255 vm=ahv_ins_delete-0-260518-175622 ip=10.114.113.155 — ssh: connect to host 10.114.113.155 port 22: Connection timed out
2026-05-20 03:15:53,545 WARNING Guest disk op wall 30.3s (vm='ahv_ins_delete-0-260518-175622' ip=10.114.113.155 op=update ec=255) — includes SSH + guest disk command; if still high, check guest disk throughput vs. MiB settings.
2026-05-20 03:15:53,545 DEBUG [69/1171] VM b0facf66… (ahv_ins_delete-0-260518-180634) via 10.114.121.10 op=update
2026-05-20 03:15:53,545 DEBUG   remote: bash -lc 'set -e; _bs(){ printf '"'"'BULK_SNAP_T %s %s\n'"'"' "$1" "$(date +%s.%N 2>/dev/null || date +%s)"; }; _bs guest_start; _bs pipeline_start; openssl enc -aes-256-ctr -pass pass:"testing" -nosalt < /dev/zero 2>/dev/null | dd of=/root/dummy_snapshot_data_1.img bs=1M count=500 iflag=fullblock conv=notrunc status=progress; ec=$?; _bs pipeline_done; _bs guest_end; exit $ec'
2026-05-20 03:15:53,557 DEBUG   ssh: connect to host 10.114.113.133 port 22: Connection timed out
2026-05-20 03:15:53,557 ERROR Guest disk op failed ec=255 vm=ahv_ins_delete-0-260518-175740 ip=10.114.113.133 — ssh: connect to host 10.114.113.133 port 22: Connection timed out
2026-05-20 03:15:53,557 WARNING Guest disk op wall 30.3s (vm='ahv_ins_delete-0-260518-175740' ip=10.114.113.133 op=update ec=255) — includes SSH + guest disk command; if still high, check guest disk throughput vs. MiB settings.
2026-05-20 03:15:53,557 DEBUG   ssh: connect to host 10.114.113.154 port 22: Connection timed out
2026-05-20 03:15:53,558 DEBUG [70/1171] VM 430a412d… (ahv_ins_delete-0-260518-180808) via 10.114.120.245 op=update
2026-05-20 03:15:53,558 ERROR Guest disk op failed ec=255 vm=ahv_ins_delete-0-260518-175736 ip=10.114.113.154 — ssh: connect to host 10.114.113.154 port 22: Connection timed out
2026-05-20 03:15:53,558 DEBUG   remote: bash -lc 'set -e; _bs(){ printf '"'"'BULK_SNAP_T %s %s\n'"'"' "$1" "$(date +%s.%N 2>/dev/null || date +%s)"; }; _bs guest_start; _bs pipeline_start; openssl enc -aes-256-ctr -pass pass:"testing" -nosalt < /dev/zero 2>/dev/null | dd of=/root/dummy_snapshot_data_1.img bs=1M count=500 iflag=fullblock conv=notrunc status=progress; ec=$?; _bs pipeline_done; _bs guest_end; exit $ec'
2026-05-20 03:15:53,558 WARNING Guest disk op wall 30.3s (vm='ahv_ins_delete-0-260518-175736' ip=10.114.113.154 op=update ec=255) — includes SSH + guest disk command; if still high, check guest disk throughput vs. MiB settings.
2026-05-20 03:15:53,559 DEBUG [71/1171] VM 17ae966f… (ahv_ins_delete-0-260518-180831) via 10.114.113.140 op=update
2026-05-20 03:15:53,559 DEBUG   remote: bash -lc 'set -e; _bs(){ printf '"'"'BULK_SNAP_T %s %s\n'"'"' "$1" "$(date +%s.%N 2>/dev/null || date +%s)"; }; _bs guest_start; _bs pipeline_start; openssl enc -aes-256-ctr -pass pass:"testing" -nosalt < /dev/zero 2>/dev/null | dd of=/root/dummy_snapshot_data_1.img bs=1M count=500 iflag=fullblock conv=notrunc status=progress; ec=$?; _bs pipeline_done; _bs guest_end; exit $ec'
2026-05-20 03:15:53,778 DEBUG   ssh: connect to host 10.114.113.132 port 22: Connection timed out
2026-05-20 03:15:53,778 ERROR Guest disk op failed ec=255 vm=ahv_ins_delete-0-260518-175756 ip=10.114.113.132 — ssh: connect to host 10.114.113.132 port 22: Connection timed out
2026-05-20 03:15:53,779 WARNING Guest disk op wall 30.3s (vm='ahv_ins_delete-0-260518-175756' ip=10.114.113.132 op=update ec=255) — includes SSH + guest disk command; if still high, check guest disk throughput vs. MiB settings.
2026-05-20 03:15:53,779 DEBUG [72/1171] VM d78ac51a… (ahv_ins_delete-0-260518-180854) via 10.114.120.247 op=update
2026-05-20 03:15:53,779 DEBUG   remote: bash -lc 'set -e; _bs(){ printf '"'"'BULK_SNAP_T %s %s\n'"'"' "$1" "$(date +%s.%N 2>/dev/null || date +%s)"; }; _bs guest_start; _bs pipeline_start; openssl enc -aes-256-ctr -pass pass:"testing" -nosalt < /dev/zero 2>/dev/null | dd of=/root/dummy_snapshot_data_1.img bs=1M count=500 iflag=fullblock conv=notrunc status=progress; ec=$?; _bs pipeline_done; _bs guest_end; exit $ec'
2026-05-20 03:15:56,606 DEBUG   BULK_SNAP_T guest_start 1779214539.018523280
2026-05-20 03:15:56,606 DEBUG   BULK_SNAP_T pipeline_start 1779214539.035094147
2026-05-20 03:15:56,606 DEBUG   BULK_SNAP_T pipeline_done 1779214555.517197696
2026-05-20 03:15:56,606 DEBUG   BULK_SNAP_T guest_end 1779214555.527782100
2026-05-20 03:15:56,606 DEBUG   
2026-05-20 03:15:56,606 DEBUG   46137344 bytes (46 MB) copied, 1.168040 s, 39.5 MB/s
2026-05-20 03:15:56,606 DEBUG   59768832 bytes (60 MB) copied, 2.233306 s, 26.8 MB/s
2026-05-20 03:15:56,606 DEBUG   88080384 bytes (88 MB) copied, 3.273878 s, 26.9 MB/s
2026-05-20 03:15:56,606 DEBUG   114294784 bytes (114 MB) copied, 4.308185 s, 26.5 MB/s
2026-05-20 03:15:56,606 DEBUG   144703488 bytes (145 MB) copied, 5.336862 s, 27.1 MB/s
2026-05-20 03:15:56,606 DEBUG   171966464 bytes (172 MB) copied, 6.336994 s, 27.1 MB/s
2026-05-20 03:15:56,606 DEBUG   210763776 bytes (211 MB) copied, 7.357905 s, 28.6 MB/s
2026-05-20 03:15:56,606 DEBUG   243269632 bytes (243 MB) copied, 8.358928 s, 29.1 MB/s
2026-05-20 03:15:56,606 DEBUG   283115520 bytes (283 MB) copied, 9.373067 s, 30.2 MB/s
2026-05-20 03:15:56,606 DEBUG   322961408 bytes (323 MB) copied, 10.377969 s, 31.1 MB/s
2026-05-20 03:15:56,607 DEBUG   367001600 bytes (367 MB) copied, 11.466094 s, 32.0 MB/s
2026-05-20 03:15:56,607 DEBUG   398458880 bytes (398 MB) copied, 12.485859 s, 31.9 MB/s
2026-05-20 03:15:56,607 DEBUG   428867584 bytes (429 MB) copied, 13.500989 s, 31.8 MB/s
2026-05-20 03:15:56,607 DEBUG   465567744 bytes (466 MB) copied, 14.552004 s, 32.0 MB/s
2026-05-20 03:15:56,607 DEBUG   498073600 bytes (498 MB) copied, 15.552878 s, 32.0 MB/s
2026-05-20 03:15:56,607 DEBUG   500+0 records in
2026-05-20 03:15:56,607 DEBUG   500+0 records out
2026-05-20 03:15:56,607 DEBUG   524288000 bytes (524 MB) copied, 16.3651 s, 32.0 MB/s
2026-05-20 03:15:56,607 DEBUG   OK (disk op exit 0)
2026-05-20 03:15:56,607 WARNING Guest disk op wall 20.0s (vm='vm-0-260519-095013' ip=10.114.53.217 op=update ec=0) — includes SSH + guest disk command; if still high, check guest disk throughput vs. MiB settings.
2026-05-20 03:15:56,607 DEBUG [1150/1171] VM d38eee37… (vm-0-260519-095238) via 10.114.52.155 op=update
2026-05-20 03:15:56,607 DEBUG   remote: bash -lc 'set -e; _bs(){ printf '"'"'BULK_SNAP_T %s %s\n'"'"' "$1" "$(date +%s.%N 2>/dev/null || date +%s)"; }; _bs guest_start; _bs pipeline_start; openssl enc -aes-256-ctr -pass pass:"testing" -nosalt < /dev/zero 2>/dev/null | dd of=/root/dummy_snapshot_data_1.img bs=1M count=500 iflag=fullblock conv=notrunc status=progress; ec=$?; _bs pipeline_done; _bs guest_end; exit $ec'
2026-05-20 03:15:56,613 DEBUG   BULK_SNAP_T guest_start 1779214539.419841342
2026-05-20 03:15:56,613 DEBUG   BULK_SNAP_T pipeline_start 1779214539.424061782
2026-05-20 03:15:56,613 DEBUG   BULK_SNAP_T pipeline_done 1779214554.755553856
2026-05-20 03:15:56,613 DEBUG   BULK_SNAP_T guest_end 1779214554.762100974
2026-05-20 03:15:56,613 DEBUG   
2026-05-20 03:15:56,613 DEBUG   41943040 bytes (42 MB) copied, 1.213791 s, 34.6 MB/s
2026-05-20 03:15:56,613 DEBUG   67108864 bytes (67 MB) copied, 2.233732 s, 30.0 MB/s
2026-05-20 03:15:56,613 DEBUG   101711872 bytes (102 MB) copied, 3.260946 s, 31.2 MB/s
2026-05-20 03:15:56,613 DEBUG   139460608 bytes (139 MB) copied, 4.314965 s, 32.3 MB/s
2026-05-20 03:15:56,613 DEBUG   173015040 bytes (173 MB) copied, 5.380806 s, 32.2 MB/s
2026-05-20 03:15:56,613 DEBUG   214958080 bytes (215 MB) copied, 6.407756 s, 33.5 MB/s
2026-05-20 03:15:56,613 DEBUG   264241152 bytes (264 MB) copied, 7.434774 s, 35.5 MB/s
2026-05-20 03:15:56,613 DEBUG   300941312 bytes (301 MB) copied, 8.482736 s, 35.5 MB/s
2026-05-20 03:15:56,613 DEBUG   339738624 bytes (340 MB) copied, 9.608728 s, 35.4 MB/s
2026-05-20 03:15:56,613 DEBUG   374341632 bytes (374 MB) copied, 10.618772 s, 35.3 MB/s
2026-05-20 03:15:56,613 DEBUG   405798912 bytes (406 MB) copied, 11.702696 s, 34.7 MB/s
2026-05-20 03:15:56,613 DEBUG   439353344 bytes (439 MB) copied, 12.749829 s, 34.5 MB/s
2026-05-20 03:15:56,613 DEBUG   477102080 bytes (477 MB) copied, 13.813778 s, 34.5 MB/s
2026-05-20 03:15:56,613 DEBUG   513802240 bytes (514 MB) copied, 14.844933 s, 34.6 MB/s
2026-05-20 03:15:56,613 DEBUG   500+0 records in
2026-05-20 03:15:56,613 DEBUG   500+0 records out
2026-05-20 03:15:56,613 DEBUG   524288000 bytes (524 MB) copied, 15.1598 s, 34.6 MB/s
2026-05-20 03:15:56,613 DEBUG   OK (disk op exit 0)
2026-05-20 03:15:56,614 DEBUG [1151/1171] VM fcf13263… (vm-0-260519-095246) via 10.114.53.244 op=update
2026-05-20 03:15:56,614 DEBUG   remote: bash -lc 'set -e; _bs(){ printf '"'"'BULK_SNAP_T %s %s\n'"'"' "$1" "$(date +%s.%N 2>/dev/null || date +%s)"; }; _bs guest_start; _bs pipeline_start; openssl enc -aes-256-ctr -pass pass:"testing" -nosalt < /dev/zero 2>/dev/null | dd of=/root/dummy_snapshot_data_1.img bs=1M count=500 iflag=fullblock conv=notrunc status=progress; ec=$?; _bs pipeline_done; _bs guest_end; exit $ec'
2026-05-20 03:15:57,089 DEBUG   BULK_SNAP_T guest_start 1779214539.295201120
2026-05-20 03:15:57,090 DEBUG   BULK_SNAP_T pipeline_start 1779214539.321708015
2026-05-20 03:15:57,090 DEBUG   BULK_SNAP_T pipeline_done 1779214555.575763843
2026-05-20 03:15:57,090 DEBUG   BULK_SNAP_T guest_end 1779214555.584576549
2026-05-20 03:15:57,090 DEBUG   
2026-05-20 03:15:57,090 DEBUG   46137344 bytes (46 MB) copied, 1.009740 s, 45.7 MB/s
2026-05-20 03:15:57,090 DEBUG   65011712 bytes (65 MB) copied, 2.078802 s, 31.3 MB/s
2026-05-20 03:15:57,090 DEBUG   93323264 bytes (93 MB) copied, 3.111705 s, 30.0 MB/s
2026-05-20 03:15:57,090 DEBUG   125829120 bytes (126 MB) copied, 4.125611 s, 30.5 MB/s
2026-05-20 03:15:57,090 DEBUG   155189248 bytes (155 MB) copied, 5.218708 s, 29.7 MB/s
2026-05-20 03:15:57,090 DEBUG   195035136 bytes (195 MB) copied, 6.219559 s, 31.4 MB/s
2026-05-20 03:15:57,090 DEBUG   231735296 bytes (232 MB) copied, 7.254593 s, 31.9 MB/s
2026-05-20 03:15:57,090 DEBUG   265289728 bytes (265 MB) copied, 8.255737 s, 32.1 MB/s
2026-05-20 03:15:57,090 DEBUG   298844160 bytes (299 MB) copied, 9.283609 s, 32.2 MB/s
2026-05-20 03:15:57,090 DEBUG   333447168 bytes (333 MB) copied, 10.287586 s, 32.4 MB/s
2026-05-20 03:15:57,090 DEBUG   374341632 bytes (374 MB) copied, 11.319764 s, 33.1 MB/s
2026-05-20 03:15:57,090 DEBUG   408944640 bytes (409 MB) copied, 12.349601 s, 33.1 MB/s
2026-05-20 03:15:57,090 DEBUG   444596224 bytes (445 MB) copied, 13.359620 s, 33.3 MB/s
2026-05-20 03:15:57,090 DEBUG   470810624 bytes (471 MB) copied, 14.426787 s, 32.6 MB/s
2026-05-20 03:15:57,090 DEBUG   506462208 bytes (506 MB) copied, 15.449643 s, 32.8 MB/s
2026-05-20 03:15:57,090 DEBUG   500+0 records in
2026-05-20 03:15:57,090 DEBUG   500+0 records out
2026-05-20 03:15:57,090 DEBUG   524288000 bytes (524 MB) copied, 16.0387 s, 32.7 MB/s
2026-05-20 03:15:57,090 DEBUG   OK (disk op exit 0)
2026-05-20 03:15:57,091 DEBUG [1152/1171] VM c4763638… (vm-0-260519-095417) via 10.114.48.148 op=update
2026-05-20 03:15:57,092 DEBUG   remote: bash -lc 'set -e; _bs(){ printf '"'"'BULK_SNAP_T %s %s\n'"'"' "$1" "$(date +%s.%N 2>/dev/null || date +%s)"; }; _bs guest_start; _bs pipeline_start; openssl enc -aes-256-ctr -pass pass:"testing" -nosalt < /dev/zero 2>/dev/null | dd of=/root/dummy_snapshot_data_1.img bs=1M count=500 iflag=fullblock conv=notrunc status=progress; ec=$?; _bs pipeline_done; _bs guest_end; exit $ec'
2026-05-20 03:15:57,618 DEBUG   BULK_SNAP_T guest_start 1779214541.626272359
2026-05-20 03:15:57,619 DEBUG   BULK_SNAP_T pipeline_start 1779214541.631688892
2026-05-20 03:15:57,619 DEBUG   BULK_SNAP_T pipeline_done 1779214555.699282972
2026-05-20 03:15:57,619 DEBUG   BULK_SNAP_T guest_end 1779214555.709750592
2026-05-20 03:15:57,619 DEBUG   
2026-05-20 03:15:57,619 DEBUG   41943040 bytes (42 MB) copied, 1.212353 s, 34.6 MB/s
2026-05-20 03:15:57,619 DEBUG   69206016 bytes (69 MB) copied, 2.244515 s, 30.8 MB/s
2026-05-20 03:15:57,619 DEBUG   100663296 bytes (101 MB) copied, 3.269150 s, 30.8 MB/s
2026-05-20 03:15:57,619 DEBUG   144703488 bytes (145 MB) copied, 4.280180 s, 33.8 MB/s
2026-05-20 03:15:57,619 DEBUG   179306496 bytes (179 MB) copied, 5.298244 s, 33.8 MB/s
2026-05-20 03:15:57,619 DEBUG   219152384 bytes (219 MB) copied, 6.301215 s, 34.8 MB/s
2026-05-20 03:15:57,619 DEBUG   262144000 bytes (262 MB) copied, 7.302129 s, 35.9 MB/s
2026-05-20 03:15:57,619 DEBUG   299892736 bytes (300 MB) copied, 8.318112 s, 36.1 MB/s
2026-05-20 03:15:57,619 DEBUG   336592896 bytes (337 MB) copied, 9.333254 s, 36.1 MB/s
2026-05-20 03:15:57,619 DEBUG   390070272 bytes (390 MB) copied, 10.337305 s, 37.7 MB/s
2026-05-20 03:15:57,619 DEBUG   423624704 bytes (424 MB) copied, 11.363168 s, 37.3 MB/s
2026-05-20 03:15:57,619 DEBUG   464519168 bytes (465 MB) copied, 12.432174 s, 37.4 MB/s
2026-05-20 03:15:57,619 DEBUG   506462208 bytes (506 MB) copied, 13.466107 s, 37.6 MB/s
2026-05-20 03:15:57,619 DEBUG   500+0 records in
2026-05-20 03:15:57,619 DEBUG   500+0 records out
2026-05-20 03:15:57,619 DEBUG   524288000 bytes (524 MB) copied, 13.9012 s, 37.7 MB/s
2026-05-20 03:15:57,619 DEBUG   OK (disk op exit 0)
2026-05-20 03:15:57,620 DEBUG [1153/1171] VM aa569791… (vm-0-260519-095420) via 10.114.48.255 op=update
2026-05-20 03:15:57,620 DEBUG   remote: bash -lc 'set -e; _bs(){ printf '"'"'BULK_SNAP_T %s %s\n'"'"' "$1" "$(date +%s.%N 2>/dev/null || date +%s)"; }; _bs guest_start; _bs pipeline_start; openssl enc -aes-256-ctr -pass pass:"testing" -nosalt < /dev/zero 2>/dev/null | dd of=/root/dummy_snapshot_data_1.img bs=1M count=500 iflag=fullblock conv=notrunc status=progress; ec=$?; _bs pipeline_done; _bs guest_end; exit $ec'
2026-05-20 03:15:57,861 DEBUG   BULK_SNAP_T guest_start 1779214541.790466667
2026-05-20 03:15:57,861 DEBUG   BULK_SNAP_T pipeline_start 1779214541.795987734
2026-05-20 03:15:57,861 DEBUG   BULK_SNAP_T pipeline_done 1779214556.597654767
2026-05-20 03:15:57,861 DEBUG   BULK_SNAP_T guest_end 1779214556.603857057
2026-05-20 03:15:57,861 DEBUG   
2026-05-20 03:15:57,861 DEBUG   41943040 bytes (42 MB) copied, 1.024527 s, 40.9 MB/s
2026-05-20 03:15:57,861 DEBUG   69206016 bytes (69 MB) copied, 2.105614 s, 32.9 MB/s
2026-05-20 03:15:57,861 DEBUG   97517568 bytes (98 MB) copied, 3.128661 s, 31.2 MB/s
2026-05-20 03:15:57,861 DEBUG   138412032 bytes (138 MB) copied, 4.157403 s, 33.3 MB/s
2026-05-20 03:15:57,861 DEBUG   175112192 bytes (175 MB) copied, 5.161514 s, 33.9 MB/s
2026-05-20 03:15:57,861 DEBUG   208666624 bytes (209 MB) copied, 6.162377 s, 33.9 MB/s
2026-05-20 03:15:57,861 DEBUG   245366784 bytes (245 MB) copied, 7.166403 s, 34.2 MB/s
2026-05-20 03:15:57,861 DEBUG   274726912 bytes (275 MB) copied, 8.190390 s, 33.5 MB/s
2026-05-20 03:15:57,861 DEBUG   314572800 bytes (315 MB) copied, 9.209357 s, 34.2 MB/s
2026-05-20 03:15:57,861 DEBUG   342884352 bytes (343 MB) copied, 10.256557 s, 33.4 MB/s
2026-05-20 03:15:57,861 DEBUG   374341632 bytes (374 MB) copied, 11.277301 s, 33.2 MB/s
2026-05-20 03:15:57,861 DEBUG   405798912 bytes (406 MB) copied, 12.281343 s, 33.0 MB/s
2026-05-20 03:15:57,862 DEBUG   455081984 bytes (455 MB) copied, 13.284445 s, 34.3 MB/s
2026-05-20 03:15:57,862 DEBUG   504365056 bytes (504 MB) copied, 14.327440 s, 35.2 MB/s
2026-05-20 03:15:57,862 DEBUG   500+0 records in
2026-05-20 03:15:57,862 DEBUG   500+0 records out
2026-05-20 03:15:57,862 DEBUG   524288000 bytes (524 MB) copied, 14.6974 s, 35.7 MB/s
2026-05-20 03:15:57,862 DEBUG   OK (disk op exit 0)
2026-05-20 03:15:57,862 DEBUG [1154/1171] VM 47c8948b… (vm-0-260519-095530) via 10.114.53.229 op=update
2026-05-20 03:15:57,862 DEBUG   remote: bash -lc 'set -e; _bs(){ printf '"'"'BULK_SNAP_T %s %s\n'"'"' "$1" "$(date +%s.%N 2>/dev/null || date +%s)"; }; _bs guest_start; _bs pipeline_start; openssl enc -aes-256-ctr -pass pass:"testing" -nosalt < /dev/zero 2>/dev/null | dd of=/root/dummy_snapshot_data_1.img bs=1M count=500 iflag=fullblock conv=notrunc status=progress; ec=$?; _bs pipeline_done; _bs guest_end; exit $ec'
2026-05-20 03:15:57,875 DEBUG   BULK_SNAP_T guest_start 1779214541.240764175
2026-05-20 03:15:57,875 DEBUG   BULK_SNAP_T pipeline_start 1779214541.247288311
2026-05-20 03:15:57,875 DEBUG   BULK_SNAP_T pipeline_done 1779214556.370015238
2026-05-20 03:15:57,875 DEBUG   BULK_SNAP_T guest_end 1779214556.375194514
2026-05-20 03:15:57,875 DEBUG   
2026-05-20 03:15:57,875 DEBUG   41943040 bytes (42 MB) copied, 1.008183 s, 41.6 MB/s
2026-05-20 03:15:57,875 DEBUG   60817408 bytes (61 MB) copied, 2.133074 s, 28.5 MB/s
2026-05-20 03:15:57,875 DEBUG   104857600 bytes (105 MB) copied, 3.206181 s, 32.7 MB/s
2026-05-20 03:15:57,875 DEBUG   142606336 bytes (143 MB) copied, 4.249123 s, 33.6 MB/s
2026-05-20 03:15:57,875 DEBUG   184549376 bytes (185 MB) copied, 5.305212 s, 34.8 MB/s
2026-05-20 03:15:57,875 DEBUG   225443840 bytes (225 MB) copied, 6.336059 s, 35.6 MB/s
2026-05-20 03:15:57,875 DEBUG   255852544 bytes (256 MB) copied, 7.350490 s, 34.8 MB/s
2026-05-20 03:15:57,875 DEBUG   295698432 bytes (296 MB) copied, 8.368088 s, 35.3 MB/s
2026-05-20 03:15:57,875 DEBUG   330301440 bytes (330 MB) copied, 9.386113 s, 35.2 MB/s
2026-05-20 03:15:57,875 DEBUG   365953024 bytes (366 MB) copied, 10.402384 s, 35.2 MB/s
2026-05-20 03:15:57,875 DEBUG   406847488 bytes (407 MB) copied, 11.434030 s, 35.6 MB/s
2026-05-20 03:15:57,875 DEBUG   434110464 bytes (434 MB) copied, 12.436085 s, 34.9 MB/s
2026-05-20 03:15:57,875 DEBUG   463470592 bytes (463 MB) copied, 13.462095 s, 34.4 MB/s
2026-05-20 03:15:57,875 DEBUG   502267904 bytes (502 MB) copied, 14.488040 s, 34.7 MB/s
2026-05-20 03:15:57,875 DEBUG   500+0 records in
2026-05-20 03:15:57,876 DEBUG   500+0 records out
2026-05-20 03:15:57,876 DEBUG   524288000 bytes (524 MB) copied, 15.0045 s, 34.9 MB/s
2026-05-20 03:15:57,876 DEBUG   OK (disk op exit 0)
2026-05-20 03:15:57,876 DEBUG [1155/1171] VM dc75b3c5… (vm-0-260519-095530) via 10.114.52.54 op=update
2026-05-20 03:15:57,876 DEBUG   remote: bash -lc 'set -e; _bs(){ printf '"'"'BULK_SNAP_T %s %s\n'"'"' "$1" "$(date +%s.%N 2>/dev/null || date +%s)"; }; _bs guest_start; _bs pipeline_start; openssl enc -aes-256-ctr -pass pass:"testing" -nosalt < /dev/zero 2>/dev/null | dd of=/root/dummy_snapshot_data_1.img bs=1M count=500 iflag=fullblock conv=notrunc status=progress; ec=$?; _bs pipeline_done; _bs guest_end; exit $ec'
2026-05-20 03:15:59,115 DEBUG   BULK_SNAP_T guest_start 1779214543.915275218
2026-05-20 03:15:59,115 DEBUG   BULK_SNAP_T pipeline_start 1779214543.921363221
2026-05-20 03:15:59,116 DEBUG   BULK_SNAP_T pipeline_done 1779214557.970130506
2026-05-20 03:15:59,116 DEBUG   BULK_SNAP_T guest_end 1779214557.976378683
2026-05-20 03:15:59,116 DEBUG   
2026-05-20 03:15:59,116 DEBUG   49283072 bytes (49 MB) copied, 1.066666 s, 46.2 MB/s
2026-05-20 03:15:59,116 DEBUG   81788928 bytes (82 MB) copied, 2.127774 s, 38.4 MB/s
2026-05-20 03:15:59,116 DEBUG   123731968 bytes (124 MB) copied, 3.163765 s, 39.1 MB/s
2026-05-20 03:15:59,116 DEBUG   168820736 bytes (169 MB) copied, 4.166328 s, 40.5 MB/s
2026-05-20 03:15:59,116 DEBUG   202375168 bytes (202 MB) copied, 5.216200 s, 38.8 MB/s
2026-05-20 03:15:59,116 DEBUG   236978176 bytes (237 MB) copied, 6.222207 s, 38.1 MB/s
2026-05-20 03:15:59,116 DEBUG   272629760 bytes (273 MB) copied, 7.236293 s, 37.7 MB/s
2026-05-20 03:15:59,116 DEBUG   304087040 bytes (304 MB) copied, 8.244263 s, 36.9 MB/s
2026-05-20 03:15:59,116 DEBUG   334495744 bytes (334 MB) copied, 9.290166 s, 36.0 MB/s
2026-05-20 03:15:59,116 DEBUG   373293056 bytes (373 MB) copied, 10.307177 s, 36.2 MB/s
2026-05-20 03:15:59,116 DEBUG   405798912 bytes (406 MB) copied, 11.331188 s, 35.8 MB/s
2026-05-20 03:15:59,116 DEBUG   444596224 bytes (445 MB) copied, 12.349334 s, 36.0 MB/s
2026-05-20 03:15:59,116 DEBUG   495976448 bytes (496 MB) copied, 13.376211 s, 37.1 MB/s
2026-05-20 03:15:59,116 DEBUG   500+0 records in
2026-05-20 03:15:59,116 DEBUG   500+0 records out
2026-05-20 03:15:59,116 DEBUG   524288000 bytes (524 MB) copied, 13.8833 s, 37.8 MB/s
2026-05-20 03:15:59,116 DEBUG   OK (disk op exit 0)
2026-05-20 03:15:59,117 DEBUG [1156/1171] VM 75cbe15f… (vm-0-260519-100254) via 10.114.49.108 op=update
2026-05-20 03:15:59,117 DEBUG   remote: bash -lc 'set -e; _bs(){ printf '"'"'BULK_SNAP_T %s %s\n'"'"' "$1" "$(date +%s.%N 2>/dev/null || date +%s)"; }; _bs guest_start; _bs pipeline_start; openssl enc -aes-256-ctr -pass pass:"testing" -nosalt < /dev/zero 2>/dev/null | dd of=/root/dummy_snapshot_data_1.img bs=1M count=500 iflag=fullblock conv=notrunc status=progress; ec=$?; _bs pipeline_done; _bs guest_end; exit $ec'
2026-05-20 03:16:00,880 DEBUG   BULK_SNAP_T guest_start 1779214546.014149075
2026-05-20 03:16:00,881 DEBUG   BULK_SNAP_T pipeline_start 1779214546.017972803
2026-05-20 03:16:00,881 DEBUG   BULK_SNAP_T pipeline_done 1779214559.441700000
2026-05-20 03:16:00,881 DEBUG   BULK_SNAP_T guest_end 1779214559.445466111
2026-05-20 03:16:00,881 DEBUG   
2026-05-20 03:16:00,881 DEBUG   51380224 bytes (51 MB) copied, 1.012634 s, 50.7 MB/s
2026-05-20 03:16:00,881 DEBUG   61865984 bytes (62 MB) copied, 2.053419 s, 30.1 MB/s
2026-05-20 03:16:00,881 DEBUG   94371840 bytes (94 MB) copied, 3.064834 s, 30.8 MB/s
2026-05-20 03:16:00,881 DEBUG   132120576 bytes (132 MB) copied, 4.064859 s, 32.5 MB/s
2026-05-20 03:16:00,881 DEBUG   168820736 bytes (169 MB) copied, 5.070506 s, 33.3 MB/s
2026-05-20 03:16:00,881 DEBUG   202375168 bytes (202 MB) copied, 6.127041 s, 33.0 MB/s
2026-05-20 03:16:00,881 DEBUG   235929600 bytes (236 MB) copied, 7.127428 s, 33.1 MB/s
2026-05-20 03:16:00,881 DEBUG   279969792 bytes (280 MB) copied, 8.157419 s, 34.3 MB/s
2026-05-20 03:16:00,881 DEBUG   312475648 bytes (312 MB) copied, 9.194455 s, 34.0 MB/s
2026-05-20 03:16:00,881 DEBUG   347078656 bytes (347 MB) copied, 10.199444 s, 34.0 MB/s
2026-05-20 03:16:00,881 DEBUG   401604608 bytes (402 MB) copied, 11.215673 s, 35.8 MB/s
2026-05-20 03:16:00,881 DEBUG   464519168 bytes (465 MB) copied, 12.220536 s, 38.0 MB/s
2026-05-20 03:16:00,881 DEBUG   522190848 bytes (522 MB) copied, 13.227616 s, 39.5 MB/s
2026-05-20 03:16:00,881 DEBUG   500+0 records in
2026-05-20 03:16:00,881 DEBUG   500+0 records out
2026-05-20 03:16:00,881 DEBUG   524288000 bytes (524 MB) copied, 13.2616 s, 39.5 MB/s
2026-05-20 03:16:00,881 DEBUG   OK (disk op exit 0)
2026-05-20 03:16:00,882 DEBUG [1157/1171] VM d4884ef4… (vm-0-260519-100309) via 10.114.53.175 op=update
2026-05-20 03:16:00,882 DEBUG   remote: bash -lc 'set -e; _bs(){ printf '"'"'BULK_SNAP_T %s %s\n'"'"' "$1" "$(date +%s.%N 2>/dev/null || date +%s)"; }; _bs guest_start; _bs pipeline_start; openssl enc -aes-256-ctr -pass pass:"testing" -nosalt < /dev/zero 2>/dev/null | dd of=/root/dummy_snapshot_data_1.img bs=1M count=500 iflag=fullblock conv=notrunc status=progress; ec=$?; _bs pipeline_done; _bs guest_end; exit $ec'
2026-05-20 03:16:02,627 DEBUG   BULK_SNAP_T guest_start 1779214547.264201606
2026-05-20 03:16:02,627 DEBUG   BULK_SNAP_T pipeline_start 1779214547.269729727
2026-05-20 03:16:02,627 DEBUG   BULK_SNAP_T pipeline_done 1779214561.374136716
2026-05-20 03:16:02,627 DEBUG   BULK_SNAP_T guest_end 1779214561.386065132
2026-05-20 03:16:02,627 DEBUG   
2026-05-20 03:16:02,628 DEBUG   50331648 bytes (50 MB) copied, 1.056787 s, 47.6 MB/s
2026-05-20 03:16:02,628 DEBUG   80740352 bytes (81 MB) copied, 2.061812 s, 39.2 MB/s
2026-05-20 03:16:02,628 DEBUG   114294784 bytes (114 MB) copied, 3.105841 s, 36.8 MB/s
2026-05-20 03:16:02,628 DEBUG   156237824 bytes (156 MB) copied, 4.109762 s, 38.0 MB/s
2026-05-20 03:16:02,628 DEBUG   192937984 bytes (193 MB) copied, 5.119866 s, 37.7 MB/s
2026-05-20 03:16:02,628 DEBUG   234881024 bytes (235 MB) copied, 6.195824 s, 37.9 MB/s
2026-05-20 03:16:02,628 DEBUG   272629760 bytes (273 MB) copied, 7.199738 s, 37.9 MB/s
2026-05-20 03:16:02,628 DEBUG   308281344 bytes (308 MB) copied, 8.205634 s, 37.6 MB/s
2026-05-20 03:16:02,628 DEBUG   344981504 bytes (345 MB) copied, 9.218794 s, 37.4 MB/s
2026-05-20 03:16:02,628 DEBUG   389021696 bytes (389 MB) copied, 10.235665 s, 38.0 MB/s
2026-05-20 03:16:02,628 DEBUG   430964736 bytes (431 MB) copied, 11.243764 s, 38.3 MB/s
2026-05-20 03:16:02,628 DEBUG   460324864 bytes (460 MB) copied, 12.250739 s, 37.6 MB/s
2026-05-20 03:16:02,628 DEBUG   502267904 bytes (502 MB) copied, 13.335796 s, 37.7 MB/s
2026-05-20 03:16:02,628 DEBUG   500+0 records in
2026-05-20 03:16:02,628 DEBUG   500+0 records out
2026-05-20 03:16:02,628 DEBUG   524288000 bytes (524 MB) copied, 13.9407 s, 37.6 MB/s
2026-05-20 03:16:02,628 DEBUG   OK (disk op exit 0)
2026-05-20 03:16:02,629 DEBUG [1158/1171] VM 6f68f4f9… (vm-0-260519-100326) via 10.114.48.62 op=update
2026-05-20 03:16:02,629 DEBUG   remote: bash -lc 'set -e; _bs(){ printf '"'"'BULK_SNAP_T %s %s\n'"'"' "$1" "$(date +%s.%N 2>/dev/null || date +%s)"; }; _bs guest_start; _bs pipeline_start; openssl enc -aes-256-ctr -pass pass:"testing" -nosalt < /dev/zero 2>/dev/null | dd of=/root/dummy_snapshot_data_1.img bs=1M count=500 iflag=fullblock conv=notrunc status=progress; ec=$?; _bs pipeline_done; _bs guest_end; exit $ec'
2026-05-20 03:16:04,583 DEBUG   BULK_SNAP_T guest_start 1779214547.426834923
2026-05-20 03:16:04,583 DEBUG   BULK_SNAP_T pipeline_start 1779214547.436400957
2026-05-20 03:16:04,583 DEBUG   BULK_SNAP_T pipeline_done 1779214562.842547698
2026-05-20 03:16:04,583 DEBUG   BULK_SNAP_T guest_end 1779214562.845056196
2026-05-20 03:16:04,584 DEBUG   
2026-05-20 03:16:04,584 DEBUG   50331648 bytes (50 MB) copied, 1.150378 s, 43.8 MB/s
2026-05-20 03:16:04,584 DEBUG   79691776 bytes (80 MB) copied, 2.222326 s, 35.9 MB/s
2026-05-20 03:16:04,584 DEBUG   112197632 bytes (112 MB) copied, 3.223182 s, 34.8 MB/s
2026-05-20 03:16:04,584 DEBUG   141557760 bytes (142 MB) copied, 4.232053 s, 33.4 MB/s
2026-05-20 03:16:04,584 DEBUG   170917888 bytes (171 MB) copied, 5.257019 s, 32.5 MB/s
2026-05-20 03:16:04,584 DEBUG   203423744 bytes (203 MB) copied, 6.268033 s, 32.5 MB/s
2026-05-20 03:16:04,584 DEBUG   231735296 bytes (232 MB) copied, 7.272133 s, 31.9 MB/s
2026-05-20 03:16:04,584 DEBUG   265289728 bytes (265 MB) copied, 8.321090 s, 31.9 MB/s
2026-05-20 03:16:04,584 DEBUG   305135616 bytes (305 MB) copied, 9.323019 s, 32.7 MB/s
2026-05-20 03:16:04,584 DEBUG   355467264 bytes (355 MB) copied, 10.331071 s, 34.4 MB/s
2026-05-20 03:16:04,584 DEBUG   387973120 bytes (388 MB) copied, 11.333962 s, 34.2 MB/s
2026-05-20 03:16:04,584 DEBUG   427819008 bytes (428 MB) copied, 12.358002 s, 34.6 MB/s
2026-05-20 03:16:04,584 DEBUG   468713472 bytes (469 MB) copied, 13.391020 s, 35.0 MB/s
2026-05-20 03:16:04,584 DEBUG   507510784 bytes (508 MB) copied, 14.440964 s, 35.1 MB/s
2026-05-20 03:16:04,584 DEBUG   500+0 records in
2026-05-20 03:16:04,584 DEBUG   500+0 records out
2026-05-20 03:16:04,584 DEBUG   524288000 bytes (524 MB) copied, 14.8261 s, 35.4 MB/s
2026-05-20 03:16:04,584 DEBUG   OK (disk op exit 0)
2026-05-20 03:16:04,585 DEBUG [1159/1171] VM d9501b6b… (vm-0-260519-100328) via 10.114.51.189 op=update
2026-05-20 03:16:04,585 DEBUG   remote: bash -lc 'set -e; _bs(){ printf '"'"'BULK_SNAP_T %s %s\n'"'"' "$1" "$(date +%s.%N 2>/dev/null || date +%s)"; }; _bs guest_start; _bs pipeline_start; openssl enc -aes-256-ctr -pass pass:"testing" -nosalt < /dev/zero 2>/dev/null | dd of=/root/dummy_snapshot_data_1.img bs=1M count=500 iflag=fullblock conv=notrunc status=progress; ec=$?; _bs pipeline_done; _bs guest_end; exit $ec'
2026-05-20 03:16:11,131 DEBUG   BULK_SNAP_T guest_start 1779214558.807436859
2026-05-20 03:16:11,131 DEBUG   BULK_SNAP_T pipeline_start 1779214558.812963344
2026-05-20 03:16:11,131 DEBUG   BULK_SNAP_T pipeline_done 1779214570.228619639
2026-05-20 03:16:11,132 DEBUG   BULK_SNAP_T guest_end 1779214570.233627624
2026-05-20 03:16:11,132 DEBUG   
2026-05-20 03:16:11,132 DEBUG   60817408 bytes (61 MB) copied, 1.067016 s, 57.0 MB/s
2026-05-20 03:16:11,132 DEBUG   111149056 bytes (111 MB) copied, 2.073092 s, 53.6 MB/s
2026-05-20 03:16:11,132 DEBUG   161480704 bytes (161 MB) copied, 3.117002 s, 51.8 MB/s
2026-05-20 03:16:11,132 DEBUG   213909504 bytes (214 MB) copied, 4.125976 s, 51.8 MB/s
2026-05-20 03:16:11,132 DEBUG   267386880 bytes (267 MB) copied, 5.153052 s, 51.9 MB/s
2026-05-20 03:16:11,132 DEBUG   317718528 bytes (318 MB) copied, 6.210049 s, 51.2 MB/s
2026-05-20 03:16:11,132 DEBUG   359661568 bytes (360 MB) copied, 7.216046 s, 49.8 MB/s
2026-05-20 03:16:11,132 DEBUG   399507456 bytes (400 MB) copied, 8.230047 s, 48.5 MB/s
2026-05-20 03:16:11,132 DEBUG   443547648 bytes (444 MB) copied, 9.240063 s, 48.0 MB/s
2026-05-20 03:16:11,132 DEBUG   484442112 bytes (484 MB) copied, 10.242151 s, 47.3 MB/s
2026-05-20 03:16:11,132 DEBUG   522190848 bytes (522 MB) copied, 11.245019 s, 46.4 MB/s
2026-05-20 03:16:11,132 DEBUG   500+0 records in
2026-05-20 03:16:11,132 DEBUG   500+0 records out
2026-05-20 03:16:11,132 DEBUG   524288000 bytes (524 MB) copied, 11.2732 s, 46.5 MB/s
2026-05-20 03:16:11,132 DEBUG   OK (disk op exit 0)
2026-05-20 03:16:11,133 DEBUG [1160/1171] VM 1d23217f… (vm-0-260519-100346) via 10.114.53.225 op=update
2026-05-20 03:16:11,133 DEBUG   remote: bash -lc 'set -e; _bs(){ printf '"'"'BULK_SNAP_T %s %s\n'"'"' "$1" "$(date +%s.%N 2>/dev/null || date +%s)"; }; _bs guest_start; _bs pipeline_start; openssl enc -aes-256-ctr -pass pass:"testing" -nosalt < /dev/zero 2>/dev/null | dd of=/root/dummy_snapshot_data_1.img bs=1M count=500 iflag=fullblock conv=notrunc status=progress; ec=$?; _bs pipeline_done; _bs guest_end; exit $ec'
2026-05-20 03:16:13,124 DEBUG   BULK_SNAP_T guest_start 1779214557.291430755
2026-05-20 03:16:13,124 DEBUG   BULK_SNAP_T pipeline_start 1779214557.299460056
2026-05-20 03:16:13,124 DEBUG   BULK_SNAP_T pipeline_done 1779214571.496640016
2026-05-20 03:16:13,124 DEBUG   BULK_SNAP_T guest_end 1779214571.499969958
2026-05-20 03:16:13,124 DEBUG   
2026-05-20 03:16:13,124 DEBUG   49283072 bytes (49 MB) copied, 1.044777 s, 47.2 MB/s
2026-05-20 03:16:13,124 DEBUG   79691776 bytes (80 MB) copied, 2.132223 s, 37.4 MB/s
2026-05-20 03:16:13,124 DEBUG   123731968 bytes (124 MB) copied, 3.234477 s, 38.3 MB/s
2026-05-20 03:16:13,124 DEBUG   160432128 bytes (160 MB) copied, 4.235522 s, 37.9 MB/s
2026-05-20 03:16:13,124 DEBUG   200278016 bytes (200 MB) copied, 5.248249 s, 38.2 MB/s
2026-05-20 03:16:13,124 DEBUG   243269632 bytes (243 MB) copied, 6.248323 s, 38.9 MB/s
2026-05-20 03:16:13,124 DEBUG   279969792 bytes (280 MB) copied, 7.280124 s, 38.5 MB/s
2026-05-20 03:16:13,124 DEBUG   316669952 bytes (317 MB) copied, 8.352237 s, 37.9 MB/s
2026-05-20 03:16:13,124 DEBUG   347078656 bytes (347 MB) copied, 9.381223 s, 37.0 MB/s
2026-05-20 03:16:13,124 DEBUG   377487360 bytes (377 MB) copied, 10.393262 s, 36.3 MB/s
2026-05-20 03:16:13,124 DEBUG   417333248 bytes (417 MB) copied, 11.414257 s, 36.6 MB/s
2026-05-20 03:16:13,124 DEBUG   460324864 bytes (460 MB) copied, 12.430167 s, 37.0 MB/s
2026-05-20 03:16:13,124 DEBUG   504365056 bytes (504 MB) copied, 13.466207 s, 37.5 MB/s
2026-05-20 03:16:13,124 DEBUG   500+0 records in
2026-05-20 03:16:13,124 DEBUG   500+0 records out
2026-05-20 03:16:13,124 DEBUG   524288000 bytes (524 MB) copied, 14.0333 s, 37.4 MB/s
2026-05-20 03:16:13,124 DEBUG   OK (disk op exit 0)
2026-05-20 03:16:13,125 DEBUG [1161/1171] VM 0b23be88… (vm-0-260519-100357) via 10.114.48.231 op=update
2026-05-20 03:16:13,125 DEBUG   remote: bash -lc 'set -e; _bs(){ printf '"'"'BULK_SNAP_T %s %s\n'"'"' "$1" "$(date +%s.%N 2>/dev/null || date +%s)"; }; _bs guest_start; _bs pipeline_start; openssl enc -aes-256-ctr -pass pass:"testing" -nosalt < /dev/zero 2>/dev/null | dd of=/root/dummy_snapshot_data_1.img bs=1M count=500 iflag=fullblock conv=notrunc status=progress; ec=$?; _bs pipeline_done; _bs guest_end; exit $ec'
2026-05-20 03:16:13,869 DEBUG   BULK_SNAP_T guest_start 1779214556.901868371
2026-05-20 03:16:13,869 DEBUG   BULK_SNAP_T pipeline_start 1779214556.906104485
2026-05-20 03:16:13,869 DEBUG   BULK_SNAP_T pipeline_done 1779214571.921066890
2026-05-20 03:16:13,869 DEBUG   BULK_SNAP_T guest_end 1779214571.937396956
2026-05-20 03:16:13,869 DEBUG   
2026-05-20 03:16:13,869 DEBUG   41943040 bytes (42 MB) copied, 1.081548 s, 38.8 MB/s
2026-05-20 03:16:13,869 DEBUG   70254592 bytes (70 MB) copied, 2.288590 s, 30.7 MB/s
2026-05-20 03:16:13,869 DEBUG   106954752 bytes (107 MB) copied, 3.309652 s, 32.3 MB/s
2026-05-20 03:16:13,870 DEBUG   145752064 bytes (146 MB) copied, 4.331516 s, 33.6 MB/s
2026-05-20 03:16:13,870 DEBUG   185597952 bytes (186 MB) copied, 5.378903 s, 34.5 MB/s
2026-05-20 03:16:13,870 DEBUG   235929600 bytes (236 MB) copied, 6.397575 s, 36.9 MB/s
2026-05-20 03:16:13,870 DEBUG   268435456 bytes (268 MB) copied, 7.405528 s, 36.2 MB/s
2026-05-20 03:16:13,870 DEBUG   306184192 bytes (306 MB) copied, 8.419899 s, 36.4 MB/s
2026-05-20 03:16:13,870 DEBUG   335544320 bytes (336 MB) copied, 9.424839 s, 35.6 MB/s
2026-05-20 03:16:13,870 DEBUG   368050176 bytes (368 MB) copied, 10.442497 s, 35.2 MB/s
2026-05-20 03:16:13,870 DEBUG   399507456 bytes (400 MB) copied, 11.477664 s, 34.8 MB/s
2026-05-20 03:16:13,870 DEBUG   440401920 bytes (440 MB) copied, 12.482859 s, 35.3 MB/s
2026-05-20 03:16:13,870 DEBUG   473956352 bytes (474 MB) copied, 13.483887 s, 35.1 MB/s
2026-05-20 03:16:13,870 DEBUG   513802240 bytes (514 MB) copied, 14.528992 s, 35.4 MB/s
2026-05-20 03:16:13,870 DEBUG   500+0 records in
2026-05-20 03:16:13,870 DEBUG   500+0 records out
2026-05-20 03:16:13,870 DEBUG   524288000 bytes (524 MB) copied, 14.8266 s, 35.4 MB/s
2026-05-20 03:16:13,870 DEBUG   OK (disk op exit 0)
2026-05-20 03:16:13,871 DEBUG [1162/1171] VM f6eed088… (vm-0-260519-100405) via 10.114.49.61 op=update
2026-05-20 03:16:13,871 DEBUG   remote: bash -lc 'set -e; _bs(){ printf '"'"'BULK_SNAP_T %s %s\n'"'"' "$1" "$(date +%s.%N 2>/dev/null || date +%s)"; }; _bs guest_start; _bs pipeline_start; openssl enc -aes-256-ctr -pass pass:"testing" -nosalt < /dev/zero 2>/dev/null | dd of=/root/dummy_snapshot_data_1.img bs=1M count=500 iflag=fullblock conv=notrunc status=progress; ec=$?; _bs pipeline_done; _bs guest_end; exit $ec'
2026-05-20 03:16:14,374 DEBUG   BULK_SNAP_T guest_start 1779214558.337143546
2026-05-20 03:16:14,375 DEBUG   BULK_SNAP_T pipeline_start 1779214558.339516668
2026-05-20 03:16:14,375 DEBUG   BULK_SNAP_T pipeline_done 1779214572.645533221
2026-05-20 03:16:14,375 DEBUG   BULK_SNAP_T guest_end 1779214572.649871725
2026-05-20 03:16:14,375 DEBUG   
2026-05-20 03:16:14,375 DEBUG   50331648 bytes (50 MB) copied, 1.001139 s, 50.3 MB/s
2026-05-20 03:16:14,375 DEBUG   80740352 bytes (81 MB) copied, 2.083407 s, 38.8 MB/s
2026-05-20 03:16:14,375 DEBUG   121634816 bytes (122 MB) copied, 3.096949 s, 39.3 MB/s
2026-05-20 03:16:14,375 DEBUG   157286400 bytes (157 MB) copied, 4.107993 s, 38.3 MB/s
2026-05-20 03:16:14,375 DEBUG   200278016 bytes (200 MB) copied, 5.133019 s, 39.0 MB/s
2026-05-20 03:16:14,375 DEBUG   238026752 bytes (238 MB) copied, 6.230034 s, 38.2 MB/s
2026-05-20 03:16:14,375 DEBUG   273678336 bytes (274 MB) copied, 7.233905 s, 37.8 MB/s
2026-05-20 03:16:14,375 DEBUG   307232768 bytes (307 MB) copied, 8.273996 s, 37.1 MB/s
2026-05-20 03:16:14,375 DEBUG   344981504 bytes (345 MB) copied, 9.296078 s, 37.1 MB/s
2026-05-20 03:16:14,375 DEBUG   386924544 bytes (387 MB) copied, 10.299966 s, 37.6 MB/s
2026-05-20 03:16:14,375 DEBUG   415236096 bytes (415 MB) copied, 11.324948 s, 36.7 MB/s
2026-05-20 03:16:14,375 DEBUG   454033408 bytes (454 MB) copied, 12.337888 s, 36.8 MB/s
2026-05-20 03:16:14,375 DEBUG   502267904 bytes (502 MB) copied, 13.366975 s, 37.6 MB/s
2026-05-20 03:16:14,375 DEBUG   500+0 records in
2026-05-20 03:16:14,375 DEBUG   500+0 records out
2026-05-20 03:16:14,375 DEBUG   524288000 bytes (524 MB) copied, 13.8514 s, 37.9 MB/s
2026-05-20 03:16:14,375 DEBUG   OK (disk op exit 0)
2026-05-20 03:16:14,376 DEBUG [1163/1171] VM c2d734f7… (vm-0-260519-100409) via 10.114.50.63 op=update
2026-05-20 03:16:14,377 DEBUG   remote: bash -lc 'set -e; _bs(){ printf '"'"'BULK_SNAP_T %s %s\n'"'"' "$1" "$(date +%s.%N 2>/dev/null || date +%s)"; }; _bs guest_start; _bs pipeline_start; openssl enc -aes-256-ctr -pass pass:"testing" -nosalt < /dev/zero 2>/dev/null | dd of=/root/dummy_snapshot_data_1.img bs=1M count=500 iflag=fullblock conv=notrunc status=progress; ec=$?; _bs pipeline_done; _bs guest_end; exit $ec'
2026-05-20 03:16:14,854 DEBUG   BULK_SNAP_T guest_start 1779214558.389921577
2026-05-20 03:16:14,854 DEBUG   BULK_SNAP_T pipeline_start 1779214558.395163741
2026-05-20 03:16:14,854 DEBUG   BULK_SNAP_T pipeline_done 1779214574.122422640
2026-05-20 03:16:14,854 DEBUG   BULK_SNAP_T guest_end 1779214574.129548084
2026-05-20 03:16:14,854 DEBUG   
2026-05-20 03:16:14,854 DEBUG   41943040 bytes (42 MB) copied, 1.209316 s, 34.7 MB/s
2026-05-20 03:16:14,854 DEBUG   65011712 bytes (65 MB) copied, 2.251516 s, 28.9 MB/s
2026-05-20 03:16:14,854 DEBUG   99614720 bytes (100 MB) copied, 3.254576 s, 30.6 MB/s
2026-05-20 03:16:14,854 DEBUG   126877696 bytes (127 MB) copied, 4.269430 s, 29.7 MB/s
2026-05-20 03:16:14,854 DEBUG   157286400 bytes (157 MB) copied, 5.309538 s, 29.6 MB/s
2026-05-20 03:16:14,854 DEBUG   191889408 bytes (192 MB) copied, 6.365281 s, 30.1 MB/s
2026-05-20 03:16:14,854 DEBUG   225443840 bytes (225 MB) copied, 7.396771 s, 30.5 MB/s
2026-05-20 03:16:14,854 DEBUG   260046848 bytes (260 MB) copied, 8.479485 s, 30.7 MB/s
2026-05-20 03:16:14,854 DEBUG   288358400 bytes (288 MB) copied, 9.538731 s, 30.2 MB/s
2026-05-20 03:16:14,855 DEBUG   332398592 bytes (332 MB) copied, 10.618257 s, 31.3 MB/s
2026-05-20 03:16:14,855 DEBUG   368050176 bytes (368 MB) copied, 11.623224 s, 31.7 MB/s
2026-05-20 03:16:14,855 DEBUG   405798912 bytes (406 MB) copied, 12.638264 s, 32.1 MB/s
2026-05-20 03:16:14,855 DEBUG   448790528 bytes (449 MB) copied, 13.641273 s, 32.9 MB/s
2026-05-20 03:16:14,855 DEBUG   488636416 bytes (489 MB) copied, 14.669229 s, 33.3 MB/s
2026-05-20 03:16:14,855 DEBUG   500+0 records in
2026-05-20 03:16:14,855 DEBUG   500+0 records out
2026-05-20 03:16:14,855 DEBUG   524288000 bytes (524 MB) copied, 15.6098 s, 33.6 MB/s
2026-05-20 03:16:14,855 DEBUG   OK (disk op exit 0)
2026-05-20 03:16:14,855 DEBUG [1164/1171] VM 8e8bb714… (vm-0-260519-100501) via 10.114.53.227 op=update
2026-05-20 03:16:14,856 DEBUG   remote: bash -lc 'set -e; _bs(){ printf '"'"'BULK_SNAP_T %s %s\n'"'"' "$1" "$(date +%s.%N 2>/dev/null || date +%s)"; }; _bs guest_start; _bs pipeline_start; openssl enc -aes-256-ctr -pass pass:"testing" -nosalt < /dev/zero 2>/dev/null | dd of=/root/dummy_snapshot_data_1.img bs=1M count=500 iflag=fullblock conv=notrunc status=progress; ec=$?; _bs pipeline_done; _bs guest_end; exit $ec'
2026-05-20 03:16:16,889 DEBUG   BULK_SNAP_T guest_start 1779214559.122069902
2026-05-20 03:16:16,889 DEBUG   BULK_SNAP_T pipeline_start 1779214559.136966226
2026-05-20 03:16:16,889 DEBUG   BULK_SNAP_T pipeline_done 1779214575.678958388
2026-05-20 03:16:16,889 DEBUG   BULK_SNAP_T guest_end 1779214575.688153931
2026-05-20 03:16:16,889 DEBUG   
2026-05-20 03:16:16,889 DEBUG   32505856 bytes (33 MB) copied, 1.001636 s, 32.5 MB/s
2026-05-20 03:16:16,889 DEBUG   48234496 bytes (48 MB) copied, 2.083475 s, 23.2 MB/s
2026-05-20 03:16:16,889 DEBUG   77594624 bytes (78 MB) copied, 3.174827 s, 24.4 MB/s
2026-05-20 03:16:16,889 DEBUG   108003328 bytes (108 MB) copied, 4.198567 s, 25.7 MB/s
2026-05-20 03:16:16,889 DEBUG   139460608 bytes (139 MB) copied, 5.203558 s, 26.8 MB/s
2026-05-20 03:16:16,889 DEBUG   171966464 bytes (172 MB) copied, 6.271547 s, 27.4 MB/s
2026-05-20 03:16:16,889 DEBUG   210763776 bytes (211 MB) copied, 7.280502 s, 28.9 MB/s
2026-05-20 03:16:16,889 DEBUG   244318208 bytes (244 MB) copied, 8.297463 s, 29.4 MB/s
2026-05-20 03:16:16,889 DEBUG   282066944 bytes (282 MB) copied, 9.303771 s, 30.3 MB/s
2026-05-20 03:16:16,889 DEBUG   309329920 bytes (309 MB) copied, 10.335461 s, 29.9 MB/s
2026-05-20 03:16:16,889 DEBUG   338690048 bytes (339 MB) copied, 11.336691 s, 29.9 MB/s
2026-05-20 03:16:16,889 DEBUG   378535936 bytes (379 MB) copied, 12.351482 s, 30.6 MB/s
2026-05-20 03:16:16,889 DEBUG   418381824 bytes (418 MB) copied, 13.353443 s, 31.3 MB/s
2026-05-20 03:16:16,889 DEBUG   456130560 bytes (456 MB) copied, 14.358759 s, 31.8 MB/s
2026-05-20 03:16:16,889 DEBUG   497025024 bytes (497 MB) copied, 15.414771 s, 32.2 MB/s
2026-05-20 03:16:16,889 DEBUG   500+0 records in
2026-05-20 03:16:16,889 DEBUG   500+0 records out
2026-05-20 03:16:16,889 DEBUG   524288000 bytes (524 MB) copied, 16.2086 s, 32.3 MB/s
2026-05-20 03:16:16,890 DEBUG   OK (disk op exit 0)
2026-05-20 03:16:16,890 DEBUG [1165/1171] VM 416a1c9d… (vm-0-260519-100520) via 10.114.48.249 op=update
2026-05-20 03:16:16,890 DEBUG   remote: bash -lc 'set -e; _bs(){ printf '"'"'BULK_SNAP_T %s %s\n'"'"' "$1" "$(date +%s.%N 2>/dev/null || date +%s)"; }; _bs guest_start; _bs pipeline_start; openssl enc -aes-256-ctr -pass pass:"testing" -nosalt < /dev/zero 2>/dev/null | dd of=/root/dummy_snapshot_data_1.img bs=1M count=500 iflag=fullblock conv=notrunc status=progress; ec=$?; _bs pipeline_done; _bs guest_end; exit $ec'
2026-05-20 03:16:17,638 DEBUG   BULK_SNAP_T guest_start 1779214564.685002736
2026-05-20 03:16:17,639 DEBUG   BULK_SNAP_T pipeline_start 1779214564.690327503
2026-05-20 03:16:17,639 DEBUG   BULK_SNAP_T pipeline_done 1779214577.123918493
2026-05-20 03:16:17,639 DEBUG   BULK_SNAP_T guest_end 1779214577.129960646
2026-05-20 03:16:17,639 DEBUG   
2026-05-20 03:16:17,639 DEBUG   35651584 bytes (36 MB) copied, 1.009746 s, 35.3 MB/s
2026-05-20 03:16:17,639 DEBUG   61865984 bytes (62 MB) copied, 2.076912 s, 29.8 MB/s
2026-05-20 03:16:17,639 DEBUG   96468992 bytes (96 MB) copied, 3.139838 s, 30.7 MB/s
2026-05-20 03:16:17,639 DEBUG   130023424 bytes (130 MB) copied, 4.260906 s, 30.5 MB/s
2026-05-20 03:16:17,639 DEBUG   168820736 bytes (169 MB) copied, 5.318927 s, 31.7 MB/s
2026-05-20 03:16:17,639 DEBUG   216006656 bytes (216 MB) copied, 6.322770 s, 34.2 MB/s
2026-05-20 03:16:17,639 DEBUG   249561088 bytes (250 MB) copied, 7.328789 s, 34.1 MB/s
2026-05-20 03:16:17,639 DEBUG   287309824 bytes (287 MB) copied, 8.339693 s, 34.5 MB/s
2026-05-20 03:16:17,639 DEBUG   341835776 bytes (342 MB) copied, 9.369835 s, 36.5 MB/s
2026-05-20 03:16:17,639 DEBUG   397410304 bytes (397 MB) copied, 10.374923 s, 38.3 MB/s
2026-05-20 03:16:17,639 DEBUG   475004928 bytes (475 MB) copied, 11.381785 s, 41.7 MB/s
2026-05-20 03:16:17,639 DEBUG   500+0 records in
2026-05-20 03:16:17,639 DEBUG   500+0 records out
2026-05-20 03:16:17,639 DEBUG   524288000 bytes (524 MB) copied, 12.2577 s, 42.8 MB/s
2026-05-20 03:16:17,639 DEBUG   OK (disk op exit 0)
2026-05-20 03:16:17,640 DEBUG [1166/1171] VM b608eb78… (vm-0-260519-100531) via 10.114.48.150 op=update
2026-05-20 03:16:17,640 DEBUG   remote: bash -lc 'set -e; _bs(){ printf '"'"'BULK_SNAP_T %s %s\n'"'"' "$1" "$(date +%s.%N 2>/dev/null || date +%s)"; }; _bs guest_start; _bs pipeline_start; openssl enc -aes-256-ctr -pass pass:"testing" -nosalt < /dev/zero 2>/dev/null | dd of=/root/dummy_snapshot_data_1.img bs=1M count=500 iflag=fullblock conv=notrunc status=progress; ec=$?; _bs pipeline_done; _bs guest_end; exit $ec'
2026-05-20 03:16:18,131 DEBUG   BULK_SNAP_T guest_start 1779214560.968765390
2026-05-20 03:16:18,131 DEBUG   BULK_SNAP_T pipeline_start 1779214560.974120268
2026-05-20 03:16:18,131 DEBUG   BULK_SNAP_T pipeline_done 1779214577.454492052
2026-05-20 03:16:18,131 DEBUG   BULK_SNAP_T guest_end 1779214577.462438495
2026-05-20 03:16:18,131 DEBUG   
2026-05-20 03:16:18,131 DEBUG   30408704 bytes (30 MB) copied, 1.142551 s, 26.6 MB/s
2026-05-20 03:16:18,131 DEBUG   46137344 bytes (46 MB) copied, 2.312391 s, 20.0 MB/s
2026-05-20 03:16:18,131 DEBUG   78643200 bytes (79 MB) copied, 3.327258 s, 23.6 MB/s
2026-05-20 03:16:18,131 DEBUG   105906176 bytes (106 MB) copied, 4.328263 s, 24.5 MB/s
2026-05-20 03:16:18,131 DEBUG   137363456 bytes (137 MB) copied, 5.343263 s, 25.7 MB/s
2026-05-20 03:16:18,131 DEBUG   162529280 bytes (163 MB) copied, 6.369212 s, 25.5 MB/s
2026-05-20 03:16:18,131 DEBUG   202375168 bytes (202 MB) copied, 7.432405 s, 27.2 MB/s
2026-05-20 03:16:18,131 DEBUG   241172480 bytes (241 MB) copied, 8.495225 s, 28.4 MB/s
2026-05-20 03:16:18,131 DEBUG   269484032 bytes (269 MB) copied, 9.504372 s, 28.4 MB/s
2026-05-20 03:16:18,131 DEBUG   303038464 bytes (303 MB) copied, 10.542627 s, 28.7 MB/s
2026-05-20 03:16:18,131 DEBUG   341835776 bytes (342 MB) copied, 11.560276 s, 29.6 MB/s
2026-05-20 03:16:18,131 DEBUG   382730240 bytes (383 MB) copied, 12.563199 s, 30.5 MB/s
2026-05-20 03:16:18,131 DEBUG   429916160 bytes (430 MB) copied, 13.588215 s, 31.6 MB/s
2026-05-20 03:16:18,131 DEBUG   467664896 bytes (468 MB) copied, 14.622199 s, 32.0 MB/s
2026-05-20 03:16:18,131 DEBUG   503316480 bytes (503 MB) copied, 15.690229 s, 32.1 MB/s
2026-05-20 03:16:18,131 DEBUG   500+0 records in
2026-05-20 03:16:18,131 DEBUG   500+0 records out
2026-05-20 03:16:18,131 DEBUG   524288000 bytes (524 MB) copied, 16.3483 s, 32.1 MB/s
2026-05-20 03:16:18,132 DEBUG   OK (disk op exit 0)
2026-05-20 03:16:18,132 DEBUG [1167/1171] VM beb6dd3f… (vm-0-260519-100543) via 10.114.49.47 op=update
2026-05-20 03:16:18,132 DEBUG   remote: bash -lc 'set -e; _bs(){ printf '"'"'BULK_SNAP_T %s %s\n'"'"' "$1" "$(date +%s.%N 2>/dev/null || date +%s)"; }; _bs guest_start; _bs pipeline_start; openssl enc -aes-256-ctr -pass pass:"testing" -nosalt < /dev/zero 2>/dev/null | dd of=/root/dummy_snapshot_data_1.img bs=1M count=500 iflag=fullblock conv=notrunc status=progress; ec=$?; _bs pipeline_done; _bs guest_end; exit $ec'
2026-05-20 03:16:18,648 DEBUG   BULK_SNAP_T guest_start 1779214562.726098642
2026-05-20 03:16:18,648 DEBUG   BULK_SNAP_T pipeline_start 1779214562.729032033
2026-05-20 03:16:18,648 DEBUG   BULK_SNAP_T pipeline_done 1779214578.144408021
2026-05-20 03:16:18,648 DEBUG   BULK_SNAP_T guest_end 1779214578.154947283
2026-05-20 03:16:18,648 DEBUG   
2026-05-20 03:16:18,648 DEBUG   47185920 bytes (47 MB) copied, 1.006052 s, 46.9 MB/s
2026-05-20 03:16:18,648 DEBUG   67108864 bytes (67 MB) copied, 2.058271 s, 32.6 MB/s
2026-05-20 03:16:18,648 DEBUG   99614720 bytes (100 MB) copied, 3.146486 s, 31.7 MB/s
2026-05-20 03:16:18,649 DEBUG   133169152 bytes (133 MB) copied, 4.146953 s, 32.1 MB/s
2026-05-20 03:16:18,649 DEBUG   160432128 bytes (160 MB) copied, 5.215061 s, 30.8 MB/s
2026-05-20 03:16:18,649 DEBUG   199229440 bytes (199 MB) copied, 6.237117 s, 31.9 MB/s
2026-05-20 03:16:18,649 DEBUG   225443840 bytes (225 MB) copied, 7.249365 s, 31.1 MB/s
2026-05-20 03:16:18,649 DEBUG   265289728 bytes (265 MB) copied, 8.269920 s, 32.1 MB/s
2026-05-20 03:16:18,649 DEBUG   307232768 bytes (307 MB) copied, 9.288021 s, 33.1 MB/s
2026-05-20 03:16:18,649 DEBUG   342884352 bytes (343 MB) copied, 10.318935 s, 33.2 MB/s
2026-05-20 03:16:18,649 DEBUG   380633088 bytes (381 MB) copied, 11.352951 s, 33.5 MB/s
2026-05-20 03:16:18,649 DEBUG   418381824 bytes (418 MB) copied, 12.372918 s, 33.8 MB/s
2026-05-20 03:16:18,649 DEBUG   449839104 bytes (450 MB) copied, 13.375864 s, 33.6 MB/s
2026-05-20 03:16:18,649 DEBUG   481296384 bytes (481 MB) copied, 14.379073 s, 33.5 MB/s
2026-05-20 03:16:18,649 DEBUG   500+0 records in
2026-05-20 03:16:18,649 DEBUG   500+0 records out
2026-05-20 03:16:18,649 DEBUG   524288000 bytes (524 MB) copied, 15.3 s, 34.3 MB/s
2026-05-20 03:16:18,649 DEBUG   OK (disk op exit 0)
2026-05-20 03:16:18,650 DEBUG [1168/1171] VM 74673f86… (vm-0-260519-100554) via 10.114.53.93 op=update
2026-05-20 03:16:18,650 DEBUG   remote: bash -lc 'set -e; _bs(){ printf '"'"'BULK_SNAP_T %s %s\n'"'"' "$1" "$(date +%s.%N 2>/dev/null || date +%s)"; }; _bs guest_start; _bs pipeline_start; openssl enc -aes-256-ctr -pass pass:"testing" -nosalt < /dev/zero 2>/dev/null | dd of=/root/dummy_snapshot_data_1.img bs=1M count=500 iflag=fullblock conv=notrunc status=progress; ec=$?; _bs pipeline_done; _bs guest_end; exit $ec'
2026-05-20 03:16:22,096 DEBUG   BULK_SNAP_T guest_start 1779214565.837018049
2026-05-20 03:16:22,096 DEBUG   BULK_SNAP_T pipeline_start 1779214565.849661540
2026-05-20 03:16:22,096 DEBUG   BULK_SNAP_T pipeline_done 1779214580.529267221
2026-05-20 03:16:22,096 DEBUG   BULK_SNAP_T guest_end 1779214580.534113115
2026-05-20 03:16:22,096 DEBUG   
2026-05-20 03:16:22,096 DEBUG   42991616 bytes (43 MB) copied, 1.135175 s, 37.9 MB/s
2026-05-20 03:16:22,096 DEBUG   71303168 bytes (71 MB) copied, 2.211776 s, 32.2 MB/s
2026-05-20 03:16:22,096 DEBUG   100663296 bytes (101 MB) copied, 3.308777 s, 30.4 MB/s
2026-05-20 03:16:22,096 DEBUG   132120576 bytes (132 MB) copied, 4.337804 s, 30.5 MB/s
2026-05-20 03:16:22,096 DEBUG   164626432 bytes (165 MB) copied, 5.342205 s, 30.8 MB/s
2026-05-20 03:16:22,096 DEBUG   210763776 bytes (211 MB) copied, 6.354945 s, 33.2 MB/s
2026-05-20 03:16:22,096 DEBUG   250609664 bytes (251 MB) copied, 7.398867 s, 33.9 MB/s
2026-05-20 03:16:22,096 DEBUG   294649856 bytes (295 MB) copied, 8.442019 s, 34.9 MB/s
2026-05-20 03:16:22,096 DEBUG   329252864 bytes (329 MB) copied, 9.457665 s, 34.8 MB/s
2026-05-20 03:16:22,096 DEBUG   362807296 bytes (363 MB) copied, 10.516832 s, 34.5 MB/s
2026-05-20 03:16:22,096 DEBUG   421527552 bytes (422 MB) copied, 11.546654 s, 36.5 MB/s
2026-05-20 03:16:22,096 DEBUG   462422016 bytes (462 MB) copied, 12.583847 s, 36.7 MB/s
2026-05-20 03:16:22,096 DEBUG   499122176 bytes (499 MB) copied, 13.584752 s, 36.7 MB/s
2026-05-20 03:16:22,096 DEBUG   500+0 records in
2026-05-20 03:16:22,096 DEBUG   500+0 records out
2026-05-20 03:16:22,096 DEBUG   524288000 bytes (524 MB) copied, 14.3093 s, 36.6 MB/s
2026-05-20 03:16:22,096 DEBUG   OK (disk op exit 0)
2026-05-20 03:16:22,097 DEBUG [1169/1171] VM c562e078… (vm-0-260519-100558) via 10.114.53.31 op=update
2026-05-20 03:16:22,097 DEBUG   remote: bash -lc 'set -e; _bs(){ printf '"'"'BULK_SNAP_T %s %s\n'"'"' "$1" "$(date +%s.%N 2>/dev/null || date +%s)"; }; _bs guest_start; _bs pipeline_start; openssl enc -aes-256-ctr -pass pass:"testing" -nosalt < /dev/zero 2>/dev/null | dd of=/root/dummy_snapshot_data_1.img bs=1M count=500 iflag=fullblock conv=notrunc status=progress; ec=$?; _bs pipeline_done; _bs guest_end; exit $ec'
2026-05-20 03:16:23,074 DEBUG   ssh: connect to host 10.114.113.135 port 22: Connection timed out
2026-05-20 03:16:23,074 ERROR Guest disk op failed ec=255 vm=ahv_ins_delete-0-260518-180040 ip=10.114.113.135 — ssh: connect to host 10.114.113.135 port 22: Connection timed out
2026-05-20 03:16:23,074 WARNING Guest disk op wall 30.0s (vm='ahv_ins_delete-0-260518-180040' ip=10.114.113.135 op=update ec=255) — includes SSH + guest disk command; if still high, check guest disk throughput vs. MiB settings.
2026-05-20 03:16:23,075 DEBUG [73/1171] VM 66b7a419… (ahv_ins_delete-0-260518-181054) via 10.114.120.244 op=update
2026-05-20 03:16:23,075 DEBUG   remote: bash -lc 'set -e; _bs(){ printf '"'"'BULK_SNAP_T %s %s\n'"'"' "$1" "$(date +%s.%N 2>/dev/null || date +%s)"; }; _bs guest_start; _bs pipeline_start; openssl enc -aes-256-ctr -pass pass:"testing" -nosalt < /dev/zero 2>/dev/null | dd of=/root/dummy_snapshot_data_1.img bs=1M count=500 iflag=fullblock conv=notrunc status=progress; ec=$?; _bs pipeline_done; _bs guest_end; exit $ec'
2026-05-20 03:16:23,285 DEBUG   ssh: connect to host 10.114.113.129 port 22: Connection timed out
2026-05-20 03:16:23,285 ERROR Guest disk op failed ec=255 vm=ahv_ins_delete-0-260518-180123 ip=10.114.113.129 — ssh: connect to host 10.114.113.129 port 22: Connection timed out
2026-05-20 03:16:23,285 WARNING Guest disk op wall 30.0s (vm='ahv_ins_delete-0-260518-180123' ip=10.114.113.129 op=update ec=255) — includes SSH + guest disk command; if still high, check guest disk throughput vs. MiB settings.
2026-05-20 03:16:23,286 DEBUG [74/1171] VM ed360a81… (ahv_ins_delete-0-260518-181133) via 10.114.120.246 op=update
2026-05-20 03:16:23,286 DEBUG   remote: bash -lc 'set -e; _bs(){ printf '"'"'BULK_SNAP_T %s %s\n'"'"' "$1" "$(date +%s.%N 2>/dev/null || date +%s)"; }; _bs guest_start; _bs pipeline_start; openssl enc -aes-256-ctr -pass pass:"testing" -nosalt < /dev/zero 2>/dev/null | dd of=/root/dummy_snapshot_data_1.img bs=1M count=500 iflag=fullblock conv=notrunc status=progress; ec=$?; _bs pipeline_done; _bs guest_end; exit $ec'
2026-05-20 03:16:23,559 DEBUG   ssh: connect to host 10.114.121.8 port 22: Connection timed out
2026-05-20 03:16:23,559 ERROR Guest disk op failed ec=255 vm=ahv_ins_delete-0-260518-180618 ip=10.114.121.8 — ssh: connect to host 10.114.121.8 port 22: Connection timed out
2026-05-20 03:16:23,559 WARNING Guest disk op wall 30.0s (vm='ahv_ins_delete-0-260518-180618' ip=10.114.121.8 op=update ec=255) — includes SSH + guest disk command; if still high, check guest disk throughput vs. MiB settings.
2026-05-20 03:16:23,560 DEBUG [75/1171] VM ac50a54a… (ahv_ins_delete-0-260518-181302) via 10.114.113.142 op=update
2026-05-20 03:16:23,560 DEBUG   remote: bash -lc 'set -e; _bs(){ printf '"'"'BULK_SNAP_T %s %s\n'"'"' "$1" "$(date +%s.%N 2>/dev/null || date +%s)"; }; _bs guest_start; _bs pipeline_start; openssl enc -aes-256-ctr -pass pass:"testing" -nosalt < /dev/zero 2>/dev/null | dd of=/root/dummy_snapshot_data_1.img bs=1M count=500 iflag=fullblock conv=notrunc status=progress; ec=$?; _bs pipeline_done; _bs guest_end; exit $ec'
2026-05-20 03:16:23,563 DEBUG   ssh: connect to host 10.114.121.15 port 22: Connection timed out
2026-05-20 03:16:23,563 ERROR Guest disk op failed ec=255 vm=ahv_ins_delete-0-260518-180237 ip=10.114.121.15 — ssh: connect to host 10.114.121.15 port 22: Connection timed out
2026-05-20 03:16:23,563 WARNING Guest disk op wall 30.3s (vm='ahv_ins_delete-0-260518-180237' ip=10.114.121.15 op=update ec=255) — includes SSH + guest disk command; if still high, check guest disk throughput vs. MiB settings.
2026-05-20 03:16:23,564 DEBUG [76/1171] VM f7d0a6b7… (ahv_ins_delete-0-260518-181320) via 10.114.120.243 op=update
2026-05-20 03:16:23,564 DEBUG   remote: bash -lc 'set -e; _bs(){ printf '"'"'BULK_SNAP_T %s %s\n'"'"' "$1" "$(date +%s.%N 2>/dev/null || date +%s)"; }; _bs guest_start; _bs pipeline_start; openssl enc -aes-256-ctr -pass pass:"testing" -nosalt < /dev/zero 2>/dev/null | dd of=/root/dummy_snapshot_data_1.img bs=1M count=500 iflag=fullblock conv=notrunc status=progress; ec=$?; _bs pipeline_done; _bs guest_end; exit $ec'
2026-05-20 03:16:23,568 DEBUG   ssh: connect to host 10.114.121.14 port 22: Connection timed out
2026-05-20 03:16:23,568 ERROR Guest disk op failed ec=255 vm=ahv_ins_delete-0-260518-180254 ip=10.114.121.14 — ssh: connect to host 10.114.121.14 port 22: Connection timed out
2026-05-20 03:16:23,568 WARNING Guest disk op wall 30.3s (vm='ahv_ins_delete-0-260518-180254' ip=10.114.121.14 op=update ec=255) — includes SSH + guest disk command; if still high, check guest disk throughput vs. MiB settings.
2026-05-20 03:16:23,569 DEBUG [77/1171] VM 1bba1a26… (ahv_ins_delete-0-260518-181356) via 10.114.113.137 op=update
2026-05-20 03:16:23,569 DEBUG   remote: bash -lc 'set -e; _bs(){ printf '"'"'BULK_SNAP_T %s %s\n'"'"' "$1" "$(date +%s.%N 2>/dev/null || date +%s)"; }; _bs guest_start; _bs pipeline_start; openssl enc -aes-256-ctr -pass pass:"testing" -nosalt < /dev/zero 2>/dev/null | dd of=/root/dummy_snapshot_data_1.img bs=1M count=500 iflag=fullblock conv=notrunc status=progress; ec=$?; _bs pipeline_done; _bs guest_end; exit $ec'
2026-05-20 03:16:23,574 DEBUG   ssh: connect to host 10.114.113.131 port 22: Connection timed out
2026-05-20 03:16:23,574 ERROR Guest disk op failed ec=255 vm=ahv_ins_delete-0-260518-180322 ip=10.114.113.131 — ssh: connect to host 10.114.113.131 port 22: Connection timed out
2026-05-20 03:16:23,574 WARNING Guest disk op wall 30.3s (vm='ahv_ins_delete-0-260518-180322' ip=10.114.113.131 op=update ec=255) — includes SSH + guest disk command; if still high, check guest disk throughput vs. MiB settings.
2026-05-20 03:16:23,575 DEBUG [78/1171] VM 4ef0e7f8… (ahv_ins_delete-0-260518-181532) via 10.114.120.253 op=update
2026-05-20 03:16:23,575 DEBUG   remote: bash -lc 'set -e; _bs(){ printf '"'"'BULK_SNAP_T %s %s\n'"'"' "$1" "$(date +%s.%N 2>/dev/null || date +%s)"; }; _bs guest_start; _bs pipeline_start; openssl enc -aes-256-ctr -pass pass:"testing" -nosalt < /dev/zero 2>/dev/null | dd of=/root/dummy_snapshot_data_1.img bs=1M count=500 iflag=fullblock conv=notrunc status=progress; ec=$?; _bs pipeline_done; _bs guest_end; exit $ec'
2026-05-20 03:16:23,818 DEBUG   ssh: connect to host 10.114.121.10 port 22: Connection timed out
2026-05-20 03:16:23,818 ERROR Guest disk op failed ec=255 vm=ahv_ins_delete-0-260518-180634 ip=10.114.121.10 — ssh: connect to host 10.114.121.10 port 22: Connection timed out
2026-05-20 03:16:23,818 WARNING Guest disk op wall 30.3s (vm='ahv_ins_delete-0-260518-180634' ip=10.114.121.10 op=update ec=255) — includes SSH + guest disk command; if still high, check guest disk throughput vs. MiB settings.
2026-05-20 03:16:23,819 DEBUG [79/1171] VM 98645f3d… (ahv_ins_delete-0-260518-181616) via 10.114.113.136 op=update
2026-05-20 03:16:23,819 DEBUG   remote: bash -lc 'set -e; _bs(){ printf '"'"'BULK_SNAP_T %s %s\n'"'"' "$1" "$(date +%s.%N 2>/dev/null || date +%s)"; }; _bs guest_start; _bs pipeline_start; openssl enc -aes-256-ctr -pass pass:"testing" -nosalt < /dev/zero 2>/dev/null | dd of=/root/dummy_snapshot_data_1.img bs=1M count=500 iflag=fullblock conv=notrunc status=progress; ec=$?; _bs pipeline_done; _bs guest_end; exit $ec'
2026-05-20 03:16:23,830 DEBUG   ssh: connect to host 10.114.113.140 port 22: Connection timed out
2026-05-20 03:16:23,830 ERROR Guest disk op failed ec=255 vm=ahv_ins_delete-0-260518-180831 ip=10.114.113.140 — ssh: connect to host 10.114.113.140 port 22: Connection timed out
2026-05-20 03:16:23,830 WARNING Guest disk op wall 30.3s (vm='ahv_ins_delete-0-260518-180831' ip=10.114.113.140 op=update ec=255) — includes SSH + guest disk command; if still high, check guest disk throughput vs. MiB settings.
2026-05-20 03:16:23,831 DEBUG [80/1171] VM 5247f465… (ahv_ins_delete-0-260518-181758) via 10.114.120.255 op=update
2026-05-20 03:16:23,831 DEBUG   remote: bash -lc 'set -e; _bs(){ printf '"'"'BULK_SNAP_T %s %s\n'"'"' "$1" "$(date +%s.%N 2>/dev/null || date +%s)"; }; _bs guest_start; _bs pipeline_start; openssl enc -aes-256-ctr -pass pass:"testing" -nosalt < /dev/zero 2>/dev/null | dd of=/root/dummy_snapshot_data_1.img bs=1M count=500 iflag=fullblock conv=notrunc status=progress; ec=$?; _bs pipeline_done; _bs guest_end; exit $ec'
2026-05-20 03:16:23,832 DEBUG   ssh: connect to host 10.114.120.245 port 22: Connection timed out
2026-05-20 03:16:23,832 ERROR Guest disk op failed ec=255 vm=ahv_ins_delete-0-260518-180808 ip=10.114.120.245 — ssh: connect to host 10.114.120.245 port 22: Connection timed out
2026-05-20 03:16:23,832 WARNING Guest disk op wall 30.3s (vm='ahv_ins_delete-0-260518-180808' ip=10.114.120.245 op=update ec=255) — includes SSH + guest disk command; if still high, check guest disk throughput vs. MiB settings.
2026-05-20 03:16:23,835 DEBUG [81/1171] VM 40d76970… (ahv_ins_delete-0-260518-181817) via 10.114.120.254 op=update
2026-05-20 03:16:23,836 DEBUG   remote: bash -lc 'set -e; _bs(){ printf '"'"'BULK_SNAP_T %s %s\n'"'"' "$1" "$(date +%s.%N 2>/dev/null || date +%s)"; }; _bs guest_start; _bs pipeline_start; openssl enc -aes-256-ctr -pass pass:"testing" -nosalt < /dev/zero 2>/dev/null | dd of=/root/dummy_snapshot_data_1.img bs=1M count=500 iflag=fullblock conv=notrunc status=progress; ec=$?; _bs pipeline_done; _bs guest_end; exit $ec'
2026-05-20 03:16:24,047 DEBUG   ssh: connect to host 10.114.120.247 port 22: Connection timed out
2026-05-20 03:16:24,048 ERROR Guest disk op failed ec=255 vm=ahv_ins_delete-0-260518-180854 ip=10.114.120.247 — ssh: connect to host 10.114.120.247 port 22: Connection timed out
2026-05-20 03:16:24,048 WARNING Guest disk op wall 30.3s (vm='ahv_ins_delete-0-260518-180854' ip=10.114.120.247 op=update ec=255) — includes SSH + guest disk command; if still high, check guest disk throughput vs. MiB settings.
2026-05-20 03:16:24,049 DEBUG [82/1171] VM e19943d8… (ahv_ins_delete-0-260518-181853) via 10.114.113.138 op=update
2026-05-20 03:16:24,049 DEBUG   remote: bash -lc 'set -e; _bs(){ printf '"'"'BULK_SNAP_T %s %s\n'"'"' "$1" "$(date +%s.%N 2>/dev/null || date +%s)"; }; _bs guest_start; _bs pipeline_start; openssl enc -aes-256-ctr -pass pass:"testing" -nosalt < /dev/zero 2>/dev/null | dd of=/root/dummy_snapshot_data_1.img bs=1M count=500 iflag=fullblock conv=notrunc status=progress; ec=$?; _bs pipeline_done; _bs guest_end; exit $ec'
2026-05-20 03:16:27,647 DEBUG   BULK_SNAP_T guest_start 1779214572.285033281
2026-05-20 03:16:27,648 DEBUG   BULK_SNAP_T pipeline_start 1779214572.292848450
2026-05-20 03:16:27,648 DEBUG   BULK_SNAP_T pipeline_done 1779214585.945746972
2026-05-20 03:16:27,648 DEBUG   BULK_SNAP_T guest_end 1779214586.046179813
2026-05-20 03:16:27,648 DEBUG   
2026-05-20 03:16:27,648 DEBUG   46137344 bytes (46 MB) copied, 1.207044 s, 38.2 MB/s
2026-05-20 03:16:27,648 DEBUG   70254592 bytes (70 MB) copied, 2.207242 s, 31.8 MB/s
2026-05-20 03:16:27,648 DEBUG   102760448 bytes (103 MB) copied, 3.271150 s, 31.4 MB/s
2026-05-20 03:16:27,648 DEBUG   135266304 bytes (135 MB) copied, 4.275991 s, 31.6 MB/s
2026-05-20 03:16:27,648 DEBUG   186646528 bytes (187 MB) copied, 5.276115 s, 35.4 MB/s
2026-05-20 03:16:27,648 DEBUG   226492416 bytes (226 MB) copied, 6.298971 s, 36.0 MB/s
2026-05-20 03:16:27,648 DEBUG   255852544 bytes (256 MB) copied, 7.433029 s, 34.4 MB/s
2026-05-20 03:16:27,648 DEBUG   300941312 bytes (301 MB) copied, 8.437050 s, 35.7 MB/s
2026-05-20 03:16:27,648 DEBUG   359661568 bytes (360 MB) copied, 9.441939 s, 38.1 MB/s
2026-05-20 03:16:27,648 DEBUG   407896064 bytes (408 MB) copied, 10.459913 s, 39.0 MB/s
2026-05-20 03:16:27,648 DEBUG   434110464 bytes (434 MB) copied, 11.497925 s, 37.8 MB/s
2026-05-20 03:16:27,648 DEBUG   488636416 bytes (489 MB) copied, 12.523941 s, 39.0 MB/s
2026-05-20 03:16:27,648 DEBUG   500+0 records in
2026-05-20 03:16:27,648 DEBUG   500+0 records out
2026-05-20 03:16:27,648 DEBUG   524288000 bytes (524 MB) copied, 13.1871 s, 39.8 MB/s
2026-05-20 03:16:27,648 DEBUG   OK (disk op exit 0)
2026-05-20 03:16:27,649 DEBUG [1170/1171] VM d25ce387… (vm-0-260519-100604) via 10.114.49.186 op=update
2026-05-20 03:16:27,649 DEBUG   remote: bash -lc 'set -e; _bs(){ printf '"'"'BULK_SNAP_T %s %s\n'"'"' "$1" "$(date +%s.%N 2>/dev/null || date +%s)"; }; _bs guest_start; _bs pipeline_start; openssl enc -aes-256-ctr -pass pass:"testing" -nosalt < /dev/zero 2>/dev/null | dd of=/root/dummy_snapshot_data_1.img bs=1M count=500 iflag=fullblock conv=notrunc status=progress; ec=$?; _bs pipeline_done; _bs guest_end; exit $ec'
2026-05-20 03:16:30,387 DEBUG   BULK_SNAP_T guest_start 1779214573.755351882
2026-05-20 03:16:30,387 DEBUG   BULK_SNAP_T pipeline_start 1779214573.757431774
2026-05-20 03:16:30,387 DEBUG   BULK_SNAP_T pipeline_done 1779214588.836818808
2026-05-20 03:16:30,387 DEBUG   BULK_SNAP_T guest_end 1779214588.843893919
2026-05-20 03:16:30,387 DEBUG   
2026-05-20 03:16:30,387 DEBUG   50331648 bytes (50 MB) copied, 1.001171 s, 50.3 MB/s
2026-05-20 03:16:30,387 DEBUG   72351744 bytes (72 MB) copied, 2.029323 s, 35.7 MB/s
2026-05-20 03:16:30,387 DEBUG   114294784 bytes (114 MB) copied, 3.071102 s, 37.2 MB/s
2026-05-20 03:16:30,387 DEBUG   153092096 bytes (153 MB) copied, 4.086545 s, 37.5 MB/s
2026-05-20 03:16:30,387 DEBUG   192937984 bytes (193 MB) copied, 5.099166 s, 37.8 MB/s
2026-05-20 03:16:30,387 DEBUG   225443840 bytes (225 MB) copied, 6.121072 s, 36.8 MB/s
2026-05-20 03:16:30,387 DEBUG   260046848 bytes (260 MB) copied, 7.185259 s, 36.2 MB/s
2026-05-20 03:16:30,387 DEBUG   294649856 bytes (295 MB) copied, 8.206345 s, 35.9 MB/s
2026-05-20 03:16:30,387 DEBUG   330301440 bytes (330 MB) copied, 9.249157 s, 35.7 MB/s
2026-05-20 03:16:30,388 DEBUG   362807296 bytes (363 MB) copied, 10.264103 s, 35.3 MB/s
2026-05-20 03:16:30,388 DEBUG   396361728 bytes (396 MB) copied, 11.303235 s, 35.1 MB/s
2026-05-20 03:16:30,388 DEBUG   432013312 bytes (432 MB) copied, 12.342210 s, 35.0 MB/s
2026-05-20 03:16:30,388 DEBUG   466616320 bytes (467 MB) copied, 13.356132 s, 34.9 MB/s
2026-05-20 03:16:30,388 DEBUG   502267904 bytes (502 MB) copied, 14.362143 s, 35.0 MB/s
2026-05-20 03:16:30,388 DEBUG   500+0 records in
2026-05-20 03:16:30,388 DEBUG   500+0 records out
2026-05-20 03:16:30,388 DEBUG   524288000 bytes (524 MB) copied, 14.9363 s, 35.1 MB/s
2026-05-20 03:16:30,388 DEBUG   OK (disk op exit 0)
2026-05-20 03:16:30,388 DEBUG [1171/1171] VM dfca2dae… (vm-0-260519-100640) via 10.114.48.208 op=update
2026-05-20 03:16:30,388 DEBUG   remote: bash -lc 'set -e; _bs(){ printf '"'"'BULK_SNAP_T %s %s\n'"'"' "$1" "$(date +%s.%N 2>/dev/null || date +%s)"; }; _bs guest_start; _bs pipeline_start; openssl enc -aes-256-ctr -pass pass:"testing" -nosalt < /dev/zero 2>/dev/null | dd of=/root/dummy_snapshot_data_1.img bs=1M count=500 iflag=fullblock conv=notrunc status=progress; ec=$?; _bs pipeline_done; _bs guest_end; exit $ec'
2026-05-20 03:16:30,631 DEBUG   BULK_SNAP_T guest_start 1779214575.338959310
2026-05-20 03:16:30,632 DEBUG   BULK_SNAP_T pipeline_start 1779214575.344760962
2026-05-20 03:16:30,632 DEBUG   BULK_SNAP_T pipeline_done 1779214589.594348527
2026-05-20 03:16:30,632 DEBUG   BULK_SNAP_T guest_end 1779214589.604429226
2026-05-20 03:16:30,632 DEBUG   
2026-05-20 03:16:30,632 DEBUG   50331648 bytes (50 MB) copied, 1.054596 s, 47.7 MB/s
2026-05-20 03:16:30,632 DEBUG   80740352 bytes (81 MB) copied, 2.056489 s, 39.3 MB/s
2026-05-20 03:16:30,632 DEBUG   115343360 bytes (115 MB) copied, 3.086613 s, 37.4 MB/s
2026-05-20 03:16:30,632 DEBUG   160432128 bytes (160 MB) copied, 4.126593 s, 38.9 MB/s
2026-05-20 03:16:30,632 DEBUG   198180864 bytes (198 MB) copied, 5.162384 s, 38.4 MB/s
2026-05-20 03:16:30,632 DEBUG   238026752 bytes (238 MB) copied, 6.201466 s, 38.4 MB/s
2026-05-20 03:16:30,632 DEBUG   275775488 bytes (276 MB) copied, 7.302385 s, 37.8 MB/s
2026-05-20 03:16:30,632 DEBUG   310378496 bytes (310 MB) copied, 8.311436 s, 37.3 MB/s
2026-05-20 03:16:30,632 DEBUG   341835776 bytes (342 MB) copied, 9.335534 s, 36.6 MB/s
2026-05-20 03:16:30,632 DEBUG   378535936 bytes (379 MB) copied, 10.335769 s, 36.6 MB/s
2026-05-20 03:16:30,632 DEBUG   411041792 bytes (411 MB) copied, 11.368093 s, 36.2 MB/s
2026-05-20 03:16:30,632 DEBUG   456130560 bytes (456 MB) copied, 12.396364 s, 36.8 MB/s
2026-05-20 03:16:30,632 DEBUG   491782144 bytes (492 MB) copied, 13.396434 s, 36.7 MB/s
2026-05-20 03:16:30,632 DEBUG   500+0 records in
2026-05-20 03:16:30,632 DEBUG   500+0 records out
2026-05-20 03:16:30,632 DEBUG   524288000 bytes (524 MB) copied, 14.0576 s, 37.3 MB/s
2026-05-20 03:16:30,632 DEBUG   OK (disk op exit 0)
2026-05-20 03:16:31,391 DEBUG   BULK_SNAP_T guest_start 1779214575.535635374
2026-05-20 03:16:31,392 DEBUG   BULK_SNAP_T pipeline_start 1779214575.550387420
2026-05-20 03:16:31,392 DEBUG   BULK_SNAP_T pipeline_done 1779214590.370886323
2026-05-20 03:16:31,392 DEBUG   BULK_SNAP_T guest_end 1779214590.383314598
2026-05-20 03:16:31,392 DEBUG   
2026-05-20 03:16:31,392 DEBUG   57671680 bytes (58 MB) copied, 1.018672 s, 56.6 MB/s
2026-05-20 03:16:31,392 DEBUG   95420416 bytes (95 MB) copied, 2.131704 s, 44.8 MB/s
2026-05-20 03:16:31,392 DEBUG   135266304 bytes (135 MB) copied, 3.133799 s, 43.2 MB/s
2026-05-20 03:16:31,392 DEBUG   168820736 bytes (169 MB) copied, 4.191929 s, 40.3 MB/s
2026-05-20 03:16:31,392 DEBUG   208666624 bytes (209 MB) copied, 5.208750 s, 40.1 MB/s
2026-05-20 03:16:31,392 DEBUG   244318208 bytes (244 MB) copied, 6.239785 s, 39.2 MB/s
2026-05-20 03:16:31,392 DEBUG   282066944 bytes (282 MB) copied, 7.251852 s, 38.9 MB/s
2026-05-20 03:16:31,392 DEBUG   312475648 bytes (312 MB) copied, 8.265841 s, 37.8 MB/s
2026-05-20 03:16:31,392 DEBUG   342884352 bytes (343 MB) copied, 9.271834 s, 37.0 MB/s
2026-05-20 03:16:31,392 DEBUG   373293056 bytes (373 MB) copied, 10.299682 s, 36.2 MB/s
2026-05-20 03:16:31,392 DEBUG   412090368 bytes (412 MB) copied, 11.331788 s, 36.4 MB/s
2026-05-20 03:16:31,392 DEBUG   444596224 bytes (445 MB) copied, 12.364003 s, 36.0 MB/s
2026-05-20 03:16:31,392 DEBUG   480247808 bytes (480 MB) copied, 13.371855 s, 35.9 MB/s
2026-05-20 03:16:31,392 DEBUG   514850816 bytes (515 MB) copied, 14.381821 s, 35.8 MB/s
2026-05-20 03:16:31,392 DEBUG   500+0 records in
2026-05-20 03:16:31,392 DEBUG   500+0 records out
2026-05-20 03:16:31,392 DEBUG   524288000 bytes (524 MB) copied, 14.711 s, 35.6 MB/s
2026-05-20 03:16:31,392 DEBUG   OK (disk op exit 0)
2026-05-20 03:16:32,117 DEBUG   BULK_SNAP_T guest_start 1779214575.717454723
2026-05-20 03:16:32,117 DEBUG   BULK_SNAP_T pipeline_start 1779214575.723414709
2026-05-20 03:16:32,117 DEBUG   BULK_SNAP_T pipeline_done 1779214590.582162713
2026-05-20 03:16:32,117 DEBUG   BULK_SNAP_T guest_end 1779214590.592709661
2026-05-20 03:16:32,117 DEBUG   
2026-05-20 03:16:32,117 DEBUG   49283072 bytes (49 MB) copied, 1.140425 s, 43.2 MB/s
2026-05-20 03:16:32,117 DEBUG   79691776 bytes (80 MB) copied, 2.174696 s, 36.6 MB/s
2026-05-20 03:16:32,117 DEBUG   115343360 bytes (115 MB) copied, 3.219481 s, 35.8 MB/s
2026-05-20 03:16:32,118 DEBUG   157286400 bytes (157 MB) copied, 4.233356 s, 37.2 MB/s
2026-05-20 03:16:32,118 DEBUG   191889408 bytes (192 MB) copied, 5.257362 s, 36.5 MB/s
2026-05-20 03:16:32,118 DEBUG   228589568 bytes (229 MB) copied, 6.264344 s, 36.5 MB/s
2026-05-20 03:16:32,118 DEBUG   257949696 bytes (258 MB) copied, 7.285323 s, 35.4 MB/s
2026-05-20 03:16:32,118 DEBUG   291504128 bytes (292 MB) copied, 8.297297 s, 35.1 MB/s
2026-05-20 03:16:32,118 DEBUG   320864256 bytes (321 MB) copied, 9.325356 s, 34.4 MB/s
2026-05-20 03:16:32,118 DEBUG   351272960 bytes (351 MB) copied, 10.343483 s, 34.0 MB/s
2026-05-20 03:16:32,118 DEBUG   393216000 bytes (393 MB) copied, 11.365257 s, 34.6 MB/s
2026-05-20 03:16:32,118 DEBUG   432013312 bytes (432 MB) copied, 12.372304 s, 34.9 MB/s
2026-05-20 03:16:32,118 DEBUG   468713472 bytes (469 MB) copied, 13.397374 s, 35.0 MB/s
2026-05-20 03:16:32,118 DEBUG   502267904 bytes (502 MB) copied, 14.411447 s, 34.9 MB/s
2026-05-20 03:16:32,118 DEBUG   500+0 records in
2026-05-20 03:16:32,118 DEBUG   500+0 records out
2026-05-20 03:16:32,118 DEBUG   524288000 bytes (524 MB) copied, 14.7557 s, 35.5 MB/s
2026-05-20 03:16:32,118 DEBUG   OK (disk op exit 0)
2026-05-20 03:16:32,903 DEBUG   BULK_SNAP_T guest_start 1779214578.226665699
2026-05-20 03:16:32,904 DEBUG   BULK_SNAP_T pipeline_start 1779214578.232009147
2026-05-20 03:16:32,904 DEBUG   BULK_SNAP_T pipeline_done 1779214591.434293199
2026-05-20 03:16:32,904 DEBUG   BULK_SNAP_T guest_end 1779214591.441681263
2026-05-20 03:16:32,904 DEBUG   
2026-05-20 03:16:32,904 DEBUG   44040192 bytes (44 MB) copied, 1.050989 s, 41.9 MB/s
2026-05-20 03:16:32,904 DEBUG   65011712 bytes (65 MB) copied, 2.164871 s, 30.0 MB/s
2026-05-20 03:16:32,904 DEBUG   103809024 bytes (104 MB) copied, 3.232254 s, 32.1 MB/s
2026-05-20 03:16:32,904 DEBUG   141557760 bytes (142 MB) copied, 4.245082 s, 33.3 MB/s
2026-05-20 03:16:32,904 DEBUG   171966464 bytes (172 MB) copied, 5.278823 s, 32.6 MB/s
2026-05-20 03:16:32,904 DEBUG   209715200 bytes (210 MB) copied, 6.331935 s, 33.1 MB/s
2026-05-20 03:16:32,904 DEBUG   247463936 bytes (247 MB) copied, 7.397918 s, 33.5 MB/s
2026-05-20 03:16:32,904 DEBUG   282066944 bytes (282 MB) copied, 8.440877 s, 33.4 MB/s
2026-05-20 03:16:32,904 DEBUG   327155712 bytes (327 MB) copied, 9.458883 s, 34.6 MB/s
2026-05-20 03:16:32,904 DEBUG   359661568 bytes (360 MB) copied, 10.462825 s, 34.4 MB/s
2026-05-20 03:16:32,904 DEBUG   395313152 bytes (395 MB) copied, 11.476852 s, 34.4 MB/s
2026-05-20 03:16:32,904 DEBUG   466616320 bytes (467 MB) copied, 12.479029 s, 37.4 MB/s
2026-05-20 03:16:32,904 DEBUG   500+0 records in
2026-05-20 03:16:32,904 DEBUG   500+0 records out
2026-05-20 03:16:32,904 DEBUG   524288000 bytes (524 MB) copied, 13.0961 s, 40.0 MB/s
2026-05-20 03:16:32,904 DEBUG   OK (disk op exit 0)
2026-05-20 03:16:34,152 DEBUG   BULK_SNAP_T guest_start 1779214577.744565866
2026-05-20 03:16:34,153 DEBUG   BULK_SNAP_T pipeline_start 1779214577.754643841
2026-05-20 03:16:34,153 DEBUG   BULK_SNAP_T pipeline_done 1779214592.021781150
2026-05-20 03:16:34,153 DEBUG   BULK_SNAP_T guest_end 1779214592.036886698
2026-05-20 03:16:34,153 DEBUG   
2026-05-20 03:16:34,153 DEBUG   22020096 bytes (22 MB) copied, 1.102910 s, 20.0 MB/s
2026-05-20 03:16:34,153 DEBUG   45088768 bytes (45 MB) copied, 2.217901 s, 20.3 MB/s
2026-05-20 03:16:34,153 DEBUG   75497472 bytes (75 MB) copied, 3.253049 s, 23.2 MB/s
2026-05-20 03:16:34,153 DEBUG   103809024 bytes (104 MB) copied, 4.258981 s, 24.4 MB/s
2026-05-20 03:16:34,153 DEBUG   136314880 bytes (136 MB) copied, 5.295021 s, 25.7 MB/s
2026-05-20 03:16:34,153 DEBUG   171966464 bytes (172 MB) copied, 6.343882 s, 27.1 MB/s
2026-05-20 03:16:34,153 DEBUG   211812352 bytes (212 MB) copied, 7.345836 s, 28.8 MB/s
2026-05-20 03:16:34,153 DEBUG   253755392 bytes (254 MB) copied, 8.353881 s, 30.4 MB/s
2026-05-20 03:16:34,153 DEBUG   292552704 bytes (293 MB) copied, 9.472786 s, 30.9 MB/s
2026-05-20 03:16:34,153 DEBUG   319815680 bytes (320 MB) copied, 10.493842 s, 30.5 MB/s
2026-05-20 03:16:34,153 DEBUG   358612992 bytes (359 MB) copied, 11.577352 s, 31.0 MB/s
2026-05-20 03:16:34,153 DEBUG   413138944 bytes (413 MB) copied, 12.587776 s, 32.8 MB/s
2026-05-20 03:16:34,153 DEBUG   488636416 bytes (489 MB) copied, 13.588103 s, 36.0 MB/s
2026-05-20 03:16:34,153 DEBUG   500+0 records in
2026-05-20 03:16:34,153 DEBUG   500+0 records out
2026-05-20 03:16:34,153 DEBUG   524288000 bytes (524 MB) copied, 14.1308 s, 37.1 MB/s
2026-05-20 03:16:34,153 DEBUG   OK (disk op exit 0)
2026-05-20 03:16:34,393 DEBUG   BULK_SNAP_T guest_start 1779214578.908120323
2026-05-20 03:16:34,393 DEBUG   BULK_SNAP_T pipeline_start 1779214578.923231092
2026-05-20 03:16:34,393 DEBUG   BULK_SNAP_T pipeline_done 1779214593.229596553
2026-05-20 03:16:34,393 DEBUG   BULK_SNAP_T guest_end 1779214593.231767504
2026-05-20 03:16:34,393 DEBUG   
2026-05-20 03:16:34,393 DEBUG   50331648 bytes (50 MB) copied, 1.007549 s, 50.0 MB/s
2026-05-20 03:16:34,393 DEBUG   82837504 bytes (83 MB) copied, 2.104411 s, 39.4 MB/s
2026-05-20 03:16:34,393 DEBUG   126877696 bytes (127 MB) copied, 3.109250 s, 40.8 MB/s
2026-05-20 03:16:34,393 DEBUG   162529280 bytes (163 MB) copied, 4.143294 s, 39.2 MB/s
2026-05-20 03:16:34,393 DEBUG   193986560 bytes (194 MB) copied, 5.151148 s, 37.7 MB/s
2026-05-20 03:16:34,393 DEBUG   227540992 bytes (228 MB) copied, 6.177355 s, 36.8 MB/s
2026-05-20 03:16:34,393 DEBUG   253755392 bytes (254 MB) copied, 7.208204 s, 35.2 MB/s
2026-05-20 03:16:34,393 DEBUG   291504128 bytes (292 MB) copied, 8.240311 s, 35.4 MB/s
2026-05-20 03:16:34,393 DEBUG   325058560 bytes (325 MB) copied, 9.244156 s, 35.2 MB/s
2026-05-20 03:16:34,393 DEBUG   357564416 bytes (358 MB) copied, 10.251206 s, 34.9 MB/s
2026-05-20 03:16:34,393 DEBUG   390070272 bytes (390 MB) copied, 11.260208 s, 34.6 MB/s
2026-05-20 03:16:34,393 DEBUG   428867584 bytes (429 MB) copied, 12.277217 s, 34.9 MB/s
2026-05-20 03:16:34,393 DEBUG   477102080 bytes (477 MB) copied, 13.280266 s, 35.9 MB/s
2026-05-20 03:16:34,393 DEBUG   500+0 records in
2026-05-20 03:16:34,393 DEBUG   500+0 records out
2026-05-20 03:16:34,393 DEBUG   524288000 bytes (524 MB) copied, 14.0727 s, 37.3 MB/s
2026-05-20 03:16:34,393 DEBUG   OK (disk op exit 0)
2026-05-20 03:16:35,162 DEBUG   BULK_SNAP_T guest_start 1779214579.031282932
2026-05-20 03:16:35,162 DEBUG   BULK_SNAP_T pipeline_start 1779214579.039755711
2026-05-20 03:16:35,162 DEBUG   BULK_SNAP_T pipeline_done 1779214593.382133192
2026-05-20 03:16:35,162 DEBUG   BULK_SNAP_T guest_end 1779214593.384730729
2026-05-20 03:16:35,162 DEBUG   
2026-05-20 03:16:35,162 DEBUG   45088768 bytes (45 MB) copied, 1.036218 s, 43.5 MB/s
2026-05-20 03:16:35,162 DEBUG   63963136 bytes (64 MB) copied, 2.152177 s, 29.7 MB/s
2026-05-20 03:16:35,162 DEBUG   102760448 bytes (103 MB) copied, 3.209224 s, 32.0 MB/s
2026-05-20 03:16:35,162 DEBUG   141557760 bytes (142 MB) copied, 4.252238 s, 33.3 MB/s
2026-05-20 03:16:35,162 DEBUG   169869312 bytes (170 MB) copied, 5.266308 s, 32.3 MB/s
2026-05-20 03:16:35,162 DEBUG   202375168 bytes (202 MB) copied, 6.282300 s, 32.2 MB/s
2026-05-20 03:16:35,162 DEBUG   240123904 bytes (240 MB) copied, 7.351183 s, 32.7 MB/s
2026-05-20 03:16:35,162 DEBUG   269484032 bytes (269 MB) copied, 8.407183 s, 32.1 MB/s
2026-05-20 03:16:35,162 DEBUG   320864256 bytes (321 MB) copied, 9.416219 s, 34.1 MB/s
2026-05-20 03:16:35,162 DEBUG   356515840 bytes (357 MB) copied, 10.486191 s, 34.0 MB/s
2026-05-20 03:16:35,162 DEBUG   398458880 bytes (398 MB) copied, 11.490143 s, 34.7 MB/s
2026-05-20 03:16:35,162 DEBUG   451936256 bytes (452 MB) copied, 12.513236 s, 36.1 MB/s
2026-05-20 03:16:35,162 DEBUG   514850816 bytes (515 MB) copied, 13.538426 s, 38.0 MB/s
2026-05-20 03:16:35,162 DEBUG   500+0 records in
2026-05-20 03:16:35,162 DEBUG   500+0 records out
2026-05-20 03:16:35,162 DEBUG   524288000 bytes (524 MB) copied, 13.6438 s, 38.4 MB/s
2026-05-20 03:16:35,162 DEBUG   OK (disk op exit 0)
2026-05-20 03:16:36,107 DEBUG   BULK_SNAP_T guest_start 1779214583.148301866
2026-05-20 03:16:36,107 DEBUG   BULK_SNAP_T pipeline_start 1779214583.157815510
2026-05-20 03:16:36,107 DEBUG   BULK_SNAP_T pipeline_done 1779214594.493363110
2026-05-20 03:16:36,107 DEBUG   BULK_SNAP_T guest_end 1779214594.592411368
2026-05-20 03:16:36,107 DEBUG   
2026-05-20 03:16:36,107 DEBUG   48234496 bytes (48 MB) copied, 1.212198 s, 39.8 MB/s
2026-05-20 03:16:36,107 DEBUG   79691776 bytes (80 MB) copied, 2.213043 s, 36.0 MB/s
2026-05-20 03:16:36,107 DEBUG   113246208 bytes (113 MB) copied, 3.219012 s, 35.2 MB/s
2026-05-20 03:16:36,107 DEBUG   144703488 bytes (145 MB) copied, 4.231904 s, 34.2 MB/s
2026-05-20 03:16:36,107 DEBUG   180355072 bytes (180 MB) copied, 5.280093 s, 34.2 MB/s
2026-05-20 03:16:36,107 DEBUG   217055232 bytes (217 MB) copied, 6.280942 s, 34.6 MB/s
2026-05-20 03:16:36,107 DEBUG   251658240 bytes (252 MB) copied, 7.281044 s, 34.6 MB/s
2026-05-20 03:16:36,107 DEBUG   293601280 bytes (294 MB) copied, 8.283197 s, 35.4 MB/s
2026-05-20 03:16:36,107 DEBUG   344981504 bytes (345 MB) copied, 9.289225 s, 37.1 MB/s
2026-05-20 03:16:36,107 DEBUG   421527552 bytes (422 MB) copied, 10.310006 s, 40.9 MB/s
2026-05-20 03:16:36,107 DEBUG   500+0 records in
2026-05-20 03:16:36,107 DEBUG   500+0 records out
2026-05-20 03:16:36,107 DEBUG   524288000 bytes (524 MB) copied, 11.278 s, 46.5 MB/s
2026-05-20 03:16:36,107 DEBUG   OK (disk op exit 0)
2026-05-20 03:16:37,658 DEBUG   BULK_SNAP_T guest_start 1779214589.377619196
2026-05-20 03:16:37,658 DEBUG   BULK_SNAP_T pipeline_start 1779214589.382034701
2026-05-20 03:16:37,658 DEBUG   BULK_SNAP_T pipeline_done 1779214596.400840902
2026-05-20 03:16:37,658 DEBUG   BULK_SNAP_T guest_end 1779214596.408063370
2026-05-20 03:16:37,658 DEBUG   
2026-05-20 03:16:37,658 DEBUG   49283072 bytes (49 MB) copied, 1.157728 s, 42.6 MB/s
2026-05-20 03:16:37,658 DEBUG   82837504 bytes (83 MB) copied, 2.245188 s, 36.9 MB/s
2026-05-20 03:16:37,658 DEBUG   137363456 bytes (137 MB) copied, 3.255415 s, 42.2 MB/s
2026-05-20 03:16:37,658 DEBUG   208666624 bytes (209 MB) copied, 4.256278 s, 49.0 MB/s
2026-05-20 03:16:37,658 DEBUG   304087040 bytes (304 MB) copied, 5.266172 s, 57.7 MB/s
2026-05-20 03:16:37,658 DEBUG   432013312 bytes (432 MB) copied, 6.273190 s, 68.9 MB/s
2026-05-20 03:16:37,658 DEBUG   500+0 records in
2026-05-20 03:16:37,658 DEBUG   500+0 records out
2026-05-20 03:16:37,658 DEBUG   524288000 bytes (524 MB) copied, 6.91535 s, 75.8 MB/s
2026-05-20 03:16:37,658 DEBUG   OK (disk op exit 0)
2026-05-20 03:16:39,396 DEBUG   BULK_SNAP_T guest_start 1779214591.192904275
2026-05-20 03:16:39,396 DEBUG   BULK_SNAP_T pipeline_start 1779214591.199389207
2026-05-20 03:16:39,396 DEBUG   BULK_SNAP_T pipeline_done 1779214597.989042031
2026-05-20 03:16:39,396 DEBUG   BULK_SNAP_T guest_end 1779214597.990775864
2026-05-20 03:16:39,396 DEBUG   
2026-05-20 03:16:39,396 DEBUG   50331648 bytes (50 MB) copied, 1.005737 s, 50.0 MB/s
2026-05-20 03:16:39,397 DEBUG   90177536 bytes (90 MB) copied, 2.021607 s, 44.6 MB/s
2026-05-20 03:16:39,397 DEBUG   161480704 bytes (161 MB) copied, 3.078634 s, 52.5 MB/s
2026-05-20 03:16:39,397 DEBUG   230686720 bytes (231 MB) copied, 4.108894 s, 56.1 MB/s
2026-05-20 03:16:39,397 DEBUG   297795584 bytes (298 MB) copied, 5.113666 s, 58.2 MB/s
2026-05-20 03:16:39,397 DEBUG   425721856 bytes (426 MB) copied, 6.114667 s, 69.6 MB/s
2026-05-20 03:16:39,397 DEBUG   500+0 records in
2026-05-20 03:16:39,397 DEBUG   500+0 records out
2026-05-20 03:16:39,397 DEBUG   524288000 bytes (524 MB) copied, 6.75166 s, 77.7 MB/s
2026-05-20 03:16:39,397 DEBUG   OK (disk op exit 0)
2026-05-20 03:16:39,398 INFO Cluster 'auto_cluster_prod_nagaraj_bv_36802bb644a4' finished: processed 154 VM(s) in this shard. 1 cluster shard(s) left.
2026-05-20 03:16:53,342 DEBUG   ssh: connect to host 10.114.120.244 port 22: Connection timed out
2026-05-20 03:16:53,342 ERROR Guest disk op failed ec=255 vm=ahv_ins_delete-0-260518-181054 ip=10.114.120.244 — ssh: connect to host 10.114.120.244 port 22: Connection timed out
2026-05-20 03:16:53,342 WARNING Guest disk op wall 30.3s (vm='ahv_ins_delete-0-260518-181054' ip=10.114.120.244 op=update ec=255) — includes SSH + guest disk command; if still high, check guest disk throughput vs. MiB settings.
2026-05-20 03:16:53,342 DEBUG [83/1171] VM 2e524b3d… (ahv_ins_delete-0-260518-182008) via 10.114.113.117 op=update
2026-05-20 03:16:53,342 DEBUG   remote: bash -lc 'set -e; _bs(){ printf '"'"'BULK_SNAP_T %s %s\n'"'"' "$1" "$(date +%s.%N 2>/dev/null || date +%s)"; }; _bs guest_start; _bs pipeline_start; openssl enc -aes-256-ctr -pass pass:"testing" -nosalt < /dev/zero 2>/dev/null | dd of=/root/dummy_snapshot_data_1.img bs=1M count=500 iflag=fullblock conv=notrunc status=progress; ec=$?; _bs pipeline_done; _bs guest_end; exit $ec'
2026-05-20 03:16:53,560 DEBUG   ssh: connect to host 10.114.120.246 port 22: Connection timed out
2026-05-20 03:16:53,561 ERROR Guest disk op failed ec=255 vm=ahv_ins_delete-0-260518-181133 ip=10.114.120.246 — ssh: connect to host 10.114.120.246 port 22: Connection timed out
2026-05-20 03:16:53,561 WARNING Guest disk op wall 30.3s (vm='ahv_ins_delete-0-260518-181133' ip=10.114.120.246 op=update ec=255) — includes SSH + guest disk command; if still high, check guest disk throughput vs. MiB settings.
2026-05-20 03:16:53,561 DEBUG [84/1171] VM 9e2ed14c… (ahv_ins_delete-0-260518-182134) via 10.114.120.251 op=update
2026-05-20 03:16:53,561 DEBUG   remote: bash -lc 'set -e; _bs(){ printf '"'"'BULK_SNAP_T %s %s\n'"'"' "$1" "$(date +%s.%N 2>/dev/null || date +%s)"; }; _bs guest_start; _bs pipeline_start; openssl enc -aes-256-ctr -pass pass:"testing" -nosalt < /dev/zero 2>/dev/null | dd of=/root/dummy_snapshot_data_1.img bs=1M count=500 iflag=fullblock conv=notrunc status=progress; ec=$?; _bs pipeline_done; _bs guest_end; exit $ec'
2026-05-20 03:16:53,590 DEBUG   ssh: connect to host 10.114.120.253 port 22: Connection timed out
2026-05-20 03:16:53,591 ERROR Guest disk op failed ec=255 vm=ahv_ins_delete-0-260518-181532 ip=10.114.120.253 — ssh: connect to host 10.114.120.253 port 22: Connection timed out
2026-05-20 03:16:53,591 WARNING Guest disk op wall 30.0s (vm='ahv_ins_delete-0-260518-181532' ip=10.114.120.253 op=update ec=255) — includes SSH + guest disk command; if still high, check guest disk throughput vs. MiB settings.
2026-05-20 03:16:53,591 DEBUG [85/1171] VM 27d0f4e9… (ahv_ins_delete-0-260518-182246) via 10.114.120.250 op=update
2026-05-20 03:16:53,592 DEBUG   remote: bash -lc 'set -e; _bs(){ printf '"'"'BULK_SNAP_T %s %s\n'"'"' "$1" "$(date +%s.%N 2>/dev/null || date +%s)"; }; _bs guest_start; _bs pipeline_start; openssl enc -aes-256-ctr -pass pass:"testing" -nosalt < /dev/zero 2>/dev/null | dd of=/root/dummy_snapshot_data_1.img bs=1M count=500 iflag=fullblock conv=notrunc status=progress; ec=$?; _bs pipeline_done; _bs guest_end; exit $ec'
2026-05-20 03:16:53,828 DEBUG   ssh: connect to host 10.114.113.142 port 22: Connection timed out
2026-05-20 03:16:53,828 ERROR Guest disk op failed ec=255 vm=ahv_ins_delete-0-260518-181302 ip=10.114.113.142 — ssh: connect to host 10.114.113.142 port 22: Connection timed out
2026-05-20 03:16:53,829 WARNING Guest disk op wall 30.3s (vm='ahv_ins_delete-0-260518-181302' ip=10.114.113.142 op=update ec=255) — includes SSH + guest disk command; if still high, check guest disk throughput vs. MiB settings.
2026-05-20 03:16:53,829 DEBUG [86/1171] VM 4f4d8221… (ahv_ins_delete-0-260518-182310) via 10.114.118.24 op=update
2026-05-20 03:16:53,829 DEBUG   remote: bash -lc 'set -e; _bs(){ printf '"'"'BULK_SNAP_T %s %s\n'"'"' "$1" "$(date +%s.%N 2>/dev/null || date +%s)"; }; _bs guest_start; _bs pipeline_start; openssl enc -aes-256-ctr -pass pass:"testing" -nosalt < /dev/zero 2>/dev/null | dd of=/root/dummy_snapshot_data_1.img bs=1M count=500 iflag=fullblock conv=notrunc status=progress; ec=$?; _bs pipeline_done; _bs guest_end; exit $ec'
2026-05-20 03:16:53,832 DEBUG   ssh: connect to host 10.114.120.243 port 22: Connection timed out
2026-05-20 03:16:53,832 ERROR Guest disk op failed ec=255 vm=ahv_ins_delete-0-260518-181320 ip=10.114.120.243 — ssh: connect to host 10.114.120.243 port 22: Connection timed out
2026-05-20 03:16:53,833 WARNING Guest disk op wall 30.3s (vm='ahv_ins_delete-0-260518-181320' ip=10.114.120.243 op=update ec=255) — includes SSH + guest disk command; if still high, check guest disk throughput vs. MiB settings.
2026-05-20 03:16:53,833 DEBUG [87/1171] VM 0396436b… (ahv_ins_delete-0-260518-182340) via 10.114.113.113 op=update
2026-05-20 03:16:53,834 DEBUG   ssh: connect to host 10.114.113.137 port 22: Connection timed out
2026-05-20 03:16:53,834 DEBUG   remote: bash -lc 'set -e; _bs(){ printf '"'"'BULK_SNAP_T %s %s\n'"'"' "$1" "$(date +%s.%N 2>/dev/null || date +%s)"; }; _bs guest_start; _bs pipeline_start; openssl enc -aes-256-ctr -pass pass:"testing" -nosalt < /dev/zero 2>/dev/null | dd of=/root/dummy_snapshot_data_1.img bs=1M count=500 iflag=fullblock conv=notrunc status=progress; ec=$?; _bs pipeline_done; _bs guest_end; exit $ec'
2026-05-20 03:16:53,834 ERROR Guest disk op failed ec=255 vm=ahv_ins_delete-0-260518-181356 ip=10.114.113.137 — ssh: connect to host 10.114.113.137 port 22: Connection timed out
2026-05-20 03:16:53,834 WARNING Guest disk op wall 30.3s (vm='ahv_ins_delete-0-260518-181356' ip=10.114.113.137 op=update ec=255) — includes SSH + guest disk command; if still high, check guest disk throughput vs. MiB settings.
2026-05-20 03:16:53,834 DEBUG [88/1171] VM 9b7a34d0… (ahv_ins_delete-0-260518-182501) via 10.114.120.228 op=update
2026-05-20 03:16:53,835 DEBUG   remote: bash -lc 'set -e; _bs(){ printf '"'"'BULK_SNAP_T %s %s\n'"'"' "$1" "$(date +%s.%N 2>/dev/null || date +%s)"; }; _bs guest_start; _bs pipeline_start; openssl enc -aes-256-ctr -pass pass:"testing" -nosalt < /dev/zero 2>/dev/null | dd of=/root/dummy_snapshot_data_1.img bs=1M count=500 iflag=fullblock conv=notrunc status=progress; ec=$?; _bs pipeline_done; _bs guest_end; exit $ec'
2026-05-20 03:16:53,839 DEBUG   ssh: connect to host 10.114.113.136 port 22: Connection timed out
2026-05-20 03:16:53,840 ERROR Guest disk op failed ec=255 vm=ahv_ins_delete-0-260518-181616 ip=10.114.113.136 — ssh: connect to host 10.114.113.136 port 22: Connection timed out
2026-05-20 03:16:53,840 WARNING Guest disk op wall 30.0s (vm='ahv_ins_delete-0-260518-181616' ip=10.114.113.136 op=update ec=255) — includes SSH + guest disk command; if still high, check guest disk throughput vs. MiB settings.
2026-05-20 03:16:53,841 DEBUG [89/1171] VM 32137199… (ahv_ins_delete-0-260518-182635) via 10.114.113.112 op=update
2026-05-20 03:16:53,841 DEBUG   remote: bash -lc 'set -e; _bs(){ printf '"'"'BULK_SNAP_T %s %s\n'"'"' "$1" "$(date +%s.%N 2>/dev/null || date +%s)"; }; _bs guest_start; _bs pipeline_start; openssl enc -aes-256-ctr -pass pass:"testing" -nosalt < /dev/zero 2>/dev/null | dd of=/root/dummy_snapshot_data_1.img bs=1M count=500 iflag=fullblock conv=notrunc status=progress; ec=$?; _bs pipeline_done; _bs guest_end; exit $ec'
2026-05-20 03:16:54,094 DEBUG   ssh: connect to host 10.114.113.112 port 22: Connection reset by peer
2026-05-20 03:16:54,095 ERROR Guest disk op failed ec=255 vm=ahv_ins_delete-0-260518-182635 ip=10.114.113.112 — ssh: connect to host 10.114.113.112 port 22: Connection reset by peer
2026-05-20 03:16:54,095 DEBUG [90/1171] VM ccccd230… (ahv_ins_delete-0-260518-182741) via 10.114.113.115 op=update
2026-05-20 03:16:54,095 DEBUG   remote: bash -lc 'set -e; _bs(){ printf '"'"'BULK_SNAP_T %s %s\n'"'"' "$1" "$(date +%s.%N 2>/dev/null || date +%s)"; }; _bs guest_start; _bs pipeline_start; openssl enc -aes-256-ctr -pass pass:"testing" -nosalt < /dev/zero 2>/dev/null | dd of=/root/dummy_snapshot_data_1.img bs=1M count=500 iflag=fullblock conv=notrunc status=progress; ec=$?; _bs pipeline_done; _bs guest_end; exit $ec'
2026-05-20 03:16:54,099 DEBUG   ssh: connect to host 10.114.120.255 port 22: Connection timed out
2026-05-20 03:16:54,099 ERROR Guest disk op failed ec=255 vm=ahv_ins_delete-0-260518-181758 ip=10.114.120.255 — ssh: connect to host 10.114.120.255 port 22: Connection timed out
2026-05-20 03:16:54,099 WARNING Guest disk op wall 30.3s (vm='ahv_ins_delete-0-260518-181758' ip=10.114.120.255 op=update ec=255) — includes SSH + guest disk command; if still high, check guest disk throughput vs. MiB settings.
2026-05-20 03:16:54,100 DEBUG [91/1171] VM 613ff783… (ahv_ins_delete-0-260518-182827) via 10.114.120.224 op=update
2026-05-20 03:16:54,100 DEBUG   remote: bash -lc 'set -e; _bs(){ printf '"'"'BULK_SNAP_T %s %s\n'"'"' "$1" "$(date +%s.%N 2>/dev/null || date +%s)"; }; _bs guest_start; _bs pipeline_start; openssl enc -aes-256-ctr -pass pass:"testing" -nosalt < /dev/zero 2>/dev/null | dd of=/root/dummy_snapshot_data_1.img bs=1M count=500 iflag=fullblock conv=notrunc status=progress; ec=$?; _bs pipeline_done; _bs guest_end; exit $ec'
2026-05-20 03:16:54,100 DEBUG   ssh: connect to host 10.114.120.254 port 22: Connection timed out
2026-05-20 03:16:54,100 ERROR Guest disk op failed ec=255 vm=ahv_ins_delete-0-260518-181817 ip=10.114.120.254 — ssh: connect to host 10.114.120.254 port 22: Connection timed out
2026-05-20 03:16:54,100 WARNING Guest disk op wall 30.3s (vm='ahv_ins_delete-0-260518-181817' ip=10.114.120.254 op=update ec=255) — includes SSH + guest disk command; if still high, check guest disk throughput vs. MiB settings.
2026-05-20 03:16:54,100 DEBUG [92/1171] VM 91cc6dd1… (ahv_ins_delete-0-260518-182842) via 10.114.120.227 op=update
2026-05-20 03:16:54,101 DEBUG   remote: bash -lc 'set -e; _bs(){ printf '"'"'BULK_SNAP_T %s %s\n'"'"' "$1" "$(date +%s.%N 2>/dev/null || date +%s)"; }; _bs guest_start; _bs pipeline_start; openssl enc -aes-256-ctr -pass pass:"testing" -nosalt < /dev/zero 2>/dev/null | dd of=/root/dummy_snapshot_data_1.img bs=1M count=500 iflag=fullblock conv=notrunc status=progress; ec=$?; _bs pipeline_done; _bs guest_end; exit $ec'
2026-05-20 03:16:54,317 DEBUG   ssh: connect to host 10.114.113.138 port 22: Connection timed out
2026-05-20 03:16:54,318 ERROR Guest disk op failed ec=255 vm=ahv_ins_delete-0-260518-181853 ip=10.114.113.138 — ssh: connect to host 10.114.113.138 port 22: Connection timed out
2026-05-20 03:16:54,318 WARNING Guest disk op wall 30.3s (vm='ahv_ins_delete-0-260518-181853' ip=10.114.113.138 op=update ec=255) — includes SSH + guest disk command; if still high, check guest disk throughput vs. MiB settings.
2026-05-20 03:16:54,318 DEBUG [93/1171] VM d336c036… (ahv_ins_delete-0-260518-183034) via 10.114.120.226 op=update
2026-05-20 03:16:54,318 DEBUG   remote: bash -lc 'set -e; _bs(){ printf '"'"'BULK_SNAP_T %s %s\n'"'"' "$1" "$(date +%s.%N 2>/dev/null || date +%s)"; }; _bs guest_start; _bs pipeline_start; openssl enc -aes-256-ctr -pass pass:"testing" -nosalt < /dev/zero 2>/dev/null | dd of=/root/dummy_snapshot_data_1.img bs=1M count=500 iflag=fullblock conv=notrunc status=progress; ec=$?; _bs pipeline_done; _bs guest_end; exit $ec'
2026-05-20 03:17:23,607 DEBUG   ssh: connect to host 10.114.120.250 port 22: Connection timed out
2026-05-20 03:17:23,607 ERROR Guest disk op failed ec=255 vm=ahv_ins_delete-0-260518-182246 ip=10.114.120.250 — ssh: connect to host 10.114.120.250 port 22: Connection timed out
2026-05-20 03:17:23,607 WARNING Guest disk op wall 30.0s (vm='ahv_ins_delete-0-260518-182246' ip=10.114.120.250 op=update ec=255) — includes SSH + guest disk command; if still high, check guest disk throughput vs. MiB settings.
2026-05-20 03:17:23,608 DEBUG [94/1171] VM 101b2e84… (ahv_ins_delete-0-260518-183129) via 10.114.113.125 op=update
2026-05-20 03:17:23,608 DEBUG   remote: bash -lc 'set -e; _bs(){ printf '"'"'BULK_SNAP_T %s %s\n'"'"' "$1" "$(date +%s.%N 2>/dev/null || date +%s)"; }; _bs guest_start; _bs pipeline_start; openssl enc -aes-256-ctr -pass pass:"testing" -nosalt < /dev/zero 2>/dev/null | dd of=/root/dummy_snapshot_data_1.img bs=1M count=500 iflag=fullblock conv=notrunc status=progress; ec=$?; _bs pipeline_done; _bs guest_end; exit $ec'
2026-05-20 03:17:23,611 DEBUG   ssh: connect to host 10.114.113.117 port 22: Connection timed out
2026-05-20 03:17:23,611 ERROR Guest disk op failed ec=255 vm=ahv_ins_delete-0-260518-182008 ip=10.114.113.117 — ssh: connect to host 10.114.113.117 port 22: Connection timed out
2026-05-20 03:17:23,611 WARNING Guest disk op wall 30.3s (vm='ahv_ins_delete-0-260518-182008' ip=10.114.113.117 op=update ec=255) — includes SSH + guest disk command; if still high, check guest disk throughput vs. MiB settings.
2026-05-20 03:17:23,612 DEBUG [95/1171] VM 861bc12c… (ahv_ins_delete-0-260518-183343) via 10.114.120.237 op=update
2026-05-20 03:17:23,612 DEBUG   remote: bash -lc 'set -e; _bs(){ printf '"'"'BULK_SNAP_T %s %s\n'"'"' "$1" "$(date +%s.%N 2>/dev/null || date +%s)"; }; _bs guest_start; _bs pipeline_start; openssl enc -aes-256-ctr -pass pass:"testing" -nosalt < /dev/zero 2>/dev/null | dd of=/root/dummy_snapshot_data_1.img bs=1M count=500 iflag=fullblock conv=notrunc status=progress; ec=$?; _bs pipeline_done; _bs guest_end; exit $ec'
2026-05-20 03:17:23,829 DEBUG   ssh: connect to host 10.114.120.251 port 22: Connection timed out
2026-05-20 03:17:23,830 ERROR Guest disk op failed ec=255 vm=ahv_ins_delete-0-260518-182134 ip=10.114.120.251 — ssh: connect to host 10.114.120.251 port 22: Connection timed out
2026-05-20 03:17:23,830 WARNING Guest disk op wall 30.3s (vm='ahv_ins_delete-0-260518-182134' ip=10.114.120.251 op=update ec=255) — includes SSH + guest disk command; if still high, check guest disk throughput vs. MiB settings.
2026-05-20 03:17:23,830 DEBUG [96/1171] VM 0a2e1d02… (ahv_ins_delete-0-260518-183452) via 10.114.113.127 op=update
2026-05-20 03:17:23,831 DEBUG   remote: bash -lc 'set -e; _bs(){ printf '"'"'BULK_SNAP_T %s %s\n'"'"' "$1" "$(date +%s.%N 2>/dev/null || date +%s)"; }; _bs guest_start; _bs pipeline_start; openssl enc -aes-256-ctr -pass pass:"testing" -nosalt < /dev/zero 2>/dev/null | dd of=/root/dummy_snapshot_data_1.img bs=1M count=500 iflag=fullblock conv=notrunc status=progress; ec=$?; _bs pipeline_done; _bs guest_end; exit $ec'
2026-05-20 03:17:23,866 DEBUG   ssh: connect to host 10.114.120.237 port 22: Connection reset by peer
2026-05-20 03:17:23,866 ERROR Guest disk op failed ec=255 vm=ahv_ins_delete-0-260518-183343 ip=10.114.120.237 — ssh: connect to host 10.114.120.237 port 22: Connection reset by peer
2026-05-20 03:17:23,867 DEBUG [97/1171] VM 849ab911… (ahv_ins_delete-0-260518-183506) via 10.114.120.236 op=update
2026-05-20 03:17:23,867 DEBUG   remote: bash -lc 'set -e; _bs(){ printf '"'"'BULK_SNAP_T %s %s\n'"'"' "$1" "$(date +%s.%N 2>/dev/null || date +%s)"; }; _bs guest_start; _bs pipeline_start; openssl enc -aes-256-ctr -pass pass:"testing" -nosalt < /dev/zero 2>/dev/null | dd of=/root/dummy_snapshot_data_1.img bs=1M count=500 iflag=fullblock conv=notrunc status=progress; ec=$?; _bs pipeline_done; _bs guest_end; exit $ec'
2026-05-20 03:17:24,098 DEBUG   ssh: connect to host 10.114.118.24 port 22: Connection timed out
2026-05-20 03:17:24,099 ERROR Guest disk op failed ec=255 vm=ahv_ins_delete-0-260518-182310 ip=10.114.118.24 — ssh: connect to host 10.114.118.24 port 22: Connection timed out
2026-05-20 03:17:24,099 WARNING Guest disk op wall 30.3s (vm='ahv_ins_delete-0-260518-182310' ip=10.114.118.24 op=update ec=255) — includes SSH + guest disk command; if still high, check guest disk throughput vs. MiB settings.
2026-05-20 03:17:24,099 DEBUG [98/1171] VM 04421a1c… (ahv_ins_delete-0-260518-183532) via 10.114.120.239 op=update
2026-05-20 03:17:24,100 DEBUG   remote: bash -lc 'set -e; _bs(){ printf '"'"'BULK_SNAP_T %s %s\n'"'"' "$1" "$(date +%s.%N 2>/dev/null || date +%s)"; }; _bs guest_start; _bs pipeline_start; openssl enc -aes-256-ctr -pass pass:"testing" -nosalt < /dev/zero 2>/dev/null | dd of=/root/dummy_snapshot_data_1.img bs=1M count=500 iflag=fullblock conv=notrunc status=progress; ec=$?; _bs pipeline_done; _bs guest_end; exit $ec'
2026-05-20 03:17:24,102 DEBUG   ssh: connect to host 10.114.113.113 port 22: Connection timed out
2026-05-20 03:17:24,103 ERROR Guest disk op failed ec=255 vm=ahv_ins_delete-0-260518-182340 ip=10.114.113.113 — ssh: connect to host 10.114.113.113 port 22: Connection timed out
2026-05-20 03:17:24,103 WARNING Guest disk op wall 30.3s (vm='ahv_ins_delete-0-260518-182340' ip=10.114.113.113 op=update ec=255) — includes SSH + guest disk command; if still high, check guest disk throughput vs. MiB settings.
2026-05-20 03:17:24,104 DEBUG [99/1171] VM a37d9af4… (ahv_ins_delete-0-260518-183619) via 10.114.120.233 op=update
2026-05-20 03:17:24,104 DEBUG   remote: bash -lc 'set -e; _bs(){ printf '"'"'BULK_SNAP_T %s %s\n'"'"' "$1" "$(date +%s.%N 2>/dev/null || date +%s)"; }; _bs guest_start; _bs pipeline_start; openssl enc -aes-256-ctr -pass pass:"testing" -nosalt < /dev/zero 2>/dev/null | dd of=/root/dummy_snapshot_data_1.img bs=1M count=500 iflag=fullblock conv=notrunc status=progress; ec=$?; _bs pipeline_done; _bs guest_end; exit $ec'
2026-05-20 03:17:24,106 DEBUG   ssh: connect to host 10.114.120.228 port 22: Connection timed out
2026-05-20 03:17:24,106 ERROR Guest disk op failed ec=255 vm=ahv_ins_delete-0-260518-182501 ip=10.114.120.228 — ssh: connect to host 10.114.120.228 port 22: Connection timed out
2026-05-20 03:17:24,106 WARNING Guest disk op wall 30.3s (vm='ahv_ins_delete-0-260518-182501' ip=10.114.120.228 op=update ec=255) — includes SSH + guest disk command; if still high, check guest disk throughput vs. MiB settings.
2026-05-20 03:17:24,107 DEBUG [100/1171] VM 0e7b5d72… (ahv_ins_delete-0-260518-183827) via 10.114.113.121 op=update
2026-05-20 03:17:24,107 DEBUG   remote: bash -lc 'set -e; _bs(){ printf '"'"'BULK_SNAP_T %s %s\n'"'"' "$1" "$(date +%s.%N 2>/dev/null || date +%s)"; }; _bs guest_start; _bs pipeline_start; openssl enc -aes-256-ctr -pass pass:"testing" -nosalt < /dev/zero 2>/dev/null | dd of=/root/dummy_snapshot_data_1.img bs=1M count=500 iflag=fullblock conv=notrunc status=progress; ec=$?; _bs pipeline_done; _bs guest_end; exit $ec'
2026-05-20 03:17:24,361 DEBUG   ssh: connect to host 10.114.113.115 port 22: Connection timed out
2026-05-20 03:17:24,361 ERROR Guest disk op failed ec=255 vm=ahv_ins_delete-0-260518-182741 ip=10.114.113.115 — ssh: connect to host 10.114.113.115 port 22: Connection timed out
2026-05-20 03:17:24,361 WARNING Guest disk op wall 30.3s (vm='ahv_ins_delete-0-260518-182741' ip=10.114.113.115 op=update ec=255) — includes SSH + guest disk command; if still high, check guest disk throughput vs. MiB settings.
2026-05-20 03:17:24,362 DEBUG [101/1171] VM c7fc6a14… (ahv_ins_delete-0-260518-183952) via 10.114.120.235 op=update
2026-05-20 03:17:24,362 DEBUG   remote: bash -lc 'set -e; _bs(){ printf '"'"'BULK_SNAP_T %s %s\n'"'"' "$1" "$(date +%s.%N 2>/dev/null || date +%s)"; }; _bs guest_start; _bs pipeline_start; openssl enc -aes-256-ctr -pass pass:"testing" -nosalt < /dev/zero 2>/dev/null | dd of=/root/dummy_snapshot_data_1.img bs=1M count=500 iflag=fullblock conv=notrunc status=progress; ec=$?; _bs pipeline_done; _bs guest_end; exit $ec'
2026-05-20 03:17:24,365 DEBUG   ssh: connect to host 10.114.120.227 port 22: Connection timed out
2026-05-20 03:17:24,366 ERROR Guest disk op failed ec=255 vm=ahv_ins_delete-0-260518-182842 ip=10.114.120.227 — ssh: connect to host 10.114.120.227 port 22: Connection timed out
2026-05-20 03:17:24,366 WARNING Guest disk op wall 30.3s (vm='ahv_ins_delete-0-260518-182842' ip=10.114.120.227 op=update ec=255) — includes SSH + guest disk command; if still high, check guest disk throughput vs. MiB settings.
2026-05-20 03:17:24,366 DEBUG [102/1171] VM 11362810… (ahv_ins_delete-0-260518-183957) via 10.114.120.234 op=update
2026-05-20 03:17:24,366 DEBUG   remote: bash -lc 'set -e; _bs(){ printf '"'"'BULK_SNAP_T %s %s\n'"'"' "$1" "$(date +%s.%N 2>/dev/null || date +%s)"; }; _bs guest_start; _bs pipeline_start; openssl enc -aes-256-ctr -pass pass:"testing" -nosalt < /dev/zero 2>/dev/null | dd of=/root/dummy_snapshot_data_1.img bs=1M count=500 iflag=fullblock conv=notrunc status=progress; ec=$?; _bs pipeline_done; _bs guest_end; exit $ec'
2026-05-20 03:17:24,368 DEBUG   ssh: connect to host 10.114.120.224 port 22: Connection timed out
2026-05-20 03:17:24,369 ERROR Guest disk op failed ec=255 vm=ahv_ins_delete-0-260518-182827 ip=10.114.120.224 — ssh: connect to host 10.114.120.224 port 22: Connection timed out
2026-05-20 03:17:24,369 WARNING Guest disk op wall 30.3s (vm='ahv_ins_delete-0-260518-182827' ip=10.114.120.224 op=update ec=255) — includes SSH + guest disk command; if still high, check guest disk throughput vs. MiB settings.
2026-05-20 03:17:24,369 DEBUG [103/1171] VM 48b20b34… (ahv_ins_delete-0-260518-184040) via 10.114.113.101 op=update
2026-05-20 03:17:24,370 DEBUG   remote: bash -lc 'set -e; _bs(){ printf '"'"'BULK_SNAP_T %s %s\n'"'"' "$1" "$(date +%s.%N 2>/dev/null || date +%s)"; }; _bs guest_start; _bs pipeline_start; openssl enc -aes-256-ctr -pass pass:"testing" -nosalt < /dev/zero 2>/dev/null | dd of=/root/dummy_snapshot_data_1.img bs=1M count=500 iflag=fullblock conv=notrunc status=progress; ec=$?; _bs pipeline_done; _bs guest_end; exit $ec'
2026-05-20 03:17:24,588 DEBUG   ssh: connect to host 10.114.120.226 port 22: Connection timed out
2026-05-20 03:17:24,589 ERROR Guest disk op failed ec=255 vm=ahv_ins_delete-0-260518-183034 ip=10.114.120.226 — ssh: connect to host 10.114.120.226 port 22: Connection timed out
2026-05-20 03:17:24,589 WARNING Guest disk op wall 30.3s (vm='ahv_ins_delete-0-260518-183034' ip=10.114.120.226 op=update ec=255) — includes SSH + guest disk command; if still high, check guest disk throughput vs. MiB settings.
2026-05-20 03:17:24,590 DEBUG [104/1171] VM 37732c95… (ahv_ins_delete-0-260518-184113) via 10.114.113.100 op=update
2026-05-20 03:17:24,590 DEBUG   remote: bash -lc 'set -e; _bs(){ printf '"'"'BULK_SNAP_T %s %s\n'"'"' "$1" "$(date +%s.%N 2>/dev/null || date +%s)"; }; _bs guest_start; _bs pipeline_start; openssl enc -aes-256-ctr -pass pass:"testing" -nosalt < /dev/zero 2>/dev/null | dd of=/root/dummy_snapshot_data_1.img bs=1M count=500 iflag=fullblock conv=notrunc status=progress; ec=$?; _bs pipeline_done; _bs guest_end; exit $ec'
2026-05-20 03:17:24,617 DEBUG   ssh: connect to host 10.114.120.235 port 22: Connection reset by peer
2026-05-20 03:17:24,617 ERROR Guest disk op failed ec=255 vm=ahv_ins_delete-0-260518-183952 ip=10.114.120.235 — ssh: connect to host 10.114.120.235 port 22: Connection reset by peer
2026-05-20 03:17:24,618 DEBUG [105/1171] VM 12f6afcd… (ahv_ins_delete-0-260518-184304) via 10.114.113.103 op=update
2026-05-20 03:17:24,618 DEBUG   remote: bash -lc 'set -e; _bs(){ printf '"'"'BULK_SNAP_T %s %s\n'"'"' "$1" "$(date +%s.%N 2>/dev/null || date +%s)"; }; _bs guest_start; _bs pipeline_start; openssl enc -aes-256-ctr -pass pass:"testing" -nosalt < /dev/zero 2>/dev/null | dd of=/root/dummy_snapshot_data_1.img bs=1M count=500 iflag=fullblock conv=notrunc status=progress; ec=$?; _bs pipeline_done; _bs guest_end; exit $ec'
2026-05-20 03:17:53,873 DEBUG   ssh: connect to host 10.114.113.125 port 22: Connection timed out
2026-05-20 03:17:53,874 ERROR Guest disk op failed ec=255 vm=ahv_ins_delete-0-260518-183129 ip=10.114.113.125 — ssh: connect to host 10.114.113.125 port 22: Connection timed out
2026-05-20 03:17:53,874 WARNING Guest disk op wall 30.3s (vm='ahv_ins_delete-0-260518-183129' ip=10.114.113.125 op=update ec=255) — includes SSH + guest disk command; if still high, check guest disk throughput vs. MiB settings.
2026-05-20 03:17:53,874 DEBUG [106/1171] VM f70e9382… (ahv_ins_delete-0-260518-184451) via 10.114.120.214 op=update
2026-05-20 03:17:53,874 DEBUG   remote: bash -lc 'set -e; _bs(){ printf '"'"'BULK_SNAP_T %s %s\n'"'"' "$1" "$(date +%s.%N 2>/dev/null || date +%s)"; }; _bs guest_start; _bs pipeline_start; openssl enc -aes-256-ctr -pass pass:"testing" -nosalt < /dev/zero 2>/dev/null | dd of=/root/dummy_snapshot_data_1.img bs=1M count=500 iflag=fullblock conv=notrunc status=progress; ec=$?; _bs pipeline_done; _bs guest_end; exit $ec'
2026-05-20 03:17:54,098 DEBUG   ssh: connect to host 10.114.113.127 port 22: Connection timed out
2026-05-20 03:17:54,098 ERROR Guest disk op failed ec=255 vm=ahv_ins_delete-0-260518-183452 ip=10.114.113.127 — ssh: connect to host 10.114.113.127 port 22: Connection timed out
2026-05-20 03:17:54,099 WARNING Guest disk op wall 30.3s (vm='ahv_ins_delete-0-260518-183452' ip=10.114.113.127 op=update ec=255) — includes SSH + guest disk command; if still high, check guest disk throughput vs. MiB settings.
2026-05-20 03:17:54,099 DEBUG [107/1171] VM 4b4bda27… (ahv_ins_delete-0-260518-184509) via 10.114.113.97 op=update
2026-05-20 03:17:54,099 DEBUG   remote: bash -lc 'set -e; _bs(){ printf '"'"'BULK_SNAP_T %s %s\n'"'"' "$1" "$(date +%s.%N 2>/dev/null || date +%s)"; }; _bs guest_start; _bs pipeline_start; openssl enc -aes-256-ctr -pass pass:"testing" -nosalt < /dev/zero 2>/dev/null | dd of=/root/dummy_snapshot_data_1.img bs=1M count=500 iflag=fullblock conv=notrunc status=progress; ec=$?; _bs pipeline_done; _bs guest_end; exit $ec'
2026-05-20 03:17:54,133 DEBUG   ssh: connect to host 10.114.120.236 port 22: Connection timed out
2026-05-20 03:17:54,133 ERROR Guest disk op failed ec=255 vm=ahv_ins_delete-0-260518-183506 ip=10.114.120.236 — ssh: connect to host 10.114.120.236 port 22: Connection timed out
2026-05-20 03:17:54,133 WARNING Guest disk op wall 30.3s (vm='ahv_ins_delete-0-260518-183506' ip=10.114.120.236 op=update ec=255) — includes SSH + guest disk command; if still high, check guest disk throughput vs. MiB settings.
2026-05-20 03:17:54,133 DEBUG [108/1171] VM cda346ae… (ahv_ins_delete-0-260518-184545) via 10.114.120.208 op=update
2026-05-20 03:17:54,134 DEBUG   remote: bash -lc 'set -e; _bs(){ printf '"'"'BULK_SNAP_T %s %s\n'"'"' "$1" "$(date +%s.%N 2>/dev/null || date +%s)"; }; _bs guest_start; _bs pipeline_start; openssl enc -aes-256-ctr -pass pass:"testing" -nosalt < /dev/zero 2>/dev/null | dd of=/root/dummy_snapshot_data_1.img bs=1M count=500 iflag=fullblock conv=notrunc status=progress; ec=$?; _bs pipeline_done; _bs guest_end; exit $ec'
2026-05-20 03:17:54,368 DEBUG   ssh: connect to host 10.114.120.239 port 22: Connection timed out
2026-05-20 03:17:54,368 ERROR Guest disk op failed ec=255 vm=ahv_ins_delete-0-260518-183532 ip=10.114.120.239 — ssh: connect to host 10.114.120.239 port 22: Connection timed out
2026-05-20 03:17:54,368 WARNING Guest disk op wall 30.3s (vm='ahv_ins_delete-0-260518-183532' ip=10.114.120.239 op=update ec=255) — includes SSH + guest disk command; if still high, check guest disk throughput vs. MiB settings.
2026-05-20 03:17:54,369 DEBUG [109/1171] VM a8220df9… (ahv_ins_delete-0-260518-184629) via 10.114.113.96 op=update
2026-05-20 03:17:54,369 DEBUG   remote: bash -lc 'set -e; _bs(){ printf '"'"'BULK_SNAP_T %s %s\n'"'"' "$1" "$(date +%s.%N 2>/dev/null || date +%s)"; }; _bs guest_start; _bs pipeline_start; openssl enc -aes-256-ctr -pass pass:"testing" -nosalt < /dev/zero 2>/dev/null | dd of=/root/dummy_snapshot_data_1.img bs=1M count=500 iflag=fullblock conv=notrunc status=progress; ec=$?; _bs pipeline_done; _bs guest_end; exit $ec'
2026-05-20 03:17:54,372 DEBUG   ssh: connect to host 10.114.120.233 port 22: Connection timed out
2026-05-20 03:17:54,372 ERROR Guest disk op failed ec=255 vm=ahv_ins_delete-0-260518-183619 ip=10.114.120.233 — ssh: connect to host 10.114.120.233 port 22: Connection timed out
2026-05-20 03:17:54,372 WARNING Guest disk op wall 30.3s (vm='ahv_ins_delete-0-260518-183619' ip=10.114.120.233 op=update ec=255) — includes SSH + guest disk command; if still high, check guest disk throughput vs. MiB settings.
2026-05-20 03:17:54,373 DEBUG [110/1171] VM 4bccbaa1… (ahv_ins_delete-0-260518-184801) via 10.114.113.99 op=update
2026-05-20 03:17:54,374 DEBUG   remote: bash -lc 'set -e; _bs(){ printf '"'"'BULK_SNAP_T %s %s\n'"'"' "$1" "$(date +%s.%N 2>/dev/null || date +%s)"; }; _bs guest_start; _bs pipeline_start; openssl enc -aes-256-ctr -pass pass:"testing" -nosalt < /dev/zero 2>/dev/null | dd of=/root/dummy_snapshot_data_1.img bs=1M count=500 iflag=fullblock conv=notrunc status=progress; ec=$?; _bs pipeline_done; _bs guest_end; exit $ec'
2026-05-20 03:17:54,376 DEBUG   ssh: connect to host 10.114.113.121 port 22: Connection timed out
2026-05-20 03:17:54,376 ERROR Guest disk op failed ec=255 vm=ahv_ins_delete-0-260518-183827 ip=10.114.113.121 — ssh: connect to host 10.114.113.121 port 22: Connection timed out
2026-05-20 03:17:54,377 WARNING Guest disk op wall 30.3s (vm='ahv_ins_delete-0-260518-183827' ip=10.114.113.121 op=update ec=255) — includes SSH + guest disk command; if still high, check guest disk throughput vs. MiB settings.
2026-05-20 03:17:54,377 DEBUG [111/1171] VM 1bf53537… (ahv_ins_delete-0-260518-184942) via 10.114.120.220 op=update
2026-05-20 03:17:54,378 DEBUG   remote: bash -lc 'set -e; _bs(){ printf '"'"'BULK_SNAP_T %s %s\n'"'"' "$1" "$(date +%s.%N 2>/dev/null || date +%s)"; }; _bs guest_start; _bs pipeline_start; openssl enc -aes-256-ctr -pass pass:"testing" -nosalt < /dev/zero 2>/dev/null | dd of=/root/dummy_snapshot_data_1.img bs=1M count=500 iflag=fullblock conv=notrunc status=progress; ec=$?; _bs pipeline_done; _bs guest_end; exit $ec'
2026-05-20 03:17:54,630 DEBUG   ssh: connect to host 10.114.120.234 port 22: Connection timed out
2026-05-20 03:17:54,630 ERROR Guest disk op failed ec=255 vm=ahv_ins_delete-0-260518-183957 ip=10.114.120.234 — ssh: connect to host 10.114.120.234 port 22: Connection timed out
2026-05-20 03:17:54,631 WARNING Guest disk op wall 30.3s (vm='ahv_ins_delete-0-260518-183957' ip=10.114.120.234 op=update ec=255) — includes SSH + guest disk command; if still high, check guest disk throughput vs. MiB settings.
2026-05-20 03:17:54,631 DEBUG [112/1171] VM c2b88383… (ahv_ins_delete-0-260518-185013) via 10.114.120.222 op=update
2026-05-20 03:17:54,632 DEBUG   ssh: connect to host 10.114.120.220 port 22: Connection reset by peer
2026-05-20 03:17:54,632 DEBUG   remote: bash -lc 'set -e; _bs(){ printf '"'"'BULK_SNAP_T %s %s\n'"'"' "$1" "$(date +%s.%N 2>/dev/null || date +%s)"; }; _bs guest_start; _bs pipeline_start; openssl enc -aes-256-ctr -pass pass:"testing" -nosalt < /dev/zero 2>/dev/null | dd of=/root/dummy_snapshot_data_1.img bs=1M count=500 iflag=fullblock conv=notrunc status=progress; ec=$?; _bs pipeline_done; _bs guest_end; exit $ec'
2026-05-20 03:17:54,632 ERROR Guest disk op failed ec=255 vm=ahv_ins_delete-0-260518-184942 ip=10.114.120.220 — ssh: connect to host 10.114.120.220 port 22: Connection reset by peer
2026-05-20 03:17:54,632 DEBUG [113/1171] VM 5422cbcc… (ahv_ins_delete-0-260518-185040) via 10.114.120.217 op=update
2026-05-20 03:17:54,633 DEBUG   remote: bash -lc 'set -e; _bs(){ printf '"'"'BULK_SNAP_T %s %s\n'"'"' "$1" "$(date +%s.%N 2>/dev/null || date +%s)"; }; _bs guest_start; _bs pipeline_start; openssl enc -aes-256-ctr -pass pass:"testing" -nosalt < /dev/zero 2>/dev/null | dd of=/root/dummy_snapshot_data_1.img bs=1M count=500 iflag=fullblock conv=notrunc status=progress; ec=$?; _bs pipeline_done; _bs guest_end; exit $ec'
2026-05-20 03:17:54,638 DEBUG   ssh: connect to host 10.114.113.101 port 22: Connection timed out
2026-05-20 03:17:54,639 ERROR Guest disk op failed ec=255 vm=ahv_ins_delete-0-260518-184040 ip=10.114.113.101 — ssh: connect to host 10.114.113.101 port 22: Connection timed out
2026-05-20 03:17:54,639 WARNING Guest disk op wall 30.3s (vm='ahv_ins_delete-0-260518-184040' ip=10.114.113.101 op=update ec=255) — includes SSH + guest disk command; if still high, check guest disk throughput vs. MiB settings.
2026-05-20 03:17:54,639 DEBUG [114/1171] VM 25dc1e79… (ahv_ins_delete-0-260518-185116) via 10.114.120.216 op=update
2026-05-20 03:17:54,639 DEBUG   remote: bash -lc 'set -e; _bs(){ printf '"'"'BULK_SNAP_T %s %s\n'"'"' "$1" "$(date +%s.%N 2>/dev/null || date +%s)"; }; _bs guest_start; _bs pipeline_start; openssl enc -aes-256-ctr -pass pass:"testing" -nosalt < /dev/zero 2>/dev/null | dd of=/root/dummy_snapshot_data_1.img bs=1M count=500 iflag=fullblock conv=notrunc status=progress; ec=$?; _bs pipeline_done; _bs guest_end; exit $ec'
2026-05-20 03:17:54,857 DEBUG   ssh: connect to host 10.114.113.100 port 22: Connection timed out
2026-05-20 03:17:54,857 ERROR Guest disk op failed ec=255 vm=ahv_ins_delete-0-260518-184113 ip=10.114.113.100 — ssh: connect to host 10.114.113.100 port 22: Connection timed out
2026-05-20 03:17:54,857 WARNING Guest disk op wall 30.3s (vm='ahv_ins_delete-0-260518-184113' ip=10.114.113.100 op=update ec=255) — includes SSH + guest disk command; if still high, check guest disk throughput vs. MiB settings.
2026-05-20 03:17:54,858 DEBUG [115/1171] VM e9433b0a… (ahv_ins_delete-0-260518-185242) via 10.114.120.219 op=update
2026-05-20 03:17:54,858 DEBUG   remote: bash -lc 'set -e; _bs(){ printf '"'"'BULK_SNAP_T %s %s\n'"'"' "$1" "$(date +%s.%N 2>/dev/null || date +%s)"; }; _bs guest_start; _bs pipeline_start; openssl enc -aes-256-ctr -pass pass:"testing" -nosalt < /dev/zero 2>/dev/null | dd of=/root/dummy_snapshot_data_1.img bs=1M count=500 iflag=fullblock conv=notrunc status=progress; ec=$?; _bs pipeline_done; _bs guest_end; exit $ec'
2026-05-20 03:17:54,882 DEBUG   ssh: connect to host 10.114.113.103 port 22: Connection timed out
2026-05-20 03:17:54,882 ERROR Guest disk op failed ec=255 vm=ahv_ins_delete-0-260518-184304 ip=10.114.113.103 — ssh: connect to host 10.114.113.103 port 22: Connection timed out
2026-05-20 03:17:54,882 WARNING Guest disk op wall 30.3s (vm='ahv_ins_delete-0-260518-184304' ip=10.114.113.103 op=update ec=255) — includes SSH + guest disk command; if still high, check guest disk throughput vs. MiB settings.
2026-05-20 03:17:54,883 DEBUG [116/1171] VM 79c11dad… (ahv_ins_delete-0-260518-185448) via 10.114.113.108 op=update
2026-05-20 03:17:54,883 DEBUG   remote: bash -lc 'set -e; _bs(){ printf '"'"'BULK_SNAP_T %s %s\n'"'"' "$1" "$(date +%s.%N 2>/dev/null || date +%s)"; }; _bs guest_start; _bs pipeline_start; openssl enc -aes-256-ctr -pass pass:"testing" -nosalt < /dev/zero 2>/dev/null | dd of=/root/dummy_snapshot_data_1.img bs=1M count=500 iflag=fullblock conv=notrunc status=progress; ec=$?; _bs pipeline_done; _bs guest_end; exit $ec'
2026-05-20 03:17:54,890 DEBUG   ssh: connect to host 10.114.120.217 port 22: Connection reset by peer
2026-05-20 03:17:54,890 ERROR Guest disk op failed ec=255 vm=ahv_ins_delete-0-260518-185040 ip=10.114.120.217 — ssh: connect to host 10.114.120.217 port 22: Connection reset by peer
2026-05-20 03:17:54,891 DEBUG [117/1171] VM 34a7f85b… (ahv_ins_delete-0-260518-185502) via 10.114.113.111 op=update
2026-05-20 03:17:54,891 DEBUG   remote: bash -lc 'set -e; _bs(){ printf '"'"'BULK_SNAP_T %s %s\n'"'"' "$1" "$(date +%s.%N 2>/dev/null || date +%s)"; }; _bs guest_start; _bs pipeline_start; openssl enc -aes-256-ctr -pass pass:"testing" -nosalt < /dev/zero 2>/dev/null | dd of=/root/dummy_snapshot_data_1.img bs=1M count=500 iflag=fullblock conv=notrunc status=progress; ec=$?; _bs pipeline_done; _bs guest_end; exit $ec'
2026-05-20 03:17:55,138 DEBUG   ssh: connect to host 10.114.113.108 port 22: Connection reset by peer
2026-05-20 03:17:55,138 ERROR Guest disk op failed ec=255 vm=ahv_ins_delete-0-260518-185448 ip=10.114.113.108 — ssh: connect to host 10.114.113.108 port 22: Connection reset by peer
2026-05-20 03:17:55,139 DEBUG [118/1171] VM 7bce3f80… (ahv_ins_delete-0-260518-185553) via 10.114.120.196 op=update
2026-05-20 03:17:55,139 DEBUG   remote: bash -lc 'set -e; _bs(){ printf '"'"'BULK_SNAP_T %s %s\n'"'"' "$1" "$(date +%s.%N 2>/dev/null || date +%s)"; }; _bs guest_start; _bs pipeline_start; openssl enc -aes-256-ctr -pass pass:"testing" -nosalt < /dev/zero 2>/dev/null | dd of=/root/dummy_snapshot_data_1.img bs=1M count=500 iflag=fullblock conv=notrunc status=progress; ec=$?; _bs pipeline_done; _bs guest_end; exit $ec'
2026-05-20 03:17:55,394 DEBUG   ssh: connect to host 10.114.120.196 port 22: Connection reset by peer
2026-05-20 03:17:55,395 ERROR Guest disk op failed ec=255 vm=ahv_ins_delete-0-260518-185553 ip=10.114.120.196 — ssh: connect to host 10.114.120.196 port 22: Connection reset by peer
2026-05-20 03:17:55,396 DEBUG [119/1171] VM e7191229… (ahv_ins_delete-0-260518-185615) via 10.114.120.199 op=update
2026-05-20 03:17:55,396 DEBUG   remote: bash -lc 'set -e; _bs(){ printf '"'"'BULK_SNAP_T %s %s\n'"'"' "$1" "$(date +%s.%N 2>/dev/null || date +%s)"; }; _bs guest_start; _bs pipeline_start; openssl enc -aes-256-ctr -pass pass:"testing" -nosalt < /dev/zero 2>/dev/null | dd of=/root/dummy_snapshot_data_1.img bs=1M count=500 iflag=fullblock conv=notrunc status=progress; ec=$?; _bs pipeline_done; _bs guest_end; exit $ec'
2026-05-20 03:17:55,651 DEBUG   ssh: connect to host 10.114.120.199 port 22: Connection reset by peer
2026-05-20 03:17:55,651 ERROR Guest disk op failed ec=255 vm=ahv_ins_delete-0-260518-185615 ip=10.114.120.199 — ssh: connect to host 10.114.120.199 port 22: Connection reset by peer
2026-05-20 03:17:55,652 DEBUG [120/1171] VM c69a4802… (ahv_ins_delete-0-260518-185755) via 10.114.113.105 op=update
2026-05-20 03:17:55,652 DEBUG   remote: bash -lc 'set -e; _bs(){ printf '"'"'BULK_SNAP_T %s %s\n'"'"' "$1" "$(date +%s.%N 2>/dev/null || date +%s)"; }; _bs guest_start; _bs pipeline_start; openssl enc -aes-256-ctr -pass pass:"testing" -nosalt < /dev/zero 2>/dev/null | dd of=/root/dummy_snapshot_data_1.img bs=1M count=500 iflag=fullblock conv=notrunc status=progress; ec=$?; _bs pipeline_done; _bs guest_end; exit $ec'
2026-05-20 03:17:55,907 DEBUG   ssh: connect to host 10.114.113.105 port 22: Connection reset by peer
2026-05-20 03:17:55,908 ERROR Guest disk op failed ec=255 vm=ahv_ins_delete-0-260518-185755 ip=10.114.113.105 — ssh: connect to host 10.114.113.105 port 22: Connection reset by peer
2026-05-20 03:17:55,908 DEBUG [121/1171] VM b1aab054… (ahv_ins_delete-0-260518-190007) via 10.114.113.104 op=update
2026-05-20 03:17:55,909 DEBUG   remote: bash -lc 'set -e; _bs(){ printf '"'"'BULK_SNAP_T %s %s\n'"'"' "$1" "$(date +%s.%N 2>/dev/null || date +%s)"; }; _bs guest_start; _bs pipeline_start; openssl enc -aes-256-ctr -pass pass:"testing" -nosalt < /dev/zero 2>/dev/null | dd of=/root/dummy_snapshot_data_1.img bs=1M count=500 iflag=fullblock conv=notrunc status=progress; ec=$?; _bs pipeline_done; _bs guest_end; exit $ec'
2026-05-20 03:17:56,164 DEBUG   ssh: connect to host 10.114.113.104 port 22: Connection reset by peer
2026-05-20 03:17:56,164 ERROR Guest disk op failed ec=255 vm=ahv_ins_delete-0-260518-190007 ip=10.114.113.104 — ssh: connect to host 10.114.113.104 port 22: Connection reset by peer
2026-05-20 03:17:56,165 DEBUG [122/1171] VM c010ac3c… (ahv_ins_delete-0-260518-190019) via 10.114.113.107 op=update
2026-05-20 03:17:56,165 DEBUG   remote: bash -lc 'set -e; _bs(){ printf '"'"'BULK_SNAP_T %s %s\n'"'"' "$1" "$(date +%s.%N 2>/dev/null || date +%s)"; }; _bs guest_start; _bs pipeline_start; openssl enc -aes-256-ctr -pass pass:"testing" -nosalt < /dev/zero 2>/dev/null | dd of=/root/dummy_snapshot_data_1.img bs=1M count=500 iflag=fullblock conv=notrunc status=progress; ec=$?; _bs pipeline_done; _bs guest_end; exit $ec'
2026-05-20 03:18:24,141 DEBUG   ssh: connect to host 10.114.120.214 port 22: Connection timed out
2026-05-20 03:18:24,141 ERROR Guest disk op failed ec=255 vm=ahv_ins_delete-0-260518-184451 ip=10.114.120.214 — ssh: connect to host 10.114.120.214 port 22: Connection timed out
2026-05-20 03:18:24,141 WARNING Guest disk op wall 30.3s (vm='ahv_ins_delete-0-260518-184451' ip=10.114.120.214 op=update ec=255) — includes SSH + guest disk command; if still high, check guest disk throughput vs. MiB settings.
2026-05-20 03:18:24,141 DEBUG [123/1171] VM 9f1778c9… (ahv_ins_delete-0-260518-190120) via 10.114.113.106 op=update
2026-05-20 03:18:24,142 DEBUG   remote: bash -lc 'set -e; _bs(){ printf '"'"'BULK_SNAP_T %s %s\n'"'"' "$1" "$(date +%s.%N 2>/dev/null || date +%s)"; }; _bs guest_start; _bs pipeline_start; openssl enc -aes-256-ctr -pass pass:"testing" -nosalt < /dev/zero 2>/dev/null | dd of=/root/dummy_snapshot_data_1.img bs=1M count=500 iflag=fullblock conv=notrunc status=progress; ec=$?; _bs pipeline_done; _bs guest_end; exit $ec'
2026-05-20 03:18:24,371 DEBUG   ssh: connect to host 10.114.113.97 port 22: Connection timed out
2026-05-20 03:18:24,371 ERROR Guest disk op failed ec=255 vm=ahv_ins_delete-0-260518-184509 ip=10.114.113.97 — ssh: connect to host 10.114.113.97 port 22: Connection timed out
2026-05-20 03:18:24,371 WARNING Guest disk op wall 30.3s (vm='ahv_ins_delete-0-260518-184509' ip=10.114.113.97 op=update ec=255) — includes SSH + guest disk command; if still high, check guest disk throughput vs. MiB settings.
2026-05-20 03:18:24,372 DEBUG [124/1171] VM f1b775f5… (ahv_ins_delete-0-260518-190130) via 10.114.120.192 op=update
2026-05-20 03:18:24,372 DEBUG   remote: bash -lc 'set -e; _bs(){ printf '"'"'BULK_SNAP_T %s %s\n'"'"' "$1" "$(date +%s.%N 2>/dev/null || date +%s)"; }; _bs guest_start; _bs pipeline_start; openssl enc -aes-256-ctr -pass pass:"testing" -nosalt < /dev/zero 2>/dev/null | dd of=/root/dummy_snapshot_data_1.img bs=1M count=500 iflag=fullblock conv=notrunc status=progress; ec=$?; _bs pipeline_done; _bs guest_end; exit $ec'
2026-05-20 03:18:24,396 DEBUG   ssh: connect to host 10.114.113.106 port 22: Connection reset by peer
2026-05-20 03:18:24,396 ERROR Guest disk op failed ec=255 vm=ahv_ins_delete-0-260518-190120 ip=10.114.113.106 — ssh: connect to host 10.114.113.106 port 22: Connection reset by peer
2026-05-20 03:18:24,397 DEBUG [125/1171] VM 6f40bcda… (ahv_ins_delete-0-260518-190352) via 10.114.113.84 op=update
2026-05-20 03:18:24,397 DEBUG   remote: bash -lc 'set -e; _bs(){ printf '"'"'BULK_SNAP_T %s %s\n'"'"' "$1" "$(date +%s.%N 2>/dev/null || date +%s)"; }; _bs guest_start; _bs pipeline_start; openssl enc -aes-256-ctr -pass pass:"testing" -nosalt < /dev/zero 2>/dev/null | dd of=/root/dummy_snapshot_data_1.img bs=1M count=500 iflag=fullblock conv=notrunc status=progress; ec=$?; _bs pipeline_done; _bs guest_end; exit $ec'
2026-05-20 03:18:24,399 DEBUG   ssh: connect to host 10.114.120.208 port 22: Connection timed out
2026-05-20 03:18:24,399 ERROR Guest disk op failed ec=255 vm=ahv_ins_delete-0-260518-184545 ip=10.114.120.208 — ssh: connect to host 10.114.120.208 port 22: Connection timed out
2026-05-20 03:18:24,400 WARNING Guest disk op wall 30.3s (vm='ahv_ins_delete-0-260518-184545' ip=10.114.120.208 op=update ec=255) — includes SSH + guest disk command; if still high, check guest disk throughput vs. MiB settings.
2026-05-20 03:18:24,400 DEBUG [126/1171] VM 61c8d0db… (ahv_ins_delete-0-260518-190546) via 10.114.113.87 op=update
2026-05-20 03:18:24,400 DEBUG   remote: bash -lc 'set -e; _bs(){ printf '"'"'BULK_SNAP_T %s %s\n'"'"' "$1" "$(date +%s.%N 2>/dev/null || date +%s)"; }; _bs guest_start; _bs pipeline_start; openssl enc -aes-256-ctr -pass pass:"testing" -nosalt < /dev/zero 2>/dev/null | dd of=/root/dummy_snapshot_data_1.img bs=1M count=500 iflag=fullblock conv=notrunc status=progress; ec=$?; _bs pipeline_done; _bs guest_end; exit $ec'
2026-05-20 03:18:24,626 DEBUG   ssh: connect to host 10.114.120.192 port 22: Connection reset by peer
2026-05-20 03:18:24,627 ERROR Guest disk op failed ec=255 vm=ahv_ins_delete-0-260518-190130 ip=10.114.120.192 — ssh: connect to host 10.114.120.192 port 22: Connection reset by peer
2026-05-20 03:18:24,627 DEBUG [127/1171] VM 3646f25d… (ahv_ins_delete-0-260518-190556) via 10.114.113.86 op=update
2026-05-20 03:18:24,628 DEBUG   remote: bash -lc 'set -e; _bs(){ printf '"'"'BULK_SNAP_T %s %s\n'"'"' "$1" "$(date +%s.%N 2>/dev/null || date +%s)"; }; _bs guest_start; _bs pipeline_start; openssl enc -aes-256-ctr -pass pass:"testing" -nosalt < /dev/zero 2>/dev/null | dd of=/root/dummy_snapshot_data_1.img bs=1M count=500 iflag=fullblock conv=notrunc status=progress; ec=$?; _bs pipeline_done; _bs guest_end; exit $ec'
2026-05-20 03:18:24,636 DEBUG   ssh: connect to host 10.114.113.96 port 22: Connection timed out
2026-05-20 03:18:24,637 ERROR Guest disk op failed ec=255 vm=ahv_ins_delete-0-260518-184629 ip=10.114.113.96 — ssh: connect to host 10.114.113.96 port 22: Connection timed out
2026-05-20 03:18:24,637 WARNING Guest disk op wall 30.3s (vm='ahv_ins_delete-0-260518-184629' ip=10.114.113.96 op=update ec=255) — includes SSH + guest disk command; if still high, check guest disk throughput vs. MiB settings.
2026-05-20 03:18:24,637 DEBUG [128/1171] VM 6afc8a94… (ahv_ins_delete-0-260518-190632) via 10.114.120.207 op=update
2026-05-20 03:18:24,637 DEBUG   remote: bash -lc 'set -e; _bs(){ printf '"'"'BULK_SNAP_T %s %s\n'"'"' "$1" "$(date +%s.%N 2>/dev/null || date +%s)"; }; _bs guest_start; _bs pipeline_start; openssl enc -aes-256-ctr -pass pass:"testing" -nosalt < /dev/zero 2>/dev/null | dd of=/root/dummy_snapshot_data_1.img bs=1M count=500 iflag=fullblock conv=notrunc status=progress; ec=$?; _bs pipeline_done; _bs guest_end; exit $ec'
2026-05-20 03:18:24,640 DEBUG   ssh: connect to host 10.114.113.99 port 22: Connection timed out
2026-05-20 03:18:24,640 ERROR Guest disk op failed ec=255 vm=ahv_ins_delete-0-260518-184801 ip=10.114.113.99 — ssh: connect to host 10.114.113.99 port 22: Connection timed out
2026-05-20 03:18:24,640 WARNING Guest disk op wall 30.3s (vm='ahv_ins_delete-0-260518-184801' ip=10.114.113.99 op=update ec=255) — includes SSH + guest disk command; if still high, check guest disk throughput vs. MiB settings.
2026-05-20 03:18:24,641 DEBUG [129/1171] VM 8bb7882f… (ahv_ins_delete-0-260518-190646) via 10.114.120.204 op=update
2026-05-20 03:18:24,641 DEBUG   remote: bash -lc 'set -e; _bs(){ printf '"'"'BULK_SNAP_T %s %s\n'"'"' "$1" "$(date +%s.%N 2>/dev/null || date +%s)"; }; _bs guest_start; _bs pipeline_start; openssl enc -aes-256-ctr -pass pass:"testing" -nosalt < /dev/zero 2>/dev/null | dd of=/root/dummy_snapshot_data_1.img bs=1M count=500 iflag=fullblock conv=notrunc status=progress; ec=$?; _bs pipeline_done; _bs guest_end; exit $ec'
2026-05-20 03:18:24,899 DEBUG   ssh: connect to host 10.114.120.222 port 22: Connection timed out
2026-05-20 03:18:24,900 ERROR Guest disk op failed ec=255 vm=ahv_ins_delete-0-260518-185013 ip=10.114.120.222 — ssh: connect to host 10.114.120.222 port 22: Connection timed out
2026-05-20 03:18:24,900 WARNING Guest disk op wall 30.3s (vm='ahv_ins_delete-0-260518-185013' ip=10.114.120.222 op=update ec=255) — includes SSH + guest disk command; if still high, check guest disk throughput vs. MiB settings.
2026-05-20 03:18:24,900 DEBUG [130/1171] VM e3764429… (ahv_ins_delete-0-260518-190904) via 10.114.113.81 op=update
2026-05-20 03:18:24,900 DEBUG   remote: bash -lc 'set -e; _bs(){ printf '"'"'BULK_SNAP_T %s %s\n'"'"' "$1" "$(date +%s.%N 2>/dev/null || date +%s)"; }; _bs guest_start; _bs pipeline_start; openssl enc -aes-256-ctr -pass pass:"testing" -nosalt < /dev/zero 2>/dev/null | dd of=/root/dummy_snapshot_data_1.img bs=1M count=500 iflag=fullblock conv=notrunc status=progress; ec=$?; _bs pipeline_done; _bs guest_end; exit $ec'
2026-05-20 03:18:24,905 DEBUG   ssh: connect to host 10.114.120.216 port 22: Connection timed out
2026-05-20 03:18:24,905 ERROR Guest disk op failed ec=255 vm=ahv_ins_delete-0-260518-185116 ip=10.114.120.216 — ssh: connect to host 10.114.120.216 port 22: Connection timed out
2026-05-20 03:18:24,905 WARNING Guest disk op wall 30.3s (vm='ahv_ins_delete-0-260518-185116' ip=10.114.120.216 op=update ec=255) — includes SSH + guest disk command; if still high, check guest disk throughput vs. MiB settings.
2026-05-20 03:18:24,905 DEBUG [131/1171] VM 4b854910… (ahv_ins_delete-0-260518-191055) via 10.114.113.83 op=update
2026-05-20 03:18:24,906 DEBUG   remote: bash -lc 'set -e; _bs(){ printf '"'"'BULK_SNAP_T %s %s\n'"'"' "$1" "$(date +%s.%N 2>/dev/null || date +%s)"; }; _bs guest_start; _bs pipeline_start; openssl enc -aes-256-ctr -pass pass:"testing" -nosalt < /dev/zero 2>/dev/null | dd of=/root/dummy_snapshot_data_1.img bs=1M count=500 iflag=fullblock conv=notrunc status=progress; ec=$?; _bs pipeline_done; _bs guest_end; exit $ec'
2026-05-20 03:18:25,125 DEBUG   ssh: connect to host 10.114.120.219 port 22: Connection timed out
2026-05-20 03:18:25,125 ERROR Guest disk op failed ec=255 vm=ahv_ins_delete-0-260518-185242 ip=10.114.120.219 — ssh: connect to host 10.114.120.219 port 22: Connection timed out
2026-05-20 03:18:25,125 WARNING Guest disk op wall 30.3s (vm='ahv_ins_delete-0-260518-185242' ip=10.114.120.219 op=update ec=255) — includes SSH + guest disk command; if still high, check guest disk throughput vs. MiB settings.
2026-05-20 03:18:25,126 DEBUG [132/1171] VM cd40a161… (ahv_ins_delete-0-260518-191110) via 10.114.120.200 op=update
2026-05-20 03:18:25,126 DEBUG   remote: bash -lc 'set -e; _bs(){ printf '"'"'BULK_SNAP_T %s %s\n'"'"' "$1" "$(date +%s.%N 2>/dev/null || date +%s)"; }; _bs guest_start; _bs pipeline_start; openssl enc -aes-256-ctr -pass pass:"testing" -nosalt < /dev/zero 2>/dev/null | dd of=/root/dummy_snapshot_data_1.img bs=1M count=500 iflag=fullblock conv=notrunc status=progress; ec=$?; _bs pipeline_done; _bs guest_end; exit $ec'
2026-05-20 03:18:25,156 DEBUG   ssh: connect to host 10.114.113.111 port 22: Connection timed out
2026-05-20 03:18:25,156 ERROR Guest disk op failed ec=255 vm=ahv_ins_delete-0-260518-185502 ip=10.114.113.111 — ssh: connect to host 10.114.113.111 port 22: Connection timed out
2026-05-20 03:18:25,156 WARNING Guest disk op wall 30.3s (vm='ahv_ins_delete-0-260518-185502' ip=10.114.113.111 op=update ec=255) — includes SSH + guest disk command; if still high, check guest disk throughput vs. MiB settings.
2026-05-20 03:18:25,157 DEBUG [133/1171] VM 7e16cea9… (ahv_ins_delete-0-260518-191137) via 10.114.113.93 op=update
2026-05-20 03:18:25,157 DEBUG   remote: bash -lc 'set -e; _bs(){ printf '"'"'BULK_SNAP_T %s %s\n'"'"' "$1" "$(date +%s.%N 2>/dev/null || date +%s)"; }; _bs guest_start; _bs pipeline_start; openssl enc -aes-256-ctr -pass pass:"testing" -nosalt < /dev/zero 2>/dev/null | dd of=/root/dummy_snapshot_data_1.img bs=1M count=500 iflag=fullblock conv=notrunc status=progress; ec=$?; _bs pipeline_done; _bs guest_end; exit $ec'
2026-05-20 03:18:26,430 DEBUG   ssh: connect to host 10.114.113.107 port 22: Connection timed out
2026-05-20 03:18:26,430 ERROR Guest disk op failed ec=255 vm=ahv_ins_delete-0-260518-190019 ip=10.114.113.107 — ssh: connect to host 10.114.113.107 port 22: Connection timed out
2026-05-20 03:18:26,430 WARNING Guest disk op wall 30.3s (vm='ahv_ins_delete-0-260518-190019' ip=10.114.113.107 op=update ec=255) — includes SSH + guest disk command; if still high, check guest disk throughput vs. MiB settings.
2026-05-20 03:18:26,431 DEBUG [134/1171] VM 7f7a57c2… (ahv_ins_delete-0-260518-191230) via 10.114.120.202 op=update
2026-05-20 03:18:26,431 DEBUG   remote: bash -lc 'set -e; _bs(){ printf '"'"'BULK_SNAP_T %s %s\n'"'"' "$1" "$(date +%s.%N 2>/dev/null || date +%s)"; }; _bs guest_start; _bs pipeline_start; openssl enc -aes-256-ctr -pass pass:"testing" -nosalt < /dev/zero 2>/dev/null | dd of=/root/dummy_snapshot_data_1.img bs=1M count=500 iflag=fullblock conv=notrunc status=progress; ec=$?; _bs pipeline_done; _bs guest_end; exit $ec'
2026-05-20 03:18:54,661 DEBUG   ssh: connect to host 10.114.113.84 port 22: Connection timed out
2026-05-20 03:18:54,661 ERROR Guest disk op failed ec=255 vm=ahv_ins_delete-0-260518-190352 ip=10.114.113.84 — ssh: connect to host 10.114.113.84 port 22: Connection timed out
2026-05-20 03:18:54,662 WARNING Guest disk op wall 30.3s (vm='ahv_ins_delete-0-260518-190352' ip=10.114.113.84 op=update ec=255) — includes SSH + guest disk command; if still high, check guest disk throughput vs. MiB settings.
2026-05-20 03:18:54,662 DEBUG [135/1171] VM c5c340b8… (ahv_ins_delete-0-260518-191353) via 10.114.113.92 op=update
2026-05-20 03:18:54,662 DEBUG   remote: bash -lc 'set -e; _bs(){ printf '"'"'BULK_SNAP_T %s %s\n'"'"' "$1" "$(date +%s.%N 2>/dev/null || date +%s)"; }; _bs guest_start; _bs pipeline_start; openssl enc -aes-256-ctr -pass pass:"testing" -nosalt < /dev/zero 2>/dev/null | dd of=/root/dummy_snapshot_data_1.img bs=1M count=500 iflag=fullblock conv=notrunc status=progress; ec=$?; _bs pipeline_done; _bs guest_end; exit $ec'
2026-05-20 03:18:54,666 DEBUG   ssh: connect to host 10.114.113.87 port 22: Connection timed out
2026-05-20 03:18:54,666 ERROR Guest disk op failed ec=255 vm=ahv_ins_delete-0-260518-190546 ip=10.114.113.87 — ssh: connect to host 10.114.113.87 port 22: Connection timed out
2026-05-20 03:18:54,666 WARNING Guest disk op wall 30.3s (vm='ahv_ins_delete-0-260518-190546' ip=10.114.113.87 op=update ec=255) — includes SSH + guest disk command; if still high, check guest disk throughput vs. MiB settings.
2026-05-20 03:18:54,667 DEBUG [136/1171] VM a92c8bdb… (ahv_ins_delete-0-260518-191556) via 10.114.120.181 op=update
2026-05-20 03:18:54,667 DEBUG   remote: bash -lc 'set -e; _bs(){ printf '"'"'BULK_SNAP_T %s %s\n'"'"' "$1" "$(date +%s.%N 2>/dev/null || date +%s)"; }; _bs guest_start; _bs pipeline_start; openssl enc -aes-256-ctr -pass pass:"testing" -nosalt < /dev/zero 2>/dev/null | dd of=/root/dummy_snapshot_data_1.img bs=1M count=500 iflag=fullblock conv=notrunc status=progress; ec=$?; _bs pipeline_done; _bs guest_end; exit $ec'
2026-05-20 03:18:54,893 DEBUG   ssh: connect to host 10.114.113.86 port 22: Connection timed out
2026-05-20 03:18:54,894 ERROR Guest disk op failed ec=255 vm=ahv_ins_delete-0-260518-190556 ip=10.114.113.86 — ssh: connect to host 10.114.113.86 port 22: Connection timed out
2026-05-20 03:18:54,894 WARNING Guest disk op wall 30.3s (vm='ahv_ins_delete-0-260518-190556' ip=10.114.113.86 op=update ec=255) — includes SSH + guest disk command; if still high, check guest disk throughput vs. MiB settings.
2026-05-20 03:18:54,894 DEBUG [137/1171] VM 45cb850b… (ahv_ins_delete-0-260518-191616) via 10.114.120.180 op=update
2026-05-20 03:18:54,894 DEBUG   remote: bash -lc 'set -e; _bs(){ printf '"'"'BULK_SNAP_T %s %s\n'"'"' "$1" "$(date +%s.%N 2>/dev/null || date +%s)"; }; _bs guest_start; _bs pipeline_start; openssl enc -aes-256-ctr -pass pass:"testing" -nosalt < /dev/zero 2>/dev/null | dd of=/root/dummy_snapshot_data_1.img bs=1M count=500 iflag=fullblock conv=notrunc status=progress; ec=$?; _bs pipeline_done; _bs guest_end; exit $ec'
2026-05-20 03:18:54,901 DEBUG   ssh: connect to host 10.114.120.207 port 22: Connection timed out
2026-05-20 03:18:54,902 ERROR Guest disk op failed ec=255 vm=ahv_ins_delete-0-260518-190632 ip=10.114.120.207 — ssh: connect to host 10.114.120.207 port 22: Connection timed out
2026-05-20 03:18:54,902 WARNING Guest disk op wall 30.3s (vm='ahv_ins_delete-0-260518-190632' ip=10.114.120.207 op=update ec=255) — includes SSH + guest disk command; if still high, check guest disk throughput vs. MiB settings.
2026-05-20 03:18:54,902 DEBUG [138/1171] VM a6b3b3e6… (ahv_ins_delete-0-260518-191650) via 10.114.113.89 op=update
2026-05-20 03:18:54,902 DEBUG   remote: bash -lc 'set -e; _bs(){ printf '"'"'BULK_SNAP_T %s %s\n'"'"' "$1" "$(date +%s.%N 2>/dev/null || date +%s)"; }; _bs guest_start; _bs pipeline_start; openssl enc -aes-256-ctr -pass pass:"testing" -nosalt < /dev/zero 2>/dev/null | dd of=/root/dummy_snapshot_data_1.img bs=1M count=500 iflag=fullblock conv=notrunc status=progress; ec=$?; _bs pipeline_done; _bs guest_end; exit $ec'
2026-05-20 03:18:54,904 DEBUG   ssh: connect to host 10.114.120.204 port 22: Connection timed out
2026-05-20 03:18:54,905 ERROR Guest disk op failed ec=255 vm=ahv_ins_delete-0-260518-190646 ip=10.114.120.204 — ssh: connect to host 10.114.120.204 port 22: Connection timed out
2026-05-20 03:18:54,905 WARNING Guest disk op wall 30.3s (vm='ahv_ins_delete-0-260518-190646' ip=10.114.120.204 op=update ec=255) — includes SSH + guest disk command; if still high, check guest disk throughput vs. MiB settings.
2026-05-20 03:18:54,906 DEBUG [139/1171] VM ed1aed58… (ahv_ins_delete-0-260518-191731) via 10.114.113.94 op=update
2026-05-20 03:18:54,906 DEBUG   remote: bash -lc 'set -e; _bs(){ printf '"'"'BULK_SNAP_T %s %s\n'"'"' "$1" "$(date +%s.%N 2>/dev/null || date +%s)"; }; _bs guest_start; _bs pipeline_start; openssl enc -aes-256-ctr -pass pass:"testing" -nosalt < /dev/zero 2>/dev/null | dd of=/root/dummy_snapshot_data_1.img bs=1M count=500 iflag=fullblock conv=notrunc status=progress; ec=$?; _bs pipeline_done; _bs guest_end; exit $ec'
2026-05-20 03:18:55,166 DEBUG   ssh: connect to host 10.114.113.81 port 22: Connection timed out
2026-05-20 03:18:55,166 ERROR Guest disk op failed ec=255 vm=ahv_ins_delete-0-260518-190904 ip=10.114.113.81 — ssh: connect to host 10.114.113.81 port 22: Connection timed out
2026-05-20 03:18:55,166 WARNING Guest disk op wall 30.3s (vm='ahv_ins_delete-0-260518-190904' ip=10.114.113.81 op=update ec=255) — includes SSH + guest disk command; if still high, check guest disk throughput vs. MiB settings.
2026-05-20 03:18:55,167 DEBUG [140/1171] VM 85ad3425… (ahv_ins_delete-0-260518-191837) via 10.114.120.183 op=update
2026-05-20 03:18:55,167 DEBUG   remote: bash -lc 'set -e; _bs(){ printf '"'"'BULK_SNAP_T %s %s\n'"'"' "$1" "$(date +%s.%N 2>/dev/null || date +%s)"; }; _bs guest_start; _bs pipeline_start; openssl enc -aes-256-ctr -pass pass:"testing" -nosalt < /dev/zero 2>/dev/null | dd of=/root/dummy_snapshot_data_1.img bs=1M count=500 iflag=fullblock conv=notrunc status=progress; ec=$?; _bs pipeline_done; _bs guest_end; exit $ec'
2026-05-20 03:18:55,170 DEBUG   ssh: connect to host 10.114.113.83 port 22: Connection timed out
2026-05-20 03:18:55,170 ERROR Guest disk op failed ec=255 vm=ahv_ins_delete-0-260518-191055 ip=10.114.113.83 — ssh: connect to host 10.114.113.83 port 22: Connection timed out
2026-05-20 03:18:55,170 WARNING Guest disk op wall 30.3s (vm='ahv_ins_delete-0-260518-191055' ip=10.114.113.83 op=update ec=255) — includes SSH + guest disk command; if still high, check guest disk throughput vs. MiB settings.
2026-05-20 03:18:55,171 DEBUG [141/1171] VM 2a0bb644… (ahv_ins_delete-0-260518-192100) via 10.114.120.182 op=update
2026-05-20 03:18:55,171 DEBUG   remote: bash -lc 'set -e; _bs(){ printf '"'"'BULK_SNAP_T %s %s\n'"'"' "$1" "$(date +%s.%N 2>/dev/null || date +%s)"; }; _bs guest_start; _bs pipeline_start; openssl enc -aes-256-ctr -pass pass:"testing" -nosalt < /dev/zero 2>/dev/null | dd of=/root/dummy_snapshot_data_1.img bs=1M count=500 iflag=fullblock conv=notrunc status=progress; ec=$?; _bs pipeline_done; _bs guest_end; exit $ec'
2026-05-20 03:18:55,393 DEBUG   ssh: connect to host 10.114.120.200 port 22: Connection timed out
2026-05-20 03:18:55,394 ERROR Guest disk op failed ec=255 vm=ahv_ins_delete-0-260518-191110 ip=10.114.120.200 — ssh: connect to host 10.114.120.200 port 22: Connection timed out
2026-05-20 03:18:55,394 WARNING Guest disk op wall 30.3s (vm='ahv_ins_delete-0-260518-191110' ip=10.114.120.200 op=update ec=255) — includes SSH + guest disk command; if still high, check guest disk throughput vs. MiB settings.
2026-05-20 03:18:55,394 DEBUG [142/1171] VM 120f7b82… (ahv_ins_delete-0-260518-192112) via 10.114.113.69 op=update
2026-05-20 03:18:55,394 DEBUG   remote: bash -lc 'set -e; _bs(){ printf '"'"'BULK_SNAP_T %s %s\n'"'"' "$1" "$(date +%s.%N 2>/dev/null || date +%s)"; }; _bs guest_start; _bs pipeline_start; openssl enc -aes-256-ctr -pass pass:"testing" -nosalt < /dev/zero 2>/dev/null | dd of=/root/dummy_snapshot_data_1.img bs=1M count=500 iflag=fullblock conv=notrunc status=progress; ec=$?; _bs pipeline_done; _bs guest_end; exit $ec'
2026-05-20 03:18:55,423 DEBUG   ssh: connect to host 10.114.113.93 port 22: Connection timed out
2026-05-20 03:18:55,423 ERROR Guest disk op failed ec=255 vm=ahv_ins_delete-0-260518-191137 ip=10.114.113.93 — ssh: connect to host 10.114.113.93 port 22: Connection timed out
2026-05-20 03:18:55,423 WARNING Guest disk op wall 30.3s (vm='ahv_ins_delete-0-260518-191137' ip=10.114.113.93 op=update ec=255) — includes SSH + guest disk command; if still high, check guest disk throughput vs. MiB settings.
2026-05-20 03:18:55,424 DEBUG [143/1171] VM 422638e2… (ahv_ins_delete-0-260518-192217) via 10.114.113.70 op=update
2026-05-20 03:18:55,424 DEBUG   remote: bash -lc 'set -e; _bs(){ printf '"'"'BULK_SNAP_T %s %s\n'"'"' "$1" "$(date +%s.%N 2>/dev/null || date +%s)"; }; _bs guest_start; _bs pipeline_start; openssl enc -aes-256-ctr -pass pass:"testing" -nosalt < /dev/zero 2>/dev/null | dd of=/root/dummy_snapshot_data_1.img bs=1M count=500 iflag=fullblock conv=notrunc status=progress; ec=$?; _bs pipeline_done; _bs guest_end; exit $ec'
2026-05-20 03:18:56,695 DEBUG   ssh: connect to host 10.114.120.202 port 22: Connection timed out
2026-05-20 03:18:56,695 ERROR Guest disk op failed ec=255 vm=ahv_ins_delete-0-260518-191230 ip=10.114.120.202 — ssh: connect to host 10.114.120.202 port 22: Connection timed out
2026-05-20 03:18:56,695 WARNING Guest disk op wall 30.3s (vm='ahv_ins_delete-0-260518-191230' ip=10.114.120.202 op=update ec=255) — includes SSH + guest disk command; if still high, check guest disk throughput vs. MiB settings.
2026-05-20 03:18:56,696 DEBUG [144/1171] VM 29ab1500… (ahv_ins_delete-0-260518-192241) via 10.114.113.71 op=update
2026-05-20 03:18:56,696 DEBUG   remote: bash -lc 'set -e; _bs(){ printf '"'"'BULK_SNAP_T %s %s\n'"'"' "$1" "$(date +%s.%N 2>/dev/null || date +%s)"; }; _bs guest_start; _bs pipeline_start; openssl enc -aes-256-ctr -pass pass:"testing" -nosalt < /dev/zero 2>/dev/null | dd of=/root/dummy_snapshot_data_1.img bs=1M count=500 iflag=fullblock conv=notrunc status=progress; ec=$?; _bs pipeline_done; _bs guest_end; exit $ec'
2026-05-20 03:19:24,930 DEBUG   ssh: connect to host 10.114.113.92 port 22: Connection timed out
2026-05-20 03:19:24,930 ERROR Guest disk op failed ec=255 vm=ahv_ins_delete-0-260518-191353 ip=10.114.113.92 — ssh: connect to host 10.114.113.92 port 22: Connection timed out
2026-05-20 03:19:24,930 WARNING Guest disk op wall 30.3s (vm='ahv_ins_delete-0-260518-191353' ip=10.114.113.92 op=update ec=255) — includes SSH + guest disk command; if still high, check guest disk throughput vs. MiB settings.
2026-05-20 03:19:24,931 DEBUG [145/1171] VM 47bcfead… (ahv_ins_delete-0-260518-192344) via 10.114.120.177 op=update
2026-05-20 03:19:24,931 DEBUG   remote: bash -lc 'set -e; _bs(){ printf '"'"'BULK_SNAP_T %s %s\n'"'"' "$1" "$(date +%s.%N 2>/dev/null || date +%s)"; }; _bs guest_start; _bs pipeline_start; openssl enc -aes-256-ctr -pass pass:"testing" -nosalt < /dev/zero 2>/dev/null | dd of=/root/dummy_snapshot_data_1.img bs=1M count=500 iflag=fullblock conv=notrunc status=progress; ec=$?; _bs pipeline_done; _bs guest_end; exit $ec'
2026-05-20 03:19:24,934 DEBUG   ssh: connect to host 10.114.120.181 port 22: Connection timed out
2026-05-20 03:19:24,934 ERROR Guest disk op failed ec=255 vm=ahv_ins_delete-0-260518-191556 ip=10.114.120.181 — ssh: connect to host 10.114.120.181 port 22: Connection timed out
2026-05-20 03:19:24,934 WARNING Guest disk op wall 30.3s (vm='ahv_ins_delete-0-260518-191556' ip=10.114.120.181 op=update ec=255) — includes SSH + guest disk command; if still high, check guest disk throughput vs. MiB settings.
2026-05-20 03:19:24,935 DEBUG [146/1171] VM 0e27ec7d… (ahv_ins_delete-0-260518-192608) via 10.114.113.64 op=update
2026-05-20 03:19:24,935 DEBUG   remote: bash -lc 'set -e; _bs(){ printf '"'"'BULK_SNAP_T %s %s\n'"'"' "$1" "$(date +%s.%N 2>/dev/null || date +%s)"; }; _bs guest_start; _bs pipeline_start; openssl enc -aes-256-ctr -pass pass:"testing" -nosalt < /dev/zero 2>/dev/null | dd of=/root/dummy_snapshot_data_1.img bs=1M count=500 iflag=fullblock conv=notrunc status=progress; ec=$?; _bs pipeline_done; _bs guest_end; exit $ec'
2026-05-20 03:19:25,162 DEBUG   ssh: connect to host 10.114.120.180 port 22: Connection timed out
2026-05-20 03:19:25,162 ERROR Guest disk op failed ec=255 vm=ahv_ins_delete-0-260518-191616 ip=10.114.120.180 — ssh: connect to host 10.114.120.180 port 22: Connection timed out
2026-05-20 03:19:25,162 WARNING Guest disk op wall 30.3s (vm='ahv_ins_delete-0-260518-191616' ip=10.114.120.180 op=update ec=255) — includes SSH + guest disk command; if still high, check guest disk throughput vs. MiB settings.
2026-05-20 03:19:25,163 DEBUG [147/1171] VM ee8e813c… (ahv_ins_delete-0-260518-192640) via 10.114.113.67 op=update
2026-05-20 03:19:25,163 DEBUG   remote: bash -lc 'set -e; _bs(){ printf '"'"'BULK_SNAP_T %s %s\n'"'"' "$1" "$(date +%s.%N 2>/dev/null || date +%s)"; }; _bs guest_start; _bs pipeline_start; openssl enc -aes-256-ctr -pass pass:"testing" -nosalt < /dev/zero 2>/dev/null | dd of=/root/dummy_snapshot_data_1.img bs=1M count=500 iflag=fullblock conv=notrunc status=progress; ec=$?; _bs pipeline_done; _bs guest_end; exit $ec'
2026-05-20 03:19:25,167 DEBUG   ssh: connect to host 10.114.113.89 port 22: Connection timed out
2026-05-20 03:19:25,167 ERROR Guest disk op failed ec=255 vm=ahv_ins_delete-0-260518-191650 ip=10.114.113.89 — ssh: connect to host 10.114.113.89 port 22: Connection timed out
2026-05-20 03:19:25,167 WARNING Guest disk op wall 30.3s (vm='ahv_ins_delete-0-260518-191650' ip=10.114.113.89 op=update ec=255) — includes SSH + guest disk command; if still high, check guest disk throughput vs. MiB settings.
2026-05-20 03:19:25,168 DEBUG [148/1171] VM 484ef59b… (ahv_ins_delete-0-260518-192713) via 10.114.120.178 op=update
2026-05-20 03:19:25,168 DEBUG   remote: bash -lc 'set -e; _bs(){ printf '"'"'BULK_SNAP_T %s %s\n'"'"' "$1" "$(date +%s.%N 2>/dev/null || date +%s)"; }; _bs guest_start; _bs pipeline_start; openssl enc -aes-256-ctr -pass pass:"testing" -nosalt < /dev/zero 2>/dev/null | dd of=/root/dummy_snapshot_data_1.img bs=1M count=500 iflag=fullblock conv=notrunc status=progress; ec=$?; _bs pipeline_done; _bs guest_end; exit $ec'
2026-05-20 03:19:25,178 DEBUG   ssh: connect to host 10.114.113.94 port 22: Connection timed out
2026-05-20 03:19:25,178 ERROR Guest disk op failed ec=255 vm=ahv_ins_delete-0-260518-191731 ip=10.114.113.94 — ssh: connect to host 10.114.113.94 port 22: Connection timed out
2026-05-20 03:19:25,178 WARNING Guest disk op wall 30.3s (vm='ahv_ins_delete-0-260518-191731' ip=10.114.113.94 op=update ec=255) — includes SSH + guest disk command; if still high, check guest disk throughput vs. MiB settings.
2026-05-20 03:19:25,179 DEBUG [149/1171] VM 3bb0fb8c… (ahv_ins_delete-0-260518-192737) via 10.114.120.188 op=update
2026-05-20 03:19:25,179 DEBUG   remote: bash -lc 'set -e; _bs(){ printf '"'"'BULK_SNAP_T %s %s\n'"'"' "$1" "$(date +%s.%N 2>/dev/null || date +%s)"; }; _bs guest_start; _bs pipeline_start; openssl enc -aes-256-ctr -pass pass:"testing" -nosalt < /dev/zero 2>/dev/null | dd of=/root/dummy_snapshot_data_1.img bs=1M count=500 iflag=fullblock conv=notrunc status=progress; ec=$?; _bs pipeline_done; _bs guest_end; exit $ec'
2026-05-20 03:19:25,434 DEBUG   ssh: connect to host 10.114.120.183 port 22: Connection timed out
2026-05-20 03:19:25,434 ERROR Guest disk op failed ec=255 vm=ahv_ins_delete-0-260518-191837 ip=10.114.120.183 — ssh: connect to host 10.114.120.183 port 22: Connection timed out
2026-05-20 03:19:25,434 WARNING Guest disk op wall 30.3s (vm='ahv_ins_delete-0-260518-191837' ip=10.114.120.183 op=update ec=255) — includes SSH + guest disk command; if still high, check guest disk throughput vs. MiB settings.
2026-05-20 03:19:25,435 DEBUG [150/1171] VM 59803642… (ahv_ins_delete-0-260518-192854) via 10.114.113.66 op=update
2026-05-20 03:19:25,435 DEBUG   remote: bash -lc 'set -e; _bs(){ printf '"'"'BULK_SNAP_T %s %s\n'"'"' "$1" "$(date +%s.%N 2>/dev/null || date +%s)"; }; _bs guest_start; _bs pipeline_start; openssl enc -aes-256-ctr -pass pass:"testing" -nosalt < /dev/zero 2>/dev/null | dd of=/root/dummy_snapshot_data_1.img bs=1M count=500 iflag=fullblock conv=notrunc status=progress; ec=$?; _bs pipeline_done; _bs guest_end; exit $ec'
2026-05-20 03:19:25,438 DEBUG   ssh: connect to host 10.114.120.182 port 22: Connection timed out
2026-05-20 03:19:25,438 ERROR Guest disk op failed ec=255 vm=ahv_ins_delete-0-260518-192100 ip=10.114.120.182 — ssh: connect to host 10.114.120.182 port 22: Connection timed out
2026-05-20 03:19:25,438 WARNING Guest disk op wall 30.3s (vm='ahv_ins_delete-0-260518-192100' ip=10.114.120.182 op=update ec=255) — includes SSH + guest disk command; if still high, check guest disk throughput vs. MiB settings.
2026-05-20 03:19:25,439 DEBUG [151/1171] VM 81123c61… (ahv_ins_delete-0-260518-193146) via 10.114.120.190 op=update
2026-05-20 03:19:25,439 DEBUG   remote: bash -lc 'set -e; _bs(){ printf '"'"'BULK_SNAP_T %s %s\n'"'"' "$1" "$(date +%s.%N 2>/dev/null || date +%s)"; }; _bs guest_start; _bs pipeline_start; openssl enc -aes-256-ctr -pass pass:"testing" -nosalt < /dev/zero 2>/dev/null | dd of=/root/dummy_snapshot_data_1.img bs=1M count=500 iflag=fullblock conv=notrunc status=progress; ec=$?; _bs pipeline_done; _bs guest_end; exit $ec'
2026-05-20 03:19:25,662 DEBUG   ssh: connect to host 10.114.113.69 port 22: Connection timed out
2026-05-20 03:19:25,662 ERROR Guest disk op failed ec=255 vm=ahv_ins_delete-0-260518-192112 ip=10.114.113.69 — ssh: connect to host 10.114.113.69 port 22: Connection timed out
2026-05-20 03:19:25,663 WARNING Guest disk op wall 30.3s (vm='ahv_ins_delete-0-260518-192112' ip=10.114.113.69 op=update ec=255) — includes SSH + guest disk command; if still high, check guest disk throughput vs. MiB settings.
2026-05-20 03:19:25,663 DEBUG [152/1171] VM 8cc1d931… (ahv_ins_delete-0-260518-193216) via 10.114.120.185 op=update
2026-05-20 03:19:25,663 DEBUG   remote: bash -lc 'set -e; _bs(){ printf '"'"'BULK_SNAP_T %s %s\n'"'"' "$1" "$(date +%s.%N 2>/dev/null || date +%s)"; }; _bs guest_start; _bs pipeline_start; openssl enc -aes-256-ctr -pass pass:"testing" -nosalt < /dev/zero 2>/dev/null | dd of=/root/dummy_snapshot_data_1.img bs=1M count=500 iflag=fullblock conv=notrunc status=progress; ec=$?; _bs pipeline_done; _bs guest_end; exit $ec'
2026-05-20 03:19:25,688 DEBUG   ssh: connect to host 10.114.113.70 port 22: Connection timed out
2026-05-20 03:19:25,689 ERROR Guest disk op failed ec=255 vm=ahv_ins_delete-0-260518-192217 ip=10.114.113.70 — ssh: connect to host 10.114.113.70 port 22: Connection timed out
2026-05-20 03:19:25,689 WARNING Guest disk op wall 30.3s (vm='ahv_ins_delete-0-260518-192217' ip=10.114.113.70 op=update ec=255) — includes SSH + guest disk command; if still high, check guest disk throughput vs. MiB settings.
2026-05-20 03:19:25,689 DEBUG [153/1171] VM 470f2441… (ahv_ins_delete-0-260518-193311) via 10.114.120.187 op=update
2026-05-20 03:19:25,689 DEBUG   remote: bash -lc 'set -e; _bs(){ printf '"'"'BULK_SNAP_T %s %s\n'"'"' "$1" "$(date +%s.%N 2>/dev/null || date +%s)"; }; _bs guest_start; _bs pipeline_start; openssl enc -aes-256-ctr -pass pass:"testing" -nosalt < /dev/zero 2>/dev/null | dd of=/root/dummy_snapshot_data_1.img bs=1M count=500 iflag=fullblock conv=notrunc status=progress; ec=$?; _bs pipeline_done; _bs guest_end; exit $ec'
2026-05-20 03:19:26,964 DEBUG   ssh: connect to host 10.114.113.71 port 22: Connection timed out
2026-05-20 03:19:26,964 ERROR Guest disk op failed ec=255 vm=ahv_ins_delete-0-260518-192241 ip=10.114.113.71 — ssh: connect to host 10.114.113.71 port 22: Connection timed out
2026-05-20 03:19:26,964 WARNING Guest disk op wall 30.3s (vm='ahv_ins_delete-0-260518-192241' ip=10.114.113.71 op=update ec=255) — includes SSH + guest disk command; if still high, check guest disk throughput vs. MiB settings.
2026-05-20 03:19:26,965 DEBUG [154/1171] VM 88f3a75d… (ahv_ins_delete-0-260518-193328) via 10.114.120.186 op=update
2026-05-20 03:19:26,965 DEBUG   remote: bash -lc 'set -e; _bs(){ printf '"'"'BULK_SNAP_T %s %s\n'"'"' "$1" "$(date +%s.%N 2>/dev/null || date +%s)"; }; _bs guest_start; _bs pipeline_start; openssl enc -aes-256-ctr -pass pass:"testing" -nosalt < /dev/zero 2>/dev/null | dd of=/root/dummy_snapshot_data_1.img bs=1M count=500 iflag=fullblock conv=notrunc status=progress; ec=$?; _bs pipeline_done; _bs guest_end; exit $ec'
2026-05-20 03:19:55,196 DEBUG   ssh: connect to host 10.114.120.177 port 22: Connection timed out
2026-05-20 03:19:55,196 ERROR Guest disk op failed ec=255 vm=ahv_ins_delete-0-260518-192344 ip=10.114.120.177 — ssh: connect to host 10.114.120.177 port 22: Connection timed out
2026-05-20 03:19:55,197 WARNING Guest disk op wall 30.3s (vm='ahv_ins_delete-0-260518-192344' ip=10.114.120.177 op=update ec=255) — includes SSH + guest disk command; if still high, check guest disk throughput vs. MiB settings.
2026-05-20 03:19:55,197 DEBUG [155/1171] VM 3a87d8c3… (ahv_ins_delete-0-260518-193453) via 10.114.120.165 op=update
2026-05-20 03:19:55,197 DEBUG   remote: bash -lc 'set -e; _bs(){ printf '"'"'BULK_SNAP_T %s %s\n'"'"' "$1" "$(date +%s.%N 2>/dev/null || date +%s)"; }; _bs guest_start; _bs pipeline_start; openssl enc -aes-256-ctr -pass pass:"testing" -nosalt < /dev/zero 2>/dev/null | dd of=/root/dummy_snapshot_data_1.img bs=1M count=500 iflag=fullblock conv=notrunc status=progress; ec=$?; _bs pipeline_done; _bs guest_end; exit $ec'
2026-05-20 03:19:55,202 DEBUG   ssh: connect to host 10.114.113.64 port 22: Connection timed out
2026-05-20 03:19:55,202 ERROR Guest disk op failed ec=255 vm=ahv_ins_delete-0-260518-192608 ip=10.114.113.64 — ssh: connect to host 10.114.113.64 port 22: Connection timed out
2026-05-20 03:19:55,202 WARNING Guest disk op wall 30.3s (vm='ahv_ins_delete-0-260518-192608' ip=10.114.113.64 op=update ec=255) — includes SSH + guest disk command; if still high, check guest disk throughput vs. MiB settings.
2026-05-20 03:19:55,203 DEBUG [156/1171] VM 32e3a70f… (ahv_ins_delete-0-260518-193648) via 10.114.113.72 op=update
2026-05-20 03:19:55,203 DEBUG   remote: bash -lc 'set -e; _bs(){ printf '"'"'BULK_SNAP_T %s %s\n'"'"' "$1" "$(date +%s.%N 2>/dev/null || date +%s)"; }; _bs guest_start; _bs pipeline_start; openssl enc -aes-256-ctr -pass pass:"testing" -nosalt < /dev/zero 2>/dev/null | dd of=/root/dummy_snapshot_data_1.img bs=1M count=500 iflag=fullblock conv=notrunc status=progress; ec=$?; _bs pipeline_done; _bs guest_end; exit $ec'
2026-05-20 03:19:55,433 DEBUG   ssh: connect to host 10.114.120.178 port 22: Connection timed out
2026-05-20 03:19:55,433 DEBUG   ssh: connect to host 10.114.113.67 port 22: Connection timed out
2026-05-20 03:19:55,433 ERROR Guest disk op failed ec=255 vm=ahv_ins_delete-0-260518-192713 ip=10.114.120.178 — ssh: connect to host 10.114.120.178 port 22: Connection timed out
2026-05-20 03:19:55,433 ERROR Guest disk op failed ec=255 vm=ahv_ins_delete-0-260518-192640 ip=10.114.113.67 — ssh: connect to host 10.114.113.67 port 22: Connection timed out
2026-05-20 03:19:55,434 WARNING Guest disk op wall 30.3s (vm='ahv_ins_delete-0-260518-192640' ip=10.114.113.67 op=update ec=255) — includes SSH + guest disk command; if still high, check guest disk throughput vs. MiB settings.
2026-05-20 03:19:55,434 WARNING Guest disk op wall 30.3s (vm='ahv_ins_delete-0-260518-192713' ip=10.114.120.178 op=update ec=255) — includes SSH + guest disk command; if still high, check guest disk throughput vs. MiB settings.
2026-05-20 03:19:55,434 DEBUG [157/1171] VM 2450c996… (ahv_ins_delete-0-260518-193733) via 10.114.113.75 op=update
2026-05-20 03:19:55,435 DEBUG [158/1171] VM 29ec2b01… (ahv_ins_delete-0-260518-193807) via 10.114.120.166 op=update
2026-05-20 03:19:55,435 DEBUG   remote: bash -lc 'set -e; _bs(){ printf '"'"'BULK_SNAP_T %s %s\n'"'"' "$1" "$(date +%s.%N 2>/dev/null || date +%s)"; }; _bs guest_start; _bs pipeline_start; openssl enc -aes-256-ctr -pass pass:"testing" -nosalt < /dev/zero 2>/dev/null | dd of=/root/dummy_snapshot_data_1.img bs=1M count=500 iflag=fullblock conv=notrunc status=progress; ec=$?; _bs pipeline_done; _bs guest_end; exit $ec'
2026-05-20 03:19:55,435 DEBUG   remote: bash -lc 'set -e; _bs(){ printf '"'"'BULK_SNAP_T %s %s\n'"'"' "$1" "$(date +%s.%N 2>/dev/null || date +%s)"; }; _bs guest_start; _bs pipeline_start; openssl enc -aes-256-ctr -pass pass:"testing" -nosalt < /dev/zero 2>/dev/null | dd of=/root/dummy_snapshot_data_1.img bs=1M count=500 iflag=fullblock conv=notrunc status=progress; ec=$?; _bs pipeline_done; _bs guest_end; exit $ec'
2026-05-20 03:19:55,444 DEBUG   ssh: connect to host 10.114.120.188 port 22: Connection timed out
2026-05-20 03:19:55,444 ERROR Guest disk op failed ec=255 vm=ahv_ins_delete-0-260518-192737 ip=10.114.120.188 — ssh: connect to host 10.114.120.188 port 22: Connection timed out
2026-05-20 03:19:55,444 WARNING Guest disk op wall 30.3s (vm='ahv_ins_delete-0-260518-192737' ip=10.114.120.188 op=update ec=255) — includes SSH + guest disk command; if still high, check guest disk throughput vs. MiB settings.
2026-05-20 03:19:55,444 DEBUG [159/1171] VM 5b1d7c5b… (ahv_ins_delete-0-260518-193852) via 10.114.120.161 op=update
2026-05-20 03:19:55,444 DEBUG   remote: bash -lc 'set -e; _bs(){ printf '"'"'BULK_SNAP_T %s %s\n'"'"' "$1" "$(date +%s.%N 2>/dev/null || date +%s)"; }; _bs guest_start; _bs pipeline_start; openssl enc -aes-256-ctr -pass pass:"testing" -nosalt < /dev/zero 2>/dev/null | dd of=/root/dummy_snapshot_data_1.img bs=1M count=500 iflag=fullblock conv=notrunc status=progress; ec=$?; _bs pipeline_done; _bs guest_end; exit $ec'
2026-05-20 03:19:55,701 DEBUG   ssh: connect to host 10.114.113.66 port 22: Connection timed out
2026-05-20 03:19:55,701 ERROR Guest disk op failed ec=255 vm=ahv_ins_delete-0-260518-192854 ip=10.114.113.66 — ssh: connect to host 10.114.113.66 port 22: Connection timed out
2026-05-20 03:19:55,701 WARNING Guest disk op wall 30.3s (vm='ahv_ins_delete-0-260518-192854' ip=10.114.113.66 op=update ec=255) — includes SSH + guest disk command; if still high, check guest disk throughput vs. MiB settings.
2026-05-20 03:19:55,702 DEBUG [160/1171] VM 9c6fc4cf… (ahv_ins_delete-0-260518-193948) via 10.114.113.53 op=update
2026-05-20 03:19:55,702 DEBUG   remote: bash -lc 'set -e; _bs(){ printf '"'"'BULK_SNAP_T %s %s\n'"'"' "$1" "$(date +%s.%N 2>/dev/null || date +%s)"; }; _bs guest_start; _bs pipeline_start; openssl enc -aes-256-ctr -pass pass:"testing" -nosalt < /dev/zero 2>/dev/null | dd of=/root/dummy_snapshot_data_1.img bs=1M count=500 iflag=fullblock conv=notrunc status=progress; ec=$?; _bs pipeline_done; _bs guest_end; exit $ec'
2026-05-20 03:19:55,705 DEBUG   ssh: connect to host 10.114.120.190 port 22: Connection timed out
2026-05-20 03:19:55,705 ERROR Guest disk op failed ec=255 vm=ahv_ins_delete-0-260518-193146 ip=10.114.120.190 — ssh: connect to host 10.114.120.190 port 22: Connection timed out
2026-05-20 03:19:55,706 WARNING Guest disk op wall 30.3s (vm='ahv_ins_delete-0-260518-193146' ip=10.114.120.190 op=update ec=255) — includes SSH + guest disk command; if still high, check guest disk throughput vs. MiB settings.
2026-05-20 03:19:55,706 DEBUG [161/1171] VM bd8d71ab… (ahv_ins_delete-0-260518-194152) via 10.114.113.52 op=update
2026-05-20 03:19:55,706 DEBUG   remote: bash -lc 'set -e; _bs(){ printf '"'"'BULK_SNAP_T %s %s\n'"'"' "$1" "$(date +%s.%N 2>/dev/null || date +%s)"; }; _bs guest_start; _bs pipeline_start; openssl enc -aes-256-ctr -pass pass:"testing" -nosalt < /dev/zero 2>/dev/null | dd of=/root/dummy_snapshot_data_1.img bs=1M count=500 iflag=fullblock conv=notrunc status=progress; ec=$?; _bs pipeline_done; _bs guest_end; exit $ec'
2026-05-20 03:19:55,933 DEBUG   ssh: connect to host 10.114.120.185 port 22: Connection timed out
2026-05-20 03:19:55,933 ERROR Guest disk op failed ec=255 vm=ahv_ins_delete-0-260518-193216 ip=10.114.120.185 — ssh: connect to host 10.114.120.185 port 22: Connection timed out
2026-05-20 03:19:55,933 WARNING Guest disk op wall 30.3s (vm='ahv_ins_delete-0-260518-193216' ip=10.114.120.185 op=update ec=255) — includes SSH + guest disk command; if still high, check guest disk throughput vs. MiB settings.
2026-05-20 03:19:55,933 DEBUG [162/1171] VM 5cba6205… (ahv_ins_delete-0-260518-194232) via 10.114.113.55 op=update
2026-05-20 03:19:55,934 DEBUG   remote: bash -lc 'set -e; _bs(){ printf '"'"'BULK_SNAP_T %s %s\n'"'"' "$1" "$(date +%s.%N 2>/dev/null || date +%s)"; }; _bs guest_start; _bs pipeline_start; openssl enc -aes-256-ctr -pass pass:"testing" -nosalt < /dev/zero 2>/dev/null | dd of=/root/dummy_snapshot_data_1.img bs=1M count=500 iflag=fullblock conv=notrunc status=progress; ec=$?; _bs pipeline_done; _bs guest_end; exit $ec'
2026-05-20 03:19:55,955 DEBUG   ssh: connect to host 10.114.120.187 port 22: Connection timed out
2026-05-20 03:19:55,955 ERROR Guest disk op failed ec=255 vm=ahv_ins_delete-0-260518-193311 ip=10.114.120.187 — ssh: connect to host 10.114.120.187 port 22: Connection timed out
2026-05-20 03:19:55,955 WARNING Guest disk op wall 30.3s (vm='ahv_ins_delete-0-260518-193311' ip=10.114.120.187 op=update ec=255) — includes SSH + guest disk command; if still high, check guest disk throughput vs. MiB settings.
2026-05-20 03:19:55,956 DEBUG [163/1171] VM 85dff304… (ahv_ins_delete-0-260518-194300) via 10.114.113.49 op=update
2026-05-20 03:19:55,956 DEBUG   remote: bash -lc 'set -e; _bs(){ printf '"'"'BULK_SNAP_T %s %s\n'"'"' "$1" "$(date +%s.%N 2>/dev/null || date +%s)"; }; _bs guest_start; _bs pipeline_start; openssl enc -aes-256-ctr -pass pass:"testing" -nosalt < /dev/zero 2>/dev/null | dd of=/root/dummy_snapshot_data_1.img bs=1M count=500 iflag=fullblock conv=notrunc status=progress; ec=$?; _bs pipeline_done; _bs guest_end; exit $ec'
2026-05-20 03:19:57,230 DEBUG   ssh: connect to host 10.114.120.186 port 22: Connection timed out
2026-05-20 03:19:57,230 ERROR Guest disk op failed ec=255 vm=ahv_ins_delete-0-260518-193328 ip=10.114.120.186 — ssh: connect to host 10.114.120.186 port 22: Connection timed out
2026-05-20 03:19:57,230 WARNING Guest disk op wall 30.3s (vm='ahv_ins_delete-0-260518-193328' ip=10.114.120.186 op=update ec=255) — includes SSH + guest disk command; if still high, check guest disk throughput vs. MiB settings.
2026-05-20 03:19:57,231 DEBUG [164/1171] VM 45f20430… (ahv_ins_delete-0-260518-194356) via 10.114.120.163 op=update
2026-05-20 03:19:57,231 DEBUG   remote: bash -lc 'set -e; _bs(){ printf '"'"'BULK_SNAP_T %s %s\n'"'"' "$1" "$(date +%s.%N 2>/dev/null || date +%s)"; }; _bs guest_start; _bs pipeline_start; openssl enc -aes-256-ctr -pass pass:"testing" -nosalt < /dev/zero 2>/dev/null | dd of=/root/dummy_snapshot_data_1.img bs=1M count=500 iflag=fullblock conv=notrunc status=progress; ec=$?; _bs pipeline_done; _bs guest_end; exit $ec'
2026-05-20 03:20:25,453 DEBUG   ssh: connect to host 10.114.120.166 port 22: Connection timed out
2026-05-20 03:20:25,453 ERROR Guest disk op failed ec=255 vm=ahv_ins_delete-0-260518-193807 ip=10.114.120.166 — ssh: connect to host 10.114.120.166 port 22: Connection timed out
2026-05-20 03:20:25,453 WARNING Guest disk op wall 30.0s (vm='ahv_ins_delete-0-260518-193807' ip=10.114.120.166 op=update ec=255) — includes SSH + guest disk command; if still high, check guest disk throughput vs. MiB settings.
2026-05-20 03:20:25,453 DEBUG [165/1171] VM 730d5175… (ahv_ins_delete-0-260518-194448) via 10.114.120.162 op=update
2026-05-20 03:20:25,454 DEBUG   remote: bash -lc 'set -e; _bs(){ printf '"'"'BULK_SNAP_T %s %s\n'"'"' "$1" "$(date +%s.%N 2>/dev/null || date +%s)"; }; _bs guest_start; _bs pipeline_start; openssl enc -aes-256-ctr -pass pass:"testing" -nosalt < /dev/zero 2>/dev/null | dd of=/root/dummy_snapshot_data_1.img bs=1M count=500 iflag=fullblock conv=notrunc status=progress; ec=$?; _bs pipeline_done; _bs guest_end; exit $ec'
2026-05-20 03:20:25,463 DEBUG   ssh: connect to host 10.114.120.165 port 22: Connection timed out
2026-05-20 03:20:25,463 ERROR Guest disk op failed ec=255 vm=ahv_ins_delete-0-260518-193453 ip=10.114.120.165 — ssh: connect to host 10.114.120.165 port 22: Connection timed out
2026-05-20 03:20:25,464 WARNING Guest disk op wall 30.3s (vm='ahv_ins_delete-0-260518-193453' ip=10.114.120.165 op=update ec=255) — includes SSH + guest disk command; if still high, check guest disk throughput vs. MiB settings.
2026-05-20 03:20:25,464 DEBUG [166/1171] VM 2d5113d1… (ahv_ins_delete-0-260518-194704) via 10.114.113.61 op=update
2026-05-20 03:20:25,464 DEBUG   remote: bash -lc 'set -e; _bs(){ printf '"'"'BULK_SNAP_T %s %s\n'"'"' "$1" "$(date +%s.%N 2>/dev/null || date +%s)"; }; _bs guest_start; _bs pipeline_start; openssl enc -aes-256-ctr -pass pass:"testing" -nosalt < /dev/zero 2>/dev/null | dd of=/root/dummy_snapshot_data_1.img bs=1M count=500 iflag=fullblock conv=notrunc status=progress; ec=$?; _bs pipeline_done; _bs guest_end; exit $ec'
2026-05-20 03:20:25,469 DEBUG   ssh: connect to host 10.114.113.72 port 22: Connection timed out
2026-05-20 03:20:25,469 ERROR Guest disk op failed ec=255 vm=ahv_ins_delete-0-260518-193648 ip=10.114.113.72 — ssh: connect to host 10.114.113.72 port 22: Connection timed out
2026-05-20 03:20:25,469 WARNING Guest disk op wall 30.3s (vm='ahv_ins_delete-0-260518-193648' ip=10.114.113.72 op=update ec=255) — includes SSH + guest disk command; if still high, check guest disk throughput vs. MiB settings.
2026-05-20 03:20:25,469 DEBUG [167/1171] VM 7a3c66cf… (ahv_ins_delete-0-260518-194733) via 10.114.113.60 op=update
2026-05-20 03:20:25,470 DEBUG   remote: bash -lc 'set -e; _bs(){ printf '"'"'BULK_SNAP_T %s %s\n'"'"' "$1" "$(date +%s.%N 2>/dev/null || date +%s)"; }; _bs guest_start; _bs pipeline_start; openssl enc -aes-256-ctr -pass pass:"testing" -nosalt < /dev/zero 2>/dev/null | dd of=/root/dummy_snapshot_data_1.img bs=1M count=500 iflag=fullblock conv=notrunc status=progress; ec=$?; _bs pipeline_done; _bs guest_end; exit $ec'
2026-05-20 03:20:25,703 DEBUG   ssh: connect to host 10.114.113.75 port 22: Connection timed out
2026-05-20 03:20:25,703 ERROR Guest disk op failed ec=255 vm=ahv_ins_delete-0-260518-193733 ip=10.114.113.75 — ssh: connect to host 10.114.113.75 port 22: Connection timed out
2026-05-20 03:20:25,703 WARNING Guest disk op wall 30.3s (vm='ahv_ins_delete-0-260518-193733' ip=10.114.113.75 op=update ec=255) — includes SSH + guest disk command; if still high, check guest disk throughput vs. MiB settings.
2026-05-20 03:20:25,704 DEBUG [168/1171] VM 880d0092… (ahv_ins_delete-0-260518-194830) via 10.114.120.173 op=update
2026-05-20 03:20:25,704 DEBUG   remote: bash -lc 'set -e; _bs(){ printf '"'"'BULK_SNAP_T %s %s\n'"'"' "$1" "$(date +%s.%N 2>/dev/null || date +%s)"; }; _bs guest_start; _bs pipeline_start; openssl enc -aes-256-ctr -pass pass:"testing" -nosalt < /dev/zero 2>/dev/null | dd of=/root/dummy_snapshot_data_1.img bs=1M count=500 iflag=fullblock conv=notrunc status=progress; ec=$?; _bs pipeline_done; _bs guest_end; exit $ec'
2026-05-20 03:20:25,708 DEBUG   ssh: connect to host 10.114.120.161 port 22: Connection timed out
2026-05-20 03:20:25,708 ERROR Guest disk op failed ec=255 vm=ahv_ins_delete-0-260518-193852 ip=10.114.120.161 — ssh: connect to host 10.114.120.161 port 22: Connection timed out
2026-05-20 03:20:25,708 WARNING Guest disk op wall 30.3s (vm='ahv_ins_delete-0-260518-193852' ip=10.114.120.161 op=update ec=255) — includes SSH + guest disk command; if still high, check guest disk throughput vs. MiB settings.
2026-05-20 03:20:25,709 DEBUG [169/1171] VM 071273e2… (ahv_ins_delete-0-260518-194904) via 10.114.120.172 op=update
2026-05-20 03:20:25,709 DEBUG   remote: bash -lc 'set -e; _bs(){ printf '"'"'BULK_SNAP_T %s %s\n'"'"' "$1" "$(date +%s.%N 2>/dev/null || date +%s)"; }; _bs guest_start; _bs pipeline_start; openssl enc -aes-256-ctr -pass pass:"testing" -nosalt < /dev/zero 2>/dev/null | dd of=/root/dummy_snapshot_data_1.img bs=1M count=500 iflag=fullblock conv=notrunc status=progress; ec=$?; _bs pipeline_done; _bs guest_end; exit $ec'
2026-05-20 03:20:25,723 DEBUG   ssh: connect to host 10.114.113.60 port 22: Connection reset by peer
2026-05-20 03:20:25,723 ERROR Guest disk op failed ec=255 vm=ahv_ins_delete-0-260518-194733 ip=10.114.113.60 — ssh: connect to host 10.114.113.60 port 22: Connection reset by peer
2026-05-20 03:20:25,724 DEBUG [170/1171] VM f46af92d… (ahv_ins_delete-0-260518-195029) via 10.114.120.175 op=update
2026-05-20 03:20:25,724 DEBUG   remote: bash -lc 'set -e; _bs(){ printf '"'"'BULK_SNAP_T %s %s\n'"'"' "$1" "$(date +%s.%N 2>/dev/null || date +%s)"; }; _bs guest_start; _bs pipeline_start; openssl enc -aes-256-ctr -pass pass:"testing" -nosalt < /dev/zero 2>/dev/null | dd of=/root/dummy_snapshot_data_1.img bs=1M count=500 iflag=fullblock conv=notrunc status=progress; ec=$?; _bs pipeline_done; _bs guest_end; exit $ec'
2026-05-20 03:20:25,970 DEBUG   ssh: connect to host 10.114.113.49 port 22: Connection timed out
2026-05-20 03:20:25,971 ERROR Guest disk op failed ec=255 vm=ahv_ins_delete-0-260518-194300 ip=10.114.113.49 — ssh: connect to host 10.114.113.49 port 22: Connection timed out
2026-05-20 03:20:25,971 WARNING Guest disk op wall 30.0s (vm='ahv_ins_delete-0-260518-194300' ip=10.114.113.49 op=update ec=255) — includes SSH + guest disk command; if still high, check guest disk throughput vs. MiB settings.
2026-05-20 03:20:25,971 DEBUG [171/1171] VM abd70fd2… (ahv_ins_delete-0-260518-195210) via 10.114.120.174 op=update
2026-05-20 03:20:25,972 DEBUG   remote: bash -lc 'set -e; _bs(){ printf '"'"'BULK_SNAP_T %s %s\n'"'"' "$1" "$(date +%s.%N 2>/dev/null || date +%s)"; }; _bs guest_start; _bs pipeline_start; openssl enc -aes-256-ctr -pass pass:"testing" -nosalt < /dev/zero 2>/dev/null | dd of=/root/dummy_snapshot_data_1.img bs=1M count=500 iflag=fullblock conv=notrunc status=progress; ec=$?; _bs pipeline_done; _bs guest_end; exit $ec'
2026-05-20 03:20:25,973 DEBUG   ssh: connect to host 10.114.113.53 port 22: Connection timed out
2026-05-20 03:20:25,973 ERROR Guest disk op failed ec=255 vm=ahv_ins_delete-0-260518-193948 ip=10.114.113.53 — ssh: connect to host 10.114.113.53 port 22: Connection timed out
2026-05-20 03:20:25,973 DEBUG   ssh: connect to host 10.114.113.52 port 22: Connection timed out
2026-05-20 03:20:25,973 WARNING Guest disk op wall 30.3s (vm='ahv_ins_delete-0-260518-193948' ip=10.114.113.53 op=update ec=255) — includes SSH + guest disk command; if still high, check guest disk throughput vs. MiB settings.
2026-05-20 03:20:25,975 ERROR Guest disk op failed ec=255 vm=ahv_ins_delete-0-260518-194152 ip=10.114.113.52 — ssh: connect to host 10.114.113.52 port 22: Connection timed out
2026-05-20 03:20:25,976 DEBUG [172/1171] VM 8d479321… (ahv_ins_delete-0-260518-195247) via 10.114.113.57 op=update
2026-05-20 03:20:25,976 WARNING Guest disk op wall 30.3s (vm='ahv_ins_delete-0-260518-194152' ip=10.114.113.52 op=update ec=255) — includes SSH + guest disk command; if still high, check guest disk throughput vs. MiB settings.
2026-05-20 03:20:25,977 DEBUG   remote: bash -lc 'set -e; _bs(){ printf '"'"'BULK_SNAP_T %s %s\n'"'"' "$1" "$(date +%s.%N 2>/dev/null || date +%s)"; }; _bs guest_start; _bs pipeline_start; openssl enc -aes-256-ctr -pass pass:"testing" -nosalt < /dev/zero 2>/dev/null | dd of=/root/dummy_snapshot_data_1.img bs=1M count=500 iflag=fullblock conv=notrunc status=progress; ec=$?; _bs pipeline_done; _bs guest_end; exit $ec'
2026-05-20 03:20:25,977 DEBUG [173/1171] VM 53ac9c18… (ahv_ins_delete-0-260518-195313) via 10.114.113.56 op=update
2026-05-20 03:20:25,977 DEBUG   remote: bash -lc 'set -e; _bs(){ printf '"'"'BULK_SNAP_T %s %s\n'"'"' "$1" "$(date +%s.%N 2>/dev/null || date +%s)"; }; _bs guest_start; _bs pipeline_start; openssl enc -aes-256-ctr -pass pass:"testing" -nosalt < /dev/zero 2>/dev/null | dd of=/root/dummy_snapshot_data_1.img bs=1M count=500 iflag=fullblock conv=notrunc status=progress; ec=$?; _bs pipeline_done; _bs guest_end; exit $ec'
2026-05-20 03:20:25,982 DEBUG   ssh: connect to host 10.114.120.175 port 22: Connection reset by peer
2026-05-20 03:20:25,982 ERROR Guest disk op failed ec=255 vm=ahv_ins_delete-0-260518-195029 ip=10.114.120.175 — ssh: connect to host 10.114.120.175 port 22: Connection reset by peer
2026-05-20 03:20:25,983 DEBUG [174/1171] VM a82abd78… (ahv_ins_delete-0-260518-195357) via 10.114.120.171 op=update
2026-05-20 03:20:25,983 DEBUG   remote: bash -lc 'set -e; _bs(){ printf '"'"'BULK_SNAP_T %s %s\n'"'"' "$1" "$(date +%s.%N 2>/dev/null || date +%s)"; }; _bs guest_start; _bs pipeline_start; openssl enc -aes-256-ctr -pass pass:"testing" -nosalt < /dev/zero 2>/dev/null | dd of=/root/dummy_snapshot_data_1.img bs=1M count=500 iflag=fullblock conv=notrunc status=progress; ec=$?; _bs pipeline_done; _bs guest_end; exit $ec'
2026-05-20 03:20:26,203 DEBUG   ssh: connect to host 10.114.113.55 port 22: Connection timed out
2026-05-20 03:20:26,203 ERROR Guest disk op failed ec=255 vm=ahv_ins_delete-0-260518-194232 ip=10.114.113.55 — ssh: connect to host 10.114.113.55 port 22: Connection timed out
2026-05-20 03:20:26,203 WARNING Guest disk op wall 30.3s (vm='ahv_ins_delete-0-260518-194232' ip=10.114.113.55 op=update ec=255) — includes SSH + guest disk command; if still high, check guest disk throughput vs. MiB settings.
2026-05-20 03:20:26,204 DEBUG [175/1171] VM 27a057be… (ahv_ins_delete-0-260518-195500) via 10.114.120.170 op=update
2026-05-20 03:20:26,204 DEBUG   remote: bash -lc 'set -e; _bs(){ printf '"'"'BULK_SNAP_T %s %s\n'"'"' "$1" "$(date +%s.%N 2>/dev/null || date +%s)"; }; _bs guest_start; _bs pipeline_start; openssl enc -aes-256-ctr -pass pass:"testing" -nosalt < /dev/zero 2>/dev/null | dd of=/root/dummy_snapshot_data_1.img bs=1M count=500 iflag=fullblock conv=notrunc status=progress; ec=$?; _bs pipeline_done; _bs guest_end; exit $ec'
2026-05-20 03:20:26,234 DEBUG   ssh: connect to host 10.114.113.56 port 22: Connection reset by peer
2026-05-20 03:20:26,234 ERROR Guest disk op failed ec=255 vm=ahv_ins_delete-0-260518-195313 ip=10.114.113.56 — ssh: connect to host 10.114.113.56 port 22: Connection reset by peer
2026-05-20 03:20:26,234 DEBUG [176/1171] VM d47f1c61… (ahv_ins_delete-0-260518-195712) via 10.114.120.149 op=update
2026-05-20 03:20:26,235 DEBUG   remote: bash -lc 'set -e; _bs(){ printf '"'"'BULK_SNAP_T %s %s\n'"'"' "$1" "$(date +%s.%N 2>/dev/null || date +%s)"; }; _bs guest_start; _bs pipeline_start; openssl enc -aes-256-ctr -pass pass:"testing" -nosalt < /dev/zero 2>/dev/null | dd of=/root/dummy_snapshot_data_1.img bs=1M count=500 iflag=fullblock conv=notrunc status=progress; ec=$?; _bs pipeline_done; _bs guest_end; exit $ec'
2026-05-20 03:20:26,237 DEBUG   ssh: connect to host 10.114.120.171 port 22: Connection reset by peer
2026-05-20 03:20:26,237 ERROR Guest disk op failed ec=255 vm=ahv_ins_delete-0-260518-195357 ip=10.114.120.171 — ssh: connect to host 10.114.120.171 port 22: Connection reset by peer
2026-05-20 03:20:26,238 DEBUG [177/1171] VM 4cb62432… (ahv_ins_delete-0-260518-195745) via 10.114.120.148 op=update
2026-05-20 03:20:26,238 DEBUG   remote: bash -lc 'set -e; _bs(){ printf '"'"'BULK_SNAP_T %s %s\n'"'"' "$1" "$(date +%s.%N 2>/dev/null || date +%s)"; }; _bs guest_start; _bs pipeline_start; openssl enc -aes-256-ctr -pass pass:"testing" -nosalt < /dev/zero 2>/dev/null | dd of=/root/dummy_snapshot_data_1.img bs=1M count=500 iflag=fullblock conv=notrunc status=progress; ec=$?; _bs pipeline_done; _bs guest_end; exit $ec'
2026-05-20 03:20:26,458 DEBUG   ssh: connect to host 10.114.120.170 port 22: Connection reset by peer
2026-05-20 03:20:26,458 ERROR Guest disk op failed ec=255 vm=ahv_ins_delete-0-260518-195500 ip=10.114.120.170 — ssh: connect to host 10.114.120.170 port 22: Connection reset by peer
2026-05-20 03:20:26,459 DEBUG [178/1171] VM 12be1479… (ahv_ins_delete-0-260518-195808) via 10.114.113.37 op=update
2026-05-20 03:20:26,459 DEBUG   remote: bash -lc 'set -e; _bs(){ printf '"'"'BULK_SNAP_T %s %s\n'"'"' "$1" "$(date +%s.%N 2>/dev/null || date +%s)"; }; _bs guest_start; _bs pipeline_start; openssl enc -aes-256-ctr -pass pass:"testing" -nosalt < /dev/zero 2>/dev/null | dd of=/root/dummy_snapshot_data_1.img bs=1M count=500 iflag=fullblock conv=notrunc status=progress; ec=$?; _bs pipeline_done; _bs guest_end; exit $ec'
2026-05-20 03:20:26,489 DEBUG   ssh: connect to host 10.114.120.149 port 22: Connection reset by peer
2026-05-20 03:20:26,489 ERROR Guest disk op failed ec=255 vm=ahv_ins_delete-0-260518-195712 ip=10.114.120.149 — ssh: connect to host 10.114.120.149 port 22: Connection reset by peer
2026-05-20 03:20:26,489 DEBUG [179/1171] VM f2d9de75… (ahv_ins_delete-0-260518-195910) via 10.114.113.39 op=update
2026-05-20 03:20:26,490 DEBUG   remote: bash -lc 'set -e; _bs(){ printf '"'"'BULK_SNAP_T %s %s\n'"'"' "$1" "$(date +%s.%N 2>/dev/null || date +%s)"; }; _bs guest_start; _bs pipeline_start; openssl enc -aes-256-ctr -pass pass:"testing" -nosalt < /dev/zero 2>/dev/null | dd of=/root/dummy_snapshot_data_1.img bs=1M count=500 iflag=fullblock conv=notrunc status=progress; ec=$?; _bs pipeline_done; _bs guest_end; exit $ec'
2026-05-20 03:20:27,249 DEBUG   ssh: connect to host 10.114.120.163 port 22: Connection timed out
2026-05-20 03:20:27,249 ERROR Guest disk op failed ec=255 vm=ahv_ins_delete-0-260518-194356 ip=10.114.120.163 — ssh: connect to host 10.114.120.163 port 22: Connection timed out
2026-05-20 03:20:27,249 WARNING Guest disk op wall 30.0s (vm='ahv_ins_delete-0-260518-194356' ip=10.114.120.163 op=update ec=255) — includes SSH + guest disk command; if still high, check guest disk throughput vs. MiB settings.
2026-05-20 03:20:27,250 DEBUG [180/1171] VM 3e8d15f0… (ahv_ins_delete-0-260518-195944) via 10.114.113.38 op=update
2026-05-20 03:20:27,250 DEBUG   remote: bash -lc 'set -e; _bs(){ printf '"'"'BULK_SNAP_T %s %s\n'"'"' "$1" "$(date +%s.%N 2>/dev/null || date +%s)"; }; _bs guest_start; _bs pipeline_start; openssl enc -aes-256-ctr -pass pass:"testing" -nosalt < /dev/zero 2>/dev/null | dd of=/root/dummy_snapshot_data_1.img bs=1M count=500 iflag=fullblock conv=notrunc status=progress; ec=$?; _bs pipeline_done; _bs guest_end; exit $ec'
2026-05-20 03:20:55,480 DEBUG   ssh: connect to host 10.114.113.61 port 22: Connection timed out
2026-05-20 03:20:55,481 ERROR Guest disk op failed ec=255 vm=ahv_ins_delete-0-260518-194704 ip=10.114.113.61 — ssh: connect to host 10.114.113.61 port 22: Connection timed out
2026-05-20 03:20:55,481 WARNING Guest disk op wall 30.0s (vm='ahv_ins_delete-0-260518-194704' ip=10.114.113.61 op=update ec=255) — includes SSH + guest disk command; if still high, check guest disk throughput vs. MiB settings.
2026-05-20 03:20:55,481 DEBUG [181/1171] VM 5772e922… (ahv_ins_delete-0-260518-200313) via 10.114.113.33 op=update
2026-05-20 03:20:55,481 DEBUG   remote: bash -lc 'set -e; _bs(){ printf '"'"'BULK_SNAP_T %s %s\n'"'"' "$1" "$(date +%s.%N 2>/dev/null || date +%s)"; }; _bs guest_start; _bs pipeline_start; openssl enc -aes-256-ctr -pass pass:"testing" -nosalt < /dev/zero 2>/dev/null | dd of=/root/dummy_snapshot_data_1.img bs=1M count=500 iflag=fullblock conv=notrunc status=progress; ec=$?; _bs pipeline_done; _bs guest_end; exit $ec'
2026-05-20 03:20:55,726 DEBUG   ssh: connect to host 10.114.120.162 port 22: Connection timed out
2026-05-20 03:20:55,727 ERROR Guest disk op failed ec=255 vm=ahv_ins_delete-0-260518-194448 ip=10.114.120.162 — ssh: connect to host 10.114.120.162 port 22: Connection timed out
2026-05-20 03:20:55,727 WARNING Guest disk op wall 30.3s (vm='ahv_ins_delete-0-260518-194448' ip=10.114.120.162 op=update ec=255) — includes SSH + guest disk command; if still high, check guest disk throughput vs. MiB settings.
2026-05-20 03:20:55,727 DEBUG [182/1171] VM cd279550… (ahv_ins_delete-0-260518-200344) via 10.114.120.144 op=update
2026-05-20 03:20:55,728 DEBUG   remote: bash -lc 'set -e; _bs(){ printf '"'"'BULK_SNAP_T %s %s\n'"'"' "$1" "$(date +%s.%N 2>/dev/null || date +%s)"; }; _bs guest_start; _bs pipeline_start; openssl enc -aes-256-ctr -pass pass:"testing" -nosalt < /dev/zero 2>/dev/null | dd of=/root/dummy_snapshot_data_1.img bs=1M count=500 iflag=fullblock conv=notrunc status=progress; ec=$?; _bs pipeline_done; _bs guest_end; exit $ec'
2026-05-20 03:20:55,977 DEBUG   ssh: connect to host 10.114.120.173 port 22: Connection timed out
2026-05-20 03:20:55,977 DEBUG   ssh: connect to host 10.114.120.172 port 22: Connection timed out
2026-05-20 03:20:55,977 ERROR Guest disk op failed ec=255 vm=ahv_ins_delete-0-260518-194830 ip=10.114.120.173 — ssh: connect to host 10.114.120.173 port 22: Connection timed out
2026-05-20 03:20:55,977 ERROR Guest disk op failed ec=255 vm=ahv_ins_delete-0-260518-194904 ip=10.114.120.172 — ssh: connect to host 10.114.120.172 port 22: Connection timed out
2026-05-20 03:20:55,977 WARNING Guest disk op wall 30.3s (vm='ahv_ins_delete-0-260518-194830' ip=10.114.120.173 op=update ec=255) — includes SSH + guest disk command; if still high, check guest disk throughput vs. MiB settings.
2026-05-20 03:20:55,977 WARNING Guest disk op wall 30.3s (vm='ahv_ins_delete-0-260518-194904' ip=10.114.120.172 op=update ec=255) — includes SSH + guest disk command; if still high, check guest disk throughput vs. MiB settings.
2026-05-20 03:20:55,978 DEBUG [183/1171] VM 5d17e0d7… (ahv_ins_delete-0-260518-200429) via 10.114.120.147 op=update
2026-05-20 03:20:55,978 DEBUG [184/1171] VM a5565af1… (ahv_ins_delete-0-260518-200530) via 10.114.113.35 op=update
2026-05-20 03:20:55,979 DEBUG   remote: bash -lc 'set -e; _bs(){ printf '"'"'BULK_SNAP_T %s %s\n'"'"' "$1" "$(date +%s.%N 2>/dev/null || date +%s)"; }; _bs guest_start; _bs pipeline_start; openssl enc -aes-256-ctr -pass pass:"testing" -nosalt < /dev/zero 2>/dev/null | dd of=/root/dummy_snapshot_data_1.img bs=1M count=500 iflag=fullblock conv=notrunc status=progress; ec=$?; _bs pipeline_done; _bs guest_end; exit $ec'
2026-05-20 03:20:55,979 DEBUG   remote: bash -lc 'set -e; _bs(){ printf '"'"'BULK_SNAP_T %s %s\n'"'"' "$1" "$(date +%s.%N 2>/dev/null || date +%s)"; }; _bs guest_start; _bs pipeline_start; openssl enc -aes-256-ctr -pass pass:"testing" -nosalt < /dev/zero 2>/dev/null | dd of=/root/dummy_snapshot_data_1.img bs=1M count=500 iflag=fullblock conv=notrunc status=progress; ec=$?; _bs pipeline_done; _bs guest_end; exit $ec'
2026-05-20 03:20:56,238 DEBUG   ssh: connect to host 10.114.120.174 port 22: Connection timed out
2026-05-20 03:20:56,239 ERROR Guest disk op failed ec=255 vm=ahv_ins_delete-0-260518-195210 ip=10.114.120.174 — ssh: connect to host 10.114.120.174 port 22: Connection timed out
2026-05-20 03:20:56,239 WARNING Guest disk op wall 30.3s (vm='ahv_ins_delete-0-260518-195210' ip=10.114.120.174 op=update ec=255) — includes SSH + guest disk command; if still high, check guest disk throughput vs. MiB settings.
2026-05-20 03:20:56,239 DEBUG [185/1171] VM ec6a9b6d… (ahv_ins_delete-0-260518-200555) via 10.114.120.146 op=update
2026-05-20 03:20:56,240 DEBUG   remote: bash -lc 'set -e; _bs(){ printf '"'"'BULK_SNAP_T %s %s\n'"'"' "$1" "$(date +%s.%N 2>/dev/null || date +%s)"; }; _bs guest_start; _bs pipeline_start; openssl enc -aes-256-ctr -pass pass:"testing" -nosalt < /dev/zero 2>/dev/null | dd of=/root/dummy_snapshot_data_1.img bs=1M count=500 iflag=fullblock conv=notrunc status=progress; ec=$?; _bs pipeline_done; _bs guest_end; exit $ec'
2026-05-20 03:20:56,245 DEBUG   ssh: connect to host 10.114.113.57 port 22: Connection timed out
2026-05-20 03:20:56,245 ERROR Guest disk op failed ec=255 vm=ahv_ins_delete-0-260518-195247 ip=10.114.113.57 — ssh: connect to host 10.114.113.57 port 22: Connection timed out
2026-05-20 03:20:56,245 WARNING Guest disk op wall 30.3s (vm='ahv_ins_delete-0-260518-195247' ip=10.114.113.57 op=update ec=255) — includes SSH + guest disk command; if still high, check guest disk throughput vs. MiB settings.
2026-05-20 03:20:56,246 DEBUG [186/1171] VM d1aa9c2d… (ahv_ins_delete-0-260518-200757) via 10.114.120.157 op=update
2026-05-20 03:20:56,246 DEBUG   remote: bash -lc 'set -e; _bs(){ printf '"'"'BULK_SNAP_T %s %s\n'"'"' "$1" "$(date +%s.%N 2>/dev/null || date +%s)"; }; _bs guest_start; _bs pipeline_start; openssl enc -aes-256-ctr -pass pass:"testing" -nosalt < /dev/zero 2>/dev/null | dd of=/root/dummy_snapshot_data_1.img bs=1M count=500 iflag=fullblock conv=notrunc status=progress; ec=$?; _bs pipeline_done; _bs guest_end; exit $ec'
2026-05-20 03:20:56,503 DEBUG   ssh: connect to host 10.114.120.148 port 22: Connection timed out
2026-05-20 03:20:56,503 ERROR Guest disk op failed ec=255 vm=ahv_ins_delete-0-260518-195745 ip=10.114.120.148 — ssh: connect to host 10.114.120.148 port 22: Connection timed out
2026-05-20 03:20:56,503 WARNING Guest disk op wall 30.3s (vm='ahv_ins_delete-0-260518-195745' ip=10.114.120.148 op=update ec=255) — includes SSH + guest disk command; if still high, check guest disk throughput vs. MiB settings.
2026-05-20 03:20:56,504 DEBUG [187/1171] VM 8b16f493… (ahv_ins_delete-0-260518-200854) via 10.114.113.44 op=update
2026-05-20 03:20:56,504 DEBUG   remote: bash -lc 'set -e; _bs(){ printf '"'"'BULK_SNAP_T %s %s\n'"'"' "$1" "$(date +%s.%N 2>/dev/null || date +%s)"; }; _bs guest_start; _bs pipeline_start; openssl enc -aes-256-ctr -pass pass:"testing" -nosalt < /dev/zero 2>/dev/null | dd of=/root/dummy_snapshot_data_1.img bs=1M count=500 iflag=fullblock conv=notrunc status=progress; ec=$?; _bs pipeline_done; _bs guest_end; exit $ec'
2026-05-20 03:20:56,734 DEBUG   ssh: connect to host 10.114.113.37 port 22: Connection timed out
2026-05-20 03:20:56,734 ERROR Guest disk op failed ec=255 vm=ahv_ins_delete-0-260518-195808 ip=10.114.113.37 — ssh: connect to host 10.114.113.37 port 22: Connection timed out
2026-05-20 03:20:56,735 WARNING Guest disk op wall 30.3s (vm='ahv_ins_delete-0-260518-195808' ip=10.114.113.37 op=update ec=255) — includes SSH + guest disk command; if still high, check guest disk throughput vs. MiB settings.
2026-05-20 03:20:56,735 DEBUG [188/1171] VM 55a5491e… (ahv_ins_delete-0-260518-200948) via 10.114.120.159 op=update
2026-05-20 03:20:56,735 DEBUG   remote: bash -lc 'set -e; _bs(){ printf '"'"'BULK_SNAP_T %s %s\n'"'"' "$1" "$(date +%s.%N 2>/dev/null || date +%s)"; }; _bs guest_start; _bs pipeline_start; openssl enc -aes-256-ctr -pass pass:"testing" -nosalt < /dev/zero 2>/dev/null | dd of=/root/dummy_snapshot_data_1.img bs=1M count=500 iflag=fullblock conv=notrunc status=progress; ec=$?; _bs pipeline_done; _bs guest_end; exit $ec'
2026-05-20 03:20:56,759 DEBUG   ssh: connect to host 10.114.113.39 port 22: Connection timed out
2026-05-20 03:20:56,759 ERROR Guest disk op failed ec=255 vm=ahv_ins_delete-0-260518-195910 ip=10.114.113.39 — ssh: connect to host 10.114.113.39 port 22: Connection timed out
2026-05-20 03:20:56,759 WARNING Guest disk op wall 30.3s (vm='ahv_ins_delete-0-260518-195910' ip=10.114.113.39 op=update ec=255) — includes SSH + guest disk command; if still high, check guest disk throughput vs. MiB settings.
2026-05-20 03:20:56,760 DEBUG [189/1171] VM 22e3892e… (ahv_ins_delete-0-260518-201042) via 10.114.113.47 op=update
2026-05-20 03:20:56,760 DEBUG   remote: bash -lc 'set -e; _bs(){ printf '"'"'BULK_SNAP_T %s %s\n'"'"' "$1" "$(date +%s.%N 2>/dev/null || date +%s)"; }; _bs guest_start; _bs pipeline_start; openssl enc -aes-256-ctr -pass pass:"testing" -nosalt < /dev/zero 2>/dev/null | dd of=/root/dummy_snapshot_data_1.img bs=1M count=500 iflag=fullblock conv=notrunc status=progress; ec=$?; _bs pipeline_done; _bs guest_end; exit $ec'
2026-05-20 03:20:56,990 DEBUG   ssh: connect to host 10.114.120.159 port 22: Connection reset by peer
2026-05-20 03:20:56,990 ERROR Guest disk op failed ec=255 vm=ahv_ins_delete-0-260518-200948 ip=10.114.120.159 — ssh: connect to host 10.114.120.159 port 22: Connection reset by peer
2026-05-20 03:20:56,991 DEBUG [190/1171] VM f402e50e… (ahv_ins_delete-0-260518-201120) via 10.114.113.41 op=update
2026-05-20 03:20:56,991 DEBUG   remote: bash -lc 'set -e; _bs(){ printf '"'"'BULK_SNAP_T %s %s\n'"'"' "$1" "$(date +%s.%N 2>/dev/null || date +%s)"; }; _bs guest_start; _bs pipeline_start; openssl enc -aes-256-ctr -pass pass:"testing" -nosalt < /dev/zero 2>/dev/null | dd of=/root/dummy_snapshot_data_1.img bs=1M count=500 iflag=fullblock conv=notrunc status=progress; ec=$?; _bs pipeline_done; _bs guest_end; exit $ec'
2026-05-20 03:20:57,266 DEBUG   ssh: connect to host 10.114.113.38 port 22: Connection timed out
2026-05-20 03:20:57,266 ERROR Guest disk op failed ec=255 vm=ahv_ins_delete-0-260518-195944 ip=10.114.113.38 — ssh: connect to host 10.114.113.38 port 22: Connection timed out
2026-05-20 03:20:57,266 WARNING Guest disk op wall 30.0s (vm='ahv_ins_delete-0-260518-195944' ip=10.114.113.38 op=update ec=255) — includes SSH + guest disk command; if still high, check guest disk throughput vs. MiB settings.
2026-05-20 03:20:57,267 DEBUG [191/1171] VM 6a5cc2f6… (ahv_ins_delete-0-260518-201253) via 10.114.120.153 op=update
2026-05-20 03:20:57,267 DEBUG   remote: bash -lc 'set -e; _bs(){ printf '"'"'BULK_SNAP_T %s %s\n'"'"' "$1" "$(date +%s.%N 2>/dev/null || date +%s)"; }; _bs guest_start; _bs pipeline_start; openssl enc -aes-256-ctr -pass pass:"testing" -nosalt < /dev/zero 2>/dev/null | dd of=/root/dummy_snapshot_data_1.img bs=1M count=500 iflag=fullblock conv=notrunc status=progress; ec=$?; _bs pipeline_done; _bs guest_end; exit $ec'
2026-05-20 03:21:25,751 DEBUG   ssh: connect to host 10.114.113.33 port 22: Connection timed out
2026-05-20 03:21:25,751 ERROR Guest disk op failed ec=255 vm=ahv_ins_delete-0-260518-200313 ip=10.114.113.33 — ssh: connect to host 10.114.113.33 port 22: Connection timed out
2026-05-20 03:21:25,751 WARNING Guest disk op wall 30.3s (vm='ahv_ins_delete-0-260518-200313' ip=10.114.113.33 op=update ec=255) — includes SSH + guest disk command; if still high, check guest disk throughput vs. MiB settings.
2026-05-20 03:21:25,752 DEBUG [192/1171] VM 2ef4e6fd… (ahv_ins_delete-0-260518-201351) via 10.114.113.43 op=update
2026-05-20 03:21:25,752 DEBUG   remote: bash -lc 'set -e; _bs(){ printf '"'"'BULK_SNAP_T %s %s\n'"'"' "$1" "$(date +%s.%N 2>/dev/null || date +%s)"; }; _bs guest_start; _bs pipeline_start; openssl enc -aes-256-ctr -pass pass:"testing" -nosalt < /dev/zero 2>/dev/null | dd of=/root/dummy_snapshot_data_1.img bs=1M count=500 iflag=fullblock conv=notrunc status=progress; ec=$?; _bs pipeline_done; _bs guest_end; exit $ec'
2026-05-20 03:21:25,999 DEBUG   ssh: connect to host 10.114.120.144 port 22: Connection timed out
2026-05-20 03:21:26,000 ERROR Guest disk op failed ec=255 vm=ahv_ins_delete-0-260518-200344 ip=10.114.120.144 — ssh: connect to host 10.114.120.144 port 22: Connection timed out
2026-05-20 03:21:26,000 WARNING Guest disk op wall 30.3s (vm='ahv_ins_delete-0-260518-200344' ip=10.114.120.144 op=update ec=255) — includes SSH + guest disk command; if still high, check guest disk throughput vs. MiB settings.
2026-05-20 03:21:26,000 DEBUG [193/1171] VM 0b544528… (ahv_ins_delete-0-260518-201514) via 10.114.120.152 op=update
2026-05-20 03:21:26,001 DEBUG   remote: bash -lc 'set -e; _bs(){ printf '"'"'BULK_SNAP_T %s %s\n'"'"' "$1" "$(date +%s.%N 2>/dev/null || date +%s)"; }; _bs guest_start; _bs pipeline_start; openssl enc -aes-256-ctr -pass pass:"testing" -nosalt < /dev/zero 2>/dev/null | dd of=/root/dummy_snapshot_data_1.img bs=1M count=500 iflag=fullblock conv=notrunc status=progress; ec=$?; _bs pipeline_done; _bs guest_end; exit $ec'
2026-05-20 03:21:26,255 DEBUG   ssh: connect to host 10.114.120.147 port 22: Connection timed out
2026-05-20 03:21:26,255 DEBUG   ssh: connect to host 10.114.113.35 port 22: Connection timed out
2026-05-20 03:21:26,256 ERROR Guest disk op failed ec=255 vm=ahv_ins_delete-0-260518-200429 ip=10.114.120.147 — ssh: connect to host 10.114.120.147 port 22: Connection timed out
2026-05-20 03:21:26,256 ERROR Guest disk op failed ec=255 vm=ahv_ins_delete-0-260518-200530 ip=10.114.113.35 — ssh: connect to host 10.114.113.35 port 22: Connection timed out
2026-05-20 03:21:26,256 WARNING Guest disk op wall 30.3s (vm='ahv_ins_delete-0-260518-200429' ip=10.114.120.147 op=update ec=255) — includes SSH + guest disk command; if still high, check guest disk throughput vs. MiB settings.
2026-05-20 03:21:26,256 WARNING Guest disk op wall 30.3s (vm='ahv_ins_delete-0-260518-200530' ip=10.114.113.35 op=update ec=255) — includes SSH + guest disk command; if still high, check guest disk throughput vs. MiB settings.
2026-05-20 03:21:26,257 DEBUG [194/1171] VM ac4f998f… (ahv_ins_delete-0-260518-201604) via 10.114.113.21 op=update
2026-05-20 03:21:26,257 DEBUG [195/1171] VM afc4a4e4… (ahv_ins_delete-0-260518-201604) via 10.114.120.154 op=update
2026-05-20 03:21:26,257 DEBUG   remote: bash -lc 'set -e; _bs(){ printf '"'"'BULK_SNAP_T %s %s\n'"'"' "$1" "$(date +%s.%N 2>/dev/null || date +%s)"; }; _bs guest_start; _bs pipeline_start; openssl enc -aes-256-ctr -pass pass:"testing" -nosalt < /dev/zero 2>/dev/null | dd of=/root/dummy_snapshot_data_1.img bs=1M count=500 iflag=fullblock conv=notrunc status=progress; ec=$?; _bs pipeline_done; _bs guest_end; exit $ec'
2026-05-20 03:21:26,257 DEBUG   remote: bash -lc 'set -e; _bs(){ printf '"'"'BULK_SNAP_T %s %s\n'"'"' "$1" "$(date +%s.%N 2>/dev/null || date +%s)"; }; _bs guest_start; _bs pipeline_start; openssl enc -aes-256-ctr -pass pass:"testing" -nosalt < /dev/zero 2>/dev/null | dd of=/root/dummy_snapshot_data_1.img bs=1M count=500 iflag=fullblock conv=notrunc status=progress; ec=$?; _bs pipeline_done; _bs guest_end; exit $ec'
2026-05-20 03:21:26,508 DEBUG   ssh: connect to host 10.114.120.146 port 22: Connection timed out
2026-05-20 03:21:26,509 ERROR Guest disk op failed ec=255 vm=ahv_ins_delete-0-260518-200555 ip=10.114.120.146 — ssh: connect to host 10.114.120.146 port 22: Connection timed out
2026-05-20 03:21:26,509 WARNING Guest disk op wall 30.3s (vm='ahv_ins_delete-0-260518-200555' ip=10.114.120.146 op=update ec=255) — includes SSH + guest disk command; if still high, check guest disk throughput vs. MiB settings.
2026-05-20 03:21:26,510 DEBUG [196/1171] VM 1f3760e3… (ahv_ins_delete-0-260518-201812) via 10.114.113.23 op=update
2026-05-20 03:21:26,510 DEBUG   remote: bash -lc 'set -e; _bs(){ printf '"'"'BULK_SNAP_T %s %s\n'"'"' "$1" "$(date +%s.%N 2>/dev/null || date +%s)"; }; _bs guest_start; _bs pipeline_start; openssl enc -aes-256-ctr -pass pass:"testing" -nosalt < /dev/zero 2>/dev/null | dd of=/root/dummy_snapshot_data_1.img bs=1M count=500 iflag=fullblock conv=notrunc status=progress; ec=$?; _bs pipeline_done; _bs guest_end; exit $ec'
2026-05-20 03:21:26,513 DEBUG   ssh: connect to host 10.114.120.157 port 22: Connection timed out
2026-05-20 03:21:26,513 ERROR Guest disk op failed ec=255 vm=ahv_ins_delete-0-260518-200757 ip=10.114.120.157 — ssh: connect to host 10.114.120.157 port 22: Connection timed out
2026-05-20 03:21:26,513 WARNING Guest disk op wall 30.3s (vm='ahv_ins_delete-0-260518-200757' ip=10.114.120.157 op=update ec=255) — includes SSH + guest disk command; if still high, check guest disk throughput vs. MiB settings.
2026-05-20 03:21:26,514 DEBUG [197/1171] VM 430a2fac… (ahv_ins_delete-0-260518-201858) via 10.114.113.22 op=update
2026-05-20 03:21:26,514 DEBUG   remote: bash -lc 'set -e; _bs(){ printf '"'"'BULK_SNAP_T %s %s\n'"'"' "$1" "$(date +%s.%N 2>/dev/null || date +%s)"; }; _bs guest_start; _bs pipeline_start; openssl enc -aes-256-ctr -pass pass:"testing" -nosalt < /dev/zero 2>/dev/null | dd of=/root/dummy_snapshot_data_1.img bs=1M count=500 iflag=fullblock conv=notrunc status=progress; ec=$?; _bs pipeline_done; _bs guest_end; exit $ec'
2026-05-20 03:21:26,770 DEBUG   ssh: connect to host 10.114.113.44 port 22: Connection timed out
2026-05-20 03:21:26,770 ERROR Guest disk op failed ec=255 vm=ahv_ins_delete-0-260518-200854 ip=10.114.113.44 — ssh: connect to host 10.114.113.44 port 22: Connection timed out
2026-05-20 03:21:26,770 WARNING Guest disk op wall 30.3s (vm='ahv_ins_delete-0-260518-200854' ip=10.114.113.44 op=update ec=255) — includes SSH + guest disk command; if still high, check guest disk throughput vs. MiB settings.
2026-05-20 03:21:26,771 DEBUG [198/1171] VM db435e62… (ahv_ins_delete-0-260518-202004) via 10.114.120.132 op=update
2026-05-20 03:21:26,771 DEBUG   remote: bash -lc 'set -e; _bs(){ printf '"'"'BULK_SNAP_T %s %s\n'"'"' "$1" "$(date +%s.%N 2>/dev/null || date +%s)"; }; _bs guest_start; _bs pipeline_start; openssl enc -aes-256-ctr -pass pass:"testing" -nosalt < /dev/zero 2>/dev/null | dd of=/root/dummy_snapshot_data_1.img bs=1M count=500 iflag=fullblock conv=notrunc status=progress; ec=$?; _bs pipeline_done; _bs guest_end; exit $ec'
2026-05-20 03:21:27,033 DEBUG   ssh: connect to host 10.114.113.47 port 22: Connection timed out
2026-05-20 03:21:27,033 ERROR Guest disk op failed ec=255 vm=ahv_ins_delete-0-260518-201042 ip=10.114.113.47 — ssh: connect to host 10.114.113.47 port 22: Connection timed out
2026-05-20 03:21:27,033 WARNING Guest disk op wall 30.3s (vm='ahv_ins_delete-0-260518-201042' ip=10.114.113.47 op=update ec=255) — includes SSH + guest disk command; if still high, check guest disk throughput vs. MiB settings.
2026-05-20 03:21:27,034 DEBUG [199/1171] VM 63eeadc8… (ahv_ins_delete-0-260518-202132) via 10.114.113.16 op=update
2026-05-20 03:21:27,034 DEBUG   remote: bash -lc 'set -e; _bs(){ printf '"'"'BULK_SNAP_T %s %s\n'"'"' "$1" "$(date +%s.%N 2>/dev/null || date +%s)"; }; _bs guest_start; _bs pipeline_start; openssl enc -aes-256-ctr -pass pass:"testing" -nosalt < /dev/zero 2>/dev/null | dd of=/root/dummy_snapshot_data_1.img bs=1M count=500 iflag=fullblock conv=notrunc status=progress; ec=$?; _bs pipeline_done; _bs guest_end; exit $ec'
2026-05-20 03:21:27,258 DEBUG   ssh: connect to host 10.114.113.41 port 22: Connection timed out
2026-05-20 03:21:27,259 ERROR Guest disk op failed ec=255 vm=ahv_ins_delete-0-260518-201120 ip=10.114.113.41 — ssh: connect to host 10.114.113.41 port 22: Connection timed out
2026-05-20 03:21:27,259 WARNING Guest disk op wall 30.3s (vm='ahv_ins_delete-0-260518-201120' ip=10.114.113.41 op=update ec=255) — includes SSH + guest disk command; if still high, check guest disk throughput vs. MiB settings.
2026-05-20 03:21:27,259 DEBUG [200/1171] VM b7bb9c53… (ahv_ins_delete-0-260518-202133) via 10.114.120.134 op=update
2026-05-20 03:21:27,260 DEBUG   remote: bash -lc 'set -e; _bs(){ printf '"'"'BULK_SNAP_T %s %s\n'"'"' "$1" "$(date +%s.%N 2>/dev/null || date +%s)"; }; _bs guest_start; _bs pipeline_start; openssl enc -aes-256-ctr -pass pass:"testing" -nosalt < /dev/zero 2>/dev/null | dd of=/root/dummy_snapshot_data_1.img bs=1M count=500 iflag=fullblock conv=notrunc status=progress; ec=$?; _bs pipeline_done; _bs guest_end; exit $ec'
2026-05-20 03:21:27,288 DEBUG   ssh: connect to host 10.114.113.16 port 22: Connection reset by peer
2026-05-20 03:21:27,288 ERROR Guest disk op failed ec=255 vm=ahv_ins_delete-0-260518-202132 ip=10.114.113.16 — ssh: connect to host 10.114.113.16 port 22: Connection reset by peer
2026-05-20 03:21:27,289 DEBUG [201/1171] VM bacca0fe… (ahv_ins_delete-0-260518-202306) via 10.114.113.18 op=update
2026-05-20 03:21:27,289 DEBUG   remote: bash -lc 'set -e; _bs(){ printf '"'"'BULK_SNAP_T %s %s\n'"'"' "$1" "$(date +%s.%N 2>/dev/null || date +%s)"; }; _bs guest_start; _bs pipeline_start; openssl enc -aes-256-ctr -pass pass:"testing" -nosalt < /dev/zero 2>/dev/null | dd of=/root/dummy_snapshot_data_1.img bs=1M count=500 iflag=fullblock conv=notrunc status=progress; ec=$?; _bs pipeline_done; _bs guest_end; exit $ec'
2026-05-20 03:21:27,532 DEBUG   ssh: connect to host 10.114.120.153 port 22: Connection timed out
2026-05-20 03:21:27,532 ERROR Guest disk op failed ec=255 vm=ahv_ins_delete-0-260518-201253 ip=10.114.120.153 — ssh: connect to host 10.114.120.153 port 22: Connection timed out
2026-05-20 03:21:27,533 WARNING Guest disk op wall 30.3s (vm='ahv_ins_delete-0-260518-201253' ip=10.114.120.153 op=update ec=255) — includes SSH + guest disk command; if still high, check guest disk throughput vs. MiB settings.
2026-05-20 03:21:27,533 DEBUG [202/1171] VM 6b866a82… (ahv_ins_delete-0-260518-202349) via 10.114.113.29 op=update
2026-05-20 03:21:27,533 DEBUG   remote: bash -lc 'set -e; _bs(){ printf '"'"'BULK_SNAP_T %s %s\n'"'"' "$1" "$(date +%s.%N 2>/dev/null || date +%s)"; }; _bs guest_start; _bs pipeline_start; openssl enc -aes-256-ctr -pass pass:"testing" -nosalt < /dev/zero 2>/dev/null | dd of=/root/dummy_snapshot_data_1.img bs=1M count=500 iflag=fullblock conv=notrunc status=progress; ec=$?; _bs pipeline_done; _bs guest_end; exit $ec'
2026-05-20 03:21:27,543 DEBUG   ssh: connect to host 10.114.113.18 port 22: Connection reset by peer
2026-05-20 03:21:27,543 ERROR Guest disk op failed ec=255 vm=ahv_ins_delete-0-260518-202306 ip=10.114.113.18 — ssh: connect to host 10.114.113.18 port 22: Connection reset by peer
2026-05-20 03:21:27,544 DEBUG [203/1171] VM 0068c5b8… (ahv_ins_delete-0-260518-202447) via 10.114.120.128 op=update
2026-05-20 03:21:27,544 DEBUG   remote: bash -lc 'set -e; _bs(){ printf '"'"'BULK_SNAP_T %s %s\n'"'"' "$1" "$(date +%s.%N 2>/dev/null || date +%s)"; }; _bs guest_start; _bs pipeline_start; openssl enc -aes-256-ctr -pass pass:"testing" -nosalt < /dev/zero 2>/dev/null | dd of=/root/dummy_snapshot_data_1.img bs=1M count=500 iflag=fullblock conv=notrunc status=progress; ec=$?; _bs pipeline_done; _bs guest_end; exit $ec'
2026-05-20 03:21:56,020 DEBUG   ssh: connect to host 10.114.113.43 port 22: Connection timed out
2026-05-20 03:21:56,020 ERROR Guest disk op failed ec=255 vm=ahv_ins_delete-0-260518-201351 ip=10.114.113.43 — ssh: connect to host 10.114.113.43 port 22: Connection timed out
2026-05-20 03:21:56,020 WARNING Guest disk op wall 30.3s (vm='ahv_ins_delete-0-260518-201351' ip=10.114.113.43 op=update ec=255) — includes SSH + guest disk command; if still high, check guest disk throughput vs. MiB settings.
2026-05-20 03:21:56,021 DEBUG [204/1171] VM db54bf50… (ahv_ins_delete-0-260518-202652) via 10.114.113.31 op=update
2026-05-20 03:21:56,021 DEBUG   remote: bash -lc 'set -e; _bs(){ printf '"'"'BULK_SNAP_T %s %s\n'"'"' "$1" "$(date +%s.%N 2>/dev/null || date +%s)"; }; _bs guest_start; _bs pipeline_start; openssl enc -aes-256-ctr -pass pass:"testing" -nosalt < /dev/zero 2>/dev/null | dd of=/root/dummy_snapshot_data_1.img bs=1M count=500 iflag=fullblock conv=notrunc status=progress; ec=$?; _bs pipeline_done; _bs guest_end; exit $ec'
2026-05-20 03:21:56,269 DEBUG   ssh: connect to host 10.114.120.152 port 22: Connection timed out
2026-05-20 03:21:56,269 ERROR Guest disk op failed ec=255 vm=ahv_ins_delete-0-260518-201514 ip=10.114.120.152 — ssh: connect to host 10.114.120.152 port 22: Connection timed out
2026-05-20 03:21:56,269 WARNING Guest disk op wall 30.3s (vm='ahv_ins_delete-0-260518-201514' ip=10.114.120.152 op=update ec=255) — includes SSH + guest disk command; if still high, check guest disk throughput vs. MiB settings.
2026-05-20 03:21:56,270 DEBUG [205/1171] VM 41d0ae90… (ahv_ins_delete-0-260518-202656) via 10.114.120.131 op=update
2026-05-20 03:21:56,270 DEBUG   remote: bash -lc 'set -e; _bs(){ printf '"'"'BULK_SNAP_T %s %s\n'"'"' "$1" "$(date +%s.%N 2>/dev/null || date +%s)"; }; _bs guest_start; _bs pipeline_start; openssl enc -aes-256-ctr -pass pass:"testing" -nosalt < /dev/zero 2>/dev/null | dd of=/root/dummy_snapshot_data_1.img bs=1M count=500 iflag=fullblock conv=notrunc status=progress; ec=$?; _bs pipeline_done; _bs guest_end; exit $ec'
2026-05-20 03:21:56,273 DEBUG   ssh: connect to host 10.114.113.21 port 22: Connection timed out
2026-05-20 03:21:56,274 ERROR Guest disk op failed ec=255 vm=ahv_ins_delete-0-260518-201604 ip=10.114.113.21 — ssh: connect to host 10.114.113.21 port 22: Connection timed out
2026-05-20 03:21:56,274 WARNING Guest disk op wall 30.0s (vm='ahv_ins_delete-0-260518-201604' ip=10.114.113.21 op=update ec=255) — includes SSH + guest disk command; if still high, check guest disk throughput vs. MiB settings.
2026-05-20 03:21:56,275 DEBUG [206/1171] VM 5ae5938e… (ahv_ins_delete-0-260518-202804) via 10.114.113.25 op=update
2026-05-20 03:21:56,275 DEBUG   remote: bash -lc 'set -e; _bs(){ printf '"'"'BULK_SNAP_T %s %s\n'"'"' "$1" "$(date +%s.%N 2>/dev/null || date +%s)"; }; _bs guest_start; _bs pipeline_start; openssl enc -aes-256-ctr -pass pass:"testing" -nosalt < /dev/zero 2>/dev/null | dd of=/root/dummy_snapshot_data_1.img bs=1M count=500 iflag=fullblock conv=notrunc status=progress; ec=$?; _bs pipeline_done; _bs guest_end; exit $ec'
2026-05-20 03:21:56,526 DEBUG   ssh: connect to host 10.114.120.131 port 22: Connection reset by peer
2026-05-20 03:21:56,526 DEBUG   ssh: connect to host 10.114.120.154 port 22: Connection timed out
2026-05-20 03:21:56,526 ERROR Guest disk op failed ec=255 vm=ahv_ins_delete-0-260518-202656 ip=10.114.120.131 — ssh: connect to host 10.114.120.131 port 22: Connection reset by peer
2026-05-20 03:21:56,526 ERROR Guest disk op failed ec=255 vm=ahv_ins_delete-0-260518-201604 ip=10.114.120.154 — ssh: connect to host 10.114.120.154 port 22: Connection timed out
2026-05-20 03:21:56,527 DEBUG [207/1171] VM 7f51376f… (ahv_ins_delete-0-260518-202856) via 10.114.120.130 op=update
2026-05-20 03:21:56,527 WARNING Guest disk op wall 30.3s (vm='ahv_ins_delete-0-260518-201604' ip=10.114.120.154 op=update ec=255) — includes SSH + guest disk command; if still high, check guest disk throughput vs. MiB settings.
2026-05-20 03:21:56,527 DEBUG   remote: bash -lc 'set -e; _bs(){ printf '"'"'BULK_SNAP_T %s %s\n'"'"' "$1" "$(date +%s.%N 2>/dev/null || date +%s)"; }; _bs guest_start; _bs pipeline_start; openssl enc -aes-256-ctr -pass pass:"testing" -nosalt < /dev/zero 2>/dev/null | dd of=/root/dummy_snapshot_data_1.img bs=1M count=500 iflag=fullblock conv=notrunc status=progress; ec=$?; _bs pipeline_done; _bs guest_end; exit $ec'
2026-05-20 03:21:56,528 DEBUG [208/1171] VM 5118187d… (ahv_ins_delete-0-260518-203025) via 10.114.113.26 op=update
2026-05-20 03:21:56,528 DEBUG   remote: bash -lc 'set -e; _bs(){ printf '"'"'BULK_SNAP_T %s %s\n'"'"' "$1" "$(date +%s.%N 2>/dev/null || date +%s)"; }; _bs guest_start; _bs pipeline_start; openssl enc -aes-256-ctr -pass pass:"testing" -nosalt < /dev/zero 2>/dev/null | dd of=/root/dummy_snapshot_data_1.img bs=1M count=500 iflag=fullblock conv=notrunc status=progress; ec=$?; _bs pipeline_done; _bs guest_end; exit $ec'
2026-05-20 03:21:56,778 DEBUG   ssh: connect to host 10.114.113.22 port 22: Connection timed out
2026-05-20 03:21:56,778 ERROR Guest disk op failed ec=255 vm=ahv_ins_delete-0-260518-201858 ip=10.114.113.22 — ssh: connect to host 10.114.113.22 port 22: Connection timed out
2026-05-20 03:21:56,778 WARNING Guest disk op wall 30.3s (vm='ahv_ins_delete-0-260518-201858' ip=10.114.113.22 op=update ec=255) — includes SSH + guest disk command; if still high, check guest disk throughput vs. MiB settings.
2026-05-20 03:21:56,779 DEBUG [209/1171] VM e8118bd2… (ahv_ins_delete-0-260518-203301) via 10.114.120.140 op=update
2026-05-20 03:21:56,779 DEBUG   remote: bash -lc 'set -e; _bs(){ printf '"'"'BULK_SNAP_T %s %s\n'"'"' "$1" "$(date +%s.%N 2>/dev/null || date +%s)"; }; _bs guest_start; _bs pipeline_start; openssl enc -aes-256-ctr -pass pass:"testing" -nosalt < /dev/zero 2>/dev/null | dd of=/root/dummy_snapshot_data_1.img bs=1M count=500 iflag=fullblock conv=notrunc status=progress; ec=$?; _bs pipeline_done; _bs guest_end; exit $ec'
2026-05-20 03:21:56,780 DEBUG   ssh: connect to host 10.114.113.23 port 22: Connection timed out
2026-05-20 03:21:56,780 ERROR Guest disk op failed ec=255 vm=ahv_ins_delete-0-260518-201812 ip=10.114.113.23 — ssh: connect to host 10.114.113.23 port 22: Connection timed out
2026-05-20 03:21:56,780 WARNING Guest disk op wall 30.3s (vm='ahv_ins_delete-0-260518-201812' ip=10.114.113.23 op=update ec=255) — includes SSH + guest disk command; if still high, check guest disk throughput vs. MiB settings.
2026-05-20 03:21:56,780 DEBUG [210/1171] VM 093e70f4… (ahv_ins_delete-0-260518-203329) via 10.114.113.4 op=update
2026-05-20 03:21:56,780 DEBUG   remote: bash -lc 'set -e; _bs(){ printf '"'"'BULK_SNAP_T %s %s\n'"'"' "$1" "$(date +%s.%N 2>/dev/null || date +%s)"; }; _bs guest_start; _bs pipeline_start; openssl enc -aes-256-ctr -pass pass:"testing" -nosalt < /dev/zero 2>/dev/null | dd of=/root/dummy_snapshot_data_1.img bs=1M count=500 iflag=fullblock conv=notrunc status=progress; ec=$?; _bs pipeline_done; _bs guest_end; exit $ec'
2026-05-20 03:21:56,785 DEBUG   ssh: connect to host 10.114.120.130 port 22: Connection reset by peer
2026-05-20 03:21:56,785 ERROR Guest disk op failed ec=255 vm=ahv_ins_delete-0-260518-202856 ip=10.114.120.130 — ssh: connect to host 10.114.120.130 port 22: Connection reset by peer
2026-05-20 03:21:56,786 DEBUG [211/1171] VM dafb8858… (ahv_ins_delete-0-260518-203429) via 10.114.113.7 op=update
2026-05-20 03:21:56,786 DEBUG   remote: bash -lc 'set -e; _bs(){ printf '"'"'BULK_SNAP_T %s %s\n'"'"' "$1" "$(date +%s.%N 2>/dev/null || date +%s)"; }; _bs guest_start; _bs pipeline_start; openssl enc -aes-256-ctr -pass pass:"testing" -nosalt < /dev/zero 2>/dev/null | dd of=/root/dummy_snapshot_data_1.img bs=1M count=500 iflag=fullblock conv=notrunc status=progress; ec=$?; _bs pipeline_done; _bs guest_end; exit $ec'
2026-05-20 03:21:57,036 DEBUG   ssh: connect to host 10.114.120.132 port 22: Connection timed out
2026-05-20 03:21:57,036 ERROR Guest disk op failed ec=255 vm=ahv_ins_delete-0-260518-202004 ip=10.114.120.132 — ssh: connect to host 10.114.120.132 port 22: Connection timed out
2026-05-20 03:21:57,036 WARNING Guest disk op wall 30.3s (vm='ahv_ins_delete-0-260518-202004' ip=10.114.120.132 op=update ec=255) — includes SSH + guest disk command; if still high, check guest disk throughput vs. MiB settings.
2026-05-20 03:21:57,037 DEBUG [212/1171] VM 53105a0c… (ahv_ins_delete-0-260518-203502) via 10.114.120.143 op=update
2026-05-20 03:21:57,037 DEBUG   remote: bash -lc 'set -e; _bs(){ printf '"'"'BULK_SNAP_T %s %s\n'"'"' "$1" "$(date +%s.%N 2>/dev/null || date +%s)"; }; _bs guest_start; _bs pipeline_start; openssl enc -aes-256-ctr -pass pass:"testing" -nosalt < /dev/zero 2>/dev/null | dd of=/root/dummy_snapshot_data_1.img bs=1M count=500 iflag=fullblock conv=notrunc status=progress; ec=$?; _bs pipeline_done; _bs guest_end; exit $ec'
2026-05-20 03:21:57,040 DEBUG   ssh: connect to host 10.114.113.4 port 22: Connection reset by peer
2026-05-20 03:21:57,040 ERROR Guest disk op failed ec=255 vm=ahv_ins_delete-0-260518-203329 ip=10.114.113.4 — ssh: connect to host 10.114.113.4 port 22: Connection reset by peer
2026-05-20 03:21:57,041 DEBUG [213/1171] VM 14bc9cab… (ahv_ins_delete-0-260518-203540) via 10.114.113.6 op=update
2026-05-20 03:21:57,041 DEBUG   remote: bash -lc 'set -e; _bs(){ printf '"'"'BULK_SNAP_T %s %s\n'"'"' "$1" "$(date +%s.%N 2>/dev/null || date +%s)"; }; _bs guest_start; _bs pipeline_start; openssl enc -aes-256-ctr -pass pass:"testing" -nosalt < /dev/zero 2>/dev/null | dd of=/root/dummy_snapshot_data_1.img bs=1M count=500 iflag=fullblock conv=notrunc status=progress; ec=$?; _bs pipeline_done; _bs guest_end; exit $ec'
2026-05-20 03:21:57,292 DEBUG   ssh: connect to host 10.114.120.143 port 22: Connection reset by peer
2026-05-20 03:21:57,292 ERROR Guest disk op failed ec=255 vm=ahv_ins_delete-0-260518-203502 ip=10.114.120.143 — ssh: connect to host 10.114.120.143 port 22: Connection reset by peer
2026-05-20 03:21:57,293 DEBUG [214/1171] VM 3b30425e… (ahv_ins_delete-0-260518-203740) via 10.114.113.1 op=update
2026-05-20 03:21:57,293 DEBUG   remote: bash -lc 'set -e; _bs(){ printf '"'"'BULK_SNAP_T %s %s\n'"'"' "$1" "$(date +%s.%N 2>/dev/null || date +%s)"; }; _bs guest_start; _bs pipeline_start; openssl enc -aes-256-ctr -pass pass:"testing" -nosalt < /dev/zero 2>/dev/null | dd of=/root/dummy_snapshot_data_1.img bs=1M count=500 iflag=fullblock conv=notrunc status=progress; ec=$?; _bs pipeline_done; _bs guest_end; exit $ec'
2026-05-20 03:21:57,296 DEBUG   ssh: connect to host 10.114.113.6 port 22: Connection reset by peer
2026-05-20 03:21:57,296 ERROR Guest disk op failed ec=255 vm=ahv_ins_delete-0-260518-203540 ip=10.114.113.6 — ssh: connect to host 10.114.113.6 port 22: Connection reset by peer
2026-05-20 03:21:57,297 DEBUG [215/1171] VM 310c5d96… (ahv_ins_delete-0-260518-203830) via 10.114.120.136 op=update
2026-05-20 03:21:57,297 DEBUG   remote: bash -lc 'set -e; _bs(){ printf '"'"'BULK_SNAP_T %s %s\n'"'"' "$1" "$(date +%s.%N 2>/dev/null || date +%s)"; }; _bs guest_start; _bs pipeline_start; openssl enc -aes-256-ctr -pass pass:"testing" -nosalt < /dev/zero 2>/dev/null | dd of=/root/dummy_snapshot_data_1.img bs=1M count=500 iflag=fullblock conv=notrunc status=progress; ec=$?; _bs pipeline_done; _bs guest_end; exit $ec'
2026-05-20 03:21:57,526 DEBUG   ssh: connect to host 10.114.120.134 port 22: Connection timed out
2026-05-20 03:21:57,526 ERROR Guest disk op failed ec=255 vm=ahv_ins_delete-0-260518-202133 ip=10.114.120.134 — ssh: connect to host 10.114.120.134 port 22: Connection timed out
2026-05-20 03:21:57,526 WARNING Guest disk op wall 30.3s (vm='ahv_ins_delete-0-260518-202133' ip=10.114.120.134 op=update ec=255) — includes SSH + guest disk command; if still high, check guest disk throughput vs. MiB settings.
2026-05-20 03:21:57,527 DEBUG [216/1171] VM 198cb460… (ahv_ins_delete-0-260518-203927) via 10.114.113.0 op=update
2026-05-20 03:21:57,527 DEBUG   remote: bash -lc 'set -e; _bs(){ printf '"'"'BULK_SNAP_T %s %s\n'"'"' "$1" "$(date +%s.%N 2>/dev/null || date +%s)"; }; _bs guest_start; _bs pipeline_start; openssl enc -aes-256-ctr -pass pass:"testing" -nosalt < /dev/zero 2>/dev/null | dd of=/root/dummy_snapshot_data_1.img bs=1M count=500 iflag=fullblock conv=notrunc status=progress; ec=$?; _bs pipeline_done; _bs guest_end; exit $ec'
2026-05-20 03:21:57,551 DEBUG   ssh: connect to host 10.114.120.136 port 22: Connection reset by peer
2026-05-20 03:21:57,551 ERROR Guest disk op failed ec=255 vm=ahv_ins_delete-0-260518-203830 ip=10.114.120.136 — ssh: connect to host 10.114.120.136 port 22: Connection reset by peer
2026-05-20 03:21:57,552 DEBUG [217/1171] VM bcb2739c… (ahv_ins_delete-0-260518-204003) via 10.114.113.3 op=update
2026-05-20 03:21:57,552 DEBUG   remote: bash -lc 'set -e; _bs(){ printf '"'"'BULK_SNAP_T %s %s\n'"'"' "$1" "$(date +%s.%N 2>/dev/null || date +%s)"; }; _bs guest_start; _bs pipeline_start; openssl enc -aes-256-ctr -pass pass:"testing" -nosalt < /dev/zero 2>/dev/null | dd of=/root/dummy_snapshot_data_1.img bs=1M count=500 iflag=fullblock conv=notrunc status=progress; ec=$?; _bs pipeline_done; _bs guest_end; exit $ec'
2026-05-20 03:21:57,782 DEBUG   ssh: connect to host 10.114.113.0 port 22: Connection reset by peer
2026-05-20 03:21:57,782 ERROR Guest disk op failed ec=255 vm=ahv_ins_delete-0-260518-203927 ip=10.114.113.0 — ssh: connect to host 10.114.113.0 port 22: Connection reset by peer
2026-05-20 03:21:57,782 DEBUG [218/1171] VM 50264bc9… (ahv_ins_delete-0-260518-204118) via 10.114.113.13 op=update
2026-05-20 03:21:57,783 DEBUG   remote: bash -lc 'set -e; _bs(){ printf '"'"'BULK_SNAP_T %s %s\n'"'"' "$1" "$(date +%s.%N 2>/dev/null || date +%s)"; }; _bs guest_start; _bs pipeline_start; openssl enc -aes-256-ctr -pass pass:"testing" -nosalt < /dev/zero 2>/dev/null | dd of=/root/dummy_snapshot_data_1.img bs=1M count=500 iflag=fullblock conv=notrunc status=progress; ec=$?; _bs pipeline_done; _bs guest_end; exit $ec'
2026-05-20 03:21:57,807 DEBUG   ssh: connect to host 10.114.120.128 port 22: Connection timed out
2026-05-20 03:21:57,807 ERROR Guest disk op failed ec=255 vm=ahv_ins_delete-0-260518-202447 ip=10.114.120.128 — ssh: connect to host 10.114.120.128 port 22: Connection timed out
2026-05-20 03:21:57,807 WARNING Guest disk op wall 30.3s (vm='ahv_ins_delete-0-260518-202447' ip=10.114.120.128 op=update ec=255) — includes SSH + guest disk command; if still high, check guest disk throughput vs. MiB settings.
2026-05-20 03:21:57,808 DEBUG [219/1171] VM 54f44808… (ahv_ins_delete-0-260518-204252) via 10.114.113.12 op=update
2026-05-20 03:21:57,808 DEBUG   ssh: connect to host 10.114.113.29 port 22: Connection timed out
2026-05-20 03:21:57,808 DEBUG   remote: bash -lc 'set -e; _bs(){ printf '"'"'BULK_SNAP_T %s %s\n'"'"' "$1" "$(date +%s.%N 2>/dev/null || date +%s)"; }; _bs guest_start; _bs pipeline_start; openssl enc -aes-256-ctr -pass pass:"testing" -nosalt < /dev/zero 2>/dev/null | dd of=/root/dummy_snapshot_data_1.img bs=1M count=500 iflag=fullblock conv=notrunc status=progress; ec=$?; _bs pipeline_done; _bs guest_end; exit $ec'
2026-05-20 03:21:57,808 ERROR Guest disk op failed ec=255 vm=ahv_ins_delete-0-260518-202349 ip=10.114.113.29 — ssh: connect to host 10.114.113.29 port 22: Connection timed out
2026-05-20 03:21:57,809 WARNING Guest disk op wall 30.3s (vm='ahv_ins_delete-0-260518-202349' ip=10.114.113.29 op=update ec=255) — includes SSH + guest disk command; if still high, check guest disk throughput vs. MiB settings.
2026-05-20 03:21:57,809 DEBUG [220/1171] VM 69691d9e… (ahv_ins_delete-0-260518-204313) via 10.114.120.116 op=update
2026-05-20 03:21:57,809 DEBUG   remote: bash -lc 'set -e; _bs(){ printf '"'"'BULK_SNAP_T %s %s\n'"'"' "$1" "$(date +%s.%N 2>/dev/null || date +%s)"; }; _bs guest_start; _bs pipeline_start; openssl enc -aes-256-ctr -pass pass:"testing" -nosalt < /dev/zero 2>/dev/null | dd of=/root/dummy_snapshot_data_1.img bs=1M count=500 iflag=fullblock conv=notrunc status=progress; ec=$?; _bs pipeline_done; _bs guest_end; exit $ec'
2026-05-20 03:21:58,037 DEBUG   ssh: connect to host 10.114.113.13 port 22: Connection reset by peer
2026-05-20 03:21:58,037 ERROR Guest disk op failed ec=255 vm=ahv_ins_delete-0-260518-204118 ip=10.114.113.13 — ssh: connect to host 10.114.113.13 port 22: Connection reset by peer
2026-05-20 03:21:58,038 DEBUG [221/1171] VM 4cf8a8e9… (ahv_ins_delete-0-260518-204455) via 10.114.113.14 op=update
2026-05-20 03:21:58,039 DEBUG   remote: bash -lc 'set -e; _bs(){ printf '"'"'BULK_SNAP_T %s %s\n'"'"' "$1" "$(date +%s.%N 2>/dev/null || date +%s)"; }; _bs guest_start; _bs pipeline_start; openssl enc -aes-256-ctr -pass pass:"testing" -nosalt < /dev/zero 2>/dev/null | dd of=/root/dummy_snapshot_data_1.img bs=1M count=500 iflag=fullblock conv=notrunc status=progress; ec=$?; _bs pipeline_done; _bs guest_end; exit $ec'
2026-05-20 03:22:26,292 DEBUG   ssh: connect to host 10.114.113.31 port 22: Connection timed out
2026-05-20 03:22:26,292 ERROR Guest disk op failed ec=255 vm=ahv_ins_delete-0-260518-202652 ip=10.114.113.31 — ssh: connect to host 10.114.113.31 port 22: Connection timed out
2026-05-20 03:22:26,292 WARNING Guest disk op wall 30.3s (vm='ahv_ins_delete-0-260518-202652' ip=10.114.113.31 op=update ec=255) — includes SSH + guest disk command; if still high, check guest disk throughput vs. MiB settings.
2026-05-20 03:22:26,293 DEBUG [222/1171] VM b1176391… (ahv_ins_delete-0-260518-204534) via 10.114.120.113 op=update
2026-05-20 03:22:26,293 DEBUG   remote: bash -lc 'set -e; _bs(){ printf '"'"'BULK_SNAP_T %s %s\n'"'"' "$1" "$(date +%s.%N 2>/dev/null || date +%s)"; }; _bs guest_start; _bs pipeline_start; openssl enc -aes-256-ctr -pass pass:"testing" -nosalt < /dev/zero 2>/dev/null | dd of=/root/dummy_snapshot_data_1.img bs=1M count=500 iflag=fullblock conv=notrunc status=progress; ec=$?; _bs pipeline_done; _bs guest_end; exit $ec'
2026-05-20 03:22:26,542 DEBUG   ssh: connect to host 10.114.113.25 port 22: Connection timed out
2026-05-20 03:22:26,542 ERROR Guest disk op failed ec=255 vm=ahv_ins_delete-0-260518-202804 ip=10.114.113.25 — ssh: connect to host 10.114.113.25 port 22: Connection timed out
2026-05-20 03:22:26,543 WARNING Guest disk op wall 30.3s (vm='ahv_ins_delete-0-260518-202804' ip=10.114.113.25 op=update ec=255) — includes SSH + guest disk command; if still high, check guest disk throughput vs. MiB settings.
2026-05-20 03:22:26,543 DEBUG [223/1171] VM 68eab97a… (ahv_ins_delete-0-260518-204625) via 10.114.113.9 op=update
2026-05-20 03:22:26,543 DEBUG   remote: bash -lc 'set -e; _bs(){ printf '"'"'BULK_SNAP_T %s %s\n'"'"' "$1" "$(date +%s.%N 2>/dev/null || date +%s)"; }; _bs guest_start; _bs pipeline_start; openssl enc -aes-256-ctr -pass pass:"testing" -nosalt < /dev/zero 2>/dev/null | dd of=/root/dummy_snapshot_data_1.img bs=1M count=500 iflag=fullblock conv=notrunc status=progress; ec=$?; _bs pipeline_done; _bs guest_end; exit $ec'
2026-05-20 03:22:26,798 DEBUG   ssh: connect to host 10.114.113.26 port 22: Connection timed out
2026-05-20 03:22:26,799 ERROR Guest disk op failed ec=255 vm=ahv_ins_delete-0-260518-203025 ip=10.114.113.26 — ssh: connect to host 10.114.113.26 port 22: Connection timed out
2026-05-20 03:22:26,799 WARNING Guest disk op wall 30.3s (vm='ahv_ins_delete-0-260518-203025' ip=10.114.113.26 op=update ec=255) — includes SSH + guest disk command; if still high, check guest disk throughput vs. MiB settings.
2026-05-20 03:22:26,799 DEBUG [224/1171] VM 810a4cc6… (ahv_ins_delete-0-260518-204751) via 10.114.120.112 op=update
2026-05-20 03:22:26,799 DEBUG   remote: bash -lc 'set -e; _bs(){ printf '"'"'BULK_SNAP_T %s %s\n'"'"' "$1" "$(date +%s.%N 2>/dev/null || date +%s)"; }; _bs guest_start; _bs pipeline_start; openssl enc -aes-256-ctr -pass pass:"testing" -nosalt < /dev/zero 2>/dev/null | dd of=/root/dummy_snapshot_data_1.img bs=1M count=500 iflag=fullblock conv=notrunc status=progress; ec=$?; _bs pipeline_done; _bs guest_end; exit $ec'
2026-05-20 03:22:27,049 DEBUG   ssh: connect to host 10.114.120.140 port 22: Connection timed out
2026-05-20 03:22:27,049 ERROR Guest disk op failed ec=255 vm=ahv_ins_delete-0-260518-203301 ip=10.114.120.140 — ssh: connect to host 10.114.120.140 port 22: Connection timed out
2026-05-20 03:22:27,049 WARNING Guest disk op wall 30.3s (vm='ahv_ins_delete-0-260518-203301' ip=10.114.120.140 op=update ec=255) — includes SSH + guest disk command; if still high, check guest disk throughput vs. MiB settings.
2026-05-20 03:22:27,050 DEBUG [225/1171] VM f23fb4ec… (ahv_ins_delete-0-260518-204757) via 10.114.113.11 op=update
2026-05-20 03:22:27,050 DEBUG   remote: bash -lc 'set -e; _bs(){ printf '"'"'BULK_SNAP_T %s %s\n'"'"' "$1" "$(date +%s.%N 2>/dev/null || date +%s)"; }; _bs guest_start; _bs pipeline_start; openssl enc -aes-256-ctr -pass pass:"testing" -nosalt < /dev/zero 2>/dev/null | dd of=/root/dummy_snapshot_data_1.img bs=1M count=500 iflag=fullblock conv=notrunc status=progress; ec=$?; _bs pipeline_done; _bs guest_end; exit $ec'
2026-05-20 03:22:27,053 DEBUG   ssh: connect to host 10.114.113.7 port 22: Connection timed out
2026-05-20 03:22:27,054 ERROR Guest disk op failed ec=255 vm=ahv_ins_delete-0-260518-203429 ip=10.114.113.7 — ssh: connect to host 10.114.113.7 port 22: Connection timed out
2026-05-20 03:22:27,054 WARNING Guest disk op wall 30.3s (vm='ahv_ins_delete-0-260518-203429' ip=10.114.113.7 op=update ec=255) — includes SSH + guest disk command; if still high, check guest disk throughput vs. MiB settings.
2026-05-20 03:22:27,055 DEBUG [226/1171] VM 8739605e… (ahv_ins_delete-0-260518-204948) via 10.114.120.114 op=update
2026-05-20 03:22:27,055 DEBUG   remote: bash -lc 'set -e; _bs(){ printf '"'"'BULK_SNAP_T %s %s\n'"'"' "$1" "$(date +%s.%N 2>/dev/null || date +%s)"; }; _bs guest_start; _bs pipeline_start; openssl enc -aes-256-ctr -pass pass:"testing" -nosalt < /dev/zero 2>/dev/null | dd of=/root/dummy_snapshot_data_1.img bs=1M count=500 iflag=fullblock conv=notrunc status=progress; ec=$?; _bs pipeline_done; _bs guest_end; exit $ec'
2026-05-20 03:22:27,559 DEBUG   ssh: connect to host 10.114.113.1 port 22: Connection timed out
2026-05-20 03:22:27,559 ERROR Guest disk op failed ec=255 vm=ahv_ins_delete-0-260518-203740 ip=10.114.113.1 — ssh: connect to host 10.114.113.1 port 22: Connection timed out
2026-05-20 03:22:27,559 WARNING Guest disk op wall 30.3s (vm='ahv_ins_delete-0-260518-203740' ip=10.114.113.1 op=update ec=255) — includes SSH + guest disk command; if still high, check guest disk throughput vs. MiB settings.
2026-05-20 03:22:27,560 DEBUG [227/1171] VM d39ac551… (ahv_ins_delete-0-260518-205012) via 10.114.112.245 op=update
2026-05-20 03:22:27,560 DEBUG   remote: bash -lc 'set -e; _bs(){ printf '"'"'BULK_SNAP_T %s %s\n'"'"' "$1" "$(date +%s.%N 2>/dev/null || date +%s)"; }; _bs guest_start; _bs pipeline_start; openssl enc -aes-256-ctr -pass pass:"testing" -nosalt < /dev/zero 2>/dev/null | dd of=/root/dummy_snapshot_data_1.img bs=1M count=500 iflag=fullblock conv=notrunc status=progress; ec=$?; _bs pipeline_done; _bs guest_end; exit $ec'
2026-05-20 03:22:27,815 DEBUG   ssh: connect to host 10.114.113.3 port 22: Connection timed out
2026-05-20 03:22:27,815 ERROR Guest disk op failed ec=255 vm=ahv_ins_delete-0-260518-204003 ip=10.114.113.3 — ssh: connect to host 10.114.113.3 port 22: Connection timed out
2026-05-20 03:22:27,816 WARNING Guest disk op wall 30.3s (vm='ahv_ins_delete-0-260518-204003' ip=10.114.113.3 op=update ec=255) — includes SSH + guest disk command; if still high, check guest disk throughput vs. MiB settings.
2026-05-20 03:22:27,816 DEBUG [228/1171] VM 53baeb55… (ahv_ins_delete-0-260518-205105) via 10.114.112.244 op=update
2026-05-20 03:22:27,816 DEBUG   remote: bash -lc 'set -e; _bs(){ printf '"'"'BULK_SNAP_T %s %s\n'"'"' "$1" "$(date +%s.%N 2>/dev/null || date +%s)"; }; _bs guest_start; _bs pipeline_start; openssl enc -aes-256-ctr -pass pass:"testing" -nosalt < /dev/zero 2>/dev/null | dd of=/root/dummy_snapshot_data_1.img bs=1M count=500 iflag=fullblock conv=notrunc status=progress; ec=$?; _bs pipeline_done; _bs guest_end; exit $ec'
2026-05-20 03:22:28,073 DEBUG   ssh: connect to host 10.114.113.12 port 22: Connection timed out
2026-05-20 03:22:28,073 ERROR Guest disk op failed ec=255 vm=ahv_ins_delete-0-260518-204252 ip=10.114.113.12 — ssh: connect to host 10.114.113.12 port 22: Connection timed out
2026-05-20 03:22:28,074 WARNING Guest disk op wall 30.3s (vm='ahv_ins_delete-0-260518-204252' ip=10.114.113.12 op=update ec=255) — includes SSH + guest disk command; if still high, check guest disk throughput vs. MiB settings.
2026-05-20 03:22:28,074 DEBUG [229/1171] VM 9df17e82… (ahv_ins_delete-0-260518-205306) via 10.114.112.247 op=update
2026-05-20 03:22:28,074 DEBUG   remote: bash -lc 'set -e; _bs(){ printf '"'"'BULK_SNAP_T %s %s\n'"'"' "$1" "$(date +%s.%N 2>/dev/null || date +%s)"; }; _bs guest_start; _bs pipeline_start; openssl enc -aes-256-ctr -pass pass:"testing" -nosalt < /dev/zero 2>/dev/null | dd of=/root/dummy_snapshot_data_1.img bs=1M count=500 iflag=fullblock conv=notrunc status=progress; ec=$?; _bs pipeline_done; _bs guest_end; exit $ec'
2026-05-20 03:22:28,077 DEBUG   ssh: connect to host 10.114.120.116 port 22: Connection timed out
2026-05-20 03:22:28,077 ERROR Guest disk op failed ec=255 vm=ahv_ins_delete-0-260518-204313 ip=10.114.120.116 — ssh: connect to host 10.114.120.116 port 22: Connection timed out
2026-05-20 03:22:28,078 WARNING Guest disk op wall 30.3s (vm='ahv_ins_delete-0-260518-204313' ip=10.114.120.116 op=update ec=255) — includes SSH + guest disk command; if still high, check guest disk throughput vs. MiB settings.
2026-05-20 03:22:28,079 DEBUG [230/1171] VM ef7d304c… (ahv_ins_delete-0-260518-205322) via 10.114.120.127 op=update
2026-05-20 03:22:28,079 DEBUG   remote: bash -lc 'set -e; _bs(){ printf '"'"'BULK_SNAP_T %s %s\n'"'"' "$1" "$(date +%s.%N 2>/dev/null || date +%s)"; }; _bs guest_start; _bs pipeline_start; openssl enc -aes-256-ctr -pass pass:"testing" -nosalt < /dev/zero 2>/dev/null | dd of=/root/dummy_snapshot_data_1.img bs=1M count=500 iflag=fullblock conv=notrunc status=progress; ec=$?; _bs pipeline_done; _bs guest_end; exit $ec'
2026-05-20 03:22:28,305 DEBUG   ssh: connect to host 10.114.113.14 port 22: Connection timed out
2026-05-20 03:22:28,305 ERROR Guest disk op failed ec=255 vm=ahv_ins_delete-0-260518-204455 ip=10.114.113.14 — ssh: connect to host 10.114.113.14 port 22: Connection timed out
2026-05-20 03:22:28,306 WARNING Guest disk op wall 30.3s (vm='ahv_ins_delete-0-260518-204455' ip=10.114.113.14 op=update ec=255) — includes SSH + guest disk command; if still high, check guest disk throughput vs. MiB settings.
2026-05-20 03:22:28,306 DEBUG [231/1171] VM 1ba5f195… (ahv_ins_delete-0-260518-205509) via 10.114.120.121 op=update
2026-05-20 03:22:28,306 DEBUG   remote: bash -lc 'set -e; _bs(){ printf '"'"'BULK_SNAP_T %s %s\n'"'"' "$1" "$(date +%s.%N 2>/dev/null || date +%s)"; }; _bs guest_start; _bs pipeline_start; openssl enc -aes-256-ctr -pass pass:"testing" -nosalt < /dev/zero 2>/dev/null | dd of=/root/dummy_snapshot_data_1.img bs=1M count=500 iflag=fullblock conv=notrunc status=progress; ec=$?; _bs pipeline_done; _bs guest_end; exit $ec'
2026-05-20 03:22:56,563 DEBUG   ssh: connect to host 10.114.120.113 port 22: Connection timed out
2026-05-20 03:22:56,564 ERROR Guest disk op failed ec=255 vm=ahv_ins_delete-0-260518-204534 ip=10.114.120.113 — ssh: connect to host 10.114.120.113 port 22: Connection timed out
2026-05-20 03:22:56,564 WARNING Guest disk op wall 30.3s (vm='ahv_ins_delete-0-260518-204534' ip=10.114.120.113 op=update ec=255) — includes SSH + guest disk command; if still high, check guest disk throughput vs. MiB settings.
2026-05-20 03:22:56,564 DEBUG [232/1171] VM 7f5c545a… (ahv_ins_delete-0-260518-205527) via 10.114.120.120 op=update
2026-05-20 03:22:56,564 DEBUG   remote: bash -lc 'set -e; _bs(){ printf '"'"'BULK_SNAP_T %s %s\n'"'"' "$1" "$(date +%s.%N 2>/dev/null || date +%s)"; }; _bs guest_start; _bs pipeline_start; openssl enc -aes-256-ctr -pass pass:"testing" -nosalt < /dev/zero 2>/dev/null | dd of=/root/dummy_snapshot_data_1.img bs=1M count=500 iflag=fullblock conv=notrunc status=progress; ec=$?; _bs pipeline_done; _bs guest_end; exit $ec'
2026-05-20 03:22:56,815 DEBUG   ssh: connect to host 10.114.113.9 port 22: Connection timed out
2026-05-20 03:22:56,815 ERROR Guest disk op failed ec=255 vm=ahv_ins_delete-0-260518-204625 ip=10.114.113.9 — ssh: connect to host 10.114.113.9 port 22: Connection timed out
2026-05-20 03:22:56,815 WARNING Guest disk op wall 30.3s (vm='ahv_ins_delete-0-260518-204625' ip=10.114.113.9 op=update ec=255) — includes SSH + guest disk command; if still high, check guest disk throughput vs. MiB settings.
2026-05-20 03:22:56,816 DEBUG [233/1171] VM 35b4265b… (ahv_ins_delete-0-260518-205612) via 10.114.112.241 op=update
2026-05-20 03:22:56,816 DEBUG   remote: bash -lc 'set -e; _bs(){ printf '"'"'BULK_SNAP_T %s %s\n'"'"' "$1" "$(date +%s.%N 2>/dev/null || date +%s)"; }; _bs guest_start; _bs pipeline_start; openssl enc -aes-256-ctr -pass pass:"testing" -nosalt < /dev/zero 2>/dev/null | dd of=/root/dummy_snapshot_data_1.img bs=1M count=500 iflag=fullblock conv=notrunc status=progress; ec=$?; _bs pipeline_done; _bs guest_end; exit $ec'
2026-05-20 03:22:57,069 DEBUG   ssh: connect to host 10.114.113.11 port 22: Connection timed out
2026-05-20 03:22:57,069 ERROR Guest disk op failed ec=255 vm=ahv_ins_delete-0-260518-204757 ip=10.114.113.11 — ssh: connect to host 10.114.113.11 port 22: Connection timed out
2026-05-20 03:22:57,069 WARNING Guest disk op wall 30.0s (vm='ahv_ins_delete-0-260518-204757' ip=10.114.113.11 op=update ec=255) — includes SSH + guest disk command; if still high, check guest disk throughput vs. MiB settings.
2026-05-20 03:22:57,070 DEBUG   ssh: connect to host 10.114.120.112 port 22: Connection timed out
2026-05-20 03:22:57,070 DEBUG [234/1171] VM 925551ac… (ahv_ins_delete-0-260518-205813) via 10.114.112.240 op=update
2026-05-20 03:22:57,070 ERROR Guest disk op failed ec=255 vm=ahv_ins_delete-0-260518-204751 ip=10.114.120.112 — ssh: connect to host 10.114.120.112 port 22: Connection timed out
2026-05-20 03:22:57,070 DEBUG   remote: bash -lc 'set -e; _bs(){ printf '"'"'BULK_SNAP_T %s %s\n'"'"' "$1" "$(date +%s.%N 2>/dev/null || date +%s)"; }; _bs guest_start; _bs pipeline_start; openssl enc -aes-256-ctr -pass pass:"testing" -nosalt < /dev/zero 2>/dev/null | dd of=/root/dummy_snapshot_data_1.img bs=1M count=500 iflag=fullblock conv=notrunc status=progress; ec=$?; _bs pipeline_done; _bs guest_end; exit $ec'
2026-05-20 03:22:57,071 WARNING Guest disk op wall 30.3s (vm='ahv_ins_delete-0-260518-204751' ip=10.114.120.112 op=update ec=255) — includes SSH + guest disk command; if still high, check guest disk throughput vs. MiB settings.
2026-05-20 03:22:57,071 DEBUG [235/1171] VM 7cf2b530… (ahv_ins_delete-0-260518-205844) via 10.114.112.243 op=update
2026-05-20 03:22:57,071 DEBUG   remote: bash -lc 'set -e; _bs(){ printf '"'"'BULK_SNAP_T %s %s\n'"'"' "$1" "$(date +%s.%N 2>/dev/null || date +%s)"; }; _bs guest_start; _bs pipeline_start; openssl enc -aes-256-ctr -pass pass:"testing" -nosalt < /dev/zero 2>/dev/null | dd of=/root/dummy_snapshot_data_1.img bs=1M count=500 iflag=fullblock conv=notrunc status=progress; ec=$?; _bs pipeline_done; _bs guest_end; exit $ec'
2026-05-20 03:22:57,327 DEBUG   ssh: connect to host 10.114.120.114 port 22: Connection timed out
2026-05-20 03:22:57,327 ERROR Guest disk op failed ec=255 vm=ahv_ins_delete-0-260518-204948 ip=10.114.120.114 — ssh: connect to host 10.114.120.114 port 22: Connection timed out
2026-05-20 03:22:57,327 WARNING Guest disk op wall 30.3s (vm='ahv_ins_delete-0-260518-204948' ip=10.114.120.114 op=update ec=255) — includes SSH + guest disk command; if still high, check guest disk throughput vs. MiB settings.
2026-05-20 03:22:57,328 DEBUG [236/1171] VM b1cd9991… (ahv_ins_delete-0-260518-210017) via 10.114.120.100 op=update
2026-05-20 03:22:57,328 DEBUG   remote: bash -lc 'set -e; _bs(){ printf '"'"'BULK_SNAP_T %s %s\n'"'"' "$1" "$(date +%s.%N 2>/dev/null || date +%s)"; }; _bs guest_start; _bs pipeline_start; openssl enc -aes-256-ctr -pass pass:"testing" -nosalt < /dev/zero 2>/dev/null | dd of=/root/dummy_snapshot_data_1.img bs=1M count=500 iflag=fullblock conv=notrunc status=progress; ec=$?; _bs pipeline_done; _bs guest_end; exit $ec'
2026-05-20 03:22:57,827 DEBUG   ssh: connect to host 10.114.112.245 port 22: Connection timed out
2026-05-20 03:22:57,828 ERROR Guest disk op failed ec=255 vm=ahv_ins_delete-0-260518-205012 ip=10.114.112.245 — ssh: connect to host 10.114.112.245 port 22: Connection timed out
2026-05-20 03:22:57,828 WARNING Guest disk op wall 30.3s (vm='ahv_ins_delete-0-260518-205012' ip=10.114.112.245 op=update ec=255) — includes SSH + guest disk command; if still high, check guest disk throughput vs. MiB settings.
2026-05-20 03:22:57,829 DEBUG [237/1171] VM a6b7496b… (ahv_ins_delete-0-260518-210035) via 10.114.120.103 op=update
2026-05-20 03:22:57,829 DEBUG   remote: bash -lc 'set -e; _bs(){ printf '"'"'BULK_SNAP_T %s %s\n'"'"' "$1" "$(date +%s.%N 2>/dev/null || date +%s)"; }; _bs guest_start; _bs pipeline_start; openssl enc -aes-256-ctr -pass pass:"testing" -nosalt < /dev/zero 2>/dev/null | dd of=/root/dummy_snapshot_data_1.img bs=1M count=500 iflag=fullblock conv=notrunc status=progress; ec=$?; _bs pipeline_done; _bs guest_end; exit $ec'
2026-05-20 03:22:58,082 DEBUG   ssh: connect to host 10.114.112.244 port 22: Connection timed out
2026-05-20 03:22:58,082 ERROR Guest disk op failed ec=255 vm=ahv_ins_delete-0-260518-205105 ip=10.114.112.244 — ssh: connect to host 10.114.112.244 port 22: Connection timed out
2026-05-20 03:22:58,082 WARNING Guest disk op wall 30.3s (vm='ahv_ins_delete-0-260518-205105' ip=10.114.112.244 op=update ec=255) — includes SSH + guest disk command; if still high, check guest disk throughput vs. MiB settings.
2026-05-20 03:22:58,083 DEBUG [238/1171] VM 1a1e73d4… (ahv_ins_delete-0-260518-210129) via 10.114.112.242 op=update
2026-05-20 03:22:58,083 DEBUG   remote: bash -lc 'set -e; _bs(){ printf '"'"'BULK_SNAP_T %s %s\n'"'"' "$1" "$(date +%s.%N 2>/dev/null || date +%s)"; }; _bs guest_start; _bs pipeline_start; openssl enc -aes-256-ctr -pass pass:"testing" -nosalt < /dev/zero 2>/dev/null | dd of=/root/dummy_snapshot_data_1.img bs=1M count=500 iflag=fullblock conv=notrunc status=progress; ec=$?; _bs pipeline_done; _bs guest_end; exit $ec'
2026-05-20 03:22:58,339 DEBUG   ssh: connect to host 10.114.112.247 port 22: Connection timed out
2026-05-20 03:22:58,339 ERROR Guest disk op failed ec=255 vm=ahv_ins_delete-0-260518-205306 ip=10.114.112.247 — ssh: connect to host 10.114.112.247 port 22: Connection timed out
2026-05-20 03:22:58,339 WARNING Guest disk op wall 30.3s (vm='ahv_ins_delete-0-260518-205306' ip=10.114.112.247 op=update ec=255) — includes SSH + guest disk command; if still high, check guest disk throughput vs. MiB settings.
2026-05-20 03:22:58,340 DEBUG [239/1171] VM e2e04898… (ahv_ins_delete-0-260518-210426) via 10.114.120.97 op=update
2026-05-20 03:22:58,340 DEBUG   remote: bash -lc 'set -e; _bs(){ printf '"'"'BULK_SNAP_T %s %s\n'"'"' "$1" "$(date +%s.%N 2>/dev/null || date +%s)"; }; _bs guest_start; _bs pipeline_start; openssl enc -aes-256-ctr -pass pass:"testing" -nosalt < /dev/zero 2>/dev/null | dd of=/root/dummy_snapshot_data_1.img bs=1M count=500 iflag=fullblock conv=notrunc status=progress; ec=$?; _bs pipeline_done; _bs guest_end; exit $ec'
2026-05-20 03:22:58,343 DEBUG   ssh: connect to host 10.114.120.127 port 22: Connection timed out
2026-05-20 03:22:58,344 ERROR Guest disk op failed ec=255 vm=ahv_ins_delete-0-260518-205322 ip=10.114.120.127 — ssh: connect to host 10.114.120.127 port 22: Connection timed out
2026-05-20 03:22:58,344 WARNING Guest disk op wall 30.3s (vm='ahv_ins_delete-0-260518-205322' ip=10.114.120.127 op=update ec=255) — includes SSH + guest disk command; if still high, check guest disk throughput vs. MiB settings.
2026-05-20 03:22:58,344 DEBUG [240/1171] VM cf3300ea… (ahv_ins_delete-0-260518-210445) via 10.114.112.252 op=update
2026-05-20 03:22:58,344 DEBUG   remote: bash -lc 'set -e; _bs(){ printf '"'"'BULK_SNAP_T %s %s\n'"'"' "$1" "$(date +%s.%N 2>/dev/null || date +%s)"; }; _bs guest_start; _bs pipeline_start; openssl enc -aes-256-ctr -pass pass:"testing" -nosalt < /dev/zero 2>/dev/null | dd of=/root/dummy_snapshot_data_1.img bs=1M count=500 iflag=fullblock conv=notrunc status=progress; ec=$?; _bs pipeline_done; _bs guest_end; exit $ec'
2026-05-20 03:22:58,571 DEBUG   ssh: connect to host 10.114.120.121 port 22: Connection timed out
2026-05-20 03:22:58,571 ERROR Guest disk op failed ec=255 vm=ahv_ins_delete-0-260518-205509 ip=10.114.120.121 — ssh: connect to host 10.114.120.121 port 22: Connection timed out
2026-05-20 03:22:58,572 WARNING Guest disk op wall 30.3s (vm='ahv_ins_delete-0-260518-205509' ip=10.114.120.121 op=update ec=255) — includes SSH + guest disk command; if still high, check guest disk throughput vs. MiB settings.
2026-05-20 03:22:58,572 DEBUG [241/1171] VM b7da60f2… (ahv_ins_delete-0-260518-210556) via 10.114.112.254 op=update
2026-05-20 03:22:58,572 DEBUG   remote: bash -lc 'set -e; _bs(){ printf '"'"'BULK_SNAP_T %s %s\n'"'"' "$1" "$(date +%s.%N 2>/dev/null || date +%s)"; }; _bs guest_start; _bs pipeline_start; openssl enc -aes-256-ctr -pass pass:"testing" -nosalt < /dev/zero 2>/dev/null | dd of=/root/dummy_snapshot_data_1.img bs=1M count=500 iflag=fullblock conv=notrunc status=progress; ec=$?; _bs pipeline_done; _bs guest_end; exit $ec'
2026-05-20 03:23:26,833 DEBUG   ssh: connect to host 10.114.120.120 port 22: Connection timed out
2026-05-20 03:23:26,833 ERROR Guest disk op failed ec=255 vm=ahv_ins_delete-0-260518-205527 ip=10.114.120.120 — ssh: connect to host 10.114.120.120 port 22: Connection timed out
2026-05-20 03:23:26,833 WARNING Guest disk op wall 30.3s (vm='ahv_ins_delete-0-260518-205527' ip=10.114.120.120 op=update ec=255) — includes SSH + guest disk command; if still high, check guest disk throughput vs. MiB settings.
2026-05-20 03:23:26,834 DEBUG [242/1171] VM 197847b1… (ahv_ins_delete-0-260518-210608) via 10.114.112.248 op=update
2026-05-20 03:23:26,834 DEBUG   remote: bash -lc 'set -e; _bs(){ printf '"'"'BULK_SNAP_T %s %s\n'"'"' "$1" "$(date +%s.%N 2>/dev/null || date +%s)"; }; _bs guest_start; _bs pipeline_start; openssl enc -aes-256-ctr -pass pass:"testing" -nosalt < /dev/zero 2>/dev/null | dd of=/root/dummy_snapshot_data_1.img bs=1M count=500 iflag=fullblock conv=notrunc status=progress; ec=$?; _bs pipeline_done; _bs guest_end; exit $ec'
2026-05-20 03:23:27,084 DEBUG   ssh: connect to host 10.114.112.241 port 22: Connection timed out
2026-05-20 03:23:27,084 ERROR Guest disk op failed ec=255 vm=ahv_ins_delete-0-260518-205612 ip=10.114.112.241 — ssh: connect to host 10.114.112.241 port 22: Connection timed out
2026-05-20 03:23:27,084 WARNING Guest disk op wall 30.3s (vm='ahv_ins_delete-0-260518-205612' ip=10.114.112.241 op=update ec=255) — includes SSH + guest disk command; if still high, check guest disk throughput vs. MiB settings.
2026-05-20 03:23:27,085 DEBUG [243/1171] VM 77417a5a… (ahv_ins_delete-0-260518-210653) via 10.114.120.99 op=update
2026-05-20 03:23:27,085 DEBUG   remote: bash -lc 'set -e; _bs(){ printf '"'"'BULK_SNAP_T %s %s\n'"'"' "$1" "$(date +%s.%N 2>/dev/null || date +%s)"; }; _bs guest_start; _bs pipeline_start; openssl enc -aes-256-ctr -pass pass:"testing" -nosalt < /dev/zero 2>/dev/null | dd of=/root/dummy_snapshot_data_1.img bs=1M count=500 iflag=fullblock conv=notrunc status=progress; ec=$?; _bs pipeline_done; _bs guest_end; exit $ec'
2026-05-20 03:23:27,338 DEBUG   ssh: connect to host 10.114.112.240 port 22: Connection timed out
2026-05-20 03:23:27,338 ERROR Guest disk op failed ec=255 vm=ahv_ins_delete-0-260518-205813 ip=10.114.112.240 — ssh: connect to host 10.114.112.240 port 22: Connection timed out
2026-05-20 03:23:27,338 WARNING Guest disk op wall 30.3s (vm='ahv_ins_delete-0-260518-205813' ip=10.114.112.240 op=update ec=255) — includes SSH + guest disk command; if still high, check guest disk throughput vs. MiB settings.
2026-05-20 03:23:27,339 DEBUG [244/1171] VM 57a9a4e4… (ahv_ins_delete-0-260518-211002) via 10.114.120.98 op=update
2026-05-20 03:23:27,339 DEBUG   remote: bash -lc 'set -e; _bs(){ printf '"'"'BULK_SNAP_T %s %s\n'"'"' "$1" "$(date +%s.%N 2>/dev/null || date +%s)"; }; _bs guest_start; _bs pipeline_start; openssl enc -aes-256-ctr -pass pass:"testing" -nosalt < /dev/zero 2>/dev/null | dd of=/root/dummy_snapshot_data_1.img bs=1M count=500 iflag=fullblock conv=notrunc status=progress; ec=$?; _bs pipeline_done; _bs guest_end; exit $ec'
2026-05-20 03:23:27,344 DEBUG   ssh: connect to host 10.114.112.243 port 22: Connection timed out
2026-05-20 03:23:27,345 ERROR Guest disk op failed ec=255 vm=ahv_ins_delete-0-260518-205844 ip=10.114.112.243 — ssh: connect to host 10.114.112.243 port 22: Connection timed out
2026-05-20 03:23:27,345 WARNING Guest disk op wall 30.3s (vm='ahv_ins_delete-0-260518-205844' ip=10.114.112.243 op=update ec=255) — includes SSH + guest disk command; if still high, check guest disk throughput vs. MiB settings.
2026-05-20 03:23:27,345 DEBUG [245/1171] VM 8d593ab5… (ahv_ins_delete-0-260518-211004) via 10.114.112.251 op=update
2026-05-20 03:23:27,345 DEBUG   remote: bash -lc 'set -e; _bs(){ printf '"'"'BULK_SNAP_T %s %s\n'"'"' "$1" "$(date +%s.%N 2>/dev/null || date +%s)"; }; _bs guest_start; _bs pipeline_start; openssl enc -aes-256-ctr -pass pass:"testing" -nosalt < /dev/zero 2>/dev/null | dd of=/root/dummy_snapshot_data_1.img bs=1M count=500 iflag=fullblock conv=notrunc status=progress; ec=$?; _bs pipeline_done; _bs guest_end; exit $ec'
2026-05-20 03:23:27,598 DEBUG   ssh: connect to host 10.114.120.100 port 22: Connection timed out
2026-05-20 03:23:27,598 ERROR Guest disk op failed ec=255 vm=ahv_ins_delete-0-260518-210017 ip=10.114.120.100 — ssh: connect to host 10.114.120.100 port 22: Connection timed out
2026-05-20 03:23:27,598 WARNING Guest disk op wall 30.3s (vm='ahv_ins_delete-0-260518-210017' ip=10.114.120.100 op=update ec=255) — includes SSH + guest disk command; if still high, check guest disk throughput vs. MiB settings.
2026-05-20 03:23:27,599 DEBUG [246/1171] VM c0e1ed47… (ahv_ins_delete-0-260518-211131) via 10.114.120.109 op=update
2026-05-20 03:23:27,599 DEBUG   remote: bash -lc 'set -e; _bs(){ printf '"'"'BULK_SNAP_T %s %s\n'"'"' "$1" "$(date +%s.%N 2>/dev/null || date +%s)"; }; _bs guest_start; _bs pipeline_start; openssl enc -aes-256-ctr -pass pass:"testing" -nosalt < /dev/zero 2>/dev/null | dd of=/root/dummy_snapshot_data_1.img bs=1M count=500 iflag=fullblock conv=notrunc status=progress; ec=$?; _bs pipeline_done; _bs guest_end; exit $ec'
2026-05-20 03:23:27,846 DEBUG   ssh: connect to host 10.114.120.103 port 22: Connection timed out
2026-05-20 03:23:27,846 ERROR Guest disk op failed ec=255 vm=ahv_ins_delete-0-260518-210035 ip=10.114.120.103 — ssh: connect to host 10.114.120.103 port 22: Connection timed out
2026-05-20 03:23:27,846 WARNING Guest disk op wall 30.0s (vm='ahv_ins_delete-0-260518-210035' ip=10.114.120.103 op=update ec=255) — includes SSH + guest disk command; if still high, check guest disk throughput vs. MiB settings.
2026-05-20 03:23:27,847 DEBUG [247/1171] VM bbb91d29… (ahv_ins_delete-0-260518-211154) via 10.114.120.108 op=update
2026-05-20 03:23:27,847 DEBUG   remote: bash -lc 'set -e; _bs(){ printf '"'"'BULK_SNAP_T %s %s\n'"'"' "$1" "$(date +%s.%N 2>/dev/null || date +%s)"; }; _bs guest_start; _bs pipeline_start; openssl enc -aes-256-ctr -pass pass:"testing" -nosalt < /dev/zero 2>/dev/null | dd of=/root/dummy_snapshot_data_1.img bs=1M count=500 iflag=fullblock conv=notrunc status=progress; ec=$?; _bs pipeline_done; _bs guest_end; exit $ec'
2026-05-20 03:23:28,348 DEBUG   ssh: connect to host 10.114.112.242 port 22: Connection timed out
2026-05-20 03:23:28,348 ERROR Guest disk op failed ec=255 vm=ahv_ins_delete-0-260518-210129 ip=10.114.112.242 — ssh: connect to host 10.114.112.242 port 22: Connection timed out
2026-05-20 03:23:28,348 WARNING Guest disk op wall 30.3s (vm='ahv_ins_delete-0-260518-210129' ip=10.114.112.242 op=update ec=255) — includes SSH + guest disk command; if still high, check guest disk throughput vs. MiB settings.
2026-05-20 03:23:28,349 DEBUG [248/1171] VM 9ac12bc4… (ahv_ins_delete-0-260518-211212) via 10.114.120.110 op=update
2026-05-20 03:23:28,349 DEBUG   remote: bash -lc 'set -e; _bs(){ printf '"'"'BULK_SNAP_T %s %s\n'"'"' "$1" "$(date +%s.%N 2>/dev/null || date +%s)"; }; _bs guest_start; _bs pipeline_start; openssl enc -aes-256-ctr -pass pass:"testing" -nosalt < /dev/zero 2>/dev/null | dd of=/root/dummy_snapshot_data_1.img bs=1M count=500 iflag=fullblock conv=notrunc status=progress; ec=$?; _bs pipeline_done; _bs guest_end; exit $ec'
2026-05-20 03:23:28,608 DEBUG   ssh: connect to host 10.114.120.97 port 22: Connection timed out
2026-05-20 03:23:28,608 ERROR Guest disk op failed ec=255 vm=ahv_ins_delete-0-260518-210426 ip=10.114.120.97 — ssh: connect to host 10.114.120.97 port 22: Connection timed out
2026-05-20 03:23:28,608 WARNING Guest disk op wall 30.3s (vm='ahv_ins_delete-0-260518-210426' ip=10.114.120.97 op=update ec=255) — includes SSH + guest disk command; if still high, check guest disk throughput vs. MiB settings.
2026-05-20 03:23:28,609 DEBUG [249/1171] VM 517327c1… (ahv_ins_delete-0-260519-031957) via 10.114.120.105 op=update
2026-05-20 03:23:28,609 DEBUG   remote: bash -lc 'set -e; _bs(){ printf '"'"'BULK_SNAP_T %s %s\n'"'"' "$1" "$(date +%s.%N 2>/dev/null || date +%s)"; }; _bs guest_start; _bs pipeline_start; openssl enc -aes-256-ctr -pass pass:"testing" -nosalt < /dev/zero 2>/dev/null | dd of=/root/dummy_snapshot_data_1.img bs=1M count=500 iflag=fullblock conv=notrunc status=progress; ec=$?; _bs pipeline_done; _bs guest_end; exit $ec'
2026-05-20 03:23:28,612 DEBUG   ssh: connect to host 10.114.112.252 port 22: Connection timed out
2026-05-20 03:23:28,612 ERROR Guest disk op failed ec=255 vm=ahv_ins_delete-0-260518-210445 ip=10.114.112.252 — ssh: connect to host 10.114.112.252 port 22: Connection timed out
2026-05-20 03:23:28,612 WARNING Guest disk op wall 30.3s (vm='ahv_ins_delete-0-260518-210445' ip=10.114.112.252 op=update ec=255) — includes SSH + guest disk command; if still high, check guest disk throughput vs. MiB settings.
2026-05-20 03:23:28,613 DEBUG [250/1171] VM ce17521d… (ahv_ins_delete-0-260519-031957) via 10.114.120.104 op=update
2026-05-20 03:23:28,613 DEBUG   remote: bash -lc 'set -e; _bs(){ printf '"'"'BULK_SNAP_T %s %s\n'"'"' "$1" "$(date +%s.%N 2>/dev/null || date +%s)"; }; _bs guest_start; _bs pipeline_start; openssl enc -aes-256-ctr -pass pass:"testing" -nosalt < /dev/zero 2>/dev/null | dd of=/root/dummy_snapshot_data_1.img bs=1M count=500 iflag=fullblock conv=notrunc status=progress; ec=$?; _bs pipeline_done; _bs guest_end; exit $ec'
2026-05-20 03:23:28,838 DEBUG   ssh: connect to host 10.114.112.254 port 22: Connection timed out
2026-05-20 03:23:28,839 ERROR Guest disk op failed ec=255 vm=ahv_ins_delete-0-260518-210556 ip=10.114.112.254 — ssh: connect to host 10.114.112.254 port 22: Connection timed out
2026-05-20 03:23:28,839 WARNING Guest disk op wall 30.3s (vm='ahv_ins_delete-0-260518-210556' ip=10.114.112.254 op=update ec=255) — includes SSH + guest disk command; if still high, check guest disk throughput vs. MiB settings.
2026-05-20 03:23:28,839 DEBUG [251/1171] VM 1012e35c… (ahv_ins_delete-0-260519-032001) via 10.114.112.225 op=update
2026-05-20 03:23:28,840 DEBUG   remote: bash -lc 'set -e; _bs(){ printf '"'"'BULK_SNAP_T %s %s\n'"'"' "$1" "$(date +%s.%N 2>/dev/null || date +%s)"; }; _bs guest_start; _bs pipeline_start; openssl enc -aes-256-ctr -pass pass:"testing" -nosalt < /dev/zero 2>/dev/null | dd of=/root/dummy_snapshot_data_1.img bs=1M count=500 iflag=fullblock conv=notrunc status=progress; ec=$?; _bs pipeline_done; _bs guest_end; exit $ec'
2026-05-20 03:23:28,863 DEBUG   ssh: connect to host 10.114.120.105 port 22: Connection reset by peer
2026-05-20 03:23:28,864 ERROR Guest disk op failed ec=255 vm=ahv_ins_delete-0-260519-031957 ip=10.114.120.105 — ssh: connect to host 10.114.120.105 port 22: Connection reset by peer
2026-05-20 03:23:28,864 DEBUG [252/1171] VM 9f36e483… (ahv_ins_delete-0-260519-032005) via 10.114.112.227 op=update
2026-05-20 03:23:28,864 DEBUG   remote: bash -lc 'set -e; _bs(){ printf '"'"'BULK_SNAP_T %s %s\n'"'"' "$1" "$(date +%s.%N 2>/dev/null || date +%s)"; }; _bs guest_start; _bs pipeline_start; openssl enc -aes-256-ctr -pass pass:"testing" -nosalt < /dev/zero 2>/dev/null | dd of=/root/dummy_snapshot_data_1.img bs=1M count=500 iflag=fullblock conv=notrunc status=progress; ec=$?; _bs pipeline_done; _bs guest_end; exit $ec'
2026-05-20 03:23:28,868 DEBUG   ssh: connect to host 10.114.120.104 port 22: Connection reset by peer
2026-05-20 03:23:28,868 ERROR Guest disk op failed ec=255 vm=ahv_ins_delete-0-260519-031957 ip=10.114.120.104 — ssh: connect to host 10.114.120.104 port 22: Connection reset by peer
2026-05-20 03:23:28,868 DEBUG [253/1171] VM e37a670f… (ahv_ins_delete-0-260519-032006) via 10.114.112.226 op=update
2026-05-20 03:23:28,869 DEBUG   remote: bash -lc 'set -e; _bs(){ printf '"'"'BULK_SNAP_T %s %s\n'"'"' "$1" "$(date +%s.%N 2>/dev/null || date +%s)"; }; _bs guest_start; _bs pipeline_start; openssl enc -aes-256-ctr -pass pass:"testing" -nosalt < /dev/zero 2>/dev/null | dd of=/root/dummy_snapshot_data_1.img bs=1M count=500 iflag=fullblock conv=notrunc status=progress; ec=$?; _bs pipeline_done; _bs guest_end; exit $ec'
2026-05-20 03:23:29,094 DEBUG   ssh: connect to host 10.114.112.225 port 22: Connection reset by peer
2026-05-20 03:23:29,095 ERROR Guest disk op failed ec=255 vm=ahv_ins_delete-0-260519-032001 ip=10.114.112.225 — ssh: connect to host 10.114.112.225 port 22: Connection reset by peer
2026-05-20 03:23:29,095 DEBUG [254/1171] VM 5b037f3f… (ahv_ins_delete-0-260519-032500) via 10.114.112.237 op=update
2026-05-20 03:23:29,095 DEBUG   remote: bash -lc 'set -e; _bs(){ printf '"'"'BULK_SNAP_T %s %s\n'"'"' "$1" "$(date +%s.%N 2>/dev/null || date +%s)"; }; _bs guest_start; _bs pipeline_start; openssl enc -aes-256-ctr -pass pass:"testing" -nosalt < /dev/zero 2>/dev/null | dd of=/root/dummy_snapshot_data_1.img bs=1M count=500 iflag=fullblock conv=notrunc status=progress; ec=$?; _bs pipeline_done; _bs guest_end; exit $ec'
2026-05-20 03:23:29,119 DEBUG   ssh: connect to host 10.114.112.227 port 22: Connection reset by peer
2026-05-20 03:23:29,119 ERROR Guest disk op failed ec=255 vm=ahv_ins_delete-0-260519-032005 ip=10.114.112.227 — ssh: connect to host 10.114.112.227 port 22: Connection reset by peer
2026-05-20 03:23:29,120 DEBUG [255/1171] VM ce83c8b9… (ahv_ins_delete-0-260519-032514) via 10.114.120.84 op=update
2026-05-20 03:23:29,120 DEBUG   remote: bash -lc 'set -e; _bs(){ printf '"'"'BULK_SNAP_T %s %s\n'"'"' "$1" "$(date +%s.%N 2>/dev/null || date +%s)"; }; _bs guest_start; _bs pipeline_start; openssl enc -aes-256-ctr -pass pass:"testing" -nosalt < /dev/zero 2>/dev/null | dd of=/root/dummy_snapshot_data_1.img bs=1M count=500 iflag=fullblock conv=notrunc status=progress; ec=$?; _bs pipeline_done; _bs guest_end; exit $ec'
2026-05-20 03:23:29,123 DEBUG   ssh: connect to host 10.114.112.226 port 22: Connection reset by peer
2026-05-20 03:23:29,123 ERROR Guest disk op failed ec=255 vm=ahv_ins_delete-0-260519-032006 ip=10.114.112.226 — ssh: connect to host 10.114.112.226 port 22: Connection reset by peer
2026-05-20 03:23:29,124 DEBUG [256/1171] VM eef92228… (ahv_ins_delete-0-260519-032518) via 10.114.112.236 op=update
2026-05-20 03:23:29,124 DEBUG   remote: bash -lc 'set -e; _bs(){ printf '"'"'BULK_SNAP_T %s %s\n'"'"' "$1" "$(date +%s.%N 2>/dev/null || date +%s)"; }; _bs guest_start; _bs pipeline_start; openssl enc -aes-256-ctr -pass pass:"testing" -nosalt < /dev/zero 2>/dev/null | dd of=/root/dummy_snapshot_data_1.img bs=1M count=500 iflag=fullblock conv=notrunc status=progress; ec=$?; _bs pipeline_done; _bs guest_end; exit $ec'
2026-05-20 03:23:29,378 DEBUG   ssh: connect to host 10.114.112.236 port 22: Connection reset by peer
2026-05-20 03:23:29,378 ERROR Guest disk op failed ec=255 vm=ahv_ins_delete-0-260519-032518 ip=10.114.112.236 — ssh: connect to host 10.114.112.236 port 22: Connection reset by peer
2026-05-20 03:23:29,379 DEBUG [257/1171] VM 47da54b6… (ahv_ins_delete-0-260519-032537) via 10.114.112.238 op=update
2026-05-20 03:23:29,379 DEBUG   remote: bash -lc 'set -e; _bs(){ printf '"'"'BULK_SNAP_T %s %s\n'"'"' "$1" "$(date +%s.%N 2>/dev/null || date +%s)"; }; _bs guest_start; _bs pipeline_start; openssl enc -aes-256-ctr -pass pass:"testing" -nosalt < /dev/zero 2>/dev/null | dd of=/root/dummy_snapshot_data_1.img bs=1M count=500 iflag=fullblock conv=notrunc status=progress; ec=$?; _bs pipeline_done; _bs guest_end; exit $ec'
2026-05-20 03:23:29,634 DEBUG   ssh: connect to host 10.114.112.238 port 22: Connection reset by peer
2026-05-20 03:23:29,634 ERROR Guest disk op failed ec=255 vm=ahv_ins_delete-0-260519-032537 ip=10.114.112.238 — ssh: connect to host 10.114.112.238 port 22: Connection reset by peer
2026-05-20 03:23:29,635 DEBUG [258/1171] VM 0956d7f8… (ahv_ins_delete-0-260519-032538) via 10.114.112.232 op=update
2026-05-20 03:23:29,635 DEBUG   remote: bash -lc 'set -e; _bs(){ printf '"'"'BULK_SNAP_T %s %s\n'"'"' "$1" "$(date +%s.%N 2>/dev/null || date +%s)"; }; _bs guest_start; _bs pipeline_start; openssl enc -aes-256-ctr -pass pass:"testing" -nosalt < /dev/zero 2>/dev/null | dd of=/root/dummy_snapshot_data_1.img bs=1M count=500 iflag=fullblock conv=notrunc status=progress; ec=$?; _bs pipeline_done; _bs guest_end; exit $ec'
2026-05-20 03:23:57,107 DEBUG   ssh: connect to host 10.114.112.248 port 22: Connection timed out
2026-05-20 03:23:57,107 ERROR Guest disk op failed ec=255 vm=ahv_ins_delete-0-260518-210608 ip=10.114.112.248 — ssh: connect to host 10.114.112.248 port 22: Connection timed out
2026-05-20 03:23:57,107 WARNING Guest disk op wall 30.3s (vm='ahv_ins_delete-0-260518-210608' ip=10.114.112.248 op=update ec=255) — includes SSH + guest disk command; if still high, check guest disk throughput vs. MiB settings.
2026-05-20 03:23:57,108 DEBUG [259/1171] VM 1145a8a7… (ahv_ins_delete-0-260519-032946) via 10.114.120.81 op=update
2026-05-20 03:23:57,108 DEBUG   remote: bash -lc 'set -e; _bs(){ printf '"'"'BULK_SNAP_T %s %s\n'"'"' "$1" "$(date +%s.%N 2>/dev/null || date +%s)"; }; _bs guest_start; _bs pipeline_start; openssl enc -aes-256-ctr -pass pass:"testing" -nosalt < /dev/zero 2>/dev/null | dd of=/root/dummy_snapshot_data_1.img bs=1M count=500 iflag=fullblock conv=notrunc status=progress; ec=$?; _bs pipeline_done; _bs guest_end; exit $ec'
2026-05-20 03:23:57,356 DEBUG   ssh: connect to host 10.114.120.99 port 22: Connection timed out
2026-05-20 03:23:57,357 ERROR Guest disk op failed ec=255 vm=ahv_ins_delete-0-260518-210653 ip=10.114.120.99 — ssh: connect to host 10.114.120.99 port 22: Connection timed out
2026-05-20 03:23:57,357 WARNING Guest disk op wall 30.3s (vm='ahv_ins_delete-0-260518-210653' ip=10.114.120.99 op=update ec=255) — includes SSH + guest disk command; if still high, check guest disk throughput vs. MiB settings.
2026-05-20 03:23:57,357 DEBUG [260/1171] VM 74108f2a… (ahv_ins_delete-0-260519-032958) via 10.114.112.235 op=update
2026-05-20 03:23:57,357 DEBUG   remote: bash -lc 'set -e; _bs(){ printf '"'"'BULK_SNAP_T %s %s\n'"'"' "$1" "$(date +%s.%N 2>/dev/null || date +%s)"; }; _bs guest_start; _bs pipeline_start; openssl enc -aes-256-ctr -pass pass:"testing" -nosalt < /dev/zero 2>/dev/null | dd of=/root/dummy_snapshot_data_1.img bs=1M count=500 iflag=fullblock conv=notrunc status=progress; ec=$?; _bs pipeline_done; _bs guest_end; exit $ec'
2026-05-20 03:23:57,363 DEBUG   ssh: connect to host 10.114.120.81 port 22: Connection reset by peer
2026-05-20 03:23:57,363 ERROR Guest disk op failed ec=255 vm=ahv_ins_delete-0-260519-032946 ip=10.114.120.81 — ssh: connect to host 10.114.120.81 port 22: Connection reset by peer
2026-05-20 03:23:57,364 DEBUG [261/1171] VM 3efc95c6… (ahv_ins_delete-0-260519-033009) via 10.114.112.234 op=update
2026-05-20 03:23:57,364 DEBUG   remote: bash -lc 'set -e; _bs(){ printf '"'"'BULK_SNAP_T %s %s\n'"'"' "$1" "$(date +%s.%N 2>/dev/null || date +%s)"; }; _bs guest_start; _bs pipeline_start; openssl enc -aes-256-ctr -pass pass:"testing" -nosalt < /dev/zero 2>/dev/null | dd of=/root/dummy_snapshot_data_1.img bs=1M count=500 iflag=fullblock conv=notrunc status=progress; ec=$?; _bs pipeline_done; _bs guest_end; exit $ec'
2026-05-20 03:23:57,365 DEBUG   ssh: connect to host 10.114.112.251 port 22: Connection timed out
2026-05-20 03:23:57,365 ERROR Guest disk op failed ec=255 vm=ahv_ins_delete-0-260518-211004 ip=10.114.112.251 — ssh: connect to host 10.114.112.251 port 22: Connection timed out
2026-05-20 03:23:57,367 WARNING Guest disk op wall 30.0s (vm='ahv_ins_delete-0-260518-211004' ip=10.114.112.251 op=update ec=255) — includes SSH + guest disk command; if still high, check guest disk throughput vs. MiB settings.
2026-05-20 03:23:57,368 DEBUG [262/1171] VM 8c8323c3… (ahv_ins_delete-0-260519-033024) via 10.114.112.213 op=update
2026-05-20 03:23:57,369 DEBUG   remote: bash -lc 'set -e; _bs(){ printf '"'"'BULK_SNAP_T %s %s\n'"'"' "$1" "$(date +%s.%N 2>/dev/null || date +%s)"; }; _bs guest_start; _bs pipeline_start; openssl enc -aes-256-ctr -pass pass:"testing" -nosalt < /dev/zero 2>/dev/null | dd of=/root/dummy_snapshot_data_1.img bs=1M count=500 iflag=fullblock conv=notrunc status=progress; ec=$?; _bs pipeline_done; _bs guest_end; exit $ec'
2026-05-20 03:23:57,607 DEBUG   ssh: connect to host 10.114.120.98 port 22: Connection timed out
2026-05-20 03:23:57,607 ERROR Guest disk op failed ec=255 vm=ahv_ins_delete-0-260518-211002 ip=10.114.120.98 — ssh: connect to host 10.114.120.98 port 22: Connection timed out
2026-05-20 03:23:57,607 WARNING Guest disk op wall 30.3s (vm='ahv_ins_delete-0-260518-211002' ip=10.114.120.98 op=update ec=255) — includes SSH + guest disk command; if still high, check guest disk throughput vs. MiB settings.
2026-05-20 03:23:57,608 DEBUG [263/1171] VM 3bf43437… (ahv_ins_delete-0-260519-033035) via 10.114.112.212 op=update
2026-05-20 03:23:57,608 DEBUG   remote: bash -lc 'set -e; _bs(){ printf '"'"'BULK_SNAP_T %s %s\n'"'"' "$1" "$(date +%s.%N 2>/dev/null || date +%s)"; }; _bs guest_start; _bs pipeline_start; openssl enc -aes-256-ctr -pass pass:"testing" -nosalt < /dev/zero 2>/dev/null | dd of=/root/dummy_snapshot_data_1.img bs=1M count=500 iflag=fullblock conv=notrunc status=progress; ec=$?; _bs pipeline_done; _bs guest_end; exit $ec'
2026-05-20 03:23:57,863 DEBUG   ssh: connect to host 10.114.112.212 port 22: Connection reset by peer
2026-05-20 03:23:57,863 ERROR Guest disk op failed ec=255 vm=ahv_ins_delete-0-260519-033035 ip=10.114.112.212 — ssh: connect to host 10.114.112.212 port 22: Connection reset by peer
2026-05-20 03:23:57,864 DEBUG [264/1171] VM 90db07d6… (ahv_ins_delete-0-260519-033450) via 10.114.120.93 op=update
2026-05-20 03:23:57,864 DEBUG   remote: bash -lc 'set -e; _bs(){ printf '"'"'BULK_SNAP_T %s %s\n'"'"' "$1" "$(date +%s.%N 2>/dev/null || date +%s)"; }; _bs guest_start; _bs pipeline_start; openssl enc -aes-256-ctr -pass pass:"testing" -nosalt < /dev/zero 2>/dev/null | dd of=/root/dummy_snapshot_data_1.img bs=1M count=500 iflag=fullblock conv=notrunc status=progress; ec=$?; _bs pipeline_done; _bs guest_end; exit $ec'
2026-05-20 03:23:57,867 DEBUG   ssh: connect to host 10.114.120.109 port 22: Connection timed out
2026-05-20 03:23:57,867 ERROR Guest disk op failed ec=255 vm=ahv_ins_delete-0-260518-211131 ip=10.114.120.109 — ssh: connect to host 10.114.120.109 port 22: Connection timed out
2026-05-20 03:23:57,867 WARNING Guest disk op wall 30.3s (vm='ahv_ins_delete-0-260518-211131' ip=10.114.120.109 op=update ec=255) — includes SSH + guest disk command; if still high, check guest disk throughput vs. MiB settings.
2026-05-20 03:23:57,868 DEBUG [265/1171] VM 5c7dc127… (ahv_ins_delete-0-260519-033502) via 10.114.112.215 op=update
2026-05-20 03:23:57,868 DEBUG   remote: bash -lc 'set -e; _bs(){ printf '"'"'BULK_SNAP_T %s %s\n'"'"' "$1" "$(date +%s.%N 2>/dev/null || date +%s)"; }; _bs guest_start; _bs pipeline_start; openssl enc -aes-256-ctr -pass pass:"testing" -nosalt < /dev/zero 2>/dev/null | dd of=/root/dummy_snapshot_data_1.img bs=1M count=500 iflag=fullblock conv=notrunc status=progress; ec=$?; _bs pipeline_done; _bs guest_end; exit $ec'
2026-05-20 03:23:58,115 DEBUG   ssh: connect to host 10.114.120.108 port 22: Connection timed out
2026-05-20 03:23:58,115 ERROR Guest disk op failed ec=255 vm=ahv_ins_delete-0-260518-211154 ip=10.114.120.108 — ssh: connect to host 10.114.120.108 port 22: Connection timed out
2026-05-20 03:23:58,115 WARNING Guest disk op wall 30.3s (vm='ahv_ins_delete-0-260518-211154' ip=10.114.120.108 op=update ec=255) — includes SSH + guest disk command; if still high, check guest disk throughput vs. MiB settings.
2026-05-20 03:23:58,116 DEBUG [266/1171] VM 424d961c… (ahv_ins_delete-0-260519-033521) via 10.114.120.94 op=update
2026-05-20 03:23:58,116 DEBUG   remote: bash -lc 'set -e; _bs(){ printf '"'"'BULK_SNAP_T %s %s\n'"'"' "$1" "$(date +%s.%N 2>/dev/null || date +%s)"; }; _bs guest_start; _bs pipeline_start; openssl enc -aes-256-ctr -pass pass:"testing" -nosalt < /dev/zero 2>/dev/null | dd of=/root/dummy_snapshot_data_1.img bs=1M count=500 iflag=fullblock conv=notrunc status=progress; ec=$?; _bs pipeline_done; _bs guest_end; exit $ec'
2026-05-20 03:23:58,615 DEBUG   ssh: connect to host 10.114.120.110 port 22: Connection timed out
2026-05-20 03:23:58,615 ERROR Guest disk op failed ec=255 vm=ahv_ins_delete-0-260518-211212 ip=10.114.120.110 — ssh: connect to host 10.114.120.110 port 22: Connection timed out
2026-05-20 03:23:58,615 WARNING Guest disk op wall 30.3s (vm='ahv_ins_delete-0-260518-211212' ip=10.114.120.110 op=update ec=255) — includes SSH + guest disk command; if still high, check guest disk throughput vs. MiB settings.
2026-05-20 03:23:58,616 DEBUG [267/1171] VM 34eaacb5… (ahv_ins_delete-0-260519-033534) via 10.114.120.89 op=update
2026-05-20 03:23:58,616 DEBUG   remote: bash -lc 'set -e; _bs(){ printf '"'"'BULK_SNAP_T %s %s\n'"'"' "$1" "$(date +%s.%N 2>/dev/null || date +%s)"; }; _bs guest_start; _bs pipeline_start; openssl enc -aes-256-ctr -pass pass:"testing" -nosalt < /dev/zero 2>/dev/null | dd of=/root/dummy_snapshot_data_1.img bs=1M count=500 iflag=fullblock conv=notrunc status=progress; ec=$?; _bs pipeline_done; _bs guest_end; exit $ec'
2026-05-20 03:23:59,363 DEBUG   ssh: connect to host 10.114.112.237 port 22: Connection timed out
2026-05-20 03:23:59,363 ERROR Guest disk op failed ec=255 vm=ahv_ins_delete-0-260519-032500 ip=10.114.112.237 — ssh: connect to host 10.114.112.237 port 22: Connection timed out
2026-05-20 03:23:59,363 WARNING Guest disk op wall 30.3s (vm='ahv_ins_delete-0-260519-032500' ip=10.114.112.237 op=update ec=255) — includes SSH + guest disk command; if still high, check guest disk throughput vs. MiB settings.
2026-05-20 03:23:59,364 DEBUG [268/1171] VM 338f518c… (ahv_ins_delete-0-260519-033552) via 10.114.120.88 op=update
2026-05-20 03:23:59,364 DEBUG   remote: bash -lc 'set -e; _bs(){ printf '"'"'BULK_SNAP_T %s %s\n'"'"' "$1" "$(date +%s.%N 2>/dev/null || date +%s)"; }; _bs guest_start; _bs pipeline_start; openssl enc -aes-256-ctr -pass pass:"testing" -nosalt < /dev/zero 2>/dev/null | dd of=/root/dummy_snapshot_data_1.img bs=1M count=500 iflag=fullblock conv=notrunc status=progress; ec=$?; _bs pipeline_done; _bs guest_end; exit $ec'
2026-05-20 03:23:59,384 DEBUG   ssh: connect to host 10.114.120.84 port 22: Connection timed out
2026-05-20 03:23:59,385 ERROR Guest disk op failed ec=255 vm=ahv_ins_delete-0-260519-032514 ip=10.114.120.84 — ssh: connect to host 10.114.120.84 port 22: Connection timed out
2026-05-20 03:23:59,385 WARNING Guest disk op wall 30.3s (vm='ahv_ins_delete-0-260519-032514' ip=10.114.120.84 op=update ec=255) — includes SSH + guest disk command; if still high, check guest disk throughput vs. MiB settings.
2026-05-20 03:23:59,386 DEBUG [269/1171] VM 553c7964… (ahv_ins_delete-0-260519-033921) via 10.114.120.91 op=update
2026-05-20 03:23:59,386 DEBUG   remote: bash -lc 'set -e; _bs(){ printf '"'"'BULK_SNAP_T %s %s\n'"'"' "$1" "$(date +%s.%N 2>/dev/null || date +%s)"; }; _bs guest_start; _bs pipeline_start; openssl enc -aes-256-ctr -pass pass:"testing" -nosalt < /dev/zero 2>/dev/null | dd of=/root/dummy_snapshot_data_1.img bs=1M count=500 iflag=fullblock conv=notrunc status=progress; ec=$?; _bs pipeline_done; _bs guest_end; exit $ec'
2026-05-20 03:23:59,901 DEBUG   ssh: connect to host 10.114.112.232 port 22: Connection timed out
2026-05-20 03:23:59,901 ERROR Guest disk op failed ec=255 vm=ahv_ins_delete-0-260519-032538 ip=10.114.112.232 — ssh: connect to host 10.114.112.232 port 22: Connection timed out
2026-05-20 03:23:59,901 WARNING Guest disk op wall 30.3s (vm='ahv_ins_delete-0-260519-032538' ip=10.114.112.232 op=update ec=255) — includes SSH + guest disk command; if still high, check guest disk throughput vs. MiB settings.
2026-05-20 03:23:59,902 DEBUG [270/1171] VM 25268239… (ahv_ins_delete-0-260519-033944) via 10.114.112.211 op=update
2026-05-20 03:23:59,902 DEBUG   remote: bash -lc 'set -e; _bs(){ printf '"'"'BULK_SNAP_T %s %s\n'"'"' "$1" "$(date +%s.%N 2>/dev/null || date +%s)"; }; _bs guest_start; _bs pipeline_start; openssl enc -aes-256-ctr -pass pass:"testing" -nosalt < /dev/zero 2>/dev/null | dd of=/root/dummy_snapshot_data_1.img bs=1M count=500 iflag=fullblock conv=notrunc status=progress; ec=$?; _bs pipeline_done; _bs guest_end; exit $ec'
2026-05-20 03:24:27,629 DEBUG   ssh: connect to host 10.114.112.235 port 22: Connection timed out
2026-05-20 03:24:27,629 ERROR Guest disk op failed ec=255 vm=ahv_ins_delete-0-260519-032958 ip=10.114.112.235 — ssh: connect to host 10.114.112.235 port 22: Connection timed out
2026-05-20 03:24:27,629 WARNING Guest disk op wall 30.3s (vm='ahv_ins_delete-0-260519-032958' ip=10.114.112.235 op=update ec=255) — includes SSH + guest disk command; if still high, check guest disk throughput vs. MiB settings.
2026-05-20 03:24:27,630 DEBUG [271/1171] VM cde28169… (ahv_ins_delete-0-260519-034002) via 10.114.112.220 op=update
2026-05-20 03:24:27,630 DEBUG   remote: bash -lc 'set -e; _bs(){ printf '"'"'BULK_SNAP_T %s %s\n'"'"' "$1" "$(date +%s.%N 2>/dev/null || date +%s)"; }; _bs guest_start; _bs pipeline_start; openssl enc -aes-256-ctr -pass pass:"testing" -nosalt < /dev/zero 2>/dev/null | dd of=/root/dummy_snapshot_data_1.img bs=1M count=500 iflag=fullblock conv=notrunc status=progress; ec=$?; _bs pipeline_done; _bs guest_end; exit $ec'
2026-05-20 03:24:27,633 DEBUG   ssh: connect to host 10.114.112.234 port 22: Connection timed out
2026-05-20 03:24:27,633 ERROR Guest disk op failed ec=255 vm=ahv_ins_delete-0-260519-033009 ip=10.114.112.234 — ssh: connect to host 10.114.112.234 port 22: Connection timed out
2026-05-20 03:24:27,633 WARNING Guest disk op wall 30.3s (vm='ahv_ins_delete-0-260519-033009' ip=10.114.112.234 op=update ec=255) — includes SSH + guest disk command; if still high, check guest disk throughput vs. MiB settings.
2026-05-20 03:24:27,634 DEBUG [272/1171] VM 517eafca… (ahv_ins_delete-0-260519-034020) via 10.114.120.90 op=update
2026-05-20 03:24:27,634 DEBUG   remote: bash -lc 'set -e; _bs(){ printf '"'"'BULK_SNAP_T %s %s\n'"'"' "$1" "$(date +%s.%N 2>/dev/null || date +%s)"; }; _bs guest_start; _bs pipeline_start; openssl enc -aes-256-ctr -pass pass:"testing" -nosalt < /dev/zero 2>/dev/null | dd of=/root/dummy_snapshot_data_1.img bs=1M count=500 iflag=fullblock conv=notrunc status=progress; ec=$?; _bs pipeline_done; _bs guest_end; exit $ec'
2026-05-20 03:24:27,637 DEBUG   ssh: connect to host 10.114.112.213 port 22: Connection timed out
2026-05-20 03:24:27,637 ERROR Guest disk op failed ec=255 vm=ahv_ins_delete-0-260519-033024 ip=10.114.112.213 — ssh: connect to host 10.114.112.213 port 22: Connection timed out
2026-05-20 03:24:27,637 WARNING Guest disk op wall 30.3s (vm='ahv_ins_delete-0-260519-033024' ip=10.114.112.213 op=update ec=255) — includes SSH + guest disk command; if still high, check guest disk throughput vs. MiB settings.
2026-05-20 03:24:27,638 DEBUG [273/1171] VM 18c5dad0… (ahv_ins_delete-0-260519-034029) via 10.114.120.69 op=update
2026-05-20 03:24:27,638 DEBUG   remote: bash -lc 'set -e; _bs(){ printf '"'"'BULK_SNAP_T %s %s\n'"'"' "$1" "$(date +%s.%N 2>/dev/null || date +%s)"; }; _bs guest_start; _bs pipeline_start; openssl enc -aes-256-ctr -pass pass:"testing" -nosalt < /dev/zero 2>/dev/null | dd of=/root/dummy_snapshot_data_1.img bs=1M count=500 iflag=fullblock conv=notrunc status=progress; ec=$?; _bs pipeline_done; _bs guest_end; exit $ec'
2026-05-20 03:24:28,133 DEBUG   ssh: connect to host 10.114.120.93 port 22: Connection timed out
2026-05-20 03:24:28,133 ERROR Guest disk op failed ec=255 vm=ahv_ins_delete-0-260519-033450 ip=10.114.120.93 — ssh: connect to host 10.114.120.93 port 22: Connection timed out
2026-05-20 03:24:28,133 WARNING Guest disk op wall 30.3s (vm='ahv_ins_delete-0-260519-033450' ip=10.114.120.93 op=update ec=255) — includes SSH + guest disk command; if still high, check guest disk throughput vs. MiB settings.
2026-05-20 03:24:28,134 DEBUG [274/1171] VM d099984f… (ahv_ins_delete-0-260519-034438) via 10.114.112.222 op=update
2026-05-20 03:24:28,134 DEBUG   remote: bash -lc 'set -e; _bs(){ printf '"'"'BULK_SNAP_T %s %s\n'"'"' "$1" "$(date +%s.%N 2>/dev/null || date +%s)"; }; _bs guest_start; _bs pipeline_start; openssl enc -aes-256-ctr -pass pass:"testing" -nosalt < /dev/zero 2>/dev/null | dd of=/root/dummy_snapshot_data_1.img bs=1M count=500 iflag=fullblock conv=notrunc status=progress; ec=$?; _bs pipeline_done; _bs guest_end; exit $ec'
2026-05-20 03:24:28,137 DEBUG   ssh: connect to host 10.114.112.215 port 22: Connection timed out
2026-05-20 03:24:28,137 ERROR Guest disk op failed ec=255 vm=ahv_ins_delete-0-260519-033502 ip=10.114.112.215 — ssh: connect to host 10.114.112.215 port 22: Connection timed out
2026-05-20 03:24:28,137 WARNING Guest disk op wall 30.3s (vm='ahv_ins_delete-0-260519-033502' ip=10.114.112.215 op=update ec=255) — includes SSH + guest disk command; if still high, check guest disk throughput vs. MiB settings.
2026-05-20 03:24:28,138 DEBUG [275/1171] VM ae029f74… (ahv_ins_delete-0-260519-034447) via 10.114.112.217 op=update
2026-05-20 03:24:28,138 DEBUG   remote: bash -lc 'set -e; _bs(){ printf '"'"'BULK_SNAP_T %s %s\n'"'"' "$1" "$(date +%s.%N 2>/dev/null || date +%s)"; }; _bs guest_start; _bs pipeline_start; openssl enc -aes-256-ctr -pass pass:"testing" -nosalt < /dev/zero 2>/dev/null | dd of=/root/dummy_snapshot_data_1.img bs=1M count=500 iflag=fullblock conv=notrunc status=progress; ec=$?; _bs pipeline_done; _bs guest_end; exit $ec'
2026-05-20 03:24:28,387 DEBUG   ssh: connect to host 10.114.120.94 port 22: Connection timed out
2026-05-20 03:24:28,387 ERROR Guest disk op failed ec=255 vm=ahv_ins_delete-0-260519-033521 ip=10.114.120.94 — ssh: connect to host 10.114.120.94 port 22: Connection timed out
2026-05-20 03:24:28,387 WARNING Guest disk op wall 30.3s (vm='ahv_ins_delete-0-260519-033521' ip=10.114.120.94 op=update ec=255) — includes SSH + guest disk command; if still high, check guest disk throughput vs. MiB settings.
2026-05-20 03:24:28,388 DEBUG [276/1171] VM 68b4f720… (ahv_ins_delete-0-260519-034457) via 10.114.120.70 op=update
2026-05-20 03:24:28,388 DEBUG   remote: bash -lc 'set -e; _bs(){ printf '"'"'BULK_SNAP_T %s %s\n'"'"' "$1" "$(date +%s.%N 2>/dev/null || date +%s)"; }; _bs guest_start; _bs pipeline_start; openssl enc -aes-256-ctr -pass pass:"testing" -nosalt < /dev/zero 2>/dev/null | dd of=/root/dummy_snapshot_data_1.img bs=1M count=500 iflag=fullblock conv=notrunc status=progress; ec=$?; _bs pipeline_done; _bs guest_end; exit $ec'
2026-05-20 03:24:28,883 DEBUG   ssh: connect to host 10.114.120.89 port 22: Connection timed out
2026-05-20 03:24:28,883 ERROR Guest disk op failed ec=255 vm=ahv_ins_delete-0-260519-033534 ip=10.114.120.89 — ssh: connect to host 10.114.120.89 port 22: Connection timed out
2026-05-20 03:24:28,883 WARNING Guest disk op wall 30.3s (vm='ahv_ins_delete-0-260519-033534' ip=10.114.120.89 op=update ec=255) — includes SSH + guest disk command; if still high, check guest disk throughput vs. MiB settings.
2026-05-20 03:24:28,884 DEBUG [277/1171] VM 6badcf63… (ahv_ins_delete-0-260519-034543) via 10.114.112.216 op=update
2026-05-20 03:24:28,884 DEBUG   remote: bash -lc 'set -e; _bs(){ printf '"'"'BULK_SNAP_T %s %s\n'"'"' "$1" "$(date +%s.%N 2>/dev/null || date +%s)"; }; _bs guest_start; _bs pipeline_start; openssl enc -aes-256-ctr -pass pass:"testing" -nosalt < /dev/zero 2>/dev/null | dd of=/root/dummy_snapshot_data_1.img bs=1M count=500 iflag=fullblock conv=notrunc status=progress; ec=$?; _bs pipeline_done; _bs guest_end; exit $ec'
2026-05-20 03:24:29,637 DEBUG   ssh: connect to host 10.114.120.88 port 22: Connection timed out
2026-05-20 03:24:29,638 ERROR Guest disk op failed ec=255 vm=ahv_ins_delete-0-260519-033552 ip=10.114.120.88 — ssh: connect to host 10.114.120.88 port 22: Connection timed out
2026-05-20 03:24:29,638 WARNING Guest disk op wall 30.3s (vm='ahv_ins_delete-0-260519-033552' ip=10.114.120.88 op=update ec=255) — includes SSH + guest disk command; if still high, check guest disk throughput vs. MiB settings.
2026-05-20 03:24:29,638 DEBUG [278/1171] VM 55b1c773… (ahv_ins_delete-0-260519-034545) via 10.114.120.65 op=update
2026-05-20 03:24:29,638 DEBUG   remote: bash -lc 'set -e; _bs(){ printf '"'"'BULK_SNAP_T %s %s\n'"'"' "$1" "$(date +%s.%N 2>/dev/null || date +%s)"; }; _bs guest_start; _bs pipeline_start; openssl enc -aes-256-ctr -pass pass:"testing" -nosalt < /dev/zero 2>/dev/null | dd of=/root/dummy_snapshot_data_1.img bs=1M count=500 iflag=fullblock conv=notrunc status=progress; ec=$?; _bs pipeline_done; _bs guest_end; exit $ec'
2026-05-20 03:24:29,652 DEBUG   ssh: connect to host 10.114.120.91 port 22: Connection timed out
2026-05-20 03:24:29,652 ERROR Guest disk op failed ec=255 vm=ahv_ins_delete-0-260519-033921 ip=10.114.120.91 — ssh: connect to host 10.114.120.91 port 22: Connection timed out
2026-05-20 03:24:29,652 WARNING Guest disk op wall 30.3s (vm='ahv_ins_delete-0-260519-033921' ip=10.114.120.91 op=update ec=255) — includes SSH + guest disk command; if still high, check guest disk throughput vs. MiB settings.
2026-05-20 03:24:29,653 DEBUG [279/1171] VM 9dcd8885… (ahv_ins_delete-0-260519-034919) via 10.114.112.218 op=update
2026-05-20 03:24:29,653 DEBUG   remote: bash -lc 'set -e; _bs(){ printf '"'"'BULK_SNAP_T %s %s\n'"'"' "$1" "$(date +%s.%N 2>/dev/null || date +%s)"; }; _bs guest_start; _bs pipeline_start; openssl enc -aes-256-ctr -pass pass:"testing" -nosalt < /dev/zero 2>/dev/null | dd of=/root/dummy_snapshot_data_1.img bs=1M count=500 iflag=fullblock conv=notrunc status=progress; ec=$?; _bs pipeline_done; _bs guest_end; exit $ec'
2026-05-20 03:24:29,918 DEBUG   ssh: connect to host 10.114.112.211 port 22: Connection timed out
2026-05-20 03:24:29,918 ERROR Guest disk op failed ec=255 vm=ahv_ins_delete-0-260519-033944 ip=10.114.112.211 — ssh: connect to host 10.114.112.211 port 22: Connection timed out
2026-05-20 03:24:29,918 WARNING Guest disk op wall 30.0s (vm='ahv_ins_delete-0-260519-033944' ip=10.114.112.211 op=update ec=255) — includes SSH + guest disk command; if still high, check guest disk throughput vs. MiB settings.
2026-05-20 03:24:29,919 DEBUG [280/1171] VM d92f5cb0… (ahv_ins_delete-0-260519-034944) via 10.114.120.66 op=update
2026-05-20 03:24:29,919 DEBUG   remote: bash -lc 'set -e; _bs(){ printf '"'"'BULK_SNAP_T %s %s\n'"'"' "$1" "$(date +%s.%N 2>/dev/null || date +%s)"; }; _bs guest_start; _bs pipeline_start; openssl enc -aes-256-ctr -pass pass:"testing" -nosalt < /dev/zero 2>/dev/null | dd of=/root/dummy_snapshot_data_1.img bs=1M count=500 iflag=fullblock conv=notrunc status=progress; ec=$?; _bs pipeline_done; _bs guest_end; exit $ec'
2026-05-20 03:24:57,657 DEBUG   ssh: connect to host 10.114.120.90 port 22: Connection timed out
2026-05-20 03:24:57,658 ERROR Guest disk op failed ec=255 vm=ahv_ins_delete-0-260519-034020 ip=10.114.120.90 — ssh: connect to host 10.114.120.90 port 22: Connection timed out
2026-05-20 03:24:57,658 WARNING Guest disk op wall 30.0s (vm='ahv_ins_delete-0-260519-034020' ip=10.114.120.90 op=update ec=255) — includes SSH + guest disk command; if still high, check guest disk throughput vs. MiB settings.
2026-05-20 03:24:57,658 DEBUG [281/1171] VM c472ce80… (ahv_ins_delete-0-260519-034950) via 10.114.112.197 op=update
2026-05-20 03:24:57,658 DEBUG   remote: bash -lc 'set -e; _bs(){ printf '"'"'BULK_SNAP_T %s %s\n'"'"' "$1" "$(date +%s.%N 2>/dev/null || date +%s)"; }; _bs guest_start; _bs pipeline_start; openssl enc -aes-256-ctr -pass pass:"testing" -nosalt < /dev/zero 2>/dev/null | dd of=/root/dummy_snapshot_data_1.img bs=1M count=500 iflag=fullblock conv=notrunc status=progress; ec=$?; _bs pipeline_done; _bs guest_end; exit $ec'
2026-05-20 03:24:57,900 DEBUG   ssh: connect to host 10.114.112.220 port 22: Connection timed out
2026-05-20 03:24:57,900 ERROR Guest disk op failed ec=255 vm=ahv_ins_delete-0-260519-034002 ip=10.114.112.220 — ssh: connect to host 10.114.112.220 port 22: Connection timed out
2026-05-20 03:24:57,900 WARNING Guest disk op wall 30.3s (vm='ahv_ins_delete-0-260519-034002' ip=10.114.112.220 op=update ec=255) — includes SSH + guest disk command; if still high, check guest disk throughput vs. MiB settings.
2026-05-20 03:24:57,901 DEBUG [282/1171] VM a6f1bd8b… (ahv_ins_delete-0-260519-035028) via 10.114.120.79 op=update
2026-05-20 03:24:57,901 DEBUG   remote: bash -lc 'set -e; _bs(){ printf '"'"'BULK_SNAP_T %s %s\n'"'"' "$1" "$(date +%s.%N 2>/dev/null || date +%s)"; }; _bs guest_start; _bs pipeline_start; openssl enc -aes-256-ctr -pass pass:"testing" -nosalt < /dev/zero 2>/dev/null | dd of=/root/dummy_snapshot_data_1.img bs=1M count=500 iflag=fullblock conv=notrunc status=progress; ec=$?; _bs pipeline_done; _bs guest_end; exit $ec'
2026-05-20 03:24:57,908 DEBUG   ssh: connect to host 10.114.120.69 port 22: Connection timed out
2026-05-20 03:24:57,908 ERROR Guest disk op failed ec=255 vm=ahv_ins_delete-0-260519-034029 ip=10.114.120.69 — ssh: connect to host 10.114.120.69 port 22: Connection timed out
2026-05-20 03:24:57,908 WARNING Guest disk op wall 30.3s (vm='ahv_ins_delete-0-260519-034029' ip=10.114.120.69 op=update ec=255) — includes SSH + guest disk command; if still high, check guest disk throughput vs. MiB settings.
2026-05-20 03:24:57,909 DEBUG [283/1171] VM 7f0f0c45… (ahv_ins_delete-0-260519-035039) via 10.114.112.196 op=update
2026-05-20 03:24:57,909 DEBUG   remote: bash -lc 'set -e; _bs(){ printf '"'"'BULK_SNAP_T %s %s\n'"'"' "$1" "$(date +%s.%N 2>/dev/null || date +%s)"; }; _bs guest_start; _bs pipeline_start; openssl enc -aes-256-ctr -pass pass:"testing" -nosalt < /dev/zero 2>/dev/null | dd of=/root/dummy_snapshot_data_1.img bs=1M count=500 iflag=fullblock conv=notrunc status=progress; ec=$?; _bs pipeline_done; _bs guest_end; exit $ec'
2026-05-20 03:24:58,158 DEBUG   ssh: connect to host 10.114.112.222 port 22: Connection timed out
2026-05-20 03:24:58,158 ERROR Guest disk op failed ec=255 vm=ahv_ins_delete-0-260519-034438 ip=10.114.112.222 — ssh: connect to host 10.114.112.222 port 22: Connection timed out
2026-05-20 03:24:58,158 WARNING Guest disk op wall 30.0s (vm='ahv_ins_delete-0-260519-034438' ip=10.114.112.222 op=update ec=255) — includes SSH + guest disk command; if still high, check guest disk throughput vs. MiB settings.
2026-05-20 03:24:58,159 DEBUG [284/1171] VM 1419b98c… (ahv_ins_delete-0-260519-035412) via 10.114.120.78 op=update
2026-05-20 03:24:58,159 DEBUG   remote: bash -lc 'set -e; _bs(){ printf '"'"'BULK_SNAP_T %s %s\n'"'"' "$1" "$(date +%s.%N 2>/dev/null || date +%s)"; }; _bs guest_start; _bs pipeline_start; openssl enc -aes-256-ctr -pass pass:"testing" -nosalt < /dev/zero 2>/dev/null | dd of=/root/dummy_snapshot_data_1.img bs=1M count=500 iflag=fullblock conv=notrunc status=progress; ec=$?; _bs pipeline_done; _bs guest_end; exit $ec'
2026-05-20 03:24:58,412 DEBUG   ssh: connect to host 10.114.112.217 port 22: Connection timed out
2026-05-20 03:24:58,412 ERROR Guest disk op failed ec=255 vm=ahv_ins_delete-0-260519-034447 ip=10.114.112.217 — ssh: connect to host 10.114.112.217 port 22: Connection timed out
2026-05-20 03:24:58,412 WARNING Guest disk op wall 30.3s (vm='ahv_ins_delete-0-260519-034447' ip=10.114.112.217 op=update ec=255) — includes SSH + guest disk command; if still high, check guest disk throughput vs. MiB settings.
2026-05-20 03:24:58,413 DEBUG [285/1171] VM 1457a142… (ahv_ins_delete-0-260519-035433) via 10.114.120.73 op=update
2026-05-20 03:24:58,413 DEBUG   remote: bash -lc 'set -e; _bs(){ printf '"'"'BULK_SNAP_T %s %s\n'"'"' "$1" "$(date +%s.%N 2>/dev/null || date +%s)"; }; _bs guest_start; _bs pipeline_start; openssl enc -aes-256-ctr -pass pass:"testing" -nosalt < /dev/zero 2>/dev/null | dd of=/root/dummy_snapshot_data_1.img bs=1M count=500 iflag=fullblock conv=notrunc status=progress; ec=$?; _bs pipeline_done; _bs guest_end; exit $ec'
2026-05-20 03:24:58,657 DEBUG   ssh: connect to host 10.114.120.70 port 22: Connection timed out
2026-05-20 03:24:58,658 ERROR Guest disk op failed ec=255 vm=ahv_ins_delete-0-260519-034457 ip=10.114.120.70 — ssh: connect to host 10.114.120.70 port 22: Connection timed out
2026-05-20 03:24:58,658 WARNING Guest disk op wall 30.3s (vm='ahv_ins_delete-0-260519-034457' ip=10.114.120.70 op=update ec=255) — includes SSH + guest disk command; if still high, check guest disk throughput vs. MiB settings.
2026-05-20 03:24:58,658 DEBUG [286/1171] VM 56a3d99d… (ahv_ins_delete-0-260519-035450) via 10.114.120.75 op=update
2026-05-20 03:24:58,659 DEBUG   remote: bash -lc 'set -e; _bs(){ printf '"'"'BULK_SNAP_T %s %s\n'"'"' "$1" "$(date +%s.%N 2>/dev/null || date +%s)"; }; _bs guest_start; _bs pipeline_start; openssl enc -aes-256-ctr -pass pass:"testing" -nosalt < /dev/zero 2>/dev/null | dd of=/root/dummy_snapshot_data_1.img bs=1M count=500 iflag=fullblock conv=notrunc status=progress; ec=$?; _bs pipeline_done; _bs guest_end; exit $ec'
2026-05-20 03:24:59,155 DEBUG   ssh: connect to host 10.114.112.216 port 22: Connection timed out
2026-05-20 03:24:59,155 ERROR Guest disk op failed ec=255 vm=ahv_ins_delete-0-260519-034543 ip=10.114.112.216 — ssh: connect to host 10.114.112.216 port 22: Connection timed out
2026-05-20 03:24:59,155 WARNING Guest disk op wall 30.3s (vm='ahv_ins_delete-0-260519-034543' ip=10.114.112.216 op=update ec=255) — includes SSH + guest disk command; if still high, check guest disk throughput vs. MiB settings.
2026-05-20 03:24:59,156 DEBUG [287/1171] VM 9c9deeeb… (ahv_ins_delete-0-260519-035530) via 10.114.112.198 op=update
2026-05-20 03:24:59,156 DEBUG   remote: bash -lc 'set -e; _bs(){ printf '"'"'BULK_SNAP_T %s %s\n'"'"' "$1" "$(date +%s.%N 2>/dev/null || date +%s)"; }; _bs guest_start; _bs pipeline_start; openssl enc -aes-256-ctr -pass pass:"testing" -nosalt < /dev/zero 2>/dev/null | dd of=/root/dummy_snapshot_data_1.img bs=1M count=500 iflag=fullblock conv=notrunc status=progress; ec=$?; _bs pipeline_done; _bs guest_end; exit $ec'
2026-05-20 03:24:59,907 DEBUG   ssh: connect to host 10.114.120.65 port 22: Connection timed out
2026-05-20 03:24:59,907 ERROR Guest disk op failed ec=255 vm=ahv_ins_delete-0-260519-034545 ip=10.114.120.65 — ssh: connect to host 10.114.120.65 port 22: Connection timed out
2026-05-20 03:24:59,908 WARNING Guest disk op wall 30.3s (vm='ahv_ins_delete-0-260519-034545' ip=10.114.120.65 op=update ec=255) — includes SSH + guest disk command; if still high, check guest disk throughput vs. MiB settings.
2026-05-20 03:24:59,908 DEBUG [288/1171] VM 35e90d9d… (ahv_ins_delete-0-260519-035539) via 10.114.120.53 op=update
2026-05-20 03:24:59,908 DEBUG   remote: bash -lc 'set -e; _bs(){ printf '"'"'BULK_SNAP_T %s %s\n'"'"' "$1" "$(date +%s.%N 2>/dev/null || date +%s)"; }; _bs guest_start; _bs pipeline_start; openssl enc -aes-256-ctr -pass pass:"testing" -nosalt < /dev/zero 2>/dev/null | dd of=/root/dummy_snapshot_data_1.img bs=1M count=500 iflag=fullblock conv=notrunc status=progress; ec=$?; _bs pipeline_done; _bs guest_end; exit $ec'
2026-05-20 03:24:59,918 DEBUG   ssh: connect to host 10.114.112.218 port 22: Connection timed out
2026-05-20 03:24:59,919 ERROR Guest disk op failed ec=255 vm=ahv_ins_delete-0-260519-034919 ip=10.114.112.218 — ssh: connect to host 10.114.112.218 port 22: Connection timed out
2026-05-20 03:24:59,919 WARNING Guest disk op wall 30.3s (vm='ahv_ins_delete-0-260519-034919' ip=10.114.112.218 op=update ec=255) — includes SSH + guest disk command; if still high, check guest disk throughput vs. MiB settings.
2026-05-20 03:24:59,919 DEBUG [289/1171] VM 1013eb4f… (ahv_ins_delete-0-260519-035843) via 10.114.120.52 op=update
2026-05-20 03:24:59,920 DEBUG   remote: bash -lc 'set -e; _bs(){ printf '"'"'BULK_SNAP_T %s %s\n'"'"' "$1" "$(date +%s.%N 2>/dev/null || date +%s)"; }; _bs guest_start; _bs pipeline_start; openssl enc -aes-256-ctr -pass pass:"testing" -nosalt < /dev/zero 2>/dev/null | dd of=/root/dummy_snapshot_data_1.img bs=1M count=500 iflag=fullblock conv=notrunc status=progress; ec=$?; _bs pipeline_done; _bs guest_end; exit $ec'
2026-05-20 03:25:00,183 DEBUG   ssh: connect to host 10.114.120.66 port 22: Connection timed out
2026-05-20 03:25:00,183 ERROR Guest disk op failed ec=255 vm=ahv_ins_delete-0-260519-034944 ip=10.114.120.66 — ssh: connect to host 10.114.120.66 port 22: Connection timed out
2026-05-20 03:25:00,183 WARNING Guest disk op wall 30.3s (vm='ahv_ins_delete-0-260519-034944' ip=10.114.120.66 op=update ec=255) — includes SSH + guest disk command; if still high, check guest disk throughput vs. MiB settings.
2026-05-20 03:25:00,184 DEBUG [290/1171] VM c3b09d16… (ahv_ins_delete-0-260519-035913) via 10.114.112.192 op=update
2026-05-20 03:25:00,184 DEBUG   remote: bash -lc 'set -e; _bs(){ printf '"'"'BULK_SNAP_T %s %s\n'"'"' "$1" "$(date +%s.%N 2>/dev/null || date +%s)"; }; _bs guest_start; _bs pipeline_start; openssl enc -aes-256-ctr -pass pass:"testing" -nosalt < /dev/zero 2>/dev/null | dd of=/root/dummy_snapshot_data_1.img bs=1M count=500 iflag=fullblock conv=notrunc status=progress; ec=$?; _bs pipeline_done; _bs guest_end; exit $ec'
2026-05-20 03:25:27,925 DEBUG   ssh: connect to host 10.114.112.197 port 22: Connection timed out
2026-05-20 03:25:27,925 ERROR Guest disk op failed ec=255 vm=ahv_ins_delete-0-260519-034950 ip=10.114.112.197 — ssh: connect to host 10.114.112.197 port 22: Connection timed out
2026-05-20 03:25:27,925 WARNING Guest disk op wall 30.3s (vm='ahv_ins_delete-0-260519-034950' ip=10.114.112.197 op=update ec=255) — includes SSH + guest disk command; if still high, check guest disk throughput vs. MiB settings.
2026-05-20 03:25:27,926 DEBUG [291/1171] VM 9788ee84… (ahv_ins_delete-0-260519-035930) via 10.114.112.194 op=update
2026-05-20 03:25:27,926 DEBUG   remote: bash -lc 'set -e; _bs(){ printf '"'"'BULK_SNAP_T %s %s\n'"'"' "$1" "$(date +%s.%N 2>/dev/null || date +%s)"; }; _bs guest_start; _bs pipeline_start; openssl enc -aes-256-ctr -pass pass:"testing" -nosalt < /dev/zero 2>/dev/null | dd of=/root/dummy_snapshot_data_1.img bs=1M count=500 iflag=fullblock conv=notrunc status=progress; ec=$?; _bs pipeline_done; _bs guest_end; exit $ec'
2026-05-20 03:25:28,173 DEBUG   ssh: connect to host 10.114.120.79 port 22: Connection timed out
2026-05-20 03:25:28,173 ERROR Guest disk op failed ec=255 vm=ahv_ins_delete-0-260519-035028 ip=10.114.120.79 — ssh: connect to host 10.114.120.79 port 22: Connection timed out
2026-05-20 03:25:28,173 WARNING Guest disk op wall 30.3s (vm='ahv_ins_delete-0-260519-035028' ip=10.114.120.79 op=update ec=255) — includes SSH + guest disk command; if still high, check guest disk throughput vs. MiB settings.
2026-05-20 03:25:28,174 DEBUG [292/1171] VM 98810abe… (ahv_ins_delete-0-260519-040007) via 10.114.112.205 op=update
2026-05-20 03:25:28,174 DEBUG   remote: bash -lc 'set -e; _bs(){ printf '"'"'BULK_SNAP_T %s %s\n'"'"' "$1" "$(date +%s.%N 2>/dev/null || date +%s)"; }; _bs guest_start; _bs pipeline_start; openssl enc -aes-256-ctr -pass pass:"testing" -nosalt < /dev/zero 2>/dev/null | dd of=/root/dummy_snapshot_data_1.img bs=1M count=500 iflag=fullblock conv=notrunc status=progress; ec=$?; _bs pipeline_done; _bs guest_end; exit $ec'
2026-05-20 03:25:28,177 DEBUG   ssh: connect to host 10.114.112.196 port 22: Connection timed out
2026-05-20 03:25:28,177 ERROR Guest disk op failed ec=255 vm=ahv_ins_delete-0-260519-035039 ip=10.114.112.196 — ssh: connect to host 10.114.112.196 port 22: Connection timed out
2026-05-20 03:25:28,177 WARNING Guest disk op wall 30.3s (vm='ahv_ins_delete-0-260519-035039' ip=10.114.112.196 op=update ec=255) — includes SSH + guest disk command; if still high, check guest disk throughput vs. MiB settings.
2026-05-20 03:25:28,178 DEBUG [293/1171] VM e1cb5862… (ahv_ins_delete-0-260519-040022) via 10.114.120.48 op=update
2026-05-20 03:25:28,178 DEBUG   remote: bash -lc 'set -e; _bs(){ printf '"'"'BULK_SNAP_T %s %s\n'"'"' "$1" "$(date +%s.%N 2>/dev/null || date +%s)"; }; _bs guest_start; _bs pipeline_start; openssl enc -aes-256-ctr -pass pass:"testing" -nosalt < /dev/zero 2>/dev/null | dd of=/root/dummy_snapshot_data_1.img bs=1M count=500 iflag=fullblock conv=notrunc status=progress; ec=$?; _bs pipeline_done; _bs guest_end; exit $ec'
2026-05-20 03:25:28,425 DEBUG   ssh: connect to host 10.114.120.78 port 22: Connection timed out
2026-05-20 03:25:28,425 ERROR Guest disk op failed ec=255 vm=ahv_ins_delete-0-260519-035412 ip=10.114.120.78 — ssh: connect to host 10.114.120.78 port 22: Connection timed out
2026-05-20 03:25:28,425 WARNING Guest disk op wall 30.3s (vm='ahv_ins_delete-0-260519-035412' ip=10.114.120.78 op=update ec=255) — includes SSH + guest disk command; if still high, check guest disk throughput vs. MiB settings.
2026-05-20 03:25:28,426 DEBUG [294/1171] VM 7174c13f… (ahv_ins_delete-0-260519-040321) via 10.114.120.51 op=update
2026-05-20 03:25:28,426 DEBUG   remote: bash -lc 'set -e; _bs(){ printf '"'"'BULK_SNAP_T %s %s\n'"'"' "$1" "$(date +%s.%N 2>/dev/null || date +%s)"; }; _bs guest_start; _bs pipeline_start; openssl enc -aes-256-ctr -pass pass:"testing" -nosalt < /dev/zero 2>/dev/null | dd of=/root/dummy_snapshot_data_1.img bs=1M count=500 iflag=fullblock conv=notrunc status=progress; ec=$?; _bs pipeline_done; _bs guest_end; exit $ec'
2026-05-20 03:25:28,679 DEBUG   ssh: connect to host 10.114.120.73 port 22: Connection timed out
2026-05-20 03:25:28,679 ERROR Guest disk op failed ec=255 vm=ahv_ins_delete-0-260519-035433 ip=10.114.120.73 — ssh: connect to host 10.114.120.73 port 22: Connection timed out
2026-05-20 03:25:28,679 WARNING Guest disk op wall 30.3s (vm='ahv_ins_delete-0-260519-035433' ip=10.114.120.73 op=update ec=255) — includes SSH + guest disk command; if still high, check guest disk throughput vs. MiB settings.
2026-05-20 03:25:28,680 DEBUG [295/1171] VM dc7d2d31… (ahv_ins_delete-0-260519-040347) via 10.114.112.207 op=update
2026-05-20 03:25:28,680 DEBUG   remote: bash -lc 'set -e; _bs(){ printf '"'"'BULK_SNAP_T %s %s\n'"'"' "$1" "$(date +%s.%N 2>/dev/null || date +%s)"; }; _bs guest_start; _bs pipeline_start; openssl enc -aes-256-ctr -pass pass:"testing" -nosalt < /dev/zero 2>/dev/null | dd of=/root/dummy_snapshot_data_1.img bs=1M count=500 iflag=fullblock conv=notrunc status=progress; ec=$?; _bs pipeline_done; _bs guest_end; exit $ec'
2026-05-20 03:25:28,927 DEBUG   ssh: connect to host 10.114.120.75 port 22: Connection timed out
2026-05-20 03:25:28,927 ERROR Guest disk op failed ec=255 vm=ahv_ins_delete-0-260519-035450 ip=10.114.120.75 — ssh: connect to host 10.114.120.75 port 22: Connection timed out
2026-05-20 03:25:28,927 WARNING Guest disk op wall 30.3s (vm='ahv_ins_delete-0-260519-035450' ip=10.114.120.75 op=update ec=255) — includes SSH + guest disk command; if still high, check guest disk throughput vs. MiB settings.
2026-05-20 03:25:28,928 DEBUG [296/1171] VM a61c7364… (ahv_ins_delete-0-260519-040409) via 10.114.120.61 op=update
2026-05-20 03:25:28,928 DEBUG   remote: bash -lc 'set -e; _bs(){ printf '"'"'BULK_SNAP_T %s %s\n'"'"' "$1" "$(date +%s.%N 2>/dev/null || date +%s)"; }; _bs guest_start; _bs pipeline_start; openssl enc -aes-256-ctr -pass pass:"testing" -nosalt < /dev/zero 2>/dev/null | dd of=/root/dummy_snapshot_data_1.img bs=1M count=500 iflag=fullblock conv=notrunc status=progress; ec=$?; _bs pipeline_done; _bs guest_end; exit $ec'
2026-05-20 03:25:29,425 DEBUG   ssh: connect to host 10.114.112.198 port 22: Connection timed out
2026-05-20 03:25:29,425 ERROR Guest disk op failed ec=255 vm=ahv_ins_delete-0-260519-035530 ip=10.114.112.198 — ssh: connect to host 10.114.112.198 port 22: Connection timed out
2026-05-20 03:25:29,425 WARNING Guest disk op wall 30.3s (vm='ahv_ins_delete-0-260519-035530' ip=10.114.112.198 op=update ec=255) — includes SSH + guest disk command; if still high, check guest disk throughput vs. MiB settings.
2026-05-20 03:25:29,426 DEBUG [297/1171] VM 8c92d03a… (ahv_ins_delete-0-260519-040442) via 10.114.120.60 op=update
2026-05-20 03:25:29,426 DEBUG   remote: bash -lc 'set -e; _bs(){ printf '"'"'BULK_SNAP_T %s %s\n'"'"' "$1" "$(date +%s.%N 2>/dev/null || date +%s)"; }; _bs guest_start; _bs pipeline_start; openssl enc -aes-256-ctr -pass pass:"testing" -nosalt < /dev/zero 2>/dev/null | dd of=/root/dummy_snapshot_data_1.img bs=1M count=500 iflag=fullblock conv=notrunc status=progress; ec=$?; _bs pipeline_done; _bs guest_end; exit $ec'
2026-05-20 03:25:30,179 DEBUG   ssh: connect to host 10.114.120.53 port 22: Connection timed out
2026-05-20 03:25:30,180 ERROR Guest disk op failed ec=255 vm=ahv_ins_delete-0-260519-035539 ip=10.114.120.53 — ssh: connect to host 10.114.120.53 port 22: Connection timed out
2026-05-20 03:25:30,180 WARNING Guest disk op wall 30.3s (vm='ahv_ins_delete-0-260519-035539' ip=10.114.120.53 op=update ec=255) — includes SSH + guest disk command; if still high, check guest disk throughput vs. MiB settings.
2026-05-20 03:25:30,180 DEBUG [298/1171] VM d242b080… (ahv_ins_delete-0-260519-040448) via 10.114.120.63 op=update
2026-05-20 03:25:30,180 DEBUG   remote: bash -lc 'set -e; _bs(){ printf '"'"'BULK_SNAP_T %s %s\n'"'"' "$1" "$(date +%s.%N 2>/dev/null || date +%s)"; }; _bs guest_start; _bs pipeline_start; openssl enc -aes-256-ctr -pass pass:"testing" -nosalt < /dev/zero 2>/dev/null | dd of=/root/dummy_snapshot_data_1.img bs=1M count=500 iflag=fullblock conv=notrunc status=progress; ec=$?; _bs pipeline_done; _bs guest_end; exit $ec'
2026-05-20 03:25:30,186 DEBUG   ssh: connect to host 10.114.120.52 port 22: Connection timed out
2026-05-20 03:25:30,187 ERROR Guest disk op failed ec=255 vm=ahv_ins_delete-0-260519-035843 ip=10.114.120.52 — ssh: connect to host 10.114.120.52 port 22: Connection timed out
2026-05-20 03:25:30,187 WARNING Guest disk op wall 30.3s (vm='ahv_ins_delete-0-260519-035843' ip=10.114.120.52 op=update ec=255) — includes SSH + guest disk command; if still high, check guest disk throughput vs. MiB settings.
2026-05-20 03:25:30,187 DEBUG [299/1171] VM 46233c9c… (ahv_ins_delete-0-260519-040821) via 10.114.112.203 op=update
2026-05-20 03:25:30,187 DEBUG   remote: bash -lc 'set -e; _bs(){ printf '"'"'BULK_SNAP_T %s %s\n'"'"' "$1" "$(date +%s.%N 2>/dev/null || date +%s)"; }; _bs guest_start; _bs pipeline_start; openssl enc -aes-256-ctr -pass pass:"testing" -nosalt < /dev/zero 2>/dev/null | dd of=/root/dummy_snapshot_data_1.img bs=1M count=500 iflag=fullblock conv=notrunc status=progress; ec=$?; _bs pipeline_done; _bs guest_end; exit $ec'
2026-05-20 03:25:30,449 DEBUG   ssh: connect to host 10.114.112.192 port 22: Connection timed out
2026-05-20 03:25:30,449 ERROR Guest disk op failed ec=255 vm=ahv_ins_delete-0-260519-035913 ip=10.114.112.192 — ssh: connect to host 10.114.112.192 port 22: Connection timed out
2026-05-20 03:25:30,449 WARNING Guest disk op wall 30.3s (vm='ahv_ins_delete-0-260519-035913' ip=10.114.112.192 op=update ec=255) — includes SSH + guest disk command; if still high, check guest disk throughput vs. MiB settings.
2026-05-20 03:25:30,450 DEBUG [300/1171] VM 58524673… (ahv_ins_delete-0-260519-040854) via 10.114.112.202 op=update
2026-05-20 03:25:30,450 DEBUG   remote: bash -lc 'set -e; _bs(){ printf '"'"'BULK_SNAP_T %s %s\n'"'"' "$1" "$(date +%s.%N 2>/dev/null || date +%s)"; }; _bs guest_start; _bs pipeline_start; openssl enc -aes-256-ctr -pass pass:"testing" -nosalt < /dev/zero 2>/dev/null | dd of=/root/dummy_snapshot_data_1.img bs=1M count=500 iflag=fullblock conv=notrunc status=progress; ec=$?; _bs pipeline_done; _bs guest_end; exit $ec'
2026-05-20 03:25:58,192 DEBUG   ssh: connect to host 10.114.112.194 port 22: Connection timed out
2026-05-20 03:25:58,193 ERROR Guest disk op failed ec=255 vm=ahv_ins_delete-0-260519-035930 ip=10.114.112.194 — ssh: connect to host 10.114.112.194 port 22: Connection timed out
2026-05-20 03:25:58,193 WARNING Guest disk op wall 30.3s (vm='ahv_ins_delete-0-260519-035930' ip=10.114.112.194 op=update ec=255) — includes SSH + guest disk command; if still high, check guest disk throughput vs. MiB settings.
2026-05-20 03:25:58,193 DEBUG [301/1171] VM b67d558d… (ahv_ins_delete-0-260519-040919) via 10.114.112.181 op=update
2026-05-20 03:25:58,193 DEBUG   remote: bash -lc 'set -e; _bs(){ printf '"'"'BULK_SNAP_T %s %s\n'"'"' "$1" "$(date +%s.%N 2>/dev/null || date +%s)"; }; _bs guest_start; _bs pipeline_start; openssl enc -aes-256-ctr -pass pass:"testing" -nosalt < /dev/zero 2>/dev/null | dd of=/root/dummy_snapshot_data_1.img bs=1M count=500 iflag=fullblock conv=notrunc status=progress; ec=$?; _bs pipeline_done; _bs guest_end; exit $ec'
2026-05-20 03:25:58,444 DEBUG   ssh: connect to host 10.114.120.48 port 22: Connection timed out
2026-05-20 03:25:58,444 ERROR Guest disk op failed ec=255 vm=ahv_ins_delete-0-260519-040022 ip=10.114.120.48 — ssh: connect to host 10.114.120.48 port 22: Connection timed out
2026-05-20 03:25:58,444 WARNING Guest disk op wall 30.3s (vm='ahv_ins_delete-0-260519-040022' ip=10.114.120.48 op=update ec=255) — includes SSH + guest disk command; if still high, check guest disk throughput vs. MiB settings.
2026-05-20 03:25:58,445 DEBUG [302/1171] VM 05e9b039… (ahv_ins_delete-0-260519-040956) via 10.114.112.180 op=update
2026-05-20 03:25:58,445 DEBUG   remote: bash -lc 'set -e; _bs(){ printf '"'"'BULK_SNAP_T %s %s\n'"'"' "$1" "$(date +%s.%N 2>/dev/null || date +%s)"; }; _bs guest_start; _bs pipeline_start; openssl enc -aes-256-ctr -pass pass:"testing" -nosalt < /dev/zero 2>/dev/null | dd of=/root/dummy_snapshot_data_1.img bs=1M count=500 iflag=fullblock conv=notrunc status=progress; ec=$?; _bs pipeline_done; _bs guest_end; exit $ec'
2026-05-20 03:25:58,448 DEBUG   ssh: connect to host 10.114.112.205 port 22: Connection timed out
2026-05-20 03:25:58,449 ERROR Guest disk op failed ec=255 vm=ahv_ins_delete-0-260519-040007 ip=10.114.112.205 — ssh: connect to host 10.114.112.205 port 22: Connection timed out
2026-05-20 03:25:58,449 WARNING Guest disk op wall 30.3s (vm='ahv_ins_delete-0-260519-040007' ip=10.114.112.205 op=update ec=255) — includes SSH + guest disk command; if still high, check guest disk throughput vs. MiB settings.
2026-05-20 03:25:58,449 DEBUG [303/1171] VM 81bfaa54… (ahv_ins_delete-0-260519-040958) via 10.114.112.182 op=update
2026-05-20 03:25:58,450 DEBUG   remote: bash -lc 'set -e; _bs(){ printf '"'"'BULK_SNAP_T %s %s\n'"'"' "$1" "$(date +%s.%N 2>/dev/null || date +%s)"; }; _bs guest_start; _bs pipeline_start; openssl enc -aes-256-ctr -pass pass:"testing" -nosalt < /dev/zero 2>/dev/null | dd of=/root/dummy_snapshot_data_1.img bs=1M count=500 iflag=fullblock conv=notrunc status=progress; ec=$?; _bs pipeline_done; _bs guest_end; exit $ec'
2026-05-20 03:25:58,698 DEBUG   ssh: connect to host 10.114.120.51 port 22: Connection timed out
2026-05-20 03:25:58,698 ERROR Guest disk op failed ec=255 vm=ahv_ins_delete-0-260519-040321 ip=10.114.120.51 — ssh: connect to host 10.114.120.51 port 22: Connection timed out
2026-05-20 03:25:58,699 WARNING Guest disk op wall 30.3s (vm='ahv_ins_delete-0-260519-040321' ip=10.114.120.51 op=update ec=255) — includes SSH + guest disk command; if still high, check guest disk throughput vs. MiB settings.
2026-05-20 03:25:58,699 DEBUG [304/1171] VM 9e181a91… (ahv_ins_delete-0-260519-041304) via 10.114.120.59 op=update
2026-05-20 03:25:58,700 DEBUG   remote: bash -lc 'set -e; _bs(){ printf '"'"'BULK_SNAP_T %s %s\n'"'"' "$1" "$(date +%s.%N 2>/dev/null || date +%s)"; }; _bs guest_start; _bs pipeline_start; openssl enc -aes-256-ctr -pass pass:"testing" -nosalt < /dev/zero 2>/dev/null | dd of=/root/dummy_snapshot_data_1.img bs=1M count=500 iflag=fullblock conv=notrunc status=progress; ec=$?; _bs pipeline_done; _bs guest_end; exit $ec'
2026-05-20 03:25:58,948 DEBUG   ssh: connect to host 10.114.120.61 port 22: Connection timed out
2026-05-20 03:25:58,948 ERROR Guest disk op failed ec=255 vm=ahv_ins_delete-0-260519-040409 ip=10.114.120.61 — ssh: connect to host 10.114.120.61 port 22: Connection timed out
2026-05-20 03:25:58,948 WARNING Guest disk op wall 30.0s (vm='ahv_ins_delete-0-260519-040409' ip=10.114.120.61 op=update ec=255) — includes SSH + guest disk command; if still high, check guest disk throughput vs. MiB settings.
2026-05-20 03:25:58,949 DEBUG [305/1171] VM 6c18e652… (ahv_ins_delete-0-260519-041405) via 10.114.120.37 op=update
2026-05-20 03:25:58,949 DEBUG   remote: bash -lc 'set -e; _bs(){ printf '"'"'BULK_SNAP_T %s %s\n'"'"' "$1" "$(date +%s.%N 2>/dev/null || date +%s)"; }; _bs guest_start; _bs pipeline_start; openssl enc -aes-256-ctr -pass pass:"testing" -nosalt < /dev/zero 2>/dev/null | dd of=/root/dummy_snapshot_data_1.img bs=1M count=500 iflag=fullblock conv=notrunc status=progress; ec=$?; _bs pipeline_done; _bs guest_end; exit $ec'
2026-05-20 03:25:58,952 DEBUG   ssh: connect to host 10.114.112.207 port 22: Connection timed out
2026-05-20 03:25:58,952 ERROR Guest disk op failed ec=255 vm=ahv_ins_delete-0-260519-040347 ip=10.114.112.207 — ssh: connect to host 10.114.112.207 port 22: Connection timed out
2026-05-20 03:25:58,952 WARNING Guest disk op wall 30.3s (vm='ahv_ins_delete-0-260519-040347' ip=10.114.112.207 op=update ec=255) — includes SSH + guest disk command; if still high, check guest disk throughput vs. MiB settings.
2026-05-20 03:25:58,953 DEBUG [306/1171] VM 17ae2520… (ahv_ins_delete-0-260519-041410) via 10.114.120.36 op=update
2026-05-20 03:25:58,953 DEBUG   remote: bash -lc 'set -e; _bs(){ printf '"'"'BULK_SNAP_T %s %s\n'"'"' "$1" "$(date +%s.%N 2>/dev/null || date +%s)"; }; _bs guest_start; _bs pipeline_start; openssl enc -aes-256-ctr -pass pass:"testing" -nosalt < /dev/zero 2>/dev/null | dd of=/root/dummy_snapshot_data_1.img bs=1M count=500 iflag=fullblock conv=notrunc status=progress; ec=$?; _bs pipeline_done; _bs guest_end; exit $ec'
2026-05-20 03:25:59,693 DEBUG   ssh: connect to host 10.114.120.60 port 22: Connection timed out
2026-05-20 03:25:59,693 ERROR Guest disk op failed ec=255 vm=ahv_ins_delete-0-260519-040442 ip=10.114.120.60 — ssh: connect to host 10.114.120.60 port 22: Connection timed out
2026-05-20 03:25:59,694 WARNING Guest disk op wall 30.3s (vm='ahv_ins_delete-0-260519-040442' ip=10.114.120.60 op=update ec=255) — includes SSH + guest disk command; if still high, check guest disk throughput vs. MiB settings.
2026-05-20 03:25:59,694 DEBUG [307/1171] VM 83fb5519… (ahv_ins_delete-0-260519-041503) via 10.114.120.39 op=update
2026-05-20 03:25:59,694 DEBUG   remote: bash -lc 'set -e; _bs(){ printf '"'"'BULK_SNAP_T %s %s\n'"'"' "$1" "$(date +%s.%N 2>/dev/null || date +%s)"; }; _bs guest_start; _bs pipeline_start; openssl enc -aes-256-ctr -pass pass:"testing" -nosalt < /dev/zero 2>/dev/null | dd of=/root/dummy_snapshot_data_1.img bs=1M count=500 iflag=fullblock conv=notrunc status=progress; ec=$?; _bs pipeline_done; _bs guest_end; exit $ec'
2026-05-20 03:26:00,452 DEBUG   ssh: connect to host 10.114.120.63 port 22: Connection timed out
2026-05-20 03:26:00,453 ERROR Guest disk op failed ec=255 vm=ahv_ins_delete-0-260519-040448 ip=10.114.120.63 — ssh: connect to host 10.114.120.63 port 22: Connection timed out
2026-05-20 03:26:00,453 WARNING Guest disk op wall 30.3s (vm='ahv_ins_delete-0-260519-040448' ip=10.114.120.63 op=update ec=255) — includes SSH + guest disk command; if still high, check guest disk throughput vs. MiB settings.
2026-05-20 03:26:00,454 DEBUG [308/1171] VM b2100649… (ahv_ins_delete-0-260519-041505) via 10.114.120.33 op=update
2026-05-20 03:26:00,454 DEBUG   remote: bash -lc 'set -e; _bs(){ printf '"'"'BULK_SNAP_T %s %s\n'"'"' "$1" "$(date +%s.%N 2>/dev/null || date +%s)"; }; _bs guest_start; _bs pipeline_start; openssl enc -aes-256-ctr -pass pass:"testing" -nosalt < /dev/zero 2>/dev/null | dd of=/root/dummy_snapshot_data_1.img bs=1M count=500 iflag=fullblock conv=notrunc status=progress; ec=$?; _bs pipeline_done; _bs guest_end; exit $ec'
2026-05-20 03:26:00,454 DEBUG   ssh: connect to host 10.114.112.203 port 22: Connection timed out
2026-05-20 03:26:00,454 ERROR Guest disk op failed ec=255 vm=ahv_ins_delete-0-260519-040821 ip=10.114.112.203 — ssh: connect to host 10.114.112.203 port 22: Connection timed out
2026-05-20 03:26:00,454 WARNING Guest disk op wall 30.3s (vm='ahv_ins_delete-0-260519-040821' ip=10.114.112.203 op=update ec=255) — includes SSH + guest disk command; if still high, check guest disk throughput vs. MiB settings.
2026-05-20 03:26:00,458 DEBUG [309/1171] VM 089f2663… (ahv_ins_delete-0-260519-041742) via 10.114.112.189 op=update
2026-05-20 03:26:00,458 DEBUG   remote: bash -lc 'set -e; _bs(){ printf '"'"'BULK_SNAP_T %s %s\n'"'"' "$1" "$(date +%s.%N 2>/dev/null || date +%s)"; }; _bs guest_start; _bs pipeline_start; openssl enc -aes-256-ctr -pass pass:"testing" -nosalt < /dev/zero 2>/dev/null | dd of=/root/dummy_snapshot_data_1.img bs=1M count=500 iflag=fullblock conv=notrunc status=progress; ec=$?; _bs pipeline_done; _bs guest_end; exit $ec'
2026-05-20 03:26:00,465 DEBUG   ssh: connect to host 10.114.112.202 port 22: Connection timed out
2026-05-20 03:26:00,465 ERROR Guest disk op failed ec=255 vm=ahv_ins_delete-0-260519-040854 ip=10.114.112.202 — ssh: connect to host 10.114.112.202 port 22: Connection timed out
2026-05-20 03:26:00,466 WARNING Guest disk op wall 30.0s (vm='ahv_ins_delete-0-260519-040854' ip=10.114.112.202 op=update ec=255) — includes SSH + guest disk command; if still high, check guest disk throughput vs. MiB settings.
2026-05-20 03:26:00,466 DEBUG [310/1171] VM 9c4b5cb5… (ahv_ins_delete-0-260519-041906) via 10.114.120.32 op=update
2026-05-20 03:26:00,466 DEBUG   remote: bash -lc 'set -e; _bs(){ printf '"'"'BULK_SNAP_T %s %s\n'"'"' "$1" "$(date +%s.%N 2>/dev/null || date +%s)"; }; _bs guest_start; _bs pipeline_start; openssl enc -aes-256-ctr -pass pass:"testing" -nosalt < /dev/zero 2>/dev/null | dd of=/root/dummy_snapshot_data_1.img bs=1M count=500 iflag=fullblock conv=notrunc status=progress; ec=$?; _bs pipeline_done; _bs guest_end; exit $ec'
2026-05-20 03:26:28,464 DEBUG   ssh: connect to host 10.114.112.181 port 22: Connection timed out
2026-05-20 03:26:28,464 ERROR Guest disk op failed ec=255 vm=ahv_ins_delete-0-260519-040919 ip=10.114.112.181 — ssh: connect to host 10.114.112.181 port 22: Connection timed out
2026-05-20 03:26:28,464 WARNING Guest disk op wall 30.3s (vm='ahv_ins_delete-0-260519-040919' ip=10.114.112.181 op=update ec=255) — includes SSH + guest disk command; if still high, check guest disk throughput vs. MiB settings.
2026-05-20 03:26:28,465 DEBUG [311/1171] VM 88edaf86… (ahv_ins_delete-0-260519-041921) via 10.114.120.35 op=update
2026-05-20 03:26:28,465 DEBUG   remote: bash -lc 'set -e; _bs(){ printf '"'"'BULK_SNAP_T %s %s\n'"'"' "$1" "$(date +%s.%N 2>/dev/null || date +%s)"; }; _bs guest_start; _bs pipeline_start; openssl enc -aes-256-ctr -pass pass:"testing" -nosalt < /dev/zero 2>/dev/null | dd of=/root/dummy_snapshot_data_1.img bs=1M count=500 iflag=fullblock conv=notrunc status=progress; ec=$?; _bs pipeline_done; _bs guest_end; exit $ec'
2026-05-20 03:26:28,714 DEBUG   ssh: connect to host 10.114.112.180 port 22: Connection timed out
2026-05-20 03:26:28,715 ERROR Guest disk op failed ec=255 vm=ahv_ins_delete-0-260519-040956 ip=10.114.112.180 — ssh: connect to host 10.114.112.180 port 22: Connection timed out
2026-05-20 03:26:28,715 WARNING Guest disk op wall 30.3s (vm='ahv_ins_delete-0-260519-040956' ip=10.114.112.180 op=update ec=255) — includes SSH + guest disk command; if still high, check guest disk throughput vs. MiB settings.
2026-05-20 03:26:28,715 DEBUG [312/1171] VM 2c781c0d… (ahv_ins_delete-0-260519-041957) via 10.114.120.45 op=update
2026-05-20 03:26:28,716 DEBUG   remote: bash -lc 'set -e; _bs(){ printf '"'"'BULK_SNAP_T %s %s\n'"'"' "$1" "$(date +%s.%N 2>/dev/null || date +%s)"; }; _bs guest_start; _bs pipeline_start; openssl enc -aes-256-ctr -pass pass:"testing" -nosalt < /dev/zero 2>/dev/null | dd of=/root/dummy_snapshot_data_1.img bs=1M count=500 iflag=fullblock conv=notrunc status=progress; ec=$?; _bs pipeline_done; _bs guest_end; exit $ec'
2026-05-20 03:26:28,718 DEBUG   ssh: connect to host 10.114.112.182 port 22: Connection timed out
2026-05-20 03:26:28,719 ERROR Guest disk op failed ec=255 vm=ahv_ins_delete-0-260519-040958 ip=10.114.112.182 — ssh: connect to host 10.114.112.182 port 22: Connection timed out
2026-05-20 03:26:28,719 WARNING Guest disk op wall 30.3s (vm='ahv_ins_delete-0-260519-040958' ip=10.114.112.182 op=update ec=255) — includes SSH + guest disk command; if still high, check guest disk throughput vs. MiB settings.
2026-05-20 03:26:28,720 DEBUG [313/1171] VM 67bbb734… (ahv_ins_delete-0-260519-042001) via 10.114.112.191 op=update
2026-05-20 03:26:28,720 DEBUG   remote: bash -lc 'set -e; _bs(){ printf '"'"'BULK_SNAP_T %s %s\n'"'"' "$1" "$(date +%s.%N 2>/dev/null || date +%s)"; }; _bs guest_start; _bs pipeline_start; openssl enc -aes-256-ctr -pass pass:"testing" -nosalt < /dev/zero 2>/dev/null | dd of=/root/dummy_snapshot_data_1.img bs=1M count=500 iflag=fullblock conv=notrunc status=progress; ec=$?; _bs pipeline_done; _bs guest_end; exit $ec'
2026-05-20 03:26:28,966 DEBUG   ssh: connect to host 10.114.120.59 port 22: Connection timed out
2026-05-20 03:26:28,967 ERROR Guest disk op failed ec=255 vm=ahv_ins_delete-0-260519-041304 ip=10.114.120.59 — ssh: connect to host 10.114.120.59 port 22: Connection timed out
2026-05-20 03:26:28,967 WARNING Guest disk op wall 30.3s (vm='ahv_ins_delete-0-260519-041304' ip=10.114.120.59 op=update ec=255) — includes SSH + guest disk command; if still high, check guest disk throughput vs. MiB settings.
2026-05-20 03:26:28,967 DEBUG [314/1171] VM 67b1ab93… (ahv_ins_delete-0-260519-042142) via 10.114.112.190 op=update
2026-05-20 03:26:28,968 DEBUG   remote: bash -lc 'set -e; _bs(){ printf '"'"'BULK_SNAP_T %s %s\n'"'"' "$1" "$(date +%s.%N 2>/dev/null || date +%s)"; }; _bs guest_start; _bs pipeline_start; openssl enc -aes-256-ctr -pass pass:"testing" -nosalt < /dev/zero 2>/dev/null | dd of=/root/dummy_snapshot_data_1.img bs=1M count=500 iflag=fullblock conv=notrunc status=progress; ec=$?; _bs pipeline_done; _bs guest_end; exit $ec'
2026-05-20 03:26:29,215 DEBUG   ssh: connect to host 10.114.120.37 port 22: Connection timed out
2026-05-20 03:26:29,215 ERROR Guest disk op failed ec=255 vm=ahv_ins_delete-0-260519-041405 ip=10.114.120.37 — ssh: connect to host 10.114.120.37 port 22: Connection timed out
2026-05-20 03:26:29,215 WARNING Guest disk op wall 30.3s (vm='ahv_ins_delete-0-260519-041405' ip=10.114.120.37 op=update ec=255) — includes SSH + guest disk command; if still high, check guest disk throughput vs. MiB settings.
2026-05-20 03:26:29,216 DEBUG [315/1171] VM c60d916c… (ahv_ins_delete-0-260519-042342) via 10.114.112.184 op=update
2026-05-20 03:26:29,216 DEBUG   remote: bash -lc 'set -e; _bs(){ printf '"'"'BULK_SNAP_T %s %s\n'"'"' "$1" "$(date +%s.%N 2>/dev/null || date +%s)"; }; _bs guest_start; _bs pipeline_start; openssl enc -aes-256-ctr -pass pass:"testing" -nosalt < /dev/zero 2>/dev/null | dd of=/root/dummy_snapshot_data_1.img bs=1M count=500 iflag=fullblock conv=notrunc status=progress; ec=$?; _bs pipeline_done; _bs guest_end; exit $ec'
2026-05-20 03:26:29,220 DEBUG   ssh: connect to host 10.114.120.36 port 22: Connection timed out
2026-05-20 03:26:29,220 ERROR Guest disk op failed ec=255 vm=ahv_ins_delete-0-260519-041410 ip=10.114.120.36 — ssh: connect to host 10.114.120.36 port 22: Connection timed out
2026-05-20 03:26:29,221 WARNING Guest disk op wall 30.3s (vm='ahv_ins_delete-0-260519-041410' ip=10.114.120.36 op=update ec=255) — includes SSH + guest disk command; if still high, check guest disk throughput vs. MiB settings.
2026-05-20 03:26:29,221 DEBUG [316/1171] VM 57d056f6… (ahv_ins_delete-0-260519-042415) via 10.114.120.41 op=update
2026-05-20 03:26:29,221 DEBUG   remote: bash -lc 'set -e; _bs(){ printf '"'"'BULK_SNAP_T %s %s\n'"'"' "$1" "$(date +%s.%N 2>/dev/null || date +%s)"; }; _bs guest_start; _bs pipeline_start; openssl enc -aes-256-ctr -pass pass:"testing" -nosalt < /dev/zero 2>/dev/null | dd of=/root/dummy_snapshot_data_1.img bs=1M count=500 iflag=fullblock conv=notrunc status=progress; ec=$?; _bs pipeline_done; _bs guest_end; exit $ec'
2026-05-20 03:26:29,963 DEBUG   ssh: connect to host 10.114.120.39 port 22: Connection timed out
2026-05-20 03:26:29,964 ERROR Guest disk op failed ec=255 vm=ahv_ins_delete-0-260519-041503 ip=10.114.120.39 — ssh: connect to host 10.114.120.39 port 22: Connection timed out
2026-05-20 03:26:29,964 WARNING Guest disk op wall 30.3s (vm='ahv_ins_delete-0-260519-041503' ip=10.114.120.39 op=update ec=255) — includes SSH + guest disk command; if still high, check guest disk throughput vs. MiB settings.
2026-05-20 03:26:29,964 DEBUG [317/1171] VM 57d3cee5… (ahv_ins_delete-0-260519-042437) via 10.114.112.187 op=update
2026-05-20 03:26:29,965 DEBUG   remote: bash -lc 'set -e; _bs(){ printf '"'"'BULK_SNAP_T %s %s\n'"'"' "$1" "$(date +%s.%N 2>/dev/null || date +%s)"; }; _bs guest_start; _bs pipeline_start; openssl enc -aes-256-ctr -pass pass:"testing" -nosalt < /dev/zero 2>/dev/null | dd of=/root/dummy_snapshot_data_1.img bs=1M count=500 iflag=fullblock conv=notrunc status=progress; ec=$?; _bs pipeline_done; _bs guest_end; exit $ec'
2026-05-20 03:26:30,483 DEBUG   ssh: connect to host 10.114.120.32 port 22: Connection timed out
2026-05-20 03:26:30,484 ERROR Guest disk op failed ec=255 vm=ahv_ins_delete-0-260519-041906 ip=10.114.120.32 — ssh: connect to host 10.114.120.32 port 22: Connection timed out
2026-05-20 03:26:30,484 WARNING Guest disk op wall 30.0s (vm='ahv_ins_delete-0-260519-041906' ip=10.114.120.32 op=update ec=255) — includes SSH + guest disk command; if still high, check guest disk throughput vs. MiB settings.
2026-05-20 03:26:30,484 DEBUG [318/1171] VM 5db01980… (ahv_ins_delete-0-260519-042448) via 10.114.120.40 op=update
2026-05-20 03:26:30,484 DEBUG   remote: bash -lc 'set -e; _bs(){ printf '"'"'BULK_SNAP_T %s %s\n'"'"' "$1" "$(date +%s.%N 2>/dev/null || date +%s)"; }; _bs guest_start; _bs pipeline_start; openssl enc -aes-256-ctr -pass pass:"testing" -nosalt < /dev/zero 2>/dev/null | dd of=/root/dummy_snapshot_data_1.img bs=1M count=500 iflag=fullblock conv=notrunc status=progress; ec=$?; _bs pipeline_done; _bs guest_end; exit $ec'
2026-05-20 03:26:30,724 DEBUG   ssh: connect to host 10.114.112.189 port 22: Connection timed out
2026-05-20 03:26:30,725 ERROR Guest disk op failed ec=255 vm=ahv_ins_delete-0-260519-041742 ip=10.114.112.189 — ssh: connect to host 10.114.112.189 port 22: Connection timed out
2026-05-20 03:26:30,725 WARNING Guest disk op wall 30.3s (vm='ahv_ins_delete-0-260519-041742' ip=10.114.112.189 op=update ec=255) — includes SSH + guest disk command; if still high, check guest disk throughput vs. MiB settings.
2026-05-20 03:26:30,726 DEBUG [319/1171] VM b38b91d6… (ahv_ins_delete-0-260519-042610) via 10.114.120.42 op=update
2026-05-20 03:26:30,726 DEBUG   remote: bash -lc 'set -e; _bs(){ printf '"'"'BULK_SNAP_T %s %s\n'"'"' "$1" "$(date +%s.%N 2>/dev/null || date +%s)"; }; _bs guest_start; _bs pipeline_start; openssl enc -aes-256-ctr -pass pass:"testing" -nosalt < /dev/zero 2>/dev/null | dd of=/root/dummy_snapshot_data_1.img bs=1M count=500 iflag=fullblock conv=notrunc status=progress; ec=$?; _bs pipeline_done; _bs guest_end; exit $ec'
2026-05-20 03:26:30,726 DEBUG   ssh: connect to host 10.114.120.33 port 22: Connection timed out
2026-05-20 03:26:30,726 ERROR Guest disk op failed ec=255 vm=ahv_ins_delete-0-260519-041505 ip=10.114.120.33 — ssh: connect to host 10.114.120.33 port 22: Connection timed out
2026-05-20 03:26:30,726 WARNING Guest disk op wall 30.3s (vm='ahv_ins_delete-0-260519-041505' ip=10.114.120.33 op=update ec=255) — includes SSH + guest disk command; if still high, check guest disk throughput vs. MiB settings.
2026-05-20 03:26:30,727 DEBUG [320/1171] VM 5e221f81… (ahv_ins_delete-0-260519-042818) via 10.114.112.165 op=update
2026-05-20 03:26:30,727 DEBUG   remote: bash -lc 'set -e; _bs(){ printf '"'"'BULK_SNAP_T %s %s\n'"'"' "$1" "$(date +%s.%N 2>/dev/null || date +%s)"; }; _bs guest_start; _bs pipeline_start; openssl enc -aes-256-ctr -pass pass:"testing" -nosalt < /dev/zero 2>/dev/null | dd of=/root/dummy_snapshot_data_1.img bs=1M count=500 iflag=fullblock conv=notrunc status=progress; ec=$?; _bs pipeline_done; _bs guest_end; exit $ec'
2026-05-20 03:26:58,733 DEBUG   ssh: connect to host 10.114.120.35 port 22: Connection timed out
2026-05-20 03:26:58,734 ERROR Guest disk op failed ec=255 vm=ahv_ins_delete-0-260519-041921 ip=10.114.120.35 — ssh: connect to host 10.114.120.35 port 22: Connection timed out
2026-05-20 03:26:58,734 WARNING Guest disk op wall 30.3s (vm='ahv_ins_delete-0-260519-041921' ip=10.114.120.35 op=update ec=255) — includes SSH + guest disk command; if still high, check guest disk throughput vs. MiB settings.
2026-05-20 03:26:58,734 DEBUG [321/1171] VM 8c1b10ef… (ahv_ins_delete-0-260519-042908) via 10.114.120.21 op=update
2026-05-20 03:26:58,734 DEBUG   remote: bash -lc 'set -e; _bs(){ printf '"'"'BULK_SNAP_T %s %s\n'"'"' "$1" "$(date +%s.%N 2>/dev/null || date +%s)"; }; _bs guest_start; _bs pipeline_start; openssl enc -aes-256-ctr -pass pass:"testing" -nosalt < /dev/zero 2>/dev/null | dd of=/root/dummy_snapshot_data_1.img bs=1M count=500 iflag=fullblock conv=notrunc status=progress; ec=$?; _bs pipeline_done; _bs guest_end; exit $ec'
2026-05-20 03:26:58,984 DEBUG   ssh: connect to host 10.114.120.45 port 22: Connection timed out
2026-05-20 03:26:58,984 ERROR Guest disk op failed ec=255 vm=ahv_ins_delete-0-260519-041957 ip=10.114.120.45 — ssh: connect to host 10.114.120.45 port 22: Connection timed out
2026-05-20 03:26:58,984 WARNING Guest disk op wall 30.3s (vm='ahv_ins_delete-0-260519-041957' ip=10.114.120.45 op=update ec=255) — includes SSH + guest disk command; if still high, check guest disk throughput vs. MiB settings.
2026-05-20 03:26:58,985 DEBUG [322/1171] VM c8c9aa0e… (ahv_ins_delete-0-260519-042944) via 10.114.112.161 op=update
2026-05-20 03:26:58,985 DEBUG   remote: bash -lc 'set -e; _bs(){ printf '"'"'BULK_SNAP_T %s %s\n'"'"' "$1" "$(date +%s.%N 2>/dev/null || date +%s)"; }; _bs guest_start; _bs pipeline_start; openssl enc -aes-256-ctr -pass pass:"testing" -nosalt < /dev/zero 2>/dev/null | dd of=/root/dummy_snapshot_data_1.img bs=1M count=500 iflag=fullblock conv=notrunc status=progress; ec=$?; _bs pipeline_done; _bs guest_end; exit $ec'
2026-05-20 03:26:58,987 DEBUG   ssh: connect to host 10.114.112.191 port 22: Connection timed out
2026-05-20 03:26:58,988 ERROR Guest disk op failed ec=255 vm=ahv_ins_delete-0-260519-042001 ip=10.114.112.191 — ssh: connect to host 10.114.112.191 port 22: Connection timed out
2026-05-20 03:26:58,988 WARNING Guest disk op wall 30.3s (vm='ahv_ins_delete-0-260519-042001' ip=10.114.112.191 op=update ec=255) — includes SSH + guest disk command; if still high, check guest disk throughput vs. MiB settings.
2026-05-20 03:26:58,989 DEBUG [323/1171] VM e1d715ab… (ahv_ins_delete-0-260519-042947) via 10.114.112.167 op=update
2026-05-20 03:26:58,989 DEBUG   remote: bash -lc 'set -e; _bs(){ printf '"'"'BULK_SNAP_T %s %s\n'"'"' "$1" "$(date +%s.%N 2>/dev/null || date +%s)"; }; _bs guest_start; _bs pipeline_start; openssl enc -aes-256-ctr -pass pass:"testing" -nosalt < /dev/zero 2>/dev/null | dd of=/root/dummy_snapshot_data_1.img bs=1M count=500 iflag=fullblock conv=notrunc status=progress; ec=$?; _bs pipeline_done; _bs guest_end; exit $ec'
2026-05-20 03:26:59,234 DEBUG   ssh: connect to host 10.114.112.190 port 22: Connection timed out
2026-05-20 03:26:59,234 ERROR Guest disk op failed ec=255 vm=ahv_ins_delete-0-260519-042142 ip=10.114.112.190 — ssh: connect to host 10.114.112.190 port 22: Connection timed out
2026-05-20 03:26:59,234 WARNING Guest disk op wall 30.3s (vm='ahv_ins_delete-0-260519-042142' ip=10.114.112.190 op=update ec=255) — includes SSH + guest disk command; if still high, check guest disk throughput vs. MiB settings.
2026-05-20 03:26:59,234 DEBUG [324/1171] VM d5ac9a6f… (ahv_ins_delete-0-260519-043129) via 10.114.120.22 op=update
2026-05-20 03:26:59,235 DEBUG   remote: bash -lc 'set -e; _bs(){ printf '"'"'BULK_SNAP_T %s %s\n'"'"' "$1" "$(date +%s.%N 2>/dev/null || date +%s)"; }; _bs guest_start; _bs pipeline_start; openssl enc -aes-256-ctr -pass pass:"testing" -nosalt < /dev/zero 2>/dev/null | dd of=/root/dummy_snapshot_data_1.img bs=1M count=500 iflag=fullblock conv=notrunc status=progress; ec=$?; _bs pipeline_done; _bs guest_end; exit $ec'
2026-05-20 03:26:59,487 DEBUG   ssh: connect to host 10.114.120.41 port 22: Connection timed out
2026-05-20 03:26:59,488 ERROR Guest disk op failed ec=255 vm=ahv_ins_delete-0-260519-042415 ip=10.114.120.41 — ssh: connect to host 10.114.120.41 port 22: Connection timed out
2026-05-20 03:26:59,488 WARNING Guest disk op wall 30.3s (vm='ahv_ins_delete-0-260519-042415' ip=10.114.120.41 op=update ec=255) — includes SSH + guest disk command; if still high, check guest disk throughput vs. MiB settings.
2026-05-20 03:26:59,488 DEBUG [325/1171] VM 97035c01… (ahv_ins_delete-0-260519-043337) via 10.114.120.17 op=update
2026-05-20 03:26:59,489 DEBUG   remote: bash -lc 'set -e; _bs(){ printf '"'"'BULK_SNAP_T %s %s\n'"'"' "$1" "$(date +%s.%N 2>/dev/null || date +%s)"; }; _bs guest_start; _bs pipeline_start; openssl enc -aes-256-ctr -pass pass:"testing" -nosalt < /dev/zero 2>/dev/null | dd of=/root/dummy_snapshot_data_1.img bs=1M count=500 iflag=fullblock conv=notrunc status=progress; ec=$?; _bs pipeline_done; _bs guest_end; exit $ec'
2026-05-20 03:26:59,491 DEBUG   ssh: connect to host 10.114.112.184 port 22: Connection timed out
2026-05-20 03:26:59,492 ERROR Guest disk op failed ec=255 vm=ahv_ins_delete-0-260519-042342 ip=10.114.112.184 — ssh: connect to host 10.114.112.184 port 22: Connection timed out
2026-05-20 03:26:59,492 WARNING Guest disk op wall 30.3s (vm='ahv_ins_delete-0-260519-042342' ip=10.114.112.184 op=update ec=255) — includes SSH + guest disk command; if still high, check guest disk throughput vs. MiB settings.
2026-05-20 03:26:59,492 DEBUG [326/1171] VM ce743bdc… (ahv_ins_delete-0-260519-043444) via 10.114.112.160 op=update
2026-05-20 03:26:59,493 DEBUG   remote: bash -lc 'set -e; _bs(){ printf '"'"'BULK_SNAP_T %s %s\n'"'"' "$1" "$(date +%s.%N 2>/dev/null || date +%s)"; }; _bs guest_start; _bs pipeline_start; openssl enc -aes-256-ctr -pass pass:"testing" -nosalt < /dev/zero 2>/dev/null | dd of=/root/dummy_snapshot_data_1.img bs=1M count=500 iflag=fullblock conv=notrunc status=progress; ec=$?; _bs pipeline_done; _bs guest_end; exit $ec'
2026-05-20 03:27:00,234 DEBUG   ssh: connect to host 10.114.112.187 port 22: Connection timed out
2026-05-20 03:27:00,234 ERROR Guest disk op failed ec=255 vm=ahv_ins_delete-0-260519-042437 ip=10.114.112.187 — ssh: connect to host 10.114.112.187 port 22: Connection timed out
2026-05-20 03:27:00,235 WARNING Guest disk op wall 30.3s (vm='ahv_ins_delete-0-260519-042437' ip=10.114.112.187 op=update ec=255) — includes SSH + guest disk command; if still high, check guest disk throughput vs. MiB settings.
2026-05-20 03:27:00,235 DEBUG [327/1171] VM 90369999… (ahv_ins_delete-0-260519-043454) via 10.114.120.16 op=update
2026-05-20 03:27:00,235 DEBUG   remote: bash -lc 'set -e; _bs(){ printf '"'"'BULK_SNAP_T %s %s\n'"'"' "$1" "$(date +%s.%N 2>/dev/null || date +%s)"; }; _bs guest_start; _bs pipeline_start; openssl enc -aes-256-ctr -pass pass:"testing" -nosalt < /dev/zero 2>/dev/null | dd of=/root/dummy_snapshot_data_1.img bs=1M count=500 iflag=fullblock conv=notrunc status=progress; ec=$?; _bs pipeline_done; _bs guest_end; exit $ec'
2026-05-20 03:27:00,512 DEBUG   ssh: connect to host 10.114.120.40 port 22: Connection timed out
2026-05-20 03:27:00,512 ERROR Guest disk op failed ec=255 vm=ahv_ins_delete-0-260519-042448 ip=10.114.120.40 — ssh: connect to host 10.114.120.40 port 22: Connection timed out
2026-05-20 03:27:00,513 WARNING Guest disk op wall 30.0s (vm='ahv_ins_delete-0-260519-042448' ip=10.114.120.40 op=update ec=255) — includes SSH + guest disk command; if still high, check guest disk throughput vs. MiB settings.
2026-05-20 03:27:00,513 DEBUG [328/1171] VM 4e824115… (ahv_ins_delete-0-260519-043509) via 10.114.112.162 op=update
2026-05-20 03:27:00,513 DEBUG   remote: bash -lc 'set -e; _bs(){ printf '"'"'BULK_SNAP_T %s %s\n'"'"' "$1" "$(date +%s.%N 2>/dev/null || date +%s)"; }; _bs guest_start; _bs pipeline_start; openssl enc -aes-256-ctr -pass pass:"testing" -nosalt < /dev/zero 2>/dev/null | dd of=/root/dummy_snapshot_data_1.img bs=1M count=500 iflag=fullblock conv=notrunc status=progress; ec=$?; _bs pipeline_done; _bs guest_end; exit $ec'
2026-05-20 03:27:00,992 DEBUG   ssh: connect to host 10.114.120.42 port 22: Connection timed out
2026-05-20 03:27:00,992 ERROR Guest disk op failed ec=255 vm=ahv_ins_delete-0-260519-042610 ip=10.114.120.42 — ssh: connect to host 10.114.120.42 port 22: Connection timed out
2026-05-20 03:27:00,992 WARNING Guest disk op wall 30.3s (vm='ahv_ins_delete-0-260519-042610' ip=10.114.120.42 op=update ec=255) — includes SSH + guest disk command; if still high, check guest disk throughput vs. MiB settings.
2026-05-20 03:27:00,993 DEBUG [329/1171] VM 2c5e744b… (ahv_ins_delete-0-260519-043601) via 10.114.112.175 op=update
2026-05-20 03:27:00,993 DEBUG   remote: bash -lc 'set -e; _bs(){ printf '"'"'BULK_SNAP_T %s %s\n'"'"' "$1" "$(date +%s.%N 2>/dev/null || date +%s)"; }; _bs guest_start; _bs pipeline_start; openssl enc -aes-256-ctr -pass pass:"testing" -nosalt < /dev/zero 2>/dev/null | dd of=/root/dummy_snapshot_data_1.img bs=1M count=500 iflag=fullblock conv=notrunc status=progress; ec=$?; _bs pipeline_done; _bs guest_end; exit $ec'
2026-05-20 03:27:00,996 DEBUG   ssh: connect to host 10.114.112.165 port 22: Connection timed out
2026-05-20 03:27:00,996 ERROR Guest disk op failed ec=255 vm=ahv_ins_delete-0-260519-042818 ip=10.114.112.165 — ssh: connect to host 10.114.112.165 port 22: Connection timed out
2026-05-20 03:27:00,997 WARNING Guest disk op wall 30.3s (vm='ahv_ins_delete-0-260519-042818' ip=10.114.112.165 op=update ec=255) — includes SSH + guest disk command; if still high, check guest disk throughput vs. MiB settings.
2026-05-20 03:27:00,997 DEBUG [330/1171] VM 3e99cdb6… (ahv_ins_delete-0-260519-043825) via 10.114.112.174 op=update
2026-05-20 03:27:00,997 DEBUG   remote: bash -lc 'set -e; _bs(){ printf '"'"'BULK_SNAP_T %s %s\n'"'"' "$1" "$(date +%s.%N 2>/dev/null || date +%s)"; }; _bs guest_start; _bs pipeline_start; openssl enc -aes-256-ctr -pass pass:"testing" -nosalt < /dev/zero 2>/dev/null | dd of=/root/dummy_snapshot_data_1.img bs=1M count=500 iflag=fullblock conv=notrunc status=progress; ec=$?; _bs pipeline_done; _bs guest_end; exit $ec'
2026-05-20 03:27:29,003 DEBUG   ssh: connect to host 10.114.120.21 port 22: Connection timed out
2026-05-20 03:27:29,004 ERROR Guest disk op failed ec=255 vm=ahv_ins_delete-0-260519-042908 ip=10.114.120.21 — ssh: connect to host 10.114.120.21 port 22: Connection timed out
2026-05-20 03:27:29,004 WARNING Guest disk op wall 30.3s (vm='ahv_ins_delete-0-260519-042908' ip=10.114.120.21 op=update ec=255) — includes SSH + guest disk command; if still high, check guest disk throughput vs. MiB settings.
2026-05-20 03:27:29,004 DEBUG [331/1171] VM 438c65ff… (ahv_ins_delete-0-260519-043947) via 10.114.120.18 op=update
2026-05-20 03:27:29,004 DEBUG   remote: bash -lc 'set -e; _bs(){ printf '"'"'BULK_SNAP_T %s %s\n'"'"' "$1" "$(date +%s.%N 2>/dev/null || date +%s)"; }; _bs guest_start; _bs pipeline_start; openssl enc -aes-256-ctr -pass pass:"testing" -nosalt < /dev/zero 2>/dev/null | dd of=/root/dummy_snapshot_data_1.img bs=1M count=500 iflag=fullblock conv=notrunc status=progress; ec=$?; _bs pipeline_done; _bs guest_end; exit $ec'
2026-05-20 03:27:29,253 DEBUG   ssh: connect to host 10.114.112.161 port 22: Connection timed out
2026-05-20 03:27:29,253 ERROR Guest disk op failed ec=255 vm=ahv_ins_delete-0-260519-042944 ip=10.114.112.161 — ssh: connect to host 10.114.112.161 port 22: Connection timed out
2026-05-20 03:27:29,253 WARNING Guest disk op wall 30.3s (vm='ahv_ins_delete-0-260519-042944' ip=10.114.112.161 op=update ec=255) — includes SSH + guest disk command; if still high, check guest disk throughput vs. MiB settings.
2026-05-20 03:27:29,254 DEBUG [332/1171] VM cf833408… (ahv_ins_delete-0-260519-043954) via 10.114.112.168 op=update
2026-05-20 03:27:29,254 DEBUG   remote: bash -lc 'set -e; _bs(){ printf '"'"'BULK_SNAP_T %s %s\n'"'"' "$1" "$(date +%s.%N 2>/dev/null || date +%s)"; }; _bs guest_start; _bs pipeline_start; openssl enc -aes-256-ctr -pass pass:"testing" -nosalt < /dev/zero 2>/dev/null | dd of=/root/dummy_snapshot_data_1.img bs=1M count=500 iflag=fullblock conv=notrunc status=progress; ec=$?; _bs pipeline_done; _bs guest_end; exit $ec'
2026-05-20 03:27:29,257 DEBUG   ssh: connect to host 10.114.112.167 port 22: Connection timed out
2026-05-20 03:27:29,258 ERROR Guest disk op failed ec=255 vm=ahv_ins_delete-0-260519-042947 ip=10.114.112.167 — ssh: connect to host 10.114.112.167 port 22: Connection timed out
2026-05-20 03:27:29,258 WARNING Guest disk op wall 30.3s (vm='ahv_ins_delete-0-260519-042947' ip=10.114.112.167 op=update ec=255) — includes SSH + guest disk command; if still high, check guest disk throughput vs. MiB settings.
2026-05-20 03:27:29,258 DEBUG [333/1171] VM df1a69c0… (ahv_ins_delete-0-260519-044018) via 10.114.120.29 op=update
2026-05-20 03:27:29,259 DEBUG   remote: bash -lc 'set -e; _bs(){ printf '"'"'BULK_SNAP_T %s %s\n'"'"' "$1" "$(date +%s.%N 2>/dev/null || date +%s)"; }; _bs guest_start; _bs pipeline_start; openssl enc -aes-256-ctr -pass pass:"testing" -nosalt < /dev/zero 2>/dev/null | dd of=/root/dummy_snapshot_data_1.img bs=1M count=500 iflag=fullblock conv=notrunc status=progress; ec=$?; _bs pipeline_done; _bs guest_end; exit $ec'
2026-05-20 03:27:29,503 DEBUG   ssh: connect to host 10.114.120.22 port 22: Connection timed out
2026-05-20 03:27:29,503 ERROR Guest disk op failed ec=255 vm=ahv_ins_delete-0-260519-043129 ip=10.114.120.22 — ssh: connect to host 10.114.120.22 port 22: Connection timed out
2026-05-20 03:27:29,503 WARNING Guest disk op wall 30.3s (vm='ahv_ins_delete-0-260519-043129' ip=10.114.120.22 op=update ec=255) — includes SSH + guest disk command; if still high, check guest disk throughput vs. MiB settings.
2026-05-20 03:27:29,504 DEBUG [334/1171] VM 3e1d448f… (ahv_ins_delete-0-260519-044049) via 10.114.112.170 op=update
2026-05-20 03:27:29,504 DEBUG   remote: bash -lc 'set -e; _bs(){ printf '"'"'BULK_SNAP_T %s %s\n'"'"' "$1" "$(date +%s.%N 2>/dev/null || date +%s)"; }; _bs guest_start; _bs pipeline_start; openssl enc -aes-256-ctr -pass pass:"testing" -nosalt < /dev/zero 2>/dev/null | dd of=/root/dummy_snapshot_data_1.img bs=1M count=500 iflag=fullblock conv=notrunc status=progress; ec=$?; _bs pipeline_done; _bs guest_end; exit $ec'
2026-05-20 03:27:29,758 DEBUG   ssh: connect to host 10.114.120.17 port 22: Connection timed out
2026-05-20 03:27:29,758 ERROR Guest disk op failed ec=255 vm=ahv_ins_delete-0-260519-043337 ip=10.114.120.17 — ssh: connect to host 10.114.120.17 port 22: Connection timed out
2026-05-20 03:27:29,758 WARNING Guest disk op wall 30.3s (vm='ahv_ins_delete-0-260519-043337' ip=10.114.120.17 op=update ec=255) — includes SSH + guest disk command; if still high, check guest disk throughput vs. MiB settings.
2026-05-20 03:27:29,759 DEBUG [335/1171] VM db886205… (ahv_ins_delete-0-260519-044258) via 10.114.120.31 op=update
2026-05-20 03:27:29,759 DEBUG   remote: bash -lc 'set -e; _bs(){ printf '"'"'BULK_SNAP_T %s %s\n'"'"' "$1" "$(date +%s.%N 2>/dev/null || date +%s)"; }; _bs guest_start; _bs pipeline_start; openssl enc -aes-256-ctr -pass pass:"testing" -nosalt < /dev/zero 2>/dev/null | dd of=/root/dummy_snapshot_data_1.img bs=1M count=500 iflag=fullblock conv=notrunc status=progress; ec=$?; _bs pipeline_done; _bs guest_end; exit $ec'
2026-05-20 03:27:29,762 DEBUG   ssh: connect to host 10.114.112.160 port 22: Connection timed out
2026-05-20 03:27:29,762 ERROR Guest disk op failed ec=255 vm=ahv_ins_delete-0-260519-043444 ip=10.114.112.160 — ssh: connect to host 10.114.112.160 port 22: Connection timed out
2026-05-20 03:27:29,762 WARNING Guest disk op wall 30.3s (vm='ahv_ins_delete-0-260519-043444' ip=10.114.112.160 op=update ec=255) — includes SSH + guest disk command; if still high, check guest disk throughput vs. MiB settings.
2026-05-20 03:27:29,763 DEBUG [336/1171] VM bea30e82… (ahv_ins_delete-0-260519-044431) via 10.114.112.151 op=update
2026-05-20 03:27:29,763 DEBUG   remote: bash -lc 'set -e; _bs(){ printf '"'"'BULK_SNAP_T %s %s\n'"'"' "$1" "$(date +%s.%N 2>/dev/null || date +%s)"; }; _bs guest_start; _bs pipeline_start; openssl enc -aes-256-ctr -pass pass:"testing" -nosalt < /dev/zero 2>/dev/null | dd of=/root/dummy_snapshot_data_1.img bs=1M count=500 iflag=fullblock conv=notrunc status=progress; ec=$?; _bs pipeline_done; _bs guest_end; exit $ec'
2026-05-20 03:27:30,262 DEBUG   ssh: connect to host 10.114.120.16 port 22: Connection timed out
2026-05-20 03:27:30,262 ERROR Guest disk op failed ec=255 vm=ahv_ins_delete-0-260519-043454 ip=10.114.120.16 — ssh: connect to host 10.114.120.16 port 22: Connection timed out
2026-05-20 03:27:30,262 WARNING Guest disk op wall 30.0s (vm='ahv_ins_delete-0-260519-043454' ip=10.114.120.16 op=update ec=255) — includes SSH + guest disk command; if still high, check guest disk throughput vs. MiB settings.
2026-05-20 03:27:30,263 DEBUG [337/1171] VM 8521351d… (ahv_ins_delete-0-260519-044445) via 10.114.112.150 op=update
2026-05-20 03:27:30,263 DEBUG   remote: bash -lc 'set -e; _bs(){ printf '"'"'BULK_SNAP_T %s %s\n'"'"' "$1" "$(date +%s.%N 2>/dev/null || date +%s)"; }; _bs guest_start; _bs pipeline_start; openssl enc -aes-256-ctr -pass pass:"testing" -nosalt < /dev/zero 2>/dev/null | dd of=/root/dummy_snapshot_data_1.img bs=1M count=500 iflag=fullblock conv=notrunc status=progress; ec=$?; _bs pipeline_done; _bs guest_end; exit $ec'
2026-05-20 03:27:30,778 DEBUG   ssh: connect to host 10.114.112.162 port 22: Connection timed out
2026-05-20 03:27:30,778 ERROR Guest disk op failed ec=255 vm=ahv_ins_delete-0-260519-043509 ip=10.114.112.162 — ssh: connect to host 10.114.112.162 port 22: Connection timed out
2026-05-20 03:27:30,778 WARNING Guest disk op wall 30.3s (vm='ahv_ins_delete-0-260519-043509' ip=10.114.112.162 op=update ec=255) — includes SSH + guest disk command; if still high, check guest disk throughput vs. MiB settings.
2026-05-20 03:27:30,779 DEBUG [338/1171] VM 82d33fc2… (ahv_ins_delete-0-260519-044505) via 10.114.120.30 op=update
2026-05-20 03:27:30,779 DEBUG   remote: bash -lc 'set -e; _bs(){ printf '"'"'BULK_SNAP_T %s %s\n'"'"' "$1" "$(date +%s.%N 2>/dev/null || date +%s)"; }; _bs guest_start; _bs pipeline_start; openssl enc -aes-256-ctr -pass pass:"testing" -nosalt < /dev/zero 2>/dev/null | dd of=/root/dummy_snapshot_data_1.img bs=1M count=500 iflag=fullblock conv=notrunc status=progress; ec=$?; _bs pipeline_done; _bs guest_end; exit $ec'
2026-05-20 03:27:31,015 DEBUG   ssh: connect to host 10.114.112.175 port 22: Connection timed out
2026-05-20 03:27:31,016 ERROR Guest disk op failed ec=255 vm=ahv_ins_delete-0-260519-043601 ip=10.114.112.175 — ssh: connect to host 10.114.112.175 port 22: Connection timed out
2026-05-20 03:27:31,016 WARNING Guest disk op wall 30.0s (vm='ahv_ins_delete-0-260519-043601' ip=10.114.112.175 op=update ec=255) — includes SSH + guest disk command; if still high, check guest disk throughput vs. MiB settings.
2026-05-20 03:27:31,017 DEBUG [339/1171] VM 2b123e6a… (ahv_ins_delete-0-260519-044537) via 10.114.120.24 op=update
2026-05-20 03:27:31,017 DEBUG   remote: bash -lc 'set -e; _bs(){ printf '"'"'BULK_SNAP_T %s %s\n'"'"' "$1" "$(date +%s.%N 2>/dev/null || date +%s)"; }; _bs guest_start; _bs pipeline_start; openssl enc -aes-256-ctr -pass pass:"testing" -nosalt < /dev/zero 2>/dev/null | dd of=/root/dummy_snapshot_data_1.img bs=1M count=500 iflag=fullblock conv=notrunc status=progress; ec=$?; _bs pipeline_done; _bs guest_end; exit $ec'
2026-05-20 03:27:31,021 DEBUG   ssh: connect to host 10.114.112.174 port 22: Connection timed out
2026-05-20 03:27:31,021 ERROR Guest disk op failed ec=255 vm=ahv_ins_delete-0-260519-043825 ip=10.114.112.174 — ssh: connect to host 10.114.112.174 port 22: Connection timed out
2026-05-20 03:27:31,021 WARNING Guest disk op wall 30.0s (vm='ahv_ins_delete-0-260519-043825' ip=10.114.112.174 op=update ec=255) — includes SSH + guest disk command; if still high, check guest disk throughput vs. MiB settings.
2026-05-20 03:27:31,022 DEBUG [340/1171] VM f0f2914d… (ahv_ins_delete-0-260519-044715) via 10.114.112.144 op=update
2026-05-20 03:27:31,022 DEBUG   remote: bash -lc 'set -e; _bs(){ printf '"'"'BULK_SNAP_T %s %s\n'"'"' "$1" "$(date +%s.%N 2>/dev/null || date +%s)"; }; _bs guest_start; _bs pipeline_start; openssl enc -aes-256-ctr -pass pass:"testing" -nosalt < /dev/zero 2>/dev/null | dd of=/root/dummy_snapshot_data_1.img bs=1M count=500 iflag=fullblock conv=notrunc status=progress; ec=$?; _bs pipeline_done; _bs guest_end; exit $ec'
2026-05-20 03:27:59,272 DEBUG   ssh: connect to host 10.114.120.18 port 22: Connection timed out
2026-05-20 03:27:59,272 ERROR Guest disk op failed ec=255 vm=ahv_ins_delete-0-260519-043947 ip=10.114.120.18 — ssh: connect to host 10.114.120.18 port 22: Connection timed out
2026-05-20 03:27:59,273 WARNING Guest disk op wall 30.3s (vm='ahv_ins_delete-0-260519-043947' ip=10.114.120.18 op=update ec=255) — includes SSH + guest disk command; if still high, check guest disk throughput vs. MiB settings.
2026-05-20 03:27:59,273 DEBUG [341/1171] VM f4d576e2… (ahv_ins_delete-0-260519-044905) via 10.114.112.147 op=update
2026-05-20 03:27:59,273 DEBUG   remote: bash -lc 'set -e; _bs(){ printf '"'"'BULK_SNAP_T %s %s\n'"'"' "$1" "$(date +%s.%N 2>/dev/null || date +%s)"; }; _bs guest_start; _bs pipeline_start; openssl enc -aes-256-ctr -pass pass:"testing" -nosalt < /dev/zero 2>/dev/null | dd of=/root/dummy_snapshot_data_1.img bs=1M count=500 iflag=fullblock conv=notrunc status=progress; ec=$?; _bs pipeline_done; _bs guest_end; exit $ec'
2026-05-20 03:27:59,522 DEBUG   ssh: connect to host 10.114.112.168 port 22: Connection timed out
2026-05-20 03:27:59,523 ERROR Guest disk op failed ec=255 vm=ahv_ins_delete-0-260519-043954 ip=10.114.112.168 — ssh: connect to host 10.114.112.168 port 22: Connection timed out
2026-05-20 03:27:59,523 WARNING Guest disk op wall 30.3s (vm='ahv_ins_delete-0-260519-043954' ip=10.114.112.168 op=update ec=255) — includes SSH + guest disk command; if still high, check guest disk throughput vs. MiB settings.
2026-05-20 03:27:59,524 DEBUG [342/1171] VM 1d92d0ff… (ahv_ins_delete-0-260519-044934) via 10.114.120.5 op=update
2026-05-20 03:27:59,524 DEBUG   remote: bash -lc 'set -e; _bs(){ printf '"'"'BULK_SNAP_T %s %s\n'"'"' "$1" "$(date +%s.%N 2>/dev/null || date +%s)"; }; _bs guest_start; _bs pipeline_start; openssl enc -aes-256-ctr -pass pass:"testing" -nosalt < /dev/zero 2>/dev/null | dd of=/root/dummy_snapshot_data_1.img bs=1M count=500 iflag=fullblock conv=notrunc status=progress; ec=$?; _bs pipeline_done; _bs guest_end; exit $ec'
2026-05-20 03:27:59,527 DEBUG   ssh: connect to host 10.114.120.29 port 22: Connection timed out
2026-05-20 03:27:59,527 ERROR Guest disk op failed ec=255 vm=ahv_ins_delete-0-260519-044018 ip=10.114.120.29 — ssh: connect to host 10.114.120.29 port 22: Connection timed out
2026-05-20 03:27:59,527 WARNING Guest disk op wall 30.3s (vm='ahv_ins_delete-0-260519-044018' ip=10.114.120.29 op=update ec=255) — includes SSH + guest disk command; if still high, check guest disk throughput vs. MiB settings.
2026-05-20 03:27:59,528 DEBUG [343/1171] VM 39337b67… (ahv_ins_delete-0-260519-044943) via 10.114.120.4 op=update
2026-05-20 03:27:59,528 DEBUG   remote: bash -lc 'set -e; _bs(){ printf '"'"'BULK_SNAP_T %s %s\n'"'"' "$1" "$(date +%s.%N 2>/dev/null || date +%s)"; }; _bs guest_start; _bs pipeline_start; openssl enc -aes-256-ctr -pass pass:"testing" -nosalt < /dev/zero 2>/dev/null | dd of=/root/dummy_snapshot_data_1.img bs=1M count=500 iflag=fullblock conv=notrunc status=progress; ec=$?; _bs pipeline_done; _bs guest_end; exit $ec'
2026-05-20 03:27:59,773 DEBUG   ssh: connect to host 10.114.112.170 port 22: Connection timed out
2026-05-20 03:27:59,773 ERROR Guest disk op failed ec=255 vm=ahv_ins_delete-0-260519-044049 ip=10.114.112.170 — ssh: connect to host 10.114.112.170 port 22: Connection timed out
2026-05-20 03:27:59,773 WARNING Guest disk op wall 30.3s (vm='ahv_ins_delete-0-260519-044049' ip=10.114.112.170 op=update ec=255) — includes SSH + guest disk command; if still high, check guest disk throughput vs. MiB settings.
2026-05-20 03:27:59,774 DEBUG [344/1171] VM a3614755… (ahv_ins_delete-0-260519-045005) via 10.114.112.146 op=update
2026-05-20 03:27:59,774 DEBUG   remote: bash -lc 'set -e; _bs(){ printf '"'"'BULK_SNAP_T %s %s\n'"'"' "$1" "$(date +%s.%N 2>/dev/null || date +%s)"; }; _bs guest_start; _bs pipeline_start; openssl enc -aes-256-ctr -pass pass:"testing" -nosalt < /dev/zero 2>/dev/null | dd of=/root/dummy_snapshot_data_1.img bs=1M count=500 iflag=fullblock conv=notrunc status=progress; ec=$?; _bs pipeline_done; _bs guest_end; exit $ec'
2026-05-20 03:28:00,027 DEBUG   ssh: connect to host 10.114.112.151 port 22: Connection timed out
2026-05-20 03:28:00,027 DEBUG   ssh: connect to host 10.114.120.31 port 22: Connection timed out
2026-05-20 03:28:00,027 ERROR Guest disk op failed ec=255 vm=ahv_ins_delete-0-260519-044431 ip=10.114.112.151 — ssh: connect to host 10.114.112.151 port 22: Connection timed out
2026-05-20 03:28:00,027 ERROR Guest disk op failed ec=255 vm=ahv_ins_delete-0-260519-044258 ip=10.114.120.31 — ssh: connect to host 10.114.120.31 port 22: Connection timed out
2026-05-20 03:28:00,028 WARNING Guest disk op wall 30.3s (vm='ahv_ins_delete-0-260519-044431' ip=10.114.112.151 op=update ec=255) — includes SSH + guest disk command; if still high, check guest disk throughput vs. MiB settings.
2026-05-20 03:28:00,028 WARNING Guest disk op wall 30.3s (vm='ahv_ins_delete-0-260519-044258' ip=10.114.120.31 op=update ec=255) — includes SSH + guest disk command; if still high, check guest disk throughput vs. MiB settings.
2026-05-20 03:28:00,029 DEBUG [345/1171] VM b834f139… (ahv_ins_delete-0-260519-045135) via 10.114.112.157 op=update
2026-05-20 03:28:00,029 DEBUG [346/1171] VM 4817cdf0… (ahv_ins_delete-0-260519-045345) via 10.114.112.156 op=update
2026-05-20 03:28:00,029 DEBUG   remote: bash -lc 'set -e; _bs(){ printf '"'"'BULK_SNAP_T %s %s\n'"'"' "$1" "$(date +%s.%N 2>/dev/null || date +%s)"; }; _bs guest_start; _bs pipeline_start; openssl enc -aes-256-ctr -pass pass:"testing" -nosalt < /dev/zero 2>/dev/null | dd of=/root/dummy_snapshot_data_1.img bs=1M count=500 iflag=fullblock conv=notrunc status=progress; ec=$?; _bs pipeline_done; _bs guest_end; exit $ec'
2026-05-20 03:28:00,030 DEBUG   remote: bash -lc 'set -e; _bs(){ printf '"'"'BULK_SNAP_T %s %s\n'"'"' "$1" "$(date +%s.%N 2>/dev/null || date +%s)"; }; _bs guest_start; _bs pipeline_start; openssl enc -aes-256-ctr -pass pass:"testing" -nosalt < /dev/zero 2>/dev/null | dd of=/root/dummy_snapshot_data_1.img bs=1M count=500 iflag=fullblock conv=notrunc status=progress; ec=$?; _bs pipeline_done; _bs guest_end; exit $ec'
2026-05-20 03:28:00,530 DEBUG   ssh: connect to host 10.114.112.150 port 22: Connection timed out
2026-05-20 03:28:00,530 ERROR Guest disk op failed ec=255 vm=ahv_ins_delete-0-260519-044445 ip=10.114.112.150 — ssh: connect to host 10.114.112.150 port 22: Connection timed out
2026-05-20 03:28:00,531 WARNING Guest disk op wall 30.3s (vm='ahv_ins_delete-0-260519-044445' ip=10.114.112.150 op=update ec=255) — includes SSH + guest disk command; if still high, check guest disk throughput vs. MiB settings.
2026-05-20 03:28:00,531 DEBUG [347/1171] VM ac04de28… (ahv_ins_delete-0-260519-045420) via 10.114.120.1 op=update
2026-05-20 03:28:00,531 DEBUG   remote: bash -lc 'set -e; _bs(){ printf '"'"'BULK_SNAP_T %s %s\n'"'"' "$1" "$(date +%s.%N 2>/dev/null || date +%s)"; }; _bs guest_start; _bs pipeline_start; openssl enc -aes-256-ctr -pass pass:"testing" -nosalt < /dev/zero 2>/dev/null | dd of=/root/dummy_snapshot_data_1.img bs=1M count=500 iflag=fullblock conv=notrunc status=progress; ec=$?; _bs pipeline_done; _bs guest_end; exit $ec'
2026-05-20 03:28:01,034 DEBUG   ssh: connect to host 10.114.120.24 port 22: Connection timed out
2026-05-20 03:28:01,034 ERROR Guest disk op failed ec=255 vm=ahv_ins_delete-0-260519-044537 ip=10.114.120.24 — ssh: connect to host 10.114.120.24 port 22: Connection timed out
2026-05-20 03:28:01,035 WARNING Guest disk op wall 30.0s (vm='ahv_ins_delete-0-260519-044537' ip=10.114.120.24 op=update ec=255) — includes SSH + guest disk command; if still high, check guest disk throughput vs. MiB settings.
2026-05-20 03:28:01,035 DEBUG [348/1171] VM e7a874fd… (ahv_ins_delete-0-260519-045428) via 10.114.120.3 op=update
2026-05-20 03:28:01,036 DEBUG   remote: bash -lc 'set -e; _bs(){ printf '"'"'BULK_SNAP_T %s %s\n'"'"' "$1" "$(date +%s.%N 2>/dev/null || date +%s)"; }; _bs guest_start; _bs pipeline_start; openssl enc -aes-256-ctr -pass pass:"testing" -nosalt < /dev/zero 2>/dev/null | dd of=/root/dummy_snapshot_data_1.img bs=1M count=500 iflag=fullblock conv=notrunc status=progress; ec=$?; _bs pipeline_done; _bs guest_end; exit $ec'
2026-05-20 03:28:01,038 DEBUG   ssh: connect to host 10.114.112.144 port 22: Connection timed out
2026-05-20 03:28:01,039 ERROR Guest disk op failed ec=255 vm=ahv_ins_delete-0-260519-044715 ip=10.114.112.144 — ssh: connect to host 10.114.112.144 port 22: Connection timed out
2026-05-20 03:28:01,039 WARNING Guest disk op wall 30.0s (vm='ahv_ins_delete-0-260519-044715' ip=10.114.112.144 op=update ec=255) — includes SSH + guest disk command; if still high, check guest disk throughput vs. MiB settings.
2026-05-20 03:28:01,039 DEBUG [349/1171] VM 13fd4926… (ahv_ins_delete-0-260519-045503) via 10.114.120.2 op=update
2026-05-20 03:28:01,040 DEBUG   remote: bash -lc 'set -e; _bs(){ printf '"'"'BULK_SNAP_T %s %s\n'"'"' "$1" "$(date +%s.%N 2>/dev/null || date +%s)"; }; _bs guest_start; _bs pipeline_start; openssl enc -aes-256-ctr -pass pass:"testing" -nosalt < /dev/zero 2>/dev/null | dd of=/root/dummy_snapshot_data_1.img bs=1M count=500 iflag=fullblock conv=notrunc status=progress; ec=$?; _bs pipeline_done; _bs guest_end; exit $ec'
2026-05-20 03:28:01,043 DEBUG   ssh: connect to host 10.114.120.30 port 22: Connection timed out
2026-05-20 03:28:01,043 ERROR Guest disk op failed ec=255 vm=ahv_ins_delete-0-260519-044505 ip=10.114.120.30 — ssh: connect to host 10.114.120.30 port 22: Connection timed out
2026-05-20 03:28:01,043 WARNING Guest disk op wall 30.3s (vm='ahv_ins_delete-0-260519-044505' ip=10.114.120.30 op=update ec=255) — includes SSH + guest disk command; if still high, check guest disk throughput vs. MiB settings.
2026-05-20 03:28:01,044 DEBUG [350/1171] VM e64e01e5… (ahv_ins_delete-0-260519-045630) via 10.114.112.153 op=update
2026-05-20 03:28:01,044 DEBUG   remote: bash -lc 'set -e; _bs(){ printf '"'"'BULK_SNAP_T %s %s\n'"'"' "$1" "$(date +%s.%N 2>/dev/null || date +%s)"; }; _bs guest_start; _bs pipeline_start; openssl enc -aes-256-ctr -pass pass:"testing" -nosalt < /dev/zero 2>/dev/null | dd of=/root/dummy_snapshot_data_1.img bs=1M count=500 iflag=fullblock conv=notrunc status=progress; ec=$?; _bs pipeline_done; _bs guest_end; exit $ec'
2026-05-20 03:28:29,542 DEBUG   ssh: connect to host 10.114.112.147 port 22: Connection timed out
2026-05-20 03:28:29,542 ERROR Guest disk op failed ec=255 vm=ahv_ins_delete-0-260519-044905 ip=10.114.112.147 — ssh: connect to host 10.114.112.147 port 22: Connection timed out
2026-05-20 03:28:29,542 WARNING Guest disk op wall 30.3s (vm='ahv_ins_delete-0-260519-044905' ip=10.114.112.147 op=update ec=255) — includes SSH + guest disk command; if still high, check guest disk throughput vs. MiB settings.
2026-05-20 03:28:29,543 DEBUG [351/1171] VM 4a4117d6… (ahv_ins_delete-0-260519-045852) via 10.114.112.152 op=update
2026-05-20 03:28:29,543 DEBUG   remote: bash -lc 'set -e; _bs(){ printf '"'"'BULK_SNAP_T %s %s\n'"'"' "$1" "$(date +%s.%N 2>/dev/null || date +%s)"; }; _bs guest_start; _bs pipeline_start; openssl enc -aes-256-ctr -pass pass:"testing" -nosalt < /dev/zero 2>/dev/null | dd of=/root/dummy_snapshot_data_1.img bs=1M count=500 iflag=fullblock conv=notrunc status=progress; ec=$?; _bs pipeline_done; _bs guest_end; exit $ec'
2026-05-20 03:28:29,546 DEBUG   ssh: connect to host 10.114.120.4 port 22: Connection timed out
2026-05-20 03:28:29,546 ERROR Guest disk op failed ec=255 vm=ahv_ins_delete-0-260519-044943 ip=10.114.120.4 — ssh: connect to host 10.114.120.4 port 22: Connection timed out
2026-05-20 03:28:29,546 WARNING Guest disk op wall 30.0s (vm='ahv_ins_delete-0-260519-044943' ip=10.114.120.4 op=update ec=255) — includes SSH + guest disk command; if still high, check guest disk throughput vs. MiB settings.
2026-05-20 03:28:29,547 DEBUG [352/1171] VM 086000ec… (ahv_ins_delete-0-260519-045929) via 10.114.120.12 op=update
2026-05-20 03:28:29,547 DEBUG   remote: bash -lc 'set -e; _bs(){ printf '"'"'BULK_SNAP_T %s %s\n'"'"' "$1" "$(date +%s.%N 2>/dev/null || date +%s)"; }; _bs guest_start; _bs pipeline_start; openssl enc -aes-256-ctr -pass pass:"testing" -nosalt < /dev/zero 2>/dev/null | dd of=/root/dummy_snapshot_data_1.img bs=1M count=500 iflag=fullblock conv=notrunc status=progress; ec=$?; _bs pipeline_done; _bs guest_end; exit $ec'
2026-05-20 03:28:29,793 DEBUG   ssh: connect to host 10.114.120.5 port 22: Connection timed out
2026-05-20 03:28:29,793 ERROR Guest disk op failed ec=255 vm=ahv_ins_delete-0-260519-044934 ip=10.114.120.5 — ssh: connect to host 10.114.120.5 port 22: Connection timed out
2026-05-20 03:28:29,793 WARNING Guest disk op wall 30.3s (vm='ahv_ins_delete-0-260519-044934' ip=10.114.120.5 op=update ec=255) — includes SSH + guest disk command; if still high, check guest disk throughput vs. MiB settings.
2026-05-20 03:28:29,794 DEBUG [353/1171] VM 4e1e7fd0… (ahv_ins_delete-0-260519-045946) via 10.114.112.154 op=update
2026-05-20 03:28:29,794 DEBUG   remote: bash -lc 'set -e; _bs(){ printf '"'"'BULK_SNAP_T %s %s\n'"'"' "$1" "$(date +%s.%N 2>/dev/null || date +%s)"; }; _bs guest_start; _bs pipeline_start; openssl enc -aes-256-ctr -pass pass:"testing" -nosalt < /dev/zero 2>/dev/null | dd of=/root/dummy_snapshot_data_1.img bs=1M count=500 iflag=fullblock conv=notrunc status=progress; ec=$?; _bs pipeline_done; _bs guest_end; exit $ec'
2026-05-20 03:28:29,798 DEBUG   ssh: connect to host 10.114.112.152 port 22: Connection reset by peer
2026-05-20 03:28:29,798 ERROR Guest disk op failed ec=255 vm=ahv_ins_delete-0-260519-045852 ip=10.114.112.152 — ssh: connect to host 10.114.112.152 port 22: Connection reset by peer
2026-05-20 03:28:29,799 DEBUG [354/1171] VM 8b119e51… (ahv_ins_delete-0-260519-050009) via 10.114.112.133 op=update
2026-05-20 03:28:29,799 DEBUG   remote: bash -lc 'set -e; _bs(){ printf '"'"'BULK_SNAP_T %s %s\n'"'"' "$1" "$(date +%s.%N 2>/dev/null || date +%s)"; }; _bs guest_start; _bs pipeline_start; openssl enc -aes-256-ctr -pass pass:"testing" -nosalt < /dev/zero 2>/dev/null | dd of=/root/dummy_snapshot_data_1.img bs=1M count=500 iflag=fullblock conv=notrunc status=progress; ec=$?; _bs pipeline_done; _bs guest_end; exit $ec'
2026-05-20 03:28:29,802 DEBUG   ssh: connect to host 10.114.120.12 port 22: Connection reset by peer
2026-05-20 03:28:29,802 ERROR Guest disk op failed ec=255 vm=ahv_ins_delete-0-260519-045929 ip=10.114.120.12 — ssh: connect to host 10.114.120.12 port 22: Connection reset by peer
2026-05-20 03:28:29,803 DEBUG [355/1171] VM 26bfa8dc… (ahv_ins_delete-0-260519-050152) via 10.114.120.15 op=update
2026-05-20 03:28:29,803 DEBUG   remote: bash -lc 'set -e; _bs(){ printf '"'"'BULK_SNAP_T %s %s\n'"'"' "$1" "$(date +%s.%N 2>/dev/null || date +%s)"; }; _bs guest_start; _bs pipeline_start; openssl enc -aes-256-ctr -pass pass:"testing" -nosalt < /dev/zero 2>/dev/null | dd of=/root/dummy_snapshot_data_1.img bs=1M count=500 iflag=fullblock conv=notrunc status=progress; ec=$?; _bs pipeline_done; _bs guest_end; exit $ec'
2026-05-20 03:28:30,043 DEBUG   ssh: connect to host 10.114.112.146 port 22: Connection timed out
2026-05-20 03:28:30,043 ERROR Guest disk op failed ec=255 vm=ahv_ins_delete-0-260519-045005 ip=10.114.112.146 — ssh: connect to host 10.114.112.146 port 22: Connection timed out
2026-05-20 03:28:30,043 WARNING Guest disk op wall 30.3s (vm='ahv_ins_delete-0-260519-045005' ip=10.114.112.146 op=update ec=255) — includes SSH + guest disk command; if still high, check guest disk throughput vs. MiB settings.
2026-05-20 03:28:30,044 DEBUG [356/1171] VM 9b2b0a8d… (ahv_ins_delete-0-260519-050442) via 10.114.120.14 op=update
2026-05-20 03:28:30,044 DEBUG   remote: bash -lc 'set -e; _bs(){ printf '"'"'BULK_SNAP_T %s %s\n'"'"' "$1" "$(date +%s.%N 2>/dev/null || date +%s)"; }; _bs guest_start; _bs pipeline_start; openssl enc -aes-256-ctr -pass pass:"testing" -nosalt < /dev/zero 2>/dev/null | dd of=/root/dummy_snapshot_data_1.img bs=1M count=500 iflag=fullblock conv=notrunc status=progress; ec=$?; _bs pipeline_done; _bs guest_end; exit $ec'
2026-05-20 03:28:30,054 DEBUG   ssh: connect to host 10.114.112.133 port 22: Connection reset by peer
2026-05-20 03:28:30,054 ERROR Guest disk op failed ec=255 vm=ahv_ins_delete-0-260519-050009 ip=10.114.112.133 — ssh: connect to host 10.114.112.133 port 22: Connection reset by peer
2026-05-20 03:28:30,055 DEBUG [357/1171] VM aa7ff2d3… (ahv_ins_delete-0-260519-050457) via 10.114.120.8 op=update
2026-05-20 03:28:30,055 DEBUG   remote: bash -lc 'set -e; _bs(){ printf '"'"'BULK_SNAP_T %s %s\n'"'"' "$1" "$(date +%s.%N 2>/dev/null || date +%s)"; }; _bs guest_start; _bs pipeline_start; openssl enc -aes-256-ctr -pass pass:"testing" -nosalt < /dev/zero 2>/dev/null | dd of=/root/dummy_snapshot_data_1.img bs=1M count=500 iflag=fullblock conv=notrunc status=progress; ec=$?; _bs pipeline_done; _bs guest_end; exit $ec'
2026-05-20 03:28:30,058 DEBUG   ssh: connect to host 10.114.120.15 port 22: Connection reset by peer
2026-05-20 03:28:30,059 ERROR Guest disk op failed ec=255 vm=ahv_ins_delete-0-260519-050152 ip=10.114.120.15 — ssh: connect to host 10.114.120.15 port 22: Connection reset by peer
2026-05-20 03:28:30,059 DEBUG [358/1171] VM ac6b1925… (ahv_ins_delete-0-260519-050510) via 10.114.112.134 op=update
2026-05-20 03:28:30,059 DEBUG   remote: bash -lc 'set -e; _bs(){ printf '"'"'BULK_SNAP_T %s %s\n'"'"' "$1" "$(date +%s.%N 2>/dev/null || date +%s)"; }; _bs guest_start; _bs pipeline_start; openssl enc -aes-256-ctr -pass pass:"testing" -nosalt < /dev/zero 2>/dev/null | dd of=/root/dummy_snapshot_data_1.img bs=1M count=500 iflag=fullblock conv=notrunc status=progress; ec=$?; _bs pipeline_done; _bs guest_end; exit $ec'
2026-05-20 03:28:30,308 DEBUG   ssh: connect to host 10.114.112.156 port 22: Connection timed out
2026-05-20 03:28:30,308 DEBUG   ssh: connect to host 10.114.112.157 port 22: Connection timed out
2026-05-20 03:28:30,308 ERROR Guest disk op failed ec=255 vm=ahv_ins_delete-0-260519-045345 ip=10.114.112.156 — ssh: connect to host 10.114.112.156 port 22: Connection timed out
2026-05-20 03:28:30,308 ERROR Guest disk op failed ec=255 vm=ahv_ins_delete-0-260519-045135 ip=10.114.112.157 — ssh: connect to host 10.114.112.157 port 22: Connection timed out
2026-05-20 03:28:30,308 WARNING Guest disk op wall 30.3s (vm='ahv_ins_delete-0-260519-045345' ip=10.114.112.156 op=update ec=255) — includes SSH + guest disk command; if still high, check guest disk throughput vs. MiB settings.
2026-05-20 03:28:30,308 WARNING Guest disk op wall 30.3s (vm='ahv_ins_delete-0-260519-045135' ip=10.114.112.157 op=update ec=255) — includes SSH + guest disk command; if still high, check guest disk throughput vs. MiB settings.
2026-05-20 03:28:30,309 DEBUG [359/1171] VM fdf7e477… (ahv_ins_delete-0-260519-050522) via 10.114.120.11 op=update
2026-05-20 03:28:30,310 DEBUG [360/1171] VM 28368e2e… (ahv_ins_delete-0-260519-050629) via 10.114.120.10 op=update
2026-05-20 03:28:30,310 DEBUG   remote: bash -lc 'set -e; _bs(){ printf '"'"'BULK_SNAP_T %s %s\n'"'"' "$1" "$(date +%s.%N 2>/dev/null || date +%s)"; }; _bs guest_start; _bs pipeline_start; openssl enc -aes-256-ctr -pass pass:"testing" -nosalt < /dev/zero 2>/dev/null | dd of=/root/dummy_snapshot_data_1.img bs=1M count=500 iflag=fullblock conv=notrunc status=progress; ec=$?; _bs pipeline_done; _bs guest_end; exit $ec'
2026-05-20 03:28:30,310 DEBUG   remote: bash -lc 'set -e; _bs(){ printf '"'"'BULK_SNAP_T %s %s\n'"'"' "$1" "$(date +%s.%N 2>/dev/null || date +%s)"; }; _bs guest_start; _bs pipeline_start; openssl enc -aes-256-ctr -pass pass:"testing" -nosalt < /dev/zero 2>/dev/null | dd of=/root/dummy_snapshot_data_1.img bs=1M count=500 iflag=fullblock conv=notrunc status=progress; ec=$?; _bs pipeline_done; _bs guest_end; exit $ec'
2026-05-20 03:28:30,311 DEBUG   ssh: connect to host 10.114.120.8 port 22: Connection reset by peer
2026-05-20 03:28:30,313 ERROR Guest disk op failed ec=255 vm=ahv_ins_delete-0-260519-050457 ip=10.114.120.8 — ssh: connect to host 10.114.120.8 port 22: Connection reset by peer
2026-05-20 03:28:30,314 DEBUG [361/1171] VM 48af9077… (ahv_ins_delete-0-260519-050924) via 10.114.119.245 op=update
2026-05-20 03:28:30,316 DEBUG   remote: bash -lc 'set -e; _bs(){ printf '"'"'BULK_SNAP_T %s %s\n'"'"' "$1" "$(date +%s.%N 2>/dev/null || date +%s)"; }; _bs guest_start; _bs pipeline_start; openssl enc -aes-256-ctr -pass pass:"testing" -nosalt < /dev/zero 2>/dev/null | dd of=/root/dummy_snapshot_data_1.img bs=1M count=500 iflag=fullblock conv=notrunc status=progress; ec=$?; _bs pipeline_done; _bs guest_end; exit $ec'
2026-05-20 03:28:30,808 DEBUG   ssh: connect to host 10.114.120.1 port 22: Connection timed out
2026-05-20 03:28:30,808 ERROR Guest disk op failed ec=255 vm=ahv_ins_delete-0-260519-045420 ip=10.114.120.1 — ssh: connect to host 10.114.120.1 port 22: Connection timed out
2026-05-20 03:28:30,808 WARNING Guest disk op wall 30.3s (vm='ahv_ins_delete-0-260519-045420' ip=10.114.120.1 op=update ec=255) — includes SSH + guest disk command; if still high, check guest disk throughput vs. MiB settings.
2026-05-20 03:28:30,809 DEBUG [362/1171] VM 9034ae85… (ahv_ins_delete-0-260519-050942) via 10.114.119.244 op=update
2026-05-20 03:28:30,809 DEBUG   remote: bash -lc 'set -e; _bs(){ printf '"'"'BULK_SNAP_T %s %s\n'"'"' "$1" "$(date +%s.%N 2>/dev/null || date +%s)"; }; _bs guest_start; _bs pipeline_start; openssl enc -aes-256-ctr -pass pass:"testing" -nosalt < /dev/zero 2>/dev/null | dd of=/root/dummy_snapshot_data_1.img bs=1M count=500 iflag=fullblock conv=notrunc status=progress; ec=$?; _bs pipeline_done; _bs guest_end; exit $ec'
2026-05-20 03:28:31,308 DEBUG   ssh: connect to host 10.114.120.3 port 22: Connection timed out
2026-05-20 03:28:31,308 ERROR Guest disk op failed ec=255 vm=ahv_ins_delete-0-260519-045428 ip=10.114.120.3 — ssh: connect to host 10.114.120.3 port 22: Connection timed out
2026-05-20 03:28:31,308 WARNING Guest disk op wall 30.3s (vm='ahv_ins_delete-0-260519-045428' ip=10.114.120.3 op=update ec=255) — includes SSH + guest disk command; if still high, check guest disk throughput vs. MiB settings.
2026-05-20 03:28:31,309 DEBUG [363/1171] VM fecba42b… (ahv_ins_delete-0-260519-050948) via 10.114.119.247 op=update
2026-05-20 03:28:31,309 DEBUG   remote: bash -lc 'set -e; _bs(){ printf '"'"'BULK_SNAP_T %s %s\n'"'"' "$1" "$(date +%s.%N 2>/dev/null || date +%s)"; }; _bs guest_start; _bs pipeline_start; openssl enc -aes-256-ctr -pass pass:"testing" -nosalt < /dev/zero 2>/dev/null | dd of=/root/dummy_snapshot_data_1.img bs=1M count=500 iflag=fullblock conv=notrunc status=progress; ec=$?; _bs pipeline_done; _bs guest_end; exit $ec'
2026-05-20 03:28:31,317 DEBUG   ssh: connect to host 10.114.120.2 port 22: Connection timed out
2026-05-20 03:28:31,317 DEBUG   ssh: connect to host 10.114.112.153 port 22: Connection timed out
2026-05-20 03:28:31,317 ERROR Guest disk op failed ec=255 vm=ahv_ins_delete-0-260519-045503 ip=10.114.120.2 — ssh: connect to host 10.114.120.2 port 22: Connection timed out
2026-05-20 03:28:31,317 ERROR Guest disk op failed ec=255 vm=ahv_ins_delete-0-260519-045630 ip=10.114.112.153 — ssh: connect to host 10.114.112.153 port 22: Connection timed out
2026-05-20 03:28:31,317 WARNING Guest disk op wall 30.3s (vm='ahv_ins_delete-0-260519-045503' ip=10.114.120.2 op=update ec=255) — includes SSH + guest disk command; if still high, check guest disk throughput vs. MiB settings.
2026-05-20 03:28:31,318 WARNING Guest disk op wall 30.3s (vm='ahv_ins_delete-0-260519-045630' ip=10.114.112.153 op=update ec=255) — includes SSH + guest disk command; if still high, check guest disk throughput vs. MiB settings.
2026-05-20 03:28:31,318 DEBUG [364/1171] VM 3bfbfd75… (ahv_ins_delete-0-260519-051018) via 10.114.112.143 op=update
2026-05-20 03:28:31,319 DEBUG [365/1171] VM e3f476d4… (ahv_ins_delete-0-260519-051055) via 10.114.112.142 op=update
2026-05-20 03:28:31,319 DEBUG   remote: bash -lc 'set -e; _bs(){ printf '"'"'BULK_SNAP_T %s %s\n'"'"' "$1" "$(date +%s.%N 2>/dev/null || date +%s)"; }; _bs guest_start; _bs pipeline_start; openssl enc -aes-256-ctr -pass pass:"testing" -nosalt < /dev/zero 2>/dev/null | dd of=/root/dummy_snapshot_data_1.img bs=1M count=500 iflag=fullblock conv=notrunc status=progress; ec=$?; _bs pipeline_done; _bs guest_end; exit $ec'
2026-05-20 03:28:31,319 DEBUG   remote: bash -lc 'set -e; _bs(){ printf '"'"'BULK_SNAP_T %s %s\n'"'"' "$1" "$(date +%s.%N 2>/dev/null || date +%s)"; }; _bs guest_start; _bs pipeline_start; openssl enc -aes-256-ctr -pass pass:"testing" -nosalt < /dev/zero 2>/dev/null | dd of=/root/dummy_snapshot_data_1.img bs=1M count=500 iflag=fullblock conv=notrunc status=progress; ec=$?; _bs pipeline_done; _bs guest_end; exit $ec'
2026-05-20 03:29:00,070 DEBUG   ssh: connect to host 10.114.112.154 port 22: Connection timed out
2026-05-20 03:29:00,070 ERROR Guest disk op failed ec=255 vm=ahv_ins_delete-0-260519-045946 ip=10.114.112.154 — ssh: connect to host 10.114.112.154 port 22: Connection timed out
2026-05-20 03:29:00,071 WARNING Guest disk op wall 30.3s (vm='ahv_ins_delete-0-260519-045946' ip=10.114.112.154 op=update ec=255) — includes SSH + guest disk command; if still high, check guest disk throughput vs. MiB settings.
2026-05-20 03:29:00,071 DEBUG [366/1171] VM ab7d273b… (ahv_ins_delete-0-260519-051401) via 10.114.112.137 op=update
2026-05-20 03:29:00,071 DEBUG   remote: bash -lc 'set -e; _bs(){ printf '"'"'BULK_SNAP_T %s %s\n'"'"' "$1" "$(date +%s.%N 2>/dev/null || date +%s)"; }; _bs guest_start; _bs pipeline_start; openssl enc -aes-256-ctr -pass pass:"testing" -nosalt < /dev/zero 2>/dev/null | dd of=/root/dummy_snapshot_data_1.img bs=1M count=500 iflag=fullblock conv=notrunc status=progress; ec=$?; _bs pipeline_done; _bs guest_end; exit $ec'
2026-05-20 03:29:00,320 DEBUG   ssh: connect to host 10.114.120.14 port 22: Connection timed out
2026-05-20 03:29:00,321 ERROR Guest disk op failed ec=255 vm=ahv_ins_delete-0-260519-050442 ip=10.114.120.14 — ssh: connect to host 10.114.120.14 port 22: Connection timed out
2026-05-20 03:29:00,321 WARNING Guest disk op wall 30.3s (vm='ahv_ins_delete-0-260519-050442' ip=10.114.120.14 op=update ec=255) — includes SSH + guest disk command; if still high, check guest disk throughput vs. MiB settings.
2026-05-20 03:29:00,322 DEBUG [367/1171] VM 42d1c986… (ahv_ins_delete-0-260519-051425) via 10.114.119.240 op=update
2026-05-20 03:29:00,322 DEBUG   remote: bash -lc 'set -e; _bs(){ printf '"'"'BULK_SNAP_T %s %s\n'"'"' "$1" "$(date +%s.%N 2>/dev/null || date +%s)"; }; _bs guest_start; _bs pipeline_start; openssl enc -aes-256-ctr -pass pass:"testing" -nosalt < /dev/zero 2>/dev/null | dd of=/root/dummy_snapshot_data_1.img bs=1M count=500 iflag=fullblock conv=notrunc status=progress; ec=$?; _bs pipeline_done; _bs guest_end; exit $ec'
2026-05-20 03:29:00,326 DEBUG   ssh: connect to host 10.114.112.134 port 22: Connection timed out
2026-05-20 03:29:00,326 ERROR Guest disk op failed ec=255 vm=ahv_ins_delete-0-260519-050510 ip=10.114.112.134 — ssh: connect to host 10.114.112.134 port 22: Connection timed out
2026-05-20 03:29:00,326 WARNING Guest disk op wall 30.3s (vm='ahv_ins_delete-0-260519-050510' ip=10.114.112.134 op=update ec=255) — includes SSH + guest disk command; if still high, check guest disk throughput vs. MiB settings.
2026-05-20 03:29:00,327 DEBUG [368/1171] VM 81aac8e0… (ahv_ins_delete-0-260519-051436) via 10.114.112.136 op=update
2026-05-20 03:29:00,327 DEBUG   remote: bash -lc 'set -e; _bs(){ printf '"'"'BULK_SNAP_T %s %s\n'"'"' "$1" "$(date +%s.%N 2>/dev/null || date +%s)"; }; _bs guest_start; _bs pipeline_start; openssl enc -aes-256-ctr -pass pass:"testing" -nosalt < /dev/zero 2>/dev/null | dd of=/root/dummy_snapshot_data_1.img bs=1M count=500 iflag=fullblock conv=notrunc status=progress; ec=$?; _bs pipeline_done; _bs guest_end; exit $ec'
2026-05-20 03:29:00,577 DEBUG   ssh: connect to host 10.114.120.11 port 22: Connection timed out
2026-05-20 03:29:00,578 ERROR Guest disk op failed ec=255 vm=ahv_ins_delete-0-260519-050522 ip=10.114.120.11 — ssh: connect to host 10.114.120.11 port 22: Connection timed out
2026-05-20 03:29:00,578 WARNING Guest disk op wall 30.3s (vm='ahv_ins_delete-0-260519-050522' ip=10.114.120.11 op=update ec=255) — includes SSH + guest disk command; if still high, check guest disk throughput vs. MiB settings.
2026-05-20 03:29:00,579 DEBUG [369/1171] VM 6dab3d75… (ahv_ins_delete-0-260519-051504) via 10.114.119.242 op=update
2026-05-20 03:29:00,579 DEBUG   ssh: connect to host 10.114.120.10 port 22: Connection timed out
2026-05-20 03:29:00,579 DEBUG   remote: bash -lc 'set -e; _bs(){ printf '"'"'BULK_SNAP_T %s %s\n'"'"' "$1" "$(date +%s.%N 2>/dev/null || date +%s)"; }; _bs guest_start; _bs pipeline_start; openssl enc -aes-256-ctr -pass pass:"testing" -nosalt < /dev/zero 2>/dev/null | dd of=/root/dummy_snapshot_data_1.img bs=1M count=500 iflag=fullblock conv=notrunc status=progress; ec=$?; _bs pipeline_done; _bs guest_end; exit $ec'
2026-05-20 03:29:00,579 ERROR Guest disk op failed ec=255 vm=ahv_ins_delete-0-260519-050629 ip=10.114.120.10 — ssh: connect to host 10.114.120.10 port 22: Connection timed out
2026-05-20 03:29:00,579 WARNING Guest disk op wall 30.3s (vm='ahv_ins_delete-0-260519-050629' ip=10.114.120.10 op=update ec=255) — includes SSH + guest disk command; if still high, check guest disk throughput vs. MiB settings.
2026-05-20 03:29:00,580 DEBUG [370/1171] VM 3ebd7647… (ahv_ins_delete-0-260519-051532) via 10.114.112.117 op=update
2026-05-20 03:29:00,580 DEBUG   remote: bash -lc 'set -e; _bs(){ printf '"'"'BULK_SNAP_T %s %s\n'"'"' "$1" "$(date +%s.%N 2>/dev/null || date +%s)"; }; _bs guest_start; _bs pipeline_start; openssl enc -aes-256-ctr -pass pass:"testing" -nosalt < /dev/zero 2>/dev/null | dd of=/root/dummy_snapshot_data_1.img bs=1M count=500 iflag=fullblock conv=notrunc status=progress; ec=$?; _bs pipeline_done; _bs guest_end; exit $ec'
2026-05-20 03:29:00,585 DEBUG   ssh: connect to host 10.114.119.245 port 22: Connection timed out
2026-05-20 03:29:00,585 ERROR Guest disk op failed ec=255 vm=ahv_ins_delete-0-260519-050924 ip=10.114.119.245 — ssh: connect to host 10.114.119.245 port 22: Connection timed out
2026-05-20 03:29:00,585 WARNING Guest disk op wall 30.3s (vm='ahv_ins_delete-0-260519-050924' ip=10.114.119.245 op=update ec=255) — includes SSH + guest disk command; if still high, check guest disk throughput vs. MiB settings.
2026-05-20 03:29:00,586 DEBUG [371/1171] VM 5b32856b… (ahv_ins_delete-0-260519-051850) via 10.114.112.116 op=update
2026-05-20 03:29:00,587 DEBUG   remote: bash -lc 'set -e; _bs(){ printf '"'"'BULK_SNAP_T %s %s\n'"'"' "$1" "$(date +%s.%N 2>/dev/null || date +%s)"; }; _bs guest_start; _bs pipeline_start; openssl enc -aes-256-ctr -pass pass:"testing" -nosalt < /dev/zero 2>/dev/null | dd of=/root/dummy_snapshot_data_1.img bs=1M count=500 iflag=fullblock conv=notrunc status=progress; ec=$?; _bs pipeline_done; _bs guest_end; exit $ec'
2026-05-20 03:29:01,075 DEBUG   ssh: connect to host 10.114.119.244 port 22: Connection timed out
2026-05-20 03:29:01,075 ERROR Guest disk op failed ec=255 vm=ahv_ins_delete-0-260519-050942 ip=10.114.119.244 — ssh: connect to host 10.114.119.244 port 22: Connection timed out
2026-05-20 03:29:01,075 WARNING Guest disk op wall 30.3s (vm='ahv_ins_delete-0-260519-050942' ip=10.114.119.244 op=update ec=255) — includes SSH + guest disk command; if still high, check guest disk throughput vs. MiB settings.
2026-05-20 03:29:01,076 DEBUG [372/1171] VM 9cf396bd… (ahv_ins_delete-0-260519-051925) via 10.114.112.118 op=update
2026-05-20 03:29:01,076 DEBUG   remote: bash -lc 'set -e; _bs(){ printf '"'"'BULK_SNAP_T %s %s\n'"'"' "$1" "$(date +%s.%N 2>/dev/null || date +%s)"; }; _bs guest_start; _bs pipeline_start; openssl enc -aes-256-ctr -pass pass:"testing" -nosalt < /dev/zero 2>/dev/null | dd of=/root/dummy_snapshot_data_1.img bs=1M count=500 iflag=fullblock conv=notrunc status=progress; ec=$?; _bs pipeline_done; _bs guest_end; exit $ec'
2026-05-20 03:29:01,335 DEBUG   ssh: connect to host 10.114.112.143 port 22: Connection timed out
2026-05-20 03:29:01,336 ERROR Guest disk op failed ec=255 vm=ahv_ins_delete-0-260519-051018 ip=10.114.112.143 — ssh: connect to host 10.114.112.143 port 22: Connection timed out
2026-05-20 03:29:01,336 WARNING Guest disk op wall 30.0s (vm='ahv_ins_delete-0-260519-051018' ip=10.114.112.143 op=update ec=255) — includes SSH + guest disk command; if still high, check guest disk throughput vs. MiB settings.
2026-05-20 03:29:01,337 DEBUG [373/1171] VM 4cc55438… (ahv_ins_delete-0-260519-051930) via 10.114.114.48 op=update
2026-05-20 03:29:01,337 DEBUG   remote: bash -lc 'set -e; _bs(){ printf '"'"'BULK_SNAP_T %s %s\n'"'"' "$1" "$(date +%s.%N 2>/dev/null || date +%s)"; }; _bs guest_start; _bs pipeline_start; openssl enc -aes-256-ctr -pass pass:"testing" -nosalt < /dev/zero 2>/dev/null | dd of=/root/dummy_snapshot_data_1.img bs=1M count=500 iflag=fullblock conv=notrunc status=progress; ec=$?; _bs pipeline_done; _bs guest_end; exit $ec'
2026-05-20 03:29:01,575 DEBUG   ssh: connect to host 10.114.119.247 port 22: Connection timed out
2026-05-20 03:29:01,575 ERROR Guest disk op failed ec=255 vm=ahv_ins_delete-0-260519-050948 ip=10.114.119.247 — ssh: connect to host 10.114.119.247 port 22: Connection timed out
2026-05-20 03:29:01,575 WARNING Guest disk op wall 30.3s (vm='ahv_ins_delete-0-260519-050948' ip=10.114.119.247 op=update ec=255) — includes SSH + guest disk command; if still high, check guest disk throughput vs. MiB settings.
2026-05-20 03:29:01,576 DEBUG [374/1171] VM 7207167e… (ahv_ins_delete-0-260519-052018) via 10.114.119.252 op=update
2026-05-20 03:29:01,576 DEBUG   remote: bash -lc 'set -e; _bs(){ printf '"'"'BULK_SNAP_T %s %s\n'"'"' "$1" "$(date +%s.%N 2>/dev/null || date +%s)"; }; _bs guest_start; _bs pipeline_start; openssl enc -aes-256-ctr -pass pass:"testing" -nosalt < /dev/zero 2>/dev/null | dd of=/root/dummy_snapshot_data_1.img bs=1M count=500 iflag=fullblock conv=notrunc status=progress; ec=$?; _bs pipeline_done; _bs guest_end; exit $ec'
2026-05-20 03:29:01,585 DEBUG   ssh: connect to host 10.114.112.142 port 22: Connection timed out
2026-05-20 03:29:01,585 ERROR Guest disk op failed ec=255 vm=ahv_ins_delete-0-260519-051055 ip=10.114.112.142 — ssh: connect to host 10.114.112.142 port 22: Connection timed out
2026-05-20 03:29:01,585 WARNING Guest disk op wall 30.3s (vm='ahv_ins_delete-0-260519-051055' ip=10.114.112.142 op=update ec=255) — includes SSH + guest disk command; if still high, check guest disk throughput vs. MiB settings.
2026-05-20 03:29:01,586 DEBUG [375/1171] VM e110002c… (ahv_ins_delete-0-260519-052059) via 10.114.119.255 op=update
2026-05-20 03:29:01,586 DEBUG   remote: bash -lc 'set -e; _bs(){ printf '"'"'BULK_SNAP_T %s %s\n'"'"' "$1" "$(date +%s.%N 2>/dev/null || date +%s)"; }; _bs guest_start; _bs pipeline_start; openssl enc -aes-256-ctr -pass pass:"testing" -nosalt < /dev/zero 2>/dev/null | dd of=/root/dummy_snapshot_data_1.img bs=1M count=500 iflag=fullblock conv=notrunc status=progress; ec=$?; _bs pipeline_done; _bs guest_end; exit $ec'
2026-05-20 03:29:30,341 DEBUG   ssh: connect to host 10.114.112.137 port 22: Connection timed out
2026-05-20 03:29:30,341 ERROR Guest disk op failed ec=255 vm=ahv_ins_delete-0-260519-051401 ip=10.114.112.137 — ssh: connect to host 10.114.112.137 port 22: Connection timed out
2026-05-20 03:29:30,342 WARNING Guest disk op wall 30.3s (vm='ahv_ins_delete-0-260519-051401' ip=10.114.112.137 op=update ec=255) — includes SSH + guest disk command; if still high, check guest disk throughput vs. MiB settings.
2026-05-20 03:29:30,342 DEBUG [376/1171] VM 258fef8d… (ahv_ins_delete-0-260519-052409) via 10.114.112.114 op=update
2026-05-20 03:29:30,342 DEBUG   remote: bash -lc 'set -e; _bs(){ printf '"'"'BULK_SNAP_T %s %s\n'"'"' "$1" "$(date +%s.%N 2>/dev/null || date +%s)"; }; _bs guest_start; _bs pipeline_start; openssl enc -aes-256-ctr -pass pass:"testing" -nosalt < /dev/zero 2>/dev/null | dd of=/root/dummy_snapshot_data_1.img bs=1M count=500 iflag=fullblock conv=notrunc status=progress; ec=$?; _bs pipeline_done; _bs guest_end; exit $ec'
2026-05-20 03:29:30,593 DEBUG   ssh: connect to host 10.114.119.240 port 22: Connection timed out
2026-05-20 03:29:30,593 ERROR Guest disk op failed ec=255 vm=ahv_ins_delete-0-260519-051425 ip=10.114.119.240 — ssh: connect to host 10.114.119.240 port 22: Connection timed out
2026-05-20 03:29:30,594 WARNING Guest disk op wall 30.3s (vm='ahv_ins_delete-0-260519-051425' ip=10.114.119.240 op=update ec=255) — includes SSH + guest disk command; if still high, check guest disk throughput vs. MiB settings.
2026-05-20 03:29:30,594 DEBUG [377/1171] VM f8f3ddbb… (ahv_ins_delete-0-260519-052505) via 10.114.119.254 op=update
2026-05-20 03:29:30,594 DEBUG   remote: bash -lc 'set -e; _bs(){ printf '"'"'BULK_SNAP_T %s %s\n'"'"' "$1" "$(date +%s.%N 2>/dev/null || date +%s)"; }; _bs guest_start; _bs pipeline_start; openssl enc -aes-256-ctr -pass pass:"testing" -nosalt < /dev/zero 2>/dev/null | dd of=/root/dummy_snapshot_data_1.img bs=1M count=500 iflag=fullblock conv=notrunc status=progress; ec=$?; _bs pipeline_done; _bs guest_end; exit $ec'
2026-05-20 03:29:30,597 DEBUG   ssh: connect to host 10.114.112.136 port 22: Connection timed out
2026-05-20 03:29:30,597 ERROR Guest disk op failed ec=255 vm=ahv_ins_delete-0-260519-051436 ip=10.114.112.136 — ssh: connect to host 10.114.112.136 port 22: Connection timed out
2026-05-20 03:29:30,597 WARNING Guest disk op wall 30.3s (vm='ahv_ins_delete-0-260519-051436' ip=10.114.112.136 op=update ec=255) — includes SSH + guest disk command; if still high, check guest disk throughput vs. MiB settings.
2026-05-20 03:29:30,598 DEBUG [378/1171] VM 95a47977… (ahv_ins_delete-0-260519-052506) via 10.114.112.125 op=update
2026-05-20 03:29:30,599 DEBUG   remote: bash -lc 'set -e; _bs(){ printf '"'"'BULK_SNAP_T %s %s\n'"'"' "$1" "$(date +%s.%N 2>/dev/null || date +%s)"; }; _bs guest_start; _bs pipeline_start; openssl enc -aes-256-ctr -pass pass:"testing" -nosalt < /dev/zero 2>/dev/null | dd of=/root/dummy_snapshot_data_1.img bs=1M count=500 iflag=fullblock conv=notrunc status=progress; ec=$?; _bs pipeline_done; _bs guest_end; exit $ec'
2026-05-20 03:29:30,602 DEBUG   ssh: connect to host 10.114.119.242 port 22: Connection timed out
2026-05-20 03:29:30,602 DEBUG   ssh: connect to host 10.114.112.117 port 22: Connection timed out
2026-05-20 03:29:30,602 ERROR Guest disk op failed ec=255 vm=ahv_ins_delete-0-260519-051504 ip=10.114.119.242 — ssh: connect to host 10.114.119.242 port 22: Connection timed out
2026-05-20 03:29:30,602 ERROR Guest disk op failed ec=255 vm=ahv_ins_delete-0-260519-051532 ip=10.114.112.117 — ssh: connect to host 10.114.112.117 port 22: Connection timed out
2026-05-20 03:29:30,603 WARNING Guest disk op wall 30.0s (vm='ahv_ins_delete-0-260519-051504' ip=10.114.119.242 op=update ec=255) — includes SSH + guest disk command; if still high, check guest disk throughput vs. MiB settings.
2026-05-20 03:29:30,603 WARNING Guest disk op wall 30.0s (vm='ahv_ins_delete-0-260519-051532' ip=10.114.112.117 op=update ec=255) — includes SSH + guest disk command; if still high, check guest disk throughput vs. MiB settings.
2026-05-20 03:29:30,603 DEBUG [379/1171] VM 95bb8032… (ahv_ins_delete-0-260519-052513) via 10.114.119.249 op=update
2026-05-20 03:29:30,604 DEBUG [380/1171] VM 98be7192… (ahv_ins_delete-0-260519-052542) via 10.114.119.251 op=update
2026-05-20 03:29:30,604 DEBUG   remote: bash -lc 'set -e; _bs(){ printf '"'"'BULK_SNAP_T %s %s\n'"'"' "$1" "$(date +%s.%N 2>/dev/null || date +%s)"; }; _bs guest_start; _bs pipeline_start; openssl enc -aes-256-ctr -pass pass:"testing" -nosalt < /dev/zero 2>/dev/null | dd of=/root/dummy_snapshot_data_1.img bs=1M count=500 iflag=fullblock conv=notrunc status=progress; ec=$?; _bs pipeline_done; _bs guest_end; exit $ec'
2026-05-20 03:29:30,604 DEBUG   remote: bash -lc 'set -e; _bs(){ printf '"'"'BULK_SNAP_T %s %s\n'"'"' "$1" "$(date +%s.%N 2>/dev/null || date +%s)"; }; _bs guest_start; _bs pipeline_start; openssl enc -aes-256-ctr -pass pass:"testing" -nosalt < /dev/zero 2>/dev/null | dd of=/root/dummy_snapshot_data_1.img bs=1M count=500 iflag=fullblock conv=notrunc status=progress; ec=$?; _bs pipeline_done; _bs guest_end; exit $ec'
2026-05-20 03:29:30,852 DEBUG   ssh: connect to host 10.114.112.116 port 22: Connection timed out
2026-05-20 03:29:30,852 ERROR Guest disk op failed ec=255 vm=ahv_ins_delete-0-260519-051850 ip=10.114.112.116 — ssh: connect to host 10.114.112.116 port 22: Connection timed out
2026-05-20 03:29:30,852 WARNING Guest disk op wall 30.3s (vm='ahv_ins_delete-0-260519-051850' ip=10.114.112.116 op=update ec=255) — includes SSH + guest disk command; if still high, check guest disk throughput vs. MiB settings.
2026-05-20 03:29:30,853 DEBUG [381/1171] VM 7847bfb1… (ahv_ins_delete-0-260519-052830) via 10.114.119.250 op=update
2026-05-20 03:29:30,853 DEBUG   remote: bash -lc 'set -e; _bs(){ printf '"'"'BULK_SNAP_T %s %s\n'"'"' "$1" "$(date +%s.%N 2>/dev/null || date +%s)"; }; _bs guest_start; _bs pipeline_start; openssl enc -aes-256-ctr -pass pass:"testing" -nosalt < /dev/zero 2>/dev/null | dd of=/root/dummy_snapshot_data_1.img bs=1M count=500 iflag=fullblock conv=notrunc status=progress; ec=$?; _bs pipeline_done; _bs guest_end; exit $ec'
2026-05-20 03:29:31,095 DEBUG   ssh: connect to host 10.114.112.118 port 22: Connection timed out
2026-05-20 03:29:31,096 ERROR Guest disk op failed ec=255 vm=ahv_ins_delete-0-260519-051925 ip=10.114.112.118 — ssh: connect to host 10.114.112.118 port 22: Connection timed out
2026-05-20 03:29:31,096 WARNING Guest disk op wall 30.0s (vm='ahv_ins_delete-0-260519-051925' ip=10.114.112.118 op=update ec=255) — includes SSH + guest disk command; if still high, check guest disk throughput vs. MiB settings.
2026-05-20 03:29:31,097 DEBUG [382/1171] VM 8910c013… (ahv_ins_delete-0-260519-053032) via 10.114.112.121 op=update
2026-05-20 03:29:31,097 DEBUG   remote: bash -lc 'set -e; _bs(){ printf '"'"'BULK_SNAP_T %s %s\n'"'"' "$1" "$(date +%s.%N 2>/dev/null || date +%s)"; }; _bs guest_start; _bs pipeline_start; openssl enc -aes-256-ctr -pass pass:"testing" -nosalt < /dev/zero 2>/dev/null | dd of=/root/dummy_snapshot_data_1.img bs=1M count=500 iflag=fullblock conv=notrunc status=progress; ec=$?; _bs pipeline_done; _bs guest_end; exit $ec'
2026-05-20 03:29:31,602 DEBUG   ssh: connect to host 10.114.114.48 port 22: Connection timed out
2026-05-20 03:29:31,602 ERROR Guest disk op failed ec=255 vm=ahv_ins_delete-0-260519-051930 ip=10.114.114.48 — ssh: connect to host 10.114.114.48 port 22: Connection timed out
2026-05-20 03:29:31,602 WARNING Guest disk op wall 30.3s (vm='ahv_ins_delete-0-260519-051930' ip=10.114.114.48 op=update ec=255) — includes SSH + guest disk command; if still high, check guest disk throughput vs. MiB settings.
2026-05-20 03:29:31,603 DEBUG [383/1171] VM e2244837… (ahv_ins_delete-0-260519-053033) via 10.114.119.229 op=update
2026-05-20 03:29:31,603 DEBUG   remote: bash -lc 'set -e; _bs(){ printf '"'"'BULK_SNAP_T %s %s\n'"'"' "$1" "$(date +%s.%N 2>/dev/null || date +%s)"; }; _bs guest_start; _bs pipeline_start; openssl enc -aes-256-ctr -pass pass:"testing" -nosalt < /dev/zero 2>/dev/null | dd of=/root/dummy_snapshot_data_1.img bs=1M count=500 iflag=fullblock conv=notrunc status=progress; ec=$?; _bs pipeline_done; _bs guest_end; exit $ec'
2026-05-20 03:29:31,846 DEBUG   ssh: connect to host 10.114.119.252 port 22: Connection timed out
2026-05-20 03:29:31,846 ERROR Guest disk op failed ec=255 vm=ahv_ins_delete-0-260519-052018 ip=10.114.119.252 — ssh: connect to host 10.114.119.252 port 22: Connection timed out
2026-05-20 03:29:31,846 WARNING Guest disk op wall 30.3s (vm='ahv_ins_delete-0-260519-052018' ip=10.114.119.252 op=update ec=255) — includes SSH + guest disk command; if still high, check guest disk throughput vs. MiB settings.
2026-05-20 03:29:31,847 DEBUG [384/1171] VM 0abb3a31… (ahv_ins_delete-0-260519-053048) via 10.114.119.231 op=update
2026-05-20 03:29:31,847 DEBUG   remote: bash -lc 'set -e; _bs(){ printf '"'"'BULK_SNAP_T %s %s\n'"'"' "$1" "$(date +%s.%N 2>/dev/null || date +%s)"; }; _bs guest_start; _bs pipeline_start; openssl enc -aes-256-ctr -pass pass:"testing" -nosalt < /dev/zero 2>/dev/null | dd of=/root/dummy_snapshot_data_1.img bs=1M count=500 iflag=fullblock conv=notrunc status=progress; ec=$?; _bs pipeline_done; _bs guest_end; exit $ec'
2026-05-20 03:29:31,854 DEBUG   ssh: connect to host 10.114.119.255 port 22: Connection timed out
2026-05-20 03:29:31,854 ERROR Guest disk op failed ec=255 vm=ahv_ins_delete-0-260519-052059 ip=10.114.119.255 — ssh: connect to host 10.114.119.255 port 22: Connection timed out
2026-05-20 03:29:31,854 WARNING Guest disk op wall 30.3s (vm='ahv_ins_delete-0-260519-052059' ip=10.114.119.255 op=update ec=255) — includes SSH + guest disk command; if still high, check guest disk throughput vs. MiB settings.
2026-05-20 03:29:31,855 DEBUG [385/1171] VM 9e9fda45… (ahv_ins_delete-0-260519-053112) via 10.114.119.225 op=update
2026-05-20 03:29:31,855 DEBUG   remote: bash -lc 'set -e; _bs(){ printf '"'"'BULK_SNAP_T %s %s\n'"'"' "$1" "$(date +%s.%N 2>/dev/null || date +%s)"; }; _bs guest_start; _bs pipeline_start; openssl enc -aes-256-ctr -pass pass:"testing" -nosalt < /dev/zero 2>/dev/null | dd of=/root/dummy_snapshot_data_1.img bs=1M count=500 iflag=fullblock conv=notrunc status=progress; ec=$?; _bs pipeline_done; _bs guest_end; exit $ec'
2026-05-20 03:29:32,102 DEBUG   ssh: connect to host 10.114.119.231 port 22: Connection reset by peer
2026-05-20 03:29:32,102 ERROR Guest disk op failed ec=255 vm=ahv_ins_delete-0-260519-053048 ip=10.114.119.231 — ssh: connect to host 10.114.119.231 port 22: Connection reset by peer
2026-05-20 03:29:32,103 DEBUG [386/1171] VM 6fe3621f… (ahv_ins_delete-0-260519-053340) via 10.114.112.123 op=update
2026-05-20 03:29:32,103 DEBUG   remote: bash -lc 'set -e; _bs(){ printf '"'"'BULK_SNAP_T %s %s\n'"'"' "$1" "$(date +%s.%N 2>/dev/null || date +%s)"; }; _bs guest_start; _bs pipeline_start; openssl enc -aes-256-ctr -pass pass:"testing" -nosalt < /dev/zero 2>/dev/null | dd of=/root/dummy_snapshot_data_1.img bs=1M count=500 iflag=fullblock conv=notrunc status=progress; ec=$?; _bs pipeline_done; _bs guest_end; exit $ec'
