2026-05-19 06:35:11,135 DEBUG Using cached VM inventory (943 rows, no Prism refetch); guest disk churn mode=create.
2026-05-19 06:35:11,137 DEBUG Eligible for guest disk ops (IP + powered on + name rules + configured RAM > 250 MiB): 566 (VMs in inventory: 943, name-skip: 4, no IP: 371, powered off: 0, RAM≤250 MiB/unknown: 2, dup rows: 0).
2026-05-19 06:35:11,137 DEBUG Will run guest SSH on all 566 eligible VMs (no limit).
2026-05-19 06:35:11,137 INFO Disk job: 566 guest VM(s) to process (parallel-by-cluster=False, concurrent SSH per shard=10).
2026-05-19 06:35:11,138 WARNING PE CVM map: no IP for cluster(s) ['SSCG_NCM_2_1_Small_PE1', 'auto_cluster_prod_nagaraj_bv_36802bb644a4'] — PE CPU throttle / adaptive skipped there (add lines: one IP per cluster in sort order, or Name=ip).
2026-05-19 06:35:11,138 DEBUG Guest SSH parallelism (single pool): up to 10 worker thread(s).
2026-05-19 06:35:11,139 DEBUG [1/566] VM 27a258da… (ahv_bp_vm_1_xa28-0-260514-044905) via 10.114.51.127 op=create
2026-05-19 06:35:11,140 DEBUG [2/566] VM 4fcead27… (ahv_ins_delete-0-260514-053133) via 10.114.51.224 op=create
2026-05-19 06:35:11,140 DEBUG   remote: bash -lc 'set -e; _bs(){ printf '"'"'BULK_SNAP_T %s %s\n'"'"' "$1" "$(date +%s.%N 2>/dev/null || date +%s)"; }; _bs guest_start; _bs pipeline_start; openssl enc -aes-256-ctr -pass pass:"testing" -nosalt < /dev/zero 2>/dev/null | dd of=/root/dummy_snapshot_data_1.img bs=1M count=1024 iflag=fullblock status=progress; ec=$?; _bs pipeline_done; _bs guest_end; exit $ec'
2026-05-19 06:35:11,140 DEBUG [3/566] VM 014e2a4c… (ahv_ins_delete-0-260514-054142) via 10.114.51.90 op=create
2026-05-19 06:35:11,140 DEBUG   remote: bash -lc 'set -e; _bs(){ printf '"'"'BULK_SNAP_T %s %s\n'"'"' "$1" "$(date +%s.%N 2>/dev/null || date +%s)"; }; _bs guest_start; _bs pipeline_start; openssl enc -aes-256-ctr -pass pass:"testing" -nosalt < /dev/zero 2>/dev/null | dd of=/root/dummy_snapshot_data_1.img bs=1M count=1024 iflag=fullblock status=progress; ec=$?; _bs pipeline_done; _bs guest_end; exit $ec'
2026-05-19 06:35:11,141 DEBUG [4/566] VM 44d84680… (ahv_ins_delete-0-260514-054356) via 10.114.51.167 op=create
2026-05-19 06:35:11,141 DEBUG   remote: bash -lc 'set -e; _bs(){ printf '"'"'BULK_SNAP_T %s %s\n'"'"' "$1" "$(date +%s.%N 2>/dev/null || date +%s)"; }; _bs guest_start; _bs pipeline_start; openssl enc -aes-256-ctr -pass pass:"testing" -nosalt < /dev/zero 2>/dev/null | dd of=/root/dummy_snapshot_data_1.img bs=1M count=1024 iflag=fullblock status=progress; ec=$?; _bs pipeline_done; _bs guest_end; exit $ec'
2026-05-19 06:35:11,141 DEBUG [5/566] VM cf35e095… (ahv_ins_delete-0-260514-081710) via 10.114.51.171 op=create
2026-05-19 06:35:11,142 DEBUG [6/566] VM 2900922b… (ahv_ins_delete-0-260514-082142) via 10.114.51.26 op=create
2026-05-19 06:35:11,142 DEBUG   remote: bash -lc 'set -e; _bs(){ printf '"'"'BULK_SNAP_T %s %s\n'"'"' "$1" "$(date +%s.%N 2>/dev/null || date +%s)"; }; _bs guest_start; _bs pipeline_start; openssl enc -aes-256-ctr -pass pass:"testing" -nosalt < /dev/zero 2>/dev/null | dd of=/root/dummy_snapshot_data_1.img bs=1M count=1024 iflag=fullblock status=progress; ec=$?; _bs pipeline_done; _bs guest_end; exit $ec'
2026-05-19 06:35:11,142 DEBUG [7/566] VM ee0c5e92… (ahv_ins_delete-0-260514-133955) via 10.114.50.75 op=create
2026-05-19 06:35:11,143 DEBUG [8/566] VM a9b1e411… (ahv_ins_delete-0-260514-134246) via 10.114.53.125 op=create
2026-05-19 06:35:11,144 DEBUG [9/566] VM c224318a… (ahv_ins_delete-0-260514-134337) via 10.114.54.81 op=create
2026-05-19 06:35:11,144 DEBUG [10/566] VM 58da0ea2… (ahv_ins_delete-0-260514-134636) via 10.114.51.23 op=create
2026-05-19 06:35:11,144 DEBUG   remote: bash -lc 'set -e; _bs(){ printf '"'"'BULK_SNAP_T %s %s\n'"'"' "$1" "$(date +%s.%N 2>/dev/null || date +%s)"; }; _bs guest_start; _bs pipeline_start; openssl enc -aes-256-ctr -pass pass:"testing" -nosalt < /dev/zero 2>/dev/null | dd of=/root/dummy_snapshot_data_1.img bs=1M count=1024 iflag=fullblock status=progress; ec=$?; _bs pipeline_done; _bs guest_end; exit $ec'
2026-05-19 06:35:11,146 DEBUG   remote: bash -lc 'set -e; _bs(){ printf '"'"'BULK_SNAP_T %s %s\n'"'"' "$1" "$(date +%s.%N 2>/dev/null || date +%s)"; }; _bs guest_start; _bs pipeline_start; openssl enc -aes-256-ctr -pass pass:"testing" -nosalt < /dev/zero 2>/dev/null | dd of=/root/dummy_snapshot_data_1.img bs=1M count=1024 iflag=fullblock status=progress; ec=$?; _bs pipeline_done; _bs guest_end; exit $ec'
2026-05-19 06:35:11,156 DEBUG   remote: bash -lc 'set -e; _bs(){ printf '"'"'BULK_SNAP_T %s %s\n'"'"' "$1" "$(date +%s.%N 2>/dev/null || date +%s)"; }; _bs guest_start; _bs pipeline_start; openssl enc -aes-256-ctr -pass pass:"testing" -nosalt < /dev/zero 2>/dev/null | dd of=/root/dummy_snapshot_data_1.img bs=1M count=1024 iflag=fullblock status=progress; ec=$?; _bs pipeline_done; _bs guest_end; exit $ec'
2026-05-19 06:35:11,158 DEBUG   remote: bash -lc 'set -e; _bs(){ printf '"'"'BULK_SNAP_T %s %s\n'"'"' "$1" "$(date +%s.%N 2>/dev/null || date +%s)"; }; _bs guest_start; _bs pipeline_start; openssl enc -aes-256-ctr -pass pass:"testing" -nosalt < /dev/zero 2>/dev/null | dd of=/root/dummy_snapshot_data_1.img bs=1M count=1024 iflag=fullblock status=progress; ec=$?; _bs pipeline_done; _bs guest_end; exit $ec'
2026-05-19 06:35:11,159 DEBUG   remote: bash -lc 'set -e; _bs(){ printf '"'"'BULK_SNAP_T %s %s\n'"'"' "$1" "$(date +%s.%N 2>/dev/null || date +%s)"; }; _bs guest_start; _bs pipeline_start; openssl enc -aes-256-ctr -pass pass:"testing" -nosalt < /dev/zero 2>/dev/null | dd of=/root/dummy_snapshot_data_1.img bs=1M count=1024 iflag=fullblock status=progress; ec=$?; _bs pipeline_done; _bs guest_end; exit $ec'
2026-05-19 06:35:11,159 DEBUG   remote: bash -lc 'set -e; _bs(){ printf '"'"'BULK_SNAP_T %s %s\n'"'"' "$1" "$(date +%s.%N 2>/dev/null || date +%s)"; }; _bs guest_start; _bs pipeline_start; openssl enc -aes-256-ctr -pass pass:"testing" -nosalt < /dev/zero 2>/dev/null | dd of=/root/dummy_snapshot_data_1.img bs=1M count=1024 iflag=fullblock status=progress; ec=$?; _bs pipeline_done; _bs guest_end; exit $ec'
2026-05-19 06:35:30,424 DEBUG   BULK_SNAP_T guest_start 1779140108.524406507
2026-05-19 06:35:30,424 DEBUG   BULK_SNAP_T pipeline_start 1779140108.527309512
2026-05-19 06:35:30,424 DEBUG   BULK_SNAP_T pipeline_done 1779140126.912674021
2026-05-19 06:35:30,425 DEBUG   BULK_SNAP_T guest_end 1779140126.913938325
2026-05-19 06:35:30,425 DEBUG   
2026-05-19 06:35:30,425 DEBUG   76546048 bytes (77 MB) copied, 1.002364 s, 76.4 MB/s
2026-05-19 06:35:30,425 DEBUG   138412032 bytes (138 MB) copied, 2.013117 s, 68.8 MB/s
2026-05-19 06:35:30,425 DEBUG   185597952 bytes (186 MB) copied, 3.034318 s, 61.2 MB/s
2026-05-19 06:35:30,425 DEBUG   248512512 bytes (249 MB) copied, 4.049266 s, 61.4 MB/s
2026-05-19 06:35:30,425 DEBUG   311427072 bytes (311 MB) copied, 5.069246 s, 61.4 MB/s
2026-05-19 06:35:30,425 DEBUG   376438784 bytes (376 MB) copied, 6.090448 s, 61.8 MB/s
2026-05-19 06:35:30,425 DEBUG   432013312 bytes (432 MB) copied, 7.105178 s, 60.8 MB/s
2026-05-19 06:35:30,425 DEBUG   487587840 bytes (488 MB) copied, 8.123169 s, 60.0 MB/s
2026-05-19 06:35:30,425 DEBUG   552599552 bytes (553 MB) copied, 9.153176 s, 60.4 MB/s
2026-05-19 06:35:30,425 DEBUG   612368384 bytes (612 MB) copied, 10.159178 s, 60.3 MB/s
2026-05-19 06:35:30,425 DEBUG   670040064 bytes (670 MB) copied, 11.175185 s, 60.0 MB/s
2026-05-19 06:35:30,425 DEBUG   732954624 bytes (733 MB) copied, 12.176170 s, 60.2 MB/s
2026-05-19 06:35:30,425 DEBUG   790626304 bytes (791 MB) copied, 13.186230 s, 60.0 MB/s
2026-05-19 06:35:30,425 DEBUG   848297984 bytes (848 MB) copied, 14.195395 s, 59.8 MB/s
2026-05-19 06:35:30,425 DEBUG   911212544 bytes (911 MB) copied, 15.240462 s, 59.8 MB/s
2026-05-19 06:35:30,425 DEBUG   966787072 bytes (967 MB) copied, 16.255169 s, 59.5 MB/s
2026-05-19 06:35:30,425 DEBUG   1022361600 bytes (1.0 GB) copied, 17.256163 s, 59.2 MB/s
2026-05-19 06:35:30,425 DEBUG   1024+0 records in
2026-05-19 06:35:30,425 DEBUG   1024+0 records out
2026-05-19 06:35:30,425 DEBUG   1073741824 bytes (1.1 GB) copied, 18.2272 s, 58.9 MB/s
2026-05-19 06:35:30,425 DEBUG   OK (disk op exit 0)
2026-05-19 06:35:30,426 DEBUG [11/566] VM 89890b9a… (ahv_ins_delete-0-260514-140657) via 10.114.51.92 op=create
2026-05-19 06:35:30,426 DEBUG   remote: bash -lc 'set -e; _bs(){ printf '"'"'BULK_SNAP_T %s %s\n'"'"' "$1" "$(date +%s.%N 2>/dev/null || date +%s)"; }; _bs guest_start; _bs pipeline_start; openssl enc -aes-256-ctr -pass pass:"testing" -nosalt < /dev/zero 2>/dev/null | dd of=/root/dummy_snapshot_data_1.img bs=1M count=1024 iflag=fullblock status=progress; ec=$?; _bs pipeline_done; _bs guest_end; exit $ec'
2026-05-19 06:35:31,678 DEBUG   BULK_SNAP_T guest_start 1779140108.445273448
2026-05-19 06:35:31,679 DEBUG   BULK_SNAP_T pipeline_start 1779140108.449668817
2026-05-19 06:35:31,679 DEBUG   BULK_SNAP_T pipeline_done 1779140128.180301077
2026-05-19 06:35:31,679 DEBUG   BULK_SNAP_T guest_end 1779140128.190485551
2026-05-19 06:35:31,679 DEBUG   
2026-05-19 06:35:31,679 DEBUG   65011712 bytes (65 MB) copied, 1.033716 s, 62.9 MB/s
2026-05-19 06:35:31,679 DEBUG   124780544 bytes (125 MB) copied, 2.072451 s, 60.2 MB/s
2026-05-19 06:35:31,679 DEBUG   168820736 bytes (169 MB) copied, 3.077676 s, 54.9 MB/s
2026-05-19 06:35:31,679 DEBUG   228589568 bytes (229 MB) copied, 4.097502 s, 55.8 MB/s
2026-05-19 06:35:31,679 DEBUG   283115520 bytes (283 MB) copied, 5.110530 s, 55.4 MB/s
2026-05-19 06:35:31,680 DEBUG   339738624 bytes (340 MB) copied, 6.138401 s, 55.3 MB/s
2026-05-19 06:35:31,680 DEBUG   393216000 bytes (393 MB) copied, 7.152863 s, 55.0 MB/s
2026-05-19 06:35:31,680 DEBUG   446693376 bytes (447 MB) copied, 8.195379 s, 54.5 MB/s
2026-05-19 06:35:31,680 DEBUG   502267904 bytes (502 MB) copied, 9.208430 s, 54.5 MB/s
2026-05-19 06:35:31,680 DEBUG   552599552 bytes (553 MB) copied, 10.228564 s, 54.0 MB/s
2026-05-19 06:35:31,680 DEBUG   609222656 bytes (609 MB) copied, 11.243443 s, 54.2 MB/s
2026-05-19 06:35:31,680 DEBUG   666894336 bytes (667 MB) copied, 12.259640 s, 54.4 MB/s
2026-05-19 06:35:31,680 DEBUG   722468864 bytes (722 MB) copied, 13.260598 s, 54.5 MB/s
2026-05-19 06:35:31,680 DEBUG   779091968 bytes (779 MB) copied, 14.270629 s, 54.6 MB/s
2026-05-19 06:35:31,680 DEBUG   832569344 bytes (833 MB) copied, 15.281471 s, 54.5 MB/s
2026-05-19 06:35:31,680 DEBUG   883949568 bytes (884 MB) copied, 16.282386 s, 54.3 MB/s
2026-05-19 06:35:31,680 DEBUG   938475520 bytes (938 MB) copied, 17.301497 s, 54.2 MB/s
2026-05-19 06:35:31,680 DEBUG   990904320 bytes (991 MB) copied, 18.327475 s, 54.1 MB/s
2026-05-19 06:35:31,680 DEBUG   1059061760 bytes (1.1 GB) copied, 19.345513 s, 54.7 MB/s
2026-05-19 06:35:31,680 DEBUG   1024+0 records in
2026-05-19 06:35:31,680 DEBUG   1024+0 records out
2026-05-19 06:35:31,680 DEBUG   1073741824 bytes (1.1 GB) copied, 19.6306 s, 54.7 MB/s
2026-05-19 06:35:31,680 DEBUG   OK (disk op exit 0)
2026-05-19 06:35:31,680 WARNING Guest disk op wall 20.5s (vm='ahv_ins_delete-0-260514-133955' ip=10.114.50.75 op=create ec=0) — includes SSH + guest disk command; if still high, check guest disk throughput vs. MiB settings.
2026-05-19 06:35:31,680 DEBUG [12/566] VM b5b27c85… (ahv_ins_delete-0-260514-141049) via 10.114.50.158 op=create
2026-05-19 06:35:31,681 DEBUG   remote: bash -lc 'set -e; _bs(){ printf '"'"'BULK_SNAP_T %s %s\n'"'"' "$1" "$(date +%s.%N 2>/dev/null || date +%s)"; }; _bs guest_start; _bs pipeline_start; openssl enc -aes-256-ctr -pass pass:"testing" -nosalt < /dev/zero 2>/dev/null | dd of=/root/dummy_snapshot_data_1.img bs=1M count=1024 iflag=fullblock status=progress; ec=$?; _bs pipeline_done; _bs guest_end; exit $ec'
2026-05-19 06:35:31,930 DEBUG   BULK_SNAP_T guest_start 1779140108.464578671
2026-05-19 06:35:31,930 DEBUG   BULK_SNAP_T pipeline_start 1779140108.467705465
2026-05-19 06:35:31,930 DEBUG   BULK_SNAP_T pipeline_done 1779140128.492042106
2026-05-19 06:35:31,930 DEBUG   BULK_SNAP_T guest_end 1779140128.510407978
2026-05-19 06:35:31,930 DEBUG   
2026-05-19 06:35:31,930 DEBUG   59768832 bytes (60 MB) copied, 1.002675 s, 59.6 MB/s
2026-05-19 06:35:31,930 DEBUG   117440512 bytes (117 MB) copied, 2.049579 s, 57.3 MB/s
2026-05-19 06:35:31,930 DEBUG   161480704 bytes (161 MB) copied, 3.069516 s, 52.6 MB/s
2026-05-19 06:35:31,930 DEBUG   217055232 bytes (217 MB) copied, 4.089359 s, 53.1 MB/s
2026-05-19 06:35:31,930 DEBUG   272629760 bytes (273 MB) copied, 5.089844 s, 53.6 MB/s
2026-05-19 06:35:31,930 DEBUG   326107136 bytes (326 MB) copied, 6.099674 s, 53.5 MB/s
2026-05-19 06:35:31,930 DEBUG   377487360 bytes (377 MB) copied, 7.110540 s, 53.1 MB/s
2026-05-19 06:35:31,930 DEBUG   427819008 bytes (428 MB) copied, 8.118499 s, 52.7 MB/s
2026-05-19 06:35:31,930 DEBUG   486539264 bytes (487 MB) copied, 9.131603 s, 53.3 MB/s
2026-05-19 06:35:31,930 DEBUG   537919488 bytes (538 MB) copied, 10.135567 s, 53.1 MB/s
2026-05-19 06:35:31,930 DEBUG   591396864 bytes (591 MB) copied, 11.141377 s, 53.1 MB/s
2026-05-19 06:35:31,930 DEBUG   645922816 bytes (646 MB) copied, 12.143935 s, 53.2 MB/s
2026-05-19 06:35:31,931 DEBUG   699400192 bytes (699 MB) copied, 13.155706 s, 53.2 MB/s
2026-05-19 06:35:31,931 DEBUG   756023296 bytes (756 MB) copied, 14.167547 s, 53.4 MB/s
2026-05-19 06:35:31,931 DEBUG   809500672 bytes (810 MB) copied, 15.177434 s, 53.3 MB/s
2026-05-19 06:35:31,931 DEBUG   857735168 bytes (858 MB) copied, 16.197328 s, 53.0 MB/s
2026-05-19 06:35:31,931 DEBUG   912261120 bytes (912 MB) copied, 17.199673 s, 53.0 MB/s
2026-05-19 06:35:31,931 DEBUG   961544192 bytes (962 MB) copied, 18.203727 s, 52.8 MB/s
2026-05-19 06:35:31,931 DEBUG   1026555904 bytes (1.0 GB) copied, 19.220593 s, 53.4 MB/s
2026-05-19 06:35:31,931 DEBUG   1024+0 records in
2026-05-19 06:35:31,931 DEBUG   1024+0 records out
2026-05-19 06:35:31,931 DEBUG   1073741824 bytes (1.1 GB) copied, 19.9545 s, 53.8 MB/s
2026-05-19 06:35:31,931 DEBUG   OK (disk op exit 0)
2026-05-19 06:35:31,931 WARNING Guest disk op wall 20.8s (vm='ahv_ins_delete-0-260514-134246' ip=10.114.53.125 op=create ec=0) — includes SSH + guest disk command; if still high, check guest disk throughput vs. MiB settings.
2026-05-19 06:35:31,931 DEBUG [13/566] VM 4af7b0e8… (ahv_ins_delete-0-260514-145645) via 10.114.50.114 op=create
2026-05-19 06:35:31,931 DEBUG   remote: bash -lc 'set -e; _bs(){ printf '"'"'BULK_SNAP_T %s %s\n'"'"' "$1" "$(date +%s.%N 2>/dev/null || date +%s)"; }; _bs guest_start; _bs pipeline_start; openssl enc -aes-256-ctr -pass pass:"testing" -nosalt < /dev/zero 2>/dev/null | dd of=/root/dummy_snapshot_data_1.img bs=1M count=1024 iflag=fullblock status=progress; ec=$?; _bs pipeline_done; _bs guest_end; exit $ec'
2026-05-19 06:35:34,926 DEBUG   BULK_SNAP_T guest_start 1779140108.824488333
2026-05-19 06:35:34,926 DEBUG   BULK_SNAP_T pipeline_start 1779140108.827636109
2026-05-19 06:35:34,926 DEBUG   BULK_SNAP_T pipeline_done 1779140131.156581967
2026-05-19 06:35:34,926 DEBUG   BULK_SNAP_T guest_end 1779140131.164137788
2026-05-19 06:35:34,926 DEBUG   
2026-05-19 06:35:34,926 DEBUG   31457280 bytes (31 MB) copied, 1.003320 s, 31.4 MB/s
2026-05-19 06:35:34,926 DEBUG   78643200 bytes (79 MB) copied, 2.030331 s, 38.7 MB/s
2026-05-19 06:35:34,926 DEBUG   126877696 bytes (127 MB) copied, 3.060322 s, 41.5 MB/s
2026-05-19 06:35:34,926 DEBUG   163577856 bytes (164 MB) copied, 4.083357 s, 40.1 MB/s
2026-05-19 06:35:34,927 DEBUG   209715200 bytes (210 MB) copied, 5.088375 s, 41.2 MB/s
2026-05-19 06:35:34,927 DEBUG   255852544 bytes (256 MB) copied, 6.096336 s, 42.0 MB/s
2026-05-19 06:35:34,927 DEBUG   300941312 bytes (301 MB) copied, 7.102314 s, 42.4 MB/s
2026-05-19 06:35:34,927 DEBUG   351272960 bytes (351 MB) copied, 8.104292 s, 43.3 MB/s
2026-05-19 06:35:34,927 DEBUG   393216000 bytes (393 MB) copied, 9.104421 s, 43.2 MB/s
2026-05-19 06:35:34,927 DEBUG   442499072 bytes (442 MB) copied, 10.109325 s, 43.8 MB/s
2026-05-19 06:35:34,927 DEBUG   491782144 bytes (492 MB) copied, 11.130311 s, 44.2 MB/s
2026-05-19 06:35:34,927 DEBUG   543162368 bytes (543 MB) copied, 12.132366 s, 44.8 MB/s
2026-05-19 06:35:34,927 DEBUG   591396864 bytes (591 MB) copied, 13.143370 s, 45.0 MB/s
2026-05-19 06:35:34,927 DEBUG   642777088 bytes (643 MB) copied, 14.157660 s, 45.4 MB/s
2026-05-19 06:35:34,927 DEBUG   686817280 bytes (687 MB) copied, 15.164339 s, 45.3 MB/s
2026-05-19 06:35:34,927 DEBUG   732954624 bytes (733 MB) copied, 16.183646 s, 45.3 MB/s
2026-05-19 06:35:34,927 DEBUG   775946240 bytes (776 MB) copied, 17.192311 s, 45.1 MB/s
2026-05-19 06:35:34,927 DEBUG   827326464 bytes (827 MB) copied, 18.199661 s, 45.5 MB/s
2026-05-19 06:35:34,927 DEBUG   883949568 bytes (884 MB) copied, 19.217592 s, 46.0 MB/s
2026-05-19 06:35:34,927 DEBUG   951058432 bytes (951 MB) copied, 20.225283 s, 47.0 MB/s
2026-05-19 06:35:34,927 DEBUG   1016070144 bytes (1.0 GB) copied, 21.240850 s, 47.8 MB/s
2026-05-19 06:35:34,927 DEBUG   1024+0 records in
2026-05-19 06:35:34,927 DEBUG   1024+0 records out
2026-05-19 06:35:34,927 DEBUG   1073741824 bytes (1.1 GB) copied, 22.2328 s, 48.3 MB/s
2026-05-19 06:35:34,927 DEBUG   OK (disk op exit 0)
2026-05-19 06:35:34,927 WARNING Guest disk op wall 23.8s (vm='ahv_ins_delete-0-260514-054356' ip=10.114.51.167 op=create ec=0) — includes SSH + guest disk command; if still high, check guest disk throughput vs. MiB settings.
2026-05-19 06:35:34,927 DEBUG [14/566] VM a3f43011… (ahv_ins_delete-0-260514-174411) via 10.114.50.66 op=create
2026-05-19 06:35:34,927 DEBUG   remote: bash -lc 'set -e; _bs(){ printf '"'"'BULK_SNAP_T %s %s\n'"'"' "$1" "$(date +%s.%N 2>/dev/null || date +%s)"; }; _bs guest_start; _bs pipeline_start; openssl enc -aes-256-ctr -pass pass:"testing" -nosalt < /dev/zero 2>/dev/null | dd of=/root/dummy_snapshot_data_1.img bs=1M count=1024 iflag=fullblock status=progress; ec=$?; _bs pipeline_done; _bs guest_end; exit $ec'
2026-05-19 06:35:36,672 DEBUG   BULK_SNAP_T guest_start 1779140109.017874300
2026-05-19 06:35:36,672 DEBUG   BULK_SNAP_T pipeline_start 1779140109.023258047
2026-05-19 06:35:36,672 DEBUG   BULK_SNAP_T pipeline_done 1779140133.103378280
2026-05-19 06:35:36,672 DEBUG   BULK_SNAP_T guest_end 1779140133.131435968
2026-05-19 06:35:36,672 DEBUG   
2026-05-19 06:35:36,672 DEBUG   28311552 bytes (28 MB) copied, 1.016303 s, 27.9 MB/s
2026-05-19 06:35:36,672 DEBUG   71303168 bytes (71 MB) copied, 2.022354 s, 35.3 MB/s
2026-05-19 06:35:36,672 DEBUG   117440512 bytes (117 MB) copied, 3.025709 s, 38.8 MB/s
2026-05-19 06:35:36,672 DEBUG   150994944 bytes (151 MB) copied, 4.079395 s, 37.0 MB/s
2026-05-19 06:35:36,672 DEBUG   189792256 bytes (190 MB) copied, 5.109463 s, 37.1 MB/s
2026-05-19 06:35:36,672 DEBUG   220200960 bytes (220 MB) copied, 6.133231 s, 35.9 MB/s
2026-05-19 06:35:36,672 DEBUG   256901120 bytes (257 MB) copied, 7.148565 s, 35.9 MB/s
2026-05-19 06:35:36,672 DEBUG   301989888 bytes (302 MB) copied, 8.152729 s, 37.0 MB/s
2026-05-19 06:35:36,672 DEBUG   341835776 bytes (342 MB) copied, 9.200254 s, 37.2 MB/s
2026-05-19 06:35:36,672 DEBUG   385875968 bytes (386 MB) copied, 10.220630 s, 37.8 MB/s
2026-05-19 06:35:36,672 DEBUG   429916160 bytes (430 MB) copied, 11.237662 s, 38.3 MB/s
2026-05-19 06:35:36,672 DEBUG   475004928 bytes (475 MB) copied, 12.238636 s, 38.8 MB/s
2026-05-19 06:35:36,672 DEBUG   519045120 bytes (519 MB) copied, 13.266477 s, 39.1 MB/s
2026-05-19 06:35:36,672 DEBUG   567279616 bytes (567 MB) copied, 14.272661 s, 39.7 MB/s
2026-05-19 06:35:36,672 DEBUG   606076928 bytes (606 MB) copied, 15.282571 s, 39.7 MB/s
2026-05-19 06:35:36,672 DEBUG   649068544 bytes (649 MB) copied, 16.295584 s, 39.8 MB/s
2026-05-19 06:35:36,672 DEBUG   689963008 bytes (690 MB) copied, 17.302561 s, 39.9 MB/s
2026-05-19 06:35:36,672 DEBUG   736100352 bytes (736 MB) copied, 18.308414 s, 40.2 MB/s
2026-05-19 06:35:36,672 DEBUG   788529152 bytes (789 MB) copied, 19.321500 s, 40.8 MB/s
2026-05-19 06:35:36,672 DEBUG   861929472 bytes (862 MB) copied, 20.329651 s, 42.4 MB/s
2026-05-19 06:35:36,672 DEBUG   920649728 bytes (921 MB) copied, 21.330733 s, 43.2 MB/s
2026-05-19 06:35:36,672 DEBUG   977272832 bytes (977 MB) copied, 22.332221 s, 43.8 MB/s
2026-05-19 06:35:36,672 DEBUG   1039138816 bytes (1.0 GB) copied, 23.354593 s, 44.5 MB/s
2026-05-19 06:35:36,672 DEBUG   1024+0 records in
2026-05-19 06:35:36,673 DEBUG   1024+0 records out
2026-05-19 06:35:36,673 DEBUG   1073741824 bytes (1.1 GB) copied, 23.8706 s, 45.0 MB/s
2026-05-19 06:35:36,673 DEBUG   OK (disk op exit 0)
2026-05-19 06:35:36,673 WARNING Guest disk op wall 25.5s (vm='ahv_ins_delete-0-260514-053133' ip=10.114.51.224 op=create ec=0) — includes SSH + guest disk command; if still high, check guest disk throughput vs. MiB settings.
2026-05-19 06:35:36,673 DEBUG [15/566] VM 9d59ee99… (ahv_ins_delete-0-260514-174752) via 10.114.50.3 op=create
2026-05-19 06:35:36,673 DEBUG   remote: bash -lc 'set -e; _bs(){ printf '"'"'BULK_SNAP_T %s %s\n'"'"' "$1" "$(date +%s.%N 2>/dev/null || date +%s)"; }; _bs guest_start; _bs pipeline_start; openssl enc -aes-256-ctr -pass pass:"testing" -nosalt < /dev/zero 2>/dev/null | dd of=/root/dummy_snapshot_data_1.img bs=1M count=1024 iflag=fullblock status=progress; ec=$?; _bs pipeline_done; _bs guest_end; exit $ec'
2026-05-19 06:35:37,186 DEBUG   BULK_SNAP_T guest_start 1779140108.573844116
2026-05-19 06:35:37,186 DEBUG   BULK_SNAP_T pipeline_start 1779140108.577461439
2026-05-19 06:35:37,186 DEBUG   BULK_SNAP_T pipeline_done 1779140133.535824729
2026-05-19 06:35:37,186 DEBUG   BULK_SNAP_T guest_end 1779140133.552473987
2026-05-19 06:35:37,186 DEBUG   
2026-05-19 06:35:37,186 DEBUG   32505856 bytes (33 MB) copied, 1.001367 s, 32.5 MB/s
2026-05-19 06:35:37,186 DEBUG   55574528 bytes (56 MB) copied, 2.004356 s, 27.7 MB/s
2026-05-19 06:35:37,186 DEBUG   99614720 bytes (100 MB) copied, 3.037526 s, 32.8 MB/s
2026-05-19 06:35:37,186 DEBUG   140509184 bytes (141 MB) copied, 4.066178 s, 34.6 MB/s
2026-05-19 06:35:37,186 DEBUG   169869312 bytes (170 MB) copied, 5.066256 s, 33.5 MB/s
2026-05-19 06:35:37,186 DEBUG   212860928 bytes (213 MB) copied, 6.088257 s, 35.0 MB/s
2026-05-19 06:35:37,187 DEBUG   254803968 bytes (255 MB) copied, 7.106226 s, 35.9 MB/s
2026-05-19 06:35:37,187 DEBUG   292552704 bytes (293 MB) copied, 8.111192 s, 36.1 MB/s
2026-05-19 06:35:37,187 DEBUG   331350016 bytes (331 MB) copied, 9.118827 s, 36.3 MB/s
2026-05-19 06:35:37,187 DEBUG   375390208 bytes (375 MB) copied, 10.164234 s, 36.9 MB/s
2026-05-19 06:35:37,187 DEBUG   416284672 bytes (416 MB) copied, 11.186836 s, 37.2 MB/s
2026-05-19 06:35:37,187 DEBUG   461373440 bytes (461 MB) copied, 12.216244 s, 37.8 MB/s
2026-05-19 06:35:37,187 DEBUG   505413632 bytes (505 MB) copied, 13.246558 s, 38.2 MB/s
2026-05-19 06:35:37,187 DEBUG   548405248 bytes (548 MB) copied, 14.249209 s, 38.5 MB/s
2026-05-19 06:35:37,187 DEBUG   589299712 bytes (589 MB) copied, 15.291548 s, 38.5 MB/s
2026-05-19 06:35:37,187 DEBUG   631242752 bytes (631 MB) copied, 16.319224 s, 38.7 MB/s
2026-05-19 06:35:37,187 DEBUG   671088640 bytes (671 MB) copied, 17.321230 s, 38.7 MB/s
2026-05-19 06:35:37,187 DEBUG   715128832 bytes (715 MB) copied, 18.330327 s, 39.0 MB/s
2026-05-19 06:35:37,187 DEBUG   757071872 bytes (757 MB) copied, 19.354286 s, 39.1 MB/s
2026-05-19 06:35:37,187 DEBUG   816840704 bytes (817 MB) copied, 20.356250 s, 40.1 MB/s
2026-05-19 06:35:37,187 DEBUG   876609536 bytes (877 MB) copied, 21.395265 s, 41.0 MB/s
2026-05-19 06:35:37,187 DEBUG   930086912 bytes (930 MB) copied, 22.407542 s, 41.5 MB/s
2026-05-19 06:35:37,187 DEBUG   986710016 bytes (987 MB) copied, 23.414604 s, 42.1 MB/s
2026-05-19 06:35:37,187 DEBUG   1042284544 bytes (1.0 GB) copied, 24.451274 s, 42.6 MB/s
2026-05-19 06:35:37,187 DEBUG   1024+0 records in
2026-05-19 06:35:37,187 DEBUG   1024+0 records out
2026-05-19 06:35:37,187 DEBUG   1073741824 bytes (1.1 GB) copied, 24.8642 s, 43.2 MB/s
2026-05-19 06:35:37,187 DEBUG   OK (disk op exit 0)
2026-05-19 06:35:37,187 WARNING Guest disk op wall 26.0s (vm='ahv_ins_delete-0-260514-134337' ip=10.114.54.81 op=create ec=0) — includes SSH + guest disk command; if still high, check guest disk throughput vs. MiB settings.
2026-05-19 06:35:37,188 DEBUG [16/566] VM 260a1d9d… (ahv_ins_delete-0-260514-175832) via 10.114.52.133 op=create
2026-05-19 06:35:37,188 DEBUG   remote: bash -lc 'set -e; _bs(){ printf '"'"'BULK_SNAP_T %s %s\n'"'"' "$1" "$(date +%s.%N 2>/dev/null || date +%s)"; }; _bs guest_start; _bs pipeline_start; openssl enc -aes-256-ctr -pass pass:"testing" -nosalt < /dev/zero 2>/dev/null | dd of=/root/dummy_snapshot_data_1.img bs=1M count=1024 iflag=fullblock status=progress; ec=$?; _bs pipeline_done; _bs guest_end; exit $ec'
2026-05-19 06:35:44,685 DEBUG   BULK_SNAP_T guest_start 1779140128.967357097
2026-05-19 06:35:44,685 DEBUG   BULK_SNAP_T pipeline_start 1779140128.972887943
2026-05-19 06:35:44,685 DEBUG   BULK_SNAP_T pipeline_done 1779140141.425336965
2026-05-19 06:35:44,685 DEBUG   BULK_SNAP_T guest_end 1779140141.426912957
2026-05-19 06:35:44,685 DEBUG   
2026-05-19 06:35:44,685 DEBUG   53477376 bytes (53 MB) copied, 1.004831 s, 53.2 MB/s
2026-05-19 06:35:44,685 DEBUG   127926272 bytes (128 MB) copied, 2.005327 s, 63.8 MB/s
2026-05-19 06:35:44,685 DEBUG   197132288 bytes (197 MB) copied, 3.016473 s, 65.4 MB/s
2026-05-19 06:35:44,685 DEBUG   279969792 bytes (280 MB) copied, 4.018307 s, 69.7 MB/s
2026-05-19 06:35:44,685 DEBUG   370147328 bytes (370 MB) copied, 5.018488 s, 73.8 MB/s
2026-05-19 06:35:44,685 DEBUG   473956352 bytes (474 MB) copied, 6.022548 s, 78.7 MB/s
2026-05-19 06:35:44,685 DEBUG   578813952 bytes (579 MB) copied, 7.036335 s, 82.3 MB/s
2026-05-19 06:35:44,685 DEBUG   677380096 bytes (677 MB) copied, 8.037908 s, 84.3 MB/s
2026-05-19 06:35:44,685 DEBUG   771751936 bytes (772 MB) copied, 9.047312 s, 85.3 MB/s
2026-05-19 06:35:44,685 DEBUG   865075200 bytes (865 MB) copied, 10.053348 s, 86.0 MB/s
2026-05-19 06:35:44,685 DEBUG   955252736 bytes (955 MB) copied, 11.054279 s, 86.4 MB/s
2026-05-19 06:35:44,685 DEBUG   1047527424 bytes (1.0 GB) copied, 12.062287 s, 86.8 MB/s
2026-05-19 06:35:44,685 DEBUG   1024+0 records in
2026-05-19 06:35:44,685 DEBUG   1024+0 records out
2026-05-19 06:35:44,685 DEBUG   1073741824 bytes (1.1 GB) copied, 12.3965 s, 86.6 MB/s
2026-05-19 06:35:44,685 DEBUG   OK (disk op exit 0)
2026-05-19 06:35:44,686 DEBUG [17/566] VM a89a0471… (ahv_ins_delete-0-260514-175843) via 10.114.51.47 op=create
2026-05-19 06:35:44,686 DEBUG   remote: bash -lc 'set -e; _bs(){ printf '"'"'BULK_SNAP_T %s %s\n'"'"' "$1" "$(date +%s.%N 2>/dev/null || date +%s)"; }; _bs guest_start; _bs pipeline_start; openssl enc -aes-256-ctr -pass pass:"testing" -nosalt < /dev/zero 2>/dev/null | dd of=/root/dummy_snapshot_data_1.img bs=1M count=1024 iflag=fullblock status=progress; ec=$?; _bs pipeline_done; _bs guest_end; exit $ec'
2026-05-19 06:35:47,928 DEBUG   BULK_SNAP_T guest_start 1779140108.263495105
2026-05-19 06:35:47,928 DEBUG   BULK_SNAP_T pipeline_start 1779140108.274711667
2026-05-19 06:35:47,928 DEBUG   BULK_SNAP_T pipeline_done 1779140144.011624381
2026-05-19 06:35:47,928 DEBUG   BULK_SNAP_T guest_end 1779140144.030814225
2026-05-19 06:35:47,928 DEBUG   
2026-05-19 06:35:47,928 DEBUG   22020096 bytes (22 MB) copied, 1.185890 s, 18.6 MB/s
2026-05-19 06:35:47,928 DEBUG   47185920 bytes (47 MB) copied, 2.193164 s, 21.5 MB/s
2026-05-19 06:35:47,928 DEBUG   72351744 bytes (72 MB) copied, 3.216675 s, 22.5 MB/s
2026-05-19 06:35:47,928 DEBUG   95420416 bytes (95 MB) copied, 4.232701 s, 22.5 MB/s
2026-05-19 06:35:47,928 DEBUG   113246208 bytes (113 MB) copied, 5.290693 s, 21.4 MB/s
2026-05-19 06:35:47,928 DEBUG   133169152 bytes (133 MB) copied, 6.319770 s, 21.1 MB/s
2026-05-19 06:35:47,928 DEBUG   164626432 bytes (165 MB) copied, 7.336764 s, 22.4 MB/s
2026-05-19 06:35:47,928 DEBUG   191889408 bytes (192 MB) copied, 8.345770 s, 23.0 MB/s
2026-05-19 06:35:47,928 DEBUG   212860928 bytes (213 MB) copied, 9.365084 s, 22.7 MB/s
2026-05-19 06:35:47,928 DEBUG   245366784 bytes (245 MB) copied, 10.388693 s, 23.6 MB/s
2026-05-19 06:35:47,928 DEBUG   265289728 bytes (265 MB) copied, 11.411889 s, 23.2 MB/s
2026-05-19 06:35:47,928 DEBUG   295698432 bytes (296 MB) copied, 12.452828 s, 23.7 MB/s
2026-05-19 06:35:47,928 DEBUG   320864256 bytes (321 MB) copied, 13.497051 s, 23.8 MB/s
2026-05-19 06:35:47,928 DEBUG   341835776 bytes (342 MB) copied, 14.528743 s, 23.5 MB/s
2026-05-19 06:35:47,929 DEBUG   370147328 bytes (370 MB) copied, 15.559701 s, 23.8 MB/s
2026-05-19 06:35:47,929 DEBUG   396361728 bytes (396 MB) copied, 16.639141 s, 23.8 MB/s
2026-05-19 06:35:47,929 DEBUG   423624704 bytes (424 MB) copied, 17.662683 s, 24.0 MB/s
2026-05-19 06:35:47,929 DEBUG   445644800 bytes (446 MB) copied, 18.669001 s, 23.9 MB/s
2026-05-19 06:35:47,929 DEBUG   480247808 bytes (480 MB) copied, 19.680874 s, 24.4 MB/s
2026-05-19 06:35:47,929 DEBUG   521142272 bytes (521 MB) copied, 20.694168 s, 25.2 MB/s
2026-05-19 06:35:47,929 DEBUG   547356672 bytes (547 MB) copied, 21.791671 s, 25.1 MB/s
2026-05-19 06:35:47,929 DEBUG   574619648 bytes (575 MB) copied, 22.795699 s, 25.2 MB/s
2026-05-19 06:35:47,929 DEBUG   607125504 bytes (607 MB) copied, 23.820725 s, 25.5 MB/s
2026-05-19 06:35:47,929 DEBUG   645922816 bytes (646 MB) copied, 24.873739 s, 26.0 MB/s
2026-05-19 06:35:47,929 DEBUG   688914432 bytes (689 MB) copied, 25.910712 s, 26.6 MB/s
2026-05-19 06:35:47,929 DEBUG   721420288 bytes (721 MB) copied, 26.939742 s, 26.8 MB/s
2026-05-19 06:35:47,929 DEBUG   756023296 bytes (756 MB) copied, 27.985713 s, 27.0 MB/s
2026-05-19 06:35:47,929 DEBUG   795869184 bytes (796 MB) copied, 29.006759 s, 27.4 MB/s
2026-05-19 06:35:47,929 DEBUG   828375040 bytes (828 MB) copied, 30.039730 s, 27.6 MB/s
2026-05-19 06:35:47,929 DEBUG   869269504 bytes (869 MB) copied, 31.048180 s, 28.0 MB/s
2026-05-19 06:35:47,929 DEBUG   913309696 bytes (913 MB) copied, 32.094715 s, 28.5 MB/s
2026-05-19 06:35:47,929 DEBUG   960495616 bytes (960 MB) copied, 33.115732 s, 29.0 MB/s
2026-05-19 06:35:47,929 DEBUG   1006632960 bytes (1.0 GB) copied, 34.118770 s, 29.5 MB/s
2026-05-19 06:35:47,929 DEBUG   1053818880 bytes (1.1 GB) copied, 35.128830 s, 30.0 MB/s
2026-05-19 06:35:47,929 DEBUG   1024+0 records in
2026-05-19 06:35:47,929 DEBUG   1024+0 records out
2026-05-19 06:35:47,929 DEBUG   1073741824 bytes (1.1 GB) copied, 35.6644 s, 30.1 MB/s
2026-05-19 06:35:47,929 DEBUG   OK (disk op exit 0)
2026-05-19 06:35:47,929 WARNING Guest disk op wall 36.8s (vm='ahv_bp_vm_1_xa28-0-260514-044905' ip=10.114.51.127 op=create ec=0) — includes SSH + guest disk command; if still high, check guest disk throughput vs. MiB settings.
2026-05-19 06:35:47,929 DEBUG [18/566] VM 4bbfd520… (ahv_ins_delete-0-260514-175854) via 10.114.53.252 op=create
2026-05-19 06:35:47,930 DEBUG   remote: bash -lc 'set -e; _bs(){ printf '"'"'BULK_SNAP_T %s %s\n'"'"' "$1" "$(date +%s.%N 2>/dev/null || date +%s)"; }; _bs guest_start; _bs pipeline_start; openssl enc -aes-256-ctr -pass pass:"testing" -nosalt < /dev/zero 2>/dev/null | dd of=/root/dummy_snapshot_data_1.img bs=1M count=1024 iflag=fullblock status=progress; ec=$?; _bs pipeline_done; _bs guest_end; exit $ec'
2026-05-19 06:35:53,680 DEBUG   BULK_SNAP_T guest_start 1779140108.676020802
2026-05-19 06:35:53,680 DEBUG   BULK_SNAP_T pipeline_start 1779140108.678648749
2026-05-19 06:35:53,680 DEBUG   BULK_SNAP_T pipeline_done 1779140149.993433688
2026-05-19 06:35:53,680 DEBUG   BULK_SNAP_T guest_end 1779140149.999575565
2026-05-19 06:35:53,680 DEBUG   
2026-05-19 06:35:53,680 DEBUG   27262976 bytes (27 MB) copied, 1.060060 s, 25.7 MB/s
2026-05-19 06:35:53,681 DEBUG   55574528 bytes (56 MB) copied, 2.097035 s, 26.5 MB/s
2026-05-19 06:35:53,681 DEBUG   79691776 bytes (80 MB) copied, 3.146490 s, 25.3 MB/s
2026-05-19 06:35:53,681 DEBUG   108003328 bytes (108 MB) copied, 4.198058 s, 25.7 MB/s
2026-05-19 06:35:53,681 DEBUG   130023424 bytes (130 MB) copied, 5.209145 s, 25.0 MB/s
2026-05-19 06:35:53,681 DEBUG   150994944 bytes (151 MB) copied, 6.214024 s, 24.3 MB/s
2026-05-19 06:35:53,681 DEBUG   170917888 bytes (171 MB) copied, 7.229058 s, 23.6 MB/s
2026-05-19 06:35:53,681 DEBUG   192937984 bytes (193 MB) copied, 8.242026 s, 23.4 MB/s
2026-05-19 06:35:53,681 DEBUG   218103808 bytes (218 MB) copied, 9.347049 s, 23.3 MB/s
2026-05-19 06:35:53,681 DEBUG   239075328 bytes (239 MB) copied, 10.351020 s, 23.1 MB/s
2026-05-19 06:35:53,681 DEBUG   255852544 bytes (256 MB) copied, 11.470033 s, 22.3 MB/s
2026-05-19 06:35:53,681 DEBUG   272629760 bytes (273 MB) copied, 12.475573 s, 21.9 MB/s
2026-05-19 06:35:53,681 DEBUG   293601280 bytes (294 MB) copied, 13.511231 s, 21.7 MB/s
2026-05-19 06:35:53,681 DEBUG   312475648 bytes (312 MB) copied, 14.531023 s, 21.5 MB/s
2026-05-19 06:35:53,681 DEBUG   331350016 bytes (331 MB) copied, 15.543557 s, 21.3 MB/s
2026-05-19 06:35:53,681 DEBUG   351272960 bytes (351 MB) copied, 16.580080 s, 21.2 MB/s
2026-05-19 06:35:53,681 DEBUG   368050176 bytes (368 MB) copied, 17.596012 s, 20.9 MB/s
2026-05-19 06:35:53,681 DEBUG   392167424 bytes (392 MB) copied, 18.726045 s, 20.9 MB/s
2026-05-19 06:35:53,681 DEBUG   418381824 bytes (418 MB) copied, 19.789096 s, 21.1 MB/s
2026-05-19 06:35:53,681 DEBUG   446693376 bytes (447 MB) copied, 20.853166 s, 21.4 MB/s
2026-05-19 06:35:53,681 DEBUG   472907776 bytes (473 MB) copied, 21.950117 s, 21.5 MB/s
2026-05-19 06:35:53,681 DEBUG   504365056 bytes (504 MB) copied, 23.028990 s, 21.9 MB/s
2026-05-19 06:35:53,681 DEBUG   530579456 bytes (531 MB) copied, 24.064245 s, 22.0 MB/s
2026-05-19 06:35:53,681 DEBUG   563085312 bytes (563 MB) copied, 25.127090 s, 22.4 MB/s
2026-05-19 06:35:53,681 DEBUG   603979776 bytes (604 MB) copied, 26.238072 s, 23.0 MB/s
2026-05-19 06:35:53,681 DEBUG   640679936 bytes (641 MB) copied, 27.344097 s, 23.4 MB/s
2026-05-19 06:35:53,681 DEBUG   672137216 bytes (672 MB) copied, 28.357462 s, 23.7 MB/s
2026-05-19 06:35:53,681 DEBUG   703594496 bytes (704 MB) copied, 29.361443 s, 24.0 MB/s
2026-05-19 06:35:53,681 DEBUG   727711744 bytes (728 MB) copied, 30.417088 s, 23.9 MB/s
2026-05-19 06:35:53,681 DEBUG   756023296 bytes (756 MB) copied, 31.436091 s, 24.0 MB/s
2026-05-19 06:35:53,681 DEBUG   785383424 bytes (785 MB) copied, 32.441705 s, 24.2 MB/s
2026-05-19 06:35:53,681 DEBUG   823132160 bytes (823 MB) copied, 33.467435 s, 24.6 MB/s
2026-05-19 06:35:53,681 DEBUG   850395136 bytes (850 MB) copied, 34.486063 s, 24.7 MB/s
2026-05-19 06:35:53,681 DEBUG   881852416 bytes (882 MB) copied, 35.530239 s, 24.8 MB/s
2026-05-19 06:35:53,681 DEBUG   918552576 bytes (919 MB) copied, 36.539014 s, 25.1 MB/s
2026-05-19 06:35:53,681 DEBUG   955252736 bytes (955 MB) copied, 37.592000 s, 25.4 MB/s
2026-05-19 06:35:53,681 DEBUG   986710016 bytes (987 MB) copied, 38.597058 s, 25.6 MB/s
2026-05-19 06:35:53,681 DEBUG   1020264448 bytes (1.0 GB) copied, 39.606596 s, 25.8 MB/s
2026-05-19 06:35:53,681 DEBUG   1053818880 bytes (1.1 GB) copied, 40.607170 s, 26.0 MB/s
2026-05-19 06:35:53,681 DEBUG   1024+0 records in
2026-05-19 06:35:53,681 DEBUG   1024+0 records out
2026-05-19 06:35:53,681 DEBUG   1073741824 bytes (1.1 GB) copied, 41.2257 s, 26.0 MB/s
2026-05-19 06:35:53,681 DEBUG   OK (disk op exit 0)
2026-05-19 06:35:53,682 WARNING Guest disk op wall 42.5s (vm='ahv_ins_delete-0-260514-054142' ip=10.114.51.90 op=create ec=0) — includes SSH + guest disk command; if still high, check guest disk throughput vs. MiB settings.
2026-05-19 06:35:53,682 DEBUG [19/566] VM 30846fe3… (ahv_ins_delete-0-260514-175857) via 10.114.49.135 op=create
2026-05-19 06:35:53,682 DEBUG   remote: bash -lc 'set -e; _bs(){ printf '"'"'BULK_SNAP_T %s %s\n'"'"' "$1" "$(date +%s.%N 2>/dev/null || date +%s)"; }; _bs guest_start; _bs pipeline_start; openssl enc -aes-256-ctr -pass pass:"testing" -nosalt < /dev/zero 2>/dev/null | dd of=/root/dummy_snapshot_data_1.img bs=1M count=1024 iflag=fullblock status=progress; ec=$?; _bs pipeline_done; _bs guest_end; exit $ec'
2026-05-19 06:35:55,943 DEBUG   BULK_SNAP_T guest_start 1779140108.735056385
2026-05-19 06:35:55,943 DEBUG   BULK_SNAP_T pipeline_start 1779140108.739225830
2026-05-19 06:35:55,943 DEBUG   BULK_SNAP_T pipeline_done 1779140152.586091170
2026-05-19 06:35:55,943 DEBUG   BULK_SNAP_T guest_end 1779140152.590123386
2026-05-19 06:35:55,943 DEBUG   
2026-05-19 06:35:55,943 DEBUG   23068672 bytes (23 MB) copied, 1.048390 s, 22.0 MB/s
2026-05-19 06:35:55,943 DEBUG   39845888 bytes (40 MB) copied, 2.049531 s, 19.4 MB/s
2026-05-19 06:35:55,943 DEBUG   58720256 bytes (59 MB) copied, 3.075362 s, 19.1 MB/s
2026-05-19 06:35:55,943 DEBUG   78643200 bytes (79 MB) copied, 4.093417 s, 19.2 MB/s
2026-05-19 06:35:55,943 DEBUG   96468992 bytes (96 MB) copied, 5.161431 s, 18.7 MB/s
2026-05-19 06:35:55,943 DEBUG   114294784 bytes (114 MB) copied, 6.163366 s, 18.5 MB/s
2026-05-19 06:35:55,943 DEBUG   131072000 bytes (131 MB) copied, 7.348388 s, 17.8 MB/s
2026-05-19 06:35:55,943 DEBUG   150994944 bytes (151 MB) copied, 8.368438 s, 18.0 MB/s
2026-05-19 06:35:55,943 DEBUG   168820736 bytes (169 MB) copied, 9.368999 s, 18.0 MB/s
2026-05-19 06:35:55,943 DEBUG   183500800 bytes (184 MB) copied, 10.391370 s, 17.7 MB/s
2026-05-19 06:35:55,943 DEBUG   202375168 bytes (202 MB) copied, 11.506380 s, 17.6 MB/s
2026-05-19 06:35:55,943 DEBUG   218103808 bytes (218 MB) copied, 12.553411 s, 17.4 MB/s
2026-05-19 06:35:55,943 DEBUG   234881024 bytes (235 MB) copied, 13.613515 s, 17.3 MB/s
2026-05-19 06:35:55,943 DEBUG   254803968 bytes (255 MB) copied, 14.623842 s, 17.4 MB/s
2026-05-19 06:35:55,943 DEBUG   272629760 bytes (273 MB) copied, 15.668432 s, 17.4 MB/s
2026-05-19 06:35:55,943 DEBUG   291504128 bytes (292 MB) copied, 16.692378 s, 17.5 MB/s
2026-05-19 06:35:55,943 DEBUG   309329920 bytes (309 MB) copied, 17.746761 s, 17.4 MB/s
2026-05-19 06:35:55,943 DEBUG   326107136 bytes (326 MB) copied, 18.771839 s, 17.4 MB/s
2026-05-19 06:35:55,943 DEBUG   344981504 bytes (345 MB) copied, 19.775829 s, 17.4 MB/s
2026-05-19 06:35:55,943 DEBUG   376438784 bytes (376 MB) copied, 20.779808 s, 18.1 MB/s
2026-05-19 06:35:55,943 DEBUG   402653184 bytes (403 MB) copied, 21.811354 s, 18.5 MB/s
2026-05-19 06:35:55,943 DEBUG   424673280 bytes (425 MB) copied, 22.886455 s, 18.6 MB/s
2026-05-19 06:35:55,943 DEBUG   451936256 bytes (452 MB) copied, 23.887341 s, 18.9 MB/s
2026-05-19 06:35:55,943 DEBUG   483393536 bytes (483 MB) copied, 24.924356 s, 19.4 MB/s
2026-05-19 06:35:55,943 DEBUG   514850816 bytes (515 MB) copied, 25.928473 s, 19.9 MB/s
2026-05-19 06:35:55,943 DEBUG   544210944 bytes (544 MB) copied, 26.946548 s, 20.2 MB/s
2026-05-19 06:35:55,943 DEBUG   572522496 bytes (573 MB) copied, 27.976442 s, 20.5 MB/s
2026-05-19 06:35:55,943 DEBUG   599785472 bytes (600 MB) copied, 29.002377 s, 20.7 MB/s
2026-05-19 06:35:55,944 DEBUG   625999872 bytes (626 MB) copied, 30.050378 s, 20.8 MB/s
2026-05-19 06:35:55,944 DEBUG   653262848 bytes (653 MB) copied, 31.078410 s, 21.0 MB/s
2026-05-19 06:35:55,944 DEBUG   683671552 bytes (684 MB) copied, 32.079382 s, 21.3 MB/s
2026-05-19 06:35:55,944 DEBUG   711983104 bytes (712 MB) copied, 33.082487 s, 21.5 MB/s
2026-05-19 06:35:55,944 DEBUG   751828992 bytes (752 MB) copied, 34.103426 s, 22.0 MB/s
2026-05-19 06:35:55,944 DEBUG   787480576 bytes (787 MB) copied, 35.167461 s, 22.4 MB/s
2026-05-19 06:35:55,944 DEBUG   821035008 bytes (821 MB) copied, 36.185330 s, 22.7 MB/s
2026-05-19 06:35:55,944 DEBUG   859832320 bytes (860 MB) copied, 37.191905 s, 23.1 MB/s
2026-05-19 06:35:55,944 DEBUG   894435328 bytes (894 MB) copied, 38.207433 s, 23.4 MB/s
2026-05-19 06:35:55,944 DEBUG   931135488 bytes (931 MB) copied, 39.238475 s, 23.7 MB/s
2026-05-19 06:35:55,944 DEBUG   960495616 bytes (960 MB) copied, 40.264495 s, 23.9 MB/s
2026-05-19 06:35:55,944 DEBUG   990904320 bytes (991 MB) copied, 41.335456 s, 24.0 MB/s
2026-05-19 06:35:55,944 DEBUG   1028653056 bytes (1.0 GB) copied, 42.435432 s, 24.2 MB/s
2026-05-19 06:35:55,944 DEBUG   1063256064 bytes (1.1 GB) copied, 43.486342 s, 24.5 MB/s
2026-05-19 06:35:55,944 DEBUG   1024+0 records in
2026-05-19 06:35:55,944 DEBUG   1024+0 records out
2026-05-19 06:35:55,944 DEBUG   1073741824 bytes (1.1 GB) copied, 43.7581 s, 24.5 MB/s
2026-05-19 06:35:55,944 DEBUG   OK (disk op exit 0)
2026-05-19 06:35:55,944 WARNING Guest disk op wall 44.8s (vm='ahv_ins_delete-0-260514-134636' ip=10.114.51.23 op=create ec=0) — includes SSH + guest disk command; if still high, check guest disk throughput vs. MiB settings.
2026-05-19 06:35:55,944 DEBUG [20/566] VM 3223efbb… (ahv_ins_delete-0-260514-175858) via 10.114.53.140 op=create
2026-05-19 06:35:55,944 DEBUG   remote: bash -lc 'set -e; _bs(){ printf '"'"'BULK_SNAP_T %s %s\n'"'"' "$1" "$(date +%s.%N 2>/dev/null || date +%s)"; }; _bs guest_start; _bs pipeline_start; openssl enc -aes-256-ctr -pass pass:"testing" -nosalt < /dev/zero 2>/dev/null | dd of=/root/dummy_snapshot_data_1.img bs=1M count=1024 iflag=fullblock status=progress; ec=$?; _bs pipeline_done; _bs guest_end; exit $ec'
2026-05-19 06:35:56,941 DEBUG   BULK_SNAP_T guest_start 1779140108.433275663
2026-05-19 06:35:56,941 DEBUG   BULK_SNAP_T pipeline_start 1779140108.436479230
2026-05-19 06:35:56,941 DEBUG   BULK_SNAP_T pipeline_done 1779140153.454341523
2026-05-19 06:35:56,941 DEBUG   BULK_SNAP_T guest_end 1779140153.457627302
2026-05-19 06:35:56,941 DEBUG   
2026-05-19 06:35:56,941 DEBUG   25165824 bytes (25 MB) copied, 1.003384 s, 25.1 MB/s
2026-05-19 06:35:56,941 DEBUG   46137344 bytes (46 MB) copied, 2.028220 s, 22.7 MB/s
2026-05-19 06:35:56,941 DEBUG   62914560 bytes (63 MB) copied, 3.063428 s, 20.5 MB/s
2026-05-19 06:35:56,941 DEBUG   82837504 bytes (83 MB) copied, 4.094260 s, 20.2 MB/s
2026-05-19 06:35:56,941 DEBUG   102760448 bytes (103 MB) copied, 5.125203 s, 20.1 MB/s
2026-05-19 06:35:56,941 DEBUG   119537664 bytes (120 MB) copied, 6.175219 s, 19.4 MB/s
2026-05-19 06:35:56,941 DEBUG   139460608 bytes (139 MB) copied, 7.215193 s, 19.3 MB/s
2026-05-19 06:35:56,941 DEBUG   155189248 bytes (155 MB) copied, 8.227632 s, 18.9 MB/s
2026-05-19 06:35:56,941 DEBUG   171966464 bytes (172 MB) copied, 9.247528 s, 18.6 MB/s
2026-05-19 06:35:56,941 DEBUG   190840832 bytes (191 MB) copied, 10.372204 s, 18.4 MB/s
2026-05-19 06:35:56,941 DEBUG   209715200 bytes (210 MB) copied, 11.433200 s, 18.3 MB/s
2026-05-19 06:35:56,941 DEBUG   226492416 bytes (226 MB) copied, 12.541222 s, 18.1 MB/s
2026-05-19 06:35:56,941 DEBUG   244318208 bytes (244 MB) copied, 13.594626 s, 18.0 MB/s
2026-05-19 06:35:56,941 DEBUG   263192576 bytes (263 MB) copied, 14.659301 s, 18.0 MB/s
2026-05-19 06:35:56,941 DEBUG   279969792 bytes (280 MB) copied, 15.659667 s, 17.9 MB/s
2026-05-19 06:35:56,941 DEBUG   299892736 bytes (300 MB) copied, 16.704240 s, 18.0 MB/s
2026-05-19 06:35:56,941 DEBUG   318767104 bytes (319 MB) copied, 17.708233 s, 18.0 MB/s
2026-05-19 06:35:56,941 DEBUG   335544320 bytes (336 MB) copied, 18.714540 s, 17.9 MB/s
2026-05-19 06:35:56,941 DEBUG   358612992 bytes (359 MB) copied, 19.718313 s, 18.2 MB/s
2026-05-19 06:35:56,942 DEBUG   386924544 bytes (387 MB) copied, 20.789278 s, 18.6 MB/s
2026-05-19 06:35:56,942 DEBUG   411041792 bytes (411 MB) copied, 21.804309 s, 18.9 MB/s
2026-05-19 06:35:56,942 DEBUG   427819008 bytes (428 MB) copied, 22.807492 s, 18.8 MB/s
2026-05-19 06:35:56,942 DEBUG   449839104 bytes (450 MB) copied, 23.819251 s, 18.9 MB/s
2026-05-19 06:35:56,942 DEBUG   473956352 bytes (474 MB) copied, 24.864284 s, 19.1 MB/s
2026-05-19 06:35:56,942 DEBUG   500170752 bytes (500 MB) copied, 25.899467 s, 19.3 MB/s
2026-05-19 06:35:56,942 DEBUG   528482304 bytes (528 MB) copied, 26.901247 s, 19.6 MB/s
2026-05-19 06:35:56,942 DEBUG   554696704 bytes (555 MB) copied, 27.904527 s, 19.9 MB/s
2026-05-19 06:35:56,942 DEBUG   584056832 bytes (584 MB) copied, 28.951491 s, 20.2 MB/s
2026-05-19 06:35:56,942 DEBUG   608174080 bytes (608 MB) copied, 29.959248 s, 20.3 MB/s
2026-05-19 06:35:56,942 DEBUG   639631360 bytes (640 MB) copied, 30.959261 s, 20.7 MB/s
2026-05-19 06:35:56,942 DEBUG   665845760 bytes (666 MB) copied, 31.981682 s, 20.8 MB/s
2026-05-19 06:35:56,942 DEBUG   692060160 bytes (692 MB) copied, 33.017381 s, 21.0 MB/s
2026-05-19 06:35:56,942 DEBUG   729808896 bytes (730 MB) copied, 34.076250 s, 21.4 MB/s
2026-05-19 06:35:56,942 DEBUG   761266176 bytes (761 MB) copied, 35.080823 s, 21.7 MB/s
2026-05-19 06:35:56,942 DEBUG   791674880 bytes (792 MB) copied, 36.128401 s, 21.9 MB/s
2026-05-19 06:35:56,942 DEBUG   826277888 bytes (826 MB) copied, 37.161337 s, 22.2 MB/s
2026-05-19 06:35:56,942 DEBUG   857735168 bytes (858 MB) copied, 38.202419 s, 22.5 MB/s
2026-05-19 06:35:56,942 DEBUG   891289600 bytes (891 MB) copied, 39.216714 s, 22.7 MB/s
2026-05-19 06:35:56,942 DEBUG   920649728 bytes (921 MB) copied, 40.226506 s, 22.9 MB/s
2026-05-19 06:35:56,942 DEBUG   951058432 bytes (951 MB) copied, 41.260361 s, 23.1 MB/s
2026-05-19 06:35:56,942 DEBUG   982515712 bytes (983 MB) copied, 42.267835 s, 23.2 MB/s
2026-05-19 06:35:56,942 DEBUG   1016070144 bytes (1.0 GB) copied, 43.283481 s, 23.5 MB/s
2026-05-19 06:35:56,942 DEBUG   1051721728 bytes (1.1 GB) copied, 44.305455 s, 23.7 MB/s
2026-05-19 06:35:56,942 DEBUG   1024+0 records in
2026-05-19 06:35:56,942 DEBUG   1024+0 records out
2026-05-19 06:35:56,942 DEBUG   1073741824 bytes (1.1 GB) copied, 44.9335 s, 23.9 MB/s
2026-05-19 06:35:56,942 DEBUG   OK (disk op exit 0)
2026-05-19 06:35:56,942 WARNING Guest disk op wall 45.8s (vm='ahv_ins_delete-0-260514-082142' ip=10.114.51.26 op=create ec=0) — includes SSH + guest disk command; if still high, check guest disk throughput vs. MiB settings.
2026-05-19 06:35:56,943 DEBUG [21/566] VM 4cd6b858… (ahv_ins_delete-0-260514-180340) via 10.114.52.229 op=create
2026-05-19 06:35:56,943 DEBUG   remote: bash -lc 'set -e; _bs(){ printf '"'"'BULK_SNAP_T %s %s\n'"'"' "$1" "$(date +%s.%N 2>/dev/null || date +%s)"; }; _bs guest_start; _bs pipeline_start; openssl enc -aes-256-ctr -pass pass:"testing" -nosalt < /dev/zero 2>/dev/null | dd of=/root/dummy_snapshot_data_1.img bs=1M count=1024 iflag=fullblock status=progress; ec=$?; _bs pipeline_done; _bs guest_end; exit $ec'
2026-05-19 06:36:04,951 DEBUG   BULK_SNAP_T guest_start 1779140129.709004993
2026-05-19 06:36:04,952 DEBUG   BULK_SNAP_T pipeline_start 1779140129.712875838
2026-05-19 06:36:04,952 DEBUG   BULK_SNAP_T pipeline_done 1779140161.095347506
2026-05-19 06:36:04,952 DEBUG   BULK_SNAP_T guest_end 1779140161.101403928
2026-05-19 06:36:04,952 DEBUG   
2026-05-19 06:36:04,952 DEBUG   22020096 bytes (22 MB) copied, 1.003875 s, 21.9 MB/s
2026-05-19 06:36:04,952 DEBUG   46137344 bytes (46 MB) copied, 2.015216 s, 22.9 MB/s
2026-05-19 06:36:04,952 DEBUG   72351744 bytes (72 MB) copied, 3.023175 s, 23.9 MB/s
2026-05-19 06:36:04,952 DEBUG   99614720 bytes (100 MB) copied, 4.056860 s, 24.6 MB/s
2026-05-19 06:36:04,952 DEBUG   133169152 bytes (133 MB) copied, 5.069875 s, 26.3 MB/s
2026-05-19 06:36:04,952 DEBUG   163577856 bytes (164 MB) copied, 6.072805 s, 26.9 MB/s
2026-05-19 06:36:04,952 DEBUG   192937984 bytes (193 MB) copied, 7.088866 s, 27.2 MB/s
2026-05-19 06:36:04,952 DEBUG   221249536 bytes (221 MB) copied, 8.117953 s, 27.3 MB/s
2026-05-19 06:36:04,952 DEBUG   254803968 bytes (255 MB) copied, 9.119854 s, 27.9 MB/s
2026-05-19 06:36:04,952 DEBUG   287309824 bytes (287 MB) copied, 10.155813 s, 28.3 MB/s
2026-05-19 06:36:04,952 DEBUG   321912832 bytes (322 MB) copied, 11.213996 s, 28.7 MB/s
2026-05-19 06:36:04,952 DEBUG   365953024 bytes (366 MB) copied, 12.262994 s, 29.8 MB/s
2026-05-19 06:36:04,952 DEBUG   401604608 bytes (402 MB) copied, 13.263818 s, 30.3 MB/s
2026-05-19 06:36:04,952 DEBUG   438304768 bytes (438 MB) copied, 14.285821 s, 30.7 MB/s
2026-05-19 06:36:04,952 DEBUG   481296384 bytes (481 MB) copied, 15.294833 s, 31.5 MB/s
2026-05-19 06:36:04,952 DEBUG   517996544 bytes (518 MB) copied, 16.305880 s, 31.8 MB/s
2026-05-19 06:36:04,952 DEBUG   556793856 bytes (557 MB) copied, 17.309849 s, 32.2 MB/s
2026-05-19 06:36:04,952 DEBUG   596639744 bytes (597 MB) copied, 18.358882 s, 32.5 MB/s
2026-05-19 06:36:04,952 DEBUG   631242752 bytes (631 MB) copied, 19.360917 s, 32.6 MB/s
2026-05-19 06:36:04,952 DEBUG   668991488 bytes (669 MB) copied, 20.417896 s, 32.8 MB/s
2026-05-19 06:36:04,952 DEBUG   710934528 bytes (711 MB) copied, 21.441887 s, 33.2 MB/s
2026-05-19 06:36:04,952 DEBUG   751828992 bytes (752 MB) copied, 22.450858 s, 33.5 MB/s
2026-05-19 06:36:04,952 DEBUG   793772032 bytes (794 MB) copied, 23.457071 s, 33.8 MB/s
2026-05-19 06:36:04,952 DEBUG   835715072 bytes (836 MB) copied, 24.469904 s, 34.2 MB/s
2026-05-19 06:36:04,952 DEBUG   872415232 bytes (872 MB) copied, 25.489784 s, 34.2 MB/s
2026-05-19 06:36:04,952 DEBUG   905969664 bytes (906 MB) copied, 26.498866 s, 34.2 MB/s
2026-05-19 06:36:04,952 DEBUG   940572672 bytes (941 MB) copied, 27.555919 s, 34.1 MB/s
2026-05-19 06:36:04,952 DEBUG   976224256 bytes (976 MB) copied, 28.589914 s, 34.1 MB/s
2026-05-19 06:36:04,952 DEBUG   1013972992 bytes (1.0 GB) copied, 29.620013 s, 34.2 MB/s
2026-05-19 06:36:04,952 DEBUG   1052770304 bytes (1.1 GB) copied, 30.679846 s, 34.3 MB/s
2026-05-19 06:36:04,952 DEBUG   1024+0 records in
2026-05-19 06:36:04,952 DEBUG   1024+0 records out
2026-05-19 06:36:04,953 DEBUG   1073741824 bytes (1.1 GB) copied, 31.2718 s, 34.3 MB/s
2026-05-19 06:36:04,953 DEBUG   OK (disk op exit 0)
2026-05-19 06:36:04,953 WARNING Guest disk op wall 33.0s (vm='ahv_ins_delete-0-260514-145645' ip=10.114.50.114 op=create ec=0) — includes SSH + guest disk command; if still high, check guest disk throughput vs. MiB settings.
2026-05-19 06:36:04,953 DEBUG [22/566] VM f77809f7… (ahv_ins_delete-0-260514-180351) via 10.114.51.32 op=create
2026-05-19 06:36:04,953 DEBUG   remote: bash -lc 'set -e; _bs(){ printf '"'"'BULK_SNAP_T %s %s\n'"'"' "$1" "$(date +%s.%N 2>/dev/null || date +%s)"; }; _bs guest_start; _bs pipeline_start; openssl enc -aes-256-ctr -pass pass:"testing" -nosalt < /dev/zero 2>/dev/null | dd of=/root/dummy_snapshot_data_1.img bs=1M count=1024 iflag=fullblock status=progress; ec=$?; _bs pipeline_done; _bs guest_end; exit $ec'
2026-05-19 06:36:05,449 DEBUG   BULK_SNAP_T guest_start 1779140129.720201958
2026-05-19 06:36:05,449 DEBUG   BULK_SNAP_T pipeline_start 1779140129.724139601
2026-05-19 06:36:05,449 DEBUG   BULK_SNAP_T pipeline_done 1779140161.560852198
2026-05-19 06:36:05,449 DEBUG   BULK_SNAP_T guest_end 1779140161.572059154
2026-05-19 06:36:05,449 DEBUG   
2026-05-19 06:36:05,449 DEBUG   22020096 bytes (22 MB) copied, 1.038334 s, 21.2 MB/s
2026-05-19 06:36:05,449 DEBUG   48234496 bytes (48 MB) copied, 2.075350 s, 23.2 MB/s
2026-05-19 06:36:05,449 DEBUG   76546048 bytes (77 MB) copied, 3.133277 s, 24.4 MB/s
2026-05-19 06:36:05,449 DEBUG   111149056 bytes (111 MB) copied, 4.173449 s, 26.6 MB/s
2026-05-19 06:36:05,449 DEBUG   150994944 bytes (151 MB) copied, 5.186905 s, 29.1 MB/s
2026-05-19 06:36:05,449 DEBUG   181403648 bytes (181 MB) copied, 6.187401 s, 29.3 MB/s
2026-05-19 06:36:05,449 DEBUG   220200960 bytes (220 MB) copied, 7.229425 s, 30.5 MB/s
2026-05-19 06:36:05,449 DEBUG   253755392 bytes (254 MB) copied, 8.275288 s, 30.7 MB/s
2026-05-19 06:36:05,449 DEBUG   282066944 bytes (282 MB) copied, 9.287369 s, 30.4 MB/s
2026-05-19 06:36:05,449 DEBUG   314572800 bytes (315 MB) copied, 10.295364 s, 30.6 MB/s
2026-05-19 06:36:05,449 DEBUG   349175808 bytes (349 MB) copied, 11.311577 s, 30.9 MB/s
2026-05-19 06:36:05,449 DEBUG   386924544 bytes (387 MB) copied, 12.326612 s, 31.4 MB/s
2026-05-19 06:36:05,449 DEBUG   421527552 bytes (422 MB) copied, 13.327722 s, 31.6 MB/s
2026-05-19 06:36:05,449 DEBUG   459276288 bytes (459 MB) copied, 14.365659 s, 32.0 MB/s
2026-05-19 06:36:05,449 DEBUG   504365056 bytes (504 MB) copied, 15.394716 s, 32.8 MB/s
2026-05-19 06:36:05,449 DEBUG   541065216 bytes (541 MB) copied, 16.457280 s, 32.9 MB/s
2026-05-19 06:36:05,449 DEBUG   584056832 bytes (584 MB) copied, 17.501447 s, 33.4 MB/s
2026-05-19 06:36:05,449 DEBUG   618659840 bytes (619 MB) copied, 18.554419 s, 33.3 MB/s
2026-05-19 06:36:05,449 DEBUG   656408576 bytes (656 MB) copied, 19.557625 s, 33.6 MB/s
2026-05-19 06:36:05,449 DEBUG   695205888 bytes (695 MB) copied, 20.563689 s, 33.8 MB/s
2026-05-19 06:36:05,449 DEBUG   740294656 bytes (740 MB) copied, 21.590283 s, 34.3 MB/s
2026-05-19 06:36:05,449 DEBUG   773849088 bytes (774 MB) copied, 22.617274 s, 34.2 MB/s
2026-05-19 06:36:05,449 DEBUG   809500672 bytes (810 MB) copied, 23.621258 s, 34.3 MB/s
2026-05-19 06:36:05,449 DEBUG   844103680 bytes (844 MB) copied, 24.648302 s, 34.2 MB/s
2026-05-19 06:36:05,449 DEBUG   877658112 bytes (878 MB) copied, 25.650269 s, 34.2 MB/s
2026-05-19 06:36:05,449 DEBUG   909115392 bytes (909 MB) copied, 26.659312 s, 34.1 MB/s
2026-05-19 06:36:05,449 DEBUG   941621248 bytes (942 MB) copied, 27.668737 s, 34.0 MB/s
2026-05-19 06:36:05,450 DEBUG   974127104 bytes (974 MB) copied, 28.704358 s, 33.9 MB/s
2026-05-19 06:36:05,450 DEBUG   1004535808 bytes (1.0 GB) copied, 29.723301 s, 33.8 MB/s
2026-05-19 06:36:05,450 DEBUG   1038090240 bytes (1.0 GB) copied, 30.742646 s, 33.8 MB/s
2026-05-19 06:36:05,450 DEBUG   1024+0 records in
2026-05-19 06:36:05,450 DEBUG   1024+0 records out
2026-05-19 06:36:05,450 DEBUG   1073741824 bytes (1.1 GB) copied, 31.7323 s, 33.8 MB/s
2026-05-19 06:36:05,450 DEBUG   OK (disk op exit 0)
2026-05-19 06:36:05,450 WARNING Guest disk op wall 33.8s (vm='ahv_ins_delete-0-260514-141049' ip=10.114.50.158 op=create ec=0) — includes SSH + guest disk command; if still high, check guest disk throughput vs. MiB settings.
2026-05-19 06:36:05,450 DEBUG [23/566] VM 007b3889… (ahv_ins_delete-0-260514-180402) via 10.114.49.225 op=create
2026-05-19 06:36:05,450 DEBUG   remote: bash -lc 'set -e; _bs(){ printf '"'"'BULK_SNAP_T %s %s\n'"'"' "$1" "$(date +%s.%N 2>/dev/null || date +%s)"; }; _bs guest_start; _bs pipeline_start; openssl enc -aes-256-ctr -pass pass:"testing" -nosalt < /dev/zero 2>/dev/null | dd of=/root/dummy_snapshot_data_1.img bs=1M count=1024 iflag=fullblock status=progress; ec=$?; _bs pipeline_done; _bs guest_end; exit $ec'
2026-05-19 06:36:08,694 DEBUG   BULK_SNAP_T guest_start 1779140134.664162177
2026-05-19 06:36:08,694 DEBUG   BULK_SNAP_T pipeline_start 1779140134.670610785
2026-05-19 06:36:08,694 DEBUG   BULK_SNAP_T pipeline_done 1779140164.947006222
2026-05-19 06:36:08,694 DEBUG   BULK_SNAP_T guest_end 1779140164.948677324
2026-05-19 06:36:08,694 DEBUG   
2026-05-19 06:36:08,694 DEBUG   30408704 bytes (30 MB) copied, 1.007212 s, 30.2 MB/s
2026-05-19 06:36:08,694 DEBUG   66060288 bytes (66 MB) copied, 2.011206 s, 32.8 MB/s
2026-05-19 06:36:08,694 DEBUG   95420416 bytes (95 MB) copied, 3.042378 s, 31.4 MB/s
2026-05-19 06:36:08,694 DEBUG   127926272 bytes (128 MB) copied, 4.064215 s, 31.5 MB/s
2026-05-19 06:36:08,694 DEBUG   158334976 bytes (158 MB) copied, 5.082197 s, 31.2 MB/s
2026-05-19 06:36:08,694 DEBUG   193986560 bytes (194 MB) copied, 6.155195 s, 31.5 MB/s
2026-05-19 06:36:08,694 DEBUG   231735296 bytes (232 MB) copied, 7.205238 s, 32.2 MB/s
2026-05-19 06:36:08,694 DEBUG   270532608 bytes (271 MB) copied, 8.222284 s, 32.9 MB/s
2026-05-19 06:36:08,695 DEBUG   304087040 bytes (304 MB) copied, 9.244275 s, 32.9 MB/s
2026-05-19 06:36:08,695 DEBUG   343932928 bytes (344 MB) copied, 10.276796 s, 33.5 MB/s
2026-05-19 06:36:08,695 DEBUG   381681664 bytes (382 MB) copied, 11.299198 s, 33.8 MB/s
2026-05-19 06:36:08,695 DEBUG   422576128 bytes (423 MB) copied, 12.313257 s, 34.3 MB/s
2026-05-19 06:36:08,695 DEBUG   464519168 bytes (465 MB) copied, 13.357191 s, 34.8 MB/s
2026-05-19 06:36:08,695 DEBUG   497025024 bytes (497 MB) copied, 14.365770 s, 34.6 MB/s
2026-05-19 06:36:08,695 DEBUG   531628032 bytes (532 MB) copied, 15.405294 s, 34.5 MB/s
2026-05-19 06:36:08,695 DEBUG   577765376 bytes (578 MB) copied, 16.443260 s, 35.1 MB/s
2026-05-19 06:36:08,695 DEBUG   620756992 bytes (621 MB) copied, 17.486149 s, 35.5 MB/s
2026-05-19 06:36:08,695 DEBUG   662700032 bytes (663 MB) copied, 18.550239 s, 35.7 MB/s
2026-05-19 06:36:08,695 DEBUG   704643072 bytes (705 MB) copied, 19.564137 s, 36.0 MB/s
2026-05-19 06:36:08,695 DEBUG   743440384 bytes (743 MB) copied, 20.564439 s, 36.2 MB/s
2026-05-19 06:36:08,695 DEBUG   773849088 bytes (774 MB) copied, 21.565281 s, 35.9 MB/s
2026-05-19 06:36:08,695 DEBUG   814743552 bytes (815 MB) copied, 22.581253 s, 36.1 MB/s
2026-05-19 06:36:08,695 DEBUG   845152256 bytes (845 MB) copied, 23.595237 s, 35.8 MB/s
2026-05-19 06:36:08,695 DEBUG   875560960 bytes (876 MB) copied, 24.605268 s, 35.6 MB/s
2026-05-19 06:36:08,695 DEBUG   912261120 bytes (912 MB) copied, 25.617220 s, 35.6 MB/s
2026-05-19 06:36:08,695 DEBUG   947912704 bytes (948 MB) copied, 26.620178 s, 35.6 MB/s
2026-05-19 06:36:08,695 DEBUG   985661440 bytes (986 MB) copied, 27.648160 s, 35.7 MB/s
2026-05-19 06:36:08,695 DEBUG   1022361600 bytes (1.0 GB) copied, 28.668174 s, 35.7 MB/s
2026-05-19 06:36:08,695 DEBUG   1056964608 bytes (1.1 GB) copied, 29.678257 s, 35.6 MB/s
2026-05-19 06:36:08,695 DEBUG   1024+0 records in
2026-05-19 06:36:08,695 DEBUG   1024+0 records out
2026-05-19 06:36:08,695 DEBUG   1073741824 bytes (1.1 GB) copied, 30.1743 s, 35.6 MB/s
2026-05-19 06:36:08,695 DEBUG   OK (disk op exit 0)
2026-05-19 06:36:08,695 WARNING Guest disk op wall 32.0s (vm='ahv_ins_delete-0-260514-174752' ip=10.114.50.3 op=create ec=0) — includes SSH + guest disk command; if still high, check guest disk throughput vs. MiB settings.
2026-05-19 06:36:08,695 DEBUG [24/566] VM 5b852f31… (ahv_ins_delete-0-260514-180417) via 10.114.48.38 op=create
2026-05-19 06:36:08,696 DEBUG   remote: bash -lc 'set -e; _bs(){ printf '"'"'BULK_SNAP_T %s %s\n'"'"' "$1" "$(date +%s.%N 2>/dev/null || date +%s)"; }; _bs guest_start; _bs pipeline_start; openssl enc -aes-256-ctr -pass pass:"testing" -nosalt < /dev/zero 2>/dev/null | dd of=/root/dummy_snapshot_data_1.img bs=1M count=1024 iflag=fullblock status=progress; ec=$?; _bs pipeline_done; _bs guest_end; exit $ec'
2026-05-19 06:36:10,449 DEBUG   BULK_SNAP_T guest_start 1779140132.732076305
2026-05-19 06:36:10,449 DEBUG   BULK_SNAP_T pipeline_start 1779140132.744502496
2026-05-19 06:36:10,449 DEBUG   BULK_SNAP_T pipeline_done 1779140166.748532766
2026-05-19 06:36:10,449 DEBUG   BULK_SNAP_T guest_end 1779140166.752862632
2026-05-19 06:36:10,449 DEBUG   
2026-05-19 06:36:10,449 DEBUG   28311552 bytes (28 MB) copied, 1.104510 s, 25.6 MB/s
2026-05-19 06:36:10,449 DEBUG   59768832 bytes (60 MB) copied, 2.130496 s, 28.1 MB/s
2026-05-19 06:36:10,449 DEBUG   88080384 bytes (88 MB) copied, 3.163520 s, 27.8 MB/s
2026-05-19 06:36:10,449 DEBUG   116391936 bytes (116 MB) copied, 4.277496 s, 27.2 MB/s
2026-05-19 06:36:10,450 DEBUG   143654912 bytes (144 MB) copied, 5.290481 s, 27.2 MB/s
2026-05-19 06:36:10,450 DEBUG   171966464 bytes (172 MB) copied, 6.291573 s, 27.3 MB/s
2026-05-19 06:36:10,450 DEBUG   197132288 bytes (197 MB) copied, 7.302867 s, 27.0 MB/s
2026-05-19 06:36:10,450 DEBUG   227540992 bytes (228 MB) copied, 8.320572 s, 27.3 MB/s
2026-05-19 06:36:10,450 DEBUG   263192576 bytes (263 MB) copied, 9.326563 s, 28.2 MB/s
2026-05-19 06:36:10,450 DEBUG   295698432 bytes (296 MB) copied, 10.333678 s, 28.6 MB/s
2026-05-19 06:36:10,450 DEBUG   326107136 bytes (326 MB) copied, 11.342457 s, 28.8 MB/s
2026-05-19 06:36:10,450 DEBUG   363855872 bytes (364 MB) copied, 12.380550 s, 29.4 MB/s
2026-05-19 06:36:10,450 DEBUG   398458880 bytes (398 MB) copied, 13.406696 s, 29.7 MB/s
2026-05-19 06:36:10,450 DEBUG   430964736 bytes (431 MB) copied, 14.413736 s, 29.9 MB/s
2026-05-19 06:36:10,450 DEBUG   465567744 bytes (466 MB) copied, 15.437582 s, 30.2 MB/s
2026-05-19 06:36:10,450 DEBUG   494927872 bytes (495 MB) copied, 16.473562 s, 30.0 MB/s
2026-05-19 06:36:10,450 DEBUG   530579456 bytes (531 MB) copied, 17.526500 s, 30.3 MB/s
2026-05-19 06:36:10,450 DEBUG   569376768 bytes (569 MB) copied, 18.549558 s, 30.7 MB/s
2026-05-19 06:36:10,450 DEBUG   603979776 bytes (604 MB) copied, 19.566480 s, 30.9 MB/s
2026-05-19 06:36:10,450 DEBUG   639631360 bytes (640 MB) copied, 20.580843 s, 31.1 MB/s
2026-05-19 06:36:10,450 DEBUG   672137216 bytes (672 MB) copied, 21.582470 s, 31.1 MB/s
2026-05-19 06:36:10,450 DEBUG   707788800 bytes (708 MB) copied, 22.605555 s, 31.3 MB/s
2026-05-19 06:36:10,450 DEBUG   739246080 bytes (739 MB) copied, 23.613707 s, 31.3 MB/s
2026-05-19 06:36:10,450 DEBUG   771751936 bytes (772 MB) copied, 24.624443 s, 31.3 MB/s
2026-05-19 06:36:10,450 DEBUG   801112064 bytes (801 MB) copied, 25.683511 s, 31.2 MB/s
2026-05-19 06:36:10,450 DEBUG   834666496 bytes (835 MB) copied, 26.711946 s, 31.2 MB/s
2026-05-19 06:36:10,450 DEBUG   869269504 bytes (869 MB) copied, 27.742610 s, 31.3 MB/s
2026-05-19 06:36:10,450 DEBUG   901775360 bytes (902 MB) copied, 28.778689 s, 31.3 MB/s
2026-05-19 06:36:10,450 DEBUG   939524096 bytes (940 MB) copied, 29.804036 s, 31.5 MB/s
2026-05-19 06:36:10,450 DEBUG   972029952 bytes (972 MB) copied, 30.804727 s, 31.6 MB/s
2026-05-19 06:36:10,450 DEBUG   1002438656 bytes (1.0 GB) copied, 31.838540 s, 31.5 MB/s
2026-05-19 06:36:10,450 DEBUG   1037041664 bytes (1.0 GB) copied, 32.842560 s, 31.6 MB/s
2026-05-19 06:36:10,450 DEBUG   1071644672 bytes (1.1 GB) copied, 33.859830 s, 31.6 MB/s
2026-05-19 06:36:10,450 DEBUG   1024+0 records in
2026-05-19 06:36:10,450 DEBUG   1024+0 records out
2026-05-19 06:36:10,450 DEBUG   1073741824 bytes (1.1 GB) copied, 33.9026 s, 31.7 MB/s
2026-05-19 06:36:10,450 DEBUG   OK (disk op exit 0)
2026-05-19 06:36:10,450 WARNING Guest disk op wall 35.5s (vm='ahv_ins_delete-0-260514-174411' ip=10.114.50.66 op=create ec=0) — includes SSH + guest disk command; if still high, check guest disk throughput vs. MiB settings.
2026-05-19 06:36:10,451 DEBUG [25/566] VM b5265114… (ahv_ins_delete-0-260514-180434) via 10.114.53.241 op=create
2026-05-19 06:36:10,451 DEBUG   remote: bash -lc 'set -e; _bs(){ printf '"'"'BULK_SNAP_T %s %s\n'"'"' "$1" "$(date +%s.%N 2>/dev/null || date +%s)"; }; _bs guest_start; _bs pipeline_start; openssl enc -aes-256-ctr -pass pass:"testing" -nosalt < /dev/zero 2>/dev/null | dd of=/root/dummy_snapshot_data_1.img bs=1M count=1024 iflag=fullblock status=progress; ec=$?; _bs pipeline_done; _bs guest_end; exit $ec'
2026-05-19 06:36:12,457 DEBUG   BULK_SNAP_T guest_start 1779140135.359266509
2026-05-19 06:36:12,457 DEBUG   BULK_SNAP_T pipeline_start 1779140135.363154027
2026-05-19 06:36:12,457 DEBUG   BULK_SNAP_T pipeline_done 1779140169.098923012
2026-05-19 06:36:12,457 DEBUG   BULK_SNAP_T guest_end 1779140169.100660794
2026-05-19 06:36:12,457 DEBUG   
2026-05-19 06:36:12,457 DEBUG   25165824 bytes (25 MB) copied, 1.016998 s, 24.7 MB/s
2026-05-19 06:36:12,457 DEBUG   54525952 bytes (55 MB) copied, 2.018148 s, 27.0 MB/s
2026-05-19 06:36:12,457 DEBUG   82837504 bytes (83 MB) copied, 3.070975 s, 27.0 MB/s
2026-05-19 06:36:12,457 DEBUG   109051904 bytes (109 MB) copied, 4.078950 s, 26.7 MB/s
2026-05-19 06:36:12,457 DEBUG   137363456 bytes (137 MB) copied, 5.094953 s, 27.0 MB/s
2026-05-19 06:36:12,457 DEBUG   163577856 bytes (164 MB) copied, 6.102162 s, 26.8 MB/s
2026-05-19 06:36:12,457 DEBUG   196083712 bytes (196 MB) copied, 7.123967 s, 27.5 MB/s
2026-05-19 06:36:12,457 DEBUG   229638144 bytes (230 MB) copied, 8.154008 s, 28.2 MB/s
2026-05-19 06:36:12,457 DEBUG   266338304 bytes (266 MB) copied, 9.191004 s, 29.0 MB/s
2026-05-19 06:36:12,457 DEBUG   301989888 bytes (302 MB) copied, 10.207280 s, 29.6 MB/s
2026-05-19 06:36:12,457 DEBUG   334495744 bytes (334 MB) copied, 11.228922 s, 29.8 MB/s
2026-05-19 06:36:12,457 DEBUG   370147328 bytes (370 MB) copied, 12.239577 s, 30.2 MB/s
2026-05-19 06:36:12,457 DEBUG   401604608 bytes (402 MB) copied, 13.275965 s, 30.3 MB/s
2026-05-19 06:36:12,457 DEBUG   430964736 bytes (431 MB) copied, 14.283420 s, 30.2 MB/s
2026-05-19 06:36:12,457 DEBUG   462422016 bytes (462 MB) copied, 15.314035 s, 30.2 MB/s
2026-05-19 06:36:12,457 DEBUG   498073600 bytes (498 MB) copied, 16.353988 s, 30.5 MB/s
2026-05-19 06:36:12,457 DEBUG   528482304 bytes (528 MB) copied, 17.367414 s, 30.4 MB/s
2026-05-19 06:36:12,457 DEBUG   565182464 bytes (565 MB) copied, 18.388035 s, 30.7 MB/s
2026-05-19 06:36:12,458 DEBUG   600834048 bytes (601 MB) copied, 19.390191 s, 31.0 MB/s
2026-05-19 06:36:12,458 DEBUG   635437056 bytes (635 MB) copied, 20.430200 s, 31.1 MB/s
2026-05-19 06:36:12,458 DEBUG   670040064 bytes (670 MB) copied, 21.444988 s, 31.2 MB/s
2026-05-19 06:36:12,458 DEBUG   703594496 bytes (704 MB) copied, 22.480117 s, 31.3 MB/s
2026-05-19 06:36:12,458 DEBUG   735051776 bytes (735 MB) copied, 23.550978 s, 31.2 MB/s
2026-05-19 06:36:12,458 DEBUG   770703360 bytes (771 MB) copied, 24.567952 s, 31.4 MB/s
2026-05-19 06:36:12,458 DEBUG   801112064 bytes (801 MB) copied, 25.570992 s, 31.3 MB/s
2026-05-19 06:36:12,458 DEBUG   834666496 bytes (835 MB) copied, 26.598949 s, 31.4 MB/s
2026-05-19 06:36:12,458 DEBUG   869269504 bytes (869 MB) copied, 27.631941 s, 31.5 MB/s
2026-05-19 06:36:12,458 DEBUG   902823936 bytes (903 MB) copied, 28.636948 s, 31.5 MB/s
2026-05-19 06:36:12,458 DEBUG   936378368 bytes (936 MB) copied, 29.661073 s, 31.6 MB/s
2026-05-19 06:36:12,458 DEBUG   969932800 bytes (970 MB) copied, 30.666463 s, 31.6 MB/s
2026-05-19 06:36:12,458 DEBUG   1000341504 bytes (1.0 GB) copied, 31.666599 s, 31.6 MB/s
2026-05-19 06:36:12,458 DEBUG   1040187392 bytes (1.0 GB) copied, 32.695033 s, 31.8 MB/s
2026-05-19 06:36:12,458 DEBUG   1024+0 records in
2026-05-19 06:36:12,458 DEBUG   1024+0 records out
2026-05-19 06:36:12,458 DEBUG   1073741824 bytes (1.1 GB) copied, 33.648 s, 31.9 MB/s
2026-05-19 06:36:12,458 DEBUG   OK (disk op exit 0)
2026-05-19 06:36:12,458 WARNING Guest disk op wall 35.3s (vm='ahv_ins_delete-0-260514-175832' ip=10.114.52.133 op=create ec=0) — includes SSH + guest disk command; if still high, check guest disk throughput vs. MiB settings.
2026-05-19 06:36:12,458 DEBUG [26/566] VM bc32a09d… (ahv_ins_delete-0-260514-180859) via 10.114.51.148 op=create
2026-05-19 06:36:12,459 DEBUG   remote: bash -lc 'set -e; _bs(){ printf '"'"'BULK_SNAP_T %s %s\n'"'"' "$1" "$(date +%s.%N 2>/dev/null || date +%s)"; }; _bs guest_start; _bs pipeline_start; openssl enc -aes-256-ctr -pass pass:"testing" -nosalt < /dev/zero 2>/dev/null | dd of=/root/dummy_snapshot_data_1.img bs=1M count=1024 iflag=fullblock status=progress; ec=$?; _bs pipeline_done; _bs guest_end; exit $ec'
2026-05-19 06:36:19,459 DEBUG   BULK_SNAP_T guest_start 1779140142.510966426
2026-05-19 06:36:19,459 DEBUG   BULK_SNAP_T pipeline_start 1779140142.515399991
2026-05-19 06:36:19,459 DEBUG   BULK_SNAP_T pipeline_done 1779140175.907170201
2026-05-19 06:36:19,459 DEBUG   BULK_SNAP_T guest_end 1779140175.909253074
2026-05-19 06:36:19,459 DEBUG   
2026-05-19 06:36:19,460 DEBUG   28311552 bytes (28 MB) copied, 1.001644 s, 28.3 MB/s
2026-05-19 06:36:19,460 DEBUG   60817408 bytes (61 MB) copied, 2.006598 s, 30.3 MB/s
2026-05-19 06:36:19,460 DEBUG   95420416 bytes (95 MB) copied, 3.007983 s, 31.7 MB/s
2026-05-19 06:36:19,460 DEBUG   127926272 bytes (128 MB) copied, 4.042616 s, 31.6 MB/s
2026-05-19 06:36:19,460 DEBUG   161480704 bytes (161 MB) copied, 5.071705 s, 31.8 MB/s
2026-05-19 06:36:19,460 DEBUG   189792256 bytes (190 MB) copied, 6.094622 s, 31.1 MB/s
2026-05-19 06:36:19,460 DEBUG   219152384 bytes (219 MB) copied, 7.112660 s, 30.8 MB/s
2026-05-19 06:36:19,460 DEBUG   253755392 bytes (254 MB) copied, 8.112924 s, 31.3 MB/s
2026-05-19 06:36:19,460 DEBUG   292552704 bytes (293 MB) copied, 9.132728 s, 32.0 MB/s
2026-05-19 06:36:19,460 DEBUG   328204288 bytes (328 MB) copied, 10.150520 s, 32.3 MB/s
2026-05-19 06:36:19,460 DEBUG   362807296 bytes (363 MB) copied, 11.194590 s, 32.4 MB/s
2026-05-19 06:36:19,460 DEBUG   396361728 bytes (396 MB) copied, 12.199567 s, 32.5 MB/s
2026-05-19 06:36:19,460 DEBUG   428867584 bytes (429 MB) copied, 13.244842 s, 32.4 MB/s
2026-05-19 06:36:19,460 DEBUG   460324864 bytes (460 MB) copied, 14.279615 s, 32.2 MB/s
2026-05-19 06:36:19,460 DEBUG   492830720 bytes (493 MB) copied, 15.295509 s, 32.2 MB/s
2026-05-19 06:36:19,460 DEBUG   521142272 bytes (521 MB) copied, 16.297684 s, 32.0 MB/s
2026-05-19 06:36:19,460 DEBUG   557842432 bytes (558 MB) copied, 17.327580 s, 32.2 MB/s
2026-05-19 06:36:19,460 DEBUG   586153984 bytes (586 MB) copied, 18.328634 s, 32.0 MB/s
2026-05-19 06:36:19,460 DEBUG   616562688 bytes (617 MB) copied, 19.330578 s, 31.9 MB/s
2026-05-19 06:36:19,460 DEBUG   653262848 bytes (653 MB) copied, 20.359524 s, 32.1 MB/s
2026-05-19 06:36:19,460 DEBUG   686817280 bytes (687 MB) copied, 21.395617 s, 32.1 MB/s
2026-05-19 06:36:19,460 DEBUG   715128832 bytes (715 MB) copied, 22.408752 s, 31.9 MB/s
2026-05-19 06:36:19,460 DEBUG   757071872 bytes (757 MB) copied, 23.412595 s, 32.3 MB/s
2026-05-19 06:36:19,460 DEBUG   790626304 bytes (791 MB) copied, 24.425533 s, 32.4 MB/s
2026-05-19 06:36:19,460 DEBUG   827326464 bytes (827 MB) copied, 25.547686 s, 32.4 MB/s
2026-05-19 06:36:19,460 DEBUG   864026624 bytes (864 MB) copied, 26.594609 s, 32.5 MB/s
2026-05-19 06:36:19,460 DEBUG   897581056 bytes (898 MB) copied, 27.610572 s, 32.5 MB/s
2026-05-19 06:36:19,460 DEBUG   931135488 bytes (931 MB) copied, 28.629584 s, 32.5 MB/s
2026-05-19 06:36:19,460 DEBUG   961544192 bytes (962 MB) copied, 29.650584 s, 32.4 MB/s
2026-05-19 06:36:19,460 DEBUG   990904320 bytes (991 MB) copied, 30.702588 s, 32.3 MB/s
2026-05-19 06:36:19,460 DEBUG   1020264448 bytes (1.0 GB) copied, 31.719688 s, 32.2 MB/s
2026-05-19 06:36:19,460 DEBUG   1052770304 bytes (1.1 GB) copied, 32.733651 s, 32.2 MB/s
2026-05-19 06:36:19,460 DEBUG   1024+0 records in
2026-05-19 06:36:19,460 DEBUG   1024+0 records out
2026-05-19 06:36:19,460 DEBUG   1073741824 bytes (1.1 GB) copied, 33.3307 s, 32.2 MB/s
2026-05-19 06:36:19,460 DEBUG   OK (disk op exit 0)
2026-05-19 06:36:19,460 WARNING Guest disk op wall 34.8s (vm='ahv_ins_delete-0-260514-175843' ip=10.114.51.47 op=create ec=0) — includes SSH + guest disk command; if still high, check guest disk throughput vs. MiB settings.
2026-05-19 06:36:19,461 DEBUG [27/566] VM be99e82f… (ahv_ins_delete-0-260514-180903) via 10.114.50.29 op=create
2026-05-19 06:36:19,461 DEBUG   remote: bash -lc 'set -e; _bs(){ printf '"'"'BULK_SNAP_T %s %s\n'"'"' "$1" "$(date +%s.%N 2>/dev/null || date +%s)"; }; _bs guest_start; _bs pipeline_start; openssl enc -aes-256-ctr -pass pass:"testing" -nosalt < /dev/zero 2>/dev/null | dd of=/root/dummy_snapshot_data_1.img bs=1M count=1024 iflag=fullblock status=progress; ec=$?; _bs pipeline_done; _bs guest_end; exit $ec'
2026-05-19 06:36:22,451 DEBUG   BULK_SNAP_T guest_start 1779140146.519812277
2026-05-19 06:36:22,451 DEBUG   BULK_SNAP_T pipeline_start 1779140146.524047712
2026-05-19 06:36:22,451 DEBUG   BULK_SNAP_T pipeline_done 1779140179.641013392
2026-05-19 06:36:22,451 DEBUG   BULK_SNAP_T guest_end 1779140179.647033375
2026-05-19 06:36:22,451 DEBUG   
2026-05-19 06:36:22,451 DEBUG   32505856 bytes (33 MB) copied, 1.029843 s, 31.6 MB/s
2026-05-19 06:36:22,451 DEBUG   69206016 bytes (69 MB) copied, 2.040654 s, 33.9 MB/s
2026-05-19 06:36:22,451 DEBUG   98566144 bytes (99 MB) copied, 3.059803 s, 32.2 MB/s
2026-05-19 06:36:22,451 DEBUG   131072000 bytes (131 MB) copied, 4.077714 s, 32.1 MB/s
2026-05-19 06:36:22,451 DEBUG   165675008 bytes (166 MB) copied, 5.092607 s, 32.5 MB/s
2026-05-19 06:36:22,451 DEBUG   203423744 bytes (203 MB) copied, 6.102609 s, 33.3 MB/s
2026-05-19 06:36:22,451 DEBUG   241172480 bytes (241 MB) copied, 7.149624 s, 33.7 MB/s
2026-05-19 06:36:22,451 DEBUG   274726912 bytes (275 MB) copied, 8.181860 s, 33.6 MB/s
2026-05-19 06:36:22,451 DEBUG   307232768 bytes (307 MB) copied, 9.196616 s, 33.4 MB/s
2026-05-19 06:36:22,451 DEBUG   339738624 bytes (340 MB) copied, 10.217704 s, 33.2 MB/s
2026-05-19 06:36:22,451 DEBUG   372244480 bytes (372 MB) copied, 11.242623 s, 33.1 MB/s
2026-05-19 06:36:22,452 DEBUG   402653184 bytes (403 MB) copied, 12.245653 s, 32.9 MB/s
2026-05-19 06:36:22,452 DEBUG   432013312 bytes (432 MB) copied, 13.271647 s, 32.6 MB/s
2026-05-19 06:36:22,452 DEBUG   462422016 bytes (462 MB) copied, 14.346044 s, 32.2 MB/s
2026-05-19 06:36:22,452 DEBUG   498073600 bytes (498 MB) copied, 15.406577 s, 32.3 MB/s
2026-05-19 06:36:22,452 DEBUG   532676608 bytes (533 MB) copied, 16.411697 s, 32.5 MB/s
2026-05-19 06:36:22,452 DEBUG   565182464 bytes (565 MB) copied, 17.477608 s, 32.3 MB/s
2026-05-19 06:36:22,452 DEBUG   595591168 bytes (596 MB) copied, 18.493613 s, 32.2 MB/s
2026-05-19 06:36:22,452 DEBUG   628097024 bytes (628 MB) copied, 19.525668 s, 32.2 MB/s
2026-05-19 06:36:22,452 DEBUG   664797184 bytes (665 MB) copied, 20.545644 s, 32.4 MB/s
2026-05-19 06:36:22,452 DEBUG   701497344 bytes (701 MB) copied, 21.547026 s, 32.6 MB/s
2026-05-19 06:36:22,452 DEBUG   738197504 bytes (738 MB) copied, 22.547658 s, 32.7 MB/s
2026-05-19 06:36:22,452 DEBUG   769654784 bytes (770 MB) copied, 23.550687 s, 32.7 MB/s
2026-05-19 06:36:22,452 DEBUG   806354944 bytes (806 MB) copied, 24.570648 s, 32.8 MB/s
2026-05-19 06:36:22,452 DEBUG   839909376 bytes (840 MB) copied, 25.572971 s, 32.8 MB/s
2026-05-19 06:36:22,452 DEBUG   869269504 bytes (869 MB) copied, 26.671610 s, 32.6 MB/s
2026-05-19 06:36:22,452 DEBUG   905969664 bytes (906 MB) copied, 27.684654 s, 32.7 MB/s
2026-05-19 06:36:22,452 DEBUG   938475520 bytes (938 MB) copied, 28.739657 s, 32.7 MB/s
2026-05-19 06:36:22,452 DEBUG   967835648 bytes (968 MB) copied, 29.753793 s, 32.5 MB/s
2026-05-19 06:36:22,452 DEBUG   999292928 bytes (999 MB) copied, 30.756146 s, 32.5 MB/s
2026-05-19 06:36:22,452 DEBUG   1033895936 bytes (1.0 GB) copied, 31.761848 s, 32.6 MB/s
2026-05-19 06:36:22,452 DEBUG   1064304640 bytes (1.1 GB) copied, 32.846677 s, 32.4 MB/s
2026-05-19 06:36:22,452 DEBUG   1024+0 records in
2026-05-19 06:36:22,452 DEBUG   1024+0 records out
2026-05-19 06:36:22,452 DEBUG   1073741824 bytes (1.1 GB) copied, 33.0328 s, 32.5 MB/s
2026-05-19 06:36:22,452 DEBUG   OK (disk op exit 0)
2026-05-19 06:36:22,453 WARNING Guest disk op wall 34.5s (vm='ahv_ins_delete-0-260514-175854' ip=10.114.53.252 op=create ec=0) — includes SSH + guest disk command; if still high, check guest disk throughput vs. MiB settings.
2026-05-19 06:36:22,453 DEBUG [28/566] VM c659e01d… (ahv_ins_delete-0-260514-180908) via 10.114.51.50 op=create
2026-05-19 06:36:22,453 DEBUG   remote: bash -lc 'set -e; _bs(){ printf '"'"'BULK_SNAP_T %s %s\n'"'"' "$1" "$(date +%s.%N 2>/dev/null || date +%s)"; }; _bs guest_start; _bs pipeline_start; openssl enc -aes-256-ctr -pass pass:"testing" -nosalt < /dev/zero 2>/dev/null | dd of=/root/dummy_snapshot_data_1.img bs=1M count=1024 iflag=fullblock status=progress; ec=$?; _bs pipeline_done; _bs guest_end; exit $ec'
2026-05-19 06:36:25,704 DEBUG   BULK_SNAP_T guest_start 1779140151.806337423
2026-05-19 06:36:25,704 DEBUG   BULK_SNAP_T pipeline_start 1779140151.809890201
2026-05-19 06:36:25,704 DEBUG   BULK_SNAP_T pipeline_done 1779140182.752277039
2026-05-19 06:36:25,704 DEBUG   BULK_SNAP_T guest_end 1779140182.753919069
2026-05-19 06:36:25,704 DEBUG   
2026-05-19 06:36:25,704 DEBUG   35651584 bytes (36 MB) copied, 1.036935 s, 34.4 MB/s
2026-05-19 06:36:25,705 DEBUG   75497472 bytes (75 MB) copied, 2.058971 s, 36.7 MB/s
2026-05-19 06:36:25,705 DEBUG   111149056 bytes (111 MB) copied, 3.076962 s, 36.1 MB/s
2026-05-19 06:36:25,705 DEBUG   142606336 bytes (143 MB) copied, 4.125918 s, 34.6 MB/s
2026-05-19 06:36:25,705 DEBUG   175112192 bytes (175 MB) copied, 5.136948 s, 34.1 MB/s
2026-05-19 06:36:25,705 DEBUG   212860928 bytes (213 MB) copied, 6.148158 s, 34.6 MB/s
2026-05-19 06:36:25,705 DEBUG   246415360 bytes (246 MB) copied, 7.191084 s, 34.3 MB/s
2026-05-19 06:36:25,705 DEBUG   282066944 bytes (282 MB) copied, 8.208152 s, 34.4 MB/s
2026-05-19 06:36:25,705 DEBUG   316669952 bytes (317 MB) copied, 9.225920 s, 34.3 MB/s
2026-05-19 06:36:25,705 DEBUG   350224384 bytes (350 MB) copied, 10.238114 s, 34.2 MB/s
2026-05-19 06:36:25,705 DEBUG   390070272 bytes (390 MB) copied, 11.239902 s, 34.7 MB/s
2026-05-19 06:36:25,705 DEBUG   423624704 bytes (424 MB) copied, 12.255939 s, 34.6 MB/s
2026-05-19 06:36:25,705 DEBUG   459276288 bytes (459 MB) copied, 13.265081 s, 34.6 MB/s
2026-05-19 06:36:25,705 DEBUG   494927872 bytes (495 MB) copied, 14.267923 s, 34.7 MB/s
2026-05-19 06:36:25,705 DEBUG   533725184 bytes (534 MB) copied, 15.298951 s, 34.9 MB/s
2026-05-19 06:36:25,705 DEBUG   569376768 bytes (569 MB) copied, 16.299459 s, 34.9 MB/s
2026-05-19 06:36:25,705 DEBUG   609222656 bytes (609 MB) copied, 17.306041 s, 35.2 MB/s
2026-05-19 06:36:25,705 DEBUG   646971392 bytes (647 MB) copied, 18.321151 s, 35.3 MB/s
2026-05-19 06:36:25,705 DEBUG   684720128 bytes (685 MB) copied, 19.321920 s, 35.4 MB/s
2026-05-19 06:36:25,705 DEBUG   721420288 bytes (721 MB) copied, 20.357920 s, 35.4 MB/s
2026-05-19 06:36:25,705 DEBUG   749731840 bytes (750 MB) copied, 21.378234 s, 35.1 MB/s
2026-05-19 06:36:25,705 DEBUG   782237696 bytes (782 MB) copied, 22.389906 s, 34.9 MB/s
2026-05-19 06:36:25,705 DEBUG   815792128 bytes (816 MB) copied, 23.427176 s, 34.8 MB/s
2026-05-19 06:36:25,705 DEBUG   850395136 bytes (850 MB) copied, 24.462979 s, 34.8 MB/s
2026-05-19 06:36:25,705 DEBUG   882900992 bytes (883 MB) copied, 25.479096 s, 34.7 MB/s
2026-05-19 06:36:25,705 DEBUG   919601152 bytes (920 MB) copied, 26.501918 s, 34.7 MB/s
2026-05-19 06:36:25,705 DEBUG   953155584 bytes (953 MB) copied, 27.528916 s, 34.6 MB/s
2026-05-19 06:36:25,705 DEBUG   986710016 bytes (987 MB) copied, 28.534079 s, 34.6 MB/s
2026-05-19 06:36:25,705 DEBUG   1025507328 bytes (1.0 GB) copied, 29.539973 s, 34.7 MB/s
2026-05-19 06:36:25,705 DEBUG   1065353216 bytes (1.1 GB) copied, 30.560943 s, 34.9 MB/s
2026-05-19 06:36:25,705 DEBUG   1024+0 records in
2026-05-19 06:36:25,705 DEBUG   1024+0 records out
2026-05-19 06:36:25,705 DEBUG   1073741824 bytes (1.1 GB) copied, 30.874 s, 34.8 MB/s
2026-05-19 06:36:25,705 DEBUG   OK (disk op exit 0)
2026-05-19 06:36:25,705 WARNING Guest disk op wall 32.0s (vm='ahv_ins_delete-0-260514-175857' ip=10.114.49.135 op=create ec=0) — includes SSH + guest disk command; if still high, check guest disk throughput vs. MiB settings.
2026-05-19 06:36:25,706 DEBUG [29/566] VM d6c02f9a… (ahv_ins_delete-0-260514-180913) via 10.114.50.202 op=create
2026-05-19 06:36:25,706 DEBUG   remote: bash -lc 'set -e; _bs(){ printf '"'"'BULK_SNAP_T %s %s\n'"'"' "$1" "$(date +%s.%N 2>/dev/null || date +%s)"; }; _bs guest_start; _bs pipeline_start; openssl enc -aes-256-ctr -pass pass:"testing" -nosalt < /dev/zero 2>/dev/null | dd of=/root/dummy_snapshot_data_1.img bs=1M count=1024 iflag=fullblock status=progress; ec=$?; _bs pipeline_done; _bs guest_end; exit $ec'
2026-05-19 06:36:30,464 DEBUG   BULK_SNAP_T guest_start 1779140154.259321064
2026-05-19 06:36:30,465 DEBUG   BULK_SNAP_T pipeline_start 1779140154.263486116
2026-05-19 06:36:30,465 DEBUG   BULK_SNAP_T pipeline_done 1779140187.351707787
2026-05-19 06:36:30,465 DEBUG   BULK_SNAP_T guest_end 1779140187.353532129
2026-05-19 06:36:30,465 DEBUG   
2026-05-19 06:36:30,465 DEBUG   29360128 bytes (29 MB) copied, 1.035899 s, 28.3 MB/s
2026-05-19 06:36:30,465 DEBUG   60817408 bytes (61 MB) copied, 2.057029 s, 29.6 MB/s
2026-05-19 06:36:30,465 DEBUG   92274688 bytes (92 MB) copied, 3.069708 s, 30.1 MB/s
2026-05-19 06:36:30,465 DEBUG   126877696 bytes (127 MB) copied, 4.109635 s, 30.9 MB/s
2026-05-19 06:36:30,465 DEBUG   155189248 bytes (155 MB) copied, 5.120737 s, 30.3 MB/s
2026-05-19 06:36:30,465 DEBUG   187695104 bytes (188 MB) copied, 6.156672 s, 30.5 MB/s
2026-05-19 06:36:30,465 DEBUG   222298112 bytes (222 MB) copied, 7.201711 s, 30.9 MB/s
2026-05-19 06:36:30,465 DEBUG   257949696 bytes (258 MB) copied, 8.206156 s, 31.4 MB/s
2026-05-19 06:36:30,465 DEBUG   293601280 bytes (294 MB) copied, 9.206652 s, 31.9 MB/s
2026-05-19 06:36:30,465 DEBUG   324009984 bytes (324 MB) copied, 10.221203 s, 31.7 MB/s
2026-05-19 06:36:30,465 DEBUG   353370112 bytes (353 MB) copied, 11.232667 s, 31.5 MB/s
2026-05-19 06:36:30,465 DEBUG   389021696 bytes (389 MB) copied, 12.237687 s, 31.8 MB/s
2026-05-19 06:36:30,465 DEBUG   423624704 bytes (424 MB) copied, 13.237700 s, 32.0 MB/s
2026-05-19 06:36:30,465 DEBUG   459276288 bytes (459 MB) copied, 14.237707 s, 32.3 MB/s
2026-05-19 06:36:30,465 DEBUG   491782144 bytes (492 MB) copied, 15.263692 s, 32.2 MB/s
2026-05-19 06:36:30,465 DEBUG   527433728 bytes (527 MB) copied, 16.278663 s, 32.4 MB/s
2026-05-19 06:36:30,465 DEBUG   563085312 bytes (563 MB) copied, 17.335639 s, 32.5 MB/s
2026-05-19 06:36:30,465 DEBUG   592445440 bytes (592 MB) copied, 18.376714 s, 32.2 MB/s
2026-05-19 06:36:30,465 DEBUG   621805568 bytes (622 MB) copied, 19.399899 s, 32.1 MB/s
2026-05-19 06:36:30,465 DEBUG   655360000 bytes (655 MB) copied, 20.425884 s, 32.1 MB/s
2026-05-19 06:36:30,465 DEBUG   688914432 bytes (689 MB) copied, 21.474678 s, 32.1 MB/s
2026-05-19 06:36:30,465 DEBUG   723517440 bytes (724 MB) copied, 22.485673 s, 32.2 MB/s
2026-05-19 06:36:30,465 DEBUG   760217600 bytes (760 MB) copied, 23.497663 s, 32.4 MB/s
2026-05-19 06:36:30,465 DEBUG   792723456 bytes (793 MB) copied, 24.500665 s, 32.4 MB/s
2026-05-19 06:36:30,465 DEBUG   828375040 bytes (828 MB) copied, 25.530710 s, 32.4 MB/s
2026-05-19 06:36:30,465 DEBUG   861929472 bytes (862 MB) copied, 26.588645 s, 32.4 MB/s
2026-05-19 06:36:30,465 DEBUG   895483904 bytes (895 MB) copied, 27.625637 s, 32.4 MB/s
2026-05-19 06:36:30,465 DEBUG   927989760 bytes (928 MB) copied, 28.659861 s, 32.4 MB/s
2026-05-19 06:36:30,465 DEBUG   966787072 bytes (967 MB) copied, 29.663034 s, 32.6 MB/s
2026-05-19 06:36:30,465 DEBUG   1001390080 bytes (1.0 GB) copied, 30.734710 s, 32.6 MB/s
2026-05-19 06:36:30,465 DEBUG   1033895936 bytes (1.0 GB) copied, 31.753680 s, 32.6 MB/s
2026-05-19 06:36:30,465 DEBUG   1064304640 bytes (1.1 GB) copied, 32.797674 s, 32.5 MB/s
2026-05-19 06:36:30,465 DEBUG   1024+0 records in
2026-05-19 06:36:30,465 DEBUG   1024+0 records out
2026-05-19 06:36:30,465 DEBUG   1073741824 bytes (1.1 GB) copied, 33.0063 s, 32.5 MB/s
2026-05-19 06:36:30,465 DEBUG   OK (disk op exit 0)
2026-05-19 06:36:30,466 WARNING Guest disk op wall 34.5s (vm='ahv_ins_delete-0-260514-175858' ip=10.114.53.140 op=create ec=0) — includes SSH + guest disk command; if still high, check guest disk throughput vs. MiB settings.
2026-05-19 06:36:30,466 DEBUG [30/566] VM a112b97a… (ahv_ins_delete-0-260514-180924) via 10.114.51.191 op=create
2026-05-19 06:36:30,466 DEBUG   remote: bash -lc 'set -e; _bs(){ printf '"'"'BULK_SNAP_T %s %s\n'"'"' "$1" "$(date +%s.%N 2>/dev/null || date +%s)"; }; _bs guest_start; _bs pipeline_start; openssl enc -aes-256-ctr -pass pass:"testing" -nosalt < /dev/zero 2>/dev/null | dd of=/root/dummy_snapshot_data_1.img bs=1M count=1024 iflag=fullblock status=progress; ec=$?; _bs pipeline_done; _bs guest_end; exit $ec'
2026-05-19 06:36:31,715 DEBUG   BULK_SNAP_T guest_start 1779140154.040558334
2026-05-19 06:36:31,716 DEBUG   BULK_SNAP_T pipeline_start 1779140154.045532526
2026-05-19 06:36:31,716 DEBUG   BULK_SNAP_T pipeline_done 1779140187.799418812
2026-05-19 06:36:31,716 DEBUG   BULK_SNAP_T guest_end 1779140187.802001724
2026-05-19 06:36:31,716 DEBUG   
2026-05-19 06:36:31,716 DEBUG   30408704 bytes (30 MB) copied, 1.031093 s, 29.5 MB/s
2026-05-19 06:36:31,716 DEBUG   63963136 bytes (64 MB) copied, 2.040122 s, 31.4 MB/s
2026-05-19 06:36:31,716 DEBUG   97517568 bytes (98 MB) copied, 3.047124 s, 32.0 MB/s
2026-05-19 06:36:31,716 DEBUG   127926272 bytes (128 MB) copied, 4.054248 s, 31.6 MB/s
2026-05-19 06:36:31,716 DEBUG   157286400 bytes (157 MB) copied, 5.070160 s, 31.0 MB/s
2026-05-19 06:36:31,716 DEBUG   186646528 bytes (187 MB) copied, 6.118123 s, 30.5 MB/s
2026-05-19 06:36:31,716 DEBUG   221249536 bytes (221 MB) copied, 7.130109 s, 31.0 MB/s
2026-05-19 06:36:31,716 DEBUG   257949696 bytes (258 MB) copied, 8.139164 s, 31.7 MB/s
2026-05-19 06:36:31,716 DEBUG   287309824 bytes (287 MB) copied, 9.154275 s, 31.4 MB/s
2026-05-19 06:36:31,716 DEBUG   317718528 bytes (318 MB) copied, 10.203104 s, 31.1 MB/s
2026-05-19 06:36:31,716 DEBUG   353370112 bytes (353 MB) copied, 11.265098 s, 31.4 MB/s
2026-05-19 06:36:31,716 DEBUG   385875968 bytes (386 MB) copied, 12.269761 s, 31.4 MB/s
2026-05-19 06:36:31,716 DEBUG   423624704 bytes (424 MB) copied, 13.293213 s, 31.9 MB/s
2026-05-19 06:36:31,716 DEBUG   455081984 bytes (455 MB) copied, 14.300189 s, 31.8 MB/s
2026-05-19 06:36:31,716 DEBUG   487587840 bytes (488 MB) copied, 15.319315 s, 31.8 MB/s
2026-05-19 06:36:31,716 DEBUG   517996544 bytes (518 MB) copied, 16.328059 s, 31.7 MB/s
2026-05-19 06:36:31,716 DEBUG   546308096 bytes (546 MB) copied, 17.351106 s, 31.5 MB/s
2026-05-19 06:36:31,716 DEBUG   577765376 bytes (578 MB) copied, 18.359661 s, 31.5 MB/s
2026-05-19 06:36:31,716 DEBUG   608174080 bytes (608 MB) copied, 19.371190 s, 31.4 MB/s
2026-05-19 06:36:31,716 DEBUG   638582784 bytes (639 MB) copied, 20.395152 s, 31.3 MB/s
2026-05-19 06:36:31,717 DEBUG   672137216 bytes (672 MB) copied, 21.423231 s, 31.4 MB/s
2026-05-19 06:36:31,717 DEBUG   705691648 bytes (706 MB) copied, 22.444121 s, 31.4 MB/s
2026-05-19 06:36:31,717 DEBUG   740294656 bytes (740 MB) copied, 23.446270 s, 31.6 MB/s
2026-05-19 06:36:31,717 DEBUG   774897664 bytes (775 MB) copied, 24.475116 s, 31.7 MB/s
2026-05-19 06:36:31,717 DEBUG   809500672 bytes (810 MB) copied, 25.511153 s, 31.7 MB/s
2026-05-19 06:36:31,717 DEBUG   840957952 bytes (841 MB) copied, 26.532167 s, 31.7 MB/s
2026-05-19 06:36:31,717 DEBUG   875560960 bytes (876 MB) copied, 27.556117 s, 31.8 MB/s
2026-05-19 06:36:31,717 DEBUG   908066816 bytes (908 MB) copied, 28.629116 s, 31.7 MB/s
2026-05-19 06:36:31,717 DEBUG   939524096 bytes (940 MB) copied, 29.673346 s, 31.7 MB/s
2026-05-19 06:36:31,717 DEBUG   973078528 bytes (973 MB) copied, 30.707113 s, 31.7 MB/s
2026-05-19 06:36:31,717 DEBUG   1007681536 bytes (1.0 GB) copied, 31.715151 s, 31.8 MB/s
2026-05-19 06:36:31,717 DEBUG   1044381696 bytes (1.0 GB) copied, 32.734419 s, 31.9 MB/s
2026-05-19 06:36:31,717 DEBUG   1024+0 records in
2026-05-19 06:36:31,717 DEBUG   1024+0 records out
2026-05-19 06:36:31,717 DEBUG   1073741824 bytes (1.1 GB) copied, 33.6683 s, 31.9 MB/s
2026-05-19 06:36:31,717 DEBUG   OK (disk op exit 0)
2026-05-19 06:36:31,717 WARNING Guest disk op wall 34.8s (vm='ahv_ins_delete-0-260514-180340' ip=10.114.52.229 op=create ec=0) — includes SSH + guest disk command; if still high, check guest disk throughput vs. MiB settings.
2026-05-19 06:36:31,718 DEBUG [31/566] VM 457a4000… (ahv_ins_delete-0-260514-181357) via 10.114.50.156 op=create
2026-05-19 06:36:31,718 DEBUG   remote: bash -lc 'set -e; _bs(){ printf '"'"'BULK_SNAP_T %s %s\n'"'"' "$1" "$(date +%s.%N 2>/dev/null || date +%s)"; }; _bs guest_start; _bs pipeline_start; openssl enc -aes-256-ctr -pass pass:"testing" -nosalt < /dev/zero 2>/dev/null | dd of=/root/dummy_snapshot_data_1.img bs=1M count=1024 iflag=fullblock status=progress; ec=$?; _bs pipeline_done; _bs guest_end; exit $ec'
2026-05-19 06:36:38,473 DEBUG   BULK_SNAP_T guest_start 1779140163.079538344
2026-05-19 06:36:38,473 DEBUG   BULK_SNAP_T pipeline_start 1779140163.084306874
2026-05-19 06:36:38,473 DEBUG   BULK_SNAP_T pipeline_done 1779140195.631811191
2026-05-19 06:36:38,473 DEBUG   BULK_SNAP_T guest_end 1779140195.636492787
2026-05-19 06:36:38,473 DEBUG   
2026-05-19 06:36:38,473 DEBUG   27262976 bytes (27 MB) copied, 1.019302 s, 26.7 MB/s
2026-05-19 06:36:38,473 DEBUG   58720256 bytes (59 MB) copied, 2.042361 s, 28.8 MB/s
2026-05-19 06:36:38,473 DEBUG   93323264 bytes (93 MB) copied, 3.076351 s, 30.3 MB/s
2026-05-19 06:36:38,473 DEBUG   130023424 bytes (130 MB) copied, 4.118471 s, 31.6 MB/s
2026-05-19 06:36:38,473 DEBUG   166723584 bytes (167 MB) copied, 5.146319 s, 32.4 MB/s
2026-05-19 06:36:38,473 DEBUG   202375168 bytes (202 MB) copied, 6.188340 s, 32.7 MB/s
2026-05-19 06:36:38,473 DEBUG   238026752 bytes (238 MB) copied, 7.204829 s, 33.0 MB/s
2026-05-19 06:36:38,473 DEBUG   271581184 bytes (272 MB) copied, 8.224336 s, 33.0 MB/s
2026-05-19 06:36:38,473 DEBUG   300941312 bytes (301 MB) copied, 9.245699 s, 32.5 MB/s
2026-05-19 06:36:38,473 DEBUG   335544320 bytes (336 MB) copied, 10.283399 s, 32.6 MB/s
2026-05-19 06:36:38,473 DEBUG   368050176 bytes (368 MB) copied, 11.335395 s, 32.5 MB/s
2026-05-19 06:36:38,474 DEBUG   400556032 bytes (401 MB) copied, 12.391305 s, 32.3 MB/s
2026-05-19 06:36:38,474 DEBUG   429916160 bytes (430 MB) copied, 13.400277 s, 32.1 MB/s
2026-05-19 06:36:38,474 DEBUG   463470592 bytes (463 MB) copied, 14.410375 s, 32.2 MB/s
2026-05-19 06:36:38,474 DEBUG   497025024 bytes (497 MB) copied, 15.447329 s, 32.2 MB/s
2026-05-19 06:36:38,474 DEBUG   529530880 bytes (530 MB) copied, 16.469332 s, 32.2 MB/s
2026-05-19 06:36:38,474 DEBUG   562036736 bytes (562 MB) copied, 17.472303 s, 32.2 MB/s
2026-05-19 06:36:38,474 DEBUG   595591168 bytes (596 MB) copied, 18.491351 s, 32.2 MB/s
2026-05-19 06:36:38,474 DEBUG   631242752 bytes (631 MB) copied, 19.497350 s, 32.4 MB/s
2026-05-19 06:36:38,474 DEBUG   667942912 bytes (668 MB) copied, 20.515359 s, 32.6 MB/s
2026-05-19 06:36:38,474 DEBUG   702545920 bytes (703 MB) copied, 21.528368 s, 32.6 MB/s
2026-05-19 06:36:38,474 DEBUG   737148928 bytes (737 MB) copied, 22.575346 s, 32.7 MB/s
2026-05-19 06:36:38,474 DEBUG   774897664 bytes (775 MB) copied, 23.683445 s, 32.7 MB/s
2026-05-19 06:36:38,474 DEBUG   811597824 bytes (812 MB) copied, 24.697524 s, 32.9 MB/s
2026-05-19 06:36:38,474 DEBUG   847249408 bytes (847 MB) copied, 25.713342 s, 32.9 MB/s
2026-05-19 06:36:38,474 DEBUG   880803840 bytes (881 MB) copied, 26.746312 s, 32.9 MB/s
2026-05-19 06:36:38,474 DEBUG   917504000 bytes (918 MB) copied, 27.756312 s, 33.1 MB/s
2026-05-19 06:36:38,474 DEBUG   950009856 bytes (950 MB) copied, 28.785358 s, 33.0 MB/s
2026-05-19 06:36:38,474 DEBUG   980418560 bytes (980 MB) copied, 29.849538 s, 32.8 MB/s
2026-05-19 06:36:38,474 DEBUG   1018167296 bytes (1.0 GB) copied, 30.880378 s, 33.0 MB/s
2026-05-19 06:36:38,474 DEBUG   1051721728 bytes (1.1 GB) copied, 31.899321 s, 33.0 MB/s
2026-05-19 06:36:38,474 DEBUG   1024+0 records in
2026-05-19 06:36:38,474 DEBUG   1024+0 records out
2026-05-19 06:36:38,474 DEBUG   1073741824 bytes (1.1 GB) copied, 32.4723 s, 33.1 MB/s
2026-05-19 06:36:38,474 DEBUG   OK (disk op exit 0)
2026-05-19 06:36:38,474 WARNING Guest disk op wall 33.5s (vm='ahv_ins_delete-0-260514-180351' ip=10.114.51.32 op=create ec=0) — includes SSH + guest disk command; if still high, check guest disk throughput vs. MiB settings.
2026-05-19 06:36:38,475 DEBUG [32/566] VM 38455407… (ahv_ins_delete-0-260514-181408) via 10.114.51.43 op=create
2026-05-19 06:36:38,475 DEBUG   remote: bash -lc 'set -e; _bs(){ printf '"'"'BULK_SNAP_T %s %s\n'"'"' "$1" "$(date +%s.%N 2>/dev/null || date +%s)"; }; _bs guest_start; _bs pipeline_start; openssl enc -aes-256-ctr -pass pass:"testing" -nosalt < /dev/zero 2>/dev/null | dd of=/root/dummy_snapshot_data_1.img bs=1M count=1024 iflag=fullblock status=progress; ec=$?; _bs pipeline_done; _bs guest_end; exit $ec'
2026-05-19 06:36:39,967 DEBUG   BULK_SNAP_T guest_start 1779140163.316881105
2026-05-19 06:36:39,967 DEBUG   BULK_SNAP_T pipeline_start 1779140163.323541984
2026-05-19 06:36:39,967 DEBUG   BULK_SNAP_T pipeline_done 1779140196.864759686
2026-05-19 06:36:39,967 DEBUG   BULK_SNAP_T guest_end 1779140196.871990516
2026-05-19 06:36:39,967 DEBUG   
2026-05-19 06:36:39,967 DEBUG   29360128 bytes (29 MB) copied, 1.011885 s, 29.0 MB/s
2026-05-19 06:36:39,967 DEBUG   60817408 bytes (61 MB) copied, 2.061812 s, 29.5 MB/s
2026-05-19 06:36:39,967 DEBUG   98566144 bytes (99 MB) copied, 3.103774 s, 31.8 MB/s
2026-05-19 06:36:39,967 DEBUG   134217728 bytes (134 MB) copied, 4.118781 s, 32.6 MB/s
2026-05-19 06:36:39,967 DEBUG   170917888 bytes (171 MB) copied, 5.156790 s, 33.1 MB/s
2026-05-19 06:36:39,967 DEBUG   202375168 bytes (202 MB) copied, 6.192789 s, 32.7 MB/s
2026-05-19 06:36:39,967 DEBUG   235929600 bytes (236 MB) copied, 7.217763 s, 32.7 MB/s
2026-05-19 06:36:39,967 DEBUG   268435456 bytes (268 MB) copied, 8.224763 s, 32.6 MB/s
2026-05-19 06:36:39,967 DEBUG   296747008 bytes (297 MB) copied, 9.235777 s, 32.1 MB/s
2026-05-19 06:36:39,967 DEBUG   328204288 bytes (328 MB) copied, 10.267780 s, 32.0 MB/s
2026-05-19 06:36:39,967 DEBUG   356515840 bytes (357 MB) copied, 11.281846 s, 31.6 MB/s
2026-05-19 06:36:39,967 DEBUG   387973120 bytes (388 MB) copied, 12.289858 s, 31.6 MB/s
2026-05-19 06:36:39,967 DEBUG   418381824 bytes (418 MB) copied, 13.297781 s, 31.5 MB/s
2026-05-19 06:36:39,967 DEBUG   454033408 bytes (454 MB) copied, 14.298401 s, 31.8 MB/s
2026-05-19 06:36:39,967 DEBUG   485490688 bytes (485 MB) copied, 15.320797 s, 31.7 MB/s
2026-05-19 06:36:39,967 DEBUG   517996544 bytes (518 MB) copied, 16.374798 s, 31.6 MB/s
2026-05-19 06:36:39,967 DEBUG   554696704 bytes (555 MB) copied, 17.414770 s, 31.9 MB/s
2026-05-19 06:36:39,967 DEBUG   587202560 bytes (587 MB) copied, 18.415880 s, 31.9 MB/s
2026-05-19 06:36:39,967 DEBUG   616562688 bytes (617 MB) copied, 19.421733 s, 31.7 MB/s
2026-05-19 06:36:39,967 DEBUG   649068544 bytes (649 MB) copied, 20.460863 s, 31.7 MB/s
2026-05-19 06:36:39,967 DEBUG   682622976 bytes (683 MB) copied, 21.486796 s, 31.8 MB/s
2026-05-19 06:36:39,967 DEBUG   717225984 bytes (717 MB) copied, 22.501769 s, 31.9 MB/s
2026-05-19 06:36:39,967 DEBUG   750780416 bytes (751 MB) copied, 23.509707 s, 31.9 MB/s
2026-05-19 06:36:39,967 DEBUG   785383424 bytes (785 MB) copied, 24.522902 s, 32.0 MB/s
2026-05-19 06:36:39,967 DEBUG   815792128 bytes (816 MB) copied, 25.536791 s, 31.9 MB/s
2026-05-19 06:36:39,968 DEBUG   851443712 bytes (851 MB) copied, 26.559773 s, 32.1 MB/s
2026-05-19 06:36:39,968 DEBUG   881852416 bytes (882 MB) copied, 27.579818 s, 32.0 MB/s
2026-05-19 06:36:39,968 DEBUG   918552576 bytes (919 MB) copied, 28.581715 s, 32.1 MB/s
2026-05-19 06:36:39,968 DEBUG   951058432 bytes (951 MB) copied, 29.587719 s, 32.1 MB/s
2026-05-19 06:36:39,968 DEBUG   981467136 bytes (981 MB) copied, 30.595775 s, 32.1 MB/s
2026-05-19 06:36:39,968 DEBUG   1015021568 bytes (1.0 GB) copied, 31.617035 s, 32.1 MB/s
2026-05-19 06:36:39,968 DEBUG   1046478848 bytes (1.0 GB) copied, 32.618913 s, 32.1 MB/s
2026-05-19 06:36:39,968 DEBUG   1024+0 records in
2026-05-19 06:36:39,968 DEBUG   1024+0 records out
2026-05-19 06:36:39,968 DEBUG   1073741824 bytes (1.1 GB) copied, 33.4503 s, 32.1 MB/s
2026-05-19 06:36:39,968 DEBUG   OK (disk op exit 0)
2026-05-19 06:36:39,968 WARNING Guest disk op wall 34.5s (vm='ahv_ins_delete-0-260514-180402' ip=10.114.49.225 op=create ec=0) — includes SSH + guest disk command; if still high, check guest disk throughput vs. MiB settings.
2026-05-19 06:36:39,968 DEBUG [33/566] VM 89ad85b7… (ahv_ins_delete-0-260514-181428) via 10.114.50.208 op=create
2026-05-19 06:36:39,968 DEBUG   remote: bash -lc 'set -e; _bs(){ printf '"'"'BULK_SNAP_T %s %s\n'"'"' "$1" "$(date +%s.%N 2>/dev/null || date +%s)"; }; _bs guest_start; _bs pipeline_start; openssl enc -aes-256-ctr -pass pass:"testing" -nosalt < /dev/zero 2>/dev/null | dd of=/root/dummy_snapshot_data_1.img bs=1M count=1024 iflag=fullblock status=progress; ec=$?; _bs pipeline_done; _bs guest_end; exit $ec'
2026-05-19 06:36:43,718 DEBUG   BULK_SNAP_T guest_start 1779140166.606373322
2026-05-19 06:36:43,719 DEBUG   BULK_SNAP_T pipeline_start 1779140166.610342683
2026-05-19 06:36:43,719 DEBUG   BULK_SNAP_T pipeline_done 1779140200.413341307
2026-05-19 06:36:43,719 DEBUG   BULK_SNAP_T guest_end 1779140200.417473623
2026-05-19 06:36:43,719 DEBUG   
2026-05-19 06:36:43,719 DEBUG   33554432 bytes (34 MB) copied, 1.010237 s, 33.2 MB/s
2026-05-19 06:36:43,719 DEBUG   53477376 bytes (53 MB) copied, 2.030969 s, 26.3 MB/s
2026-05-19 06:36:43,719 DEBUG   85983232 bytes (86 MB) copied, 3.044265 s, 28.2 MB/s
2026-05-19 06:36:43,719 DEBUG   121634816 bytes (122 MB) copied, 4.070025 s, 29.9 MB/s
2026-05-19 06:36:43,719 DEBUG   152043520 bytes (152 MB) copied, 5.119004 s, 29.7 MB/s
2026-05-19 06:36:43,719 DEBUG   179306496 bytes (179 MB) copied, 6.154028 s, 29.1 MB/s
2026-05-19 06:36:43,719 DEBUG   207618048 bytes (208 MB) copied, 7.158114 s, 29.0 MB/s
2026-05-19 06:36:43,719 DEBUG   241172480 bytes (241 MB) copied, 8.159003 s, 29.6 MB/s
2026-05-19 06:36:43,719 DEBUG   271581184 bytes (272 MB) copied, 9.194958 s, 29.5 MB/s
2026-05-19 06:36:43,719 DEBUG   308281344 bytes (308 MB) copied, 10.207100 s, 30.2 MB/s
2026-05-19 06:36:43,719 DEBUG   347078656 bytes (347 MB) copied, 11.254966 s, 30.8 MB/s
2026-05-19 06:36:43,719 DEBUG   380633088 bytes (381 MB) copied, 12.270017 s, 31.0 MB/s
2026-05-19 06:36:43,719 DEBUG   411041792 bytes (411 MB) copied, 13.306990 s, 30.9 MB/s
2026-05-19 06:36:43,719 DEBUG   443547648 bytes (444 MB) copied, 14.360237 s, 30.9 MB/s
2026-05-19 06:36:43,719 DEBUG   481296384 bytes (481 MB) copied, 15.372009 s, 31.3 MB/s
2026-05-19 06:36:43,719 DEBUG   514850816 bytes (515 MB) copied, 16.380005 s, 31.4 MB/s
2026-05-19 06:36:43,719 DEBUG   546308096 bytes (546 MB) copied, 17.396044 s, 31.4 MB/s
2026-05-19 06:36:43,719 DEBUG   578813952 bytes (579 MB) copied, 18.424135 s, 31.4 MB/s
2026-05-19 06:36:43,719 DEBUG   611319808 bytes (611 MB) copied, 19.440033 s, 31.4 MB/s
2026-05-19 06:36:43,719 DEBUG   643825664 bytes (644 MB) copied, 20.455992 s, 31.5 MB/s
2026-05-19 06:36:43,719 DEBUG   674234368 bytes (674 MB) copied, 21.458043 s, 31.4 MB/s
2026-05-19 06:36:43,719 DEBUG   710934528 bytes (711 MB) copied, 22.489000 s, 31.6 MB/s
2026-05-19 06:36:43,719 DEBUG   741343232 bytes (741 MB) copied, 23.501199 s, 31.5 MB/s
2026-05-19 06:36:43,719 DEBUG   775946240 bytes (776 MB) copied, 24.520122 s, 31.6 MB/s
2026-05-19 06:36:43,720 DEBUG   812646400 bytes (813 MB) copied, 25.521049 s, 31.8 MB/s
2026-05-19 06:36:43,720 DEBUG   842006528 bytes (842 MB) copied, 26.555179 s, 31.7 MB/s
2026-05-19 06:36:43,720 DEBUG   879755264 bytes (880 MB) copied, 27.579036 s, 31.9 MB/s
2026-05-19 06:36:43,720 DEBUG   912261120 bytes (912 MB) copied, 28.599007 s, 31.9 MB/s
2026-05-19 06:36:43,720 DEBUG   946864128 bytes (947 MB) copied, 29.607444 s, 32.0 MB/s
2026-05-19 06:36:43,720 DEBUG   975175680 bytes (975 MB) copied, 30.607937 s, 31.9 MB/s
2026-05-19 06:36:43,720 DEBUG   1007681536 bytes (1.0 GB) copied, 31.627032 s, 31.9 MB/s
2026-05-19 06:36:43,720 DEBUG   1044381696 bytes (1.0 GB) copied, 32.666049 s, 32.0 MB/s
2026-05-19 06:36:43,720 DEBUG   1024+0 records in
2026-05-19 06:36:43,720 DEBUG   1024+0 records out
2026-05-19 06:36:43,720 DEBUG   1073741824 bytes (1.1 GB) copied, 33.5561 s, 32.0 MB/s
2026-05-19 06:36:43,720 DEBUG   OK (disk op exit 0)
2026-05-19 06:36:43,720 WARNING Guest disk op wall 35.0s (vm='ahv_ins_delete-0-260514-180417' ip=10.114.48.38 op=create ec=0) — includes SSH + guest disk command; if still high, check guest disk throughput vs. MiB settings.
2026-05-19 06:36:43,720 DEBUG [34/566] VM 097c9822… (ahv_ins_delete-0-260514-181435) via 10.114.54.93 op=create
2026-05-19 06:36:43,720 DEBUG   remote: bash -lc 'set -e; _bs(){ printf '"'"'BULK_SNAP_T %s %s\n'"'"' "$1" "$(date +%s.%N 2>/dev/null || date +%s)"; }; _bs guest_start; _bs pipeline_start; openssl enc -aes-256-ctr -pass pass:"testing" -nosalt < /dev/zero 2>/dev/null | dd of=/root/dummy_snapshot_data_1.img bs=1M count=1024 iflag=fullblock status=progress; ec=$?; _bs pipeline_done; _bs guest_end; exit $ec'
2026-05-19 06:36:44,737 DEBUG   BULK_SNAP_T guest_start 1779140168.706610417
2026-05-19 06:36:44,738 DEBUG   BULK_SNAP_T pipeline_start 1779140168.712368805
2026-05-19 06:36:44,738 DEBUG   BULK_SNAP_T pipeline_done 1779140201.725497245
2026-05-19 06:36:44,738 DEBUG   BULK_SNAP_T guest_end 1779140201.727067734
2026-05-19 06:36:44,738 DEBUG   
2026-05-19 06:36:44,738 DEBUG   31457280 bytes (31 MB) copied, 1.009262 s, 31.2 MB/s
2026-05-19 06:36:44,738 DEBUG   67108864 bytes (67 MB) copied, 2.062172 s, 32.5 MB/s
2026-05-19 06:36:44,738 DEBUG   103809024 bytes (104 MB) copied, 3.086218 s, 33.6 MB/s
2026-05-19 06:36:44,738 DEBUG   133169152 bytes (133 MB) copied, 4.092268 s, 32.5 MB/s
2026-05-19 06:36:44,738 DEBUG   160432128 bytes (160 MB) copied, 5.104171 s, 31.4 MB/s
2026-05-19 06:36:44,738 DEBUG   191889408 bytes (192 MB) copied, 6.105304 s, 31.4 MB/s
2026-05-19 06:36:44,738 DEBUG   223346688 bytes (223 MB) copied, 7.113659 s, 31.4 MB/s
2026-05-19 06:36:44,738 DEBUG   250609664 bytes (251 MB) copied, 8.169248 s, 30.7 MB/s
2026-05-19 06:36:44,738 DEBUG   284164096 bytes (284 MB) copied, 9.187443 s, 30.9 MB/s
2026-05-19 06:36:44,738 DEBUG   316669952 bytes (317 MB) copied, 10.257324 s, 30.9 MB/s
2026-05-19 06:36:44,738 DEBUG   348127232 bytes (348 MB) copied, 11.292422 s, 30.8 MB/s
2026-05-19 06:36:44,738 DEBUG   383778816 bytes (384 MB) copied, 12.376228 s, 31.0 MB/s
2026-05-19 06:36:44,738 DEBUG   416284672 bytes (416 MB) copied, 13.387380 s, 31.1 MB/s
2026-05-19 06:36:44,738 DEBUG   445644800 bytes (446 MB) copied, 14.394230 s, 31.0 MB/s
2026-05-19 06:36:44,738 DEBUG   482344960 bytes (482 MB) copied, 15.402307 s, 31.3 MB/s
2026-05-19 06:36:44,738 DEBUG   513802240 bytes (514 MB) copied, 16.409227 s, 31.3 MB/s
2026-05-19 06:36:44,738 DEBUG   548405248 bytes (548 MB) copied, 17.414803 s, 31.5 MB/s
2026-05-19 06:36:44,738 DEBUG   579862528 bytes (580 MB) copied, 18.464291 s, 31.4 MB/s
2026-05-19 06:36:44,738 DEBUG   616562688 bytes (617 MB) copied, 19.483234 s, 31.6 MB/s
2026-05-19 06:36:44,738 DEBUG   648019968 bytes (648 MB) copied, 20.497167 s, 31.6 MB/s
2026-05-19 06:36:44,738 DEBUG   681574400 bytes (682 MB) copied, 21.526241 s, 31.7 MB/s
2026-05-19 06:36:44,738 DEBUG   716177408 bytes (716 MB) copied, 22.540637 s, 31.8 MB/s
2026-05-19 06:36:44,738 DEBUG   750780416 bytes (751 MB) copied, 23.543210 s, 31.9 MB/s
2026-05-19 06:36:44,738 DEBUG   782237696 bytes (782 MB) copied, 24.565225 s, 31.8 MB/s
2026-05-19 06:36:44,738 DEBUG   818937856 bytes (819 MB) copied, 25.575176 s, 32.0 MB/s
2026-05-19 06:36:44,738 DEBUG   850395136 bytes (850 MB) copied, 26.593262 s, 32.0 MB/s
2026-05-19 06:36:44,738 DEBUG   889192448 bytes (889 MB) copied, 27.613183 s, 32.2 MB/s
2026-05-19 06:36:44,738 DEBUG   922746880 bytes (923 MB) copied, 28.613921 s, 32.2 MB/s
2026-05-19 06:36:44,738 DEBUG   958398464 bytes (958 MB) copied, 29.646344 s, 32.3 MB/s
2026-05-19 06:36:44,738 DEBUG   993001472 bytes (993 MB) copied, 30.670220 s, 32.4 MB/s
2026-05-19 06:36:44,738 DEBUG   1029701632 bytes (1.0 GB) copied, 31.672243 s, 32.5 MB/s
2026-05-19 06:36:44,738 DEBUG   1066401792 bytes (1.1 GB) copied, 32.682261 s, 32.6 MB/s
2026-05-19 06:36:44,738 DEBUG   1024+0 records in
2026-05-19 06:36:44,738 DEBUG   1024+0 records out
2026-05-19 06:36:44,738 DEBUG   1073741824 bytes (1.1 GB) copied, 32.8894 s, 32.6 MB/s
2026-05-19 06:36:44,738 DEBUG   OK (disk op exit 0)
2026-05-19 06:36:44,739 WARNING Guest disk op wall 34.3s (vm='ahv_ins_delete-0-260514-180434' ip=10.114.53.241 op=create ec=0) — includes SSH + guest disk command; if still high, check guest disk throughput vs. MiB settings.
2026-05-19 06:36:44,739 DEBUG [35/566] VM 6e1d4669… (ahv_ins_delete-0-260514-181435) via 10.114.51.97 op=create
2026-05-19 06:36:44,739 DEBUG   remote: bash -lc 'set -e; _bs(){ printf '"'"'BULK_SNAP_T %s %s\n'"'"' "$1" "$(date +%s.%N 2>/dev/null || date +%s)"; }; _bs guest_start; _bs pipeline_start; openssl enc -aes-256-ctr -pass pass:"testing" -nosalt < /dev/zero 2>/dev/null | dd of=/root/dummy_snapshot_data_1.img bs=1M count=1024 iflag=fullblock status=progress; ec=$?; _bs pipeline_done; _bs guest_end; exit $ec'
2026-05-19 06:36:45,738 DEBUG   BULK_SNAP_T guest_start 1779140170.418058907
2026-05-19 06:36:45,738 DEBUG   BULK_SNAP_T pipeline_start 1779140170.420251153
2026-05-19 06:36:45,738 DEBUG   BULK_SNAP_T pipeline_done 1779140202.519467695
2026-05-19 06:36:45,738 DEBUG   BULK_SNAP_T guest_end 1779140202.523001606
2026-05-19 06:36:45,738 DEBUG   
2026-05-19 06:36:45,738 DEBUG   31457280 bytes (31 MB) copied, 1.040548 s, 30.2 MB/s
2026-05-19 06:36:45,738 DEBUG   62914560 bytes (63 MB) copied, 2.041857 s, 30.8 MB/s
2026-05-19 06:36:45,738 DEBUG   91226112 bytes (91 MB) copied, 3.042544 s, 30.0 MB/s
2026-05-19 06:36:45,738 DEBUG   122683392 bytes (123 MB) copied, 4.045743 s, 30.3 MB/s
2026-05-19 06:36:45,738 DEBUG   152043520 bytes (152 MB) copied, 5.074577 s, 30.0 MB/s
2026-05-19 06:36:45,738 DEBUG   184549376 bytes (185 MB) copied, 6.087584 s, 30.3 MB/s
2026-05-19 06:36:45,738 DEBUG   222298112 bytes (222 MB) copied, 7.128742 s, 31.2 MB/s
2026-05-19 06:36:45,738 DEBUG   253755392 bytes (254 MB) copied, 8.134568 s, 31.2 MB/s
2026-05-19 06:36:45,738 DEBUG   285212672 bytes (285 MB) copied, 9.182847 s, 31.1 MB/s
2026-05-19 06:36:45,738 DEBUG   321912832 bytes (322 MB) copied, 10.183007 s, 31.6 MB/s
2026-05-19 06:36:45,738 DEBUG   354418688 bytes (354 MB) copied, 11.190585 s, 31.7 MB/s
2026-05-19 06:36:45,738 DEBUG   387973120 bytes (388 MB) copied, 12.200587 s, 31.8 MB/s
2026-05-19 06:36:45,738 DEBUG   426770432 bytes (427 MB) copied, 13.204623 s, 32.3 MB/s
2026-05-19 06:36:45,738 DEBUG   458227712 bytes (458 MB) copied, 14.246574 s, 32.2 MB/s
2026-05-19 06:36:45,738 DEBUG   490733568 bytes (491 MB) copied, 15.250654 s, 32.2 MB/s
2026-05-19 06:36:45,739 DEBUG   526385152 bytes (526 MB) copied, 16.253603 s, 32.4 MB/s
2026-05-19 06:36:45,739 DEBUG   564133888 bytes (564 MB) copied, 17.259565 s, 32.7 MB/s
2026-05-19 06:36:45,739 DEBUG   599785472 bytes (600 MB) copied, 18.271520 s, 32.8 MB/s
2026-05-19 06:36:45,739 DEBUG   639631360 bytes (640 MB) copied, 19.333633 s, 33.1 MB/s
2026-05-19 06:36:45,739 DEBUG   672137216 bytes (672 MB) copied, 20.348602 s, 33.0 MB/s
2026-05-19 06:36:45,739 DEBUG   708837376 bytes (709 MB) copied, 21.350568 s, 33.2 MB/s
2026-05-19 06:36:45,739 DEBUG   741343232 bytes (741 MB) copied, 22.386744 s, 33.1 MB/s
2026-05-19 06:36:45,739 DEBUG   775946240 bytes (776 MB) copied, 23.426606 s, 33.1 MB/s
2026-05-19 06:36:45,739 DEBUG   806354944 bytes (806 MB) copied, 24.431523 s, 33.0 MB/s
2026-05-19 06:36:45,739 DEBUG   840957952 bytes (841 MB) copied, 25.440565 s, 33.1 MB/s
2026-05-19 06:36:45,739 DEBUG   875560960 bytes (876 MB) copied, 26.455557 s, 33.1 MB/s
2026-05-19 06:36:45,739 DEBUG   907018240 bytes (907 MB) copied, 27.469630 s, 33.0 MB/s
2026-05-19 06:36:45,739 DEBUG   938475520 bytes (938 MB) copied, 28.486920 s, 32.9 MB/s
2026-05-19 06:36:45,739 DEBUG   976224256 bytes (976 MB) copied, 29.509534 s, 33.1 MB/s
2026-05-19 06:36:45,739 DEBUG   1015021568 bytes (1.0 GB) copied, 30.563907 s, 33.2 MB/s
2026-05-19 06:36:45,739 DEBUG   1055916032 bytes (1.1 GB) copied, 31.571634 s, 33.4 MB/s
2026-05-19 06:36:45,739 DEBUG   1024+0 records in
2026-05-19 06:36:45,739 DEBUG   1024+0 records out
2026-05-19 06:36:45,739 DEBUG   1073741824 bytes (1.1 GB) copied, 32.0488 s, 33.5 MB/s
2026-05-19 06:36:45,739 DEBUG   OK (disk op exit 0)
2026-05-19 06:36:45,739 WARNING Guest disk op wall 33.3s (vm='ahv_ins_delete-0-260514-180859' ip=10.114.51.148 op=create ec=0) — includes SSH + guest disk command; if still high, check guest disk throughput vs. MiB settings.
2026-05-19 06:36:45,739 DEBUG [36/566] VM edf648da… (ahv_ins_delete-0-260514-181914) via 10.114.53.51 op=create
2026-05-19 06:36:45,740 DEBUG   remote: bash -lc 'set -e; _bs(){ printf '"'"'BULK_SNAP_T %s %s\n'"'"' "$1" "$(date +%s.%N 2>/dev/null || date +%s)"; }; _bs guest_start; _bs pipeline_start; openssl enc -aes-256-ctr -pass pass:"testing" -nosalt < /dev/zero 2>/dev/null | dd of=/root/dummy_snapshot_data_1.img bs=1M count=1024 iflag=fullblock status=progress; ec=$?; _bs pipeline_done; _bs guest_end; exit $ec'
2026-05-19 06:36:53,492 DEBUG   BULK_SNAP_T guest_start 1779140177.501853503
2026-05-19 06:36:53,492 DEBUG   BULK_SNAP_T pipeline_start 1779140177.503913534
2026-05-19 06:36:53,492 DEBUG   BULK_SNAP_T pipeline_done 1779140210.132571222
2026-05-19 06:36:53,492 DEBUG   BULK_SNAP_T guest_end 1779140210.134711553
2026-05-19 06:36:53,492 DEBUG   
2026-05-19 06:36:53,492 DEBUG   28311552 bytes (28 MB) copied, 1.007505 s, 28.1 MB/s
2026-05-19 06:36:53,492 DEBUG   58720256 bytes (59 MB) copied, 2.019556 s, 29.1 MB/s
2026-05-19 06:36:53,492 DEBUG   93323264 bytes (93 MB) copied, 3.045591 s, 30.6 MB/s
2026-05-19 06:36:53,492 DEBUG   127926272 bytes (128 MB) copied, 4.073598 s, 31.4 MB/s
2026-05-19 06:36:53,492 DEBUG   158334976 bytes (158 MB) copied, 5.091587 s, 31.1 MB/s
2026-05-19 06:36:53,492 DEBUG   190840832 bytes (191 MB) copied, 6.113639 s, 31.2 MB/s
2026-05-19 06:36:53,492 DEBUG   220200960 bytes (220 MB) copied, 7.127035 s, 30.9 MB/s
2026-05-19 06:36:53,492 DEBUG   257949696 bytes (258 MB) copied, 8.143754 s, 31.7 MB/s
2026-05-19 06:36:53,492 DEBUG   294649856 bytes (295 MB) copied, 9.171416 s, 32.1 MB/s
2026-05-19 06:36:53,492 DEBUG   327155712 bytes (327 MB) copied, 10.204850 s, 32.1 MB/s
2026-05-19 06:36:53,492 DEBUG   361758720 bytes (362 MB) copied, 11.206938 s, 32.3 MB/s
2026-05-19 06:36:53,492 DEBUG   398458880 bytes (398 MB) copied, 12.229718 s, 32.6 MB/s
2026-05-19 06:36:53,492 DEBUG   429916160 bytes (430 MB) copied, 13.231867 s, 32.5 MB/s
2026-05-19 06:36:53,492 DEBUG   463470592 bytes (463 MB) copied, 14.268439 s, 32.5 MB/s
2026-05-19 06:36:53,492 DEBUG   495976448 bytes (496 MB) copied, 15.289580 s, 32.4 MB/s
2026-05-19 06:36:53,492 DEBUG   533725184 bytes (534 MB) copied, 16.305750 s, 32.7 MB/s
2026-05-19 06:36:53,493 DEBUG   566231040 bytes (566 MB) copied, 17.306984 s, 32.7 MB/s
2026-05-19 06:36:53,493 DEBUG   601882624 bytes (602 MB) copied, 18.333521 s, 32.8 MB/s
2026-05-19 06:36:53,493 DEBUG   637534208 bytes (638 MB) copied, 19.374429 s, 32.9 MB/s
2026-05-19 06:36:53,493 DEBUG   674234368 bytes (674 MB) copied, 20.376406 s, 33.1 MB/s
2026-05-19 06:36:53,493 DEBUG   705691648 bytes (706 MB) copied, 21.401550 s, 33.0 MB/s
2026-05-19 06:36:53,493 DEBUG   740294656 bytes (740 MB) copied, 22.412542 s, 33.0 MB/s
2026-05-19 06:36:53,493 DEBUG   774897664 bytes (775 MB) copied, 23.417475 s, 33.1 MB/s
2026-05-19 06:36:53,493 DEBUG   808452096 bytes (808 MB) copied, 24.471444 s, 33.0 MB/s
2026-05-19 06:36:53,493 DEBUG   843055104 bytes (843 MB) copied, 25.478539 s, 33.1 MB/s
2026-05-19 06:36:53,493 DEBUG   874512384 bytes (875 MB) copied, 26.493502 s, 33.0 MB/s
2026-05-19 06:36:53,493 DEBUG   909115392 bytes (909 MB) copied, 27.516529 s, 33.0 MB/s
2026-05-19 06:36:53,493 DEBUG   942669824 bytes (943 MB) copied, 28.537899 s, 33.0 MB/s
2026-05-19 06:36:53,493 DEBUG   975175680 bytes (975 MB) copied, 29.545541 s, 33.0 MB/s
2026-05-19 06:36:53,493 DEBUG   1008730112 bytes (1.0 GB) copied, 30.570569 s, 33.0 MB/s
2026-05-19 06:36:53,493 DEBUG   1042284544 bytes (1.0 GB) copied, 31.583013 s, 33.0 MB/s
2026-05-19 06:36:53,493 DEBUG   1024+0 records in
2026-05-19 06:36:53,493 DEBUG   1024+0 records out
2026-05-19 06:36:53,493 DEBUG   1073741824 bytes (1.1 GB) copied, 32.5766 s, 33.0 MB/s
2026-05-19 06:36:53,493 DEBUG   OK (disk op exit 0)
2026-05-19 06:36:53,493 WARNING Guest disk op wall 34.0s (vm='ahv_ins_delete-0-260514-180903' ip=10.114.50.29 op=create ec=0) — includes SSH + guest disk command; if still high, check guest disk throughput vs. MiB settings.
2026-05-19 06:36:53,493 DEBUG [37/566] VM 8b374740… (ahv_ins_delete-0-260514-181933) via 10.114.51.10 op=create
2026-05-19 06:36:53,494 DEBUG   remote: bash -lc 'set -e; _bs(){ printf '"'"'BULK_SNAP_T %s %s\n'"'"' "$1" "$(date +%s.%N 2>/dev/null || date +%s)"; }; _bs guest_start; _bs pipeline_start; openssl enc -aes-256-ctr -pass pass:"testing" -nosalt < /dev/zero 2>/dev/null | dd of=/root/dummy_snapshot_data_1.img bs=1M count=1024 iflag=fullblock status=progress; ec=$?; _bs pipeline_done; _bs guest_end; exit $ec'
2026-05-19 06:36:55,225 DEBUG   BULK_SNAP_T guest_start 1779140180.840381151
2026-05-19 06:36:55,225 DEBUG   BULK_SNAP_T pipeline_start 1779140180.844803020
2026-05-19 06:36:55,225 DEBUG   BULK_SNAP_T pipeline_done 1779140212.260778984
2026-05-19 06:36:55,225 DEBUG   BULK_SNAP_T guest_end 1779140212.262455585
2026-05-19 06:36:55,225 DEBUG   
2026-05-19 06:36:55,225 DEBUG   35651584 bytes (36 MB) copied, 1.033710 s, 34.5 MB/s
2026-05-19 06:36:55,225 DEBUG   72351744 bytes (72 MB) copied, 2.098676 s, 34.5 MB/s
2026-05-19 06:36:55,225 DEBUG   110100480 bytes (110 MB) copied, 3.141694 s, 35.0 MB/s
2026-05-19 06:36:55,225 DEBUG   147849216 bytes (148 MB) copied, 4.193632 s, 35.3 MB/s
2026-05-19 06:36:55,226 DEBUG   184549376 bytes (185 MB) copied, 5.194192 s, 35.5 MB/s
2026-05-19 06:36:55,226 DEBUG   219152384 bytes (219 MB) copied, 6.217664 s, 35.2 MB/s
2026-05-19 06:36:55,226 DEBUG   257949696 bytes (258 MB) copied, 7.343857 s, 35.1 MB/s
2026-05-19 06:36:55,226 DEBUG   295698432 bytes (296 MB) copied, 8.375715 s, 35.3 MB/s
2026-05-19 06:36:55,226 DEBUG   327155712 bytes (327 MB) copied, 9.376702 s, 34.9 MB/s
2026-05-19 06:36:55,226 DEBUG   361758720 bytes (362 MB) copied, 10.405631 s, 34.8 MB/s
2026-05-19 06:36:55,226 DEBUG   396361728 bytes (396 MB) copied, 11.405676 s, 34.8 MB/s
2026-05-19 06:36:55,226 DEBUG   428867584 bytes (429 MB) copied, 12.414058 s, 34.5 MB/s
2026-05-19 06:36:55,226 DEBUG   462422016 bytes (462 MB) copied, 13.438618 s, 34.4 MB/s
2026-05-19 06:36:55,226 DEBUG   493879296 bytes (494 MB) copied, 14.465674 s, 34.1 MB/s
2026-05-19 06:36:55,226 DEBUG   533725184 bytes (534 MB) copied, 15.494627 s, 34.4 MB/s
2026-05-19 06:36:55,226 DEBUG   571473920 bytes (571 MB) copied, 16.528939 s, 34.6 MB/s
2026-05-19 06:36:55,226 DEBUG   607125504 bytes (607 MB) copied, 17.529961 s, 34.6 MB/s
2026-05-19 06:36:55,226 DEBUG   642777088 bytes (643 MB) copied, 18.538894 s, 34.7 MB/s
2026-05-19 06:36:55,226 DEBUG   677380096 bytes (677 MB) copied, 19.572649 s, 34.6 MB/s
2026-05-19 06:36:55,226 DEBUG   713031680 bytes (713 MB) copied, 20.626713 s, 34.6 MB/s
2026-05-19 06:36:55,226 DEBUG   754974720 bytes (755 MB) copied, 21.628610 s, 34.9 MB/s
2026-05-19 06:36:55,226 DEBUG   789577728 bytes (790 MB) copied, 22.631644 s, 34.9 MB/s
2026-05-19 06:36:55,226 DEBUG   824180736 bytes (824 MB) copied, 23.655606 s, 34.8 MB/s
2026-05-19 06:36:55,226 DEBUG   858783744 bytes (859 MB) copied, 24.659631 s, 34.8 MB/s
2026-05-19 06:36:55,226 DEBUG   892338176 bytes (892 MB) copied, 25.684912 s, 34.7 MB/s
2026-05-19 06:36:55,226 DEBUG   926941184 bytes (927 MB) copied, 26.716675 s, 34.7 MB/s
2026-05-19 06:36:55,226 DEBUG   959447040 bytes (959 MB) copied, 27.765638 s, 34.6 MB/s
2026-05-19 06:36:55,226 DEBUG   993001472 bytes (993 MB) copied, 28.776151 s, 34.5 MB/s
2026-05-19 06:36:55,226 DEBUG   1024458752 bytes (1.0 GB) copied, 29.803672 s, 34.4 MB/s
2026-05-19 06:36:55,226 DEBUG   1058013184 bytes (1.1 GB) copied, 30.809667 s, 34.3 MB/s
2026-05-19 06:36:55,226 DEBUG   1024+0 records in
2026-05-19 06:36:55,226 DEBUG   1024+0 records out
2026-05-19 06:36:55,226 DEBUG   1073741824 bytes (1.1 GB) copied, 31.3628 s, 34.2 MB/s
2026-05-19 06:36:55,226 DEBUG   OK (disk op exit 0)
2026-05-19 06:36:55,226 WARNING Guest disk op wall 32.8s (vm='ahv_ins_delete-0-260514-180908' ip=10.114.51.50 op=create ec=0) — includes SSH + guest disk command; if still high, check guest disk throughput vs. MiB settings.
2026-05-19 06:36:55,227 DEBUG [38/566] VM 6f54dc63… (ahv_ins_delete-0-260514-181944) via 10.114.53.247 op=create
2026-05-19 06:36:55,227 DEBUG   remote: bash -lc 'set -e; _bs(){ printf '"'"'BULK_SNAP_T %s %s\n'"'"' "$1" "$(date +%s.%N 2>/dev/null || date +%s)"; }; _bs guest_start; _bs pipeline_start; openssl enc -aes-256-ctr -pass pass:"testing" -nosalt < /dev/zero 2>/dev/null | dd of=/root/dummy_snapshot_data_1.img bs=1M count=1024 iflag=fullblock status=progress; ec=$?; _bs pipeline_done; _bs guest_end; exit $ec'
2026-05-19 06:36:57,992 DEBUG   BULK_SNAP_T guest_start 1779140184.074904726
2026-05-19 06:36:57,993 DEBUG   BULK_SNAP_T pipeline_start 1779140184.079386400
2026-05-19 06:36:57,993 DEBUG   BULK_SNAP_T pipeline_done 1779140214.894204073
2026-05-19 06:36:57,993 DEBUG   BULK_SNAP_T guest_end 1779140214.895676008
2026-05-19 06:36:57,993 DEBUG   
2026-05-19 06:36:57,993 DEBUG   26214400 bytes (26 MB) copied, 1.009922 s, 26.0 MB/s
2026-05-19 06:36:57,993 DEBUG   58720256 bytes (59 MB) copied, 2.025455 s, 29.0 MB/s
2026-05-19 06:36:57,993 DEBUG   95420416 bytes (95 MB) copied, 3.048387 s, 31.3 MB/s
2026-05-19 06:36:57,993 DEBUG   136314880 bytes (136 MB) copied, 4.056850 s, 33.6 MB/s
2026-05-19 06:36:57,993 DEBUG   169869312 bytes (170 MB) copied, 5.064525 s, 33.5 MB/s
2026-05-19 06:36:57,993 DEBUG   202375168 bytes (202 MB) copied, 6.080399 s, 33.3 MB/s
2026-05-19 06:36:57,993 DEBUG   235929600 bytes (236 MB) copied, 7.094835 s, 33.3 MB/s
2026-05-19 06:36:57,993 DEBUG   268435456 bytes (268 MB) copied, 8.111403 s, 33.1 MB/s
2026-05-19 06:36:57,993 DEBUG   306184192 bytes (306 MB) copied, 9.121434 s, 33.6 MB/s
2026-05-19 06:36:57,993 DEBUG   347078656 bytes (347 MB) copied, 10.132472 s, 34.3 MB/s
2026-05-19 06:36:57,993 DEBUG   382730240 bytes (383 MB) copied, 11.153463 s, 34.3 MB/s
2026-05-19 06:36:57,993 DEBUG   423624704 bytes (424 MB) copied, 12.153510 s, 34.9 MB/s
2026-05-19 06:36:57,993 DEBUG   461373440 bytes (461 MB) copied, 13.186454 s, 35.0 MB/s
2026-05-19 06:36:57,993 DEBUG   500170752 bytes (500 MB) copied, 14.223556 s, 35.2 MB/s
2026-05-19 06:36:57,993 DEBUG   533725184 bytes (534 MB) copied, 15.278567 s, 34.9 MB/s
2026-05-19 06:36:57,993 DEBUG   574619648 bytes (575 MB) copied, 16.304462 s, 35.2 MB/s
2026-05-19 06:36:57,993 DEBUG   606076928 bytes (606 MB) copied, 17.328463 s, 35.0 MB/s
2026-05-19 06:36:57,993 DEBUG   639631360 bytes (640 MB) copied, 18.349709 s, 34.9 MB/s
2026-05-19 06:36:57,993 DEBUG   685768704 bytes (686 MB) copied, 19.400419 s, 35.3 MB/s
2026-05-19 06:36:57,993 DEBUG   718274560 bytes (718 MB) copied, 20.504481 s, 35.0 MB/s
2026-05-19 06:36:57,993 DEBUG   752877568 bytes (753 MB) copied, 21.512552 s, 35.0 MB/s
2026-05-19 06:36:57,993 DEBUG   787480576 bytes (787 MB) copied, 22.538471 s, 34.9 MB/s
2026-05-19 06:36:57,993 DEBUG   823132160 bytes (823 MB) copied, 23.556506 s, 34.9 MB/s
2026-05-19 06:36:57,993 DEBUG   857735168 bytes (858 MB) copied, 24.580701 s, 34.9 MB/s
2026-05-19 06:36:57,993 DEBUG   896532480 bytes (897 MB) copied, 25.637541 s, 35.0 MB/s
2026-05-19 06:36:57,993 DEBUG   933232640 bytes (933 MB) copied, 26.655484 s, 35.0 MB/s
2026-05-19 06:36:57,993 DEBUG   968884224 bytes (969 MB) copied, 27.691570 s, 35.0 MB/s
2026-05-19 06:36:57,993 DEBUG   1004535808 bytes (1.0 GB) copied, 28.693470 s, 35.0 MB/s
2026-05-19 06:36:57,993 DEBUG   1041235968 bytes (1.0 GB) copied, 29.696469 s, 35.1 MB/s
2026-05-19 06:36:57,993 DEBUG   1072693248 bytes (1.1 GB) copied, 30.709555 s, 34.9 MB/s
2026-05-19 06:36:57,993 DEBUG   1024+0 records in
2026-05-19 06:36:57,993 DEBUG   1024+0 records out
2026-05-19 06:36:57,993 DEBUG   1073741824 bytes (1.1 GB) copied, 30.7255 s, 34.9 MB/s
2026-05-19 06:36:57,993 DEBUG   OK (disk op exit 0)
2026-05-19 06:36:57,994 WARNING Guest disk op wall 32.3s (vm='ahv_ins_delete-0-260514-180913' ip=10.114.50.202 op=create ec=0) — includes SSH + guest disk command; if still high, check guest disk throughput vs. MiB settings.
2026-05-19 06:36:57,994 DEBUG [39/566] VM a9889d8c… (ahv_ins_delete-0-260514-181959) via 10.114.48.122 op=create
2026-05-19 06:36:57,994 DEBUG   remote: bash -lc 'set -e; _bs(){ printf '"'"'BULK_SNAP_T %s %s\n'"'"' "$1" "$(date +%s.%N 2>/dev/null || date +%s)"; }; _bs guest_start; _bs pipeline_start; openssl enc -aes-256-ctr -pass pass:"testing" -nosalt < /dev/zero 2>/dev/null | dd of=/root/dummy_snapshot_data_1.img bs=1M count=1024 iflag=fullblock status=progress; ec=$?; _bs pipeline_done; _bs guest_end; exit $ec'
2026-05-19 06:37:03,748 DEBUG   BULK_SNAP_T guest_start 1779140189.175656327
2026-05-19 06:37:03,748 DEBUG   BULK_SNAP_T pipeline_start 1779140189.181049435
2026-05-19 06:37:03,748 DEBUG   BULK_SNAP_T pipeline_done 1779140220.830379566
2026-05-19 06:37:03,748 DEBUG   BULK_SNAP_T guest_end 1779140220.836498499
2026-05-19 06:37:03,748 DEBUG   
2026-05-19 06:37:03,748 DEBUG   28311552 bytes (28 MB) copied, 1.016232 s, 27.9 MB/s
2026-05-19 06:37:03,748 DEBUG   67108864 bytes (67 MB) copied, 2.041430 s, 32.9 MB/s
2026-05-19 06:37:03,748 DEBUG   102760448 bytes (103 MB) copied, 3.058197 s, 33.6 MB/s
2026-05-19 06:37:03,748 DEBUG   134217728 bytes (134 MB) copied, 4.072091 s, 33.0 MB/s
2026-05-19 06:37:03,748 DEBUG   163577856 bytes (164 MB) copied, 5.116165 s, 32.0 MB/s
2026-05-19 06:37:03,748 DEBUG   197132288 bytes (197 MB) copied, 6.138094 s, 32.1 MB/s
2026-05-19 06:37:03,748 DEBUG   232783872 bytes (233 MB) copied, 7.143116 s, 32.6 MB/s
2026-05-19 06:37:03,748 DEBUG   273678336 bytes (274 MB) copied, 8.160355 s, 33.5 MB/s
2026-05-19 06:37:03,748 DEBUG   312475648 bytes (312 MB) copied, 9.175310 s, 34.1 MB/s
2026-05-19 06:37:03,748 DEBUG   350224384 bytes (350 MB) copied, 10.216204 s, 34.3 MB/s
2026-05-19 06:37:03,748 DEBUG   390070272 bytes (390 MB) copied, 11.231161 s, 34.7 MB/s
2026-05-19 06:37:03,748 DEBUG   424673280 bytes (425 MB) copied, 12.278172 s, 34.6 MB/s
2026-05-19 06:37:03,748 DEBUG   467664896 bytes (468 MB) copied, 13.292138 s, 35.2 MB/s
2026-05-19 06:37:03,748 DEBUG   508559360 bytes (509 MB) copied, 14.292165 s, 35.6 MB/s
2026-05-19 06:37:03,748 DEBUG   549453824 bytes (549 MB) copied, 15.342116 s, 35.8 MB/s
2026-05-19 06:37:03,748 DEBUG   584056832 bytes (584 MB) copied, 16.343272 s, 35.7 MB/s
2026-05-19 06:37:03,748 DEBUG   616562688 bytes (617 MB) copied, 17.375194 s, 35.5 MB/s
2026-05-19 06:37:03,748 DEBUG   650117120 bytes (650 MB) copied, 18.386235 s, 35.4 MB/s
2026-05-19 06:37:03,748 DEBUG   679477248 bytes (679 MB) copied, 19.410085 s, 35.0 MB/s
2026-05-19 06:37:03,749 DEBUG   711983104 bytes (712 MB) copied, 20.441124 s, 34.8 MB/s
2026-05-19 06:37:03,749 DEBUG   751828992 bytes (752 MB) copied, 21.480148 s, 35.0 MB/s
2026-05-19 06:37:03,749 DEBUG   787480576 bytes (787 MB) copied, 22.488185 s, 35.0 MB/s
2026-05-19 06:37:03,749 DEBUG   822083584 bytes (822 MB) copied, 23.497278 s, 35.0 MB/s
2026-05-19 06:37:03,749 DEBUG   857735168 bytes (858 MB) copied, 24.501103 s, 35.0 MB/s
2026-05-19 06:37:03,749 DEBUG   888143872 bytes (888 MB) copied, 25.501183 s, 34.8 MB/s
2026-05-19 06:37:03,749 DEBUG   921698304 bytes (922 MB) copied, 26.505202 s, 34.8 MB/s
2026-05-19 06:37:03,749 DEBUG   955252736 bytes (955 MB) copied, 27.554237 s, 34.7 MB/s
2026-05-19 06:37:03,749 DEBUG   982515712 bytes (983 MB) copied, 28.581332 s, 34.4 MB/s
2026-05-19 06:37:03,749 DEBUG   1021313024 bytes (1.0 GB) copied, 29.612241 s, 34.5 MB/s
2026-05-19 06:37:03,749 DEBUG   1046478848 bytes (1.0 GB) copied, 30.615418 s, 34.2 MB/s
2026-05-19 06:37:03,749 DEBUG   1024+0 records in
2026-05-19 06:37:03,749 DEBUG   1024+0 records out
2026-05-19 06:37:03,749 DEBUG   1073741824 bytes (1.1 GB) copied, 31.5448 s, 34.0 MB/s
2026-05-19 06:37:03,749 DEBUG   OK (disk op exit 0)
2026-05-19 06:37:03,749 WARNING Guest disk op wall 33.3s (vm='ahv_ins_delete-0-260514-180924' ip=10.114.51.191 op=create ec=0) — includes SSH + guest disk command; if still high, check guest disk throughput vs. MiB settings.
2026-05-19 06:37:03,749 DEBUG [40/566] VM b068324d… (ahv_ins_delete-0-260514-182012) via 10.114.48.81 op=create
2026-05-19 06:37:03,749 DEBUG   remote: bash -lc 'set -e; _bs(){ printf '"'"'BULK_SNAP_T %s %s\n'"'"' "$1" "$(date +%s.%N 2>/dev/null || date +%s)"; }; _bs guest_start; _bs pipeline_start; openssl enc -aes-256-ctr -pass pass:"testing" -nosalt < /dev/zero 2>/dev/null | dd of=/root/dummy_snapshot_data_1.img bs=1M count=1024 iflag=fullblock status=progress; ec=$?; _bs pipeline_done; _bs guest_end; exit $ec'
2026-05-19 06:37:05,999 DEBUG   BULK_SNAP_T guest_start 1779140189.777051386
2026-05-19 06:37:05,999 DEBUG   BULK_SNAP_T pipeline_start 1779140189.782440629
2026-05-19 06:37:05,999 DEBUG   BULK_SNAP_T pipeline_done 1779140222.323254947
2026-05-19 06:37:05,999 DEBUG   BULK_SNAP_T guest_end 1779140222.324789539
2026-05-19 06:37:05,999 DEBUG   
2026-05-19 06:37:05,999 DEBUG   29360128 bytes (29 MB) copied, 1.032999 s, 28.4 MB/s
2026-05-19 06:37:05,999 DEBUG   65011712 bytes (65 MB) copied, 2.037051 s, 31.9 MB/s
2026-05-19 06:37:05,999 DEBUG   102760448 bytes (103 MB) copied, 3.046991 s, 33.7 MB/s
2026-05-19 06:37:05,999 DEBUG   133169152 bytes (133 MB) copied, 4.063130 s, 32.8 MB/s
2026-05-19 06:37:05,999 DEBUG   163577856 bytes (164 MB) copied, 5.114968 s, 32.0 MB/s
2026-05-19 06:37:06,000 DEBUG   199229440 bytes (199 MB) copied, 6.118047 s, 32.6 MB/s
2026-05-19 06:37:06,000 DEBUG   233832448 bytes (234 MB) copied, 7.150995 s, 32.7 MB/s
2026-05-19 06:37:06,000 DEBUG   272629760 bytes (273 MB) copied, 8.160097 s, 33.4 MB/s
2026-05-19 06:37:06,000 DEBUG   305135616 bytes (305 MB) copied, 9.180981 s, 33.2 MB/s
2026-05-19 06:37:06,000 DEBUG   338690048 bytes (339 MB) copied, 10.271122 s, 33.0 MB/s
2026-05-19 06:37:06,000 DEBUG   375390208 bytes (375 MB) copied, 11.293015 s, 33.2 MB/s
2026-05-19 06:37:06,000 DEBUG   413138944 bytes (413 MB) copied, 12.321999 s, 33.5 MB/s
2026-05-19 06:37:06,000 DEBUG   447741952 bytes (448 MB) copied, 13.365098 s, 33.5 MB/s
2026-05-19 06:37:06,000 DEBUG   482344960 bytes (482 MB) copied, 14.425164 s, 33.4 MB/s
2026-05-19 06:37:06,000 DEBUG   520093696 bytes (520 MB) copied, 15.448057 s, 33.7 MB/s
2026-05-19 06:37:06,000 DEBUG   552599552 bytes (553 MB) copied, 16.469021 s, 33.6 MB/s
2026-05-19 06:37:06,000 DEBUG   585105408 bytes (585 MB) copied, 17.491142 s, 33.5 MB/s
2026-05-19 06:37:06,000 DEBUG   615514112 bytes (616 MB) copied, 18.519103 s, 33.2 MB/s
2026-05-19 06:37:06,000 DEBUG   651165696 bytes (651 MB) copied, 19.519598 s, 33.4 MB/s
2026-05-19 06:37:06,000 DEBUG   683671552 bytes (684 MB) copied, 20.533028 s, 33.3 MB/s
2026-05-19 06:37:06,000 DEBUG   721420288 bytes (721 MB) copied, 21.557039 s, 33.5 MB/s
2026-05-19 06:37:06,000 DEBUG   756023296 bytes (756 MB) copied, 22.557581 s, 33.5 MB/s
2026-05-19 06:37:06,000 DEBUG   791674880 bytes (792 MB) copied, 23.568901 s, 33.6 MB/s
2026-05-19 06:37:06,000 DEBUG   824180736 bytes (824 MB) copied, 24.611045 s, 33.5 MB/s
2026-05-19 06:37:06,000 DEBUG   857735168 bytes (858 MB) copied, 25.640089 s, 33.5 MB/s
2026-05-19 06:37:06,000 DEBUG   889192448 bytes (889 MB) copied, 26.648072 s, 33.4 MB/s
2026-05-19 06:37:06,000 DEBUG   921698304 bytes (922 MB) copied, 27.667218 s, 33.3 MB/s
2026-05-19 06:37:06,000 DEBUG   954204160 bytes (954 MB) copied, 28.674411 s, 33.3 MB/s
2026-05-19 06:37:06,000 DEBUG   984612864 bytes (985 MB) copied, 29.715080 s, 33.1 MB/s
2026-05-19 06:37:06,000 DEBUG   1016070144 bytes (1.0 GB) copied, 30.724058 s, 33.1 MB/s
2026-05-19 06:37:06,000 DEBUG   1053818880 bytes (1.1 GB) copied, 31.780287 s, 33.2 MB/s
2026-05-19 06:37:06,000 DEBUG   1024+0 records in
2026-05-19 06:37:06,000 DEBUG   1024+0 records out
2026-05-19 06:37:06,000 DEBUG   1073741824 bytes (1.1 GB) copied, 32.4611 s, 33.1 MB/s
2026-05-19 06:37:06,000 DEBUG   OK (disk op exit 0)
2026-05-19 06:37:06,000 WARNING Guest disk op wall 34.3s (vm='ahv_ins_delete-0-260514-181357' ip=10.114.50.156 op=create ec=0) — includes SSH + guest disk command; if still high, check guest disk throughput vs. MiB settings.
2026-05-19 06:37:06,001 DEBUG [41/566] VM 2ff9cecd… (ahv_ins_delete-0-260514-182445) via 10.114.50.149 op=create
2026-05-19 06:37:06,001 DEBUG   remote: bash -lc 'set -e; _bs(){ printf '"'"'BULK_SNAP_T %s %s\n'"'"' "$1" "$(date +%s.%N 2>/dev/null || date +%s)"; }; _bs guest_start; _bs pipeline_start; openssl enc -aes-256-ctr -pass pass:"testing" -nosalt < /dev/zero 2>/dev/null | dd of=/root/dummy_snapshot_data_1.img bs=1M count=1024 iflag=fullblock status=progress; ec=$?; _bs pipeline_done; _bs guest_end; exit $ec'
2026-05-19 06:37:12,502 DEBUG   BULK_SNAP_T guest_start 1779140196.138296439
2026-05-19 06:37:12,502 DEBUG   BULK_SNAP_T pipeline_start 1779140196.142194976
2026-05-19 06:37:12,502 DEBUG   BULK_SNAP_T pipeline_done 1779140228.864064650
2026-05-19 06:37:12,502 DEBUG   BULK_SNAP_T guest_end 1779140228.865447158
2026-05-19 06:37:12,503 DEBUG   
2026-05-19 06:37:12,503 DEBUG   34603008 bytes (35 MB) copied, 1.016716 s, 34.0 MB/s
2026-05-19 06:37:12,503 DEBUG   68157440 bytes (68 MB) copied, 2.029725 s, 33.6 MB/s
2026-05-19 06:37:12,503 DEBUG   99614720 bytes (100 MB) copied, 3.037656 s, 32.8 MB/s
2026-05-19 06:37:12,503 DEBUG   130023424 bytes (130 MB) copied, 4.047614 s, 32.1 MB/s
2026-05-19 06:37:12,503 DEBUG   164626432 bytes (165 MB) copied, 5.090606 s, 32.3 MB/s
2026-05-19 06:37:12,503 DEBUG   196083712 bytes (196 MB) copied, 6.104684 s, 32.1 MB/s
2026-05-19 06:37:12,503 DEBUG   233832448 bytes (234 MB) copied, 7.128651 s, 32.8 MB/s
2026-05-19 06:37:12,503 DEBUG   267386880 bytes (267 MB) copied, 8.166592 s, 32.7 MB/s
2026-05-19 06:37:12,503 DEBUG   297795584 bytes (298 MB) copied, 9.176561 s, 32.5 MB/s
2026-05-19 06:37:12,503 DEBUG   330301440 bytes (330 MB) copied, 10.190589 s, 32.4 MB/s
2026-05-19 06:37:12,503 DEBUG   360710144 bytes (361 MB) copied, 11.202577 s, 32.2 MB/s
2026-05-19 06:37:12,503 DEBUG   392167424 bytes (392 MB) copied, 12.216764 s, 32.1 MB/s
2026-05-19 06:37:12,503 DEBUG   425721856 bytes (426 MB) copied, 13.257639 s, 32.1 MB/s
2026-05-19 06:37:12,503 DEBUG   457179136 bytes (457 MB) copied, 14.261666 s, 32.1 MB/s
2026-05-19 06:37:12,503 DEBUG   497025024 bytes (497 MB) copied, 15.279562 s, 32.5 MB/s
2026-05-19 06:37:12,503 DEBUG   531628032 bytes (532 MB) copied, 16.291579 s, 32.6 MB/s
2026-05-19 06:37:12,503 DEBUG   562036736 bytes (562 MB) copied, 17.350701 s, 32.4 MB/s
2026-05-19 06:37:12,504 DEBUG   595591168 bytes (596 MB) copied, 18.381975 s, 32.4 MB/s
2026-05-19 06:37:12,504 DEBUG   633339904 bytes (633 MB) copied, 19.410613 s, 32.6 MB/s
2026-05-19 06:37:12,504 DEBUG   662700032 bytes (663 MB) copied, 20.437623 s, 32.4 MB/s
2026-05-19 06:37:12,504 DEBUG   694157312 bytes (694 MB) copied, 21.470646 s, 32.3 MB/s
2026-05-19 06:37:12,504 DEBUG   727711744 bytes (728 MB) copied, 22.477598 s, 32.4 MB/s
2026-05-19 06:37:12,504 DEBUG   761266176 bytes (761 MB) copied, 23.512631 s, 32.4 MB/s
2026-05-19 06:37:12,504 DEBUG   797966336 bytes (798 MB) copied, 24.548616 s, 32.5 MB/s
2026-05-19 06:37:12,504 DEBUG   836763648 bytes (837 MB) copied, 25.553619 s, 32.7 MB/s
2026-05-19 06:37:12,504 DEBUG   870318080 bytes (870 MB) copied, 26.578617 s, 32.7 MB/s
2026-05-19 06:37:12,504 DEBUG   907018240 bytes (907 MB) copied, 27.620587 s, 32.8 MB/s
2026-05-19 06:37:12,504 DEBUG   942669824 bytes (943 MB) copied, 28.681640 s, 32.9 MB/s
2026-05-19 06:37:12,504 DEBUG   972029952 bytes (972 MB) copied, 29.695611 s, 32.7 MB/s
2026-05-19 06:37:12,504 DEBUG   1006632960 bytes (1.0 GB) copied, 30.719650 s, 32.8 MB/s
2026-05-19 06:37:12,504 DEBUG   1042284544 bytes (1.0 GB) copied, 31.776663 s, 32.8 MB/s
2026-05-19 06:37:12,504 DEBUG   1024+0 records in
2026-05-19 06:37:12,504 DEBUG   1024+0 records out
2026-05-19 06:37:12,504 DEBUG   1073741824 bytes (1.1 GB) copied, 32.6447 s, 32.9 MB/s
2026-05-19 06:37:12,504 DEBUG   OK (disk op exit 0)
2026-05-19 06:37:12,504 WARNING Guest disk op wall 34.0s (vm='ahv_ins_delete-0-260514-181408' ip=10.114.51.43 op=create ec=0) — includes SSH + guest disk command; if still high, check guest disk throughput vs. MiB settings.
2026-05-19 06:37:12,504 DEBUG [42/566] VM 2b528fb0… (ahv_ins_delete-0-260514-182453) via 10.114.52.33 op=create
2026-05-19 06:37:12,504 DEBUG   remote: bash -lc 'set -e; _bs(){ printf '"'"'BULK_SNAP_T %s %s\n'"'"' "$1" "$(date +%s.%N 2>/dev/null || date +%s)"; }; _bs guest_start; _bs pipeline_start; openssl enc -aes-256-ctr -pass pass:"testing" -nosalt < /dev/zero 2>/dev/null | dd of=/root/dummy_snapshot_data_1.img bs=1M count=1024 iflag=fullblock status=progress; ec=$?; _bs pipeline_done; _bs guest_end; exit $ec'
2026-05-19 06:37:14,004 DEBUG   BULK_SNAP_T guest_start 1779140198.186503214
2026-05-19 06:37:14,004 DEBUG   BULK_SNAP_T pipeline_start 1779140198.191807866
2026-05-19 06:37:14,004 DEBUG   BULK_SNAP_T pipeline_done 1779140230.916202463
2026-05-19 06:37:14,004 DEBUG   BULK_SNAP_T guest_end 1779140230.917850136
2026-05-19 06:37:14,004 DEBUG   
2026-05-19 06:37:14,004 DEBUG   32505856 bytes (33 MB) copied, 1.036709 s, 31.4 MB/s
2026-05-19 06:37:14,004 DEBUG   68157440 bytes (68 MB) copied, 2.060051 s, 33.1 MB/s
2026-05-19 06:37:14,004 DEBUG   108003328 bytes (108 MB) copied, 3.088666 s, 35.0 MB/s
2026-05-19 06:37:14,004 DEBUG   143654912 bytes (144 MB) copied, 4.091044 s, 35.1 MB/s
2026-05-19 06:37:14,004 DEBUG   176160768 bytes (176 MB) copied, 5.155814 s, 34.2 MB/s
2026-05-19 06:37:14,004 DEBUG   211812352 bytes (212 MB) copied, 6.195760 s, 34.2 MB/s
2026-05-19 06:37:14,004 DEBUG   245366784 bytes (245 MB) copied, 7.201740 s, 34.1 MB/s
2026-05-19 06:37:14,004 DEBUG   279969792 bytes (280 MB) copied, 8.231702 s, 34.0 MB/s
2026-05-19 06:37:14,004 DEBUG   313524224 bytes (314 MB) copied, 9.251820 s, 33.9 MB/s
2026-05-19 06:37:14,004 DEBUG   343932928 bytes (344 MB) copied, 10.329662 s, 33.3 MB/s
2026-05-19 06:37:14,004 DEBUG   376438784 bytes (376 MB) copied, 11.352771 s, 33.2 MB/s
2026-05-19 06:37:14,004 DEBUG   409993216 bytes (410 MB) copied, 12.372875 s, 33.1 MB/s
2026-05-19 06:37:14,004 DEBUG   447741952 bytes (448 MB) copied, 13.458716 s, 33.3 MB/s
2026-05-19 06:37:14,004 DEBUG   481296384 bytes (481 MB) copied, 14.494680 s, 33.2 MB/s
2026-05-19 06:37:14,004 DEBUG   515899392 bytes (516 MB) copied, 15.527724 s, 33.2 MB/s
2026-05-19 06:37:14,004 DEBUG   548405248 bytes (548 MB) copied, 16.544866 s, 33.1 MB/s
2026-05-19 06:37:14,004 DEBUG   581959680 bytes (582 MB) copied, 17.567851 s, 33.1 MB/s
2026-05-19 06:37:14,004 DEBUG   612368384 bytes (612 MB) copied, 18.590690 s, 32.9 MB/s
2026-05-19 06:37:14,004 DEBUG   645922816 bytes (646 MB) copied, 19.597718 s, 33.0 MB/s
2026-05-19 06:37:14,004 DEBUG   674234368 bytes (674 MB) copied, 20.604727 s, 32.7 MB/s
2026-05-19 06:37:14,004 DEBUG   708837376 bytes (709 MB) copied, 21.621711 s, 32.8 MB/s
2026-05-19 06:37:14,005 DEBUG   740294656 bytes (740 MB) copied, 22.650755 s, 32.7 MB/s
2026-05-19 06:37:14,005 DEBUG   776994816 bytes (777 MB) copied, 23.672783 s, 32.8 MB/s
2026-05-19 06:37:14,005 DEBUG   808452096 bytes (808 MB) copied, 24.678751 s, 32.8 MB/s
2026-05-19 06:37:14,005 DEBUG   844103680 bytes (844 MB) copied, 25.708089 s, 32.8 MB/s
2026-05-19 06:37:14,005 DEBUG   875560960 bytes (876 MB) copied, 26.734742 s, 32.7 MB/s
2026-05-19 06:37:14,005 DEBUG   905969664 bytes (906 MB) copied, 27.746695 s, 32.7 MB/s
2026-05-19 06:37:14,005 DEBUG   938475520 bytes (938 MB) copied, 28.775730 s, 32.6 MB/s
2026-05-19 06:37:14,005 DEBUG   975175680 bytes (975 MB) copied, 29.801707 s, 32.7 MB/s
2026-05-19 06:37:14,005 DEBUG   1010827264 bytes (1.0 GB) copied, 30.805739 s, 32.8 MB/s
2026-05-19 06:37:14,005 DEBUG   1046478848 bytes (1.0 GB) copied, 31.827814 s, 32.9 MB/s
2026-05-19 06:37:14,005 DEBUG   1024+0 records in
2026-05-19 06:37:14,005 DEBUG   1024+0 records out
2026-05-19 06:37:14,005 DEBUG   1073741824 bytes (1.1 GB) copied, 32.6657 s, 32.9 MB/s
2026-05-19 06:37:14,005 DEBUG   OK (disk op exit 0)
2026-05-19 06:37:14,005 WARNING Guest disk op wall 34.0s (vm='ahv_ins_delete-0-260514-181428' ip=10.114.50.208 op=create ec=0) — includes SSH + guest disk command; if still high, check guest disk throughput vs. MiB settings.
2026-05-19 06:37:14,005 DEBUG [43/566] VM 9195413e… (ahv_ins_delete-0-260514-182517) via 10.114.51.112 op=create
2026-05-19 06:37:14,005 DEBUG   remote: bash -lc 'set -e; _bs(){ printf '"'"'BULK_SNAP_T %s %s\n'"'"' "$1" "$(date +%s.%N 2>/dev/null || date +%s)"; }; _bs guest_start; _bs pipeline_start; openssl enc -aes-256-ctr -pass pass:"testing" -nosalt < /dev/zero 2>/dev/null | dd of=/root/dummy_snapshot_data_1.img bs=1M count=1024 iflag=fullblock status=progress; ec=$?; _bs pipeline_done; _bs guest_end; exit $ec'
2026-05-19 06:37:17,756 DEBUG   BULK_SNAP_T guest_start 1779140201.402936803
2026-05-19 06:37:17,756 DEBUG   BULK_SNAP_T pipeline_start 1779140201.409698574
2026-05-19 06:37:17,756 DEBUG   BULK_SNAP_T pipeline_done 1779140233.908158110
2026-05-19 06:37:17,756 DEBUG   BULK_SNAP_T guest_end 1779140233.930873556
2026-05-19 06:37:17,756 DEBUG   
2026-05-19 06:37:17,756 DEBUG   31457280 bytes (31 MB) copied, 1.058048 s, 29.7 MB/s
2026-05-19 06:37:17,756 DEBUG   68157440 bytes (68 MB) copied, 2.060214 s, 33.1 MB/s
2026-05-19 06:37:17,756 DEBUG   101711872 bytes (102 MB) copied, 3.088976 s, 32.9 MB/s
2026-05-19 06:37:17,756 DEBUG   132120576 bytes (132 MB) copied, 4.117991 s, 32.1 MB/s
2026-05-19 06:37:17,756 DEBUG   163577856 bytes (164 MB) copied, 5.163521 s, 31.7 MB/s
2026-05-19 06:37:17,756 DEBUG   196083712 bytes (196 MB) copied, 6.203985 s, 31.6 MB/s
2026-05-19 06:37:17,756 DEBUG   226492416 bytes (226 MB) copied, 7.216058 s, 31.4 MB/s
2026-05-19 06:37:17,756 DEBUG   263192576 bytes (263 MB) copied, 8.227977 s, 32.0 MB/s
2026-05-19 06:37:17,756 DEBUG   303038464 bytes (303 MB) copied, 9.244017 s, 32.8 MB/s
2026-05-19 06:37:17,756 DEBUG   339738624 bytes (340 MB) copied, 10.258991 s, 33.1 MB/s
2026-05-19 06:37:17,756 DEBUG   381681664 bytes (382 MB) copied, 11.294142 s, 33.8 MB/s
2026-05-19 06:37:17,756 DEBUG   420478976 bytes (420 MB) copied, 12.319984 s, 34.1 MB/s
2026-05-19 06:37:17,756 DEBUG   457179136 bytes (457 MB) copied, 13.320333 s, 34.3 MB/s
2026-05-19 06:37:17,756 DEBUG   491782144 bytes (492 MB) copied, 14.337981 s, 34.3 MB/s
2026-05-19 06:37:17,756 DEBUG   522190848 bytes (522 MB) copied, 15.362035 s, 34.0 MB/s
2026-05-19 06:37:17,756 DEBUG   554696704 bytes (555 MB) copied, 16.379417 s, 33.9 MB/s
2026-05-19 06:37:17,756 DEBUG   583008256 bytes (583 MB) copied, 17.402953 s, 33.5 MB/s
2026-05-19 06:37:17,756 DEBUG   616562688 bytes (617 MB) copied, 18.471049 s, 33.4 MB/s
2026-05-19 06:37:17,756 DEBUG   651165696 bytes (651 MB) copied, 19.496109 s, 33.4 MB/s
2026-05-19 06:37:17,756 DEBUG   686817280 bytes (687 MB) copied, 20.531021 s, 33.5 MB/s
2026-05-19 06:37:17,756 DEBUG   723517440 bytes (724 MB) copied, 21.607035 s, 33.5 MB/s
2026-05-19 06:37:17,756 DEBUG   760217600 bytes (760 MB) copied, 22.633050 s, 33.6 MB/s
2026-05-19 06:37:17,756 DEBUG   788529152 bytes (789 MB) copied, 23.670022 s, 33.3 MB/s
2026-05-19 06:37:17,756 DEBUG   818937856 bytes (819 MB) copied, 24.697046 s, 33.2 MB/s
2026-05-19 06:37:17,756 DEBUG   858783744 bytes (859 MB) copied, 25.701992 s, 33.4 MB/s
2026-05-19 06:37:17,756 DEBUG   889192448 bytes (889 MB) copied, 26.722992 s, 33.3 MB/s
2026-05-19 06:37:17,756 DEBUG   922746880 bytes (923 MB) copied, 27.725134 s, 33.3 MB/s
2026-05-19 06:37:17,756 DEBUG   960495616 bytes (960 MB) copied, 28.755076 s, 33.4 MB/s
2026-05-19 06:37:17,756 DEBUG   996147200 bytes (996 MB) copied, 29.758964 s, 33.5 MB/s
2026-05-19 06:37:17,756 DEBUG   1030750208 bytes (1.0 GB) copied, 30.797099 s, 33.5 MB/s
2026-05-19 06:37:17,757 DEBUG   1066401792 bytes (1.1 GB) copied, 31.811071 s, 33.5 MB/s
2026-05-19 06:37:17,757 DEBUG   1024+0 records in
2026-05-19 06:37:17,757 DEBUG   1024+0 records out
2026-05-19 06:37:17,757 DEBUG   1073741824 bytes (1.1 GB) copied, 31.9822 s, 33.6 MB/s
2026-05-19 06:37:17,757 DEBUG   OK (disk op exit 0)
2026-05-19 06:37:17,757 WARNING Guest disk op wall 34.0s (vm='ahv_ins_delete-0-260514-181435' ip=10.114.54.93 op=create ec=0) — includes SSH + guest disk command; if still high, check guest disk throughput vs. MiB settings.
2026-05-19 06:37:17,757 DEBUG [44/566] VM ff98e233… (ahv_ins_delete-0-260514-182536) via 10.114.50.249 op=create
2026-05-19 06:37:17,757 DEBUG   remote: bash -lc 'set -e; _bs(){ printf '"'"'BULK_SNAP_T %s %s\n'"'"' "$1" "$(date +%s.%N 2>/dev/null || date +%s)"; }; _bs guest_start; _bs pipeline_start; openssl enc -aes-256-ctr -pass pass:"testing" -nosalt < /dev/zero 2>/dev/null | dd of=/root/dummy_snapshot_data_1.img bs=1M count=1024 iflag=fullblock status=progress; ec=$?; _bs pipeline_done; _bs guest_end; exit $ec'
2026-05-19 06:37:18,256 DEBUG   BULK_SNAP_T guest_start 1779140202.815674238
2026-05-19 06:37:18,256 DEBUG   BULK_SNAP_T pipeline_start 1779140202.820894613
2026-05-19 06:37:18,256 DEBUG   BULK_SNAP_T pipeline_done 1779140235.360982646
2026-05-19 06:37:18,256 DEBUG   BULK_SNAP_T guest_end 1779140235.362819439
2026-05-19 06:37:18,256 DEBUG   
2026-05-19 06:37:18,256 DEBUG   34603008 bytes (35 MB) copied, 1.000893 s, 34.6 MB/s
2026-05-19 06:37:18,256 DEBUG   67108864 bytes (67 MB) copied, 2.065930 s, 32.5 MB/s
2026-05-19 06:37:18,256 DEBUG   105906176 bytes (106 MB) copied, 3.093744 s, 34.2 MB/s
2026-05-19 06:37:18,256 DEBUG   138412032 bytes (138 MB) copied, 4.098789 s, 33.8 MB/s
2026-05-19 06:37:18,256 DEBUG   166723584 bytes (167 MB) copied, 5.104824 s, 32.7 MB/s
2026-05-19 06:37:18,256 DEBUG   199229440 bytes (199 MB) copied, 6.151776 s, 32.4 MB/s
2026-05-19 06:37:18,256 DEBUG   234881024 bytes (235 MB) copied, 7.192802 s, 32.7 MB/s
2026-05-19 06:37:18,256 DEBUG   270532608 bytes (271 MB) copied, 8.201091 s, 33.0 MB/s
2026-05-19 06:37:18,256 DEBUG   304087040 bytes (304 MB) copied, 9.207771 s, 33.0 MB/s
2026-05-19 06:37:18,256 DEBUG   341835776 bytes (342 MB) copied, 10.218773 s, 33.5 MB/s
2026-05-19 06:37:18,256 DEBUG   377487360 bytes (377 MB) copied, 11.259910 s, 33.5 MB/s
2026-05-19 06:37:18,256 DEBUG   407896064 bytes (408 MB) copied, 12.303897 s, 33.2 MB/s
2026-05-19 06:37:18,256 DEBUG   445644800 bytes (446 MB) copied, 13.305920 s, 33.5 MB/s
2026-05-19 06:37:18,256 DEBUG   476053504 bytes (476 MB) copied, 14.310792 s, 33.3 MB/s
2026-05-19 06:37:18,256 DEBUG   509607936 bytes (510 MB) copied, 15.321409 s, 33.3 MB/s
2026-05-19 06:37:18,256 DEBUG   542113792 bytes (542 MB) copied, 16.359811 s, 33.1 MB/s
2026-05-19 06:37:18,257 DEBUG   575668224 bytes (576 MB) copied, 17.361345 s, 33.2 MB/s
2026-05-19 06:37:18,257 DEBUG   607125504 bytes (607 MB) copied, 18.364904 s, 33.1 MB/s
2026-05-19 06:37:18,257 DEBUG   643825664 bytes (644 MB) copied, 19.398784 s, 33.2 MB/s
2026-05-19 06:37:18,257 DEBUG   678428672 bytes (678 MB) copied, 20.407853 s, 33.2 MB/s
2026-05-19 06:37:18,257 DEBUG   715128832 bytes (715 MB) copied, 21.415963 s, 33.4 MB/s
2026-05-19 06:37:18,257 DEBUG   746586112 bytes (747 MB) copied, 22.436837 s, 33.3 MB/s
2026-05-19 06:37:18,257 DEBUG   776994816 bytes (777 MB) copied, 23.457290 s, 33.1 MB/s
2026-05-19 06:37:18,257 DEBUG   811597824 bytes (812 MB) copied, 24.478851 s, 33.2 MB/s
2026-05-19 06:37:18,257 DEBUG   843055104 bytes (843 MB) copied, 25.521806 s, 33.0 MB/s
2026-05-19 06:37:18,257 DEBUG   876609536 bytes (877 MB) copied, 26.546797 s, 33.0 MB/s
2026-05-19 06:37:18,257 DEBUG   909115392 bytes (909 MB) copied, 27.560002 s, 33.0 MB/s
2026-05-19 06:37:18,257 DEBUG   941621248 bytes (942 MB) copied, 28.566885 s, 33.0 MB/s
2026-05-19 06:37:18,257 DEBUG   976224256 bytes (976 MB) copied, 29.569097 s, 33.0 MB/s
2026-05-19 06:37:18,257 DEBUG   1009778688 bytes (1.0 GB) copied, 30.584765 s, 33.0 MB/s
2026-05-19 06:37:18,257 DEBUG   1042284544 bytes (1.0 GB) copied, 31.599891 s, 33.0 MB/s
2026-05-19 06:37:18,257 DEBUG   1024+0 records in
2026-05-19 06:37:18,257 DEBUG   1024+0 records out
2026-05-19 06:37:18,257 DEBUG   1073741824 bytes (1.1 GB) copied, 32.4739 s, 33.1 MB/s
2026-05-19 06:37:18,257 DEBUG   OK (disk op exit 0)
2026-05-19 06:37:18,257 WARNING Guest disk op wall 33.5s (vm='ahv_ins_delete-0-260514-181435' ip=10.114.51.97 op=create ec=0) — includes SSH + guest disk command; if still high, check guest disk throughput vs. MiB settings.
2026-05-19 06:37:18,257 DEBUG [45/566] VM 2ebd3836… (ahv_ins_delete-0-260514-182542) via 10.114.52.53 op=create
2026-05-19 06:37:18,257 DEBUG   remote: bash -lc 'set -e; _bs(){ printf '"'"'BULK_SNAP_T %s %s\n'"'"' "$1" "$(date +%s.%N 2>/dev/null || date +%s)"; }; _bs guest_start; _bs pipeline_start; openssl enc -aes-256-ctr -pass pass:"testing" -nosalt < /dev/zero 2>/dev/null | dd of=/root/dummy_snapshot_data_1.img bs=1M count=1024 iflag=fullblock status=progress; ec=$?; _bs pipeline_done; _bs guest_end; exit $ec'
2026-05-19 06:37:20,759 DEBUG   BULK_SNAP_T guest_start 1779140204.231754416
2026-05-19 06:37:20,759 DEBUG   BULK_SNAP_T pipeline_start 1779140204.237690562
2026-05-19 06:37:20,760 DEBUG   BULK_SNAP_T pipeline_done 1779140237.697383848
2026-05-19 06:37:20,760 DEBUG   BULK_SNAP_T guest_end 1779140237.702855167
2026-05-19 06:37:20,760 DEBUG   
2026-05-19 06:37:20,760 DEBUG   26214400 bytes (26 MB) copied, 1.012058 s, 25.9 MB/s
2026-05-19 06:37:20,760 DEBUG   61865984 bytes (62 MB) copied, 2.028626 s, 30.5 MB/s
2026-05-19 06:37:20,760 DEBUG   93323264 bytes (93 MB) copied, 3.036534 s, 30.7 MB/s
2026-05-19 06:37:20,760 DEBUG   123731968 bytes (124 MB) copied, 4.089028 s, 30.3 MB/s
2026-05-19 06:37:20,760 DEBUG   150994944 bytes (151 MB) copied, 5.118118 s, 29.5 MB/s
2026-05-19 06:37:20,760 DEBUG   180355072 bytes (180 MB) copied, 6.148164 s, 29.3 MB/s
2026-05-19 06:37:20,760 DEBUG   214958080 bytes (215 MB) copied, 7.154022 s, 30.0 MB/s
2026-05-19 06:37:20,760 DEBUG   249561088 bytes (250 MB) copied, 8.187077 s, 30.5 MB/s
2026-05-19 06:37:20,760 DEBUG   285212672 bytes (285 MB) copied, 9.215124 s, 31.0 MB/s
2026-05-19 06:37:20,760 DEBUG   321912832 bytes (322 MB) copied, 10.238268 s, 31.4 MB/s
2026-05-19 06:37:20,760 DEBUG   357564416 bytes (358 MB) copied, 11.267057 s, 31.7 MB/s
2026-05-19 06:37:20,760 DEBUG   392167424 bytes (392 MB) copied, 12.269081 s, 32.0 MB/s
2026-05-19 06:37:20,760 DEBUG   421527552 bytes (422 MB) copied, 13.274067 s, 31.8 MB/s
2026-05-19 06:37:20,760 DEBUG   446693376 bytes (447 MB) copied, 14.323066 s, 31.2 MB/s
2026-05-19 06:37:20,760 DEBUG   477102080 bytes (477 MB) copied, 15.323171 s, 31.1 MB/s
2026-05-19 06:37:20,760 DEBUG   508559360 bytes (509 MB) copied, 16.389142 s, 31.0 MB/s
2026-05-19 06:37:20,760 DEBUG   544210944 bytes (544 MB) copied, 17.416085 s, 31.2 MB/s
2026-05-19 06:37:20,760 DEBUG   577765376 bytes (578 MB) copied, 18.419105 s, 31.4 MB/s
2026-05-19 06:37:20,760 DEBUG   612368384 bytes (612 MB) copied, 19.429060 s, 31.5 MB/s
2026-05-19 06:37:20,760 DEBUG   643825664 bytes (644 MB) copied, 20.430470 s, 31.5 MB/s
2026-05-19 06:37:20,760 DEBUG   673185792 bytes (673 MB) copied, 21.450129 s, 31.4 MB/s
2026-05-19 06:37:20,760 DEBUG   700448768 bytes (700 MB) copied, 22.484021 s, 31.2 MB/s
2026-05-19 06:37:20,760 DEBUG   736100352 bytes (736 MB) copied, 23.553484 s, 31.3 MB/s
2026-05-19 06:37:20,760 DEBUG   766509056 bytes (767 MB) copied, 24.578085 s, 31.2 MB/s
2026-05-19 06:37:20,760 DEBUG   796917760 bytes (797 MB) copied, 25.588000 s, 31.1 MB/s
2026-05-19 06:37:20,760 DEBUG   835715072 bytes (836 MB) copied, 26.626129 s, 31.4 MB/s
2026-05-19 06:37:20,760 DEBUG   874512384 bytes (875 MB) copied, 27.668082 s, 31.6 MB/s
2026-05-19 06:37:20,760 DEBUG   912261120 bytes (912 MB) copied, 28.688225 s, 31.8 MB/s
2026-05-19 06:37:20,760 DEBUG   951058432 bytes (951 MB) copied, 29.710104 s, 32.0 MB/s
2026-05-19 06:37:20,760 DEBUG   984612864 bytes (985 MB) copied, 30.717529 s, 32.1 MB/s
2026-05-19 06:37:20,760 DEBUG   1019215872 bytes (1.0 GB) copied, 31.732059 s, 32.1 MB/s
2026-05-19 06:37:20,760 DEBUG   1048576000 bytes (1.0 GB) copied, 32.735176 s, 32.0 MB/s
2026-05-19 06:37:20,760 DEBUG   1024+0 records in
2026-05-19 06:37:20,760 DEBUG   1024+0 records out
2026-05-19 06:37:20,760 DEBUG   1073741824 bytes (1.1 GB) copied, 33.3687 s, 32.2 MB/s
2026-05-19 06:37:20,760 DEBUG   OK (disk op exit 0)
2026-05-19 06:37:20,761 WARNING Guest disk op wall 35.0s (vm='ahv_ins_delete-0-260514-181914' ip=10.114.53.51 op=create ec=0) — includes SSH + guest disk command; if still high, check guest disk throughput vs. MiB settings.
2026-05-19 06:37:20,761 DEBUG [46/566] VM 85cd5f4e… (ahv_ins_delete-0-260514-183015) via 10.114.48.29 op=create
2026-05-19 06:37:20,761 DEBUG   remote: bash -lc 'set -e; _bs(){ printf '"'"'BULK_SNAP_T %s %s\n'"'"' "$1" "$(date +%s.%N 2>/dev/null || date +%s)"; }; _bs guest_start; _bs pipeline_start; openssl enc -aes-256-ctr -pass pass:"testing" -nosalt < /dev/zero 2>/dev/null | dd of=/root/dummy_snapshot_data_1.img bs=1M count=1024 iflag=fullblock status=progress; ec=$?; _bs pipeline_done; _bs guest_end; exit $ec'
2026-05-19 06:37:28,015 DEBUG   BULK_SNAP_T guest_start 1779140211.490118957
2026-05-19 06:37:28,015 DEBUG   BULK_SNAP_T pipeline_start 1779140211.495801381
2026-05-19 06:37:28,015 DEBUG   BULK_SNAP_T pipeline_done 1779140244.644990273
2026-05-19 06:37:28,015 DEBUG   BULK_SNAP_T guest_end 1779140244.646486734
2026-05-19 06:37:28,015 DEBUG   
2026-05-19 06:37:28,015 DEBUG   34603008 bytes (35 MB) copied, 1.038601 s, 33.3 MB/s
2026-05-19 06:37:28,015 DEBUG   71303168 bytes (71 MB) copied, 2.068578 s, 34.5 MB/s
2026-05-19 06:37:28,015 DEBUG   105906176 bytes (106 MB) copied, 3.097632 s, 34.2 MB/s
2026-05-19 06:37:28,015 DEBUG   140509184 bytes (141 MB) copied, 4.115935 s, 34.1 MB/s
2026-05-19 06:37:28,015 DEBUG   168820736 bytes (169 MB) copied, 5.117596 s, 33.0 MB/s
2026-05-19 06:37:28,015 DEBUG   201326592 bytes (201 MB) copied, 6.150695 s, 32.7 MB/s
2026-05-19 06:37:28,015 DEBUG   234881024 bytes (235 MB) copied, 7.183886 s, 32.7 MB/s
2026-05-19 06:37:28,015 DEBUG   266338304 bytes (266 MB) copied, 8.188279 s, 32.5 MB/s
2026-05-19 06:37:28,015 DEBUG   299892736 bytes (300 MB) copied, 9.194653 s, 32.6 MB/s
2026-05-19 06:37:28,015 DEBUG   338690048 bytes (339 MB) copied, 10.218629 s, 33.1 MB/s
2026-05-19 06:37:28,015 DEBUG   370147328 bytes (370 MB) copied, 11.233626 s, 32.9 MB/s
2026-05-19 06:37:28,015 DEBUG   406847488 bytes (407 MB) copied, 12.235705 s, 33.3 MB/s
2026-05-19 06:37:28,015 DEBUG   439353344 bytes (439 MB) copied, 13.283622 s, 33.1 MB/s
2026-05-19 06:37:28,015 DEBUG   472907776 bytes (473 MB) copied, 14.284106 s, 33.1 MB/s
2026-05-19 06:37:28,015 DEBUG   508559360 bytes (509 MB) copied, 15.302618 s, 33.2 MB/s
2026-05-19 06:37:28,015 DEBUG   543162368 bytes (543 MB) copied, 16.306560 s, 33.3 MB/s
2026-05-19 06:37:28,015 DEBUG   574619648 bytes (575 MB) copied, 17.330002 s, 33.2 MB/s
2026-05-19 06:37:28,015 DEBUG   609222656 bytes (609 MB) copied, 18.356710 s, 33.2 MB/s
2026-05-19 06:37:28,015 DEBUG   649068544 bytes (649 MB) copied, 19.381628 s, 33.5 MB/s
2026-05-19 06:37:28,015 DEBUG   684720128 bytes (685 MB) copied, 20.413621 s, 33.5 MB/s
2026-05-19 06:37:28,015 DEBUG   718274560 bytes (718 MB) copied, 21.433574 s, 33.5 MB/s
2026-05-19 06:37:28,015 DEBUG   750780416 bytes (751 MB) copied, 22.461598 s, 33.4 MB/s
2026-05-19 06:37:28,015 DEBUG   784334848 bytes (784 MB) copied, 23.464711 s, 33.4 MB/s
2026-05-19 06:37:28,015 DEBUG   815792128 bytes (816 MB) copied, 24.496060 s, 33.3 MB/s
2026-05-19 06:37:28,015 DEBUG   845152256 bytes (845 MB) copied, 25.522958 s, 33.1 MB/s
2026-05-19 06:37:28,015 DEBUG   876609536 bytes (877 MB) copied, 26.532583 s, 33.0 MB/s
2026-05-19 06:37:28,015 DEBUG   908066816 bytes (908 MB) copied, 27.542646 s, 33.0 MB/s
2026-05-19 06:37:28,015 DEBUG   937426944 bytes (937 MB) copied, 28.584605 s, 32.8 MB/s
2026-05-19 06:37:28,015 DEBUG   969932800 bytes (970 MB) copied, 29.602651 s, 32.8 MB/s
2026-05-19 06:37:28,015 DEBUG   1002438656 bytes (1.0 GB) copied, 30.630594 s, 32.7 MB/s
2026-05-19 06:37:28,015 DEBUG   1033895936 bytes (1.0 GB) copied, 31.662169 s, 32.7 MB/s
2026-05-19 06:37:28,016 DEBUG   1065353216 bytes (1.1 GB) copied, 32.693545 s, 32.6 MB/s
2026-05-19 06:37:28,016 DEBUG   1024+0 records in
2026-05-19 06:37:28,016 DEBUG   1024+0 records out
2026-05-19 06:37:28,016 DEBUG   1073741824 bytes (1.1 GB) copied, 33.0616 s, 32.5 MB/s
2026-05-19 06:37:28,016 DEBUG   OK (disk op exit 0)
2026-05-19 06:37:28,016 WARNING Guest disk op wall 34.5s (vm='ahv_ins_delete-0-260514-181933' ip=10.114.51.10 op=create ec=0) — includes SSH + guest disk command; if still high, check guest disk throughput vs. MiB settings.
2026-05-19 06:37:28,016 DEBUG [47/566] VM f3f3ceb3… (ahv_ins_delete-0-260514-183021) via 10.114.54.76 op=create
2026-05-19 06:37:28,016 DEBUG   remote: bash -lc 'set -e; _bs(){ printf '"'"'BULK_SNAP_T %s %s\n'"'"' "$1" "$(date +%s.%N 2>/dev/null || date +%s)"; }; _bs guest_start; _bs pipeline_start; openssl enc -aes-256-ctr -pass pass:"testing" -nosalt < /dev/zero 2>/dev/null | dd of=/root/dummy_snapshot_data_1.img bs=1M count=1024 iflag=fullblock status=progress; ec=$?; _bs pipeline_done; _bs guest_end; exit $ec'
2026-05-19 06:37:29,748 DEBUG   BULK_SNAP_T guest_start 1779140213.203408648
2026-05-19 06:37:29,748 DEBUG   BULK_SNAP_T pipeline_start 1779140213.208352204
2026-05-19 06:37:29,748 DEBUG   BULK_SNAP_T pipeline_done 1779140246.323380039
2026-05-19 06:37:29,748 DEBUG   BULK_SNAP_T guest_end 1779140246.325550964
2026-05-19 06:37:29,748 DEBUG   
2026-05-19 06:37:29,748 DEBUG   29360128 bytes (29 MB) copied, 1.027709 s, 28.6 MB/s
2026-05-19 06:37:29,748 DEBUG   60817408 bytes (61 MB) copied, 2.053032 s, 29.6 MB/s
2026-05-19 06:37:29,748 DEBUG   92274688 bytes (92 MB) copied, 3.053738 s, 30.2 MB/s
2026-05-19 06:37:29,748 DEBUG   122683392 bytes (123 MB) copied, 4.056752 s, 30.2 MB/s
2026-05-19 06:37:29,748 DEBUG   153092096 bytes (153 MB) copied, 5.066327 s, 30.2 MB/s
2026-05-19 06:37:29,748 DEBUG   181403648 bytes (181 MB) copied, 6.077828 s, 29.8 MB/s
2026-05-19 06:37:29,748 DEBUG   211812352 bytes (212 MB) copied, 7.127738 s, 29.7 MB/s
2026-05-19 06:37:29,748 DEBUG   246415360 bytes (246 MB) copied, 8.171095 s, 30.2 MB/s
2026-05-19 06:37:29,748 DEBUG   284164096 bytes (284 MB) copied, 9.172817 s, 31.0 MB/s
2026-05-19 06:37:29,748 DEBUG   324009984 bytes (324 MB) copied, 10.210766 s, 31.7 MB/s
2026-05-19 06:37:29,748 DEBUG   360710144 bytes (361 MB) copied, 11.247759 s, 32.1 MB/s
2026-05-19 06:37:29,748 DEBUG   390070272 bytes (390 MB) copied, 12.264825 s, 31.8 MB/s
2026-05-19 06:37:29,748 DEBUG   418381824 bytes (418 MB) copied, 13.295814 s, 31.5 MB/s
2026-05-19 06:37:29,748 DEBUG   455081984 bytes (455 MB) copied, 14.304191 s, 31.8 MB/s
2026-05-19 06:37:29,748 DEBUG   490733568 bytes (491 MB) copied, 15.339715 s, 32.0 MB/s
2026-05-19 06:37:29,748 DEBUG   523239424 bytes (523 MB) copied, 16.376888 s, 31.9 MB/s
2026-05-19 06:37:29,748 DEBUG   559939584 bytes (560 MB) copied, 17.428829 s, 32.1 MB/s
2026-05-19 06:37:29,748 DEBUG   593494016 bytes (593 MB) copied, 18.456828 s, 32.2 MB/s
2026-05-19 06:37:29,748 DEBUG   624951296 bytes (625 MB) copied, 19.460696 s, 32.1 MB/s
2026-05-19 06:37:29,748 DEBUG   658505728 bytes (659 MB) copied, 20.471770 s, 32.2 MB/s
2026-05-19 06:37:29,748 DEBUG   694157312 bytes (694 MB) copied, 21.482814 s, 32.3 MB/s
2026-05-19 06:37:29,748 DEBUG   726663168 bytes (727 MB) copied, 22.499867 s, 32.3 MB/s
2026-05-19 06:37:29,748 DEBUG   757071872 bytes (757 MB) copied, 23.508922 s, 32.2 MB/s
2026-05-19 06:37:29,748 DEBUG   793772032 bytes (794 MB) copied, 24.535103 s, 32.4 MB/s
2026-05-19 06:37:29,748 DEBUG   826277888 bytes (826 MB) copied, 25.546737 s, 32.3 MB/s
2026-05-19 06:37:29,748 DEBUG   857735168 bytes (858 MB) copied, 26.607821 s, 32.2 MB/s
2026-05-19 06:37:29,748 DEBUG   890241024 bytes (890 MB) copied, 27.620802 s, 32.2 MB/s
2026-05-19 06:37:29,748 DEBUG   925892608 bytes (926 MB) copied, 28.652963 s, 32.3 MB/s
2026-05-19 06:37:29,748 DEBUG   959447040 bytes (959 MB) copied, 29.670831 s, 32.3 MB/s
2026-05-19 06:37:29,748 DEBUG   993001472 bytes (993 MB) copied, 30.700705 s, 32.3 MB/s
2026-05-19 06:37:29,749 DEBUG   1027604480 bytes (1.0 GB) copied, 31.702777 s, 32.4 MB/s
2026-05-19 06:37:29,749 DEBUG   1061158912 bytes (1.1 GB) copied, 32.711883 s, 32.4 MB/s
2026-05-19 06:37:29,749 DEBUG   1024+0 records in
2026-05-19 06:37:29,749 DEBUG   1024+0 records out
2026-05-19 06:37:29,749 DEBUG   1073741824 bytes (1.1 GB) copied, 33.0619 s, 32.5 MB/s
2026-05-19 06:37:29,749 DEBUG   OK (disk op exit 0)
2026-05-19 06:37:29,749 WARNING Guest disk op wall 34.5s (vm='ahv_ins_delete-0-260514-181944' ip=10.114.53.247 op=create ec=0) — includes SSH + guest disk command; if still high, check guest disk throughput vs. MiB settings.
2026-05-19 06:37:29,749 DEBUG [48/566] VM 930e019f… (ahv_ins_delete-0-260514-183022) via 10.114.53.12 op=create
2026-05-19 06:37:29,749 DEBUG   remote: bash -lc 'set -e; _bs(){ printf '"'"'BULK_SNAP_T %s %s\n'"'"' "$1" "$(date +%s.%N 2>/dev/null || date +%s)"; }; _bs guest_start; _bs pipeline_start; openssl enc -aes-256-ctr -pass pass:"testing" -nosalt < /dev/zero 2>/dev/null | dd of=/root/dummy_snapshot_data_1.img bs=1M count=1024 iflag=fullblock status=progress; ec=$?; _bs pipeline_done; _bs guest_end; exit $ec'
2026-05-19 06:37:30,762 DEBUG   BULK_SNAP_T guest_start 1779140215.845464531
2026-05-19 06:37:30,762 DEBUG   BULK_SNAP_T pipeline_start 1779140215.855519266
2026-05-19 06:37:30,762 DEBUG   BULK_SNAP_T pipeline_done 1779140247.305418628
2026-05-19 06:37:30,762 DEBUG   BULK_SNAP_T guest_end 1779140247.312211007
2026-05-19 06:37:30,762 DEBUG   
2026-05-19 06:37:30,762 DEBUG   30408704 bytes (30 MB) copied, 1.039829 s, 29.2 MB/s
2026-05-19 06:37:30,762 DEBUG   66060288 bytes (66 MB) copied, 2.045364 s, 32.3 MB/s
2026-05-19 06:37:30,762 DEBUG   100663296 bytes (101 MB) copied, 3.056941 s, 32.9 MB/s
2026-05-19 06:37:30,762 DEBUG   134217728 bytes (134 MB) copied, 4.064236 s, 33.0 MB/s
2026-05-19 06:37:30,762 DEBUG   165675008 bytes (166 MB) copied, 5.074834 s, 32.6 MB/s
2026-05-19 06:37:30,762 DEBUG   202375168 bytes (202 MB) copied, 6.082355 s, 33.3 MB/s
2026-05-19 06:37:30,762 DEBUG   239075328 bytes (239 MB) copied, 7.098295 s, 33.7 MB/s
2026-05-19 06:37:30,762 DEBUG   278921216 bytes (279 MB) copied, 8.119009 s, 34.4 MB/s
2026-05-19 06:37:30,762 DEBUG   312475648 bytes (312 MB) copied, 9.145898 s, 34.2 MB/s
2026-05-19 06:37:30,762 DEBUG   347078656 bytes (347 MB) copied, 10.151888 s, 34.2 MB/s
2026-05-19 06:37:30,762 DEBUG   380633088 bytes (381 MB) copied, 11.155125 s, 34.1 MB/s
2026-05-19 06:37:30,762 DEBUG   415236096 bytes (415 MB) copied, 12.183843 s, 34.1 MB/s
2026-05-19 06:37:30,762 DEBUG   450887680 bytes (451 MB) copied, 13.202827 s, 34.2 MB/s
2026-05-19 06:37:30,762 DEBUG   489684992 bytes (490 MB) copied, 14.208019 s, 34.5 MB/s
2026-05-19 06:37:30,762 DEBUG   524288000 bytes (524 MB) copied, 15.230828 s, 34.4 MB/s
2026-05-19 06:37:30,762 DEBUG   562036736 bytes (562 MB) copied, 16.252028 s, 34.6 MB/s
2026-05-19 06:37:30,762 DEBUG   597688320 bytes (598 MB) copied, 17.288891 s, 34.6 MB/s
2026-05-19 06:37:30,762 DEBUG   632291328 bytes (632 MB) copied, 18.299087 s, 34.6 MB/s
2026-05-19 06:37:30,762 DEBUG   671088640 bytes (671 MB) copied, 19.329983 s, 34.7 MB/s
2026-05-19 06:37:30,762 DEBUG   704643072 bytes (705 MB) copied, 20.346906 s, 34.6 MB/s
2026-05-19 06:37:30,762 DEBUG   739246080 bytes (739 MB) copied, 21.381856 s, 34.6 MB/s
2026-05-19 06:37:30,762 DEBUG   776994816 bytes (777 MB) copied, 22.428852 s, 34.6 MB/s
2026-05-19 06:37:30,762 DEBUG   810549248 bytes (811 MB) copied, 23.502887 s, 34.5 MB/s
2026-05-19 06:37:30,762 DEBUG   839909376 bytes (840 MB) copied, 24.507842 s, 34.3 MB/s
2026-05-19 06:37:30,763 DEBUG   875560960 bytes (876 MB) copied, 25.519982 s, 34.3 MB/s
2026-05-19 06:37:30,763 DEBUG   911212544 bytes (911 MB) copied, 26.545852 s, 34.3 MB/s
2026-05-19 06:37:30,763 DEBUG   947912704 bytes (948 MB) copied, 27.578105 s, 34.4 MB/s
2026-05-19 06:37:30,763 DEBUG   982515712 bytes (983 MB) copied, 28.578183 s, 34.4 MB/s
2026-05-19 06:37:30,763 DEBUG   1017118720 bytes (1.0 GB) copied, 29.619911 s, 34.3 MB/s
2026-05-19 06:37:30,763 DEBUG   1048576000 bytes (1.0 GB) copied, 30.623910 s, 34.2 MB/s
2026-05-19 06:37:30,763 DEBUG   1024+0 records in
2026-05-19 06:37:30,763 DEBUG   1024+0 records out
2026-05-19 06:37:30,763 DEBUG   1073741824 bytes (1.1 GB) copied, 31.3249 s, 34.3 MB/s
2026-05-19 06:37:30,763 DEBUG   OK (disk op exit 0)
2026-05-19 06:37:30,763 WARNING Guest disk op wall 32.8s (vm='ahv_ins_delete-0-260514-181959' ip=10.114.48.122 op=create ec=0) — includes SSH + guest disk command; if still high, check guest disk throughput vs. MiB settings.
2026-05-19 06:37:30,763 DEBUG [49/566] VM 9e43f08c… (ahv_ins_delete-0-260514-183039) via 10.114.48.164 op=create
2026-05-19 06:37:30,763 DEBUG   remote: bash -lc 'set -e; _bs(){ printf '"'"'BULK_SNAP_T %s %s\n'"'"' "$1" "$(date +%s.%N 2>/dev/null || date +%s)"; }; _bs guest_start; _bs pipeline_start; openssl enc -aes-256-ctr -pass pass:"testing" -nosalt < /dev/zero 2>/dev/null | dd of=/root/dummy_snapshot_data_1.img bs=1M count=1024 iflag=fullblock status=progress; ec=$?; _bs pipeline_done; _bs guest_end; exit $ec'
2026-05-19 06:37:38,270 DEBUG   BULK_SNAP_T guest_start 1779140221.806719409
2026-05-19 06:37:38,270 DEBUG   BULK_SNAP_T pipeline_start 1779140221.808647570
2026-05-19 06:37:38,270 DEBUG   BULK_SNAP_T pipeline_done 1779140255.027606355
2026-05-19 06:37:38,270 DEBUG   BULK_SNAP_T guest_end 1779140255.031270444
2026-05-19 06:37:38,270 DEBUG   
2026-05-19 06:37:38,270 DEBUG   27262976 bytes (27 MB) copied, 1.011858 s, 26.9 MB/s
2026-05-19 06:37:38,270 DEBUG   62914560 bytes (63 MB) copied, 2.023129 s, 31.1 MB/s
2026-05-19 06:37:38,270 DEBUG   95420416 bytes (95 MB) copied, 3.033193 s, 31.5 MB/s
2026-05-19 06:37:38,270 DEBUG   125829120 bytes (126 MB) copied, 4.049201 s, 31.1 MB/s
2026-05-19 06:37:38,270 DEBUG   157286400 bytes (157 MB) copied, 5.072274 s, 31.0 MB/s
2026-05-19 06:37:38,270 DEBUG   191889408 bytes (192 MB) copied, 6.098848 s, 31.5 MB/s
2026-05-19 06:37:38,270 DEBUG   225443840 bytes (225 MB) copied, 7.103139 s, 31.7 MB/s
2026-05-19 06:37:38,270 DEBUG   257949696 bytes (258 MB) copied, 8.104802 s, 31.8 MB/s
2026-05-19 06:37:38,270 DEBUG   290455552 bytes (290 MB) copied, 9.108770 s, 31.9 MB/s
2026-05-19 06:37:38,270 DEBUG   326107136 bytes (326 MB) copied, 10.109814 s, 32.3 MB/s
2026-05-19 06:37:38,270 DEBUG   363855872 bytes (364 MB) copied, 11.143880 s, 32.7 MB/s
2026-05-19 06:37:38,270 DEBUG   396361728 bytes (396 MB) copied, 12.184870 s, 32.5 MB/s
2026-05-19 06:37:38,270 DEBUG   430964736 bytes (431 MB) copied, 13.197016 s, 32.7 MB/s
2026-05-19 06:37:38,270 DEBUG   460324864 bytes (460 MB) copied, 14.211827 s, 32.4 MB/s
2026-05-19 06:37:38,270 DEBUG   495976448 bytes (496 MB) copied, 15.224842 s, 32.6 MB/s
2026-05-19 06:37:38,270 DEBUG   532676608 bytes (533 MB) copied, 16.237918 s, 32.8 MB/s
2026-05-19 06:37:38,270 DEBUG   567279616 bytes (567 MB) copied, 17.242871 s, 32.9 MB/s
2026-05-19 06:37:38,270 DEBUG   597688320 bytes (598 MB) copied, 18.253864 s, 32.7 MB/s
2026-05-19 06:37:38,270 DEBUG   633339904 bytes (633 MB) copied, 19.279873 s, 32.8 MB/s
2026-05-19 06:37:38,270 DEBUG   664797184 bytes (665 MB) copied, 20.291947 s, 32.8 MB/s
2026-05-19 06:37:38,270 DEBUG   700448768 bytes (700 MB) copied, 21.294351 s, 32.9 MB/s
2026-05-19 06:37:38,270 DEBUG   731906048 bytes (732 MB) copied, 22.315901 s, 32.8 MB/s
2026-05-19 06:37:38,270 DEBUG   765460480 bytes (765 MB) copied, 23.373846 s, 32.7 MB/s
2026-05-19 06:37:38,270 DEBUG   795869184 bytes (796 MB) copied, 24.376864 s, 32.6 MB/s
2026-05-19 06:37:38,270 DEBUG   829423616 bytes (829 MB) copied, 25.378078 s, 32.7 MB/s
2026-05-19 06:37:38,271 DEBUG   866123776 bytes (866 MB) copied, 26.404865 s, 32.8 MB/s
2026-05-19 06:37:38,271 DEBUG   899678208 bytes (900 MB) copied, 27.413830 s, 32.8 MB/s
2026-05-19 06:37:38,271 DEBUG   925892608 bytes (926 MB) copied, 28.424129 s, 32.6 MB/s
2026-05-19 06:37:38,271 DEBUG   958398464 bytes (958 MB) copied, 29.440221 s, 32.6 MB/s
2026-05-19 06:37:38,271 DEBUG   991952896 bytes (992 MB) copied, 30.442825 s, 32.6 MB/s
2026-05-19 06:37:38,271 DEBUG   1024458752 bytes (1.0 GB) copied, 31.447898 s, 32.6 MB/s
2026-05-19 06:37:38,271 DEBUG   1051721728 bytes (1.1 GB) copied, 32.457812 s, 32.4 MB/s
2026-05-19 06:37:38,271 DEBUG   1024+0 records in
2026-05-19 06:37:38,271 DEBUG   1024+0 records out
2026-05-19 06:37:38,271 DEBUG   1073741824 bytes (1.1 GB) copied, 33.1392 s, 32.4 MB/s
2026-05-19 06:37:38,271 DEBUG   OK (disk op exit 0)
2026-05-19 06:37:38,271 WARNING Guest disk op wall 34.5s (vm='ahv_ins_delete-0-260514-182012' ip=10.114.48.81 op=create ec=0) — includes SSH + guest disk command; if still high, check guest disk throughput vs. MiB settings.
2026-05-19 06:37:38,271 DEBUG [50/566] VM dd18d61f… (ahv_ins_delete-0-260514-183102) via 10.114.51.38 op=create
2026-05-19 06:37:38,271 DEBUG   remote: bash -lc 'set -e; _bs(){ printf '"'"'BULK_SNAP_T %s %s\n'"'"' "$1" "$(date +%s.%N 2>/dev/null || date +%s)"; }; _bs guest_start; _bs pipeline_start; openssl enc -aes-256-ctr -pass pass:"testing" -nosalt < /dev/zero 2>/dev/null | dd of=/root/dummy_snapshot_data_1.img bs=1M count=1024 iflag=fullblock status=progress; ec=$?; _bs pipeline_done; _bs guest_end; exit $ec'
2026-05-19 06:37:40,521 DEBUG   BULK_SNAP_T guest_start 1779140224.364543876
2026-05-19 06:37:40,521 DEBUG   BULK_SNAP_T pipeline_start 1779140224.367879088
2026-05-19 06:37:40,521 DEBUG   BULK_SNAP_T pipeline_done 1779140257.248776536
2026-05-19 06:37:40,521 DEBUG   BULK_SNAP_T guest_end 1779140257.255687018
2026-05-19 06:37:40,521 DEBUG   
2026-05-19 06:37:40,521 DEBUG   28311552 bytes (28 MB) copied, 1.018845 s, 27.8 MB/s
2026-05-19 06:37:40,521 DEBUG   59768832 bytes (60 MB) copied, 2.117332 s, 28.2 MB/s
2026-05-19 06:37:40,521 DEBUG   92274688 bytes (92 MB) copied, 3.128394 s, 29.5 MB/s
2026-05-19 06:37:40,522 DEBUG   128974848 bytes (129 MB) copied, 4.134342 s, 31.2 MB/s
2026-05-19 06:37:40,522 DEBUG   159383552 bytes (159 MB) copied, 5.154343 s, 30.9 MB/s
2026-05-19 06:37:40,522 DEBUG   198180864 bytes (198 MB) copied, 6.202350 s, 32.0 MB/s
2026-05-19 06:37:40,522 DEBUG   228589568 bytes (229 MB) copied, 7.207975 s, 31.7 MB/s
2026-05-19 06:37:40,522 DEBUG   264241152 bytes (264 MB) copied, 8.224380 s, 32.1 MB/s
2026-05-19 06:37:40,522 DEBUG   297795584 bytes (298 MB) copied, 9.228309 s, 32.3 MB/s
2026-05-19 06:37:40,522 DEBUG   330301440 bytes (330 MB) copied, 10.249381 s, 32.2 MB/s
2026-05-19 06:37:40,522 DEBUG   364904448 bytes (365 MB) copied, 11.259325 s, 32.4 MB/s
2026-05-19 06:37:40,522 DEBUG   400556032 bytes (401 MB) copied, 12.279324 s, 32.6 MB/s
2026-05-19 06:37:40,522 DEBUG   432013312 bytes (432 MB) copied, 13.294878 s, 32.5 MB/s
2026-05-19 06:37:40,522 DEBUG   466616320 bytes (467 MB) copied, 14.322342 s, 32.6 MB/s
2026-05-19 06:37:40,522 DEBUG   501219328 bytes (501 MB) copied, 15.373344 s, 32.6 MB/s
2026-05-19 06:37:40,522 DEBUG   528482304 bytes (528 MB) copied, 16.401372 s, 32.2 MB/s
2026-05-19 06:37:40,522 DEBUG   559939584 bytes (560 MB) copied, 17.418680 s, 32.1 MB/s
2026-05-19 06:37:40,522 DEBUG   595591168 bytes (596 MB) copied, 18.441337 s, 32.3 MB/s
2026-05-19 06:37:40,522 DEBUG   625999872 bytes (626 MB) copied, 19.461335 s, 32.2 MB/s
2026-05-19 06:37:40,522 DEBUG   654311424 bytes (654 MB) copied, 20.464652 s, 32.0 MB/s
2026-05-19 06:37:40,522 DEBUG   691011584 bytes (691 MB) copied, 21.493497 s, 32.1 MB/s
2026-05-19 06:37:40,522 DEBUG   722468864 bytes (722 MB) copied, 22.496352 s, 32.1 MB/s
2026-05-19 06:37:40,522 DEBUG   762314752 bytes (762 MB) copied, 23.511368 s, 32.4 MB/s
2026-05-19 06:37:40,522 DEBUG   800063488 bytes (800 MB) copied, 24.542497 s, 32.6 MB/s
2026-05-19 06:37:40,522 DEBUG   838860800 bytes (839 MB) copied, 25.551410 s, 32.8 MB/s
2026-05-19 06:37:40,522 DEBUG   870318080 bytes (870 MB) copied, 26.554271 s, 32.8 MB/s
2026-05-19 06:37:40,522 DEBUG   908066816 bytes (908 MB) copied, 27.574365 s, 32.9 MB/s
2026-05-19 06:37:40,522 DEBUG   940572672 bytes (941 MB) copied, 28.621313 s, 32.9 MB/s
2026-05-19 06:37:40,522 DEBUG   974127104 bytes (974 MB) copied, 29.638349 s, 32.9 MB/s
2026-05-19 06:37:40,522 DEBUG   1008730112 bytes (1.0 GB) copied, 30.652293 s, 32.9 MB/s
2026-05-19 06:37:40,522 DEBUG   1043333120 bytes (1.0 GB) copied, 31.654364 s, 33.0 MB/s
2026-05-19 06:37:40,522 DEBUG   1072693248 bytes (1.1 GB) copied, 32.680389 s, 32.8 MB/s
2026-05-19 06:37:40,522 DEBUG   1024+0 records in
2026-05-19 06:37:40,522 DEBUG   1024+0 records out
2026-05-19 06:37:40,522 DEBUG   1073741824 bytes (1.1 GB) copied, 32.7654 s, 32.8 MB/s
2026-05-19 06:37:40,522 DEBUG   OK (disk op exit 0)
2026-05-19 06:37:40,522 WARNING Guest disk op wall 34.5s (vm='ahv_ins_delete-0-260514-182445' ip=10.114.50.149 op=create ec=0) — includes SSH + guest disk command; if still high, check guest disk throughput vs. MiB settings.
2026-05-19 06:37:40,523 DEBUG [51/566] VM b04d49d5… (ahv_ins_delete-0-260514-183534) via 10.114.50.246 op=create
2026-05-19 06:37:40,523 DEBUG   remote: bash -lc 'set -e; _bs(){ printf '"'"'BULK_SNAP_T %s %s\n'"'"' "$1" "$(date +%s.%N 2>/dev/null || date +%s)"; }; _bs guest_start; _bs pipeline_start; openssl enc -aes-256-ctr -pass pass:"testing" -nosalt < /dev/zero 2>/dev/null | dd of=/root/dummy_snapshot_data_1.img bs=1M count=1024 iflag=fullblock status=progress; ec=$?; _bs pipeline_done; _bs guest_end; exit $ec'
2026-05-19 06:37:46,271 DEBUG   BULK_SNAP_T guest_start 1779140230.495178764
2026-05-19 06:37:46,271 DEBUG   BULK_SNAP_T pipeline_start 1779140230.502025201
2026-05-19 06:37:46,271 DEBUG   BULK_SNAP_T pipeline_done 1779140262.569989264
2026-05-19 06:37:46,271 DEBUG   BULK_SNAP_T guest_end 1779140262.571518035
2026-05-19 06:37:46,271 DEBUG   
2026-05-19 06:37:46,271 DEBUG   30408704 bytes (30 MB) copied, 1.018922 s, 29.8 MB/s
2026-05-19 06:37:46,271 DEBUG   66060288 bytes (66 MB) copied, 2.019164 s, 32.7 MB/s
2026-05-19 06:37:46,271 DEBUG   100663296 bytes (101 MB) copied, 3.020909 s, 33.3 MB/s
2026-05-19 06:37:46,271 DEBUG   135266304 bytes (135 MB) copied, 4.042879 s, 33.5 MB/s
2026-05-19 06:37:46,272 DEBUG   165675008 bytes (166 MB) copied, 5.049899 s, 32.8 MB/s
2026-05-19 06:37:46,272 DEBUG   196083712 bytes (196 MB) copied, 6.076032 s, 32.3 MB/s
2026-05-19 06:37:46,272 DEBUG   228589568 bytes (229 MB) copied, 7.085000 s, 32.3 MB/s
2026-05-19 06:37:46,272 DEBUG   264241152 bytes (264 MB) copied, 8.112868 s, 32.6 MB/s
2026-05-19 06:37:46,272 DEBUG   294649856 bytes (295 MB) copied, 9.133988 s, 32.3 MB/s
2026-05-19 06:37:46,272 DEBUG   326107136 bytes (326 MB) copied, 10.147938 s, 32.1 MB/s
2026-05-19 06:37:46,272 DEBUG   362807296 bytes (363 MB) copied, 11.160027 s, 32.5 MB/s
2026-05-19 06:37:46,272 DEBUG   396361728 bytes (396 MB) copied, 12.167991 s, 32.6 MB/s
2026-05-19 06:37:46,272 DEBUG   434110464 bytes (434 MB) copied, 13.182946 s, 32.9 MB/s
2026-05-19 06:37:46,272 DEBUG   464519168 bytes (465 MB) copied, 14.192928 s, 32.7 MB/s
2026-05-19 06:37:46,272 DEBUG   499122176 bytes (499 MB) copied, 15.226854 s, 32.8 MB/s
2026-05-19 06:37:46,272 DEBUG   535822336 bytes (536 MB) copied, 16.242970 s, 33.0 MB/s
2026-05-19 06:37:46,272 DEBUG   574619648 bytes (575 MB) copied, 17.263468 s, 33.3 MB/s
2026-05-19 06:37:46,272 DEBUG   609222656 bytes (609 MB) copied, 18.295922 s, 33.3 MB/s
2026-05-19 06:37:46,272 DEBUG   645922816 bytes (646 MB) copied, 19.300880 s, 33.5 MB/s
2026-05-19 06:37:46,272 DEBUG   682622976 bytes (683 MB) copied, 20.305909 s, 33.6 MB/s
2026-05-19 06:37:46,272 DEBUG   716177408 bytes (716 MB) copied, 21.357943 s, 33.5 MB/s
2026-05-19 06:37:46,272 DEBUG   749731840 bytes (750 MB) copied, 22.373249 s, 33.5 MB/s
2026-05-19 06:37:46,272 DEBUG   781189120 bytes (781 MB) copied, 23.407077 s, 33.4 MB/s
2026-05-19 06:37:46,272 DEBUG   815792128 bytes (816 MB) copied, 24.449025 s, 33.4 MB/s
2026-05-19 06:37:46,272 DEBUG   855638016 bytes (856 MB) copied, 25.450992 s, 33.6 MB/s
2026-05-19 06:37:46,272 DEBUG   882900992 bytes (883 MB) copied, 26.467109 s, 33.4 MB/s
2026-05-19 06:37:46,272 DEBUG   923795456 bytes (924 MB) copied, 27.483156 s, 33.6 MB/s
2026-05-19 06:37:46,272 DEBUG   956301312 bytes (956 MB) copied, 28.503962 s, 33.5 MB/s
2026-05-19 06:37:46,272 DEBUG   986710016 bytes (987 MB) copied, 29.526977 s, 33.4 MB/s
2026-05-19 06:37:46,272 DEBUG   1023410176 bytes (1.0 GB) copied, 30.533926 s, 33.5 MB/s
2026-05-19 06:37:46,272 DEBUG   1060110336 bytes (1.1 GB) copied, 31.571908 s, 33.6 MB/s
2026-05-19 06:37:46,272 DEBUG   1024+0 records in
2026-05-19 06:37:46,272 DEBUG   1024+0 records out
2026-05-19 06:37:46,272 DEBUG   1073741824 bytes (1.1 GB) copied, 31.978 s, 33.6 MB/s
2026-05-19 06:37:46,272 DEBUG   OK (disk op exit 0)
2026-05-19 06:37:46,272 WARNING Guest disk op wall 33.8s (vm='ahv_ins_delete-0-260514-182453' ip=10.114.52.33 op=create ec=0) — includes SSH + guest disk command; if still high, check guest disk throughput vs. MiB settings.
2026-05-19 06:37:46,273 DEBUG [52/566] VM a2956722… (ahv_ins_delete-0-260514-183539) via 10.114.53.62 op=create
2026-05-19 06:37:46,273 DEBUG   remote: bash -lc 'set -e; _bs(){ printf '"'"'BULK_SNAP_T %s %s\n'"'"' "$1" "$(date +%s.%N 2>/dev/null || date +%s)"; }; _bs guest_start; _bs pipeline_start; openssl enc -aes-256-ctr -pass pass:"testing" -nosalt < /dev/zero 2>/dev/null | dd of=/root/dummy_snapshot_data_1.img bs=1M count=1024 iflag=fullblock status=progress; ec=$?; _bs pipeline_done; _bs guest_end; exit $ec'
2026-05-19 06:37:48,527 DEBUG   BULK_SNAP_T guest_start 1779140232.594289620
2026-05-19 06:37:48,527 DEBUG   BULK_SNAP_T pipeline_start 1779140232.603917265
2026-05-19 06:37:48,527 DEBUG   BULK_SNAP_T pipeline_done 1779140265.662222905
2026-05-19 06:37:48,527 DEBUG   BULK_SNAP_T guest_end 1779140265.666788715
2026-05-19 06:37:48,527 DEBUG   
2026-05-19 06:37:48,527 DEBUG   33554432 bytes (34 MB) copied, 1.012336 s, 33.1 MB/s
2026-05-19 06:37:48,527 DEBUG   66060288 bytes (66 MB) copied, 2.043363 s, 32.3 MB/s
2026-05-19 06:37:48,527 DEBUG   100663296 bytes (101 MB) copied, 3.048391 s, 33.0 MB/s
2026-05-19 06:37:48,527 DEBUG   134217728 bytes (134 MB) copied, 4.063313 s, 33.0 MB/s
2026-05-19 06:37:48,527 DEBUG   163577856 bytes (164 MB) copied, 5.077315 s, 32.2 MB/s
2026-05-19 06:37:48,527 DEBUG   198180864 bytes (198 MB) copied, 6.092485 s, 32.5 MB/s
2026-05-19 06:37:48,527 DEBUG   231735296 bytes (232 MB) copied, 7.108331 s, 32.6 MB/s
2026-05-19 06:37:48,527 DEBUG   261095424 bytes (261 MB) copied, 8.120647 s, 32.2 MB/s
2026-05-19 06:37:48,527 DEBUG   294649856 bytes (295 MB) copied, 9.136688 s, 32.2 MB/s
2026-05-19 06:37:48,527 DEBUG   328204288 bytes (328 MB) copied, 10.143533 s, 32.4 MB/s
2026-05-19 06:37:48,527 DEBUG   359661568 bytes (360 MB) copied, 11.152347 s, 32.2 MB/s
2026-05-19 06:37:48,527 DEBUG   394264576 bytes (394 MB) copied, 12.204278 s, 32.3 MB/s
2026-05-19 06:37:48,527 DEBUG   427819008 bytes (428 MB) copied, 13.214354 s, 32.4 MB/s
2026-05-19 06:37:48,527 DEBUG   461373440 bytes (461 MB) copied, 14.222356 s, 32.4 MB/s
2026-05-19 06:37:48,528 DEBUG   499122176 bytes (499 MB) copied, 15.239348 s, 32.8 MB/s
2026-05-19 06:37:48,528 DEBUG   534773760 bytes (535 MB) copied, 16.283846 s, 32.8 MB/s
2026-05-19 06:37:48,528 DEBUG   567279616 bytes (567 MB) copied, 17.284361 s, 32.8 MB/s
2026-05-19 06:37:48,528 DEBUG   599785472 bytes (600 MB) copied, 18.298801 s, 32.8 MB/s
2026-05-19 06:37:48,528 DEBUG   632291328 bytes (632 MB) copied, 19.314335 s, 32.7 MB/s
2026-05-19 06:37:48,528 DEBUG   663748608 bytes (664 MB) copied, 20.320412 s, 32.7 MB/s
2026-05-19 06:37:48,528 DEBUG   693108736 bytes (693 MB) copied, 21.334311 s, 32.5 MB/s
2026-05-19 06:37:48,528 DEBUG   722468864 bytes (722 MB) copied, 22.366300 s, 32.3 MB/s
2026-05-19 06:37:48,528 DEBUG   756023296 bytes (756 MB) copied, 23.382344 s, 32.3 MB/s
2026-05-19 06:37:48,528 DEBUG   788529152 bytes (789 MB) copied, 24.393808 s, 32.3 MB/s
2026-05-19 06:37:48,528 DEBUG   818937856 bytes (819 MB) copied, 25.421263 s, 32.2 MB/s
2026-05-19 06:37:48,528 DEBUG   854589440 bytes (855 MB) copied, 26.426648 s, 32.3 MB/s
2026-05-19 06:37:48,528 DEBUG   889192448 bytes (889 MB) copied, 27.492343 s, 32.3 MB/s
2026-05-19 06:37:48,528 DEBUG   923795456 bytes (924 MB) copied, 28.510334 s, 32.4 MB/s
2026-05-19 06:37:48,528 DEBUG   959447040 bytes (959 MB) copied, 29.584688 s, 32.4 MB/s
2026-05-19 06:37:48,528 DEBUG   994050048 bytes (994 MB) copied, 30.604593 s, 32.5 MB/s
2026-05-19 06:37:48,528 DEBUG   1029701632 bytes (1.0 GB) copied, 31.620541 s, 32.6 MB/s
2026-05-19 06:37:48,528 DEBUG   1061158912 bytes (1.1 GB) copied, 32.626347 s, 32.5 MB/s
2026-05-19 06:37:48,528 DEBUG   1024+0 records in
2026-05-19 06:37:48,528 DEBUG   1024+0 records out
2026-05-19 06:37:48,528 DEBUG   1073741824 bytes (1.1 GB) copied, 32.9898 s, 32.5 MB/s
2026-05-19 06:37:48,528 DEBUG   OK (disk op exit 0)
2026-05-19 06:37:48,528 WARNING Guest disk op wall 34.5s (vm='ahv_ins_delete-0-260514-182517' ip=10.114.51.112 op=create ec=0) — includes SSH + guest disk command; if still high, check guest disk throughput vs. MiB settings.
2026-05-19 06:37:48,529 DEBUG [53/566] VM a9fba56a… (ahv_ins_delete-0-260514-183544) via 10.114.49.170 op=create
2026-05-19 06:37:48,529 DEBUG   remote: bash -lc 'set -e; _bs(){ printf '"'"'BULK_SNAP_T %s %s\n'"'"' "$1" "$(date +%s.%N 2>/dev/null || date +%s)"; }; _bs guest_start; _bs pipeline_start; openssl enc -aes-256-ctr -pass pass:"testing" -nosalt < /dev/zero 2>/dev/null | dd of=/root/dummy_snapshot_data_1.img bs=1M count=1024 iflag=fullblock status=progress; ec=$?; _bs pipeline_done; _bs guest_end; exit $ec'
2026-05-19 06:37:50,780 DEBUG   BULK_SNAP_T guest_start 1779140235.350370585
2026-05-19 06:37:50,780 DEBUG   BULK_SNAP_T pipeline_start 1779140235.354293256
2026-05-19 06:37:50,780 DEBUG   BULK_SNAP_T pipeline_done 1779140267.191779177
2026-05-19 06:37:50,780 DEBUG   BULK_SNAP_T guest_end 1779140267.198167595
2026-05-19 06:37:50,780 DEBUG   
2026-05-19 06:37:50,780 DEBUG   30408704 bytes (30 MB) copied, 1.025104 s, 29.7 MB/s
2026-05-19 06:37:50,780 DEBUG   63963136 bytes (64 MB) copied, 2.033026 s, 31.5 MB/s
2026-05-19 06:37:50,780 DEBUG   96468992 bytes (96 MB) copied, 3.095040 s, 31.2 MB/s
2026-05-19 06:37:50,780 DEBUG   130023424 bytes (130 MB) copied, 4.132160 s, 31.5 MB/s
2026-05-19 06:37:50,780 DEBUG   163577856 bytes (164 MB) copied, 5.154117 s, 31.7 MB/s
2026-05-19 06:37:50,780 DEBUG   197132288 bytes (197 MB) copied, 6.161071 s, 32.0 MB/s
2026-05-19 06:37:50,780 DEBUG   233832448 bytes (234 MB) copied, 7.193402 s, 32.5 MB/s
2026-05-19 06:37:50,780 DEBUG   268435456 bytes (268 MB) copied, 8.199095 s, 32.7 MB/s
2026-05-19 06:37:50,780 DEBUG   298844160 bytes (299 MB) copied, 9.200274 s, 32.5 MB/s
2026-05-19 06:37:50,780 DEBUG   336592896 bytes (337 MB) copied, 10.233780 s, 32.9 MB/s
2026-05-19 06:37:50,780 DEBUG   373293056 bytes (373 MB) copied, 11.243548 s, 33.2 MB/s
2026-05-19 06:37:50,780 DEBUG   416284672 bytes (416 MB) copied, 12.248312 s, 34.0 MB/s
2026-05-19 06:37:50,780 DEBUG   452984832 bytes (453 MB) copied, 13.270044 s, 34.1 MB/s
2026-05-19 06:37:50,780 DEBUG   487587840 bytes (488 MB) copied, 14.296074 s, 34.1 MB/s
2026-05-19 06:37:50,780 DEBUG   522190848 bytes (522 MB) copied, 15.303063 s, 34.1 MB/s
2026-05-19 06:37:50,780 DEBUG   554696704 bytes (555 MB) copied, 16.325132 s, 34.0 MB/s
2026-05-19 06:37:50,780 DEBUG   586153984 bytes (586 MB) copied, 17.346047 s, 33.8 MB/s
2026-05-19 06:37:50,780 DEBUG   620756992 bytes (621 MB) copied, 18.409190 s, 33.7 MB/s
2026-05-19 06:37:50,780 DEBUG   656408576 bytes (656 MB) copied, 19.460032 s, 33.7 MB/s
2026-05-19 06:37:50,780 DEBUG   693108736 bytes (693 MB) copied, 20.466566 s, 33.9 MB/s
2026-05-19 06:37:50,780 DEBUG   723517440 bytes (724 MB) copied, 21.481423 s, 33.7 MB/s
2026-05-19 06:37:50,780 DEBUG   759169024 bytes (759 MB) copied, 22.501388 s, 33.7 MB/s
2026-05-19 06:37:50,780 DEBUG   793772032 bytes (794 MB) copied, 23.529842 s, 33.7 MB/s
2026-05-19 06:37:50,780 DEBUG   825229312 bytes (825 MB) copied, 24.580048 s, 33.6 MB/s
2026-05-19 06:37:50,780 DEBUG   859832320 bytes (860 MB) copied, 25.581136 s, 33.6 MB/s
2026-05-19 06:37:50,780 DEBUG   895483904 bytes (895 MB) copied, 26.584079 s, 33.7 MB/s
2026-05-19 06:37:50,781 DEBUG   932184064 bytes (932 MB) copied, 27.594029 s, 33.8 MB/s
2026-05-19 06:37:50,781 DEBUG   968884224 bytes (969 MB) copied, 28.603454 s, 33.9 MB/s
2026-05-19 06:37:50,781 DEBUG   1002438656 bytes (1.0 GB) copied, 29.611107 s, 33.9 MB/s
2026-05-19 06:37:50,781 DEBUG   1038090240 bytes (1.0 GB) copied, 30.617122 s, 33.9 MB/s
2026-05-19 06:37:50,781 DEBUG   1070596096 bytes (1.1 GB) copied, 31.682148 s, 33.8 MB/s
2026-05-19 06:37:50,781 DEBUG   1024+0 records in
2026-05-19 06:37:50,781 DEBUG   1024+0 records out
2026-05-19 06:37:50,781 DEBUG   1073741824 bytes (1.1 GB) copied, 31.7582 s, 33.8 MB/s
2026-05-19 06:37:50,781 DEBUG   OK (disk op exit 0)
2026-05-19 06:37:50,781 WARNING Guest disk op wall 33.0s (vm='ahv_ins_delete-0-260514-182536' ip=10.114.50.249 op=create ec=0) — includes SSH + guest disk command; if still high, check guest disk throughput vs. MiB settings.
2026-05-19 06:37:50,781 DEBUG [54/566] VM 40c6b345… (ahv_ins_delete-0-260514-183549) via 10.114.51.48 op=create
2026-05-19 06:37:50,781 DEBUG   remote: bash -lc 'set -e; _bs(){ printf '"'"'BULK_SNAP_T %s %s\n'"'"' "$1" "$(date +%s.%N 2>/dev/null || date +%s)"; }; _bs guest_start; _bs pipeline_start; openssl enc -aes-256-ctr -pass pass:"testing" -nosalt < /dev/zero 2>/dev/null | dd of=/root/dummy_snapshot_data_1.img bs=1M count=1024 iflag=fullblock status=progress; ec=$?; _bs pipeline_done; _bs guest_end; exit $ec'
2026-05-19 06:37:53,279 DEBUG   BULK_SNAP_T guest_start 1779140237.118910613
2026-05-19 06:37:53,279 DEBUG   BULK_SNAP_T pipeline_start 1779140237.123833454
2026-05-19 06:37:53,279 DEBUG   BULK_SNAP_T pipeline_done 1779140270.780313318
2026-05-19 06:37:53,279 DEBUG   BULK_SNAP_T guest_end 1779140270.782204280
2026-05-19 06:37:53,279 DEBUG   
2026-05-19 06:37:53,279 DEBUG   30408704 bytes (30 MB) copied, 1.004404 s, 30.3 MB/s
2026-05-19 06:37:53,279 DEBUG   63963136 bytes (64 MB) copied, 2.032278 s, 31.5 MB/s
2026-05-19 06:37:53,279 DEBUG   95420416 bytes (95 MB) copied, 3.046377 s, 31.3 MB/s
2026-05-19 06:37:53,279 DEBUG   122683392 bytes (123 MB) copied, 4.065730 s, 30.2 MB/s
2026-05-19 06:37:53,279 DEBUG   154140672 bytes (154 MB) copied, 5.155378 s, 29.9 MB/s
2026-05-19 06:37:53,279 DEBUG   187695104 bytes (188 MB) copied, 6.171338 s, 30.4 MB/s
2026-05-19 06:37:53,279 DEBUG   224395264 bytes (224 MB) copied, 7.172469 s, 31.3 MB/s
2026-05-19 06:37:53,279 DEBUG   261095424 bytes (261 MB) copied, 8.194228 s, 31.9 MB/s
2026-05-19 06:37:53,279 DEBUG   296747008 bytes (297 MB) copied, 9.244441 s, 32.1 MB/s
2026-05-19 06:37:53,279 DEBUG   329252864 bytes (329 MB) copied, 10.261810 s, 32.1 MB/s
2026-05-19 06:37:53,279 DEBUG   367001600 bytes (367 MB) copied, 11.291293 s, 32.5 MB/s
2026-05-19 06:37:53,279 DEBUG   401604608 bytes (402 MB) copied, 12.317352 s, 32.6 MB/s
2026-05-19 06:37:53,279 DEBUG   430964736 bytes (431 MB) copied, 13.331365 s, 32.3 MB/s
2026-05-19 06:37:53,279 DEBUG   464519168 bytes (465 MB) copied, 14.354282 s, 32.4 MB/s
2026-05-19 06:37:53,279 DEBUG   493879296 bytes (494 MB) copied, 15.377282 s, 32.1 MB/s
2026-05-19 06:37:53,279 DEBUG   526385152 bytes (526 MB) copied, 16.389298 s, 32.1 MB/s
2026-05-19 06:37:53,279 DEBUG   558891008 bytes (559 MB) copied, 17.401318 s, 32.1 MB/s
2026-05-19 06:37:53,279 DEBUG   587202560 bytes (587 MB) copied, 18.439247 s, 31.8 MB/s
2026-05-19 06:37:53,279 DEBUG   619708416 bytes (620 MB) copied, 19.449893 s, 31.9 MB/s
2026-05-19 06:37:53,279 DEBUG   649068544 bytes (649 MB) copied, 20.475266 s, 31.7 MB/s
2026-05-19 06:37:53,279 DEBUG   680525824 bytes (681 MB) copied, 21.483421 s, 31.7 MB/s
2026-05-19 06:37:53,279 DEBUG   711983104 bytes (712 MB) copied, 22.506244 s, 31.6 MB/s
2026-05-19 06:37:53,279 DEBUG   746586112 bytes (747 MB) copied, 23.518353 s, 31.7 MB/s
2026-05-19 06:37:53,279 DEBUG   783286272 bytes (783 MB) copied, 24.536267 s, 31.9 MB/s
2026-05-19 06:37:53,279 DEBUG   817889280 bytes (818 MB) copied, 25.564346 s, 32.0 MB/s
2026-05-19 06:37:53,279 DEBUG   850395136 bytes (850 MB) copied, 26.570399 s, 32.0 MB/s
2026-05-19 06:37:53,279 DEBUG   884998144 bytes (885 MB) copied, 27.591421 s, 32.1 MB/s
2026-05-19 06:37:53,279 DEBUG   915406848 bytes (915 MB) copied, 28.619304 s, 32.0 MB/s
2026-05-19 06:37:53,280 DEBUG   947912704 bytes (948 MB) copied, 29.630505 s, 32.0 MB/s
2026-05-19 06:37:53,280 DEBUG   983564288 bytes (984 MB) copied, 30.699387 s, 32.0 MB/s
2026-05-19 06:37:53,280 DEBUG   1017118720 bytes (1.0 GB) copied, 31.766307 s, 32.0 MB/s
2026-05-19 06:37:53,280 DEBUG   1049624576 bytes (1.0 GB) copied, 32.815315 s, 32.0 MB/s
2026-05-19 06:37:53,280 DEBUG   1024+0 records in
2026-05-19 06:37:53,280 DEBUG   1024+0 records out
2026-05-19 06:37:53,280 DEBUG   1073741824 bytes (1.1 GB) copied, 33.5823 s, 32.0 MB/s
2026-05-19 06:37:53,280 DEBUG   OK (disk op exit 0)
2026-05-19 06:37:53,280 WARNING Guest disk op wall 35.0s (vm='ahv_ins_delete-0-260514-182542' ip=10.114.52.53 op=create ec=0) — includes SSH + guest disk command; if still high, check guest disk throughput vs. MiB settings.
2026-05-19 06:37:53,280 DEBUG [55/566] VM 1d2a9b9b… (ahv_ins_delete-0-260514-183555) via 10.114.48.182 op=create
2026-05-19 06:37:53,280 DEBUG   remote: bash -lc 'set -e; _bs(){ printf '"'"'BULK_SNAP_T %s %s\n'"'"' "$1" "$(date +%s.%N 2>/dev/null || date +%s)"; }; _bs guest_start; _bs pipeline_start; openssl enc -aes-256-ctr -pass pass:"testing" -nosalt < /dev/zero 2>/dev/null | dd of=/root/dummy_snapshot_data_1.img bs=1M count=1024 iflag=fullblock status=progress; ec=$?; _bs pipeline_done; _bs guest_end; exit $ec'
2026-05-19 06:37:55,280 DEBUG   BULK_SNAP_T guest_start 1779140239.397042101
2026-05-19 06:37:55,280 DEBUG   BULK_SNAP_T pipeline_start 1779140239.400936517
2026-05-19 06:37:55,280 DEBUG   BULK_SNAP_T pipeline_done 1779140272.338673544
2026-05-19 06:37:55,280 DEBUG   BULK_SNAP_T guest_end 1779140272.340174302
2026-05-19 06:37:55,280 DEBUG   
2026-05-19 06:37:55,280 DEBUG   26214400 bytes (26 MB) copied, 1.013869 s, 25.9 MB/s
2026-05-19 06:37:55,280 DEBUG   58720256 bytes (59 MB) copied, 2.013931 s, 29.2 MB/s
2026-05-19 06:37:55,280 DEBUG   92274688 bytes (92 MB) copied, 3.051845 s, 30.2 MB/s
2026-05-19 06:37:55,280 DEBUG   126877696 bytes (127 MB) copied, 4.085884 s, 31.1 MB/s
2026-05-19 06:37:55,280 DEBUG   161480704 bytes (161 MB) copied, 5.097857 s, 31.7 MB/s
2026-05-19 06:37:55,280 DEBUG   196083712 bytes (196 MB) copied, 6.112891 s, 32.1 MB/s
2026-05-19 06:37:55,280 DEBUG   225443840 bytes (225 MB) copied, 7.134851 s, 31.6 MB/s
2026-05-19 06:37:55,280 DEBUG   258998272 bytes (259 MB) copied, 8.144906 s, 31.8 MB/s
2026-05-19 06:37:55,280 DEBUG   298844160 bytes (299 MB) copied, 9.156847 s, 32.6 MB/s
2026-05-19 06:37:55,280 DEBUG   331350016 bytes (331 MB) copied, 10.193843 s, 32.5 MB/s
2026-05-19 06:37:55,280 DEBUG   364904448 bytes (365 MB) copied, 11.205218 s, 32.6 MB/s
2026-05-19 06:37:55,280 DEBUG   397410304 bytes (397 MB) copied, 12.237899 s, 32.5 MB/s
2026-05-19 06:37:55,280 DEBUG   429916160 bytes (430 MB) copied, 13.248811 s, 32.4 MB/s
2026-05-19 06:37:55,280 DEBUG   459276288 bytes (459 MB) copied, 14.261975 s, 32.2 MB/s
2026-05-19 06:37:55,280 DEBUG   491782144 bytes (492 MB) copied, 15.262341 s, 32.2 MB/s
2026-05-19 06:37:55,280 DEBUG   528482304 bytes (528 MB) copied, 16.293893 s, 32.4 MB/s
2026-05-19 06:37:55,280 DEBUG   564133888 bytes (564 MB) copied, 17.324375 s, 32.6 MB/s
2026-05-19 06:37:55,280 DEBUG   593494016 bytes (593 MB) copied, 18.334192 s, 32.4 MB/s
2026-05-19 06:37:55,280 DEBUG   631242752 bytes (631 MB) copied, 19.372027 s, 32.6 MB/s
2026-05-19 06:37:55,280 DEBUG   659554304 bytes (660 MB) copied, 20.405892 s, 32.3 MB/s
2026-05-19 06:37:55,280 DEBUG   693108736 bytes (693 MB) copied, 21.421862 s, 32.4 MB/s
2026-05-19 06:37:55,280 DEBUG   725614592 bytes (726 MB) copied, 22.451981 s, 32.3 MB/s
2026-05-19 06:37:55,280 DEBUG   759169024 bytes (759 MB) copied, 23.461841 s, 32.4 MB/s
2026-05-19 06:37:55,280 DEBUG   794820608 bytes (795 MB) copied, 24.483150 s, 32.5 MB/s
2026-05-19 06:37:55,280 DEBUG   829423616 bytes (829 MB) copied, 25.491838 s, 32.5 MB/s
2026-05-19 06:37:55,280 DEBUG   862978048 bytes (863 MB) copied, 26.526875 s, 32.5 MB/s
2026-05-19 06:37:55,281 DEBUG   896532480 bytes (897 MB) copied, 27.534288 s, 32.6 MB/s
2026-05-19 06:37:55,281 DEBUG   925892608 bytes (926 MB) copied, 28.551899 s, 32.4 MB/s
2026-05-19 06:37:55,281 DEBUG   961544192 bytes (962 MB) copied, 29.567855 s, 32.5 MB/s
2026-05-19 06:37:55,281 DEBUG   997195776 bytes (997 MB) copied, 30.570914 s, 32.6 MB/s
2026-05-19 06:37:55,281 DEBUG   1032847360 bytes (1.0 GB) copied, 31.593849 s, 32.7 MB/s
2026-05-19 06:37:55,281 DEBUG   1067450368 bytes (1.1 GB) copied, 32.601593 s, 32.7 MB/s
2026-05-19 06:37:55,281 DEBUG   1024+0 records in
2026-05-19 06:37:55,281 DEBUG   1024+0 records out
2026-05-19 06:37:55,281 DEBUG   1073741824 bytes (1.1 GB) copied, 32.8405 s, 32.7 MB/s
2026-05-19 06:37:55,281 DEBUG   OK (disk op exit 0)
2026-05-19 06:37:55,281 WARNING Guest disk op wall 34.5s (vm='ahv_ins_delete-0-260514-183015' ip=10.114.48.29 op=create ec=0) — includes SSH + guest disk command; if still high, check guest disk throughput vs. MiB settings.
2026-05-19 06:37:55,281 DEBUG [56/566] VM 2a86b61a… (ahv_ins_delete-0-260514-184128) via 10.114.51.75 op=create
2026-05-19 06:37:55,281 DEBUG   remote: bash -lc 'set -e; _bs(){ printf '"'"'BULK_SNAP_T %s %s\n'"'"' "$1" "$(date +%s.%N 2>/dev/null || date +%s)"; }; _bs guest_start; _bs pipeline_start; openssl enc -aes-256-ctr -pass pass:"testing" -nosalt < /dev/zero 2>/dev/null | dd of=/root/dummy_snapshot_data_1.img bs=1M count=1024 iflag=fullblock status=progress; ec=$?; _bs pipeline_done; _bs guest_end; exit $ec'
2026-05-19 06:38:04,036 DEBUG   BULK_SNAP_T guest_start 1779140246.484655131
2026-05-19 06:38:04,036 DEBUG   BULK_SNAP_T pipeline_start 1779140246.487780285
2026-05-19 06:38:04,036 DEBUG   BULK_SNAP_T pipeline_done 1779140281.261525633
2026-05-19 06:38:04,036 DEBUG   BULK_SNAP_T guest_end 1779140281.268850425
2026-05-19 06:38:04,036 DEBUG   
2026-05-19 06:38:04,036 DEBUG   29360128 bytes (29 MB) copied, 1.007288 s, 29.1 MB/s
2026-05-19 06:38:04,036 DEBUG   44040192 bytes (44 MB) copied, 2.012242 s, 21.9 MB/s
2026-05-19 06:38:04,036 DEBUG   73400320 bytes (73 MB) copied, 3.046292 s, 24.1 MB/s
2026-05-19 06:38:04,036 DEBUG   103809024 bytes (104 MB) copied, 4.055284 s, 25.6 MB/s
2026-05-19 06:38:04,036 DEBUG   134217728 bytes (134 MB) copied, 5.076600 s, 26.4 MB/s
2026-05-19 06:38:04,036 DEBUG   163577856 bytes (164 MB) copied, 6.077407 s, 26.9 MB/s
2026-05-19 06:38:04,036 DEBUG   197132288 bytes (197 MB) copied, 7.104284 s, 27.7 MB/s
2026-05-19 06:38:04,036 DEBUG   230686720 bytes (231 MB) copied, 8.118260 s, 28.4 MB/s
2026-05-19 06:38:04,036 DEBUG   264241152 bytes (264 MB) copied, 9.124284 s, 29.0 MB/s
2026-05-19 06:38:04,036 DEBUG   296747008 bytes (297 MB) copied, 10.143573 s, 29.3 MB/s
2026-05-19 06:38:04,036 DEBUG   324009984 bytes (324 MB) copied, 11.155327 s, 29.0 MB/s
2026-05-19 06:38:04,036 DEBUG   360710144 bytes (361 MB) copied, 12.189345 s, 29.6 MB/s
2026-05-19 06:38:04,036 DEBUG   390070272 bytes (390 MB) copied, 13.219254 s, 29.5 MB/s
2026-05-19 06:38:04,036 DEBUG   422576128 bytes (423 MB) copied, 14.234269 s, 29.7 MB/s
2026-05-19 06:38:04,036 DEBUG   458227712 bytes (458 MB) copied, 15.250415 s, 30.0 MB/s
2026-05-19 06:38:04,036 DEBUG   491782144 bytes (492 MB) copied, 16.259271 s, 30.2 MB/s
2026-05-19 06:38:04,036 DEBUG   523239424 bytes (523 MB) copied, 17.269456 s, 30.3 MB/s
2026-05-19 06:38:04,036 DEBUG   557842432 bytes (558 MB) copied, 18.281678 s, 30.5 MB/s
2026-05-19 06:38:04,036 DEBUG   589299712 bytes (589 MB) copied, 19.284436 s, 30.6 MB/s
2026-05-19 06:38:04,036 DEBUG   624951296 bytes (625 MB) copied, 20.290680 s, 30.8 MB/s
2026-05-19 06:38:04,036 DEBUG   652214272 bytes (652 MB) copied, 21.293257 s, 30.6 MB/s
2026-05-19 06:38:04,036 DEBUG   685768704 bytes (686 MB) copied, 22.295282 s, 30.8 MB/s
2026-05-19 06:38:04,036 DEBUG   718274560 bytes (718 MB) copied, 23.307696 s, 30.8 MB/s
2026-05-19 06:38:04,036 DEBUG   746586112 bytes (747 MB) copied, 24.320422 s, 30.7 MB/s
2026-05-19 06:38:04,036 DEBUG   783286272 bytes (783 MB) copied, 25.334483 s, 30.9 MB/s
2026-05-19 06:38:04,036 DEBUG   817889280 bytes (818 MB) copied, 26.352318 s, 31.0 MB/s
2026-05-19 06:38:04,036 DEBUG   851443712 bytes (851 MB) copied, 27.398299 s, 31.1 MB/s
2026-05-19 06:38:04,036 DEBUG   879755264 bytes (880 MB) copied, 28.421242 s, 31.0 MB/s
2026-05-19 06:38:04,036 DEBUG   903872512 bytes (904 MB) copied, 29.434360 s, 30.7 MB/s
2026-05-19 06:38:04,036 DEBUG   934281216 bytes (934 MB) copied, 30.476313 s, 30.7 MB/s
2026-05-19 06:38:04,037 DEBUG   963641344 bytes (964 MB) copied, 31.487706 s, 30.6 MB/s
2026-05-19 06:38:04,037 DEBUG   999292928 bytes (999 MB) copied, 32.493311 s, 30.8 MB/s
2026-05-19 06:38:04,037 DEBUG   1034944512 bytes (1.0 GB) copied, 33.536306 s, 30.9 MB/s
2026-05-19 06:38:04,037 DEBUG   1072693248 bytes (1.1 GB) copied, 34.575532 s, 31.0 MB/s
2026-05-19 06:38:04,037 DEBUG   1024+0 records in
2026-05-19 06:38:04,037 DEBUG   1024+0 records out
2026-05-19 06:38:04,037 DEBUG   1073741824 bytes (1.1 GB) copied, 34.5773 s, 31.1 MB/s
2026-05-19 06:38:04,037 DEBUG   OK (disk op exit 0)
2026-05-19 06:38:04,037 WARNING Guest disk op wall 36.0s (vm='ahv_ins_delete-0-260514-183021' ip=10.114.54.76 op=create ec=0) — includes SSH + guest disk command; if still high, check guest disk throughput vs. MiB settings.
2026-05-19 06:38:04,037 DEBUG [57/566] VM d551cf71… (ahv_ins_delete-0-260514-184129) via 10.114.48.33 op=create
2026-05-19 06:38:04,037 DEBUG   remote: bash -lc 'set -e; _bs(){ printf '"'"'BULK_SNAP_T %s %s\n'"'"' "$1" "$(date +%s.%N 2>/dev/null || date +%s)"; }; _bs guest_start; _bs pipeline_start; openssl enc -aes-256-ctr -pass pass:"testing" -nosalt < /dev/zero 2>/dev/null | dd of=/root/dummy_snapshot_data_1.img bs=1M count=1024 iflag=fullblock status=progress; ec=$?; _bs pipeline_done; _bs guest_end; exit $ec'
2026-05-19 06:38:04,282 DEBUG   BULK_SNAP_T guest_start 1779140249.219782166
2026-05-19 06:38:04,282 DEBUG   BULK_SNAP_T pipeline_start 1779140249.226957877
2026-05-19 06:38:04,282 DEBUG   BULK_SNAP_T pipeline_done 1779140281.336326963
2026-05-19 06:38:04,282 DEBUG   BULK_SNAP_T guest_end 1779140281.337910895
2026-05-19 06:38:04,282 DEBUG   
2026-05-19 06:38:04,282 DEBUG   30408704 bytes (30 MB) copied, 1.019706 s, 29.8 MB/s
2026-05-19 06:38:04,282 DEBUG   63963136 bytes (64 MB) copied, 2.042864 s, 31.3 MB/s
2026-05-19 06:38:04,282 DEBUG   103809024 bytes (104 MB) copied, 3.047518 s, 34.1 MB/s
2026-05-19 06:38:04,282 DEBUG   143654912 bytes (144 MB) copied, 4.092721 s, 35.1 MB/s
2026-05-19 06:38:04,282 DEBUG   180355072 bytes (180 MB) copied, 5.111074 s, 35.3 MB/s
2026-05-19 06:38:04,282 DEBUG   214958080 bytes (215 MB) copied, 6.120871 s, 35.1 MB/s
2026-05-19 06:38:04,282 DEBUG   254803968 bytes (255 MB) copied, 7.148706 s, 35.6 MB/s
2026-05-19 06:38:04,282 DEBUG   284164096 bytes (284 MB) copied, 8.170743 s, 34.8 MB/s
2026-05-19 06:38:04,282 DEBUG   325058560 bytes (325 MB) copied, 9.177795 s, 35.4 MB/s
2026-05-19 06:38:04,282 DEBUG   359661568 bytes (360 MB) copied, 10.225740 s, 35.2 MB/s
2026-05-19 06:38:04,282 DEBUG   392167424 bytes (392 MB) copied, 11.226156 s, 34.9 MB/s
2026-05-19 06:38:04,282 DEBUG   428867584 bytes (429 MB) copied, 12.265706 s, 35.0 MB/s
2026-05-19 06:38:04,282 DEBUG   461373440 bytes (461 MB) copied, 13.305765 s, 34.7 MB/s
2026-05-19 06:38:04,282 DEBUG   502267904 bytes (502 MB) copied, 14.309945 s, 35.1 MB/s
2026-05-19 06:38:04,282 DEBUG   540016640 bytes (540 MB) copied, 15.323752 s, 35.2 MB/s
2026-05-19 06:38:04,282 DEBUG   577765376 bytes (578 MB) copied, 16.324709 s, 35.4 MB/s
2026-05-19 06:38:04,282 DEBUG   617611264 bytes (618 MB) copied, 17.332962 s, 35.6 MB/s
2026-05-19 06:38:04,282 DEBUG   652214272 bytes (652 MB) copied, 18.365797 s, 35.5 MB/s
2026-05-19 06:38:04,282 DEBUG   683671552 bytes (684 MB) copied, 19.368716 s, 35.3 MB/s
2026-05-19 06:38:04,282 DEBUG   717225984 bytes (717 MB) copied, 20.374738 s, 35.2 MB/s
2026-05-19 06:38:04,282 DEBUG   748683264 bytes (749 MB) copied, 21.383997 s, 35.0 MB/s
2026-05-19 06:38:04,282 DEBUG   786432000 bytes (786 MB) copied, 22.394697 s, 35.1 MB/s
2026-05-19 06:38:04,282 DEBUG   816840704 bytes (817 MB) copied, 23.422771 s, 34.9 MB/s
2026-05-19 06:38:04,283 DEBUG   855638016 bytes (856 MB) copied, 24.460727 s, 35.0 MB/s
2026-05-19 06:38:04,283 DEBUG   884998144 bytes (885 MB) copied, 25.480740 s, 34.7 MB/s
2026-05-19 06:38:04,283 DEBUG   913309696 bytes (913 MB) copied, 26.504823 s, 34.5 MB/s
2026-05-19 06:38:04,283 DEBUG   943718400 bytes (944 MB) copied, 27.519837 s, 34.3 MB/s
2026-05-19 06:38:04,283 DEBUG   974127104 bytes (974 MB) copied, 28.537682 s, 34.1 MB/s
2026-05-19 06:38:04,283 DEBUG   1007681536 bytes (1.0 GB) copied, 29.547741 s, 34.1 MB/s
2026-05-19 06:38:04,283 DEBUG   1034944512 bytes (1.0 GB) copied, 30.560771 s, 33.9 MB/s
2026-05-19 06:38:04,283 DEBUG   1061158912 bytes (1.1 GB) copied, 31.580702 s, 33.6 MB/s
2026-05-19 06:38:04,283 DEBUG   1024+0 records in
2026-05-19 06:38:04,283 DEBUG   1024+0 records out
2026-05-19 06:38:04,283 DEBUG   1073741824 bytes (1.1 GB) copied, 32.0428 s, 33.5 MB/s
2026-05-19 06:38:04,283 DEBUG   OK (disk op exit 0)
2026-05-19 06:38:04,283 WARNING Guest disk op wall 33.5s (vm='ahv_ins_delete-0-260514-183039' ip=10.114.48.164 op=create ec=0) — includes SSH + guest disk command; if still high, check guest disk throughput vs. MiB settings.
2026-05-19 06:38:04,283 DEBUG [58/566] VM f1009fe6… (ahv_ins_delete-0-260514-184132) via 10.114.50.190 op=create
2026-05-19 06:38:04,283 DEBUG   remote: bash -lc 'set -e; _bs(){ printf '"'"'BULK_SNAP_T %s %s\n'"'"' "$1" "$(date +%s.%N 2>/dev/null || date +%s)"; }; _bs guest_start; _bs pipeline_start; openssl enc -aes-256-ctr -pass pass:"testing" -nosalt < /dev/zero 2>/dev/null | dd of=/root/dummy_snapshot_data_1.img bs=1M count=1024 iflag=fullblock status=progress; ec=$?; _bs pipeline_done; _bs guest_end; exit $ec'
2026-05-19 06:38:05,271 DEBUG   BULK_SNAP_T guest_start 1779140247.470300724
2026-05-19 06:38:05,271 DEBUG   BULK_SNAP_T pipeline_start 1779140247.476217446
2026-05-19 06:38:05,271 DEBUG   BULK_SNAP_T pipeline_done 1779140281.683622616
2026-05-19 06:38:05,271 DEBUG   BULK_SNAP_T guest_end 1779140281.690978717
2026-05-19 06:38:05,271 DEBUG   
2026-05-19 06:38:05,271 DEBUG   31457280 bytes (31 MB) copied, 1.005207 s, 31.3 MB/s
2026-05-19 06:38:05,271 DEBUG   62914560 bytes (63 MB) copied, 2.040218 s, 30.8 MB/s
2026-05-19 06:38:05,271 DEBUG   94371840 bytes (94 MB) copied, 3.053440 s, 30.9 MB/s
2026-05-19 06:38:05,271 DEBUG   127926272 bytes (128 MB) copied, 4.066569 s, 31.5 MB/s
2026-05-19 06:38:05,271 DEBUG   161480704 bytes (161 MB) copied, 5.078377 s, 31.8 MB/s
2026-05-19 06:38:05,271 DEBUG   193986560 bytes (194 MB) copied, 6.131221 s, 31.6 MB/s
2026-05-19 06:38:05,271 DEBUG   228589568 bytes (229 MB) copied, 7.137123 s, 32.0 MB/s
2026-05-19 06:38:05,271 DEBUG   260046848 bytes (260 MB) copied, 8.173239 s, 31.8 MB/s
2026-05-19 06:38:05,271 DEBUG   287309824 bytes (287 MB) copied, 9.208134 s, 31.2 MB/s
2026-05-19 06:38:05,271 DEBUG   318767104 bytes (319 MB) copied, 10.234896 s, 31.1 MB/s
2026-05-19 06:38:05,271 DEBUG   351272960 bytes (351 MB) copied, 11.250209 s, 31.2 MB/s
2026-05-19 06:38:05,271 DEBUG   385875968 bytes (386 MB) copied, 12.283143 s, 31.4 MB/s
2026-05-19 06:38:05,271 DEBUG   419430400 bytes (419 MB) copied, 13.289469 s, 31.6 MB/s
2026-05-19 06:38:05,272 DEBUG   452984832 bytes (453 MB) copied, 14.306170 s, 31.7 MB/s
2026-05-19 06:38:05,272 DEBUG   486539264 bytes (487 MB) copied, 15.329225 s, 31.7 MB/s
2026-05-19 06:38:05,272 DEBUG   521142272 bytes (521 MB) copied, 16.370309 s, 31.8 MB/s
2026-05-19 06:38:05,272 DEBUG   554696704 bytes (555 MB) copied, 17.394241 s, 31.9 MB/s
2026-05-19 06:38:05,272 DEBUG   592445440 bytes (592 MB) copied, 18.407153 s, 32.2 MB/s
2026-05-19 06:38:05,272 DEBUG   622854144 bytes (623 MB) copied, 19.412247 s, 32.1 MB/s
2026-05-19 06:38:05,272 DEBUG   657457152 bytes (657 MB) copied, 20.442186 s, 32.2 MB/s
2026-05-19 06:38:05,272 DEBUG   685768704 bytes (686 MB) copied, 21.480242 s, 31.9 MB/s
2026-05-19 06:38:05,272 DEBUG   717225984 bytes (717 MB) copied, 22.519219 s, 31.8 MB/s
2026-05-19 06:38:05,272 DEBUG   753926144 bytes (754 MB) copied, 23.520694 s, 32.1 MB/s
2026-05-19 06:38:05,272 DEBUG   787480576 bytes (787 MB) copied, 24.548274 s, 32.1 MB/s
2026-05-19 06:38:05,272 DEBUG   822083584 bytes (822 MB) copied, 25.628286 s, 32.1 MB/s
2026-05-19 06:38:05,272 DEBUG   850395136 bytes (850 MB) copied, 26.643419 s, 31.9 MB/s
2026-05-19 06:38:05,272 DEBUG   881852416 bytes (882 MB) copied, 27.676244 s, 31.9 MB/s
2026-05-19 06:38:05,272 DEBUG   915406848 bytes (915 MB) copied, 28.684547 s, 31.9 MB/s
2026-05-19 06:38:05,272 DEBUG   944766976 bytes (945 MB) copied, 29.696177 s, 31.8 MB/s
2026-05-19 06:38:05,272 DEBUG   975175680 bytes (975 MB) copied, 30.707197 s, 31.8 MB/s
2026-05-19 06:38:05,272 DEBUG   1002438656 bytes (1.0 GB) copied, 31.814209 s, 31.5 MB/s
2026-05-19 06:38:05,272 DEBUG   1034944512 bytes (1.0 GB) copied, 32.842130 s, 31.5 MB/s
2026-05-19 06:38:05,272 DEBUG   1067450368 bytes (1.1 GB) copied, 33.882364 s, 31.5 MB/s
2026-05-19 06:38:05,272 DEBUG   1024+0 records in
2026-05-19 06:38:05,272 DEBUG   1024+0 records out
2026-05-19 06:38:05,272 DEBUG   1073741824 bytes (1.1 GB) copied, 34.1043 s, 31.5 MB/s
2026-05-19 06:38:05,272 DEBUG   OK (disk op exit 0)
2026-05-19 06:38:05,272 WARNING Guest disk op wall 35.5s (vm='ahv_ins_delete-0-260514-183022' ip=10.114.53.12 op=create ec=0) — includes SSH + guest disk command; if still high, check guest disk throughput vs. MiB settings.
2026-05-19 06:38:05,272 DEBUG [59/566] VM 72e55ae1… (ahv_ins_delete-0-260514-184209) via 10.114.51.84 op=create
2026-05-19 06:38:05,273 DEBUG   remote: bash -lc 'set -e; _bs(){ printf '"'"'BULK_SNAP_T %s %s\n'"'"' "$1" "$(date +%s.%N 2>/dev/null || date +%s)"; }; _bs guest_start; _bs pipeline_start; openssl enc -aes-256-ctr -pass pass:"testing" -nosalt < /dev/zero 2>/dev/null | dd of=/root/dummy_snapshot_data_1.img bs=1M count=1024 iflag=fullblock status=progress; ec=$?; _bs pipeline_done; _bs guest_end; exit $ec'
2026-05-19 06:38:13,543 DEBUG   BULK_SNAP_T guest_start 1779140256.895275824
2026-05-19 06:38:13,543 DEBUG   BULK_SNAP_T pipeline_start 1779140256.905325604
2026-05-19 06:38:13,543 DEBUG   BULK_SNAP_T pipeline_done 1779140290.721361303
2026-05-19 06:38:13,543 DEBUG   BULK_SNAP_T guest_end 1779140290.723159267
2026-05-19 06:38:13,543 DEBUG   
2026-05-19 06:38:13,543 DEBUG   24117248 bytes (24 MB) copied, 1.038682 s, 23.2 MB/s
2026-05-19 06:38:13,543 DEBUG   60817408 bytes (61 MB) copied, 2.072692 s, 29.3 MB/s
2026-05-19 06:38:13,543 DEBUG   94371840 bytes (94 MB) copied, 3.096662 s, 30.5 MB/s
2026-05-19 06:38:13,543 DEBUG   128974848 bytes (129 MB) copied, 4.119665 s, 31.3 MB/s
2026-05-19 06:38:13,543 DEBUG   159383552 bytes (159 MB) copied, 5.201680 s, 30.6 MB/s
2026-05-19 06:38:13,543 DEBUG   193986560 bytes (194 MB) copied, 6.224657 s, 31.2 MB/s
2026-05-19 06:38:13,543 DEBUG   228589568 bytes (229 MB) copied, 7.263864 s, 31.5 MB/s
2026-05-19 06:38:13,543 DEBUG   263192576 bytes (263 MB) copied, 8.339605 s, 31.6 MB/s
2026-05-19 06:38:13,543 DEBUG   297795584 bytes (298 MB) copied, 9.359775 s, 31.8 MB/s
2026-05-19 06:38:13,543 DEBUG   329252864 bytes (329 MB) copied, 10.363652 s, 31.8 MB/s
2026-05-19 06:38:13,543 DEBUG   362807296 bytes (363 MB) copied, 11.375655 s, 31.9 MB/s
2026-05-19 06:38:13,543 DEBUG   396361728 bytes (396 MB) copied, 12.384745 s, 32.0 MB/s
2026-05-19 06:38:13,543 DEBUG   429916160 bytes (430 MB) copied, 13.390724 s, 32.1 MB/s
2026-05-19 06:38:13,543 DEBUG   465567744 bytes (466 MB) copied, 14.400735 s, 32.3 MB/s
2026-05-19 06:38:13,544 DEBUG   499122176 bytes (499 MB) copied, 15.423713 s, 32.4 MB/s
2026-05-19 06:38:13,544 DEBUG   537919488 bytes (538 MB) copied, 16.449802 s, 32.7 MB/s
2026-05-19 06:38:13,544 DEBUG   564133888 bytes (564 MB) copied, 17.457664 s, 32.3 MB/s
2026-05-19 06:38:13,544 DEBUG   589299712 bytes (589 MB) copied, 18.498858 s, 31.9 MB/s
2026-05-19 06:38:13,544 DEBUG   622854144 bytes (623 MB) copied, 19.504723 s, 31.9 MB/s
2026-05-19 06:38:13,544 DEBUG   656408576 bytes (656 MB) copied, 20.511670 s, 32.0 MB/s
2026-05-19 06:38:13,544 DEBUG   687865856 bytes (688 MB) copied, 21.517642 s, 32.0 MB/s
2026-05-19 06:38:13,544 DEBUG   714080256 bytes (714 MB) copied, 22.541639 s, 31.7 MB/s
2026-05-19 06:38:13,544 DEBUG   745537536 bytes (746 MB) copied, 23.564874 s, 31.6 MB/s
2026-05-19 06:38:13,544 DEBUG   776994816 bytes (777 MB) copied, 24.583678 s, 31.6 MB/s
2026-05-19 06:38:13,544 DEBUG   813694976 bytes (814 MB) copied, 25.601751 s, 31.8 MB/s
2026-05-19 06:38:13,544 DEBUG   847249408 bytes (847 MB) copied, 26.619710 s, 31.8 MB/s
2026-05-19 06:38:13,544 DEBUG   881852416 bytes (882 MB) copied, 27.653083 s, 31.9 MB/s
2026-05-19 06:38:13,544 DEBUG   915406848 bytes (915 MB) copied, 28.658805 s, 31.9 MB/s
2026-05-19 06:38:13,544 DEBUG   945815552 bytes (946 MB) copied, 29.686855 s, 31.9 MB/s
2026-05-19 06:38:13,544 DEBUG   975175680 bytes (975 MB) copied, 30.706082 s, 31.8 MB/s
2026-05-19 06:38:13,544 DEBUG   1009778688 bytes (1.0 GB) copied, 31.725930 s, 31.8 MB/s
2026-05-19 06:38:13,544 DEBUG   1041235968 bytes (1.0 GB) copied, 32.741661 s, 31.8 MB/s
2026-05-19 06:38:13,544 DEBUG   1024+0 records in
2026-05-19 06:38:13,544 DEBUG   1024+0 records out
2026-05-19 06:38:13,544 DEBUG   1073741824 bytes (1.1 GB) copied, 33.7223 s, 31.8 MB/s
2026-05-19 06:38:13,544 DEBUG   OK (disk op exit 0)
2026-05-19 06:38:13,544 WARNING Guest disk op wall 35.3s (vm='ahv_ins_delete-0-260514-183102' ip=10.114.51.38 op=create ec=0) — includes SSH + guest disk command; if still high, check guest disk throughput vs. MiB settings.
2026-05-19 06:38:13,544 DEBUG [60/566] VM 229fa1f1… (ahv_ins_delete-0-260514-184210) via 10.114.51.129 op=create
2026-05-19 06:38:13,544 DEBUG   remote: bash -lc 'set -e; _bs(){ printf '"'"'BULK_SNAP_T %s %s\n'"'"' "$1" "$(date +%s.%N 2>/dev/null || date +%s)"; }; _bs guest_start; _bs pipeline_start; openssl enc -aes-256-ctr -pass pass:"testing" -nosalt < /dev/zero 2>/dev/null | dd of=/root/dummy_snapshot_data_1.img bs=1M count=1024 iflag=fullblock status=progress; ec=$?; _bs pipeline_done; _bs guest_end; exit $ec'
2026-05-19 06:38:14,539 DEBUG   BULK_SNAP_T guest_start 1779140258.281575675
2026-05-19 06:38:14,539 DEBUG   BULK_SNAP_T pipeline_start 1779140258.287873809
2026-05-19 06:38:14,539 DEBUG   BULK_SNAP_T pipeline_done 1779140290.984906685
2026-05-19 06:38:14,539 DEBUG   BULK_SNAP_T guest_end 1779140290.986841977
2026-05-19 06:38:14,539 DEBUG   
2026-05-19 06:38:14,539 DEBUG   31457280 bytes (31 MB) copied, 1.019182 s, 30.9 MB/s
2026-05-19 06:38:14,539 DEBUG   62914560 bytes (63 MB) copied, 2.021210 s, 31.1 MB/s
2026-05-19 06:38:14,539 DEBUG   98566144 bytes (99 MB) copied, 3.060854 s, 32.2 MB/s
2026-05-19 06:38:14,539 DEBUG   133169152 bytes (133 MB) copied, 4.077474 s, 32.7 MB/s
2026-05-19 06:38:14,539 DEBUG   169869312 bytes (170 MB) copied, 5.096796 s, 33.3 MB/s
2026-05-19 06:38:14,539 DEBUG   205520896 bytes (206 MB) copied, 6.097074 s, 33.7 MB/s
2026-05-19 06:38:14,539 DEBUG   239075328 bytes (239 MB) copied, 7.133823 s, 33.5 MB/s
2026-05-19 06:38:14,539 DEBUG   276824064 bytes (277 MB) copied, 8.173779 s, 33.9 MB/s
2026-05-19 06:38:14,539 DEBUG   312475648 bytes (312 MB) copied, 9.251028 s, 33.8 MB/s
2026-05-19 06:38:14,539 DEBUG   349175808 bytes (349 MB) copied, 10.260778 s, 34.0 MB/s
2026-05-19 06:38:14,539 DEBUG   381681664 bytes (382 MB) copied, 11.264825 s, 33.9 MB/s
2026-05-19 06:38:14,539 DEBUG   414187520 bytes (414 MB) copied, 12.265785 s, 33.8 MB/s
2026-05-19 06:38:14,539 DEBUG   445644800 bytes (446 MB) copied, 13.269822 s, 33.6 MB/s
2026-05-19 06:38:14,540 DEBUG   482344960 bytes (482 MB) copied, 14.310793 s, 33.7 MB/s
2026-05-19 06:38:14,540 DEBUG   515899392 bytes (516 MB) copied, 15.347849 s, 33.6 MB/s
2026-05-19 06:38:14,540 DEBUG   541065216 bytes (541 MB) copied, 16.374794 s, 33.0 MB/s
2026-05-19 06:38:14,540 DEBUG   573571072 bytes (574 MB) copied, 17.377826 s, 33.0 MB/s
2026-05-19 06:38:14,540 DEBUG   609222656 bytes (609 MB) copied, 18.385802 s, 33.1 MB/s
2026-05-19 06:38:14,540 DEBUG   643825664 bytes (644 MB) copied, 19.387266 s, 33.2 MB/s
2026-05-19 06:38:14,540 DEBUG   672137216 bytes (672 MB) copied, 20.392832 s, 33.0 MB/s
2026-05-19 06:38:14,540 DEBUG   703594496 bytes (704 MB) copied, 21.398886 s, 32.9 MB/s
2026-05-19 06:38:14,540 DEBUG   732954624 bytes (733 MB) copied, 22.426754 s, 32.7 MB/s
2026-05-19 06:38:14,540 DEBUG   768606208 bytes (769 MB) copied, 23.437837 s, 32.8 MB/s
2026-05-19 06:38:14,540 DEBUG   807403520 bytes (807 MB) copied, 24.443774 s, 33.0 MB/s
2026-05-19 06:38:14,540 DEBUG   837812224 bytes (838 MB) copied, 25.472041 s, 32.9 MB/s
2026-05-19 06:38:14,540 DEBUG   872415232 bytes (872 MB) copied, 26.496808 s, 32.9 MB/s
2026-05-19 06:38:14,540 DEBUG   905969664 bytes (906 MB) copied, 27.500104 s, 32.9 MB/s
2026-05-19 06:38:14,540 DEBUG   939524096 bytes (940 MB) copied, 28.538832 s, 32.9 MB/s
2026-05-19 06:38:14,540 DEBUG   975175680 bytes (975 MB) copied, 29.569039 s, 33.0 MB/s
2026-05-19 06:38:14,540 DEBUG   1006632960 bytes (1.0 GB) copied, 30.616981 s, 32.9 MB/s
2026-05-19 06:38:14,540 DEBUG   1040187392 bytes (1.0 GB) copied, 31.622851 s, 32.9 MB/s
2026-05-19 06:38:14,540 DEBUG   1073741824 bytes (1.1 GB) copied, 32.636207 s, 32.9 MB/s
2026-05-19 06:38:14,540 DEBUG   1024+0 records in
2026-05-19 06:38:14,540 DEBUG   1024+0 records out
2026-05-19 06:38:14,540 DEBUG   1073741824 bytes (1.1 GB) copied, 32.6363 s, 32.9 MB/s
2026-05-19 06:38:14,540 DEBUG   OK (disk op exit 0)
2026-05-19 06:38:14,540 WARNING Guest disk op wall 34.0s (vm='ahv_ins_delete-0-260514-183534' ip=10.114.50.246 op=create ec=0) — includes SSH + guest disk command; if still high, check guest disk throughput vs. MiB settings.
2026-05-19 06:38:14,540 DEBUG [61/566] VM 17224b0e… (ahv_ins_delete-0-260514-184641) via 10.114.50.232 op=create
2026-05-19 06:38:14,541 DEBUG   remote: bash -lc 'set -e; _bs(){ printf '"'"'BULK_SNAP_T %s %s\n'"'"' "$1" "$(date +%s.%N 2>/dev/null || date +%s)"; }; _bs guest_start; _bs pipeline_start; openssl enc -aes-256-ctr -pass pass:"testing" -nosalt < /dev/zero 2>/dev/null | dd of=/root/dummy_snapshot_data_1.img bs=1M count=1024 iflag=fullblock status=progress; ec=$?; _bs pipeline_done; _bs guest_end; exit $ec'
2026-05-19 06:38:21,796 DEBUG   BULK_SNAP_T guest_start 1779140264.222702649
2026-05-19 06:38:21,796 DEBUG   BULK_SNAP_T pipeline_start 1779140264.230084147
2026-05-19 06:38:21,797 DEBUG   BULK_SNAP_T pipeline_done 1779140298.359872050
2026-05-19 06:38:21,797 DEBUG   BULK_SNAP_T guest_end 1779140298.365254330
2026-05-19 06:38:21,797 DEBUG   
2026-05-19 06:38:21,797 DEBUG   29360128 bytes (29 MB) copied, 1.032314 s, 28.4 MB/s
2026-05-19 06:38:21,797 DEBUG   60817408 bytes (61 MB) copied, 2.045355 s, 29.7 MB/s
2026-05-19 06:38:21,797 DEBUG   95420416 bytes (95 MB) copied, 3.065295 s, 31.1 MB/s
2026-05-19 06:38:21,797 DEBUG   133169152 bytes (133 MB) copied, 4.108236 s, 32.4 MB/s
2026-05-19 06:38:21,797 DEBUG   165675008 bytes (166 MB) copied, 5.144231 s, 32.2 MB/s
2026-05-19 06:38:21,797 DEBUG   201326592 bytes (201 MB) copied, 6.173608 s, 32.6 MB/s
2026-05-19 06:38:21,797 DEBUG   235929600 bytes (236 MB) copied, 7.213234 s, 32.7 MB/s
2026-05-19 06:38:21,797 DEBUG   271581184 bytes (272 MB) copied, 8.242299 s, 32.9 MB/s
2026-05-19 06:38:21,797 DEBUG   303038464 bytes (303 MB) copied, 9.254205 s, 32.7 MB/s
2026-05-19 06:38:21,797 DEBUG   328204288 bytes (328 MB) copied, 10.278245 s, 31.9 MB/s
2026-05-19 06:38:21,797 DEBUG   360710144 bytes (361 MB) copied, 11.281221 s, 32.0 MB/s
2026-05-19 06:38:21,797 DEBUG   392167424 bytes (392 MB) copied, 12.283206 s, 31.9 MB/s
2026-05-19 06:38:21,797 DEBUG   424673280 bytes (425 MB) copied, 13.283276 s, 32.0 MB/s
2026-05-19 06:38:21,797 DEBUG   456130560 bytes (456 MB) copied, 14.294738 s, 31.9 MB/s
2026-05-19 06:38:21,797 DEBUG   486539264 bytes (487 MB) copied, 15.305233 s, 31.8 MB/s
2026-05-19 06:38:21,797 DEBUG   517996544 bytes (518 MB) copied, 16.323335 s, 31.7 MB/s
2026-05-19 06:38:21,797 DEBUG   551550976 bytes (552 MB) copied, 17.401261 s, 31.7 MB/s
2026-05-19 06:38:21,797 DEBUG   586153984 bytes (586 MB) copied, 18.430271 s, 31.8 MB/s
2026-05-19 06:38:21,797 DEBUG   619708416 bytes (620 MB) copied, 19.456436 s, 31.9 MB/s
2026-05-19 06:38:21,797 DEBUG   648019968 bytes (648 MB) copied, 20.469231 s, 31.7 MB/s
2026-05-19 06:38:21,797 DEBUG   683671552 bytes (684 MB) copied, 21.506298 s, 31.8 MB/s
2026-05-19 06:38:21,797 DEBUG   711983104 bytes (712 MB) copied, 22.526226 s, 31.6 MB/s
2026-05-19 06:38:21,797 DEBUG   743440384 bytes (743 MB) copied, 23.526288 s, 31.6 MB/s
2026-05-19 06:38:21,797 DEBUG   775946240 bytes (776 MB) copied, 24.531785 s, 31.6 MB/s
2026-05-19 06:38:21,797 DEBUG   810549248 bytes (811 MB) copied, 25.534283 s, 31.7 MB/s
2026-05-19 06:38:21,797 DEBUG   844103680 bytes (844 MB) copied, 26.559290 s, 31.8 MB/s
2026-05-19 06:38:21,797 DEBUG   878706688 bytes (879 MB) copied, 27.565299 s, 31.9 MB/s
2026-05-19 06:38:21,797 DEBUG   909115392 bytes (909 MB) copied, 28.578259 s, 31.8 MB/s
2026-05-19 06:38:21,797 DEBUG   941621248 bytes (942 MB) copied, 29.632303 s, 31.8 MB/s
2026-05-19 06:38:21,797 DEBUG   972029952 bytes (972 MB) copied, 30.671286 s, 31.7 MB/s
2026-05-19 06:38:21,797 DEBUG   999292928 bytes (999 MB) copied, 31.762379 s, 31.5 MB/s
2026-05-19 06:38:21,797 DEBUG   1032847360 bytes (1.0 GB) copied, 32.776238 s, 31.5 MB/s
2026-05-19 06:38:21,797 DEBUG   1065353216 bytes (1.1 GB) copied, 33.805399 s, 31.5 MB/s
2026-05-19 06:38:21,797 DEBUG   1024+0 records in
2026-05-19 06:38:21,797 DEBUG   1024+0 records out
2026-05-19 06:38:21,797 DEBUG   1073741824 bytes (1.1 GB) copied, 34.0397 s, 31.5 MB/s
2026-05-19 06:38:21,797 DEBUG   OK (disk op exit 0)
2026-05-19 06:38:21,798 WARNING Guest disk op wall 35.5s (vm='ahv_ins_delete-0-260514-183539' ip=10.114.53.62 op=create ec=0) — includes SSH + guest disk command; if still high, check guest disk throughput vs. MiB settings.
2026-05-19 06:38:21,798 DEBUG [62/566] VM e0ce1db9… (ahv_ins_delete-0-260514-184710) via 10.114.51.246 op=create
2026-05-19 06:38:21,798 DEBUG   remote: bash -lc 'set -e; _bs(){ printf '"'"'BULK_SNAP_T %s %s\n'"'"' "$1" "$(date +%s.%N 2>/dev/null || date +%s)"; }; _bs guest_start; _bs pipeline_start; openssl enc -aes-256-ctr -pass pass:"testing" -nosalt < /dev/zero 2>/dev/null | dd of=/root/dummy_snapshot_data_1.img bs=1M count=1024 iflag=fullblock status=progress; ec=$?; _bs pipeline_done; _bs guest_end; exit $ec'
2026-05-19 06:38:24,047 DEBUG   BULK_SNAP_T guest_start 1779140266.870108705
2026-05-19 06:38:24,047 DEBUG   BULK_SNAP_T pipeline_start 1779140266.885391525
2026-05-19 06:38:24,047 DEBUG   BULK_SNAP_T pipeline_done 1779140300.870555635
2026-05-19 06:38:24,047 DEBUG   BULK_SNAP_T guest_end 1779140300.877723397
2026-05-19 06:38:24,047 DEBUG   
2026-05-19 06:38:24,047 DEBUG   27262976 bytes (27 MB) copied, 1.013308 s, 26.9 MB/s
2026-05-19 06:38:24,047 DEBUG   57671680 bytes (58 MB) copied, 2.017294 s, 28.6 MB/s
2026-05-19 06:38:24,047 DEBUG   89128960 bytes (89 MB) copied, 3.085340 s, 28.9 MB/s
2026-05-19 06:38:24,047 DEBUG   122683392 bytes (123 MB) copied, 4.087832 s, 30.0 MB/s
2026-05-19 06:38:24,047 DEBUG   150994944 bytes (151 MB) copied, 5.104306 s, 29.6 MB/s
2026-05-19 06:38:24,048 DEBUG   188743680 bytes (189 MB) copied, 6.137302 s, 30.8 MB/s
2026-05-19 06:38:24,048 DEBUG   220200960 bytes (220 MB) copied, 7.141364 s, 30.8 MB/s
2026-05-19 06:38:24,048 DEBUG   246415360 bytes (246 MB) copied, 8.193243 s, 30.1 MB/s
2026-05-19 06:38:24,048 DEBUG   276824064 bytes (277 MB) copied, 9.209627 s, 30.1 MB/s
2026-05-19 06:38:24,048 DEBUG   309329920 bytes (309 MB) copied, 10.210308 s, 30.3 MB/s
2026-05-19 06:38:24,048 DEBUG   346030080 bytes (346 MB) copied, 11.243248 s, 30.8 MB/s
2026-05-19 06:38:24,048 DEBUG   373293056 bytes (373 MB) copied, 12.256359 s, 30.5 MB/s
2026-05-19 06:38:24,048 DEBUG   404750336 bytes (405 MB) copied, 13.263297 s, 30.5 MB/s
2026-05-19 06:38:24,048 DEBUG   436207616 bytes (436 MB) copied, 14.269254 s, 30.6 MB/s
2026-05-19 06:38:24,048 DEBUG   477102080 bytes (477 MB) copied, 15.278775 s, 31.2 MB/s
2026-05-19 06:38:24,048 DEBUG   511705088 bytes (512 MB) copied, 16.279034 s, 31.4 MB/s
2026-05-19 06:38:24,048 DEBUG   543162368 bytes (543 MB) copied, 17.296308 s, 31.4 MB/s
2026-05-19 06:38:24,048 DEBUG   572522496 bytes (573 MB) copied, 18.310634 s, 31.3 MB/s
2026-05-19 06:38:24,048 DEBUG   607125504 bytes (607 MB) copied, 19.345267 s, 31.4 MB/s
2026-05-19 06:38:24,048 DEBUG   638582784 bytes (639 MB) copied, 20.380315 s, 31.3 MB/s
2026-05-19 06:38:24,048 DEBUG   675282944 bytes (675 MB) copied, 21.407298 s, 31.5 MB/s
2026-05-19 06:38:24,048 DEBUG   702545920 bytes (703 MB) copied, 22.437299 s, 31.3 MB/s
2026-05-19 06:38:24,048 DEBUG   734003200 bytes (734 MB) copied, 23.500347 s, 31.2 MB/s
2026-05-19 06:38:24,048 DEBUG   770703360 bytes (771 MB) copied, 24.504420 s, 31.5 MB/s
2026-05-19 06:38:24,048 DEBUG   809500672 bytes (810 MB) copied, 25.531332 s, 31.7 MB/s
2026-05-19 06:38:24,048 DEBUG   840957952 bytes (841 MB) copied, 26.565276 s, 31.7 MB/s
2026-05-19 06:38:24,048 DEBUG   874512384 bytes (875 MB) copied, 27.572376 s, 31.7 MB/s
2026-05-19 06:38:24,048 DEBUG   905969664 bytes (906 MB) copied, 28.586250 s, 31.7 MB/s
2026-05-19 06:38:24,048 DEBUG   941621248 bytes (942 MB) copied, 29.621591 s, 31.8 MB/s
2026-05-19 06:38:24,048 DEBUG   973078528 bytes (973 MB) copied, 30.664349 s, 31.7 MB/s
2026-05-19 06:38:24,048 DEBUG   1003487232 bytes (1.0 GB) copied, 31.679281 s, 31.7 MB/s
2026-05-19 06:38:24,048 DEBUG   1033895936 bytes (1.0 GB) copied, 32.688318 s, 31.6 MB/s
2026-05-19 06:38:24,048 DEBUG   1067450368 bytes (1.1 GB) copied, 33.712388 s, 31.7 MB/s
2026-05-19 06:38:24,048 DEBUG   1024+0 records in
2026-05-19 06:38:24,048 DEBUG   1024+0 records out
2026-05-19 06:38:24,048 DEBUG   1073741824 bytes (1.1 GB) copied, 33.8704 s, 31.7 MB/s
2026-05-19 06:38:24,048 DEBUG   OK (disk op exit 0)
2026-05-19 06:38:24,048 WARNING Guest disk op wall 35.5s (vm='ahv_ins_delete-0-260514-183544' ip=10.114.49.170 op=create ec=0) — includes SSH + guest disk command; if still high, check guest disk throughput vs. MiB settings.
2026-05-19 06:38:24,049 DEBUG [63/566] VM a9e11a2b… (ahv_ins_delete-0-260514-184712) via 10.114.50.103 op=create
2026-05-19 06:38:24,049 DEBUG   remote: bash -lc 'set -e; _bs(){ printf '"'"'BULK_SNAP_T %s %s\n'"'"' "$1" "$(date +%s.%N 2>/dev/null || date +%s)"; }; _bs guest_start; _bs pipeline_start; openssl enc -aes-256-ctr -pass pass:"testing" -nosalt < /dev/zero 2>/dev/null | dd of=/root/dummy_snapshot_data_1.img bs=1M count=1024 iflag=fullblock status=progress; ec=$?; _bs pipeline_done; _bs guest_end; exit $ec'
2026-05-19 06:38:27,553 DEBUG   BULK_SNAP_T guest_start 1779140268.948201276
2026-05-19 06:38:27,553 DEBUG   BULK_SNAP_T pipeline_start 1779140268.956662710
2026-05-19 06:38:27,553 DEBUG   BULK_SNAP_T pipeline_done 1779140303.973369787
2026-05-19 06:38:27,553 DEBUG   BULK_SNAP_T guest_end 1779140303.977612232
2026-05-19 06:38:27,553 DEBUG   
2026-05-19 06:38:27,553 DEBUG   29360128 bytes (29 MB) copied, 1.006950 s, 29.2 MB/s
2026-05-19 06:38:27,553 DEBUG   63963136 bytes (64 MB) copied, 2.073101 s, 30.9 MB/s
2026-05-19 06:38:27,553 DEBUG   98566144 bytes (99 MB) copied, 3.081932 s, 32.0 MB/s
2026-05-19 06:38:27,553 DEBUG   134217728 bytes (134 MB) copied, 4.109169 s, 32.7 MB/s
2026-05-19 06:38:27,553 DEBUG   160432128 bytes (160 MB) copied, 5.149912 s, 31.2 MB/s
2026-05-19 06:38:27,553 DEBUG   186646528 bytes (187 MB) copied, 6.187062 s, 30.2 MB/s
2026-05-19 06:38:27,553 DEBUG   223346688 bytes (223 MB) copied, 7.220949 s, 30.9 MB/s
2026-05-19 06:38:27,553 DEBUG   255852544 bytes (256 MB) copied, 8.242861 s, 31.0 MB/s
2026-05-19 06:38:27,553 DEBUG   285212672 bytes (285 MB) copied, 9.279965 s, 30.7 MB/s
2026-05-19 06:38:27,553 DEBUG   314572800 bytes (315 MB) copied, 10.298918 s, 30.5 MB/s
2026-05-19 06:38:27,553 DEBUG   344981504 bytes (345 MB) copied, 11.320911 s, 30.5 MB/s
2026-05-19 06:38:27,553 DEBUG   377487360 bytes (377 MB) copied, 12.328979 s, 30.6 MB/s
2026-05-19 06:38:27,553 DEBUG   413138944 bytes (413 MB) copied, 13.329074 s, 31.0 MB/s
2026-05-19 06:38:27,553 DEBUG   444596224 bytes (445 MB) copied, 14.343399 s, 31.0 MB/s
2026-05-19 06:38:27,553 DEBUG   476053504 bytes (476 MB) copied, 15.432909 s, 30.8 MB/s
2026-05-19 06:38:27,553 DEBUG   508559360 bytes (509 MB) copied, 16.507023 s, 30.8 MB/s
2026-05-19 06:38:27,553 DEBUG   536870912 bytes (537 MB) copied, 17.537024 s, 30.6 MB/s
2026-05-19 06:38:27,553 DEBUG   571473920 bytes (571 MB) copied, 18.605982 s, 30.7 MB/s
2026-05-19 06:38:27,553 DEBUG   600834048 bytes (601 MB) copied, 19.623080 s, 30.6 MB/s
2026-05-19 06:38:27,553 DEBUG   633339904 bytes (633 MB) copied, 20.646121 s, 30.7 MB/s
2026-05-19 06:38:27,553 DEBUG   664797184 bytes (665 MB) copied, 21.651997 s, 30.7 MB/s
2026-05-19 06:38:27,553 DEBUG   698351616 bytes (698 MB) copied, 22.653991 s, 30.8 MB/s
2026-05-19 06:38:27,553 DEBUG   735051776 bytes (735 MB) copied, 23.698898 s, 31.0 MB/s
2026-05-19 06:38:27,553 DEBUG   767557632 bytes (768 MB) copied, 24.707344 s, 31.1 MB/s
2026-05-19 06:38:27,553 DEBUG   799014912 bytes (799 MB) copied, 25.715546 s, 31.1 MB/s
2026-05-19 06:38:27,553 DEBUG   827326464 bytes (827 MB) copied, 26.763930 s, 30.9 MB/s
2026-05-19 06:38:27,553 DEBUG   859832320 bytes (860 MB) copied, 27.768206 s, 31.0 MB/s
2026-05-19 06:38:27,553 DEBUG   890241024 bytes (890 MB) copied, 28.820110 s, 30.9 MB/s
2026-05-19 06:38:27,553 DEBUG   920649728 bytes (921 MB) copied, 29.822021 s, 30.9 MB/s
2026-05-19 06:38:27,553 DEBUG   953155584 bytes (953 MB) copied, 30.828969 s, 30.9 MB/s
2026-05-19 06:38:27,553 DEBUG   982515712 bytes (983 MB) copied, 31.846034 s, 30.9 MB/s
2026-05-19 06:38:27,554 DEBUG   1013972992 bytes (1.0 GB) copied, 32.874943 s, 30.8 MB/s
2026-05-19 06:38:27,554 DEBUG   1048576000 bytes (1.0 GB) copied, 33.896939 s, 30.9 MB/s
2026-05-19 06:38:27,554 DEBUG   1073741824 bytes (1.1 GB) copied, 34.929021 s, 30.7 MB/s
2026-05-19 06:38:27,554 DEBUG   1024+0 records in
2026-05-19 06:38:27,554 DEBUG   1024+0 records out
2026-05-19 06:38:27,554 DEBUG   1073741824 bytes (1.1 GB) copied, 34.9358 s, 30.7 MB/s
2026-05-19 06:38:27,554 DEBUG   OK (disk op exit 0)
2026-05-19 06:38:27,554 WARNING Guest disk op wall 36.8s (vm='ahv_ins_delete-0-260514-183549' ip=10.114.51.48 op=create ec=0) — includes SSH + guest disk command; if still high, check guest disk throughput vs. MiB settings.
2026-05-19 06:38:27,554 DEBUG [64/566] VM 85c4e3b7… (ahv_ins_delete-0-260514-184721) via 10.114.53.82 op=create
2026-05-19 06:38:27,554 DEBUG   remote: bash -lc 'set -e; _bs(){ printf '"'"'BULK_SNAP_T %s %s\n'"'"' "$1" "$(date +%s.%N 2>/dev/null || date +%s)"; }; _bs guest_start; _bs pipeline_start; openssl enc -aes-256-ctr -pass pass:"testing" -nosalt < /dev/zero 2>/dev/null | dd of=/root/dummy_snapshot_data_1.img bs=1M count=1024 iflag=fullblock status=progress; ec=$?; _bs pipeline_done; _bs guest_end; exit $ec'
2026-05-19 06:38:30,804 DEBUG   BULK_SNAP_T guest_start 1779140271.357525077
2026-05-19 06:38:30,804 DEBUG   BULK_SNAP_T pipeline_start 1779140271.366427199
2026-05-19 06:38:30,804 DEBUG   BULK_SNAP_T pipeline_done 1779140307.514485669
2026-05-19 06:38:30,804 DEBUG   BULK_SNAP_T guest_end 1779140307.519109537
2026-05-19 06:38:30,804 DEBUG   
2026-05-19 06:38:30,804 DEBUG   31457280 bytes (31 MB) copied, 1.037244 s, 30.3 MB/s
2026-05-19 06:38:30,804 DEBUG   62914560 bytes (63 MB) copied, 2.090209 s, 30.1 MB/s
2026-05-19 06:38:30,804 DEBUG   88080384 bytes (88 MB) copied, 3.094383 s, 28.5 MB/s
2026-05-19 06:38:30,804 DEBUG   115343360 bytes (115 MB) copied, 4.097762 s, 28.1 MB/s
2026-05-19 06:38:30,804 DEBUG   145752064 bytes (146 MB) copied, 5.109281 s, 28.5 MB/s
2026-05-19 06:38:30,804 DEBUG   178257920 bytes (178 MB) copied, 6.131189 s, 29.1 MB/s
2026-05-19 06:38:30,804 DEBUG   208666624 bytes (209 MB) copied, 7.135290 s, 29.2 MB/s
2026-05-19 06:38:30,804 DEBUG   238026752 bytes (238 MB) copied, 8.144609 s, 29.2 MB/s
2026-05-19 06:38:30,804 DEBUG   269484032 bytes (269 MB) copied, 9.145964 s, 29.5 MB/s
2026-05-19 06:38:30,804 DEBUG   299892736 bytes (300 MB) copied, 10.149443 s, 29.5 MB/s
2026-05-19 06:38:30,804 DEBUG   333447168 bytes (333 MB) copied, 11.162181 s, 29.9 MB/s
2026-05-19 06:38:30,804 DEBUG   368050176 bytes (368 MB) copied, 12.162708 s, 30.3 MB/s
2026-05-19 06:38:30,804 DEBUG   394264576 bytes (394 MB) copied, 13.215316 s, 29.8 MB/s
2026-05-19 06:38:30,805 DEBUG   425721856 bytes (426 MB) copied, 14.221193 s, 29.9 MB/s
2026-05-19 06:38:30,805 DEBUG   452984832 bytes (453 MB) copied, 15.230174 s, 29.7 MB/s
2026-05-19 06:38:30,805 DEBUG   484442112 bytes (484 MB) copied, 16.267193 s, 29.8 MB/s
2026-05-19 06:38:30,805 DEBUG   514850816 bytes (515 MB) copied, 17.287260 s, 29.8 MB/s
2026-05-19 06:38:30,805 DEBUG   543162368 bytes (543 MB) copied, 18.308131 s, 29.7 MB/s
2026-05-19 06:38:30,805 DEBUG   572522496 bytes (573 MB) copied, 19.317209 s, 29.6 MB/s
2026-05-19 06:38:30,805 DEBUG   609222656 bytes (609 MB) copied, 20.347201 s, 29.9 MB/s
2026-05-19 06:38:30,805 DEBUG   641728512 bytes (642 MB) copied, 21.432273 s, 29.9 MB/s
2026-05-19 06:38:30,805 DEBUG   672137216 bytes (672 MB) copied, 22.458461 s, 29.9 MB/s
2026-05-19 06:38:30,805 DEBUG   704643072 bytes (705 MB) copied, 23.488127 s, 30.0 MB/s
2026-05-19 06:38:30,805 DEBUG   734003200 bytes (734 MB) copied, 24.534138 s, 29.9 MB/s
2026-05-19 06:38:30,805 DEBUG   762314752 bytes (762 MB) copied, 25.570230 s, 29.8 MB/s
2026-05-19 06:38:30,805 DEBUG   792723456 bytes (793 MB) copied, 26.599203 s, 29.8 MB/s
2026-05-19 06:38:30,805 DEBUG   822083584 bytes (822 MB) copied, 27.618207 s, 29.8 MB/s
2026-05-19 06:38:30,805 DEBUG   856686592 bytes (857 MB) copied, 28.618259 s, 29.9 MB/s
2026-05-19 06:38:30,805 DEBUG   887095296 bytes (887 MB) copied, 29.646276 s, 29.9 MB/s
2026-05-19 06:38:30,805 DEBUG   919601152 bytes (920 MB) copied, 30.669123 s, 30.0 MB/s
2026-05-19 06:38:30,805 DEBUG   947912704 bytes (948 MB) copied, 31.704661 s, 29.9 MB/s
2026-05-19 06:38:30,805 DEBUG   976224256 bytes (976 MB) copied, 32.727159 s, 29.8 MB/s
2026-05-19 06:38:30,805 DEBUG   1004535808 bytes (1.0 GB) copied, 33.760195 s, 29.8 MB/s
2026-05-19 06:38:30,805 DEBUG   1035993088 bytes (1.0 GB) copied, 34.766408 s, 29.8 MB/s
2026-05-19 06:38:30,805 DEBUG   1066401792 bytes (1.1 GB) copied, 35.793706 s, 29.8 MB/s
2026-05-19 06:38:30,805 DEBUG   1024+0 records in
2026-05-19 06:38:30,805 DEBUG   1024+0 records out
2026-05-19 06:38:30,805 DEBUG   1073741824 bytes (1.1 GB) copied, 36.0417 s, 29.8 MB/s
2026-05-19 06:38:30,805 DEBUG   OK (disk op exit 0)
2026-05-19 06:38:30,805 WARNING Guest disk op wall 37.5s (vm='ahv_ins_delete-0-260514-183555' ip=10.114.48.182 op=create ec=0) — includes SSH + guest disk command; if still high, check guest disk throughput vs. MiB settings.
2026-05-19 06:38:30,806 DEBUG [65/566] VM 10995d2b… (ahv_ins_delete-0-260514-184724) via 10.114.50.30 op=create
2026-05-19 06:38:30,806 DEBUG   remote: bash -lc 'set -e; _bs(){ printf '"'"'BULK_SNAP_T %s %s\n'"'"' "$1" "$(date +%s.%N 2>/dev/null || date +%s)"; }; _bs guest_start; _bs pipeline_start; openssl enc -aes-256-ctr -pass pass:"testing" -nosalt < /dev/zero 2>/dev/null | dd of=/root/dummy_snapshot_data_1.img bs=1M count=1024 iflag=fullblock status=progress; ec=$?; _bs pipeline_done; _bs guest_end; exit $ec'
2026-05-19 06:38:33,304 DEBUG   BULK_SNAP_T guest_start 1779140273.453411981
2026-05-19 06:38:33,305 DEBUG   BULK_SNAP_T pipeline_start 1779140273.459478610
2026-05-19 06:38:33,305 DEBUG   BULK_SNAP_T pipeline_done 1779140309.964407721
2026-05-19 06:38:33,305 DEBUG   BULK_SNAP_T guest_end 1779140309.970539286
2026-05-19 06:38:33,305 DEBUG   
2026-05-19 06:38:33,305 DEBUG   25165824 bytes (25 MB) copied, 1.014568 s, 24.8 MB/s
2026-05-19 06:38:33,305 DEBUG   50331648 bytes (50 MB) copied, 2.018699 s, 24.9 MB/s
2026-05-19 06:38:33,305 DEBUG   83886080 bytes (84 MB) copied, 3.032863 s, 27.7 MB/s
2026-05-19 06:38:33,305 DEBUG   115343360 bytes (115 MB) copied, 4.104606 s, 28.1 MB/s
2026-05-19 06:38:33,305 DEBUG   145752064 bytes (146 MB) copied, 5.104618 s, 28.6 MB/s
2026-05-19 06:38:33,305 DEBUG   171966464 bytes (172 MB) copied, 6.108899 s, 28.2 MB/s
2026-05-19 06:38:33,305 DEBUG   202375168 bytes (202 MB) copied, 7.128572 s, 28.4 MB/s
2026-05-19 06:38:33,305 DEBUG   236978176 bytes (237 MB) copied, 8.135969 s, 29.1 MB/s
2026-05-19 06:38:33,305 DEBUG   269484032 bytes (269 MB) copied, 9.145744 s, 29.5 MB/s
2026-05-19 06:38:33,305 DEBUG   301989888 bytes (302 MB) copied, 10.182553 s, 29.7 MB/s
2026-05-19 06:38:33,305 DEBUG   332398592 bytes (332 MB) copied, 11.260062 s, 29.5 MB/s
2026-05-19 06:38:33,305 DEBUG   362807296 bytes (363 MB) copied, 12.291632 s, 29.5 MB/s
2026-05-19 06:38:33,305 DEBUG   395313152 bytes (395 MB) copied, 13.309896 s, 29.7 MB/s
2026-05-19 06:38:33,305 DEBUG   425721856 bytes (426 MB) copied, 14.325654 s, 29.7 MB/s
2026-05-19 06:38:33,305 DEBUG   454033408 bytes (454 MB) copied, 15.333591 s, 29.6 MB/s
2026-05-19 06:38:33,305 DEBUG   486539264 bytes (487 MB) copied, 16.381550 s, 29.7 MB/s
2026-05-19 06:38:33,305 DEBUG   522190848 bytes (522 MB) copied, 17.382674 s, 30.0 MB/s
2026-05-19 06:38:33,305 DEBUG   553648128 bytes (554 MB) copied, 18.401660 s, 30.1 MB/s
2026-05-19 06:38:33,305 DEBUG   583008256 bytes (583 MB) copied, 19.427582 s, 30.0 MB/s
2026-05-19 06:38:33,306 DEBUG   614465536 bytes (614 MB) copied, 20.459592 s, 30.0 MB/s
2026-05-19 06:38:33,306 DEBUG   645922816 bytes (646 MB) copied, 21.512992 s, 30.0 MB/s
2026-05-19 06:38:33,306 DEBUG   675282944 bytes (675 MB) copied, 22.522925 s, 30.0 MB/s
2026-05-19 06:38:33,306 DEBUG   706740224 bytes (707 MB) copied, 23.527067 s, 30.0 MB/s
2026-05-19 06:38:33,306 DEBUG   737148928 bytes (737 MB) copied, 24.542641 s, 30.0 MB/s
2026-05-19 06:38:33,306 DEBUG   763363328 bytes (763 MB) copied, 25.559601 s, 29.9 MB/s
2026-05-19 06:38:33,306 DEBUG   795869184 bytes (796 MB) copied, 26.574645 s, 29.9 MB/s
2026-05-19 06:38:33,306 DEBUG   823132160 bytes (823 MB) copied, 27.579689 s, 29.8 MB/s
2026-05-19 06:38:33,306 DEBUG   856686592 bytes (857 MB) copied, 28.589203 s, 30.0 MB/s
2026-05-19 06:38:33,306 DEBUG   883949568 bytes (884 MB) copied, 29.615710 s, 29.8 MB/s
2026-05-19 06:38:33,306 DEBUG   910163968 bytes (910 MB) copied, 30.728610 s, 29.6 MB/s
2026-05-19 06:38:33,306 DEBUG   940572672 bytes (941 MB) copied, 31.755742 s, 29.6 MB/s
2026-05-19 06:38:33,306 DEBUG   968884224 bytes (969 MB) copied, 32.757927 s, 29.6 MB/s
2026-05-19 06:38:33,306 DEBUG   1001390080 bytes (1.0 GB) copied, 33.783684 s, 29.6 MB/s
2026-05-19 06:38:33,306 DEBUG   1031798784 bytes (1.0 GB) copied, 34.805809 s, 29.6 MB/s
2026-05-19 06:38:33,306 DEBUG   1060110336 bytes (1.1 GB) copied, 35.818111 s, 29.6 MB/s
2026-05-19 06:38:33,306 DEBUG   1024+0 records in
2026-05-19 06:38:33,306 DEBUG   1024+0 records out
2026-05-19 06:38:33,306 DEBUG   1073741824 bytes (1.1 GB) copied, 36.4146 s, 29.5 MB/s
2026-05-19 06:38:33,306 DEBUG   OK (disk op exit 0)
2026-05-19 06:38:33,307 WARNING Guest disk op wall 38.0s (vm='ahv_ins_delete-0-260514-184128' ip=10.114.51.75 op=create ec=0) — includes SSH + guest disk command; if still high, check guest disk throughput vs. MiB settings.
2026-05-19 06:38:33,307 DEBUG [66/566] VM 4d6aaf76… (ahv_ins_delete-0-260514-185233) via 10.114.50.25 op=create
2026-05-19 06:38:33,307 DEBUG   remote: bash -lc 'set -e; _bs(){ printf '"'"'BULK_SNAP_T %s %s\n'"'"' "$1" "$(date +%s.%N 2>/dev/null || date +%s)"; }; _bs guest_start; _bs pipeline_start; openssl enc -aes-256-ctr -pass pass:"testing" -nosalt < /dev/zero 2>/dev/null | dd of=/root/dummy_snapshot_data_1.img bs=1M count=1024 iflag=fullblock status=progress; ec=$?; _bs pipeline_done; _bs guest_end; exit $ec'
2026-05-19 06:38:39,306 DEBUG   BULK_SNAP_T guest_start 1779140282.097510504
2026-05-19 06:38:39,306 DEBUG   BULK_SNAP_T pipeline_start 1779140282.102521547
2026-05-19 06:38:39,306 DEBUG   BULK_SNAP_T pipeline_done 1779140316.039652842
2026-05-19 06:38:39,306 DEBUG   BULK_SNAP_T guest_end 1779140316.045038539
2026-05-19 06:38:39,306 DEBUG   
2026-05-19 06:38:39,307 DEBUG   28311552 bytes (28 MB) copied, 1.011756 s, 28.0 MB/s
2026-05-19 06:38:39,307 DEBUG   60817408 bytes (61 MB) copied, 2.019613 s, 30.1 MB/s
2026-05-19 06:38:39,307 DEBUG   92274688 bytes (92 MB) copied, 3.059622 s, 30.2 MB/s
2026-05-19 06:38:39,307 DEBUG   122683392 bytes (123 MB) copied, 4.063614 s, 30.2 MB/s
2026-05-19 06:38:39,307 DEBUG   150994944 bytes (151 MB) copied, 5.087723 s, 29.7 MB/s
2026-05-19 06:38:39,307 DEBUG   183500800 bytes (184 MB) copied, 6.089671 s, 30.1 MB/s
2026-05-19 06:38:39,307 DEBUG   211812352 bytes (212 MB) copied, 7.156751 s, 29.6 MB/s
2026-05-19 06:38:39,307 DEBUG   244318208 bytes (244 MB) copied, 8.217625 s, 29.7 MB/s
2026-05-19 06:38:39,307 DEBUG   281018368 bytes (281 MB) copied, 9.247786 s, 30.4 MB/s
2026-05-19 06:38:39,307 DEBUG   314572800 bytes (315 MB) copied, 10.258875 s, 30.7 MB/s
2026-05-19 06:38:39,307 DEBUG   348127232 bytes (348 MB) copied, 11.293703 s, 30.8 MB/s
2026-05-19 06:38:39,307 DEBUG   378535936 bytes (379 MB) copied, 12.298688 s, 30.8 MB/s
2026-05-19 06:38:39,307 DEBUG   404750336 bytes (405 MB) copied, 13.301738 s, 30.4 MB/s
2026-05-19 06:38:39,307 DEBUG   436207616 bytes (436 MB) copied, 14.329096 s, 30.4 MB/s
2026-05-19 06:38:39,307 DEBUG   471859200 bytes (472 MB) copied, 15.366637 s, 30.7 MB/s
2026-05-19 06:38:39,307 DEBUG   508559360 bytes (509 MB) copied, 16.387861 s, 31.0 MB/s
2026-05-19 06:38:39,307 DEBUG   546308096 bytes (546 MB) copied, 17.389972 s, 31.4 MB/s
2026-05-19 06:38:39,307 DEBUG   583008256 bytes (583 MB) copied, 18.393845 s, 31.7 MB/s
2026-05-19 06:38:39,307 DEBUG   620756992 bytes (621 MB) copied, 19.395040 s, 32.0 MB/s
2026-05-19 06:38:39,307 DEBUG   657457152 bytes (657 MB) copied, 20.409763 s, 32.2 MB/s
2026-05-19 06:38:39,307 DEBUG   687865856 bytes (688 MB) copied, 21.421598 s, 32.1 MB/s
2026-05-19 06:38:39,307 DEBUG   713031680 bytes (713 MB) copied, 22.483636 s, 31.7 MB/s
2026-05-19 06:38:39,307 DEBUG   744488960 bytes (744 MB) copied, 23.516618 s, 31.7 MB/s
2026-05-19 06:38:39,307 DEBUG   776994816 bytes (777 MB) copied, 24.543613 s, 31.7 MB/s
2026-05-19 06:38:39,307 DEBUG   809500672 bytes (810 MB) copied, 25.566599 s, 31.7 MB/s
2026-05-19 06:38:39,307 DEBUG   843055104 bytes (843 MB) copied, 26.572622 s, 31.7 MB/s
2026-05-19 06:38:39,307 DEBUG   875560960 bytes (876 MB) copied, 27.583018 s, 31.7 MB/s
2026-05-19 06:38:39,307 DEBUG   907018240 bytes (907 MB) copied, 28.598089 s, 31.7 MB/s
2026-05-19 06:38:39,307 DEBUG   940572672 bytes (941 MB) copied, 29.619865 s, 31.8 MB/s
2026-05-19 06:38:39,307 DEBUG   973078528 bytes (973 MB) copied, 30.683671 s, 31.7 MB/s
2026-05-19 06:38:39,307 DEBUG   1007681536 bytes (1.0 GB) copied, 31.709682 s, 31.8 MB/s
2026-05-19 06:38:39,307 DEBUG   1040187392 bytes (1.0 GB) copied, 32.756772 s, 31.8 MB/s
2026-05-19 06:38:39,307 DEBUG   1071644672 bytes (1.1 GB) copied, 33.806645 s, 31.7 MB/s
2026-05-19 06:38:39,307 DEBUG   1024+0 records in
2026-05-19 06:38:39,307 DEBUG   1024+0 records out
2026-05-19 06:38:39,307 DEBUG   1073741824 bytes (1.1 GB) copied, 33.8457 s, 31.7 MB/s
2026-05-19 06:38:39,307 DEBUG   OK (disk op exit 0)
2026-05-19 06:38:39,307 WARNING Guest disk op wall 35.3s (vm='ahv_ins_delete-0-260514-184129' ip=10.114.48.33 op=create ec=0) — includes SSH + guest disk command; if still high, check guest disk throughput vs. MiB settings.
2026-05-19 06:38:39,308 DEBUG [67/566] VM 03aaafab… (ahv_ins_delete-0-260514-185234) via 10.114.48.217 op=create
2026-05-19 06:38:39,308 DEBUG   remote: bash -lc 'set -e; _bs(){ printf '"'"'BULK_SNAP_T %s %s\n'"'"' "$1" "$(date +%s.%N 2>/dev/null || date +%s)"; }; _bs guest_start; _bs pipeline_start; openssl enc -aes-256-ctr -pass pass:"testing" -nosalt < /dev/zero 2>/dev/null | dd of=/root/dummy_snapshot_data_1.img bs=1M count=1024 iflag=fullblock status=progress; ec=$?; _bs pipeline_done; _bs guest_end; exit $ec'
2026-05-19 06:38:40,054 DEBUG   BULK_SNAP_T guest_start 1779140292.754148207
2026-05-19 06:38:40,055 DEBUG   BULK_SNAP_T pipeline_start 1779140292.756465358
2026-05-19 06:38:40,055 DEBUG   BULK_SNAP_T pipeline_done 1779140317.302274324
2026-05-19 06:38:40,055 DEBUG   BULK_SNAP_T guest_end 1779140317.304067754
2026-05-19 06:38:40,055 DEBUG   
2026-05-19 06:38:40,055 DEBUG   42991616 bytes (43 MB) copied, 1.012560 s, 42.5 MB/s
2026-05-19 06:38:40,055 DEBUG   89128960 bytes (89 MB) copied, 2.029506 s, 43.9 MB/s
2026-05-19 06:38:40,055 DEBUG   133169152 bytes (133 MB) copied, 3.058636 s, 43.5 MB/s
2026-05-19 06:38:40,055 DEBUG   170917888 bytes (171 MB) copied, 4.058675 s, 42.1 MB/s
2026-05-19 06:38:40,055 DEBUG   209715200 bytes (210 MB) copied, 5.063764 s, 41.4 MB/s
2026-05-19 06:38:40,055 DEBUG   255852544 bytes (256 MB) copied, 6.067975 s, 42.2 MB/s
2026-05-19 06:38:40,055 DEBUG   298844160 bytes (299 MB) copied, 7.074119 s, 42.2 MB/s
2026-05-19 06:38:40,055 DEBUG   343932928 bytes (344 MB) copied, 8.091742 s, 42.5 MB/s
2026-05-19 06:38:40,055 DEBUG   391118848 bytes (391 MB) copied, 9.100574 s, 43.0 MB/s
2026-05-19 06:38:40,055 DEBUG   437256192 bytes (437 MB) copied, 10.107720 s, 43.3 MB/s
2026-05-19 06:38:40,055 DEBUG   471859200 bytes (472 MB) copied, 11.108584 s, 42.5 MB/s
2026-05-19 06:38:40,055 DEBUG   507510784 bytes (508 MB) copied, 12.115610 s, 41.9 MB/s
2026-05-19 06:38:40,055 DEBUG   544210944 bytes (544 MB) copied, 13.129663 s, 41.4 MB/s
2026-05-19 06:38:40,055 DEBUG   587202560 bytes (587 MB) copied, 14.134632 s, 41.5 MB/s
2026-05-19 06:38:40,055 DEBUG   636485632 bytes (636 MB) copied, 15.171713 s, 42.0 MB/s
2026-05-19 06:38:40,055 DEBUG   686817280 bytes (687 MB) copied, 16.232951 s, 42.3 MB/s
2026-05-19 06:38:40,055 DEBUG   735051776 bytes (735 MB) copied, 17.248618 s, 42.6 MB/s
2026-05-19 06:38:40,055 DEBUG   778043392 bytes (778 MB) copied, 18.265628 s, 42.6 MB/s
2026-05-19 06:38:40,055 DEBUG   828375040 bytes (828 MB) copied, 19.266556 s, 43.0 MB/s
2026-05-19 06:38:40,055 DEBUG   874512384 bytes (875 MB) copied, 20.287599 s, 43.1 MB/s
2026-05-19 06:38:40,055 DEBUG   921698304 bytes (922 MB) copied, 21.322608 s, 43.2 MB/s
2026-05-19 06:38:40,055 DEBUG   970981376 bytes (971 MB) copied, 22.348743 s, 43.4 MB/s
2026-05-19 06:38:40,055 DEBUG   1013972992 bytes (1.0 GB) copied, 23.388182 s, 43.4 MB/s
2026-05-19 06:38:40,055 DEBUG   1066401792 bytes (1.1 GB) copied, 24.395672 s, 43.7 MB/s
2026-05-19 06:38:40,055 DEBUG   1024+0 records in
2026-05-19 06:38:40,056 DEBUG   1024+0 records out
2026-05-19 06:38:40,056 DEBUG   1073741824 bytes (1.1 GB) copied, 24.5109 s, 43.8 MB/s
2026-05-19 06:38:40,056 DEBUG   OK (disk op exit 0)
2026-05-19 06:38:40,056 WARNING Guest disk op wall 25.5s (vm='ahv_ins_delete-0-260514-184641' ip=10.114.50.232 op=create ec=0) — includes SSH + guest disk command; if still high, check guest disk throughput vs. MiB settings.
2026-05-19 06:38:40,056 DEBUG   BULK_SNAP_T guest_start 1779140282.609446037
2026-05-19 06:38:40,056 DEBUG [68/566] VM a43dc446… (ahv_ins_delete-0-260514-185251) via 10.114.53.32 op=create
2026-05-19 06:38:40,056 DEBUG   BULK_SNAP_T pipeline_start 1779140282.612609813
2026-05-19 06:38:40,057 DEBUG   BULK_SNAP_T pipeline_done 1779140316.910039583
2026-05-19 06:38:40,057 DEBUG   BULK_SNAP_T guest_end 1779140316.913846314
2026-05-19 06:38:40,057 DEBUG   
2026-05-19 06:38:40,057 DEBUG   29360128 bytes (29 MB) copied, 1.013052 s, 29.0 MB/s
2026-05-19 06:38:40,057 DEBUG   60817408 bytes (61 MB) copied, 2.015055 s, 30.2 MB/s
2026-05-19 06:38:40,057 DEBUG   93323264 bytes (93 MB) copied, 3.039006 s, 30.7 MB/s
2026-05-19 06:38:40,057 DEBUG   126877696 bytes (127 MB) copied, 4.041692 s, 31.4 MB/s
2026-05-19 06:38:40,057 DEBUG   156237824 bytes (156 MB) copied, 5.058058 s, 30.9 MB/s
2026-05-19 06:38:40,057 DEBUG   187695104 bytes (188 MB) copied, 6.061052 s, 31.0 MB/s
2026-05-19 06:38:40,057 DEBUG   221249536 bytes (221 MB) copied, 7.074036 s, 31.3 MB/s
2026-05-19 06:38:40,057 DEBUG   252706816 bytes (253 MB) copied, 8.098078 s, 31.2 MB/s
2026-05-19 06:38:40,057 DEBUG   289406976 bytes (289 MB) copied, 9.157017 s, 31.6 MB/s
2026-05-19 06:38:40,057 DEBUG   320864256 bytes (321 MB) copied, 10.162090 s, 31.6 MB/s
2026-05-19 06:38:40,057 DEBUG   350224384 bytes (350 MB) copied, 11.165056 s, 31.4 MB/s
2026-05-19 06:38:40,057 DEBUG   381681664 bytes (382 MB) copied, 12.207051 s, 31.3 MB/s
2026-05-19 06:38:40,057 DEBUG   412090368 bytes (412 MB) copied, 13.223991 s, 31.2 MB/s
2026-05-19 06:38:40,057 DEBUG   440401920 bytes (440 MB) copied, 14.250017 s, 30.9 MB/s
2026-05-19 06:38:40,057 DEBUG   472907776 bytes (473 MB) copied, 15.307023 s, 30.9 MB/s
2026-05-19 06:38:40,057 DEBUG   506462208 bytes (506 MB) copied, 16.335012 s, 31.0 MB/s
2026-05-19 06:38:40,057 DEBUG   541065216 bytes (541 MB) copied, 17.365035 s, 31.2 MB/s
2026-05-19 06:38:40,057 DEBUG   571473920 bytes (571 MB) copied, 18.436083 s, 31.0 MB/s
2026-05-19 06:38:40,057 DEBUG   607125504 bytes (607 MB) copied, 19.457014 s, 31.2 MB/s
2026-05-19 06:38:40,057 DEBUG   639631360 bytes (640 MB) copied, 20.477191 s, 31.2 MB/s
2026-05-19 06:38:40,057 DEBUG   663748608 bytes (664 MB) copied, 21.490181 s, 30.9 MB/s
2026-05-19 06:38:40,057 DEBUG   689963008 bytes (690 MB) copied, 22.523011 s, 30.6 MB/s
2026-05-19 06:38:40,057 DEBUG   724566016 bytes (725 MB) copied, 23.571152 s, 30.7 MB/s
2026-05-19 06:38:40,057 DEBUG   759169024 bytes (759 MB) copied, 24.596002 s, 30.9 MB/s
2026-05-19 06:38:40,057 DEBUG   792723456 bytes (793 MB) copied, 25.603028 s, 31.0 MB/s
2026-05-19 06:38:40,057 DEBUG   827326464 bytes (827 MB) copied, 26.650438 s, 31.0 MB/s
2026-05-19 06:38:40,057 DEBUG   857735168 bytes (858 MB) copied, 27.673987 s, 31.0 MB/s
2026-05-19 06:38:40,057 DEBUG   892338176 bytes (892 MB) copied, 28.681011 s, 31.1 MB/s
2026-05-19 06:38:40,057 DEBUG   925892608 bytes (926 MB) copied, 29.729048 s, 31.1 MB/s
2026-05-19 06:38:40,057 DEBUG   960495616 bytes (960 MB) copied, 30.735976 s, 31.2 MB/s
2026-05-19 06:38:40,057 DEBUG   989855744 bytes (990 MB) copied, 31.781032 s, 31.1 MB/s
2026-05-19 06:38:40,058 DEBUG   1022361600 bytes (1.0 GB) copied, 32.804100 s, 31.2 MB/s
2026-05-19 06:38:40,058 DEBUG   1055916032 bytes (1.1 GB) copied, 33.815042 s, 31.2 MB/s
2026-05-19 06:38:40,058 DEBUG   1024+0 records in
2026-05-19 06:38:40,058 DEBUG   1024+0 records out
2026-05-19 06:38:40,058 DEBUG   1073741824 bytes (1.1 GB) copied, 34.2212 s, 31.4 MB/s
2026-05-19 06:38:40,058 DEBUG   OK (disk op exit 0)
2026-05-19 06:38:40,057 DEBUG   remote: bash -lc 'set -e; _bs(){ printf '"'"'BULK_SNAP_T %s %s\n'"'"' "$1" "$(date +%s.%N 2>/dev/null || date +%s)"; }; _bs guest_start; _bs pipeline_start; openssl enc -aes-256-ctr -pass pass:"testing" -nosalt < /dev/zero 2>/dev/null | dd of=/root/dummy_snapshot_data_1.img bs=1M count=1024 iflag=fullblock status=progress; ec=$?; _bs pipeline_done; _bs guest_end; exit $ec'
2026-05-19 06:38:40,058 WARNING Guest disk op wall 35.8s (vm='ahv_ins_delete-0-260514-184132' ip=10.114.50.190 op=create ec=0) — includes SSH + guest disk command; if still high, check guest disk throughput vs. MiB settings.
2026-05-19 06:38:40,058 DEBUG [69/566] VM 1f60f8b0… (ahv_ins_delete-0-260514-185252) via 10.114.53.133 op=create
2026-05-19 06:38:40,058 DEBUG   remote: bash -lc 'set -e; _bs(){ printf '"'"'BULK_SNAP_T %s %s\n'"'"' "$1" "$(date +%s.%N 2>/dev/null || date +%s)"; }; _bs guest_start; _bs pipeline_start; openssl enc -aes-256-ctr -pass pass:"testing" -nosalt < /dev/zero 2>/dev/null | dd of=/root/dummy_snapshot_data_1.img bs=1M count=1024 iflag=fullblock status=progress; ec=$?; _bs pipeline_done; _bs guest_end; exit $ec'
2026-05-19 06:38:41,546 DEBUG   BULK_SNAP_T guest_start 1779140283.334235397
2026-05-19 06:38:41,546 DEBUG   BULK_SNAP_T pipeline_start 1779140283.337715532
2026-05-19 06:38:41,546 DEBUG   BULK_SNAP_T pipeline_done 1779140318.217201214
2026-05-19 06:38:41,546 DEBUG   BULK_SNAP_T guest_end 1779140318.222529191
2026-05-19 06:38:41,546 DEBUG   
2026-05-19 06:38:41,546 DEBUG   27262976 bytes (27 MB) copied, 1.005847 s, 27.1 MB/s
2026-05-19 06:38:41,546 DEBUG   60817408 bytes (61 MB) copied, 2.070010 s, 29.4 MB/s
2026-05-19 06:38:41,547 DEBUG   90177536 bytes (90 MB) copied, 3.086922 s, 29.2 MB/s
2026-05-19 06:38:41,547 DEBUG   119537664 bytes (120 MB) copied, 4.099874 s, 29.2 MB/s
2026-05-19 06:38:41,547 DEBUG   148897792 bytes (149 MB) copied, 5.117916 s, 29.1 MB/s
2026-05-19 06:38:41,547 DEBUG   181403648 bytes (181 MB) copied, 6.140930 s, 29.5 MB/s
2026-05-19 06:38:41,547 DEBUG   214958080 bytes (215 MB) copied, 7.154874 s, 30.0 MB/s
2026-05-19 06:38:41,547 DEBUG   249561088 bytes (250 MB) copied, 8.175847 s, 30.5 MB/s
2026-05-19 06:38:41,547 DEBUG   284164096 bytes (284 MB) copied, 9.183948 s, 30.9 MB/s
2026-05-19 06:38:41,547 DEBUG   314572800 bytes (315 MB) copied, 10.205965 s, 30.8 MB/s
2026-05-19 06:38:41,547 DEBUG   346030080 bytes (346 MB) copied, 11.207885 s, 30.9 MB/s
2026-05-19 06:38:41,547 DEBUG   376438784 bytes (376 MB) copied, 12.210227 s, 30.8 MB/s
2026-05-19 06:38:41,547 DEBUG   407896064 bytes (408 MB) copied, 13.268927 s, 30.7 MB/s
2026-05-19 06:38:41,547 DEBUG   436207616 bytes (436 MB) copied, 14.352888 s, 30.4 MB/s
2026-05-19 06:38:41,547 DEBUG   470810624 bytes (471 MB) copied, 15.383045 s, 30.6 MB/s
2026-05-19 06:38:41,547 DEBUG   502267904 bytes (502 MB) copied, 16.446912 s, 30.5 MB/s
2026-05-19 06:38:41,547 DEBUG   533725184 bytes (534 MB) copied, 17.458939 s, 30.6 MB/s
2026-05-19 06:38:41,547 DEBUG   566231040 bytes (566 MB) copied, 18.484886 s, 30.6 MB/s
2026-05-19 06:38:41,547 DEBUG   603979776 bytes (604 MB) copied, 19.536890 s, 30.9 MB/s
2026-05-19 06:38:41,547 DEBUG   627048448 bytes (627 MB) copied, 20.598915 s, 30.4 MB/s
2026-05-19 06:38:41,547 DEBUG   655360000 bytes (655 MB) copied, 21.609952 s, 30.3 MB/s
2026-05-19 06:38:41,547 DEBUG   687865856 bytes (688 MB) copied, 22.614944 s, 30.4 MB/s
2026-05-19 06:38:41,547 DEBUG   715128832 bytes (715 MB) copied, 23.620885 s, 30.3 MB/s
2026-05-19 06:38:41,547 DEBUG   749731840 bytes (750 MB) copied, 24.645034 s, 30.4 MB/s
2026-05-19 06:38:41,547 DEBUG   780140544 bytes (780 MB) copied, 25.671908 s, 30.4 MB/s
2026-05-19 06:38:41,547 DEBUG   810549248 bytes (811 MB) copied, 26.699903 s, 30.4 MB/s
2026-05-19 06:38:41,547 DEBUG   847249408 bytes (847 MB) copied, 27.737001 s, 30.5 MB/s
2026-05-19 06:38:41,547 DEBUG   879755264 bytes (880 MB) copied, 28.747188 s, 30.6 MB/s
2026-05-19 06:38:41,547 DEBUG   912261120 bytes (912 MB) copied, 29.773904 s, 30.6 MB/s
2026-05-19 06:38:41,547 DEBUG   942669824 bytes (943 MB) copied, 30.810858 s, 30.6 MB/s
2026-05-19 06:38:41,547 DEBUG   976224256 bytes (976 MB) copied, 31.819437 s, 30.7 MB/s
2026-05-19 06:38:41,547 DEBUG   1007681536 bytes (1.0 GB) copied, 32.860911 s, 30.7 MB/s
2026-05-19 06:38:41,547 DEBUG   1037041664 bytes (1.0 GB) copied, 33.862855 s, 30.6 MB/s
2026-05-19 06:38:41,547 DEBUG   1024+0 records in
2026-05-19 06:38:41,547 DEBUG   1024+0 records out
2026-05-19 06:38:41,547 DEBUG   1073741824 bytes (1.1 GB) copied, 34.802 s, 30.9 MB/s
2026-05-19 06:38:41,547 DEBUG   OK (disk op exit 0)
2026-05-19 06:38:41,547 WARNING Guest disk op wall 36.3s (vm='ahv_ins_delete-0-260514-184209' ip=10.114.51.84 op=create ec=0) — includes SSH + guest disk command; if still high, check guest disk throughput vs. MiB settings.
2026-05-19 06:38:41,548 DEBUG [70/566] VM 1fafe337… (ahv_ins_delete-0-260514-185252) via 10.114.51.123 op=create
2026-05-19 06:38:41,548 DEBUG   remote: bash -lc 'set -e; _bs(){ printf '"'"'BULK_SNAP_T %s %s\n'"'"' "$1" "$(date +%s.%N 2>/dev/null || date +%s)"; }; _bs guest_start; _bs pipeline_start; openssl enc -aes-256-ctr -pass pass:"testing" -nosalt < /dev/zero 2>/dev/null | dd of=/root/dummy_snapshot_data_1.img bs=1M count=1024 iflag=fullblock status=progress; ec=$?; _bs pipeline_done; _bs guest_end; exit $ec'
2026-05-19 06:38:51,062 DEBUG   BULK_SNAP_T guest_start 1779140291.595675962
2026-05-19 06:38:51,062 DEBUG   BULK_SNAP_T pipeline_start 1779140291.601018813
2026-05-19 06:38:51,063 DEBUG   BULK_SNAP_T pipeline_done 1779140327.662831913
2026-05-19 06:38:51,063 DEBUG   BULK_SNAP_T guest_end 1779140327.664562791
2026-05-19 06:38:51,063 DEBUG   
2026-05-19 06:38:51,063 DEBUG   30408704 bytes (30 MB) copied, 1.027473 s, 29.6 MB/s
2026-05-19 06:38:51,063 DEBUG   58720256 bytes (59 MB) copied, 2.041647 s, 28.8 MB/s
2026-05-19 06:38:51,063 DEBUG   85983232 bytes (86 MB) copied, 3.082510 s, 27.9 MB/s
2026-05-19 06:38:51,063 DEBUG   115343360 bytes (115 MB) copied, 4.091455 s, 28.2 MB/s
2026-05-19 06:38:51,063 DEBUG   143654912 bytes (144 MB) copied, 5.095947 s, 28.2 MB/s
2026-05-19 06:38:51,063 DEBUG   174063616 bytes (174 MB) copied, 6.104439 s, 28.5 MB/s
2026-05-19 06:38:51,063 DEBUG   203423744 bytes (203 MB) copied, 7.107451 s, 28.6 MB/s
2026-05-19 06:38:51,063 DEBUG   233832448 bytes (234 MB) copied, 8.112521 s, 28.8 MB/s
2026-05-19 06:38:51,063 DEBUG   264241152 bytes (264 MB) copied, 9.124407 s, 29.0 MB/s
2026-05-19 06:38:51,063 DEBUG   295698432 bytes (296 MB) copied, 10.175388 s, 29.1 MB/s
2026-05-19 06:38:51,063 DEBUG   327155712 bytes (327 MB) copied, 11.238421 s, 29.1 MB/s
2026-05-19 06:38:51,063 DEBUG   355467264 bytes (355 MB) copied, 12.286079 s, 28.9 MB/s
2026-05-19 06:38:51,063 DEBUG   379584512 bytes (380 MB) copied, 13.306560 s, 28.5 MB/s
2026-05-19 06:38:51,063 DEBUG   408944640 bytes (409 MB) copied, 14.318767 s, 28.6 MB/s
2026-05-19 06:38:51,063 DEBUG   438304768 bytes (438 MB) copied, 15.331437 s, 28.6 MB/s
2026-05-19 06:38:51,063 DEBUG   469762048 bytes (470 MB) copied, 16.375427 s, 28.7 MB/s
2026-05-19 06:38:51,063 DEBUG   502267904 bytes (502 MB) copied, 17.382461 s, 28.9 MB/s
2026-05-19 06:38:51,063 DEBUG   533725184 bytes (534 MB) copied, 18.404405 s, 29.0 MB/s
2026-05-19 06:38:51,063 DEBUG   569376768 bytes (569 MB) copied, 19.435549 s, 29.3 MB/s
2026-05-19 06:38:51,063 DEBUG   602931200 bytes (603 MB) copied, 20.460456 s, 29.5 MB/s
2026-05-19 06:38:51,063 DEBUG   633339904 bytes (633 MB) copied, 21.501758 s, 29.5 MB/s
2026-05-19 06:38:51,063 DEBUG   662700032 bytes (663 MB) copied, 22.502728 s, 29.4 MB/s
2026-05-19 06:38:51,063 DEBUG   693108736 bytes (693 MB) copied, 23.508407 s, 29.5 MB/s
2026-05-19 06:38:51,063 DEBUG   723517440 bytes (724 MB) copied, 24.516446 s, 29.5 MB/s
2026-05-19 06:38:51,063 DEBUG   757071872 bytes (757 MB) copied, 25.530453 s, 29.7 MB/s
2026-05-19 06:38:51,063 DEBUG   794820608 bytes (795 MB) copied, 26.538400 s, 29.9 MB/s
2026-05-19 06:38:51,063 DEBUG   825229312 bytes (825 MB) copied, 27.555734 s, 29.9 MB/s
2026-05-19 06:38:51,063 DEBUG   853540864 bytes (854 MB) copied, 28.556400 s, 29.9 MB/s
2026-05-19 06:38:51,063 DEBUG   884998144 bytes (885 MB) copied, 29.579635 s, 29.9 MB/s
2026-05-19 06:38:51,063 DEBUG   914358272 bytes (914 MB) copied, 30.619718 s, 29.9 MB/s
2026-05-19 06:38:51,063 DEBUG   946864128 bytes (947 MB) copied, 31.651545 s, 29.9 MB/s
2026-05-19 06:38:51,063 DEBUG   977272832 bytes (977 MB) copied, 32.675385 s, 29.9 MB/s
2026-05-19 06:38:51,063 DEBUG   1003487232 bytes (1.0 GB) copied, 33.696421 s, 29.8 MB/s
2026-05-19 06:38:51,063 DEBUG   1035993088 bytes (1.0 GB) copied, 34.712483 s, 29.8 MB/s
2026-05-19 06:38:51,063 DEBUG   1064304640 bytes (1.1 GB) copied, 35.713672 s, 29.8 MB/s
2026-05-19 06:38:51,063 DEBUG   1024+0 records in
2026-05-19 06:38:51,063 DEBUG   1024+0 records out
2026-05-19 06:38:51,063 DEBUG   1073741824 bytes (1.1 GB) copied, 35.9812 s, 29.8 MB/s
2026-05-19 06:38:51,063 DEBUG   OK (disk op exit 0)
2026-05-19 06:38:51,064 WARNING Guest disk op wall 37.5s (vm='ahv_ins_delete-0-260514-184210' ip=10.114.51.129 op=create ec=0) — includes SSH + guest disk command; if still high, check guest disk throughput vs. MiB settings.
2026-05-19 06:38:51,064 DEBUG [71/566] VM ff1a7f87… (ahv_ins_delete-0-260514-185802) via 10.114.50.70 op=create
2026-05-19 06:38:51,064 DEBUG   remote: bash -lc 'set -e; _bs(){ printf '"'"'BULK_SNAP_T %s %s\n'"'"' "$1" "$(date +%s.%N 2>/dev/null || date +%s)"; }; _bs guest_start; _bs pipeline_start; openssl enc -aes-256-ctr -pass pass:"testing" -nosalt < /dev/zero 2>/dev/null | dd of=/root/dummy_snapshot_data_1.img bs=1M count=1024 iflag=fullblock status=progress; ec=$?; _bs pipeline_done; _bs guest_end; exit $ec'
2026-05-19 06:38:57,320 DEBUG   BULK_SNAP_T guest_start 1779140300.411002019
2026-05-19 06:38:57,320 DEBUG   BULK_SNAP_T pipeline_start 1779140300.418400364
2026-05-19 06:38:57,320 DEBUG   BULK_SNAP_T pipeline_done 1779140334.191940064
2026-05-19 06:38:57,320 DEBUG   BULK_SNAP_T guest_end 1779140334.205639198
2026-05-19 06:38:57,320 DEBUG   
2026-05-19 06:38:57,320 DEBUG   27262976 bytes (27 MB) copied, 1.001556 s, 27.2 MB/s
2026-05-19 06:38:57,320 DEBUG   56623104 bytes (57 MB) copied, 2.017498 s, 28.1 MB/s
2026-05-19 06:38:57,320 DEBUG   87031808 bytes (87 MB) copied, 3.090569 s, 28.2 MB/s
2026-05-19 06:38:57,320 DEBUG   112197632 bytes (112 MB) copied, 4.118477 s, 27.2 MB/s
2026-05-19 06:38:57,320 DEBUG   143654912 bytes (144 MB) copied, 5.122484 s, 28.0 MB/s
2026-05-19 06:38:57,320 DEBUG   175112192 bytes (175 MB) copied, 6.130711 s, 28.6 MB/s
2026-05-19 06:38:57,320 DEBUG   209715200 bytes (210 MB) copied, 7.153539 s, 29.3 MB/s
2026-05-19 06:38:57,320 DEBUG   245366784 bytes (245 MB) copied, 8.164830 s, 30.1 MB/s
2026-05-19 06:38:57,320 DEBUG   275775488 bytes (276 MB) copied, 9.185488 s, 30.0 MB/s
2026-05-19 06:38:57,320 DEBUG   308281344 bytes (308 MB) copied, 10.191624 s, 30.2 MB/s
2026-05-19 06:38:57,320 DEBUG   343932928 bytes (344 MB) copied, 11.227504 s, 30.6 MB/s
2026-05-19 06:38:57,320 DEBUG   376438784 bytes (376 MB) copied, 12.257675 s, 30.7 MB/s
2026-05-19 06:38:57,320 DEBUG   409993216 bytes (410 MB) copied, 13.291602 s, 30.8 MB/s
2026-05-19 06:38:57,320 DEBUG   443547648 bytes (444 MB) copied, 14.291706 s, 31.0 MB/s
2026-05-19 06:38:57,320 DEBUG   478150656 bytes (478 MB) copied, 15.311433 s, 31.2 MB/s
2026-05-19 06:38:57,320 DEBUG   513802240 bytes (514 MB) copied, 16.359489 s, 31.4 MB/s
2026-05-19 06:38:57,321 DEBUG   556793856 bytes (557 MB) copied, 17.417550 s, 32.0 MB/s
2026-05-19 06:38:57,321 DEBUG   597688320 bytes (598 MB) copied, 18.466510 s, 32.4 MB/s
2026-05-19 06:38:57,321 DEBUG   631242752 bytes (631 MB) copied, 19.552467 s, 32.3 MB/s
2026-05-19 06:38:57,321 DEBUG   662700032 bytes (663 MB) copied, 20.601516 s, 32.2 MB/s
2026-05-19 06:38:57,321 DEBUG   691011584 bytes (691 MB) copied, 21.654437 s, 31.9 MB/s
2026-05-19 06:38:57,321 DEBUG   718274560 bytes (718 MB) copied, 22.668462 s, 31.7 MB/s
2026-05-19 06:38:57,321 DEBUG   750780416 bytes (751 MB) copied, 23.683997 s, 31.7 MB/s
2026-05-19 06:38:57,321 DEBUG   783286272 bytes (783 MB) copied, 24.705666 s, 31.7 MB/s
2026-05-19 06:38:57,321 DEBUG   821035008 bytes (821 MB) copied, 25.736513 s, 31.9 MB/s
2026-05-19 06:38:57,321 DEBUG   850395136 bytes (850 MB) copied, 26.764468 s, 31.8 MB/s
2026-05-19 06:38:57,321 DEBUG   886046720 bytes (886 MB) copied, 27.773024 s, 31.9 MB/s
2026-05-19 06:38:57,321 DEBUG   921698304 bytes (922 MB) copied, 28.817477 s, 32.0 MB/s
2026-05-19 06:38:57,321 DEBUG   953155584 bytes (953 MB) copied, 29.833554 s, 31.9 MB/s
2026-05-19 06:38:57,321 DEBUG   984612864 bytes (985 MB) copied, 30.873463 s, 31.9 MB/s
2026-05-19 06:38:57,321 DEBUG   1010827264 bytes (1.0 GB) copied, 31.877479 s, 31.7 MB/s
2026-05-19 06:38:57,321 DEBUG   1044381696 bytes (1.0 GB) copied, 32.908489 s, 31.7 MB/s
2026-05-19 06:38:57,321 DEBUG   1024+0 records in
2026-05-19 06:38:57,321 DEBUG   1024+0 records out
2026-05-19 06:38:57,321 DEBUG   1073741824 bytes (1.1 GB) copied, 33.688 s, 31.9 MB/s
2026-05-19 06:38:57,321 DEBUG   OK (disk op exit 0)
2026-05-19 06:38:57,321 WARNING Guest disk op wall 35.5s (vm='ahv_ins_delete-0-260514-184710' ip=10.114.51.246 op=create ec=0) — includes SSH + guest disk command; if still high, check guest disk throughput vs. MiB settings.
2026-05-19 06:38:57,321 DEBUG [72/566] VM 118a3632… (ahv_ins_delete-0-260514-185803) via 10.114.48.12 op=create
2026-05-19 06:38:57,322 DEBUG   remote: bash -lc 'set -e; _bs(){ printf '"'"'BULK_SNAP_T %s %s\n'"'"' "$1" "$(date +%s.%N 2>/dev/null || date +%s)"; }; _bs guest_start; _bs pipeline_start; openssl enc -aes-256-ctr -pass pass:"testing" -nosalt < /dev/zero 2>/dev/null | dd of=/root/dummy_snapshot_data_1.img bs=1M count=1024 iflag=fullblock status=progress; ec=$?; _bs pipeline_done; _bs guest_end; exit $ec'
2026-05-19 06:39:01,072 DEBUG   BULK_SNAP_T guest_start 1779140301.966994728
2026-05-19 06:39:01,072 DEBUG   BULK_SNAP_T pipeline_start 1779140301.969674456
2026-05-19 06:39:01,072 DEBUG   BULK_SNAP_T pipeline_done 1779140337.492688919
2026-05-19 06:39:01,072 DEBUG   BULK_SNAP_T guest_end 1779140337.496933935
2026-05-19 06:39:01,072 DEBUG   
2026-05-19 06:39:01,072 DEBUG   25165824 bytes (25 MB) copied, 1.024336 s, 24.6 MB/s
2026-05-19 06:39:01,072 DEBUG   47185920 bytes (47 MB) copied, 2.043327 s, 23.1 MB/s
2026-05-19 06:39:01,072 DEBUG   83886080 bytes (84 MB) copied, 3.046335 s, 27.5 MB/s
2026-05-19 06:39:01,072 DEBUG   115343360 bytes (115 MB) copied, 4.049315 s, 28.5 MB/s
2026-05-19 06:39:01,072 DEBUG   144703488 bytes (145 MB) copied, 5.067440 s, 28.6 MB/s
2026-05-19 06:39:01,072 DEBUG   180355072 bytes (180 MB) copied, 6.111290 s, 29.5 MB/s
2026-05-19 06:39:01,072 DEBUG   207618048 bytes (208 MB) copied, 7.121486 s, 29.2 MB/s
2026-05-19 06:39:01,072 DEBUG   239075328 bytes (239 MB) copied, 8.132812 s, 29.4 MB/s
2026-05-19 06:39:01,072 DEBUG   273678336 bytes (274 MB) copied, 9.142638 s, 29.9 MB/s
2026-05-19 06:39:01,072 DEBUG   305135616 bytes (305 MB) copied, 10.179658 s, 30.0 MB/s
2026-05-19 06:39:01,072 DEBUG   337641472 bytes (338 MB) copied, 11.231383 s, 30.1 MB/s
2026-05-19 06:39:01,072 DEBUG   367001600 bytes (367 MB) copied, 12.247357 s, 30.0 MB/s
2026-05-19 06:39:01,072 DEBUG   394264576 bytes (394 MB) copied, 13.251361 s, 29.8 MB/s
2026-05-19 06:39:01,072 DEBUG   426770432 bytes (427 MB) copied, 14.277303 s, 29.9 MB/s
2026-05-19 06:39:01,072 DEBUG   463470592 bytes (463 MB) copied, 15.284354 s, 30.3 MB/s
2026-05-19 06:39:01,072 DEBUG   500170752 bytes (500 MB) copied, 16.314287 s, 30.7 MB/s
2026-05-19 06:39:01,072 DEBUG   531628032 bytes (532 MB) copied, 17.318320 s, 30.7 MB/s
2026-05-19 06:39:01,072 DEBUG   565182464 bytes (565 MB) copied, 18.343393 s, 30.8 MB/s
2026-05-19 06:39:01,072 DEBUG   596639744 bytes (597 MB) copied, 19.366613 s, 30.8 MB/s
2026-05-19 06:39:01,072 DEBUG   624951296 bytes (625 MB) copied, 20.418325 s, 30.6 MB/s
2026-05-19 06:39:01,072 DEBUG   658505728 bytes (659 MB) copied, 21.430783 s, 30.7 MB/s
2026-05-19 06:39:01,072 DEBUG   686817280 bytes (687 MB) copied, 22.450411 s, 30.6 MB/s
2026-05-19 06:39:01,072 DEBUG   720371712 bytes (720 MB) copied, 23.469624 s, 30.7 MB/s
2026-05-19 06:39:01,072 DEBUG   751828992 bytes (752 MB) copied, 24.474785 s, 30.7 MB/s
2026-05-19 06:39:01,072 DEBUG   785383424 bytes (785 MB) copied, 25.509369 s, 30.8 MB/s
2026-05-19 06:39:01,072 DEBUG   823132160 bytes (823 MB) copied, 26.660343 s, 30.9 MB/s
2026-05-19 06:39:01,072 DEBUG   855638016 bytes (856 MB) copied, 27.663326 s, 30.9 MB/s
2026-05-19 06:39:01,072 DEBUG   883949568 bytes (884 MB) copied, 28.680366 s, 30.8 MB/s
2026-05-19 06:39:01,072 DEBUG   917504000 bytes (918 MB) copied, 29.687009 s, 30.9 MB/s
2026-05-19 06:39:01,072 DEBUG   951058432 bytes (951 MB) copied, 30.704439 s, 31.0 MB/s
2026-05-19 06:39:01,073 DEBUG   977272832 bytes (977 MB) copied, 31.735341 s, 30.8 MB/s
2026-05-19 06:39:01,073 DEBUG   1008730112 bytes (1.0 GB) copied, 32.743385 s, 30.8 MB/s
2026-05-19 06:39:01,073 DEBUG   1030750208 bytes (1.0 GB) copied, 33.794321 s, 30.5 MB/s
2026-05-19 06:39:01,073 DEBUG   1055916032 bytes (1.1 GB) copied, 34.831338 s, 30.3 MB/s
2026-05-19 06:39:01,073 DEBUG   1024+0 records in
2026-05-19 06:39:01,073 DEBUG   1024+0 records out
2026-05-19 06:39:01,073 DEBUG   1073741824 bytes (1.1 GB) copied, 35.4132 s, 30.3 MB/s
2026-05-19 06:39:01,073 DEBUG   OK (disk op exit 0)
2026-05-19 06:39:01,073 WARNING Guest disk op wall 37.0s (vm='ahv_ins_delete-0-260514-184712' ip=10.114.50.103 op=create ec=0) — includes SSH + guest disk command; if still high, check guest disk throughput vs. MiB settings.
2026-05-19 06:39:01,073 DEBUG [73/566] VM e0747ae9… (ahv_ins_delete-0-260514-185807) via 10.114.53.71 op=create
2026-05-19 06:39:01,073 DEBUG   remote: bash -lc 'set -e; _bs(){ printf '"'"'BULK_SNAP_T %s %s\n'"'"' "$1" "$(date +%s.%N 2>/dev/null || date +%s)"; }; _bs guest_start; _bs pipeline_start; openssl enc -aes-256-ctr -pass pass:"testing" -nosalt < /dev/zero 2>/dev/null | dd of=/root/dummy_snapshot_data_1.img bs=1M count=1024 iflag=fullblock status=progress; ec=$?; _bs pipeline_done; _bs guest_end; exit $ec'
2026-05-19 06:39:03,823 DEBUG   BULK_SNAP_T guest_start 1779140306.035127545
2026-05-19 06:39:03,823 DEBUG   BULK_SNAP_T pipeline_start 1779140306.040862591
2026-05-19 06:39:03,823 DEBUG   BULK_SNAP_T pipeline_done 1779140340.730493868
2026-05-19 06:39:03,823 DEBUG   BULK_SNAP_T guest_end 1779140340.738483591
2026-05-19 06:39:03,823 DEBUG   
2026-05-19 06:39:03,823 DEBUG   27262976 bytes (27 MB) copied, 1.062893 s, 25.6 MB/s
2026-05-19 06:39:03,823 DEBUG   60817408 bytes (61 MB) copied, 2.114081 s, 28.8 MB/s
2026-05-19 06:39:03,823 DEBUG   90177536 bytes (90 MB) copied, 3.126995 s, 28.8 MB/s
2026-05-19 06:39:03,823 DEBUG   120586240 bytes (121 MB) copied, 4.135119 s, 29.2 MB/s
2026-05-19 06:39:03,823 DEBUG   152043520 bytes (152 MB) copied, 5.168893 s, 29.4 MB/s
2026-05-19 06:39:03,823 DEBUG   184549376 bytes (185 MB) copied, 6.202828 s, 29.8 MB/s
2026-05-19 06:39:03,823 DEBUG   219152384 bytes (219 MB) copied, 7.227220 s, 30.3 MB/s
2026-05-19 06:39:03,823 DEBUG   247463936 bytes (247 MB) copied, 8.242961 s, 30.0 MB/s
2026-05-19 06:39:03,823 DEBUG   281018368 bytes (281 MB) copied, 9.259038 s, 30.4 MB/s
2026-05-19 06:39:03,824 DEBUG   311427072 bytes (311 MB) copied, 10.284360 s, 30.3 MB/s
2026-05-19 06:39:03,824 DEBUG   346030080 bytes (346 MB) copied, 11.315946 s, 30.6 MB/s
2026-05-19 06:39:03,824 DEBUG   390070272 bytes (390 MB) copied, 12.319898 s, 31.7 MB/s
2026-05-19 06:39:03,824 DEBUG   424673280 bytes (425 MB) copied, 13.354198 s, 31.8 MB/s
2026-05-19 06:39:03,824 DEBUG   456130560 bytes (456 MB) copied, 14.355865 s, 31.8 MB/s
2026-05-19 06:39:03,824 DEBUG   488636416 bytes (489 MB) copied, 15.377377 s, 31.8 MB/s
2026-05-19 06:39:03,824 DEBUG   516947968 bytes (517 MB) copied, 16.383870 s, 31.6 MB/s
2026-05-19 06:39:03,824 DEBUG   546308096 bytes (546 MB) copied, 17.405036 s, 31.4 MB/s
2026-05-19 06:39:03,824 DEBUG   580911104 bytes (581 MB) copied, 18.459895 s, 31.5 MB/s
2026-05-19 06:39:03,824 DEBUG   611319808 bytes (611 MB) copied, 19.472960 s, 31.4 MB/s
2026-05-19 06:39:03,824 DEBUG   644874240 bytes (645 MB) copied, 20.494884 s, 31.5 MB/s
2026-05-19 06:39:03,824 DEBUG   678428672 bytes (678 MB) copied, 21.500981 s, 31.6 MB/s
2026-05-19 06:39:03,824 DEBUG   715128832 bytes (715 MB) copied, 22.505891 s, 31.8 MB/s
2026-05-19 06:39:03,824 DEBUG   745537536 bytes (746 MB) copied, 23.509952 s, 31.7 MB/s
2026-05-19 06:39:03,824 DEBUG   778043392 bytes (778 MB) copied, 24.547936 s, 31.7 MB/s
2026-05-19 06:39:03,824 DEBUG   808452096 bytes (808 MB) copied, 25.555854 s, 31.6 MB/s
2026-05-19 06:39:03,824 DEBUG   840957952 bytes (841 MB) copied, 26.586858 s, 31.6 MB/s
2026-05-19 06:39:03,824 DEBUG   872415232 bytes (872 MB) copied, 27.601861 s, 31.6 MB/s
2026-05-19 06:39:03,824 DEBUG   901775360 bytes (902 MB) copied, 28.606931 s, 31.5 MB/s
2026-05-19 06:39:03,824 DEBUG   927989760 bytes (928 MB) copied, 29.657879 s, 31.3 MB/s
2026-05-19 06:39:03,824 DEBUG   953155584 bytes (953 MB) copied, 30.698964 s, 31.0 MB/s
2026-05-19 06:39:03,824 DEBUG   983564288 bytes (984 MB) copied, 31.748980 s, 31.0 MB/s
2026-05-19 06:39:03,824 DEBUG   1016070144 bytes (1.0 GB) copied, 32.755920 s, 31.0 MB/s
2026-05-19 06:39:03,824 DEBUG   1046478848 bytes (1.0 GB) copied, 33.761954 s, 31.0 MB/s
2026-05-19 06:39:03,824 DEBUG   1024+0 records in
2026-05-19 06:39:03,824 DEBUG   1024+0 records out
2026-05-19 06:39:03,824 DEBUG   1073741824 bytes (1.1 GB) copied, 34.5997 s, 31.0 MB/s
2026-05-19 06:39:03,824 DEBUG   OK (disk op exit 0)
2026-05-19 06:39:03,824 WARNING Guest disk op wall 36.3s (vm='ahv_ins_delete-0-260514-184721' ip=10.114.53.82 op=create ec=0) — includes SSH + guest disk command; if still high, check guest disk throughput vs. MiB settings.
2026-05-19 06:39:03,825 DEBUG [74/566] VM d85a1c64… (ahv_ins_delete-0-260514-185838) via 10.114.49.137 op=create
2026-05-19 06:39:03,825 DEBUG   remote: bash -lc 'set -e; _bs(){ printf '"'"'BULK_SNAP_T %s %s\n'"'"' "$1" "$(date +%s.%N 2>/dev/null || date +%s)"; }; _bs guest_start; _bs pipeline_start; openssl enc -aes-256-ctr -pass pass:"testing" -nosalt < /dev/zero 2>/dev/null | dd of=/root/dummy_snapshot_data_1.img bs=1M count=1024 iflag=fullblock status=progress; ec=$?; _bs pipeline_done; _bs guest_end; exit $ec'
2026-05-19 06:39:08,324 DEBUG   BULK_SNAP_T guest_start 1779140308.644336014
2026-05-19 06:39:08,324 DEBUG   BULK_SNAP_T pipeline_start 1779140308.650983450
2026-05-19 06:39:08,324 DEBUG   BULK_SNAP_T pipeline_done 1779140344.614556069
2026-05-19 06:39:08,324 DEBUG   BULK_SNAP_T guest_end 1779140344.621434002
2026-05-19 06:39:08,324 DEBUG   
2026-05-19 06:39:08,324 DEBUG   25165824 bytes (25 MB) copied, 1.004634 s, 25.0 MB/s
2026-05-19 06:39:08,324 DEBUG   55574528 bytes (56 MB) copied, 2.010060 s, 27.6 MB/s
2026-05-19 06:39:08,324 DEBUG   91226112 bytes (91 MB) copied, 3.022668 s, 30.2 MB/s
2026-05-19 06:39:08,325 DEBUG   123731968 bytes (124 MB) copied, 4.036596 s, 30.7 MB/s
2026-05-19 06:39:08,325 DEBUG   152043520 bytes (152 MB) copied, 5.063698 s, 30.0 MB/s
2026-05-19 06:39:08,325 DEBUG   183500800 bytes (184 MB) copied, 6.099579 s, 30.1 MB/s
2026-05-19 06:39:08,325 DEBUG   210763776 bytes (211 MB) copied, 7.131665 s, 29.6 MB/s
2026-05-19 06:39:08,325 DEBUG   242221056 bytes (242 MB) copied, 8.146644 s, 29.7 MB/s
2026-05-19 06:39:08,325 DEBUG   284164096 bytes (284 MB) copied, 9.159090 s, 31.0 MB/s
2026-05-19 06:39:08,325 DEBUG   315621376 bytes (316 MB) copied, 10.182560 s, 31.0 MB/s
2026-05-19 06:39:08,325 DEBUG   352321536 bytes (352 MB) copied, 11.200722 s, 31.5 MB/s
2026-05-19 06:39:08,325 DEBUG   386924544 bytes (387 MB) copied, 12.242556 s, 31.6 MB/s
2026-05-19 06:39:08,325 DEBUG   415236096 bytes (415 MB) copied, 13.245541 s, 31.3 MB/s
2026-05-19 06:39:08,325 DEBUG   440401920 bytes (440 MB) copied, 14.273662 s, 30.9 MB/s
2026-05-19 06:39:08,325 DEBUG   472907776 bytes (473 MB) copied, 15.279641 s, 31.0 MB/s
2026-05-19 06:39:08,325 DEBUG   505413632 bytes (505 MB) copied, 16.284626 s, 31.0 MB/s
2026-05-19 06:39:08,325 DEBUG   532676608 bytes (533 MB) copied, 17.299741 s, 30.8 MB/s
2026-05-19 06:39:08,325 DEBUG   559939584 bytes (560 MB) copied, 18.303605 s, 30.6 MB/s
2026-05-19 06:39:08,325 DEBUG   590348288 bytes (590 MB) copied, 19.319637 s, 30.6 MB/s
2026-05-19 06:39:08,325 DEBUG   624951296 bytes (625 MB) copied, 20.332732 s, 30.7 MB/s
2026-05-19 06:39:08,325 DEBUG   664797184 bytes (665 MB) copied, 21.383616 s, 31.1 MB/s
2026-05-19 06:39:08,325 DEBUG   693108736 bytes (693 MB) copied, 22.414600 s, 30.9 MB/s
2026-05-19 06:39:08,325 DEBUG   726663168 bytes (727 MB) copied, 23.424864 s, 31.0 MB/s
2026-05-19 06:39:08,325 DEBUG   759169024 bytes (759 MB) copied, 24.446607 s, 31.1 MB/s
2026-05-19 06:39:08,325 DEBUG   787480576 bytes (787 MB) copied, 25.481762 s, 30.9 MB/s
2026-05-19 06:39:08,325 DEBUG   814743552 bytes (815 MB) copied, 26.507647 s, 30.7 MB/s
2026-05-19 06:39:08,325 DEBUG   837812224 bytes (838 MB) copied, 27.507996 s, 30.5 MB/s
2026-05-19 06:39:08,325 DEBUG   864026624 bytes (864 MB) copied, 28.547600 s, 30.3 MB/s
2026-05-19 06:39:08,325 DEBUG   898629632 bytes (899 MB) copied, 29.577200 s, 30.4 MB/s
2026-05-19 06:39:08,325 DEBUG   926941184 bytes (927 MB) copied, 30.595991 s, 30.3 MB/s
2026-05-19 06:39:08,325 DEBUG   958398464 bytes (958 MB) copied, 31.620114 s, 30.3 MB/s
2026-05-19 06:39:08,325 DEBUG   986710016 bytes (987 MB) copied, 32.638630 s, 30.2 MB/s
2026-05-19 06:39:08,325 DEBUG   1012924416 bytes (1.0 GB) copied, 33.647642 s, 30.1 MB/s
2026-05-19 06:39:08,325 DEBUG   1041235968 bytes (1.0 GB) copied, 34.656631 s, 30.0 MB/s
2026-05-19 06:39:08,325 DEBUG   1069547520 bytes (1.1 GB) copied, 35.700643 s, 30.0 MB/s
2026-05-19 06:39:08,325 DEBUG   1024+0 records in
2026-05-19 06:39:08,325 DEBUG   1024+0 records out
2026-05-19 06:39:08,325 DEBUG   1073741824 bytes (1.1 GB) copied, 35.8007 s, 30.0 MB/s
2026-05-19 06:39:08,325 DEBUG   OK (disk op exit 0)
2026-05-19 06:39:08,325 WARNING Guest disk op wall 37.5s (vm='ahv_ins_delete-0-260514-184724' ip=10.114.50.30 op=create ec=0) — includes SSH + guest disk command; if still high, check guest disk throughput vs. MiB settings.
2026-05-19 06:39:08,326 DEBUG [75/566] VM d12399c7… (ahv_ins_delete-0-260514-185840) via 10.114.51.247 op=create
2026-05-19 06:39:08,326 DEBUG   remote: bash -lc 'set -e; _bs(){ printf '"'"'BULK_SNAP_T %s %s\n'"'"' "$1" "$(date +%s.%N 2>/dev/null || date +%s)"; }; _bs guest_start; _bs pipeline_start; openssl enc -aes-256-ctr -pass pass:"testing" -nosalt < /dev/zero 2>/dev/null | dd of=/root/dummy_snapshot_data_1.img bs=1M count=1024 iflag=fullblock status=progress; ec=$?; _bs pipeline_done; _bs guest_end; exit $ec'
2026-05-19 06:39:11,828 DEBUG   BULK_SNAP_T guest_start 1779140310.884452644
2026-05-19 06:39:11,828 DEBUG   BULK_SNAP_T pipeline_start 1779140310.889060022
2026-05-19 06:39:11,828 DEBUG   BULK_SNAP_T pipeline_done 1779140347.879008239
2026-05-19 06:39:11,828 DEBUG   BULK_SNAP_T guest_end 1779140347.893088826
2026-05-19 06:39:11,828 DEBUG   
2026-05-19 06:39:11,828 DEBUG   20971520 bytes (21 MB) copied, 1.045038 s, 20.1 MB/s
2026-05-19 06:39:11,828 DEBUG   53477376 bytes (53 MB) copied, 2.107078 s, 25.4 MB/s
2026-05-19 06:39:11,828 DEBUG   80740352 bytes (81 MB) copied, 3.117098 s, 25.9 MB/s
2026-05-19 06:39:11,828 DEBUG   112197632 bytes (112 MB) copied, 4.132130 s, 27.2 MB/s
2026-05-19 06:39:11,828 DEBUG   141557760 bytes (142 MB) copied, 5.173041 s, 27.4 MB/s
2026-05-19 06:39:11,828 DEBUG   178257920 bytes (178 MB) copied, 6.179463 s, 28.8 MB/s
2026-05-19 06:39:11,828 DEBUG   220200960 bytes (220 MB) copied, 7.205093 s, 30.6 MB/s
2026-05-19 06:39:11,828 DEBUG   250609664 bytes (251 MB) copied, 8.221094 s, 30.5 MB/s
2026-05-19 06:39:11,828 DEBUG   288358400 bytes (288 MB) copied, 9.259191 s, 31.1 MB/s
2026-05-19 06:39:11,828 DEBUG   319815680 bytes (320 MB) copied, 10.317069 s, 31.0 MB/s
2026-05-19 06:39:11,828 DEBUG   353370112 bytes (353 MB) copied, 11.338120 s, 31.2 MB/s
2026-05-19 06:39:11,829 DEBUG   389021696 bytes (389 MB) copied, 12.387149 s, 31.4 MB/s
2026-05-19 06:39:11,829 DEBUG   419430400 bytes (419 MB) copied, 13.418302 s, 31.3 MB/s
2026-05-19 06:39:11,829 DEBUG   445644800 bytes (446 MB) copied, 14.458082 s, 30.8 MB/s
2026-05-19 06:39:11,829 DEBUG   481296384 bytes (481 MB) copied, 15.465077 s, 31.1 MB/s
2026-05-19 06:39:11,829 DEBUG   514850816 bytes (515 MB) copied, 16.473102 s, 31.3 MB/s
2026-05-19 06:39:11,829 DEBUG   544210944 bytes (544 MB) copied, 17.484097 s, 31.1 MB/s
2026-05-19 06:39:11,829 DEBUG   573571072 bytes (574 MB) copied, 18.485039 s, 31.0 MB/s
2026-05-19 06:39:11,829 DEBUG   601882624 bytes (602 MB) copied, 19.508016 s, 30.9 MB/s
2026-05-19 06:39:11,829 DEBUG   633339904 bytes (633 MB) copied, 20.534072 s, 30.8 MB/s
2026-05-19 06:39:11,829 DEBUG   664797184 bytes (665 MB) copied, 21.548158 s, 30.9 MB/s
2026-05-19 06:39:11,829 DEBUG   693108736 bytes (693 MB) copied, 22.589408 s, 30.7 MB/s
2026-05-19 06:39:11,829 DEBUG   718274560 bytes (718 MB) copied, 23.603061 s, 30.4 MB/s
2026-05-19 06:39:11,829 DEBUG   740294656 bytes (740 MB) copied, 24.610252 s, 30.1 MB/s
2026-05-19 06:39:11,829 DEBUG   766509056 bytes (767 MB) copied, 25.631126 s, 29.9 MB/s
2026-05-19 06:39:11,829 DEBUG   799014912 bytes (799 MB) copied, 26.647031 s, 30.0 MB/s
2026-05-19 06:39:11,829 DEBUG   831520768 bytes (832 MB) copied, 27.651125 s, 30.1 MB/s
2026-05-19 06:39:11,829 DEBUG   859832320 bytes (860 MB) copied, 28.653050 s, 30.0 MB/s
2026-05-19 06:39:11,829 DEBUG   884998144 bytes (885 MB) copied, 29.669067 s, 29.8 MB/s
2026-05-19 06:39:11,829 DEBUG   911212544 bytes (911 MB) copied, 30.705092 s, 29.7 MB/s
2026-05-19 06:39:11,829 DEBUG   936378368 bytes (936 MB) copied, 31.719096 s, 29.5 MB/s
2026-05-19 06:39:11,829 DEBUG   959447040 bytes (959 MB) copied, 32.729147 s, 29.3 MB/s
2026-05-19 06:39:11,829 DEBUG   983564288 bytes (984 MB) copied, 33.732329 s, 29.2 MB/s
2026-05-19 06:39:11,829 DEBUG   1015021568 bytes (1.0 GB) copied, 34.765330 s, 29.2 MB/s
2026-05-19 06:39:11,829 DEBUG   1040187392 bytes (1.0 GB) copied, 35.777150 s, 29.1 MB/s
2026-05-19 06:39:11,829 DEBUG   1071644672 bytes (1.1 GB) copied, 36.817089 s, 29.1 MB/s
2026-05-19 06:39:11,829 DEBUG   1024+0 records in
2026-05-19 06:39:11,829 DEBUG   1024+0 records out
2026-05-19 06:39:11,829 DEBUG   1073741824 bytes (1.1 GB) copied, 36.9153 s, 29.1 MB/s
2026-05-19 06:39:11,829 DEBUG   OK (disk op exit 0)
2026-05-19 06:39:11,830 WARNING Guest disk op wall 38.5s (vm='ahv_ins_delete-0-260514-185233' ip=10.114.50.25 op=create ec=0) — includes SSH + guest disk command; if still high, check guest disk throughput vs. MiB settings.
2026-05-19 06:39:11,830 DEBUG [76/566] VM 8f0a6fff… (ahv_ins_delete-0-260514-190346) via 10.114.54.69 op=create
2026-05-19 06:39:11,830 DEBUG   remote: bash -lc 'set -e; _bs(){ printf '"'"'BULK_SNAP_T %s %s\n'"'"' "$1" "$(date +%s.%N 2>/dev/null || date +%s)"; }; _bs guest_start; _bs pipeline_start; openssl enc -aes-256-ctr -pass pass:"testing" -nosalt < /dev/zero 2>/dev/null | dd of=/root/dummy_snapshot_data_1.img bs=1M count=1024 iflag=fullblock status=progress; ec=$?; _bs pipeline_done; _bs guest_end; exit $ec'
2026-05-19 06:39:15,819 DEBUG   BULK_SNAP_T guest_start 1779140319.016601390
2026-05-19 06:39:15,819 DEBUG   BULK_SNAP_T pipeline_start 1779140319.021089562
2026-05-19 06:39:15,819 DEBUG   BULK_SNAP_T pipeline_done 1779140351.917263660
2026-05-19 06:39:15,819 DEBUG   BULK_SNAP_T guest_end 1779140351.922740488
2026-05-19 06:39:15,819 DEBUG   
2026-05-19 06:39:15,820 DEBUG   29360128 bytes (29 MB) copied, 1.015317 s, 28.9 MB/s
2026-05-19 06:39:15,820 DEBUG   58720256 bytes (59 MB) copied, 2.043462 s, 28.7 MB/s
2026-05-19 06:39:15,820 DEBUG   85983232 bytes (86 MB) copied, 3.070110 s, 28.0 MB/s
2026-05-19 06:39:15,820 DEBUG   116391936 bytes (116 MB) copied, 4.073227 s, 28.6 MB/s
2026-05-19 06:39:15,820 DEBUG   143654912 bytes (144 MB) copied, 5.192384 s, 27.7 MB/s
2026-05-19 06:39:15,820 DEBUG   173015040 bytes (173 MB) copied, 6.223619 s, 27.8 MB/s
2026-05-19 06:39:15,820 DEBUG   206569472 bytes (207 MB) copied, 7.260192 s, 28.5 MB/s
2026-05-19 06:39:15,820 DEBUG   244318208 bytes (244 MB) copied, 8.275443 s, 29.5 MB/s
2026-05-19 06:39:15,820 DEBUG   282066944 bytes (282 MB) copied, 9.301227 s, 30.3 MB/s
2026-05-19 06:39:15,820 DEBUG   319815680 bytes (320 MB) copied, 10.357161 s, 30.9 MB/s
2026-05-19 06:39:15,820 DEBUG   355467264 bytes (355 MB) copied, 11.390234 s, 31.2 MB/s
2026-05-19 06:39:15,820 DEBUG   393216000 bytes (393 MB) copied, 12.410183 s, 31.7 MB/s
2026-05-19 06:39:15,820 DEBUG   430964736 bytes (431 MB) copied, 13.418367 s, 32.1 MB/s
2026-05-19 06:39:15,820 DEBUG   469762048 bytes (470 MB) copied, 14.450223 s, 32.5 MB/s
2026-05-19 06:39:15,820 DEBUG   507510784 bytes (508 MB) copied, 15.492310 s, 32.8 MB/s
2026-05-19 06:39:15,820 DEBUG   528482304 bytes (528 MB) copied, 16.521173 s, 32.0 MB/s
2026-05-19 06:39:15,820 DEBUG   553648128 bytes (554 MB) copied, 17.522205 s, 31.6 MB/s
2026-05-19 06:39:15,820 DEBUG   586153984 bytes (586 MB) copied, 18.544431 s, 31.6 MB/s
2026-05-19 06:39:15,820 DEBUG   623902720 bytes (624 MB) copied, 19.555299 s, 31.9 MB/s
2026-05-19 06:39:15,820 DEBUG   660602880 bytes (661 MB) copied, 20.570263 s, 32.1 MB/s
2026-05-19 06:39:15,820 DEBUG   701497344 bytes (701 MB) copied, 21.592141 s, 32.5 MB/s
2026-05-19 06:39:15,820 DEBUG   737148928 bytes (737 MB) copied, 22.621124 s, 32.6 MB/s
2026-05-19 06:39:15,820 DEBUG   769654784 bytes (770 MB) copied, 23.641191 s, 32.6 MB/s
2026-05-19 06:39:15,820 DEBUG   797966336 bytes (798 MB) copied, 24.653224 s, 32.4 MB/s
2026-05-19 06:39:15,820 DEBUG   831520768 bytes (832 MB) copied, 25.694196 s, 32.4 MB/s
2026-05-19 06:39:15,820 DEBUG   868220928 bytes (868 MB) copied, 26.714156 s, 32.5 MB/s
2026-05-19 06:39:15,820 DEBUG   903872512 bytes (904 MB) copied, 27.735143 s, 32.6 MB/s
2026-05-19 06:39:15,820 DEBUG   939524096 bytes (940 MB) copied, 28.738281 s, 32.7 MB/s
2026-05-19 06:39:15,820 DEBUG   970981376 bytes (971 MB) copied, 29.778212 s, 32.6 MB/s
2026-05-19 06:39:15,820 DEBUG   1003487232 bytes (1.0 GB) copied, 30.793188 s, 32.6 MB/s
2026-05-19 06:39:15,820 DEBUG   1034944512 bytes (1.0 GB) copied, 31.816142 s, 32.5 MB/s
2026-05-19 06:39:15,820 DEBUG   1024+0 records in
2026-05-19 06:39:15,820 DEBUG   1024+0 records out
2026-05-19 06:39:15,820 DEBUG   1073741824 bytes (1.1 GB) copied, 32.7845 s, 32.8 MB/s
2026-05-19 06:39:15,820 DEBUG   OK (disk op exit 0)
2026-05-19 06:39:15,820 WARNING Guest disk op wall 34.3s (vm='ahv_ins_delete-0-260514-185252' ip=10.114.51.123 op=create ec=0) — includes SSH + guest disk command; if still high, check guest disk throughput vs. MiB settings.
2026-05-19 06:39:15,821 DEBUG [77/566] VM d20c362f… (ahv_ins_delete-0-260514-190347) via 10.114.51.63 op=create
2026-05-19 06:39:15,821 DEBUG   remote: bash -lc 'set -e; _bs(){ printf '"'"'BULK_SNAP_T %s %s\n'"'"' "$1" "$(date +%s.%N 2>/dev/null || date +%s)"; }; _bs guest_start; _bs pipeline_start; openssl enc -aes-256-ctr -pass pass:"testing" -nosalt < /dev/zero 2>/dev/null | dd of=/root/dummy_snapshot_data_1.img bs=1M count=1024 iflag=fullblock status=progress; ec=$?; _bs pipeline_done; _bs guest_end; exit $ec'
2026-05-19 06:39:17,080 DEBUG   BULK_SNAP_T guest_start 1779140318.329688914
2026-05-19 06:39:17,080 DEBUG   BULK_SNAP_T guest_start 1779140318.172254437
2026-05-19 06:39:17,080 DEBUG   BULK_SNAP_T pipeline_start 1779140318.177585044
2026-05-19 06:39:17,080 DEBUG   BULK_SNAP_T pipeline_done 1779140353.819547293
2026-05-19 06:39:17,080 DEBUG   BULK_SNAP_T guest_end 1779140353.822889857
2026-05-19 06:39:17,080 DEBUG   
2026-05-19 06:39:17,080 DEBUG   28311552 bytes (28 MB) copied, 1.047848 s, 27.0 MB/s
2026-05-19 06:39:17,080 DEBUG   61865984 bytes (62 MB) copied, 2.082932 s, 29.7 MB/s
2026-05-19 06:39:17,080 DEBUG   95420416 bytes (95 MB) copied, 3.099852 s, 30.8 MB/s
2026-05-19 06:39:17,080 DEBUG   124780544 bytes (125 MB) copied, 4.177901 s, 29.9 MB/s
2026-05-19 06:39:17,081 DEBUG   149946368 bytes (150 MB) copied, 5.204324 s, 28.8 MB/s
2026-05-19 06:39:17,081 DEBUG   181403648 bytes (181 MB) copied, 6.212916 s, 29.2 MB/s
2026-05-19 06:39:17,081 DEBUG   214958080 bytes (215 MB) copied, 7.223042 s, 29.8 MB/s
2026-05-19 06:39:17,081 DEBUG   251658240 bytes (252 MB) copied, 8.268901 s, 30.4 MB/s
2026-05-19 06:39:17,081 DEBUG   281018368 bytes (281 MB) copied, 9.277888 s, 30.3 MB/s
2026-05-19 06:39:17,081 DEBUG   314572800 bytes (315 MB) copied, 10.280974 s, 30.6 MB/s
2026-05-19 06:39:17,081 DEBUG   349175808 bytes (349 MB) copied, 11.343075 s, 30.8 MB/s
2026-05-19 06:39:17,081 DEBUG   381681664 bytes (382 MB) copied, 12.370847 s, 30.9 MB/s
2026-05-19 06:39:17,081 DEBUG   413138944 bytes (413 MB) copied, 13.376261 s, 30.9 MB/s
2026-05-19 06:39:17,081 DEBUG   444596224 bytes (445 MB) copied, 14.379858 s, 30.9 MB/s
2026-05-19 06:39:17,081 DEBUG   477102080 bytes (477 MB) copied, 15.380999 s, 31.0 MB/s
2026-05-19 06:39:17,081 DEBUG   508559360 bytes (509 MB) copied, 16.411881 s, 31.0 MB/s
2026-05-19 06:39:17,081 DEBUG   534773760 bytes (535 MB) copied, 17.459993 s, 30.6 MB/s
2026-05-19 06:39:17,081 DEBUG   557842432 bytes (558 MB) copied, 18.463928 s, 30.2 MB/s
2026-05-19 06:39:17,081 DEBUG   584056832 bytes (584 MB) copied, 19.469905 s, 30.0 MB/s
2026-05-19 06:39:17,081 DEBUG   620756992 bytes (621 MB) copied, 20.494878 s, 30.3 MB/s
2026-05-19 06:39:17,081 DEBUG   654311424 bytes (654 MB) copied, 21.499137 s, 30.4 MB/s
2026-05-19 06:39:17,081 DEBUG   681574400 bytes (682 MB) copied, 22.499433 s, 30.3 MB/s
2026-05-19 06:39:17,081 DEBUG   711983104 bytes (712 MB) copied, 23.521862 s, 30.3 MB/s
2026-05-19 06:39:17,081 DEBUG   741343232 bytes (741 MB) copied, 24.551916 s, 30.2 MB/s
2026-05-19 06:39:17,081 DEBUG   768606208 bytes (769 MB) copied, 25.586377 s, 30.0 MB/s
2026-05-19 06:39:17,081 DEBUG   794820608 bytes (795 MB) copied, 26.598935 s, 29.9 MB/s
2026-05-19 06:39:17,081 DEBUG   825229312 bytes (825 MB) copied, 27.610898 s, 29.9 MB/s
2026-05-19 06:39:17,081 DEBUG   860880896 bytes (861 MB) copied, 28.642890 s, 30.1 MB/s
2026-05-19 06:39:17,081 DEBUG   891289600 bytes (891 MB) copied, 29.702887 s, 30.0 MB/s
2026-05-19 06:39:17,080 DEBUG   BULK_SNAP_T pipeline_start 1779140318.339890254
2026-05-19 06:39:17,081 DEBUG   920649728 bytes (921 MB) copied, 30.742921 s, 29.9 MB/s
2026-05-19 06:39:17,081 DEBUG   BULK_SNAP_T pipeline_done 1779140354.542596237
2026-05-19 06:39:17,081 DEBUG   952107008 bytes (952 MB) copied, 31.790892 s, 29.9 MB/s
2026-05-19 06:39:17,081 DEBUG   BULK_SNAP_T guest_end 1779140354.555094087
2026-05-19 06:39:17,082 DEBUG   984612864 bytes (985 MB) copied, 32.823906 s, 30.0 MB/s
2026-05-19 06:39:17,082 DEBUG   
2026-05-19 06:39:17,082 DEBUG   1019215872 bytes (1.0 GB) copied, 33.865870 s, 30.1 MB/s
2026-05-19 06:39:17,082 DEBUG   30408704 bytes (30 MB) copied, 1.012271 s, 30.0 MB/s
2026-05-19 06:39:17,082 DEBUG   1047527424 bytes (1.0 GB) copied, 34.873923 s, 30.0 MB/s
2026-05-19 06:39:17,082 DEBUG   60817408 bytes (61 MB) copied, 2.016843 s, 30.2 MB/s
2026-05-19 06:39:17,082 DEBUG   1024+0 records in
2026-05-19 06:39:17,082 DEBUG   94371840 bytes (94 MB) copied, 3.030826 s, 31.1 MB/s
2026-05-19 06:39:17,082 DEBUG   1024+0 records out
2026-05-19 06:39:17,082 DEBUG   124780544 bytes (125 MB) copied, 4.054787 s, 30.8 MB/s
2026-05-19 06:39:17,082 DEBUG   1073741824 bytes (1.1 GB) copied, 35.5639 s, 30.2 MB/s
2026-05-19 06:39:17,083 DEBUG   148897792 bytes (149 MB) copied, 5.085859 s, 29.3 MB/s
2026-05-19 06:39:17,083 DEBUG   OK (disk op exit 0)
2026-05-19 06:39:17,083 DEBUG   184549376 bytes (185 MB) copied, 6.132899 s, 30.1 MB/s
2026-05-19 06:39:17,083 WARNING Guest disk op wall 37.0s (vm='ahv_ins_delete-0-260514-185252' ip=10.114.53.133 op=create ec=0) — includes SSH + guest disk command; if still high, check guest disk throughput vs. MiB settings.
2026-05-19 06:39:17,083 DEBUG   211812352 bytes (212 MB) copied, 7.140844 s, 29.7 MB/s
2026-05-19 06:39:17,083 DEBUG [78/566] VM d3265fac… (ahv_ins_delete-0-260514-190352) via 10.114.51.8 op=create
2026-05-19 06:39:17,084 DEBUG   245366784 bytes (245 MB) copied, 8.173754 s, 30.0 MB/s
2026-05-19 06:39:17,084 DEBUG   remote: bash -lc 'set -e; _bs(){ printf '"'"'BULK_SNAP_T %s %s\n'"'"' "$1" "$(date +%s.%N 2>/dev/null || date +%s)"; }; _bs guest_start; _bs pipeline_start; openssl enc -aes-256-ctr -pass pass:"testing" -nosalt < /dev/zero 2>/dev/null | dd of=/root/dummy_snapshot_data_1.img bs=1M count=1024 iflag=fullblock status=progress; ec=$?; _bs pipeline_done; _bs guest_end; exit $ec'
2026-05-19 06:39:17,084 DEBUG   274726912 bytes (275 MB) copied, 9.194895 s, 29.9 MB/s
2026-05-19 06:39:17,084 DEBUG   309329920 bytes (309 MB) copied, 10.227835 s, 30.2 MB/s
2026-05-19 06:39:17,084 DEBUG   343932928 bytes (344 MB) copied, 11.241293 s, 30.6 MB/s
2026-05-19 06:39:17,084 DEBUG   376438784 bytes (376 MB) copied, 12.241979 s, 30.7 MB/s
2026-05-19 06:39:17,084 DEBUG   406847488 bytes (407 MB) copied, 13.288881 s, 30.6 MB/s
2026-05-19 06:39:17,084 DEBUG   442499072 bytes (442 MB) copied, 14.315037 s, 30.9 MB/s
2026-05-19 06:39:17,084 DEBUG   476053504 bytes (476 MB) copied, 15.318974 s, 31.1 MB/s
2026-05-19 06:39:17,084 DEBUG   511705088 bytes (512 MB) copied, 16.361773 s, 31.3 MB/s
2026-05-19 06:39:17,084 DEBUG   542113792 bytes (542 MB) copied, 17.407822 s, 31.1 MB/s
2026-05-19 06:39:17,084 DEBUG   566231040 bytes (566 MB) copied, 18.408781 s, 30.8 MB/s
2026-05-19 06:39:17,084 DEBUG   590348288 bytes (590 MB) copied, 19.504866 s, 30.3 MB/s
2026-05-19 06:39:17,084 DEBUG   621805568 bytes (622 MB) copied, 20.561050 s, 30.2 MB/s
2026-05-19 06:39:17,084 DEBUG   653262848 bytes (653 MB) copied, 21.584797 s, 30.3 MB/s
2026-05-19 06:39:17,084 DEBUG   681574400 bytes (682 MB) copied, 22.598196 s, 30.2 MB/s
2026-05-19 06:39:17,084 DEBUG   710934528 bytes (711 MB) copied, 23.617958 s, 30.1 MB/s
2026-05-19 06:39:17,084 DEBUG   739246080 bytes (739 MB) copied, 24.687001 s, 29.9 MB/s
2026-05-19 06:39:17,085 DEBUG   768606208 bytes (769 MB) copied, 25.722006 s, 29.9 MB/s
2026-05-19 06:39:17,085 DEBUG   794820608 bytes (795 MB) copied, 26.775818 s, 29.7 MB/s
2026-05-19 06:39:17,085 DEBUG   823132160 bytes (823 MB) copied, 27.780788 s, 29.6 MB/s
2026-05-19 06:39:17,085 DEBUG   858783744 bytes (859 MB) copied, 28.791814 s, 29.8 MB/s
2026-05-19 06:39:17,085 DEBUG   890241024 bytes (890 MB) copied, 29.794129 s, 29.9 MB/s
2026-05-19 06:39:17,085 DEBUG   924844032 bytes (925 MB) copied, 30.842825 s, 30.0 MB/s
2026-05-19 06:39:17,085 DEBUG   951058432 bytes (951 MB) copied, 31.854794 s, 29.9 MB/s
2026-05-19 06:39:17,085 DEBUG   984612864 bytes (985 MB) copied, 32.856793 s, 30.0 MB/s
2026-05-19 06:39:17,085 DEBUG   1013972992 bytes (1.0 GB) copied, 33.871892 s, 29.9 MB/s
2026-05-19 06:39:17,085 DEBUG   1047527424 bytes (1.0 GB) copied, 34.918815 s, 30.0 MB/s
2026-05-19 06:39:17,085 DEBUG   1024+0 records in
2026-05-19 06:39:17,085 DEBUG   1024+0 records out
2026-05-19 06:39:17,085 DEBUG   1073741824 bytes (1.1 GB) copied, 35.8809 s, 29.9 MB/s
2026-05-19 06:39:17,085 DEBUG   OK (disk op exit 0)
2026-05-19 06:39:17,085 WARNING Guest disk op wall 37.8s (vm='ahv_ins_delete-0-260514-185234' ip=10.114.48.217 op=create ec=0) — includes SSH + guest disk command; if still high, check guest disk throughput vs. MiB settings.
2026-05-19 06:39:17,088 DEBUG [79/566] VM bae249de… (ahv_ins_delete-0-260514-190402) via 10.114.50.102 op=create
2026-05-19 06:39:17,088 DEBUG   remote: bash -lc 'set -e; _bs(){ printf '"'"'BULK_SNAP_T %s %s\n'"'"' "$1" "$(date +%s.%N 2>/dev/null || date +%s)"; }; _bs guest_start; _bs pipeline_start; openssl enc -aes-256-ctr -pass pass:"testing" -nosalt < /dev/zero 2>/dev/null | dd of=/root/dummy_snapshot_data_1.img bs=1M count=1024 iflag=fullblock status=progress; ec=$?; _bs pipeline_done; _bs guest_end; exit $ec'
2026-05-19 06:39:18,080 DEBUG   BULK_SNAP_T guest_start 1779140317.991564655
2026-05-19 06:39:18,080 DEBUG   BULK_SNAP_T pipeline_start 1779140318.000332018
2026-05-19 06:39:18,080 DEBUG   BULK_SNAP_T pipeline_done 1779140354.615142649
2026-05-19 06:39:18,080 DEBUG   BULK_SNAP_T guest_end 1779140354.616809354
2026-05-19 06:39:18,080 DEBUG   
2026-05-19 06:39:18,080 DEBUG   31457280 bytes (31 MB) copied, 1.000242 s, 31.4 MB/s
2026-05-19 06:39:18,080 DEBUG   60817408 bytes (61 MB) copied, 2.053632 s, 29.6 MB/s
2026-05-19 06:39:18,081 DEBUG   93323264 bytes (93 MB) copied, 3.080882 s, 30.3 MB/s
2026-05-19 06:39:18,081 DEBUG   121634816 bytes (122 MB) copied, 4.172544 s, 29.2 MB/s
2026-05-19 06:39:18,081 DEBUG   152043520 bytes (152 MB) copied, 5.221535 s, 29.1 MB/s
2026-05-19 06:39:18,081 DEBUG   184549376 bytes (185 MB) copied, 6.292531 s, 29.3 MB/s
2026-05-19 06:39:18,081 DEBUG   213909504 bytes (214 MB) copied, 7.298486 s, 29.3 MB/s
2026-05-19 06:39:18,081 DEBUG   244318208 bytes (244 MB) copied, 8.306737 s, 29.4 MB/s
2026-05-19 06:39:18,081 DEBUG   274726912 bytes (275 MB) copied, 9.338473 s, 29.4 MB/s
2026-05-19 06:39:18,081 DEBUG   306184192 bytes (306 MB) copied, 10.398481 s, 29.4 MB/s
2026-05-19 06:39:18,081 DEBUG   336592896 bytes (337 MB) copied, 11.421937 s, 29.5 MB/s
2026-05-19 06:39:18,081 DEBUG   365953024 bytes (366 MB) copied, 12.426482 s, 29.4 MB/s
2026-05-19 06:39:18,081 DEBUG   399507456 bytes (400 MB) copied, 13.477488 s, 29.6 MB/s
2026-05-19 06:39:18,081 DEBUG   432013312 bytes (432 MB) copied, 14.490712 s, 29.8 MB/s
2026-05-19 06:39:18,081 DEBUG   465567744 bytes (466 MB) copied, 15.537480 s, 30.0 MB/s
2026-05-19 06:39:18,081 DEBUG   501219328 bytes (501 MB) copied, 16.579502 s, 30.2 MB/s
2026-05-19 06:39:18,081 DEBUG   525336576 bytes (525 MB) copied, 17.595687 s, 29.9 MB/s
2026-05-19 06:39:18,081 DEBUG   548405248 bytes (548 MB) copied, 18.616561 s, 29.5 MB/s
2026-05-19 06:39:18,081 DEBUG   575668224 bytes (576 MB) copied, 19.621468 s, 29.3 MB/s
2026-05-19 06:39:18,081 DEBUG   610271232 bytes (610 MB) copied, 20.631796 s, 29.6 MB/s
2026-05-19 06:39:18,081 DEBUG   642777088 bytes (643 MB) copied, 21.691470 s, 29.6 MB/s
2026-05-19 06:39:18,081 DEBUG   672137216 bytes (672 MB) copied, 22.713505 s, 29.6 MB/s
2026-05-19 06:39:18,081 DEBUG   696254464 bytes (696 MB) copied, 23.730468 s, 29.3 MB/s
2026-05-19 06:39:18,081 DEBUG   724566016 bytes (725 MB) copied, 24.745461 s, 29.3 MB/s
2026-05-19 06:39:18,081 DEBUG   748683264 bytes (749 MB) copied, 25.750502 s, 29.1 MB/s
2026-05-19 06:39:18,081 DEBUG   775946240 bytes (776 MB) copied, 26.793434 s, 29.0 MB/s
2026-05-19 06:39:18,081 DEBUG   807403520 bytes (807 MB) copied, 27.829730 s, 29.0 MB/s
2026-05-19 06:39:18,081 DEBUG   836763648 bytes (837 MB) copied, 28.832451 s, 29.0 MB/s
2026-05-19 06:39:18,081 DEBUG   871366656 bytes (871 MB) copied, 29.849299 s, 29.2 MB/s
2026-05-19 06:39:18,081 DEBUG   899678208 bytes (900 MB) copied, 30.865458 s, 29.1 MB/s
2026-05-19 06:39:18,081 DEBUG   927989760 bytes (928 MB) copied, 31.910537 s, 29.1 MB/s
2026-05-19 06:39:18,081 DEBUG   958398464 bytes (958 MB) copied, 32.910581 s, 29.1 MB/s
2026-05-19 06:39:18,081 DEBUG   988807168 bytes (989 MB) copied, 33.935660 s, 29.1 MB/s
2026-05-19 06:39:18,081 DEBUG   1017118720 bytes (1.0 GB) copied, 34.938427 s, 29.1 MB/s
2026-05-19 06:39:18,081 DEBUG   1050673152 bytes (1.1 GB) copied, 35.941437 s, 29.2 MB/s
2026-05-19 06:39:18,081 DEBUG   1024+0 records in
2026-05-19 06:39:18,081 DEBUG   1024+0 records out
2026-05-19 06:39:18,081 DEBUG   1073741824 bytes (1.1 GB) copied, 36.5635 s, 29.4 MB/s
2026-05-19 06:39:18,081 DEBUG   OK (disk op exit 0)
2026-05-19 06:39:18,081 WARNING Guest disk op wall 38.0s (vm='ahv_ins_delete-0-260514-185251' ip=10.114.53.32 op=create ec=0) — includes SSH + guest disk command; if still high, check guest disk throughput vs. MiB settings.
2026-05-19 06:39:18,082 DEBUG [80/566] VM db157941… (ahv_ins_delete-0-260514-190412) via 10.114.51.146 op=create
2026-05-19 06:39:18,082 DEBUG   remote: bash -lc 'set -e; _bs(){ printf '"'"'BULK_SNAP_T %s %s\n'"'"' "$1" "$(date +%s.%N 2>/dev/null || date +%s)"; }; _bs guest_start; _bs pipeline_start; openssl enc -aes-256-ctr -pass pass:"testing" -nosalt < /dev/zero 2>/dev/null | dd of=/root/dummy_snapshot_data_1.img bs=1M count=1024 iflag=fullblock status=progress; ec=$?; _bs pipeline_done; _bs guest_end; exit $ec'
2026-05-19 06:39:28,085 DEBUG   BULK_SNAP_T guest_start 1779140329.224444385
2026-05-19 06:39:28,085 DEBUG   BULK_SNAP_T pipeline_start 1779140329.226700852
2026-05-19 06:39:28,085 DEBUG   BULK_SNAP_T pipeline_done 1779140364.902007897
2026-05-19 06:39:28,085 DEBUG   BULK_SNAP_T guest_end 1779140364.907142900
2026-05-19 06:39:28,085 DEBUG   
2026-05-19 06:39:28,085 DEBUG   33554432 bytes (34 MB) copied, 1.010914 s, 33.2 MB/s
2026-05-19 06:39:28,086 DEBUG   65011712 bytes (65 MB) copied, 2.024821 s, 32.1 MB/s
2026-05-19 06:39:28,086 DEBUG   97517568 bytes (98 MB) copied, 3.028832 s, 32.2 MB/s
2026-05-19 06:39:28,086 DEBUG   128974848 bytes (129 MB) copied, 4.040845 s, 31.9 MB/s
2026-05-19 06:39:28,086 DEBUG   156237824 bytes (156 MB) copied, 5.048802 s, 30.9 MB/s
2026-05-19 06:39:28,086 DEBUG   184549376 bytes (185 MB) copied, 6.063081 s, 30.4 MB/s
2026-05-19 06:39:28,086 DEBUG   209715200 bytes (210 MB) copied, 7.086806 s, 29.6 MB/s
2026-05-19 06:39:28,086 DEBUG   231735296 bytes (232 MB) copied, 8.090745 s, 28.6 MB/s
2026-05-19 06:39:28,086 DEBUG   261095424 bytes (261 MB) copied, 9.097826 s, 28.7 MB/s
2026-05-19 06:39:28,086 DEBUG   291504128 bytes (292 MB) copied, 10.100925 s, 28.9 MB/s
2026-05-19 06:39:28,086 DEBUG   321912832 bytes (322 MB) copied, 11.128759 s, 28.9 MB/s
2026-05-19 06:39:28,086 DEBUG   354418688 bytes (354 MB) copied, 12.147834 s, 29.2 MB/s
2026-05-19 06:39:28,086 DEBUG   379584512 bytes (380 MB) copied, 13.152824 s, 28.9 MB/s
2026-05-19 06:39:28,086 DEBUG   411041792 bytes (411 MB) copied, 14.159276 s, 29.0 MB/s
2026-05-19 06:39:28,086 DEBUG   434110464 bytes (434 MB) copied, 15.236786 s, 28.5 MB/s
2026-05-19 06:39:28,086 DEBUG   462422016 bytes (462 MB) copied, 16.239815 s, 28.5 MB/s
2026-05-19 06:39:28,086 DEBUG   495976448 bytes (496 MB) copied, 17.263779 s, 28.7 MB/s
2026-05-19 06:39:28,086 DEBUG   525336576 bytes (525 MB) copied, 18.283185 s, 28.7 MB/s
2026-05-19 06:39:28,086 DEBUG   556793856 bytes (557 MB) copied, 19.286797 s, 28.9 MB/s
2026-05-19 06:39:28,086 DEBUG   585105408 bytes (585 MB) copied, 20.324826 s, 28.8 MB/s
2026-05-19 06:39:28,086 DEBUG   618659840 bytes (619 MB) copied, 21.400871 s, 28.9 MB/s
2026-05-19 06:39:28,086 DEBUG   650117120 bytes (650 MB) copied, 22.430747 s, 29.0 MB/s
2026-05-19 06:39:28,086 DEBUG   685768704 bytes (686 MB) copied, 23.464886 s, 29.2 MB/s
2026-05-19 06:39:28,086 DEBUG   714080256 bytes (714 MB) copied, 24.497747 s, 29.1 MB/s
2026-05-19 06:39:28,086 DEBUG   750780416 bytes (751 MB) copied, 25.506833 s, 29.4 MB/s
2026-05-19 06:39:28,086 DEBUG   784334848 bytes (784 MB) copied, 26.541836 s, 29.6 MB/s
2026-05-19 06:39:28,086 DEBUG   817889280 bytes (818 MB) copied, 27.575929 s, 29.7 MB/s
2026-05-19 06:39:28,086 DEBUG   849346560 bytes (849 MB) copied, 28.581771 s, 29.7 MB/s
2026-05-19 06:39:28,086 DEBUG   881852416 bytes (882 MB) copied, 29.617871 s, 29.8 MB/s
2026-05-19 06:39:28,086 DEBUG   915406848 bytes (915 MB) copied, 30.639818 s, 29.9 MB/s
2026-05-19 06:39:28,086 DEBUG   943718400 bytes (944 MB) copied, 31.648082 s, 29.8 MB/s
2026-05-19 06:39:28,086 DEBUG   977272832 bytes (977 MB) copied, 32.690825 s, 29.9 MB/s
2026-05-19 06:39:28,086 DEBUG   1012924416 bytes (1.0 GB) copied, 33.725792 s, 30.0 MB/s
2026-05-19 06:39:28,086 DEBUG   1046478848 bytes (1.0 GB) copied, 34.747861 s, 30.1 MB/s
2026-05-19 06:39:28,086 DEBUG   1024+0 records in
2026-05-19 06:39:28,086 DEBUG   1024+0 records out
2026-05-19 06:39:28,086 DEBUG   1073741824 bytes (1.1 GB) copied, 35.6062 s, 30.2 MB/s
2026-05-19 06:39:28,086 DEBUG   OK (disk op exit 0)
2026-05-19 06:39:28,086 WARNING Guest disk op wall 37.0s (vm='ahv_ins_delete-0-260514-185802' ip=10.114.50.70 op=create ec=0) — includes SSH + guest disk command; if still high, check guest disk throughput vs. MiB settings.
2026-05-19 06:39:28,087 DEBUG [81/566] VM 99a5ef9e… (ahv_ins_delete-0-260514-190937) via 10.114.48.23 op=create
2026-05-19 06:39:28,087 DEBUG   remote: bash -lc 'set -e; _bs(){ printf '"'"'BULK_SNAP_T %s %s\n'"'"' "$1" "$(date +%s.%N 2>/dev/null || date +%s)"; }; _bs guest_start; _bs pipeline_start; openssl enc -aes-256-ctr -pass pass:"testing" -nosalt < /dev/zero 2>/dev/null | dd of=/root/dummy_snapshot_data_1.img bs=1M count=1024 iflag=fullblock status=progress; ec=$?; _bs pipeline_done; _bs guest_end; exit $ec'
2026-05-19 06:39:33,092 DEBUG   BULK_SNAP_T guest_start 1779140334.670969406
2026-05-19 06:39:33,092 DEBUG   BULK_SNAP_T pipeline_start 1779140334.676183172
2026-05-19 06:39:33,092 DEBUG   BULK_SNAP_T pipeline_done 1779140369.231307340
2026-05-19 06:39:33,092 DEBUG   BULK_SNAP_T guest_end 1779140369.234553337
2026-05-19 06:39:33,092 DEBUG   
2026-05-19 06:39:33,092 DEBUG   23068672 bytes (23 MB) copied, 1.039864 s, 22.2 MB/s
2026-05-19 06:39:33,092 DEBUG   48234496 bytes (48 MB) copied, 2.060906 s, 23.4 MB/s
2026-05-19 06:39:33,092 DEBUG   80740352 bytes (81 MB) copied, 3.073370 s, 26.3 MB/s
2026-05-19 06:39:33,092 DEBUG   113246208 bytes (113 MB) copied, 4.102373 s, 27.6 MB/s
2026-05-19 06:39:33,092 DEBUG   145752064 bytes (146 MB) copied, 5.117919 s, 28.5 MB/s
2026-05-19 06:39:33,092 DEBUG   176160768 bytes (176 MB) copied, 6.126889 s, 28.8 MB/s
2026-05-19 06:39:33,092 DEBUG   201326592 bytes (201 MB) copied, 7.157924 s, 28.1 MB/s
2026-05-19 06:39:33,092 DEBUG   230686720 bytes (231 MB) copied, 8.173888 s, 28.2 MB/s
2026-05-19 06:39:33,092 DEBUG   256901120 bytes (257 MB) copied, 9.226899 s, 27.8 MB/s
2026-05-19 06:39:33,092 DEBUG   287309824 bytes (287 MB) copied, 10.244940 s, 28.0 MB/s
2026-05-19 06:39:33,092 DEBUG   324009984 bytes (324 MB) copied, 11.269954 s, 28.7 MB/s
2026-05-19 06:39:33,092 DEBUG   353370112 bytes (353 MB) copied, 12.285890 s, 28.8 MB/s
2026-05-19 06:39:33,092 DEBUG   381681664 bytes (382 MB) copied, 13.352982 s, 28.6 MB/s
2026-05-19 06:39:33,092 DEBUG   412090368 bytes (412 MB) copied, 14.360905 s, 28.7 MB/s
2026-05-19 06:39:33,092 DEBUG   444596224 bytes (445 MB) copied, 15.384949 s, 28.9 MB/s
2026-05-19 06:39:33,092 DEBUG   473956352 bytes (474 MB) copied, 16.392439 s, 28.9 MB/s
2026-05-19 06:39:33,092 DEBUG   507510784 bytes (508 MB) copied, 17.393106 s, 29.2 MB/s
2026-05-19 06:39:33,092 DEBUG   541065216 bytes (541 MB) copied, 18.419065 s, 29.4 MB/s
2026-05-19 06:39:33,092 DEBUG   583008256 bytes (583 MB) copied, 19.441317 s, 30.0 MB/s
2026-05-19 06:39:33,092 DEBUG   611319808 bytes (611 MB) copied, 20.444253 s, 29.9 MB/s
2026-05-19 06:39:33,092 DEBUG   648019968 bytes (648 MB) copied, 21.445891 s, 30.2 MB/s
2026-05-19 06:39:33,092 DEBUG   683671552 bytes (684 MB) copied, 22.469890 s, 30.4 MB/s
2026-05-19 06:39:33,092 DEBUG   713031680 bytes (713 MB) copied, 23.516969 s, 30.3 MB/s
2026-05-19 06:39:33,092 DEBUG   745537536 bytes (746 MB) copied, 24.540961 s, 30.4 MB/s
2026-05-19 06:39:33,092 DEBUG   767557632 bytes (768 MB) copied, 25.587994 s, 30.0 MB/s
2026-05-19 06:39:33,092 DEBUG   802160640 bytes (802 MB) copied, 26.618891 s, 30.1 MB/s
2026-05-19 06:39:33,092 DEBUG   836763648 bytes (837 MB) copied, 27.635896 s, 30.3 MB/s
2026-05-19 06:39:33,093 DEBUG   875560960 bytes (876 MB) copied, 28.682873 s, 30.5 MB/s
2026-05-19 06:39:33,093 DEBUG   910163968 bytes (910 MB) copied, 29.719893 s, 30.6 MB/s
2026-05-19 06:39:33,093 DEBUG   950009856 bytes (950 MB) copied, 30.732975 s, 30.9 MB/s
2026-05-19 06:39:33,093 DEBUG   984612864 bytes (985 MB) copied, 31.768920 s, 31.0 MB/s
2026-05-19 06:39:33,093 DEBUG   1018167296 bytes (1.0 GB) copied, 32.774108 s, 31.1 MB/s
2026-05-19 06:39:33,093 DEBUG   1051721728 bytes (1.1 GB) copied, 33.834069 s, 31.1 MB/s
2026-05-19 06:39:33,093 DEBUG   1024+0 records in
2026-05-19 06:39:33,093 DEBUG   1024+0 records out
2026-05-19 06:39:33,093 DEBUG   1073741824 bytes (1.1 GB) copied, 34.434 s, 31.2 MB/s
2026-05-19 06:39:33,093 DEBUG   OK (disk op exit 0)
2026-05-19 06:39:33,093 WARNING Guest disk op wall 35.8s (vm='ahv_ins_delete-0-260514-185803' ip=10.114.48.12 op=create ec=0) — includes SSH + guest disk command; if still high, check guest disk throughput vs. MiB settings.
2026-05-19 06:39:33,093 DEBUG [82/566] VM 37098924… (ahv_ins_delete-0-260514-190940) via 10.114.52.180 op=create
2026-05-19 06:39:33,093 DEBUG   remote: bash -lc 'set -e; _bs(){ printf '"'"'BULK_SNAP_T %s %s\n'"'"' "$1" "$(date +%s.%N 2>/dev/null || date +%s)"; }; _bs guest_start; _bs pipeline_start; openssl enc -aes-256-ctr -pass pass:"testing" -nosalt < /dev/zero 2>/dev/null | dd of=/root/dummy_snapshot_data_1.img bs=1M count=1024 iflag=fullblock status=progress; ec=$?; _bs pipeline_done; _bs guest_end; exit $ec'
2026-05-19 06:39:36,843 DEBUG   BULK_SNAP_T guest_start 1779140339.182311736
2026-05-19 06:39:36,844 DEBUG   BULK_SNAP_T pipeline_start 1779140339.186031626
2026-05-19 06:39:36,844 DEBUG   BULK_SNAP_T pipeline_done 1779140373.550167037
2026-05-19 06:39:36,844 DEBUG   BULK_SNAP_T guest_end 1779140373.554806225
2026-05-19 06:39:36,844 DEBUG   
2026-05-19 06:39:36,844 DEBUG   28311552 bytes (28 MB) copied, 1.003581 s, 28.2 MB/s
2026-05-19 06:39:36,844 DEBUG   59768832 bytes (60 MB) copied, 2.007470 s, 29.8 MB/s
2026-05-19 06:39:36,844 DEBUG   82837504 bytes (83 MB) copied, 3.010377 s, 27.5 MB/s
2026-05-19 06:39:36,844 DEBUG   109051904 bytes (109 MB) copied, 4.053438 s, 26.9 MB/s
2026-05-19 06:39:36,844 DEBUG   132120576 bytes (132 MB) copied, 5.085481 s, 26.0 MB/s
2026-05-19 06:39:36,844 DEBUG   161480704 bytes (161 MB) copied, 6.086101 s, 26.5 MB/s
2026-05-19 06:39:36,844 DEBUG   193986560 bytes (194 MB) copied, 7.095748 s, 27.3 MB/s
2026-05-19 06:39:36,844 DEBUG   223346688 bytes (223 MB) copied, 8.118501 s, 27.5 MB/s
2026-05-19 06:39:36,844 DEBUG   250609664 bytes (251 MB) copied, 9.152659 s, 27.4 MB/s
2026-05-19 06:39:36,844 DEBUG   279969792 bytes (280 MB) copied, 10.153086 s, 27.6 MB/s
2026-05-19 06:39:36,844 DEBUG   310378496 bytes (310 MB) copied, 11.176451 s, 27.8 MB/s
2026-05-19 06:39:36,844 DEBUG   347078656 bytes (347 MB) copied, 12.224451 s, 28.4 MB/s
2026-05-19 06:39:36,844 DEBUG   379584512 bytes (380 MB) copied, 13.245442 s, 28.7 MB/s
2026-05-19 06:39:36,844 DEBUG   405798912 bytes (406 MB) copied, 14.277399 s, 28.4 MB/s
2026-05-19 06:39:36,844 DEBUG   439353344 bytes (439 MB) copied, 15.279604 s, 28.8 MB/s
2026-05-19 06:39:36,844 DEBUG   473956352 bytes (474 MB) copied, 16.284636 s, 29.1 MB/s
2026-05-19 06:39:36,844 DEBUG   503316480 bytes (503 MB) copied, 17.290634 s, 29.1 MB/s
2026-05-19 06:39:36,844 DEBUG   534773760 bytes (535 MB) copied, 18.325490 s, 29.2 MB/s
2026-05-19 06:39:36,844 DEBUG   565182464 bytes (565 MB) copied, 19.335414 s, 29.2 MB/s
2026-05-19 06:39:36,844 DEBUG   599785472 bytes (600 MB) copied, 20.356470 s, 29.5 MB/s
2026-05-19 06:39:36,844 DEBUG   627048448 bytes (627 MB) copied, 21.370451 s, 29.3 MB/s
2026-05-19 06:39:36,844 DEBUG   661651456 bytes (662 MB) copied, 22.397515 s, 29.5 MB/s
2026-05-19 06:39:36,844 DEBUG   700448768 bytes (700 MB) copied, 23.401518 s, 29.9 MB/s
2026-05-19 06:39:36,844 DEBUG   734003200 bytes (734 MB) copied, 24.412479 s, 30.1 MB/s
2026-05-19 06:39:36,844 DEBUG   769654784 bytes (770 MB) copied, 25.439474 s, 30.3 MB/s
2026-05-19 06:39:36,844 DEBUG   804257792 bytes (804 MB) copied, 26.485465 s, 30.4 MB/s
2026-05-19 06:39:36,844 DEBUG   839909376 bytes (840 MB) copied, 27.516418 s, 30.5 MB/s
2026-05-19 06:39:36,844 DEBUG   874512384 bytes (875 MB) copied, 28.528525 s, 30.7 MB/s
2026-05-19 06:39:36,844 DEBUG   915406848 bytes (915 MB) copied, 29.539434 s, 31.0 MB/s
2026-05-19 06:39:36,844 DEBUG   946864128 bytes (947 MB) copied, 30.559432 s, 31.0 MB/s
2026-05-19 06:39:36,844 DEBUG   987758592 bytes (988 MB) copied, 31.574767 s, 31.3 MB/s
2026-05-19 06:39:36,844 DEBUG   1024458752 bytes (1.0 GB) copied, 32.577372 s, 31.4 MB/s
2026-05-19 06:39:36,844 DEBUG   1056964608 bytes (1.1 GB) copied, 33.578477 s, 31.5 MB/s
2026-05-19 06:39:36,844 DEBUG   1024+0 records in
2026-05-19 06:39:36,844 DEBUG   1024+0 records out
2026-05-19 06:39:36,844 DEBUG   1073741824 bytes (1.1 GB) copied, 34.2754 s, 31.3 MB/s
2026-05-19 06:39:36,844 DEBUG   OK (disk op exit 0)
2026-05-19 06:39:36,845 WARNING Guest disk op wall 35.8s (vm='ahv_ins_delete-0-260514-185807' ip=10.114.53.71 op=create ec=0) — includes SSH + guest disk command; if still high, check guest disk throughput vs. MiB settings.
2026-05-19 06:39:36,845 DEBUG [83/566] VM a3c6d26c… (ahv_ins_delete-0-260514-190944) via 10.114.52.230 op=create
2026-05-19 06:39:36,845 DEBUG   remote: bash -lc 'set -e; _bs(){ printf '"'"'BULK_SNAP_T %s %s\n'"'"' "$1" "$(date +%s.%N 2>/dev/null || date +%s)"; }; _bs guest_start; _bs pipeline_start; openssl enc -aes-256-ctr -pass pass:"testing" -nosalt < /dev/zero 2>/dev/null | dd of=/root/dummy_snapshot_data_1.img bs=1M count=1024 iflag=fullblock status=progress; ec=$?; _bs pipeline_done; _bs guest_end; exit $ec'
2026-05-19 06:39:39,594 DEBUG   BULK_SNAP_T guest_start 1779140341.943597646
2026-05-19 06:39:39,594 DEBUG   BULK_SNAP_T pipeline_start 1779140341.949592515
2026-05-19 06:39:39,594 DEBUG   BULK_SNAP_T pipeline_done 1779140376.219814798
2026-05-19 06:39:39,594 DEBUG   BULK_SNAP_T guest_end 1779140376.227024847
2026-05-19 06:39:39,594 DEBUG   
2026-05-19 06:39:39,594 DEBUG   28311552 bytes (28 MB) copied, 1.000767 s, 28.3 MB/s
2026-05-19 06:39:39,594 DEBUG   54525952 bytes (55 MB) copied, 2.010618 s, 27.1 MB/s
2026-05-19 06:39:39,594 DEBUG   80740352 bytes (81 MB) copied, 3.095599 s, 26.1 MB/s
2026-05-19 06:39:39,594 DEBUG   115343360 bytes (115 MB) copied, 4.096596 s, 28.2 MB/s
2026-05-19 06:39:39,594 DEBUG   145752064 bytes (146 MB) copied, 5.125591 s, 28.4 MB/s
2026-05-19 06:39:39,594 DEBUG   181403648 bytes (181 MB) copied, 6.133072 s, 29.6 MB/s
2026-05-19 06:39:39,594 DEBUG   206569472 bytes (207 MB) copied, 7.158613 s, 28.9 MB/s
2026-05-19 06:39:39,594 DEBUG   240123904 bytes (240 MB) copied, 8.175939 s, 29.4 MB/s
2026-05-19 06:39:39,595 DEBUG   272629760 bytes (273 MB) copied, 9.192627 s, 29.7 MB/s
2026-05-19 06:39:39,595 DEBUG   307232768 bytes (307 MB) copied, 10.227592 s, 30.0 MB/s
2026-05-19 06:39:39,595 DEBUG   333447168 bytes (333 MB) copied, 11.251744 s, 29.6 MB/s
2026-05-19 06:39:39,595 DEBUG   373293056 bytes (373 MB) copied, 12.258612 s, 30.5 MB/s
2026-05-19 06:39:39,595 DEBUG   406847488 bytes (407 MB) copied, 13.259626 s, 30.7 MB/s
2026-05-19 06:39:39,595 DEBUG   438304768 bytes (438 MB) copied, 14.275817 s, 30.7 MB/s
2026-05-19 06:39:39,595 DEBUG   470810624 bytes (471 MB) copied, 15.284602 s, 30.8 MB/s
2026-05-19 06:39:39,595 DEBUG   504365056 bytes (504 MB) copied, 16.347618 s, 30.9 MB/s
2026-05-19 06:39:39,595 DEBUG   538968064 bytes (539 MB) copied, 17.360598 s, 31.0 MB/s
2026-05-19 06:39:39,595 DEBUG   567279616 bytes (567 MB) copied, 18.366902 s, 30.9 MB/s
2026-05-19 06:39:39,595 DEBUG   599785472 bytes (600 MB) copied, 19.378561 s, 31.0 MB/s
2026-05-19 06:39:39,595 DEBUG   637534208 bytes (638 MB) copied, 20.408692 s, 31.2 MB/s
2026-05-19 06:39:39,595 DEBUG   672137216 bytes (672 MB) copied, 21.428623 s, 31.4 MB/s
2026-05-19 06:39:39,595 DEBUG   706740224 bytes (707 MB) copied, 22.439569 s, 31.5 MB/s
2026-05-19 06:39:39,595 DEBUG   742391808 bytes (742 MB) copied, 23.456574 s, 31.6 MB/s
2026-05-19 06:39:39,595 DEBUG   773849088 bytes (774 MB) copied, 24.482610 s, 31.6 MB/s
2026-05-19 06:39:39,595 DEBUG   806354944 bytes (806 MB) copied, 25.486633 s, 31.6 MB/s
2026-05-19 06:39:39,595 DEBUG   838860800 bytes (839 MB) copied, 26.502636 s, 31.7 MB/s
2026-05-19 06:39:39,595 DEBUG   867172352 bytes (867 MB) copied, 27.528796 s, 31.5 MB/s
2026-05-19 06:39:39,595 DEBUG   897581056 bytes (898 MB) copied, 28.539956 s, 31.4 MB/s
2026-05-19 06:39:39,595 DEBUG   932184064 bytes (932 MB) copied, 29.557614 s, 31.5 MB/s
2026-05-19 06:39:39,595 DEBUG   966787072 bytes (967 MB) copied, 30.603563 s, 31.6 MB/s
2026-05-19 06:39:39,595 DEBUG   995098624 bytes (995 MB) copied, 31.610639 s, 31.5 MB/s
2026-05-19 06:39:39,595 DEBUG   1025507328 bytes (1.0 GB) copied, 32.619944 s, 31.4 MB/s
2026-05-19 06:39:39,595 DEBUG   1055916032 bytes (1.1 GB) copied, 33.631721 s, 31.4 MB/s
2026-05-19 06:39:39,595 DEBUG   1024+0 records in
2026-05-19 06:39:39,595 DEBUG   1024+0 records out
2026-05-19 06:39:39,595 DEBUG   1073741824 bytes (1.1 GB) copied, 34.1707 s, 31.4 MB/s
2026-05-19 06:39:39,595 DEBUG   OK (disk op exit 0)
2026-05-19 06:39:39,595 WARNING Guest disk op wall 35.8s (vm='ahv_ins_delete-0-260514-185838' ip=10.114.49.137 op=create ec=0) — includes SSH + guest disk command; if still high, check guest disk throughput vs. MiB settings.
2026-05-19 06:39:39,596 DEBUG [84/566] VM c2251f5c… (ahv_ins_delete-0-260514-190948) via 10.114.48.128 op=create
2026-05-19 06:39:39,596 DEBUG   remote: bash -lc 'set -e; _bs(){ printf '"'"'BULK_SNAP_T %s %s\n'"'"' "$1" "$(date +%s.%N 2>/dev/null || date +%s)"; }; _bs guest_start; _bs pipeline_start; openssl enc -aes-256-ctr -pass pass:"testing" -nosalt < /dev/zero 2>/dev/null | dd of=/root/dummy_snapshot_data_1.img bs=1M count=1024 iflag=fullblock status=progress; ec=$?; _bs pipeline_done; _bs guest_end; exit $ec'
2026-05-19 06:39:43,346 DEBUG   BULK_SNAP_T guest_start 1779140346.453553389
2026-05-19 06:39:43,346 DEBUG   BULK_SNAP_T pipeline_start 1779140346.457367112
2026-05-19 06:39:43,346 DEBUG   BULK_SNAP_T pipeline_done 1779140379.854958492
2026-05-19 06:39:43,346 DEBUG   BULK_SNAP_T guest_end 1779140379.860456024
2026-05-19 06:39:43,346 DEBUG   
2026-05-19 06:39:43,346 DEBUG   24117248 bytes (24 MB) copied, 1.032116 s, 23.4 MB/s
2026-05-19 06:39:43,346 DEBUG   54525952 bytes (55 MB) copied, 2.088861 s, 26.1 MB/s
2026-05-19 06:39:43,346 DEBUG   83886080 bytes (84 MB) copied, 3.093946 s, 27.1 MB/s
2026-05-19 06:39:43,346 DEBUG   114294784 bytes (114 MB) copied, 4.105015 s, 27.8 MB/s
2026-05-19 06:39:43,346 DEBUG   144703488 bytes (145 MB) copied, 5.136953 s, 28.2 MB/s
2026-05-19 06:39:43,346 DEBUG   175112192 bytes (175 MB) copied, 6.169903 s, 28.4 MB/s
2026-05-19 06:39:43,346 DEBUG   206569472 bytes (207 MB) copied, 7.185860 s, 28.7 MB/s
2026-05-19 06:39:43,346 DEBUG   242221056 bytes (242 MB) copied, 8.194928 s, 29.6 MB/s
2026-05-19 06:39:43,346 DEBUG   274726912 bytes (275 MB) copied, 9.231063 s, 29.8 MB/s
2026-05-19 06:39:43,346 DEBUG   313524224 bytes (314 MB) copied, 10.295915 s, 30.5 MB/s
2026-05-19 06:39:43,346 DEBUG   346030080 bytes (346 MB) copied, 11.316271 s, 30.6 MB/s
2026-05-19 06:39:43,346 DEBUG   381681664 bytes (382 MB) copied, 12.377886 s, 30.8 MB/s
2026-05-19 06:39:43,346 DEBUG   418381824 bytes (418 MB) copied, 13.477200 s, 31.0 MB/s
2026-05-19 06:39:43,346 DEBUG   450887680 bytes (451 MB) copied, 14.494355 s, 31.1 MB/s
2026-05-19 06:39:43,347 DEBUG   484442112 bytes (484 MB) copied, 15.519873 s, 31.2 MB/s
2026-05-19 06:39:43,347 DEBUG   514850816 bytes (515 MB) copied, 16.529871 s, 31.1 MB/s
2026-05-19 06:39:43,347 DEBUG   550502400 bytes (551 MB) copied, 17.572895 s, 31.3 MB/s
2026-05-19 06:39:43,347 DEBUG   590348288 bytes (590 MB) copied, 18.616870 s, 31.7 MB/s
2026-05-19 06:39:43,347 DEBUG   627048448 bytes (627 MB) copied, 19.621954 s, 32.0 MB/s
2026-05-19 06:39:43,347 DEBUG   658505728 bytes (659 MB) copied, 20.639887 s, 31.9 MB/s
2026-05-19 06:39:43,347 DEBUG   693108736 bytes (693 MB) copied, 21.660084 s, 32.0 MB/s
2026-05-19 06:39:43,347 DEBUG   727711744 bytes (728 MB) copied, 22.663920 s, 32.1 MB/s
2026-05-19 06:39:43,347 DEBUG   760217600 bytes (760 MB) copied, 23.665226 s, 32.1 MB/s
2026-05-19 06:39:43,347 DEBUG   794820608 bytes (795 MB) copied, 24.671879 s, 32.2 MB/s
2026-05-19 06:39:43,347 DEBUG   822083584 bytes (822 MB) copied, 25.686965 s, 32.0 MB/s
2026-05-19 06:39:43,347 DEBUG   853540864 bytes (854 MB) copied, 26.718977 s, 31.9 MB/s
2026-05-19 06:39:43,347 DEBUG   887095296 bytes (887 MB) copied, 27.784954 s, 31.9 MB/s
2026-05-19 06:39:43,347 DEBUG   922746880 bytes (923 MB) copied, 28.822057 s, 32.0 MB/s
2026-05-19 06:39:43,347 DEBUG   957349888 bytes (957 MB) copied, 29.830049 s, 32.1 MB/s
2026-05-19 06:39:43,347 DEBUG   994050048 bytes (994 MB) copied, 30.862234 s, 32.2 MB/s
2026-05-19 06:39:43,347 DEBUG   1028653056 bytes (1.0 GB) copied, 31.888874 s, 32.3 MB/s
2026-05-19 06:39:43,347 DEBUG   1059061760 bytes (1.1 GB) copied, 32.925986 s, 32.2 MB/s
2026-05-19 06:39:43,347 DEBUG   1024+0 records in
2026-05-19 06:39:43,347 DEBUG   1024+0 records out
2026-05-19 06:39:43,347 DEBUG   1073741824 bytes (1.1 GB) copied, 33.2867 s, 32.3 MB/s
2026-05-19 06:39:43,347 DEBUG   OK (disk op exit 0)
2026-05-19 06:39:43,347 WARNING Guest disk op wall 35.0s (vm='ahv_ins_delete-0-260514-185840' ip=10.114.51.247 op=create ec=0) — includes SSH + guest disk command; if still high, check guest disk throughput vs. MiB settings.
2026-05-19 06:39:43,348 DEBUG [85/566] VM e06a3390… (ahv_ins_delete-0-260514-190948) via 10.114.53.0 op=create
2026-05-19 06:39:43,348 DEBUG   remote: bash -lc 'set -e; _bs(){ printf '"'"'BULK_SNAP_T %s %s\n'"'"' "$1" "$(date +%s.%N 2>/dev/null || date +%s)"; }; _bs guest_start; _bs pipeline_start; openssl enc -aes-256-ctr -pass pass:"testing" -nosalt < /dev/zero 2>/dev/null | dd of=/root/dummy_snapshot_data_1.img bs=1M count=1024 iflag=fullblock status=progress; ec=$?; _bs pipeline_done; _bs guest_end; exit $ec'
2026-05-19 06:39:46,352 DEBUG   BULK_SNAP_T guest_start 1779140350.035318658
2026-05-19 06:39:46,352 DEBUG   BULK_SNAP_T pipeline_start 1779140350.037011261
2026-05-19 06:39:46,352 DEBUG   BULK_SNAP_T pipeline_done 1779140382.932018359
2026-05-19 06:39:46,352 DEBUG   BULK_SNAP_T guest_end 1779140382.936008482
2026-05-19 06:39:46,352 DEBUG   
2026-05-19 06:39:46,352 DEBUG   27262976 bytes (27 MB) copied, 1.005856 s, 27.1 MB/s
2026-05-19 06:39:46,352 DEBUG   57671680 bytes (58 MB) copied, 2.012159 s, 28.7 MB/s
2026-05-19 06:39:46,352 DEBUG   89128960 bytes (89 MB) copied, 3.028889 s, 29.4 MB/s
2026-05-19 06:39:46,352 DEBUG   127926272 bytes (128 MB) copied, 4.061857 s, 31.5 MB/s
2026-05-19 06:39:46,352 DEBUG   161480704 bytes (161 MB) copied, 5.079155 s, 31.8 MB/s
2026-05-19 06:39:46,352 DEBUG   191889408 bytes (192 MB) copied, 6.088872 s, 31.5 MB/s
2026-05-19 06:39:46,352 DEBUG   223346688 bytes (223 MB) copied, 7.101880 s, 31.4 MB/s
2026-05-19 06:39:46,352 DEBUG   255852544 bytes (256 MB) copied, 8.108860 s, 31.6 MB/s
2026-05-19 06:39:46,352 DEBUG   288358400 bytes (288 MB) copied, 9.135158 s, 31.6 MB/s
2026-05-19 06:39:46,352 DEBUG   319815680 bytes (320 MB) copied, 10.169917 s, 31.4 MB/s
2026-05-19 06:39:46,352 DEBUG   351272960 bytes (351 MB) copied, 11.175902 s, 31.4 MB/s
2026-05-19 06:39:46,352 DEBUG   385875968 bytes (386 MB) copied, 12.200978 s, 31.6 MB/s
2026-05-19 06:39:46,352 DEBUG   413138944 bytes (413 MB) copied, 13.231087 s, 31.2 MB/s
2026-05-19 06:39:46,353 DEBUG   445644800 bytes (446 MB) copied, 14.239860 s, 31.3 MB/s
2026-05-19 06:39:46,353 DEBUG   484442112 bytes (484 MB) copied, 15.277883 s, 31.7 MB/s
2026-05-19 06:39:46,353 DEBUG   519045120 bytes (519 MB) copied, 16.286174 s, 31.9 MB/s
2026-05-19 06:39:46,353 DEBUG   553648128 bytes (554 MB) copied, 17.305870 s, 32.0 MB/s
2026-05-19 06:39:46,353 DEBUG   585105408 bytes (585 MB) copied, 18.308066 s, 32.0 MB/s
2026-05-19 06:39:46,353 DEBUG   618659840 bytes (619 MB) copied, 19.340929 s, 32.0 MB/s
2026-05-19 06:39:46,353 DEBUG   651165696 bytes (651 MB) copied, 20.350875 s, 32.0 MB/s
2026-05-19 06:39:46,353 DEBUG   686817280 bytes (687 MB) copied, 21.378920 s, 32.1 MB/s
2026-05-19 06:39:46,353 DEBUG   721420288 bytes (721 MB) copied, 22.400893 s, 32.2 MB/s
2026-05-19 06:39:46,353 DEBUG   753926144 bytes (754 MB) copied, 23.440855 s, 32.2 MB/s
2026-05-19 06:39:46,353 DEBUG   793772032 bytes (794 MB) copied, 24.463973 s, 32.4 MB/s
2026-05-19 06:39:46,353 DEBUG   826277888 bytes (826 MB) copied, 25.487076 s, 32.4 MB/s
2026-05-19 06:39:46,353 DEBUG   859832320 bytes (860 MB) copied, 26.507959 s, 32.4 MB/s
2026-05-19 06:39:46,353 DEBUG   895483904 bytes (895 MB) copied, 27.531987 s, 32.5 MB/s
2026-05-19 06:39:46,353 DEBUG   929038336 bytes (929 MB) copied, 28.534937 s, 32.6 MB/s
2026-05-19 06:39:46,353 DEBUG   964689920 bytes (965 MB) copied, 29.563822 s, 32.6 MB/s
2026-05-19 06:39:46,353 DEBUG   997195776 bytes (997 MB) copied, 30.609859 s, 32.6 MB/s
2026-05-19 06:39:46,353 DEBUG   1031798784 bytes (1.0 GB) copied, 31.613391 s, 32.6 MB/s
2026-05-19 06:39:46,353 DEBUG   1064304640 bytes (1.1 GB) copied, 32.625879 s, 32.6 MB/s
2026-05-19 06:39:46,353 DEBUG   1024+0 records in
2026-05-19 06:39:46,353 DEBUG   1024+0 records out
2026-05-19 06:39:46,353 DEBUG   1073741824 bytes (1.1 GB) copied, 32.8404 s, 32.7 MB/s
2026-05-19 06:39:46,353 DEBUG   OK (disk op exit 0)
2026-05-19 06:39:46,353 WARNING Guest disk op wall 34.5s (vm='ahv_ins_delete-0-260514-190346' ip=10.114.54.69 op=create ec=0) — includes SSH + guest disk command; if still high, check guest disk throughput vs. MiB settings.
2026-05-19 06:39:46,354 DEBUG [86/566] VM c2609b16… (ahv_ins_delete-0-260514-191505) via 10.114.49.22 op=create
2026-05-19 06:39:46,354 DEBUG   remote: bash -lc 'set -e; _bs(){ printf '"'"'BULK_SNAP_T %s %s\n'"'"' "$1" "$(date +%s.%N 2>/dev/null || date +%s)"; }; _bs guest_start; _bs pipeline_start; openssl enc -aes-256-ctr -pass pass:"testing" -nosalt < /dev/zero 2>/dev/null | dd of=/root/dummy_snapshot_data_1.img bs=1M count=1024 iflag=fullblock status=progress; ec=$?; _bs pipeline_done; _bs guest_end; exit $ec'
2026-05-19 06:39:51,095 DEBUG   BULK_SNAP_T guest_start 1779140354.425496298
2026-05-19 06:39:51,095 DEBUG   BULK_SNAP_T pipeline_start 1779140354.428868766
2026-05-19 06:39:51,095 DEBUG   BULK_SNAP_T pipeline_done 1779140388.039055311
2026-05-19 06:39:51,095 DEBUG   BULK_SNAP_T guest_end 1779140388.047587263
2026-05-19 06:39:51,095 DEBUG   
2026-05-19 06:39:51,095 DEBUG   25165824 bytes (25 MB) copied, 1.001939 s, 25.1 MB/s
2026-05-19 06:39:51,095 DEBUG   36700160 bytes (37 MB) copied, 2.025873 s, 18.1 MB/s
2026-05-19 06:39:51,095 DEBUG   68157440 bytes (68 MB) copied, 3.047978 s, 22.4 MB/s
2026-05-19 06:39:51,095 DEBUG   101711872 bytes (102 MB) copied, 4.091890 s, 24.9 MB/s
2026-05-19 06:39:51,095 DEBUG   135266304 bytes (135 MB) copied, 5.145844 s, 26.3 MB/s
2026-05-19 06:39:51,095 DEBUG   163577856 bytes (164 MB) copied, 6.188945 s, 26.4 MB/s
2026-05-19 06:39:51,095 DEBUG   193986560 bytes (194 MB) copied, 7.199884 s, 26.9 MB/s
2026-05-19 06:39:51,095 DEBUG   226492416 bytes (226 MB) copied, 8.210928 s, 27.6 MB/s
2026-05-19 06:39:51,095 DEBUG   256901120 bytes (257 MB) copied, 9.212229 s, 27.9 MB/s
2026-05-19 06:39:51,095 DEBUG   286261248 bytes (286 MB) copied, 10.237093 s, 28.0 MB/s
2026-05-19 06:39:51,095 DEBUG   322961408 bytes (323 MB) copied, 11.260868 s, 28.7 MB/s
2026-05-19 06:39:51,095 DEBUG   357564416 bytes (358 MB) copied, 12.316872 s, 29.0 MB/s
2026-05-19 06:39:51,095 DEBUG   391118848 bytes (391 MB) copied, 13.325217 s, 29.4 MB/s
2026-05-19 06:39:51,095 DEBUG   423624704 bytes (424 MB) copied, 14.329919 s, 29.6 MB/s
2026-05-19 06:39:51,095 DEBUG   455081984 bytes (455 MB) copied, 15.330520 s, 29.7 MB/s
2026-05-19 06:39:51,095 DEBUG   492830720 bytes (493 MB) copied, 16.351116 s, 30.1 MB/s
2026-05-19 06:39:51,095 DEBUG   525336576 bytes (525 MB) copied, 17.358130 s, 30.3 MB/s
2026-05-19 06:39:51,095 DEBUG   560988160 bytes (561 MB) copied, 18.366903 s, 30.5 MB/s
2026-05-19 06:39:51,095 DEBUG   588251136 bytes (588 MB) copied, 19.401920 s, 30.3 MB/s
2026-05-19 06:39:51,095 DEBUG   627048448 bytes (627 MB) copied, 20.421868 s, 30.7 MB/s
2026-05-19 06:39:51,095 DEBUG   664797184 bytes (665 MB) copied, 21.475842 s, 31.0 MB/s
2026-05-19 06:39:51,095 DEBUG   702545920 bytes (703 MB) copied, 22.490863 s, 31.2 MB/s
2026-05-19 06:39:51,096 DEBUG   737148928 bytes (737 MB) copied, 23.521973 s, 31.3 MB/s
2026-05-19 06:39:51,096 DEBUG   767557632 bytes (768 MB) copied, 24.540893 s, 31.3 MB/s
2026-05-19 06:39:51,096 DEBUG   797966336 bytes (798 MB) copied, 25.543815 s, 31.2 MB/s
2026-05-19 06:39:51,096 DEBUG   830472192 bytes (830 MB) copied, 26.548001 s, 31.3 MB/s
2026-05-19 06:39:51,096 DEBUG   865075200 bytes (865 MB) copied, 27.578895 s, 31.4 MB/s
2026-05-19 06:39:51,096 DEBUG   898629632 bytes (899 MB) copied, 28.608884 s, 31.4 MB/s
2026-05-19 06:39:51,096 DEBUG   936378368 bytes (936 MB) copied, 29.616645 s, 31.6 MB/s
2026-05-19 06:39:51,096 DEBUG   976224256 bytes (976 MB) copied, 30.620911 s, 31.9 MB/s
2026-05-19 06:39:51,096 DEBUG   1012924416 bytes (1.0 GB) copied, 31.634833 s, 32.0 MB/s
2026-05-19 06:39:51,096 DEBUG   1047527424 bytes (1.0 GB) copied, 32.684941 s, 32.0 MB/s
2026-05-19 06:39:51,096 DEBUG   1024+0 records in
2026-05-19 06:39:51,096 DEBUG   1024+0 records out
2026-05-19 06:39:51,096 DEBUG   1073741824 bytes (1.1 GB) copied, 33.5352 s, 32.0 MB/s
2026-05-19 06:39:51,096 DEBUG   OK (disk op exit 0)
2026-05-19 06:39:51,096 WARNING Guest disk op wall 35.3s (vm='ahv_ins_delete-0-260514-190347' ip=10.114.51.63 op=create ec=0) — includes SSH + guest disk command; if still high, check guest disk throughput vs. MiB settings.
2026-05-19 06:39:51,096 DEBUG [87/566] VM f6cbb609… (ahv_ins_delete-0-260514-191510) via 10.114.49.101 op=create
2026-05-19 06:39:51,096 DEBUG   remote: bash -lc 'set -e; _bs(){ printf '"'"'BULK_SNAP_T %s %s\n'"'"' "$1" "$(date +%s.%N 2>/dev/null || date +%s)"; }; _bs guest_start; _bs pipeline_start; openssl enc -aes-256-ctr -pass pass:"testing" -nosalt < /dev/zero 2>/dev/null | dd of=/root/dummy_snapshot_data_1.img bs=1M count=1024 iflag=fullblock status=progress; ec=$?; _bs pipeline_done; _bs guest_end; exit $ec'
2026-05-19 06:39:51,606 DEBUG   BULK_SNAP_T guest_start 1779140355.790583341
2026-05-19 06:39:51,606 DEBUG   BULK_SNAP_T pipeline_start 1779140355.794198940
2026-05-19 06:39:51,606 DEBUG   BULK_SNAP_T pipeline_done 1779140388.917801957
2026-05-19 06:39:51,606 DEBUG   BULK_SNAP_T guest_end 1779140388.919420967
2026-05-19 06:39:51,606 DEBUG   
2026-05-19 06:39:51,607 DEBUG   30408704 bytes (30 MB) copied, 1.001362 s, 30.4 MB/s
2026-05-19 06:39:51,607 DEBUG   62914560 bytes (63 MB) copied, 2.032160 s, 31.0 MB/s
2026-05-19 06:39:51,607 DEBUG   97517568 bytes (98 MB) copied, 3.054490 s, 31.9 MB/s
2026-05-19 06:39:51,607 DEBUG   132120576 bytes (132 MB) copied, 4.084948 s, 32.3 MB/s
2026-05-19 06:39:51,607 DEBUG   160432128 bytes (160 MB) copied, 5.110946 s, 31.4 MB/s
2026-05-19 06:39:51,607 DEBUG   197132288 bytes (197 MB) copied, 6.142031 s, 32.1 MB/s
2026-05-19 06:39:51,607 DEBUG   231735296 bytes (232 MB) copied, 7.188965 s, 32.2 MB/s
2026-05-19 06:39:51,607 DEBUG   256901120 bytes (257 MB) copied, 8.209927 s, 31.3 MB/s
2026-05-19 06:39:51,607 DEBUG   289406976 bytes (289 MB) copied, 9.283897 s, 31.2 MB/s
2026-05-19 06:39:51,607 DEBUG   322961408 bytes (323 MB) copied, 10.283972 s, 31.4 MB/s
2026-05-19 06:39:51,607 DEBUG   357564416 bytes (358 MB) copied, 11.285090 s, 31.7 MB/s
2026-05-19 06:39:51,607 DEBUG   390070272 bytes (390 MB) copied, 12.323996 s, 31.7 MB/s
2026-05-19 06:39:51,607 DEBUG   424673280 bytes (425 MB) copied, 13.349918 s, 31.8 MB/s
2026-05-19 06:39:51,607 DEBUG   456130560 bytes (456 MB) copied, 14.370369 s, 31.7 MB/s
2026-05-19 06:39:51,607 DEBUG   487587840 bytes (488 MB) copied, 15.407993 s, 31.6 MB/s
2026-05-19 06:39:51,607 DEBUG   521142272 bytes (521 MB) copied, 16.415919 s, 31.7 MB/s
2026-05-19 06:39:51,607 DEBUG   556793856 bytes (557 MB) copied, 17.435936 s, 31.9 MB/s
2026-05-19 06:39:51,607 DEBUG   587202560 bytes (587 MB) copied, 18.458002 s, 31.8 MB/s
2026-05-19 06:39:51,607 DEBUG   621805568 bytes (622 MB) copied, 19.465277 s, 31.9 MB/s
2026-05-19 06:39:51,607 DEBUG   655360000 bytes (655 MB) copied, 20.492087 s, 32.0 MB/s
2026-05-19 06:39:51,607 DEBUG   689963008 bytes (690 MB) copied, 21.501902 s, 32.1 MB/s
2026-05-19 06:39:51,607 DEBUG   725614592 bytes (726 MB) copied, 22.502963 s, 32.2 MB/s
2026-05-19 06:39:51,607 DEBUG   763363328 bytes (763 MB) copied, 23.534103 s, 32.4 MB/s
2026-05-19 06:39:51,607 DEBUG   793772032 bytes (794 MB) copied, 24.549100 s, 32.3 MB/s
2026-05-19 06:39:51,607 DEBUG   825229312 bytes (825 MB) copied, 25.589938 s, 32.2 MB/s
2026-05-19 06:39:51,607 DEBUG   860880896 bytes (861 MB) copied, 26.591068 s, 32.4 MB/s
2026-05-19 06:39:51,607 DEBUG   890241024 bytes (890 MB) copied, 27.607952 s, 32.2 MB/s
2026-05-19 06:39:51,607 DEBUG   929038336 bytes (929 MB) copied, 28.639946 s, 32.4 MB/s
2026-05-19 06:39:51,607 DEBUG   959447040 bytes (959 MB) copied, 29.642902 s, 32.4 MB/s
2026-05-19 06:39:51,607 DEBUG   993001472 bytes (993 MB) copied, 30.650946 s, 32.4 MB/s
2026-05-19 06:39:51,607 DEBUG   1028653056 bytes (1.0 GB) copied, 31.671919 s, 32.5 MB/s
2026-05-19 06:39:51,607 DEBUG   1061158912 bytes (1.1 GB) copied, 32.676950 s, 32.5 MB/s
2026-05-19 06:39:51,607 DEBUG   1024+0 records in
2026-05-19 06:39:51,607 DEBUG   1024+0 records out
2026-05-19 06:39:51,607 DEBUG   1073741824 bytes (1.1 GB) copied, 33.002 s, 32.5 MB/s
2026-05-19 06:39:51,607 DEBUG   OK (disk op exit 0)
2026-05-19 06:39:51,607 WARNING Guest disk op wall 34.5s (vm='ahv_ins_delete-0-260514-190402' ip=10.114.50.102 op=create ec=0) — includes SSH + guest disk command; if still high, check guest disk throughput vs. MiB settings.
2026-05-19 06:39:51,608 DEBUG [88/566] VM ca917593… (ahv_ins_delete-0-260514-191520) via 10.114.54.43 op=create
2026-05-19 06:39:51,608 DEBUG   remote: bash -lc 'set -e; _bs(){ printf '"'"'BULK_SNAP_T %s %s\n'"'"' "$1" "$(date +%s.%N 2>/dev/null || date +%s)"; }; _bs guest_start; _bs pipeline_start; openssl enc -aes-256-ctr -pass pass:"testing" -nosalt < /dev/zero 2>/dev/null | dd of=/root/dummy_snapshot_data_1.img bs=1M count=1024 iflag=fullblock status=progress; ec=$?; _bs pipeline_done; _bs guest_end; exit $ec'
2026-05-19 06:39:52,606 DEBUG   BULK_SNAP_T guest_start 1779140355.573163367
2026-05-19 06:39:52,607 DEBUG   BULK_SNAP_T pipeline_start 1779140355.575300447
2026-05-19 06:39:52,607 DEBUG   BULK_SNAP_T pipeline_done 1779140389.518900412
2026-05-19 06:39:52,607 DEBUG   BULK_SNAP_T guest_end 1779140389.524415789
2026-05-19 06:39:52,607 DEBUG   
2026-05-19 06:39:52,607 DEBUG   32505856 bytes (33 MB) copied, 1.014387 s, 32.0 MB/s
2026-05-19 06:39:52,607 DEBUG   65011712 bytes (65 MB) copied, 2.025424 s, 32.1 MB/s
2026-05-19 06:39:52,607 DEBUG   96468992 bytes (96 MB) copied, 3.029550 s, 31.8 MB/s
2026-05-19 06:39:52,607 DEBUG   127926272 bytes (128 MB) copied, 4.036394 s, 31.7 MB/s
2026-05-19 06:39:52,607 DEBUG   154140672 bytes (154 MB) copied, 5.055423 s, 30.5 MB/s
2026-05-19 06:39:52,607 DEBUG   185597952 bytes (186 MB) copied, 6.062373 s, 30.6 MB/s
2026-05-19 06:39:52,607 DEBUG   217055232 bytes (217 MB) copied, 7.079380 s, 30.7 MB/s
2026-05-19 06:39:52,607 DEBUG   249561088 bytes (250 MB) copied, 8.131452 s, 30.7 MB/s
2026-05-19 06:39:52,607 DEBUG   284164096 bytes (284 MB) copied, 9.151398 s, 31.1 MB/s
2026-05-19 06:39:52,607 DEBUG   319815680 bytes (320 MB) copied, 10.196358 s, 31.4 MB/s
2026-05-19 06:39:52,607 DEBUG   356515840 bytes (357 MB) copied, 11.199486 s, 31.8 MB/s
2026-05-19 06:39:52,607 DEBUG   385875968 bytes (386 MB) copied, 12.211402 s, 31.6 MB/s
2026-05-19 06:39:52,607 DEBUG   415236096 bytes (415 MB) copied, 13.220470 s, 31.4 MB/s
2026-05-19 06:39:52,607 DEBUG   444596224 bytes (445 MB) copied, 14.259449 s, 31.2 MB/s
2026-05-19 06:39:52,607 DEBUG   477102080 bytes (477 MB) copied, 15.270434 s, 31.2 MB/s
2026-05-19 06:39:52,607 DEBUG   509607936 bytes (510 MB) copied, 16.297613 s, 31.3 MB/s
2026-05-19 06:39:52,607 DEBUG   542113792 bytes (542 MB) copied, 17.317434 s, 31.3 MB/s
2026-05-19 06:39:52,607 DEBUG   576716800 bytes (577 MB) copied, 18.338417 s, 31.4 MB/s
2026-05-19 06:39:52,607 DEBUG   613416960 bytes (613 MB) copied, 19.339711 s, 31.7 MB/s
2026-05-19 06:39:52,607 DEBUG   643825664 bytes (644 MB) copied, 20.359367 s, 31.6 MB/s
2026-05-19 06:39:52,607 DEBUG   677380096 bytes (677 MB) copied, 21.362381 s, 31.7 MB/s
2026-05-19 06:39:52,607 DEBUG   707788800 bytes (708 MB) copied, 22.382735 s, 31.6 MB/s
2026-05-19 06:39:52,607 DEBUG   740294656 bytes (740 MB) copied, 23.403667 s, 31.6 MB/s
2026-05-19 06:39:52,607 DEBUG   771751936 bytes (772 MB) copied, 24.406783 s, 31.6 MB/s
2026-05-19 06:39:52,607 DEBUG   802160640 bytes (802 MB) copied, 25.436466 s, 31.5 MB/s
2026-05-19 06:39:52,607 DEBUG   835715072 bytes (836 MB) copied, 26.444945 s, 31.6 MB/s
2026-05-19 06:39:52,607 DEBUG   867172352 bytes (867 MB) copied, 27.474398 s, 31.6 MB/s
2026-05-19 06:39:52,607 DEBUG   904921088 bytes (905 MB) copied, 28.503489 s, 31.7 MB/s
2026-05-19 06:39:52,607 DEBUG   937426944 bytes (937 MB) copied, 29.506415 s, 31.8 MB/s
2026-05-19 06:39:52,607 DEBUG   968884224 bytes (969 MB) copied, 30.514386 s, 31.8 MB/s
2026-05-19 06:39:52,607 DEBUG   1001390080 bytes (1.0 GB) copied, 31.560515 s, 31.7 MB/s
2026-05-19 06:39:52,607 DEBUG   1030750208 bytes (1.0 GB) copied, 32.561400 s, 31.7 MB/s
2026-05-19 06:39:52,607 DEBUG   1065353216 bytes (1.1 GB) copied, 33.581558 s, 31.7 MB/s
2026-05-19 06:39:52,607 DEBUG   1024+0 records in
2026-05-19 06:39:52,607 DEBUG   1024+0 records out
2026-05-19 06:39:52,608 DEBUG   1073741824 bytes (1.1 GB) copied, 33.8125 s, 31.8 MB/s
2026-05-19 06:39:52,608 DEBUG   OK (disk op exit 0)
2026-05-19 06:39:52,608 WARNING Guest disk op wall 35.5s (vm='ahv_ins_delete-0-260514-190352' ip=10.114.51.8 op=create ec=0) — includes SSH + guest disk command; if still high, check guest disk throughput vs. MiB settings.
2026-05-19 06:39:52,608 DEBUG [89/566] VM 74313f6f… (ahv_ins_delete-0-260514-191527) via 10.114.49.145 op=create
2026-05-19 06:39:52,608 DEBUG   remote: bash -lc 'set -e; _bs(){ printf '"'"'BULK_SNAP_T %s %s\n'"'"' "$1" "$(date +%s.%N 2>/dev/null || date +%s)"; }; _bs guest_start; _bs pipeline_start; openssl enc -aes-256-ctr -pass pass:"testing" -nosalt < /dev/zero 2>/dev/null | dd of=/root/dummy_snapshot_data_1.img bs=1M count=1024 iflag=fullblock status=progress; ec=$?; _bs pipeline_done; _bs guest_end; exit $ec'
2026-05-19 06:39:53,603 DEBUG   BULK_SNAP_T guest_start 1779140356.490751727
2026-05-19 06:39:53,603 DEBUG   BULK_SNAP_T pipeline_start 1779140356.496786171
2026-05-19 06:39:53,603 DEBUG   BULK_SNAP_T pipeline_done 1779140390.401086967
2026-05-19 06:39:53,603 DEBUG   BULK_SNAP_T guest_end 1779140390.414852147
2026-05-19 06:39:53,603 DEBUG   
2026-05-19 06:39:53,603 DEBUG   32505856 bytes (33 MB) copied, 1.029509 s, 31.6 MB/s
2026-05-19 06:39:53,603 DEBUG   67108864 bytes (67 MB) copied, 2.042508 s, 32.9 MB/s
2026-05-19 06:39:53,603 DEBUG   99614720 bytes (100 MB) copied, 3.061750 s, 32.5 MB/s
2026-05-19 06:39:53,603 DEBUG   122683392 bytes (123 MB) copied, 4.062988 s, 30.2 MB/s
2026-05-19 06:39:53,603 DEBUG   153092096 bytes (153 MB) copied, 5.064467 s, 30.2 MB/s
2026-05-19 06:39:53,603 DEBUG   186646528 bytes (187 MB) copied, 6.100482 s, 30.6 MB/s
2026-05-19 06:39:53,603 DEBUG   214958080 bytes (215 MB) copied, 7.161632 s, 30.0 MB/s
2026-05-19 06:39:53,603 DEBUG   249561088 bytes (250 MB) copied, 8.192500 s, 30.5 MB/s
2026-05-19 06:39:53,603 DEBUG   283115520 bytes (283 MB) copied, 9.206436 s, 30.8 MB/s
2026-05-19 06:39:53,603 DEBUG   316669952 bytes (317 MB) copied, 10.209493 s, 31.0 MB/s
2026-05-19 06:39:53,603 DEBUG   350224384 bytes (350 MB) copied, 11.252535 s, 31.1 MB/s
2026-05-19 06:39:53,604 DEBUG   384827392 bytes (385 MB) copied, 12.274730 s, 31.4 MB/s
2026-05-19 06:39:53,604 DEBUG   414187520 bytes (414 MB) copied, 13.281519 s, 31.2 MB/s
2026-05-19 06:39:53,604 DEBUG   446693376 bytes (447 MB) copied, 14.302660 s, 31.2 MB/s
2026-05-19 06:39:53,604 DEBUG   479199232 bytes (479 MB) copied, 15.305481 s, 31.3 MB/s
2026-05-19 06:39:53,604 DEBUG   511705088 bytes (512 MB) copied, 16.324463 s, 31.3 MB/s
2026-05-19 06:39:53,604 DEBUG   540016640 bytes (540 MB) copied, 17.333546 s, 31.2 MB/s
2026-05-19 06:39:53,604 DEBUG   577765376 bytes (578 MB) copied, 18.366623 s, 31.5 MB/s
2026-05-19 06:39:53,604 DEBUG   609222656 bytes (609 MB) copied, 19.370033 s, 31.5 MB/s
2026-05-19 06:39:53,604 DEBUG   645922816 bytes (646 MB) copied, 20.404496 s, 31.7 MB/s
2026-05-19 06:39:53,604 DEBUG   679477248 bytes (679 MB) copied, 21.436434 s, 31.7 MB/s
2026-05-19 06:39:53,604 DEBUG   710934528 bytes (711 MB) copied, 22.452433 s, 31.7 MB/s
2026-05-19 06:39:53,604 DEBUG   744488960 bytes (744 MB) copied, 23.460491 s, 31.7 MB/s
2026-05-19 06:39:53,604 DEBUG   774897664 bytes (775 MB) copied, 24.495476 s, 31.6 MB/s
2026-05-19 06:39:53,604 DEBUG   804257792 bytes (804 MB) copied, 25.518490 s, 31.5 MB/s
2026-05-19 06:39:53,604 DEBUG   837812224 bytes (838 MB) copied, 26.541420 s, 31.6 MB/s
2026-05-19 06:39:53,604 DEBUG   874512384 bytes (875 MB) copied, 27.581449 s, 31.7 MB/s
2026-05-19 06:39:53,604 DEBUG   904921088 bytes (905 MB) copied, 28.595782 s, 31.6 MB/s
2026-05-19 06:39:53,604 DEBUG   938475520 bytes (938 MB) copied, 29.608488 s, 31.7 MB/s
2026-05-19 06:39:53,604 DEBUG   974127104 bytes (974 MB) copied, 30.615466 s, 31.8 MB/s
2026-05-19 06:39:53,604 DEBUG   1002438656 bytes (1.0 GB) copied, 31.628631 s, 31.7 MB/s
2026-05-19 06:39:53,604 DEBUG   1040187392 bytes (1.0 GB) copied, 32.641476 s, 31.9 MB/s
2026-05-19 06:39:53,604 DEBUG   1069547520 bytes (1.1 GB) copied, 33.645035 s, 31.8 MB/s
2026-05-19 06:39:53,604 DEBUG   1024+0 records in
2026-05-19 06:39:53,604 DEBUG   1024+0 records out
2026-05-19 06:39:53,604 DEBUG   1073741824 bytes (1.1 GB) copied, 33.793 s, 31.8 MB/s
2026-05-19 06:39:53,604 DEBUG   OK (disk op exit 0)
2026-05-19 06:39:53,604 WARNING Guest disk op wall 35.5s (vm='ahv_ins_delete-0-260514-190412' ip=10.114.51.146 op=create ec=0) — includes SSH + guest disk command; if still high, check guest disk throughput vs. MiB settings.
2026-05-19 06:39:53,605 DEBUG [90/566] VM 6e5880fb… (ahv_ins_delete-0-260514-191530) via 10.114.50.38 op=create
2026-05-19 06:39:53,605 DEBUG   remote: bash -lc 'set -e; _bs(){ printf '"'"'BULK_SNAP_T %s %s\n'"'"' "$1" "$(date +%s.%N 2>/dev/null || date +%s)"; }; _bs guest_start; _bs pipeline_start; openssl enc -aes-256-ctr -pass pass:"testing" -nosalt < /dev/zero 2>/dev/null | dd of=/root/dummy_snapshot_data_1.img bs=1M count=1024 iflag=fullblock status=progress; ec=$?; _bs pipeline_done; _bs guest_end; exit $ec'
2026-05-19 06:40:04,358 DEBUG   BULK_SNAP_T guest_start 1779140366.777643609
2026-05-19 06:40:04,358 DEBUG   BULK_SNAP_T pipeline_start 1779140366.782892658
2026-05-19 06:40:04,358 DEBUG   BULK_SNAP_T pipeline_done 1779140401.521665520
2026-05-19 06:40:04,358 DEBUG   BULK_SNAP_T guest_end 1779140401.523474409
2026-05-19 06:40:04,358 DEBUG   
2026-05-19 06:40:04,358 DEBUG   30408704 bytes (30 MB) copied, 1.025407 s, 29.7 MB/s
2026-05-19 06:40:04,358 DEBUG   66060288 bytes (66 MB) copied, 2.059618 s, 32.1 MB/s
2026-05-19 06:40:04,358 DEBUG   96468992 bytes (96 MB) copied, 3.064543 s, 31.5 MB/s
2026-05-19 06:40:04,358 DEBUG   130023424 bytes (130 MB) copied, 4.065370 s, 32.0 MB/s
2026-05-19 06:40:04,358 DEBUG   158334976 bytes (158 MB) copied, 5.069636 s, 31.2 MB/s
2026-05-19 06:40:04,358 DEBUG   190840832 bytes (191 MB) copied, 6.069823 s, 31.4 MB/s
2026-05-19 06:40:04,358 DEBUG   219152384 bytes (219 MB) copied, 7.105631 s, 30.8 MB/s
2026-05-19 06:40:04,358 DEBUG   250609664 bytes (251 MB) copied, 8.119432 s, 30.9 MB/s
2026-05-19 06:40:04,358 DEBUG   281018368 bytes (281 MB) copied, 9.134364 s, 30.8 MB/s
2026-05-19 06:40:04,358 DEBUG   312475648 bytes (312 MB) copied, 10.134483 s, 30.8 MB/s
2026-05-19 06:40:04,358 DEBUG   343932928 bytes (344 MB) copied, 11.149379 s, 30.8 MB/s
2026-05-19 06:40:04,358 DEBUG   377487360 bytes (377 MB) copied, 12.188394 s, 31.0 MB/s
2026-05-19 06:40:04,358 DEBUG   407896064 bytes (408 MB) copied, 13.191375 s, 30.9 MB/s
2026-05-19 06:40:04,358 DEBUG   438304768 bytes (438 MB) copied, 14.211369 s, 30.8 MB/s
2026-05-19 06:40:04,358 DEBUG   475004928 bytes (475 MB) copied, 15.228395 s, 31.2 MB/s
2026-05-19 06:40:04,358 DEBUG   508559360 bytes (509 MB) copied, 16.252413 s, 31.3 MB/s
2026-05-19 06:40:04,358 DEBUG   545259520 bytes (545 MB) copied, 17.275392 s, 31.6 MB/s
2026-05-19 06:40:04,358 DEBUG   577765376 bytes (578 MB) copied, 18.290357 s, 31.6 MB/s
2026-05-19 06:40:04,358 DEBUG   611319808 bytes (611 MB) copied, 19.293384 s, 31.7 MB/s
2026-05-19 06:40:04,358 DEBUG   643825664 bytes (644 MB) copied, 20.328467 s, 31.7 MB/s
2026-05-19 06:40:04,358 DEBUG   676331520 bytes (676 MB) copied, 21.365434 s, 31.7 MB/s
2026-05-19 06:40:04,358 DEBUG   710934528 bytes (711 MB) copied, 22.397502 s, 31.7 MB/s
2026-05-19 06:40:04,358 DEBUG   741343232 bytes (741 MB) copied, 23.465407 s, 31.6 MB/s
2026-05-19 06:40:04,358 DEBUG   776994816 bytes (777 MB) copied, 24.487402 s, 31.7 MB/s
2026-05-19 06:40:04,358 DEBUG   809500672 bytes (810 MB) copied, 25.591376 s, 31.6 MB/s
2026-05-19 06:40:04,358 DEBUG   839909376 bytes (840 MB) copied, 26.622755 s, 31.5 MB/s
2026-05-19 06:40:04,358 DEBUG   867172352 bytes (867 MB) copied, 27.622966 s, 31.4 MB/s
2026-05-19 06:40:04,358 DEBUG   892338176 bytes (892 MB) copied, 28.655478 s, 31.1 MB/s
2026-05-19 06:40:04,358 DEBUG   918552576 bytes (919 MB) copied, 29.674406 s, 31.0 MB/s
2026-05-19 06:40:04,358 DEBUG   953155584 bytes (953 MB) copied, 30.693863 s, 31.1 MB/s
2026-05-19 06:40:04,358 DEBUG   984612864 bytes (985 MB) copied, 31.732388 s, 31.0 MB/s
2026-05-19 06:40:04,359 DEBUG   1017118720 bytes (1.0 GB) copied, 32.741438 s, 31.1 MB/s
2026-05-19 06:40:04,359 DEBUG   1046478848 bytes (1.0 GB) copied, 33.771626 s, 31.0 MB/s
2026-05-19 06:40:04,359 DEBUG   1024+0 records in
2026-05-19 06:40:04,359 DEBUG   1024+0 records out
2026-05-19 06:40:04,359 DEBUG   1073741824 bytes (1.1 GB) copied, 34.6564 s, 31.0 MB/s
2026-05-19 06:40:04,359 DEBUG   OK (disk op exit 0)
2026-05-19 06:40:04,359 WARNING Guest disk op wall 36.3s (vm='ahv_ins_delete-0-260514-190937' ip=10.114.48.23 op=create ec=0) — includes SSH + guest disk command; if still high, check guest disk throughput vs. MiB settings.
2026-05-19 06:40:04,359 DEBUG [91/566] VM c3a6ba7b… (ahv_ins_delete-0-260514-192054) via 10.114.51.142 op=create
2026-05-19 06:40:04,359 DEBUG   remote: bash -lc 'set -e; _bs(){ printf '"'"'BULK_SNAP_T %s %s\n'"'"' "$1" "$(date +%s.%N 2>/dev/null || date +%s)"; }; _bs guest_start; _bs pipeline_start; openssl enc -aes-256-ctr -pass pass:"testing" -nosalt < /dev/zero 2>/dev/null | dd of=/root/dummy_snapshot_data_1.img bs=1M count=1024 iflag=fullblock status=progress; ec=$?; _bs pipeline_done; _bs guest_end; exit $ec'
2026-05-19 06:40:08,614 DEBUG   BULK_SNAP_T guest_start 1779140371.106670312
2026-05-19 06:40:08,615 DEBUG   BULK_SNAP_T pipeline_start 1779140371.109808510
2026-05-19 06:40:08,615 DEBUG   BULK_SNAP_T pipeline_done 1779140405.257289081
2026-05-19 06:40:08,615 DEBUG   BULK_SNAP_T guest_end 1779140405.258879271
2026-05-19 06:40:08,615 DEBUG   
2026-05-19 06:40:08,615 DEBUG   30408704 bytes (30 MB) copied, 1.010751 s, 30.1 MB/s
2026-05-19 06:40:08,615 DEBUG   61865984 bytes (62 MB) copied, 2.023814 s, 30.6 MB/s
2026-05-19 06:40:08,615 DEBUG   93323264 bytes (93 MB) copied, 3.024848 s, 30.9 MB/s
2026-05-19 06:40:08,615 DEBUG   127926272 bytes (128 MB) copied, 4.028701 s, 31.8 MB/s
2026-05-19 06:40:08,615 DEBUG   160432128 bytes (160 MB) copied, 5.073749 s, 31.6 MB/s
2026-05-19 06:40:08,615 DEBUG   193986560 bytes (194 MB) copied, 6.086166 s, 31.9 MB/s
2026-05-19 06:40:08,615 DEBUG   227540992 bytes (228 MB) copied, 7.098739 s, 32.1 MB/s
2026-05-19 06:40:08,615 DEBUG   260046848 bytes (260 MB) copied, 8.105772 s, 32.1 MB/s
2026-05-19 06:40:08,615 DEBUG   289406976 bytes (289 MB) copied, 9.124762 s, 31.7 MB/s
2026-05-19 06:40:08,615 DEBUG   319815680 bytes (320 MB) copied, 10.144767 s, 31.5 MB/s
2026-05-19 06:40:08,615 DEBUG   355467264 bytes (355 MB) copied, 11.182699 s, 31.8 MB/s
2026-05-19 06:40:08,615 DEBUG   393216000 bytes (393 MB) copied, 12.221732 s, 32.2 MB/s
2026-05-19 06:40:08,615 DEBUG   428867584 bytes (429 MB) copied, 13.221938 s, 32.4 MB/s
2026-05-19 06:40:08,615 DEBUG   465567744 bytes (466 MB) copied, 14.264746 s, 32.6 MB/s
2026-05-19 06:40:08,616 DEBUG   500170752 bytes (500 MB) copied, 15.288664 s, 32.7 MB/s
2026-05-19 06:40:08,616 DEBUG   531628032 bytes (532 MB) copied, 16.311767 s, 32.6 MB/s
2026-05-19 06:40:08,616 DEBUG   568328192 bytes (568 MB) copied, 17.338776 s, 32.8 MB/s
2026-05-19 06:40:08,616 DEBUG   603979776 bytes (604 MB) copied, 18.352906 s, 32.9 MB/s
2026-05-19 06:40:08,616 DEBUG   637534208 bytes (638 MB) copied, 19.393212 s, 32.9 MB/s
2026-05-19 06:40:08,616 DEBUG   670040064 bytes (670 MB) copied, 20.398820 s, 32.8 MB/s
2026-05-19 06:40:08,616 DEBUG   700448768 bytes (700 MB) copied, 21.403321 s, 32.7 MB/s
2026-05-19 06:40:08,616 DEBUG   730857472 bytes (731 MB) copied, 22.406737 s, 32.6 MB/s
2026-05-19 06:40:08,616 DEBUG   756023296 bytes (756 MB) copied, 23.410736 s, 32.3 MB/s
2026-05-19 06:40:08,616 DEBUG   780140544 bytes (780 MB) copied, 24.416309 s, 32.0 MB/s
2026-05-19 06:40:08,616 DEBUG   812646400 bytes (813 MB) copied, 25.432709 s, 32.0 MB/s
2026-05-19 06:40:08,616 DEBUG   840957952 bytes (841 MB) copied, 26.453918 s, 31.8 MB/s
2026-05-19 06:40:08,616 DEBUG   874512384 bytes (875 MB) copied, 27.500750 s, 31.8 MB/s
2026-05-19 06:40:08,616 DEBUG   907018240 bytes (907 MB) copied, 28.549724 s, 31.8 MB/s
2026-05-19 06:40:08,616 DEBUG   938475520 bytes (938 MB) copied, 29.569785 s, 31.7 MB/s
2026-05-19 06:40:08,616 DEBUG   969932800 bytes (970 MB) copied, 30.598829 s, 31.7 MB/s
2026-05-19 06:40:08,616 DEBUG   1000341504 bytes (1.0 GB) copied, 31.650920 s, 31.6 MB/s
2026-05-19 06:40:08,616 DEBUG   1030750208 bytes (1.0 GB) copied, 32.705867 s, 31.5 MB/s
2026-05-19 06:40:08,616 DEBUG   1066401792 bytes (1.1 GB) copied, 33.747761 s, 31.6 MB/s
2026-05-19 06:40:08,616 DEBUG   1024+0 records in
2026-05-19 06:40:08,616 DEBUG   1024+0 records out
2026-05-19 06:40:08,616 DEBUG   1073741824 bytes (1.1 GB) copied, 33.9968 s, 31.6 MB/s
2026-05-19 06:40:08,616 DEBUG   OK (disk op exit 0)
2026-05-19 06:40:08,616 WARNING Guest disk op wall 35.5s (vm='ahv_ins_delete-0-260514-190940' ip=10.114.52.180 op=create ec=0) — includes SSH + guest disk command; if still high, check guest disk throughput vs. MiB settings.
2026-05-19 06:40:08,617 DEBUG [92/566] VM eaea2fbd… (ahv_ins_delete-0-260514-192123) via 10.114.50.242 op=create
2026-05-19 06:40:08,617 DEBUG   remote: bash -lc 'set -e; _bs(){ printf '"'"'BULK_SNAP_T %s %s\n'"'"' "$1" "$(date +%s.%N 2>/dev/null || date +%s)"; }; _bs guest_start; _bs pipeline_start; openssl enc -aes-256-ctr -pass pass:"testing" -nosalt < /dev/zero 2>/dev/null | dd of=/root/dummy_snapshot_data_1.img bs=1M count=1024 iflag=fullblock status=progress; ec=$?; _bs pipeline_done; _bs guest_end; exit $ec'
2026-05-19 06:40:13,618 DEBUG   BULK_SNAP_T guest_start 1779140374.824268861
2026-05-19 06:40:13,618 DEBUG   BULK_SNAP_T pipeline_start 1779140374.827226907
2026-05-19 06:40:13,618 DEBUG   BULK_SNAP_T pipeline_done 1779140410.288638635
2026-05-19 06:40:13,618 DEBUG   BULK_SNAP_T guest_end 1779140410.298926342
2026-05-19 06:40:13,618 DEBUG   
2026-05-19 06:40:13,618 DEBUG   31457280 bytes (31 MB) copied, 1.053425 s, 29.9 MB/s
2026-05-19 06:40:13,618 DEBUG   68157440 bytes (68 MB) copied, 2.070438 s, 32.9 MB/s
2026-05-19 06:40:13,618 DEBUG   101711872 bytes (102 MB) copied, 3.092449 s, 32.9 MB/s
2026-05-19 06:40:13,618 DEBUG   136314880 bytes (136 MB) copied, 4.140437 s, 32.9 MB/s
2026-05-19 06:40:13,618 DEBUG   164626432 bytes (165 MB) copied, 5.201427 s, 31.7 MB/s
2026-05-19 06:40:13,618 DEBUG   195035136 bytes (195 MB) copied, 6.229457 s, 31.3 MB/s
2026-05-19 06:40:13,619 DEBUG   225443840 bytes (225 MB) copied, 7.233444 s, 31.2 MB/s
2026-05-19 06:40:13,619 DEBUG   255852544 bytes (256 MB) copied, 8.250493 s, 31.0 MB/s
2026-05-19 06:40:13,619 DEBUG   287309824 bytes (287 MB) copied, 9.250497 s, 31.1 MB/s
2026-05-19 06:40:13,619 DEBUG   322961408 bytes (323 MB) copied, 10.273419 s, 31.4 MB/s
2026-05-19 06:40:13,619 DEBUG   355467264 bytes (355 MB) copied, 11.296607 s, 31.5 MB/s
2026-05-19 06:40:13,619 DEBUG   387973120 bytes (388 MB) copied, 12.312488 s, 31.5 MB/s
2026-05-19 06:40:13,619 DEBUG   417333248 bytes (417 MB) copied, 13.358427 s, 31.2 MB/s
2026-05-19 06:40:13,619 DEBUG   450887680 bytes (451 MB) copied, 14.363651 s, 31.4 MB/s
2026-05-19 06:40:13,619 DEBUG   483393536 bytes (483 MB) copied, 15.420650 s, 31.3 MB/s
2026-05-19 06:40:13,619 DEBUG   521142272 bytes (521 MB) copied, 16.422753 s, 31.7 MB/s
2026-05-19 06:40:13,619 DEBUG   553648128 bytes (554 MB) copied, 17.502545 s, 31.6 MB/s
2026-05-19 06:40:13,619 DEBUG   587202560 bytes (587 MB) copied, 18.559454 s, 31.6 MB/s
2026-05-19 06:40:13,619 DEBUG   614465536 bytes (614 MB) copied, 19.601474 s, 31.3 MB/s
2026-05-19 06:40:13,619 DEBUG   637534208 bytes (638 MB) copied, 20.617454 s, 30.9 MB/s
2026-05-19 06:40:13,619 DEBUG   672137216 bytes (672 MB) copied, 21.635491 s, 31.1 MB/s
2026-05-19 06:40:13,619 DEBUG   700448768 bytes (700 MB) copied, 22.674439 s, 30.9 MB/s
2026-05-19 06:40:13,619 DEBUG   731906048 bytes (732 MB) copied, 23.691552 s, 30.9 MB/s
2026-05-19 06:40:13,619 DEBUG   761266176 bytes (761 MB) copied, 24.704505 s, 30.8 MB/s
2026-05-19 06:40:13,619 DEBUG   789577728 bytes (790 MB) copied, 25.714534 s, 30.7 MB/s
2026-05-19 06:40:13,619 DEBUG   823132160 bytes (823 MB) copied, 26.741506 s, 30.8 MB/s
2026-05-19 06:40:13,619 DEBUG   853540864 bytes (854 MB) copied, 27.763523 s, 30.7 MB/s
2026-05-19 06:40:13,619 DEBUG   881852416 bytes (882 MB) copied, 28.797460 s, 30.6 MB/s
2026-05-19 06:40:13,619 DEBUG   910163968 bytes (910 MB) copied, 29.807537 s, 30.5 MB/s
2026-05-19 06:40:13,619 DEBUG   939524096 bytes (940 MB) copied, 30.863474 s, 30.4 MB/s
2026-05-19 06:40:13,619 DEBUG   972029952 bytes (972 MB) copied, 31.908452 s, 30.5 MB/s
2026-05-19 06:40:13,619 DEBUG   1002438656 bytes (1.0 GB) copied, 32.933420 s, 30.4 MB/s
2026-05-19 06:40:13,619 DEBUG   1030750208 bytes (1.0 GB) copied, 33.944499 s, 30.4 MB/s
2026-05-19 06:40:13,619 DEBUG   1062207488 bytes (1.1 GB) copied, 34.976532 s, 30.4 MB/s
2026-05-19 06:40:13,619 DEBUG   1024+0 records in
2026-05-19 06:40:13,619 DEBUG   1024+0 records out
2026-05-19 06:40:13,619 DEBUG   1073741824 bytes (1.1 GB) copied, 35.3109 s, 30.4 MB/s
2026-05-19 06:40:13,619 DEBUG   OK (disk op exit 0)
2026-05-19 06:40:13,619 WARNING Guest disk op wall 36.8s (vm='ahv_ins_delete-0-260514-190944' ip=10.114.52.230 op=create ec=0) — includes SSH + guest disk command; if still high, check guest disk throughput vs. MiB settings.
2026-05-19 06:40:13,620 DEBUG [93/566] VM 3b7deada… (ahv_ins_delete-0-260514-192200) via 10.114.52.45 op=create
2026-05-19 06:40:13,620 DEBUG   remote: bash -lc 'set -e; _bs(){ printf '"'"'BULK_SNAP_T %s %s\n'"'"' "$1" "$(date +%s.%N 2>/dev/null || date +%s)"; }; _bs guest_start; _bs pipeline_start; openssl enc -aes-256-ctr -pass pass:"testing" -nosalt < /dev/zero 2>/dev/null | dd of=/root/dummy_snapshot_data_1.img bs=1M count=1024 iflag=fullblock status=progress; ec=$?; _bs pipeline_done; _bs guest_end; exit $ec'
2026-05-19 06:40:15,368 DEBUG   BULK_SNAP_T guest_start 1779140377.631918014
2026-05-19 06:40:15,368 DEBUG   BULK_SNAP_T pipeline_start 1779140377.636274214
2026-05-19 06:40:15,368 DEBUG   BULK_SNAP_T pipeline_done 1779140412.293913720
2026-05-19 06:40:15,368 DEBUG   BULK_SNAP_T guest_end 1779140412.295210312
2026-05-19 06:40:15,369 DEBUG   
2026-05-19 06:40:15,369 DEBUG   30408704 bytes (30 MB) copied, 1.005862 s, 30.2 MB/s
2026-05-19 06:40:15,369 DEBUG   59768832 bytes (60 MB) copied, 2.007931 s, 29.8 MB/s
2026-05-19 06:40:15,369 DEBUG   93323264 bytes (93 MB) copied, 3.016340 s, 30.9 MB/s
2026-05-19 06:40:15,369 DEBUG   125829120 bytes (126 MB) copied, 4.026158 s, 31.3 MB/s
2026-05-19 06:40:15,369 DEBUG   158334976 bytes (158 MB) copied, 5.033865 s, 31.5 MB/s
2026-05-19 06:40:15,369 DEBUG   192937984 bytes (193 MB) copied, 6.039124 s, 31.9 MB/s
2026-05-19 06:40:15,369 DEBUG   230686720 bytes (231 MB) copied, 7.066924 s, 32.6 MB/s
2026-05-19 06:40:15,369 DEBUG   261095424 bytes (261 MB) copied, 8.111889 s, 32.2 MB/s
2026-05-19 06:40:15,369 DEBUG   293601280 bytes (294 MB) copied, 9.146932 s, 32.1 MB/s
2026-05-19 06:40:15,369 DEBUG   329252864 bytes (329 MB) copied, 10.186945 s, 32.3 MB/s
2026-05-19 06:40:15,369 DEBUG   364904448 bytes (365 MB) copied, 11.220914 s, 32.5 MB/s
2026-05-19 06:40:15,369 DEBUG   396361728 bytes (396 MB) copied, 12.232942 s, 32.4 MB/s
2026-05-19 06:40:15,369 DEBUG   432013312 bytes (432 MB) copied, 13.282999 s, 32.5 MB/s
2026-05-19 06:40:15,369 DEBUG   469762048 bytes (470 MB) copied, 14.304870 s, 32.8 MB/s
2026-05-19 06:40:15,369 DEBUG   498073600 bytes (498 MB) copied, 15.306124 s, 32.5 MB/s
2026-05-19 06:40:15,369 DEBUG   530579456 bytes (531 MB) copied, 16.342957 s, 32.5 MB/s
2026-05-19 06:40:15,369 DEBUG   556793856 bytes (557 MB) copied, 17.360179 s, 32.1 MB/s
2026-05-19 06:40:15,369 DEBUG   581959680 bytes (582 MB) copied, 18.392837 s, 31.6 MB/s
2026-05-19 06:40:15,369 DEBUG   617611264 bytes (618 MB) copied, 19.445845 s, 31.8 MB/s
2026-05-19 06:40:15,369 DEBUG   649068544 bytes (649 MB) copied, 20.445992 s, 31.7 MB/s
2026-05-19 06:40:15,369 DEBUG   681574400 bytes (682 MB) copied, 21.482876 s, 31.7 MB/s
2026-05-19 06:40:15,369 DEBUG   717225984 bytes (717 MB) copied, 22.493890 s, 31.9 MB/s
2026-05-19 06:40:15,369 DEBUG   747634688 bytes (748 MB) copied, 23.537272 s, 31.8 MB/s
2026-05-19 06:40:15,369 DEBUG   780140544 bytes (780 MB) copied, 24.538898 s, 31.8 MB/s
2026-05-19 06:40:15,369 DEBUG   809500672 bytes (810 MB) copied, 25.545178 s, 31.7 MB/s
2026-05-19 06:40:15,369 DEBUG   837812224 bytes (838 MB) copied, 26.552128 s, 31.6 MB/s
2026-05-19 06:40:15,369 DEBUG   869269504 bytes (869 MB) copied, 27.558124 s, 31.5 MB/s
2026-05-19 06:40:15,369 DEBUG   902823936 bytes (903 MB) copied, 28.581911 s, 31.6 MB/s
2026-05-19 06:40:15,369 DEBUG   933232640 bytes (933 MB) copied, 29.606997 s, 31.5 MB/s
2026-05-19 06:40:15,369 DEBUG   959447040 bytes (959 MB) copied, 30.612901 s, 31.3 MB/s
2026-05-19 06:40:15,369 DEBUG   988807168 bytes (989 MB) copied, 31.614847 s, 31.3 MB/s
2026-05-19 06:40:15,369 DEBUG   1019215872 bytes (1.0 GB) copied, 32.622872 s, 31.2 MB/s
2026-05-19 06:40:15,369 DEBUG   1048576000 bytes (1.0 GB) copied, 33.638986 s, 31.2 MB/s
2026-05-19 06:40:15,369 DEBUG   1024+0 records in
2026-05-19 06:40:15,369 DEBUG   1024+0 records out
2026-05-19 06:40:15,369 DEBUG   1073741824 bytes (1.1 GB) copied, 34.567 s, 31.1 MB/s
2026-05-19 06:40:15,369 DEBUG   OK (disk op exit 0)
2026-05-19 06:40:15,369 WARNING Guest disk op wall 35.8s (vm='ahv_ins_delete-0-260514-190948' ip=10.114.48.128 op=create ec=0) — includes SSH + guest disk command; if still high, check guest disk throughput vs. MiB settings.
2026-05-19 06:40:15,370 DEBUG [94/566] VM 4dd28a1c… (ahv_ins_delete-0-260514-192203) via 10.114.51.110 op=create
2026-05-19 06:40:15,370 DEBUG   remote: bash -lc 'set -e; _bs(){ printf '"'"'BULK_SNAP_T %s %s\n'"'"' "$1" "$(date +%s.%N 2>/dev/null || date +%s)"; }; _bs guest_start; _bs pipeline_start; openssl enc -aes-256-ctr -pass pass:"testing" -nosalt < /dev/zero 2>/dev/null | dd of=/root/dummy_snapshot_data_1.img bs=1M count=1024 iflag=fullblock status=progress; ec=$?; _bs pipeline_done; _bs guest_end; exit $ec'
2026-05-19 06:40:19,622 DEBUG   BULK_SNAP_T guest_start 1779140381.639851791
2026-05-19 06:40:19,623 DEBUG   BULK_SNAP_T pipeline_start 1779140381.641266833
2026-05-19 06:40:19,623 DEBUG   BULK_SNAP_T pipeline_done 1779140416.338793922
2026-05-19 06:40:19,623 DEBUG   BULK_SNAP_T guest_end 1779140416.345414831
2026-05-19 06:40:19,623 DEBUG   
2026-05-19 06:40:19,623 DEBUG   30408704 bytes (30 MB) copied, 1.041066 s, 29.2 MB/s
2026-05-19 06:40:19,623 DEBUG   65011712 bytes (65 MB) copied, 2.058014 s, 31.6 MB/s
2026-05-19 06:40:19,623 DEBUG   99614720 bytes (100 MB) copied, 3.066972 s, 32.5 MB/s
2026-05-19 06:40:19,623 DEBUG   134217728 bytes (134 MB) copied, 4.083229 s, 32.9 MB/s
2026-05-19 06:40:19,623 DEBUG   162529280 bytes (163 MB) copied, 5.084344 s, 32.0 MB/s
2026-05-19 06:40:19,623 DEBUG   195035136 bytes (195 MB) copied, 6.137987 s, 31.8 MB/s
2026-05-19 06:40:19,623 DEBUG   235929600 bytes (236 MB) copied, 7.148985 s, 33.0 MB/s
2026-05-19 06:40:19,623 DEBUG   268435456 bytes (268 MB) copied, 8.200008 s, 32.7 MB/s
2026-05-19 06:40:19,623 DEBUG   303038464 bytes (303 MB) copied, 9.220182 s, 32.9 MB/s
2026-05-19 06:40:19,623 DEBUG   337641472 bytes (338 MB) copied, 10.227260 s, 33.0 MB/s
2026-05-19 06:40:19,623 DEBUG   365953024 bytes (366 MB) copied, 11.287233 s, 32.4 MB/s
2026-05-19 06:40:19,623 DEBUG   397410304 bytes (397 MB) copied, 12.317058 s, 32.3 MB/s
2026-05-19 06:40:19,623 DEBUG   424673280 bytes (425 MB) copied, 13.394033 s, 31.7 MB/s
2026-05-19 06:40:19,623 DEBUG   449839104 bytes (450 MB) copied, 14.432991 s, 31.2 MB/s
2026-05-19 06:40:19,623 DEBUG   485490688 bytes (485 MB) copied, 15.449999 s, 31.4 MB/s
2026-05-19 06:40:19,623 DEBUG   520093696 bytes (520 MB) copied, 16.481953 s, 31.6 MB/s
2026-05-19 06:40:19,623 DEBUG   557842432 bytes (558 MB) copied, 17.483039 s, 31.9 MB/s
2026-05-19 06:40:19,623 DEBUG   593494016 bytes (593 MB) copied, 18.516987 s, 32.1 MB/s
2026-05-19 06:40:19,623 DEBUG   624951296 bytes (625 MB) copied, 19.550017 s, 32.0 MB/s
2026-05-19 06:40:19,623 DEBUG   661651456 bytes (662 MB) copied, 20.574986 s, 32.2 MB/s
2026-05-19 06:40:19,623 DEBUG   693108736 bytes (693 MB) copied, 21.575010 s, 32.1 MB/s
2026-05-19 06:40:19,623 DEBUG   722468864 bytes (722 MB) copied, 22.601025 s, 32.0 MB/s
2026-05-19 06:40:19,623 DEBUG   752877568 bytes (753 MB) copied, 23.648329 s, 31.8 MB/s
2026-05-19 06:40:19,623 DEBUG   786432000 bytes (786 MB) copied, 24.691052 s, 31.9 MB/s
2026-05-19 06:40:19,623 DEBUG   816840704 bytes (817 MB) copied, 25.726088 s, 31.8 MB/s
2026-05-19 06:40:19,623 DEBUG   846200832 bytes (846 MB) copied, 26.743972 s, 31.6 MB/s
2026-05-19 06:40:19,623 DEBUG   877658112 bytes (878 MB) copied, 27.781047 s, 31.6 MB/s
2026-05-19 06:40:19,623 DEBUG   908066816 bytes (908 MB) copied, 28.796174 s, 31.5 MB/s
2026-05-19 06:40:19,623 DEBUG   937426944 bytes (937 MB) copied, 29.861433 s, 31.4 MB/s
2026-05-19 06:40:19,623 DEBUG   965738496 bytes (966 MB) copied, 30.898064 s, 31.3 MB/s
2026-05-19 06:40:19,623 DEBUG   997195776 bytes (997 MB) copied, 31.906123 s, 31.3 MB/s
2026-05-19 06:40:19,623 DEBUG   1026555904 bytes (1.0 GB) copied, 32.914514 s, 31.2 MB/s
2026-05-19 06:40:19,623 DEBUG   1058013184 bytes (1.1 GB) copied, 33.931127 s, 31.2 MB/s
2026-05-19 06:40:19,623 DEBUG   1024+0 records in
2026-05-19 06:40:19,623 DEBUG   1024+0 records out
2026-05-19 06:40:19,623 DEBUG   1073741824 bytes (1.1 GB) copied, 34.5991 s, 31.0 MB/s
2026-05-19 06:40:19,623 DEBUG   OK (disk op exit 0)
2026-05-19 06:40:19,624 WARNING Guest disk op wall 36.3s (vm='ahv_ins_delete-0-260514-190948' ip=10.114.53.0 op=create ec=0) — includes SSH + guest disk command; if still high, check guest disk throughput vs. MiB settings.
2026-05-19 06:40:19,624 DEBUG [95/566] VM b9395db6… (ahv_ins_delete-0-260514-192208) via 10.114.51.91 op=create
2026-05-19 06:40:19,624 DEBUG   remote: bash -lc 'set -e; _bs(){ printf '"'"'BULK_SNAP_T %s %s\n'"'"' "$1" "$(date +%s.%N 2>/dev/null || date +%s)"; }; _bs guest_start; _bs pipeline_start; openssl enc -aes-256-ctr -pass pass:"testing" -nosalt < /dev/zero 2>/dev/null | dd of=/root/dummy_snapshot_data_1.img bs=1M count=1024 iflag=fullblock status=progress; ec=$?; _bs pipeline_done; _bs guest_end; exit $ec'
2026-05-19 06:40:21,124 DEBUG   BULK_SNAP_T guest_start 1779140384.412715835
2026-05-19 06:40:21,124 DEBUG   BULK_SNAP_T pipeline_start 1779140384.424180527
2026-05-19 06:40:21,124 DEBUG   BULK_SNAP_T pipeline_done 1779140418.050092982
2026-05-19 06:40:21,124 DEBUG   BULK_SNAP_T guest_end 1779140418.051755261
2026-05-19 06:40:21,124 DEBUG   
2026-05-19 06:40:21,124 DEBUG   33554432 bytes (34 MB) copied, 1.008920 s, 33.3 MB/s
2026-05-19 06:40:21,124 DEBUG   72351744 bytes (72 MB) copied, 2.043754 s, 35.4 MB/s
2026-05-19 06:40:21,124 DEBUG   104857600 bytes (105 MB) copied, 3.084761 s, 34.0 MB/s
2026-05-19 06:40:21,124 DEBUG   143654912 bytes (144 MB) copied, 4.113761 s, 34.9 MB/s
2026-05-19 06:40:21,124 DEBUG   177209344 bytes (177 MB) copied, 5.132782 s, 34.5 MB/s
2026-05-19 06:40:21,124 DEBUG   213909504 bytes (214 MB) copied, 6.133838 s, 34.9 MB/s
2026-05-19 06:40:21,124 DEBUG   248512512 bytes (249 MB) copied, 7.137717 s, 34.8 MB/s
2026-05-19 06:40:21,124 DEBUG   283115520 bytes (283 MB) copied, 8.172801 s, 34.6 MB/s
2026-05-19 06:40:21,124 DEBUG   310378496 bytes (310 MB) copied, 9.231788 s, 33.6 MB/s
2026-05-19 06:40:21,124 DEBUG   340787200 bytes (341 MB) copied, 10.237066 s, 33.3 MB/s
2026-05-19 06:40:21,124 DEBUG   364904448 bytes (365 MB) copied, 11.271746 s, 32.4 MB/s
2026-05-19 06:40:21,124 DEBUG   397410304 bytes (397 MB) copied, 12.293085 s, 32.3 MB/s
2026-05-19 06:40:21,124 DEBUG   433061888 bytes (433 MB) copied, 13.306797 s, 32.5 MB/s
2026-05-19 06:40:21,124 DEBUG   470810624 bytes (471 MB) copied, 14.345882 s, 32.8 MB/s
2026-05-19 06:40:21,124 DEBUG   503316480 bytes (503 MB) copied, 15.374747 s, 32.7 MB/s
2026-05-19 06:40:21,124 DEBUG   532676608 bytes (533 MB) copied, 16.381724 s, 32.5 MB/s
2026-05-19 06:40:21,124 DEBUG   565182464 bytes (565 MB) copied, 17.397938 s, 32.5 MB/s
2026-05-19 06:40:21,124 DEBUG   594542592 bytes (595 MB) copied, 18.408745 s, 32.3 MB/s
2026-05-19 06:40:21,124 DEBUG   621805568 bytes (622 MB) copied, 19.414698 s, 32.0 MB/s
2026-05-19 06:40:21,124 DEBUG   656408576 bytes (656 MB) copied, 20.441733 s, 32.1 MB/s
2026-05-19 06:40:21,124 DEBUG   686817280 bytes (687 MB) copied, 21.446092 s, 32.0 MB/s
2026-05-19 06:40:21,124 DEBUG   721420288 bytes (721 MB) copied, 22.472798 s, 32.1 MB/s
2026-05-19 06:40:21,124 DEBUG   747634688 bytes (748 MB) copied, 23.486998 s, 31.8 MB/s
2026-05-19 06:40:21,124 DEBUG   783286272 bytes (783 MB) copied, 24.525733 s, 31.9 MB/s
2026-05-19 06:40:21,124 DEBUG   817889280 bytes (818 MB) copied, 25.568780 s, 32.0 MB/s
2026-05-19 06:40:21,124 DEBUG   850395136 bytes (850 MB) copied, 26.629766 s, 31.9 MB/s
2026-05-19 06:40:21,124 DEBUG   882900992 bytes (883 MB) copied, 27.631787 s, 32.0 MB/s
2026-05-19 06:40:21,124 DEBUG   919601152 bytes (920 MB) copied, 28.651810 s, 32.1 MB/s
2026-05-19 06:40:21,124 DEBUG   956301312 bytes (956 MB) copied, 29.692736 s, 32.2 MB/s
2026-05-19 06:40:21,124 DEBUG   990904320 bytes (991 MB) copied, 30.703171 s, 32.3 MB/s
2026-05-19 06:40:21,124 DEBUG   1015021568 bytes (1.0 GB) copied, 31.749786 s, 32.0 MB/s
2026-05-19 06:40:21,125 DEBUG   1052770304 bytes (1.1 GB) copied, 32.793750 s, 32.1 MB/s
2026-05-19 06:40:21,125 DEBUG   1024+0 records in
2026-05-19 06:40:21,125 DEBUG   1024+0 records out
2026-05-19 06:40:21,125 DEBUG   1073741824 bytes (1.1 GB) copied, 33.4998 s, 32.1 MB/s
2026-05-19 06:40:21,125 DEBUG   OK (disk op exit 0)
2026-05-19 06:40:21,125 WARNING Guest disk op wall 34.8s (vm='ahv_ins_delete-0-260514-191505' ip=10.114.49.22 op=create ec=0) — includes SSH + guest disk command; if still high, check guest disk throughput vs. MiB settings.
2026-05-19 06:40:21,125 DEBUG [96/566] VM 5bacaa90… (ahv_ins_delete-0-260514-192546) via 10.114.50.120 op=create
2026-05-19 06:40:21,125 DEBUG   remote: bash -lc 'set -e; _bs(){ printf '"'"'BULK_SNAP_T %s %s\n'"'"' "$1" "$(date +%s.%N 2>/dev/null || date +%s)"; }; _bs guest_start; _bs pipeline_start; openssl enc -aes-256-ctr -pass pass:"testing" -nosalt < /dev/zero 2>/dev/null | dd of=/root/dummy_snapshot_data_1.img bs=1M count=1024 iflag=fullblock status=progress; ec=$?; _bs pipeline_done; _bs guest_end; exit $ec'
2026-05-19 06:40:26,868 DEBUG   BULK_SNAP_T guest_start 1779140389.189034195
2026-05-19 06:40:26,868 DEBUG   BULK_SNAP_T pipeline_start 1779140389.192941313
2026-05-19 06:40:26,868 DEBUG   BULK_SNAP_T pipeline_done 1779140423.351272162
2026-05-19 06:40:26,868 DEBUG   BULK_SNAP_T guest_end 1779140423.353995589
2026-05-19 06:40:26,868 DEBUG   
2026-05-19 06:40:26,868 DEBUG   28311552 bytes (28 MB) copied, 1.042739 s, 27.2 MB/s
2026-05-19 06:40:26,868 DEBUG   65011712 bytes (65 MB) copied, 2.045748 s, 31.8 MB/s
2026-05-19 06:40:26,868 DEBUG   99614720 bytes (100 MB) copied, 3.099792 s, 32.1 MB/s
2026-05-19 06:40:26,868 DEBUG   126877696 bytes (127 MB) copied, 4.102919 s, 30.9 MB/s
2026-05-19 06:40:26,868 DEBUG   152043520 bytes (152 MB) copied, 5.131755 s, 29.6 MB/s
2026-05-19 06:40:26,869 DEBUG   177209344 bytes (177 MB) copied, 6.139802 s, 28.9 MB/s
2026-05-19 06:40:26,869 DEBUG   207618048 bytes (208 MB) copied, 7.141880 s, 29.1 MB/s
2026-05-19 06:40:26,869 DEBUG   239075328 bytes (239 MB) copied, 8.157750 s, 29.3 MB/s
2026-05-19 06:40:26,869 DEBUG   273678336 bytes (274 MB) copied, 9.188861 s, 29.8 MB/s
2026-05-19 06:40:26,869 DEBUG   308281344 bytes (308 MB) copied, 10.198074 s, 30.2 MB/s
2026-05-19 06:40:26,869 DEBUG   340787200 bytes (341 MB) copied, 11.216991 s, 30.4 MB/s
2026-05-19 06:40:26,869 DEBUG   378535936 bytes (379 MB) copied, 12.224117 s, 31.0 MB/s
2026-05-19 06:40:26,869 DEBUG   408944640 bytes (409 MB) copied, 13.227814 s, 30.9 MB/s
2026-05-19 06:40:26,869 DEBUG   442499072 bytes (442 MB) copied, 14.259790 s, 31.0 MB/s
2026-05-19 06:40:26,869 DEBUG   478150656 bytes (478 MB) copied, 15.264774 s, 31.3 MB/s
2026-05-19 06:40:26,869 DEBUG   505413632 bytes (505 MB) copied, 16.275769 s, 31.1 MB/s
2026-05-19 06:40:26,869 DEBUG   543162368 bytes (543 MB) copied, 17.294794 s, 31.4 MB/s
2026-05-19 06:40:26,869 DEBUG   570425344 bytes (570 MB) copied, 18.339797 s, 31.1 MB/s
2026-05-19 06:40:26,869 DEBUG   602931200 bytes (603 MB) copied, 19.380770 s, 31.1 MB/s
2026-05-19 06:40:26,869 DEBUG   638582784 bytes (639 MB) copied, 20.390759 s, 31.3 MB/s
2026-05-19 06:40:26,869 DEBUG   668991488 bytes (669 MB) copied, 21.422757 s, 31.2 MB/s
2026-05-19 06:40:26,869 DEBUG   703594496 bytes (704 MB) copied, 22.452780 s, 31.3 MB/s
2026-05-19 06:40:26,869 DEBUG   736100352 bytes (736 MB) copied, 23.470750 s, 31.4 MB/s
2026-05-19 06:40:26,869 DEBUG   767557632 bytes (768 MB) copied, 24.481756 s, 31.4 MB/s
2026-05-19 06:40:26,869 DEBUG   796917760 bytes (797 MB) copied, 25.500833 s, 31.3 MB/s
2026-05-19 06:40:26,869 DEBUG   822083584 bytes (822 MB) copied, 26.569742 s, 30.9 MB/s
2026-05-19 06:40:26,869 DEBUG   856686592 bytes (857 MB) copied, 27.583793 s, 31.1 MB/s
2026-05-19 06:40:26,869 DEBUG   890241024 bytes (890 MB) copied, 28.643947 s, 31.1 MB/s
2026-05-19 06:40:26,869 DEBUG   924844032 bytes (925 MB) copied, 29.664833 s, 31.2 MB/s
2026-05-19 06:40:26,869 DEBUG   958398464 bytes (958 MB) copied, 30.666795 s, 31.3 MB/s
2026-05-19 06:40:26,869 DEBUG   989855744 bytes (990 MB) copied, 31.700902 s, 31.2 MB/s
2026-05-19 06:40:26,869 DEBUG   1026555904 bytes (1.0 GB) copied, 32.736828 s, 31.4 MB/s
2026-05-19 06:40:26,869 DEBUG   1065353216 bytes (1.1 GB) copied, 33.769754 s, 31.5 MB/s
2026-05-19 06:40:26,869 DEBUG   1024+0 records in
2026-05-19 06:40:26,869 DEBUG   1024+0 records out
2026-05-19 06:40:26,869 DEBUG   1073741824 bytes (1.1 GB) copied, 34.0839 s, 31.5 MB/s
2026-05-19 06:40:26,869 DEBUG   OK (disk op exit 0)
2026-05-19 06:40:26,869 WARNING Guest disk op wall 35.8s (vm='ahv_ins_delete-0-260514-191510' ip=10.114.49.101 op=create ec=0) — includes SSH + guest disk command; if still high, check guest disk throughput vs. MiB settings.
2026-05-19 06:40:26,870 DEBUG [97/566] VM 7cf338c6… (ahv_ins_delete-0-260514-192637) via 10.114.48.130 op=create
2026-05-19 06:40:26,870 DEBUG   remote: bash -lc 'set -e; _bs(){ printf '"'"'BULK_SNAP_T %s %s\n'"'"' "$1" "$(date +%s.%N 2>/dev/null || date +%s)"; }; _bs guest_start; _bs pipeline_start; openssl enc -aes-256-ctr -pass pass:"testing" -nosalt < /dev/zero 2>/dev/null | dd of=/root/dummy_snapshot_data_1.img bs=1M count=1024 iflag=fullblock status=progress; ec=$?; _bs pipeline_done; _bs guest_end; exit $ec'
2026-05-19 06:40:27,125 DEBUG   BULK_SNAP_T guest_start 1779140389.527496515
2026-05-19 06:40:27,126 DEBUG   BULK_SNAP_T pipeline_start 1779140389.530702125
2026-05-19 06:40:27,126 DEBUG   BULK_SNAP_T pipeline_done 1779140423.673523874
2026-05-19 06:40:27,126 DEBUG   BULK_SNAP_T guest_end 1779140423.687793451
2026-05-19 06:40:27,126 DEBUG   
2026-05-19 06:40:27,126 DEBUG   29360128 bytes (29 MB) copied, 1.022424 s, 28.7 MB/s
2026-05-19 06:40:27,126 DEBUG   66060288 bytes (66 MB) copied, 2.043501 s, 32.3 MB/s
2026-05-19 06:40:27,126 DEBUG   97517568 bytes (98 MB) copied, 3.078537 s, 31.7 MB/s
2026-05-19 06:40:27,126 DEBUG   123731968 bytes (124 MB) copied, 4.135363 s, 29.9 MB/s
2026-05-19 06:40:27,126 DEBUG   148897792 bytes (149 MB) copied, 5.158494 s, 28.9 MB/s
2026-05-19 06:40:27,126 DEBUG   175112192 bytes (175 MB) copied, 6.171895 s, 28.4 MB/s
2026-05-19 06:40:27,126 DEBUG   204472320 bytes (204 MB) copied, 7.189466 s, 28.4 MB/s
2026-05-19 06:40:27,126 DEBUG   235929600 bytes (236 MB) copied, 8.210506 s, 28.7 MB/s
2026-05-19 06:40:27,126 DEBUG   267386880 bytes (267 MB) copied, 9.230427 s, 29.0 MB/s
2026-05-19 06:40:27,126 DEBUG   298844160 bytes (299 MB) copied, 10.245799 s, 29.2 MB/s
2026-05-19 06:40:27,126 DEBUG   330301440 bytes (330 MB) copied, 11.251661 s, 29.4 MB/s
2026-05-19 06:40:27,126 DEBUG   365953024 bytes (366 MB) copied, 12.255495 s, 29.9 MB/s
2026-05-19 06:40:27,126 DEBUG   397410304 bytes (397 MB) copied, 13.274728 s, 29.9 MB/s
2026-05-19 06:40:27,126 DEBUG   426770432 bytes (427 MB) copied, 14.308474 s, 29.8 MB/s
2026-05-19 06:40:27,126 DEBUG   458227712 bytes (458 MB) copied, 15.320066 s, 29.9 MB/s
2026-05-19 06:40:27,126 DEBUG   497025024 bytes (497 MB) copied, 16.324738 s, 30.4 MB/s
2026-05-19 06:40:27,126 DEBUG   536870912 bytes (537 MB) copied, 17.373506 s, 30.9 MB/s
2026-05-19 06:40:27,126 DEBUG   565182464 bytes (565 MB) copied, 18.392495 s, 30.7 MB/s
2026-05-19 06:40:27,126 DEBUG   597688320 bytes (598 MB) copied, 19.408599 s, 30.8 MB/s
2026-05-19 06:40:27,126 DEBUG   639631360 bytes (640 MB) copied, 20.417834 s, 31.3 MB/s
2026-05-19 06:40:27,126 DEBUG   677380096 bytes (677 MB) copied, 21.449662 s, 31.6 MB/s
2026-05-19 06:40:27,126 DEBUG   710934528 bytes (711 MB) copied, 22.456414 s, 31.7 MB/s
2026-05-19 06:40:27,126 DEBUG   743440384 bytes (743 MB) copied, 23.476548 s, 31.7 MB/s
2026-05-19 06:40:27,126 DEBUG   775946240 bytes (776 MB) copied, 24.574470 s, 31.6 MB/s
2026-05-19 06:40:27,126 DEBUG   810549248 bytes (811 MB) copied, 25.603472 s, 31.7 MB/s
2026-05-19 06:40:27,126 DEBUG   838860800 bytes (839 MB) copied, 26.608428 s, 31.5 MB/s
2026-05-19 06:40:27,126 DEBUG   871366656 bytes (871 MB) copied, 27.620513 s, 31.5 MB/s
2026-05-19 06:40:27,126 DEBUG   902823936 bytes (903 MB) copied, 28.633467 s, 31.5 MB/s
2026-05-19 06:40:27,126 DEBUG   937426944 bytes (937 MB) copied, 29.655534 s, 31.6 MB/s
2026-05-19 06:40:27,126 DEBUG   970981376 bytes (971 MB) copied, 30.659523 s, 31.7 MB/s
2026-05-19 06:40:27,126 DEBUG   1007681536 bytes (1.0 GB) copied, 31.698453 s, 31.8 MB/s
2026-05-19 06:40:27,126 DEBUG   1042284544 bytes (1.0 GB) copied, 32.730445 s, 31.8 MB/s
2026-05-19 06:40:27,126 DEBUG   1073741824 bytes (1.1 GB) copied, 33.750532 s, 31.8 MB/s
2026-05-19 06:40:27,126 DEBUG   1024+0 records in
2026-05-19 06:40:27,126 DEBUG   1024+0 records out
2026-05-19 06:40:27,126 DEBUG   1073741824 bytes (1.1 GB) copied, 33.756 s, 31.8 MB/s
2026-05-19 06:40:27,126 DEBUG   OK (disk op exit 0)
2026-05-19 06:40:27,127 WARNING Guest disk op wall 35.5s (vm='ahv_ins_delete-0-260514-191520' ip=10.114.54.43 op=create ec=0) — includes SSH + guest disk command; if still high, check guest disk throughput vs. MiB settings.
2026-05-19 06:40:27,127 DEBUG [98/566] VM 40d00e92… (ahv_ins_delete-0-260514-192726) via 10.114.51.132 op=create
2026-05-19 06:40:27,127 DEBUG   remote: bash -lc 'set -e; _bs(){ printf '"'"'BULK_SNAP_T %s %s\n'"'"' "$1" "$(date +%s.%N 2>/dev/null || date +%s)"; }; _bs guest_start; _bs pipeline_start; openssl enc -aes-256-ctr -pass pass:"testing" -nosalt < /dev/zero 2>/dev/null | dd of=/root/dummy_snapshot_data_1.img bs=1M count=1024 iflag=fullblock status=progress; ec=$?; _bs pipeline_done; _bs guest_end; exit $ec'
2026-05-19 06:40:28,631 DEBUG   BULK_SNAP_T guest_start 1779140389.816411997
2026-05-19 06:40:28,631 DEBUG   BULK_SNAP_T pipeline_start 1779140389.819522516
2026-05-19 06:40:28,631 DEBUG   BULK_SNAP_T pipeline_done 1779140424.488851680
2026-05-19 06:40:28,631 DEBUG   BULK_SNAP_T guest_end 1779140424.490304142
2026-05-19 06:40:28,631 DEBUG   
2026-05-19 06:40:28,631 DEBUG   32505856 bytes (33 MB) copied, 1.042610 s, 31.2 MB/s
2026-05-19 06:40:28,631 DEBUG   63963136 bytes (64 MB) copied, 2.061700 s, 31.0 MB/s
2026-05-19 06:40:28,631 DEBUG   96468992 bytes (96 MB) copied, 3.097623 s, 31.1 MB/s
2026-05-19 06:40:28,631 DEBUG   125829120 bytes (126 MB) copied, 4.129641 s, 30.5 MB/s
2026-05-19 06:40:28,631 DEBUG   148897792 bytes (149 MB) copied, 5.153618 s, 28.9 MB/s
2026-05-19 06:40:28,631 DEBUG   182452224 bytes (182 MB) copied, 6.219567 s, 29.3 MB/s
2026-05-19 06:40:28,631 DEBUG   212860928 bytes (213 MB) copied, 7.272606 s, 29.3 MB/s
2026-05-19 06:40:28,631 DEBUG   244318208 bytes (244 MB) copied, 8.326722 s, 29.3 MB/s
2026-05-19 06:40:28,631 DEBUG   274726912 bytes (275 MB) copied, 9.328103 s, 29.5 MB/s
2026-05-19 06:40:28,632 DEBUG   305135616 bytes (305 MB) copied, 10.330911 s, 29.5 MB/s
2026-05-19 06:40:28,632 DEBUG   336592896 bytes (337 MB) copied, 11.360664 s, 29.6 MB/s
2026-05-19 06:40:28,632 DEBUG   365953024 bytes (366 MB) copied, 12.376657 s, 29.6 MB/s
2026-05-19 06:40:28,632 DEBUG   395313152 bytes (395 MB) copied, 13.414609 s, 29.5 MB/s
2026-05-19 06:40:28,632 DEBUG   429916160 bytes (430 MB) copied, 14.448692 s, 29.8 MB/s
2026-05-19 06:40:28,632 DEBUG   462422016 bytes (462 MB) copied, 15.507598 s, 29.8 MB/s
2026-05-19 06:40:28,632 DEBUG   499122176 bytes (499 MB) copied, 16.533682 s, 30.2 MB/s
2026-05-19 06:40:28,632 DEBUG   528482304 bytes (528 MB) copied, 17.589630 s, 30.0 MB/s
2026-05-19 06:40:28,632 DEBUG   555745280 bytes (556 MB) copied, 18.596683 s, 29.9 MB/s
2026-05-19 06:40:28,632 DEBUG   588251136 bytes (588 MB) copied, 19.616608 s, 30.0 MB/s
2026-05-19 06:40:28,632 DEBUG   619708416 bytes (620 MB) copied, 20.621575 s, 30.1 MB/s
2026-05-19 06:40:28,632 DEBUG   652214272 bytes (652 MB) copied, 21.635595 s, 30.1 MB/s
2026-05-19 06:40:28,632 DEBUG   684720128 bytes (685 MB) copied, 22.640827 s, 30.2 MB/s
2026-05-19 06:40:28,632 DEBUG   717225984 bytes (717 MB) copied, 23.745631 s, 30.2 MB/s
2026-05-19 06:40:28,632 DEBUG   749731840 bytes (750 MB) copied, 24.856986 s, 30.2 MB/s
2026-05-19 06:40:28,632 DEBUG   778043392 bytes (778 MB) copied, 25.860038 s, 30.1 MB/s
2026-05-19 06:40:28,632 DEBUG   812646400 bytes (813 MB) copied, 26.874647 s, 30.2 MB/s
2026-05-19 06:40:28,632 DEBUG   845152256 bytes (845 MB) copied, 27.907772 s, 30.3 MB/s
2026-05-19 06:40:28,632 DEBUG   881852416 bytes (882 MB) copied, 28.924913 s, 30.5 MB/s
2026-05-19 06:40:28,632 DEBUG   913309696 bytes (913 MB) copied, 29.954588 s, 30.5 MB/s
2026-05-19 06:40:28,632 DEBUG   947912704 bytes (948 MB) copied, 31.018678 s, 30.6 MB/s
2026-05-19 06:40:28,632 DEBUG   980418560 bytes (980 MB) copied, 32.028896 s, 30.6 MB/s
2026-05-19 06:40:28,632 DEBUG   1013972992 bytes (1.0 GB) copied, 33.036723 s, 30.7 MB/s
2026-05-19 06:40:28,632 DEBUG   1055916032 bytes (1.1 GB) copied, 34.049191 s, 31.0 MB/s
2026-05-19 06:40:28,632 DEBUG   1024+0 records in
2026-05-19 06:40:28,632 DEBUG   1024+0 records out
2026-05-19 06:40:28,632 DEBUG   1073741824 bytes (1.1 GB) copied, 34.5817 s, 31.0 MB/s
2026-05-19 06:40:28,632 DEBUG   OK (disk op exit 0)
2026-05-19 06:40:28,632 WARNING Guest disk op wall 36.0s (vm='ahv_ins_delete-0-260514-191527' ip=10.114.49.145 op=create ec=0) — includes SSH + guest disk command; if still high, check guest disk throughput vs. MiB settings.
2026-05-19 06:40:28,633 DEBUG [99/566] VM 29150d65… (ahv_ins_delete-0-260514-192728) via 10.114.52.157 op=create
2026-05-19 06:40:28,633 DEBUG   remote: bash -lc 'set -e; _bs(){ printf '"'"'BULK_SNAP_T %s %s\n'"'"' "$1" "$(date +%s.%N 2>/dev/null || date +%s)"; }; _bs guest_start; _bs pipeline_start; openssl enc -aes-256-ctr -pass pass:"testing" -nosalt < /dev/zero 2>/dev/null | dd of=/root/dummy_snapshot_data_1.img bs=1M count=1024 iflag=fullblock status=progress; ec=$?; _bs pipeline_done; _bs guest_end; exit $ec'
2026-05-19 06:40:29,876 DEBUG   BULK_SNAP_T guest_start 1779140391.725163509
2026-05-19 06:40:29,877 DEBUG   BULK_SNAP_T pipeline_start 1779140391.729865965
2026-05-19 06:40:29,877 DEBUG   BULK_SNAP_T pipeline_done 1779140426.544841635
2026-05-19 06:40:29,877 DEBUG   BULK_SNAP_T guest_end 1779140426.551893150
2026-05-19 06:40:29,877 DEBUG   
2026-05-19 06:40:29,877 DEBUG   25165824 bytes (25 MB) copied, 1.006201 s, 25.0 MB/s
2026-05-19 06:40:29,877 DEBUG   56623104 bytes (57 MB) copied, 2.033863 s, 27.8 MB/s
2026-05-19 06:40:29,877 DEBUG   85983232 bytes (86 MB) copied, 3.053851 s, 28.2 MB/s
2026-05-19 06:40:29,877 DEBUG   112197632 bytes (112 MB) copied, 4.071825 s, 27.6 MB/s
2026-05-19 06:40:29,877 DEBUG   145752064 bytes (146 MB) copied, 5.082856 s, 28.7 MB/s
2026-05-19 06:40:29,877 DEBUG   176160768 bytes (176 MB) copied, 6.084836 s, 29.0 MB/s
2026-05-19 06:40:29,877 DEBUG   213909504 bytes (214 MB) copied, 7.112831 s, 30.1 MB/s
2026-05-19 06:40:29,877 DEBUG   242221056 bytes (242 MB) copied, 8.137873 s, 29.8 MB/s
2026-05-19 06:40:29,877 DEBUG   275775488 bytes (276 MB) copied, 9.144905 s, 30.2 MB/s
2026-05-19 06:40:29,877 DEBUG   309329920 bytes (309 MB) copied, 10.168798 s, 30.4 MB/s
2026-05-19 06:40:29,877 DEBUG   341835776 bytes (342 MB) copied, 11.178404 s, 30.6 MB/s
2026-05-19 06:40:29,877 DEBUG   371195904 bytes (371 MB) copied, 12.206862 s, 30.4 MB/s
2026-05-19 06:40:29,877 DEBUG   404750336 bytes (405 MB) copied, 13.211792 s, 30.6 MB/s
2026-05-19 06:40:29,877 DEBUG   437256192 bytes (437 MB) copied, 14.218104 s, 30.8 MB/s
2026-05-19 06:40:29,877 DEBUG   468713472 bytes (469 MB) copied, 15.218893 s, 30.8 MB/s
2026-05-19 06:40:29,877 DEBUG   497025024 bytes (497 MB) copied, 16.224863 s, 30.6 MB/s
2026-05-19 06:40:29,877 DEBUG   529530880 bytes (530 MB) copied, 17.230918 s, 30.7 MB/s
2026-05-19 06:40:29,877 DEBUG   563085312 bytes (563 MB) copied, 18.268952 s, 30.8 MB/s
2026-05-19 06:40:29,877 DEBUG   588251136 bytes (588 MB) copied, 19.284819 s, 30.5 MB/s
2026-05-19 06:40:29,877 DEBUG   619708416 bytes (620 MB) copied, 20.310836 s, 30.5 MB/s
2026-05-19 06:40:29,877 DEBUG   651165696 bytes (651 MB) copied, 21.331817 s, 30.5 MB/s
2026-05-19 06:40:29,877 DEBUG   684720128 bytes (685 MB) copied, 22.333926 s, 30.7 MB/s
2026-05-19 06:40:29,877 DEBUG   714080256 bytes (714 MB) copied, 23.345105 s, 30.6 MB/s
2026-05-19 06:40:29,877 DEBUG   738197504 bytes (738 MB) copied, 24.383903 s, 30.3 MB/s
2026-05-19 06:40:29,877 DEBUG   776994816 bytes (777 MB) copied, 25.405827 s, 30.6 MB/s
2026-05-19 06:40:29,877 DEBUG   804257792 bytes (804 MB) copied, 26.417250 s, 30.4 MB/s
2026-05-19 06:40:29,877 DEBUG   836763648 bytes (837 MB) copied, 27.456815 s, 30.5 MB/s
2026-05-19 06:40:29,877 DEBUG   867172352 bytes (867 MB) copied, 28.469780 s, 30.5 MB/s
2026-05-19 06:40:29,877 DEBUG   901775360 bytes (902 MB) copied, 29.473804 s, 30.6 MB/s
2026-05-19 06:40:29,877 DEBUG   934281216 bytes (934 MB) copied, 30.498864 s, 30.6 MB/s
2026-05-19 06:40:29,877 DEBUG   965738496 bytes (966 MB) copied, 31.510822 s, 30.6 MB/s
2026-05-19 06:40:29,877 DEBUG   1002438656 bytes (1.0 GB) copied, 32.539873 s, 30.8 MB/s
2026-05-19 06:40:29,877 DEBUG   1039138816 bytes (1.0 GB) copied, 33.566818 s, 31.0 MB/s
2026-05-19 06:40:29,877 DEBUG   1070596096 bytes (1.1 GB) copied, 34.596971 s, 30.9 MB/s
2026-05-19 06:40:29,878 DEBUG   1024+0 records in
2026-05-19 06:40:29,878 DEBUG   1024+0 records out
2026-05-19 06:40:29,878 DEBUG   1073741824 bytes (1.1 GB) copied, 34.7289 s, 30.9 MB/s
2026-05-19 06:40:29,878 DEBUG   OK (disk op exit 0)
2026-05-19 06:40:29,878 WARNING Guest disk op wall 36.3s (vm='ahv_ins_delete-0-260514-191530' ip=10.114.50.38 op=create ec=0) — includes SSH + guest disk command; if still high, check guest disk throughput vs. MiB settings.
2026-05-19 06:40:29,878 DEBUG [100/566] VM 664a9b27… (ahv_ins_delete-0-260514-192738) via 10.114.53.27 op=create
2026-05-19 06:40:29,878 DEBUG   remote: bash -lc 'set -e; _bs(){ printf '"'"'BULK_SNAP_T %s %s\n'"'"' "$1" "$(date +%s.%N 2>/dev/null || date +%s)"; }; _bs guest_start; _bs pipeline_start; openssl enc -aes-256-ctr -pass pass:"testing" -nosalt < /dev/zero 2>/dev/null | dd of=/root/dummy_snapshot_data_1.img bs=1M count=1024 iflag=fullblock status=progress; ec=$?; _bs pipeline_done; _bs guest_end; exit $ec'
2026-05-19 06:40:41,886 DEBUG   BULK_SNAP_T guest_start 1779140424.490767782
2026-05-19 06:40:41,886 DEBUG   BULK_SNAP_T pipeline_start 1779140424.494107533
2026-05-19 06:40:41,886 DEBUG   BULK_SNAP_T pipeline_done 1779140438.247401588
2026-05-19 06:40:41,886 DEBUG   BULK_SNAP_T guest_end 1779140438.250509338
2026-05-19 06:40:41,886 DEBUG   
2026-05-19 06:40:41,886 DEBUG   30408704 bytes (30 MB) copied, 1.026036 s, 29.6 MB/s
2026-05-19 06:40:41,886 DEBUG   67108864 bytes (67 MB) copied, 2.085075 s, 32.2 MB/s
2026-05-19 06:40:41,886 DEBUG   99614720 bytes (100 MB) copied, 3.107259 s, 32.1 MB/s
2026-05-19 06:40:41,886 DEBUG   136314880 bytes (136 MB) copied, 4.128978 s, 33.0 MB/s
2026-05-19 06:40:41,886 DEBUG   219152384 bytes (219 MB) copied, 5.129155 s, 42.7 MB/s
2026-05-19 06:40:41,886 DEBUG   325058560 bytes (325 MB) copied, 6.140529 s, 52.9 MB/s
2026-05-19 06:40:41,886 DEBUG   422576128 bytes (423 MB) copied, 7.144247 s, 59.1 MB/s
2026-05-19 06:40:41,886 DEBUG   527433728 bytes (527 MB) copied, 8.154220 s, 64.7 MB/s
2026-05-19 06:40:41,886 DEBUG   624951296 bytes (625 MB) copied, 9.154887 s, 68.3 MB/s
2026-05-19 06:40:41,886 DEBUG   723517440 bytes (724 MB) copied, 10.170441 s, 71.1 MB/s
2026-05-19 06:40:41,886 DEBUG   809500672 bytes (810 MB) copied, 11.174412 s, 72.4 MB/s
2026-05-19 06:40:41,886 DEBUG   921698304 bytes (922 MB) copied, 12.174487 s, 75.7 MB/s
2026-05-19 06:40:41,886 DEBUG   1027604480 bytes (1.0 GB) copied, 13.175267 s, 78.0 MB/s
2026-05-19 06:40:41,886 DEBUG   1024+0 records in
2026-05-19 06:40:41,886 DEBUG   1024+0 records out
2026-05-19 06:40:41,886 DEBUG   1073741824 bytes (1.1 GB) copied, 13.678 s, 78.5 MB/s
2026-05-19 06:40:41,886 DEBUG   OK (disk op exit 0)
2026-05-19 06:40:41,887 DEBUG [101/566] VM cdcd2b6d… (ahv_ins_delete-0-260514-193040) via 10.114.48.43 op=create
2026-05-19 06:40:41,887 DEBUG   remote: bash -lc 'set -e; _bs(){ printf '"'"'BULK_SNAP_T %s %s\n'"'"' "$1" "$(date +%s.%N 2>/dev/null || date +%s)"; }; _bs guest_start; _bs pipeline_start; openssl enc -aes-256-ctr -pass pass:"testing" -nosalt < /dev/zero 2>/dev/null | dd of=/root/dummy_snapshot_data_1.img bs=1M count=1024 iflag=fullblock status=progress; ec=$?; _bs pipeline_done; _bs guest_end; exit $ec'
2026-05-19 06:40:43,638 DEBUG   BULK_SNAP_T guest_start 1779140402.682358837
2026-05-19 06:40:43,639 DEBUG   BULK_SNAP_T pipeline_start 1779140402.688440642
2026-05-19 06:40:43,639 DEBUG   BULK_SNAP_T pipeline_done 1779140440.417427647
2026-05-19 06:40:43,639 DEBUG   BULK_SNAP_T guest_end 1779140440.420152165
2026-05-19 06:40:43,639 DEBUG   
2026-05-19 06:40:43,639 DEBUG   27262976 bytes (27 MB) copied, 1.035743 s, 26.3 MB/s
2026-05-19 06:40:43,639 DEBUG   60817408 bytes (61 MB) copied, 2.045785 s, 29.7 MB/s
2026-05-19 06:40:43,639 DEBUG   88080384 bytes (88 MB) copied, 3.062776 s, 28.8 MB/s
2026-05-19 06:40:43,639 DEBUG   123731968 bytes (124 MB) copied, 4.085843 s, 30.3 MB/s
2026-05-19 06:40:43,639 DEBUG   152043520 bytes (152 MB) copied, 5.106799 s, 29.8 MB/s
2026-05-19 06:40:43,639 DEBUG   180355072 bytes (180 MB) copied, 6.141814 s, 29.4 MB/s
2026-05-19 06:40:43,639 DEBUG   211812352 bytes (212 MB) copied, 7.189851 s, 29.5 MB/s
2026-05-19 06:40:43,639 DEBUG   242221056 bytes (242 MB) copied, 8.223798 s, 29.5 MB/s
2026-05-19 06:40:43,639 DEBUG   274726912 bytes (275 MB) copied, 9.256343 s, 29.7 MB/s
2026-05-19 06:40:43,639 DEBUG   306184192 bytes (306 MB) copied, 10.271754 s, 29.8 MB/s
2026-05-19 06:40:43,639 DEBUG   338690048 bytes (339 MB) copied, 11.282167 s, 30.0 MB/s
2026-05-19 06:40:43,639 DEBUG   371195904 bytes (371 MB) copied, 12.286212 s, 30.2 MB/s
2026-05-19 06:40:43,639 DEBUG   397410304 bytes (397 MB) copied, 13.295843 s, 29.9 MB/s
2026-05-19 06:40:43,639 DEBUG   430964736 bytes (431 MB) copied, 14.296329 s, 30.1 MB/s
2026-05-19 06:40:43,639 DEBUG   465567744 bytes (466 MB) copied, 15.300804 s, 30.4 MB/s
2026-05-19 06:40:43,639 DEBUG   495976448 bytes (496 MB) copied, 16.327910 s, 30.4 MB/s
2026-05-19 06:40:43,639 DEBUG   530579456 bytes (531 MB) copied, 17.334848 s, 30.6 MB/s
2026-05-19 06:40:43,639 DEBUG   562036736 bytes (562 MB) copied, 18.354757 s, 30.6 MB/s
2026-05-19 06:40:43,639 DEBUG   597688320 bytes (598 MB) copied, 19.387783 s, 30.8 MB/s
2026-05-19 06:40:43,639 DEBUG   630194176 bytes (630 MB) copied, 20.414755 s, 30.9 MB/s
2026-05-19 06:40:43,639 DEBUG   667942912 bytes (668 MB) copied, 21.438733 s, 31.2 MB/s
2026-05-19 06:40:43,639 DEBUG   707788800 bytes (708 MB) copied, 22.473857 s, 31.5 MB/s
2026-05-19 06:40:43,639 DEBUG   741343232 bytes (741 MB) copied, 23.490768 s, 31.6 MB/s
2026-05-19 06:40:43,639 DEBUG   773849088 bytes (774 MB) copied, 24.520007 s, 31.6 MB/s
2026-05-19 06:40:43,639 DEBUG   806354944 bytes (806 MB) copied, 25.569944 s, 31.5 MB/s
2026-05-19 06:40:43,639 DEBUG   843055104 bytes (843 MB) copied, 26.611798 s, 31.7 MB/s
2026-05-19 06:40:43,639 DEBUG   869269504 bytes (869 MB) copied, 27.649846 s, 31.4 MB/s
2026-05-19 06:40:43,639 DEBUG   894435328 bytes (894 MB) copied, 28.672021 s, 31.2 MB/s
2026-05-19 06:40:43,639 DEBUG   914358272 bytes (914 MB) copied, 29.726802 s, 30.8 MB/s
2026-05-19 06:40:43,639 DEBUG   937426944 bytes (937 MB) copied, 30.795826 s, 30.4 MB/s
2026-05-19 06:40:43,639 DEBUG   955252736 bytes (955 MB) copied, 31.814039 s, 30.0 MB/s
2026-05-19 06:40:43,639 DEBUG   975175680 bytes (975 MB) copied, 32.907790 s, 29.6 MB/s
2026-05-19 06:40:43,639 DEBUG   994050048 bytes (994 MB) copied, 33.932791 s, 29.3 MB/s
2026-05-19 06:40:43,639 DEBUG   1010827264 bytes (1.0 GB) copied, 34.947790 s, 28.9 MB/s
2026-05-19 06:40:43,639 DEBUG   1029701632 bytes (1.0 GB) copied, 35.974824 s, 28.6 MB/s
2026-05-19 06:40:43,639 DEBUG   1056964608 bytes (1.1 GB) copied, 37.007778 s, 28.6 MB/s
2026-05-19 06:40:43,639 DEBUG   1024+0 records in
2026-05-19 06:40:43,639 DEBUG   1024+0 records out
2026-05-19 06:40:43,639 DEBUG   1073741824 bytes (1.1 GB) copied, 37.6369 s, 28.5 MB/s
2026-05-19 06:40:43,640 DEBUG   OK (disk op exit 0)
2026-05-19 06:40:43,640 WARNING Guest disk op wall 39.3s (vm='ahv_ins_delete-0-260514-192054' ip=10.114.51.142 op=create ec=0) — includes SSH + guest disk command; if still high, check guest disk throughput vs. MiB settings.
2026-05-19 06:40:43,640 DEBUG [102/566] VM 583256ae… (ahv_ins_delete-0-260514-193214) via 10.114.54.112 op=create
2026-05-19 06:40:43,640 DEBUG   remote: bash -lc 'set -e; _bs(){ printf '"'"'BULK_SNAP_T %s %s\n'"'"' "$1" "$(date +%s.%N 2>/dev/null || date +%s)"; }; _bs guest_start; _bs pipeline_start; openssl enc -aes-256-ctr -pass pass:"testing" -nosalt < /dev/zero 2>/dev/null | dd of=/root/dummy_snapshot_data_1.img bs=1M count=1024 iflag=fullblock status=progress; ec=$?; _bs pipeline_done; _bs guest_end; exit $ec'
2026-05-19 06:40:44,893 DEBUG   BULK_SNAP_T guest_start 1779140425.982995106
2026-05-19 06:40:44,894 DEBUG   BULK_SNAP_T pipeline_start 1779140425.985912146
2026-05-19 06:40:44,894 DEBUG   BULK_SNAP_T pipeline_done 1779140440.864464278
2026-05-19 06:40:44,894 DEBUG   BULK_SNAP_T guest_end 1779140440.866935805
2026-05-19 06:40:44,894 DEBUG   
2026-05-19 06:40:44,894 DEBUG   29360128 bytes (29 MB) copied, 1.043063 s, 28.1 MB/s
2026-05-19 06:40:44,894 DEBUG   65011712 bytes (65 MB) copied, 2.055771 s, 31.6 MB/s
2026-05-19 06:40:44,894 DEBUG   95420416 bytes (95 MB) copied, 3.110864 s, 30.7 MB/s
2026-05-19 06:40:44,894 DEBUG   119537664 bytes (120 MB) copied, 4.117992 s, 29.0 MB/s
2026-05-19 06:40:44,894 DEBUG   142606336 bytes (143 MB) copied, 5.134910 s, 27.8 MB/s
2026-05-19 06:40:44,894 DEBUG   210763776 bytes (211 MB) copied, 6.135770 s, 34.4 MB/s
2026-05-19 06:40:44,894 DEBUG   300941312 bytes (301 MB) copied, 7.140192 s, 42.1 MB/s
2026-05-19 06:40:44,894 DEBUG   404750336 bytes (405 MB) copied, 8.150302 s, 49.7 MB/s
2026-05-19 06:40:44,894 DEBUG   498073600 bytes (498 MB) copied, 9.159263 s, 54.4 MB/s
2026-05-19 06:40:44,894 DEBUG   583008256 bytes (583 MB) copied, 10.169119 s, 57.3 MB/s
2026-05-19 06:40:44,894 DEBUG   685768704 bytes (686 MB) copied, 11.201962 s, 61.2 MB/s
2026-05-19 06:40:44,894 DEBUG   786432000 bytes (786 MB) copied, 12.203189 s, 64.4 MB/s
2026-05-19 06:40:44,894 DEBUG   899678208 bytes (900 MB) copied, 13.209470 s, 68.1 MB/s
2026-05-19 06:40:44,894 DEBUG   1000341504 bytes (1.0 GB) copied, 14.211806 s, 70.4 MB/s
2026-05-19 06:40:44,894 DEBUG   1024+0 records in
2026-05-19 06:40:44,894 DEBUG   1024+0 records out
2026-05-19 06:40:44,894 DEBUG   1073741824 bytes (1.1 GB) copied, 14.7855 s, 72.6 MB/s
2026-05-19 06:40:44,894 DEBUG   OK (disk op exit 0)
2026-05-19 06:40:44,894 DEBUG [103/566] VM ee874d84… (ahv_ins_delete-0-260514-193248) via 10.114.54.59 op=create
2026-05-19 06:40:44,894 DEBUG   remote: bash -lc 'set -e; _bs(){ printf '"'"'BULK_SNAP_T %s %s\n'"'"' "$1" "$(date +%s.%N 2>/dev/null || date +%s)"; }; _bs guest_start; _bs pipeline_start; openssl enc -aes-256-ctr -pass pass:"testing" -nosalt < /dev/zero 2>/dev/null | dd of=/root/dummy_snapshot_data_1.img bs=1M count=1024 iflag=fullblock status=progress; ec=$?; _bs pipeline_done; _bs guest_end; exit $ec'
2026-05-19 06:40:48,139 DEBUG   BULK_SNAP_T guest_start 1779140407.137672697
2026-05-19 06:40:48,139 DEBUG   BULK_SNAP_T pipeline_start 1779140407.144240600
2026-05-19 06:40:48,139 DEBUG   BULK_SNAP_T pipeline_done 1779140445.040032145
2026-05-19 06:40:48,139 DEBUG   BULK_SNAP_T guest_end 1779140445.045887234
2026-05-19 06:40:48,139 DEBUG   
2026-05-19 06:40:48,139 DEBUG   28311552 bytes (28 MB) copied, 1.041154 s, 27.2 MB/s
2026-05-19 06:40:48,139 DEBUG   57671680 bytes (58 MB) copied, 2.081266 s, 27.7 MB/s
2026-05-19 06:40:48,139 DEBUG   88080384 bytes (88 MB) copied, 3.123259 s, 28.2 MB/s
2026-05-19 06:40:48,139 DEBUG   119537664 bytes (120 MB) copied, 4.137082 s, 28.9 MB/s
2026-05-19 06:40:48,139 DEBUG   149946368 bytes (150 MB) copied, 5.146430 s, 29.1 MB/s
2026-05-19 06:40:48,139 DEBUG   178257920 bytes (178 MB) copied, 6.169066 s, 28.9 MB/s
2026-05-19 06:40:48,139 DEBUG   214958080 bytes (215 MB) copied, 7.175211 s, 30.0 MB/s
2026-05-19 06:40:48,139 DEBUG   246415360 bytes (246 MB) copied, 8.217143 s, 30.0 MB/s
2026-05-19 06:40:48,139 DEBUG   268435456 bytes (268 MB) copied, 9.219088 s, 29.1 MB/s
2026-05-19 06:40:48,139 DEBUG   300941312 bytes (301 MB) copied, 10.243074 s, 29.4 MB/s
2026-05-19 06:40:48,139 DEBUG   332398592 bytes (332 MB) copied, 11.247046 s, 29.6 MB/s
2026-05-19 06:40:48,139 DEBUG   365953024 bytes (366 MB) copied, 12.263116 s, 29.8 MB/s
2026-05-19 06:40:48,139 DEBUG   400556032 bytes (401 MB) copied, 13.285136 s, 30.2 MB/s
2026-05-19 06:40:48,139 DEBUG   433061888 bytes (433 MB) copied, 14.301101 s, 30.3 MB/s
2026-05-19 06:40:48,139 DEBUG   467664896 bytes (468 MB) copied, 15.338131 s, 30.5 MB/s
2026-05-19 06:40:48,139 DEBUG   505413632 bytes (505 MB) copied, 16.371064 s, 30.9 MB/s
2026-05-19 06:40:48,139 DEBUG   543162368 bytes (543 MB) copied, 17.408096 s, 31.2 MB/s
2026-05-19 06:40:48,139 DEBUG   577765376 bytes (578 MB) copied, 18.420031 s, 31.4 MB/s
2026-05-19 06:40:48,139 DEBUG   611319808 bytes (611 MB) copied, 19.430083 s, 31.5 MB/s
2026-05-19 06:40:48,139 DEBUG   648019968 bytes (648 MB) copied, 20.454076 s, 31.7 MB/s
2026-05-19 06:40:48,139 DEBUG   679477248 bytes (679 MB) copied, 21.478139 s, 31.6 MB/s
2026-05-19 06:40:48,139 DEBUG   711983104 bytes (712 MB) copied, 22.489108 s, 31.7 MB/s
2026-05-19 06:40:48,139 DEBUG   737148928 bytes (737 MB) copied, 23.589051 s, 31.2 MB/s
2026-05-19 06:40:48,139 DEBUG   763363328 bytes (763 MB) copied, 24.630100 s, 31.0 MB/s
2026-05-19 06:40:48,139 DEBUG   785383424 bytes (785 MB) copied, 25.695091 s, 30.6 MB/s
2026-05-19 06:40:48,139 DEBUG   808452096 bytes (808 MB) copied, 26.697119 s, 30.3 MB/s
2026-05-19 06:40:48,139 DEBUG   832569344 bytes (833 MB) copied, 27.769095 s, 30.0 MB/s
2026-05-19 06:40:48,139 DEBUG   850395136 bytes (850 MB) copied, 28.841459 s, 29.5 MB/s
2026-05-19 06:40:48,139 DEBUG   869269504 bytes (869 MB) copied, 29.853277 s, 29.1 MB/s
2026-05-19 06:40:48,139 DEBUG   886046720 bytes (886 MB) copied, 30.971112 s, 28.6 MB/s
2026-05-19 06:40:48,140 DEBUG   907018240 bytes (907 MB) copied, 31.983177 s, 28.4 MB/s
2026-05-19 06:40:48,140 DEBUG   938475520 bytes (938 MB) copied, 33.057258 s, 28.4 MB/s
2026-05-19 06:40:48,140 DEBUG   963641344 bytes (964 MB) copied, 34.091043 s, 28.3 MB/s
2026-05-19 06:40:48,140 DEBUG   989855744 bytes (990 MB) copied, 35.133087 s, 28.2 MB/s
2026-05-19 06:40:48,140 DEBUG   1020264448 bytes (1.0 GB) copied, 36.156380 s, 28.2 MB/s
2026-05-19 06:40:48,140 DEBUG   1055916032 bytes (1.1 GB) copied, 37.197089 s, 28.4 MB/s
2026-05-19 06:40:48,140 DEBUG   1024+0 records in
2026-05-19 06:40:48,140 DEBUG   1024+0 records out
2026-05-19 06:40:48,140 DEBUG   1073741824 bytes (1.1 GB) copied, 37.8143 s, 28.4 MB/s
2026-05-19 06:40:48,140 DEBUG   OK (disk op exit 0)
2026-05-19 06:40:48,140 WARNING Guest disk op wall 39.5s (vm='ahv_ins_delete-0-260514-192123' ip=10.114.50.242 op=create ec=0) — includes SSH + guest disk command; if still high, check guest disk throughput vs. MiB settings.
2026-05-19 06:40:48,140 DEBUG [104/566] VM 7783a5e9… (ahv_ins_delete-0-260514-193330) via 10.114.48.98 op=create
2026-05-19 06:40:48,140 DEBUG   remote: bash -lc 'set -e; _bs(){ printf '"'"'BULK_SNAP_T %s %s\n'"'"' "$1" "$(date +%s.%N 2>/dev/null || date +%s)"; }; _bs guest_start; _bs pipeline_start; openssl enc -aes-256-ctr -pass pass:"testing" -nosalt < /dev/zero 2>/dev/null | dd of=/root/dummy_snapshot_data_1.img bs=1M count=1024 iflag=fullblock status=progress; ec=$?; _bs pipeline_done; _bs guest_end; exit $ec'
2026-05-19 06:40:51,390 DEBUG   BULK_SNAP_T guest_start 1779140411.828787242
2026-05-19 06:40:51,391 DEBUG   BULK_SNAP_T pipeline_start 1779140411.835788391
2026-05-19 06:40:51,391 DEBUG   BULK_SNAP_T pipeline_done 1779140448.176714139
2026-05-19 06:40:51,391 DEBUG   BULK_SNAP_T guest_end 1779140448.182294509
2026-05-19 06:40:51,391 DEBUG   
2026-05-19 06:40:51,391 DEBUG   30408704 bytes (30 MB) copied, 1.000799 s, 30.4 MB/s
2026-05-19 06:40:51,391 DEBUG   66060288 bytes (66 MB) copied, 2.017072 s, 32.8 MB/s
2026-05-19 06:40:51,391 DEBUG   98566144 bytes (99 MB) copied, 3.033711 s, 32.5 MB/s
2026-05-19 06:40:51,391 DEBUG   124780544 bytes (125 MB) copied, 4.041077 s, 30.9 MB/s
2026-05-19 06:40:51,391 DEBUG   153092096 bytes (153 MB) copied, 5.081634 s, 30.1 MB/s
2026-05-19 06:40:51,391 DEBUG   186646528 bytes (187 MB) copied, 6.116780 s, 30.5 MB/s
2026-05-19 06:40:51,391 DEBUG   221249536 bytes (221 MB) copied, 7.159947 s, 30.9 MB/s
2026-05-19 06:40:51,391 DEBUG   254803968 bytes (255 MB) copied, 8.162078 s, 31.2 MB/s
2026-05-19 06:40:51,391 DEBUG   287309824 bytes (287 MB) copied, 9.175634 s, 31.3 MB/s
2026-05-19 06:40:51,391 DEBUG   318767104 bytes (319 MB) copied, 10.196638 s, 31.3 MB/s
2026-05-19 06:40:51,391 DEBUG   346030080 bytes (346 MB) copied, 11.201638 s, 30.9 MB/s
2026-05-19 06:40:51,391 DEBUG   379584512 bytes (380 MB) copied, 12.206810 s, 31.1 MB/s
2026-05-19 06:40:51,391 DEBUG   419430400 bytes (419 MB) copied, 13.225670 s, 31.7 MB/s
2026-05-19 06:40:51,391 DEBUG   451936256 bytes (452 MB) copied, 14.242663 s, 31.7 MB/s
2026-05-19 06:40:51,391 DEBUG   484442112 bytes (484 MB) copied, 15.295838 s, 31.7 MB/s
2026-05-19 06:40:51,391 DEBUG   523239424 bytes (523 MB) copied, 16.303202 s, 32.1 MB/s
2026-05-19 06:40:51,391 DEBUG   562036736 bytes (562 MB) copied, 17.304796 s, 32.5 MB/s
2026-05-19 06:40:51,391 DEBUG   591396864 bytes (591 MB) copied, 18.334639 s, 32.3 MB/s
2026-05-19 06:40:51,391 DEBUG   617611264 bytes (618 MB) copied, 19.363675 s, 31.9 MB/s
2026-05-19 06:40:51,391 DEBUG   638582784 bytes (639 MB) copied, 20.364660 s, 31.4 MB/s
2026-05-19 06:40:51,391 DEBUG   659554304 bytes (660 MB) copied, 21.418764 s, 30.8 MB/s
2026-05-19 06:40:51,391 DEBUG   680525824 bytes (681 MB) copied, 22.464697 s, 30.3 MB/s
2026-05-19 06:40:51,391 DEBUG   702545920 bytes (703 MB) copied, 23.489045 s, 29.9 MB/s
2026-05-19 06:40:51,391 DEBUG   719323136 bytes (719 MB) copied, 24.559844 s, 29.3 MB/s
2026-05-19 06:40:51,391 DEBUG   739246080 bytes (739 MB) copied, 25.612757 s, 28.9 MB/s
2026-05-19 06:40:51,391 DEBUG   757071872 bytes (757 MB) copied, 26.677887 s, 28.4 MB/s
2026-05-19 06:40:51,391 DEBUG   789577728 bytes (790 MB) copied, 27.691692 s, 28.5 MB/s
2026-05-19 06:40:51,391 DEBUG   818937856 bytes (819 MB) copied, 28.704763 s, 28.5 MB/s
2026-05-19 06:40:51,391 DEBUG   847249408 bytes (847 MB) copied, 29.778662 s, 28.5 MB/s
2026-05-19 06:40:51,391 DEBUG   882900992 bytes (883 MB) copied, 30.779783 s, 28.7 MB/s
2026-05-19 06:40:51,391 DEBUG   920649728 bytes (921 MB) copied, 31.820672 s, 28.9 MB/s
2026-05-19 06:40:51,391 DEBUG   956301312 bytes (956 MB) copied, 32.852694 s, 29.1 MB/s
2026-05-19 06:40:51,391 DEBUG   993001472 bytes (993 MB) copied, 33.877740 s, 29.3 MB/s
2026-05-19 06:40:51,391 DEBUG   1031798784 bytes (1.0 GB) copied, 34.905712 s, 29.6 MB/s
2026-05-19 06:40:51,391 DEBUG   1065353216 bytes (1.1 GB) copied, 35.908905 s, 29.7 MB/s
2026-05-19 06:40:51,391 DEBUG   1024+0 records in
2026-05-19 06:40:51,391 DEBUG   1024+0 records out
2026-05-19 06:40:51,391 DEBUG   1073741824 bytes (1.1 GB) copied, 36.2578 s, 29.6 MB/s
2026-05-19 06:40:51,391 DEBUG   OK (disk op exit 0)
2026-05-19 06:40:51,392 WARNING Guest disk op wall 37.8s (vm='ahv_ins_delete-0-260514-192200' ip=10.114.52.45 op=create ec=0) — includes SSH + guest disk command; if still high, check guest disk throughput vs. MiB settings.
2026-05-19 06:40:51,392 DEBUG [105/566] VM ef7ed064… (ahv_ins_delete-0-260514-193347) via 10.114.48.37 op=create
2026-05-19 06:40:51,392 DEBUG   remote: bash -lc 'set -e; _bs(){ printf '"'"'BULK_SNAP_T %s %s\n'"'"' "$1" "$(date +%s.%N 2>/dev/null || date +%s)"; }; _bs guest_start; _bs pipeline_start; openssl enc -aes-256-ctr -pass pass:"testing" -nosalt < /dev/zero 2>/dev/null | dd of=/root/dummy_snapshot_data_1.img bs=1M count=1024 iflag=fullblock status=progress; ec=$?; _bs pipeline_done; _bs guest_end; exit $ec'
2026-05-19 06:40:53,892 DEBUG   BULK_SNAP_T guest_start 1779140413.853987736
2026-05-19 06:40:53,892 DEBUG   BULK_SNAP_T pipeline_start 1779140413.861810935
2026-05-19 06:40:53,892 DEBUG   BULK_SNAP_T pipeline_done 1779140450.977513100
2026-05-19 06:40:53,892 DEBUG   BULK_SNAP_T guest_end 1779140450.984297548
2026-05-19 06:40:53,892 DEBUG   
2026-05-19 06:40:53,892 DEBUG   30408704 bytes (30 MB) copied, 1.005766 s, 30.2 MB/s
2026-05-19 06:40:53,892 DEBUG   58720256 bytes (59 MB) copied, 2.005978 s, 29.3 MB/s
2026-05-19 06:40:53,892 DEBUG   88080384 bytes (88 MB) copied, 3.033749 s, 29.0 MB/s
2026-05-19 06:40:53,892 DEBUG   120586240 bytes (121 MB) copied, 4.039695 s, 29.9 MB/s
2026-05-19 06:40:53,892 DEBUG   148897792 bytes (149 MB) copied, 5.060673 s, 29.4 MB/s
2026-05-19 06:40:53,892 DEBUG   180355072 bytes (180 MB) copied, 6.065735 s, 29.7 MB/s
2026-05-19 06:40:53,892 DEBUG   208666624 bytes (209 MB) copied, 7.065942 s, 29.5 MB/s
2026-05-19 06:40:53,892 DEBUG   241172480 bytes (241 MB) copied, 8.097667 s, 29.8 MB/s
2026-05-19 06:40:53,892 DEBUG   275775488 bytes (276 MB) copied, 9.119716 s, 30.2 MB/s
2026-05-19 06:40:53,892 DEBUG   309329920 bytes (309 MB) copied, 10.134678 s, 30.5 MB/s
2026-05-19 06:40:53,892 DEBUG   351272960 bytes (351 MB) copied, 11.163653 s, 31.5 MB/s
2026-05-19 06:40:53,892 DEBUG   384827392 bytes (385 MB) copied, 12.178776 s, 31.6 MB/s
2026-05-19 06:40:53,892 DEBUG   418381824 bytes (418 MB) copied, 13.181660 s, 31.7 MB/s
2026-05-19 06:40:53,892 DEBUG   451936256 bytes (452 MB) copied, 14.211667 s, 31.8 MB/s
2026-05-19 06:40:53,892 DEBUG   483393536 bytes (483 MB) copied, 15.217677 s, 31.8 MB/s
2026-05-19 06:40:53,892 DEBUG   511705088 bytes (512 MB) copied, 16.222791 s, 31.5 MB/s
2026-05-19 06:40:53,892 DEBUG   536870912 bytes (537 MB) copied, 17.241762 s, 31.1 MB/s
2026-05-19 06:40:53,892 DEBUG   557842432 bytes (558 MB) copied, 18.268796 s, 30.5 MB/s
2026-05-19 06:40:53,892 DEBUG   576716800 bytes (577 MB) copied, 19.305846 s, 29.9 MB/s
2026-05-19 06:40:53,892 DEBUG   597688320 bytes (598 MB) copied, 20.354759 s, 29.4 MB/s
2026-05-19 06:40:53,892 DEBUG   619708416 bytes (620 MB) copied, 21.394661 s, 29.0 MB/s
2026-05-19 06:40:53,892 DEBUG   636485632 bytes (636 MB) copied, 22.409682 s, 28.4 MB/s
2026-05-19 06:40:53,892 DEBUG   652214272 bytes (652 MB) copied, 23.461726 s, 27.8 MB/s
2026-05-19 06:40:53,892 DEBUG   671088640 bytes (671 MB) copied, 24.564617 s, 27.3 MB/s
2026-05-19 06:40:53,892 DEBUG   699400192 bytes (699 MB) copied, 25.577695 s, 27.3 MB/s
2026-05-19 06:40:53,892 DEBUG   731906048 bytes (732 MB) copied, 26.597000 s, 27.5 MB/s
2026-05-19 06:40:53,893 DEBUG   753926144 bytes (754 MB) copied, 27.597926 s, 27.3 MB/s
2026-05-19 06:40:53,893 DEBUG   784334848 bytes (784 MB) copied, 28.609991 s, 27.4 MB/s
2026-05-19 06:40:53,893 DEBUG   817889280 bytes (818 MB) copied, 29.618711 s, 27.6 MB/s
2026-05-19 06:40:53,893 DEBUG   852492288 bytes (852 MB) copied, 30.621285 s, 27.8 MB/s
2026-05-19 06:40:53,893 DEBUG   884998144 bytes (885 MB) copied, 31.623838 s, 28.0 MB/s
2026-05-19 06:40:53,893 DEBUG   919601152 bytes (920 MB) copied, 32.633669 s, 28.2 MB/s
2026-05-19 06:40:53,893 DEBUG   952107008 bytes (952 MB) copied, 33.639680 s, 28.3 MB/s
2026-05-19 06:40:53,893 DEBUG   985661440 bytes (986 MB) copied, 34.678681 s, 28.4 MB/s
2026-05-19 06:40:53,893 DEBUG   1025507328 bytes (1.0 GB) copied, 35.679779 s, 28.7 MB/s
2026-05-19 06:40:53,893 DEBUG   1062207488 bytes (1.1 GB) copied, 36.698700 s, 28.9 MB/s
2026-05-19 06:40:53,893 DEBUG   1024+0 records in
2026-05-19 06:40:53,893 DEBUG   1024+0 records out
2026-05-19 06:40:53,893 DEBUG   1073741824 bytes (1.1 GB) copied, 37.0218 s, 29.0 MB/s
2026-05-19 06:40:53,893 DEBUG   OK (disk op exit 0)
2026-05-19 06:40:53,893 WARNING Guest disk op wall 38.5s (vm='ahv_ins_delete-0-260514-192203' ip=10.114.51.110 op=create ec=0) — includes SSH + guest disk command; if still high, check guest disk throughput vs. MiB settings.
2026-05-19 06:40:53,893 DEBUG [106/566] VM 1babbf2a… (ahv_ins_delete-0-260514-193551) via 10.114.52.143 op=create
2026-05-19 06:40:53,893 DEBUG   remote: bash -lc 'set -e; _bs(){ printf '"'"'BULK_SNAP_T %s %s\n'"'"' "$1" "$(date +%s.%N 2>/dev/null || date +%s)"; }; _bs guest_start; _bs pipeline_start; openssl enc -aes-256-ctr -pass pass:"testing" -nosalt < /dev/zero 2>/dev/null | dd of=/root/dummy_snapshot_data_1.img bs=1M count=1024 iflag=fullblock status=progress; ec=$?; _bs pipeline_done; _bs guest_end; exit $ec'
2026-05-19 06:40:57,143 DEBUG   BULK_SNAP_T guest_start 1779140418.470595346
2026-05-19 06:40:57,144 DEBUG   BULK_SNAP_T pipeline_start 1779140418.475056549
2026-05-19 06:40:57,144 DEBUG   BULK_SNAP_T pipeline_done 1779140454.581878010
2026-05-19 06:40:57,144 DEBUG   BULK_SNAP_T guest_end 1779140454.589074103
2026-05-19 06:40:57,144 DEBUG   
2026-05-19 06:40:57,144 DEBUG   30408704 bytes (30 MB) copied, 1.003574 s, 30.3 MB/s
2026-05-19 06:40:57,144 DEBUG   65011712 bytes (65 MB) copied, 2.026573 s, 32.1 MB/s
2026-05-19 06:40:57,144 DEBUG   96468992 bytes (96 MB) copied, 3.029520 s, 31.8 MB/s
2026-05-19 06:40:57,144 DEBUG   126877696 bytes (127 MB) copied, 4.041498 s, 31.4 MB/s
2026-05-19 06:40:57,144 DEBUG   160432128 bytes (160 MB) copied, 5.055877 s, 31.7 MB/s
2026-05-19 06:40:57,144 DEBUG   199229440 bytes (199 MB) copied, 6.091548 s, 32.7 MB/s
2026-05-19 06:40:57,144 DEBUG   238026752 bytes (238 MB) copied, 7.116989 s, 33.4 MB/s
2026-05-19 06:40:57,144 DEBUG   269484032 bytes (269 MB) copied, 8.152576 s, 33.1 MB/s
2026-05-19 06:40:57,144 DEBUG   306184192 bytes (306 MB) copied, 9.159576 s, 33.4 MB/s
2026-05-19 06:40:57,144 DEBUG   339738624 bytes (340 MB) copied, 10.202494 s, 33.3 MB/s
2026-05-19 06:40:57,144 DEBUG   371195904 bytes (371 MB) copied, 11.236529 s, 33.0 MB/s
2026-05-19 06:40:57,144 DEBUG   398458880 bytes (398 MB) copied, 12.268573 s, 32.5 MB/s
2026-05-19 06:40:57,144 DEBUG   424673280 bytes (425 MB) copied, 13.379487 s, 31.7 MB/s
2026-05-19 06:40:57,144 DEBUG   448790528 bytes (449 MB) copied, 14.423544 s, 31.1 MB/s
2026-05-19 06:40:57,144 DEBUG   467664896 bytes (468 MB) copied, 15.508519 s, 30.2 MB/s
2026-05-19 06:40:57,144 DEBUG   489684992 bytes (490 MB) copied, 16.538935 s, 29.6 MB/s
2026-05-19 06:40:57,144 DEBUG   508559360 bytes (509 MB) copied, 17.564519 s, 29.0 MB/s
2026-05-19 06:40:57,144 DEBUG   525336576 bytes (525 MB) copied, 18.597552 s, 28.2 MB/s
2026-05-19 06:40:57,144 DEBUG   541065216 bytes (541 MB) copied, 19.605540 s, 27.6 MB/s
2026-05-19 06:40:57,144 DEBUG   558891008 bytes (559 MB) copied, 20.648536 s, 27.1 MB/s
2026-05-19 06:40:57,144 DEBUG   589299712 bytes (589 MB) copied, 21.673469 s, 27.2 MB/s
2026-05-19 06:40:57,144 DEBUG   619708416 bytes (620 MB) copied, 22.674475 s, 27.3 MB/s
2026-05-19 06:40:57,144 DEBUG   644874240 bytes (645 MB) copied, 23.725507 s, 27.2 MB/s
2026-05-19 06:40:57,144 DEBUG   684720128 bytes (685 MB) copied, 24.756495 s, 27.7 MB/s
2026-05-19 06:40:57,144 DEBUG   721420288 bytes (721 MB) copied, 25.757514 s, 28.0 MB/s
2026-05-19 06:40:57,144 DEBUG   758120448 bytes (758 MB) copied, 26.814532 s, 28.3 MB/s
2026-05-19 06:40:57,144 DEBUG   788529152 bytes (789 MB) copied, 27.846502 s, 28.3 MB/s
2026-05-19 06:40:57,144 DEBUG   823132160 bytes (823 MB) copied, 28.863550 s, 28.5 MB/s
2026-05-19 06:40:57,144 DEBUG   853540864 bytes (854 MB) copied, 29.897527 s, 28.5 MB/s
2026-05-19 06:40:57,144 DEBUG   886046720 bytes (886 MB) copied, 30.916540 s, 28.7 MB/s
2026-05-19 06:40:57,144 DEBUG   927989760 bytes (928 MB) copied, 31.955498 s, 29.0 MB/s
2026-05-19 06:40:57,144 DEBUG   961544192 bytes (962 MB) copied, 32.961516 s, 29.2 MB/s
2026-05-19 06:40:57,144 DEBUG   1002438656 bytes (1.0 GB) copied, 33.967559 s, 29.5 MB/s
2026-05-19 06:40:57,144 DEBUG   1039138816 bytes (1.0 GB) copied, 34.992758 s, 29.7 MB/s
2026-05-19 06:40:57,144 DEBUG   1072693248 bytes (1.1 GB) copied, 35.994520 s, 29.8 MB/s
2026-05-19 06:40:57,144 DEBUG   1024+0 records in
2026-05-19 06:40:57,144 DEBUG   1024+0 records out
2026-05-19 06:40:57,144 DEBUG   1073741824 bytes (1.1 GB) copied, 36.0358 s, 29.8 MB/s
2026-05-19 06:40:57,144 DEBUG   OK (disk op exit 0)
2026-05-19 06:40:57,145 WARNING Guest disk op wall 37.5s (vm='ahv_ins_delete-0-260514-192208' ip=10.114.51.91 op=create ec=0) — includes SSH + guest disk command; if still high, check guest disk throughput vs. MiB settings.
2026-05-19 06:40:57,145 DEBUG [107/566] VM c7e22a48… (ahv_ins_delete-0-260514-193713) via 10.114.50.12 op=create
2026-05-19 06:40:57,145 DEBUG   remote: bash -lc 'set -e; _bs(){ printf '"'"'BULK_SNAP_T %s %s\n'"'"' "$1" "$(date +%s.%N 2>/dev/null || date +%s)"; }; _bs guest_start; _bs pipeline_start; openssl enc -aes-256-ctr -pass pass:"testing" -nosalt < /dev/zero 2>/dev/null | dd of=/root/dummy_snapshot_data_1.img bs=1M count=1024 iflag=fullblock status=progress; ec=$?; _bs pipeline_done; _bs guest_end; exit $ec'
2026-05-19 06:41:00,399 DEBUG   BULK_SNAP_T guest_start 1779140419.256285873
2026-05-19 06:41:00,399 DEBUG   BULK_SNAP_T pipeline_start 1779140419.260966419
2026-05-19 06:41:00,399 DEBUG   BULK_SNAP_T pipeline_done 1779140457.050909514
2026-05-19 06:41:00,399 DEBUG   BULK_SNAP_T guest_end 1779140457.055329239
2026-05-19 06:41:00,399 DEBUG   
2026-05-19 06:41:00,399 DEBUG   31457280 bytes (31 MB) copied, 1.008856 s, 31.2 MB/s
2026-05-19 06:41:00,399 DEBUG   62914560 bytes (63 MB) copied, 2.077796 s, 30.3 MB/s
2026-05-19 06:41:00,399 DEBUG   99614720 bytes (100 MB) copied, 3.100831 s, 32.1 MB/s
2026-05-19 06:41:00,399 DEBUG   130023424 bytes (130 MB) copied, 4.105812 s, 31.7 MB/s
2026-05-19 06:41:00,399 DEBUG   162529280 bytes (163 MB) copied, 5.125922 s, 31.7 MB/s
2026-05-19 06:41:00,399 DEBUG   202375168 bytes (202 MB) copied, 6.223804 s, 32.5 MB/s
2026-05-19 06:41:00,399 DEBUG   235929600 bytes (236 MB) copied, 7.272883 s, 32.4 MB/s
2026-05-19 06:41:00,399 DEBUG   272629760 bytes (273 MB) copied, 8.311870 s, 32.8 MB/s
2026-05-19 06:41:00,400 DEBUG   306184192 bytes (306 MB) copied, 9.351874 s, 32.7 MB/s
2026-05-19 06:41:00,400 DEBUG   337641472 bytes (338 MB) copied, 10.388825 s, 32.5 MB/s
2026-05-19 06:41:00,400 DEBUG   361758720 bytes (362 MB) copied, 11.397806 s, 31.7 MB/s
2026-05-19 06:41:00,400 DEBUG   386924544 bytes (387 MB) copied, 12.457316 s, 31.1 MB/s
2026-05-19 06:41:00,400 DEBUG   409993216 bytes (410 MB) copied, 13.504849 s, 30.4 MB/s
2026-05-19 06:41:00,400 DEBUG   427819008 bytes (428 MB) copied, 14.525937 s, 29.5 MB/s
2026-05-19 06:41:00,400 DEBUG   445644800 bytes (446 MB) copied, 15.543814 s, 28.7 MB/s
2026-05-19 06:41:00,400 DEBUG   463470592 bytes (463 MB) copied, 16.547838 s, 28.0 MB/s
2026-05-19 06:41:00,400 DEBUG   480247808 bytes (480 MB) copied, 17.575817 s, 27.3 MB/s
2026-05-19 06:41:00,400 DEBUG   497025024 bytes (497 MB) copied, 18.671862 s, 26.6 MB/s
2026-05-19 06:41:00,400 DEBUG   519045120 bytes (519 MB) copied, 19.680806 s, 26.4 MB/s
2026-05-19 06:41:00,400 DEBUG   546308096 bytes (546 MB) copied, 20.701847 s, 26.4 MB/s
2026-05-19 06:41:00,400 DEBUG   572522496 bytes (573 MB) copied, 21.711789 s, 26.4 MB/s
2026-05-19 06:41:00,400 DEBUG   600834048 bytes (601 MB) copied, 22.745944 s, 26.4 MB/s
2026-05-19 06:41:00,400 DEBUG   634388480 bytes (634 MB) copied, 23.762028 s, 26.7 MB/s
2026-05-19 06:41:00,400 DEBUG   666894336 bytes (667 MB) copied, 24.773794 s, 26.9 MB/s
2026-05-19 06:41:00,400 DEBUG   698351616 bytes (698 MB) copied, 25.775871 s, 27.1 MB/s
2026-05-19 06:41:00,400 DEBUG   734003200 bytes (734 MB) copied, 26.813328 s, 27.4 MB/s
2026-05-19 06:41:00,400 DEBUG   767557632 bytes (768 MB) copied, 27.850938 s, 27.6 MB/s
2026-05-19 06:41:00,400 DEBUG   797966336 bytes (798 MB) copied, 28.896900 s, 27.6 MB/s
2026-05-19 06:41:00,400 DEBUG   829423616 bytes (829 MB) copied, 29.900842 s, 27.7 MB/s
2026-05-19 06:41:00,400 DEBUG   865075200 bytes (865 MB) copied, 30.948828 s, 28.0 MB/s
2026-05-19 06:41:00,400 DEBUG   895483904 bytes (895 MB) copied, 31.966056 s, 28.0 MB/s
2026-05-19 06:41:00,400 DEBUG   929038336 bytes (929 MB) copied, 32.977381 s, 28.2 MB/s
2026-05-19 06:41:00,400 DEBUG   959447040 bytes (959 MB) copied, 33.988862 s, 28.2 MB/s
2026-05-19 06:41:00,400 DEBUG   990904320 bytes (991 MB) copied, 34.999874 s, 28.3 MB/s
2026-05-19 06:41:00,400 DEBUG   1025507328 bytes (1.0 GB) copied, 36.005073 s, 28.5 MB/s
2026-05-19 06:41:00,400 DEBUG   1055916032 bytes (1.1 GB) copied, 37.089823 s, 28.5 MB/s
2026-05-19 06:41:00,400 DEBUG   1024+0 records in
2026-05-19 06:41:00,400 DEBUG   1024+0 records out
2026-05-19 06:41:00,400 DEBUG   1073741824 bytes (1.1 GB) copied, 37.6939 s, 28.5 MB/s
2026-05-19 06:41:00,400 DEBUG   OK (disk op exit 0)
2026-05-19 06:41:00,401 WARNING Guest disk op wall 39.3s (vm='ahv_ins_delete-0-260514-192546' ip=10.114.50.120 op=create ec=0) — includes SSH + guest disk command; if still high, check guest disk throughput vs. MiB settings.
2026-05-19 06:41:00,401 DEBUG [108/566] VM d9201f5f… (ahv_ins_delete-0-260514-193751) via 10.114.49.253 op=create
2026-05-19 06:41:00,401 DEBUG   remote: bash -lc 'set -e; _bs(){ printf '"'"'BULK_SNAP_T %s %s\n'"'"' "$1" "$(date +%s.%N 2>/dev/null || date +%s)"; }; _bs guest_start; _bs pipeline_start; openssl enc -aes-256-ctr -pass pass:"testing" -nosalt < /dev/zero 2>/dev/null | dd of=/root/dummy_snapshot_data_1.img bs=1M count=1024 iflag=fullblock status=progress; ec=$?; _bs pipeline_done; _bs guest_end; exit $ec'
2026-05-19 06:41:04,901 DEBUG   BULK_SNAP_T guest_start 1779140425.493471586
2026-05-19 06:41:04,901 DEBUG   BULK_SNAP_T pipeline_start 1779140425.498621851
2026-05-19 06:41:04,901 DEBUG   BULK_SNAP_T pipeline_done 1779140461.905828666
2026-05-19 06:41:04,901 DEBUG   BULK_SNAP_T guest_end 1779140461.907321549
2026-05-19 06:41:04,902 DEBUG   
2026-05-19 06:41:04,902 DEBUG   30408704 bytes (30 MB) copied, 1.007892 s, 30.2 MB/s
2026-05-19 06:41:04,902 DEBUG   68157440 bytes (68 MB) copied, 2.030878 s, 33.6 MB/s
2026-05-19 06:41:04,902 DEBUG   103809024 bytes (104 MB) copied, 3.034282 s, 34.2 MB/s
2026-05-19 06:41:04,902 DEBUG   139460608 bytes (139 MB) copied, 4.056936 s, 34.4 MB/s
2026-05-19 06:41:04,902 DEBUG   166723584 bytes (167 MB) copied, 5.082929 s, 32.8 MB/s
2026-05-19 06:41:04,902 DEBUG   195035136 bytes (195 MB) copied, 6.146116 s, 31.7 MB/s
2026-05-19 06:41:04,902 DEBUG   218103808 bytes (218 MB) copied, 7.153881 s, 30.5 MB/s
2026-05-19 06:41:04,902 DEBUG   239075328 bytes (239 MB) copied, 8.180841 s, 29.2 MB/s
2026-05-19 06:41:04,902 DEBUG   260046848 bytes (260 MB) copied, 9.203893 s, 28.3 MB/s
2026-05-19 06:41:04,902 DEBUG   278921216 bytes (279 MB) copied, 10.238868 s, 27.2 MB/s
2026-05-19 06:41:04,902 DEBUG   294649856 bytes (295 MB) copied, 11.249317 s, 26.2 MB/s
2026-05-19 06:41:04,902 DEBUG   315621376 bytes (316 MB) copied, 12.328817 s, 25.6 MB/s
2026-05-19 06:41:04,902 DEBUG   332398592 bytes (332 MB) copied, 13.430873 s, 24.7 MB/s
2026-05-19 06:41:04,902 DEBUG   361758720 bytes (362 MB) copied, 14.438853 s, 25.1 MB/s
2026-05-19 06:41:04,902 DEBUG   389021696 bytes (389 MB) copied, 15.450888 s, 25.2 MB/s
2026-05-19 06:41:04,902 DEBUG   416284672 bytes (416 MB) copied, 16.459561 s, 25.3 MB/s
2026-05-19 06:41:04,902 DEBUG   451936256 bytes (452 MB) copied, 17.491057 s, 25.8 MB/s
2026-05-19 06:41:04,902 DEBUG   484442112 bytes (484 MB) copied, 18.499829 s, 26.2 MB/s
2026-05-19 06:41:04,902 DEBUG   511705088 bytes (512 MB) copied, 19.515833 s, 26.2 MB/s
2026-05-19 06:41:04,902 DEBUG   540016640 bytes (540 MB) copied, 20.529933 s, 26.3 MB/s
2026-05-19 06:41:04,902 DEBUG   575668224 bytes (576 MB) copied, 21.534270 s, 26.7 MB/s
2026-05-19 06:41:04,902 DEBUG   610271232 bytes (610 MB) copied, 22.569963 s, 27.0 MB/s
2026-05-19 06:41:04,902 DEBUG   646971392 bytes (647 MB) copied, 23.596874 s, 27.4 MB/s
2026-05-19 06:41:04,902 DEBUG   680525824 bytes (681 MB) copied, 24.639886 s, 27.6 MB/s
2026-05-19 06:41:04,902 DEBUG   711983104 bytes (712 MB) copied, 25.664885 s, 27.7 MB/s
2026-05-19 06:41:04,902 DEBUG   749731840 bytes (750 MB) copied, 26.678263 s, 28.1 MB/s
2026-05-19 06:41:04,902 DEBUG   778043392 bytes (778 MB) copied, 27.686881 s, 28.1 MB/s
2026-05-19 06:41:04,902 DEBUG   813694976 bytes (814 MB) copied, 28.701932 s, 28.3 MB/s
2026-05-19 06:41:04,902 DEBUG   846200832 bytes (846 MB) copied, 29.746930 s, 28.4 MB/s
2026-05-19 06:41:04,902 DEBUG   871366656 bytes (871 MB) copied, 30.767941 s, 28.3 MB/s
2026-05-19 06:41:04,902 DEBUG   905969664 bytes (906 MB) copied, 31.770852 s, 28.5 MB/s
2026-05-19 06:41:04,902 DEBUG   938475520 bytes (938 MB) copied, 32.824850 s, 28.6 MB/s
2026-05-19 06:41:04,902 DEBUG   977272832 bytes (977 MB) copied, 33.837872 s, 28.9 MB/s
2026-05-19 06:41:04,902 DEBUG   1012924416 bytes (1.0 GB) copied, 34.851148 s, 29.1 MB/s
2026-05-19 06:41:04,902 DEBUG   1053818880 bytes (1.1 GB) copied, 35.864204 s, 29.4 MB/s
2026-05-19 06:41:04,902 DEBUG   1024+0 records in
2026-05-19 06:41:04,902 DEBUG   1024+0 records out
2026-05-19 06:41:04,902 DEBUG   1073741824 bytes (1.1 GB) copied, 36.3434 s, 29.5 MB/s
2026-05-19 06:41:04,902 DEBUG   OK (disk op exit 0)
2026-05-19 06:41:04,903 WARNING Guest disk op wall 37.8s (vm='ahv_ins_delete-0-260514-192726' ip=10.114.51.132 op=create ec=0) — includes SSH + guest disk command; if still high, check guest disk throughput vs. MiB settings.
2026-05-19 06:41:04,903 DEBUG [109/566] VM 7d258170… (ahv_ins_delete-0-260514-193843) via 10.114.54.21 op=create
2026-05-19 06:41:04,903 DEBUG   remote: bash -lc 'set -e; _bs(){ printf '"'"'BULK_SNAP_T %s %s\n'"'"' "$1" "$(date +%s.%N 2>/dev/null || date +%s)"; }; _bs guest_start; _bs pipeline_start; openssl enc -aes-256-ctr -pass pass:"testing" -nosalt < /dev/zero 2>/dev/null | dd of=/root/dummy_snapshot_data_1.img bs=1M count=1024 iflag=fullblock status=progress; ec=$?; _bs pipeline_done; _bs guest_end; exit $ec'
2026-05-19 06:41:09,652 DEBUG   BULK_SNAP_T guest_start 1779140427.499627252
2026-05-19 06:41:09,652 DEBUG   BULK_SNAP_T pipeline_start 1779140427.501986961
2026-05-19 06:41:09,652 DEBUG   BULK_SNAP_T pipeline_done 1779140465.936103448
2026-05-19 06:41:09,652 DEBUG   BULK_SNAP_T guest_end 1779140465.942175075
2026-05-19 06:41:09,652 DEBUG   
2026-05-19 06:41:09,652 DEBUG   32505856 bytes (33 MB) copied, 1.010295 s, 32.2 MB/s
2026-05-19 06:41:09,652 DEBUG   59768832 bytes (60 MB) copied, 2.045220 s, 29.2 MB/s
2026-05-19 06:41:09,652 DEBUG   82837504 bytes (83 MB) copied, 3.062211 s, 27.1 MB/s
2026-05-19 06:41:09,652 DEBUG   103809024 bytes (104 MB) copied, 4.076161 s, 25.5 MB/s
2026-05-19 06:41:09,652 DEBUG   123731968 bytes (124 MB) copied, 5.190207 s, 23.8 MB/s
2026-05-19 06:41:09,652 DEBUG   144703488 bytes (145 MB) copied, 6.198218 s, 23.3 MB/s
2026-05-19 06:41:09,652 DEBUG   163577856 bytes (164 MB) copied, 7.301252 s, 22.4 MB/s
2026-05-19 06:41:09,652 DEBUG   180355072 bytes (180 MB) copied, 8.317216 s, 21.7 MB/s
2026-05-19 06:41:09,652 DEBUG   200278016 bytes (200 MB) copied, 9.320197 s, 21.5 MB/s
2026-05-19 06:41:09,652 DEBUG   213909504 bytes (214 MB) copied, 10.321352 s, 20.7 MB/s
2026-05-19 06:41:09,652 DEBUG   243269632 bytes (243 MB) copied, 11.364236 s, 21.4 MB/s
2026-05-19 06:41:09,652 DEBUG   270532608 bytes (271 MB) copied, 12.389299 s, 21.8 MB/s
2026-05-19 06:41:09,652 DEBUG   291504128 bytes (292 MB) copied, 13.470146 s, 21.6 MB/s
2026-05-19 06:41:09,652 DEBUG   327155712 bytes (327 MB) copied, 14.560224 s, 22.5 MB/s
2026-05-19 06:41:09,652 DEBUG   361758720 bytes (362 MB) copied, 15.580456 s, 23.2 MB/s
2026-05-19 06:41:09,652 DEBUG   397410304 bytes (397 MB) copied, 16.587226 s, 24.0 MB/s
2026-05-19 06:41:09,652 DEBUG   430964736 bytes (431 MB) copied, 17.629333 s, 24.4 MB/s
2026-05-19 06:41:09,652 DEBUG   465567744 bytes (466 MB) copied, 18.651239 s, 25.0 MB/s
2026-05-19 06:41:09,652 DEBUG   495976448 bytes (496 MB) copied, 19.696312 s, 25.2 MB/s
2026-05-19 06:41:09,652 DEBUG   527433728 bytes (527 MB) copied, 20.733414 s, 25.4 MB/s
2026-05-19 06:41:09,652 DEBUG   562036736 bytes (562 MB) copied, 21.775310 s, 25.8 MB/s
2026-05-19 06:41:09,652 DEBUG   593494016 bytes (593 MB) copied, 22.821338 s, 26.0 MB/s
2026-05-19 06:41:09,652 DEBUG   628097024 bytes (628 MB) copied, 23.825218 s, 26.4 MB/s
2026-05-19 06:41:09,652 DEBUG   659554304 bytes (660 MB) copied, 24.859255 s, 26.5 MB/s
2026-05-19 06:41:09,652 DEBUG   691011584 bytes (691 MB) copied, 25.862256 s, 26.7 MB/s
2026-05-19 06:41:09,652 DEBUG   725614592 bytes (726 MB) copied, 26.882186 s, 27.0 MB/s
2026-05-19 06:41:09,652 DEBUG   756023296 bytes (756 MB) copied, 27.897210 s, 27.1 MB/s
2026-05-19 06:41:09,653 DEBUG   789577728 bytes (790 MB) copied, 28.930505 s, 27.3 MB/s
2026-05-19 06:41:09,653 DEBUG   818937856 bytes (819 MB) copied, 30.004250 s, 27.3 MB/s
2026-05-19 06:41:09,653 DEBUG   851443712 bytes (851 MB) copied, 31.030235 s, 27.4 MB/s
2026-05-19 06:41:09,653 DEBUG   882900992 bytes (883 MB) copied, 32.047231 s, 27.5 MB/s
2026-05-19 06:41:09,653 DEBUG   915406848 bytes (915 MB) copied, 33.055649 s, 27.7 MB/s
2026-05-19 06:41:09,653 DEBUG   951058432 bytes (951 MB) copied, 34.055780 s, 27.9 MB/s
2026-05-19 06:41:09,653 DEBUG   985661440 bytes (986 MB) copied, 35.092224 s, 28.1 MB/s
2026-05-19 06:41:09,653 DEBUG   1011875840 bytes (1.0 GB) copied, 36.109267 s, 28.0 MB/s
2026-05-19 06:41:09,653 DEBUG   1043333120 bytes (1.0 GB) copied, 37.148229 s, 28.1 MB/s
2026-05-19 06:41:09,653 DEBUG   1067450368 bytes (1.1 GB) copied, 38.179319 s, 28.0 MB/s
2026-05-19 06:41:09,653 DEBUG   1024+0 records in
2026-05-19 06:41:09,653 DEBUG   1024+0 records out
2026-05-19 06:41:09,653 DEBUG   1073741824 bytes (1.1 GB) copied, 38.3563 s, 28.0 MB/s
2026-05-19 06:41:09,653 DEBUG   OK (disk op exit 0)
2026-05-19 06:41:09,653 WARNING Guest disk op wall 39.8s (vm='ahv_ins_delete-0-260514-192738' ip=10.114.53.27 op=create ec=0) — includes SSH + guest disk command; if still high, check guest disk throughput vs. MiB settings.
2026-05-19 06:41:09,653 DEBUG [110/566] VM ab59ce76… (ahv_ins_delete-0-260514-193850) via 10.114.51.178 op=create
2026-05-19 06:41:09,653 DEBUG   remote: bash -lc 'set -e; _bs(){ printf '"'"'BULK_SNAP_T %s %s\n'"'"' "$1" "$(date +%s.%N 2>/dev/null || date +%s)"; }; _bs guest_start; _bs pipeline_start; openssl enc -aes-256-ctr -pass pass:"testing" -nosalt < /dev/zero 2>/dev/null | dd of=/root/dummy_snapshot_data_1.img bs=1M count=1024 iflag=fullblock status=progress; ec=$?; _bs pipeline_done; _bs guest_end; exit $ec'
2026-05-19 06:41:17,163 DEBUG   BULK_SNAP_T guest_start 1779140458.753307062
2026-05-19 06:41:17,163 DEBUG   BULK_SNAP_T pipeline_start 1779140458.760407878
2026-05-19 06:41:17,163 DEBUG   BULK_SNAP_T pipeline_done 1779140473.930132573
2026-05-19 06:41:17,163 DEBUG   BULK_SNAP_T guest_end 1779140473.935633325
2026-05-19 06:41:17,163 DEBUG   
2026-05-19 06:41:17,163 DEBUG   28311552 bytes (28 MB) copied, 1.008441 s, 28.1 MB/s
2026-05-19 06:41:17,163 DEBUG   62914560 bytes (63 MB) copied, 2.011851 s, 31.3 MB/s
2026-05-19 06:41:17,163 DEBUG   99614720 bytes (100 MB) copied, 3.037461 s, 32.8 MB/s
2026-05-19 06:41:17,163 DEBUG   141557760 bytes (142 MB) copied, 4.049440 s, 35.0 MB/s
2026-05-19 06:41:17,163 DEBUG   218103808 bytes (218 MB) copied, 5.061441 s, 43.1 MB/s
2026-05-19 06:41:17,163 DEBUG   296747008 bytes (297 MB) copied, 6.062429 s, 48.9 MB/s
2026-05-19 06:41:17,163 DEBUG   373293056 bytes (373 MB) copied, 7.068519 s, 52.8 MB/s
2026-05-19 06:41:17,163 DEBUG   461373440 bytes (461 MB) copied, 8.076489 s, 57.1 MB/s
2026-05-19 06:41:17,163 DEBUG   551550976 bytes (552 MB) copied, 9.079511 s, 60.7 MB/s
2026-05-19 06:41:17,163 DEBUG   638582784 bytes (639 MB) copied, 10.090426 s, 63.3 MB/s
2026-05-19 06:41:17,163 DEBUG   709885952 bytes (710 MB) copied, 11.094593 s, 64.0 MB/s
2026-05-19 06:41:17,164 DEBUG   789577728 bytes (790 MB) copied, 12.095768 s, 65.3 MB/s
2026-05-19 06:41:17,164 DEBUG   887095296 bytes (887 MB) copied, 13.117492 s, 67.6 MB/s
2026-05-19 06:41:17,164 DEBUG   991952896 bytes (992 MB) copied, 14.118563 s, 70.3 MB/s
2026-05-19 06:41:17,164 DEBUG   1024+0 records in
2026-05-19 06:41:17,164 DEBUG   1024+0 records out
2026-05-19 06:41:17,164 DEBUG   1073741824 bytes (1.1 GB) copied, 14.9686 s, 71.7 MB/s
2026-05-19 06:41:17,164 DEBUG   OK (disk op exit 0)
2026-05-19 06:41:17,164 DEBUG [111/566] VM af4bc552… (ahv_ins_delete-0-260514-194113) via 10.114.52.185 op=create
2026-05-19 06:41:17,165 DEBUG   remote: bash -lc 'set -e; _bs(){ printf '"'"'BULK_SNAP_T %s %s\n'"'"' "$1" "$(date +%s.%N 2>/dev/null || date +%s)"; }; _bs guest_start; _bs pipeline_start; openssl enc -aes-256-ctr -pass pass:"testing" -nosalt < /dev/zero 2>/dev/null | dd of=/root/dummy_snapshot_data_1.img bs=1M count=1024 iflag=fullblock status=progress; ec=$?; _bs pipeline_done; _bs guest_end; exit $ec'
2026-05-19 06:41:18,909 DEBUG   BULK_SNAP_T guest_start 1779140440.542336375
2026-05-19 06:41:18,910 DEBUG   BULK_SNAP_T pipeline_start 1779140440.559571948
2026-05-19 06:41:18,910 DEBUG   BULK_SNAP_T pipeline_done 1779140475.672842513
2026-05-19 06:41:18,910 DEBUG   BULK_SNAP_T guest_end 1779140475.675690787
2026-05-19 06:41:18,910 DEBUG   
2026-05-19 06:41:18,910 DEBUG   18874368 bytes (19 MB) copied, 1.012423 s, 18.6 MB/s
2026-05-19 06:41:18,910 DEBUG   52428800 bytes (52 MB) copied, 2.037453 s, 25.7 MB/s
2026-05-19 06:41:18,910 DEBUG   87031808 bytes (87 MB) copied, 3.082312 s, 28.2 MB/s
2026-05-19 06:41:18,910 DEBUG   124780544 bytes (125 MB) copied, 4.086225 s, 30.5 MB/s
2026-05-19 06:41:18,910 DEBUG   156237824 bytes (156 MB) copied, 5.118332 s, 30.5 MB/s
2026-05-19 06:41:18,910 DEBUG   188743680 bytes (189 MB) copied, 6.121978 s, 30.8 MB/s
2026-05-19 06:41:18,910 DEBUG   220200960 bytes (220 MB) copied, 7.143254 s, 30.8 MB/s
2026-05-19 06:41:18,910 DEBUG   250609664 bytes (251 MB) copied, 8.174216 s, 30.7 MB/s
2026-05-19 06:41:18,910 DEBUG   284164096 bytes (284 MB) copied, 9.180399 s, 31.0 MB/s
2026-05-19 06:41:18,910 DEBUG   315621376 bytes (316 MB) copied, 10.249361 s, 30.8 MB/s
2026-05-19 06:41:18,910 DEBUG   353370112 bytes (353 MB) copied, 11.250950 s, 31.4 MB/s
2026-05-19 06:41:18,910 DEBUG   387973120 bytes (388 MB) copied, 12.291263 s, 31.6 MB/s
2026-05-19 06:41:18,910 DEBUG   422576128 bytes (423 MB) copied, 13.317645 s, 31.7 MB/s
2026-05-19 06:41:18,910 DEBUG   464519168 bytes (465 MB) copied, 14.358631 s, 32.4 MB/s
2026-05-19 06:41:18,910 DEBUG   495976448 bytes (496 MB) copied, 15.361381 s, 32.3 MB/s
2026-05-19 06:41:18,910 DEBUG   526385152 bytes (526 MB) copied, 16.387269 s, 32.1 MB/s
2026-05-19 06:41:18,910 DEBUG   553648128 bytes (554 MB) copied, 17.411275 s, 31.8 MB/s
2026-05-19 06:41:18,910 DEBUG   591396864 bytes (591 MB) copied, 18.436219 s, 32.1 MB/s
2026-05-19 06:41:18,910 DEBUG   621805568 bytes (622 MB) copied, 19.466259 s, 31.9 MB/s
2026-05-19 06:41:18,910 DEBUG   654311424 bytes (654 MB) copied, 20.488294 s, 31.9 MB/s
2026-05-19 06:41:18,910 DEBUG   684720128 bytes (685 MB) copied, 21.524315 s, 31.8 MB/s
2026-05-19 06:41:18,910 DEBUG   724566016 bytes (725 MB) copied, 22.576232 s, 32.1 MB/s
2026-05-19 06:41:18,910 DEBUG   753926144 bytes (754 MB) copied, 23.625372 s, 31.9 MB/s
2026-05-19 06:41:18,910 DEBUG   786432000 bytes (786 MB) copied, 24.700215 s, 31.8 MB/s
2026-05-19 06:41:18,910 DEBUG   813694976 bytes (814 MB) copied, 25.707302 s, 31.7 MB/s
2026-05-19 06:41:18,910 DEBUG   844103680 bytes (844 MB) copied, 26.711704 s, 31.6 MB/s
2026-05-19 06:41:18,910 DEBUG   870318080 bytes (870 MB) copied, 27.718306 s, 31.4 MB/s
2026-05-19 06:41:18,910 DEBUG   903872512 bytes (904 MB) copied, 28.725276 s, 31.5 MB/s
2026-05-19 06:41:18,910 DEBUG   931135488 bytes (931 MB) copied, 29.774416 s, 31.3 MB/s
2026-05-19 06:41:18,910 DEBUG   957349888 bytes (957 MB) copied, 30.809202 s, 31.1 MB/s
2026-05-19 06:41:18,910 DEBUG   979369984 bytes (979 MB) copied, 31.855221 s, 30.7 MB/s
2026-05-19 06:41:18,910 DEBUG   1006632960 bytes (1.0 GB) copied, 32.923386 s, 30.6 MB/s
2026-05-19 06:41:18,911 DEBUG   1035993088 bytes (1.0 GB) copied, 33.931390 s, 30.5 MB/s
2026-05-19 06:41:18,911 DEBUG   1070596096 bytes (1.1 GB) copied, 34.936372 s, 30.6 MB/s
2026-05-19 06:41:18,911 DEBUG   1024+0 records in
2026-05-19 06:41:18,911 DEBUG   1024+0 records out
2026-05-19 06:41:18,911 DEBUG   1073741824 bytes (1.1 GB) copied, 35.0103 s, 30.7 MB/s
2026-05-19 06:41:18,911 DEBUG   OK (disk op exit 0)
2026-05-19 06:41:18,911 WARNING Guest disk op wall 37.0s (vm='ahv_ins_delete-0-260514-193040' ip=10.114.48.43 op=create ec=0) — includes SSH + guest disk command; if still high, check guest disk throughput vs. MiB settings.
2026-05-19 06:41:18,911 DEBUG [112/566] VM 80ef29cb… (ahv_ins_delete-0-260514-194219) via 10.114.50.197 op=create
2026-05-19 06:41:18,911 DEBUG   remote: bash -lc 'set -e; _bs(){ printf '"'"'BULK_SNAP_T %s %s\n'"'"' "$1" "$(date +%s.%N 2>/dev/null || date +%s)"; }; _bs guest_start; _bs pipeline_start; openssl enc -aes-256-ctr -pass pass:"testing" -nosalt < /dev/zero 2>/dev/null | dd of=/root/dummy_snapshot_data_1.img bs=1M count=1024 iflag=fullblock status=progress; ec=$?; _bs pipeline_done; _bs guest_end; exit $ec'
2026-05-19 06:41:20,409 DEBUG   BULK_SNAP_T guest_start 1779140442.174123703
2026-05-19 06:41:20,410 DEBUG   BULK_SNAP_T pipeline_start 1779140442.178941887
2026-05-19 06:41:20,410 DEBUG   BULK_SNAP_T pipeline_done 1779140477.315279103
2026-05-19 06:41:20,410 DEBUG   BULK_SNAP_T guest_end 1779140477.322899263
2026-05-19 06:41:20,410 DEBUG   
2026-05-19 06:41:20,410 DEBUG   29360128 bytes (29 MB) copied, 1.005455 s, 29.2 MB/s
2026-05-19 06:41:20,410 DEBUG   60817408 bytes (61 MB) copied, 2.023235 s, 30.1 MB/s
2026-05-19 06:41:20,410 DEBUG   97517568 bytes (98 MB) copied, 3.066441 s, 31.8 MB/s
2026-05-19 06:41:20,410 DEBUG   132120576 bytes (132 MB) copied, 4.105560 s, 32.2 MB/s
2026-05-19 06:41:20,410 DEBUG   165675008 bytes (166 MB) copied, 5.148110 s, 32.2 MB/s
2026-05-19 06:41:20,410 DEBUG   198180864 bytes (198 MB) copied, 6.192361 s, 32.0 MB/s
2026-05-19 06:41:20,410 DEBUG   230686720 bytes (231 MB) copied, 7.202122 s, 32.0 MB/s
2026-05-19 06:41:20,410 DEBUG   263192576 bytes (263 MB) copied, 8.207128 s, 32.1 MB/s
2026-05-19 06:41:20,410 DEBUG   294649856 bytes (295 MB) copied, 9.218166 s, 32.0 MB/s
2026-05-19 06:41:20,410 DEBUG   330301440 bytes (330 MB) copied, 10.252090 s, 32.2 MB/s
2026-05-19 06:41:20,410 DEBUG   362807296 bytes (363 MB) copied, 11.269127 s, 32.2 MB/s
2026-05-19 06:41:20,410 DEBUG   398458880 bytes (398 MB) copied, 12.283192 s, 32.4 MB/s
2026-05-19 06:41:20,410 DEBUG   436207616 bytes (436 MB) copied, 13.310506 s, 32.8 MB/s
2026-05-19 06:41:20,410 DEBUG   464519168 bytes (465 MB) copied, 14.345163 s, 32.4 MB/s
2026-05-19 06:41:20,410 DEBUG   493879296 bytes (494 MB) copied, 15.352518 s, 32.2 MB/s
2026-05-19 06:41:20,410 DEBUG   524288000 bytes (524 MB) copied, 16.372155 s, 32.0 MB/s
2026-05-19 06:41:20,410 DEBUG   555745280 bytes (556 MB) copied, 17.415147 s, 31.9 MB/s
2026-05-19 06:41:20,410 DEBUG   587202560 bytes (587 MB) copied, 18.415669 s, 31.9 MB/s
2026-05-19 06:41:20,410 DEBUG   621805568 bytes (622 MB) copied, 19.451148 s, 32.0 MB/s
2026-05-19 06:41:20,410 DEBUG   659554304 bytes (660 MB) copied, 20.451150 s, 32.3 MB/s
2026-05-19 06:41:20,410 DEBUG   698351616 bytes (698 MB) copied, 21.458479 s, 32.5 MB/s
2026-05-19 06:41:20,410 DEBUG   722468864 bytes (722 MB) copied, 22.467222 s, 32.2 MB/s
2026-05-19 06:41:20,410 DEBUG   749731840 bytes (750 MB) copied, 23.480456 s, 31.9 MB/s
2026-05-19 06:41:20,410 DEBUG   776994816 bytes (777 MB) copied, 24.492207 s, 31.7 MB/s
2026-05-19 06:41:20,410 DEBUG   804257792 bytes (804 MB) copied, 25.511209 s, 31.5 MB/s
2026-05-19 06:41:20,410 DEBUG   828375040 bytes (828 MB) copied, 26.541193 s, 31.2 MB/s
2026-05-19 06:41:20,410 DEBUG   856686592 bytes (857 MB) copied, 27.560099 s, 31.1 MB/s
2026-05-19 06:41:20,410 DEBUG   886046720 bytes (886 MB) copied, 28.576259 s, 31.0 MB/s
2026-05-19 06:41:20,411 DEBUG   911212544 bytes (911 MB) copied, 29.622186 s, 30.8 MB/s
2026-05-19 06:41:20,411 DEBUG   938475520 bytes (938 MB) copied, 30.632301 s, 30.6 MB/s
2026-05-19 06:41:20,411 DEBUG   968884224 bytes (969 MB) copied, 31.668186 s, 30.6 MB/s
2026-05-19 06:41:20,411 DEBUG   999292928 bytes (999 MB) copied, 32.677180 s, 30.6 MB/s
2026-05-19 06:41:20,411 DEBUG   1034944512 bytes (1.0 GB) copied, 33.721157 s, 30.7 MB/s
2026-05-19 06:41:20,411 DEBUG   1064304640 bytes (1.1 GB) copied, 34.763146 s, 30.6 MB/s
2026-05-19 06:41:20,411 DEBUG   1024+0 records in
2026-05-19 06:41:20,411 DEBUG   1024+0 records out
2026-05-19 06:41:20,411 DEBUG   1073741824 bytes (1.1 GB) copied, 35.0335 s, 30.6 MB/s
2026-05-19 06:41:20,411 DEBUG   OK (disk op exit 0)
2026-05-19 06:41:20,411 WARNING Guest disk op wall 36.8s (vm='ahv_ins_delete-0-260514-193214' ip=10.114.54.112 op=create ec=0) — includes SSH + guest disk command; if still high, check guest disk throughput vs. MiB settings.
2026-05-19 06:41:20,411 DEBUG [113/566] VM e0b9f9e2… (ahv_ins_delete-0-260514-194324) via 10.114.48.22 op=create
2026-05-19 06:41:20,411 DEBUG   remote: bash -lc 'set -e; _bs(){ printf '"'"'BULK_SNAP_T %s %s\n'"'"' "$1" "$(date +%s.%N 2>/dev/null || date +%s)"; }; _bs guest_start; _bs pipeline_start; openssl enc -aes-256-ctr -pass pass:"testing" -nosalt < /dev/zero 2>/dev/null | dd of=/root/dummy_snapshot_data_1.img bs=1M count=1024 iflag=fullblock status=progress; ec=$?; _bs pipeline_done; _bs guest_end; exit $ec'
2026-05-19 06:41:20,412 DEBUG   BULK_SNAP_T guest_start 1779140443.754047330
2026-05-19 06:41:20,412 DEBUG   BULK_SNAP_T pipeline_start 1779140443.760797191
2026-05-19 06:41:20,414 DEBUG   BULK_SNAP_T pipeline_done 1779140477.652537787
2026-05-19 06:41:20,414 DEBUG   BULK_SNAP_T guest_end 1779140477.657702114
2026-05-19 06:41:20,414 DEBUG   
2026-05-19 06:41:20,414 DEBUG   31457280 bytes (31 MB) copied, 1.023133 s, 30.7 MB/s
2026-05-19 06:41:20,414 DEBUG   69206016 bytes (69 MB) copied, 2.028190 s, 34.1 MB/s
2026-05-19 06:41:20,414 DEBUG   100663296 bytes (101 MB) copied, 3.040124 s, 33.1 MB/s
2026-05-19 06:41:20,414 DEBUG   142606336 bytes (143 MB) copied, 4.076118 s, 35.0 MB/s
2026-05-19 06:41:20,414 DEBUG   171966464 bytes (172 MB) copied, 5.105115 s, 33.7 MB/s
2026-05-19 06:41:20,414 DEBUG   205520896 bytes (206 MB) copied, 6.115467 s, 33.6 MB/s
2026-05-19 06:41:20,414 DEBUG   241172480 bytes (241 MB) copied, 7.174108 s, 33.6 MB/s
2026-05-19 06:41:20,414 DEBUG   275775488 bytes (276 MB) copied, 8.225152 s, 33.5 MB/s
2026-05-19 06:41:20,414 DEBUG   313524224 bytes (314 MB) copied, 9.238089 s, 33.9 MB/s
2026-05-19 06:41:20,414 DEBUG   343932928 bytes (344 MB) copied, 10.266144 s, 33.5 MB/s
2026-05-19 06:41:20,415 DEBUG   380633088 bytes (381 MB) copied, 11.286069 s, 33.7 MB/s
2026-05-19 06:41:20,415 DEBUG   419430400 bytes (419 MB) copied, 12.384077 s, 33.9 MB/s
2026-05-19 06:41:20,415 DEBUG   454033408 bytes (454 MB) copied, 13.417326 s, 33.8 MB/s
2026-05-19 06:41:20,415 DEBUG   486539264 bytes (487 MB) copied, 14.434125 s, 33.7 MB/s
2026-05-19 06:41:20,415 DEBUG   517996544 bytes (518 MB) copied, 15.466128 s, 33.5 MB/s
2026-05-19 06:41:20,415 DEBUG   546308096 bytes (546 MB) copied, 16.488114 s, 33.1 MB/s
2026-05-19 06:41:20,415 DEBUG   578813952 bytes (579 MB) copied, 17.542146 s, 33.0 MB/s
2026-05-19 06:41:20,415 DEBUG   612368384 bytes (612 MB) copied, 18.579263 s, 33.0 MB/s
2026-05-19 06:41:20,415 DEBUG   649068544 bytes (649 MB) copied, 19.618128 s, 33.1 MB/s
2026-05-19 06:41:20,415 DEBUG   679477248 bytes (679 MB) copied, 20.668159 s, 32.9 MB/s
2026-05-19 06:41:20,415 DEBUG   706740224 bytes (707 MB) copied, 21.706082 s, 32.6 MB/s
2026-05-19 06:41:20,415 DEBUG   729808896 bytes (730 MB) copied, 22.710042 s, 32.1 MB/s
2026-05-19 06:41:20,415 DEBUG   758120448 bytes (758 MB) copied, 23.710141 s, 32.0 MB/s
2026-05-19 06:41:20,415 DEBUG   784334848 bytes (784 MB) copied, 24.724244 s, 31.7 MB/s
2026-05-19 06:41:20,415 DEBUG   816840704 bytes (817 MB) copied, 25.793104 s, 31.7 MB/s
2026-05-19 06:41:20,415 DEBUG   846200832 bytes (846 MB) copied, 26.875165 s, 31.5 MB/s
2026-05-19 06:41:20,415 DEBUG   875560960 bytes (876 MB) copied, 27.876038 s, 31.4 MB/s
2026-05-19 06:41:20,415 DEBUG   904921088 bytes (905 MB) copied, 28.884216 s, 31.3 MB/s
2026-05-19 06:41:20,415 DEBUG   930086912 bytes (930 MB) copied, 29.905118 s, 31.1 MB/s
2026-05-19 06:41:20,415 DEBUG   966787072 bytes (967 MB) copied, 30.927306 s, 31.3 MB/s
2026-05-19 06:41:20,415 DEBUG   1007681536 bytes (1.0 GB) copied, 31.943115 s, 31.5 MB/s
2026-05-19 06:41:20,415 DEBUG   1040187392 bytes (1.0 GB) copied, 32.961243 s, 31.6 MB/s
2026-05-19 06:41:20,415 DEBUG   1024+0 records in
2026-05-19 06:41:20,415 DEBUG   1024+0 records out
2026-05-19 06:41:20,415 DEBUG   1073741824 bytes (1.1 GB) copied, 33.8083 s, 31.8 MB/s
2026-05-19 06:41:20,415 DEBUG   OK (disk op exit 0)
2026-05-19 06:41:20,415 WARNING Guest disk op wall 35.5s (vm='ahv_ins_delete-0-260514-193248' ip=10.114.54.59 op=create ec=0) — includes SSH + guest disk command; if still high, check guest disk throughput vs. MiB settings.
2026-05-19 06:41:20,416 DEBUG [114/566] VM f0a2e328… (ahv_ins_delete-0-260514-194354) via 10.114.52.43 op=create
2026-05-19 06:41:20,416 DEBUG   remote: bash -lc 'set -e; _bs(){ printf '"'"'BULK_SNAP_T %s %s\n'"'"' "$1" "$(date +%s.%N 2>/dev/null || date +%s)"; }; _bs guest_start; _bs pipeline_start; openssl enc -aes-256-ctr -pass pass:"testing" -nosalt < /dev/zero 2>/dev/null | dd of=/root/dummy_snapshot_data_1.img bs=1M count=1024 iflag=fullblock status=progress; ec=$?; _bs pipeline_done; _bs guest_end; exit $ec'
2026-05-19 06:41:24,413 DEBUG   BULK_SNAP_T guest_start 1779140446.976147148
2026-05-19 06:41:24,413 DEBUG   BULK_SNAP_T pipeline_start 1779140446.981569827
2026-05-19 06:41:24,413 DEBUG   BULK_SNAP_T pipeline_done 1779140481.779254716
2026-05-19 06:41:24,413 DEBUG   BULK_SNAP_T guest_end 1779140481.782560818
2026-05-19 06:41:24,413 DEBUG   
2026-05-19 06:41:24,413 DEBUG   29360128 bytes (29 MB) copied, 1.031114 s, 28.5 MB/s
2026-05-19 06:41:24,413 DEBUG   61865984 bytes (62 MB) copied, 2.037039 s, 30.4 MB/s
2026-05-19 06:41:24,413 DEBUG   93323264 bytes (93 MB) copied, 3.039012 s, 30.7 MB/s
2026-05-19 06:41:24,413 DEBUG   126877696 bytes (127 MB) copied, 4.061058 s, 31.2 MB/s
2026-05-19 06:41:24,413 DEBUG   157286400 bytes (157 MB) copied, 5.096011 s, 30.9 MB/s
2026-05-19 06:41:24,413 DEBUG   190840832 bytes (191 MB) copied, 6.127038 s, 31.1 MB/s
2026-05-19 06:41:24,413 DEBUG   224395264 bytes (224 MB) copied, 7.131080 s, 31.5 MB/s
2026-05-19 06:41:24,413 DEBUG   256901120 bytes (257 MB) copied, 8.146089 s, 31.5 MB/s
2026-05-19 06:41:24,413 DEBUG   294649856 bytes (295 MB) copied, 9.158020 s, 32.2 MB/s
2026-05-19 06:41:24,413 DEBUG   321912832 bytes (322 MB) copied, 10.158151 s, 31.7 MB/s
2026-05-19 06:41:24,413 DEBUG   354418688 bytes (354 MB) copied, 11.203086 s, 31.6 MB/s
2026-05-19 06:41:24,413 DEBUG   387973120 bytes (388 MB) copied, 12.221013 s, 31.7 MB/s
2026-05-19 06:41:24,413 DEBUG   420478976 bytes (420 MB) copied, 13.290075 s, 31.6 MB/s
2026-05-19 06:41:24,413 DEBUG   454033408 bytes (454 MB) copied, 14.292105 s, 31.8 MB/s
2026-05-19 06:41:24,413 DEBUG   487587840 bytes (488 MB) copied, 15.307082 s, 31.9 MB/s
2026-05-19 06:41:24,413 DEBUG   523239424 bytes (523 MB) copied, 16.393110 s, 31.9 MB/s
2026-05-19 06:41:24,413 DEBUG   557842432 bytes (558 MB) copied, 17.406109 s, 32.0 MB/s
2026-05-19 06:41:24,413 DEBUG   587202560 bytes (587 MB) copied, 18.423046 s, 31.9 MB/s
2026-05-19 06:41:24,413 DEBUG   616562688 bytes (617 MB) copied, 19.470987 s, 31.7 MB/s
2026-05-19 06:41:24,413 DEBUG   646971392 bytes (647 MB) copied, 20.484003 s, 31.6 MB/s
2026-05-19 06:41:24,413 DEBUG   673185792 bytes (673 MB) copied, 21.528017 s, 31.3 MB/s
2026-05-19 06:41:24,413 DEBUG   702545920 bytes (703 MB) copied, 22.536258 s, 31.2 MB/s
2026-05-19 06:41:24,413 DEBUG   734003200 bytes (734 MB) copied, 23.600314 s, 31.1 MB/s
2026-05-19 06:41:24,413 DEBUG   762314752 bytes (762 MB) copied, 24.639063 s, 30.9 MB/s
2026-05-19 06:41:24,413 DEBUG   789577728 bytes (790 MB) copied, 25.687075 s, 30.7 MB/s
2026-05-19 06:41:24,413 DEBUG   815792128 bytes (816 MB) copied, 26.714178 s, 30.5 MB/s
2026-05-19 06:41:24,413 DEBUG   847249408 bytes (847 MB) copied, 27.725108 s, 30.6 MB/s
2026-05-19 06:41:24,413 DEBUG   884998144 bytes (885 MB) copied, 28.743321 s, 30.8 MB/s
2026-05-19 06:41:24,413 DEBUG   915406848 bytes (915 MB) copied, 29.743880 s, 30.8 MB/s
2026-05-19 06:41:24,413 DEBUG   947912704 bytes (948 MB) copied, 30.765092 s, 30.8 MB/s
2026-05-19 06:41:24,413 DEBUG   979369984 bytes (979 MB) copied, 31.834136 s, 30.8 MB/s
2026-05-19 06:41:24,414 DEBUG   1015021568 bytes (1.0 GB) copied, 32.862082 s, 30.9 MB/s
2026-05-19 06:41:24,414 DEBUG   1048576000 bytes (1.0 GB) copied, 33.875058 s, 31.0 MB/s
2026-05-19 06:41:24,414 DEBUG   1024+0 records in
2026-05-19 06:41:24,414 DEBUG   1024+0 records out
2026-05-19 06:41:24,414 DEBUG   1073741824 bytes (1.1 GB) copied, 34.7021 s, 30.9 MB/s
2026-05-19 06:41:24,414 DEBUG   OK (disk op exit 0)
2026-05-19 06:41:24,414 WARNING Guest disk op wall 36.3s (vm='ahv_ins_delete-0-260514-193330' ip=10.114.48.98 op=create ec=0) — includes SSH + guest disk command; if still high, check guest disk throughput vs. MiB settings.
2026-05-19 06:41:24,414 DEBUG [115/566] VM 05149ec7… (ahv_ins_delete-0-260514-194426) via 10.114.54.60 op=create
2026-05-19 06:41:24,414 DEBUG   remote: bash -lc 'set -e; _bs(){ printf '"'"'BULK_SNAP_T %s %s\n'"'"' "$1" "$(date +%s.%N 2>/dev/null || date +%s)"; }; _bs guest_start; _bs pipeline_start; openssl enc -aes-256-ctr -pass pass:"testing" -nosalt < /dev/zero 2>/dev/null | dd of=/root/dummy_snapshot_data_1.img bs=1M count=1024 iflag=fullblock status=progress; ec=$?; _bs pipeline_done; _bs guest_end; exit $ec'
2026-05-19 06:41:26,165 DEBUG   BULK_SNAP_T guest_start 1779140449.926419912
2026-05-19 06:41:26,166 DEBUG   BULK_SNAP_T pipeline_start 1779140449.935304675
2026-05-19 06:41:26,166 DEBUG   BULK_SNAP_T pipeline_done 1779140483.375480018
2026-05-19 06:41:26,166 DEBUG   BULK_SNAP_T guest_end 1779140483.379562563
2026-05-19 06:41:26,166 DEBUG   
2026-05-19 06:41:26,166 DEBUG   29360128 bytes (29 MB) copied, 1.009331 s, 29.1 MB/s
2026-05-19 06:41:26,166 DEBUG   60817408 bytes (61 MB) copied, 2.020309 s, 30.1 MB/s
2026-05-19 06:41:26,166 DEBUG   98566144 bytes (99 MB) copied, 3.051320 s, 32.3 MB/s
2026-05-19 06:41:26,166 DEBUG   127926272 bytes (128 MB) copied, 4.063512 s, 31.5 MB/s
2026-05-19 06:41:26,166 DEBUG   161480704 bytes (161 MB) copied, 5.083311 s, 31.8 MB/s
2026-05-19 06:41:26,166 DEBUG   204472320 bytes (204 MB) copied, 6.105367 s, 33.5 MB/s
2026-05-19 06:41:26,166 DEBUG   232783872 bytes (233 MB) copied, 7.138315 s, 32.6 MB/s
2026-05-19 06:41:26,166 DEBUG   264241152 bytes (264 MB) copied, 8.158598 s, 32.4 MB/s
2026-05-19 06:41:26,166 DEBUG   294649856 bytes (295 MB) copied, 9.196479 s, 32.0 MB/s
2026-05-19 06:41:26,166 DEBUG   326107136 bytes (326 MB) copied, 10.196595 s, 32.0 MB/s
2026-05-19 06:41:26,166 DEBUG   357564416 bytes (358 MB) copied, 11.204325 s, 31.9 MB/s
2026-05-19 06:41:26,166 DEBUG   391118848 bytes (391 MB) copied, 12.226344 s, 32.0 MB/s
2026-05-19 06:41:26,166 DEBUG   426770432 bytes (427 MB) copied, 13.243329 s, 32.2 MB/s
2026-05-19 06:41:26,166 DEBUG   459276288 bytes (459 MB) copied, 14.251464 s, 32.2 MB/s
2026-05-19 06:41:26,166 DEBUG   489684992 bytes (490 MB) copied, 15.261286 s, 32.1 MB/s
2026-05-19 06:41:26,166 DEBUG   519045120 bytes (519 MB) copied, 16.347312 s, 31.8 MB/s
2026-05-19 06:41:26,166 DEBUG   548405248 bytes (548 MB) copied, 17.347557 s, 31.6 MB/s
2026-05-19 06:41:26,166 DEBUG   578813952 bytes (579 MB) copied, 18.360274 s, 31.5 MB/s
2026-05-19 06:41:26,166 DEBUG   611319808 bytes (611 MB) copied, 19.364448 s, 31.6 MB/s
2026-05-19 06:41:26,166 DEBUG   642777088 bytes (643 MB) copied, 20.373300 s, 31.5 MB/s
2026-05-19 06:41:26,166 DEBUG   671088640 bytes (671 MB) copied, 21.451314 s, 31.3 MB/s
2026-05-19 06:41:26,166 DEBUG   701497344 bytes (701 MB) copied, 22.534451 s, 31.1 MB/s
2026-05-19 06:41:26,166 DEBUG   730857472 bytes (731 MB) copied, 23.552460 s, 31.0 MB/s
2026-05-19 06:41:26,166 DEBUG   763363328 bytes (763 MB) copied, 24.581264 s, 31.1 MB/s
2026-05-19 06:41:26,166 DEBUG   809500672 bytes (810 MB) copied, 25.598326 s, 31.6 MB/s
2026-05-19 06:41:26,166 DEBUG   843055104 bytes (843 MB) copied, 26.600244 s, 31.7 MB/s
2026-05-19 06:41:26,166 DEBUG   881852416 bytes (882 MB) copied, 27.639397 s, 31.9 MB/s
2026-05-19 06:41:26,166 DEBUG   919601152 bytes (920 MB) copied, 28.675361 s, 32.1 MB/s
2026-05-19 06:41:26,166 DEBUG   959447040 bytes (959 MB) copied, 29.705405 s, 32.3 MB/s
2026-05-19 06:41:26,166 DEBUG   993001472 bytes (993 MB) copied, 30.738365 s, 32.3 MB/s
2026-05-19 06:41:26,166 DEBUG   1025507328 bytes (1.0 GB) copied, 31.774310 s, 32.3 MB/s
2026-05-19 06:41:26,166 DEBUG   1059061760 bytes (1.1 GB) copied, 32.788331 s, 32.3 MB/s
2026-05-19 06:41:26,166 DEBUG   1024+0 records in
2026-05-19 06:41:26,166 DEBUG   1024+0 records out
2026-05-19 06:41:26,166 DEBUG   1073741824 bytes (1.1 GB) copied, 33.3595 s, 32.2 MB/s
2026-05-19 06:41:26,166 DEBUG   OK (disk op exit 0)
2026-05-19 06:41:26,167 WARNING Guest disk op wall 34.8s (vm='ahv_ins_delete-0-260514-193347' ip=10.114.48.37 op=create ec=0) — includes SSH + guest disk command; if still high, check guest disk throughput vs. MiB settings.
2026-05-19 06:41:26,167 DEBUG [116/566] VM 189f7ecc… (ahv_ins_delete-0-260514-194642) via 10.114.53.124 op=create
2026-05-19 06:41:26,167 DEBUG   remote: bash -lc 'set -e; _bs(){ printf '"'"'BULK_SNAP_T %s %s\n'"'"' "$1" "$(date +%s.%N 2>/dev/null || date +%s)"; }; _bs guest_start; _bs pipeline_start; openssl enc -aes-256-ctr -pass pass:"testing" -nosalt < /dev/zero 2>/dev/null | dd of=/root/dummy_snapshot_data_1.img bs=1M count=1024 iflag=fullblock status=progress; ec=$?; _bs pipeline_done; _bs guest_end; exit $ec'
2026-05-19 06:41:29,414 DEBUG   BULK_SNAP_T guest_start 1779140452.514748811
2026-05-19 06:41:29,414 DEBUG   BULK_SNAP_T pipeline_start 1779140452.523757997
2026-05-19 06:41:29,414 DEBUG   BULK_SNAP_T pipeline_done 1779140486.700170701
2026-05-19 06:41:29,414 DEBUG   BULK_SNAP_T guest_end 1779140486.705973826
2026-05-19 06:41:29,414 DEBUG   
2026-05-19 06:41:29,414 DEBUG   28311552 bytes (28 MB) copied, 1.031271 s, 27.5 MB/s
2026-05-19 06:41:29,414 DEBUG   61865984 bytes (62 MB) copied, 2.033243 s, 30.4 MB/s
2026-05-19 06:41:29,414 DEBUG   99614720 bytes (100 MB) copied, 3.036239 s, 32.8 MB/s
2026-05-19 06:41:29,414 DEBUG   125829120 bytes (126 MB) copied, 4.041328 s, 31.1 MB/s
2026-05-19 06:41:29,414 DEBUG   155189248 bytes (155 MB) copied, 5.051304 s, 30.7 MB/s
2026-05-19 06:41:29,414 DEBUG   192937984 bytes (193 MB) copied, 6.061274 s, 31.8 MB/s
2026-05-19 06:41:29,415 DEBUG   231735296 bytes (232 MB) copied, 7.097429 s, 32.7 MB/s
2026-05-19 06:41:29,415 DEBUG   269484032 bytes (269 MB) copied, 8.135498 s, 33.1 MB/s
2026-05-19 06:41:29,415 DEBUG   306184192 bytes (306 MB) copied, 9.144221 s, 33.5 MB/s
2026-05-19 06:41:29,415 DEBUG   338690048 bytes (339 MB) copied, 10.181274 s, 33.3 MB/s
2026-05-19 06:41:29,415 DEBUG   376438784 bytes (376 MB) copied, 11.209231 s, 33.6 MB/s
2026-05-19 06:41:29,415 DEBUG   407896064 bytes (408 MB) copied, 12.235322 s, 33.3 MB/s
2026-05-19 06:41:29,415 DEBUG   440401920 bytes (440 MB) copied, 13.287229 s, 33.1 MB/s
2026-05-19 06:41:29,415 DEBUG   471859200 bytes (472 MB) copied, 14.320267 s, 33.0 MB/s
2026-05-19 06:41:29,415 DEBUG   498073600 bytes (498 MB) copied, 15.345281 s, 32.5 MB/s
2026-05-19 06:41:29,415 DEBUG   523239424 bytes (523 MB) copied, 16.356501 s, 32.0 MB/s
2026-05-19 06:41:29,415 DEBUG   553648128 bytes (554 MB) copied, 17.373298 s, 31.9 MB/s
2026-05-19 06:41:29,415 DEBUG   589299712 bytes (589 MB) copied, 18.377229 s, 32.1 MB/s
2026-05-19 06:41:29,415 DEBUG   617611264 bytes (618 MB) copied, 19.390750 s, 31.9 MB/s
2026-05-19 06:41:29,415 DEBUG   642777088 bytes (643 MB) copied, 20.395343 s, 31.5 MB/s
2026-05-19 06:41:29,415 DEBUG   672137216 bytes (672 MB) copied, 21.399196 s, 31.4 MB/s
2026-05-19 06:41:29,415 DEBUG   702545920 bytes (703 MB) copied, 22.411349 s, 31.3 MB/s
2026-05-19 06:41:29,415 DEBUG   740294656 bytes (740 MB) copied, 23.412293 s, 31.6 MB/s
2026-05-19 06:41:29,415 DEBUG   768606208 bytes (769 MB) copied, 24.417310 s, 31.5 MB/s
2026-05-19 06:41:29,415 DEBUG   806354944 bytes (806 MB) copied, 25.441332 s, 31.7 MB/s
2026-05-19 06:41:29,415 DEBUG   844103680 bytes (844 MB) copied, 26.457267 s, 31.9 MB/s
2026-05-19 06:41:29,415 DEBUG   873463808 bytes (873 MB) copied, 27.490443 s, 31.8 MB/s
2026-05-19 06:41:29,415 DEBUG   905969664 bytes (906 MB) copied, 28.508262 s, 31.8 MB/s
2026-05-19 06:41:29,415 DEBUG   939524096 bytes (940 MB) copied, 29.513420 s, 31.8 MB/s
2026-05-19 06:41:29,415 DEBUG   975175680 bytes (975 MB) copied, 30.515268 s, 32.0 MB/s
2026-05-19 06:41:29,415 DEBUG   1003487232 bytes (1.0 GB) copied, 31.530284 s, 31.8 MB/s
2026-05-19 06:41:29,415 DEBUG   1034944512 bytes (1.0 GB) copied, 32.546226 s, 31.8 MB/s
2026-05-19 06:41:29,415 DEBUG   1062207488 bytes (1.1 GB) copied, 33.567232 s, 31.6 MB/s
2026-05-19 06:41:29,415 DEBUG   1024+0 records in
2026-05-19 06:41:29,415 DEBUG   1024+0 records out
2026-05-19 06:41:29,415 DEBUG   1073741824 bytes (1.1 GB) copied, 34.0616 s, 31.5 MB/s
2026-05-19 06:41:29,415 DEBUG   OK (disk op exit 0)
2026-05-19 06:41:29,416 WARNING Guest disk op wall 35.5s (vm='ahv_ins_delete-0-260514-193551' ip=10.114.52.143 op=create ec=0) — includes SSH + guest disk command; if still high, check guest disk throughput vs. MiB settings.
2026-05-19 06:41:29,416 DEBUG [117/566] VM 1b6139cb… (ahv_ins_delete-0-260514-194724) via 10.114.48.153 op=create
2026-05-19 06:41:29,416 DEBUG   remote: bash -lc 'set -e; _bs(){ printf '"'"'BULK_SNAP_T %s %s\n'"'"' "$1" "$(date +%s.%N 2>/dev/null || date +%s)"; }; _bs guest_start; _bs pipeline_start; openssl enc -aes-256-ctr -pass pass:"testing" -nosalt < /dev/zero 2>/dev/null | dd of=/root/dummy_snapshot_data_1.img bs=1M count=1024 iflag=fullblock status=progress; ec=$?; _bs pipeline_done; _bs guest_end; exit $ec'
2026-05-19 06:41:35,669 DEBUG   BULK_SNAP_T guest_start 1779140455.972335317
2026-05-19 06:41:35,669 DEBUG   BULK_SNAP_T pipeline_start 1779140455.977432368
2026-05-19 06:41:35,669 DEBUG   BULK_SNAP_T pipeline_done 1779140493.161723933
2026-05-19 06:41:35,669 DEBUG   BULK_SNAP_T guest_end 1779140493.171125947
2026-05-19 06:41:35,669 DEBUG   
2026-05-19 06:41:35,669 DEBUG   24117248 bytes (24 MB) copied, 1.003246 s, 24.0 MB/s
2026-05-19 06:41:35,669 DEBUG   52428800 bytes (52 MB) copied, 2.010096 s, 26.1 MB/s
2026-05-19 06:41:35,669 DEBUG   75497472 bytes (75 MB) copied, 3.019002 s, 25.0 MB/s
2026-05-19 06:41:35,669 DEBUG   105906176 bytes (106 MB) copied, 4.054027 s, 26.1 MB/s
2026-05-19 06:41:35,669 DEBUG   137363456 bytes (137 MB) copied, 5.062088 s, 27.1 MB/s
2026-05-19 06:41:35,669 DEBUG   166723584 bytes (167 MB) copied, 6.088128 s, 27.4 MB/s
2026-05-19 06:41:35,669 DEBUG   204472320 bytes (204 MB) copied, 7.104404 s, 28.8 MB/s
2026-05-19 06:41:35,669 DEBUG   236978176 bytes (237 MB) copied, 8.126412 s, 29.2 MB/s
2026-05-19 06:41:35,669 DEBUG   264241152 bytes (264 MB) copied, 9.172018 s, 28.8 MB/s
2026-05-19 06:41:35,669 DEBUG   291504128 bytes (292 MB) copied, 10.207043 s, 28.6 MB/s
2026-05-19 06:41:35,669 DEBUG   317718528 bytes (318 MB) copied, 11.213164 s, 28.3 MB/s
2026-05-19 06:41:35,669 DEBUG   350224384 bytes (350 MB) copied, 12.263053 s, 28.6 MB/s
2026-05-19 06:41:35,669 DEBUG   377487360 bytes (377 MB) copied, 13.305068 s, 28.4 MB/s
2026-05-19 06:41:35,669 DEBUG   408944640 bytes (409 MB) copied, 14.312083 s, 28.6 MB/s
2026-05-19 06:41:35,669 DEBUG   443547648 bytes (444 MB) copied, 15.326547 s, 28.9 MB/s
2026-05-19 06:41:35,669 DEBUG   469762048 bytes (470 MB) copied, 16.333119 s, 28.8 MB/s
2026-05-19 06:41:35,669 DEBUG   500170752 bytes (500 MB) copied, 17.343060 s, 28.8 MB/s
2026-05-19 06:41:35,669 DEBUG   531628032 bytes (532 MB) copied, 18.345527 s, 29.0 MB/s
2026-05-19 06:41:35,669 DEBUG   564133888 bytes (564 MB) copied, 19.356104 s, 29.1 MB/s
2026-05-19 06:41:35,669 DEBUG   594542592 bytes (595 MB) copied, 20.438061 s, 29.1 MB/s
2026-05-19 06:41:35,669 DEBUG   628097024 bytes (628 MB) copied, 21.471045 s, 29.3 MB/s
2026-05-19 06:41:35,669 DEBUG   661651456 bytes (662 MB) copied, 22.561334 s, 29.3 MB/s
2026-05-19 06:41:35,669 DEBUG   695205888 bytes (695 MB) copied, 23.609242 s, 29.4 MB/s
2026-05-19 06:41:35,669 DEBUG   728760320 bytes (729 MB) copied, 24.627082 s, 29.6 MB/s
2026-05-19 06:41:35,669 DEBUG   764411904 bytes (764 MB) copied, 25.630398 s, 29.8 MB/s
2026-05-19 06:41:35,669 DEBUG   803209216 bytes (803 MB) copied, 26.653037 s, 30.1 MB/s
2026-05-19 06:41:35,669 DEBUG   832569344 bytes (833 MB) copied, 27.666022 s, 30.1 MB/s
2026-05-19 06:41:35,669 DEBUG   865075200 bytes (865 MB) copied, 28.678257 s, 30.2 MB/s
2026-05-19 06:41:35,669 DEBUG   892338176 bytes (892 MB) copied, 29.692078 s, 30.1 MB/s
2026-05-19 06:41:35,669 DEBUG   921698304 bytes (922 MB) copied, 30.748055 s, 30.0 MB/s
2026-05-19 06:41:35,669 DEBUG   950009856 bytes (950 MB) copied, 31.763019 s, 29.9 MB/s
2026-05-19 06:41:35,670 DEBUG   975175680 bytes (975 MB) copied, 32.814088 s, 29.7 MB/s
2026-05-19 06:41:35,670 DEBUG   1005584384 bytes (1.0 GB) copied, 33.839152 s, 29.7 MB/s
2026-05-19 06:41:35,670 DEBUG   1030750208 bytes (1.0 GB) copied, 34.844092 s, 29.6 MB/s
2026-05-19 06:41:35,670 DEBUG   1049624576 bytes (1.0 GB) copied, 35.899047 s, 29.2 MB/s
2026-05-19 06:41:35,670 DEBUG   1068498944 bytes (1.1 GB) copied, 36.914056 s, 28.9 MB/s
2026-05-19 06:41:35,670 DEBUG   1024+0 records in
2026-05-19 06:41:35,670 DEBUG   1024+0 records out
2026-05-19 06:41:35,670 DEBUG   1073741824 bytes (1.1 GB) copied, 37.1002 s, 28.9 MB/s
2026-05-19 06:41:35,670 DEBUG   OK (disk op exit 0)
2026-05-19 06:41:35,670 WARNING Guest disk op wall 38.5s (vm='ahv_ins_delete-0-260514-193713' ip=10.114.50.12 op=create ec=0) — includes SSH + guest disk command; if still high, check guest disk throughput vs. MiB settings.
2026-05-19 06:41:35,670 DEBUG [118/566] VM b67f268b… (ahv_ins_delete-0-260514-194848) via 10.114.50.193 op=create
2026-05-19 06:41:35,670 DEBUG   remote: bash -lc 'set -e; _bs(){ printf '"'"'BULK_SNAP_T %s %s\n'"'"' "$1" "$(date +%s.%N 2>/dev/null || date +%s)"; }; _bs guest_start; _bs pipeline_start; openssl enc -aes-256-ctr -pass pass:"testing" -nosalt < /dev/zero 2>/dev/null | dd of=/root/dummy_snapshot_data_1.img bs=1M count=1024 iflag=fullblock status=progress; ec=$?; _bs pipeline_done; _bs guest_end; exit $ec'
2026-05-19 06:41:35,675 DEBUG   BULK_SNAP_T guest_start 1779140479.111900287
2026-05-19 06:41:35,675 DEBUG   BULK_SNAP_T pipeline_start 1779140479.116196750
2026-05-19 06:41:35,675 DEBUG   BULK_SNAP_T pipeline_done 1779140493.075238293
2026-05-19 06:41:35,675 DEBUG   BULK_SNAP_T guest_end 1779140493.080557535
2026-05-19 06:41:35,675 DEBUG   
2026-05-19 06:41:35,675 DEBUG   31457280 bytes (31 MB) copied, 1.052950 s, 29.9 MB/s
2026-05-19 06:41:35,675 DEBUG   63963136 bytes (64 MB) copied, 2.079913 s, 30.8 MB/s
2026-05-19 06:41:35,675 DEBUG   95420416 bytes (95 MB) copied, 3.084348 s, 30.9 MB/s
2026-05-19 06:41:35,675 DEBUG   128974848 bytes (129 MB) copied, 4.132962 s, 31.2 MB/s
2026-05-19 06:41:35,675 DEBUG   195035136 bytes (195 MB) copied, 5.136919 s, 38.0 MB/s
2026-05-19 06:41:35,675 DEBUG   291504128 bytes (292 MB) copied, 6.143933 s, 47.4 MB/s
2026-05-19 06:41:35,675 DEBUG   392167424 bytes (392 MB) copied, 7.151938 s, 54.8 MB/s
2026-05-19 06:41:35,675 DEBUG   498073600 bytes (498 MB) copied, 8.163408 s, 61.0 MB/s
2026-05-19 06:41:35,675 DEBUG   603979776 bytes (604 MB) copied, 9.169050 s, 65.9 MB/s
2026-05-19 06:41:35,675 DEBUG   703594496 bytes (704 MB) copied, 10.170928 s, 69.2 MB/s
2026-05-19 06:41:35,675 DEBUG   811597824 bytes (812 MB) copied, 11.173012 s, 72.6 MB/s
2026-05-19 06:41:35,675 DEBUG   912261120 bytes (912 MB) copied, 12.175429 s, 74.9 MB/s
2026-05-19 06:41:35,675 DEBUG   1007681536 bytes (1.0 GB) copied, 13.179301 s, 76.5 MB/s
2026-05-19 06:41:35,675 DEBUG   1024+0 records in
2026-05-19 06:41:35,675 DEBUG   1024+0 records out
2026-05-19 06:41:35,675 DEBUG   1073741824 bytes (1.1 GB) copied, 13.8455 s, 77.6 MB/s
2026-05-19 06:41:35,675 DEBUG   OK (disk op exit 0)
2026-05-19 06:41:35,676 DEBUG [119/566] VM f61abe15… (ahv_ins_delete-0-260514-194914) via 10.114.49.249 op=create
2026-05-19 06:41:35,676 DEBUG   remote: bash -lc 'set -e; _bs(){ printf '"'"'BULK_SNAP_T %s %s\n'"'"' "$1" "$(date +%s.%N 2>/dev/null || date +%s)"; }; _bs guest_start; _bs pipeline_start; openssl enc -aes-256-ctr -pass pass:"testing" -nosalt < /dev/zero 2>/dev/null | dd of=/root/dummy_snapshot_data_1.img bs=1M count=1024 iflag=fullblock status=progress; ec=$?; _bs pipeline_done; _bs guest_end; exit $ec'
2026-05-19 06:41:40,427 DEBUG   BULK_SNAP_T guest_start 1779140484.993374592
2026-05-19 06:41:40,427 DEBUG   BULK_SNAP_T pipeline_start 1779140485.002931467
2026-05-19 06:41:40,427 DEBUG   BULK_SNAP_T pipeline_done 1779140497.953861982
2026-05-19 06:41:40,427 DEBUG   BULK_SNAP_T guest_end 1779140497.955543653
2026-05-19 06:41:40,427 DEBUG   
2026-05-19 06:41:40,427 DEBUG   29360128 bytes (29 MB) copied, 1.005527 s, 29.2 MB/s
2026-05-19 06:41:40,427 DEBUG   57671680 bytes (58 MB) copied, 2.023527 s, 28.5 MB/s
2026-05-19 06:41:40,427 DEBUG   89128960 bytes (89 MB) copied, 3.028571 s, 29.4 MB/s
2026-05-19 06:41:40,427 DEBUG   114294784 bytes (114 MB) copied, 4.087587 s, 28.0 MB/s
2026-05-19 06:41:40,427 DEBUG   145752064 bytes (146 MB) copied, 5.101504 s, 28.6 MB/s
2026-05-19 06:41:40,427 DEBUG   244318208 bytes (244 MB) copied, 6.120515 s, 39.9 MB/s
2026-05-19 06:41:40,427 DEBUG   348127232 bytes (348 MB) copied, 7.123576 s, 48.9 MB/s
2026-05-19 06:41:40,427 DEBUG   467664896 bytes (468 MB) copied, 8.127158 s, 57.5 MB/s
2026-05-19 06:41:40,427 DEBUG   600834048 bytes (601 MB) copied, 9.127517 s, 65.8 MB/s
2026-05-19 06:41:40,427 DEBUG   722468864 bytes (722 MB) copied, 10.132918 s, 71.3 MB/s
2026-05-19 06:41:40,427 DEBUG   857735168 bytes (858 MB) copied, 11.137704 s, 77.0 MB/s
2026-05-19 06:41:40,427 DEBUG   986710016 bytes (987 MB) copied, 12.139541 s, 81.3 MB/s
2026-05-19 06:41:40,427 DEBUG   1024+0 records in
2026-05-19 06:41:40,427 DEBUG   1024+0 records out
2026-05-19 06:41:40,427 DEBUG   1073741824 bytes (1.1 GB) copied, 12.8529 s, 83.5 MB/s
2026-05-19 06:41:40,427 DEBUG   OK (disk op exit 0)
2026-05-19 06:41:40,428 DEBUG [120/566] VM bbeee8a6… (ahv_ins_delete-0-260514-194939) via 10.114.49.34 op=create
2026-05-19 06:41:40,428 DEBUG   remote: bash -lc 'set -e; _bs(){ printf '"'"'BULK_SNAP_T %s %s\n'"'"' "$1" "$(date +%s.%N 2>/dev/null || date +%s)"; }; _bs guest_start; _bs pipeline_start; openssl enc -aes-256-ctr -pass pass:"testing" -nosalt < /dev/zero 2>/dev/null | dd of=/root/dummy_snapshot_data_1.img bs=1M count=1024 iflag=fullblock status=progress; ec=$?; _bs pipeline_done; _bs guest_end; exit $ec'
2026-05-19 06:41:45,176 DEBUG   BULK_SNAP_T guest_start 1779140463.602852378
2026-05-19 06:41:45,176 DEBUG   BULK_SNAP_T pipeline_start 1779140463.607044348
2026-05-19 06:41:45,176 DEBUG   BULK_SNAP_T pipeline_done 1779140502.400078397
2026-05-19 06:41:45,176 DEBUG   BULK_SNAP_T guest_end 1779140502.407750776
2026-05-19 06:41:45,176 DEBUG   
2026-05-19 06:41:45,176 DEBUG   22020096 bytes (22 MB) copied, 1.011912 s, 21.8 MB/s
2026-05-19 06:41:45,176 DEBUG   51380224 bytes (51 MB) copied, 2.019423 s, 25.4 MB/s
2026-05-19 06:41:45,176 DEBUG   76546048 bytes (77 MB) copied, 3.039944 s, 25.2 MB/s
2026-05-19 06:41:45,176 DEBUG   103809024 bytes (104 MB) copied, 4.061835 s, 25.6 MB/s
2026-05-19 06:41:45,176 DEBUG   130023424 bytes (130 MB) copied, 5.063004 s, 25.7 MB/s
2026-05-19 06:41:45,176 DEBUG   157286400 bytes (157 MB) copied, 6.101910 s, 25.8 MB/s
2026-05-19 06:41:45,176 DEBUG   184549376 bytes (185 MB) copied, 7.130944 s, 25.9 MB/s
2026-05-19 06:41:45,176 DEBUG   212860928 bytes (213 MB) copied, 8.159966 s, 26.1 MB/s
2026-05-19 06:41:45,177 DEBUG   239075328 bytes (239 MB) copied, 9.213409 s, 25.9 MB/s
2026-05-19 06:41:45,177 DEBUG   266338304 bytes (266 MB) copied, 10.250860 s, 26.0 MB/s
2026-05-19 06:41:45,177 DEBUG   296747008 bytes (297 MB) copied, 11.287900 s, 26.3 MB/s
2026-05-19 06:41:45,177 DEBUG   328204288 bytes (328 MB) copied, 12.290978 s, 26.7 MB/s
2026-05-19 06:41:45,177 DEBUG   357564416 bytes (358 MB) copied, 13.314966 s, 26.9 MB/s
2026-05-19 06:41:45,177 DEBUG   392167424 bytes (392 MB) copied, 14.325898 s, 27.4 MB/s
2026-05-19 06:41:45,177 DEBUG   426770432 bytes (427 MB) copied, 15.342072 s, 27.8 MB/s
2026-05-19 06:41:45,177 DEBUG   452984832 bytes (453 MB) copied, 16.362001 s, 27.7 MB/s
2026-05-19 06:41:45,177 DEBUG   482344960 bytes (482 MB) copied, 17.374048 s, 27.8 MB/s
2026-05-19 06:41:45,177 DEBUG   510656512 bytes (511 MB) copied, 18.384983 s, 27.8 MB/s
2026-05-19 06:41:45,177 DEBUG   541065216 bytes (541 MB) copied, 19.389963 s, 27.9 MB/s
2026-05-19 06:41:45,177 DEBUG   570425344 bytes (570 MB) copied, 20.408858 s, 27.9 MB/s
2026-05-19 06:41:45,177 DEBUG   598736896 bytes (599 MB) copied, 21.420819 s, 28.0 MB/s
2026-05-19 06:41:45,177 DEBUG   629145600 bytes (629 MB) copied, 22.447888 s, 28.0 MB/s
2026-05-19 06:41:45,177 DEBUG   656408576 bytes (656 MB) copied, 23.456867 s, 28.0 MB/s
2026-05-19 06:41:45,177 DEBUG   688914432 bytes (689 MB) copied, 24.478923 s, 28.1 MB/s
2026-05-19 06:41:45,177 DEBUG   717225984 bytes (717 MB) copied, 25.487030 s, 28.1 MB/s
2026-05-19 06:41:45,177 DEBUG   748683264 bytes (749 MB) copied, 26.533092 s, 28.2 MB/s
2026-05-19 06:41:45,177 DEBUG   768606208 bytes (769 MB) copied, 27.535871 s, 27.9 MB/s
2026-05-19 06:41:45,177 DEBUG   786432000 bytes (786 MB) copied, 28.541064 s, 27.6 MB/s
2026-05-19 06:41:45,177 DEBUG   809500672 bytes (810 MB) copied, 29.554879 s, 27.4 MB/s
2026-05-19 06:41:45,177 DEBUG   834666496 bytes (835 MB) copied, 30.556229 s, 27.3 MB/s
2026-05-19 06:41:45,177 DEBUG   861929472 bytes (862 MB) copied, 31.579917 s, 27.3 MB/s
2026-05-19 06:41:45,177 DEBUG   890241024 bytes (890 MB) copied, 32.717966 s, 27.2 MB/s
2026-05-19 06:41:45,177 DEBUG   916455424 bytes (916 MB) copied, 33.728900 s, 27.2 MB/s
2026-05-19 06:41:45,177 DEBUG   945815552 bytes (946 MB) copied, 34.768967 s, 27.2 MB/s
2026-05-19 06:41:45,177 DEBUG   979369984 bytes (979 MB) copied, 35.773990 s, 27.4 MB/s
2026-05-19 06:41:45,177 DEBUG   1012924416 bytes (1.0 GB) copied, 36.786954 s, 27.5 MB/s
2026-05-19 06:41:45,178 DEBUG   1046478848 bytes (1.0 GB) copied, 37.815172 s, 27.7 MB/s
2026-05-19 06:41:45,178 DEBUG   1024+0 records in
2026-05-19 06:41:45,178 DEBUG   1024+0 records out
2026-05-19 06:41:45,178 DEBUG   1073741824 bytes (1.1 GB) copied, 38.666 s, 27.8 MB/s
2026-05-19 06:41:45,178 DEBUG   OK (disk op exit 0)
2026-05-19 06:41:45,178 WARNING Guest disk op wall 40.3s (vm='ahv_ins_delete-0-260514-193843' ip=10.114.54.21 op=create ec=0) — includes SSH + guest disk command; if still high, check guest disk throughput vs. MiB settings.
2026-05-19 06:41:45,179 DEBUG [121/566] VM a9746474… (ahv_ins_delete-0-260518-084651) via 10.114.121.72 op=create
2026-05-19 06:41:45,179 DEBUG   remote: bash -lc 'set -e; _bs(){ printf '"'"'BULK_SNAP_T %s %s\n'"'"' "$1" "$(date +%s.%N 2>/dev/null || date +%s)"; }; _bs guest_start; _bs pipeline_start; openssl enc -aes-256-ctr -pass pass:"testing" -nosalt < /dev/zero 2>/dev/null | dd of=/root/dummy_snapshot_data_1.img bs=1M count=1024 iflag=fullblock status=progress; ec=$?; _bs pipeline_done; _bs guest_end; exit $ec'
2026-05-19 06:41:48,680 DEBUG   BULK_SNAP_T guest_start 1779140468.376661370
2026-05-19 06:41:48,680 DEBUG   BULK_SNAP_T pipeline_start 1779140468.382015703
2026-05-19 06:41:48,680 DEBUG   BULK_SNAP_T pipeline_done 1779140505.678603561
2026-05-19 06:41:48,680 DEBUG   BULK_SNAP_T guest_end 1779140505.683586654
2026-05-19 06:41:48,680 DEBUG   
2026-05-19 06:41:48,680 DEBUG   26214400 bytes (26 MB) copied, 1.025558 s, 25.6 MB/s
2026-05-19 06:41:48,680 DEBUG   54525952 bytes (55 MB) copied, 2.048583 s, 26.6 MB/s
2026-05-19 06:41:48,680 DEBUG   82837504 bytes (83 MB) copied, 3.066598 s, 27.0 MB/s
2026-05-19 06:41:48,680 DEBUG   106954752 bytes (107 MB) copied, 4.130568 s, 25.9 MB/s
2026-05-19 06:41:48,680 DEBUG   136314880 bytes (136 MB) copied, 5.147555 s, 26.5 MB/s
2026-05-19 06:41:48,680 DEBUG   163577856 bytes (164 MB) copied, 6.166880 s, 26.5 MB/s
2026-05-19 06:41:48,680 DEBUG   197132288 bytes (197 MB) copied, 7.172537 s, 27.5 MB/s
2026-05-19 06:41:48,680 DEBUG   227540992 bytes (228 MB) copied, 8.176527 s, 27.8 MB/s
2026-05-19 06:41:48,680 DEBUG   261095424 bytes (261 MB) copied, 9.212596 s, 28.3 MB/s
2026-05-19 06:41:48,680 DEBUG   294649856 bytes (295 MB) copied, 10.217005 s, 28.8 MB/s
2026-05-19 06:41:48,680 DEBUG   327155712 bytes (327 MB) copied, 11.225966 s, 29.1 MB/s
2026-05-19 06:41:48,680 DEBUG   360710144 bytes (361 MB) copied, 12.271570 s, 29.4 MB/s
2026-05-19 06:41:48,680 DEBUG   394264576 bytes (394 MB) copied, 13.276564 s, 29.7 MB/s
2026-05-19 06:41:48,680 DEBUG   428867584 bytes (429 MB) copied, 14.299641 s, 30.0 MB/s
2026-05-19 06:41:48,680 DEBUG   459276288 bytes (459 MB) copied, 15.339636 s, 29.9 MB/s
2026-05-19 06:41:48,680 DEBUG   487587840 bytes (488 MB) copied, 16.346955 s, 29.8 MB/s
2026-05-19 06:41:48,680 DEBUG   513802240 bytes (514 MB) copied, 17.347572 s, 29.6 MB/s
2026-05-19 06:41:48,680 DEBUG   542113792 bytes (542 MB) copied, 18.384603 s, 29.5 MB/s
2026-05-19 06:41:48,680 DEBUG   572522496 bytes (573 MB) copied, 19.394579 s, 29.5 MB/s
2026-05-19 06:41:48,680 DEBUG   599785472 bytes (600 MB) copied, 20.410749 s, 29.4 MB/s
2026-05-19 06:41:48,680 DEBUG   630194176 bytes (630 MB) copied, 21.439549 s, 29.4 MB/s
2026-05-19 06:41:48,681 DEBUG   652214272 bytes (652 MB) copied, 22.469571 s, 29.0 MB/s
2026-05-19 06:41:48,681 DEBUG   672137216 bytes (672 MB) copied, 23.484569 s, 28.6 MB/s
2026-05-19 06:41:48,681 DEBUG   691011584 bytes (691 MB) copied, 24.490240 s, 28.2 MB/s
2026-05-19 06:41:48,681 DEBUG   716177408 bytes (716 MB) copied, 25.521611 s, 28.1 MB/s
2026-05-19 06:41:48,681 DEBUG   738197504 bytes (738 MB) copied, 26.579569 s, 27.8 MB/s
2026-05-19 06:41:48,681 DEBUG   765460480 bytes (765 MB) copied, 27.591585 s, 27.7 MB/s
2026-05-19 06:41:48,681 DEBUG   792723456 bytes (793 MB) copied, 28.604577 s, 27.7 MB/s
2026-05-19 06:41:48,681 DEBUG   824180736 bytes (824 MB) copied, 29.639537 s, 27.8 MB/s
2026-05-19 06:41:48,681 DEBUG   858783744 bytes (859 MB) copied, 30.654811 s, 28.0 MB/s
2026-05-19 06:41:48,681 DEBUG   890241024 bytes (890 MB) copied, 31.664599 s, 28.1 MB/s
2026-05-19 06:41:48,681 DEBUG   923795456 bytes (924 MB) copied, 32.708588 s, 28.2 MB/s
2026-05-19 06:41:48,681 DEBUG   955252736 bytes (955 MB) copied, 33.772588 s, 28.3 MB/s
2026-05-19 06:41:48,681 DEBUG   988807168 bytes (989 MB) copied, 34.796588 s, 28.4 MB/s
2026-05-19 06:41:48,681 DEBUG   1022361600 bytes (1.0 GB) copied, 35.799612 s, 28.6 MB/s
2026-05-19 06:41:48,681 DEBUG   1056964608 bytes (1.1 GB) copied, 36.823615 s, 28.7 MB/s
2026-05-19 06:41:48,681 DEBUG   1024+0 records in
2026-05-19 06:41:48,681 DEBUG   1024+0 records out
2026-05-19 06:41:48,681 DEBUG   1073741824 bytes (1.1 GB) copied, 37.2165 s, 28.9 MB/s
2026-05-19 06:41:48,681 DEBUG   OK (disk op exit 0)
2026-05-19 06:41:48,681 WARNING Guest disk op wall 39.0s (vm='ahv_ins_delete-0-260514-193850' ip=10.114.51.178 op=create ec=0) — includes SSH + guest disk command; if still high, check guest disk throughput vs. MiB settings.
2026-05-19 06:41:48,682 DEBUG [122/566] VM d4ee6127… (ahv_ins_delete-0-260518-101033) via 10.114.121.79 op=create
2026-05-19 06:41:48,682 DEBUG   remote: bash -lc 'set -e; _bs(){ printf '"'"'BULK_SNAP_T %s %s\n'"'"' "$1" "$(date +%s.%N 2>/dev/null || date +%s)"; }; _bs guest_start; _bs pipeline_start; openssl enc -aes-256-ctr -pass pass:"testing" -nosalt < /dev/zero 2>/dev/null | dd of=/root/dummy_snapshot_data_1.img bs=1M count=1024 iflag=fullblock status=progress; ec=$?; _bs pipeline_done; _bs guest_end; exit $ec'
2026-05-19 06:41:54,682 DEBUG   BULK_SNAP_T guest_start 1779140475.073481913
2026-05-19 06:41:54,682 DEBUG   BULK_SNAP_T pipeline_start 1779140475.076741132
2026-05-19 06:41:54,682 DEBUG   BULK_SNAP_T pipeline_done 1779140511.181008939
2026-05-19 06:41:54,682 DEBUG   BULK_SNAP_T guest_end 1779140511.192457556
2026-05-19 06:41:54,682 DEBUG   
2026-05-19 06:41:54,682 DEBUG   25165824 bytes (25 MB) copied, 1.024572 s, 24.6 MB/s
2026-05-19 06:41:54,682 DEBUG   58720256 bytes (59 MB) copied, 2.037588 s, 28.8 MB/s
2026-05-19 06:41:54,683 DEBUG   93323264 bytes (93 MB) copied, 3.038570 s, 30.7 MB/s
2026-05-19 06:41:54,683 DEBUG   126877696 bytes (127 MB) copied, 4.043000 s, 31.4 MB/s
2026-05-19 06:41:54,683 DEBUG   152043520 bytes (152 MB) copied, 5.046755 s, 30.1 MB/s
2026-05-19 06:41:54,683 DEBUG   180355072 bytes (180 MB) copied, 6.054521 s, 29.8 MB/s
2026-05-19 06:41:54,683 DEBUG   212860928 bytes (213 MB) copied, 7.089925 s, 30.0 MB/s
2026-05-19 06:41:54,683 DEBUG   245366784 bytes (245 MB) copied, 8.097791 s, 30.3 MB/s
2026-05-19 06:41:54,683 DEBUG   269484032 bytes (269 MB) copied, 9.149542 s, 29.5 MB/s
2026-05-19 06:41:54,683 DEBUG   299892736 bytes (300 MB) copied, 10.155531 s, 29.5 MB/s
2026-05-19 06:41:54,683 DEBUG   324009984 bytes (324 MB) copied, 11.165590 s, 29.0 MB/s
2026-05-19 06:41:54,683 DEBUG   351272960 bytes (351 MB) copied, 12.177584 s, 28.8 MB/s
2026-05-19 06:41:54,683 DEBUG   376438784 bytes (376 MB) copied, 13.249608 s, 28.4 MB/s
2026-05-19 06:41:54,683 DEBUG   400556032 bytes (401 MB) copied, 14.288636 s, 28.0 MB/s
2026-05-19 06:41:54,683 DEBUG   422576128 bytes (423 MB) copied, 15.338700 s, 27.5 MB/s
2026-05-19 06:41:54,683 DEBUG   439353344 bytes (439 MB) copied, 16.380608 s, 26.8 MB/s
2026-05-19 06:41:54,683 DEBUG   462422016 bytes (462 MB) copied, 17.426549 s, 26.5 MB/s
2026-05-19 06:41:54,683 DEBUG   484442112 bytes (484 MB) copied, 18.460614 s, 26.2 MB/s
2026-05-19 06:41:54,683 DEBUG   512753664 bytes (513 MB) copied, 19.522625 s, 26.3 MB/s
2026-05-19 06:41:54,683 DEBUG   540016640 bytes (540 MB) copied, 20.559591 s, 26.3 MB/s
2026-05-19 06:41:54,683 DEBUG   562036736 bytes (562 MB) copied, 21.574582 s, 26.1 MB/s
2026-05-19 06:41:54,683 DEBUG   594542592 bytes (595 MB) copied, 22.576564 s, 26.3 MB/s
2026-05-19 06:41:54,683 DEBUG   632291328 bytes (632 MB) copied, 23.608529 s, 26.8 MB/s
2026-05-19 06:41:54,683 DEBUG   662700032 bytes (663 MB) copied, 24.644725 s, 26.9 MB/s
2026-05-19 06:41:54,683 DEBUG   694157312 bytes (694 MB) copied, 25.669718 s, 27.0 MB/s
2026-05-19 06:41:54,683 DEBUG   726663168 bytes (727 MB) copied, 26.685608 s, 27.2 MB/s
2026-05-19 06:41:54,683 DEBUG   760217600 bytes (760 MB) copied, 27.693597 s, 27.5 MB/s
2026-05-19 06:41:54,683 DEBUG   794820608 bytes (795 MB) copied, 28.697581 s, 27.7 MB/s
2026-05-19 06:41:54,683 DEBUG   833617920 bytes (834 MB) copied, 29.709692 s, 28.1 MB/s
2026-05-19 06:41:54,683 DEBUG   868220928 bytes (868 MB) copied, 30.718643 s, 28.3 MB/s
2026-05-19 06:41:54,683 DEBUG   905969664 bytes (906 MB) copied, 31.721527 s, 28.6 MB/s
2026-05-19 06:41:54,683 DEBUG   938475520 bytes (938 MB) copied, 32.749066 s, 28.7 MB/s
2026-05-19 06:41:54,683 DEBUG   978321408 bytes (978 MB) copied, 33.752886 s, 29.0 MB/s
2026-05-19 06:41:54,683 DEBUG   1017118720 bytes (1.0 GB) copied, 34.759525 s, 29.3 MB/s
2026-05-19 06:41:54,683 DEBUG   1061158912 bytes (1.1 GB) copied, 35.763892 s, 29.7 MB/s
2026-05-19 06:41:54,683 DEBUG   1024+0 records in
2026-05-19 06:41:54,683 DEBUG   1024+0 records out
2026-05-19 06:41:54,683 DEBUG   1073741824 bytes (1.1 GB) copied, 36.0108 s, 29.8 MB/s
2026-05-19 06:41:54,683 DEBUG   OK (disk op exit 0)
2026-05-19 06:41:54,683 WARNING Guest disk op wall 37.5s (vm='ahv_ins_delete-0-260514-194113' ip=10.114.52.185 op=create ec=0) — includes SSH + guest disk command; if still high, check guest disk throughput vs. MiB settings.
2026-05-19 06:41:54,684 DEBUG [123/566] VM 3a909080… (ahv_ins_delete-0-260518-101228) via 10.114.121.78 op=create
2026-05-19 06:41:54,684 DEBUG   remote: bash -lc 'set -e; _bs(){ printf '"'"'BULK_SNAP_T %s %s\n'"'"' "$1" "$(date +%s.%N 2>/dev/null || date +%s)"; }; _bs guest_start; _bs pipeline_start; openssl enc -aes-256-ctr -pass pass:"testing" -nosalt < /dev/zero 2>/dev/null | dd of=/root/dummy_snapshot_data_1.img bs=1M count=1024 iflag=fullblock status=progress; ec=$?; _bs pipeline_done; _bs guest_end; exit $ec'
2026-05-19 06:41:55,433 DEBUG   BULK_SNAP_T guest_start 1779140477.697945649
2026-05-19 06:41:55,433 DEBUG   BULK_SNAP_T pipeline_start 1779140477.703974585
2026-05-19 06:41:55,433 DEBUG   BULK_SNAP_T pipeline_done 1779140512.674245596
2026-05-19 06:41:55,433 DEBUG   BULK_SNAP_T guest_end 1779140512.680570625
2026-05-19 06:41:55,433 DEBUG   
2026-05-19 06:41:55,433 DEBUG   28311552 bytes (28 MB) copied, 1.008842 s, 28.1 MB/s
2026-05-19 06:41:55,433 DEBUG   65011712 bytes (65 MB) copied, 2.020230 s, 32.2 MB/s
2026-05-19 06:41:55,433 DEBUG   96468992 bytes (96 MB) copied, 3.025823 s, 31.9 MB/s
2026-05-19 06:41:55,433 DEBUG   125829120 bytes (126 MB) copied, 4.053837 s, 31.0 MB/s
2026-05-19 06:41:55,433 DEBUG   158334976 bytes (158 MB) copied, 5.139261 s, 30.8 MB/s
2026-05-19 06:41:55,433 DEBUG   190840832 bytes (191 MB) copied, 6.183046 s, 30.9 MB/s
2026-05-19 06:41:55,433 DEBUG   223346688 bytes (223 MB) copied, 7.186863 s, 31.1 MB/s
2026-05-19 06:41:55,434 DEBUG   256901120 bytes (257 MB) copied, 8.214998 s, 31.3 MB/s
2026-05-19 06:41:55,434 DEBUG   284164096 bytes (284 MB) copied, 9.223832 s, 30.8 MB/s
2026-05-19 06:41:55,434 DEBUG   315621376 bytes (316 MB) copied, 10.234809 s, 30.8 MB/s
2026-05-19 06:41:55,434 DEBUG   341835776 bytes (342 MB) copied, 11.234906 s, 30.4 MB/s
2026-05-19 06:41:55,434 DEBUG   368050176 bytes (368 MB) copied, 12.237082 s, 30.1 MB/s
2026-05-19 06:41:55,434 DEBUG   391118848 bytes (391 MB) copied, 13.280878 s, 29.4 MB/s
2026-05-19 06:41:55,434 DEBUG   413138944 bytes (413 MB) copied, 14.317861 s, 28.9 MB/s
2026-05-19 06:41:55,434 DEBUG   434110464 bytes (434 MB) copied, 15.368819 s, 28.2 MB/s
2026-05-19 06:41:55,434 DEBUG   460324864 bytes (460 MB) copied, 16.449863 s, 28.0 MB/s
2026-05-19 06:41:55,434 DEBUG   486539264 bytes (487 MB) copied, 17.470847 s, 27.8 MB/s
2026-05-19 06:41:55,434 DEBUG   512753664 bytes (513 MB) copied, 18.509824 s, 27.7 MB/s
2026-05-19 06:41:55,434 DEBUG   536870912 bytes (537 MB) copied, 19.539920 s, 27.5 MB/s
2026-05-19 06:41:55,434 DEBUG   569376768 bytes (569 MB) copied, 20.554899 s, 27.7 MB/s
2026-05-19 06:41:55,434 DEBUG   605028352 bytes (605 MB) copied, 21.569260 s, 28.1 MB/s
2026-05-19 06:41:55,434 DEBUG   640679936 bytes (641 MB) copied, 22.583024 s, 28.4 MB/s
2026-05-19 06:41:55,434 DEBUG   671088640 bytes (671 MB) copied, 23.628843 s, 28.4 MB/s
2026-05-19 06:41:55,434 DEBUG   701497344 bytes (701 MB) copied, 24.682891 s, 28.4 MB/s
2026-05-19 06:41:55,434 DEBUG   735051776 bytes (735 MB) copied, 25.685865 s, 28.6 MB/s
2026-05-19 06:41:55,434 DEBUG   769654784 bytes (770 MB) copied, 26.736873 s, 28.8 MB/s
2026-05-19 06:41:55,434 DEBUG   807403520 bytes (807 MB) copied, 27.773868 s, 29.1 MB/s
2026-05-19 06:41:55,434 DEBUG   844103680 bytes (844 MB) copied, 28.775918 s, 29.3 MB/s
2026-05-19 06:41:55,434 DEBUG   884998144 bytes (885 MB) copied, 29.782173 s, 29.7 MB/s
2026-05-19 06:41:55,434 DEBUG   922746880 bytes (923 MB) copied, 30.894981 s, 29.9 MB/s
2026-05-19 06:41:55,434 DEBUG   961544192 bytes (962 MB) copied, 31.910876 s, 30.1 MB/s
2026-05-19 06:41:55,434 DEBUG   1002438656 bytes (1.0 GB) copied, 32.918284 s, 30.5 MB/s
2026-05-19 06:41:55,434 DEBUG   1037041664 bytes (1.0 GB) copied, 33.923063 s, 30.6 MB/s
2026-05-19 06:41:55,434 DEBUG   1024+0 records in
2026-05-19 06:41:55,434 DEBUG   1024+0 records out
2026-05-19 06:41:55,434 DEBUG   1073741824 bytes (1.1 GB) copied, 34.9021 s, 30.8 MB/s
2026-05-19 06:41:55,434 DEBUG   OK (disk op exit 0)
2026-05-19 06:41:55,434 WARNING Guest disk op wall 36.5s (vm='ahv_ins_delete-0-260514-194219' ip=10.114.50.197 op=create ec=0) — includes SSH + guest disk command; if still high, check guest disk throughput vs. MiB settings.
2026-05-19 06:41:55,435 DEBUG [124/566] VM 58b14b99… (ahv_ins_delete-0-260518-165450) via 10.114.113.202 op=create
2026-05-19 06:41:55,435 DEBUG   remote: bash -lc 'set -e; _bs(){ printf '"'"'BULK_SNAP_T %s %s\n'"'"' "$1" "$(date +%s.%N 2>/dev/null || date +%s)"; }; _bs guest_start; _bs pipeline_start; openssl enc -aes-256-ctr -pass pass:"testing" -nosalt < /dev/zero 2>/dev/null | dd of=/root/dummy_snapshot_data_1.img bs=1M count=1024 iflag=fullblock status=progress; ec=$?; _bs pipeline_done; _bs guest_end; exit $ec'
2026-05-19 06:41:56,183 DEBUG   BULK_SNAP_T guest_start 1779140478.352683223
2026-05-19 06:41:56,183 DEBUG   BULK_SNAP_T pipeline_start 1779140478.360479532
2026-05-19 06:41:56,184 DEBUG   BULK_SNAP_T pipeline_done 1779140512.956769263
2026-05-19 06:41:56,184 DEBUG   BULK_SNAP_T guest_end 1779140512.958013335
2026-05-19 06:41:56,184 DEBUG   
2026-05-19 06:41:56,184 DEBUG   28311552 bytes (28 MB) copied, 1.000154 s, 28.3 MB/s
2026-05-19 06:41:56,184 DEBUG   63963136 bytes (64 MB) copied, 2.007212 s, 31.9 MB/s
2026-05-19 06:41:56,184 DEBUG   97517568 bytes (98 MB) copied, 3.029404 s, 32.2 MB/s
2026-05-19 06:41:56,184 DEBUG   131072000 bytes (131 MB) copied, 4.063270 s, 32.3 MB/s
2026-05-19 06:41:56,184 DEBUG   157286400 bytes (157 MB) copied, 5.077315 s, 31.0 MB/s
2026-05-19 06:41:56,184 DEBUG   190840832 bytes (191 MB) copied, 6.130216 s, 31.1 MB/s
2026-05-19 06:41:56,184 DEBUG   222298112 bytes (222 MB) copied, 7.150185 s, 31.1 MB/s
2026-05-19 06:41:56,184 DEBUG   247463936 bytes (247 MB) copied, 8.153581 s, 30.4 MB/s
2026-05-19 06:41:56,184 DEBUG   276824064 bytes (277 MB) copied, 9.177189 s, 30.2 MB/s
2026-05-19 06:41:56,184 DEBUG   301989888 bytes (302 MB) copied, 10.183698 s, 29.7 MB/s
2026-05-19 06:41:56,184 DEBUG   326107136 bytes (326 MB) copied, 11.191232 s, 29.1 MB/s
2026-05-19 06:41:56,184 DEBUG   344981504 bytes (345 MB) copied, 12.214159 s, 28.2 MB/s
2026-05-19 06:41:56,184 DEBUG   363855872 bytes (364 MB) copied, 13.234198 s, 27.5 MB/s
2026-05-19 06:41:56,184 DEBUG   386924544 bytes (387 MB) copied, 14.250173 s, 27.2 MB/s
2026-05-19 06:41:56,184 DEBUG   413138944 bytes (413 MB) copied, 15.259229 s, 27.1 MB/s
2026-05-19 06:41:56,184 DEBUG   441450496 bytes (441 MB) copied, 16.262478 s, 27.1 MB/s
2026-05-19 06:41:56,184 DEBUG   467664896 bytes (468 MB) copied, 17.302214 s, 27.0 MB/s
2026-05-19 06:41:56,184 DEBUG   491782144 bytes (492 MB) copied, 18.328171 s, 26.8 MB/s
2026-05-19 06:41:56,184 DEBUG   520093696 bytes (520 MB) copied, 19.332240 s, 26.9 MB/s
2026-05-19 06:41:56,184 DEBUG   552599552 bytes (553 MB) copied, 20.361136 s, 27.1 MB/s
2026-05-19 06:41:56,184 DEBUG   589299712 bytes (589 MB) copied, 21.394166 s, 27.5 MB/s
2026-05-19 06:41:56,184 DEBUG   621805568 bytes (622 MB) copied, 22.428147 s, 27.7 MB/s
2026-05-19 06:41:56,184 DEBUG   652214272 bytes (652 MB) copied, 23.466179 s, 27.8 MB/s
2026-05-19 06:41:56,184 DEBUG   686817280 bytes (687 MB) copied, 24.497277 s, 28.0 MB/s
2026-05-19 06:41:56,184 DEBUG   721420288 bytes (721 MB) copied, 25.504793 s, 28.3 MB/s
2026-05-19 06:41:56,184 DEBUG   753926144 bytes (754 MB) copied, 26.533266 s, 28.4 MB/s
2026-05-19 06:41:56,184 DEBUG   793772032 bytes (794 MB) copied, 27.564231 s, 28.8 MB/s
2026-05-19 06:41:56,184 DEBUG   832569344 bytes (833 MB) copied, 28.593113 s, 29.1 MB/s
2026-05-19 06:41:56,184 DEBUG   867172352 bytes (867 MB) copied, 29.605384 s, 29.3 MB/s
2026-05-19 06:41:56,184 DEBUG   905969664 bytes (906 MB) copied, 30.610188 s, 29.6 MB/s
2026-05-19 06:41:56,184 DEBUG   943718400 bytes (944 MB) copied, 31.645302 s, 29.8 MB/s
2026-05-19 06:41:56,184 DEBUG   981467136 bytes (981 MB) copied, 32.654297 s, 30.1 MB/s
2026-05-19 06:41:56,184 DEBUG   1027604480 bytes (1.0 GB) copied, 33.680571 s, 30.5 MB/s
2026-05-19 06:41:56,184 DEBUG   1024+0 records in
2026-05-19 06:41:56,184 DEBUG   1024+0 records out
2026-05-19 06:41:56,184 DEBUG   1073741824 bytes (1.1 GB) copied, 34.5495 s, 31.1 MB/s
2026-05-19 06:41:56,184 DEBUG   OK (disk op exit 0)
2026-05-19 06:41:56,185 WARNING Guest disk op wall 35.8s (vm='ahv_ins_delete-0-260514-194324' ip=10.114.48.22 op=create ec=0) — includes SSH + guest disk command; if still high, check guest disk throughput vs. MiB settings.
2026-05-19 06:41:56,185 DEBUG [125/566] VM 04325a81… (ahv_ins_delete-0-260518-165456) via 10.114.113.181 op=create
2026-05-19 06:41:56,185 DEBUG   remote: bash -lc 'set -e; _bs(){ printf '"'"'BULK_SNAP_T %s %s\n'"'"' "$1" "$(date +%s.%N 2>/dev/null || date +%s)"; }; _bs guest_start; _bs pipeline_start; openssl enc -aes-256-ctr -pass pass:"testing" -nosalt < /dev/zero 2>/dev/null | dd of=/root/dummy_snapshot_data_1.img bs=1M count=1024 iflag=fullblock status=progress; ec=$?; _bs pipeline_done; _bs guest_end; exit $ec'
2026-05-19 06:41:58,684 DEBUG   BULK_SNAP_T guest_start 1779140482.112974063
2026-05-19 06:41:58,684 DEBUG   BULK_SNAP_T pipeline_start 1779140482.119883682
2026-05-19 06:41:58,684 DEBUG   BULK_SNAP_T pipeline_done 1779140514.975996527
2026-05-19 06:41:58,684 DEBUG   BULK_SNAP_T guest_end 1779140514.979166175
2026-05-19 06:41:58,684 DEBUG   
2026-05-19 06:41:58,684 DEBUG   30408704 bytes (30 MB) copied, 1.031588 s, 29.5 MB/s
2026-05-19 06:41:58,684 DEBUG   56623104 bytes (57 MB) copied, 2.056770 s, 27.5 MB/s
2026-05-19 06:41:58,684 DEBUG   85983232 bytes (86 MB) copied, 3.080551 s, 27.9 MB/s
2026-05-19 06:41:58,684 DEBUG   112197632 bytes (112 MB) copied, 4.101565 s, 27.4 MB/s
2026-05-19 06:41:58,684 DEBUG   140509184 bytes (141 MB) copied, 5.111529 s, 27.5 MB/s
2026-05-19 06:41:58,684 DEBUG   164626432 bytes (165 MB) copied, 6.125651 s, 26.9 MB/s
2026-05-19 06:41:58,685 DEBUG   192937984 bytes (193 MB) copied, 7.139564 s, 27.0 MB/s
2026-05-19 06:41:58,685 DEBUG   214958080 bytes (215 MB) copied, 8.151545 s, 26.4 MB/s
2026-05-19 06:41:58,685 DEBUG   234881024 bytes (235 MB) copied, 9.157623 s, 25.6 MB/s
2026-05-19 06:41:58,685 DEBUG   257949696 bytes (258 MB) copied, 10.217588 s, 25.2 MB/s
2026-05-19 06:41:58,685 DEBUG   282066944 bytes (282 MB) copied, 11.314582 s, 24.9 MB/s
2026-05-19 06:41:58,685 DEBUG   308281344 bytes (308 MB) copied, 12.364536 s, 24.9 MB/s
2026-05-19 06:41:58,685 DEBUG   333447168 bytes (333 MB) copied, 13.393603 s, 24.9 MB/s
2026-05-19 06:41:58,685 DEBUG   355467264 bytes (355 MB) copied, 14.398494 s, 24.7 MB/s
2026-05-19 06:41:58,685 DEBUG   389021696 bytes (389 MB) copied, 15.409562 s, 25.2 MB/s
2026-05-19 06:41:58,685 DEBUG   427819008 bytes (428 MB) copied, 16.410611 s, 26.1 MB/s
2026-05-19 06:41:58,685 DEBUG   461373440 bytes (461 MB) copied, 17.428616 s, 26.5 MB/s
2026-05-19 06:41:58,685 DEBUG   493879296 bytes (494 MB) copied, 18.441594 s, 26.8 MB/s
2026-05-19 06:41:58,685 DEBUG   526385152 bytes (526 MB) copied, 19.460582 s, 27.0 MB/s
2026-05-19 06:41:58,685 DEBUG   562036736 bytes (562 MB) copied, 20.485582 s, 27.4 MB/s
2026-05-19 06:41:58,685 DEBUG   598736896 bytes (599 MB) copied, 21.491492 s, 27.9 MB/s
2026-05-19 06:41:58,685 DEBUG   632291328 bytes (632 MB) copied, 22.491541 s, 28.1 MB/s
2026-05-19 06:41:58,685 DEBUG   664797184 bytes (665 MB) copied, 23.498547 s, 28.3 MB/s
2026-05-19 06:41:58,685 DEBUG   704643072 bytes (705 MB) copied, 24.530616 s, 28.7 MB/s
2026-05-19 06:41:58,685 DEBUG   743440384 bytes (743 MB) copied, 25.549573 s, 29.1 MB/s
2026-05-19 06:41:58,685 DEBUG   779091968 bytes (779 MB) copied, 26.569552 s, 29.3 MB/s
2026-05-19 06:41:58,685 DEBUG   815792128 bytes (816 MB) copied, 27.574622 s, 29.6 MB/s
2026-05-19 06:41:58,685 DEBUG   851443712 bytes (851 MB) copied, 28.575508 s, 29.8 MB/s
2026-05-19 06:41:58,685 DEBUG   893386752 bytes (893 MB) copied, 29.580802 s, 30.2 MB/s
2026-05-19 06:41:58,685 DEBUG   944766976 bytes (945 MB) copied, 30.612624 s, 30.9 MB/s
2026-05-19 06:41:58,685 DEBUG   1001390080 bytes (1.0 GB) copied, 31.613917 s, 31.7 MB/s
2026-05-19 06:41:58,685 DEBUG   1062207488 bytes (1.1 GB) copied, 32.616627 s, 32.6 MB/s
2026-05-19 06:41:58,685 DEBUG   1024+0 records in
2026-05-19 06:41:58,685 DEBUG   1024+0 records out
2026-05-19 06:41:58,685 DEBUG   1073741824 bytes (1.1 GB) copied, 32.7986 s, 32.7 MB/s
2026-05-19 06:41:58,685 DEBUG   OK (disk op exit 0)
2026-05-19 06:41:58,685 WARNING Guest disk op wall 34.3s (vm='ahv_ins_delete-0-260514-194426' ip=10.114.54.60 op=create ec=0) — includes SSH + guest disk command; if still high, check guest disk throughput vs. MiB settings.
2026-05-19 06:41:58,686 DEBUG [126/566] VM a6421a0c… (ahv_ins_delete-0-260518-165508) via 10.114.113.180 op=create
2026-05-19 06:41:58,686 DEBUG   remote: bash -lc 'set -e; _bs(){ printf '"'"'BULK_SNAP_T %s %s\n'"'"' "$1" "$(date +%s.%N 2>/dev/null || date +%s)"; }; _bs guest_start; _bs pipeline_start; openssl enc -aes-256-ctr -pass pass:"testing" -nosalt < /dev/zero 2>/dev/null | dd of=/root/dummy_snapshot_data_1.img bs=1M count=1024 iflag=fullblock status=progress; ec=$?; _bs pipeline_done; _bs guest_end; exit $ec'
2026-05-19 06:42:01,685 DEBUG   BULK_SNAP_T guest_start 1779140488.024417413
2026-05-19 06:42:01,686 DEBUG   BULK_SNAP_T pipeline_start 1779140488.035425632
2026-05-19 06:42:01,686 DEBUG   BULK_SNAP_T pipeline_done 1779140518.017716485
2026-05-19 06:42:01,686 DEBUG   BULK_SNAP_T guest_end 1779140518.523899626
2026-05-19 06:42:01,686 DEBUG   BULK_SNAP_T guest_start 1779140493.603547372
2026-05-19 06:42:01,686 DEBUG   
2026-05-19 06:42:01,686 DEBUG   BULK_SNAP_T pipeline_start 1779140493.607908923
2026-05-19 06:42:01,686 DEBUG   BULK_SNAP_T pipeline_done 1779140517.957270192
2026-05-19 06:42:01,686 DEBUG   BULK_SNAP_T guest_end 1779140517.961877796
2026-05-19 06:42:01,686 DEBUG   
2026-05-19 06:42:01,686 DEBUG   20971520 bytes (21 MB) copied, 1.042946 s, 20.1 MB/s
2026-05-19 06:42:01,686 DEBUG   47185920 bytes (47 MB) copied, 2.047986 s, 23.0 MB/s
2026-05-19 06:42:01,686 DEBUG   73400320 bytes (73 MB) copied, 3.059414 s, 24.0 MB/s
2026-05-19 06:42:01,686 DEBUG   104857600 bytes (105 MB) copied, 4.092036 s, 25.6 MB/s
2026-05-19 06:42:01,686 DEBUG   140509184 bytes (141 MB) copied, 5.092974 s, 27.6 MB/s
2026-05-19 06:42:01,686 DEBUG   173015040 bytes (173 MB) copied, 6.101048 s, 28.4 MB/s
2026-05-19 06:42:01,686 DEBUG   212860928 bytes (213 MB) copied, 7.102066 s, 30.0 MB/s
2026-05-19 06:42:01,686 DEBUG   250609664 bytes (251 MB) copied, 8.122143 s, 30.9 MB/s
2026-05-19 06:42:01,686 DEBUG   290455552 bytes (290 MB) copied, 9.133033 s, 31.8 MB/s
2026-05-19 06:42:01,686 DEBUG   336592896 bytes (337 MB) copied, 10.163932 s, 33.1 MB/s
2026-05-19 06:42:01,687 DEBUG   379584512 bytes (380 MB) copied, 11.183252 s, 33.9 MB/s
2026-05-19 06:42:01,687 DEBUG   421527552 bytes (422 MB) copied, 12.197202 s, 34.6 MB/s
2026-05-19 06:42:01,687 DEBUG   461373440 bytes (461 MB) copied, 13.241128 s, 34.8 MB/s
2026-05-19 06:42:01,687 DEBUG   494927872 bytes (495 MB) copied, 14.241315 s, 34.8 MB/s
2026-05-19 06:42:01,687 DEBUG   536870912 bytes (537 MB) copied, 15.245942 s, 35.2 MB/s
2026-05-19 06:42:01,687 DEBUG   577765376 bytes (578 MB) copied, 16.251150 s, 35.6 MB/s
2026-05-19 06:42:01,687 DEBUG   618659840 bytes (619 MB) copied, 17.279895 s, 35.8 MB/s
2026-05-19 06:42:01,687 DEBUG   662700032 bytes (663 MB) copied, 18.282335 s, 36.2 MB/s
2026-05-19 06:42:01,687 DEBUG   722468864 bytes (722 MB) copied, 19.295894 s, 37.4 MB/s
2026-05-19 06:42:01,687 DEBUG   789577728 bytes (790 MB) copied, 20.296091 s, 38.9 MB/s
2026-05-19 06:42:01,687 DEBUG   858783744 bytes (859 MB) copied, 21.301039 s, 40.3 MB/s
2026-05-19 06:42:01,687 DEBUG   924844032 bytes (925 MB) copied, 22.324117 s, 41.4 MB/s
2026-05-19 06:42:01,687 DEBUG   991952896 bytes (992 MB) copied, 23.325845 s, 42.5 MB/s
2026-05-19 06:42:01,687 DEBUG   1024+0 records in
2026-05-19 06:42:01,687 DEBUG   1024+0 records out
2026-05-19 06:42:01,687 DEBUG   1073741824 bytes (1.1 GB) copied, 24.2822 s, 44.2 MB/s
2026-05-19 06:42:01,687 DEBUG   OK (disk op exit 0)
2026-05-19 06:42:01,686 DEBUG   17825792 bytes (18 MB) copied, 1.008533 s, 17.7 MB/s
2026-05-19 06:42:01,687 WARNING Guest disk op wall 26.0s (vm='ahv_ins_delete-0-260514-194848' ip=10.114.50.193 op=create ec=0) — includes SSH + guest disk command; if still high, check guest disk throughput vs. MiB settings.
2026-05-19 06:42:01,687 DEBUG   32505856 bytes (33 MB) copied, 2.050286 s, 15.9 MB/s
2026-05-19 06:42:01,688 DEBUG [127/566] VM c4a38390… (ahv_ins_delete-0-260518-165511) via 10.114.121.53 op=create
2026-05-19 06:42:01,688 DEBUG   53477376 bytes (53 MB) copied, 3.130285 s, 17.1 MB/s
2026-05-19 06:42:01,688 DEBUG   remote: bash -lc 'set -e; _bs(){ printf '"'"'BULK_SNAP_T %s %s\n'"'"' "$1" "$(date +%s.%N 2>/dev/null || date +%s)"; }; _bs guest_start; _bs pipeline_start; openssl enc -aes-256-ctr -pass pass:"testing" -nosalt < /dev/zero 2>/dev/null | dd of=/root/dummy_snapshot_data_1.img bs=1M count=1024 iflag=fullblock status=progress; ec=$?; _bs pipeline_done; _bs guest_end; exit $ec'
2026-05-19 06:42:01,688 DEBUG   70254592 bytes (70 MB) copied, 4.170260 s, 16.8 MB/s
2026-05-19 06:42:01,688 DEBUG   93323264 bytes (93 MB) copied, 5.170541 s, 18.0 MB/s
2026-05-19 06:42:01,688 DEBUG   116391936 bytes (116 MB) copied, 6.181294 s, 18.8 MB/s
2026-05-19 06:42:01,690 DEBUG   141557760 bytes (142 MB) copied, 7.209338 s, 19.6 MB/s
2026-05-19 06:42:01,691 DEBUG   162529280 bytes (163 MB) copied, 8.297355 s, 19.6 MB/s
2026-05-19 06:42:01,691 DEBUG   188743680 bytes (189 MB) copied, 9.311299 s, 20.3 MB/s
2026-05-19 06:42:01,691 DEBUG   222298112 bytes (222 MB) copied, 10.320747 s, 21.5 MB/s
2026-05-19 06:42:01,691 DEBUG   255852544 bytes (256 MB) copied, 11.338332 s, 22.6 MB/s
2026-05-19 06:42:01,691 DEBUG   291504128 bytes (292 MB) copied, 12.372304 s, 23.6 MB/s
2026-05-19 06:42:01,691 DEBUG   319815680 bytes (320 MB) copied, 13.406368 s, 23.9 MB/s
2026-05-19 06:42:01,691 DEBUG   352321536 bytes (352 MB) copied, 14.418317 s, 24.4 MB/s
2026-05-19 06:42:01,691 DEBUG   389021696 bytes (389 MB) copied, 15.438403 s, 25.2 MB/s
2026-05-19 06:42:01,691 DEBUG   428867584 bytes (429 MB) copied, 16.449460 s, 26.1 MB/s
2026-05-19 06:42:01,691 DEBUG   470810624 bytes (471 MB) copied, 17.473454 s, 26.9 MB/s
2026-05-19 06:42:01,691 DEBUG   507510784 bytes (508 MB) copied, 18.478547 s, 27.5 MB/s
2026-05-19 06:42:01,691 DEBUG   547356672 bytes (547 MB) copied, 19.491455 s, 28.1 MB/s
2026-05-19 06:42:01,691 DEBUG   584056832 bytes (584 MB) copied, 20.500296 s, 28.5 MB/s
2026-05-19 06:42:01,691 DEBUG   623902720 bytes (624 MB) copied, 21.518628 s, 29.0 MB/s
2026-05-19 06:42:01,691 DEBUG   664797184 bytes (665 MB) copied, 22.557352 s, 29.5 MB/s
2026-05-19 06:42:01,691 DEBUG   707788800 bytes (708 MB) copied, 23.579362 s, 30.0 MB/s
2026-05-19 06:42:01,691 DEBUG   758120448 bytes (758 MB) copied, 24.598330 s, 30.8 MB/s
2026-05-19 06:42:01,691 DEBUG   815792128 bytes (816 MB) copied, 25.603322 s, 31.9 MB/s
2026-05-19 06:42:01,691 DEBUG   878706688 bytes (879 MB) copied, 26.622440 s, 33.0 MB/s
2026-05-19 06:42:01,691 DEBUG   937426944 bytes (937 MB) copied, 27.630566 s, 33.9 MB/s
2026-05-19 06:42:01,691 DEBUG   1001390080 bytes (1.0 GB) copied, 28.651324 s, 35.0 MB/s
2026-05-19 06:42:01,691 DEBUG   1061158912 bytes (1.1 GB) copied, 29.672319 s, 35.8 MB/s
2026-05-19 06:42:01,691 DEBUG   1024+0 records in
2026-05-19 06:42:01,691 DEBUG   1024+0 records out
2026-05-19 06:42:01,691 DEBUG   1073741824 bytes (1.1 GB) copied, 29.9154 s, 35.9 MB/s
2026-05-19 06:42:01,691 DEBUG   OK (disk op exit 0)
2026-05-19 06:42:01,692 WARNING Guest disk op wall 32.3s (vm='ahv_ins_delete-0-260514-194724' ip=10.114.48.153 op=create ec=0) — includes SSH + guest disk command; if still high, check guest disk throughput vs. MiB settings.
2026-05-19 06:42:01,692 DEBUG [128/566] VM b797c7e5… (ahv_ins_delete-0-260518-165512) via 10.114.121.52 op=create
2026-05-19 06:42:01,692 DEBUG   remote: bash -lc 'set -e; _bs(){ printf '"'"'BULK_SNAP_T %s %s\n'"'"' "$1" "$(date +%s.%N 2>/dev/null || date +%s)"; }; _bs guest_start; _bs pipeline_start; openssl enc -aes-256-ctr -pass pass:"testing" -nosalt < /dev/zero 2>/dev/null | dd of=/root/dummy_snapshot_data_1.img bs=1M count=1024 iflag=fullblock status=progress; ec=$?; _bs pipeline_done; _bs guest_end; exit $ec'
2026-05-19 06:42:02,442 DEBUG   BULK_SNAP_T guest_start 1779140494.216325789
2026-05-19 06:42:02,442 DEBUG   BULK_SNAP_T pipeline_start 1779140494.224392588
2026-05-19 06:42:02,442 DEBUG   BULK_SNAP_T pipeline_done 1779140519.518395560
2026-05-19 06:42:02,442 DEBUG   BULK_SNAP_T guest_end 1779140519.522205349
2026-05-19 06:42:02,442 DEBUG   
2026-05-19 06:42:02,442 DEBUG   23068672 bytes (23 MB) copied, 1.066298 s, 21.6 MB/s
2026-05-19 06:42:02,442 DEBUG   49283072 bytes (49 MB) copied, 2.074333 s, 23.8 MB/s
2026-05-19 06:42:02,442 DEBUG   75497472 bytes (75 MB) copied, 3.092330 s, 24.4 MB/s
2026-05-19 06:42:02,442 DEBUG   109051904 bytes (109 MB) copied, 4.162226 s, 26.2 MB/s
2026-05-19 06:42:02,442 DEBUG   143654912 bytes (144 MB) copied, 5.166588 s, 27.8 MB/s
2026-05-19 06:42:02,442 DEBUG   175112192 bytes (175 MB) copied, 6.192480 s, 28.3 MB/s
2026-05-19 06:42:02,442 DEBUG   207618048 bytes (208 MB) copied, 7.248311 s, 28.6 MB/s
2026-05-19 06:42:02,442 DEBUG   239075328 bytes (239 MB) copied, 8.272259 s, 28.9 MB/s
2026-05-19 06:42:02,442 DEBUG   272629760 bytes (273 MB) copied, 9.316367 s, 29.3 MB/s
2026-05-19 06:42:02,442 DEBUG   307232768 bytes (307 MB) copied, 10.328627 s, 29.7 MB/s
2026-05-19 06:42:02,442 DEBUG   342884352 bytes (343 MB) copied, 11.351351 s, 30.2 MB/s
2026-05-19 06:42:02,442 DEBUG   377487360 bytes (377 MB) copied, 12.410687 s, 30.4 MB/s
2026-05-19 06:42:02,442 DEBUG   415236096 bytes (415 MB) copied, 13.412327 s, 31.0 MB/s
2026-05-19 06:42:02,442 DEBUG   449839104 bytes (450 MB) copied, 14.420381 s, 31.2 MB/s
2026-05-19 06:42:02,442 DEBUG   485490688 bytes (485 MB) copied, 15.461312 s, 31.4 MB/s
2026-05-19 06:42:02,442 DEBUG   523239424 bytes (523 MB) copied, 16.470315 s, 31.8 MB/s
2026-05-19 06:42:02,442 DEBUG   564133888 bytes (564 MB) copied, 17.498452 s, 32.2 MB/s
2026-05-19 06:42:02,443 DEBUG   611319808 bytes (611 MB) copied, 18.530366 s, 33.0 MB/s
2026-05-19 06:42:02,443 DEBUG   668991488 bytes (669 MB) copied, 19.540389 s, 34.2 MB/s
2026-05-19 06:42:02,443 DEBUG   734003200 bytes (734 MB) copied, 20.553267 s, 35.7 MB/s
2026-05-19 06:42:02,443 DEBUG   791674880 bytes (792 MB) copied, 21.565588 s, 36.7 MB/s
2026-05-19 06:42:02,443 DEBUG   861929472 bytes (862 MB) copied, 22.571356 s, 38.2 MB/s
2026-05-19 06:42:02,443 DEBUG   942669824 bytes (943 MB) copied, 23.590355 s, 40.0 MB/s
2026-05-19 06:42:02,443 DEBUG   1022361600 bytes (1.0 GB) copied, 24.601262 s, 41.6 MB/s
2026-05-19 06:42:02,443 DEBUG   1024+0 records in
2026-05-19 06:42:02,443 DEBUG   1024+0 records out
2026-05-19 06:42:02,443 DEBUG   1073741824 bytes (1.1 GB) copied, 25.2437 s, 42.5 MB/s
2026-05-19 06:42:02,443 DEBUG   OK (disk op exit 0)
2026-05-19 06:42:02,443 WARNING Guest disk op wall 26.8s (vm='ahv_ins_delete-0-260514-194914' ip=10.114.49.249 op=create ec=0) — includes SSH + guest disk command; if still high, check guest disk throughput vs. MiB settings.
2026-05-19 06:42:02,443 DEBUG [129/566] VM f2d28985… (ahv_ins_delete-0-260518-170125) via 10.114.113.177 op=create
2026-05-19 06:42:02,444 DEBUG   remote: bash -lc 'set -e; _bs(){ printf '"'"'BULK_SNAP_T %s %s\n'"'"' "$1" "$(date +%s.%N 2>/dev/null || date +%s)"; }; _bs guest_start; _bs pipeline_start; openssl enc -aes-256-ctr -pass pass:"testing" -nosalt < /dev/zero 2>/dev/null | dd of=/root/dummy_snapshot_data_1.img bs=1M count=1024 iflag=fullblock status=progress; ec=$?; _bs pipeline_done; _bs guest_end; exit $ec'
2026-05-19 06:42:03,192 DEBUG   BULK_SNAP_T guest_start 1779140499.068904064
2026-05-19 06:42:03,192 DEBUG   BULK_SNAP_T pipeline_start 1779140499.076734368
2026-05-19 06:42:03,192 DEBUG   BULK_SNAP_T pipeline_done 1779140520.657880792
2026-05-19 06:42:03,192 DEBUG   BULK_SNAP_T guest_end 1779140520.659519810
2026-05-19 06:42:03,192 DEBUG   
2026-05-19 06:42:03,192 DEBUG   29360128 bytes (29 MB) copied, 1.037517 s, 28.3 MB/s
2026-05-19 06:42:03,192 DEBUG   59768832 bytes (60 MB) copied, 2.040471 s, 29.3 MB/s
2026-05-19 06:42:03,193 DEBUG   95420416 bytes (95 MB) copied, 3.044498 s, 31.3 MB/s
2026-05-19 06:42:03,193 DEBUG   127926272 bytes (128 MB) copied, 4.053464 s, 31.6 MB/s
2026-05-19 06:42:03,193 DEBUG   164626432 bytes (165 MB) copied, 5.064615 s, 32.5 MB/s
2026-05-19 06:42:03,193 DEBUG   198180864 bytes (198 MB) copied, 6.066517 s, 32.7 MB/s
2026-05-19 06:42:03,193 DEBUG   235929600 bytes (236 MB) copied, 7.077446 s, 33.3 MB/s
2026-05-19 06:42:03,193 DEBUG   272629760 bytes (273 MB) copied, 8.091501 s, 33.7 MB/s
2026-05-19 06:42:03,193 DEBUG   315621376 bytes (316 MB) copied, 9.093474 s, 34.7 MB/s
2026-05-19 06:42:03,193 DEBUG   350224384 bytes (350 MB) copied, 10.110965 s, 34.6 MB/s
2026-05-19 06:42:03,193 DEBUG   387973120 bytes (388 MB) copied, 11.169563 s, 34.7 MB/s
2026-05-19 06:42:03,193 DEBUG   425721856 bytes (426 MB) copied, 12.182627 s, 34.9 MB/s
2026-05-19 06:42:03,193 DEBUG   465567744 bytes (466 MB) copied, 13.193481 s, 35.3 MB/s
2026-05-19 06:42:03,193 DEBUG   516947968 bytes (517 MB) copied, 14.194716 s, 36.4 MB/s
2026-05-19 06:42:03,193 DEBUG   571473920 bytes (571 MB) copied, 15.195937 s, 37.6 MB/s
2026-05-19 06:42:03,193 DEBUG   632291328 bytes (632 MB) copied, 16.209793 s, 39.0 MB/s
2026-05-19 06:42:03,193 DEBUG   697303040 bytes (697 MB) copied, 17.211482 s, 40.5 MB/s
2026-05-19 06:42:03,193 DEBUG   768606208 bytes (769 MB) copied, 18.214471 s, 42.2 MB/s
2026-05-19 06:42:03,193 DEBUG   846200832 bytes (846 MB) copied, 19.231545 s, 44.0 MB/s
2026-05-19 06:42:03,193 DEBUG   938475520 bytes (938 MB) copied, 20.250450 s, 46.3 MB/s
2026-05-19 06:42:03,193 DEBUG   1048576000 bytes (1.0 GB) copied, 21.250522 s, 49.3 MB/s
2026-05-19 06:42:03,193 DEBUG   1024+0 records in
2026-05-19 06:42:03,193 DEBUG   1024+0 records out
2026-05-19 06:42:03,193 DEBUG   1073741824 bytes (1.1 GB) copied, 21.5476 s, 49.8 MB/s
2026-05-19 06:42:03,193 DEBUG   OK (disk op exit 0)
2026-05-19 06:42:03,193 WARNING Guest disk op wall 22.8s (vm='ahv_ins_delete-0-260514-194939' ip=10.114.49.34 op=create ec=0) — includes SSH + guest disk command; if still high, check guest disk throughput vs. MiB settings.
2026-05-19 06:42:03,194 DEBUG [130/566] VM e96d5d90… (ahv_ins_delete-0-260518-170126) via 10.114.113.176 op=create
2026-05-19 06:42:03,194 DEBUG   remote: bash -lc 'set -e; _bs(){ printf '"'"'BULK_SNAP_T %s %s\n'"'"' "$1" "$(date +%s.%N 2>/dev/null || date +%s)"; }; _bs guest_start; _bs pipeline_start; openssl enc -aes-256-ctr -pass pass:"testing" -nosalt < /dev/zero 2>/dev/null | dd of=/root/dummy_snapshot_data_1.img bs=1M count=1024 iflag=fullblock status=progress; ec=$?; _bs pipeline_done; _bs guest_end; exit $ec'
2026-05-19 06:42:06,944 DEBUG   BULK_SNAP_T guest_start 1779140504.884339464
2026-05-19 06:42:06,944 DEBUG   BULK_SNAP_T pipeline_start 1779140504.886654820
2026-05-19 06:42:06,944 DEBUG   BULK_SNAP_T pipeline_done 1779140525.666697449
2026-05-19 06:42:06,944 DEBUG   BULK_SNAP_T guest_end 1779140525.692252166
2026-05-19 06:42:06,944 DEBUG   
2026-05-19 06:42:06,944 DEBUG   101711872 bytes (102 MB) copied, 1.005866 s, 101 MB/s
2026-05-19 06:42:06,944 DEBUG   188743680 bytes (189 MB) copied, 2.021908 s, 93.3 MB/s
2026-05-19 06:42:06,944 DEBUG   272629760 bytes (273 MB) copied, 3.036867 s, 89.8 MB/s
2026-05-19 06:42:06,944 DEBUG   344981504 bytes (345 MB) copied, 4.056015 s, 85.1 MB/s
2026-05-19 06:42:06,944 DEBUG   408944640 bytes (409 MB) copied, 5.076986 s, 80.5 MB/s
2026-05-19 06:42:06,944 DEBUG   462422016 bytes (462 MB) copied, 6.079902 s, 76.1 MB/s
2026-05-19 06:42:06,944 DEBUG   523239424 bytes (523 MB) copied, 7.114802 s, 73.5 MB/s
2026-05-19 06:42:06,944 DEBUG   589299712 bytes (589 MB) copied, 8.134963 s, 72.4 MB/s
2026-05-19 06:42:06,944 DEBUG   662700032 bytes (663 MB) copied, 9.145831 s, 72.5 MB/s
2026-05-19 06:42:06,944 DEBUG   709885952 bytes (710 MB) copied, 10.177864 s, 69.7 MB/s
2026-05-19 06:42:06,944 DEBUG   759169024 bytes (759 MB) copied, 11.179880 s, 67.9 MB/s
2026-05-19 06:42:06,944 DEBUG   791674880 bytes (792 MB) copied, 12.233802 s, 64.7 MB/s
2026-05-19 06:42:06,945 DEBUG   832569344 bytes (833 MB) copied, 13.278921 s, 62.7 MB/s
2026-05-19 06:42:06,945 DEBUG   869269504 bytes (869 MB) copied, 14.280831 s, 60.9 MB/s
2026-05-19 06:42:06,945 DEBUG   905969664 bytes (906 MB) copied, 15.309942 s, 59.2 MB/s
2026-05-19 06:42:06,945 DEBUG   943718400 bytes (944 MB) copied, 16.324863 s, 57.8 MB/s
2026-05-19 06:42:06,945 DEBUG   973078528 bytes (973 MB) copied, 17.353943 s, 56.1 MB/s
2026-05-19 06:42:06,945 DEBUG   1016070144 bytes (1.0 GB) copied, 18.361978 s, 55.3 MB/s
2026-05-19 06:42:06,945 DEBUG   1047527424 bytes (1.0 GB) copied, 19.426894 s, 53.9 MB/s
2026-05-19 06:42:06,945 DEBUG   1024+0 records in
2026-05-19 06:42:06,945 DEBUG   1024+0 records out
2026-05-19 06:42:06,945 DEBUG   1073741824 bytes (1.1 GB) copied, 20.1538 s, 53.3 MB/s
2026-05-19 06:42:06,945 DEBUG   OK (disk op exit 0)
2026-05-19 06:42:06,945 WARNING Guest disk op wall 21.8s (vm='ahv_ins_delete-0-260518-084651' ip=10.114.121.72 op=create ec=0) — includes SSH + guest disk command; if still high, check guest disk throughput vs. MiB settings.
2026-05-19 06:42:06,945 DEBUG [131/566] VM 21f4259e… (ahv_ins_delete-0-260518-170130) via 10.114.113.182 op=create
2026-05-19 06:42:06,945 DEBUG   remote: bash -lc 'set -e; _bs(){ printf '"'"'BULK_SNAP_T %s %s\n'"'"' "$1" "$(date +%s.%N 2>/dev/null || date +%s)"; }; _bs guest_start; _bs pipeline_start; openssl enc -aes-256-ctr -pass pass:"testing" -nosalt < /dev/zero 2>/dev/null | dd of=/root/dummy_snapshot_data_1.img bs=1M count=1024 iflag=fullblock status=progress; ec=$?; _bs pipeline_done; _bs guest_end; exit $ec'
2026-05-19 06:42:18,701 DEBUG   BULK_SNAP_T guest_start 1779140508.369720621
2026-05-19 06:42:18,701 DEBUG   BULK_SNAP_T pipeline_start 1779140508.375995852
2026-05-19 06:42:18,701 DEBUG   BULK_SNAP_T pipeline_done 1779140537.372873846
2026-05-19 06:42:18,701 DEBUG   BULK_SNAP_T guest_end 1779140537.376611039
2026-05-19 06:42:18,701 DEBUG   
2026-05-19 06:42:18,702 DEBUG   59768832 bytes (60 MB) copied, 1.005325 s, 59.5 MB/s
2026-05-19 06:42:18,702 DEBUG   109051904 bytes (109 MB) copied, 2.005867 s, 54.4 MB/s
2026-05-19 06:42:18,702 DEBUG   153092096 bytes (153 MB) copied, 3.012742 s, 50.8 MB/s
2026-05-19 06:42:18,702 DEBUG   209715200 bytes (210 MB) copied, 4.019197 s, 52.2 MB/s
2026-05-19 06:42:18,702 DEBUG   271581184 bytes (272 MB) copied, 5.034276 s, 53.9 MB/s
2026-05-19 06:42:18,702 DEBUG   326107136 bytes (326 MB) copied, 6.048460 s, 53.9 MB/s
2026-05-19 06:42:18,702 DEBUG   374341632 bytes (374 MB) copied, 7.074144 s, 52.9 MB/s
2026-05-19 06:42:18,702 DEBUG   414187520 bytes (414 MB) copied, 8.088429 s, 51.2 MB/s
2026-05-19 06:42:18,702 DEBUG   454033408 bytes (454 MB) copied, 9.121555 s, 49.8 MB/s
2026-05-19 06:42:18,702 DEBUG   493879296 bytes (494 MB) copied, 10.140199 s, 48.7 MB/s
2026-05-19 06:42:18,702 DEBUG   527433728 bytes (527 MB) copied, 11.146645 s, 47.3 MB/s
2026-05-19 06:42:18,702 DEBUG   574619648 bytes (575 MB) copied, 12.157787 s, 47.3 MB/s
2026-05-19 06:42:18,702 DEBUG   607125504 bytes (607 MB) copied, 13.214200 s, 45.9 MB/s
2026-05-19 06:42:18,702 DEBUG   638582784 bytes (639 MB) copied, 14.272114 s, 44.7 MB/s
2026-05-19 06:42:18,702 DEBUG   671088640 bytes (671 MB) copied, 15.306189 s, 43.8 MB/s
2026-05-19 06:42:18,702 DEBUG   706740224 bytes (707 MB) copied, 16.315267 s, 43.3 MB/s
2026-05-19 06:42:18,702 DEBUG   737148928 bytes (737 MB) copied, 17.317139 s, 42.6 MB/s
2026-05-19 06:42:18,702 DEBUG   764411904 bytes (764 MB) copied, 18.360761 s, 41.6 MB/s
2026-05-19 06:42:18,702 DEBUG   794820608 bytes (795 MB) copied, 19.399100 s, 41.0 MB/s
2026-05-19 06:42:18,702 DEBUG   832569344 bytes (833 MB) copied, 20.409444 s, 40.8 MB/s
2026-05-19 06:42:18,702 DEBUG   866123776 bytes (866 MB) copied, 21.420144 s, 40.4 MB/s
2026-05-19 06:42:18,702 DEBUG   889192448 bytes (889 MB) copied, 22.443177 s, 39.6 MB/s
2026-05-19 06:42:18,702 DEBUG   915406848 bytes (915 MB) copied, 23.481078 s, 39.0 MB/s
2026-05-19 06:42:18,702 DEBUG   943718400 bytes (944 MB) copied, 24.524520 s, 38.5 MB/s
2026-05-19 06:42:18,702 DEBUG   974127104 bytes (974 MB) copied, 25.531271 s, 38.2 MB/s
2026-05-19 06:42:18,702 DEBUG   1004535808 bytes (1.0 GB) copied, 26.577113 s, 37.8 MB/s
2026-05-19 06:42:18,702 DEBUG   1029701632 bytes (1.0 GB) copied, 27.600129 s, 37.3 MB/s
2026-05-19 06:42:18,702 DEBUG   1063256064 bytes (1.1 GB) copied, 28.602773 s, 37.2 MB/s
2026-05-19 06:42:18,702 DEBUG   1024+0 records in
2026-05-19 06:42:18,702 DEBUG   1024+0 records out
2026-05-19 06:42:18,702 DEBUG   1073741824 bytes (1.1 GB) copied, 28.9312 s, 37.1 MB/s
2026-05-19 06:42:18,702 DEBUG   OK (disk op exit 0)
2026-05-19 06:42:18,702 WARNING Guest disk op wall 30.0s (vm='ahv_ins_delete-0-260518-101033' ip=10.114.121.79 op=create ec=0) — includes SSH + guest disk command; if still high, check guest disk throughput vs. MiB settings.
2026-05-19 06:42:18,703 DEBUG [132/566] VM c7970cf3… (ahv_ins_delete-0-260518-170231) via 10.114.113.179 op=create
2026-05-19 06:42:18,703 DEBUG   remote: bash -lc 'set -e; _bs(){ printf '"'"'BULK_SNAP_T %s %s\n'"'"' "$1" "$(date +%s.%N 2>/dev/null || date +%s)"; }; _bs guest_start; _bs pipeline_start; openssl enc -aes-256-ctr -pass pass:"testing" -nosalt < /dev/zero 2>/dev/null | dd of=/root/dummy_snapshot_data_1.img bs=1M count=1024 iflag=fullblock status=progress; ec=$?; _bs pipeline_done; _bs guest_end; exit $ec'
2026-05-19 06:42:34,709 DEBUG   BULK_SNAP_T guest_start 1779140514.857623985
2026-05-19 06:42:34,709 DEBUG   BULK_SNAP_T pipeline_start 1779140514.862522899
2026-05-19 06:42:34,709 DEBUG   BULK_SNAP_T pipeline_done 1779140553.147668669
2026-05-19 06:42:34,709 DEBUG   BULK_SNAP_T guest_end 1779140553.664452901
2026-05-19 06:42:34,710 DEBUG   
2026-05-19 06:42:34,710 DEBUG   33554432 bytes (34 MB) copied, 1.044757 s, 32.1 MB/s
2026-05-19 06:42:34,710 DEBUG   60817408 bytes (61 MB) copied, 2.061679 s, 29.5 MB/s
2026-05-19 06:42:34,710 DEBUG   93323264 bytes (93 MB) copied, 3.135732 s, 29.8 MB/s
2026-05-19 06:42:34,710 DEBUG   120586240 bytes (121 MB) copied, 4.214689 s, 28.6 MB/s
2026-05-19 06:42:34,710 DEBUG   146800640 bytes (147 MB) copied, 5.273635 s, 27.8 MB/s
2026-05-19 06:42:34,710 DEBUG   176160768 bytes (176 MB) copied, 6.311683 s, 27.9 MB/s
2026-05-19 06:42:34,710 DEBUG   199229440 bytes (199 MB) copied, 7.313136 s, 27.2 MB/s
2026-05-19 06:42:34,710 DEBUG   225443840 bytes (225 MB) copied, 8.388665 s, 26.9 MB/s
2026-05-19 06:42:34,710 DEBUG   254803968 bytes (255 MB) copied, 9.414690 s, 27.1 MB/s
2026-05-19 06:42:34,710 DEBUG   283115520 bytes (283 MB) copied, 10.424409 s, 27.2 MB/s
2026-05-19 06:42:34,710 DEBUG   314572800 bytes (315 MB) copied, 11.554668 s, 27.2 MB/s
2026-05-19 06:42:34,710 DEBUG   336592896 bytes (337 MB) copied, 12.563063 s, 26.8 MB/s
2026-05-19 06:42:34,710 DEBUG   365953024 bytes (366 MB) copied, 13.603655 s, 26.9 MB/s
2026-05-19 06:42:34,710 DEBUG   391118848 bytes (391 MB) copied, 14.692016 s, 26.6 MB/s
2026-05-19 06:42:34,710 DEBUG   423624704 bytes (424 MB) copied, 15.711700 s, 27.0 MB/s
2026-05-19 06:42:34,710 DEBUG   455081984 bytes (455 MB) copied, 16.742693 s, 27.2 MB/s
2026-05-19 06:42:34,710 DEBUG   477102080 bytes (477 MB) copied, 17.743907 s, 26.9 MB/s
2026-05-19 06:42:34,710 DEBUG   503316480 bytes (503 MB) copied, 18.766947 s, 26.8 MB/s
2026-05-19 06:42:34,710 DEBUG   532676608 bytes (533 MB) copied, 19.771779 s, 26.9 MB/s
2026-05-19 06:42:34,710 DEBUG   559939584 bytes (560 MB) copied, 20.771920 s, 27.0 MB/s
2026-05-19 06:42:34,710 DEBUG   594542592 bytes (595 MB) copied, 21.783731 s, 27.3 MB/s
2026-05-19 06:42:34,710 DEBUG   628097024 bytes (628 MB) copied, 22.801761 s, 27.5 MB/s
2026-05-19 06:42:34,710 DEBUG   659554304 bytes (660 MB) copied, 23.814675 s, 27.7 MB/s
2026-05-19 06:42:34,710 DEBUG   688914432 bytes (689 MB) copied, 24.829690 s, 27.7 MB/s
2026-05-19 06:42:34,710 DEBUG   722468864 bytes (722 MB) copied, 25.902897 s, 27.9 MB/s
2026-05-19 06:42:34,710 DEBUG   751828992 bytes (752 MB) copied, 26.931736 s, 27.9 MB/s
2026-05-19 06:42:34,710 DEBUG   781189120 bytes (781 MB) copied, 27.958889 s, 27.9 MB/s
2026-05-19 06:42:34,710 DEBUG   817889280 bytes (818 MB) copied, 28.974676 s, 28.2 MB/s
2026-05-19 06:42:34,710 DEBUG   852492288 bytes (852 MB) copied, 30.008713 s, 28.4 MB/s
2026-05-19 06:42:34,710 DEBUG   879755264 bytes (880 MB) copied, 31.020603 s, 28.4 MB/s
2026-05-19 06:42:34,710 DEBUG   909115392 bytes (909 MB) copied, 32.026857 s, 28.4 MB/s
2026-05-19 06:42:34,710 DEBUG   936378368 bytes (936 MB) copied, 33.097696 s, 28.3 MB/s
2026-05-19 06:42:34,710 DEBUG   966787072 bytes (967 MB) copied, 34.098551 s, 28.4 MB/s
2026-05-19 06:42:34,710 DEBUG   994050048 bytes (994 MB) copied, 35.166042 s, 28.3 MB/s
2026-05-19 06:42:34,710 DEBUG   1021313024 bytes (1.0 GB) copied, 36.210646 s, 28.2 MB/s
2026-05-19 06:42:34,710 DEBUG   1049624576 bytes (1.0 GB) copied, 37.214195 s, 28.2 MB/s
2026-05-19 06:42:34,710 DEBUG   1024+0 records in
2026-05-19 06:42:34,710 DEBUG   1024+0 records out
2026-05-19 06:42:34,710 DEBUG   1073741824 bytes (1.1 GB) copied, 38.2057 s, 28.1 MB/s
2026-05-19 06:42:34,710 DEBUG   OK (disk op exit 0)
2026-05-19 06:42:34,711 WARNING Guest disk op wall 40.0s (vm='ahv_ins_delete-0-260518-101228' ip=10.114.121.78 op=create ec=0) — includes SSH + guest disk command; if still high, check guest disk throughput vs. MiB settings.
2026-05-19 06:42:34,711 DEBUG [133/566] VM 9f8824bf… (ahv_ins_delete-0-260518-170232) via 10.114.121.49 op=create
2026-05-19 06:42:34,711 DEBUG   remote: bash -lc 'set -e; _bs(){ printf '"'"'BULK_SNAP_T %s %s\n'"'"' "$1" "$(date +%s.%N 2>/dev/null || date +%s)"; }; _bs guest_start; _bs pipeline_start; openssl enc -aes-256-ctr -pass pass:"testing" -nosalt < /dev/zero 2>/dev/null | dd of=/root/dummy_snapshot_data_1.img bs=1M count=1024 iflag=fullblock status=progress; ec=$?; _bs pipeline_done; _bs guest_end; exit $ec'
2026-05-19 06:42:35,464 DEBUG   BULK_SNAP_T guest_start 1779140515.205749679
2026-05-19 06:42:35,464 DEBUG   BULK_SNAP_T pipeline_start 1779140515.210920365
2026-05-19 06:42:35,464 DEBUG   BULK_SNAP_T pipeline_done 1779140553.947949730
2026-05-19 06:42:35,464 DEBUG   BULK_SNAP_T guest_end 1779140553.964460947
2026-05-19 06:42:35,464 DEBUG   
2026-05-19 06:42:35,464 DEBUG   31457280 bytes (31 MB) copied, 1.006163 s, 31.3 MB/s
2026-05-19 06:42:35,464 DEBUG   59768832 bytes (60 MB) copied, 2.019414 s, 29.6 MB/s
2026-05-19 06:42:35,464 DEBUG   100663296 bytes (101 MB) copied, 3.037440 s, 33.1 MB/s
2026-05-19 06:42:35,464 DEBUG   135266304 bytes (135 MB) copied, 4.071427 s, 33.2 MB/s
2026-05-19 06:42:35,464 DEBUG   167772160 bytes (168 MB) copied, 5.075912 s, 33.1 MB/s
2026-05-19 06:42:35,464 DEBUG   196083712 bytes (196 MB) copied, 6.150674 s, 31.9 MB/s
2026-05-19 06:42:35,464 DEBUG   221249536 bytes (221 MB) copied, 7.173367 s, 30.8 MB/s
2026-05-19 06:42:35,464 DEBUG   248512512 bytes (249 MB) copied, 8.209390 s, 30.3 MB/s
2026-05-19 06:42:35,464 DEBUG   274726912 bytes (275 MB) copied, 9.235474 s, 29.7 MB/s
2026-05-19 06:42:35,464 DEBUG   299892736 bytes (300 MB) copied, 10.249398 s, 29.3 MB/s
2026-05-19 06:42:35,465 DEBUG   321912832 bytes (322 MB) copied, 11.262942 s, 28.6 MB/s
2026-05-19 06:42:35,465 DEBUG   344981504 bytes (345 MB) copied, 12.357426 s, 27.9 MB/s
2026-05-19 06:42:35,465 DEBUG   372244480 bytes (372 MB) copied, 13.388402 s, 27.8 MB/s
2026-05-19 06:42:35,465 DEBUG   397410304 bytes (397 MB) copied, 14.464498 s, 27.5 MB/s
2026-05-19 06:42:35,465 DEBUG   424673280 bytes (425 MB) copied, 15.523347 s, 27.4 MB/s
2026-05-19 06:42:35,465 DEBUG   452984832 bytes (453 MB) copied, 16.536427 s, 27.4 MB/s
2026-05-19 06:42:35,465 DEBUG   484442112 bytes (484 MB) copied, 17.547457 s, 27.6 MB/s
2026-05-19 06:42:35,465 DEBUG   509607936 bytes (510 MB) copied, 18.570436 s, 27.4 MB/s
2026-05-19 06:42:35,465 DEBUG   531628032 bytes (532 MB) copied, 19.617430 s, 27.1 MB/s
2026-05-19 06:42:35,465 DEBUG   556793856 bytes (557 MB) copied, 20.653373 s, 27.0 MB/s
2026-05-19 06:42:35,465 DEBUG   585105408 bytes (585 MB) copied, 21.656352 s, 27.0 MB/s
2026-05-19 06:42:35,465 DEBUG   620756992 bytes (621 MB) copied, 22.680393 s, 27.4 MB/s
2026-05-19 06:42:35,465 DEBUG   648019968 bytes (648 MB) copied, 23.681342 s, 27.4 MB/s
2026-05-19 06:42:35,465 DEBUG   674234368 bytes (674 MB) copied, 24.764454 s, 27.2 MB/s
2026-05-19 06:42:35,465 DEBUG   701497344 bytes (701 MB) copied, 25.794497 s, 27.2 MB/s
2026-05-19 06:42:35,465 DEBUG   731906048 bytes (732 MB) copied, 26.806446 s, 27.3 MB/s
2026-05-19 06:42:35,465 DEBUG   759169024 bytes (759 MB) copied, 27.855342 s, 27.3 MB/s
2026-05-19 06:42:35,465 DEBUG   788529152 bytes (789 MB) copied, 28.859401 s, 27.3 MB/s
2026-05-19 06:42:35,465 DEBUG   815792128 bytes (816 MB) copied, 29.924360 s, 27.3 MB/s
2026-05-19 06:42:35,465 DEBUG   843055104 bytes (843 MB) copied, 31.006643 s, 27.2 MB/s
2026-05-19 06:42:35,465 DEBUG   871366656 bytes (871 MB) copied, 32.023988 s, 27.2 MB/s
2026-05-19 06:42:35,465 DEBUG   898629632 bytes (899 MB) copied, 33.034384 s, 27.2 MB/s
2026-05-19 06:42:35,465 DEBUG   925892608 bytes (926 MB) copied, 34.052386 s, 27.2 MB/s
2026-05-19 06:42:35,465 DEBUG   952107008 bytes (952 MB) copied, 35.057504 s, 27.2 MB/s
2026-05-19 06:42:35,465 DEBUG   983564288 bytes (984 MB) copied, 36.082562 s, 27.3 MB/s
2026-05-19 06:42:35,465 DEBUG   1019215872 bytes (1.0 GB) copied, 37.122587 s, 27.5 MB/s
2026-05-19 06:42:35,465 DEBUG   1058013184 bytes (1.1 GB) copied, 38.221434 s, 27.7 MB/s
2026-05-19 06:42:35,465 DEBUG   1024+0 records in
2026-05-19 06:42:35,465 DEBUG   1024+0 records out
2026-05-19 06:42:35,465 DEBUG   1073741824 bytes (1.1 GB) copied, 38.65 s, 27.8 MB/s
2026-05-19 06:42:35,465 DEBUG   OK (disk op exit 0)
2026-05-19 06:42:35,465 WARNING Guest disk op wall 40.0s (vm='ahv_ins_delete-0-260518-165450' ip=10.114.113.202 op=create ec=0) — includes SSH + guest disk command; if still high, check guest disk throughput vs. MiB settings.
2026-05-19 06:42:35,466 DEBUG [134/566] VM c06c9922… (ahv_ins_delete-0-260518-170657) via 10.114.113.189 op=create
2026-05-19 06:42:35,466 DEBUG   remote: bash -lc 'set -e; _bs(){ printf '"'"'BULK_SNAP_T %s %s\n'"'"' "$1" "$(date +%s.%N 2>/dev/null || date +%s)"; }; _bs guest_start; _bs pipeline_start; openssl enc -aes-256-ctr -pass pass:"testing" -nosalt < /dev/zero 2>/dev/null | dd of=/root/dummy_snapshot_data_1.img bs=1M count=1024 iflag=fullblock status=progress; ec=$?; _bs pipeline_done; _bs guest_end; exit $ec'
2026-05-19 06:42:37,965 DEBUG   BULK_SNAP_T guest_start 1779140515.751854570
2026-05-19 06:42:37,966 DEBUG   BULK_SNAP_T pipeline_start 1779140515.759198733
2026-05-19 06:42:37,966 DEBUG   BULK_SNAP_T pipeline_done 1779140556.390480050
2026-05-19 06:42:37,966 DEBUG   BULK_SNAP_T guest_end 1779140556.395399481
2026-05-19 06:42:37,966 DEBUG   
2026-05-19 06:42:37,966 DEBUG   29360128 bytes (29 MB) copied, 1.090454 s, 26.9 MB/s
2026-05-19 06:42:37,966 DEBUG   63963136 bytes (64 MB) copied, 2.109558 s, 30.3 MB/s
2026-05-19 06:42:37,966 DEBUG   95420416 bytes (95 MB) copied, 3.125961 s, 30.5 MB/s
2026-05-19 06:42:37,966 DEBUG   122683392 bytes (123 MB) copied, 4.134396 s, 29.7 MB/s
2026-05-19 06:42:37,966 DEBUG   148897792 bytes (149 MB) copied, 5.164488 s, 28.8 MB/s
2026-05-19 06:42:37,966 DEBUG   174063616 bytes (174 MB) copied, 6.167800 s, 28.2 MB/s
2026-05-19 06:42:37,966 DEBUG   200278016 bytes (200 MB) copied, 7.171812 s, 27.9 MB/s
2026-05-19 06:42:37,966 DEBUG   222298112 bytes (222 MB) copied, 8.227660 s, 27.0 MB/s
2026-05-19 06:42:37,966 DEBUG   242221056 bytes (242 MB) copied, 9.229880 s, 26.2 MB/s
2026-05-19 06:42:37,966 DEBUG   263192576 bytes (263 MB) copied, 10.240506 s, 25.7 MB/s
2026-05-19 06:42:37,966 DEBUG   286261248 bytes (286 MB) copied, 11.320552 s, 25.3 MB/s
2026-05-19 06:42:37,966 DEBUG   307232768 bytes (307 MB) copied, 12.357542 s, 24.9 MB/s
2026-05-19 06:42:37,966 DEBUG   333447168 bytes (333 MB) copied, 13.362891 s, 25.0 MB/s
2026-05-19 06:42:37,966 DEBUG   358612992 bytes (359 MB) copied, 14.462559 s, 24.8 MB/s
2026-05-19 06:42:37,966 DEBUG   382730240 bytes (383 MB) copied, 15.492477 s, 24.7 MB/s
2026-05-19 06:42:37,966 DEBUG   408944640 bytes (409 MB) copied, 16.508956 s, 24.8 MB/s
2026-05-19 06:42:37,966 DEBUG   435159040 bytes (435 MB) copied, 17.561451 s, 24.8 MB/s
2026-05-19 06:42:37,966 DEBUG   457179136 bytes (457 MB) copied, 18.570456 s, 24.6 MB/s
2026-05-19 06:42:37,966 DEBUG   484442112 bytes (484 MB) copied, 19.612509 s, 24.7 MB/s
2026-05-19 06:42:37,966 DEBUG   509607936 bytes (510 MB) copied, 20.628487 s, 24.7 MB/s
2026-05-19 06:42:37,966 DEBUG   542113792 bytes (542 MB) copied, 21.628867 s, 25.1 MB/s
2026-05-19 06:42:37,966 DEBUG   569376768 bytes (569 MB) copied, 22.643502 s, 25.1 MB/s
2026-05-19 06:42:37,966 DEBUG   596639744 bytes (597 MB) copied, 23.681589 s, 25.2 MB/s
2026-05-19 06:42:37,966 DEBUG   624951296 bytes (625 MB) copied, 24.724542 s, 25.3 MB/s
2026-05-19 06:42:37,966 DEBUG   656408576 bytes (656 MB) copied, 25.841453 s, 25.4 MB/s
2026-05-19 06:42:37,966 DEBUG   689963008 bytes (690 MB) copied, 26.863529 s, 25.7 MB/s
2026-05-19 06:42:37,966 DEBUG   721420288 bytes (721 MB) copied, 27.877507 s, 25.9 MB/s
2026-05-19 06:42:37,966 DEBUG   749731840 bytes (750 MB) copied, 28.882819 s, 26.0 MB/s
2026-05-19 06:42:37,966 DEBUG   774897664 bytes (775 MB) copied, 29.933456 s, 25.9 MB/s
2026-05-19 06:42:37,966 DEBUG   800063488 bytes (800 MB) copied, 30.983467 s, 25.8 MB/s
2026-05-19 06:42:37,966 DEBUG   828375040 bytes (828 MB) copied, 31.995636 s, 25.9 MB/s
2026-05-19 06:42:37,966 DEBUG   853540864 bytes (854 MB) copied, 33.123488 s, 25.8 MB/s
2026-05-19 06:42:37,966 DEBUG   882900992 bytes (883 MB) copied, 34.152512 s, 25.9 MB/s
2026-05-19 06:42:37,966 DEBUG   914358272 bytes (914 MB) copied, 35.179957 s, 26.0 MB/s
2026-05-19 06:42:37,966 DEBUG   942669824 bytes (943 MB) copied, 36.242661 s, 26.0 MB/s
2026-05-19 06:42:37,967 DEBUG   974127104 bytes (974 MB) copied, 37.275499 s, 26.1 MB/s
2026-05-19 06:42:37,967 DEBUG   1004535808 bytes (1.0 GB) copied, 38.305482 s, 26.2 MB/s
2026-05-19 06:42:37,967 DEBUG   1035993088 bytes (1.0 GB) copied, 39.321526 s, 26.3 MB/s
2026-05-19 06:42:37,967 DEBUG   1067450368 bytes (1.1 GB) copied, 40.344757 s, 26.5 MB/s
2026-05-19 06:42:37,967 DEBUG   1024+0 records in
2026-05-19 06:42:37,967 DEBUG   1024+0 records out
2026-05-19 06:42:37,967 DEBUG   1073741824 bytes (1.1 GB) copied, 40.5517 s, 26.5 MB/s
2026-05-19 06:42:37,967 DEBUG   OK (disk op exit 0)
2026-05-19 06:42:37,967 WARNING Guest disk op wall 41.8s (vm='ahv_ins_delete-0-260518-165456' ip=10.114.113.181 op=create ec=0) — includes SSH + guest disk command; if still high, check guest disk throughput vs. MiB settings.
2026-05-19 06:42:37,967 DEBUG [135/566] VM 6b80ce27… (ahv_ins_delete-0-260518-170704) via 10.114.113.178 op=create
2026-05-19 06:42:37,967 DEBUG   remote: bash -lc 'set -e; _bs(){ printf '"'"'BULK_SNAP_T %s %s\n'"'"' "$1" "$(date +%s.%N 2>/dev/null || date +%s)"; }; _bs guest_start; _bs pipeline_start; openssl enc -aes-256-ctr -pass pass:"testing" -nosalt < /dev/zero 2>/dev/null | dd of=/root/dummy_snapshot_data_1.img bs=1M count=1024 iflag=fullblock status=progress; ec=$?; _bs pipeline_done; _bs guest_end; exit $ec'
