2026-05-19 06:24:39,857 DEBUG Using cached VM inventory (934 rows, no Prism refetch); guest disk churn mode=create.
2026-05-19 06:24:39,861 DEBUG Eligible for guest disk ops (IP + powered on + name rules + configured RAM > 250 MiB): 556 (VMs in inventory: 934, name-skip: 4, no IP: 371, powered off: 1, RAM≤250 MiB/unknown: 2, dup rows: 0).
2026-05-19 06:24:39,862 DEBUG Will run guest SSH on all 556 eligible VMs (no limit).
2026-05-19 06:24:39,862 INFO Disk job: 556 guest VM(s) to process (parallel-by-cluster=False, concurrent SSH per shard=10).
2026-05-19 06:24:39,863 WARNING PE CVM map: no IP for cluster(s) ['SSCG_NCM_2_1_Small_PE1', 'auto_cluster_prod_nagaraj_bv_36802bb644a4'] — PE CPU throttle / adaptive skipped there (add lines: one IP per cluster in sort order, or Name=ip).
2026-05-19 06:24:39,863 DEBUG Guest SSH parallelism (single pool): up to 10 worker thread(s).
2026-05-19 06:24:39,864 DEBUG [1/556] VM 27a258da… (ahv_bp_vm_1_xa28-0-260514-044905) via 10.114.51.127 op=create
2026-05-19 06:24:39,865 DEBUG [2/556] VM 4fcead27… (ahv_ins_delete-0-260514-053133) via 10.114.51.224 op=create
2026-05-19 06:24:39,865 DEBUG   remote: bash -lc 'set -e; _bs(){ printf '"'"'BULK_SNAP_T %s %s\n'"'"' "$1" "$(date +%s.%N 2>/dev/null || date +%s)"; }; _bs guest_start; _bs pipeline_start; openssl enc -aes-256-ctr -pass pass:"testing" -nosalt < /dev/zero 2>/dev/null | dd of=/root/dummy_snapshot_data_1.img bs=1M count=1024 iflag=fullblock status=progress; ec=$?; _bs pipeline_done; _bs guest_end; exit $ec'
2026-05-19 06:24:39,865 DEBUG   remote: bash -lc 'set -e; _bs(){ printf '"'"'BULK_SNAP_T %s %s\n'"'"' "$1" "$(date +%s.%N 2>/dev/null || date +%s)"; }; _bs guest_start; _bs pipeline_start; openssl enc -aes-256-ctr -pass pass:"testing" -nosalt < /dev/zero 2>/dev/null | dd of=/root/dummy_snapshot_data_1.img bs=1M count=1024 iflag=fullblock status=progress; ec=$?; _bs pipeline_done; _bs guest_end; exit $ec'
2026-05-19 06:24:39,865 DEBUG [3/556] VM 014e2a4c… (ahv_ins_delete-0-260514-054142) via 10.114.51.90 op=create
2026-05-19 06:24:39,866 DEBUG   remote: bash -lc 'set -e; _bs(){ printf '"'"'BULK_SNAP_T %s %s\n'"'"' "$1" "$(date +%s.%N 2>/dev/null || date +%s)"; }; _bs guest_start; _bs pipeline_start; openssl enc -aes-256-ctr -pass pass:"testing" -nosalt < /dev/zero 2>/dev/null | dd of=/root/dummy_snapshot_data_1.img bs=1M count=1024 iflag=fullblock status=progress; ec=$?; _bs pipeline_done; _bs guest_end; exit $ec'
2026-05-19 06:24:39,866 DEBUG [4/556] VM 44d84680… (ahv_ins_delete-0-260514-054356) via 10.114.51.167 op=create
2026-05-19 06:24:39,866 DEBUG [5/556] VM cf35e095… (ahv_ins_delete-0-260514-081710) via 10.114.51.171 op=create
2026-05-19 06:24:39,867 DEBUG [6/556] VM 2900922b… (ahv_ins_delete-0-260514-082142) via 10.114.51.26 op=create
2026-05-19 06:24:39,867 DEBUG   remote: bash -lc 'set -e; _bs(){ printf '"'"'BULK_SNAP_T %s %s\n'"'"' "$1" "$(date +%s.%N 2>/dev/null || date +%s)"; }; _bs guest_start; _bs pipeline_start; openssl enc -aes-256-ctr -pass pass:"testing" -nosalt < /dev/zero 2>/dev/null | dd of=/root/dummy_snapshot_data_1.img bs=1M count=1024 iflag=fullblock status=progress; ec=$?; _bs pipeline_done; _bs guest_end; exit $ec'
2026-05-19 06:24:39,867 DEBUG [7/556] VM ee0c5e92… (ahv_ins_delete-0-260514-133955) via 10.114.50.75 op=create
2026-05-19 06:24:39,870 DEBUG [8/556] VM a9b1e411… (ahv_ins_delete-0-260514-134246) via 10.114.53.125 op=create
2026-05-19 06:24:39,871 DEBUG   remote: bash -lc 'set -e; _bs(){ printf '"'"'BULK_SNAP_T %s %s\n'"'"' "$1" "$(date +%s.%N 2>/dev/null || date +%s)"; }; _bs guest_start; _bs pipeline_start; openssl enc -aes-256-ctr -pass pass:"testing" -nosalt < /dev/zero 2>/dev/null | dd of=/root/dummy_snapshot_data_1.img bs=1M count=1024 iflag=fullblock status=progress; ec=$?; _bs pipeline_done; _bs guest_end; exit $ec'
2026-05-19 06:24:39,872 DEBUG [9/556] VM c224318a… (ahv_ins_delete-0-260514-134337) via 10.114.54.81 op=create
2026-05-19 06:24:39,872 DEBUG   remote: bash -lc 'set -e; _bs(){ printf '"'"'BULK_SNAP_T %s %s\n'"'"' "$1" "$(date +%s.%N 2>/dev/null || date +%s)"; }; _bs guest_start; _bs pipeline_start; openssl enc -aes-256-ctr -pass pass:"testing" -nosalt < /dev/zero 2>/dev/null | dd of=/root/dummy_snapshot_data_1.img bs=1M count=1024 iflag=fullblock status=progress; ec=$?; _bs pipeline_done; _bs guest_end; exit $ec'
2026-05-19 06:24:39,875 DEBUG   remote: bash -lc 'set -e; _bs(){ printf '"'"'BULK_SNAP_T %s %s\n'"'"' "$1" "$(date +%s.%N 2>/dev/null || date +%s)"; }; _bs guest_start; _bs pipeline_start; openssl enc -aes-256-ctr -pass pass:"testing" -nosalt < /dev/zero 2>/dev/null | dd of=/root/dummy_snapshot_data_1.img bs=1M count=1024 iflag=fullblock status=progress; ec=$?; _bs pipeline_done; _bs guest_end; exit $ec'
2026-05-19 06:24:39,876 DEBUG [10/556] VM 58da0ea2… (ahv_ins_delete-0-260514-134636) via 10.114.51.23 op=create
2026-05-19 06:24:39,886 DEBUG   remote: bash -lc 'set -e; _bs(){ printf '"'"'BULK_SNAP_T %s %s\n'"'"' "$1" "$(date +%s.%N 2>/dev/null || date +%s)"; }; _bs guest_start; _bs pipeline_start; openssl enc -aes-256-ctr -pass pass:"testing" -nosalt < /dev/zero 2>/dev/null | dd of=/root/dummy_snapshot_data_1.img bs=1M count=1024 iflag=fullblock status=progress; ec=$?; _bs pipeline_done; _bs guest_end; exit $ec'
2026-05-19 06:24:39,886 DEBUG   remote: bash -lc 'set -e; _bs(){ printf '"'"'BULK_SNAP_T %s %s\n'"'"' "$1" "$(date +%s.%N 2>/dev/null || date +%s)"; }; _bs guest_start; _bs pipeline_start; openssl enc -aes-256-ctr -pass pass:"testing" -nosalt < /dev/zero 2>/dev/null | dd of=/root/dummy_snapshot_data_1.img bs=1M count=1024 iflag=fullblock status=progress; ec=$?; _bs pipeline_done; _bs guest_end; exit $ec'
2026-05-19 06:24:39,887 DEBUG   remote: bash -lc 'set -e; _bs(){ printf '"'"'BULK_SNAP_T %s %s\n'"'"' "$1" "$(date +%s.%N 2>/dev/null || date +%s)"; }; _bs guest_start; _bs pipeline_start; openssl enc -aes-256-ctr -pass pass:"testing" -nosalt < /dev/zero 2>/dev/null | dd of=/root/dummy_snapshot_data_1.img bs=1M count=1024 iflag=fullblock status=progress; ec=$?; _bs pipeline_done; _bs guest_end; exit $ec'
2026-05-19 06:24:59,896 DEBUG   BULK_SNAP_T guest_start 1779139477.548901407
2026-05-19 06:24:59,896 DEBUG   BULK_SNAP_T pipeline_start 1779139477.556858965
2026-05-19 06:24:59,896 DEBUG   BULK_SNAP_T pipeline_done 1779139496.082538834
2026-05-19 06:24:59,896 DEBUG   BULK_SNAP_T guest_end 1779139496.085806494
2026-05-19 06:24:59,896 DEBUG   
2026-05-19 06:24:59,896 DEBUG   50331648 bytes (50 MB) copied, 1.018966 s, 49.4 MB/s
2026-05-19 06:24:59,896 DEBUG   106954752 bytes (107 MB) copied, 2.043438 s, 52.3 MB/s
2026-05-19 06:24:59,896 DEBUG   166723584 bytes (167 MB) copied, 3.044050 s, 54.8 MB/s
2026-05-19 06:24:59,896 DEBUG   231735296 bytes (232 MB) copied, 4.081145 s, 56.8 MB/s
2026-05-19 06:24:59,896 DEBUG   296747008 bytes (297 MB) copied, 5.126108 s, 57.9 MB/s
2026-05-19 06:24:59,896 DEBUG   356515840 bytes (357 MB) copied, 6.127808 s, 58.2 MB/s
2026-05-19 06:24:59,896 DEBUG   423624704 bytes (424 MB) copied, 7.140081 s, 59.3 MB/s
2026-05-19 06:24:59,896 DEBUG   470810624 bytes (471 MB) copied, 8.164978 s, 57.7 MB/s
2026-05-19 06:24:59,896 DEBUG   537919488 bytes (538 MB) copied, 9.180013 s, 58.6 MB/s
2026-05-19 06:24:59,896 DEBUG   595591168 bytes (596 MB) copied, 10.187256 s, 58.5 MB/s
2026-05-19 06:24:59,896 DEBUG   650117120 bytes (650 MB) copied, 11.195033 s, 58.1 MB/s
2026-05-19 06:24:59,896 DEBUG   702545920 bytes (703 MB) copied, 12.213041 s, 57.5 MB/s
2026-05-19 06:24:59,896 DEBUG   765460480 bytes (765 MB) copied, 13.214131 s, 57.9 MB/s
2026-05-19 06:24:59,896 DEBUG   828375040 bytes (828 MB) copied, 14.223188 s, 58.2 MB/s
2026-05-19 06:24:59,896 DEBUG   891289600 bytes (891 MB) copied, 15.229023 s, 58.5 MB/s
2026-05-19 06:24:59,896 DEBUG   947912704 bytes (948 MB) copied, 16.242032 s, 58.4 MB/s
2026-05-19 06:24:59,896 DEBUG   1016070144 bytes (1.0 GB) copied, 17.250018 s, 58.9 MB/s
2026-05-19 06:24:59,896 DEBUG   1068498944 bytes (1.1 GB) copied, 18.257972 s, 58.5 MB/s
2026-05-19 06:24:59,896 DEBUG   1024+0 records in
2026-05-19 06:24:59,896 DEBUG   1024+0 records out
2026-05-19 06:24:59,896 DEBUG   1073741824 bytes (1.1 GB) copied, 18.3662 s, 58.5 MB/s
2026-05-19 06:24:59,896 DEBUG   OK (disk op exit 0)
2026-05-19 06:24:59,897 WARNING Guest disk op wall 20.0s (vm='ahv_ins_delete-0-260514-054142' ip=10.114.51.90 op=create ec=0) — includes SSH + guest disk command; if still high, check guest disk throughput vs. MiB settings.
2026-05-19 06:24:59,897 DEBUG [11/556] VM 89890b9a… (ahv_ins_delete-0-260514-140657) via 10.114.51.92 op=create
2026-05-19 06:24:59,897 DEBUG   remote: bash -lc 'set -e; _bs(){ printf '"'"'BULK_SNAP_T %s %s\n'"'"' "$1" "$(date +%s.%N 2>/dev/null || date +%s)"; }; _bs guest_start; _bs pipeline_start; openssl enc -aes-256-ctr -pass pass:"testing" -nosalt < /dev/zero 2>/dev/null | dd of=/root/dummy_snapshot_data_1.img bs=1M count=1024 iflag=fullblock status=progress; ec=$?; _bs pipeline_done; _bs guest_end; exit $ec'
2026-05-19 06:25:01,397 DEBUG   BULK_SNAP_T guest_start 1779139477.231700800
2026-05-19 06:25:01,397 DEBUG   BULK_SNAP_T pipeline_start 1779139477.236797291
2026-05-19 06:25:01,397 DEBUG   BULK_SNAP_T pipeline_done 1779139497.651801779
2026-05-19 06:25:01,397 DEBUG   BULK_SNAP_T guest_end 1779139497.657752982
2026-05-19 06:25:01,397 DEBUG   
2026-05-19 06:25:01,397 DEBUG   42991616 bytes (43 MB) copied, 1.010830 s, 42.5 MB/s
2026-05-19 06:25:01,397 DEBUG   98566144 bytes (99 MB) copied, 2.013792 s, 48.9 MB/s
2026-05-19 06:25:01,397 DEBUG   162529280 bytes (163 MB) copied, 3.079750 s, 52.8 MB/s
2026-05-19 06:25:01,397 DEBUG   227540992 bytes (228 MB) copied, 4.132832 s, 55.1 MB/s
2026-05-19 06:25:01,397 DEBUG   291504128 bytes (292 MB) copied, 5.164869 s, 56.4 MB/s
2026-05-19 06:25:01,397 DEBUG   356515840 bytes (357 MB) copied, 6.206820 s, 57.4 MB/s
2026-05-19 06:25:01,397 DEBUG   406847488 bytes (407 MB) copied, 7.213785 s, 56.4 MB/s
2026-05-19 06:25:01,397 DEBUG   446693376 bytes (447 MB) copied, 8.228828 s, 54.3 MB/s
2026-05-19 06:25:01,397 DEBUG   489684992 bytes (490 MB) copied, 9.231835 s, 53.0 MB/s
2026-05-19 06:25:01,397 DEBUG   537919488 bytes (538 MB) copied, 10.233847 s, 52.6 MB/s
2026-05-19 06:25:01,397 DEBUG   596639744 bytes (597 MB) copied, 11.246869 s, 53.0 MB/s
2026-05-19 06:25:01,397 DEBUG   654311424 bytes (654 MB) copied, 12.251778 s, 53.4 MB/s
2026-05-19 06:25:01,397 DEBUG   700448768 bytes (700 MB) copied, 13.263908 s, 52.8 MB/s
2026-05-19 06:25:01,397 DEBUG   759169024 bytes (759 MB) copied, 14.264143 s, 53.2 MB/s
2026-05-19 06:25:01,397 DEBUG   811597824 bytes (812 MB) copied, 15.281060 s, 53.1 MB/s
2026-05-19 06:25:01,397 DEBUG   858783744 bytes (859 MB) copied, 16.297935 s, 52.7 MB/s
2026-05-19 06:25:01,397 DEBUG   917504000 bytes (918 MB) copied, 17.317808 s, 53.0 MB/s
2026-05-19 06:25:01,397 DEBUG   969932800 bytes (970 MB) copied, 18.322850 s, 52.9 MB/s
2026-05-19 06:25:01,397 DEBUG   1028653056 bytes (1.0 GB) copied, 19.327814 s, 53.2 MB/s
2026-05-19 06:25:01,397 DEBUG   1024+0 records in
2026-05-19 06:25:01,397 DEBUG   1024+0 records out
2026-05-19 06:25:01,397 DEBUG   1073741824 bytes (1.1 GB) copied, 20.2491 s, 53.0 MB/s
2026-05-19 06:25:01,397 DEBUG   OK (disk op exit 0)
2026-05-19 06:25:01,398 WARNING Guest disk op wall 21.5s (vm='ahv_ins_delete-0-260514-054356' ip=10.114.51.167 op=create ec=0) — includes SSH + guest disk command; if still high, check guest disk throughput vs. MiB settings.
2026-05-19 06:25:01,398 DEBUG [12/556] VM b5b27c85… (ahv_ins_delete-0-260514-141049) via 10.114.50.158 op=create
2026-05-19 06:25:01,398 DEBUG   remote: bash -lc 'set -e; _bs(){ printf '"'"'BULK_SNAP_T %s %s\n'"'"' "$1" "$(date +%s.%N 2>/dev/null || date +%s)"; }; _bs guest_start; _bs pipeline_start; openssl enc -aes-256-ctr -pass pass:"testing" -nosalt < /dev/zero 2>/dev/null | dd of=/root/dummy_snapshot_data_1.img bs=1M count=1024 iflag=fullblock status=progress; ec=$?; _bs pipeline_done; _bs guest_end; exit $ec'
2026-05-19 06:25:01,647 DEBUG   BULK_SNAP_T guest_start 1779139477.529890122
2026-05-19 06:25:01,647 DEBUG   BULK_SNAP_T pipeline_start 1779139477.539631101
2026-05-19 06:25:01,647 DEBUG   BULK_SNAP_T pipeline_done 1779139498.184947225
2026-05-19 06:25:01,647 DEBUG   BULK_SNAP_T guest_end 1779139498.190168624
2026-05-19 06:25:01,647 DEBUG   
2026-05-19 06:25:01,647 DEBUG   54525952 bytes (55 MB) copied, 1.022418 s, 53.3 MB/s
2026-05-19 06:25:01,647 DEBUG   103809024 bytes (104 MB) copied, 2.030402 s, 51.1 MB/s
2026-05-19 06:25:01,647 DEBUG   158334976 bytes (158 MB) copied, 3.096551 s, 51.1 MB/s
2026-05-19 06:25:01,647 DEBUG   216006656 bytes (216 MB) copied, 4.171537 s, 51.8 MB/s
2026-05-19 06:25:01,647 DEBUG   258998272 bytes (259 MB) copied, 5.205595 s, 49.8 MB/s
2026-05-19 06:25:01,647 DEBUG   288358400 bytes (288 MB) copied, 6.232424 s, 46.3 MB/s
2026-05-19 06:25:01,647 DEBUG   317718528 bytes (318 MB) copied, 7.236481 s, 43.9 MB/s
2026-05-19 06:25:01,647 DEBUG   359661568 bytes (360 MB) copied, 8.254544 s, 43.6 MB/s
2026-05-19 06:25:01,647 DEBUG   404750336 bytes (405 MB) copied, 9.266410 s, 43.7 MB/s
2026-05-19 06:25:01,647 DEBUG   456130560 bytes (456 MB) copied, 10.295557 s, 44.3 MB/s
2026-05-19 06:25:01,647 DEBUG   517996544 bytes (518 MB) copied, 11.311446 s, 45.8 MB/s
2026-05-19 06:25:01,647 DEBUG   584056832 bytes (584 MB) copied, 12.317460 s, 47.4 MB/s
2026-05-19 06:25:01,647 DEBUG   645922816 bytes (646 MB) copied, 13.320401 s, 48.5 MB/s
2026-05-19 06:25:01,647 DEBUG   699400192 bytes (699 MB) copied, 14.320544 s, 48.8 MB/s
2026-05-19 06:25:01,648 DEBUG   741343232 bytes (741 MB) copied, 15.334435 s, 48.3 MB/s
2026-05-19 06:25:01,648 DEBUG   811597824 bytes (812 MB) copied, 16.334610 s, 49.7 MB/s
2026-05-19 06:25:01,648 DEBUG   865075200 bytes (865 MB) copied, 17.353448 s, 49.9 MB/s
2026-05-19 06:25:01,648 DEBUG   935329792 bytes (935 MB) copied, 18.364616 s, 50.9 MB/s
2026-05-19 06:25:01,648 DEBUG   1001390080 bytes (1.0 GB) copied, 19.378488 s, 51.7 MB/s
2026-05-19 06:25:01,648 DEBUG   1062207488 bytes (1.1 GB) copied, 20.394426 s, 52.1 MB/s
2026-05-19 06:25:01,648 DEBUG   1024+0 records in
2026-05-19 06:25:01,648 DEBUG   1024+0 records out
2026-05-19 06:25:01,648 DEBUG   1073741824 bytes (1.1 GB) copied, 20.5571 s, 52.2 MB/s
2026-05-19 06:25:01,648 DEBUG   OK (disk op exit 0)
2026-05-19 06:25:01,648 WARNING Guest disk op wall 21.8s (vm='ahv_ins_delete-0-260514-053133' ip=10.114.51.224 op=create ec=0) — includes SSH + guest disk command; if still high, check guest disk throughput vs. MiB settings.
2026-05-19 06:25:01,648 DEBUG [13/556] VM 4af7b0e8… (ahv_ins_delete-0-260514-145645) via 10.114.50.114 op=create
2026-05-19 06:25:01,648 DEBUG   remote: bash -lc 'set -e; _bs(){ printf '"'"'BULK_SNAP_T %s %s\n'"'"' "$1" "$(date +%s.%N 2>/dev/null || date +%s)"; }; _bs guest_start; _bs pipeline_start; openssl enc -aes-256-ctr -pass pass:"testing" -nosalt < /dev/zero 2>/dev/null | dd of=/root/dummy_snapshot_data_1.img bs=1M count=1024 iflag=fullblock status=progress; ec=$?; _bs pipeline_done; _bs guest_end; exit $ec'
2026-05-19 06:25:11,642 DEBUG   BULK_SNAP_T guest_start 1779139477.103693671
2026-05-19 06:25:11,642 DEBUG   BULK_SNAP_T pipeline_start 1779139477.108258650
2026-05-19 06:25:11,642 DEBUG   BULK_SNAP_T pipeline_done 1779139507.663098832
2026-05-19 06:25:11,642 DEBUG   BULK_SNAP_T guest_end 1779139507.667934983
2026-05-19 06:25:11,642 DEBUG   
2026-05-19 06:25:11,642 DEBUG   17825792 bytes (18 MB) copied, 1.049563 s, 17.0 MB/s
2026-05-19 06:25:11,642 DEBUG   40894464 bytes (41 MB) copied, 2.050286 s, 19.9 MB/s
2026-05-19 06:25:11,642 DEBUG   63963136 bytes (64 MB) copied, 3.123486 s, 20.5 MB/s
2026-05-19 06:25:11,642 DEBUG   92274688 bytes (92 MB) copied, 4.227535 s, 21.8 MB/s
2026-05-19 06:25:11,642 DEBUG   130023424 bytes (130 MB) copied, 5.268518 s, 24.7 MB/s
2026-05-19 06:25:11,642 DEBUG   164626432 bytes (165 MB) copied, 6.365627 s, 25.9 MB/s
2026-05-19 06:25:11,642 DEBUG   199229440 bytes (199 MB) copied, 7.520471 s, 26.5 MB/s
2026-05-19 06:25:11,642 DEBUG   226492416 bytes (226 MB) copied, 8.608511 s, 26.3 MB/s
2026-05-19 06:25:11,642 DEBUG   254803968 bytes (255 MB) copied, 9.664395 s, 26.4 MB/s
2026-05-19 06:25:11,642 DEBUG   281018368 bytes (281 MB) copied, 10.670074 s, 26.3 MB/s
2026-05-19 06:25:11,643 DEBUG   310378496 bytes (310 MB) copied, 11.753588 s, 26.4 MB/s
2026-05-19 06:25:11,643 DEBUG   347078656 bytes (347 MB) copied, 12.754490 s, 27.2 MB/s
2026-05-19 06:25:11,643 DEBUG   373293056 bytes (373 MB) copied, 13.863516 s, 26.9 MB/s
2026-05-19 06:25:11,643 DEBUG   415236096 bytes (415 MB) copied, 14.871257 s, 27.9 MB/s
2026-05-19 06:25:11,643 DEBUG   446693376 bytes (447 MB) copied, 15.922678 s, 28.1 MB/s
2026-05-19 06:25:11,643 DEBUG   481296384 bytes (481 MB) copied, 16.941578 s, 28.4 MB/s
2026-05-19 06:25:11,643 DEBUG   514850816 bytes (515 MB) copied, 17.953613 s, 28.7 MB/s
2026-05-19 06:25:11,643 DEBUG   550502400 bytes (551 MB) copied, 19.051542 s, 28.9 MB/s
2026-05-19 06:25:11,643 DEBUG   602931200 bytes (603 MB) copied, 20.081727 s, 30.0 MB/s
2026-05-19 06:25:11,643 DEBUG   639631360 bytes (640 MB) copied, 21.163575 s, 30.2 MB/s
2026-05-19 06:25:11,643 DEBUG   679477248 bytes (679 MB) copied, 22.219655 s, 30.6 MB/s
2026-05-19 06:25:11,643 DEBUG   721420288 bytes (721 MB) copied, 23.275641 s, 31.0 MB/s
2026-05-19 06:25:11,643 DEBUG   759169024 bytes (759 MB) copied, 24.325745 s, 31.2 MB/s
2026-05-19 06:25:11,643 DEBUG   795869184 bytes (796 MB) copied, 25.331452 s, 31.4 MB/s
2026-05-19 06:25:11,643 DEBUG   832569344 bytes (833 MB) copied, 26.369583 s, 31.6 MB/s
2026-05-19 06:25:11,643 DEBUG   894435328 bytes (894 MB) copied, 27.371399 s, 32.7 MB/s
2026-05-19 06:25:11,643 DEBUG   955252736 bytes (955 MB) copied, 28.379445 s, 33.7 MB/s
2026-05-19 06:25:11,643 DEBUG   1017118720 bytes (1.0 GB) copied, 29.389553 s, 34.6 MB/s
2026-05-19 06:25:11,643 DEBUG   1072693248 bytes (1.1 GB) copied, 30.404439 s, 35.3 MB/s
2026-05-19 06:25:11,643 DEBUG   1024+0 records in
2026-05-19 06:25:11,643 DEBUG   1024+0 records out
2026-05-19 06:25:11,643 DEBUG   1073741824 bytes (1.1 GB) copied, 30.4245 s, 35.3 MB/s
2026-05-19 06:25:11,643 DEBUG   OK (disk op exit 0)
2026-05-19 06:25:11,643 WARNING Guest disk op wall 31.8s (vm='ahv_bp_vm_1_xa28-0-260514-044905' ip=10.114.51.127 op=create ec=0) — includes SSH + guest disk command; if still high, check guest disk throughput vs. MiB settings.
2026-05-19 06:25:11,643 DEBUG [14/556] VM a3f43011… (ahv_ins_delete-0-260514-174411) via 10.114.50.66 op=create
2026-05-19 06:25:11,643 DEBUG   remote: bash -lc 'set -e; _bs(){ printf '"'"'BULK_SNAP_T %s %s\n'"'"' "$1" "$(date +%s.%N 2>/dev/null || date +%s)"; }; _bs guest_start; _bs pipeline_start; openssl enc -aes-256-ctr -pass pass:"testing" -nosalt < /dev/zero 2>/dev/null | dd of=/root/dummy_snapshot_data_1.img bs=1M count=1024 iflag=fullblock status=progress; ec=$?; _bs pipeline_done; _bs guest_end; exit $ec'
2026-05-19 06:25:12,914 DEBUG   BULK_SNAP_T guest_start 1779139477.361477426
2026-05-19 06:25:12,914 DEBUG   BULK_SNAP_T pipeline_start 1779139477.364312792
2026-05-19 06:25:12,914 DEBUG   BULK_SNAP_T pipeline_done 1779139509.167258338
2026-05-19 06:25:12,915 DEBUG   BULK_SNAP_T guest_end 1779139509.182382008
2026-05-19 06:25:12,915 DEBUG   
2026-05-19 06:25:12,915 DEBUG   45088768 bytes (45 MB) copied, 1.033027 s, 43.6 MB/s
2026-05-19 06:25:12,915 DEBUG   70254592 bytes (70 MB) copied, 2.045245 s, 34.4 MB/s
2026-05-19 06:25:12,915 DEBUG   109051904 bytes (109 MB) copied, 3.089810 s, 35.3 MB/s
2026-05-19 06:25:12,915 DEBUG   137363456 bytes (137 MB) copied, 4.097766 s, 33.5 MB/s
2026-05-19 06:25:12,915 DEBUG   171966464 bytes (172 MB) copied, 5.128796 s, 33.5 MB/s
2026-05-19 06:25:12,915 DEBUG   210763776 bytes (211 MB) copied, 6.163801 s, 34.2 MB/s
2026-05-19 06:25:12,915 DEBUG   245366784 bytes (245 MB) copied, 7.194123 s, 34.1 MB/s
2026-05-19 06:25:12,915 DEBUG   279969792 bytes (280 MB) copied, 8.224923 s, 34.0 MB/s
2026-05-19 06:25:12,915 DEBUG   307232768 bytes (307 MB) copied, 9.239251 s, 33.3 MB/s
2026-05-19 06:25:12,915 DEBUG   341835776 bytes (342 MB) copied, 10.250751 s, 33.3 MB/s
2026-05-19 06:25:12,915 DEBUG   377487360 bytes (377 MB) copied, 11.293849 s, 33.4 MB/s
2026-05-19 06:25:12,915 DEBUG   411041792 bytes (411 MB) copied, 12.348913 s, 33.3 MB/s
2026-05-19 06:25:12,915 DEBUG   445644800 bytes (446 MB) copied, 13.362774 s, 33.3 MB/s
2026-05-19 06:25:12,915 DEBUG   471859200 bytes (472 MB) copied, 14.454039 s, 32.6 MB/s
2026-05-19 06:25:12,915 DEBUG   504365056 bytes (504 MB) copied, 15.479108 s, 32.6 MB/s
2026-05-19 06:25:12,915 DEBUG   544210944 bytes (544 MB) copied, 16.517198 s, 32.9 MB/s
2026-05-19 06:25:12,915 DEBUG   587202560 bytes (587 MB) copied, 17.527745 s, 33.5 MB/s
2026-05-19 06:25:12,915 DEBUG   618659840 bytes (619 MB) copied, 18.553734 s, 33.3 MB/s
2026-05-19 06:25:12,915 DEBUG   654311424 bytes (654 MB) copied, 19.579756 s, 33.4 MB/s
2026-05-19 06:25:12,915 DEBUG   689963008 bytes (690 MB) copied, 20.602808 s, 33.5 MB/s
2026-05-19 06:25:12,915 DEBUG   734003200 bytes (734 MB) copied, 21.652907 s, 33.9 MB/s
2026-05-19 06:25:12,915 DEBUG   772800512 bytes (773 MB) copied, 22.718737 s, 34.0 MB/s
2026-05-19 06:25:12,915 DEBUG   810549248 bytes (811 MB) copied, 23.739788 s, 34.1 MB/s
2026-05-19 06:25:12,915 DEBUG   846200832 bytes (846 MB) copied, 24.742820 s, 34.2 MB/s
2026-05-19 06:25:12,915 DEBUG   884998144 bytes (885 MB) copied, 25.743817 s, 34.4 MB/s
2026-05-19 06:25:12,915 DEBUG   919601152 bytes (920 MB) copied, 26.774771 s, 34.3 MB/s
2026-05-19 06:25:12,915 DEBUG   952107008 bytes (952 MB) copied, 27.778790 s, 34.3 MB/s
2026-05-19 06:25:12,915 DEBUG   983564288 bytes (984 MB) copied, 28.786337 s, 34.2 MB/s
2026-05-19 06:25:12,915 DEBUG   1020264448 bytes (1.0 GB) copied, 29.804239 s, 34.2 MB/s
2026-05-19 06:25:12,915 DEBUG   1062207488 bytes (1.1 GB) copied, 30.823813 s, 34.5 MB/s
2026-05-19 06:25:12,915 DEBUG   1024+0 records in
2026-05-19 06:25:12,915 DEBUG   1024+0 records out
2026-05-19 06:25:12,915 DEBUG   1073741824 bytes (1.1 GB) copied, 31.2199 s, 34.4 MB/s
2026-05-19 06:25:12,915 DEBUG   OK (disk op exit 0)
2026-05-19 06:25:12,915 WARNING Guest disk op wall 33.0s (vm='ahv_ins_delete-0-260514-134337' ip=10.114.54.81 op=create ec=0) — includes SSH + guest disk command; if still high, check guest disk throughput vs. MiB settings.
2026-05-19 06:25:12,916 DEBUG [15/556] VM 9d59ee99… (ahv_ins_delete-0-260514-174752) via 10.114.50.3 op=create
2026-05-19 06:25:12,916 DEBUG   remote: bash -lc 'set -e; _bs(){ printf '"'"'BULK_SNAP_T %s %s\n'"'"' "$1" "$(date +%s.%N 2>/dev/null || date +%s)"; }; _bs guest_start; _bs pipeline_start; openssl enc -aes-256-ctr -pass pass:"testing" -nosalt < /dev/zero 2>/dev/null | dd of=/root/dummy_snapshot_data_1.img bs=1M count=1024 iflag=fullblock status=progress; ec=$?; _bs pipeline_done; _bs guest_end; exit $ec'
2026-05-19 06:25:13,411 DEBUG   BULK_SNAP_T guest_start 1779139477.217795691
2026-05-19 06:25:13,412 DEBUG   BULK_SNAP_T pipeline_start 1779139477.221323363
2026-05-19 06:25:13,412 DEBUG   BULK_SNAP_T pipeline_done 1779139509.934984806
2026-05-19 06:25:13,412 DEBUG   BULK_SNAP_T guest_end 1779139509.936882854
2026-05-19 06:25:13,412 DEBUG   
2026-05-19 06:25:13,412 DEBUG   41943040 bytes (42 MB) copied, 1.019831 s, 41.1 MB/s
2026-05-19 06:25:13,412 DEBUG   73400320 bytes (73 MB) copied, 2.027751 s, 36.2 MB/s
2026-05-19 06:25:13,412 DEBUG   100663296 bytes (101 MB) copied, 3.069828 s, 32.8 MB/s
2026-05-19 06:25:13,412 DEBUG   130023424 bytes (130 MB) copied, 4.079773 s, 31.9 MB/s
2026-05-19 06:25:13,412 DEBUG   162529280 bytes (163 MB) copied, 5.108687 s, 31.8 MB/s
2026-05-19 06:25:13,412 DEBUG   193986560 bytes (194 MB) copied, 6.148760 s, 31.5 MB/s
2026-05-19 06:25:13,412 DEBUG   225443840 bytes (225 MB) copied, 7.158842 s, 31.5 MB/s
2026-05-19 06:25:13,412 DEBUG   255852544 bytes (256 MB) copied, 8.181737 s, 31.3 MB/s
2026-05-19 06:25:13,412 DEBUG   287309824 bytes (287 MB) copied, 9.226769 s, 31.1 MB/s
2026-05-19 06:25:13,412 DEBUG   318767104 bytes (319 MB) copied, 10.245689 s, 31.1 MB/s
2026-05-19 06:25:13,412 DEBUG   352321536 bytes (352 MB) copied, 11.319899 s, 31.1 MB/s
2026-05-19 06:25:13,412 DEBUG   385875968 bytes (386 MB) copied, 12.322771 s, 31.3 MB/s
2026-05-19 06:25:13,412 DEBUG   419430400 bytes (419 MB) copied, 13.392768 s, 31.3 MB/s
2026-05-19 06:25:13,412 DEBUG   448790528 bytes (449 MB) copied, 14.394155 s, 31.2 MB/s
2026-05-19 06:25:13,412 DEBUG   478150656 bytes (478 MB) copied, 15.399180 s, 31.1 MB/s
2026-05-19 06:25:13,412 DEBUG   506462208 bytes (506 MB) copied, 16.419753 s, 30.8 MB/s
2026-05-19 06:25:13,412 DEBUG   532676608 bytes (533 MB) copied, 17.471772 s, 30.5 MB/s
2026-05-19 06:25:13,412 DEBUG   564133888 bytes (564 MB) copied, 18.521714 s, 30.5 MB/s
2026-05-19 06:25:13,412 DEBUG   594542592 bytes (595 MB) copied, 19.551764 s, 30.4 MB/s
2026-05-19 06:25:13,412 DEBUG   627048448 bytes (627 MB) copied, 20.578724 s, 30.5 MB/s
2026-05-19 06:25:13,412 DEBUG   662700032 bytes (663 MB) copied, 21.581004 s, 30.7 MB/s
2026-05-19 06:25:13,412 DEBUG   702545920 bytes (703 MB) copied, 22.596746 s, 31.1 MB/s
2026-05-19 06:25:13,412 DEBUG   735051776 bytes (735 MB) copied, 23.606694 s, 31.1 MB/s
2026-05-19 06:25:13,412 DEBUG   770703360 bytes (771 MB) copied, 24.632769 s, 31.3 MB/s
2026-05-19 06:25:13,412 DEBUG   812646400 bytes (813 MB) copied, 25.639005 s, 31.7 MB/s
2026-05-19 06:25:13,412 DEBUG   850395136 bytes (850 MB) copied, 26.640202 s, 31.9 MB/s
2026-05-19 06:25:13,412 DEBUG   887095296 bytes (887 MB) copied, 27.642770 s, 32.1 MB/s
2026-05-19 06:25:13,412 DEBUG   922746880 bytes (923 MB) copied, 28.676041 s, 32.2 MB/s
2026-05-19 06:25:13,412 DEBUG   959447040 bytes (959 MB) copied, 29.690919 s, 32.3 MB/s
2026-05-19 06:25:13,412 DEBUG   990904320 bytes (991 MB) copied, 30.731724 s, 32.2 MB/s
2026-05-19 06:25:13,412 DEBUG   1039138816 bytes (1.0 GB) copied, 31.744787 s, 32.7 MB/s
2026-05-19 06:25:13,413 DEBUG   1024+0 records in
2026-05-19 06:25:13,413 DEBUG   1024+0 records out
2026-05-19 06:25:13,413 DEBUG   1073741824 bytes (1.1 GB) copied, 32.619 s, 32.9 MB/s
2026-05-19 06:25:13,413 DEBUG   OK (disk op exit 0)
2026-05-19 06:25:13,413 WARNING Guest disk op wall 33.5s (vm='ahv_ins_delete-0-260514-133955' ip=10.114.50.75 op=create ec=0) — includes SSH + guest disk command; if still high, check guest disk throughput vs. MiB settings.
2026-05-19 06:25:13,413 DEBUG [16/556] VM 260a1d9d… (ahv_ins_delete-0-260514-175832) via 10.114.52.133 op=create
2026-05-19 06:25:13,413 DEBUG   remote: bash -lc 'set -e; _bs(){ printf '"'"'BULK_SNAP_T %s %s\n'"'"' "$1" "$(date +%s.%N 2>/dev/null || date +%s)"; }; _bs guest_start; _bs pipeline_start; openssl enc -aes-256-ctr -pass pass:"testing" -nosalt < /dev/zero 2>/dev/null | dd of=/root/dummy_snapshot_data_1.img bs=1M count=1024 iflag=fullblock status=progress; ec=$?; _bs pipeline_done; _bs guest_end; exit $ec'
2026-05-19 06:25:13,418 DEBUG   BULK_SNAP_T guest_start 1779139477.577917767
2026-05-19 06:25:13,418 DEBUG   BULK_SNAP_T pipeline_start 1779139477.587528275
2026-05-19 06:25:13,418 DEBUG   BULK_SNAP_T pipeline_done 1779139510.104249569
2026-05-19 06:25:13,418 DEBUG   BULK_SNAP_T guest_end 1779139510.108284806
2026-05-19 06:25:13,418 DEBUG   
2026-05-19 06:25:13,418 DEBUG   40894464 bytes (41 MB) copied, 1.016662 s, 40.2 MB/s
2026-05-19 06:25:13,418 DEBUG   74448896 bytes (74 MB) copied, 2.042526 s, 36.4 MB/s
2026-05-19 06:25:13,418 DEBUG   106954752 bytes (107 MB) copied, 3.083679 s, 34.7 MB/s
2026-05-19 06:25:13,418 DEBUG   140509184 bytes (141 MB) copied, 4.094632 s, 34.3 MB/s
2026-05-19 06:25:13,418 DEBUG   171966464 bytes (172 MB) copied, 5.098526 s, 33.7 MB/s
2026-05-19 06:25:13,418 DEBUG   205520896 bytes (206 MB) copied, 6.153534 s, 33.4 MB/s
2026-05-19 06:25:13,419 DEBUG   244318208 bytes (244 MB) copied, 7.213635 s, 33.9 MB/s
2026-05-19 06:25:13,419 DEBUG   271581184 bytes (272 MB) copied, 8.224550 s, 33.0 MB/s
2026-05-19 06:25:13,419 DEBUG   299892736 bytes (300 MB) copied, 9.246644 s, 32.4 MB/s
2026-05-19 06:25:13,419 DEBUG   330301440 bytes (330 MB) copied, 10.292868 s, 32.1 MB/s
2026-05-19 06:25:13,419 DEBUG   356515840 bytes (357 MB) copied, 11.295587 s, 31.6 MB/s
2026-05-19 06:25:13,419 DEBUG   387973120 bytes (388 MB) copied, 12.310751 s, 31.5 MB/s
2026-05-19 06:25:13,419 DEBUG   418381824 bytes (418 MB) copied, 13.344600 s, 31.4 MB/s
2026-05-19 06:25:13,419 DEBUG   444596224 bytes (445 MB) copied, 14.349568 s, 31.0 MB/s
2026-05-19 06:25:13,419 DEBUG   472907776 bytes (473 MB) copied, 15.368587 s, 30.8 MB/s
2026-05-19 06:25:13,419 DEBUG   500170752 bytes (500 MB) copied, 16.380633 s, 30.5 MB/s
2026-05-19 06:25:13,419 DEBUG   526385152 bytes (526 MB) copied, 17.388566 s, 30.3 MB/s
2026-05-19 06:25:13,419 DEBUG   558891008 bytes (559 MB) copied, 18.421794 s, 30.3 MB/s
2026-05-19 06:25:13,419 DEBUG   597688320 bytes (598 MB) copied, 19.458480 s, 30.7 MB/s
2026-05-19 06:25:13,419 DEBUG   631242752 bytes (631 MB) copied, 20.464561 s, 30.8 MB/s
2026-05-19 06:25:13,419 DEBUG   673185792 bytes (673 MB) copied, 21.504068 s, 31.3 MB/s
2026-05-19 06:25:13,419 DEBUG   715128832 bytes (715 MB) copied, 22.527721 s, 31.7 MB/s
2026-05-19 06:25:13,419 DEBUG   753926144 bytes (754 MB) copied, 23.537545 s, 32.0 MB/s
2026-05-19 06:25:13,419 DEBUG   788529152 bytes (789 MB) copied, 24.564546 s, 32.1 MB/s
2026-05-19 06:25:13,419 DEBUG   828375040 bytes (828 MB) copied, 25.622592 s, 32.3 MB/s
2026-05-19 06:25:13,419 DEBUG   862978048 bytes (863 MB) copied, 26.676591 s, 32.3 MB/s
2026-05-19 06:25:13,419 DEBUG   898629632 bytes (899 MB) copied, 27.704036 s, 32.4 MB/s
2026-05-19 06:25:13,419 DEBUG   930086912 bytes (930 MB) copied, 28.708176 s, 32.4 MB/s
2026-05-19 06:25:13,419 DEBUG   969932800 bytes (970 MB) copied, 29.754567 s, 32.6 MB/s
2026-05-19 06:25:13,419 DEBUG   1004535808 bytes (1.0 GB) copied, 30.757614 s, 32.7 MB/s
2026-05-19 06:25:13,419 DEBUG   1042284544 bytes (1.0 GB) copied, 31.784539 s, 32.8 MB/s
2026-05-19 06:25:13,419 DEBUG   1024+0 records in
2026-05-19 06:25:13,419 DEBUG   1024+0 records out
2026-05-19 06:25:13,419 DEBUG   1073741824 bytes (1.1 GB) copied, 32.4093 s, 33.1 MB/s
2026-05-19 06:25:13,419 DEBUG   OK (disk op exit 0)
2026-05-19 06:25:13,419 WARNING Guest disk op wall 33.5s (vm='ahv_ins_delete-0-260514-134636' ip=10.114.51.23 op=create ec=0) — includes SSH + guest disk command; if still high, check guest disk throughput vs. MiB settings.
2026-05-19 06:25:13,420 DEBUG [17/556] VM a89a0471… (ahv_ins_delete-0-260514-175843) via 10.114.51.47 op=create
2026-05-19 06:25:13,420 DEBUG   remote: bash -lc 'set -e; _bs(){ printf '"'"'BULK_SNAP_T %s %s\n'"'"' "$1" "$(date +%s.%N 2>/dev/null || date +%s)"; }; _bs guest_start; _bs pipeline_start; openssl enc -aes-256-ctr -pass pass:"testing" -nosalt < /dev/zero 2>/dev/null | dd of=/root/dummy_snapshot_data_1.img bs=1M count=1024 iflag=fullblock status=progress; ec=$?; _bs pipeline_done; _bs guest_end; exit $ec'
2026-05-19 06:25:14,162 DEBUG   BULK_SNAP_T guest_start 1779139477.203254898
2026-05-19 06:25:14,162 DEBUG   BULK_SNAP_T pipeline_start 1779139477.205939370
2026-05-19 06:25:14,162 DEBUG   BULK_SNAP_T pipeline_done 1779139510.652586207
2026-05-19 06:25:14,162 DEBUG   BULK_SNAP_T guest_end 1779139510.656638866
2026-05-19 06:25:14,162 DEBUG   
2026-05-19 06:25:14,162 DEBUG   26214400 bytes (26 MB) copied, 1.136504 s, 23.1 MB/s
2026-05-19 06:25:14,162 DEBUG   52428800 bytes (52 MB) copied, 2.166461 s, 24.2 MB/s
2026-05-19 06:25:14,163 DEBUG   80740352 bytes (81 MB) copied, 3.271269 s, 24.7 MB/s
2026-05-19 06:25:14,163 DEBUG   111149056 bytes (111 MB) copied, 4.296228 s, 25.9 MB/s
2026-05-19 06:25:14,163 DEBUG   142606336 bytes (143 MB) copied, 5.310233 s, 26.9 MB/s
2026-05-19 06:25:14,163 DEBUG   176160768 bytes (176 MB) copied, 6.371617 s, 27.6 MB/s
2026-05-19 06:25:14,163 DEBUG   210763776 bytes (211 MB) copied, 7.455234 s, 28.3 MB/s
2026-05-19 06:25:14,163 DEBUG   239075328 bytes (239 MB) copied, 8.492211 s, 28.2 MB/s
2026-05-19 06:25:14,163 DEBUG   270532608 bytes (271 MB) copied, 9.536302 s, 28.4 MB/s
2026-05-19 06:25:14,163 DEBUG   301989888 bytes (302 MB) copied, 10.588563 s, 28.5 MB/s
2026-05-19 06:25:14,163 DEBUG   331350016 bytes (331 MB) copied, 11.628252 s, 28.5 MB/s
2026-05-19 06:25:14,163 DEBUG   362807296 bytes (363 MB) copied, 12.647182 s, 28.7 MB/s
2026-05-19 06:25:14,163 DEBUG   393216000 bytes (393 MB) copied, 13.672226 s, 28.8 MB/s
2026-05-19 06:25:14,163 DEBUG   423624704 bytes (424 MB) copied, 14.679258 s, 28.9 MB/s
2026-05-19 06:25:14,163 DEBUG   451936256 bytes (452 MB) copied, 15.720439 s, 28.7 MB/s
2026-05-19 06:25:14,163 DEBUG   481296384 bytes (481 MB) copied, 16.765249 s, 28.7 MB/s
2026-05-19 06:25:14,163 DEBUG   514850816 bytes (515 MB) copied, 17.769222 s, 29.0 MB/s
2026-05-19 06:25:14,163 DEBUG   546308096 bytes (546 MB) copied, 18.777228 s, 29.1 MB/s
2026-05-19 06:25:14,163 DEBUG   577765376 bytes (578 MB) copied, 19.819384 s, 29.2 MB/s
2026-05-19 06:25:14,163 DEBUG   610271232 bytes (610 MB) copied, 20.821491 s, 29.3 MB/s
2026-05-19 06:25:14,163 DEBUG   651165696 bytes (651 MB) copied, 21.871244 s, 29.8 MB/s
2026-05-19 06:25:14,163 DEBUG   686817280 bytes (687 MB) copied, 22.885680 s, 30.0 MB/s
2026-05-19 06:25:14,163 DEBUG   724566016 bytes (725 MB) copied, 23.933246 s, 30.3 MB/s
2026-05-19 06:25:14,163 DEBUG   759169024 bytes (759 MB) copied, 24.956250 s, 30.4 MB/s
2026-05-19 06:25:14,163 DEBUG   799014912 bytes (799 MB) copied, 25.983246 s, 30.8 MB/s
2026-05-19 06:25:14,163 DEBUG   836763648 bytes (837 MB) copied, 26.996248 s, 31.0 MB/s
2026-05-19 06:25:14,163 DEBUG   872415232 bytes (872 MB) copied, 28.030207 s, 31.1 MB/s
2026-05-19 06:25:14,163 DEBUG   908066816 bytes (908 MB) copied, 29.036723 s, 31.3 MB/s
2026-05-19 06:25:14,163 DEBUG   941621248 bytes (942 MB) copied, 30.059441 s, 31.3 MB/s
2026-05-19 06:25:14,163 DEBUG   973078528 bytes (973 MB) copied, 31.063744 s, 31.3 MB/s
2026-05-19 06:25:14,163 DEBUG   1020264448 bytes (1.0 GB) copied, 32.078283 s, 31.8 MB/s
2026-05-19 06:25:14,163 DEBUG   1059061760 bytes (1.1 GB) copied, 33.084336 s, 32.0 MB/s
2026-05-19 06:25:14,163 DEBUG   1024+0 records in
2026-05-19 06:25:14,163 DEBUG   1024+0 records out
2026-05-19 06:25:14,163 DEBUG   1073741824 bytes (1.1 GB) copied, 33.3886 s, 32.2 MB/s
2026-05-19 06:25:14,163 DEBUG   OK (disk op exit 0)
2026-05-19 06:25:14,163 WARNING Guest disk op wall 34.3s (vm='ahv_ins_delete-0-260514-082142' ip=10.114.51.26 op=create ec=0) — includes SSH + guest disk command; if still high, check guest disk throughput vs. MiB settings.
2026-05-19 06:25:14,164 DEBUG [18/556] VM 4bbfd520… (ahv_ins_delete-0-260514-175854) via 10.114.53.252 op=create
2026-05-19 06:25:14,164 DEBUG   remote: bash -lc 'set -e; _bs(){ printf '"'"'BULK_SNAP_T %s %s\n'"'"' "$1" "$(date +%s.%N 2>/dev/null || date +%s)"; }; _bs guest_start; _bs pipeline_start; openssl enc -aes-256-ctr -pass pass:"testing" -nosalt < /dev/zero 2>/dev/null | dd of=/root/dummy_snapshot_data_1.img bs=1M count=1024 iflag=fullblock status=progress; ec=$?; _bs pipeline_done; _bs guest_end; exit $ec'
2026-05-19 06:25:14,166 DEBUG   BULK_SNAP_T guest_start 1779139477.237594984
2026-05-19 06:25:14,167 DEBUG   BULK_SNAP_T pipeline_start 1779139477.239810744
2026-05-19 06:25:14,167 DEBUG   BULK_SNAP_T pipeline_done 1779139510.565297852
2026-05-19 06:25:14,167 DEBUG   BULK_SNAP_T guest_end 1779139510.566586380
2026-05-19 06:25:14,167 DEBUG   
2026-05-19 06:25:14,167 DEBUG   38797312 bytes (39 MB) copied, 1.032438 s, 37.6 MB/s
2026-05-19 06:25:14,167 DEBUG   72351744 bytes (72 MB) copied, 2.033107 s, 35.6 MB/s
2026-05-19 06:25:14,167 DEBUG   105906176 bytes (106 MB) copied, 3.069123 s, 34.5 MB/s
2026-05-19 06:25:14,167 DEBUG   133169152 bytes (133 MB) copied, 4.078449 s, 32.7 MB/s
2026-05-19 06:25:14,167 DEBUG   161480704 bytes (161 MB) copied, 5.114326 s, 31.6 MB/s
2026-05-19 06:25:14,167 DEBUG   188743680 bytes (189 MB) copied, 6.127163 s, 30.8 MB/s
2026-05-19 06:25:14,167 DEBUG   222298112 bytes (222 MB) copied, 7.154144 s, 31.1 MB/s
2026-05-19 06:25:14,167 DEBUG   250609664 bytes (251 MB) copied, 8.168130 s, 30.7 MB/s
2026-05-19 06:25:14,167 DEBUG   279969792 bytes (280 MB) copied, 9.179209 s, 30.5 MB/s
2026-05-19 06:25:14,167 DEBUG   304087040 bytes (304 MB) copied, 10.198102 s, 29.8 MB/s
2026-05-19 06:25:14,167 DEBUG   336592896 bytes (337 MB) copied, 11.272132 s, 29.9 MB/s
2026-05-19 06:25:14,167 DEBUG   367001600 bytes (367 MB) copied, 12.296146 s, 29.8 MB/s
2026-05-19 06:25:14,167 DEBUG   399507456 bytes (400 MB) copied, 13.328093 s, 30.0 MB/s
2026-05-19 06:25:14,167 DEBUG   429916160 bytes (430 MB) copied, 14.406150 s, 29.8 MB/s
2026-05-19 06:25:14,167 DEBUG   450887680 bytes (451 MB) copied, 15.432149 s, 29.2 MB/s
2026-05-19 06:25:14,167 DEBUG   483393536 bytes (483 MB) copied, 16.452733 s, 29.4 MB/s
2026-05-19 06:25:14,167 DEBUG   516947968 bytes (517 MB) copied, 17.479305 s, 29.6 MB/s
2026-05-19 06:25:14,167 DEBUG   553648128 bytes (554 MB) copied, 18.540114 s, 29.9 MB/s
2026-05-19 06:25:14,167 DEBUG   594542592 bytes (595 MB) copied, 19.553163 s, 30.4 MB/s
2026-05-19 06:25:14,167 DEBUG   628097024 bytes (628 MB) copied, 20.596437 s, 30.5 MB/s
2026-05-19 06:25:14,167 DEBUG   666894336 bytes (667 MB) copied, 21.633165 s, 30.8 MB/s
2026-05-19 06:25:14,167 DEBUG   706740224 bytes (707 MB) copied, 22.674259 s, 31.2 MB/s
2026-05-19 06:25:14,167 DEBUG   746586112 bytes (747 MB) copied, 23.697303 s, 31.5 MB/s
2026-05-19 06:25:14,167 DEBUG   775946240 bytes (776 MB) copied, 24.759145 s, 31.3 MB/s
2026-05-19 06:25:14,167 DEBUG   817889280 bytes (818 MB) copied, 25.801149 s, 31.7 MB/s
2026-05-19 06:25:14,168 DEBUG   850395136 bytes (850 MB) copied, 26.801578 s, 31.7 MB/s
2026-05-19 06:25:14,168 DEBUG   886046720 bytes (886 MB) copied, 27.816348 s, 31.9 MB/s
2026-05-19 06:25:14,168 DEBUG   920649728 bytes (921 MB) copied, 28.857337 s, 31.9 MB/s
2026-05-19 06:25:14,168 DEBUG   951058432 bytes (951 MB) copied, 29.861150 s, 31.8 MB/s
2026-05-19 06:25:14,168 DEBUG   981467136 bytes (981 MB) copied, 30.871188 s, 31.8 MB/s
2026-05-19 06:25:14,168 DEBUG   1019215872 bytes (1.0 GB) copied, 31.882802 s, 32.0 MB/s
2026-05-19 06:25:14,168 DEBUG   1058013184 bytes (1.1 GB) copied, 32.883852 s, 32.2 MB/s
2026-05-19 06:25:14,168 DEBUG   1024+0 records in
2026-05-19 06:25:14,168 DEBUG   1024+0 records out
2026-05-19 06:25:14,168 DEBUG   1073741824 bytes (1.1 GB) copied, 33.2371 s, 32.3 MB/s
2026-05-19 06:25:14,168 DEBUG   OK (disk op exit 0)
2026-05-19 06:25:14,168 WARNING Guest disk op wall 34.3s (vm='ahv_ins_delete-0-260514-134246' ip=10.114.53.125 op=create ec=0) — includes SSH + guest disk command; if still high, check guest disk throughput vs. MiB settings.
2026-05-19 06:25:14,168 DEBUG [19/556] VM 30846fe3… (ahv_ins_delete-0-260514-175857) via 10.114.49.135 op=create
2026-05-19 06:25:14,168 DEBUG   remote: bash -lc 'set -e; _bs(){ printf '"'"'BULK_SNAP_T %s %s\n'"'"' "$1" "$(date +%s.%N 2>/dev/null || date +%s)"; }; _bs guest_start; _bs pipeline_start; openssl enc -aes-256-ctr -pass pass:"testing" -nosalt < /dev/zero 2>/dev/null | dd of=/root/dummy_snapshot_data_1.img bs=1M count=1024 iflag=fullblock status=progress; ec=$?; _bs pipeline_done; _bs guest_end; exit $ec'
2026-05-19 06:25:15,909 DEBUG   BULK_SNAP_T guest_start 1779139477.288223249
2026-05-19 06:25:15,909 DEBUG   BULK_SNAP_T pipeline_start 1779139477.293455352
2026-05-19 06:25:15,909 DEBUG   BULK_SNAP_T pipeline_done 1779139512.454959158
2026-05-19 06:25:15,909 DEBUG   BULK_SNAP_T guest_end 1779139512.463205887
2026-05-19 06:25:15,909 DEBUG   
2026-05-19 06:25:15,909 DEBUG   32505856 bytes (33 MB) copied, 1.096098 s, 29.7 MB/s
2026-05-19 06:25:15,909 DEBUG   66060288 bytes (66 MB) copied, 2.097674 s, 31.5 MB/s
2026-05-19 06:25:15,909 DEBUG   100663296 bytes (101 MB) copied, 3.100613 s, 32.5 MB/s
2026-05-19 06:25:15,909 DEBUG   125829120 bytes (126 MB) copied, 4.111505 s, 30.6 MB/s
2026-05-19 06:25:15,909 DEBUG   150994944 bytes (151 MB) copied, 5.113475 s, 29.5 MB/s
2026-05-19 06:25:15,909 DEBUG   182452224 bytes (182 MB) copied, 6.136488 s, 29.7 MB/s
2026-05-19 06:25:15,909 DEBUG   211812352 bytes (212 MB) copied, 7.144648 s, 29.6 MB/s
2026-05-19 06:25:15,909 DEBUG   241172480 bytes (241 MB) copied, 8.178548 s, 29.5 MB/s
2026-05-19 06:25:15,909 DEBUG   267386880 bytes (267 MB) copied, 9.204523 s, 29.0 MB/s
2026-05-19 06:25:15,909 DEBUG   292552704 bytes (293 MB) copied, 10.232512 s, 28.6 MB/s
2026-05-19 06:25:15,909 DEBUG   318767104 bytes (319 MB) copied, 11.251497 s, 28.3 MB/s
2026-05-19 06:25:15,909 DEBUG   347078656 bytes (347 MB) copied, 12.274532 s, 28.3 MB/s
2026-05-19 06:25:15,909 DEBUG   376438784 bytes (376 MB) copied, 13.308738 s, 28.3 MB/s
2026-05-19 06:25:15,910 DEBUG   405798912 bytes (406 MB) copied, 14.357560 s, 28.3 MB/s
2026-05-19 06:25:15,910 DEBUG   427819008 bytes (428 MB) copied, 15.360700 s, 27.9 MB/s
2026-05-19 06:25:15,910 DEBUG   454033408 bytes (454 MB) copied, 16.426629 s, 27.6 MB/s
2026-05-19 06:25:15,910 DEBUG   480247808 bytes (480 MB) copied, 17.447737 s, 27.5 MB/s
2026-05-19 06:25:15,910 DEBUG   508559360 bytes (509 MB) copied, 18.457844 s, 27.6 MB/s
2026-05-19 06:25:15,910 DEBUG   533725184 bytes (534 MB) copied, 19.463464 s, 27.4 MB/s
2026-05-19 06:25:15,910 DEBUG   564133888 bytes (564 MB) copied, 20.487484 s, 27.5 MB/s
2026-05-19 06:25:15,910 DEBUG   601882624 bytes (602 MB) copied, 21.533587 s, 28.0 MB/s
2026-05-19 06:25:15,910 DEBUG   641728512 bytes (642 MB) copied, 22.542534 s, 28.5 MB/s
2026-05-19 06:25:15,910 DEBUG   673185792 bytes (673 MB) copied, 23.558678 s, 28.6 MB/s
2026-05-19 06:25:15,910 DEBUG   704643072 bytes (705 MB) copied, 24.564495 s, 28.7 MB/s
2026-05-19 06:25:15,910 DEBUG   741343232 bytes (741 MB) copied, 25.610456 s, 28.9 MB/s
2026-05-19 06:25:15,910 DEBUG   774897664 bytes (775 MB) copied, 26.610966 s, 29.1 MB/s
2026-05-19 06:25:15,910 DEBUG   809500672 bytes (810 MB) copied, 27.653491 s, 29.3 MB/s
2026-05-19 06:25:15,910 DEBUG   838860800 bytes (839 MB) copied, 28.673469 s, 29.3 MB/s
2026-05-19 06:25:15,910 DEBUG   873463808 bytes (873 MB) copied, 29.695497 s, 29.4 MB/s
2026-05-19 06:25:15,910 DEBUG   901775360 bytes (902 MB) copied, 30.715505 s, 29.4 MB/s
2026-05-19 06:25:15,910 DEBUG   938475520 bytes (938 MB) copied, 31.736521 s, 29.6 MB/s
2026-05-19 06:25:15,910 DEBUG   979369984 bytes (979 MB) copied, 32.747549 s, 29.9 MB/s
2026-05-19 06:25:15,910 DEBUG   1023410176 bytes (1.0 GB) copied, 33.753536 s, 30.3 MB/s
2026-05-19 06:25:15,910 DEBUG   1062207488 bytes (1.1 GB) copied, 34.753610 s, 30.6 MB/s
2026-05-19 06:25:15,910 DEBUG   1024+0 records in
2026-05-19 06:25:15,910 DEBUG   1024+0 records out
2026-05-19 06:25:15,910 DEBUG   1073741824 bytes (1.1 GB) copied, 35.0836 s, 30.6 MB/s
2026-05-19 06:25:15,910 DEBUG   OK (disk op exit 0)
2026-05-19 06:25:15,910 WARNING Guest disk op wall 36.0s (vm='ahv_ins_delete-0-260514-081710' ip=10.114.51.171 op=create ec=0) — includes SSH + guest disk command; if still high, check guest disk throughput vs. MiB settings.
2026-05-19 06:25:15,911 DEBUG [20/556] VM 3223efbb… (ahv_ins_delete-0-260514-175858) via 10.114.53.140 op=create
2026-05-19 06:25:15,911 DEBUG   remote: bash -lc 'set -e; _bs(){ printf '"'"'BULK_SNAP_T %s %s\n'"'"' "$1" "$(date +%s.%N 2>/dev/null || date +%s)"; }; _bs guest_start; _bs pipeline_start; openssl enc -aes-256-ctr -pass pass:"testing" -nosalt < /dev/zero 2>/dev/null | dd of=/root/dummy_snapshot_data_1.img bs=1M count=1024 iflag=fullblock status=progress; ec=$?; _bs pipeline_done; _bs guest_end; exit $ec'
2026-05-19 06:25:31,167 DEBUG   BULK_SNAP_T guest_start 1779139498.248843126
2026-05-19 06:25:31,167 DEBUG   BULK_SNAP_T pipeline_start 1779139498.252809225
2026-05-19 06:25:31,167 DEBUG   BULK_SNAP_T pipeline_done 1779139527.956126231
2026-05-19 06:25:31,167 DEBUG   BULK_SNAP_T guest_end 1779139527.957600193
2026-05-19 06:25:31,167 DEBUG   
2026-05-19 06:25:31,167 DEBUG   42991616 bytes (43 MB) copied, 1.024778 s, 42.0 MB/s
2026-05-19 06:25:31,167 DEBUG   65011712 bytes (65 MB) copied, 2.079059 s, 31.3 MB/s
2026-05-19 06:25:31,167 DEBUG   97517568 bytes (98 MB) copied, 3.085853 s, 31.6 MB/s
2026-05-19 06:25:31,167 DEBUG   139460608 bytes (139 MB) copied, 4.159858 s, 33.5 MB/s
2026-05-19 06:25:31,167 DEBUG   182452224 bytes (182 MB) copied, 5.190736 s, 35.1 MB/s
2026-05-19 06:25:31,167 DEBUG   222298112 bytes (222 MB) copied, 6.198753 s, 35.9 MB/s
2026-05-19 06:25:31,167 DEBUG   261095424 bytes (261 MB) copied, 7.213783 s, 36.2 MB/s
2026-05-19 06:25:31,167 DEBUG   297795584 bytes (298 MB) copied, 8.213802 s, 36.3 MB/s
2026-05-19 06:25:31,167 DEBUG   334495744 bytes (334 MB) copied, 9.268074 s, 36.1 MB/s
2026-05-19 06:25:31,167 DEBUG   370147328 bytes (370 MB) copied, 10.297865 s, 35.9 MB/s
2026-05-19 06:25:31,167 DEBUG   413138944 bytes (413 MB) copied, 11.312739 s, 36.5 MB/s
2026-05-19 06:25:31,167 DEBUG   454033408 bytes (454 MB) copied, 12.317514 s, 36.9 MB/s
2026-05-19 06:25:31,167 DEBUG   498073600 bytes (498 MB) copied, 13.321713 s, 37.4 MB/s
2026-05-19 06:25:31,167 DEBUG   538968064 bytes (539 MB) copied, 14.343777 s, 37.6 MB/s
2026-05-19 06:25:31,167 DEBUG   581959680 bytes (582 MB) copied, 15.376191 s, 37.8 MB/s
2026-05-19 06:25:31,167 DEBUG   624951296 bytes (625 MB) copied, 16.441794 s, 38.0 MB/s
2026-05-19 06:25:31,167 DEBUG   658505728 bytes (659 MB) copied, 17.481714 s, 37.7 MB/s
2026-05-19 06:25:31,167 DEBUG   693108736 bytes (693 MB) copied, 18.483216 s, 37.5 MB/s
2026-05-19 06:25:31,167 DEBUG   727711744 bytes (728 MB) copied, 19.492697 s, 37.3 MB/s
2026-05-19 06:25:31,167 DEBUG   764411904 bytes (764 MB) copied, 20.501833 s, 37.3 MB/s
2026-05-19 06:25:31,168 DEBUG   793772032 bytes (794 MB) copied, 21.572761 s, 36.8 MB/s
2026-05-19 06:25:31,168 DEBUG   830472192 bytes (830 MB) copied, 22.597953 s, 36.7 MB/s
2026-05-19 06:25:31,168 DEBUG   861929472 bytes (862 MB) copied, 23.616812 s, 36.5 MB/s
2026-05-19 06:25:31,168 DEBUG   900726784 bytes (901 MB) copied, 24.641780 s, 36.6 MB/s
2026-05-19 06:25:31,168 DEBUG   937426944 bytes (937 MB) copied, 25.683749 s, 36.5 MB/s
2026-05-19 06:25:31,168 DEBUG   970981376 bytes (971 MB) copied, 26.702837 s, 36.4 MB/s
2026-05-19 06:25:31,168 DEBUG   1006632960 bytes (1.0 GB) copied, 27.750746 s, 36.3 MB/s
2026-05-19 06:25:31,168 DEBUG   1043333120 bytes (1.0 GB) copied, 28.800989 s, 36.2 MB/s
2026-05-19 06:25:31,168 DEBUG   1024+0 records in
2026-05-19 06:25:31,168 DEBUG   1024+0 records out
2026-05-19 06:25:31,168 DEBUG   1073741824 bytes (1.1 GB) copied, 29.6349 s, 36.2 MB/s
2026-05-19 06:25:31,168 DEBUG   OK (disk op exit 0)
2026-05-19 06:25:31,168 WARNING Guest disk op wall 31.3s (vm='ahv_ins_delete-0-260514-140657' ip=10.114.51.92 op=create ec=0) — includes SSH + guest disk command; if still high, check guest disk throughput vs. MiB settings.
2026-05-19 06:25:31,168 DEBUG [21/556] VM 4cd6b858… (ahv_ins_delete-0-260514-180340) via 10.114.52.229 op=create
2026-05-19 06:25:31,168 DEBUG   remote: bash -lc 'set -e; _bs(){ printf '"'"'BULK_SNAP_T %s %s\n'"'"' "$1" "$(date +%s.%N 2>/dev/null || date +%s)"; }; _bs guest_start; _bs pipeline_start; openssl enc -aes-256-ctr -pass pass:"testing" -nosalt < /dev/zero 2>/dev/null | dd of=/root/dummy_snapshot_data_1.img bs=1M count=1024 iflag=fullblock status=progress; ec=$?; _bs pipeline_done; _bs guest_end; exit $ec'
2026-05-19 06:25:31,666 DEBUG   BULK_SNAP_T guest_start 1779139499.503133937
2026-05-19 06:25:31,667 DEBUG   BULK_SNAP_T pipeline_start 1779139499.507617815
2026-05-19 06:25:31,667 DEBUG   BULK_SNAP_T pipeline_done 1779139527.959912238
2026-05-19 06:25:31,667 DEBUG   BULK_SNAP_T guest_end 1779139527.974978255
2026-05-19 06:25:31,667 DEBUG   
2026-05-19 06:25:31,667 DEBUG   34603008 bytes (35 MB) copied, 1.003863 s, 34.5 MB/s
2026-05-19 06:25:31,667 DEBUG   68157440 bytes (68 MB) copied, 2.031162 s, 33.6 MB/s
2026-05-19 06:25:31,667 DEBUG   109051904 bytes (109 MB) copied, 3.034879 s, 35.9 MB/s
2026-05-19 06:25:31,667 DEBUG   146800640 bytes (147 MB) copied, 4.038739 s, 36.3 MB/s
2026-05-19 06:25:31,667 DEBUG   187695104 bytes (188 MB) copied, 5.053729 s, 37.1 MB/s
2026-05-19 06:25:31,667 DEBUG   224395264 bytes (224 MB) copied, 6.085938 s, 36.9 MB/s
2026-05-19 06:25:31,667 DEBUG   262144000 bytes (262 MB) copied, 7.087722 s, 37.0 MB/s
2026-05-19 06:25:31,667 DEBUG   297795584 bytes (298 MB) copied, 8.105026 s, 36.7 MB/s
2026-05-19 06:25:31,667 DEBUG   344981504 bytes (345 MB) copied, 9.131037 s, 37.8 MB/s
2026-05-19 06:25:31,667 DEBUG   389021696 bytes (389 MB) copied, 10.177885 s, 38.2 MB/s
2026-05-19 06:25:31,667 DEBUG   433061888 bytes (433 MB) copied, 11.207988 s, 38.6 MB/s
2026-05-19 06:25:31,667 DEBUG   481296384 bytes (481 MB) copied, 12.209805 s, 39.4 MB/s
2026-05-19 06:25:31,667 DEBUG   523239424 bytes (523 MB) copied, 13.217856 s, 39.6 MB/s
2026-05-19 06:25:31,667 DEBUG   569376768 bytes (569 MB) copied, 14.227886 s, 40.0 MB/s
2026-05-19 06:25:31,667 DEBUG   606076928 bytes (606 MB) copied, 15.231739 s, 39.8 MB/s
2026-05-19 06:25:31,667 DEBUG   642777088 bytes (643 MB) copied, 16.259757 s, 39.5 MB/s
2026-05-19 06:25:31,667 DEBUG   681574400 bytes (682 MB) copied, 17.293656 s, 39.4 MB/s
2026-05-19 06:25:31,667 DEBUG   719323136 bytes (719 MB) copied, 18.307141 s, 39.3 MB/s
2026-05-19 06:25:31,667 DEBUG   758120448 bytes (758 MB) copied, 19.357670 s, 39.2 MB/s
2026-05-19 06:25:31,667 DEBUG   794820608 bytes (795 MB) copied, 20.363813 s, 39.0 MB/s
2026-05-19 06:25:31,667 DEBUG   832569344 bytes (833 MB) copied, 21.370739 s, 39.0 MB/s
2026-05-19 06:25:31,667 DEBUG   875560960 bytes (876 MB) copied, 22.389216 s, 39.1 MB/s
2026-05-19 06:25:31,667 DEBUG   916455424 bytes (916 MB) copied, 23.396868 s, 39.2 MB/s
2026-05-19 06:25:31,667 DEBUG   951058432 bytes (951 MB) copied, 24.406374 s, 39.0 MB/s
2026-05-19 06:25:31,667 DEBUG   989855744 bytes (990 MB) copied, 25.426697 s, 38.9 MB/s
2026-05-19 06:25:31,667 DEBUG   1030750208 bytes (1.0 GB) copied, 26.446740 s, 39.0 MB/s
2026-05-19 06:25:31,667 DEBUG   1068498944 bytes (1.1 GB) copied, 27.478875 s, 38.9 MB/s
2026-05-19 06:25:31,667 DEBUG   1024+0 records in
2026-05-19 06:25:31,667 DEBUG   1024+0 records out
2026-05-19 06:25:31,667 DEBUG   1073741824 bytes (1.1 GB) copied, 27.6017 s, 38.9 MB/s
2026-05-19 06:25:31,667 DEBUG   OK (disk op exit 0)
2026-05-19 06:25:31,668 WARNING Guest disk op wall 30.3s (vm='ahv_ins_delete-0-260514-141049' ip=10.114.50.158 op=create ec=0) — includes SSH + guest disk command; if still high, check guest disk throughput vs. MiB settings.
2026-05-19 06:25:31,668 DEBUG [22/556] VM f77809f7… (ahv_ins_delete-0-260514-180351) via 10.114.51.32 op=create
2026-05-19 06:25:31,668 DEBUG   remote: bash -lc 'set -e; _bs(){ printf '"'"'BULK_SNAP_T %s %s\n'"'"' "$1" "$(date +%s.%N 2>/dev/null || date +%s)"; }; _bs guest_start; _bs pipeline_start; openssl enc -aes-256-ctr -pass pass:"testing" -nosalt < /dev/zero 2>/dev/null | dd of=/root/dummy_snapshot_data_1.img bs=1M count=1024 iflag=fullblock status=progress; ec=$?; _bs pipeline_done; _bs guest_end; exit $ec'
2026-05-19 06:25:32,418 DEBUG   BULK_SNAP_T guest_start 1779139499.545772002
2026-05-19 06:25:32,418 DEBUG   BULK_SNAP_T pipeline_start 1779139499.550409359
2026-05-19 06:25:32,418 DEBUG   BULK_SNAP_T pipeline_done 1779139528.559809711
2026-05-19 06:25:32,418 DEBUG   BULK_SNAP_T guest_end 1779139528.564790090
2026-05-19 06:25:32,418 DEBUG   
2026-05-19 06:25:32,418 DEBUG   17825792 bytes (18 MB) copied, 1.178549 s, 15.1 MB/s
2026-05-19 06:25:32,418 DEBUG   32505856 bytes (33 MB) copied, 2.376865 s, 13.7 MB/s
2026-05-19 06:25:32,418 DEBUG   71303168 bytes (71 MB) copied, 3.409893 s, 20.9 MB/s
2026-05-19 06:25:32,418 DEBUG   101711872 bytes (102 MB) copied, 4.410863 s, 23.1 MB/s
2026-05-19 06:25:32,418 DEBUG   137363456 bytes (137 MB) copied, 5.440814 s, 25.2 MB/s
2026-05-19 06:25:32,418 DEBUG   173015040 bytes (173 MB) copied, 6.459807 s, 26.8 MB/s
2026-05-19 06:25:32,418 DEBUG   208666624 bytes (209 MB) copied, 7.478034 s, 27.9 MB/s
2026-05-19 06:25:32,418 DEBUG   246415360 bytes (246 MB) copied, 8.506911 s, 29.0 MB/s
2026-05-19 06:25:32,418 DEBUG   288358400 bytes (288 MB) copied, 9.518175 s, 30.3 MB/s
2026-05-19 06:25:32,418 DEBUG   332398592 bytes (332 MB) copied, 10.539857 s, 31.5 MB/s
2026-05-19 06:25:32,418 DEBUG   386924544 bytes (387 MB) copied, 11.545309 s, 33.5 MB/s
2026-05-19 06:25:32,418 DEBUG   429916160 bytes (430 MB) copied, 12.553125 s, 34.2 MB/s
2026-05-19 06:25:32,418 DEBUG   476053504 bytes (476 MB) copied, 13.558317 s, 35.1 MB/s
2026-05-19 06:25:32,419 DEBUG   521142272 bytes (521 MB) copied, 14.572786 s, 35.8 MB/s
2026-05-19 06:25:32,419 DEBUG   556793856 bytes (557 MB) copied, 15.573801 s, 35.8 MB/s
2026-05-19 06:25:32,419 DEBUG   595591168 bytes (596 MB) copied, 16.599816 s, 35.9 MB/s
2026-05-19 06:25:32,419 DEBUG   638582784 bytes (639 MB) copied, 17.628827 s, 36.2 MB/s
2026-05-19 06:25:32,419 DEBUG   680525824 bytes (681 MB) copied, 18.681844 s, 36.4 MB/s
2026-05-19 06:25:32,419 DEBUG   720371712 bytes (720 MB) copied, 19.710841 s, 36.5 MB/s
2026-05-19 06:25:32,419 DEBUG   757071872 bytes (757 MB) copied, 20.740880 s, 36.5 MB/s
2026-05-19 06:25:32,419 DEBUG   794820608 bytes (795 MB) copied, 21.752775 s, 36.5 MB/s
2026-05-19 06:25:32,419 DEBUG   835715072 bytes (836 MB) copied, 22.822825 s, 36.6 MB/s
2026-05-19 06:25:32,419 DEBUG   874512384 bytes (875 MB) copied, 23.839035 s, 36.7 MB/s
2026-05-19 06:25:32,419 DEBUG   914358272 bytes (914 MB) copied, 24.861800 s, 36.8 MB/s
2026-05-19 06:25:32,419 DEBUG   950009856 bytes (950 MB) copied, 25.878349 s, 36.7 MB/s
2026-05-19 06:25:32,419 DEBUG   993001472 bytes (993 MB) copied, 26.892821 s, 36.9 MB/s
2026-05-19 06:25:32,419 DEBUG   1030750208 bytes (1.0 GB) copied, 27.936204 s, 36.9 MB/s
2026-05-19 06:25:32,419 DEBUG   1024+0 records in
2026-05-19 06:25:32,419 DEBUG   1024+0 records out
2026-05-19 06:25:32,419 DEBUG   1073741824 bytes (1.1 GB) copied, 28.9299 s, 37.1 MB/s
2026-05-19 06:25:32,419 DEBUG   OK (disk op exit 0)
2026-05-19 06:25:32,419 WARNING Guest disk op wall 30.8s (vm='ahv_ins_delete-0-260514-145645' ip=10.114.50.114 op=create ec=0) — includes SSH + guest disk command; if still high, check guest disk throughput vs. MiB settings.
2026-05-19 06:25:32,419 DEBUG [23/556] VM 007b3889… (ahv_ins_delete-0-260514-180402) via 10.114.49.225 op=create
2026-05-19 06:25:32,419 DEBUG   remote: bash -lc 'set -e; _bs(){ printf '"'"'BULK_SNAP_T %s %s\n'"'"' "$1" "$(date +%s.%N 2>/dev/null || date +%s)"; }; _bs guest_start; _bs pipeline_start; openssl enc -aes-256-ctr -pass pass:"testing" -nosalt < /dev/zero 2>/dev/null | dd of=/root/dummy_snapshot_data_1.img bs=1M count=1024 iflag=fullblock status=progress; ec=$?; _bs pipeline_done; _bs guest_end; exit $ec'
2026-05-19 06:25:42,928 DEBUG   BULK_SNAP_T guest_start 1779139511.437245449
2026-05-19 06:25:42,928 DEBUG   BULK_SNAP_T pipeline_start 1779139511.441190214
2026-05-19 06:25:42,928 DEBUG   BULK_SNAP_T pipeline_done 1779139539.420033407
2026-05-19 06:25:42,928 DEBUG   BULK_SNAP_T guest_end 1779139539.421362558
2026-05-19 06:25:42,928 DEBUG   
2026-05-19 06:25:42,928 DEBUG   28311552 bytes (28 MB) copied, 1.029230 s, 27.5 MB/s
2026-05-19 06:25:42,928 DEBUG   63963136 bytes (64 MB) copied, 2.050320 s, 31.2 MB/s
2026-05-19 06:25:42,928 DEBUG   109051904 bytes (109 MB) copied, 3.053088 s, 35.7 MB/s
2026-05-19 06:25:42,928 DEBUG   146800640 bytes (147 MB) copied, 4.094148 s, 35.9 MB/s
2026-05-19 06:25:42,928 DEBUG   191889408 bytes (192 MB) copied, 5.099146 s, 37.6 MB/s
2026-05-19 06:25:42,928 DEBUG   233832448 bytes (234 MB) copied, 6.125129 s, 38.2 MB/s
2026-05-19 06:25:42,928 DEBUG   269484032 bytes (269 MB) copied, 7.178098 s, 37.5 MB/s
2026-05-19 06:25:42,928 DEBUG   309329920 bytes (309 MB) copied, 8.204189 s, 37.7 MB/s
2026-05-19 06:25:42,928 DEBUG   347078656 bytes (347 MB) copied, 9.247132 s, 37.5 MB/s
2026-05-19 06:25:42,928 DEBUG   386924544 bytes (387 MB) copied, 10.294388 s, 37.6 MB/s
2026-05-19 06:25:42,928 DEBUG   425721856 bytes (426 MB) copied, 11.351103 s, 37.5 MB/s
2026-05-19 06:25:42,928 DEBUG   462422016 bytes (462 MB) copied, 12.402132 s, 37.3 MB/s
2026-05-19 06:25:42,928 DEBUG   501219328 bytes (501 MB) copied, 13.404121 s, 37.4 MB/s
2026-05-19 06:25:42,928 DEBUG   536870912 bytes (537 MB) copied, 14.432125 s, 37.2 MB/s
2026-05-19 06:25:42,928 DEBUG   573571072 bytes (574 MB) copied, 15.452086 s, 37.1 MB/s
2026-05-19 06:25:42,928 DEBUG   615514112 bytes (616 MB) copied, 16.467141 s, 37.4 MB/s
2026-05-19 06:25:42,928 DEBUG   657457152 bytes (657 MB) copied, 17.498686 s, 37.6 MB/s
2026-05-19 06:25:42,928 DEBUG   700448768 bytes (700 MB) copied, 18.499178 s, 37.9 MB/s
2026-05-19 06:25:42,928 DEBUG   744488960 bytes (744 MB) copied, 19.548277 s, 38.1 MB/s
2026-05-19 06:25:42,928 DEBUG   783286272 bytes (783 MB) copied, 20.553129 s, 38.1 MB/s
2026-05-19 06:25:42,928 DEBUG   829423616 bytes (829 MB) copied, 21.599139 s, 38.4 MB/s
2026-05-19 06:25:42,929 DEBUG   867172352 bytes (867 MB) copied, 22.622469 s, 38.3 MB/s
2026-05-19 06:25:42,929 DEBUG   900726784 bytes (901 MB) copied, 23.676140 s, 38.0 MB/s
2026-05-19 06:25:42,929 DEBUG   946864128 bytes (947 MB) copied, 24.683466 s, 38.4 MB/s
2026-05-19 06:25:42,929 DEBUG   987758592 bytes (988 MB) copied, 25.697313 s, 38.4 MB/s
2026-05-19 06:25:42,929 DEBUG   1026555904 bytes (1.0 GB) copied, 26.704762 s, 38.4 MB/s
2026-05-19 06:25:42,929 DEBUG   1067450368 bytes (1.1 GB) copied, 27.744239 s, 38.5 MB/s
2026-05-19 06:25:42,929 DEBUG   1024+0 records in
2026-05-19 06:25:42,929 DEBUG   1024+0 records out
2026-05-19 06:25:42,929 DEBUG   1073741824 bytes (1.1 GB) copied, 27.9032 s, 38.5 MB/s
2026-05-19 06:25:42,929 DEBUG   OK (disk op exit 0)
2026-05-19 06:25:42,929 WARNING Guest disk op wall 29.5s (vm='ahv_ins_delete-0-260514-175832' ip=10.114.52.133 op=create ec=0) — includes SSH + guest disk command; if still high, check guest disk throughput vs. MiB settings.
2026-05-19 06:25:42,929 DEBUG [24/556] VM 5b852f31… (ahv_ins_delete-0-260514-180417) via 10.114.48.38 op=create
2026-05-19 06:25:42,929 DEBUG   remote: bash -lc 'set -e; _bs(){ printf '"'"'BULK_SNAP_T %s %s\n'"'"' "$1" "$(date +%s.%N 2>/dev/null || date +%s)"; }; _bs guest_start; _bs pipeline_start; openssl enc -aes-256-ctr -pass pass:"testing" -nosalt < /dev/zero 2>/dev/null | dd of=/root/dummy_snapshot_data_1.img bs=1M count=1024 iflag=fullblock status=progress; ec=$?; _bs pipeline_done; _bs guest_end; exit $ec'
2026-05-19 06:25:43,682 DEBUG   BULK_SNAP_T guest_start 1779139510.780648071
2026-05-19 06:25:43,683 DEBUG   BULK_SNAP_T pipeline_start 1779139510.784817613
2026-05-19 06:25:43,683 DEBUG   BULK_SNAP_T pipeline_done 1779139540.008008312
2026-05-19 06:25:43,683 DEBUG   BULK_SNAP_T guest_end 1779139540.014866380
2026-05-19 06:25:43,683 DEBUG   
2026-05-19 06:25:43,683 DEBUG   27262976 bytes (27 MB) copied, 1.021493 s, 26.7 MB/s
2026-05-19 06:25:43,683 DEBUG   48234496 bytes (48 MB) copied, 2.030468 s, 23.8 MB/s
2026-05-19 06:25:43,683 DEBUG   79691776 bytes (80 MB) copied, 3.038341 s, 26.2 MB/s
2026-05-19 06:25:43,683 DEBUG   117440512 bytes (117 MB) copied, 4.092569 s, 28.7 MB/s
2026-05-19 06:25:43,683 DEBUG   153092096 bytes (153 MB) copied, 5.098390 s, 30.0 MB/s
2026-05-19 06:25:43,683 DEBUG   192937984 bytes (193 MB) copied, 6.112335 s, 31.6 MB/s
2026-05-19 06:25:43,683 DEBUG   229638144 bytes (230 MB) copied, 7.136684 s, 32.2 MB/s
2026-05-19 06:25:43,683 DEBUG   267386880 bytes (267 MB) copied, 8.157653 s, 32.8 MB/s
2026-05-19 06:25:43,683 DEBUG   298844160 bytes (299 MB) copied, 9.172968 s, 32.6 MB/s
2026-05-19 06:25:43,683 DEBUG   333447168 bytes (333 MB) copied, 10.177641 s, 32.8 MB/s
2026-05-19 06:25:43,683 DEBUG   373293056 bytes (373 MB) copied, 11.197795 s, 33.3 MB/s
2026-05-19 06:25:43,683 DEBUG   417333248 bytes (417 MB) copied, 12.260447 s, 34.0 MB/s
2026-05-19 06:25:43,683 DEBUG   451936256 bytes (452 MB) copied, 13.264414 s, 34.1 MB/s
2026-05-19 06:25:43,683 DEBUG   484442112 bytes (484 MB) copied, 14.283387 s, 33.9 MB/s
2026-05-19 06:25:43,683 DEBUG   520093696 bytes (520 MB) copied, 15.287415 s, 34.0 MB/s
2026-05-19 06:25:43,683 DEBUG   559939584 bytes (560 MB) copied, 16.322457 s, 34.3 MB/s
2026-05-19 06:25:43,683 DEBUG   597688320 bytes (598 MB) copied, 17.330423 s, 34.5 MB/s
2026-05-19 06:25:43,683 DEBUG   644874240 bytes (645 MB) copied, 18.355614 s, 35.1 MB/s
2026-05-19 06:25:43,683 DEBUG   694157312 bytes (694 MB) copied, 19.360731 s, 35.9 MB/s
2026-05-19 06:25:43,683 DEBUG   738197504 bytes (738 MB) copied, 20.383474 s, 36.2 MB/s
2026-05-19 06:25:43,683 DEBUG   779091968 bytes (779 MB) copied, 21.396432 s, 36.4 MB/s
2026-05-19 06:25:43,683 DEBUG   819986432 bytes (820 MB) copied, 22.404477 s, 36.6 MB/s
2026-05-19 06:25:43,683 DEBUG   850395136 bytes (850 MB) copied, 23.420363 s, 36.3 MB/s
2026-05-19 06:25:43,683 DEBUG   890241024 bytes (890 MB) copied, 24.422352 s, 36.5 MB/s
2026-05-19 06:25:43,683 DEBUG   932184064 bytes (932 MB) copied, 25.460325 s, 36.6 MB/s
2026-05-19 06:25:43,684 DEBUG   970981376 bytes (971 MB) copied, 26.484450 s, 36.7 MB/s
2026-05-19 06:25:43,684 DEBUG   1011875840 bytes (1.0 GB) copied, 27.494414 s, 36.8 MB/s
2026-05-19 06:25:43,684 DEBUG   1050673152 bytes (1.1 GB) copied, 28.518660 s, 36.8 MB/s
2026-05-19 06:25:43,684 DEBUG   1024+0 records in
2026-05-19 06:25:43,684 DEBUG   1024+0 records out
2026-05-19 06:25:43,684 DEBUG   1073741824 bytes (1.1 GB) copied, 29.1387 s, 36.8 MB/s
2026-05-19 06:25:43,684 DEBUG   OK (disk op exit 0)
2026-05-19 06:25:43,684 WARNING Guest disk op wall 30.8s (vm='ahv_ins_delete-0-260514-174752' ip=10.114.50.3 op=create ec=0) — includes SSH + guest disk command; if still high, check guest disk throughput vs. MiB settings.
2026-05-19 06:25:43,684 DEBUG [25/556] VM b5265114… (ahv_ins_delete-0-260514-180434) via 10.114.53.241 op=create
2026-05-19 06:25:43,684 DEBUG   remote: bash -lc 'set -e; _bs(){ printf '"'"'BULK_SNAP_T %s %s\n'"'"' "$1" "$(date +%s.%N 2>/dev/null || date +%s)"; }; _bs guest_start; _bs pipeline_start; openssl enc -aes-256-ctr -pass pass:"testing" -nosalt < /dev/zero 2>/dev/null | dd of=/root/dummy_snapshot_data_1.img bs=1M count=1024 iflag=fullblock status=progress; ec=$?; _bs pipeline_done; _bs guest_end; exit $ec'
2026-05-19 06:25:44,182 DEBUG   BULK_SNAP_T guest_start 1779139513.061922905
2026-05-19 06:25:44,182 DEBUG   BULK_SNAP_T pipeline_start 1779139513.066235311
2026-05-19 06:25:44,182 DEBUG   BULK_SNAP_T pipeline_done 1779139541.462196045
2026-05-19 06:25:44,182 DEBUG   BULK_SNAP_T guest_end 1779139541.468726877
2026-05-19 06:25:44,182 DEBUG   
2026-05-19 06:25:44,183 DEBUG   20971520 bytes (21 MB) copied, 1.073929 s, 19.5 MB/s
2026-05-19 06:25:44,183 DEBUG   69206016 bytes (69 MB) copied, 2.083168 s, 33.2 MB/s
2026-05-19 06:25:44,183 DEBUG   104857600 bytes (105 MB) copied, 3.092811 s, 33.9 MB/s
2026-05-19 06:25:44,183 DEBUG   149946368 bytes (150 MB) copied, 4.116817 s, 36.4 MB/s
2026-05-19 06:25:44,183 DEBUG   192937984 bytes (193 MB) copied, 5.136186 s, 37.6 MB/s
2026-05-19 06:25:44,183 DEBUG   228589568 bytes (229 MB) copied, 6.139109 s, 37.2 MB/s
2026-05-19 06:25:44,183 DEBUG   267386880 bytes (267 MB) copied, 7.149773 s, 37.4 MB/s
2026-05-19 06:25:44,183 DEBUG   300941312 bytes (301 MB) copied, 8.151808 s, 36.9 MB/s
2026-05-19 06:25:44,183 DEBUG   335544320 bytes (336 MB) copied, 9.151824 s, 36.7 MB/s
2026-05-19 06:25:44,183 DEBUG   374341632 bytes (374 MB) copied, 10.164940 s, 36.8 MB/s
2026-05-19 06:25:44,183 DEBUG   414187520 bytes (414 MB) copied, 11.171824 s, 37.1 MB/s
2026-05-19 06:25:44,183 DEBUG   456130560 bytes (456 MB) copied, 12.191799 s, 37.4 MB/s
2026-05-19 06:25:44,183 DEBUG   490733568 bytes (491 MB) copied, 13.205809 s, 37.2 MB/s
2026-05-19 06:25:44,183 DEBUG   526385152 bytes (526 MB) copied, 14.231071 s, 37.0 MB/s
2026-05-19 06:25:44,183 DEBUG   564133888 bytes (564 MB) copied, 15.272827 s, 36.9 MB/s
2026-05-19 06:25:44,183 DEBUG   605028352 bytes (605 MB) copied, 16.273902 s, 37.2 MB/s
2026-05-19 06:25:44,183 DEBUG   649068544 bytes (649 MB) copied, 17.299782 s, 37.5 MB/s
2026-05-19 06:25:44,183 DEBUG   692060160 bytes (692 MB) copied, 18.309948 s, 37.8 MB/s
2026-05-19 06:25:44,183 DEBUG   729808896 bytes (730 MB) copied, 19.342991 s, 37.7 MB/s
2026-05-19 06:25:44,183 DEBUG   776994816 bytes (777 MB) copied, 20.365871 s, 38.2 MB/s
2026-05-19 06:25:44,183 DEBUG   809500672 bytes (810 MB) copied, 21.413927 s, 37.8 MB/s
2026-05-19 06:25:44,183 DEBUG   851443712 bytes (851 MB) copied, 22.479792 s, 37.9 MB/s
2026-05-19 06:25:44,183 DEBUG   892338176 bytes (892 MB) copied, 23.495777 s, 38.0 MB/s
2026-05-19 06:25:44,183 DEBUG   930086912 bytes (930 MB) copied, 24.495880 s, 38.0 MB/s
2026-05-19 06:25:44,183 DEBUG   970981376 bytes (971 MB) copied, 25.501785 s, 38.1 MB/s
2026-05-19 06:25:44,183 DEBUG   1013972992 bytes (1.0 GB) copied, 26.502785 s, 38.3 MB/s
2026-05-19 06:25:44,183 DEBUG   1059061760 bytes (1.1 GB) copied, 27.531996 s, 38.5 MB/s
2026-05-19 06:25:44,183 DEBUG   1024+0 records in
2026-05-19 06:25:44,183 DEBUG   1024+0 records out
2026-05-19 06:25:44,183 DEBUG   1073741824 bytes (1.1 GB) copied, 27.8619 s, 38.5 MB/s
2026-05-19 06:25:44,183 DEBUG   OK (disk op exit 0)
2026-05-19 06:25:44,183 WARNING Guest disk op wall 30.0s (vm='ahv_ins_delete-0-260514-175854' ip=10.114.53.252 op=create ec=0) — includes SSH + guest disk command; if still high, check guest disk throughput vs. MiB settings.
2026-05-19 06:25:44,184 DEBUG [26/556] VM bc32a09d… (ahv_ins_delete-0-260514-180859) via 10.114.51.148 op=create
2026-05-19 06:25:44,184 DEBUG   remote: bash -lc 'set -e; _bs(){ printf '"'"'BULK_SNAP_T %s %s\n'"'"' "$1" "$(date +%s.%N 2>/dev/null || date +%s)"; }; _bs guest_start; _bs pipeline_start; openssl enc -aes-256-ctr -pass pass:"testing" -nosalt < /dev/zero 2>/dev/null | dd of=/root/dummy_snapshot_data_1.img bs=1M count=1024 iflag=fullblock status=progress; ec=$?; _bs pipeline_done; _bs guest_end; exit $ec'
2026-05-19 06:25:44,684 DEBUG   BULK_SNAP_T guest_start 1779139512.743347527
2026-05-19 06:25:44,684 DEBUG   BULK_SNAP_T pipeline_start 1779139512.747271334
2026-05-19 06:25:44,684 DEBUG   BULK_SNAP_T pipeline_done 1779139541.763646630
2026-05-19 06:25:44,684 DEBUG   BULK_SNAP_T guest_end 1779139541.766828037
2026-05-19 06:25:44,684 DEBUG   
2026-05-19 06:25:44,684 DEBUG   22020096 bytes (22 MB) copied, 1.095829 s, 20.1 MB/s
2026-05-19 06:25:44,684 DEBUG   49283072 bytes (49 MB) copied, 2.104895 s, 23.4 MB/s
2026-05-19 06:25:44,684 DEBUG   75497472 bytes (75 MB) copied, 3.140618 s, 24.0 MB/s
2026-05-19 06:25:44,684 DEBUG   108003328 bytes (108 MB) copied, 4.159670 s, 26.0 MB/s
2026-05-19 06:25:44,684 DEBUG   141557760 bytes (142 MB) copied, 5.194586 s, 27.3 MB/s
2026-05-19 06:25:44,684 DEBUG   178257920 bytes (178 MB) copied, 6.228594 s, 28.6 MB/s
2026-05-19 06:25:44,684 DEBUG   218103808 bytes (218 MB) copied, 7.241558 s, 30.1 MB/s
2026-05-19 06:25:44,684 DEBUG   249561088 bytes (250 MB) copied, 8.241636 s, 30.3 MB/s
2026-05-19 06:25:44,684 DEBUG   287309824 bytes (287 MB) copied, 9.279591 s, 31.0 MB/s
2026-05-19 06:25:44,684 DEBUG   327155712 bytes (327 MB) copied, 10.291786 s, 31.8 MB/s
2026-05-19 06:25:44,684 DEBUG   365953024 bytes (366 MB) copied, 11.319680 s, 32.3 MB/s
2026-05-19 06:25:44,684 DEBUG   409993216 bytes (410 MB) copied, 12.335561 s, 33.2 MB/s
2026-05-19 06:25:44,684 DEBUG   447741952 bytes (448 MB) copied, 13.348702 s, 33.5 MB/s
2026-05-19 06:25:44,684 DEBUG   484442112 bytes (484 MB) copied, 14.353904 s, 33.7 MB/s
2026-05-19 06:25:44,684 DEBUG   527433728 bytes (527 MB) copied, 15.359614 s, 34.3 MB/s
2026-05-19 06:25:44,684 DEBUG   574619648 bytes (575 MB) copied, 16.413676 s, 35.0 MB/s
2026-05-19 06:25:44,684 DEBUG   622854144 bytes (623 MB) copied, 17.428931 s, 35.7 MB/s
2026-05-19 06:25:44,684 DEBUG   673185792 bytes (673 MB) copied, 18.455652 s, 36.5 MB/s
2026-05-19 06:25:44,684 DEBUG   710934528 bytes (711 MB) copied, 19.480790 s, 36.5 MB/s
2026-05-19 06:25:44,684 DEBUG   753926144 bytes (754 MB) copied, 20.483696 s, 36.8 MB/s
2026-05-19 06:25:44,684 DEBUG   791674880 bytes (792 MB) copied, 21.525558 s, 36.8 MB/s
2026-05-19 06:25:44,684 DEBUG   827326464 bytes (827 MB) copied, 22.532582 s, 36.7 MB/s
2026-05-19 06:25:44,684 DEBUG   865075200 bytes (865 MB) copied, 23.542596 s, 36.7 MB/s
2026-05-19 06:25:44,684 DEBUG   907018240 bytes (907 MB) copied, 24.551045 s, 36.9 MB/s
2026-05-19 06:25:44,684 DEBUG   944766976 bytes (945 MB) copied, 25.565598 s, 37.0 MB/s
2026-05-19 06:25:44,684 DEBUG   986710016 bytes (987 MB) copied, 26.567609 s, 37.1 MB/s
2026-05-19 06:25:44,684 DEBUG   1028653056 bytes (1.0 GB) copied, 27.567614 s, 37.3 MB/s
2026-05-19 06:25:44,685 DEBUG   1072693248 bytes (1.1 GB) copied, 28.587735 s, 37.5 MB/s
2026-05-19 06:25:44,685 DEBUG   1024+0 records in
2026-05-19 06:25:44,685 DEBUG   1024+0 records out
2026-05-19 06:25:44,685 DEBUG   1073741824 bytes (1.1 GB) copied, 28.6257 s, 37.5 MB/s
2026-05-19 06:25:44,685 DEBUG   OK (disk op exit 0)
2026-05-19 06:25:44,685 WARNING Guest disk op wall 30.5s (vm='ahv_ins_delete-0-260514-175857' ip=10.114.49.135 op=create ec=0) — includes SSH + guest disk command; if still high, check guest disk throughput vs. MiB settings.
2026-05-19 06:25:44,685 DEBUG [27/556] VM be99e82f… (ahv_ins_delete-0-260514-180903) via 10.114.50.29 op=create
2026-05-19 06:25:44,685 DEBUG   remote: bash -lc 'set -e; _bs(){ printf '"'"'BULK_SNAP_T %s %s\n'"'"' "$1" "$(date +%s.%N 2>/dev/null || date +%s)"; }; _bs guest_start; _bs pipeline_start; openssl enc -aes-256-ctr -pass pass:"testing" -nosalt < /dev/zero 2>/dev/null | dd of=/root/dummy_snapshot_data_1.img bs=1M count=1024 iflag=fullblock status=progress; ec=$?; _bs pipeline_done; _bs guest_end; exit $ec'
2026-05-19 06:25:45,168 DEBUG   BULK_SNAP_T guest_start 1779139509.552872783
2026-05-19 06:25:45,168 DEBUG   BULK_SNAP_T pipeline_start 1779139509.557019009
2026-05-19 06:25:45,168 DEBUG   BULK_SNAP_T pipeline_done 1779139541.545361921
2026-05-19 06:25:45,168 DEBUG   BULK_SNAP_T guest_end 1779139541.549052459
2026-05-19 06:25:45,168 DEBUG   
2026-05-19 06:25:45,168 DEBUG   32505856 bytes (33 MB) copied, 1.020352 s, 31.9 MB/s
2026-05-19 06:25:45,168 DEBUG   74448896 bytes (74 MB) copied, 2.029374 s, 36.7 MB/s
2026-05-19 06:25:45,168 DEBUG   104857600 bytes (105 MB) copied, 3.083078 s, 34.0 MB/s
2026-05-19 06:25:45,168 DEBUG   145752064 bytes (146 MB) copied, 4.096337 s, 35.6 MB/s
2026-05-19 06:25:45,168 DEBUG   181403648 bytes (181 MB) copied, 5.110506 s, 35.5 MB/s
2026-05-19 06:25:45,168 DEBUG   210763776 bytes (211 MB) copied, 6.111348 s, 34.5 MB/s
2026-05-19 06:25:45,168 DEBUG   243269632 bytes (243 MB) copied, 7.148384 s, 34.0 MB/s
2026-05-19 06:25:45,168 DEBUG   274726912 bytes (275 MB) copied, 8.165401 s, 33.6 MB/s
2026-05-19 06:25:45,168 DEBUG   308281344 bytes (308 MB) copied, 9.177421 s, 33.6 MB/s
2026-05-19 06:25:45,168 DEBUG   336592896 bytes (337 MB) copied, 10.195466 s, 33.0 MB/s
2026-05-19 06:25:45,168 DEBUG   369098752 bytes (369 MB) copied, 11.198616 s, 33.0 MB/s
2026-05-19 06:25:45,168 DEBUG   402653184 bytes (403 MB) copied, 12.234365 s, 32.9 MB/s
2026-05-19 06:25:45,168 DEBUG   435159040 bytes (435 MB) copied, 13.271378 s, 32.8 MB/s
2026-05-19 06:25:45,169 DEBUG   467664896 bytes (468 MB) copied, 14.284907 s, 32.7 MB/s
2026-05-19 06:25:45,169 DEBUG   500170752 bytes (500 MB) copied, 15.313337 s, 32.7 MB/s
2026-05-19 06:25:45,169 DEBUG   532676608 bytes (533 MB) copied, 16.335871 s, 32.6 MB/s
2026-05-19 06:25:45,169 DEBUG   564133888 bytes (564 MB) copied, 17.342438 s, 32.5 MB/s
2026-05-19 06:25:45,169 DEBUG   602931200 bytes (603 MB) copied, 18.369714 s, 32.8 MB/s
2026-05-19 06:25:45,169 DEBUG   643825664 bytes (644 MB) copied, 19.393498 s, 33.2 MB/s
2026-05-19 06:25:45,169 DEBUG   685768704 bytes (686 MB) copied, 20.413703 s, 33.6 MB/s
2026-05-19 06:25:45,169 DEBUG   724566016 bytes (725 MB) copied, 21.432792 s, 33.8 MB/s
2026-05-19 06:25:45,169 DEBUG   760217600 bytes (760 MB) copied, 22.436729 s, 33.9 MB/s
2026-05-19 06:25:45,169 DEBUG   795869184 bytes (796 MB) copied, 23.460696 s, 33.9 MB/s
2026-05-19 06:25:45,169 DEBUG   823132160 bytes (823 MB) copied, 24.476344 s, 33.6 MB/s
2026-05-19 06:25:45,169 DEBUG   855638016 bytes (856 MB) copied, 25.479346 s, 33.6 MB/s
2026-05-19 06:25:45,169 DEBUG   888143872 bytes (888 MB) copied, 26.491593 s, 33.5 MB/s
2026-05-19 06:25:45,169 DEBUG   917504000 bytes (918 MB) copied, 27.525347 s, 33.3 MB/s
2026-05-19 06:25:45,169 DEBUG   950009856 bytes (950 MB) copied, 28.553554 s, 33.3 MB/s
2026-05-19 06:25:45,169 DEBUG   986710016 bytes (987 MB) copied, 29.557380 s, 33.4 MB/s
2026-05-19 06:25:45,169 DEBUG   1023410176 bytes (1.0 GB) copied, 30.585333 s, 33.5 MB/s
2026-05-19 06:25:45,169 DEBUG   1063256064 bytes (1.1 GB) copied, 31.587435 s, 33.7 MB/s
2026-05-19 06:25:45,169 DEBUG   1024+0 records in
2026-05-19 06:25:45,169 DEBUG   1024+0 records out
2026-05-19 06:25:45,169 DEBUG   1073741824 bytes (1.1 GB) copied, 31.8325 s, 33.7 MB/s
2026-05-19 06:25:45,169 DEBUG   OK (disk op exit 0)
2026-05-19 06:25:45,169 WARNING Guest disk op wall 33.5s (vm='ahv_ins_delete-0-260514-174411' ip=10.114.50.66 op=create ec=0) — includes SSH + guest disk command; if still high, check guest disk throughput vs. MiB settings.
2026-05-19 06:25:45,170 DEBUG [28/556] VM c659e01d… (ahv_ins_delete-0-260514-180908) via 10.114.51.50 op=create
2026-05-19 06:25:45,170 DEBUG   remote: bash -lc 'set -e; _bs(){ printf '"'"'BULK_SNAP_T %s %s\n'"'"' "$1" "$(date +%s.%N 2>/dev/null || date +%s)"; }; _bs guest_start; _bs pipeline_start; openssl enc -aes-256-ctr -pass pass:"testing" -nosalt < /dev/zero 2>/dev/null | dd of=/root/dummy_snapshot_data_1.img bs=1M count=1024 iflag=fullblock status=progress; ec=$?; _bs pipeline_done; _bs guest_end; exit $ec'
2026-05-19 06:25:45,929 DEBUG   BULK_SNAP_T guest_start 1779139514.435405101
2026-05-19 06:25:45,929 DEBUG   BULK_SNAP_T pipeline_start 1779139514.438849217
2026-05-19 06:25:45,929 DEBUG   BULK_SNAP_T pipeline_done 1779139542.834788353
2026-05-19 06:25:45,929 DEBUG   BULK_SNAP_T guest_end 1779139542.840531331
2026-05-19 06:25:45,929 DEBUG   
2026-05-19 06:25:45,929 DEBUG   28311552 bytes (28 MB) copied, 1.002026 s, 28.3 MB/s
2026-05-19 06:25:45,929 DEBUG   50331648 bytes (50 MB) copied, 2.005048 s, 25.1 MB/s
2026-05-19 06:25:45,929 DEBUG   89128960 bytes (89 MB) copied, 3.067120 s, 29.1 MB/s
2026-05-19 06:25:45,929 DEBUG   123731968 bytes (124 MB) copied, 4.073315 s, 30.4 MB/s
2026-05-19 06:25:45,930 DEBUG   157286400 bytes (157 MB) copied, 5.101243 s, 30.8 MB/s
2026-05-19 06:25:45,930 DEBUG   190840832 bytes (191 MB) copied, 6.113275 s, 31.2 MB/s
2026-05-19 06:25:45,930 DEBUG   229638144 bytes (230 MB) copied, 7.115157 s, 32.3 MB/s
2026-05-19 06:25:45,930 DEBUG   265289728 bytes (265 MB) copied, 8.116323 s, 32.7 MB/s
2026-05-19 06:25:45,930 DEBUG   304087040 bytes (304 MB) copied, 9.118257 s, 33.3 MB/s
2026-05-19 06:25:45,930 DEBUG   340787200 bytes (341 MB) copied, 10.122138 s, 33.7 MB/s
2026-05-19 06:25:45,930 DEBUG   384827392 bytes (385 MB) copied, 11.154281 s, 34.5 MB/s
2026-05-19 06:25:45,930 DEBUG   424673280 bytes (425 MB) copied, 12.163812 s, 34.9 MB/s
2026-05-19 06:25:45,930 DEBUG   466616320 bytes (467 MB) copied, 13.195354 s, 35.4 MB/s
2026-05-19 06:25:45,930 DEBUG   508559360 bytes (509 MB) copied, 14.222335 s, 35.8 MB/s
2026-05-19 06:25:45,930 DEBUG   555745280 bytes (556 MB) copied, 15.228508 s, 36.5 MB/s
2026-05-19 06:25:45,930 DEBUG   598736896 bytes (599 MB) copied, 16.254511 s, 36.8 MB/s
2026-05-19 06:25:45,930 DEBUG   640679936 bytes (641 MB) copied, 17.270049 s, 37.1 MB/s
2026-05-19 06:25:45,930 DEBUG   678428672 bytes (678 MB) copied, 18.282307 s, 37.1 MB/s
2026-05-19 06:25:45,930 DEBUG   715128832 bytes (715 MB) copied, 19.323059 s, 37.0 MB/s
2026-05-19 06:25:45,930 DEBUG   742391808 bytes (742 MB) copied, 20.329010 s, 36.5 MB/s
2026-05-19 06:25:45,930 DEBUG   781189120 bytes (781 MB) copied, 21.342073 s, 36.6 MB/s
2026-05-19 06:25:45,930 DEBUG   821035008 bytes (821 MB) copied, 22.379419 s, 36.7 MB/s
2026-05-19 06:25:45,930 DEBUG   864026624 bytes (864 MB) copied, 23.425067 s, 36.9 MB/s
2026-05-19 06:25:45,930 DEBUG   901775360 bytes (902 MB) copied, 24.428036 s, 36.9 MB/s
2026-05-19 06:25:45,930 DEBUG   939524096 bytes (940 MB) copied, 25.437162 s, 36.9 MB/s
2026-05-19 06:25:45,930 DEBUG   984612864 bytes (985 MB) copied, 26.454110 s, 37.2 MB/s
2026-05-19 06:25:45,930 DEBUG   1030750208 bytes (1.0 GB) copied, 27.455100 s, 37.5 MB/s
2026-05-19 06:25:45,930 DEBUG   1024+0 records in
2026-05-19 06:25:45,930 DEBUG   1024+0 records out
2026-05-19 06:25:45,930 DEBUG   1073741824 bytes (1.1 GB) copied, 28.3192 s, 37.9 MB/s
2026-05-19 06:25:45,930 DEBUG   OK (disk op exit 0)
2026-05-19 06:25:45,930 WARNING Guest disk op wall 30.0s (vm='ahv_ins_delete-0-260514-175858' ip=10.114.53.140 op=create ec=0) — includes SSH + guest disk command; if still high, check guest disk throughput vs. MiB settings.
2026-05-19 06:25:45,931 DEBUG [29/556] VM d6c02f9a… (ahv_ins_delete-0-260514-180913) via 10.114.50.202 op=create
2026-05-19 06:25:45,931 DEBUG   remote: bash -lc 'set -e; _bs(){ printf '"'"'BULK_SNAP_T %s %s\n'"'"' "$1" "$(date +%s.%N 2>/dev/null || date +%s)"; }; _bs guest_start; _bs pipeline_start; openssl enc -aes-256-ctr -pass pass:"testing" -nosalt < /dev/zero 2>/dev/null | dd of=/root/dummy_snapshot_data_1.img bs=1M count=1024 iflag=fullblock status=progress; ec=$?; _bs pipeline_done; _bs guest_end; exit $ec'
2026-05-19 06:25:46,184 DEBUG   BULK_SNAP_T guest_start 1779139511.231345735
2026-05-19 06:25:46,184 DEBUG   BULK_SNAP_T pipeline_start 1779139511.235787784
2026-05-19 06:25:46,184 DEBUG   BULK_SNAP_T pipeline_done 1779139542.547640981
2026-05-19 06:25:46,184 DEBUG   BULK_SNAP_T guest_end 1779139542.549275083
2026-05-19 06:25:46,185 DEBUG   
2026-05-19 06:25:46,185 DEBUG   37748736 bytes (38 MB) copied, 1.010033 s, 37.4 MB/s
2026-05-19 06:25:46,185 DEBUG   77594624 bytes (78 MB) copied, 2.018716 s, 38.4 MB/s
2026-05-19 06:25:46,185 DEBUG   114294784 bytes (114 MB) copied, 3.049955 s, 37.5 MB/s
2026-05-19 06:25:46,185 DEBUG   147849216 bytes (148 MB) copied, 4.099632 s, 36.1 MB/s
2026-05-19 06:25:46,185 DEBUG   179306496 bytes (179 MB) copied, 5.102595 s, 35.1 MB/s
2026-05-19 06:25:46,185 DEBUG   211812352 bytes (212 MB) copied, 6.123803 s, 34.6 MB/s
2026-05-19 06:25:46,185 DEBUG   242221056 bytes (242 MB) copied, 7.159589 s, 33.8 MB/s
2026-05-19 06:25:46,185 DEBUG   273678336 bytes (274 MB) copied, 8.321595 s, 32.9 MB/s
2026-05-19 06:25:46,185 DEBUG   309329920 bytes (309 MB) copied, 9.326620 s, 33.2 MB/s
2026-05-19 06:25:46,185 DEBUG   342884352 bytes (343 MB) copied, 10.338655 s, 33.2 MB/s
2026-05-19 06:25:46,185 DEBUG   377487360 bytes (377 MB) copied, 11.358807 s, 33.2 MB/s
2026-05-19 06:25:46,185 DEBUG   406847488 bytes (407 MB) copied, 12.376684 s, 32.9 MB/s
2026-05-19 06:25:46,185 DEBUG   441450496 bytes (441 MB) copied, 13.377037 s, 33.0 MB/s
2026-05-19 06:25:46,185 DEBUG   470810624 bytes (471 MB) copied, 14.392625 s, 32.7 MB/s
2026-05-19 06:25:46,185 DEBUG   507510784 bytes (508 MB) copied, 15.396727 s, 33.0 MB/s
2026-05-19 06:25:46,185 DEBUG   541065216 bytes (541 MB) copied, 16.424600 s, 32.9 MB/s
2026-05-19 06:25:46,185 DEBUG   578813952 bytes (579 MB) copied, 17.452654 s, 33.2 MB/s
2026-05-19 06:25:46,185 DEBUG   619708416 bytes (620 MB) copied, 18.465657 s, 33.6 MB/s
2026-05-19 06:25:46,185 DEBUG   657457152 bytes (657 MB) copied, 19.531669 s, 33.7 MB/s
2026-05-19 06:25:46,185 DEBUG   692060160 bytes (692 MB) copied, 20.553667 s, 33.7 MB/s
2026-05-19 06:25:46,185 DEBUG   731906048 bytes (732 MB) copied, 21.563643 s, 33.9 MB/s
2026-05-19 06:25:46,185 DEBUG   759169024 bytes (759 MB) copied, 22.577660 s, 33.6 MB/s
2026-05-19 06:25:46,185 DEBUG   795869184 bytes (796 MB) copied, 23.587627 s, 33.7 MB/s
2026-05-19 06:25:46,185 DEBUG   831520768 bytes (832 MB) copied, 24.603663 s, 33.8 MB/s
2026-05-19 06:25:46,185 DEBUG   866123776 bytes (866 MB) copied, 25.629683 s, 33.8 MB/s
2026-05-19 06:25:46,185 DEBUG   896532480 bytes (897 MB) copied, 26.634330 s, 33.7 MB/s
2026-05-19 06:25:46,185 DEBUG   931135488 bytes (931 MB) copied, 27.666606 s, 33.7 MB/s
2026-05-19 06:25:46,185 DEBUG   967835648 bytes (968 MB) copied, 28.690829 s, 33.7 MB/s
2026-05-19 06:25:46,185 DEBUG   1011875840 bytes (1.0 GB) copied, 29.717762 s, 34.0 MB/s
2026-05-19 06:25:46,185 DEBUG   1053818880 bytes (1.1 GB) copied, 30.742579 s, 34.3 MB/s
2026-05-19 06:25:46,185 DEBUG   1024+0 records in
2026-05-19 06:25:46,185 DEBUG   1024+0 records out
2026-05-19 06:25:46,185 DEBUG   1073741824 bytes (1.1 GB) copied, 31.2217 s, 34.4 MB/s
2026-05-19 06:25:46,185 DEBUG   OK (disk op exit 0)
2026-05-19 06:25:46,185 WARNING Guest disk op wall 32.8s (vm='ahv_ins_delete-0-260514-175843' ip=10.114.51.47 op=create ec=0) — includes SSH + guest disk command; if still high, check guest disk throughput vs. MiB settings.
2026-05-19 06:25:46,186 DEBUG [30/556] VM a112b97a… (ahv_ins_delete-0-260514-180924) via 10.114.51.191 op=create
2026-05-19 06:25:46,186 DEBUG   remote: bash -lc 'set -e; _bs(){ printf '"'"'BULK_SNAP_T %s %s\n'"'"' "$1" "$(date +%s.%N 2>/dev/null || date +%s)"; }; _bs guest_start; _bs pipeline_start; openssl enc -aes-256-ctr -pass pass:"testing" -nosalt < /dev/zero 2>/dev/null | dd of=/root/dummy_snapshot_data_1.img bs=1M count=1024 iflag=fullblock status=progress; ec=$?; _bs pipeline_done; _bs guest_end; exit $ec'
2026-05-19 06:26:00,936 DEBUG   BULK_SNAP_T guest_start 1779139530.395037211
2026-05-19 06:26:00,936 DEBUG   BULK_SNAP_T pipeline_start 1779139530.401551028
2026-05-19 06:26:00,936 DEBUG   BULK_SNAP_T pipeline_done 1779139558.074690565
2026-05-19 06:26:00,936 DEBUG   BULK_SNAP_T guest_end 1779139558.088698693
2026-05-19 06:26:00,936 DEBUG   
2026-05-19 06:26:00,936 DEBUG   16777216 bytes (17 MB) copied, 1.002816 s, 16.7 MB/s
2026-05-19 06:26:00,936 DEBUG   37748736 bytes (38 MB) copied, 2.215857 s, 17.0 MB/s
2026-05-19 06:26:00,936 DEBUG   69206016 bytes (69 MB) copied, 3.239850 s, 21.4 MB/s
2026-05-19 06:26:00,936 DEBUG   99614720 bytes (100 MB) copied, 4.338846 s, 23.0 MB/s
2026-05-19 06:26:00,936 DEBUG   142606336 bytes (143 MB) copied, 5.339097 s, 26.7 MB/s
2026-05-19 06:26:00,936 DEBUG   180355072 bytes (180 MB) copied, 6.384832 s, 28.2 MB/s
2026-05-19 06:26:00,937 DEBUG   219152384 bytes (219 MB) copied, 7.401222 s, 29.6 MB/s
2026-05-19 06:26:00,937 DEBUG   251658240 bytes (252 MB) copied, 8.436754 s, 29.8 MB/s
2026-05-19 06:26:00,937 DEBUG   296747008 bytes (297 MB) copied, 9.451808 s, 31.4 MB/s
2026-05-19 06:26:00,937 DEBUG   340787200 bytes (341 MB) copied, 10.461978 s, 32.6 MB/s
2026-05-19 06:26:00,937 DEBUG   389021696 bytes (389 MB) copied, 11.466759 s, 33.9 MB/s
2026-05-19 06:26:00,937 DEBUG   442499072 bytes (442 MB) copied, 12.496813 s, 35.4 MB/s
2026-05-19 06:26:00,937 DEBUG   491782144 bytes (492 MB) copied, 13.522813 s, 36.4 MB/s
2026-05-19 06:26:00,937 DEBUG   538968064 bytes (539 MB) copied, 14.559123 s, 37.0 MB/s
2026-05-19 06:26:00,937 DEBUG   589299712 bytes (589 MB) copied, 15.561558 s, 37.9 MB/s
2026-05-19 06:26:00,937 DEBUG   629145600 bytes (629 MB) copied, 16.603844 s, 37.9 MB/s
2026-05-19 06:26:00,937 DEBUG   671088640 bytes (671 MB) copied, 17.640771 s, 38.0 MB/s
2026-05-19 06:26:00,937 DEBUG   711983104 bytes (712 MB) copied, 18.640997 s, 38.2 MB/s
2026-05-19 06:26:00,937 DEBUG   756023296 bytes (756 MB) copied, 19.685773 s, 38.4 MB/s
2026-05-19 06:26:00,937 DEBUG   793772032 bytes (794 MB) copied, 20.686797 s, 38.4 MB/s
2026-05-19 06:26:00,937 DEBUG   837812224 bytes (838 MB) copied, 21.690726 s, 38.6 MB/s
2026-05-19 06:26:00,937 DEBUG   879755264 bytes (880 MB) copied, 22.748778 s, 38.7 MB/s
2026-05-19 06:26:00,937 DEBUG   917504000 bytes (918 MB) copied, 23.753772 s, 38.6 MB/s
2026-05-19 06:26:00,937 DEBUG   957349888 bytes (957 MB) copied, 24.760035 s, 38.7 MB/s
2026-05-19 06:26:00,937 DEBUG   1000341504 bytes (1.0 GB) copied, 25.760770 s, 38.8 MB/s
2026-05-19 06:26:00,937 DEBUG   1045430272 bytes (1.0 GB) copied, 26.789970 s, 39.0 MB/s
2026-05-19 06:26:00,937 DEBUG   1024+0 records in
2026-05-19 06:26:00,937 DEBUG   1024+0 records out
2026-05-19 06:26:00,937 DEBUG   1073741824 bytes (1.1 GB) copied, 27.5358 s, 39.0 MB/s
2026-05-19 06:26:00,937 DEBUG   OK (disk op exit 0)
2026-05-19 06:26:00,937 WARNING Guest disk op wall 29.3s (vm='ahv_ins_delete-0-260514-180351' ip=10.114.51.32 op=create ec=0) — includes SSH + guest disk command; if still high, check guest disk throughput vs. MiB settings.
2026-05-19 06:26:00,938 DEBUG [31/556] VM 457a4000… (ahv_ins_delete-0-260514-181357) via 10.114.50.156 op=create
2026-05-19 06:26:00,938 DEBUG   remote: bash -lc 'set -e; _bs(){ printf '"'"'BULK_SNAP_T %s %s\n'"'"' "$1" "$(date +%s.%N 2>/dev/null || date +%s)"; }; _bs guest_start; _bs pipeline_start; openssl enc -aes-256-ctr -pass pass:"testing" -nosalt < /dev/zero 2>/dev/null | dd of=/root/dummy_snapshot_data_1.img bs=1M count=1024 iflag=fullblock status=progress; ec=$?; _bs pipeline_done; _bs guest_end; exit $ec'
2026-05-19 06:26:04,688 DEBUG   BULK_SNAP_T guest_start 1779139528.691107806
2026-05-19 06:26:04,688 DEBUG   BULK_SNAP_T pipeline_start 1779139528.694924990
2026-05-19 06:26:04,688 DEBUG   BULK_SNAP_T pipeline_done 1779139560.749778151
2026-05-19 06:26:04,688 DEBUG   BULK_SNAP_T guest_end 1779139560.751603541
2026-05-19 06:26:04,688 DEBUG   
2026-05-19 06:26:04,688 DEBUG   32505856 bytes (33 MB) copied, 1.005184 s, 32.3 MB/s
2026-05-19 06:26:04,688 DEBUG   61865984 bytes (62 MB) copied, 2.085271 s, 29.7 MB/s
2026-05-19 06:26:04,688 DEBUG   93323264 bytes (93 MB) copied, 3.113031 s, 30.0 MB/s
2026-05-19 06:26:04,688 DEBUG   121634816 bytes (122 MB) copied, 4.170475 s, 29.2 MB/s
2026-05-19 06:26:04,688 DEBUG   150994944 bytes (151 MB) copied, 5.221021 s, 28.9 MB/s
2026-05-19 06:26:04,688 DEBUG   186646528 bytes (187 MB) copied, 6.237072 s, 29.9 MB/s
2026-05-19 06:26:04,688 DEBUG   221249536 bytes (221 MB) copied, 7.257242 s, 30.5 MB/s
2026-05-19 06:26:04,688 DEBUG   253755392 bytes (254 MB) copied, 8.281126 s, 30.6 MB/s
2026-05-19 06:26:04,688 DEBUG   288358400 bytes (288 MB) copied, 9.302117 s, 31.0 MB/s
2026-05-19 06:26:04,688 DEBUG   321912832 bytes (322 MB) copied, 10.370073 s, 31.0 MB/s
2026-05-19 06:26:04,688 DEBUG   358612992 bytes (359 MB) copied, 11.402087 s, 31.5 MB/s
2026-05-19 06:26:04,688 DEBUG   400556032 bytes (401 MB) copied, 12.410090 s, 32.3 MB/s
2026-05-19 06:26:04,688 DEBUG   441450496 bytes (441 MB) copied, 13.421317 s, 32.9 MB/s
2026-05-19 06:26:04,688 DEBUG   482344960 bytes (482 MB) copied, 14.458040 s, 33.4 MB/s
2026-05-19 06:26:04,688 DEBUG   523239424 bytes (523 MB) copied, 15.494064 s, 33.8 MB/s
2026-05-19 06:26:04,688 DEBUG   560988160 bytes (561 MB) copied, 16.529033 s, 33.9 MB/s
2026-05-19 06:26:04,689 DEBUG   596639744 bytes (597 MB) copied, 17.558019 s, 34.0 MB/s
2026-05-19 06:26:04,689 DEBUG   634388480 bytes (634 MB) copied, 18.564296 s, 34.2 MB/s
2026-05-19 06:26:04,689 DEBUG   671088640 bytes (671 MB) copied, 19.570493 s, 34.3 MB/s
2026-05-19 06:26:04,689 DEBUG   700448768 bytes (700 MB) copied, 20.597229 s, 34.0 MB/s
2026-05-19 06:26:04,689 DEBUG   736100352 bytes (736 MB) copied, 21.607034 s, 34.1 MB/s
2026-05-19 06:26:04,689 DEBUG   767557632 bytes (768 MB) copied, 22.615043 s, 33.9 MB/s
2026-05-19 06:26:04,689 DEBUG   801112064 bytes (801 MB) copied, 23.652989 s, 33.9 MB/s
2026-05-19 06:26:04,689 DEBUG   833617920 bytes (834 MB) copied, 24.660037 s, 33.8 MB/s
2026-05-19 06:26:04,689 DEBUG   867172352 bytes (867 MB) copied, 25.662027 s, 33.8 MB/s
2026-05-19 06:26:04,689 DEBUG   898629632 bytes (899 MB) copied, 26.712028 s, 33.6 MB/s
2026-05-19 06:26:04,689 DEBUG   931135488 bytes (931 MB) copied, 27.736335 s, 33.6 MB/s
2026-05-19 06:26:04,689 DEBUG   965738496 bytes (966 MB) copied, 28.742060 s, 33.6 MB/s
2026-05-19 06:26:04,689 DEBUG   1003487232 bytes (1.0 GB) copied, 29.764372 s, 33.7 MB/s
2026-05-19 06:26:04,689 DEBUG   1037041664 bytes (1.0 GB) copied, 30.824268 s, 33.6 MB/s
2026-05-19 06:26:04,689 DEBUG   1069547520 bytes (1.1 GB) copied, 31.828133 s, 33.6 MB/s
2026-05-19 06:26:04,689 DEBUG   1024+0 records in
2026-05-19 06:26:04,689 DEBUG   1024+0 records out
2026-05-19 06:26:04,689 DEBUG   1073741824 bytes (1.1 GB) copied, 31.9431 s, 33.6 MB/s
2026-05-19 06:26:04,689 DEBUG   OK (disk op exit 0)
2026-05-19 06:26:04,689 WARNING Guest disk op wall 33.5s (vm='ahv_ins_delete-0-260514-180340' ip=10.114.52.229 op=create ec=0) — includes SSH + guest disk command; if still high, check guest disk throughput vs. MiB settings.
2026-05-19 06:26:04,690 DEBUG [32/556] VM 38455407… (ahv_ins_delete-0-260514-181408) via 10.114.51.43 op=create
2026-05-19 06:26:04,690 DEBUG   remote: bash -lc 'set -e; _bs(){ printf '"'"'BULK_SNAP_T %s %s\n'"'"' "$1" "$(date +%s.%N 2>/dev/null || date +%s)"; }; _bs guest_start; _bs pipeline_start; openssl enc -aes-256-ctr -pass pass:"testing" -nosalt < /dev/zero 2>/dev/null | dd of=/root/dummy_snapshot_data_1.img bs=1M count=1024 iflag=fullblock status=progress; ec=$?; _bs pipeline_done; _bs guest_end; exit $ec'
2026-05-19 06:26:04,941 DEBUG   BULK_SNAP_T guest_start 1779139530.924688571
2026-05-19 06:26:04,941 DEBUG   BULK_SNAP_T pipeline_start 1779139530.928765614
2026-05-19 06:26:04,941 DEBUG   BULK_SNAP_T pipeline_done 1779139561.815628173
2026-05-19 06:26:04,941 DEBUG   BULK_SNAP_T guest_end 1779139561.832569961
2026-05-19 06:26:04,941 DEBUG   
2026-05-19 06:26:04,941 DEBUG   16777216 bytes (17 MB) copied, 1.114747 s, 15.1 MB/s
2026-05-19 06:26:04,941 DEBUG   34603008 bytes (35 MB) copied, 2.268806 s, 15.3 MB/s
2026-05-19 06:26:04,941 DEBUG   53477376 bytes (53 MB) copied, 3.289820 s, 16.3 MB/s
2026-05-19 06:26:04,941 DEBUG   76546048 bytes (77 MB) copied, 4.319374 s, 17.7 MB/s
2026-05-19 06:26:04,941 DEBUG   104857600 bytes (105 MB) copied, 5.340380 s, 19.6 MB/s
2026-05-19 06:26:04,941 DEBUG   140509184 bytes (141 MB) copied, 6.370328 s, 22.1 MB/s
2026-05-19 06:26:04,941 DEBUG   183500800 bytes (184 MB) copied, 7.399377 s, 24.8 MB/s
2026-05-19 06:26:04,941 DEBUG   220200960 bytes (220 MB) copied, 8.439280 s, 26.1 MB/s
2026-05-19 06:26:04,941 DEBUG   256901120 bytes (257 MB) copied, 9.468374 s, 27.1 MB/s
2026-05-19 06:26:04,941 DEBUG   298844160 bytes (299 MB) copied, 10.497478 s, 28.5 MB/s
2026-05-19 06:26:04,941 DEBUG   341835776 bytes (342 MB) copied, 11.502291 s, 29.7 MB/s
2026-05-19 06:26:04,941 DEBUG   382730240 bytes (383 MB) copied, 12.520468 s, 30.6 MB/s
2026-05-19 06:26:04,941 DEBUG   429916160 bytes (430 MB) copied, 13.549326 s, 31.7 MB/s
2026-05-19 06:26:04,941 DEBUG   472907776 bytes (473 MB) copied, 14.606559 s, 32.4 MB/s
2026-05-19 06:26:04,941 DEBUG   520093696 bytes (520 MB) copied, 15.616847 s, 33.3 MB/s
2026-05-19 06:26:04,941 DEBUG   558891008 bytes (559 MB) copied, 16.676319 s, 33.5 MB/s
2026-05-19 06:26:04,942 DEBUG   599785472 bytes (600 MB) copied, 17.687285 s, 33.9 MB/s
2026-05-19 06:26:04,942 DEBUG   639631360 bytes (640 MB) copied, 18.729348 s, 34.2 MB/s
2026-05-19 06:26:04,942 DEBUG   678428672 bytes (678 MB) copied, 19.740293 s, 34.4 MB/s
2026-05-19 06:26:04,942 DEBUG   719323136 bytes (719 MB) copied, 20.783339 s, 34.6 MB/s
2026-05-19 06:26:04,942 DEBUG   758120448 bytes (758 MB) copied, 21.796695 s, 34.8 MB/s
2026-05-19 06:26:04,942 DEBUG   796917760 bytes (797 MB) copied, 22.807347 s, 34.9 MB/s
2026-05-19 06:26:04,942 DEBUG   832569344 bytes (833 MB) copied, 23.854294 s, 34.9 MB/s
2026-05-19 06:26:04,942 DEBUG   875560960 bytes (876 MB) copied, 24.861352 s, 35.2 MB/s
2026-05-19 06:26:04,942 DEBUG   910163968 bytes (910 MB) copied, 25.882271 s, 35.2 MB/s
2026-05-19 06:26:04,942 DEBUG   948961280 bytes (949 MB) copied, 26.914343 s, 35.3 MB/s
2026-05-19 06:26:04,942 DEBUG   985661440 bytes (986 MB) copied, 27.917306 s, 35.3 MB/s
2026-05-19 06:26:04,942 DEBUG   1020264448 bytes (1.0 GB) copied, 28.937307 s, 35.3 MB/s
2026-05-19 06:26:04,942 DEBUG   1060110336 bytes (1.1 GB) copied, 29.948551 s, 35.4 MB/s
2026-05-19 06:26:04,942 DEBUG   1024+0 records in
2026-05-19 06:26:04,942 DEBUG   1024+0 records out
2026-05-19 06:26:04,942 DEBUG   1073741824 bytes (1.1 GB) copied, 30.3643 s, 35.4 MB/s
2026-05-19 06:26:04,942 DEBUG   OK (disk op exit 0)
2026-05-19 06:26:04,942 WARNING Guest disk op wall 32.5s (vm='ahv_ins_delete-0-260514-180402' ip=10.114.49.225 op=create ec=0) — includes SSH + guest disk command; if still high, check guest disk throughput vs. MiB settings.
2026-05-19 06:26:04,943 DEBUG [33/556] VM 89ad85b7… (ahv_ins_delete-0-260514-181428) via 10.114.50.208 op=create
2026-05-19 06:26:04,943 DEBUG   remote: bash -lc 'set -e; _bs(){ printf '"'"'BULK_SNAP_T %s %s\n'"'"' "$1" "$(date +%s.%N 2>/dev/null || date +%s)"; }; _bs guest_start; _bs pipeline_start; openssl enc -aes-256-ctr -pass pass:"testing" -nosalt < /dev/zero 2>/dev/null | dd of=/root/dummy_snapshot_data_1.img bs=1M count=1024 iflag=fullblock status=progress; ec=$?; _bs pipeline_done; _bs guest_end; exit $ec'
2026-05-19 06:26:12,700 DEBUG   BULK_SNAP_T guest_start 1779139541.164287857
2026-05-19 06:26:12,700 DEBUG   BULK_SNAP_T pipeline_start 1779139541.168373908
2026-05-19 06:26:12,700 DEBUG   BULK_SNAP_T pipeline_done 1779139569.402330734
2026-05-19 06:26:12,700 DEBUG   BULK_SNAP_T guest_end 1779139569.404059552
2026-05-19 06:26:12,700 DEBUG   
2026-05-19 06:26:12,700 DEBUG   35651584 bytes (36 MB) copied, 1.041122 s, 34.2 MB/s
2026-05-19 06:26:12,700 DEBUG   76546048 bytes (77 MB) copied, 2.041247 s, 37.5 MB/s
2026-05-19 06:26:12,700 DEBUG   119537664 bytes (120 MB) copied, 3.046056 s, 39.2 MB/s
2026-05-19 06:26:12,700 DEBUG   167772160 bytes (168 MB) copied, 4.056695 s, 41.4 MB/s
2026-05-19 06:26:12,700 DEBUG   211812352 bytes (212 MB) copied, 5.095149 s, 41.6 MB/s
2026-05-19 06:26:12,700 DEBUG   254803968 bytes (255 MB) copied, 6.128322 s, 41.6 MB/s
2026-05-19 06:26:12,700 DEBUG   291504128 bytes (292 MB) copied, 7.152158 s, 40.8 MB/s
2026-05-19 06:26:12,700 DEBUG   328204288 bytes (328 MB) copied, 8.181170 s, 40.1 MB/s
2026-05-19 06:26:12,700 DEBUG   368050176 bytes (368 MB) copied, 9.192270 s, 40.0 MB/s
2026-05-19 06:26:12,700 DEBUG   404750336 bytes (405 MB) copied, 10.206280 s, 39.7 MB/s
2026-05-19 06:26:12,700 DEBUG   443547648 bytes (444 MB) copied, 11.219407 s, 39.5 MB/s
2026-05-19 06:26:12,701 DEBUG   BULK_SNAP_T guest_start 1779139542.290068300
2026-05-19 06:26:12,701 DEBUG   483393536 bytes (483 MB) copied, 12.222407 s, 39.5 MB/s
2026-05-19 06:26:12,701 DEBUG   BULK_SNAP_T pipeline_start 1779139542.293772709
2026-05-19 06:26:12,701 DEBUG   521142272 bytes (521 MB) copied, 13.226083 s, 39.4 MB/s
2026-05-19 06:26:12,701 DEBUG   BULK_SNAP_T pipeline_done 1779139569.380586003
2026-05-19 06:26:12,701 DEBUG   558891008 bytes (559 MB) copied, 14.231632 s, 39.3 MB/s
2026-05-19 06:26:12,701 DEBUG   BULK_SNAP_T guest_end 1779139569.390590166
2026-05-19 06:26:12,701 DEBUG   594542592 bytes (595 MB) copied, 15.231766 s, 39.0 MB/s
2026-05-19 06:26:12,701 DEBUG   
2026-05-19 06:26:12,702 DEBUG   633339904 bytes (633 MB) copied, 16.255137 s, 39.0 MB/s
2026-05-19 06:26:12,702 DEBUG   40894464 bytes (41 MB) copied, 1.010478 s, 40.5 MB/s
2026-05-19 06:26:12,702 DEBUG   670040064 bytes (670 MB) copied, 17.267555 s, 38.8 MB/s
2026-05-19 06:26:12,702 DEBUG   87031808 bytes (87 MB) copied, 2.020545 s, 43.1 MB/s
2026-05-19 06:26:12,702 DEBUG   704643072 bytes (705 MB) copied, 18.303369 s, 38.5 MB/s
2026-05-19 06:26:12,702 DEBUG   133169152 bytes (133 MB) copied, 3.040604 s, 43.8 MB/s
2026-05-19 06:26:12,702 DEBUG   743440384 bytes (743 MB) copied, 19.305591 s, 38.5 MB/s
2026-05-19 06:26:12,702 DEBUG   175112192 bytes (175 MB) copied, 4.094256 s, 42.8 MB/s
2026-05-19 06:26:12,702 DEBUG   780140544 bytes (780 MB) copied, 20.313776 s, 38.4 MB/s
2026-05-19 06:26:12,702 DEBUG   218103808 bytes (218 MB) copied, 5.100823 s, 42.8 MB/s
2026-05-19 06:26:12,702 DEBUG   815792128 bytes (816 MB) copied, 21.358300 s, 38.2 MB/s
2026-05-19 06:26:12,702 DEBUG   254803968 bytes (255 MB) copied, 6.105201 s, 41.7 MB/s
2026-05-19 06:26:12,702 DEBUG   857735168 bytes (858 MB) copied, 22.370144 s, 38.3 MB/s
2026-05-19 06:26:12,702 DEBUG   294649856 bytes (295 MB) copied, 7.110388 s, 41.4 MB/s
2026-05-19 06:26:12,703 DEBUG   894435328 bytes (894 MB) copied, 23.424199 s, 38.2 MB/s
2026-05-19 06:26:12,703 DEBUG   338690048 bytes (339 MB) copied, 8.137424 s, 41.6 MB/s
2026-05-19 06:26:12,703 DEBUG   935329792 bytes (935 MB) copied, 24.430122 s, 38.3 MB/s
2026-05-19 06:26:12,703 DEBUG   377487360 bytes (377 MB) copied, 9.143128 s, 41.3 MB/s
2026-05-19 06:26:12,703 DEBUG   972029952 bytes (972 MB) copied, 25.434609 s, 38.2 MB/s
2026-05-19 06:26:12,703 DEBUG   417333248 bytes (417 MB) copied, 10.145117 s, 41.1 MB/s
2026-05-19 06:26:12,703 DEBUG   1008730112 bytes (1.0 GB) copied, 26.437156 s, 38.2 MB/s
2026-05-19 06:26:12,703 DEBUG   452984832 bytes (453 MB) copied, 11.187277 s, 40.5 MB/s
2026-05-19 06:26:12,703 DEBUG   1046478848 bytes (1.0 GB) copied, 27.461174 s, 38.1 MB/s
2026-05-19 06:26:12,703 DEBUG   495976448 bytes (496 MB) copied, 12.219400 s, 40.6 MB/s
2026-05-19 06:26:12,703 DEBUG   1024+0 records in
2026-05-19 06:26:12,703 DEBUG   529530880 bytes (530 MB) copied, 13.280162 s, 39.9 MB/s
2026-05-19 06:26:12,703 DEBUG   1024+0 records out
2026-05-19 06:26:12,704 DEBUG   566231040 bytes (566 MB) copied, 14.284245 s, 39.6 MB/s
2026-05-19 06:26:12,704 DEBUG   1073741824 bytes (1.1 GB) copied, 28.1383 s, 38.2 MB/s
2026-05-19 06:26:12,704 DEBUG   612368384 bytes (612 MB) copied, 15.297730 s, 40.0 MB/s
2026-05-19 06:26:12,704 DEBUG   OK (disk op exit 0)
2026-05-19 06:26:12,704 DEBUG   652214272 bytes (652 MB) copied, 16.304895 s, 40.0 MB/s
2026-05-19 06:26:12,704 WARNING Guest disk op wall 29.8s (vm='ahv_ins_delete-0-260514-180417' ip=10.114.48.38 op=create ec=0) — includes SSH + guest disk command; if still high, check guest disk throughput vs. MiB settings.
2026-05-19 06:26:12,704 DEBUG   693108736 bytes (693 MB) copied, 17.337205 s, 40.0 MB/s
2026-05-19 06:26:12,704 DEBUG [34/556] VM 097c9822… (ahv_ins_delete-0-260514-181435) via 10.114.54.93 op=create
2026-05-19 06:26:12,705 DEBUG   734003200 bytes (734 MB) copied, 18.362158 s, 40.0 MB/s
2026-05-19 06:26:12,705 DEBUG   remote: bash -lc 'set -e; _bs(){ printf '"'"'BULK_SNAP_T %s %s\n'"'"' "$1" "$(date +%s.%N 2>/dev/null || date +%s)"; }; _bs guest_start; _bs pipeline_start; openssl enc -aes-256-ctr -pass pass:"testing" -nosalt < /dev/zero 2>/dev/null | dd of=/root/dummy_snapshot_data_1.img bs=1M count=1024 iflag=fullblock status=progress; ec=$?; _bs pipeline_done; _bs guest_end; exit $ec'
2026-05-19 06:26:12,705 DEBUG   773849088 bytes (774 MB) copied, 19.391197 s, 39.9 MB/s
2026-05-19 06:26:12,705 DEBUG   811597824 bytes (812 MB) copied, 20.394174 s, 39.8 MB/s
2026-05-19 06:26:12,705 DEBUG   854589440 bytes (855 MB) copied, 21.443280 s, 39.9 MB/s
2026-05-19 06:26:12,705 DEBUG   897581056 bytes (898 MB) copied, 22.473202 s, 39.9 MB/s
2026-05-19 06:26:12,706 DEBUG   941621248 bytes (942 MB) copied, 23.476134 s, 40.1 MB/s
2026-05-19 06:26:12,707 DEBUG   981467136 bytes (981 MB) copied, 24.504208 s, 40.1 MB/s
2026-05-19 06:26:12,707 DEBUG   1021313024 bytes (1.0 GB) copied, 25.537275 s, 40.0 MB/s
2026-05-19 06:26:12,707 DEBUG   1058013184 bytes (1.1 GB) copied, 26.544619 s, 39.9 MB/s
2026-05-19 06:26:12,708 DEBUG   1024+0 records in
2026-05-19 06:26:12,708 DEBUG   1024+0 records out
2026-05-19 06:26:12,708 DEBUG   1073741824 bytes (1.1 GB) copied, 27.0053 s, 39.8 MB/s
2026-05-19 06:26:12,708 DEBUG   OK (disk op exit 0)
2026-05-19 06:26:12,708 WARNING Guest disk op wall 28.5s (vm='ahv_ins_delete-0-260514-180859' ip=10.114.51.148 op=create ec=0) — includes SSH + guest disk command; if still high, check guest disk throughput vs. MiB settings.
2026-05-19 06:26:12,708 DEBUG [35/556] VM 6e1d4669… (ahv_ins_delete-0-260514-181435) via 10.114.51.97 op=create
2026-05-19 06:26:12,709 DEBUG   remote: bash -lc 'set -e; _bs(){ printf '"'"'BULK_SNAP_T %s %s\n'"'"' "$1" "$(date +%s.%N 2>/dev/null || date +%s)"; }; _bs guest_start; _bs pipeline_start; openssl enc -aes-256-ctr -pass pass:"testing" -nosalt < /dev/zero 2>/dev/null | dd of=/root/dummy_snapshot_data_1.img bs=1M count=1024 iflag=fullblock status=progress; ec=$?; _bs pipeline_done; _bs guest_end; exit $ec'
2026-05-19 06:26:12,950 DEBUG   BULK_SNAP_T guest_start 1779139542.340183130
2026-05-19 06:26:12,950 DEBUG   BULK_SNAP_T pipeline_start 1779139542.345364224
2026-05-19 06:26:12,950 DEBUG   BULK_SNAP_T pipeline_done 1779139570.029787231
2026-05-19 06:26:12,950 DEBUG   BULK_SNAP_T guest_end 1779139570.033912757
2026-05-19 06:26:12,950 DEBUG   
2026-05-19 06:26:12,950 DEBUG   36700160 bytes (37 MB) copied, 1.001494 s, 36.6 MB/s
2026-05-19 06:26:12,950 DEBUG   89128960 bytes (89 MB) copied, 2.022078 s, 44.1 MB/s
2026-05-19 06:26:12,950 DEBUG   134217728 bytes (134 MB) copied, 3.034574 s, 44.2 MB/s
2026-05-19 06:26:12,951 DEBUG   177209344 bytes (177 MB) copied, 4.041809 s, 43.8 MB/s
2026-05-19 06:26:12,951 DEBUG   217055232 bytes (217 MB) copied, 5.045961 s, 43.0 MB/s
2026-05-19 06:26:12,951 DEBUG   255852544 bytes (256 MB) copied, 6.059619 s, 42.2 MB/s
2026-05-19 06:26:12,951 DEBUG   290455552 bytes (290 MB) copied, 7.061878 s, 41.1 MB/s
2026-05-19 06:26:12,951 DEBUG   328204288 bytes (328 MB) copied, 8.083713 s, 40.6 MB/s
2026-05-19 06:26:12,951 DEBUG   364904448 bytes (365 MB) copied, 9.101543 s, 40.1 MB/s
2026-05-19 06:26:12,951 DEBUG   404750336 bytes (405 MB) copied, 10.121524 s, 40.0 MB/s
2026-05-19 06:26:12,951 DEBUG   441450496 bytes (441 MB) copied, 11.156443 s, 39.6 MB/s
2026-05-19 06:26:12,951 DEBUG   479199232 bytes (479 MB) copied, 12.160502 s, 39.4 MB/s
2026-05-19 06:26:12,951 DEBUG   517996544 bytes (518 MB) copied, 13.202474 s, 39.2 MB/s
2026-05-19 06:26:12,951 DEBUG   554696704 bytes (555 MB) copied, 14.207516 s, 39.0 MB/s
2026-05-19 06:26:12,951 DEBUG   591396864 bytes (591 MB) copied, 15.219809 s, 38.9 MB/s
2026-05-19 06:26:12,951 DEBUG   624951296 bytes (625 MB) copied, 16.220580 s, 38.5 MB/s
2026-05-19 06:26:12,951 DEBUG   668991488 bytes (669 MB) copied, 17.264624 s, 38.7 MB/s
2026-05-19 06:26:12,951 DEBUG   708837376 bytes (709 MB) copied, 18.273556 s, 38.8 MB/s
2026-05-19 06:26:12,951 DEBUG   748683264 bytes (749 MB) copied, 19.288534 s, 38.8 MB/s
2026-05-19 06:26:12,951 DEBUG   789577728 bytes (790 MB) copied, 20.325544 s, 38.8 MB/s
2026-05-19 06:26:12,951 DEBUG   830472192 bytes (830 MB) copied, 21.345563 s, 38.9 MB/s
2026-05-19 06:26:12,951 DEBUG   868220928 bytes (868 MB) copied, 22.374769 s, 38.8 MB/s
2026-05-19 06:26:12,951 DEBUG   915406848 bytes (915 MB) copied, 23.392523 s, 39.1 MB/s
2026-05-19 06:26:12,951 DEBUG   951058432 bytes (951 MB) copied, 24.407518 s, 39.0 MB/s
2026-05-19 06:26:12,951 DEBUG   991952896 bytes (992 MB) copied, 25.442552 s, 39.0 MB/s
2026-05-19 06:26:12,951 DEBUG   1031798784 bytes (1.0 GB) copied, 26.445599 s, 39.0 MB/s
2026-05-19 06:26:12,951 DEBUG   1067450368 bytes (1.1 GB) copied, 27.452564 s, 38.9 MB/s
2026-05-19 06:26:12,951 DEBUG   1024+0 records in
2026-05-19 06:26:12,951 DEBUG   1024+0 records out
2026-05-19 06:26:12,951 DEBUG   1073741824 bytes (1.1 GB) copied, 27.5727 s, 38.9 MB/s
2026-05-19 06:26:12,951 DEBUG   OK (disk op exit 0)
2026-05-19 06:26:12,952 WARNING Guest disk op wall 29.3s (vm='ahv_ins_delete-0-260514-180434' ip=10.114.53.241 op=create ec=0) — includes SSH + guest disk command; if still high, check guest disk throughput vs. MiB settings.
2026-05-19 06:26:12,952 DEBUG [36/556] VM edf648da… (ahv_ins_delete-0-260514-181914) via 10.114.53.51 op=create
2026-05-19 06:26:12,952 DEBUG   remote: bash -lc 'set -e; _bs(){ printf '"'"'BULK_SNAP_T %s %s\n'"'"' "$1" "$(date +%s.%N 2>/dev/null || date +%s)"; }; _bs guest_start; _bs pipeline_start; openssl enc -aes-256-ctr -pass pass:"testing" -nosalt < /dev/zero 2>/dev/null | dd of=/root/dummy_snapshot_data_1.img bs=1M count=1024 iflag=fullblock status=progress; ec=$?; _bs pipeline_done; _bs guest_end; exit $ec'
2026-05-19 06:26:15,451 DEBUG   BULK_SNAP_T guest_start 1779139544.287625220
2026-05-19 06:26:15,451 DEBUG   BULK_SNAP_T pipeline_start 1779139544.303462326
2026-05-19 06:26:15,451 DEBUG   BULK_SNAP_T pipeline_done 1779139572.316172088
2026-05-19 06:26:15,452 DEBUG   BULK_SNAP_T guest_end 1779139572.318465385
2026-05-19 06:26:15,452 DEBUG   
2026-05-19 06:26:15,452 DEBUG   16777216 bytes (17 MB) copied, 1.069708 s, 15.7 MB/s
2026-05-19 06:26:15,452 DEBUG   35651584 bytes (36 MB) copied, 2.104674 s, 16.9 MB/s
2026-05-19 06:26:15,452 DEBUG   57671680 bytes (58 MB) copied, 3.159139 s, 18.3 MB/s
2026-05-19 06:26:15,452 DEBUG   65011712 bytes (65 MB) copied, 4.172860 s, 15.6 MB/s
2026-05-19 06:26:15,452 DEBUG   102760448 bytes (103 MB) copied, 5.253986 s, 19.6 MB/s
2026-05-19 06:26:15,452 DEBUG   140509184 bytes (141 MB) copied, 6.276691 s, 22.4 MB/s
2026-05-19 06:26:15,452 DEBUG   182452224 bytes (182 MB) copied, 7.346585 s, 24.8 MB/s
2026-05-19 06:26:15,452 DEBUG   219152384 bytes (219 MB) copied, 8.352003 s, 26.2 MB/s
2026-05-19 06:26:15,452 DEBUG   261095424 bytes (261 MB) copied, 9.370563 s, 27.9 MB/s
2026-05-19 06:26:15,452 DEBUG   298844160 bytes (299 MB) copied, 10.407881 s, 28.7 MB/s
2026-05-19 06:26:15,452 DEBUG   340787200 bytes (341 MB) copied, 11.409650 s, 29.9 MB/s
2026-05-19 06:26:15,452 DEBUG   377487360 bytes (377 MB) copied, 12.414903 s, 30.4 MB/s
2026-05-19 06:26:15,452 DEBUG   427819008 bytes (428 MB) copied, 13.432806 s, 31.8 MB/s
2026-05-19 06:26:15,452 DEBUG   467664896 bytes (468 MB) copied, 14.451589 s, 32.4 MB/s
2026-05-19 06:26:15,452 DEBUG   511705088 bytes (512 MB) copied, 15.466986 s, 33.1 MB/s
2026-05-19 06:26:15,452 DEBUG   558891008 bytes (559 MB) copied, 16.470834 s, 33.9 MB/s
2026-05-19 06:26:15,452 DEBUG   605028352 bytes (605 MB) copied, 17.480515 s, 34.6 MB/s
2026-05-19 06:26:15,452 DEBUG   656408576 bytes (656 MB) copied, 18.495659 s, 35.5 MB/s
2026-05-19 06:26:15,452 DEBUG   702545920 bytes (703 MB) copied, 19.504138 s, 36.0 MB/s
2026-05-19 06:26:15,452 DEBUG   745537536 bytes (746 MB) copied, 20.508633 s, 36.4 MB/s
2026-05-19 06:26:15,452 DEBUG   789577728 bytes (790 MB) copied, 21.518932 s, 36.7 MB/s
2026-05-19 06:26:15,452 DEBUG   834666496 bytes (835 MB) copied, 22.552564 s, 37.0 MB/s
2026-05-19 06:26:15,452 DEBUG   877658112 bytes (878 MB) copied, 23.563640 s, 37.2 MB/s
2026-05-19 06:26:15,452 DEBUG   915406848 bytes (915 MB) copied, 24.591652 s, 37.2 MB/s
2026-05-19 06:26:15,452 DEBUG   957349888 bytes (957 MB) copied, 25.592172 s, 37.4 MB/s
2026-05-19 06:26:15,452 DEBUG   1011875840 bytes (1.0 GB) copied, 26.608596 s, 38.0 MB/s
2026-05-19 06:26:15,452 DEBUG   1062207488 bytes (1.1 GB) copied, 27.618166 s, 38.5 MB/s
2026-05-19 06:26:15,452 DEBUG   1024+0 records in
2026-05-19 06:26:15,453 DEBUG   1024+0 records out
2026-05-19 06:26:15,453 DEBUG   1073741824 bytes (1.1 GB) copied, 27.9272 s, 38.4 MB/s
2026-05-19 06:26:15,453 DEBUG   OK (disk op exit 0)
2026-05-19 06:26:15,453 WARNING Guest disk op wall 29.5s (vm='ahv_ins_delete-0-260514-180913' ip=10.114.50.202 op=create ec=0) — includes SSH + guest disk command; if still high, check guest disk throughput vs. MiB settings.
2026-05-19 06:26:15,453 DEBUG [37/556] VM 8b374740… (ahv_ins_delete-0-260514-181933) via 10.114.51.10 op=create
2026-05-19 06:26:15,453 DEBUG   remote: bash -lc 'set -e; _bs(){ printf '"'"'BULK_SNAP_T %s %s\n'"'"' "$1" "$(date +%s.%N 2>/dev/null || date +%s)"; }; _bs guest_start; _bs pipeline_start; openssl enc -aes-256-ctr -pass pass:"testing" -nosalt < /dev/zero 2>/dev/null | dd of=/root/dummy_snapshot_data_1.img bs=1M count=1024 iflag=fullblock status=progress; ec=$?; _bs pipeline_done; _bs guest_end; exit $ec'
2026-05-19 06:26:15,701 DEBUG   BULK_SNAP_T guest_start 1779139542.572287734
2026-05-19 06:26:15,702 DEBUG   BULK_SNAP_T pipeline_start 1779139542.578959996
2026-05-19 06:26:15,702 DEBUG   BULK_SNAP_T pipeline_done 1779139572.327033394
2026-05-19 06:26:15,702 DEBUG   BULK_SNAP_T guest_end 1779139572.331673663
2026-05-19 06:26:15,702 DEBUG   
2026-05-19 06:26:15,702 DEBUG   42991616 bytes (43 MB) copied, 1.020054 s, 42.1 MB/s
2026-05-19 06:26:15,702 DEBUG   79691776 bytes (80 MB) copied, 2.035987 s, 39.1 MB/s
2026-05-19 06:26:15,702 DEBUG   119537664 bytes (120 MB) copied, 3.092978 s, 38.6 MB/s
2026-05-19 06:26:15,702 DEBUG   155189248 bytes (155 MB) copied, 4.164379 s, 37.3 MB/s
2026-05-19 06:26:15,702 DEBUG   192937984 bytes (193 MB) copied, 5.166114 s, 37.3 MB/s
2026-05-19 06:26:15,702 DEBUG   229638144 bytes (230 MB) copied, 6.200073 s, 37.0 MB/s
2026-05-19 06:26:15,702 DEBUG   265289728 bytes (265 MB) copied, 7.258019 s, 36.6 MB/s
2026-05-19 06:26:15,702 DEBUG   303038464 bytes (303 MB) copied, 8.307022 s, 36.5 MB/s
2026-05-19 06:26:15,702 DEBUG   333447168 bytes (333 MB) copied, 9.335060 s, 35.7 MB/s
2026-05-19 06:26:15,702 DEBUG   372244480 bytes (372 MB) copied, 10.359998 s, 35.9 MB/s
2026-05-19 06:26:15,702 DEBUG   407896064 bytes (408 MB) copied, 11.366041 s, 35.9 MB/s
2026-05-19 06:26:15,702 DEBUG   444596224 bytes (445 MB) copied, 12.382361 s, 35.9 MB/s
2026-05-19 06:26:15,702 DEBUG   477102080 bytes (477 MB) copied, 13.402506 s, 35.6 MB/s
2026-05-19 06:26:15,702 DEBUG   516947968 bytes (517 MB) copied, 14.405993 s, 35.9 MB/s
2026-05-19 06:26:15,702 DEBUG   549453824 bytes (549 MB) copied, 15.435036 s, 35.6 MB/s
2026-05-19 06:26:15,702 DEBUG   588251136 bytes (588 MB) copied, 16.439284 s, 35.8 MB/s
2026-05-19 06:26:15,702 DEBUG   623902720 bytes (624 MB) copied, 17.443993 s, 35.8 MB/s
2026-05-19 06:26:15,702 DEBUG   657457152 bytes (657 MB) copied, 18.446193 s, 35.6 MB/s
2026-05-19 06:26:15,702 DEBUG   695205888 bytes (695 MB) copied, 19.462613 s, 35.7 MB/s
2026-05-19 06:26:15,702 DEBUG   727711744 bytes (728 MB) copied, 20.465230 s, 35.6 MB/s
2026-05-19 06:26:15,702 DEBUG   764411904 bytes (764 MB) copied, 21.497095 s, 35.6 MB/s
2026-05-19 06:26:15,702 DEBUG   803209216 bytes (803 MB) copied, 22.516073 s, 35.7 MB/s
2026-05-19 06:26:15,702 DEBUG   837812224 bytes (838 MB) copied, 23.528255 s, 35.6 MB/s
2026-05-19 06:26:15,702 DEBUG   873463808 bytes (873 MB) copied, 24.554100 s, 35.6 MB/s
2026-05-19 06:26:15,702 DEBUG   905969664 bytes (906 MB) copied, 25.566404 s, 35.4 MB/s
2026-05-19 06:26:15,702 DEBUG   941621248 bytes (942 MB) copied, 26.574432 s, 35.4 MB/s
2026-05-19 06:26:15,702 DEBUG   990904320 bytes (991 MB) copied, 27.599077 s, 35.9 MB/s
2026-05-19 06:26:15,702 DEBUG   1037041664 bytes (1.0 GB) copied, 28.627005 s, 36.2 MB/s
2026-05-19 06:26:15,702 DEBUG   1073741824 bytes (1.1 GB) copied, 29.659068 s, 36.2 MB/s
2026-05-19 06:26:15,702 DEBUG   1024+0 records in
2026-05-19 06:26:15,703 DEBUG   1024+0 records out
2026-05-19 06:26:15,703 DEBUG   1073741824 bytes (1.1 GB) copied, 29.6591 s, 36.2 MB/s
2026-05-19 06:26:15,703 DEBUG   OK (disk op exit 0)
2026-05-19 06:26:15,703 WARNING Guest disk op wall 31.0s (vm='ahv_ins_delete-0-260514-180903' ip=10.114.50.29 op=create ec=0) — includes SSH + guest disk command; if still high, check guest disk throughput vs. MiB settings.
2026-05-19 06:26:15,703 DEBUG [38/556] VM 6f54dc63… (ahv_ins_delete-0-260514-181944) via 10.114.53.247 op=create
2026-05-19 06:26:15,703 DEBUG   remote: bash -lc 'set -e; _bs(){ printf '"'"'BULK_SNAP_T %s %s\n'"'"' "$1" "$(date +%s.%N 2>/dev/null || date +%s)"; }; _bs guest_start; _bs pipeline_start; openssl enc -aes-256-ctr -pass pass:"testing" -nosalt < /dev/zero 2>/dev/null | dd of=/root/dummy_snapshot_data_1.img bs=1M count=1024 iflag=fullblock status=progress; ec=$?; _bs pipeline_done; _bs guest_end; exit $ec'
2026-05-19 06:26:16,702 DEBUG   BULK_SNAP_T guest_start 1779139545.067316744
2026-05-19 06:26:16,702 DEBUG   BULK_SNAP_T pipeline_start 1779139545.071777559
2026-05-19 06:26:16,702 DEBUG   BULK_SNAP_T pipeline_done 1779139572.979602143
2026-05-19 06:26:16,702 DEBUG   BULK_SNAP_T guest_end 1779139572.987145054
2026-05-19 06:26:16,702 DEBUG   
2026-05-19 06:26:16,702 DEBUG   17825792 bytes (18 MB) copied, 1.004836 s, 17.7 MB/s
2026-05-19 06:26:16,702 DEBUG   51380224 bytes (51 MB) copied, 2.159658 s, 23.8 MB/s
2026-05-19 06:26:16,702 DEBUG   96468992 bytes (96 MB) copied, 3.200691 s, 30.1 MB/s
2026-05-19 06:26:16,702 DEBUG   137363456 bytes (137 MB) copied, 4.209572 s, 32.6 MB/s
2026-05-19 06:26:16,702 DEBUG   176160768 bytes (176 MB) copied, 5.300170 s, 33.2 MB/s
2026-05-19 06:26:16,702 DEBUG   214958080 bytes (215 MB) copied, 6.364697 s, 33.8 MB/s
2026-05-19 06:26:16,702 DEBUG   261095424 bytes (261 MB) copied, 7.397751 s, 35.3 MB/s
2026-05-19 06:26:16,702 DEBUG   296747008 bytes (297 MB) copied, 8.440759 s, 35.2 MB/s
2026-05-19 06:26:16,702 DEBUG   337641472 bytes (338 MB) copied, 9.469567 s, 35.7 MB/s
2026-05-19 06:26:16,702 DEBUG   382730240 bytes (383 MB) copied, 10.477520 s, 36.5 MB/s
2026-05-19 06:26:16,702 DEBUG   423624704 bytes (424 MB) copied, 11.491624 s, 36.9 MB/s
2026-05-19 06:26:16,702 DEBUG   459276288 bytes (459 MB) copied, 12.502607 s, 36.7 MB/s
2026-05-19 06:26:16,702 DEBUG   494927872 bytes (495 MB) copied, 13.522491 s, 36.6 MB/s
2026-05-19 06:26:16,702 DEBUG   534773760 bytes (535 MB) copied, 14.552632 s, 36.7 MB/s
2026-05-19 06:26:16,702 DEBUG   576716800 bytes (577 MB) copied, 15.556804 s, 37.1 MB/s
2026-05-19 06:26:16,703 DEBUG   620756992 bytes (621 MB) copied, 16.558093 s, 37.5 MB/s
2026-05-19 06:26:16,703 DEBUG   658505728 bytes (659 MB) copied, 17.568563 s, 37.5 MB/s
2026-05-19 06:26:16,703 DEBUG   697303040 bytes (697 MB) copied, 18.588543 s, 37.5 MB/s
2026-05-19 06:26:16,703 DEBUG   734003200 bytes (734 MB) copied, 19.611983 s, 37.4 MB/s
2026-05-19 06:26:16,703 DEBUG   779091968 bytes (779 MB) copied, 20.653512 s, 37.7 MB/s
2026-05-19 06:26:16,703 DEBUG   811597824 bytes (812 MB) copied, 21.684647 s, 37.4 MB/s
2026-05-19 06:26:16,703 DEBUG   851443712 bytes (851 MB) copied, 22.723531 s, 37.5 MB/s
2026-05-19 06:26:16,703 DEBUG   889192448 bytes (889 MB) copied, 23.733530 s, 37.5 MB/s
2026-05-19 06:26:16,703 DEBUG   937426944 bytes (937 MB) copied, 24.767486 s, 37.8 MB/s
2026-05-19 06:26:16,703 DEBUG   982515712 bytes (983 MB) copied, 25.805530 s, 38.1 MB/s
2026-05-19 06:26:16,703 DEBUG   1033895936 bytes (1.0 GB) copied, 26.831558 s, 38.5 MB/s
2026-05-19 06:26:16,703 DEBUG   1024+0 records in
2026-05-19 06:26:16,703 DEBUG   1024+0 records out
2026-05-19 06:26:16,703 DEBUG   1073741824 bytes (1.1 GB) copied, 27.7887 s, 38.6 MB/s
2026-05-19 06:26:16,703 DEBUG   OK (disk op exit 0)
2026-05-19 06:26:16,703 WARNING Guest disk op wall 30.5s (vm='ahv_ins_delete-0-260514-180924' ip=10.114.51.191 op=create ec=0) — includes SSH + guest disk command; if still high, check guest disk throughput vs. MiB settings.
2026-05-19 06:26:16,703 DEBUG [39/556] VM a9889d8c… (ahv_ins_delete-0-260514-181959) via 10.114.48.122 op=create
2026-05-19 06:26:16,704 DEBUG   remote: bash -lc 'set -e; _bs(){ printf '"'"'BULK_SNAP_T %s %s\n'"'"' "$1" "$(date +%s.%N 2>/dev/null || date +%s)"; }; _bs guest_start; _bs pipeline_start; openssl enc -aes-256-ctr -pass pass:"testing" -nosalt < /dev/zero 2>/dev/null | dd of=/root/dummy_snapshot_data_1.img bs=1M count=1024 iflag=fullblock status=progress; ec=$?; _bs pipeline_done; _bs guest_end; exit $ec'
2026-05-19 06:26:19,444 DEBUG   BULK_SNAP_T guest_start 1779139543.628352464
2026-05-19 06:26:19,444 DEBUG   BULK_SNAP_T pipeline_start 1779139543.635515775
2026-05-19 06:26:19,444 DEBUG   BULK_SNAP_T pipeline_done 1779139576.377023197
2026-05-19 06:26:19,444 DEBUG   BULK_SNAP_T guest_end 1779139576.380552903
2026-05-19 06:26:19,444 DEBUG   
2026-05-19 06:26:19,444 DEBUG   23068672 bytes (23 MB) copied, 1.191490 s, 19.4 MB/s
2026-05-19 06:26:19,444 DEBUG   38797312 bytes (39 MB) copied, 2.196368 s, 17.7 MB/s
2026-05-19 06:26:19,444 DEBUG   63963136 bytes (64 MB) copied, 3.255368 s, 19.6 MB/s
2026-05-19 06:26:19,444 DEBUG   95420416 bytes (95 MB) copied, 4.275208 s, 22.3 MB/s
2026-05-19 06:26:19,444 DEBUG   126877696 bytes (127 MB) copied, 5.292094 s, 24.0 MB/s
2026-05-19 06:26:19,444 DEBUG   161480704 bytes (161 MB) copied, 6.346354 s, 25.4 MB/s
2026-05-19 06:26:19,444 DEBUG   198180864 bytes (198 MB) copied, 7.398063 s, 26.8 MB/s
2026-05-19 06:26:19,444 DEBUG   233832448 bytes (234 MB) copied, 8.423074 s, 27.8 MB/s
2026-05-19 06:26:19,444 DEBUG   267386880 bytes (267 MB) copied, 9.437089 s, 28.3 MB/s
2026-05-19 06:26:19,444 DEBUG   300941312 bytes (301 MB) copied, 10.459319 s, 28.8 MB/s
2026-05-19 06:26:19,444 DEBUG   333447168 bytes (333 MB) copied, 11.526015 s, 28.9 MB/s
2026-05-19 06:26:19,444 DEBUG   368050176 bytes (368 MB) copied, 12.559024 s, 29.3 MB/s
2026-05-19 06:26:19,444 DEBUG   399507456 bytes (400 MB) copied, 13.579058 s, 29.4 MB/s
2026-05-19 06:26:19,444 DEBUG   428867584 bytes (429 MB) copied, 14.618239 s, 29.3 MB/s
2026-05-19 06:26:19,444 DEBUG   466616320 bytes (467 MB) copied, 15.673040 s, 29.8 MB/s
2026-05-19 06:26:19,444 DEBUG   498073600 bytes (498 MB) copied, 16.694156 s, 29.8 MB/s
2026-05-19 06:26:19,444 DEBUG   531628032 bytes (532 MB) copied, 17.746320 s, 30.0 MB/s
2026-05-19 06:26:19,444 DEBUG   568328192 bytes (568 MB) copied, 18.752653 s, 30.3 MB/s
2026-05-19 06:26:19,444 DEBUG   600834048 bytes (601 MB) copied, 19.756044 s, 30.4 MB/s
2026-05-19 06:26:19,444 DEBUG   636485632 bytes (636 MB) copied, 20.775545 s, 30.6 MB/s
2026-05-19 06:26:19,444 DEBUG   675282944 bytes (675 MB) copied, 21.790063 s, 31.0 MB/s
2026-05-19 06:26:19,444 DEBUG   708837376 bytes (709 MB) copied, 22.797047 s, 31.1 MB/s
2026-05-19 06:26:19,444 DEBUG   739246080 bytes (739 MB) copied, 23.816046 s, 31.0 MB/s
2026-05-19 06:26:19,444 DEBUG   772800512 bytes (773 MB) copied, 24.830140 s, 31.1 MB/s
2026-05-19 06:26:19,445 DEBUG   807403520 bytes (807 MB) copied, 25.836322 s, 31.3 MB/s
2026-05-19 06:26:19,445 DEBUG   845152256 bytes (845 MB) copied, 26.843572 s, 31.5 MB/s
2026-05-19 06:26:19,445 DEBUG   889192448 bytes (889 MB) copied, 27.850406 s, 31.9 MB/s
2026-05-19 06:26:19,445 DEBUG   925892608 bytes (926 MB) copied, 28.859626 s, 32.1 MB/s
2026-05-19 06:26:19,445 DEBUG   968884224 bytes (969 MB) copied, 29.886004 s, 32.4 MB/s
2026-05-19 06:26:19,445 DEBUG   1013972992 bytes (1.0 GB) copied, 30.888148 s, 32.8 MB/s
2026-05-19 06:26:19,445 DEBUG   1049624576 bytes (1.0 GB) copied, 31.904074 s, 32.9 MB/s
2026-05-19 06:26:19,445 DEBUG   1024+0 records in
2026-05-19 06:26:19,445 DEBUG   1024+0 records out
2026-05-19 06:26:19,445 DEBUG   1073741824 bytes (1.1 GB) copied, 32.5701 s, 33.0 MB/s
2026-05-19 06:26:19,445 DEBUG   OK (disk op exit 0)
2026-05-19 06:26:19,445 WARNING Guest disk op wall 34.3s (vm='ahv_ins_delete-0-260514-180908' ip=10.114.51.50 op=create ec=0) — includes SSH + guest disk command; if still high, check guest disk throughput vs. MiB settings.
2026-05-19 06:26:19,445 DEBUG [40/556] VM b068324d… (ahv_ins_delete-0-260514-182012) via 10.114.48.81 op=create
2026-05-19 06:26:19,445 DEBUG   remote: bash -lc 'set -e; _bs(){ printf '"'"'BULK_SNAP_T %s %s\n'"'"' "$1" "$(date +%s.%N 2>/dev/null || date +%s)"; }; _bs guest_start; _bs pipeline_start; openssl enc -aes-256-ctr -pass pass:"testing" -nosalt < /dev/zero 2>/dev/null | dd of=/root/dummy_snapshot_data_1.img bs=1M count=1024 iflag=fullblock status=progress; ec=$?; _bs pipeline_done; _bs guest_end; exit $ec'
2026-05-19 06:26:30,957 DEBUG   BULK_SNAP_T guest_start 1779139559.152160521
2026-05-19 06:26:30,957 DEBUG   BULK_SNAP_T pipeline_start 1779139559.159148203
2026-05-19 06:26:30,957 DEBUG   BULK_SNAP_T pipeline_done 1779139587.393958488
2026-05-19 06:26:30,957 DEBUG   BULK_SNAP_T guest_end 1779139587.401230348
2026-05-19 06:26:30,957 DEBUG   
2026-05-19 06:26:30,957 DEBUG   30408704 bytes (30 MB) copied, 1.044364 s, 29.1 MB/s
2026-05-19 06:26:30,957 DEBUG   69206016 bytes (69 MB) copied, 2.075651 s, 33.3 MB/s
2026-05-19 06:26:30,957 DEBUG   103809024 bytes (104 MB) copied, 3.123624 s, 33.2 MB/s
2026-05-19 06:26:30,957 DEBUG   137363456 bytes (137 MB) copied, 4.130420 s, 33.3 MB/s
2026-05-19 06:26:30,957 DEBUG   170917888 bytes (171 MB) copied, 5.177469 s, 33.0 MB/s
2026-05-19 06:26:30,957 DEBUG   208666624 bytes (209 MB) copied, 6.194612 s, 33.7 MB/s
2026-05-19 06:26:30,957 DEBUG   245366784 bytes (245 MB) copied, 7.196410 s, 34.1 MB/s
2026-05-19 06:26:30,957 DEBUG   281018368 bytes (281 MB) copied, 8.206463 s, 34.2 MB/s
2026-05-19 06:26:30,957 DEBUG   319815680 bytes (320 MB) copied, 9.227033 s, 34.7 MB/s
2026-05-19 06:26:30,957 DEBUG   353370112 bytes (353 MB) copied, 10.264422 s, 34.4 MB/s
2026-05-19 06:26:30,957 DEBUG   402653184 bytes (403 MB) copied, 11.264736 s, 35.7 MB/s
2026-05-19 06:26:30,957 DEBUG   443547648 bytes (444 MB) copied, 12.279384 s, 36.1 MB/s
2026-05-19 06:26:30,957 DEBUG   483393536 bytes (483 MB) copied, 13.345430 s, 36.2 MB/s
2026-05-19 06:26:30,957 DEBUG   534773760 bytes (535 MB) copied, 14.347838 s, 37.3 MB/s
2026-05-19 06:26:30,957 DEBUG   581959680 bytes (582 MB) copied, 15.362785 s, 37.9 MB/s
2026-05-19 06:26:30,957 DEBUG   618659840 bytes (619 MB) copied, 16.367491 s, 37.8 MB/s
2026-05-19 06:26:30,957 DEBUG   659554304 bytes (660 MB) copied, 17.392396 s, 37.9 MB/s
2026-05-19 06:26:30,957 DEBUG   704643072 bytes (705 MB) copied, 18.485618 s, 38.1 MB/s
2026-05-19 06:26:30,957 DEBUG   748683264 bytes (749 MB) copied, 19.492682 s, 38.4 MB/s
2026-05-19 06:26:30,957 DEBUG   795869184 bytes (796 MB) copied, 20.508648 s, 38.8 MB/s
2026-05-19 06:26:30,957 DEBUG   836763648 bytes (837 MB) copied, 21.541629 s, 38.8 MB/s
2026-05-19 06:26:30,957 DEBUG   875560960 bytes (876 MB) copied, 22.547407 s, 38.8 MB/s
2026-05-19 06:26:30,957 DEBUG   911212544 bytes (911 MB) copied, 23.552421 s, 38.7 MB/s
2026-05-19 06:26:30,957 DEBUG   947912704 bytes (948 MB) copied, 24.571391 s, 38.6 MB/s
2026-05-19 06:26:30,957 DEBUG   983564288 bytes (984 MB) copied, 25.603400 s, 38.4 MB/s
2026-05-19 06:26:30,957 DEBUG   1022361600 bytes (1.0 GB) copied, 26.662378 s, 38.3 MB/s
2026-05-19 06:26:30,957 DEBUG   1056964608 bytes (1.1 GB) copied, 27.664162 s, 38.2 MB/s
2026-05-19 06:26:30,958 DEBUG   1024+0 records in
2026-05-19 06:26:30,958 DEBUG   1024+0 records out
2026-05-19 06:26:30,958 DEBUG   1073741824 bytes (1.1 GB) copied, 28.1314 s, 38.2 MB/s
2026-05-19 06:26:30,958 DEBUG   OK (disk op exit 0)
2026-05-19 06:26:30,958 WARNING Guest disk op wall 30.0s (vm='ahv_ins_delete-0-260514-181357' ip=10.114.50.156 op=create ec=0) — includes SSH + guest disk command; if still high, check guest disk throughput vs. MiB settings.
2026-05-19 06:26:30,958 DEBUG [41/556] VM 2ff9cecd… (ahv_ins_delete-0-260514-182445) via 10.114.50.149 op=create
2026-05-19 06:26:30,958 DEBUG   remote: bash -lc 'set -e; _bs(){ printf '"'"'BULK_SNAP_T %s %s\n'"'"' "$1" "$(date +%s.%N 2>/dev/null || date +%s)"; }; _bs guest_start; _bs pipeline_start; openssl enc -aes-256-ctr -pass pass:"testing" -nosalt < /dev/zero 2>/dev/null | dd of=/root/dummy_snapshot_data_1.img bs=1M count=1024 iflag=fullblock status=progress; ec=$?; _bs pipeline_done; _bs guest_end; exit $ec'
2026-05-19 06:26:33,964 DEBUG   BULK_SNAP_T guest_start 1779139563.503391702
2026-05-19 06:26:33,964 DEBUG   BULK_SNAP_T pipeline_start 1779139563.507721252
2026-05-19 06:26:33,964 DEBUG   BULK_SNAP_T pipeline_done 1779139590.864788474
2026-05-19 06:26:33,964 DEBUG   BULK_SNAP_T guest_end 1779139590.866347320
2026-05-19 06:26:33,964 DEBUG   
2026-05-19 06:26:33,964 DEBUG   33554432 bytes (34 MB) copied, 1.039684 s, 32.3 MB/s
2026-05-19 06:26:33,964 DEBUG   55574528 bytes (56 MB) copied, 2.065955 s, 26.9 MB/s
2026-05-19 06:26:33,964 DEBUG   82837504 bytes (83 MB) copied, 3.095814 s, 26.8 MB/s
2026-05-19 06:26:33,964 DEBUG   124780544 bytes (125 MB) copied, 4.131898 s, 30.2 MB/s
2026-05-19 06:26:33,964 DEBUG   165675008 bytes (166 MB) copied, 5.141650 s, 32.2 MB/s
2026-05-19 06:26:33,964 DEBUG   205520896 bytes (206 MB) copied, 6.161701 s, 33.4 MB/s
2026-05-19 06:26:33,964 DEBUG   255852544 bytes (256 MB) copied, 7.175693 s, 35.7 MB/s
2026-05-19 06:26:33,964 DEBUG   296747008 bytes (297 MB) copied, 8.207967 s, 36.2 MB/s
2026-05-19 06:26:33,964 DEBUG   342884352 bytes (343 MB) copied, 9.254681 s, 37.0 MB/s
2026-05-19 06:26:33,964 DEBUG   385875968 bytes (386 MB) copied, 10.254704 s, 37.6 MB/s
2026-05-19 06:26:33,964 DEBUG   428867584 bytes (429 MB) copied, 11.259424 s, 38.1 MB/s
2026-05-19 06:26:33,964 DEBUG   462422016 bytes (462 MB) copied, 12.263822 s, 37.7 MB/s
2026-05-19 06:26:33,964 DEBUG   515899392 bytes (516 MB) copied, 13.281692 s, 38.8 MB/s
2026-05-19 06:26:33,964 DEBUG   557842432 bytes (558 MB) copied, 14.281916 s, 39.1 MB/s
2026-05-19 06:26:33,964 DEBUG   605028352 bytes (605 MB) copied, 15.315657 s, 39.5 MB/s
2026-05-19 06:26:33,964 DEBUG   648019968 bytes (648 MB) copied, 16.326805 s, 39.7 MB/s
2026-05-19 06:26:33,965 DEBUG   687865856 bytes (688 MB) copied, 17.337629 s, 39.7 MB/s
2026-05-19 06:26:33,965 DEBUG   730857472 bytes (731 MB) copied, 18.379772 s, 39.8 MB/s
2026-05-19 06:26:33,965 DEBUG   768606208 bytes (769 MB) copied, 19.410861 s, 39.6 MB/s
2026-05-19 06:26:33,965 DEBUG   810549248 bytes (811 MB) copied, 20.423684 s, 39.7 MB/s
2026-05-19 06:26:33,965 DEBUG   855638016 bytes (856 MB) copied, 21.462741 s, 39.9 MB/s
2026-05-19 06:26:33,965 DEBUG   898629632 bytes (899 MB) copied, 22.473955 s, 40.0 MB/s
2026-05-19 06:26:33,965 DEBUG   933232640 bytes (933 MB) copied, 23.485973 s, 39.7 MB/s
2026-05-19 06:26:33,965 DEBUG   970981376 bytes (971 MB) copied, 24.496652 s, 39.6 MB/s
2026-05-19 06:26:33,965 DEBUG   1006632960 bytes (1.0 GB) copied, 25.518693 s, 39.4 MB/s
2026-05-19 06:26:33,965 DEBUG   1047527424 bytes (1.0 GB) copied, 26.580775 s, 39.4 MB/s
2026-05-19 06:26:33,965 DEBUG   1024+0 records in
2026-05-19 06:26:33,965 DEBUG   1024+0 records out
2026-05-19 06:26:33,965 DEBUG   1073741824 bytes (1.1 GB) copied, 27.277 s, 39.4 MB/s
2026-05-19 06:26:33,965 DEBUG   OK (disk op exit 0)
2026-05-19 06:26:33,965 WARNING Guest disk op wall 29.0s (vm='ahv_ins_delete-0-260514-181428' ip=10.114.50.208 op=create ec=0) — includes SSH + guest disk command; if still high, check guest disk throughput vs. MiB settings.
2026-05-19 06:26:33,965 DEBUG [42/556] VM 2b528fb0… (ahv_ins_delete-0-260514-182453) via 10.114.52.33 op=create
2026-05-19 06:26:33,965 DEBUG   remote: bash -lc 'set -e; _bs(){ printf '"'"'BULK_SNAP_T %s %s\n'"'"' "$1" "$(date +%s.%N 2>/dev/null || date +%s)"; }; _bs guest_start; _bs pipeline_start; openssl enc -aes-256-ctr -pass pass:"testing" -nosalt < /dev/zero 2>/dev/null | dd of=/root/dummy_snapshot_data_1.img bs=1M count=1024 iflag=fullblock status=progress; ec=$?; _bs pipeline_done; _bs guest_end; exit $ec'
2026-05-19 06:26:37,964 DEBUG   BULK_SNAP_T guest_start 1779139562.757604567
2026-05-19 06:26:37,964 DEBUG   BULK_SNAP_T pipeline_start 1779139562.761579646
2026-05-19 06:26:37,964 DEBUG   BULK_SNAP_T pipeline_done 1779139594.350264905
2026-05-19 06:26:37,964 DEBUG   BULK_SNAP_T guest_end 1779139594.351575308
2026-05-19 06:26:37,964 DEBUG   
2026-05-19 06:26:37,964 DEBUG   20971520 bytes (21 MB) copied, 1.174096 s, 17.9 MB/s
2026-05-19 06:26:37,964 DEBUG   41943040 bytes (42 MB) copied, 2.181014 s, 19.2 MB/s
2026-05-19 06:26:37,964 DEBUG   66060288 bytes (66 MB) copied, 3.183508 s, 20.8 MB/s
2026-05-19 06:26:37,965 DEBUG   95420416 bytes (95 MB) copied, 4.204057 s, 22.7 MB/s
2026-05-19 06:26:37,965 DEBUG   131072000 bytes (131 MB) copied, 5.222175 s, 25.1 MB/s
2026-05-19 06:26:37,965 DEBUG   162529280 bytes (163 MB) copied, 6.238001 s, 26.1 MB/s
2026-05-19 06:26:37,965 DEBUG   205520896 bytes (206 MB) copied, 7.248155 s, 28.4 MB/s
2026-05-19 06:26:37,965 DEBUG   243269632 bytes (243 MB) copied, 8.252077 s, 29.5 MB/s
2026-05-19 06:26:37,965 DEBUG   279969792 bytes (280 MB) copied, 9.259410 s, 30.2 MB/s
2026-05-19 06:26:37,965 DEBUG   327155712 bytes (327 MB) copied, 10.295060 s, 31.8 MB/s
2026-05-19 06:26:37,965 DEBUG   375390208 bytes (375 MB) copied, 11.299131 s, 33.2 MB/s
2026-05-19 06:26:37,965 DEBUG   411041792 bytes (411 MB) copied, 12.302210 s, 33.4 MB/s
2026-05-19 06:26:37,965 DEBUG   455081984 bytes (455 MB) copied, 13.341004 s, 34.1 MB/s
2026-05-19 06:26:37,965 DEBUG   492830720 bytes (493 MB) copied, 14.341448 s, 34.4 MB/s
2026-05-19 06:26:37,965 DEBUG   534773760 bytes (535 MB) copied, 15.350955 s, 34.8 MB/s
2026-05-19 06:26:37,965 DEBUG   572522496 bytes (573 MB) copied, 16.373108 s, 35.0 MB/s
2026-05-19 06:26:37,965 DEBUG   608174080 bytes (608 MB) copied, 17.376333 s, 35.0 MB/s
2026-05-19 06:26:37,965 DEBUG   648019968 bytes (648 MB) copied, 18.392075 s, 35.2 MB/s
2026-05-19 06:26:37,965 DEBUG   688914432 bytes (689 MB) copied, 19.432020 s, 35.5 MB/s
2026-05-19 06:26:37,965 DEBUG   726663168 bytes (727 MB) copied, 20.461984 s, 35.5 MB/s
2026-05-19 06:26:37,965 DEBUG   762314752 bytes (762 MB) copied, 21.478095 s, 35.5 MB/s
2026-05-19 06:26:37,965 DEBUG   795869184 bytes (796 MB) copied, 22.482084 s, 35.4 MB/s
2026-05-19 06:26:37,965 DEBUG   832569344 bytes (833 MB) copied, 23.502119 s, 35.4 MB/s
2026-05-19 06:26:37,965 DEBUG   867172352 bytes (867 MB) copied, 24.506461 s, 35.4 MB/s
2026-05-19 06:26:37,965 DEBUG   898629632 bytes (899 MB) copied, 25.534204 s, 35.2 MB/s
2026-05-19 06:26:37,965 DEBUG   926941184 bytes (927 MB) copied, 26.550061 s, 34.9 MB/s
2026-05-19 06:26:37,965 DEBUG   961544192 bytes (962 MB) copied, 27.597135 s, 34.8 MB/s
2026-05-19 06:26:37,965 DEBUG   999292928 bytes (999 MB) copied, 28.598054 s, 34.9 MB/s
2026-05-19 06:26:37,965 DEBUG   1034944512 bytes (1.0 GB) copied, 29.647069 s, 34.9 MB/s
2026-05-19 06:26:37,965 DEBUG   1067450368 bytes (1.1 GB) copied, 30.704949 s, 34.8 MB/s
2026-05-19 06:26:37,965 DEBUG   1024+0 records in
2026-05-19 06:26:37,965 DEBUG   1024+0 records out
2026-05-19 06:26:37,965 DEBUG   1073741824 bytes (1.1 GB) copied, 30.9381 s, 34.7 MB/s
2026-05-19 06:26:37,965 DEBUG   OK (disk op exit 0)
2026-05-19 06:26:37,965 WARNING Guest disk op wall 33.3s (vm='ahv_ins_delete-0-260514-181408' ip=10.114.51.43 op=create ec=0) — includes SSH + guest disk command; if still high, check guest disk throughput vs. MiB settings.
2026-05-19 06:26:37,966 DEBUG [43/556] VM 9195413e… (ahv_ins_delete-0-260514-182517) via 10.114.51.112 op=create
2026-05-19 06:26:37,966 DEBUG   remote: bash -lc 'set -e; _bs(){ printf '"'"'BULK_SNAP_T %s %s\n'"'"' "$1" "$(date +%s.%N 2>/dev/null || date +%s)"; }; _bs guest_start; _bs pipeline_start; openssl enc -aes-256-ctr -pass pass:"testing" -nosalt < /dev/zero 2>/dev/null | dd of=/root/dummy_snapshot_data_1.img bs=1M count=1024 iflag=fullblock status=progress; ec=$?; _bs pipeline_done; _bs guest_end; exit $ec'
2026-05-19 06:26:40,970 DEBUG   BULK_SNAP_T guest_start 1779139571.459819539
2026-05-19 06:26:40,971 DEBUG   BULK_SNAP_T pipeline_start 1779139571.464013966
2026-05-19 06:26:40,971 DEBUG   BULK_SNAP_T pipeline_done 1779139597.951458369
2026-05-19 06:26:40,971 DEBUG   BULK_SNAP_T guest_end 1779139597.957185925
2026-05-19 06:26:40,971 DEBUG   
2026-05-19 06:26:40,971 DEBUG   24117248 bytes (24 MB) copied, 1.048746 s, 23.0 MB/s
2026-05-19 06:26:40,971 DEBUG   73400320 bytes (73 MB) copied, 2.055174 s, 35.7 MB/s
2026-05-19 06:26:40,971 DEBUG   123731968 bytes (124 MB) copied, 3.063487 s, 40.4 MB/s
2026-05-19 06:26:40,971 DEBUG   174063616 bytes (174 MB) copied, 4.094023 s, 42.5 MB/s
2026-05-19 06:26:40,971 DEBUG   218103808 bytes (218 MB) copied, 5.094377 s, 42.8 MB/s
2026-05-19 06:26:40,971 DEBUG   263192576 bytes (263 MB) copied, 6.122991 s, 43.0 MB/s
2026-05-19 06:26:40,971 DEBUG   309329920 bytes (309 MB) copied, 7.128383 s, 43.4 MB/s
2026-05-19 06:26:40,971 DEBUG   354418688 bytes (354 MB) copied, 8.154141 s, 43.5 MB/s
2026-05-19 06:26:40,971 DEBUG   394264576 bytes (394 MB) copied, 9.156385 s, 43.1 MB/s
2026-05-19 06:26:40,971 DEBUG   433061888 bytes (433 MB) copied, 10.162208 s, 42.6 MB/s
2026-05-19 06:26:40,971 DEBUG   469762048 bytes (470 MB) copied, 11.176270 s, 42.0 MB/s
2026-05-19 06:26:40,971 DEBUG   510656512 bytes (511 MB) copied, 12.185139 s, 41.9 MB/s
2026-05-19 06:26:40,971 DEBUG   550502400 bytes (551 MB) copied, 13.213022 s, 41.7 MB/s
2026-05-19 06:26:40,971 DEBUG   594542592 bytes (595 MB) copied, 14.216323 s, 41.8 MB/s
2026-05-19 06:26:40,971 DEBUG   633339904 bytes (633 MB) copied, 15.220627 s, 41.6 MB/s
2026-05-19 06:26:40,971 DEBUG   681574400 bytes (682 MB) copied, 16.272008 s, 41.9 MB/s
2026-05-19 06:26:40,971 DEBUG   722468864 bytes (722 MB) copied, 17.279216 s, 41.8 MB/s
2026-05-19 06:26:40,971 DEBUG   758120448 bytes (758 MB) copied, 18.280097 s, 41.5 MB/s
2026-05-19 06:26:40,971 DEBUG   792723456 bytes (793 MB) copied, 19.298044 s, 41.1 MB/s
2026-05-19 06:26:40,971 DEBUG   830472192 bytes (830 MB) copied, 20.303110 s, 40.9 MB/s
2026-05-19 06:26:40,971 DEBUG   869269504 bytes (869 MB) copied, 21.316403 s, 40.8 MB/s
2026-05-19 06:26:40,971 DEBUG   907018240 bytes (907 MB) copied, 22.329056 s, 40.6 MB/s
2026-05-19 06:26:40,971 DEBUG   952107008 bytes (952 MB) copied, 23.357985 s, 40.8 MB/s
2026-05-19 06:26:40,971 DEBUG   997195776 bytes (997 MB) copied, 24.389073 s, 40.9 MB/s
2026-05-19 06:26:40,971 DEBUG   1034944512 bytes (1.0 GB) copied, 25.443113 s, 40.7 MB/s
2026-05-19 06:26:40,971 DEBUG   1024+0 records in
2026-05-19 06:26:40,971 DEBUG   1024+0 records out
2026-05-19 06:26:40,971 DEBUG   1073741824 bytes (1.1 GB) copied, 26.4116 s, 40.7 MB/s
2026-05-19 06:26:40,971 DEBUG   OK (disk op exit 0)
2026-05-19 06:26:40,972 WARNING Guest disk op wall 28.0s (vm='ahv_ins_delete-0-260514-181914' ip=10.114.53.51 op=create ec=0) — includes SSH + guest disk command; if still high, check guest disk throughput vs. MiB settings.
2026-05-19 06:26:40,972 DEBUG [44/556] VM ff98e233… (ahv_ins_delete-0-260514-182536) via 10.114.50.249 op=create
2026-05-19 06:26:40,972 DEBUG   remote: bash -lc 'set -e; _bs(){ printf '"'"'BULK_SNAP_T %s %s\n'"'"' "$1" "$(date +%s.%N 2>/dev/null || date +%s)"; }; _bs guest_start; _bs pipeline_start; openssl enc -aes-256-ctr -pass pass:"testing" -nosalt < /dev/zero 2>/dev/null | dd of=/root/dummy_snapshot_data_1.img bs=1M count=1024 iflag=fullblock status=progress; ec=$?; _bs pipeline_done; _bs guest_end; exit $ec'
2026-05-19 06:26:41,720 DEBUG   BULK_SNAP_T guest_start 1779139570.571069033
2026-05-19 06:26:41,721 DEBUG   BULK_SNAP_T pipeline_start 1779139570.573969035
2026-05-19 06:26:41,721 DEBUG   BULK_SNAP_T pipeline_done 1779139597.835449321
2026-05-19 06:26:41,721 DEBUG   BULK_SNAP_T guest_end 1779139597.837045707
2026-05-19 06:26:41,721 DEBUG   
2026-05-19 06:26:41,721 DEBUG   19922944 bytes (20 MB) copied, 1.001353 s, 19.9 MB/s
2026-05-19 06:26:41,721 DEBUG   61865984 bytes (62 MB) copied, 2.015359 s, 30.7 MB/s
2026-05-19 06:26:41,721 DEBUG   108003328 bytes (108 MB) copied, 3.050533 s, 35.4 MB/s
2026-05-19 06:26:41,721 DEBUG   145752064 bytes (146 MB) copied, 4.088365 s, 35.7 MB/s
2026-05-19 06:26:41,721 DEBUG   186646528 bytes (187 MB) copied, 5.110544 s, 36.5 MB/s
2026-05-19 06:26:41,721 DEBUG   234881024 bytes (235 MB) copied, 6.111424 s, 38.4 MB/s
2026-05-19 06:26:41,721 DEBUG   281018368 bytes (281 MB) copied, 7.130731 s, 39.4 MB/s
2026-05-19 06:26:41,721 DEBUG   320864256 bytes (321 MB) copied, 8.150384 s, 39.4 MB/s
2026-05-19 06:26:41,721 DEBUG   362807296 bytes (363 MB) copied, 9.156606 s, 39.6 MB/s
2026-05-19 06:26:41,721 DEBUG   401604608 bytes (402 MB) copied, 10.159534 s, 39.5 MB/s
2026-05-19 06:26:41,721 DEBUG   445644800 bytes (446 MB) copied, 11.190369 s, 39.8 MB/s
2026-05-19 06:26:41,721 DEBUG   486539264 bytes (487 MB) copied, 12.224362 s, 39.8 MB/s
2026-05-19 06:26:41,721 DEBUG   525336576 bytes (525 MB) copied, 13.234784 s, 39.7 MB/s
2026-05-19 06:26:41,721 DEBUG   562036736 bytes (562 MB) copied, 14.249565 s, 39.4 MB/s
2026-05-19 06:26:41,721 DEBUG   599785472 bytes (600 MB) copied, 15.254946 s, 39.3 MB/s
2026-05-19 06:26:41,721 DEBUG   634388480 bytes (634 MB) copied, 16.263443 s, 39.0 MB/s
2026-05-19 06:26:41,721 DEBUG   671088640 bytes (671 MB) copied, 17.267360 s, 38.9 MB/s
2026-05-19 06:26:41,721 DEBUG   714080256 bytes (714 MB) copied, 18.325671 s, 39.0 MB/s
2026-05-19 06:26:41,721 DEBUG   756023296 bytes (756 MB) copied, 19.345316 s, 39.1 MB/s
2026-05-19 06:26:41,721 DEBUG   788529152 bytes (789 MB) copied, 20.349427 s, 38.7 MB/s
2026-05-19 06:26:41,721 DEBUG   833617920 bytes (834 MB) copied, 21.410373 s, 38.9 MB/s
2026-05-19 06:26:41,721 DEBUG   871366656 bytes (871 MB) copied, 22.462421 s, 38.8 MB/s
2026-05-19 06:26:41,721 DEBUG   916455424 bytes (916 MB) copied, 23.522287 s, 39.0 MB/s
2026-05-19 06:26:41,721 DEBUG   965738496 bytes (966 MB) copied, 24.529357 s, 39.4 MB/s
2026-05-19 06:26:41,721 DEBUG   1013972992 bytes (1.0 GB) copied, 25.566381 s, 39.7 MB/s
2026-05-19 06:26:41,721 DEBUG   1053818880 bytes (1.1 GB) copied, 26.598344 s, 39.6 MB/s
2026-05-19 06:26:41,721 DEBUG   1024+0 records in
2026-05-19 06:26:41,721 DEBUG   1024+0 records out
2026-05-19 06:26:41,721 DEBUG   1073741824 bytes (1.1 GB) copied, 27.1174 s, 39.6 MB/s
2026-05-19 06:26:41,721 DEBUG   OK (disk op exit 0)
2026-05-19 06:26:41,722 WARNING Guest disk op wall 29.0s (vm='ahv_ins_delete-0-260514-181435' ip=10.114.54.93 op=create ec=0) — includes SSH + guest disk command; if still high, check guest disk throughput vs. MiB settings.
2026-05-19 06:26:41,722 DEBUG [45/556] VM 2ebd3836… (ahv_ins_delete-0-260514-182542) via 10.114.52.53 op=create
2026-05-19 06:26:41,722 DEBUG   remote: bash -lc 'set -e; _bs(){ printf '"'"'BULK_SNAP_T %s %s\n'"'"' "$1" "$(date +%s.%N 2>/dev/null || date +%s)"; }; _bs guest_start; _bs pipeline_start; openssl enc -aes-256-ctr -pass pass:"testing" -nosalt < /dev/zero 2>/dev/null | dd of=/root/dummy_snapshot_data_1.img bs=1M count=1024 iflag=fullblock status=progress; ec=$?; _bs pipeline_done; _bs guest_end; exit $ec'
2026-05-19 06:26:45,969 DEBUG   BULK_SNAP_T guest_start 1779139573.887518251
2026-05-19 06:26:45,969 DEBUG   BULK_SNAP_T pipeline_start 1779139573.894639389
2026-05-19 06:26:45,969 DEBUG   BULK_SNAP_T pipeline_done 1779139602.470002128
2026-05-19 06:26:45,969 DEBUG   BULK_SNAP_T guest_end 1779139602.477137471
2026-05-19 06:26:45,969 DEBUG   
2026-05-19 06:26:45,969 DEBUG   16777216 bytes (17 MB) copied, 1.146228 s, 14.6 MB/s
2026-05-19 06:26:45,969 DEBUG   33554432 bytes (34 MB) copied, 2.313379 s, 14.5 MB/s
2026-05-19 06:26:45,969 DEBUG   57671680 bytes (58 MB) copied, 3.428381 s, 16.8 MB/s
2026-05-19 06:26:45,969 DEBUG   82837504 bytes (83 MB) copied, 4.430598 s, 18.7 MB/s
2026-05-19 06:26:45,969 DEBUG   117440512 bytes (117 MB) copied, 5.433678 s, 21.6 MB/s
2026-05-19 06:26:45,969 DEBUG   155189248 bytes (155 MB) copied, 6.446316 s, 24.1 MB/s
2026-05-19 06:26:45,969 DEBUG   185597952 bytes (186 MB) copied, 7.474757 s, 24.8 MB/s
2026-05-19 06:26:45,969 DEBUG   220200960 bytes (220 MB) copied, 8.489360 s, 25.9 MB/s
2026-05-19 06:26:45,969 DEBUG   256901120 bytes (257 MB) copied, 9.522285 s, 27.0 MB/s
2026-05-19 06:26:45,969 DEBUG   290455552 bytes (290 MB) copied, 10.530386 s, 27.6 MB/s
2026-05-19 06:26:45,970 DEBUG   324009984 bytes (324 MB) copied, 11.583281 s, 28.0 MB/s
2026-05-19 06:26:45,970 DEBUG   359661568 bytes (360 MB) copied, 12.586328 s, 28.6 MB/s
2026-05-19 06:26:45,970 DEBUG   396361728 bytes (396 MB) copied, 13.589278 s, 29.2 MB/s
2026-05-19 06:26:45,970 DEBUG   433061888 bytes (433 MB) copied, 14.616309 s, 29.6 MB/s
2026-05-19 06:26:45,970 DEBUG   471859200 bytes (472 MB) copied, 15.629442 s, 30.2 MB/s
2026-05-19 06:26:45,970 DEBUG   510656512 bytes (511 MB) copied, 16.632751 s, 30.7 MB/s
2026-05-19 06:26:45,970 DEBUG   554696704 bytes (555 MB) copied, 17.633287 s, 31.5 MB/s
2026-05-19 06:26:45,970 DEBUG   600834048 bytes (601 MB) copied, 18.639257 s, 32.2 MB/s
2026-05-19 06:26:45,970 DEBUG   639631360 bytes (640 MB) copied, 19.641308 s, 32.6 MB/s
2026-05-19 06:26:45,970 DEBUG   686817280 bytes (687 MB) copied, 20.645223 s, 33.3 MB/s
2026-05-19 06:26:45,970 DEBUG   739246080 bytes (739 MB) copied, 21.670428 s, 34.1 MB/s
2026-05-19 06:26:45,970 DEBUG   782237696 bytes (782 MB) copied, 22.714593 s, 34.4 MB/s
2026-05-19 06:26:45,970 DEBUG   827326464 bytes (827 MB) copied, 23.720748 s, 34.9 MB/s
2026-05-19 06:26:45,970 DEBUG   881852416 bytes (882 MB) copied, 24.727711 s, 35.7 MB/s
2026-05-19 06:26:45,970 DEBUG   927989760 bytes (928 MB) copied, 25.764270 s, 36.0 MB/s
2026-05-19 06:26:45,970 DEBUG   984612864 bytes (985 MB) copied, 26.780238 s, 36.8 MB/s
2026-05-19 06:26:45,970 DEBUG   1035993088 bytes (1.0 GB) copied, 27.780425 s, 37.3 MB/s
2026-05-19 06:26:45,970 DEBUG   1024+0 records in
2026-05-19 06:26:45,970 DEBUG   1024+0 records out
2026-05-19 06:26:45,970 DEBUG   1073741824 bytes (1.1 GB) copied, 28.4708 s, 37.7 MB/s
2026-05-19 06:26:45,970 DEBUG   OK (disk op exit 0)
2026-05-19 06:26:45,970 WARNING Guest disk op wall 30.5s (vm='ahv_ins_delete-0-260514-181933' ip=10.114.51.10 op=create ec=0) — includes SSH + guest disk command; if still high, check guest disk throughput vs. MiB settings.
2026-05-19 06:26:45,970 DEBUG [46/556] VM 85cd5f4e… (ahv_ins_delete-0-260514-183015) via 10.114.48.29 op=create
2026-05-19 06:26:45,971 DEBUG   remote: bash -lc 'set -e; _bs(){ printf '"'"'BULK_SNAP_T %s %s\n'"'"' "$1" "$(date +%s.%N 2>/dev/null || date +%s)"; }; _bs guest_start; _bs pipeline_start; openssl enc -aes-256-ctr -pass pass:"testing" -nosalt < /dev/zero 2>/dev/null | dd of=/root/dummy_snapshot_data_1.img bs=1M count=1024 iflag=fullblock status=progress; ec=$?; _bs pipeline_done; _bs guest_end; exit $ec'
2026-05-19 06:26:45,973 DEBUG   BULK_SNAP_T guest_start 1779139573.851861996
2026-05-19 06:26:45,973 DEBUG   BULK_SNAP_T pipeline_start 1779139573.855984953
2026-05-19 06:26:45,973 DEBUG   BULK_SNAP_T pipeline_done 1779139602.531489051
2026-05-19 06:26:45,973 DEBUG   BULK_SNAP_T guest_end 1779139602.535087935
2026-05-19 06:26:45,973 DEBUG   
2026-05-19 06:26:45,973 DEBUG   38797312 bytes (39 MB) copied, 1.028185 s, 37.7 MB/s
2026-05-19 06:26:45,974 DEBUG   75497472 bytes (75 MB) copied, 2.128988 s, 35.5 MB/s
2026-05-19 06:26:45,974 DEBUG   121634816 bytes (122 MB) copied, 3.163739 s, 38.4 MB/s
2026-05-19 06:26:45,974 DEBUG   161480704 bytes (161 MB) copied, 4.193045 s, 38.5 MB/s
2026-05-19 06:26:45,974 DEBUG   202375168 bytes (202 MB) copied, 5.215035 s, 38.8 MB/s
2026-05-19 06:26:45,974 DEBUG   236978176 bytes (237 MB) copied, 6.221723 s, 38.1 MB/s
2026-05-19 06:26:45,974 DEBUG   278921216 bytes (279 MB) copied, 7.229717 s, 38.6 MB/s
2026-05-19 06:26:45,974 DEBUG   315621376 bytes (316 MB) copied, 8.253672 s, 38.2 MB/s
2026-05-19 06:26:45,974 DEBUG   353370112 bytes (353 MB) copied, 9.273088 s, 38.1 MB/s
2026-05-19 06:26:45,974 DEBUG   389021696 bytes (389 MB) copied, 10.335858 s, 37.6 MB/s
2026-05-19 06:26:45,974 DEBUG   428867584 bytes (429 MB) copied, 11.360819 s, 37.7 MB/s
2026-05-19 06:26:45,974 DEBUG   466616320 bytes (467 MB) copied, 12.366895 s, 37.7 MB/s
2026-05-19 06:26:45,974 DEBUG   506462208 bytes (506 MB) copied, 13.387721 s, 37.8 MB/s
2026-05-19 06:26:45,974 DEBUG   541065216 bytes (541 MB) copied, 14.419672 s, 37.5 MB/s
2026-05-19 06:26:45,974 DEBUG   574619648 bytes (575 MB) copied, 15.442709 s, 37.2 MB/s
2026-05-19 06:26:45,974 DEBUG   605028352 bytes (605 MB) copied, 16.452743 s, 36.8 MB/s
2026-05-19 06:26:45,974 DEBUG   637534208 bytes (638 MB) copied, 17.454227 s, 36.5 MB/s
2026-05-19 06:26:45,974 DEBUG   676331520 bytes (676 MB) copied, 18.474253 s, 36.6 MB/s
2026-05-19 06:26:45,974 DEBUG   711983104 bytes (712 MB) copied, 19.477727 s, 36.6 MB/s
2026-05-19 06:26:45,974 DEBUG   748683264 bytes (749 MB) copied, 20.509937 s, 36.5 MB/s
2026-05-19 06:26:45,974 DEBUG   788529152 bytes (789 MB) copied, 21.530804 s, 36.6 MB/s
2026-05-19 06:26:45,974 DEBUG   824180736 bytes (824 MB) copied, 22.556738 s, 36.5 MB/s
2026-05-19 06:26:45,974 DEBUG   861929472 bytes (862 MB) copied, 23.557756 s, 36.6 MB/s
2026-05-19 06:26:45,974 DEBUG   897581056 bytes (898 MB) copied, 24.557801 s, 36.5 MB/s
2026-05-19 06:26:45,974 DEBUG   943718400 bytes (944 MB) copied, 25.557810 s, 36.9 MB/s
2026-05-19 06:26:45,974 DEBUG   989855744 bytes (990 MB) copied, 26.577734 s, 37.2 MB/s
2026-05-19 06:26:45,974 DEBUG   1032847360 bytes (1.0 GB) copied, 27.595716 s, 37.4 MB/s
2026-05-19 06:26:45,974 DEBUG   1024+0 records in
2026-05-19 06:26:45,974 DEBUG   1024+0 records out
2026-05-19 06:26:45,974 DEBUG   1073741824 bytes (1.1 GB) copied, 28.5652 s, 37.6 MB/s
2026-05-19 06:26:45,974 DEBUG   OK (disk op exit 0)
2026-05-19 06:26:45,974 WARNING Guest disk op wall 30.3s (vm='ahv_ins_delete-0-260514-181944' ip=10.114.53.247 op=create ec=0) — includes SSH + guest disk command; if still high, check guest disk throughput vs. MiB settings.
2026-05-19 06:26:45,975 DEBUG [47/556] VM f3f3ceb3… (ahv_ins_delete-0-260514-183021) via 10.114.54.76 op=create
2026-05-19 06:26:45,975 DEBUG   remote: bash -lc 'set -e; _bs(){ printf '"'"'BULK_SNAP_T %s %s\n'"'"' "$1" "$(date +%s.%N 2>/dev/null || date +%s)"; }; _bs guest_start; _bs pipeline_start; openssl enc -aes-256-ctr -pass pass:"testing" -nosalt < /dev/zero 2>/dev/null | dd of=/root/dummy_snapshot_data_1.img bs=1M count=1024 iflag=fullblock status=progress; ec=$?; _bs pipeline_done; _bs guest_end; exit $ec'
2026-05-19 06:26:46,227 DEBUG   BULK_SNAP_T guest_start 1779139571.169303915
2026-05-19 06:26:46,227 DEBUG   BULK_SNAP_T pipeline_start 1779139571.172479796
2026-05-19 06:26:46,228 DEBUG   BULK_SNAP_T pipeline_done 1779139603.157947457
2026-05-19 06:26:46,228 DEBUG   BULK_SNAP_T guest_end 1779139603.161891454
2026-05-19 06:26:46,228 DEBUG   
2026-05-19 06:26:46,228 DEBUG   22020096 bytes (22 MB) copied, 1.137651 s, 19.4 MB/s
2026-05-19 06:26:46,228 DEBUG   41943040 bytes (42 MB) copied, 2.166668 s, 19.4 MB/s
2026-05-19 06:26:46,228 DEBUG   78643200 bytes (79 MB) copied, 3.189274 s, 24.7 MB/s
2026-05-19 06:26:46,228 DEBUG   118489088 bytes (118 MB) copied, 4.217307 s, 28.1 MB/s
2026-05-19 06:26:46,228 DEBUG   150994944 bytes (151 MB) copied, 5.246243 s, 28.8 MB/s
2026-05-19 06:26:46,228 DEBUG   190840832 bytes (191 MB) copied, 6.284283 s, 30.4 MB/s
2026-05-19 06:26:46,228 DEBUG   221249536 bytes (221 MB) copied, 7.298440 s, 30.3 MB/s
2026-05-19 06:26:46,228 DEBUG   254803968 bytes (255 MB) copied, 8.353386 s, 30.5 MB/s
2026-05-19 06:26:46,228 DEBUG   288358400 bytes (288 MB) copied, 9.390237 s, 30.7 MB/s
2026-05-19 06:26:46,228 DEBUG   324009984 bytes (324 MB) copied, 10.408205 s, 31.1 MB/s
2026-05-19 06:26:46,228 DEBUG   359661568 bytes (360 MB) copied, 11.430247 s, 31.5 MB/s
2026-05-19 06:26:46,228 DEBUG   393216000 bytes (393 MB) copied, 12.436313 s, 31.6 MB/s
2026-05-19 06:26:46,228 DEBUG   425721856 bytes (426 MB) copied, 13.438248 s, 31.7 MB/s
2026-05-19 06:26:46,228 DEBUG   463470592 bytes (463 MB) copied, 14.459235 s, 32.1 MB/s
2026-05-19 06:26:46,228 DEBUG   501219328 bytes (501 MB) copied, 15.476562 s, 32.4 MB/s
2026-05-19 06:26:46,228 DEBUG   534773760 bytes (535 MB) copied, 16.485253 s, 32.4 MB/s
2026-05-19 06:26:46,228 DEBUG   565182464 bytes (565 MB) copied, 17.511229 s, 32.3 MB/s
2026-05-19 06:26:46,228 DEBUG   593494016 bytes (593 MB) copied, 18.515304 s, 32.1 MB/s
2026-05-19 06:26:46,228 DEBUG   624951296 bytes (625 MB) copied, 19.521248 s, 32.0 MB/s
2026-05-19 06:26:46,228 DEBUG   655360000 bytes (655 MB) copied, 20.522284 s, 31.9 MB/s
2026-05-19 06:26:46,228 DEBUG   689963008 bytes (690 MB) copied, 21.523734 s, 32.1 MB/s
2026-05-19 06:26:46,228 DEBUG   718274560 bytes (718 MB) copied, 22.556358 s, 31.8 MB/s
2026-05-19 06:26:46,228 DEBUG   757071872 bytes (757 MB) copied, 23.565264 s, 32.1 MB/s
2026-05-19 06:26:46,228 DEBUG   792723456 bytes (793 MB) copied, 24.601331 s, 32.2 MB/s
2026-05-19 06:26:46,228 DEBUG   830472192 bytes (830 MB) copied, 25.612260 s, 32.4 MB/s
2026-05-19 06:26:46,228 DEBUG   867172352 bytes (867 MB) copied, 26.636525 s, 32.6 MB/s
2026-05-19 06:26:46,228 DEBUG   902823936 bytes (903 MB) copied, 27.638210 s, 32.7 MB/s
2026-05-19 06:26:46,228 DEBUG   945815552 bytes (946 MB) copied, 28.647462 s, 33.0 MB/s
2026-05-19 06:26:46,228 DEBUG   988807168 bytes (989 MB) copied, 29.691295 s, 33.3 MB/s
2026-05-19 06:26:46,228 DEBUG   1026555904 bytes (1.0 GB) copied, 30.696227 s, 33.4 MB/s
2026-05-19 06:26:46,228 DEBUG   1066401792 bytes (1.1 GB) copied, 31.717601 s, 33.6 MB/s
2026-05-19 06:26:46,228 DEBUG   1024+0 records in
2026-05-19 06:26:46,228 DEBUG   1024+0 records out
2026-05-19 06:26:46,228 DEBUG   1073741824 bytes (1.1 GB) copied, 31.9093 s, 33.6 MB/s
2026-05-19 06:26:46,228 DEBUG   OK (disk op exit 0)
2026-05-19 06:26:46,229 WARNING Guest disk op wall 33.5s (vm='ahv_ins_delete-0-260514-181435' ip=10.114.51.97 op=create ec=0) — includes SSH + guest disk command; if still high, check guest disk throughput vs. MiB settings.
2026-05-19 06:26:46,229 DEBUG [48/556] VM 930e019f… (ahv_ins_delete-0-260514-183022) via 10.114.53.12 op=create
2026-05-19 06:26:46,229 DEBUG   remote: bash -lc 'set -e; _bs(){ printf '"'"'BULK_SNAP_T %s %s\n'"'"' "$1" "$(date +%s.%N 2>/dev/null || date +%s)"; }; _bs guest_start; _bs pipeline_start; openssl enc -aes-256-ctr -pass pass:"testing" -nosalt < /dev/zero 2>/dev/null | dd of=/root/dummy_snapshot_data_1.img bs=1M count=1024 iflag=fullblock status=progress; ec=$?; _bs pipeline_done; _bs guest_end; exit $ec'
2026-05-19 06:26:49,465 DEBUG   BULK_SNAP_T guest_start 1779139577.818074559
2026-05-19 06:26:49,465 DEBUG   BULK_SNAP_T pipeline_start 1779139577.826947812
2026-05-19 06:26:49,465 DEBUG   BULK_SNAP_T pipeline_done 1779139606.156756379
2026-05-19 06:26:49,465 DEBUG   BULK_SNAP_T guest_end 1779139606.162461070
2026-05-19 06:26:49,465 DEBUG   
2026-05-19 06:26:49,465 DEBUG   29360128 bytes (29 MB) copied, 1.036524 s, 28.3 MB/s
2026-05-19 06:26:49,465 DEBUG   63963136 bytes (64 MB) copied, 2.097565 s, 30.5 MB/s
2026-05-19 06:26:49,466 DEBUG   96468992 bytes (96 MB) copied, 3.115456 s, 31.0 MB/s
2026-05-19 06:26:49,466 DEBUG   133169152 bytes (133 MB) copied, 4.130209 s, 32.2 MB/s
2026-05-19 06:26:49,466 DEBUG   171966464 bytes (172 MB) copied, 5.145499 s, 33.4 MB/s
2026-05-19 06:26:49,466 DEBUG   213909504 bytes (214 MB) copied, 6.174377 s, 34.6 MB/s
2026-05-19 06:26:49,466 DEBUG   248512512 bytes (249 MB) copied, 7.195700 s, 34.5 MB/s
2026-05-19 06:26:49,466 DEBUG   285212672 bytes (285 MB) copied, 8.215489 s, 34.7 MB/s
2026-05-19 06:26:49,466 DEBUG   326107136 bytes (326 MB) copied, 9.236430 s, 35.3 MB/s
2026-05-19 06:26:49,466 DEBUG   355467264 bytes (355 MB) copied, 10.275473 s, 34.6 MB/s
2026-05-19 06:26:49,466 DEBUG   386924544 bytes (387 MB) copied, 11.278789 s, 34.3 MB/s
2026-05-19 06:26:49,466 DEBUG   420478976 bytes (420 MB) copied, 12.307435 s, 34.2 MB/s
2026-05-19 06:26:49,466 DEBUG   452984832 bytes (453 MB) copied, 13.322484 s, 34.0 MB/s
2026-05-19 06:26:49,466 DEBUG   489684992 bytes (490 MB) copied, 14.362727 s, 34.1 MB/s
2026-05-19 06:26:49,466 DEBUG   523239424 bytes (523 MB) copied, 15.381458 s, 34.0 MB/s
2026-05-19 06:26:49,466 DEBUG   553648128 bytes (554 MB) copied, 16.394556 s, 33.8 MB/s
2026-05-19 06:26:49,466 DEBUG   598736896 bytes (599 MB) copied, 17.395530 s, 34.4 MB/s
2026-05-19 06:26:49,466 DEBUG   636485632 bytes (636 MB) copied, 18.406418 s, 34.6 MB/s
2026-05-19 06:26:49,466 DEBUG   678428672 bytes (678 MB) copied, 19.406609 s, 35.0 MB/s
2026-05-19 06:26:49,466 DEBUG   717225984 bytes (717 MB) copied, 20.415267 s, 35.1 MB/s
2026-05-19 06:26:49,466 DEBUG   766509056 bytes (767 MB) copied, 21.437619 s, 35.8 MB/s
2026-05-19 06:26:49,466 DEBUG   814743552 bytes (815 MB) copied, 22.459520 s, 36.3 MB/s
2026-05-19 06:26:49,466 DEBUG   859832320 bytes (860 MB) copied, 23.460876 s, 36.6 MB/s
2026-05-19 06:26:49,466 DEBUG   903872512 bytes (904 MB) copied, 24.466578 s, 36.9 MB/s
2026-05-19 06:26:49,466 DEBUG   953155584 bytes (953 MB) copied, 25.483482 s, 37.4 MB/s
2026-05-19 06:26:49,466 DEBUG   999292928 bytes (999 MB) copied, 26.501649 s, 37.7 MB/s
2026-05-19 06:26:49,466 DEBUG   1047527424 bytes (1.0 GB) copied, 27.541508 s, 38.0 MB/s
2026-05-19 06:26:49,466 DEBUG   1024+0 records in
2026-05-19 06:26:49,466 DEBUG   1024+0 records out
2026-05-19 06:26:49,466 DEBUG   1073741824 bytes (1.1 GB) copied, 28.1666 s, 38.1 MB/s
2026-05-19 06:26:49,466 DEBUG   OK (disk op exit 0)
2026-05-19 06:26:49,466 WARNING Guest disk op wall 30.0s (vm='ahv_ins_delete-0-260514-182012' ip=10.114.48.81 op=create ec=0) — includes SSH + guest disk command; if still high, check guest disk throughput vs. MiB settings.
2026-05-19 06:26:49,467 DEBUG [49/556] VM 9e43f08c… (ahv_ins_delete-0-260514-183039) via 10.114.48.164 op=create
2026-05-19 06:26:49,467 DEBUG   remote: bash -lc 'set -e; _bs(){ printf '"'"'BULK_SNAP_T %s %s\n'"'"' "$1" "$(date +%s.%N 2>/dev/null || date +%s)"; }; _bs guest_start; _bs pipeline_start; openssl enc -aes-256-ctr -pass pass:"testing" -nosalt < /dev/zero 2>/dev/null | dd of=/root/dummy_snapshot_data_1.img bs=1M count=1024 iflag=fullblock status=progress; ec=$?; _bs pipeline_done; _bs guest_end; exit $ec'
2026-05-19 06:26:51,476 DEBUG   BULK_SNAP_T guest_start 1779139574.815000091
2026-05-19 06:26:51,476 DEBUG   BULK_SNAP_T pipeline_start 1779139574.819640688
2026-05-19 06:26:51,476 DEBUG   BULK_SNAP_T pipeline_done 1779139607.953098332
2026-05-19 06:26:51,476 DEBUG   BULK_SNAP_T guest_end 1779139607.961216954
2026-05-19 06:26:51,476 DEBUG   
2026-05-19 06:26:51,476 DEBUG   24117248 bytes (24 MB) copied, 1.026378 s, 23.5 MB/s
2026-05-19 06:26:51,476 DEBUG   50331648 bytes (50 MB) copied, 2.212730 s, 22.7 MB/s
2026-05-19 06:26:51,476 DEBUG   76546048 bytes (77 MB) copied, 3.231409 s, 23.7 MB/s
2026-05-19 06:26:51,476 DEBUG   109051904 bytes (109 MB) copied, 4.234344 s, 25.8 MB/s
2026-05-19 06:26:51,476 DEBUG   139460608 bytes (139 MB) copied, 5.252418 s, 26.6 MB/s
2026-05-19 06:26:51,476 DEBUG   170917888 bytes (171 MB) copied, 6.267399 s, 27.3 MB/s
2026-05-19 06:26:51,476 DEBUG   199229440 bytes (199 MB) copied, 7.268427 s, 27.4 MB/s
2026-05-19 06:26:51,476 DEBUG   228589568 bytes (229 MB) copied, 8.318398 s, 27.5 MB/s
2026-05-19 06:26:51,476 DEBUG   256901120 bytes (257 MB) copied, 9.340357 s, 27.5 MB/s
2026-05-19 06:26:51,476 DEBUG   287309824 bytes (287 MB) copied, 10.353467 s, 27.8 MB/s
2026-05-19 06:26:51,476 DEBUG   322961408 bytes (323 MB) copied, 11.403348 s, 28.3 MB/s
2026-05-19 06:26:51,476 DEBUG   353370112 bytes (353 MB) copied, 12.417449 s, 28.5 MB/s
2026-05-19 06:26:51,476 DEBUG   381681664 bytes (382 MB) copied, 13.434337 s, 28.4 MB/s
2026-05-19 06:26:51,476 DEBUG   408944640 bytes (409 MB) copied, 14.439389 s, 28.3 MB/s
2026-05-19 06:26:51,476 DEBUG   438304768 bytes (438 MB) copied, 15.456386 s, 28.4 MB/s
2026-05-19 06:26:51,476 DEBUG   471859200 bytes (472 MB) copied, 16.495384 s, 28.6 MB/s
2026-05-19 06:26:51,476 DEBUG   503316480 bytes (503 MB) copied, 17.508298 s, 28.7 MB/s
2026-05-19 06:26:51,476 DEBUG   531628032 bytes (532 MB) copied, 18.524345 s, 28.7 MB/s
2026-05-19 06:26:51,476 DEBUG   565182464 bytes (565 MB) copied, 19.535375 s, 28.9 MB/s
2026-05-19 06:26:51,476 DEBUG   596639744 bytes (597 MB) copied, 20.559324 s, 29.0 MB/s
2026-05-19 06:26:51,476 DEBUG   625999872 bytes (626 MB) copied, 21.575341 s, 29.0 MB/s
2026-05-19 06:26:51,476 DEBUG   661651456 bytes (662 MB) copied, 22.595363 s, 29.3 MB/s
2026-05-19 06:26:51,476 DEBUG   699400192 bytes (699 MB) copied, 23.617355 s, 29.6 MB/s
2026-05-19 06:26:51,476 DEBUG   736100352 bytes (736 MB) copied, 24.626398 s, 29.9 MB/s
2026-05-19 06:26:51,477 DEBUG   774897664 bytes (775 MB) copied, 25.627330 s, 30.2 MB/s
2026-05-19 06:26:51,477 DEBUG   810549248 bytes (811 MB) copied, 26.647350 s, 30.4 MB/s
2026-05-19 06:26:51,477 DEBUG   853540864 bytes (854 MB) copied, 27.663632 s, 30.9 MB/s
2026-05-19 06:26:51,477 DEBUG   897581056 bytes (898 MB) copied, 28.677665 s, 31.3 MB/s
2026-05-19 06:26:51,477 DEBUG   938475520 bytes (938 MB) copied, 29.680360 s, 31.6 MB/s
2026-05-19 06:26:51,477 DEBUG   983564288 bytes (984 MB) copied, 30.698919 s, 32.0 MB/s
2026-05-19 06:26:51,477 DEBUG   1023410176 bytes (1.0 GB) copied, 31.706332 s, 32.3 MB/s
2026-05-19 06:26:51,477 DEBUG   1065353216 bytes (1.1 GB) copied, 32.709090 s, 32.6 MB/s
2026-05-19 06:26:51,477 DEBUG   1024+0 records in
2026-05-19 06:26:51,477 DEBUG   1024+0 records out
2026-05-19 06:26:51,477 DEBUG   1073741824 bytes (1.1 GB) copied, 32.9451 s, 32.6 MB/s
2026-05-19 06:26:51,477 DEBUG   OK (disk op exit 0)
2026-05-19 06:26:51,477 WARNING Guest disk op wall 34.8s (vm='ahv_ins_delete-0-260514-181959' ip=10.114.48.122 op=create ec=0) — includes SSH + guest disk command; if still high, check guest disk throughput vs. MiB settings.
2026-05-19 06:26:51,477 DEBUG [50/556] VM dd18d61f… (ahv_ins_delete-0-260514-183102) via 10.114.51.38 op=create
2026-05-19 06:26:51,477 DEBUG   remote: bash -lc 'set -e; _bs(){ printf '"'"'BULK_SNAP_T %s %s\n'"'"' "$1" "$(date +%s.%N 2>/dev/null || date +%s)"; }; _bs guest_start; _bs pipeline_start; openssl enc -aes-256-ctr -pass pass:"testing" -nosalt < /dev/zero 2>/dev/null | dd of=/root/dummy_snapshot_data_1.img bs=1M count=1024 iflag=fullblock status=progress; ec=$?; _bs pipeline_done; _bs guest_end; exit $ec'
2026-05-19 06:27:01,225 DEBUG   BULK_SNAP_T guest_start 1779139589.753201573
2026-05-19 06:27:01,226 DEBUG   BULK_SNAP_T pipeline_start 1779139589.760507162
2026-05-19 06:27:01,226 DEBUG   BULK_SNAP_T pipeline_done 1779139618.031379327
2026-05-19 06:27:01,226 DEBUG   BULK_SNAP_T guest_end 1779139618.034465447
2026-05-19 06:27:01,226 DEBUG   
2026-05-19 06:27:01,226 DEBUG   16777216 bytes (17 MB) copied, 1.207129 s, 13.9 MB/s
2026-05-19 06:27:01,226 DEBUG   37748736 bytes (38 MB) copied, 2.248210 s, 16.8 MB/s
2026-05-19 06:27:01,226 DEBUG   58720256 bytes (59 MB) copied, 3.272991 s, 17.9 MB/s
2026-05-19 06:27:01,226 DEBUG   83886080 bytes (84 MB) copied, 4.294048 s, 19.5 MB/s
2026-05-19 06:27:01,226 DEBUG   114294784 bytes (114 MB) copied, 5.310405 s, 21.5 MB/s
2026-05-19 06:27:01,226 DEBUG   150994944 bytes (151 MB) copied, 6.313702 s, 23.9 MB/s
2026-05-19 06:27:01,226 DEBUG   192937984 bytes (193 MB) copied, 7.370028 s, 26.2 MB/s
2026-05-19 06:27:01,226 DEBUG   232783872 bytes (233 MB) copied, 8.371343 s, 27.8 MB/s
2026-05-19 06:27:01,226 DEBUG   273678336 bytes (274 MB) copied, 9.377371 s, 29.2 MB/s
2026-05-19 06:27:01,226 DEBUG   321912832 bytes (322 MB) copied, 10.381705 s, 31.0 MB/s
2026-05-19 06:27:01,226 DEBUG   364904448 bytes (365 MB) copied, 11.400445 s, 32.0 MB/s
2026-05-19 06:27:01,226 DEBUG   405798912 bytes (406 MB) copied, 12.424021 s, 32.7 MB/s
2026-05-19 06:27:01,226 DEBUG   456130560 bytes (456 MB) copied, 13.456022 s, 33.9 MB/s
2026-05-19 06:27:01,226 DEBUG   507510784 bytes (508 MB) copied, 14.485221 s, 35.0 MB/s
2026-05-19 06:27:01,226 DEBUG   553648128 bytes (554 MB) copied, 15.544978 s, 35.6 MB/s
2026-05-19 06:27:01,226 DEBUG   602931200 bytes (603 MB) copied, 16.559988 s, 36.4 MB/s
2026-05-19 06:27:01,226 DEBUG   654311424 bytes (654 MB) copied, 17.568020 s, 37.2 MB/s
2026-05-19 06:27:01,226 DEBUG   698351616 bytes (698 MB) copied, 18.636052 s, 37.5 MB/s
2026-05-19 06:27:01,226 DEBUG   743440384 bytes (743 MB) copied, 19.641079 s, 37.9 MB/s
2026-05-19 06:27:01,226 DEBUG   783286272 bytes (783 MB) copied, 20.686042 s, 37.9 MB/s
2026-05-19 06:27:01,226 DEBUG   821035008 bytes (821 MB) copied, 21.699252 s, 37.8 MB/s
2026-05-19 06:27:01,226 DEBUG   858783744 bytes (859 MB) copied, 22.711443 s, 37.8 MB/s
2026-05-19 06:27:01,226 DEBUG   901775360 bytes (902 MB) copied, 23.712015 s, 38.0 MB/s
2026-05-19 06:27:01,226 DEBUG   940572672 bytes (941 MB) copied, 24.742232 s, 38.0 MB/s
2026-05-19 06:27:01,226 DEBUG   984612864 bytes (985 MB) copied, 25.762133 s, 38.2 MB/s
2026-05-19 06:27:01,226 DEBUG   1017118720 bytes (1.0 GB) copied, 26.780153 s, 38.0 MB/s
2026-05-19 06:27:01,226 DEBUG   1059061760 bytes (1.1 GB) copied, 27.810020 s, 38.1 MB/s
2026-05-19 06:27:01,226 DEBUG   1024+0 records in
2026-05-19 06:27:01,226 DEBUG   1024+0 records out
2026-05-19 06:27:01,226 DEBUG   1073741824 bytes (1.1 GB) copied, 28.1846 s, 38.1 MB/s
2026-05-19 06:27:01,226 DEBUG   OK (disk op exit 0)
2026-05-19 06:27:01,226 WARNING Guest disk op wall 30.3s (vm='ahv_ins_delete-0-260514-182445' ip=10.114.50.149 op=create ec=0) — includes SSH + guest disk command; if still high, check guest disk throughput vs. MiB settings.
2026-05-19 06:27:01,227 DEBUG [51/556] VM b04d49d5… (ahv_ins_delete-0-260514-183534) via 10.114.50.246 op=create
2026-05-19 06:27:01,227 DEBUG   remote: bash -lc 'set -e; _bs(){ printf '"'"'BULK_SNAP_T %s %s\n'"'"' "$1" "$(date +%s.%N 2>/dev/null || date +%s)"; }; _bs guest_start; _bs pipeline_start; openssl enc -aes-256-ctr -pass pass:"testing" -nosalt < /dev/zero 2>/dev/null | dd of=/root/dummy_snapshot_data_1.img bs=1M count=1024 iflag=fullblock status=progress; ec=$?; _bs pipeline_done; _bs guest_end; exit $ec'
2026-05-19 06:27:03,485 DEBUG   BULK_SNAP_T guest_start 1779139592.156423837
2026-05-19 06:27:03,486 DEBUG   BULK_SNAP_T pipeline_start 1779139592.159080960
2026-05-19 06:27:03,486 DEBUG   BULK_SNAP_T pipeline_done 1779139619.863342671
2026-05-19 06:27:03,486 DEBUG   BULK_SNAP_T guest_end 1779139619.872538062
2026-05-19 06:27:03,486 DEBUG   
2026-05-19 06:27:03,486 DEBUG   23068672 bytes (23 MB) copied, 1.002772 s, 23.0 MB/s
2026-05-19 06:27:03,486 DEBUG   56623104 bytes (57 MB) copied, 2.049380 s, 27.6 MB/s
2026-05-19 06:27:03,486 DEBUG   91226112 bytes (91 MB) copied, 3.051649 s, 29.9 MB/s
2026-05-19 06:27:03,486 DEBUG   138412032 bytes (138 MB) copied, 4.077565 s, 33.9 MB/s
2026-05-19 06:27:03,486 DEBUG   177209344 bytes (177 MB) copied, 5.092490 s, 34.8 MB/s
2026-05-19 06:27:03,486 DEBUG   221249536 bytes (221 MB) copied, 6.142348 s, 36.0 MB/s
2026-05-19 06:27:03,486 DEBUG   270532608 bytes (271 MB) copied, 7.143784 s, 37.9 MB/s
2026-05-19 06:27:03,486 DEBUG   314572800 bytes (315 MB) copied, 8.147559 s, 38.6 MB/s
2026-05-19 06:27:03,486 DEBUG   356515840 bytes (357 MB) copied, 9.161522 s, 38.9 MB/s
2026-05-19 06:27:03,486 DEBUG   395313152 bytes (395 MB) copied, 10.196735 s, 38.8 MB/s
2026-05-19 06:27:03,486 DEBUG   446693376 bytes (447 MB) copied, 11.213187 s, 39.8 MB/s
2026-05-19 06:27:03,486 DEBUG   490733568 bytes (491 MB) copied, 12.228613 s, 40.1 MB/s
2026-05-19 06:27:03,486 DEBUG   533725184 bytes (534 MB) copied, 13.232417 s, 40.3 MB/s
2026-05-19 06:27:03,486 DEBUG   579862528 bytes (580 MB) copied, 14.246605 s, 40.7 MB/s
2026-05-19 06:27:03,486 DEBUG   622854144 bytes (623 MB) copied, 15.272604 s, 40.8 MB/s
2026-05-19 06:27:03,486 DEBUG   656408576 bytes (656 MB) copied, 16.276407 s, 40.3 MB/s
2026-05-19 06:27:03,486 DEBUG   699400192 bytes (699 MB) copied, 17.337764 s, 40.3 MB/s
2026-05-19 06:27:03,486 DEBUG   741343232 bytes (741 MB) copied, 18.338684 s, 40.4 MB/s
2026-05-19 06:27:03,486 DEBUG   779091968 bytes (779 MB) copied, 19.340283 s, 40.3 MB/s
2026-05-19 06:27:03,486 DEBUG   815792128 bytes (816 MB) copied, 20.385343 s, 40.0 MB/s
2026-05-19 06:27:03,486 DEBUG   856686592 bytes (857 MB) copied, 21.385393 s, 40.1 MB/s
2026-05-19 06:27:03,486 DEBUG   893386752 bytes (893 MB) copied, 22.420444 s, 39.8 MB/s
2026-05-19 06:27:03,486 DEBUG   932184064 bytes (932 MB) copied, 23.425916 s, 39.8 MB/s
2026-05-19 06:27:03,486 DEBUG   972029952 bytes (972 MB) copied, 24.518398 s, 39.6 MB/s
2026-05-19 06:27:03,486 DEBUG   1008730112 bytes (1.0 GB) copied, 25.546542 s, 39.5 MB/s
2026-05-19 06:27:03,486 DEBUG   1044381696 bytes (1.0 GB) copied, 26.581691 s, 39.3 MB/s
2026-05-19 06:27:03,486 DEBUG   1024+0 records in
2026-05-19 06:27:03,486 DEBUG   1024+0 records out
2026-05-19 06:27:03,486 DEBUG   1073741824 bytes (1.1 GB) copied, 27.4168 s, 39.2 MB/s
2026-05-19 06:27:03,486 DEBUG   OK (disk op exit 0)
2026-05-19 06:27:03,486 WARNING Guest disk op wall 29.5s (vm='ahv_ins_delete-0-260514-182453' ip=10.114.52.33 op=create ec=0) — includes SSH + guest disk command; if still high, check guest disk throughput vs. MiB settings.
2026-05-19 06:27:03,487 DEBUG [52/556] VM a2956722… (ahv_ins_delete-0-260514-183539) via 10.114.53.62 op=create
2026-05-19 06:27:03,487 DEBUG   remote: bash -lc 'set -e; _bs(){ printf '"'"'BULK_SNAP_T %s %s\n'"'"' "$1" "$(date +%s.%N 2>/dev/null || date +%s)"; }; _bs guest_start; _bs pipeline_start; openssl enc -aes-256-ctr -pass pass:"testing" -nosalt < /dev/zero 2>/dev/null | dd of=/root/dummy_snapshot_data_1.img bs=1M count=1024 iflag=fullblock status=progress; ec=$?; _bs pipeline_done; _bs guest_end; exit $ec'
2026-05-19 06:27:08,237 DEBUG   BULK_SNAP_T guest_start 1779139596.745336975
2026-05-19 06:27:08,237 DEBUG   BULK_SNAP_T pipeline_start 1779139596.749184276
2026-05-19 06:27:08,237 DEBUG   BULK_SNAP_T pipeline_done 1779139625.465767075
2026-05-19 06:27:08,237 DEBUG   BULK_SNAP_T guest_end 1779139625.481391518
2026-05-19 06:27:08,237 DEBUG   
2026-05-19 06:27:08,237 DEBUG   16777216 bytes (17 MB) copied, 1.043913 s, 16.1 MB/s
2026-05-19 06:27:08,237 DEBUG   34603008 bytes (35 MB) copied, 2.048603 s, 16.9 MB/s
2026-05-19 06:27:08,237 DEBUG   61865984 bytes (62 MB) copied, 3.050902 s, 20.3 MB/s
2026-05-19 06:27:08,237 DEBUG   93323264 bytes (93 MB) copied, 4.084816 s, 22.8 MB/s
2026-05-19 06:27:08,237 DEBUG   124780544 bytes (125 MB) copied, 5.091598 s, 24.5 MB/s
2026-05-19 06:27:08,237 DEBUG   163577856 bytes (164 MB) copied, 6.119580 s, 26.7 MB/s
2026-05-19 06:27:08,237 DEBUG   211812352 bytes (212 MB) copied, 7.121107 s, 29.7 MB/s
2026-05-19 06:27:08,237 DEBUG   257949696 bytes (258 MB) copied, 8.128498 s, 31.7 MB/s
2026-05-19 06:27:08,237 DEBUG   305135616 bytes (305 MB) copied, 9.144632 s, 33.4 MB/s
2026-05-19 06:27:08,237 DEBUG   353370112 bytes (353 MB) copied, 10.151537 s, 34.8 MB/s
2026-05-19 06:27:08,237 DEBUG   400556032 bytes (401 MB) copied, 11.153896 s, 35.9 MB/s
2026-05-19 06:27:08,237 DEBUG   440401920 bytes (440 MB) copied, 12.172619 s, 36.2 MB/s
2026-05-19 06:27:08,237 DEBUG   487587840 bytes (488 MB) copied, 13.178537 s, 37.0 MB/s
2026-05-19 06:27:08,237 DEBUG   527433728 bytes (527 MB) copied, 14.181695 s, 37.2 MB/s
2026-05-19 06:27:08,237 DEBUG   571473920 bytes (571 MB) copied, 15.225563 s, 37.5 MB/s
2026-05-19 06:27:08,237 DEBUG   610271232 bytes (610 MB) copied, 16.254553 s, 37.5 MB/s
2026-05-19 06:27:08,237 DEBUG   650117120 bytes (650 MB) copied, 17.294493 s, 37.6 MB/s
2026-05-19 06:27:08,237 DEBUG   687865856 bytes (688 MB) copied, 18.302593 s, 37.6 MB/s
2026-05-19 06:27:08,237 DEBUG   725614592 bytes (726 MB) copied, 19.314895 s, 37.6 MB/s
2026-05-19 06:27:08,237 DEBUG   764411904 bytes (764 MB) copied, 20.362618 s, 37.5 MB/s
2026-05-19 06:27:08,237 DEBUG   804257792 bytes (804 MB) copied, 21.363680 s, 37.6 MB/s
2026-05-19 06:27:08,237 DEBUG   845152256 bytes (845 MB) copied, 22.383621 s, 37.8 MB/s
2026-05-19 06:27:08,237 DEBUG   878706688 bytes (879 MB) copied, 23.397549 s, 37.6 MB/s
2026-05-19 06:27:08,237 DEBUG   916455424 bytes (916 MB) copied, 24.412604 s, 37.5 MB/s
2026-05-19 06:27:08,237 DEBUG   958398464 bytes (958 MB) copied, 25.443667 s, 37.7 MB/s
2026-05-19 06:27:08,237 DEBUG   995098624 bytes (995 MB) copied, 26.451588 s, 37.6 MB/s
2026-05-19 06:27:08,237 DEBUG   1030750208 bytes (1.0 GB) copied, 27.472591 s, 37.5 MB/s
2026-05-19 06:27:08,237 DEBUG   1067450368 bytes (1.1 GB) copied, 28.476537 s, 37.5 MB/s
2026-05-19 06:27:08,237 DEBUG   1024+0 records in
2026-05-19 06:27:08,238 DEBUG   1024+0 records out
2026-05-19 06:27:08,238 DEBUG   1073741824 bytes (1.1 GB) copied, 28.6224 s, 37.5 MB/s
2026-05-19 06:27:08,238 DEBUG   OK (disk op exit 0)
2026-05-19 06:27:08,238 WARNING Guest disk op wall 30.3s (vm='ahv_ins_delete-0-260514-182517' ip=10.114.51.112 op=create ec=0) — includes SSH + guest disk command; if still high, check guest disk throughput vs. MiB settings.
2026-05-19 06:27:08,238 DEBUG [53/556] VM a9fba56a… (ahv_ins_delete-0-260514-183544) via 10.114.49.170 op=create
2026-05-19 06:27:08,238 DEBUG   remote: bash -lc 'set -e; _bs(){ printf '"'"'BULK_SNAP_T %s %s\n'"'"' "$1" "$(date +%s.%N 2>/dev/null || date +%s)"; }; _bs guest_start; _bs pipeline_start; openssl enc -aes-256-ctr -pass pass:"testing" -nosalt < /dev/zero 2>/dev/null | dd of=/root/dummy_snapshot_data_1.img bs=1M count=1024 iflag=fullblock status=progress; ec=$?; _bs pipeline_done; _bs guest_end; exit $ec'
2026-05-19 06:27:12,986 DEBUG   BULK_SNAP_T guest_start 1779139604.676758741
2026-05-19 06:27:12,987 DEBUG   BULK_SNAP_T pipeline_start 1779139604.682080224
2026-05-19 06:27:12,987 DEBUG   BULK_SNAP_T pipeline_done 1779139629.981304716
2026-05-19 06:27:12,987 DEBUG   BULK_SNAP_T guest_end 1779139629.986495191
2026-05-19 06:27:12,987 DEBUG   
2026-05-19 06:27:12,987 DEBUG   46137344 bytes (46 MB) copied, 1.009300 s, 45.7 MB/s
2026-05-19 06:27:12,987 DEBUG   79691776 bytes (80 MB) copied, 2.031919 s, 39.2 MB/s
2026-05-19 06:27:12,987 DEBUG   130023424 bytes (130 MB) copied, 3.037037 s, 42.8 MB/s
2026-05-19 06:27:12,987 DEBUG   174063616 bytes (174 MB) copied, 4.051771 s, 43.0 MB/s
2026-05-19 06:27:12,987 DEBUG   216006656 bytes (216 MB) copied, 5.082655 s, 42.5 MB/s
2026-05-19 06:27:12,987 DEBUG   263192576 bytes (263 MB) copied, 6.099698 s, 43.1 MB/s
2026-05-19 06:27:12,987 DEBUG   307232768 bytes (307 MB) copied, 7.119698 s, 43.2 MB/s
2026-05-19 06:27:12,987 DEBUG   355467264 bytes (355 MB) copied, 8.123252 s, 43.8 MB/s
2026-05-19 06:27:12,987 DEBUG   399507456 bytes (400 MB) copied, 9.127645 s, 43.8 MB/s
2026-05-19 06:27:12,987 DEBUG   450887680 bytes (451 MB) copied, 10.146667 s, 44.4 MB/s
2026-05-19 06:27:12,987 DEBUG   502267904 bytes (502 MB) copied, 11.222718 s, 44.8 MB/s
2026-05-19 06:27:12,987 DEBUG   547356672 bytes (547 MB) copied, 12.256684 s, 44.7 MB/s
2026-05-19 06:27:12,987 DEBUG   593494016 bytes (593 MB) copied, 13.256978 s, 44.8 MB/s
2026-05-19 06:27:12,987 DEBUG   632291328 bytes (632 MB) copied, 14.291739 s, 44.2 MB/s
2026-05-19 06:27:12,987 DEBUG   672137216 bytes (672 MB) copied, 15.325697 s, 43.9 MB/s
2026-05-19 06:27:12,988 DEBUG   714080256 bytes (714 MB) copied, 16.333100 s, 43.7 MB/s
2026-05-19 06:27:12,988 DEBUG   760217600 bytes (760 MB) copied, 17.362738 s, 43.8 MB/s
2026-05-19 06:27:12,988 DEBUG   801112064 bytes (801 MB) copied, 18.400064 s, 43.5 MB/s
2026-05-19 06:27:12,988 DEBUG   846200832 bytes (846 MB) copied, 19.411237 s, 43.6 MB/s
2026-05-19 06:27:12,988 DEBUG   888143872 bytes (888 MB) copied, 20.456646 s, 43.4 MB/s
2026-05-19 06:27:12,988 DEBUG   931135488 bytes (931 MB) copied, 21.484735 s, 43.3 MB/s
2026-05-19 06:27:12,988 DEBUG   975175680 bytes (975 MB) copied, 22.589900 s, 43.2 MB/s
2026-05-19 06:27:12,988 DEBUG   BULK_SNAP_T guest_start 1779139600.837325177
2026-05-19 06:27:12,988 DEBUG   1019215872 bytes (1.0 GB) copied, 23.591853 s, 43.2 MB/s
2026-05-19 06:27:12,988 DEBUG   BULK_SNAP_T pipeline_start 1779139600.842281897
2026-05-19 06:27:12,988 DEBUG   1055916032 bytes (1.1 GB) copied, 24.646816 s, 42.8 MB/s
2026-05-19 06:27:12,988 DEBUG   BULK_SNAP_T pipeline_done 1779139630.267234539
2026-05-19 06:27:12,988 DEBUG   1024+0 records in
2026-05-19 06:27:12,989 DEBUG   BULK_SNAP_T guest_end 1779139630.269839186
2026-05-19 06:27:12,989 DEBUG   1024+0 records out
2026-05-19 06:27:12,989 DEBUG   
2026-05-19 06:27:12,989 DEBUG   1073741824 bytes (1.1 GB) copied, 25.1428 s, 42.7 MB/s
2026-05-19 06:27:12,989 DEBUG   17825792 bytes (18 MB) copied, 1.031700 s, 17.3 MB/s
2026-05-19 06:27:12,989 DEBUG   OK (disk op exit 0)
2026-05-19 06:27:12,989 DEBUG   33554432 bytes (34 MB) copied, 2.045382 s, 16.4 MB/s
2026-05-19 06:27:12,989 WARNING Guest disk op wall 27.0s (vm='ahv_ins_delete-0-260514-183015' ip=10.114.48.29 op=create ec=0) — includes SSH + guest disk command; if still high, check guest disk throughput vs. MiB settings.
2026-05-19 06:27:12,989 DEBUG   61865984 bytes (62 MB) copied, 3.066814 s, 20.2 MB/s
2026-05-19 06:27:12,990 DEBUG [54/556] VM 40c6b345… (ahv_ins_delete-0-260514-183549) via 10.114.51.48 op=create
2026-05-19 06:27:12,990 DEBUG   97517568 bytes (98 MB) copied, 4.097894 s, 23.8 MB/s
2026-05-19 06:27:12,990 DEBUG   remote: bash -lc 'set -e; _bs(){ printf '"'"'BULK_SNAP_T %s %s\n'"'"' "$1" "$(date +%s.%N 2>/dev/null || date +%s)"; }; _bs guest_start; _bs pipeline_start; openssl enc -aes-256-ctr -pass pass:"testing" -nosalt < /dev/zero 2>/dev/null | dd of=/root/dummy_snapshot_data_1.img bs=1M count=1024 iflag=fullblock status=progress; ec=$?; _bs pipeline_done; _bs guest_end; exit $ec'
2026-05-19 06:27:12,990 DEBUG   135266304 bytes (135 MB) copied, 5.147785 s, 26.3 MB/s
2026-05-19 06:27:12,990 DEBUG   173015040 bytes (173 MB) copied, 6.166152 s, 28.1 MB/s
2026-05-19 06:27:12,991 DEBUG   217055232 bytes (217 MB) copied, 7.201662 s, 30.1 MB/s
2026-05-19 06:27:12,991 DEBUG   258998272 bytes (259 MB) copied, 8.215682 s, 31.5 MB/s
2026-05-19 06:27:12,993 DEBUG   299892736 bytes (300 MB) copied, 9.219869 s, 32.5 MB/s
2026-05-19 06:27:12,993 DEBUG   341835776 bytes (342 MB) copied, 10.238933 s, 33.4 MB/s
2026-05-19 06:27:12,993 DEBUG   380633088 bytes (381 MB) copied, 11.268798 s, 33.8 MB/s
2026-05-19 06:27:12,993 DEBUG   419430400 bytes (419 MB) copied, 12.285600 s, 34.1 MB/s
2026-05-19 06:27:12,993 DEBUG   459276288 bytes (459 MB) copied, 13.313688 s, 34.5 MB/s
2026-05-19 06:27:12,993 DEBUG   497025024 bytes (497 MB) copied, 14.332730 s, 34.7 MB/s
2026-05-19 06:27:12,993 DEBUG   536870912 bytes (537 MB) copied, 15.353670 s, 35.0 MB/s
2026-05-19 06:27:12,994 DEBUG   573571072 bytes (574 MB) copied, 16.370671 s, 35.0 MB/s
2026-05-19 06:27:12,994 DEBUG   611319808 bytes (611 MB) copied, 17.384987 s, 35.2 MB/s
2026-05-19 06:27:12,994 DEBUG   650117120 bytes (650 MB) copied, 18.396619 s, 35.3 MB/s
2026-05-19 06:27:12,994 DEBUG   698351616 bytes (698 MB) copied, 19.399694 s, 36.0 MB/s
2026-05-19 06:27:12,994 DEBUG   745537536 bytes (746 MB) copied, 20.422689 s, 36.5 MB/s
2026-05-19 06:27:12,994 DEBUG   782237696 bytes (782 MB) copied, 21.436637 s, 36.5 MB/s
2026-05-19 06:27:12,994 DEBUG   823132160 bytes (823 MB) copied, 22.461709 s, 36.6 MB/s
2026-05-19 06:27:12,994 DEBUG   856686592 bytes (857 MB) copied, 23.471613 s, 36.5 MB/s
2026-05-19 06:27:12,994 DEBUG   893386752 bytes (893 MB) copied, 24.500677 s, 36.5 MB/s
2026-05-19 06:27:12,994 DEBUG   929038336 bytes (929 MB) copied, 25.503057 s, 36.4 MB/s
2026-05-19 06:27:12,994 DEBUG   963641344 bytes (964 MB) copied, 26.515565 s, 36.3 MB/s
2026-05-19 06:27:12,994 DEBUG   1005584384 bytes (1.0 GB) copied, 27.528640 s, 36.5 MB/s
2026-05-19 06:27:12,994 DEBUG   1047527424 bytes (1.0 GB) copied, 28.556687 s, 36.7 MB/s
2026-05-19 06:27:12,994 DEBUG   1024+0 records in
2026-05-19 06:27:12,994 DEBUG   1024+0 records out
2026-05-19 06:27:12,994 DEBUG   1073741824 bytes (1.1 GB) copied, 29.3138 s, 36.6 MB/s
2026-05-19 06:27:12,994 DEBUG   OK (disk op exit 0)
2026-05-19 06:27:12,994 WARNING Guest disk op wall 31.3s (vm='ahv_ins_delete-0-260514-182542' ip=10.114.52.53 op=create ec=0) — includes SSH + guest disk command; if still high, check guest disk throughput vs. MiB settings.
2026-05-19 06:27:12,995 DEBUG [55/556] VM 1d2a9b9b… (ahv_ins_delete-0-260514-183555) via 10.114.48.182 op=create
2026-05-19 06:27:12,995 DEBUG   remote: bash -lc 'set -e; _bs(){ printf '"'"'BULK_SNAP_T %s %s\n'"'"' "$1" "$(date +%s.%N 2>/dev/null || date +%s)"; }; _bs guest_start; _bs pipeline_start; openssl enc -aes-256-ctr -pass pass:"testing" -nosalt < /dev/zero 2>/dev/null | dd of=/root/dummy_snapshot_data_1.img bs=1M count=1024 iflag=fullblock status=progress; ec=$?; _bs pipeline_done; _bs guest_end; exit $ec'
2026-05-19 06:27:15,742 DEBUG   BULK_SNAP_T guest_start 1779139599.114153065
2026-05-19 06:27:15,742 DEBUG   BULK_SNAP_T pipeline_start 1779139599.119431627
2026-05-19 06:27:15,742 DEBUG   BULK_SNAP_T pipeline_done 1779139632.149546685
2026-05-19 06:27:15,742 DEBUG   BULK_SNAP_T guest_end 1779139632.159623300
2026-05-19 06:27:15,742 DEBUG   
2026-05-19 06:27:15,742 DEBUG   23068672 bytes (23 MB) copied, 1.136538 s, 20.3 MB/s
2026-05-19 06:27:15,742 DEBUG   39845888 bytes (40 MB) copied, 2.230653 s, 17.9 MB/s
2026-05-19 06:27:15,742 DEBUG   65011712 bytes (65 MB) copied, 3.231464 s, 20.1 MB/s
2026-05-19 06:27:15,742 DEBUG   95420416 bytes (95 MB) copied, 4.296733 s, 22.2 MB/s
2026-05-19 06:27:15,742 DEBUG   134217728 bytes (134 MB) copied, 5.304244 s, 25.3 MB/s
2026-05-19 06:27:15,742 DEBUG   175112192 bytes (175 MB) copied, 6.308742 s, 27.8 MB/s
2026-05-19 06:27:15,742 DEBUG   216006656 bytes (216 MB) copied, 7.309210 s, 29.6 MB/s
2026-05-19 06:27:15,742 DEBUG   255852544 bytes (256 MB) copied, 8.340264 s, 30.7 MB/s
2026-05-19 06:27:15,742 DEBUG   292552704 bytes (293 MB) copied, 9.374608 s, 31.2 MB/s
2026-05-19 06:27:15,742 DEBUG   333447168 bytes (333 MB) copied, 10.413198 s, 32.0 MB/s
2026-05-19 06:27:15,742 DEBUG   369098752 bytes (369 MB) copied, 11.418512 s, 32.3 MB/s
2026-05-19 06:27:15,742 DEBUG   403701760 bytes (404 MB) copied, 12.439231 s, 32.5 MB/s
2026-05-19 06:27:15,742 DEBUG   436207616 bytes (436 MB) copied, 13.444222 s, 32.4 MB/s
2026-05-19 06:27:15,742 DEBUG   465567744 bytes (466 MB) copied, 14.475353 s, 32.2 MB/s
2026-05-19 06:27:15,742 DEBUG   500170752 bytes (500 MB) copied, 15.513265 s, 32.2 MB/s
2026-05-19 06:27:15,742 DEBUG   533725184 bytes (534 MB) copied, 16.531359 s, 32.3 MB/s
2026-05-19 06:27:15,742 DEBUG   564133888 bytes (564 MB) copied, 17.599339 s, 32.1 MB/s
2026-05-19 06:27:15,742 DEBUG   596639744 bytes (597 MB) copied, 18.603328 s, 32.1 MB/s
2026-05-19 06:27:15,742 DEBUG   631242752 bytes (631 MB) copied, 19.624252 s, 32.2 MB/s
2026-05-19 06:27:15,742 DEBUG   663748608 bytes (664 MB) copied, 20.631918 s, 32.2 MB/s
2026-05-19 06:27:15,742 DEBUG   698351616 bytes (698 MB) copied, 21.644306 s, 32.3 MB/s
2026-05-19 06:27:15,742 DEBUG   728760320 bytes (729 MB) copied, 22.652241 s, 32.2 MB/s
2026-05-19 06:27:15,742 DEBUG   760217600 bytes (760 MB) copied, 23.658201 s, 32.1 MB/s
2026-05-19 06:27:15,742 DEBUG   794820608 bytes (795 MB) copied, 24.659250 s, 32.2 MB/s
2026-05-19 06:27:15,742 DEBUG   829423616 bytes (829 MB) copied, 25.690244 s, 32.3 MB/s
2026-05-19 06:27:15,742 DEBUG   862978048 bytes (863 MB) copied, 26.732265 s, 32.3 MB/s
2026-05-19 06:27:15,742 DEBUG   897581056 bytes (898 MB) copied, 27.733559 s, 32.4 MB/s
2026-05-19 06:27:15,742 DEBUG   931135488 bytes (931 MB) copied, 28.773234 s, 32.4 MB/s
2026-05-19 06:27:15,743 DEBUG   966787072 bytes (967 MB) copied, 29.818274 s, 32.4 MB/s
2026-05-19 06:27:15,743 DEBUG   999292928 bytes (999 MB) copied, 30.862158 s, 32.4 MB/s
2026-05-19 06:27:15,743 DEBUG   1039138816 bytes (1.0 GB) copied, 31.913274 s, 32.6 MB/s
2026-05-19 06:27:15,743 DEBUG   1024+0 records in
2026-05-19 06:27:15,743 DEBUG   1024+0 records out
2026-05-19 06:27:15,743 DEBUG   1073741824 bytes (1.1 GB) copied, 32.9103 s, 32.6 MB/s
2026-05-19 06:27:15,743 DEBUG   OK (disk op exit 0)
2026-05-19 06:27:15,743 WARNING Guest disk op wall 34.8s (vm='ahv_ins_delete-0-260514-182536' ip=10.114.50.249 op=create ec=0) — includes SSH + guest disk command; if still high, check guest disk throughput vs. MiB settings.
2026-05-19 06:27:15,743 DEBUG [56/556] VM 2a86b61a… (ahv_ins_delete-0-260514-184128) via 10.114.51.75 op=create
2026-05-19 06:27:15,743 DEBUG   remote: bash -lc 'set -e; _bs(){ printf '"'"'BULK_SNAP_T %s %s\n'"'"' "$1" "$(date +%s.%N 2>/dev/null || date +%s)"; }; _bs guest_start; _bs pipeline_start; openssl enc -aes-256-ctr -pass pass:"testing" -nosalt < /dev/zero 2>/dev/null | dd of=/root/dummy_snapshot_data_1.img bs=1M count=1024 iflag=fullblock status=progress; ec=$?; _bs pipeline_done; _bs guest_end; exit $ec'
2026-05-19 06:27:16,746 DEBUG   BULK_SNAP_T guest_start 1779139604.646190790
2026-05-19 06:27:16,746 DEBUG   BULK_SNAP_T pipeline_start 1779139604.649768656
2026-05-19 06:27:16,746 DEBUG   BULK_SNAP_T pipeline_done 1779139634.005104915
2026-05-19 06:27:16,746 DEBUG   BULK_SNAP_T guest_end 1779139634.010521427
2026-05-19 06:27:16,746 DEBUG   
2026-05-19 06:27:16,746 DEBUG   16777216 bytes (17 MB) copied, 1.103053 s, 15.2 MB/s
2026-05-19 06:27:16,746 DEBUG   30408704 bytes (30 MB) copied, 2.142692 s, 14.2 MB/s
2026-05-19 06:27:16,746 DEBUG   51380224 bytes (51 MB) copied, 3.152266 s, 16.3 MB/s
2026-05-19 06:27:16,746 DEBUG   82837504 bytes (83 MB) copied, 4.232762 s, 19.6 MB/s
2026-05-19 06:27:16,746 DEBUG   126877696 bytes (127 MB) copied, 5.240677 s, 24.2 MB/s
2026-05-19 06:27:16,746 DEBUG   164626432 bytes (165 MB) copied, 6.255070 s, 26.3 MB/s
2026-05-19 06:27:16,746 DEBUG   207618048 bytes (208 MB) copied, 7.260611 s, 28.6 MB/s
2026-05-19 06:27:16,746 DEBUG   245366784 bytes (245 MB) copied, 8.270603 s, 29.7 MB/s
2026-05-19 06:27:16,746 DEBUG   284164096 bytes (284 MB) copied, 9.293617 s, 30.6 MB/s
2026-05-19 06:27:16,746 DEBUG   319815680 bytes (320 MB) copied, 10.301558 s, 31.0 MB/s
2026-05-19 06:27:16,746 DEBUG   358612992 bytes (359 MB) copied, 11.337641 s, 31.6 MB/s
2026-05-19 06:27:16,746 DEBUG   399507456 bytes (400 MB) copied, 12.367667 s, 32.3 MB/s
2026-05-19 06:27:16,746 DEBUG   433061888 bytes (433 MB) copied, 13.403818 s, 32.3 MB/s
2026-05-19 06:27:16,746 DEBUG   477102080 bytes (477 MB) copied, 14.417599 s, 33.1 MB/s
2026-05-19 06:27:16,746 DEBUG   519045120 bytes (519 MB) copied, 15.452666 s, 33.6 MB/s
2026-05-19 06:27:16,746 DEBUG   558891008 bytes (559 MB) copied, 16.489580 s, 33.9 MB/s
2026-05-19 06:27:16,747 DEBUG   597688320 bytes (598 MB) copied, 17.495623 s, 34.2 MB/s
2026-05-19 06:27:16,747 DEBUG   635437056 bytes (635 MB) copied, 18.516625 s, 34.3 MB/s
2026-05-19 06:27:16,747 DEBUG   667942912 bytes (668 MB) copied, 19.528336 s, 34.2 MB/s
2026-05-19 06:27:16,747 DEBUG   705691648 bytes (706 MB) copied, 20.556018 s, 34.3 MB/s
2026-05-19 06:27:16,747 DEBUG   747634688 bytes (748 MB) copied, 21.556585 s, 34.7 MB/s
2026-05-19 06:27:16,747 DEBUG   790626304 bytes (791 MB) copied, 22.577608 s, 35.0 MB/s
2026-05-19 06:27:16,747 DEBUG   831520768 bytes (832 MB) copied, 23.589718 s, 35.2 MB/s
2026-05-19 06:27:16,747 DEBUG   874512384 bytes (875 MB) copied, 24.592589 s, 35.6 MB/s
2026-05-19 06:27:16,747 DEBUG   916455424 bytes (916 MB) copied, 25.605617 s, 35.8 MB/s
2026-05-19 06:27:16,747 DEBUG   963641344 bytes (964 MB) copied, 26.637635 s, 36.2 MB/s
2026-05-19 06:27:16,747 DEBUG   1006632960 bytes (1.0 GB) copied, 27.662633 s, 36.4 MB/s
2026-05-19 06:27:16,747 DEBUG   1047527424 bytes (1.0 GB) copied, 28.662755 s, 36.5 MB/s
2026-05-19 06:27:16,747 DEBUG   1024+0 records in
2026-05-19 06:27:16,747 DEBUG   1024+0 records out
2026-05-19 06:27:16,747 DEBUG   1073741824 bytes (1.1 GB) copied, 29.2626 s, 36.7 MB/s
2026-05-19 06:27:16,747 DEBUG   OK (disk op exit 0)
2026-05-19 06:27:16,747 WARNING Guest disk op wall 30.8s (vm='ahv_ins_delete-0-260514-183021' ip=10.114.54.76 op=create ec=0) — includes SSH + guest disk command; if still high, check guest disk throughput vs. MiB settings.
2026-05-19 06:27:16,748 DEBUG [57/556] VM d551cf71… (ahv_ins_delete-0-260514-184129) via 10.114.48.33 op=create
2026-05-19 06:27:16,748 DEBUG   remote: bash -lc 'set -e; _bs(){ printf '"'"'BULK_SNAP_T %s %s\n'"'"' "$1" "$(date +%s.%N 2>/dev/null || date +%s)"; }; _bs guest_start; _bs pipeline_start; openssl enc -aes-256-ctr -pass pass:"testing" -nosalt < /dev/zero 2>/dev/null | dd of=/root/dummy_snapshot_data_1.img bs=1M count=1024 iflag=fullblock status=progress; ec=$?; _bs pipeline_done; _bs guest_end; exit $ec'
2026-05-19 06:27:16,996 DEBUG   BULK_SNAP_T guest_start 1779139604.210886100
2026-05-19 06:27:16,996 DEBUG   BULK_SNAP_T pipeline_start 1779139604.212831592
2026-05-19 06:27:16,996 DEBUG   BULK_SNAP_T pipeline_done 1779139633.485912704
2026-05-19 06:27:16,996 DEBUG   BULK_SNAP_T guest_end 1779139633.496319502
2026-05-19 06:27:16,996 DEBUG   
2026-05-19 06:27:16,996 DEBUG   15728640 bytes (16 MB) copied, 1.058642 s, 14.9 MB/s
2026-05-19 06:27:16,996 DEBUG   31457280 bytes (31 MB) copied, 2.084476 s, 15.1 MB/s
2026-05-19 06:27:16,996 DEBUG   53477376 bytes (53 MB) copied, 3.084530 s, 17.3 MB/s
2026-05-19 06:27:16,996 DEBUG   78643200 bytes (79 MB) copied, 4.089597 s, 19.2 MB/s
2026-05-19 06:27:16,996 DEBUG   114294784 bytes (114 MB) copied, 5.122793 s, 22.3 MB/s
2026-05-19 06:27:16,996 DEBUG   150994944 bytes (151 MB) copied, 6.125688 s, 24.6 MB/s
2026-05-19 06:27:16,996 DEBUG   191889408 bytes (192 MB) copied, 7.158585 s, 26.8 MB/s
2026-05-19 06:27:16,996 DEBUG   226492416 bytes (226 MB) copied, 8.181453 s, 27.7 MB/s
2026-05-19 06:27:16,996 DEBUG   264241152 bytes (264 MB) copied, 9.230519 s, 28.6 MB/s
2026-05-19 06:27:16,996 DEBUG   297795584 bytes (298 MB) copied, 10.285742 s, 29.0 MB/s
2026-05-19 06:27:16,996 DEBUG   342884352 bytes (343 MB) copied, 11.287498 s, 30.4 MB/s
2026-05-19 06:27:16,996 DEBUG   381681664 bytes (382 MB) copied, 12.326516 s, 31.0 MB/s
2026-05-19 06:27:16,996 DEBUG   422576128 bytes (423 MB) copied, 13.351545 s, 31.6 MB/s
2026-05-19 06:27:16,996 DEBUG   463470592 bytes (463 MB) copied, 14.383515 s, 32.2 MB/s
2026-05-19 06:27:16,996 DEBUG   502267904 bytes (502 MB) copied, 15.403580 s, 32.6 MB/s
2026-05-19 06:27:16,997 DEBUG   543162368 bytes (543 MB) copied, 16.430505 s, 33.1 MB/s
2026-05-19 06:27:16,997 DEBUG   580911104 bytes (581 MB) copied, 17.446508 s, 33.3 MB/s
2026-05-19 06:27:16,997 DEBUG   618659840 bytes (619 MB) copied, 18.462712 s, 33.5 MB/s
2026-05-19 06:27:16,997 DEBUG   663748608 bytes (664 MB) copied, 19.471832 s, 34.1 MB/s
2026-05-19 06:27:16,997 DEBUG   700448768 bytes (700 MB) copied, 20.486465 s, 34.2 MB/s
2026-05-19 06:27:16,997 DEBUG   746586112 bytes (747 MB) copied, 21.492598 s, 34.7 MB/s
2026-05-19 06:27:16,997 DEBUG   788529152 bytes (789 MB) copied, 22.535466 s, 35.0 MB/s
2026-05-19 06:27:16,997 DEBUG   825229312 bytes (825 MB) copied, 23.550628 s, 35.0 MB/s
2026-05-19 06:27:16,997 DEBUG   866123776 bytes (866 MB) copied, 24.567528 s, 35.3 MB/s
2026-05-19 06:27:16,997 DEBUG   908066816 bytes (908 MB) copied, 25.569577 s, 35.5 MB/s
2026-05-19 06:27:16,997 DEBUG   954204160 bytes (954 MB) copied, 26.587604 s, 35.9 MB/s
2026-05-19 06:27:16,997 DEBUG   1003487232 bytes (1.0 GB) copied, 27.589107 s, 36.4 MB/s
2026-05-19 06:27:16,997 DEBUG   1044381696 bytes (1.0 GB) copied, 28.613476 s, 36.5 MB/s
2026-05-19 06:27:16,997 DEBUG   1024+0 records in
2026-05-19 06:27:16,997 DEBUG   1024+0 records out
2026-05-19 06:27:16,997 DEBUG   1073741824 bytes (1.1 GB) copied, 29.1621 s, 36.8 MB/s
2026-05-19 06:27:16,997 DEBUG   OK (disk op exit 0)
2026-05-19 06:27:16,997 WARNING Guest disk op wall 30.8s (vm='ahv_ins_delete-0-260514-183022' ip=10.114.53.12 op=create ec=0) — includes SSH + guest disk command; if still high, check guest disk throughput vs. MiB settings.
2026-05-19 06:27:16,998 DEBUG [58/556] VM f1009fe6… (ahv_ins_delete-0-260514-184132) via 10.114.50.190 op=create
2026-05-19 06:27:16,998 DEBUG   remote: bash -lc 'set -e; _bs(){ printf '"'"'BULK_SNAP_T %s %s\n'"'"' "$1" "$(date +%s.%N 2>/dev/null || date +%s)"; }; _bs guest_start; _bs pipeline_start; openssl enc -aes-256-ctr -pass pass:"testing" -nosalt < /dev/zero 2>/dev/null | dd of=/root/dummy_snapshot_data_1.img bs=1M count=1024 iflag=fullblock status=progress; ec=$?; _bs pipeline_done; _bs guest_end; exit $ec'
2026-05-19 06:27:18,985 DEBUG   BULK_SNAP_T guest_start 1779139607.959405460
2026-05-19 06:27:18,985 DEBUG   BULK_SNAP_T pipeline_start 1779139607.963011546
2026-05-19 06:27:18,985 DEBUG   BULK_SNAP_T pipeline_done 1779139636.042378101
2026-05-19 06:27:18,986 DEBUG   BULK_SNAP_T guest_end 1779139636.061174938
2026-05-19 06:27:18,986 DEBUG   
2026-05-19 06:27:18,986 DEBUG   27262976 bytes (27 MB) copied, 1.136458 s, 24.0 MB/s
2026-05-19 06:27:18,986 DEBUG   59768832 bytes (60 MB) copied, 2.183163 s, 27.4 MB/s
2026-05-19 06:27:18,986 DEBUG   95420416 bytes (95 MB) copied, 3.220365 s, 29.6 MB/s
2026-05-19 06:27:18,986 DEBUG   138412032 bytes (138 MB) copied, 4.234116 s, 32.7 MB/s
2026-05-19 06:27:18,986 DEBUG   174063616 bytes (174 MB) copied, 5.241462 s, 33.2 MB/s
2026-05-19 06:27:18,986 DEBUG   212860928 bytes (213 MB) copied, 6.249433 s, 34.1 MB/s
2026-05-19 06:27:18,986 DEBUG   251658240 bytes (252 MB) copied, 7.292148 s, 34.5 MB/s
2026-05-19 06:27:18,986 DEBUG   285212672 bytes (285 MB) copied, 8.311114 s, 34.3 MB/s
2026-05-19 06:27:18,986 DEBUG   318767104 bytes (319 MB) copied, 9.313624 s, 34.2 MB/s
2026-05-19 06:27:18,986 DEBUG   356515840 bytes (357 MB) copied, 10.361327 s, 34.4 MB/s
2026-05-19 06:27:18,986 DEBUG   395313152 bytes (395 MB) copied, 11.363128 s, 34.8 MB/s
2026-05-19 06:27:18,986 DEBUG   442499072 bytes (442 MB) copied, 12.372188 s, 35.8 MB/s
2026-05-19 06:27:18,986 DEBUG   485490688 bytes (485 MB) copied, 13.376304 s, 36.3 MB/s
2026-05-19 06:27:18,986 DEBUG   522190848 bytes (522 MB) copied, 14.397279 s, 36.3 MB/s
2026-05-19 06:27:18,986 DEBUG   557842432 bytes (558 MB) copied, 15.407442 s, 36.2 MB/s
2026-05-19 06:27:18,986 DEBUG   594542592 bytes (595 MB) copied, 16.409236 s, 36.2 MB/s
2026-05-19 06:27:18,986 DEBUG   634388480 bytes (634 MB) copied, 17.465193 s, 36.3 MB/s
2026-05-19 06:27:18,986 DEBUG   680525824 bytes (681 MB) copied, 18.482146 s, 36.8 MB/s
2026-05-19 06:27:18,986 DEBUG   718274560 bytes (718 MB) copied, 19.499400 s, 36.8 MB/s
2026-05-19 06:27:18,986 DEBUG   751828992 bytes (752 MB) copied, 20.534157 s, 36.6 MB/s
2026-05-19 06:27:18,986 DEBUG   791674880 bytes (792 MB) copied, 21.551698 s, 36.7 MB/s
2026-05-19 06:27:18,986 DEBUG   830472192 bytes (830 MB) copied, 22.586122 s, 36.8 MB/s
2026-05-19 06:27:18,986 DEBUG   873463808 bytes (873 MB) copied, 23.599134 s, 37.0 MB/s
2026-05-19 06:27:18,986 DEBUG   918552576 bytes (919 MB) copied, 24.645173 s, 37.3 MB/s
2026-05-19 06:27:18,986 DEBUG   964689920 bytes (965 MB) copied, 25.664531 s, 37.6 MB/s
2026-05-19 06:27:18,987 DEBUG   1019215872 bytes (1.0 GB) copied, 26.685193 s, 38.2 MB/s
2026-05-19 06:27:18,987 DEBUG   1060110336 bytes (1.1 GB) copied, 27.696186 s, 38.3 MB/s
2026-05-19 06:27:18,987 DEBUG   1024+0 records in
2026-05-19 06:27:18,987 DEBUG   1024+0 records out
2026-05-19 06:27:18,987 DEBUG   1073741824 bytes (1.1 GB) copied, 27.9767 s, 38.4 MB/s
2026-05-19 06:27:18,987 DEBUG   OK (disk op exit 0)
2026-05-19 06:27:18,987 WARNING Guest disk op wall 29.5s (vm='ahv_ins_delete-0-260514-183039' ip=10.114.48.164 op=create ec=0) — includes SSH + guest disk command; if still high, check guest disk throughput vs. MiB settings.
2026-05-19 06:27:18,987 DEBUG [59/556] VM 72e55ae1… (ahv_ins_delete-0-260514-184209) via 10.114.51.84 op=create
2026-05-19 06:27:18,987 DEBUG   remote: bash -lc 'set -e; _bs(){ printf '"'"'BULK_SNAP_T %s %s\n'"'"' "$1" "$(date +%s.%N 2>/dev/null || date +%s)"; }; _bs guest_start; _bs pipeline_start; openssl enc -aes-256-ctr -pass pass:"testing" -nosalt < /dev/zero 2>/dev/null | dd of=/root/dummy_snapshot_data_1.img bs=1M count=1024 iflag=fullblock status=progress; ec=$?; _bs pipeline_done; _bs guest_end; exit $ec'
2026-05-19 06:27:24,242 DEBUG   BULK_SNAP_T guest_start 1779139610.308855678
2026-05-19 06:27:24,242 DEBUG   BULK_SNAP_T pipeline_start 1779139610.314722565
2026-05-19 06:27:24,242 DEBUG   BULK_SNAP_T pipeline_done 1779139641.317338011
2026-05-19 06:27:24,242 DEBUG   BULK_SNAP_T guest_end 1779139641.322036986
2026-05-19 06:27:24,242 DEBUG   
2026-05-19 06:27:24,242 DEBUG   16777216 bytes (17 MB) copied, 1.001141 s, 16.8 MB/s
2026-05-19 06:27:24,242 DEBUG   37748736 bytes (38 MB) copied, 2.238822 s, 16.9 MB/s
2026-05-19 06:27:24,242 DEBUG   62914560 bytes (63 MB) copied, 3.245982 s, 19.4 MB/s
2026-05-19 06:27:24,242 DEBUG   87031808 bytes (87 MB) copied, 4.265739 s, 20.4 MB/s
2026-05-19 06:27:24,242 DEBUG   118489088 bytes (118 MB) copied, 5.369865 s, 22.1 MB/s
2026-05-19 06:27:24,242 DEBUG   153092096 bytes (153 MB) copied, 6.386637 s, 24.0 MB/s
2026-05-19 06:27:24,242 DEBUG   184549376 bytes (185 MB) copied, 7.394810 s, 25.0 MB/s
2026-05-19 06:27:24,242 DEBUG   216006656 bytes (216 MB) copied, 8.412669 s, 25.7 MB/s
2026-05-19 06:27:24,242 DEBUG   253755392 bytes (254 MB) copied, 9.479743 s, 26.8 MB/s
2026-05-19 06:27:24,242 DEBUG   293601280 bytes (294 MB) copied, 10.490622 s, 28.0 MB/s
2026-05-19 06:27:24,242 DEBUG   336592896 bytes (337 MB) copied, 11.508724 s, 29.2 MB/s
2026-05-19 06:27:24,242 DEBUG   371195904 bytes (371 MB) copied, 12.514747 s, 29.7 MB/s
2026-05-19 06:27:24,242 DEBUG   408944640 bytes (409 MB) copied, 13.550117 s, 30.2 MB/s
2026-05-19 06:27:24,242 DEBUG   444596224 bytes (445 MB) copied, 14.552676 s, 30.6 MB/s
2026-05-19 06:27:24,242 DEBUG   483393536 bytes (483 MB) copied, 15.553984 s, 31.1 MB/s
2026-05-19 06:27:24,242 DEBUG   524288000 bytes (524 MB) copied, 16.570909 s, 31.6 MB/s
2026-05-19 06:27:24,242 DEBUG   560988160 bytes (561 MB) copied, 17.603754 s, 31.9 MB/s
2026-05-19 06:27:24,242 DEBUG   599785472 bytes (600 MB) copied, 18.629666 s, 32.2 MB/s
2026-05-19 06:27:24,242 DEBUG   637534208 bytes (638 MB) copied, 19.632848 s, 32.5 MB/s
2026-05-19 06:27:24,242 DEBUG   681574400 bytes (682 MB) copied, 20.639920 s, 33.0 MB/s
2026-05-19 06:27:24,243 DEBUG   722468864 bytes (722 MB) copied, 21.643144 s, 33.4 MB/s
2026-05-19 06:27:24,243 DEBUG   760217600 bytes (760 MB) copied, 22.659661 s, 33.5 MB/s
2026-05-19 06:27:24,243 DEBUG   799014912 bytes (799 MB) copied, 23.702818 s, 33.7 MB/s
2026-05-19 06:27:24,243 DEBUG   842006528 bytes (842 MB) copied, 24.706164 s, 34.1 MB/s
2026-05-19 06:27:24,243 DEBUG   879755264 bytes (880 MB) copied, 25.721901 s, 34.2 MB/s
2026-05-19 06:27:24,243 DEBUG   917504000 bytes (918 MB) copied, 26.730733 s, 34.3 MB/s
2026-05-19 06:27:24,243 DEBUG   955252736 bytes (955 MB) copied, 27.759832 s, 34.4 MB/s
2026-05-19 06:27:24,243 DEBUG   986710016 bytes (987 MB) copied, 28.761699 s, 34.3 MB/s
2026-05-19 06:27:24,243 DEBUG   1030750208 bytes (1.0 GB) copied, 29.771047 s, 34.6 MB/s
2026-05-19 06:27:24,243 DEBUG   1068498944 bytes (1.1 GB) copied, 30.773673 s, 34.7 MB/s
2026-05-19 06:27:24,243 DEBUG   1024+0 records in
2026-05-19 06:27:24,243 DEBUG   1024+0 records out
2026-05-19 06:27:24,243 DEBUG   1073741824 bytes (1.1 GB) copied, 30.9014 s, 34.7 MB/s
2026-05-19 06:27:24,243 DEBUG   OK (disk op exit 0)
2026-05-19 06:27:24,243 WARNING Guest disk op wall 32.8s (vm='ahv_ins_delete-0-260514-183102' ip=10.114.51.38 op=create ec=0) — includes SSH + guest disk command; if still high, check guest disk throughput vs. MiB settings.
2026-05-19 06:27:24,243 DEBUG [60/556] VM 229fa1f1… (ahv_ins_delete-0-260514-184210) via 10.114.51.129 op=create
2026-05-19 06:27:24,244 DEBUG   remote: bash -lc 'set -e; _bs(){ printf '"'"'BULK_SNAP_T %s %s\n'"'"' "$1" "$(date +%s.%N 2>/dev/null || date +%s)"; }; _bs guest_start; _bs pipeline_start; openssl enc -aes-256-ctr -pass pass:"testing" -nosalt < /dev/zero 2>/dev/null | dd of=/root/dummy_snapshot_data_1.img bs=1M count=1024 iflag=fullblock status=progress; ec=$?; _bs pipeline_done; _bs guest_end; exit $ec'
2026-05-19 06:27:34,004 DEBUG   BULK_SNAP_T guest_start 1779139621.876966612
2026-05-19 06:27:34,005 DEBUG   BULK_SNAP_T pipeline_start 1779139621.881050633
2026-05-19 06:27:34,005 DEBUG   BULK_SNAP_T pipeline_done 1779139650.666284562
2026-05-19 06:27:34,005 DEBUG   BULK_SNAP_T guest_end 1779139650.669523161
2026-05-19 06:27:34,005 DEBUG   
2026-05-19 06:27:34,005 DEBUG   28311552 bytes (28 MB) copied, 1.003800 s, 28.2 MB/s
2026-05-19 06:27:34,005 DEBUG   54525952 bytes (55 MB) copied, 2.029221 s, 26.9 MB/s
2026-05-19 06:27:34,005 DEBUG   87031808 bytes (87 MB) copied, 3.067139 s, 28.4 MB/s
2026-05-19 06:27:34,005 DEBUG   131072000 bytes (131 MB) copied, 4.116111 s, 31.8 MB/s
2026-05-19 06:27:34,005 DEBUG   168820736 bytes (169 MB) copied, 5.129573 s, 32.9 MB/s
2026-05-19 06:27:34,005 DEBUG   208666624 bytes (209 MB) copied, 6.192096 s, 33.7 MB/s
2026-05-19 06:27:34,005 DEBUG   249561088 bytes (250 MB) copied, 7.195135 s, 34.7 MB/s
2026-05-19 06:27:34,005 DEBUG   290455552 bytes (290 MB) copied, 8.243150 s, 35.2 MB/s
2026-05-19 06:27:34,005 DEBUG   329252864 bytes (329 MB) copied, 9.245086 s, 35.6 MB/s
2026-05-19 06:27:34,005 DEBUG   370147328 bytes (370 MB) copied, 10.280236 s, 36.0 MB/s
2026-05-19 06:27:34,005 DEBUG   417333248 bytes (417 MB) copied, 11.294296 s, 37.0 MB/s
2026-05-19 06:27:34,005 DEBUG   457179136 bytes (457 MB) copied, 12.299159 s, 37.2 MB/s
2026-05-19 06:27:34,005 DEBUG   495976448 bytes (496 MB) copied, 13.299506 s, 37.3 MB/s
2026-05-19 06:27:34,005 DEBUG   532676608 bytes (533 MB) copied, 14.311240 s, 37.2 MB/s
2026-05-19 06:27:34,005 DEBUG   573571072 bytes (574 MB) copied, 15.323447 s, 37.4 MB/s
2026-05-19 06:27:34,005 DEBUG   607125504 bytes (607 MB) copied, 16.343413 s, 37.1 MB/s
2026-05-19 06:27:34,005 DEBUG   646971392 bytes (647 MB) copied, 17.368420 s, 37.2 MB/s
2026-05-19 06:27:34,005 DEBUG   682622976 bytes (683 MB) copied, 18.389192 s, 37.1 MB/s
2026-05-19 06:27:34,005 DEBUG   714080256 bytes (714 MB) copied, 19.425298 s, 36.8 MB/s
2026-05-19 06:27:34,005 DEBUG   752877568 bytes (753 MB) copied, 20.460250 s, 36.8 MB/s
2026-05-19 06:27:34,005 DEBUG   794820608 bytes (795 MB) copied, 21.474690 s, 37.0 MB/s
2026-05-19 06:27:34,005 DEBUG   837812224 bytes (838 MB) copied, 22.498301 s, 37.2 MB/s
2026-05-19 06:27:34,005 DEBUG   877658112 bytes (878 MB) copied, 23.512281 s, 37.3 MB/s
2026-05-19 06:27:34,005 DEBUG   917504000 bytes (918 MB) copied, 24.514145 s, 37.4 MB/s
2026-05-19 06:27:34,005 DEBUG   959447040 bytes (959 MB) copied, 25.520176 s, 37.6 MB/s
2026-05-19 06:27:34,005 DEBUG   1003487232 bytes (1.0 GB) copied, 26.529118 s, 37.8 MB/s
2026-05-19 06:27:34,005 DEBUG   1035993088 bytes (1.0 GB) copied, 27.536551 s, 37.6 MB/s
2026-05-19 06:27:34,005 DEBUG   1069547520 bytes (1.1 GB) copied, 28.539484 s, 37.5 MB/s
2026-05-19 06:27:34,005 DEBUG   1024+0 records in
2026-05-19 06:27:34,005 DEBUG   1024+0 records out
2026-05-19 06:27:34,005 DEBUG   1073741824 bytes (1.1 GB) copied, 28.6855 s, 37.4 MB/s
2026-05-19 06:27:34,005 DEBUG   OK (disk op exit 0)
2026-05-19 06:27:34,006 WARNING Guest disk op wall 30.5s (vm='ahv_ins_delete-0-260514-183539' ip=10.114.53.62 op=create ec=0) — includes SSH + guest disk command; if still high, check guest disk throughput vs. MiB settings.
2026-05-19 06:27:34,006 DEBUG [61/556] VM 17224b0e… (ahv_ins_delete-0-260514-184641) via 10.114.50.232 op=create
2026-05-19 06:27:34,006 DEBUG   remote: bash -lc 'set -e; _bs(){ printf '"'"'BULK_SNAP_T %s %s\n'"'"' "$1" "$(date +%s.%N 2>/dev/null || date +%s)"; }; _bs guest_start; _bs pipeline_start; openssl enc -aes-256-ctr -pass pass:"testing" -nosalt < /dev/zero 2>/dev/null | dd of=/root/dummy_snapshot_data_1.img bs=1M count=1024 iflag=fullblock status=progress; ec=$?; _bs pipeline_done; _bs guest_end; exit $ec'
2026-05-19 06:27:35,995 DEBUG   BULK_SNAP_T guest_start 1779139619.208354520
2026-05-19 06:27:35,995 DEBUG   BULK_SNAP_T pipeline_start 1779139619.211012162
2026-05-19 06:27:35,996 DEBUG   BULK_SNAP_T pipeline_done 1779139652.457586206
2026-05-19 06:27:35,996 DEBUG   BULK_SNAP_T guest_end 1779139652.459215348
2026-05-19 06:27:35,996 DEBUG   
2026-05-19 06:27:35,996 DEBUG   25165824 bytes (25 MB) copied, 1.012053 s, 24.9 MB/s
2026-05-19 06:27:35,996 DEBUG   57671680 bytes (58 MB) copied, 2.183954 s, 26.4 MB/s
2026-05-19 06:27:35,996 DEBUG   89128960 bytes (89 MB) copied, 3.242058 s, 27.5 MB/s
2026-05-19 06:27:35,996 DEBUG   120586240 bytes (121 MB) copied, 4.250558 s, 28.4 MB/s
2026-05-19 06:27:35,996 DEBUG   152043520 bytes (152 MB) copied, 5.272513 s, 28.8 MB/s
2026-05-19 06:27:35,996 DEBUG   183500800 bytes (184 MB) copied, 6.282754 s, 29.2 MB/s
2026-05-19 06:27:35,996 DEBUG   216006656 bytes (216 MB) copied, 7.302547 s, 29.6 MB/s
2026-05-19 06:27:35,996 DEBUG   249561088 bytes (250 MB) copied, 8.340572 s, 29.9 MB/s
2026-05-19 06:27:35,996 DEBUG   281018368 bytes (281 MB) copied, 9.344866 s, 30.1 MB/s
2026-05-19 06:27:35,996 DEBUG   312475648 bytes (312 MB) copied, 10.358820 s, 30.2 MB/s
2026-05-19 06:27:35,996 DEBUG   351272960 bytes (351 MB) copied, 11.393485 s, 30.8 MB/s
2026-05-19 06:27:35,996 DEBUG   386924544 bytes (387 MB) copied, 12.428550 s, 31.1 MB/s
2026-05-19 06:27:35,996 DEBUG   420478976 bytes (420 MB) copied, 13.477560 s, 31.2 MB/s
2026-05-19 06:27:35,996 DEBUG   455081984 bytes (455 MB) copied, 14.477591 s, 31.4 MB/s
2026-05-19 06:27:35,996 DEBUG   493879296 bytes (494 MB) copied, 15.480480 s, 31.9 MB/s
2026-05-19 06:27:35,996 DEBUG   529530880 bytes (530 MB) copied, 16.498606 s, 32.1 MB/s
2026-05-19 06:27:35,996 DEBUG   563085312 bytes (563 MB) copied, 17.509797 s, 32.2 MB/s
2026-05-19 06:27:35,996 DEBUG   598736896 bytes (599 MB) copied, 18.546570 s, 32.3 MB/s
2026-05-19 06:27:35,996 DEBUG   633339904 bytes (633 MB) copied, 19.555508 s, 32.4 MB/s
2026-05-19 06:27:35,996 DEBUG   670040064 bytes (670 MB) copied, 20.576604 s, 32.6 MB/s
2026-05-19 06:27:35,996 DEBUG   702545920 bytes (703 MB) copied, 21.604768 s, 32.5 MB/s
2026-05-19 06:27:35,996 DEBUG   737148928 bytes (737 MB) copied, 22.614105 s, 32.6 MB/s
2026-05-19 06:27:35,996 DEBUG   769654784 bytes (770 MB) copied, 23.635548 s, 32.6 MB/s
2026-05-19 06:27:35,996 DEBUG   801112064 bytes (801 MB) copied, 24.683503 s, 32.5 MB/s
2026-05-19 06:27:35,996 DEBUG   830472192 bytes (830 MB) copied, 25.706590 s, 32.3 MB/s
2026-05-19 06:27:35,996 DEBUG   866123776 bytes (866 MB) copied, 26.708264 s, 32.4 MB/s
2026-05-19 06:27:35,996 DEBUG   897581056 bytes (898 MB) copied, 27.742549 s, 32.4 MB/s
2026-05-19 06:27:35,996 DEBUG   931135488 bytes (931 MB) copied, 28.779798 s, 32.4 MB/s
2026-05-19 06:27:35,996 DEBUG   967835648 bytes (968 MB) copied, 29.805560 s, 32.5 MB/s
2026-05-19 06:27:35,996 DEBUG   996147200 bytes (996 MB) copied, 30.829521 s, 32.3 MB/s
2026-05-19 06:27:35,996 DEBUG   1033895936 bytes (1.0 GB) copied, 31.850524 s, 32.5 MB/s
2026-05-19 06:27:35,996 DEBUG   1067450368 bytes (1.1 GB) copied, 32.855882 s, 32.5 MB/s
2026-05-19 06:27:35,996 DEBUG   1024+0 records in
2026-05-19 06:27:35,996 DEBUG   1024+0 records out
2026-05-19 06:27:35,996 DEBUG   1073741824 bytes (1.1 GB) copied, 33.1446 s, 32.4 MB/s
2026-05-19 06:27:35,996 DEBUG   OK (disk op exit 0)
2026-05-19 06:27:35,996 WARNING Guest disk op wall 34.8s (vm='ahv_ins_delete-0-260514-183534' ip=10.114.50.246 op=create ec=0) — includes SSH + guest disk command; if still high, check guest disk throughput vs. MiB settings.
2026-05-19 06:27:35,997 DEBUG [62/556] VM e0ce1db9… (ahv_ins_delete-0-260514-184710) via 10.114.51.246 op=create
2026-05-19 06:27:35,997 DEBUG   remote: bash -lc 'set -e; _bs(){ printf '"'"'BULK_SNAP_T %s %s\n'"'"' "$1" "$(date +%s.%N 2>/dev/null || date +%s)"; }; _bs guest_start; _bs pipeline_start; openssl enc -aes-256-ctr -pass pass:"testing" -nosalt < /dev/zero 2>/dev/null | dd of=/root/dummy_snapshot_data_1.img bs=1M count=1024 iflag=fullblock status=progress; ec=$?; _bs pipeline_done; _bs guest_end; exit $ec'
2026-05-19 06:27:37,004 DEBUG   BULK_SNAP_T guest_start 1779139626.875654795
2026-05-19 06:27:37,004 DEBUG   BULK_SNAP_T pipeline_start 1779139626.878591380
2026-05-19 06:27:37,004 DEBUG   BULK_SNAP_T pipeline_done 1779139653.274314964
2026-05-19 06:27:37,004 DEBUG   BULK_SNAP_T guest_end 1779139653.789171990
2026-05-19 06:27:37,005 DEBUG   
2026-05-19 06:27:37,005 DEBUG   29360128 bytes (29 MB) copied, 1.016259 s, 28.9 MB/s
2026-05-19 06:27:37,005 DEBUG   52428800 bytes (52 MB) copied, 2.031316 s, 25.8 MB/s
2026-05-19 06:27:37,005 DEBUG   82837504 bytes (83 MB) copied, 3.069094 s, 27.0 MB/s
2026-05-19 06:27:37,005 DEBUG   135266304 bytes (135 MB) copied, 4.116058 s, 32.9 MB/s
2026-05-19 06:27:37,005 DEBUG   170917888 bytes (171 MB) copied, 5.132183 s, 33.3 MB/s
2026-05-19 06:27:37,005 DEBUG   214958080 bytes (215 MB) copied, 6.132551 s, 35.1 MB/s
2026-05-19 06:27:37,005 DEBUG   265289728 bytes (265 MB) copied, 7.150167 s, 37.1 MB/s
2026-05-19 06:27:37,005 DEBUG   301989888 bytes (302 MB) copied, 8.167042 s, 37.0 MB/s
2026-05-19 06:27:37,005 DEBUG   342884352 bytes (343 MB) copied, 9.176078 s, 37.4 MB/s
2026-05-19 06:27:37,005 DEBUG   384827392 bytes (385 MB) copied, 10.214242 s, 37.7 MB/s
2026-05-19 06:27:37,005 DEBUG   433061888 bytes (433 MB) copied, 11.222496 s, 38.6 MB/s
2026-05-19 06:27:37,005 DEBUG   473956352 bytes (474 MB) copied, 12.240074 s, 38.7 MB/s
2026-05-19 06:27:37,005 DEBUG   513802240 bytes (514 MB) copied, 13.265139 s, 38.7 MB/s
2026-05-19 06:27:37,005 DEBUG   549453824 bytes (549 MB) copied, 14.303060 s, 38.4 MB/s
2026-05-19 06:27:37,005 DEBUG   595591168 bytes (596 MB) copied, 15.306055 s, 38.9 MB/s
2026-05-19 06:27:37,005 DEBUG   645922816 bytes (646 MB) copied, 16.336046 s, 39.5 MB/s
2026-05-19 06:27:37,005 DEBUG   687865856 bytes (688 MB) copied, 17.366440 s, 39.6 MB/s
2026-05-19 06:27:37,005 DEBUG   742391808 bytes (742 MB) copied, 18.379066 s, 40.4 MB/s
2026-05-19 06:27:37,005 DEBUG   786432000 bytes (786 MB) copied, 19.386571 s, 40.6 MB/s
2026-05-19 06:27:37,005 DEBUG   823132160 bytes (823 MB) copied, 20.406140 s, 40.3 MB/s
2026-05-19 06:27:37,005 DEBUG   874512384 bytes (875 MB) copied, 21.423409 s, 40.8 MB/s
2026-05-19 06:27:37,005 DEBUG   918552576 bytes (919 MB) copied, 22.456333 s, 40.9 MB/s
2026-05-19 06:27:37,005 DEBUG   954204160 bytes (954 MB) copied, 23.459348 s, 40.7 MB/s
2026-05-19 06:27:37,005 DEBUG   1003487232 bytes (1.0 GB) copied, 24.471052 s, 41.0 MB/s
2026-05-19 06:27:37,005 DEBUG   1044381696 bytes (1.0 GB) copied, 25.477288 s, 41.0 MB/s
2026-05-19 06:27:37,005 DEBUG   1024+0 records in
2026-05-19 06:27:37,005 DEBUG   1024+0 records out
2026-05-19 06:27:37,005 DEBUG   1073741824 bytes (1.1 GB) copied, 26.2592 s, 40.9 MB/s
2026-05-19 06:27:37,005 DEBUG   OK (disk op exit 0)
2026-05-19 06:27:37,005 WARNING Guest disk op wall 28.8s (vm='ahv_ins_delete-0-260514-183544' ip=10.114.49.170 op=create ec=0) — includes SSH + guest disk command; if still high, check guest disk throughput vs. MiB settings.
2026-05-19 06:27:37,006 DEBUG [63/556] VM a9e11a2b… (ahv_ins_delete-0-260514-184712) via 10.114.50.103 op=create
2026-05-19 06:27:37,006 DEBUG   remote: bash -lc 'set -e; _bs(){ printf '"'"'BULK_SNAP_T %s %s\n'"'"' "$1" "$(date +%s.%N 2>/dev/null || date +%s)"; }; _bs guest_start; _bs pipeline_start; openssl enc -aes-256-ctr -pass pass:"testing" -nosalt < /dev/zero 2>/dev/null | dd of=/root/dummy_snapshot_data_1.img bs=1M count=1024 iflag=fullblock status=progress; ec=$?; _bs pipeline_done; _bs guest_end; exit $ec'
2026-05-19 06:27:44,258 DEBUG   BULK_SNAP_T guest_start 1779139631.082296713
2026-05-19 06:27:44,259 DEBUG   BULK_SNAP_T pipeline_start 1779139631.089957326
2026-05-19 06:27:44,259 DEBUG   BULK_SNAP_T pipeline_done 1779139660.835783483
2026-05-19 06:27:44,259 DEBUG   BULK_SNAP_T guest_end 1779139660.838876078
2026-05-19 06:27:44,259 DEBUG   
2026-05-19 06:27:44,259 DEBUG   32505856 bytes (33 MB) copied, 1.001752 s, 32.4 MB/s
2026-05-19 06:27:44,259 DEBUG   74448896 bytes (74 MB) copied, 2.030707 s, 36.7 MB/s
2026-05-19 06:27:44,259 DEBUG   120586240 bytes (121 MB) copied, 3.061463 s, 39.4 MB/s
2026-05-19 06:27:44,259 DEBUG   157286400 bytes (157 MB) copied, 4.098698 s, 38.4 MB/s
2026-05-19 06:27:44,259 DEBUG   195035136 bytes (195 MB) copied, 5.136434 s, 38.0 MB/s
2026-05-19 06:27:44,259 DEBUG   243269632 bytes (243 MB) copied, 6.156074 s, 39.5 MB/s
2026-05-19 06:27:44,259 DEBUG   278921216 bytes (279 MB) copied, 7.180364 s, 38.8 MB/s
2026-05-19 06:27:44,259 DEBUG   314572800 bytes (315 MB) copied, 8.184797 s, 38.4 MB/s
2026-05-19 06:27:44,259 DEBUG   355467264 bytes (355 MB) copied, 9.217465 s, 38.6 MB/s
2026-05-19 06:27:44,259 DEBUG   390070272 bytes (390 MB) copied, 10.232810 s, 38.1 MB/s
2026-05-19 06:27:44,259 DEBUG   428867584 bytes (429 MB) copied, 11.234538 s, 38.2 MB/s
2026-05-19 06:27:44,259 DEBUG   470810624 bytes (471 MB) copied, 12.238982 s, 38.5 MB/s
2026-05-19 06:27:44,259 DEBUG   504365056 bytes (504 MB) copied, 13.283428 s, 38.0 MB/s
2026-05-19 06:27:44,259 DEBUG   546308096 bytes (546 MB) copied, 14.312725 s, 38.2 MB/s
2026-05-19 06:27:44,259 DEBUG   584056832 bytes (584 MB) copied, 15.321389 s, 38.1 MB/s
2026-05-19 06:27:44,259 DEBUG   620756992 bytes (621 MB) copied, 16.362582 s, 37.9 MB/s
2026-05-19 06:27:44,259 DEBUG   657457152 bytes (657 MB) copied, 17.375435 s, 37.8 MB/s
2026-05-19 06:27:44,259 DEBUG   692060160 bytes (692 MB) copied, 18.419432 s, 37.6 MB/s
2026-05-19 06:27:44,259 DEBUG   725614592 bytes (726 MB) copied, 19.437463 s, 37.3 MB/s
2026-05-19 06:27:44,259 DEBUG   763363328 bytes (763 MB) copied, 20.459429 s, 37.3 MB/s
2026-05-19 06:27:44,259 DEBUG   796917760 bytes (797 MB) copied, 21.459437 s, 37.1 MB/s
2026-05-19 06:27:44,259 DEBUG   836763648 bytes (837 MB) copied, 22.524638 s, 37.1 MB/s
2026-05-19 06:27:44,259 DEBUG   865075200 bytes (865 MB) copied, 23.524665 s, 36.8 MB/s
2026-05-19 06:27:44,259 DEBUG   897581056 bytes (898 MB) copied, 24.577438 s, 36.5 MB/s
2026-05-19 06:27:44,259 DEBUG   933232640 bytes (933 MB) copied, 25.587454 s, 36.5 MB/s
2026-05-19 06:27:44,259 DEBUG   972029952 bytes (972 MB) copied, 26.648436 s, 36.5 MB/s
2026-05-19 06:27:44,259 DEBUG   1008730112 bytes (1.0 GB) copied, 27.685480 s, 36.4 MB/s
2026-05-19 06:27:44,259 DEBUG   1045430272 bytes (1.0 GB) copied, 28.719401 s, 36.4 MB/s
2026-05-19 06:27:44,259 DEBUG   1024+0 records in
2026-05-19 06:27:44,259 DEBUG   1024+0 records out
2026-05-19 06:27:44,259 DEBUG   1073741824 bytes (1.1 GB) copied, 29.6496 s, 36.2 MB/s
2026-05-19 06:27:44,259 DEBUG   OK (disk op exit 0)
2026-05-19 06:27:44,259 WARNING Guest disk op wall 31.3s (vm='ahv_ins_delete-0-260514-183549' ip=10.114.51.48 op=create ec=0) — includes SSH + guest disk command; if still high, check guest disk throughput vs. MiB settings.
2026-05-19 06:27:44,260 DEBUG [64/556] VM 85c4e3b7… (ahv_ins_delete-0-260514-184721) via 10.114.53.82 op=create
2026-05-19 06:27:44,260 DEBUG   remote: bash -lc 'set -e; _bs(){ printf '"'"'BULK_SNAP_T %s %s\n'"'"' "$1" "$(date +%s.%N 2>/dev/null || date +%s)"; }; _bs guest_start; _bs pipeline_start; openssl enc -aes-256-ctr -pass pass:"testing" -nosalt < /dev/zero 2>/dev/null | dd of=/root/dummy_snapshot_data_1.img bs=1M count=1024 iflag=fullblock status=progress; ec=$?; _bs pipeline_done; _bs guest_end; exit $ec'
2026-05-19 06:27:45,763 DEBUG   BULK_SNAP_T guest_start 1779139631.357176529
2026-05-19 06:27:45,763 DEBUG   BULK_SNAP_T guest_start 1779139634.203422920
2026-05-19 06:27:45,763 DEBUG   BULK_SNAP_T pipeline_start 1779139631.363470155
2026-05-19 06:27:45,763 DEBUG   BULK_SNAP_T pipeline_start 1779139634.211157338
2026-05-19 06:27:45,763 DEBUG   BULK_SNAP_T pipeline_done 1779139662.567032188
2026-05-19 06:27:45,763 DEBUG   BULK_SNAP_T pipeline_done 1779139662.391732962
2026-05-19 06:27:45,764 DEBUG   BULK_SNAP_T guest_end 1779139662.575261943
2026-05-19 06:27:45,764 DEBUG   BULK_SNAP_T guest_end 1779139662.410817228
2026-05-19 06:27:45,764 DEBUG   
2026-05-19 06:27:45,764 DEBUG   
2026-05-19 06:27:45,764 DEBUG   18874368 bytes (19 MB) copied, 1.062528 s, 17.8 MB/s
2026-05-19 06:27:45,764 DEBUG   20971520 bytes (21 MB) copied, 1.019201 s, 20.6 MB/s
2026-05-19 06:27:45,764 DEBUG   46137344 bytes (46 MB) copied, 2.306416 s, 20.0 MB/s
2026-05-19 06:27:45,764 DEBUG   53477376 bytes (53 MB) copied, 2.039829 s, 26.2 MB/s
2026-05-19 06:27:45,764 DEBUG   80740352 bytes (81 MB) copied, 3.351400 s, 24.1 MB/s
2026-05-19 06:27:45,764 DEBUG   94371840 bytes (94 MB) copied, 3.078828 s, 30.7 MB/s
2026-05-19 06:27:45,764 DEBUG   118489088 bytes (118 MB) copied, 4.361730 s, 27.2 MB/s
2026-05-19 06:27:45,764 DEBUG   134217728 bytes (134 MB) copied, 4.111509 s, 32.6 MB/s
2026-05-19 06:27:45,764 DEBUG   146800640 bytes (147 MB) copied, 5.362428 s, 27.4 MB/s
2026-05-19 06:27:45,764 DEBUG   173015040 bytes (173 MB) copied, 5.116298 s, 33.8 MB/s
2026-05-19 06:27:45,764 DEBUG   179306496 bytes (179 MB) copied, 6.375299 s, 28.1 MB/s
2026-05-19 06:27:45,764 DEBUG   213909504 bytes (214 MB) copied, 6.178283 s, 34.6 MB/s
2026-05-19 06:27:45,764 DEBUG   217055232 bytes (217 MB) copied, 7.377732 s, 29.4 MB/s
2026-05-19 06:27:45,764 DEBUG   252706816 bytes (253 MB) copied, 7.185350 s, 35.2 MB/s
2026-05-19 06:27:45,765 DEBUG   251658240 bytes (252 MB) copied, 8.385288 s, 30.0 MB/s
2026-05-19 06:27:45,765 DEBUG   301989888 bytes (302 MB) copied, 8.222314 s, 36.7 MB/s
2026-05-19 06:27:45,765 DEBUG   288358400 bytes (288 MB) copied, 9.401674 s, 30.7 MB/s
2026-05-19 06:27:45,765 DEBUG   343932928 bytes (344 MB) copied, 9.235837 s, 37.2 MB/s
2026-05-19 06:27:45,765 DEBUG   322961408 bytes (323 MB) copied, 10.405570 s, 31.0 MB/s
2026-05-19 06:27:45,765 DEBUG   377487360 bytes (377 MB) copied, 10.289328 s, 36.7 MB/s
2026-05-19 06:27:45,765 DEBUG   360710144 bytes (361 MB) copied, 11.409505 s, 31.6 MB/s
2026-05-19 06:27:45,765 DEBUG   422576128 bytes (423 MB) copied, 11.332509 s, 37.3 MB/s
2026-05-19 06:27:45,765 DEBUG   398458880 bytes (398 MB) copied, 12.418295 s, 32.1 MB/s
2026-05-19 06:27:45,765 DEBUG   463470592 bytes (463 MB) copied, 12.355936 s, 37.5 MB/s
2026-05-19 06:27:45,765 DEBUG   438304768 bytes (438 MB) copied, 13.461273 s, 32.6 MB/s
2026-05-19 06:27:45,765 DEBUG   502267904 bytes (502 MB) copied, 13.381602 s, 37.5 MB/s
2026-05-19 06:27:45,765 DEBUG   479199232 bytes (479 MB) copied, 14.527606 s, 33.0 MB/s
2026-05-19 06:27:45,765 DEBUG   538968064 bytes (539 MB) copied, 14.427689 s, 37.4 MB/s
2026-05-19 06:27:45,765 DEBUG   516947968 bytes (517 MB) copied, 15.553416 s, 33.2 MB/s
2026-05-19 06:27:45,765 DEBUG   573571072 bytes (574 MB) copied, 15.432314 s, 37.2 MB/s
2026-05-19 06:27:45,765 DEBUG   553648128 bytes (554 MB) copied, 16.555462 s, 33.4 MB/s
2026-05-19 06:27:45,765 DEBUG   614465536 bytes (614 MB) copied, 16.464324 s, 37.3 MB/s
2026-05-19 06:27:45,765 DEBUG   595591168 bytes (596 MB) copied, 17.561649 s, 33.9 MB/s
2026-05-19 06:27:45,765 DEBUG   659554304 bytes (660 MB) copied, 17.470595 s, 37.8 MB/s
2026-05-19 06:27:45,765 DEBUG   631242752 bytes (631 MB) copied, 18.581269 s, 34.0 MB/s
2026-05-19 06:27:45,766 DEBUG   699400192 bytes (699 MB) copied, 18.481822 s, 37.8 MB/s
2026-05-19 06:27:45,766 DEBUG   667942912 bytes (668 MB) copied, 19.619259 s, 34.0 MB/s
2026-05-19 06:27:45,766 DEBUG   746586112 bytes (747 MB) copied, 19.521628 s, 38.2 MB/s
2026-05-19 06:27:45,766 DEBUG   710934528 bytes (711 MB) copied, 20.644269 s, 34.4 MB/s
2026-05-19 06:27:45,766 DEBUG   776994816 bytes (777 MB) copied, 20.534246 s, 37.8 MB/s
2026-05-19 06:27:45,766 DEBUG   746586112 bytes (747 MB) copied, 21.649249 s, 34.5 MB/s
2026-05-19 06:27:45,766 DEBUG   815792128 bytes (816 MB) copied, 21.551810 s, 37.9 MB/s
2026-05-19 06:27:45,766 DEBUG   784334848 bytes (784 MB) copied, 22.655562 s, 34.6 MB/s
2026-05-19 06:27:45,766 DEBUG   855638016 bytes (856 MB) copied, 22.580774 s, 37.9 MB/s
2026-05-19 06:27:45,766 DEBUG   813694976 bytes (814 MB) copied, 23.661243 s, 34.4 MB/s
2026-05-19 06:27:45,766 DEBUG   896532480 bytes (897 MB) copied, 23.591989 s, 38.0 MB/s
2026-05-19 06:27:45,766 DEBUG   850395136 bytes (850 MB) copied, 24.672675 s, 34.5 MB/s
2026-05-19 06:27:45,766 DEBUG   935329792 bytes (935 MB) copied, 24.619824 s, 38.0 MB/s
2026-05-19 06:27:45,766 DEBUG   883949568 bytes (884 MB) copied, 25.688482 s, 34.4 MB/s
2026-05-19 06:27:45,766 DEBUG   975175680 bytes (975 MB) copied, 25.642353 s, 38.0 MB/s
2026-05-19 06:27:45,766 DEBUG   920649728 bytes (921 MB) copied, 26.696818 s, 34.5 MB/s
2026-05-19 06:27:45,766 DEBUG   1010827264 bytes (1.0 GB) copied, 26.643329 s, 37.9 MB/s
2026-05-19 06:27:45,766 DEBUG   958398464 bytes (958 MB) copied, 27.706251 s, 34.6 MB/s
2026-05-19 06:27:45,766 DEBUG   1054867456 bytes (1.1 GB) copied, 27.646451 s, 38.2 MB/s
2026-05-19 06:27:45,767 DEBUG   990904320 bytes (991 MB) copied, 28.762590 s, 34.5 MB/s
2026-05-19 06:27:45,767 DEBUG   1024+0 records in
2026-05-19 06:27:45,767 DEBUG   1028653056 bytes (1.0 GB) copied, 29.793974 s, 34.5 MB/s
2026-05-19 06:27:45,767 DEBUG   1024+0 records out
2026-05-19 06:27:45,767 DEBUG   1063256064 bytes (1.1 GB) copied, 30.799259 s, 34.5 MB/s
2026-05-19 06:27:45,767 DEBUG   1073741824 bytes (1.1 GB) copied, 28.0783 s, 38.2 MB/s
2026-05-19 06:27:45,767 DEBUG   1024+0 records in
2026-05-19 06:27:45,767 DEBUG   OK (disk op exit 0)
2026-05-19 06:27:45,767 DEBUG   1024+0 records out
2026-05-19 06:27:45,767 WARNING Guest disk op wall 30.0s (vm='ahv_ins_delete-0-260514-184128' ip=10.114.51.75 op=create ec=0) — includes SSH + guest disk command; if still high, check guest disk throughput vs. MiB settings.
2026-05-19 06:27:45,767 DEBUG   1073741824 bytes (1.1 GB) copied, 31.1246 s, 34.5 MB/s
2026-05-19 06:27:45,767 DEBUG [65/556] VM 10995d2b… (ahv_ins_delete-0-260514-184724) via 10.114.50.30 op=create
2026-05-19 06:27:45,768 DEBUG   OK (disk op exit 0)
2026-05-19 06:27:45,768 DEBUG   remote: bash -lc 'set -e; _bs(){ printf '"'"'BULK_SNAP_T %s %s\n'"'"' "$1" "$(date +%s.%N 2>/dev/null || date +%s)"; }; _bs guest_start; _bs pipeline_start; openssl enc -aes-256-ctr -pass pass:"testing" -nosalt < /dev/zero 2>/dev/null | dd of=/root/dummy_snapshot_data_1.img bs=1M count=1024 iflag=fullblock status=progress; ec=$?; _bs pipeline_done; _bs guest_end; exit $ec'
2026-05-19 06:27:45,768 WARNING Guest disk op wall 32.8s (vm='ahv_ins_delete-0-260514-183555' ip=10.114.48.182 op=create ec=0) — includes SSH + guest disk command; if still high, check guest disk throughput vs. MiB settings.
2026-05-19 06:27:45,768 DEBUG [66/556] VM 4d6aaf76… (ahv_ins_delete-0-260514-185233) via 10.114.50.25 op=create
2026-05-19 06:27:45,768 DEBUG   remote: bash -lc 'set -e; _bs(){ printf '"'"'BULK_SNAP_T %s %s\n'"'"' "$1" "$(date +%s.%N 2>/dev/null || date +%s)"; }; _bs guest_start; _bs pipeline_start; openssl enc -aes-256-ctr -pass pass:"testing" -nosalt < /dev/zero 2>/dev/null | dd of=/root/dummy_snapshot_data_1.img bs=1M count=1024 iflag=fullblock status=progress; ec=$?; _bs pipeline_done; _bs guest_end; exit $ec'
2026-05-19 06:27:48,514 DEBUG   BULK_SNAP_T guest_start 1779139635.020580129
2026-05-19 06:27:48,514 DEBUG   BULK_SNAP_T pipeline_start 1779139635.026066686
2026-05-19 06:27:48,514 DEBUG   BULK_SNAP_T pipeline_done 1779139665.158704472
2026-05-19 06:27:48,514 DEBUG   BULK_SNAP_T guest_end 1779139665.163646991
2026-05-19 06:27:48,514 DEBUG   
2026-05-19 06:27:48,514 DEBUG   26214400 bytes (26 MB) copied, 1.203247 s, 21.8 MB/s
2026-05-19 06:27:48,514 DEBUG   69206016 bytes (69 MB) copied, 2.315246 s, 29.9 MB/s
2026-05-19 06:27:48,514 DEBUG   101711872 bytes (102 MB) copied, 3.322022 s, 30.6 MB/s
2026-05-19 06:27:48,514 DEBUG   139460608 bytes (139 MB) copied, 4.326238 s, 32.2 MB/s
2026-05-19 06:27:48,514 DEBUG   176160768 bytes (176 MB) copied, 5.347829 s, 32.9 MB/s
2026-05-19 06:27:48,514 DEBUG   213909504 bytes (214 MB) copied, 6.401832 s, 33.4 MB/s
2026-05-19 06:27:48,514 DEBUG   253755392 bytes (254 MB) copied, 7.437861 s, 34.1 MB/s
2026-05-19 06:27:48,514 DEBUG   293601280 bytes (294 MB) copied, 8.443042 s, 34.8 MB/s
2026-05-19 06:27:48,514 DEBUG   332398592 bytes (332 MB) copied, 9.463090 s, 35.1 MB/s
2026-05-19 06:27:48,514 DEBUG   369098752 bytes (369 MB) copied, 10.487793 s, 35.2 MB/s
2026-05-19 06:27:48,514 DEBUG   407896064 bytes (408 MB) copied, 11.512763 s, 35.4 MB/s
2026-05-19 06:27:48,514 DEBUG   448790528 bytes (449 MB) copied, 12.515977 s, 35.9 MB/s
2026-05-19 06:27:48,514 DEBUG   486539264 bytes (487 MB) copied, 13.543957 s, 35.9 MB/s
2026-05-19 06:27:48,514 DEBUG   524288000 bytes (524 MB) copied, 14.569749 s, 36.0 MB/s
2026-05-19 06:27:48,514 DEBUG   557842432 bytes (558 MB) copied, 15.589876 s, 35.8 MB/s
2026-05-19 06:27:48,514 DEBUG   597688320 bytes (598 MB) copied, 16.620884 s, 36.0 MB/s
2026-05-19 06:27:48,514 DEBUG   628097024 bytes (628 MB) copied, 17.629977 s, 35.6 MB/s
2026-05-19 06:27:48,514 DEBUG   667942912 bytes (668 MB) copied, 18.663731 s, 35.8 MB/s
2026-05-19 06:27:48,514 DEBUG   694157312 bytes (694 MB) copied, 19.691771 s, 35.3 MB/s
2026-05-19 06:27:48,514 DEBUG   730857472 bytes (731 MB) copied, 20.724923 s, 35.3 MB/s
2026-05-19 06:27:48,514 DEBUG   769654784 bytes (770 MB) copied, 21.753735 s, 35.4 MB/s
2026-05-19 06:27:48,514 DEBUG   803209216 bytes (803 MB) copied, 22.760754 s, 35.3 MB/s
2026-05-19 06:27:48,514 DEBUG   836763648 bytes (837 MB) copied, 23.777988 s, 35.2 MB/s
2026-05-19 06:27:48,514 DEBUG   871366656 bytes (871 MB) copied, 24.804733 s, 35.1 MB/s
2026-05-19 06:27:48,514 DEBUG   907018240 bytes (907 MB) copied, 25.818713 s, 35.1 MB/s
2026-05-19 06:27:48,514 DEBUG   945815552 bytes (946 MB) copied, 26.853723 s, 35.2 MB/s
2026-05-19 06:27:48,514 DEBUG   988807168 bytes (989 MB) copied, 27.887916 s, 35.5 MB/s
2026-05-19 06:27:48,515 DEBUG   1030750208 bytes (1.0 GB) copied, 28.927754 s, 35.6 MB/s
2026-05-19 06:27:48,515 DEBUG   1069547520 bytes (1.1 GB) copied, 29.934711 s, 35.7 MB/s
2026-05-19 06:27:48,515 DEBUG   1024+0 records in
2026-05-19 06:27:48,515 DEBUG   1024+0 records out
2026-05-19 06:27:48,515 DEBUG   1073741824 bytes (1.1 GB) copied, 30.0449 s, 35.7 MB/s
2026-05-19 06:27:48,515 DEBUG   OK (disk op exit 0)
2026-05-19 06:27:48,515 WARNING Guest disk op wall 31.8s (vm='ahv_ins_delete-0-260514-184129' ip=10.114.48.33 op=create ec=0) — includes SSH + guest disk command; if still high, check guest disk throughput vs. MiB settings.
2026-05-19 06:27:48,515 DEBUG [67/556] VM 03aaafab… (ahv_ins_delete-0-260514-185234) via 10.114.48.217 op=create
2026-05-19 06:27:48,515 DEBUG   remote: bash -lc 'set -e; _bs(){ printf '"'"'BULK_SNAP_T %s %s\n'"'"' "$1" "$(date +%s.%N 2>/dev/null || date +%s)"; }; _bs guest_start; _bs pipeline_start; openssl enc -aes-256-ctr -pass pass:"testing" -nosalt < /dev/zero 2>/dev/null | dd of=/root/dummy_snapshot_data_1.img bs=1M count=1024 iflag=fullblock status=progress; ec=$?; _bs pipeline_done; _bs guest_end; exit $ec'
2026-05-19 06:27:49,015 DEBUG   BULK_SNAP_T guest_start 1779139635.672767957
2026-05-19 06:27:49,015 DEBUG   BULK_SNAP_T pipeline_start 1779139635.682919053
2026-05-19 06:27:49,015 DEBUG   BULK_SNAP_T pipeline_done 1779139666.053658709
2026-05-19 06:27:49,015 DEBUG   BULK_SNAP_T guest_end 1779139666.070708922
2026-05-19 06:27:49,015 DEBUG   
2026-05-19 06:27:49,015 DEBUG   24117248 bytes (24 MB) copied, 1.021596 s, 23.6 MB/s
2026-05-19 06:27:49,015 DEBUG   50331648 bytes (50 MB) copied, 2.028356 s, 24.8 MB/s
2026-05-19 06:27:49,015 DEBUG   89128960 bytes (89 MB) copied, 3.059690 s, 29.1 MB/s
2026-05-19 06:27:49,015 DEBUG   122683392 bytes (123 MB) copied, 4.082040 s, 30.1 MB/s
2026-05-19 06:27:49,015 DEBUG   158334976 bytes (158 MB) copied, 5.106608 s, 31.0 MB/s
2026-05-19 06:27:49,015 DEBUG   190840832 bytes (191 MB) copied, 6.108606 s, 31.2 MB/s
2026-05-19 06:27:49,015 DEBUG   227540992 bytes (228 MB) copied, 7.137550 s, 31.9 MB/s
2026-05-19 06:27:49,015 DEBUG   268435456 bytes (268 MB) copied, 8.159689 s, 32.9 MB/s
2026-05-19 06:27:49,015 DEBUG   305135616 bytes (305 MB) copied, 9.192800 s, 33.2 MB/s
2026-05-19 06:27:49,015 DEBUG   342884352 bytes (343 MB) copied, 10.193731 s, 33.6 MB/s
2026-05-19 06:27:49,015 DEBUG   381681664 bytes (382 MB) copied, 11.208663 s, 34.1 MB/s
2026-05-19 06:27:49,015 DEBUG   424673280 bytes (425 MB) copied, 12.255570 s, 34.7 MB/s
2026-05-19 06:27:49,015 DEBUG   460324864 bytes (460 MB) copied, 13.255740 s, 34.7 MB/s
2026-05-19 06:27:49,015 DEBUG   499122176 bytes (499 MB) copied, 14.299753 s, 34.9 MB/s
2026-05-19 06:27:49,015 DEBUG   537919488 bytes (538 MB) copied, 15.311756 s, 35.1 MB/s
2026-05-19 06:27:49,016 DEBUG   575668224 bytes (576 MB) copied, 16.324791 s, 35.3 MB/s
2026-05-19 06:27:49,016 DEBUG   607125504 bytes (607 MB) copied, 17.362646 s, 35.0 MB/s
2026-05-19 06:27:49,016 DEBUG   643825664 bytes (644 MB) copied, 18.376596 s, 35.0 MB/s
2026-05-19 06:27:49,016 DEBUG   675282944 bytes (675 MB) copied, 19.408549 s, 34.8 MB/s
2026-05-19 06:27:49,016 DEBUG   709885952 bytes (710 MB) copied, 20.409602 s, 34.8 MB/s
2026-05-19 06:27:49,016 DEBUG   745537536 bytes (746 MB) copied, 21.411582 s, 34.8 MB/s
2026-05-19 06:27:49,016 DEBUG   787480576 bytes (787 MB) copied, 22.430550 s, 35.1 MB/s
2026-05-19 06:27:49,016 DEBUG   827326464 bytes (827 MB) copied, 23.468586 s, 35.3 MB/s
2026-05-19 06:27:49,016 DEBUG   860880896 bytes (861 MB) copied, 24.487560 s, 35.2 MB/s
2026-05-19 06:27:49,016 DEBUG   888143872 bytes (888 MB) copied, 25.499618 s, 34.8 MB/s
2026-05-19 06:27:49,016 DEBUG   922746880 bytes (923 MB) copied, 26.520102 s, 34.8 MB/s
2026-05-19 06:27:49,016 DEBUG   961544192 bytes (962 MB) copied, 27.527645 s, 34.9 MB/s
2026-05-19 06:27:49,016 DEBUG   1001390080 bytes (1.0 GB) copied, 28.531557 s, 35.1 MB/s
2026-05-19 06:27:49,016 DEBUG   1042284544 bytes (1.0 GB) copied, 29.535604 s, 35.3 MB/s
2026-05-19 06:27:49,016 DEBUG   1024+0 records in
2026-05-19 06:27:49,016 DEBUG   1024+0 records out
2026-05-19 06:27:49,016 DEBUG   1073741824 bytes (1.1 GB) copied, 30.3126 s, 35.4 MB/s
2026-05-19 06:27:49,016 DEBUG   OK (disk op exit 0)
2026-05-19 06:27:49,016 WARNING Guest disk op wall 32.0s (vm='ahv_ins_delete-0-260514-184132' ip=10.114.50.190 op=create ec=0) — includes SSH + guest disk command; if still high, check guest disk throughput vs. MiB settings.
2026-05-19 06:27:49,017 DEBUG [68/556] VM a43dc446… (ahv_ins_delete-0-260514-185251) via 10.114.53.32 op=create
2026-05-19 06:27:49,017 DEBUG   remote: bash -lc 'set -e; _bs(){ printf '"'"'BULK_SNAP_T %s %s\n'"'"' "$1" "$(date +%s.%N 2>/dev/null || date +%s)"; }; _bs guest_start; _bs pipeline_start; openssl enc -aes-256-ctr -pass pass:"testing" -nosalt < /dev/zero 2>/dev/null | dd of=/root/dummy_snapshot_data_1.img bs=1M count=1024 iflag=fullblock status=progress; ec=$?; _bs pipeline_done; _bs guest_end; exit $ec'
2026-05-19 06:27:52,510 DEBUG   BULK_SNAP_T guest_start 1779139637.325098812
2026-05-19 06:27:52,510 DEBUG   BULK_SNAP_T pipeline_start 1779139637.328631824
2026-05-19 06:27:52,510 DEBUG   BULK_SNAP_T pipeline_done 1779139669.020624494
2026-05-19 06:27:52,510 DEBUG   BULK_SNAP_T guest_end 1779139669.035268202
2026-05-19 06:27:52,510 DEBUG   
2026-05-19 06:27:52,510 DEBUG   27262976 bytes (27 MB) copied, 1.008551 s, 27.0 MB/s
2026-05-19 06:27:52,510 DEBUG   40894464 bytes (41 MB) copied, 2.016604 s, 20.3 MB/s
2026-05-19 06:27:52,510 DEBUG   63963136 bytes (64 MB) copied, 3.053514 s, 20.9 MB/s
2026-05-19 06:27:52,510 DEBUG   92274688 bytes (92 MB) copied, 4.085486 s, 22.6 MB/s
2026-05-19 06:27:52,510 DEBUG   130023424 bytes (130 MB) copied, 5.102976 s, 25.5 MB/s
2026-05-19 06:27:52,510 DEBUG   168820736 bytes (169 MB) copied, 6.115522 s, 27.6 MB/s
2026-05-19 06:27:52,510 DEBUG   203423744 bytes (203 MB) copied, 7.128892 s, 28.5 MB/s
2026-05-19 06:27:52,510 DEBUG   241172480 bytes (241 MB) copied, 8.154554 s, 29.6 MB/s
2026-05-19 06:27:52,510 DEBUG   278921216 bytes (279 MB) copied, 9.179531 s, 30.4 MB/s
2026-05-19 06:27:52,510 DEBUG   312475648 bytes (312 MB) copied, 10.241661 s, 30.5 MB/s
2026-05-19 06:27:52,510 DEBUG   350224384 bytes (350 MB) copied, 11.269472 s, 31.1 MB/s
2026-05-19 06:27:52,510 DEBUG   382730240 bytes (383 MB) copied, 12.277023 s, 31.2 MB/s
2026-05-19 06:27:52,510 DEBUG   416284672 bytes (416 MB) copied, 13.297646 s, 31.3 MB/s
2026-05-19 06:27:52,510 DEBUG   455081984 bytes (455 MB) copied, 14.350659 s, 31.7 MB/s
2026-05-19 06:27:52,510 DEBUG   493879296 bytes (494 MB) copied, 15.430503 s, 32.0 MB/s
2026-05-19 06:27:52,511 DEBUG   532676608 bytes (533 MB) copied, 16.507518 s, 32.3 MB/s
2026-05-19 06:27:52,511 DEBUG   557842432 bytes (558 MB) copied, 17.508583 s, 31.9 MB/s
2026-05-19 06:27:52,511 DEBUG   592445440 bytes (592 MB) copied, 18.511504 s, 32.0 MB/s
2026-05-19 06:27:52,511 DEBUG   625999872 bytes (626 MB) copied, 19.533484 s, 32.0 MB/s
2026-05-19 06:27:52,511 DEBUG   657457152 bytes (657 MB) copied, 20.545509 s, 32.0 MB/s
2026-05-19 06:27:52,511 DEBUG   693108736 bytes (693 MB) copied, 21.550020 s, 32.2 MB/s
2026-05-19 06:27:52,511 DEBUG   725614592 bytes (726 MB) copied, 22.552502 s, 32.2 MB/s
2026-05-19 06:27:52,511 DEBUG   759169024 bytes (759 MB) copied, 23.578482 s, 32.2 MB/s
2026-05-19 06:27:52,511 DEBUG   801112064 bytes (801 MB) copied, 24.606571 s, 32.6 MB/s
2026-05-19 06:27:52,511 DEBUG   839909376 bytes (840 MB) copied, 25.615544 s, 32.8 MB/s
2026-05-19 06:27:52,511 DEBUG   881852416 bytes (882 MB) copied, 26.671544 s, 33.1 MB/s
2026-05-19 06:27:52,511 DEBUG   916455424 bytes (916 MB) copied, 27.677961 s, 33.1 MB/s
2026-05-19 06:27:52,511 DEBUG   955252736 bytes (955 MB) copied, 28.723585 s, 33.3 MB/s
2026-05-19 06:27:52,511 DEBUG   999292928 bytes (999 MB) copied, 29.757977 s, 33.6 MB/s
2026-05-19 06:27:52,511 DEBUG   1044381696 bytes (1.0 GB) copied, 30.772586 s, 33.9 MB/s
2026-05-19 06:27:52,511 DEBUG   1024+0 records in
2026-05-19 06:27:52,511 DEBUG   1024+0 records out
2026-05-19 06:27:52,511 DEBUG   1073741824 bytes (1.1 GB) copied, 31.5606 s, 34.0 MB/s
2026-05-19 06:27:52,511 DEBUG   OK (disk op exit 0)
2026-05-19 06:27:52,511 WARNING Guest disk op wall 33.5s (vm='ahv_ins_delete-0-260514-184209' ip=10.114.51.84 op=create ec=0) — includes SSH + guest disk command; if still high, check guest disk throughput vs. MiB settings.
2026-05-19 06:27:52,511 DEBUG [69/556] VM 1f60f8b0… (ahv_ins_delete-0-260514-185252) via 10.114.53.133 op=create
2026-05-19 06:27:52,511 DEBUG   remote: bash -lc 'set -e; _bs(){ printf '"'"'BULK_SNAP_T %s %s\n'"'"' "$1" "$(date +%s.%N 2>/dev/null || date +%s)"; }; _bs guest_start; _bs pipeline_start; openssl enc -aes-256-ctr -pass pass:"testing" -nosalt < /dev/zero 2>/dev/null | dd of=/root/dummy_snapshot_data_1.img bs=1M count=1024 iflag=fullblock status=progress; ec=$?; _bs pipeline_done; _bs guest_end; exit $ec'
2026-05-19 06:27:58,023 DEBUG   BULK_SNAP_T guest_start 1779139652.504218460
2026-05-19 06:27:58,023 DEBUG   BULK_SNAP_T pipeline_start 1779139652.506020703
2026-05-19 06:27:58,023 DEBUG   BULK_SNAP_T pipeline_done 1779139675.454388533
2026-05-19 06:27:58,023 DEBUG   BULK_SNAP_T guest_end 1779139675.464242622
2026-05-19 06:27:58,023 DEBUG   
2026-05-19 06:27:58,023 DEBUG   46137344 bytes (46 MB) copied, 1.014508 s, 45.5 MB/s
2026-05-19 06:27:58,024 DEBUG   98566144 bytes (99 MB) copied, 2.024679 s, 48.7 MB/s
2026-05-19 06:27:58,024 DEBUG   142606336 bytes (143 MB) copied, 3.032537 s, 47.0 MB/s
2026-05-19 06:27:58,024 DEBUG   195035136 bytes (195 MB) copied, 4.036674 s, 48.3 MB/s
2026-05-19 06:27:58,024 DEBUG   241172480 bytes (241 MB) copied, 5.055569 s, 47.7 MB/s
2026-05-19 06:27:58,024 DEBUG   294649856 bytes (295 MB) copied, 6.057482 s, 48.6 MB/s
2026-05-19 06:27:58,024 DEBUG   342884352 bytes (343 MB) copied, 7.062600 s, 48.5 MB/s
2026-05-19 06:27:58,024 DEBUG   394264576 bytes (394 MB) copied, 8.093500 s, 48.7 MB/s
2026-05-19 06:27:58,024 DEBUG   443547648 bytes (444 MB) copied, 9.112523 s, 48.7 MB/s
2026-05-19 06:27:58,024 DEBUG   490733568 bytes (491 MB) copied, 10.120665 s, 48.5 MB/s
2026-05-19 06:27:58,024 DEBUG   542113792 bytes (542 MB) copied, 11.130570 s, 48.7 MB/s
2026-05-19 06:27:58,024 DEBUG   600834048 bytes (601 MB) copied, 12.153500 s, 49.4 MB/s
2026-05-19 06:27:58,024 DEBUG   650117120 bytes (650 MB) copied, 13.200483 s, 49.2 MB/s
2026-05-19 06:27:58,024 DEBUG   705691648 bytes (706 MB) copied, 14.201425 s, 49.7 MB/s
2026-05-19 06:27:58,024 DEBUG   759169024 bytes (759 MB) copied, 15.205527 s, 49.9 MB/s
2026-05-19 06:27:58,024 DEBUG   807403520 bytes (807 MB) copied, 16.223574 s, 49.8 MB/s
2026-05-19 06:27:58,024 DEBUG   851443712 bytes (851 MB) copied, 17.233446 s, 49.4 MB/s
2026-05-19 06:27:58,024 DEBUG   896532480 bytes (897 MB) copied, 18.242941 s, 49.1 MB/s
2026-05-19 06:27:58,024 DEBUG   939524096 bytes (940 MB) copied, 19.279575 s, 48.7 MB/s
2026-05-19 06:27:58,024 DEBUG   976224256 bytes (976 MB) copied, 20.319484 s, 48.0 MB/s
2026-05-19 06:27:58,024 DEBUG   1015021568 bytes (1.0 GB) copied, 21.332627 s, 47.6 MB/s
2026-05-19 06:27:58,024 DEBUG   1053818880 bytes (1.1 GB) copied, 22.341471 s, 47.2 MB/s
2026-05-19 06:27:58,024 DEBUG   1024+0 records in
2026-05-19 06:27:58,024 DEBUG   1024+0 records out
2026-05-19 06:27:58,024 DEBUG   1073741824 bytes (1.1 GB) copied, 22.8475 s, 47.0 MB/s
2026-05-19 06:27:58,024 DEBUG   OK (disk op exit 0)
2026-05-19 06:27:58,024 WARNING Guest disk op wall 24.0s (vm='ahv_ins_delete-0-260514-184641' ip=10.114.50.232 op=create ec=0) — includes SSH + guest disk command; if still high, check guest disk throughput vs. MiB settings.
2026-05-19 06:27:58,024 DEBUG [70/556] VM 1fafe337… (ahv_ins_delete-0-260514-185252) via 10.114.51.123 op=create
2026-05-19 06:27:58,025 DEBUG   remote: bash -lc 'set -e; _bs(){ printf '"'"'BULK_SNAP_T %s %s\n'"'"' "$1" "$(date +%s.%N 2>/dev/null || date +%s)"; }; _bs guest_start; _bs pipeline_start; openssl enc -aes-256-ctr -pass pass:"testing" -nosalt < /dev/zero 2>/dev/null | dd of=/root/dummy_snapshot_data_1.img bs=1M count=1024 iflag=fullblock status=progress; ec=$?; _bs pipeline_done; _bs guest_end; exit $ec'
2026-05-19 06:27:59,264 DEBUG   BULK_SNAP_T guest_start 1779139642.756121232
2026-05-19 06:27:59,264 DEBUG   BULK_SNAP_T pipeline_start 1779139642.760629740
2026-05-19 06:27:59,264 DEBUG   BULK_SNAP_T pipeline_done 1779139675.907906436
2026-05-19 06:27:59,264 DEBUG   BULK_SNAP_T guest_end 1779139675.912445931
2026-05-19 06:27:59,264 DEBUG   
2026-05-19 06:27:59,264 DEBUG   27262976 bytes (27 MB) copied, 1.034622 s, 26.4 MB/s
2026-05-19 06:27:59,264 DEBUG   49283072 bytes (49 MB) copied, 2.064834 s, 23.9 MB/s
2026-05-19 06:27:59,264 DEBUG   75497472 bytes (75 MB) copied, 3.149530 s, 24.0 MB/s
2026-05-19 06:27:59,264 DEBUG   104857600 bytes (105 MB) copied, 4.161145 s, 25.2 MB/s
2026-05-19 06:27:59,264 DEBUG   140509184 bytes (141 MB) copied, 5.169407 s, 27.2 MB/s
2026-05-19 06:27:59,264 DEBUG   174063616 bytes (174 MB) copied, 6.203178 s, 28.1 MB/s
2026-05-19 06:27:59,264 DEBUG   204472320 bytes (204 MB) copied, 7.214147 s, 28.3 MB/s
2026-05-19 06:27:59,264 DEBUG   238026752 bytes (238 MB) copied, 8.222871 s, 28.9 MB/s
2026-05-19 06:27:59,264 DEBUG   269484032 bytes (269 MB) copied, 9.265893 s, 29.1 MB/s
2026-05-19 06:27:59,264 DEBUG   303038464 bytes (303 MB) copied, 10.281090 s, 29.5 MB/s
2026-05-19 06:27:59,265 DEBUG   339738624 bytes (340 MB) copied, 11.331797 s, 30.0 MB/s
2026-05-19 06:27:59,265 DEBUG   363855872 bytes (364 MB) copied, 12.352859 s, 29.5 MB/s
2026-05-19 06:27:59,265 DEBUG   396361728 bytes (396 MB) copied, 13.360910 s, 29.7 MB/s
2026-05-19 06:27:59,265 DEBUG   430964736 bytes (431 MB) copied, 14.385934 s, 30.0 MB/s
2026-05-19 06:27:59,265 DEBUG   464519168 bytes (465 MB) copied, 15.392269 s, 30.2 MB/s
2026-05-19 06:27:59,265 DEBUG   495976448 bytes (496 MB) copied, 16.392886 s, 30.3 MB/s
2026-05-19 06:27:59,265 DEBUG   532676608 bytes (533 MB) copied, 17.445925 s, 30.5 MB/s
2026-05-19 06:27:59,265 DEBUG   569376768 bytes (569 MB) copied, 18.500076 s, 30.8 MB/s
2026-05-19 06:27:59,265 DEBUG   609222656 bytes (609 MB) copied, 19.542985 s, 31.2 MB/s
2026-05-19 06:27:59,265 DEBUG   652214272 bytes (652 MB) copied, 20.576901 s, 31.7 MB/s
2026-05-19 06:27:59,265 DEBUG   687865856 bytes (688 MB) copied, 21.623876 s, 31.8 MB/s
2026-05-19 06:27:59,265 DEBUG   729808896 bytes (730 MB) copied, 22.628975 s, 32.3 MB/s
2026-05-19 06:27:59,265 DEBUG   770703360 bytes (771 MB) copied, 23.636117 s, 32.6 MB/s
2026-05-19 06:27:59,265 DEBUG   810549248 bytes (811 MB) copied, 24.642850 s, 32.9 MB/s
2026-05-19 06:27:59,265 DEBUG   843055104 bytes (843 MB) copied, 25.697045 s, 32.8 MB/s
2026-05-19 06:27:59,265 DEBUG   879755264 bytes (880 MB) copied, 26.715916 s, 32.9 MB/s
2026-05-19 06:27:59,265 DEBUG   912261120 bytes (912 MB) copied, 27.738311 s, 32.9 MB/s
2026-05-19 06:27:59,265 DEBUG   945815552 bytes (946 MB) copied, 28.767934 s, 32.9 MB/s
2026-05-19 06:27:59,265 DEBUG   977272832 bytes (977 MB) copied, 29.846892 s, 32.7 MB/s
2026-05-19 06:27:59,265 DEBUG   1006632960 bytes (1.0 GB) copied, 30.862401 s, 32.6 MB/s
2026-05-19 06:27:59,265 DEBUG   1037041664 bytes (1.0 GB) copied, 31.880863 s, 32.5 MB/s
2026-05-19 06:27:59,265 DEBUG   1067450368 bytes (1.1 GB) copied, 32.881859 s, 32.5 MB/s
2026-05-19 06:27:59,265 DEBUG   1024+0 records in
2026-05-19 06:27:59,265 DEBUG   1024+0 records out
2026-05-19 06:27:59,265 DEBUG   1073741824 bytes (1.1 GB) copied, 33.0459 s, 32.5 MB/s
2026-05-19 06:27:59,265 DEBUG   OK (disk op exit 0)
2026-05-19 06:27:59,265 WARNING Guest disk op wall 35.0s (vm='ahv_ins_delete-0-260514-184210' ip=10.114.51.129 op=create ec=0) — includes SSH + guest disk command; if still high, check guest disk throughput vs. MiB settings.
2026-05-19 06:27:59,266 DEBUG [71/556] VM ff1a7f87… (ahv_ins_delete-0-260514-185802) via 10.114.50.70 op=create
2026-05-19 06:27:59,266 DEBUG   remote: bash -lc 'set -e; _bs(){ printf '"'"'BULK_SNAP_T %s %s\n'"'"' "$1" "$(date +%s.%N 2>/dev/null || date +%s)"; }; _bs guest_start; _bs pipeline_start; openssl enc -aes-256-ctr -pass pass:"testing" -nosalt < /dev/zero 2>/dev/null | dd of=/root/dummy_snapshot_data_1.img bs=1M count=1024 iflag=fullblock status=progress; ec=$?; _bs pipeline_done; _bs guest_end; exit $ec'
2026-05-19 06:28:08,769 DEBUG   BULK_SNAP_T guest_start 1779139654.644766290
2026-05-19 06:28:08,769 DEBUG   BULK_SNAP_T pipeline_start 1779139654.648596584
2026-05-19 06:28:08,769 DEBUG   BULK_SNAP_T pipeline_done 1779139685.556134596
2026-05-19 06:28:08,769 DEBUG   BULK_SNAP_T guest_end 1779139685.564357201
2026-05-19 06:28:08,769 DEBUG   
2026-05-19 06:28:08,769 DEBUG   32505856 bytes (33 MB) copied, 1.042622 s, 31.2 MB/s
2026-05-19 06:28:08,769 DEBUG   63963136 bytes (64 MB) copied, 2.061891 s, 31.0 MB/s
2026-05-19 06:28:08,769 DEBUG   94371840 bytes (94 MB) copied, 3.062577 s, 30.8 MB/s
2026-05-19 06:28:08,769 DEBUG   125829120 bytes (126 MB) copied, 4.076596 s, 30.9 MB/s
2026-05-19 06:28:08,769 DEBUG   157286400 bytes (157 MB) copied, 5.090613 s, 30.9 MB/s
2026-05-19 06:28:08,769 DEBUG   199229440 bytes (199 MB) copied, 6.151618 s, 32.4 MB/s
2026-05-19 06:28:08,769 DEBUG   238026752 bytes (238 MB) copied, 7.184643 s, 33.1 MB/s
2026-05-19 06:28:08,769 DEBUG   276824064 bytes (277 MB) copied, 8.205568 s, 33.7 MB/s
2026-05-19 06:28:08,769 DEBUG   316669952 bytes (317 MB) copied, 9.219092 s, 34.3 MB/s
2026-05-19 06:28:08,769 DEBUG   353370112 bytes (353 MB) copied, 10.222570 s, 34.6 MB/s
2026-05-19 06:28:08,769 DEBUG   394264576 bytes (394 MB) copied, 11.234631 s, 35.1 MB/s
2026-05-19 06:28:08,769 DEBUG   439353344 bytes (439 MB) copied, 12.240578 s, 35.9 MB/s
2026-05-19 06:28:08,770 DEBUG   477102080 bytes (477 MB) copied, 13.262712 s, 36.0 MB/s
2026-05-19 06:28:08,770 DEBUG   510656512 bytes (511 MB) copied, 14.270537 s, 35.8 MB/s
2026-05-19 06:28:08,770 DEBUG   544210944 bytes (544 MB) copied, 15.291970 s, 35.6 MB/s
2026-05-19 06:28:08,770 DEBUG   580911104 bytes (581 MB) copied, 16.357557 s, 35.5 MB/s
2026-05-19 06:28:08,770 DEBUG   607125504 bytes (607 MB) copied, 17.376832 s, 34.9 MB/s
2026-05-19 06:28:08,770 DEBUG   634388480 bytes (634 MB) copied, 18.395935 s, 34.5 MB/s
2026-05-19 06:28:08,770 DEBUG   667942912 bytes (668 MB) copied, 19.423602 s, 34.4 MB/s
2026-05-19 06:28:08,770 DEBUG   696254464 bytes (696 MB) copied, 20.440539 s, 34.1 MB/s
2026-05-19 06:28:08,770 DEBUG   735051776 bytes (735 MB) copied, 21.479687 s, 34.2 MB/s
2026-05-19 06:28:08,770 DEBUG   772800512 bytes (773 MB) copied, 22.539583 s, 34.3 MB/s
2026-05-19 06:28:08,770 DEBUG   813694976 bytes (814 MB) copied, 23.554749 s, 34.5 MB/s
2026-05-19 06:28:08,770 DEBUG   850395136 bytes (850 MB) copied, 24.567089 s, 34.6 MB/s
2026-05-19 06:28:08,770 DEBUG   884998144 bytes (885 MB) copied, 25.593550 s, 34.6 MB/s
2026-05-19 06:28:08,770 DEBUG   924844032 bytes (925 MB) copied, 26.618061 s, 34.7 MB/s
2026-05-19 06:28:08,770 DEBUG   961544192 bytes (962 MB) copied, 27.663632 s, 34.8 MB/s
2026-05-19 06:28:08,770 DEBUG   996147200 bytes (996 MB) copied, 28.697999 s, 34.7 MB/s
2026-05-19 06:28:08,770 DEBUG   1031798784 bytes (1.0 GB) copied, 29.701522 s, 34.7 MB/s
2026-05-19 06:28:08,770 DEBUG   1071644672 bytes (1.1 GB) copied, 30.738571 s, 34.9 MB/s
2026-05-19 06:28:08,770 DEBUG   1024+0 records in
2026-05-19 06:28:08,770 DEBUG   1024+0 records out
2026-05-19 06:28:08,770 DEBUG   1073741824 bytes (1.1 GB) copied, 30.7596 s, 34.9 MB/s
2026-05-19 06:28:08,770 DEBUG   OK (disk op exit 0)
2026-05-19 06:28:08,770 WARNING Guest disk op wall 32.8s (vm='ahv_ins_delete-0-260514-184710' ip=10.114.51.246 op=create ec=0) — includes SSH + guest disk command; if still high, check guest disk throughput vs. MiB settings.
2026-05-19 06:28:08,770 DEBUG [72/556] VM 118a3632… (ahv_ins_delete-0-260514-185803) via 10.114.48.12 op=create
2026-05-19 06:28:08,771 DEBUG   remote: bash -lc 'set -e; _bs(){ printf '"'"'BULK_SNAP_T %s %s\n'"'"' "$1" "$(date +%s.%N 2>/dev/null || date +%s)"; }; _bs guest_start; _bs pipeline_start; openssl enc -aes-256-ctr -pass pass:"testing" -nosalt < /dev/zero 2>/dev/null | dd of=/root/dummy_snapshot_data_1.img bs=1M count=1024 iflag=fullblock status=progress; ec=$?; _bs pipeline_done; _bs guest_end; exit $ec'
2026-05-19 06:28:10,273 DEBUG   BULK_SNAP_T guest_start 1779139655.288697814
2026-05-19 06:28:10,273 DEBUG   BULK_SNAP_T pipeline_start 1779139655.290522224
2026-05-19 06:28:10,273 DEBUG   BULK_SNAP_T pipeline_done 1779139686.703879606
2026-05-19 06:28:10,273 DEBUG   BULK_SNAP_T guest_end 1779139686.711751663
2026-05-19 06:28:10,273 DEBUG   
2026-05-19 06:28:10,273 DEBUG   25165824 bytes (25 MB) copied, 1.046842 s, 24.0 MB/s
2026-05-19 06:28:10,273 DEBUG   44040192 bytes (44 MB) copied, 2.047840 s, 21.5 MB/s
2026-05-19 06:28:10,273 DEBUG   75497472 bytes (75 MB) copied, 3.048847 s, 24.8 MB/s
2026-05-19 06:28:10,273 DEBUG   108003328 bytes (108 MB) copied, 4.082837 s, 26.5 MB/s
2026-05-19 06:28:10,273 DEBUG   138412032 bytes (138 MB) copied, 5.139807 s, 26.9 MB/s
2026-05-19 06:28:10,274 DEBUG   175112192 bytes (175 MB) copied, 6.149793 s, 28.5 MB/s
2026-05-19 06:28:10,274 DEBUG   214958080 bytes (215 MB) copied, 7.181064 s, 29.9 MB/s
2026-05-19 06:28:10,274 DEBUG   257949696 bytes (258 MB) copied, 8.199874 s, 31.5 MB/s
2026-05-19 06:28:10,274 DEBUG   292552704 bytes (293 MB) copied, 9.216829 s, 31.7 MB/s
2026-05-19 06:28:10,274 DEBUG   334495744 bytes (334 MB) copied, 10.222059 s, 32.7 MB/s
2026-05-19 06:28:10,274 DEBUG   375390208 bytes (375 MB) copied, 11.248842 s, 33.4 MB/s
2026-05-19 06:28:10,274 DEBUG   415236096 bytes (415 MB) copied, 12.263784 s, 33.9 MB/s
2026-05-19 06:28:10,274 DEBUG   450887680 bytes (451 MB) copied, 13.272992 s, 34.0 MB/s
2026-05-19 06:28:10,274 DEBUG   495976448 bytes (496 MB) copied, 14.289876 s, 34.7 MB/s
2026-05-19 06:28:10,274 DEBUG   530579456 bytes (531 MB) copied, 15.333341 s, 34.6 MB/s
2026-05-19 06:28:10,274 DEBUG   555745280 bytes (556 MB) copied, 16.351878 s, 34.0 MB/s
2026-05-19 06:28:10,274 DEBUG   579862528 bytes (580 MB) copied, 17.368864 s, 33.4 MB/s
2026-05-19 06:28:10,274 DEBUG   610271232 bytes (610 MB) copied, 18.397904 s, 33.2 MB/s
2026-05-19 06:28:10,274 DEBUG   633339904 bytes (633 MB) copied, 19.400012 s, 32.6 MB/s
2026-05-19 06:28:10,274 DEBUG   671088640 bytes (671 MB) copied, 20.404860 s, 32.9 MB/s
2026-05-19 06:28:10,274 DEBUG   710934528 bytes (711 MB) copied, 21.408863 s, 33.2 MB/s
2026-05-19 06:28:10,274 DEBUG   745537536 bytes (746 MB) copied, 22.421347 s, 33.3 MB/s
2026-05-19 06:28:10,274 DEBUG   787480576 bytes (787 MB) copied, 23.465032 s, 33.6 MB/s
2026-05-19 06:28:10,274 DEBUG   826277888 bytes (826 MB) copied, 24.487790 s, 33.7 MB/s
2026-05-19 06:28:10,274 DEBUG   866123776 bytes (866 MB) copied, 25.520818 s, 33.9 MB/s
2026-05-19 06:28:10,274 DEBUG   904921088 bytes (905 MB) copied, 26.545783 s, 34.1 MB/s
2026-05-19 06:28:10,274 DEBUG   939524096 bytes (940 MB) copied, 27.591936 s, 34.1 MB/s
2026-05-19 06:28:10,274 DEBUG   979369984 bytes (979 MB) copied, 28.592944 s, 34.3 MB/s
2026-05-19 06:28:10,274 DEBUG   1015021568 bytes (1.0 GB) copied, 29.604063 s, 34.3 MB/s
2026-05-19 06:28:10,274 DEBUG   1052770304 bytes (1.1 GB) copied, 30.615128 s, 34.4 MB/s
2026-05-19 06:28:10,274 DEBUG   1024+0 records in
2026-05-19 06:28:10,274 DEBUG   1024+0 records out
2026-05-19 06:28:10,274 DEBUG   1073741824 bytes (1.1 GB) copied, 31.2628 s, 34.3 MB/s
2026-05-19 06:28:10,274 DEBUG   OK (disk op exit 0)
2026-05-19 06:28:10,274 WARNING Guest disk op wall 33.3s (vm='ahv_ins_delete-0-260514-184712' ip=10.114.50.103 op=create ec=0) — includes SSH + guest disk command; if still high, check guest disk throughput vs. MiB settings.
2026-05-19 06:28:10,275 DEBUG [73/556] VM e0747ae9… (ahv_ins_delete-0-260514-185807) via 10.114.53.71 op=create
2026-05-19 06:28:10,275 DEBUG   remote: bash -lc 'set -e; _bs(){ printf '"'"'BULK_SNAP_T %s %s\n'"'"' "$1" "$(date +%s.%N 2>/dev/null || date +%s)"; }; _bs guest_start; _bs pipeline_start; openssl enc -aes-256-ctr -pass pass:"testing" -nosalt < /dev/zero 2>/dev/null | dd of=/root/dummy_snapshot_data_1.img bs=1M count=1024 iflag=fullblock status=progress; ec=$?; _bs pipeline_done; _bs guest_end; exit $ec'
2026-05-19 06:28:15,034 DEBUG   BULK_SNAP_T guest_start 1779139663.831570661
2026-05-19 06:28:15,034 DEBUG   BULK_SNAP_T pipeline_start 1779139663.837004149
2026-05-19 06:28:15,034 DEBUG   BULK_SNAP_T pipeline_done 1779139691.394775800
2026-05-19 06:28:15,034 DEBUG   BULK_SNAP_T guest_end 1779139691.407451788
2026-05-19 06:28:15,034 DEBUG   
2026-05-19 06:28:15,034 DEBUG   26214400 bytes (26 MB) copied, 1.001080 s, 26.2 MB/s
2026-05-19 06:28:15,034 DEBUG   67108864 bytes (67 MB) copied, 2.008295 s, 33.4 MB/s
2026-05-19 06:28:15,034 DEBUG   122683392 bytes (123 MB) copied, 3.037262 s, 40.4 MB/s
2026-05-19 06:28:15,034 DEBUG   163577856 bytes (164 MB) copied, 4.054595 s, 40.3 MB/s
2026-05-19 06:28:15,034 DEBUG   208666624 bytes (209 MB) copied, 5.055699 s, 41.3 MB/s
2026-05-19 06:28:15,034 DEBUG   240123904 bytes (240 MB) copied, 6.060101 s, 39.6 MB/s
2026-05-19 06:28:15,034 DEBUG   270532608 bytes (271 MB) copied, 7.115189 s, 38.0 MB/s
2026-05-19 06:28:15,034 DEBUG   301989888 bytes (302 MB) copied, 8.123076 s, 37.2 MB/s
2026-05-19 06:28:15,034 DEBUG   344981504 bytes (345 MB) copied, 9.135104 s, 37.8 MB/s
2026-05-19 06:28:15,034 DEBUG   379584512 bytes (380 MB) copied, 10.168039 s, 37.3 MB/s
2026-05-19 06:28:15,035 DEBUG   414187520 bytes (414 MB) copied, 11.192412 s, 37.0 MB/s
2026-05-19 06:28:15,035 DEBUG   454033408 bytes (454 MB) copied, 12.238062 s, 37.1 MB/s
2026-05-19 06:28:15,035 DEBUG   492830720 bytes (493 MB) copied, 13.292293 s, 37.1 MB/s
2026-05-19 06:28:15,035 DEBUG   533725184 bytes (534 MB) copied, 14.293105 s, 37.3 MB/s
2026-05-19 06:28:15,035 DEBUG   574619648 bytes (575 MB) copied, 15.315173 s, 37.5 MB/s
2026-05-19 06:28:15,035 DEBUG   619708416 bytes (620 MB) copied, 16.336096 s, 37.9 MB/s
2026-05-19 06:28:15,035 DEBUG   660602880 bytes (661 MB) copied, 17.336417 s, 38.1 MB/s
2026-05-19 06:28:15,035 DEBUG   703594496 bytes (704 MB) copied, 18.352098 s, 38.3 MB/s
2026-05-19 06:28:15,035 DEBUG   743440384 bytes (743 MB) copied, 19.380393 s, 38.4 MB/s
2026-05-19 06:28:15,035 DEBUG   782237696 bytes (782 MB) copied, 20.408339 s, 38.3 MB/s
2026-05-19 06:28:15,035 DEBUG   825229312 bytes (825 MB) copied, 21.410051 s, 38.5 MB/s
2026-05-19 06:28:15,035 DEBUG   870318080 bytes (870 MB) copied, 22.432537 s, 38.8 MB/s
2026-05-19 06:28:15,035 DEBUG   915406848 bytes (915 MB) copied, 23.469073 s, 39.0 MB/s
2026-05-19 06:28:15,035 DEBUG   957349888 bytes (957 MB) copied, 24.496161 s, 39.1 MB/s
2026-05-19 06:28:15,035 DEBUG   999292928 bytes (999 MB) copied, 25.501382 s, 39.2 MB/s
2026-05-19 06:28:15,035 DEBUG   1039138816 bytes (1.0 GB) copied, 26.517082 s, 39.2 MB/s
2026-05-19 06:28:15,035 DEBUG   1024+0 records in
2026-05-19 06:28:15,035 DEBUG   1024+0 records out
2026-05-19 06:28:15,035 DEBUG   1073741824 bytes (1.1 GB) copied, 27.4422 s, 39.1 MB/s
2026-05-19 06:28:15,035 DEBUG   OK (disk op exit 0)
2026-05-19 06:28:15,035 WARNING Guest disk op wall 29.3s (vm='ahv_ins_delete-0-260514-184724' ip=10.114.50.30 op=create ec=0) — includes SSH + guest disk command; if still high, check guest disk throughput vs. MiB settings.
2026-05-19 06:28:15,035 DEBUG [74/556] VM d85a1c64… (ahv_ins_delete-0-260514-185838) via 10.114.49.137 op=create
2026-05-19 06:28:15,036 DEBUG   remote: bash -lc 'set -e; _bs(){ printf '"'"'BULK_SNAP_T %s %s\n'"'"' "$1" "$(date +%s.%N 2>/dev/null || date +%s)"; }; _bs guest_start; _bs pipeline_start; openssl enc -aes-256-ctr -pass pass:"testing" -nosalt < /dev/zero 2>/dev/null | dd of=/root/dummy_snapshot_data_1.img bs=1M count=1024 iflag=fullblock status=progress; ec=$?; _bs pipeline_done; _bs guest_end; exit $ec'
2026-05-19 06:28:16,028 DEBUG   BULK_SNAP_T guest_start 1779139662.734805177
2026-05-19 06:28:16,028 DEBUG   BULK_SNAP_T pipeline_start 1779139662.738217683
2026-05-19 06:28:16,028 DEBUG   BULK_SNAP_T pipeline_done 1779139692.923629613
2026-05-19 06:28:16,028 DEBUG   BULK_SNAP_T guest_end 1779139692.926677465
2026-05-19 06:28:16,028 DEBUG   
2026-05-19 06:28:16,028 DEBUG   34603008 bytes (35 MB) copied, 1.014600 s, 34.1 MB/s
2026-05-19 06:28:16,028 DEBUG   72351744 bytes (72 MB) copied, 2.076471 s, 34.8 MB/s
2026-05-19 06:28:16,028 DEBUG   111149056 bytes (111 MB) copied, 3.129558 s, 35.5 MB/s
2026-05-19 06:28:16,028 DEBUG   148897792 bytes (149 MB) copied, 4.135585 s, 36.0 MB/s
2026-05-19 06:28:16,028 DEBUG   189792256 bytes (190 MB) copied, 5.172696 s, 36.7 MB/s
2026-05-19 06:28:16,028 DEBUG   227540992 bytes (228 MB) copied, 6.191816 s, 36.7 MB/s
2026-05-19 06:28:16,028 DEBUG   262144000 bytes (262 MB) copied, 7.194643 s, 36.4 MB/s
2026-05-19 06:28:16,028 DEBUG   296747008 bytes (297 MB) copied, 8.222471 s, 36.1 MB/s
2026-05-19 06:28:16,029 DEBUG   324009984 bytes (324 MB) copied, 9.251505 s, 35.0 MB/s
2026-05-19 06:28:16,029 DEBUG   359661568 bytes (360 MB) copied, 10.320519 s, 34.8 MB/s
2026-05-19 06:28:16,029 DEBUG   395313152 bytes (395 MB) copied, 11.328596 s, 34.9 MB/s
2026-05-19 06:28:16,029 DEBUG   425721856 bytes (426 MB) copied, 12.364453 s, 34.4 MB/s
2026-05-19 06:28:16,029 DEBUG   463470592 bytes (463 MB) copied, 13.365773 s, 34.7 MB/s
2026-05-19 06:28:16,029 DEBUG   506462208 bytes (506 MB) copied, 14.395447 s, 35.2 MB/s
2026-05-19 06:28:16,029 DEBUG   547356672 bytes (547 MB) copied, 15.408862 s, 35.5 MB/s
2026-05-19 06:28:16,029 DEBUG   585105408 bytes (585 MB) copied, 16.423776 s, 35.6 MB/s
2026-05-19 06:28:16,029 DEBUG   620756992 bytes (621 MB) copied, 17.443795 s, 35.6 MB/s
2026-05-19 06:28:16,029 DEBUG   663748608 bytes (664 MB) copied, 18.497412 s, 35.9 MB/s
2026-05-19 06:28:16,029 DEBUG   703594496 bytes (704 MB) copied, 19.497475 s, 36.1 MB/s
2026-05-19 06:28:16,029 DEBUG   736100352 bytes (736 MB) copied, 20.509751 s, 35.9 MB/s
2026-05-19 06:28:16,029 DEBUG   768606208 bytes (769 MB) copied, 21.545541 s, 35.7 MB/s
2026-05-19 06:28:16,029 DEBUG   802160640 bytes (802 MB) copied, 22.563567 s, 35.6 MB/s
2026-05-19 06:28:16,029 DEBUG   840957952 bytes (841 MB) copied, 23.570865 s, 35.7 MB/s
2026-05-19 06:28:16,029 DEBUG   873463808 bytes (873 MB) copied, 24.587745 s, 35.5 MB/s
2026-05-19 06:28:16,029 DEBUG   914358272 bytes (914 MB) copied, 25.625543 s, 35.7 MB/s
2026-05-19 06:28:16,029 DEBUG   952107008 bytes (952 MB) copied, 26.671652 s, 35.7 MB/s
2026-05-19 06:28:16,029 DEBUG   989855744 bytes (990 MB) copied, 27.671820 s, 35.8 MB/s
2026-05-19 06:28:16,029 DEBUG   1025507328 bytes (1.0 GB) copied, 28.678034 s, 35.8 MB/s
2026-05-19 06:28:16,029 DEBUG   1061158912 bytes (1.1 GB) copied, 29.703397 s, 35.7 MB/s
2026-05-19 06:28:16,029 DEBUG   1024+0 records in
2026-05-19 06:28:16,029 DEBUG   1024+0 records out
2026-05-19 06:28:16,029 DEBUG   1073741824 bytes (1.1 GB) copied, 30.0806 s, 35.7 MB/s
2026-05-19 06:28:16,029 DEBUG   OK (disk op exit 0)
2026-05-19 06:28:16,029 WARNING Guest disk op wall 31.8s (vm='ahv_ins_delete-0-260514-184721' ip=10.114.53.82 op=create ec=0) — includes SSH + guest disk command; if still high, check guest disk throughput vs. MiB settings.
2026-05-19 06:28:16,030 DEBUG [75/556] VM d12399c7… (ahv_ins_delete-0-260514-185840) via 10.114.51.247 op=create
2026-05-19 06:28:16,030 DEBUG   remote: bash -lc 'set -e; _bs(){ printf '"'"'BULK_SNAP_T %s %s\n'"'"' "$1" "$(date +%s.%N 2>/dev/null || date +%s)"; }; _bs guest_start; _bs pipeline_start; openssl enc -aes-256-ctr -pass pass:"testing" -nosalt < /dev/zero 2>/dev/null | dd of=/root/dummy_snapshot_data_1.img bs=1M count=1024 iflag=fullblock status=progress; ec=$?; _bs pipeline_done; _bs guest_end; exit $ec'
2026-05-19 06:28:17,035 DEBUG   BULK_SNAP_T guest_start 1779139663.508039583
2026-05-19 06:28:17,035 DEBUG   BULK_SNAP_T pipeline_start 1779139663.510497705
2026-05-19 06:28:17,035 DEBUG   BULK_SNAP_T pipeline_done 1779139692.919461326
2026-05-19 06:28:17,035 DEBUG   BULK_SNAP_T guest_end 1779139692.933738438
2026-05-19 06:28:17,035 DEBUG   
2026-05-19 06:28:17,035 DEBUG   17825792 bytes (18 MB) copied, 1.002511 s, 17.8 MB/s
2026-05-19 06:28:17,035 DEBUG   47185920 bytes (47 MB) copied, 2.121037 s, 22.2 MB/s
2026-05-19 06:28:17,035 DEBUG   69206016 bytes (69 MB) copied, 3.138285 s, 22.1 MB/s
2026-05-19 06:28:17,035 DEBUG   110100480 bytes (110 MB) copied, 4.167312 s, 26.4 MB/s
2026-05-19 06:28:17,035 DEBUG   157286400 bytes (157 MB) copied, 5.198501 s, 30.3 MB/s
2026-05-19 06:28:17,035 DEBUG   197132288 bytes (197 MB) copied, 6.214441 s, 31.7 MB/s
2026-05-19 06:28:17,035 DEBUG   226492416 bytes (226 MB) copied, 7.242580 s, 31.3 MB/s
2026-05-19 06:28:17,035 DEBUG   255852544 bytes (256 MB) copied, 8.246079 s, 31.0 MB/s
2026-05-19 06:28:17,035 DEBUG   295698432 bytes (296 MB) copied, 9.310092 s, 31.8 MB/s
2026-05-19 06:28:17,035 DEBUG   321912832 bytes (322 MB) copied, 10.329066 s, 31.2 MB/s
2026-05-19 06:28:17,035 DEBUG   363855872 bytes (364 MB) copied, 11.369121 s, 32.0 MB/s
2026-05-19 06:28:17,035 DEBUG   404750336 bytes (405 MB) copied, 12.411065 s, 32.6 MB/s
2026-05-19 06:28:17,035 DEBUG   446693376 bytes (447 MB) copied, 13.436119 s, 33.2 MB/s
2026-05-19 06:28:17,035 DEBUG   479199232 bytes (479 MB) copied, 14.458741 s, 33.1 MB/s
2026-05-19 06:28:17,035 DEBUG   517996544 bytes (518 MB) copied, 15.463058 s, 33.5 MB/s
2026-05-19 06:28:17,035 DEBUG   562036736 bytes (562 MB) copied, 16.466105 s, 34.1 MB/s
2026-05-19 06:28:17,035 DEBUG   602931200 bytes (603 MB) copied, 17.479995 s, 34.5 MB/s
2026-05-19 06:28:17,035 DEBUG   650117120 bytes (650 MB) copied, 18.497060 s, 35.1 MB/s
2026-05-19 06:28:17,035 DEBUG   682622976 bytes (683 MB) copied, 19.511101 s, 35.0 MB/s
2026-05-19 06:28:17,035 DEBUG   720371712 bytes (720 MB) copied, 20.520048 s, 35.1 MB/s
2026-05-19 06:28:17,035 DEBUG   758120448 bytes (758 MB) copied, 21.526155 s, 35.2 MB/s
2026-05-19 06:28:17,035 DEBUG   797966336 bytes (798 MB) copied, 22.556049 s, 35.4 MB/s
2026-05-19 06:28:17,035 DEBUG   843055104 bytes (843 MB) copied, 23.572329 s, 35.8 MB/s
2026-05-19 06:28:17,035 DEBUG   891289600 bytes (891 MB) copied, 24.594106 s, 36.2 MB/s
2026-05-19 06:28:17,035 DEBUG   933232640 bytes (933 MB) copied, 25.598679 s, 36.5 MB/s
2026-05-19 06:28:17,035 DEBUG   968884224 bytes (969 MB) copied, 26.639506 s, 36.4 MB/s
2026-05-19 06:28:17,035 DEBUG   1008730112 bytes (1.0 GB) copied, 27.673083 s, 36.5 MB/s
2026-05-19 06:28:17,035 DEBUG   1048576000 bytes (1.0 GB) copied, 28.684491 s, 36.6 MB/s
2026-05-19 06:28:17,035 DEBUG   1024+0 records in
2026-05-19 06:28:17,035 DEBUG   1024+0 records out
2026-05-19 06:28:17,036 DEBUG   1073741824 bytes (1.1 GB) copied, 29.2057 s, 36.8 MB/s
2026-05-19 06:28:17,036 DEBUG   OK (disk op exit 0)
2026-05-19 06:28:17,036 WARNING Guest disk op wall 31.3s (vm='ahv_ins_delete-0-260514-185233' ip=10.114.50.25 op=create ec=0) — includes SSH + guest disk command; if still high, check guest disk throughput vs. MiB settings.
2026-05-19 06:28:17,036 DEBUG [76/556] VM 8f0a6fff… (ahv_ins_delete-0-260514-190346) via 10.114.54.69 op=create
2026-05-19 06:28:17,036 DEBUG   remote: bash -lc 'set -e; _bs(){ printf '"'"'BULK_SNAP_T %s %s\n'"'"' "$1" "$(date +%s.%N 2>/dev/null || date +%s)"; }; _bs guest_start; _bs pipeline_start; openssl enc -aes-256-ctr -pass pass:"testing" -nosalt < /dev/zero 2>/dev/null | dd of=/root/dummy_snapshot_data_1.img bs=1M count=1024 iflag=fullblock status=progress; ec=$?; _bs pipeline_done; _bs guest_end; exit $ec'
2026-05-19 06:28:19,030 DEBUG   BULK_SNAP_T guest_start 1779139667.775520505
2026-05-19 06:28:19,030 DEBUG   BULK_SNAP_T pipeline_start 1779139667.779330138
2026-05-19 06:28:19,030 DEBUG   BULK_SNAP_T pipeline_done 1779139696.633320730
2026-05-19 06:28:19,030 DEBUG   BULK_SNAP_T guest_end 1779139696.639639528
2026-05-19 06:28:19,030 DEBUG   
2026-05-19 06:28:19,030 DEBUG   23068672 bytes (23 MB) copied, 1.258913 s, 18.3 MB/s
2026-05-19 06:28:19,030 DEBUG   50331648 bytes (50 MB) copied, 2.409259 s, 20.9 MB/s
2026-05-19 06:28:19,030 DEBUG   82837504 bytes (83 MB) copied, 3.436983 s, 24.1 MB/s
2026-05-19 06:28:19,030 DEBUG   108003328 bytes (108 MB) copied, 4.446916 s, 24.3 MB/s
2026-05-19 06:28:19,031 DEBUG   136314880 bytes (136 MB) copied, 5.516116 s, 24.7 MB/s
2026-05-19 06:28:19,031 DEBUG   173015040 bytes (173 MB) copied, 6.525176 s, 26.5 MB/s
2026-05-19 06:28:19,031 DEBUG   206569472 bytes (207 MB) copied, 7.626089 s, 27.1 MB/s
2026-05-19 06:28:19,031 DEBUG   242221056 bytes (242 MB) copied, 8.648944 s, 28.0 MB/s
2026-05-19 06:28:19,031 DEBUG   285212672 bytes (285 MB) copied, 9.672295 s, 29.5 MB/s
2026-05-19 06:28:19,031 DEBUG   334495744 bytes (334 MB) copied, 10.673959 s, 31.3 MB/s
2026-05-19 06:28:19,031 DEBUG   379584512 bytes (380 MB) copied, 11.678014 s, 32.5 MB/s
2026-05-19 06:28:19,031 DEBUG   426770432 bytes (427 MB) copied, 12.683919 s, 33.6 MB/s
2026-05-19 06:28:19,031 DEBUG   468713472 bytes (469 MB) copied, 13.705298 s, 34.2 MB/s
2026-05-19 06:28:19,031 DEBUG   503316480 bytes (503 MB) copied, 14.718340 s, 34.2 MB/s
2026-05-19 06:28:19,031 DEBUG   540016640 bytes (540 MB) copied, 15.725085 s, 34.3 MB/s
2026-05-19 06:28:19,031 DEBUG   577765376 bytes (578 MB) copied, 16.734031 s, 34.5 MB/s
2026-05-19 06:28:19,031 DEBUG   613416960 bytes (613 MB) copied, 17.759926 s, 34.5 MB/s
2026-05-19 06:28:19,031 DEBUG   654311424 bytes (654 MB) copied, 18.789939 s, 34.8 MB/s
2026-05-19 06:28:19,031 DEBUG   694157312 bytes (694 MB) copied, 19.822933 s, 35.0 MB/s
2026-05-19 06:28:19,031 DEBUG   739246080 bytes (739 MB) copied, 20.847936 s, 35.5 MB/s
2026-05-19 06:28:19,031 DEBUG   782237696 bytes (782 MB) copied, 21.888937 s, 35.7 MB/s
2026-05-19 06:28:19,031 DEBUG   822083584 bytes (822 MB) copied, 22.888980 s, 35.9 MB/s
2026-05-19 06:28:19,031 DEBUG   865075200 bytes (865 MB) copied, 23.904072 s, 36.2 MB/s
2026-05-19 06:28:19,031 DEBUG   908066816 bytes (908 MB) copied, 24.921985 s, 36.4 MB/s
2026-05-19 06:28:19,031 DEBUG   953155584 bytes (953 MB) copied, 25.951927 s, 36.7 MB/s
2026-05-19 06:28:19,031 DEBUG   1001390080 bytes (1.0 GB) copied, 26.981979 s, 37.1 MB/s
2026-05-19 06:28:19,031 DEBUG   1047527424 bytes (1.0 GB) copied, 28.001984 s, 37.4 MB/s
2026-05-19 06:28:19,031 DEBUG   1024+0 records in
2026-05-19 06:28:19,031 DEBUG   1024+0 records out
2026-05-19 06:28:19,031 DEBUG   1073741824 bytes (1.1 GB) copied, 28.7447 s, 37.4 MB/s
2026-05-19 06:28:19,031 DEBUG   OK (disk op exit 0)
2026-05-19 06:28:19,031 WARNING Guest disk op wall 30.5s (vm='ahv_ins_delete-0-260514-185234' ip=10.114.48.217 op=create ec=0) — includes SSH + guest disk command; if still high, check guest disk throughput vs. MiB settings.
2026-05-19 06:28:19,032 DEBUG [77/556] VM d20c362f… (ahv_ins_delete-0-260514-190347) via 10.114.51.63 op=create
2026-05-19 06:28:19,032 DEBUG   remote: bash -lc 'set -e; _bs(){ printf '"'"'BULK_SNAP_T %s %s\n'"'"' "$1" "$(date +%s.%N 2>/dev/null || date +%s)"; }; _bs guest_start; _bs pipeline_start; openssl enc -aes-256-ctr -pass pass:"testing" -nosalt < /dev/zero 2>/dev/null | dd of=/root/dummy_snapshot_data_1.img bs=1M count=1024 iflag=fullblock status=progress; ec=$?; _bs pipeline_done; _bs guest_end; exit $ec'
2026-05-19 06:28:22,537 DEBUG   BULK_SNAP_T guest_start 1779139667.258683600
2026-05-19 06:28:22,537 DEBUG   BULK_SNAP_T pipeline_start 1779139667.265172589
2026-05-19 06:28:22,537 DEBUG   BULK_SNAP_T pipeline_done 1779139699.061040598
2026-05-19 06:28:22,537 DEBUG   BULK_SNAP_T guest_end 1779139699.067207133
2026-05-19 06:28:22,537 DEBUG   
2026-05-19 06:28:22,537 DEBUG   23068672 bytes (23 MB) copied, 1.012218 s, 22.8 MB/s
2026-05-19 06:28:22,537 DEBUG   57671680 bytes (58 MB) copied, 2.079897 s, 27.7 MB/s
2026-05-19 06:28:22,537 DEBUG   89128960 bytes (89 MB) copied, 3.116926 s, 28.6 MB/s
2026-05-19 06:28:22,537 DEBUG   114294784 bytes (114 MB) copied, 4.132918 s, 27.7 MB/s
2026-05-19 06:28:22,537 DEBUG   141557760 bytes (142 MB) copied, 5.227950 s, 27.1 MB/s
2026-05-19 06:28:22,537 DEBUG   176160768 bytes (176 MB) copied, 6.229307 s, 28.3 MB/s
2026-05-19 06:28:22,538 DEBUG   206569472 bytes (207 MB) copied, 7.271028 s, 28.4 MB/s
2026-05-19 06:28:22,538 DEBUG   236978176 bytes (237 MB) copied, 8.291123 s, 28.6 MB/s
2026-05-19 06:28:22,538 DEBUG   273678336 bytes (274 MB) copied, 9.311158 s, 29.4 MB/s
2026-05-19 06:28:22,538 DEBUG   317718528 bytes (318 MB) copied, 10.325136 s, 30.8 MB/s
2026-05-19 06:28:22,538 DEBUG   358612992 bytes (359 MB) copied, 11.325213 s, 31.7 MB/s
2026-05-19 06:28:22,538 DEBUG   397410304 bytes (397 MB) copied, 12.350981 s, 32.2 MB/s
2026-05-19 06:28:22,538 DEBUG   433061888 bytes (433 MB) copied, 13.365864 s, 32.4 MB/s
2026-05-19 06:28:22,538 DEBUG   465567744 bytes (466 MB) copied, 14.416886 s, 32.3 MB/s
2026-05-19 06:28:22,538 DEBUG   500170752 bytes (500 MB) copied, 15.458844 s, 32.4 MB/s
2026-05-19 06:28:22,538 DEBUG   531628032 bytes (532 MB) copied, 16.462151 s, 32.3 MB/s
2026-05-19 06:28:22,538 DEBUG   562036736 bytes (562 MB) copied, 17.468855 s, 32.2 MB/s
2026-05-19 06:28:22,538 DEBUG   599785472 bytes (600 MB) copied, 18.479216 s, 32.5 MB/s
2026-05-19 06:28:22,538 DEBUG   634388480 bytes (634 MB) copied, 19.522182 s, 32.5 MB/s
2026-05-19 06:28:22,538 DEBUG   672137216 bytes (672 MB) copied, 20.526366 s, 32.7 MB/s
2026-05-19 06:28:22,538 DEBUG   709885952 bytes (710 MB) copied, 21.551041 s, 32.9 MB/s
2026-05-19 06:28:22,538 DEBUG   747634688 bytes (748 MB) copied, 22.552240 s, 33.2 MB/s
2026-05-19 06:28:22,538 DEBUG   786432000 bytes (786 MB) copied, 23.580371 s, 33.4 MB/s
2026-05-19 06:28:22,538 DEBUG   822083584 bytes (822 MB) copied, 24.644972 s, 33.4 MB/s
2026-05-19 06:28:22,538 DEBUG   866123776 bytes (866 MB) copied, 25.697889 s, 33.7 MB/s
2026-05-19 06:28:22,538 DEBUG   902823936 bytes (903 MB) copied, 26.710576 s, 33.8 MB/s
2026-05-19 06:28:22,538 DEBUG   936378368 bytes (936 MB) copied, 27.748876 s, 33.7 MB/s
2026-05-19 06:28:22,538 DEBUG   970981376 bytes (971 MB) copied, 28.767137 s, 33.8 MB/s
2026-05-19 06:28:22,538 DEBUG   1005584384 bytes (1.0 GB) copied, 29.768974 s, 33.8 MB/s
2026-05-19 06:28:22,538 DEBUG   1042284544 bytes (1.0 GB) copied, 30.782908 s, 33.9 MB/s
2026-05-19 06:28:22,538 DEBUG   1024+0 records in
2026-05-19 06:28:22,538 DEBUG   1024+0 records out
2026-05-19 06:28:22,538 DEBUG   1073741824 bytes (1.1 GB) copied, 31.6981 s, 33.9 MB/s
2026-05-19 06:28:22,538 DEBUG   OK (disk op exit 0)
2026-05-19 06:28:22,538 WARNING Guest disk op wall 33.5s (vm='ahv_ins_delete-0-260514-185251' ip=10.114.53.32 op=create ec=0) — includes SSH + guest disk command; if still high, check guest disk throughput vs. MiB settings.
2026-05-19 06:28:22,539 DEBUG [78/556] VM d3265fac… (ahv_ins_delete-0-260514-190352) via 10.114.51.8 op=create
2026-05-19 06:28:22,539 DEBUG   remote: bash -lc 'set -e; _bs(){ printf '"'"'BULK_SNAP_T %s %s\n'"'"' "$1" "$(date +%s.%N 2>/dev/null || date +%s)"; }; _bs guest_start; _bs pipeline_start; openssl enc -aes-256-ctr -pass pass:"testing" -nosalt < /dev/zero 2>/dev/null | dd of=/root/dummy_snapshot_data_1.img bs=1M count=1024 iflag=fullblock status=progress; ec=$?; _bs pipeline_done; _bs guest_end; exit $ec'
2026-05-19 06:28:23,780 DEBUG   BULK_SNAP_T guest_start 1779139671.174827365
2026-05-19 06:28:23,780 DEBUG   BULK_SNAP_T pipeline_start 1779139671.184083132
2026-05-19 06:28:23,780 DEBUG   BULK_SNAP_T pipeline_done 1779139700.612455259
2026-05-19 06:28:23,780 DEBUG   BULK_SNAP_T guest_end 1779139700.621232659
2026-05-19 06:28:23,780 DEBUG   
2026-05-19 06:28:23,780 DEBUG   22020096 bytes (22 MB) copied, 1.031953 s, 21.3 MB/s
2026-05-19 06:28:23,780 DEBUG   57671680 bytes (58 MB) copied, 2.036969 s, 28.3 MB/s
2026-05-19 06:28:23,780 DEBUG   89128960 bytes (89 MB) copied, 3.078952 s, 28.9 MB/s
2026-05-19 06:28:23,780 DEBUG   116391936 bytes (116 MB) copied, 4.156017 s, 28.0 MB/s
2026-05-19 06:28:23,781 DEBUG   160432128 bytes (160 MB) copied, 5.206031 s, 30.8 MB/s
2026-05-19 06:28:23,781 DEBUG   199229440 bytes (199 MB) copied, 6.252031 s, 31.9 MB/s
2026-05-19 06:28:23,781 DEBUG   235929600 bytes (236 MB) copied, 7.328017 s, 32.2 MB/s
2026-05-19 06:28:23,781 DEBUG   277872640 bytes (278 MB) copied, 8.365940 s, 33.2 MB/s
2026-05-19 06:28:23,781 DEBUG   315621376 bytes (316 MB) copied, 9.367629 s, 33.7 MB/s
2026-05-19 06:28:23,781 DEBUG   353370112 bytes (353 MB) copied, 10.371167 s, 34.1 MB/s
2026-05-19 06:28:23,781 DEBUG   393216000 bytes (393 MB) copied, 11.395228 s, 34.5 MB/s
2026-05-19 06:28:23,781 DEBUG   425721856 bytes (426 MB) copied, 12.410956 s, 34.3 MB/s
2026-05-19 06:28:23,781 DEBUG   460324864 bytes (460 MB) copied, 13.435118 s, 34.3 MB/s
2026-05-19 06:28:23,781 DEBUG   500170752 bytes (500 MB) copied, 14.435911 s, 34.6 MB/s
2026-05-19 06:28:23,781 DEBUG   531628032 bytes (532 MB) copied, 15.444983 s, 34.4 MB/s
2026-05-19 06:28:23,781 DEBUG   564133888 bytes (564 MB) copied, 16.464462 s, 34.3 MB/s
2026-05-19 06:28:23,781 DEBUG   607125504 bytes (607 MB) copied, 17.490231 s, 34.7 MB/s
2026-05-19 06:28:23,781 DEBUG   656408576 bytes (656 MB) copied, 18.498342 s, 35.5 MB/s
2026-05-19 06:28:23,781 DEBUG   691011584 bytes (691 MB) copied, 19.501163 s, 35.4 MB/s
2026-05-19 06:28:23,781 DEBUG   734003200 bytes (734 MB) copied, 20.517009 s, 35.8 MB/s
2026-05-19 06:28:23,781 DEBUG   772800512 bytes (773 MB) copied, 21.556060 s, 35.9 MB/s
2026-05-19 06:28:23,781 DEBUG   814743552 bytes (815 MB) copied, 22.572934 s, 36.1 MB/s
2026-05-19 06:28:23,781 DEBUG   854589440 bytes (855 MB) copied, 23.614023 s, 36.2 MB/s
2026-05-19 06:28:23,781 DEBUG   892338176 bytes (892 MB) copied, 24.644142 s, 36.2 MB/s
2026-05-19 06:28:23,781 DEBUG   936378368 bytes (936 MB) copied, 25.661200 s, 36.5 MB/s
2026-05-19 06:28:23,781 DEBUG   969932800 bytes (970 MB) copied, 26.687953 s, 36.3 MB/s
2026-05-19 06:28:23,781 DEBUG   1012924416 bytes (1.0 GB) copied, 27.794074 s, 36.4 MB/s
2026-05-19 06:28:23,781 DEBUG   1053818880 bytes (1.1 GB) copied, 28.845100 s, 36.5 MB/s
2026-05-19 06:28:23,781 DEBUG   1024+0 records in
2026-05-19 06:28:23,781 DEBUG   1024+0 records out
2026-05-19 06:28:23,781 DEBUG   1073741824 bytes (1.1 GB) copied, 29.2985 s, 36.6 MB/s
2026-05-19 06:28:23,781 DEBUG   OK (disk op exit 0)
2026-05-19 06:28:23,782 WARNING Guest disk op wall 31.3s (vm='ahv_ins_delete-0-260514-185252' ip=10.114.53.133 op=create ec=0) — includes SSH + guest disk command; if still high, check guest disk throughput vs. MiB settings.
2026-05-19 06:28:23,782 DEBUG [79/556] VM bae249de… (ahv_ins_delete-0-260514-190402) via 10.114.50.102 op=create
2026-05-19 06:28:23,782 DEBUG   remote: bash -lc 'set -e; _bs(){ printf '"'"'BULK_SNAP_T %s %s\n'"'"' "$1" "$(date +%s.%N 2>/dev/null || date +%s)"; }; _bs guest_start; _bs pipeline_start; openssl enc -aes-256-ctr -pass pass:"testing" -nosalt < /dev/zero 2>/dev/null | dd of=/root/dummy_snapshot_data_1.img bs=1M count=1024 iflag=fullblock status=progress; ec=$?; _bs pipeline_done; _bs guest_end; exit $ec'
2026-05-19 06:28:32,041 DEBUG   BULK_SNAP_T guest_start 1779139675.882221276
2026-05-19 06:28:32,042 DEBUG   BULK_SNAP_T pipeline_start 1779139675.886351900
2026-05-19 06:28:32,042 DEBUG   BULK_SNAP_T pipeline_done 1779139707.994259611
2026-05-19 06:28:32,042 DEBUG   BULK_SNAP_T guest_end 1779139708.001939106
2026-05-19 06:28:32,042 DEBUG   
2026-05-19 06:28:32,042 DEBUG   23068672 bytes (23 MB) copied, 1.007247 s, 22.9 MB/s
2026-05-19 06:28:32,042 DEBUG   38797312 bytes (39 MB) copied, 2.151203 s, 18.0 MB/s
2026-05-19 06:28:32,042 DEBUG   60817408 bytes (61 MB) copied, 3.156260 s, 19.3 MB/s
2026-05-19 06:28:32,042 DEBUG   88080384 bytes (88 MB) copied, 4.169753 s, 21.1 MB/s
2026-05-19 06:28:32,042 DEBUG   119537664 bytes (120 MB) copied, 5.239817 s, 22.8 MB/s
2026-05-19 06:28:32,042 DEBUG   147849216 bytes (148 MB) copied, 6.250603 s, 23.7 MB/s
2026-05-19 06:28:32,042 DEBUG   180355072 bytes (180 MB) copied, 7.303225 s, 24.7 MB/s
2026-05-19 06:28:32,042 DEBUG   213909504 bytes (214 MB) copied, 8.325293 s, 25.7 MB/s
2026-05-19 06:28:32,042 DEBUG   251658240 bytes (252 MB) copied, 9.376143 s, 26.8 MB/s
2026-05-19 06:28:32,042 DEBUG   287309824 bytes (287 MB) copied, 10.437158 s, 27.5 MB/s
2026-05-19 06:28:32,042 DEBUG   330301440 bytes (330 MB) copied, 11.448420 s, 28.9 MB/s
2026-05-19 06:28:32,042 DEBUG   368050176 bytes (368 MB) copied, 12.451397 s, 29.6 MB/s
2026-05-19 06:28:32,042 DEBUG   404750336 bytes (405 MB) copied, 13.458724 s, 30.1 MB/s
2026-05-19 06:28:32,042 DEBUG   439353344 bytes (439 MB) copied, 14.459291 s, 30.4 MB/s
2026-05-19 06:28:32,042 DEBUG   472907776 bytes (473 MB) copied, 15.492139 s, 30.5 MB/s
2026-05-19 06:28:32,042 DEBUG   513802240 bytes (514 MB) copied, 16.515236 s, 31.1 MB/s
2026-05-19 06:28:32,042 DEBUG   545259520 bytes (545 MB) copied, 17.519598 s, 31.1 MB/s
2026-05-19 06:28:32,042 DEBUG   583008256 bytes (583 MB) copied, 18.561201 s, 31.4 MB/s
2026-05-19 06:28:32,042 DEBUG   623902720 bytes (624 MB) copied, 19.610456 s, 31.8 MB/s
2026-05-19 06:28:32,042 DEBUG   656408576 bytes (656 MB) copied, 20.686189 s, 31.7 MB/s
2026-05-19 06:28:32,042 DEBUG   697303040 bytes (697 MB) copied, 21.738136 s, 32.1 MB/s
2026-05-19 06:28:32,042 DEBUG   736100352 bytes (736 MB) copied, 22.744296 s, 32.4 MB/s
2026-05-19 06:28:32,042 DEBUG   775946240 bytes (776 MB) copied, 23.778311 s, 32.6 MB/s
2026-05-19 06:28:32,042 DEBUG   821035008 bytes (821 MB) copied, 24.796362 s, 33.1 MB/s
2026-05-19 06:28:32,042 DEBUG   855638016 bytes (856 MB) copied, 25.816232 s, 33.1 MB/s
2026-05-19 06:28:32,042 DEBUG   893386752 bytes (893 MB) copied, 26.836263 s, 33.3 MB/s
2026-05-19 06:28:32,042 DEBUG   931135488 bytes (931 MB) copied, 27.879296 s, 33.4 MB/s
2026-05-19 06:28:32,042 DEBUG   969932800 bytes (970 MB) copied, 28.884229 s, 33.6 MB/s
2026-05-19 06:28:32,042 DEBUG   1007681536 bytes (1.0 GB) copied, 29.891128 s, 33.7 MB/s
2026-05-19 06:28:32,042 DEBUG   1037041664 bytes (1.0 GB) copied, 30.949166 s, 33.5 MB/s
2026-05-19 06:28:32,042 DEBUG   1024+0 records in
2026-05-19 06:28:32,042 DEBUG   1024+0 records out
2026-05-19 06:28:32,042 DEBUG   1073741824 bytes (1.1 GB) copied, 31.9431 s, 33.6 MB/s
2026-05-19 06:28:32,042 DEBUG   OK (disk op exit 0)
2026-05-19 06:28:32,043 WARNING Guest disk op wall 34.0s (vm='ahv_ins_delete-0-260514-185252' ip=10.114.51.123 op=create ec=0) — includes SSH + guest disk command; if still high, check guest disk throughput vs. MiB settings.
2026-05-19 06:28:32,043 DEBUG [80/556] VM db157941… (ahv_ins_delete-0-260514-190412) via 10.114.51.146 op=create
2026-05-19 06:28:32,043 DEBUG   remote: bash -lc 'set -e; _bs(){ printf '"'"'BULK_SNAP_T %s %s\n'"'"' "$1" "$(date +%s.%N 2>/dev/null || date +%s)"; }; _bs guest_start; _bs pipeline_start; openssl enc -aes-256-ctr -pass pass:"testing" -nosalt < /dev/zero 2>/dev/null | dd of=/root/dummy_snapshot_data_1.img bs=1M count=1024 iflag=fullblock status=progress; ec=$?; _bs pipeline_done; _bs guest_end; exit $ec'
2026-05-19 06:28:34,038 DEBUG   BULK_SNAP_T guest_start 1779139677.777458713
2026-05-19 06:28:34,038 DEBUG   BULK_SNAP_T pipeline_start 1779139677.778977425
2026-05-19 06:28:34,038 DEBUG   BULK_SNAP_T pipeline_done 1779139710.905744488
2026-05-19 06:28:34,038 DEBUG   BULK_SNAP_T guest_end 1779139710.909475838
2026-05-19 06:28:34,038 DEBUG   
2026-05-19 06:28:34,038 DEBUG   16777216 bytes (17 MB) copied, 1.205342 s, 13.9 MB/s
2026-05-19 06:28:34,038 DEBUG   37748736 bytes (38 MB) copied, 2.234888 s, 16.9 MB/s
2026-05-19 06:28:34,038 DEBUG   59768832 bytes (60 MB) copied, 3.349930 s, 17.8 MB/s
2026-05-19 06:28:34,038 DEBUG   83886080 bytes (84 MB) copied, 4.398271 s, 19.1 MB/s
2026-05-19 06:28:34,038 DEBUG   114294784 bytes (114 MB) copied, 5.408917 s, 21.1 MB/s
2026-05-19 06:28:34,038 DEBUG   146800640 bytes (147 MB) copied, 6.423070 s, 22.9 MB/s
2026-05-19 06:28:34,039 DEBUG   178257920 bytes (178 MB) copied, 7.444013 s, 23.9 MB/s
2026-05-19 06:28:34,039 DEBUG   210763776 bytes (211 MB) copied, 8.445794 s, 25.0 MB/s
2026-05-19 06:28:34,039 DEBUG   243269632 bytes (243 MB) copied, 9.459234 s, 25.7 MB/s
2026-05-19 06:28:34,039 DEBUG   274726912 bytes (275 MB) copied, 10.460886 s, 26.3 MB/s
2026-05-19 06:28:34,039 DEBUG   310378496 bytes (310 MB) copied, 11.468902 s, 27.1 MB/s
2026-05-19 06:28:34,039 DEBUG   339738624 bytes (340 MB) copied, 12.474791 s, 27.2 MB/s
2026-05-19 06:28:34,039 DEBUG   369098752 bytes (369 MB) copied, 13.492767 s, 27.4 MB/s
2026-05-19 06:28:34,039 DEBUG   402653184 bytes (403 MB) copied, 14.511759 s, 27.7 MB/s
2026-05-19 06:28:34,039 DEBUG   438304768 bytes (438 MB) copied, 15.525953 s, 28.2 MB/s
2026-05-19 06:28:34,039 DEBUG   471859200 bytes (472 MB) copied, 16.532860 s, 28.5 MB/s
2026-05-19 06:28:34,039 DEBUG   513802240 bytes (514 MB) copied, 17.557806 s, 29.3 MB/s
2026-05-19 06:28:34,039 DEBUG   554696704 bytes (555 MB) copied, 18.560824 s, 29.9 MB/s
2026-05-19 06:28:34,039 DEBUG   587202560 bytes (587 MB) copied, 19.605796 s, 30.0 MB/s
2026-05-19 06:28:34,039 DEBUG   621805568 bytes (622 MB) copied, 20.626757 s, 30.1 MB/s
2026-05-19 06:28:34,039 DEBUG   655360000 bytes (655 MB) copied, 21.654805 s, 30.3 MB/s
2026-05-19 06:28:34,039 DEBUG   695205888 bytes (695 MB) copied, 22.676944 s, 30.7 MB/s
2026-05-19 06:28:34,039 DEBUG   738197504 bytes (738 MB) copied, 23.706742 s, 31.1 MB/s
2026-05-19 06:28:34,039 DEBUG   779091968 bytes (779 MB) copied, 24.728871 s, 31.5 MB/s
2026-05-19 06:28:34,039 DEBUG   817889280 bytes (818 MB) copied, 25.747770 s, 31.8 MB/s
2026-05-19 06:28:34,039 DEBUG   851443712 bytes (851 MB) copied, 26.750889 s, 31.8 MB/s
2026-05-19 06:28:34,039 DEBUG   886046720 bytes (886 MB) copied, 27.775800 s, 31.9 MB/s
2026-05-19 06:28:34,039 DEBUG   919601152 bytes (920 MB) copied, 28.794188 s, 31.9 MB/s
2026-05-19 06:28:34,039 DEBUG   953155584 bytes (953 MB) copied, 29.811777 s, 32.0 MB/s
2026-05-19 06:28:34,039 DEBUG   985661440 bytes (986 MB) copied, 30.838894 s, 32.0 MB/s
2026-05-19 06:28:34,039 DEBUG   1031798784 bytes (1.0 GB) copied, 31.856094 s, 32.4 MB/s
2026-05-19 06:28:34,039 DEBUG   1069547520 bytes (1.1 GB) copied, 32.884093 s, 32.5 MB/s
2026-05-19 06:28:34,039 DEBUG   1024+0 records in
2026-05-19 06:28:34,039 DEBUG   1024+0 records out
2026-05-19 06:28:34,039 DEBUG   1073741824 bytes (1.1 GB) copied, 33.0018 s, 32.5 MB/s
2026-05-19 06:28:34,039 DEBUG   OK (disk op exit 0)
2026-05-19 06:28:34,039 WARNING Guest disk op wall 34.8s (vm='ahv_ins_delete-0-260514-185802' ip=10.114.50.70 op=create ec=0) — includes SSH + guest disk command; if still high, check guest disk throughput vs. MiB settings.
2026-05-19 06:28:34,040 DEBUG [81/556] VM 99a5ef9e… (ahv_ins_delete-0-260514-190937) via 10.114.48.23 op=create
2026-05-19 06:28:34,040 DEBUG   remote: bash -lc 'set -e; _bs(){ printf '"'"'BULK_SNAP_T %s %s\n'"'"' "$1" "$(date +%s.%N 2>/dev/null || date +%s)"; }; _bs guest_start; _bs pipeline_start; openssl enc -aes-256-ctr -pass pass:"testing" -nosalt < /dev/zero 2>/dev/null | dd of=/root/dummy_snapshot_data_1.img bs=1M count=1024 iflag=fullblock status=progress; ec=$?; _bs pipeline_done; _bs guest_end; exit $ec'
2026-05-19 06:28:42,044 DEBUG   BULK_SNAP_T guest_start 1779139688.882487301
2026-05-19 06:28:42,044 DEBUG   BULK_SNAP_T pipeline_start 1779139688.887478936
2026-05-19 06:28:42,044 DEBUG   BULK_SNAP_T pipeline_done 1779139718.712151333
2026-05-19 06:28:42,044 DEBUG   BULK_SNAP_T guest_end 1779139718.721075705
2026-05-19 06:28:42,044 DEBUG   
2026-05-19 06:28:42,044 DEBUG   16777216 bytes (17 MB) copied, 1.141619 s, 14.7 MB/s
2026-05-19 06:28:42,044 DEBUG   37748736 bytes (38 MB) copied, 2.334459 s, 16.2 MB/s
2026-05-19 06:28:42,044 DEBUG   68157440 bytes (68 MB) copied, 3.339557 s, 20.4 MB/s
2026-05-19 06:28:42,044 DEBUG   100663296 bytes (101 MB) copied, 4.354587 s, 23.1 MB/s
2026-05-19 06:28:42,044 DEBUG   130023424 bytes (130 MB) copied, 5.400709 s, 24.1 MB/s
2026-05-19 06:28:42,045 DEBUG   163577856 bytes (164 MB) copied, 6.404466 s, 25.5 MB/s
2026-05-19 06:28:42,045 DEBUG   200278016 bytes (200 MB) copied, 7.408367 s, 27.0 MB/s
2026-05-19 06:28:42,045 DEBUG   234881024 bytes (235 MB) copied, 8.418444 s, 27.9 MB/s
2026-05-19 06:28:42,045 DEBUG   271581184 bytes (272 MB) copied, 9.453419 s, 28.7 MB/s
2026-05-19 06:28:42,045 DEBUG   313524224 bytes (314 MB) copied, 10.457426 s, 30.0 MB/s
2026-05-19 06:28:42,045 DEBUG   363855872 bytes (364 MB) copied, 11.459378 s, 31.8 MB/s
2026-05-19 06:28:42,045 DEBUG   405798912 bytes (406 MB) copied, 12.502435 s, 32.5 MB/s
2026-05-19 06:28:42,045 DEBUG   440401920 bytes (440 MB) copied, 13.509486 s, 32.6 MB/s
2026-05-19 06:28:42,045 DEBUG   483393536 bytes (483 MB) copied, 14.531813 s, 33.3 MB/s
2026-05-19 06:28:42,045 DEBUG   527433728 bytes (527 MB) copied, 15.548414 s, 33.9 MB/s
2026-05-19 06:28:42,045 DEBUG   560988160 bytes (561 MB) copied, 16.551646 s, 33.9 MB/s
2026-05-19 06:28:42,045 DEBUG   603979776 bytes (604 MB) copied, 17.586400 s, 34.3 MB/s
2026-05-19 06:28:42,045 DEBUG   639631360 bytes (640 MB) copied, 18.595581 s, 34.4 MB/s
2026-05-19 06:28:42,045 DEBUG   681574400 bytes (682 MB) copied, 19.684509 s, 34.6 MB/s
2026-05-19 06:28:42,045 DEBUG   722468864 bytes (722 MB) copied, 20.690913 s, 34.9 MB/s
2026-05-19 06:28:42,045 DEBUG   772800512 bytes (773 MB) copied, 21.718475 s, 35.6 MB/s
2026-05-19 06:28:42,045 DEBUG   808452096 bytes (808 MB) copied, 22.728613 s, 35.6 MB/s
2026-05-19 06:28:42,045 DEBUG   851443712 bytes (851 MB) copied, 23.790426 s, 35.8 MB/s
2026-05-19 06:28:42,045 DEBUG   888143872 bytes (888 MB) copied, 24.807432 s, 35.8 MB/s
2026-05-19 06:28:42,045 DEBUG   924844032 bytes (925 MB) copied, 25.817403 s, 35.8 MB/s
2026-05-19 06:28:42,045 DEBUG   958398464 bytes (958 MB) copied, 26.861440 s, 35.7 MB/s
2026-05-19 06:28:42,045 DEBUG   1002438656 bytes (1.0 GB) copied, 27.889392 s, 35.9 MB/s
2026-05-19 06:28:42,045 DEBUG   1040187392 bytes (1.0 GB) copied, 28.920532 s, 36.0 MB/s
2026-05-19 06:28:42,045 DEBUG   1024+0 records in
2026-05-19 06:28:42,045 DEBUG   1024+0 records out
2026-05-19 06:28:42,045 DEBUG   1073741824 bytes (1.1 GB) copied, 29.7385 s, 36.1 MB/s
2026-05-19 06:28:42,045 DEBUG   OK (disk op exit 0)
2026-05-19 06:28:42,045 WARNING Guest disk op wall 31.8s (vm='ahv_ins_delete-0-260514-185807' ip=10.114.53.71 op=create ec=0) — includes SSH + guest disk command; if still high, check guest disk throughput vs. MiB settings.
2026-05-19 06:28:42,046 DEBUG [82/556] VM 37098924… (ahv_ins_delete-0-260514-190940) via 10.114.52.180 op=create
2026-05-19 06:28:42,046 DEBUG   remote: bash -lc 'set -e; _bs(){ printf '"'"'BULK_SNAP_T %s %s\n'"'"' "$1" "$(date +%s.%N 2>/dev/null || date +%s)"; }; _bs guest_start; _bs pipeline_start; openssl enc -aes-256-ctr -pass pass:"testing" -nosalt < /dev/zero 2>/dev/null | dd of=/root/dummy_snapshot_data_1.img bs=1M count=1024 iflag=fullblock status=progress; ec=$?; _bs pipeline_done; _bs guest_end; exit $ec'
2026-05-19 06:28:43,545 DEBUG   BULK_SNAP_T guest_start 1779139686.660121835
2026-05-19 06:28:43,546 DEBUG   BULK_SNAP_T pipeline_start 1779139686.662666752
2026-05-19 06:28:43,546 DEBUG   BULK_SNAP_T pipeline_done 1779139719.618535174
2026-05-19 06:28:43,546 DEBUG   BULK_SNAP_T guest_end 1779139719.624348503
2026-05-19 06:28:43,546 DEBUG   
2026-05-19 06:28:43,546 DEBUG   24117248 bytes (24 MB) copied, 1.041582 s, 23.2 MB/s
2026-05-19 06:28:43,546 DEBUG   44040192 bytes (44 MB) copied, 2.240789 s, 19.7 MB/s
2026-05-19 06:28:43,546 DEBUG   72351744 bytes (72 MB) copied, 3.251699 s, 22.3 MB/s
2026-05-19 06:28:43,546 DEBUG   95420416 bytes (95 MB) copied, 4.255293 s, 22.4 MB/s
2026-05-19 06:28:43,546 DEBUG   130023424 bytes (130 MB) copied, 5.256136 s, 24.7 MB/s
2026-05-19 06:28:43,546 DEBUG   163577856 bytes (164 MB) copied, 6.288688 s, 26.0 MB/s
2026-05-19 06:28:43,546 DEBUG   197132288 bytes (197 MB) copied, 7.326590 s, 26.9 MB/s
2026-05-19 06:28:43,546 DEBUG   231735296 bytes (232 MB) copied, 8.347686 s, 27.8 MB/s
2026-05-19 06:28:43,546 DEBUG   264241152 bytes (264 MB) copied, 9.378021 s, 28.2 MB/s
2026-05-19 06:28:43,546 DEBUG   294649856 bytes (295 MB) copied, 10.397748 s, 28.3 MB/s
2026-05-19 06:28:43,546 DEBUG   329252864 bytes (329 MB) copied, 11.404852 s, 28.9 MB/s
2026-05-19 06:28:43,546 DEBUG   364904448 bytes (365 MB) copied, 12.416670 s, 29.4 MB/s
2026-05-19 06:28:43,546 DEBUG   407896064 bytes (408 MB) copied, 13.421767 s, 30.4 MB/s
2026-05-19 06:28:43,546 DEBUG   445644800 bytes (446 MB) copied, 14.440574 s, 30.9 MB/s
2026-05-19 06:28:43,546 DEBUG   478150656 bytes (478 MB) copied, 15.446892 s, 31.0 MB/s
2026-05-19 06:28:43,546 DEBUG   510656512 bytes (511 MB) copied, 16.466684 s, 31.0 MB/s
2026-05-19 06:28:43,546 DEBUG   547356672 bytes (547 MB) copied, 17.502972 s, 31.3 MB/s
2026-05-19 06:28:43,546 DEBUG   588251136 bytes (588 MB) copied, 18.536643 s, 31.7 MB/s
2026-05-19 06:28:43,546 DEBUG   625999872 bytes (626 MB) copied, 19.536661 s, 32.0 MB/s
2026-05-19 06:28:43,546 DEBUG   656408576 bytes (656 MB) copied, 20.544884 s, 31.9 MB/s
2026-05-19 06:28:43,546 DEBUG   695205888 bytes (695 MB) copied, 21.573672 s, 32.2 MB/s
2026-05-19 06:28:43,546 DEBUG   732954624 bytes (733 MB) copied, 22.582672 s, 32.5 MB/s
2026-05-19 06:28:43,546 DEBUG   770703360 bytes (771 MB) copied, 23.626631 s, 32.6 MB/s
2026-05-19 06:28:43,546 DEBUG   808452096 bytes (808 MB) copied, 24.680645 s, 32.8 MB/s
2026-05-19 06:28:43,546 DEBUG   845152256 bytes (845 MB) copied, 25.717682 s, 32.9 MB/s
2026-05-19 06:28:43,546 DEBUG   881852416 bytes (882 MB) copied, 26.747724 s, 33.0 MB/s
2026-05-19 06:28:43,546 DEBUG   912261120 bytes (912 MB) copied, 27.766657 s, 32.9 MB/s
2026-05-19 06:28:43,546 DEBUG   939524096 bytes (940 MB) copied, 28.780649 s, 32.6 MB/s
2026-05-19 06:28:43,546 DEBUG   973078528 bytes (973 MB) copied, 29.793671 s, 32.7 MB/s
2026-05-19 06:28:43,546 DEBUG   1008730112 bytes (1.0 GB) copied, 30.841658 s, 32.7 MB/s
2026-05-19 06:28:43,546 DEBUG   1040187392 bytes (1.0 GB) copied, 31.851646 s, 32.7 MB/s
2026-05-19 06:28:43,546 DEBUG   1024+0 records in
2026-05-19 06:28:43,546 DEBUG   1024+0 records out
2026-05-19 06:28:43,546 DEBUG   1073741824 bytes (1.1 GB) copied, 32.8289 s, 32.7 MB/s
2026-05-19 06:28:43,547 DEBUG   OK (disk op exit 0)
2026-05-19 06:28:43,547 WARNING Guest disk op wall 34.8s (vm='ahv_ins_delete-0-260514-185803' ip=10.114.48.12 op=create ec=0) — includes SSH + guest disk command; if still high, check guest disk throughput vs. MiB settings.
2026-05-19 06:28:43,547 DEBUG [83/556] VM a3c6d26c… (ahv_ins_delete-0-260514-190944) via 10.114.52.230 op=create
2026-05-19 06:28:43,547 DEBUG   remote: bash -lc 'set -e; _bs(){ printf '"'"'BULK_SNAP_T %s %s\n'"'"' "$1" "$(date +%s.%N 2>/dev/null || date +%s)"; }; _bs guest_start; _bs pipeline_start; openssl enc -aes-256-ctr -pass pass:"testing" -nosalt < /dev/zero 2>/dev/null | dd of=/root/dummy_snapshot_data_1.img bs=1M count=1024 iflag=fullblock status=progress; ec=$?; _bs pipeline_done; _bs guest_end; exit $ec'
2026-05-19 06:28:44,552 DEBUG   BULK_SNAP_T guest_start 1779139693.497162740
2026-05-19 06:28:44,552 DEBUG   BULK_SNAP_T pipeline_start 1779139693.501128315
2026-05-19 06:28:44,552 DEBUG   BULK_SNAP_T pipeline_done 1779139721.090173255
2026-05-19 06:28:44,552 DEBUG   BULK_SNAP_T guest_end 1779139721.100017413
2026-05-19 06:28:44,552 DEBUG   
2026-05-19 06:28:44,552 DEBUG   39845888 bytes (40 MB) copied, 1.072541 s, 37.2 MB/s
2026-05-19 06:28:44,552 DEBUG   70254592 bytes (70 MB) copied, 2.089560 s, 33.6 MB/s
2026-05-19 06:28:44,552 DEBUG   108003328 bytes (108 MB) copied, 3.092580 s, 34.9 MB/s
2026-05-19 06:28:44,552 DEBUG   148897792 bytes (149 MB) copied, 4.107935 s, 36.2 MB/s
2026-05-19 06:28:44,552 DEBUG   186646528 bytes (187 MB) copied, 5.122560 s, 36.4 MB/s
2026-05-19 06:28:44,552 DEBUG   223346688 bytes (223 MB) copied, 6.132507 s, 36.4 MB/s
2026-05-19 06:28:44,552 DEBUG   263192576 bytes (263 MB) copied, 7.166720 s, 36.7 MB/s
2026-05-19 06:28:44,552 DEBUG   300941312 bytes (301 MB) copied, 8.173551 s, 36.8 MB/s
2026-05-19 06:28:44,552 DEBUG   336592896 bytes (337 MB) copied, 9.188978 s, 36.6 MB/s
2026-05-19 06:28:44,552 DEBUG   369098752 bytes (369 MB) copied, 10.205575 s, 36.2 MB/s
2026-05-19 06:28:44,552 DEBUG   406847488 bytes (407 MB) copied, 11.221779 s, 36.3 MB/s
2026-05-19 06:28:44,552 DEBUG   448790528 bytes (449 MB) copied, 12.225597 s, 36.7 MB/s
2026-05-19 06:28:44,552 DEBUG   484442112 bytes (484 MB) copied, 13.235822 s, 36.6 MB/s
2026-05-19 06:28:44,552 DEBUG   521142272 bytes (521 MB) copied, 14.252647 s, 36.6 MB/s
2026-05-19 06:28:44,552 DEBUG   557842432 bytes (558 MB) copied, 15.312828 s, 36.4 MB/s
2026-05-19 06:28:44,552 DEBUG   592445440 bytes (592 MB) copied, 16.313771 s, 36.3 MB/s
2026-05-19 06:28:44,552 DEBUG   634388480 bytes (634 MB) copied, 17.323727 s, 36.6 MB/s
2026-05-19 06:28:44,552 DEBUG   678428672 bytes (678 MB) copied, 18.326567 s, 37.0 MB/s
2026-05-19 06:28:44,552 DEBUG   717225984 bytes (717 MB) copied, 19.338173 s, 37.1 MB/s
2026-05-19 06:28:44,552 DEBUG   760217600 bytes (760 MB) copied, 20.348640 s, 37.4 MB/s
2026-05-19 06:28:44,552 DEBUG   797966336 bytes (798 MB) copied, 21.358594 s, 37.4 MB/s
2026-05-19 06:28:44,552 DEBUG   849346560 bytes (849 MB) copied, 22.372809 s, 38.0 MB/s
2026-05-19 06:28:44,552 DEBUG   897581056 bytes (898 MB) copied, 23.398942 s, 38.4 MB/s
2026-05-19 06:28:44,552 DEBUG   940572672 bytes (941 MB) copied, 24.434664 s, 38.5 MB/s
2026-05-19 06:28:44,552 DEBUG   982515712 bytes (983 MB) copied, 25.434958 s, 38.6 MB/s
2026-05-19 06:28:44,552 DEBUG   1024458752 bytes (1.0 GB) copied, 26.442612 s, 38.7 MB/s
2026-05-19 06:28:44,552 DEBUG   1073741824 bytes (1.1 GB) copied, 27.500571 s, 39.0 MB/s
2026-05-19 06:28:44,552 DEBUG   1024+0 records in
2026-05-19 06:28:44,552 DEBUG   1024+0 records out
2026-05-19 06:28:44,552 DEBUG   1073741824 bytes (1.1 GB) copied, 27.5027 s, 39.0 MB/s
2026-05-19 06:28:44,552 DEBUG   OK (disk op exit 0)
2026-05-19 06:28:44,553 WARNING Guest disk op wall 29.5s (vm='ahv_ins_delete-0-260514-185838' ip=10.114.49.137 op=create ec=0) — includes SSH + guest disk command; if still high, check guest disk throughput vs. MiB settings.
2026-05-19 06:28:44,553 DEBUG [84/556] VM c2251f5c… (ahv_ins_delete-0-260514-190948) via 10.114.48.128 op=create
2026-05-19 06:28:44,553 DEBUG   remote: bash -lc 'set -e; _bs(){ printf '"'"'BULK_SNAP_T %s %s\n'"'"' "$1" "$(date +%s.%N 2>/dev/null || date +%s)"; }; _bs guest_start; _bs pipeline_start; openssl enc -aes-256-ctr -pass pass:"testing" -nosalt < /dev/zero 2>/dev/null | dd of=/root/dummy_snapshot_data_1.img bs=1M count=1024 iflag=fullblock status=progress; ec=$?; _bs pipeline_done; _bs guest_end; exit $ec'
2026-05-19 06:28:46,297 DEBUG   BULK_SNAP_T guest_start 1779139694.533837991
2026-05-19 06:28:46,298 DEBUG   BULK_SNAP_T pipeline_start 1779139694.536610888
2026-05-19 06:28:46,298 DEBUG   BULK_SNAP_T pipeline_done 1779139722.872595432
2026-05-19 06:28:46,298 DEBUG   BULK_SNAP_T guest_end 1779139722.877976354
2026-05-19 06:28:46,298 DEBUG   
2026-05-19 06:28:46,298 DEBUG   24117248 bytes (24 MB) copied, 1.003836 s, 24.0 MB/s
2026-05-19 06:28:46,298 DEBUG   66060288 bytes (66 MB) copied, 2.012700 s, 32.8 MB/s
2026-05-19 06:28:46,298 DEBUG   99614720 bytes (100 MB) copied, 3.054542 s, 32.6 MB/s
2026-05-19 06:28:46,298 DEBUG   135266304 bytes (135 MB) copied, 4.079693 s, 33.2 MB/s
2026-05-19 06:28:46,298 DEBUG   176160768 bytes (176 MB) copied, 5.120806 s, 34.4 MB/s
2026-05-19 06:28:46,298 DEBUG   219152384 bytes (219 MB) copied, 6.160987 s, 35.6 MB/s
2026-05-19 06:28:46,298 DEBUG   255852544 bytes (256 MB) copied, 7.183649 s, 35.6 MB/s
2026-05-19 06:28:46,298 DEBUG   298844160 bytes (299 MB) copied, 8.202851 s, 36.4 MB/s
2026-05-19 06:28:46,298 DEBUG   334495744 bytes (334 MB) copied, 9.202858 s, 36.3 MB/s
2026-05-19 06:28:46,298 DEBUG   371195904 bytes (371 MB) copied, 10.211627 s, 36.4 MB/s
2026-05-19 06:28:46,298 DEBUG   400556032 bytes (401 MB) copied, 11.215618 s, 35.7 MB/s
2026-05-19 06:28:46,298 DEBUG   439353344 bytes (439 MB) copied, 12.248625 s, 35.9 MB/s
2026-05-19 06:28:46,298 DEBUG   480247808 bytes (480 MB) copied, 13.249600 s, 36.2 MB/s
2026-05-19 06:28:46,298 DEBUG   520093696 bytes (520 MB) copied, 14.250967 s, 36.5 MB/s
2026-05-19 06:28:46,298 DEBUG   559939584 bytes (560 MB) copied, 15.261000 s, 36.7 MB/s
2026-05-19 06:28:46,298 DEBUG   601882624 bytes (602 MB) copied, 16.271624 s, 37.0 MB/s
2026-05-19 06:28:46,298 DEBUG   649068544 bytes (649 MB) copied, 17.272624 s, 37.6 MB/s
2026-05-19 06:28:46,298 DEBUG   693108736 bytes (693 MB) copied, 18.285085 s, 37.9 MB/s
2026-05-19 06:28:46,298 DEBUG   729808896 bytes (730 MB) copied, 19.287665 s, 37.8 MB/s
2026-05-19 06:28:46,298 DEBUG   763363328 bytes (763 MB) copied, 20.296826 s, 37.6 MB/s
2026-05-19 06:28:46,298 DEBUG   804257792 bytes (804 MB) copied, 21.297950 s, 37.8 MB/s
2026-05-19 06:28:46,298 DEBUG   835715072 bytes (836 MB) copied, 22.337637 s, 37.4 MB/s
2026-05-19 06:28:46,298 DEBUG   871366656 bytes (871 MB) copied, 23.347574 s, 37.3 MB/s
2026-05-19 06:28:46,298 DEBUG   915406848 bytes (915 MB) copied, 24.363610 s, 37.6 MB/s
2026-05-19 06:28:46,298 DEBUG   958398464 bytes (958 MB) copied, 25.382693 s, 37.8 MB/s
2026-05-19 06:28:46,298 DEBUG   1007681536 bytes (1.0 GB) copied, 26.393668 s, 38.2 MB/s
2026-05-19 06:28:46,298 DEBUG   1053818880 bytes (1.1 GB) copied, 27.437962 s, 38.4 MB/s
2026-05-19 06:28:46,298 DEBUG   1024+0 records in
2026-05-19 06:28:46,298 DEBUG   1024+0 records out
2026-05-19 06:28:46,298 DEBUG   1073741824 bytes (1.1 GB) copied, 27.8134 s, 38.6 MB/s
2026-05-19 06:28:46,298 DEBUG   OK (disk op exit 0)
2026-05-19 06:28:46,299 WARNING Guest disk op wall 30.3s (vm='ahv_ins_delete-0-260514-185840' ip=10.114.51.247 op=create ec=0) — includes SSH + guest disk command; if still high, check guest disk throughput vs. MiB settings.
2026-05-19 06:28:46,299 DEBUG [85/556] VM e06a3390… (ahv_ins_delete-0-260514-190948) via 10.114.53.0 op=create
2026-05-19 06:28:46,299 DEBUG   remote: bash -lc 'set -e; _bs(){ printf '"'"'BULK_SNAP_T %s %s\n'"'"' "$1" "$(date +%s.%N 2>/dev/null || date +%s)"; }; _bs guest_start; _bs pipeline_start; openssl enc -aes-256-ctr -pass pass:"testing" -nosalt < /dev/zero 2>/dev/null | dd of=/root/dummy_snapshot_data_1.img bs=1M count=1024 iflag=fullblock status=progress; ec=$?; _bs pipeline_done; _bs guest_end; exit $ec'
2026-05-19 06:28:48,552 DEBUG   BULK_SNAP_T guest_start 1779139695.643353896
2026-05-19 06:28:48,552 DEBUG   BULK_SNAP_T pipeline_start 1779139695.645283277
2026-05-19 06:28:48,552 DEBUG   BULK_SNAP_T pipeline_done 1779139725.202179665
2026-05-19 06:28:48,552 DEBUG   BULK_SNAP_T guest_end 1779139725.204845960
2026-05-19 06:28:48,552 DEBUG   
2026-05-19 06:28:48,552 DEBUG   29360128 bytes (29 MB) copied, 1.001222 s, 29.3 MB/s
2026-05-19 06:28:48,552 DEBUG   65011712 bytes (65 MB) copied, 2.004334 s, 32.4 MB/s
2026-05-19 06:28:48,552 DEBUG   99614720 bytes (100 MB) copied, 3.051250 s, 32.6 MB/s
2026-05-19 06:28:48,552 DEBUG   140509184 bytes (141 MB) copied, 4.065479 s, 34.6 MB/s
2026-05-19 06:28:48,552 DEBUG   180355072 bytes (180 MB) copied, 5.099233 s, 35.4 MB/s
2026-05-19 06:28:48,552 DEBUG   222298112 bytes (222 MB) copied, 6.137119 s, 36.2 MB/s
2026-05-19 06:28:48,552 DEBUG   257949696 bytes (258 MB) copied, 7.164116 s, 36.0 MB/s
2026-05-19 06:28:48,552 DEBUG   296747008 bytes (297 MB) copied, 8.200228 s, 36.2 MB/s
2026-05-19 06:28:48,552 DEBUG   331350016 bytes (331 MB) copied, 9.202161 s, 36.0 MB/s
2026-05-19 06:28:48,552 DEBUG   368050176 bytes (368 MB) copied, 10.205121 s, 36.1 MB/s
2026-05-19 06:28:48,553 DEBUG   401604608 bytes (402 MB) copied, 11.211092 s, 35.8 MB/s
2026-05-19 06:28:48,553 DEBUG   433061888 bytes (433 MB) copied, 12.217050 s, 35.4 MB/s
2026-05-19 06:28:48,553 DEBUG   468713472 bytes (469 MB) copied, 13.218089 s, 35.5 MB/s
2026-05-19 06:28:48,553 DEBUG   507510784 bytes (508 MB) copied, 14.251343 s, 35.6 MB/s
2026-05-19 06:28:48,553 DEBUG   546308096 bytes (546 MB) copied, 15.274138 s, 35.8 MB/s
2026-05-19 06:28:48,553 DEBUG   585105408 bytes (585 MB) copied, 16.317246 s, 35.9 MB/s
2026-05-19 06:28:48,553 DEBUG   623902720 bytes (624 MB) copied, 17.375154 s, 35.9 MB/s
2026-05-19 06:28:48,553 DEBUG   660602880 bytes (661 MB) copied, 18.377150 s, 35.9 MB/s
2026-05-19 06:28:48,553 DEBUG   696254464 bytes (696 MB) copied, 19.403577 s, 35.9 MB/s
2026-05-19 06:28:48,553 DEBUG   731906048 bytes (732 MB) copied, 20.437363 s, 35.8 MB/s
2026-05-19 06:28:48,553 DEBUG   763363328 bytes (763 MB) copied, 21.462109 s, 35.6 MB/s
2026-05-19 06:28:48,553 DEBUG   800063488 bytes (800 MB) copied, 22.502116 s, 35.6 MB/s
2026-05-19 06:28:48,553 DEBUG   833617920 bytes (834 MB) copied, 23.508362 s, 35.5 MB/s
2026-05-19 06:28:48,553 DEBUG   870318080 bytes (870 MB) copied, 24.538414 s, 35.5 MB/s
2026-05-19 06:28:48,553 DEBUG   911212544 bytes (911 MB) copied, 25.543115 s, 35.7 MB/s
2026-05-19 06:28:48,553 DEBUG   954204160 bytes (954 MB) copied, 26.578419 s, 35.9 MB/s
2026-05-19 06:28:48,553 DEBUG   1001390080 bytes (1.0 GB) copied, 27.603149 s, 36.3 MB/s
2026-05-19 06:28:48,553 DEBUG   1041235968 bytes (1.0 GB) copied, 28.640294 s, 36.4 MB/s
2026-05-19 06:28:48,553 DEBUG   1024+0 records in
2026-05-19 06:28:48,553 DEBUG   1024+0 records out
2026-05-19 06:28:48,553 DEBUG   1073741824 bytes (1.1 GB) copied, 29.4754 s, 36.4 MB/s
2026-05-19 06:28:48,553 DEBUG   OK (disk op exit 0)
2026-05-19 06:28:48,553 WARNING Guest disk op wall 31.5s (vm='ahv_ins_delete-0-260514-190346' ip=10.114.54.69 op=create ec=0) — includes SSH + guest disk command; if still high, check guest disk throughput vs. MiB settings.
2026-05-19 06:28:48,553 DEBUG [86/556] VM c2609b16… (ahv_ins_delete-0-260514-191505) via 10.114.49.22 op=create
2026-05-19 06:28:48,554 DEBUG   remote: bash -lc 'set -e; _bs(){ printf '"'"'BULK_SNAP_T %s %s\n'"'"' "$1" "$(date +%s.%N 2>/dev/null || date +%s)"; }; _bs guest_start; _bs pipeline_start; openssl enc -aes-256-ctr -pass pass:"testing" -nosalt < /dev/zero 2>/dev/null | dd of=/root/dummy_snapshot_data_1.img bs=1M count=1024 iflag=fullblock status=progress; ec=$?; _bs pipeline_done; _bs guest_end; exit $ec'
2026-05-19 06:28:53,301 DEBUG   BULK_SNAP_T guest_start 1779139697.851058137
2026-05-19 06:28:53,301 DEBUG   BULK_SNAP_T pipeline_start 1779139697.858751590
2026-05-19 06:28:53,301 DEBUG   BULK_SNAP_T pipeline_done 1779139730.286399140
2026-05-19 06:28:53,301 DEBUG   BULK_SNAP_T guest_end 1779139730.296259126
2026-05-19 06:28:53,301 DEBUG   
2026-05-19 06:28:53,301 DEBUG   23068672 bytes (23 MB) copied, 1.077059 s, 21.4 MB/s
2026-05-19 06:28:53,301 DEBUG   41943040 bytes (42 MB) copied, 2.190065 s, 19.2 MB/s
2026-05-19 06:28:53,301 DEBUG   65011712 bytes (65 MB) copied, 3.232699 s, 20.1 MB/s
2026-05-19 06:28:53,301 DEBUG   96468992 bytes (96 MB) copied, 4.304084 s, 22.4 MB/s
2026-05-19 06:28:53,301 DEBUG   127926272 bytes (128 MB) copied, 5.329721 s, 24.0 MB/s
2026-05-19 06:28:53,301 DEBUG   161480704 bytes (161 MB) copied, 6.335765 s, 25.5 MB/s
2026-05-19 06:28:53,301 DEBUG   195035136 bytes (195 MB) copied, 7.389823 s, 26.4 MB/s
2026-05-19 06:28:53,301 DEBUG   227540992 bytes (228 MB) copied, 8.410731 s, 27.1 MB/s
2026-05-19 06:28:53,301 DEBUG   258998272 bytes (259 MB) copied, 9.440049 s, 27.4 MB/s
2026-05-19 06:28:53,301 DEBUG   295698432 bytes (296 MB) copied, 10.478700 s, 28.2 MB/s
2026-05-19 06:28:53,301 DEBUG   328204288 bytes (328 MB) copied, 11.483782 s, 28.6 MB/s
2026-05-19 06:28:53,301 DEBUG   368050176 bytes (368 MB) copied, 12.499789 s, 29.4 MB/s
2026-05-19 06:28:53,301 DEBUG   402653184 bytes (403 MB) copied, 13.504734 s, 29.8 MB/s
2026-05-19 06:28:53,301 DEBUG   437256192 bytes (437 MB) copied, 14.516663 s, 30.1 MB/s
2026-05-19 06:28:53,301 DEBUG   477102080 bytes (477 MB) copied, 15.531722 s, 30.7 MB/s
2026-05-19 06:28:53,301 DEBUG   514850816 bytes (515 MB) copied, 16.537756 s, 31.1 MB/s
2026-05-19 06:28:53,301 DEBUG   550502400 bytes (551 MB) copied, 17.593791 s, 31.3 MB/s
2026-05-19 06:28:53,301 DEBUG   584056832 bytes (584 MB) copied, 18.612775 s, 31.4 MB/s
2026-05-19 06:28:53,301 DEBUG   614465536 bytes (614 MB) copied, 19.647727 s, 31.3 MB/s
2026-05-19 06:28:53,301 DEBUG   652214272 bytes (652 MB) copied, 20.696730 s, 31.5 MB/s
2026-05-19 06:28:53,302 DEBUG   685768704 bytes (686 MB) copied, 21.700735 s, 31.6 MB/s
2026-05-19 06:28:53,302 DEBUG   724566016 bytes (725 MB) copied, 22.706960 s, 31.9 MB/s
2026-05-19 06:28:53,302 DEBUG   765460480 bytes (765 MB) copied, 23.711144 s, 32.3 MB/s
2026-05-19 06:28:53,302 DEBUG   800063488 bytes (800 MB) copied, 24.715876 s, 32.4 MB/s
2026-05-19 06:28:53,302 DEBUG   844103680 bytes (844 MB) copied, 25.729805 s, 32.8 MB/s
2026-05-19 06:28:53,302 DEBUG   886046720 bytes (886 MB) copied, 26.734729 s, 33.1 MB/s
2026-05-19 06:28:53,302 DEBUG   926941184 bytes (927 MB) copied, 27.748785 s, 33.4 MB/s
2026-05-19 06:28:53,302 DEBUG   962592768 bytes (963 MB) copied, 28.759018 s, 33.5 MB/s
2026-05-19 06:28:53,302 DEBUG   998244352 bytes (998 MB) copied, 29.763019 s, 33.5 MB/s
2026-05-19 06:28:53,302 DEBUG   1032847360 bytes (1.0 GB) copied, 30.778698 s, 33.6 MB/s
2026-05-19 06:28:53,302 DEBUG   1073741824 bytes (1.1 GB) copied, 31.786011 s, 33.8 MB/s
2026-05-19 06:28:53,302 DEBUG   1024+0 records in
2026-05-19 06:28:53,302 DEBUG   1024+0 records out
2026-05-19 06:28:53,302 DEBUG   1073741824 bytes (1.1 GB) copied, 31.7972 s, 33.8 MB/s
2026-05-19 06:28:53,302 DEBUG   OK (disk op exit 0)
2026-05-19 06:28:53,302 WARNING Guest disk op wall 34.3s (vm='ahv_ins_delete-0-260514-190347' ip=10.114.51.63 op=create ec=0) — includes SSH + guest disk command; if still high, check guest disk throughput vs. MiB settings.
2026-05-19 06:28:53,302 DEBUG [87/556] VM f6cbb609… (ahv_ins_delete-0-260514-191510) via 10.114.49.101 op=create
2026-05-19 06:28:53,302 DEBUG   remote: bash -lc 'set -e; _bs(){ printf '"'"'BULK_SNAP_T %s %s\n'"'"' "$1" "$(date +%s.%N 2>/dev/null || date +%s)"; }; _bs guest_start; _bs pipeline_start; openssl enc -aes-256-ctr -pass pass:"testing" -nosalt < /dev/zero 2>/dev/null | dd of=/root/dummy_snapshot_data_1.img bs=1M count=1024 iflag=fullblock status=progress; ec=$?; _bs pipeline_done; _bs guest_end; exit $ec'
2026-05-19 06:28:54,307 DEBUG   BULK_SNAP_T guest_start 1779139701.418149418
2026-05-19 06:28:54,307 DEBUG   BULK_SNAP_T pipeline_start 1779139701.422415158
2026-05-19 06:28:54,307 DEBUG   BULK_SNAP_T pipeline_done 1779139731.318007429
2026-05-19 06:28:54,307 DEBUG   BULK_SNAP_T guest_end 1779139731.330752369
2026-05-19 06:28:54,307 DEBUG   
2026-05-19 06:28:54,307 DEBUG   15728640 bytes (16 MB) copied, 1.074046 s, 14.6 MB/s
2026-05-19 06:28:54,308 DEBUG   30408704 bytes (30 MB) copied, 2.104796 s, 14.4 MB/s
2026-05-19 06:28:54,308 DEBUG   50331648 bytes (50 MB) copied, 3.158958 s, 15.9 MB/s
2026-05-19 06:28:54,308 DEBUG   76546048 bytes (77 MB) copied, 4.169754 s, 18.4 MB/s
2026-05-19 06:28:54,308 DEBUG   115343360 bytes (115 MB) copied, 5.199768 s, 22.2 MB/s
2026-05-19 06:28:54,308 DEBUG   143654912 bytes (144 MB) copied, 6.217842 s, 23.1 MB/s
2026-05-19 06:28:54,308 DEBUG   177209344 bytes (177 MB) copied, 7.237670 s, 24.5 MB/s
2026-05-19 06:28:54,308 DEBUG   212860928 bytes (213 MB) copied, 8.251823 s, 25.8 MB/s
2026-05-19 06:28:54,308 DEBUG   253755392 bytes (254 MB) copied, 9.255101 s, 27.4 MB/s
2026-05-19 06:28:54,308 DEBUG   293601280 bytes (294 MB) copied, 10.287755 s, 28.5 MB/s
2026-05-19 06:28:54,308 DEBUG   340787200 bytes (341 MB) copied, 11.288879 s, 30.2 MB/s
2026-05-19 06:28:54,308 DEBUG   374341632 bytes (374 MB) copied, 12.305275 s, 30.4 MB/s
2026-05-19 06:28:54,308 DEBUG   406847488 bytes (407 MB) copied, 13.307093 s, 30.6 MB/s
2026-05-19 06:28:54,308 DEBUG   443547648 bytes (444 MB) copied, 14.348716 s, 30.9 MB/s
2026-05-19 06:28:54,308 DEBUG   488636416 bytes (489 MB) copied, 15.475729 s, 31.6 MB/s
2026-05-19 06:28:54,308 DEBUG   525336576 bytes (525 MB) copied, 16.508702 s, 31.8 MB/s
2026-05-19 06:28:54,308 DEBUG   573571072 bytes (574 MB) copied, 17.556838 s, 32.7 MB/s
2026-05-19 06:28:54,308 DEBUG   616562688 bytes (617 MB) copied, 18.562908 s, 33.2 MB/s
2026-05-19 06:28:54,308 DEBUG   657457152 bytes (657 MB) copied, 19.565302 s, 33.6 MB/s
2026-05-19 06:28:54,308 DEBUG   695205888 bytes (695 MB) copied, 20.595041 s, 33.8 MB/s
2026-05-19 06:28:54,308 DEBUG   741343232 bytes (741 MB) copied, 21.595728 s, 34.3 MB/s
2026-05-19 06:28:54,308 DEBUG   790626304 bytes (791 MB) copied, 22.633887 s, 34.9 MB/s
2026-05-19 06:28:54,308 DEBUG   837812224 bytes (838 MB) copied, 23.655687 s, 35.4 MB/s
2026-05-19 06:28:54,308 DEBUG   882900992 bytes (883 MB) copied, 24.675734 s, 35.8 MB/s
2026-05-19 06:28:54,308 DEBUG   920649728 bytes (921 MB) copied, 25.681116 s, 35.8 MB/s
2026-05-19 06:28:54,308 DEBUG   957349888 bytes (957 MB) copied, 26.709668 s, 35.8 MB/s
2026-05-19 06:28:54,308 DEBUG   995098624 bytes (995 MB) copied, 27.722356 s, 35.9 MB/s
2026-05-19 06:28:54,308 DEBUG   1029701632 bytes (1.0 GB) copied, 28.781791 s, 35.8 MB/s
2026-05-19 06:28:54,308 DEBUG   1024+0 records in
2026-05-19 06:28:54,308 DEBUG   1024+0 records out
2026-05-19 06:28:54,308 DEBUG   1073741824 bytes (1.1 GB) copied, 29.7592 s, 36.1 MB/s
2026-05-19 06:28:54,308 DEBUG   OK (disk op exit 0)
2026-05-19 06:28:54,308 WARNING Guest disk op wall 31.8s (vm='ahv_ins_delete-0-260514-190352' ip=10.114.51.8 op=create ec=0) — includes SSH + guest disk command; if still high, check guest disk throughput vs. MiB settings.
2026-05-19 06:28:54,309 DEBUG [88/556] VM ca917593… (ahv_ins_delete-0-260514-191520) via 10.114.54.43 op=create
2026-05-19 06:28:54,309 DEBUG   remote: bash -lc 'set -e; _bs(){ printf '"'"'BULK_SNAP_T %s %s\n'"'"' "$1" "$(date +%s.%N 2>/dev/null || date +%s)"; }; _bs guest_start; _bs pipeline_start; openssl enc -aes-256-ctr -pass pass:"testing" -nosalt < /dev/zero 2>/dev/null | dd of=/root/dummy_snapshot_data_1.img bs=1M count=1024 iflag=fullblock status=progress; ec=$?; _bs pipeline_done; _bs guest_end; exit $ec'
2026-05-19 06:28:56,053 DEBUG   BULK_SNAP_T guest_start 1779139702.866175074
2026-05-19 06:28:56,053 DEBUG   BULK_SNAP_T pipeline_start 1779139702.872164274
2026-05-19 06:28:56,053 DEBUG   BULK_SNAP_T pipeline_done 1779139733.504261147
2026-05-19 06:28:56,053 DEBUG   BULK_SNAP_T guest_end 1779139733.509026443
2026-05-19 06:28:56,053 DEBUG   
2026-05-19 06:28:56,053 DEBUG   23068672 bytes (23 MB) copied, 1.006703 s, 22.9 MB/s
2026-05-19 06:28:56,053 DEBUG   45088768 bytes (45 MB) copied, 2.009605 s, 22.4 MB/s
2026-05-19 06:28:56,053 DEBUG   75497472 bytes (75 MB) copied, 3.024603 s, 25.0 MB/s
2026-05-19 06:28:56,054 DEBUG   105906176 bytes (106 MB) copied, 4.039577 s, 26.2 MB/s
2026-05-19 06:28:56,054 DEBUG   147849216 bytes (148 MB) copied, 5.113597 s, 28.9 MB/s
2026-05-19 06:28:56,054 DEBUG   181403648 bytes (181 MB) copied, 6.117992 s, 29.7 MB/s
2026-05-19 06:28:56,054 DEBUG   220200960 bytes (220 MB) copied, 7.151561 s, 30.8 MB/s
2026-05-19 06:28:56,054 DEBUG   257949696 bytes (258 MB) copied, 8.229536 s, 31.3 MB/s
2026-05-19 06:28:56,054 DEBUG   295698432 bytes (296 MB) copied, 9.229543 s, 32.0 MB/s
2026-05-19 06:28:56,054 DEBUG   331350016 bytes (331 MB) copied, 10.229614 s, 32.4 MB/s
2026-05-19 06:28:56,054 DEBUG   369098752 bytes (369 MB) copied, 11.274575 s, 32.7 MB/s
2026-05-19 06:28:56,054 DEBUG   402653184 bytes (403 MB) copied, 12.333963 s, 32.6 MB/s
2026-05-19 06:28:56,054 DEBUG   439353344 bytes (439 MB) copied, 13.351813 s, 32.9 MB/s
2026-05-19 06:28:56,054 DEBUG   472907776 bytes (473 MB) copied, 14.363952 s, 32.9 MB/s
2026-05-19 06:28:56,054 DEBUG   500170752 bytes (500 MB) copied, 15.399592 s, 32.5 MB/s
2026-05-19 06:28:56,054 DEBUG   536870912 bytes (537 MB) copied, 16.415578 s, 32.7 MB/s
2026-05-19 06:28:56,054 DEBUG   573571072 bytes (574 MB) copied, 17.416892 s, 32.9 MB/s
2026-05-19 06:28:56,054 DEBUG   612368384 bytes (612 MB) copied, 18.420605 s, 33.2 MB/s
2026-05-19 06:28:56,054 DEBUG   655360000 bytes (655 MB) copied, 19.469624 s, 33.7 MB/s
2026-05-19 06:28:56,054 DEBUG   694157312 bytes (694 MB) copied, 20.572830 s, 33.7 MB/s
2026-05-19 06:28:56,054 DEBUG   740294656 bytes (740 MB) copied, 21.588593 s, 34.3 MB/s
2026-05-19 06:28:56,054 DEBUG   781189120 bytes (781 MB) copied, 22.615639 s, 34.5 MB/s
2026-05-19 06:28:56,054 DEBUG   826277888 bytes (826 MB) copied, 23.649634 s, 34.9 MB/s
2026-05-19 06:28:56,054 DEBUG   861929472 bytes (862 MB) copied, 24.667951 s, 34.9 MB/s
2026-05-19 06:28:56,054 DEBUG   897581056 bytes (898 MB) copied, 25.675597 s, 35.0 MB/s
2026-05-19 06:28:56,054 DEBUG   933232640 bytes (933 MB) copied, 26.733541 s, 34.9 MB/s
2026-05-19 06:28:56,054 DEBUG   966787072 bytes (967 MB) copied, 27.764548 s, 34.8 MB/s
2026-05-19 06:28:56,054 DEBUG   1007681536 bytes (1.0 GB) copied, 28.788847 s, 35.0 MB/s
2026-05-19 06:28:56,054 DEBUG   1046478848 bytes (1.0 GB) copied, 29.814894 s, 35.1 MB/s
2026-05-19 06:28:56,054 DEBUG   1024+0 records in
2026-05-19 06:28:56,054 DEBUG   1024+0 records out
2026-05-19 06:28:56,054 DEBUG   1073741824 bytes (1.1 GB) copied, 30.4996 s, 35.2 MB/s
2026-05-19 06:28:56,054 DEBUG   OK (disk op exit 0)
2026-05-19 06:28:56,054 WARNING Guest disk op wall 32.3s (vm='ahv_ins_delete-0-260514-190402' ip=10.114.50.102 op=create ec=0) — includes SSH + guest disk command; if still high, check guest disk throughput vs. MiB settings.
2026-05-19 06:28:56,055 DEBUG [89/556] VM 74313f6f… (ahv_ins_delete-0-260514-191527) via 10.114.49.145 op=create
2026-05-19 06:28:56,055 DEBUG   remote: bash -lc 'set -e; _bs(){ printf '"'"'BULK_SNAP_T %s %s\n'"'"' "$1" "$(date +%s.%N 2>/dev/null || date +%s)"; }; _bs guest_start; _bs pipeline_start; openssl enc -aes-256-ctr -pass pass:"testing" -nosalt < /dev/zero 2>/dev/null | dd of=/root/dummy_snapshot_data_1.img bs=1M count=1024 iflag=fullblock status=progress; ec=$?; _bs pipeline_done; _bs guest_end; exit $ec'
2026-05-19 06:29:00,560 DEBUG   BULK_SNAP_T guest_start 1779139710.801791608
2026-05-19 06:29:00,560 DEBUG   BULK_SNAP_T pipeline_start 1779139710.807043108
2026-05-19 06:29:00,560 DEBUG   BULK_SNAP_T pipeline_done 1779139737.485027386
2026-05-19 06:29:00,560 DEBUG   BULK_SNAP_T guest_end 1779139737.492594124
2026-05-19 06:29:00,560 DEBUG   
2026-05-19 06:29:00,560 DEBUG   25165824 bytes (25 MB) copied, 1.163368 s, 21.6 MB/s
2026-05-19 06:29:00,560 DEBUG   40894464 bytes (41 MB) copied, 2.194168 s, 18.6 MB/s
2026-05-19 06:29:00,560 DEBUG   66060288 bytes (66 MB) copied, 3.196210 s, 20.7 MB/s
2026-05-19 06:29:00,560 DEBUG   89128960 bytes (89 MB) copied, 4.213420 s, 21.2 MB/s
2026-05-19 06:29:00,560 DEBUG   123731968 bytes (124 MB) copied, 5.255435 s, 23.5 MB/s
2026-05-19 06:29:00,560 DEBUG   153092096 bytes (153 MB) copied, 6.262179 s, 24.4 MB/s
2026-05-19 06:29:00,560 DEBUG   183500800 bytes (184 MB) copied, 7.266175 s, 25.3 MB/s
2026-05-19 06:29:00,560 DEBUG   221249536 bytes (221 MB) copied, 8.275572 s, 26.7 MB/s
2026-05-19 06:29:00,560 DEBUG   262144000 bytes (262 MB) copied, 9.292283 s, 28.2 MB/s
2026-05-19 06:29:00,560 DEBUG   301989888 bytes (302 MB) copied, 10.309448 s, 29.3 MB/s
2026-05-19 06:29:00,560 DEBUG   350224384 bytes (350 MB) copied, 11.314144 s, 31.0 MB/s
2026-05-19 06:29:00,560 DEBUG   400556032 bytes (401 MB) copied, 12.330213 s, 32.5 MB/s
2026-05-19 06:29:00,560 DEBUG   458227712 bytes (458 MB) copied, 13.340548 s, 34.3 MB/s
2026-05-19 06:29:00,560 DEBUG   510656512 bytes (511 MB) copied, 14.371511 s, 35.5 MB/s
2026-05-19 06:29:00,560 DEBUG   562036736 bytes (562 MB) copied, 15.383180 s, 36.5 MB/s
2026-05-19 06:29:00,560 DEBUG   614465536 bytes (614 MB) copied, 16.388549 s, 37.5 MB/s
2026-05-19 06:29:00,560 DEBUG   657457152 bytes (657 MB) copied, 17.403178 s, 37.8 MB/s
2026-05-19 06:29:00,560 DEBUG   695205888 bytes (695 MB) copied, 18.419240 s, 37.7 MB/s
2026-05-19 06:29:00,560 DEBUG   745537536 bytes (746 MB) copied, 19.445301 s, 38.3 MB/s
2026-05-19 06:29:00,560 DEBUG   787480576 bytes (787 MB) copied, 20.465277 s, 38.5 MB/s
2026-05-19 06:29:00,560 DEBUG   845152256 bytes (845 MB) copied, 21.468197 s, 39.4 MB/s
2026-05-19 06:29:00,560 DEBUG   892338176 bytes (892 MB) copied, 22.475228 s, 39.7 MB/s
2026-05-19 06:29:00,560 DEBUG   938475520 bytes (938 MB) copied, 23.489150 s, 40.0 MB/s
2026-05-19 06:29:00,560 DEBUG   993001472 bytes (993 MB) copied, 24.543271 s, 40.5 MB/s
2026-05-19 06:29:00,560 DEBUG   1038090240 bytes (1.0 GB) copied, 25.604195 s, 40.5 MB/s
2026-05-19 06:29:00,560 DEBUG   1024+0 records in
2026-05-19 06:29:00,561 DEBUG   1024+0 records out
2026-05-19 06:29:00,561 DEBUG   1073741824 bytes (1.1 GB) copied, 26.5258 s, 40.5 MB/s
2026-05-19 06:29:00,561 DEBUG   OK (disk op exit 0)
2026-05-19 06:29:00,561 WARNING Guest disk op wall 28.5s (vm='ahv_ins_delete-0-260514-190412' ip=10.114.51.146 op=create ec=0) — includes SSH + guest disk command; if still high, check guest disk throughput vs. MiB settings.
2026-05-19 06:29:00,561 DEBUG [90/556] VM 6e5880fb… (ahv_ins_delete-0-260514-191530) via 10.114.50.38 op=create
2026-05-19 06:29:00,561 DEBUG   remote: bash -lc 'set -e; _bs(){ printf '"'"'BULK_SNAP_T %s %s\n'"'"' "$1" "$(date +%s.%N 2>/dev/null || date +%s)"; }; _bs guest_start; _bs pipeline_start; openssl enc -aes-256-ctr -pass pass:"testing" -nosalt < /dev/zero 2>/dev/null | dd of=/root/dummy_snapshot_data_1.img bs=1M count=1024 iflag=fullblock status=progress; ec=$?; _bs pipeline_done; _bs guest_end; exit $ec'
2026-05-19 06:29:02,811 DEBUG   BULK_SNAP_T guest_start 1779139713.101492217
2026-05-19 06:29:02,811 DEBUG   BULK_SNAP_T pipeline_start 1779139713.119203619
2026-05-19 06:29:02,811 DEBUG   BULK_SNAP_T pipeline_done 1779139739.905514474
2026-05-19 06:29:02,812 DEBUG   BULK_SNAP_T guest_end 1779139739.909575697
2026-05-19 06:29:02,812 DEBUG   
2026-05-19 06:29:02,812 DEBUG   39845888 bytes (40 MB) copied, 1.014110 s, 39.3 MB/s
2026-05-19 06:29:02,812 DEBUG   76546048 bytes (77 MB) copied, 2.033618 s, 37.6 MB/s
2026-05-19 06:29:02,812 DEBUG   114294784 bytes (114 MB) copied, 3.057106 s, 37.4 MB/s
2026-05-19 06:29:02,812 DEBUG   149946368 bytes (150 MB) copied, 4.057661 s, 37.0 MB/s
2026-05-19 06:29:02,812 DEBUG   186646528 bytes (187 MB) copied, 5.063650 s, 36.9 MB/s
2026-05-19 06:29:02,812 DEBUG   223346688 bytes (223 MB) copied, 6.097676 s, 36.6 MB/s
2026-05-19 06:29:02,812 DEBUG   261095424 bytes (261 MB) copied, 7.101658 s, 36.8 MB/s
2026-05-19 06:29:02,812 DEBUG   300941312 bytes (301 MB) copied, 8.141653 s, 37.0 MB/s
2026-05-19 06:29:02,812 DEBUG   343932928 bytes (344 MB) copied, 9.160667 s, 37.5 MB/s
2026-05-19 06:29:02,812 DEBUG   382730240 bytes (383 MB) copied, 10.178979 s, 37.6 MB/s
2026-05-19 06:29:02,812 DEBUG   423624704 bytes (424 MB) copied, 11.194659 s, 37.8 MB/s
2026-05-19 06:29:02,812 DEBUG   466616320 bytes (467 MB) copied, 12.235021 s, 38.1 MB/s
2026-05-19 06:29:02,812 DEBUG   511705088 bytes (512 MB) copied, 13.259867 s, 38.6 MB/s
2026-05-19 06:29:02,812 DEBUG   558891008 bytes (559 MB) copied, 14.262352 s, 39.2 MB/s
2026-05-19 06:29:02,812 DEBUG   599785472 bytes (600 MB) copied, 15.284819 s, 39.2 MB/s
2026-05-19 06:29:02,812 DEBUG   643825664 bytes (644 MB) copied, 16.317735 s, 39.5 MB/s
2026-05-19 06:29:02,812 DEBUG   688914432 bytes (689 MB) copied, 17.324886 s, 39.8 MB/s
2026-05-19 06:29:02,812 DEBUG   736100352 bytes (736 MB) copied, 18.326720 s, 40.2 MB/s
2026-05-19 06:29:02,812 DEBUG   780140544 bytes (780 MB) copied, 19.351715 s, 40.3 MB/s
2026-05-19 06:29:02,812 DEBUG   819986432 bytes (820 MB) copied, 20.356749 s, 40.3 MB/s
2026-05-19 06:29:02,812 DEBUG   859832320 bytes (860 MB) copied, 21.376823 s, 40.2 MB/s
2026-05-19 06:29:02,812 DEBUG   903872512 bytes (904 MB) copied, 22.417774 s, 40.3 MB/s
2026-05-19 06:29:02,812 DEBUG   946864128 bytes (947 MB) copied, 23.422142 s, 40.4 MB/s
2026-05-19 06:29:02,812 DEBUG   989855744 bytes (990 MB) copied, 24.428627 s, 40.5 MB/s
2026-05-19 06:29:02,813 DEBUG   1028653056 bytes (1.0 GB) copied, 25.445680 s, 40.4 MB/s
2026-05-19 06:29:02,813 DEBUG   1070596096 bytes (1.1 GB) copied, 26.462240 s, 40.5 MB/s
2026-05-19 06:29:02,813 DEBUG   1024+0 records in
2026-05-19 06:29:02,813 DEBUG   1024+0 records out
2026-05-19 06:29:02,813 DEBUG   1073741824 bytes (1.1 GB) copied, 26.5888 s, 40.4 MB/s
2026-05-19 06:29:02,813 DEBUG   OK (disk op exit 0)
2026-05-19 06:29:02,813 WARNING Guest disk op wall 28.8s (vm='ahv_ins_delete-0-260514-190937' ip=10.114.48.23 op=create ec=0) — includes SSH + guest disk command; if still high, check guest disk throughput vs. MiB settings.
2026-05-19 06:29:02,813 DEBUG [91/556] VM c3a6ba7b… (ahv_ins_delete-0-260514-192054) via 10.114.51.142 op=create
2026-05-19 06:29:02,814 DEBUG   remote: bash -lc 'set -e; _bs(){ printf '"'"'BULK_SNAP_T %s %s\n'"'"' "$1" "$(date +%s.%N 2>/dev/null || date +%s)"; }; _bs guest_start; _bs pipeline_start; openssl enc -aes-256-ctr -pass pass:"testing" -nosalt < /dev/zero 2>/dev/null | dd of=/root/dummy_snapshot_data_1.img bs=1M count=1024 iflag=fullblock status=progress; ec=$?; _bs pipeline_done; _bs guest_end; exit $ec'
2026-05-19 06:29:15,067 DEBUG   BULK_SNAP_T guest_start 1779139724.656234258
2026-05-19 06:29:15,067 DEBUG   BULK_SNAP_T pipeline_start 1779139724.663487863
2026-05-19 06:29:15,068 DEBUG   BULK_SNAP_T pipeline_done 1779139751.795522931
2026-05-19 06:29:15,068 DEBUG   BULK_SNAP_T guest_end 1779139751.800872566
2026-05-19 06:29:15,068 DEBUG   
2026-05-19 06:29:15,068 DEBUG   25165824 bytes (25 MB) copied, 1.025316 s, 24.5 MB/s
2026-05-19 06:29:15,068 DEBUG   65011712 bytes (65 MB) copied, 2.056322 s, 31.6 MB/s
2026-05-19 06:29:15,068 DEBUG   99614720 bytes (100 MB) copied, 3.100236 s, 32.1 MB/s
2026-05-19 06:29:15,068 DEBUG   138412032 bytes (138 MB) copied, 4.134439 s, 33.5 MB/s
2026-05-19 06:29:15,068 DEBUG   177209344 bytes (177 MB) copied, 5.170223 s, 34.3 MB/s
2026-05-19 06:29:15,068 DEBUG   218103808 bytes (218 MB) copied, 6.200251 s, 35.2 MB/s
2026-05-19 06:29:15,068 DEBUG   263192576 bytes (263 MB) copied, 7.252229 s, 36.3 MB/s
2026-05-19 06:29:15,068 DEBUG   298844160 bytes (299 MB) copied, 8.294214 s, 36.0 MB/s
2026-05-19 06:29:15,068 DEBUG   352321536 bytes (352 MB) copied, 9.294489 s, 37.9 MB/s
2026-05-19 06:29:15,068 DEBUG   391118848 bytes (391 MB) copied, 10.324562 s, 37.9 MB/s
2026-05-19 06:29:15,068 DEBUG   426770432 bytes (427 MB) copied, 11.334578 s, 37.7 MB/s
2026-05-19 06:29:15,068 DEBUG   466616320 bytes (467 MB) copied, 12.344207 s, 37.8 MB/s
2026-05-19 06:29:15,068 DEBUG   498073600 bytes (498 MB) copied, 13.377232 s, 37.2 MB/s
2026-05-19 06:29:15,068 DEBUG   540016640 bytes (540 MB) copied, 14.387216 s, 37.5 MB/s
2026-05-19 06:29:15,068 DEBUG   591396864 bytes (591 MB) copied, 15.417479 s, 38.4 MB/s
2026-05-19 06:29:15,068 DEBUG   645922816 bytes (646 MB) copied, 16.422209 s, 39.3 MB/s
2026-05-19 06:29:15,068 DEBUG   693108736 bytes (693 MB) copied, 17.443270 s, 39.7 MB/s
2026-05-19 06:29:15,068 DEBUG   726663168 bytes (727 MB) copied, 18.531439 s, 39.2 MB/s
2026-05-19 06:29:15,068 DEBUG   763363328 bytes (763 MB) copied, 19.542720 s, 39.1 MB/s
2026-05-19 06:29:15,068 DEBUG   801112064 bytes (801 MB) copied, 20.565600 s, 39.0 MB/s
2026-05-19 06:29:15,068 DEBUG   842006528 bytes (842 MB) copied, 21.607196 s, 39.0 MB/s
2026-05-19 06:29:15,068 DEBUG   884998144 bytes (885 MB) copied, 22.676233 s, 39.0 MB/s
2026-05-19 06:29:15,068 DEBUG   931135488 bytes (931 MB) copied, 23.709177 s, 39.3 MB/s
2026-05-19 06:29:15,068 DEBUG   976224256 bytes (976 MB) copied, 24.752313 s, 39.4 MB/s
2026-05-19 06:29:15,068 DEBUG   1022361600 bytes (1.0 GB) copied, 25.754175 s, 39.7 MB/s
2026-05-19 06:29:15,068 DEBUG   1064304640 bytes (1.1 GB) copied, 26.770239 s, 39.8 MB/s
2026-05-19 06:29:15,068 DEBUG   1024+0 records in
2026-05-19 06:29:15,068 DEBUG   1024+0 records out
2026-05-19 06:29:15,068 DEBUG   1073741824 bytes (1.1 GB) copied, 27.0225 s, 39.7 MB/s
2026-05-19 06:29:15,068 DEBUG   OK (disk op exit 0)
2026-05-19 06:29:15,068 WARNING Guest disk op wall 28.8s (vm='ahv_ins_delete-0-260514-190948' ip=10.114.53.0 op=create ec=0) — includes SSH + guest disk command; if still high, check guest disk throughput vs. MiB settings.
2026-05-19 06:29:15,069 DEBUG [92/556] VM eaea2fbd… (ahv_ins_delete-0-260514-192123) via 10.114.50.242 op=create
2026-05-19 06:29:15,069 DEBUG   remote: bash -lc 'set -e; _bs(){ printf '"'"'BULK_SNAP_T %s %s\n'"'"' "$1" "$(date +%s.%N 2>/dev/null || date +%s)"; }; _bs guest_start; _bs pipeline_start; openssl enc -aes-256-ctr -pass pass:"testing" -nosalt < /dev/zero 2>/dev/null | dd of=/root/dummy_snapshot_data_1.img bs=1M count=1024 iflag=fullblock status=progress; ec=$?; _bs pipeline_done; _bs guest_end; exit $ec'
2026-05-19 06:29:15,567 DEBUG   BULK_SNAP_T guest_start 1779139722.034996010
2026-05-19 06:29:15,568 DEBUG   BULK_SNAP_T pipeline_start 1779139722.037292721
2026-05-19 06:29:15,568 DEBUG   BULK_SNAP_T pipeline_done 1779139752.263275742
2026-05-19 06:29:15,568 DEBUG   BULK_SNAP_T guest_end 1779139752.268967315
2026-05-19 06:29:15,568 DEBUG   
2026-05-19 06:29:15,568 DEBUG   15728640 bytes (16 MB) copied, 1.026060 s, 15.3 MB/s
2026-05-19 06:29:15,568 DEBUG   30408704 bytes (30 MB) copied, 2.040598 s, 14.9 MB/s
2026-05-19 06:29:15,568 DEBUG   47185920 bytes (47 MB) copied, 3.113818 s, 15.2 MB/s
2026-05-19 06:29:15,568 DEBUG   75497472 bytes (75 MB) copied, 4.192570 s, 18.0 MB/s
2026-05-19 06:29:15,568 DEBUG   110100480 bytes (110 MB) copied, 5.221579 s, 21.1 MB/s
2026-05-19 06:29:15,568 DEBUG   141557760 bytes (142 MB) copied, 6.255597 s, 22.6 MB/s
2026-05-19 06:29:15,568 DEBUG   184549376 bytes (185 MB) copied, 7.273650 s, 25.4 MB/s
2026-05-19 06:29:15,568 DEBUG   219152384 bytes (219 MB) copied, 8.318592 s, 26.3 MB/s
2026-05-19 06:29:15,568 DEBUG   266338304 bytes (266 MB) copied, 9.339567 s, 28.5 MB/s
2026-05-19 06:29:15,568 DEBUG   305135616 bytes (305 MB) copied, 10.347787 s, 29.5 MB/s
2026-05-19 06:29:15,568 DEBUG   351272960 bytes (351 MB) copied, 11.372577 s, 30.9 MB/s
2026-05-19 06:29:15,568 DEBUG   396361728 bytes (396 MB) copied, 12.387604 s, 32.0 MB/s
2026-05-19 06:29:15,568 DEBUG   435159040 bytes (435 MB) copied, 13.390602 s, 32.5 MB/s
2026-05-19 06:29:15,568 DEBUG   477102080 bytes (477 MB) copied, 14.408596 s, 33.1 MB/s
2026-05-19 06:29:15,568 DEBUG   514850816 bytes (515 MB) copied, 15.423598 s, 33.4 MB/s
2026-05-19 06:29:15,568 DEBUG   550502400 bytes (551 MB) copied, 16.428939 s, 33.5 MB/s
2026-05-19 06:29:15,568 DEBUG   586153984 bytes (586 MB) copied, 17.429621 s, 33.6 MB/s
2026-05-19 06:29:15,568 DEBUG   630194176 bytes (630 MB) copied, 18.473634 s, 34.1 MB/s
2026-05-19 06:29:15,568 DEBUG   673185792 bytes (673 MB) copied, 19.488780 s, 34.5 MB/s
2026-05-19 06:29:15,568 DEBUG   714080256 bytes (714 MB) copied, 20.505612 s, 34.8 MB/s
2026-05-19 06:29:15,568 DEBUG   742391808 bytes (742 MB) copied, 21.510675 s, 34.5 MB/s
2026-05-19 06:29:15,568 DEBUG   781189120 bytes (781 MB) copied, 22.512588 s, 34.7 MB/s
2026-05-19 06:29:15,568 DEBUG   816840704 bytes (817 MB) copied, 23.566595 s, 34.7 MB/s
2026-05-19 06:29:15,568 DEBUG   855638016 bytes (856 MB) copied, 24.583607 s, 34.8 MB/s
2026-05-19 06:29:15,568 DEBUG   895483904 bytes (895 MB) copied, 25.603595 s, 35.0 MB/s
2026-05-19 06:29:15,568 DEBUG   942669824 bytes (943 MB) copied, 26.612569 s, 35.4 MB/s
2026-05-19 06:29:15,568 DEBUG   980418560 bytes (980 MB) copied, 27.678532 s, 35.4 MB/s
2026-05-19 06:29:15,569 DEBUG   1020264448 bytes (1.0 GB) copied, 28.726654 s, 35.5 MB/s
2026-05-19 06:29:15,569 DEBUG   1061158912 bytes (1.1 GB) copied, 29.747998 s, 35.7 MB/s
2026-05-19 06:29:15,569 DEBUG   1024+0 records in
2026-05-19 06:29:15,569 DEBUG   1024+0 records out
2026-05-19 06:29:15,569 DEBUG   1073741824 bytes (1.1 GB) copied, 30.1392 s, 35.6 MB/s
2026-05-19 06:29:15,569 DEBUG   OK (disk op exit 0)
2026-05-19 06:29:15,569 WARNING Guest disk op wall 32.0s (vm='ahv_ins_delete-0-260514-190944' ip=10.114.52.230 op=create ec=0) — includes SSH + guest disk command; if still high, check guest disk throughput vs. MiB settings.
2026-05-19 06:29:15,569 DEBUG [93/556] VM 3b7deada… (ahv_ins_delete-0-260514-192200) via 10.114.52.45 op=create
2026-05-19 06:29:15,569 DEBUG   remote: bash -lc 'set -e; _bs(){ printf '"'"'BULK_SNAP_T %s %s\n'"'"' "$1" "$(date +%s.%N 2>/dev/null || date +%s)"; }; _bs guest_start; _bs pipeline_start; openssl enc -aes-256-ctr -pass pass:"testing" -nosalt < /dev/zero 2>/dev/null | dd of=/root/dummy_snapshot_data_1.img bs=1M count=1024 iflag=fullblock status=progress; ec=$?; _bs pipeline_done; _bs guest_end; exit $ec'
2026-05-19 06:29:16,569 DEBUG   BULK_SNAP_T guest_start 1779139720.568911714
2026-05-19 06:29:16,569 DEBUG   BULK_SNAP_T pipeline_start 1779139720.573944779
2026-05-19 06:29:16,569 DEBUG   BULK_SNAP_T pipeline_done 1779139753.027144752
2026-05-19 06:29:16,569 DEBUG   BULK_SNAP_T guest_end 1779139753.029477699
2026-05-19 06:29:16,569 DEBUG   
2026-05-19 06:29:16,569 DEBUG   18874368 bytes (19 MB) copied, 1.241623 s, 15.2 MB/s
2026-05-19 06:29:16,569 DEBUG   40894464 bytes (41 MB) copied, 2.256623 s, 18.1 MB/s
2026-05-19 06:29:16,569 DEBUG   69206016 bytes (69 MB) copied, 3.281704 s, 21.1 MB/s
2026-05-19 06:29:16,569 DEBUG   103809024 bytes (104 MB) copied, 4.290114 s, 24.2 MB/s
2026-05-19 06:29:16,569 DEBUG   138412032 bytes (138 MB) copied, 5.370752 s, 25.8 MB/s
2026-05-19 06:29:16,569 DEBUG   168820736 bytes (169 MB) copied, 6.402638 s, 26.4 MB/s
2026-05-19 06:29:16,569 DEBUG   200278016 bytes (200 MB) copied, 7.424625 s, 27.0 MB/s
2026-05-19 06:29:16,569 DEBUG   228589568 bytes (229 MB) copied, 8.430001 s, 27.1 MB/s
2026-05-19 06:29:16,569 DEBUG   260046848 bytes (260 MB) copied, 9.437954 s, 27.6 MB/s
2026-05-19 06:29:16,569 DEBUG   293601280 bytes (294 MB) copied, 10.468692 s, 28.0 MB/s
2026-05-19 06:29:16,569 DEBUG   329252864 bytes (329 MB) copied, 11.479731 s, 28.7 MB/s
2026-05-19 06:29:16,569 DEBUG   364904448 bytes (365 MB) copied, 12.502690 s, 29.2 MB/s
2026-05-19 06:29:16,569 DEBUG   401604608 bytes (402 MB) copied, 13.504647 s, 29.7 MB/s
2026-05-19 06:29:16,569 DEBUG   433061888 bytes (433 MB) copied, 14.548918 s, 29.8 MB/s
2026-05-19 06:29:16,569 DEBUG   470810624 bytes (471 MB) copied, 15.551931 s, 30.3 MB/s
2026-05-19 06:29:16,569 DEBUG   509607936 bytes (510 MB) copied, 16.589671 s, 30.7 MB/s
2026-05-19 06:29:16,569 DEBUG   552599552 bytes (553 MB) copied, 17.639767 s, 31.3 MB/s
2026-05-19 06:29:16,569 DEBUG   589299712 bytes (589 MB) copied, 18.640867 s, 31.6 MB/s
2026-05-19 06:29:16,569 DEBUG   629145600 bytes (629 MB) copied, 19.652736 s, 32.0 MB/s
2026-05-19 06:29:16,569 DEBUG   672137216 bytes (672 MB) copied, 20.657644 s, 32.5 MB/s
2026-05-19 06:29:16,569 DEBUG   709885952 bytes (710 MB) copied, 21.674981 s, 32.8 MB/s
2026-05-19 06:29:16,569 DEBUG   747634688 bytes (748 MB) copied, 22.683047 s, 33.0 MB/s
2026-05-19 06:29:16,569 DEBUG   776994816 bytes (777 MB) copied, 23.712694 s, 32.8 MB/s
2026-05-19 06:29:16,569 DEBUG   811597824 bytes (812 MB) copied, 24.774883 s, 32.8 MB/s
2026-05-19 06:29:16,569 DEBUG   843055104 bytes (843 MB) copied, 25.784673 s, 32.7 MB/s
2026-05-19 06:29:16,569 DEBUG   876609536 bytes (877 MB) copied, 26.791665 s, 32.7 MB/s
2026-05-19 06:29:16,569 DEBUG   914358272 bytes (914 MB) copied, 27.804923 s, 32.9 MB/s
2026-05-19 06:29:16,569 DEBUG   945815552 bytes (946 MB) copied, 28.814700 s, 32.8 MB/s
2026-05-19 06:29:16,570 DEBUG   981467136 bytes (981 MB) copied, 29.829607 s, 32.9 MB/s
2026-05-19 06:29:16,570 DEBUG   1013972992 bytes (1.0 GB) copied, 30.866638 s, 32.9 MB/s
2026-05-19 06:29:16,570 DEBUG   1055916032 bytes (1.1 GB) copied, 31.890131 s, 33.1 MB/s
2026-05-19 06:29:16,570 DEBUG   1024+0 records in
2026-05-19 06:29:16,570 DEBUG   1024+0 records out
2026-05-19 06:29:16,570 DEBUG   1073741824 bytes (1.1 GB) copied, 32.3661 s, 33.2 MB/s
2026-05-19 06:29:16,570 DEBUG   OK (disk op exit 0)
2026-05-19 06:29:16,570 WARNING Guest disk op wall 34.5s (vm='ahv_ins_delete-0-260514-190940' ip=10.114.52.180 op=create ec=0) — includes SSH + guest disk command; if still high, check guest disk throughput vs. MiB settings.
2026-05-19 06:29:16,570 DEBUG [94/556] VM 4dd28a1c… (ahv_ins_delete-0-260514-192203) via 10.114.51.110 op=create
2026-05-19 06:29:16,570 DEBUG   remote: bash -lc 'set -e; _bs(){ printf '"'"'BULK_SNAP_T %s %s\n'"'"' "$1" "$(date +%s.%N 2>/dev/null || date +%s)"; }; _bs guest_start; _bs pipeline_start; openssl enc -aes-256-ctr -pass pass:"testing" -nosalt < /dev/zero 2>/dev/null | dd of=/root/dummy_snapshot_data_1.img bs=1M count=1024 iflag=fullblock status=progress; ec=$?; _bs pipeline_done; _bs guest_end; exit $ec'
2026-05-19 06:29:19,820 DEBUG   BULK_SNAP_T guest_start 1779139723.201718844
2026-05-19 06:29:19,820 DEBUG   BULK_SNAP_T pipeline_start 1779139723.205871319
2026-05-19 06:29:19,821 DEBUG   BULK_SNAP_T pipeline_done 1779139756.732433159
2026-05-19 06:29:19,821 DEBUG   BULK_SNAP_T guest_end 1779139756.737764371
2026-05-19 06:29:19,821 DEBUG   
2026-05-19 06:29:19,821 DEBUG   18874368 bytes (19 MB) copied, 1.033457 s, 18.3 MB/s
2026-05-19 06:29:19,821 DEBUG   39845888 bytes (40 MB) copied, 2.225807 s, 17.9 MB/s
2026-05-19 06:29:19,821 DEBUG   59768832 bytes (60 MB) copied, 3.275578 s, 18.2 MB/s
2026-05-19 06:29:19,821 DEBUG   89128960 bytes (89 MB) copied, 4.311734 s, 20.7 MB/s
2026-05-19 06:29:19,821 DEBUG   119537664 bytes (120 MB) copied, 5.342395 s, 22.4 MB/s
2026-05-19 06:29:19,821 DEBUG   154140672 bytes (154 MB) copied, 6.355469 s, 24.3 MB/s
2026-05-19 06:29:19,821 DEBUG   186646528 bytes (187 MB) copied, 7.361407 s, 25.4 MB/s
2026-05-19 06:29:19,821 DEBUG   218103808 bytes (218 MB) copied, 8.372415 s, 26.1 MB/s
2026-05-19 06:29:19,821 DEBUG   250609664 bytes (251 MB) copied, 9.375405 s, 26.7 MB/s
2026-05-19 06:29:19,821 DEBUG   289406976 bytes (289 MB) copied, 10.381831 s, 27.9 MB/s
2026-05-19 06:29:19,821 DEBUG   321912832 bytes (322 MB) copied, 11.401399 s, 28.2 MB/s
2026-05-19 06:29:19,821 DEBUG   353370112 bytes (353 MB) copied, 12.445384 s, 28.4 MB/s
2026-05-19 06:29:19,821 DEBUG   386924544 bytes (387 MB) copied, 13.453481 s, 28.8 MB/s
2026-05-19 06:29:19,821 DEBUG   419430400 bytes (419 MB) copied, 14.462933 s, 29.0 MB/s
2026-05-19 06:29:19,821 DEBUG   452984832 bytes (453 MB) copied, 15.497553 s, 29.2 MB/s
2026-05-19 06:29:19,821 DEBUG   484442112 bytes (484 MB) copied, 16.508495 s, 29.3 MB/s
2026-05-19 06:29:19,821 DEBUG   531628032 bytes (532 MB) copied, 17.524412 s, 30.3 MB/s
2026-05-19 06:29:19,821 DEBUG   569376768 bytes (569 MB) copied, 18.560410 s, 30.7 MB/s
2026-05-19 06:29:19,821 DEBUG   606076928 bytes (606 MB) copied, 19.625400 s, 30.9 MB/s
2026-05-19 06:29:19,821 DEBUG   637534208 bytes (638 MB) copied, 20.677456 s, 30.8 MB/s
2026-05-19 06:29:19,821 DEBUG   670040064 bytes (670 MB) copied, 21.682594 s, 30.9 MB/s
2026-05-19 06:29:19,821 DEBUG   702545920 bytes (703 MB) copied, 22.686448 s, 31.0 MB/s
2026-05-19 06:29:19,821 DEBUG   739246080 bytes (739 MB) copied, 23.688856 s, 31.2 MB/s
2026-05-19 06:29:19,821 DEBUG   769654784 bytes (770 MB) copied, 24.691348 s, 31.2 MB/s
2026-05-19 06:29:19,821 DEBUG   805306368 bytes (805 MB) copied, 25.731659 s, 31.3 MB/s
2026-05-19 06:29:19,821 DEBUG   834666496 bytes (835 MB) copied, 26.747418 s, 31.2 MB/s
2026-05-19 06:29:19,821 DEBUG   867172352 bytes (867 MB) copied, 27.773714 s, 31.2 MB/s
2026-05-19 06:29:19,821 DEBUG   899678208 bytes (900 MB) copied, 28.788742 s, 31.3 MB/s
2026-05-19 06:29:19,821 DEBUG   938475520 bytes (938 MB) copied, 29.820364 s, 31.5 MB/s
2026-05-19 06:29:19,821 DEBUG   983564288 bytes (984 MB) copied, 30.824862 s, 31.9 MB/s
2026-05-19 06:29:19,821 DEBUG   1018167296 bytes (1.0 GB) copied, 31.827709 s, 32.0 MB/s
2026-05-19 06:29:19,821 DEBUG   1051721728 bytes (1.1 GB) copied, 32.841444 s, 32.0 MB/s
2026-05-19 06:29:19,821 DEBUG   1024+0 records in
2026-05-19 06:29:19,821 DEBUG   1024+0 records out
2026-05-19 06:29:19,821 DEBUG   1073741824 bytes (1.1 GB) copied, 33.3775 s, 32.2 MB/s
2026-05-19 06:29:19,821 DEBUG   OK (disk op exit 0)
2026-05-19 06:29:19,822 WARNING Guest disk op wall 35.3s (vm='ahv_ins_delete-0-260514-190948' ip=10.114.48.128 op=create ec=0) — includes SSH + guest disk command; if still high, check guest disk throughput vs. MiB settings.
2026-05-19 06:29:19,822 DEBUG [95/556] VM b9395db6… (ahv_ins_delete-0-260514-192208) via 10.114.51.91 op=create
2026-05-19 06:29:19,822 DEBUG   remote: bash -lc 'set -e; _bs(){ printf '"'"'BULK_SNAP_T %s %s\n'"'"' "$1" "$(date +%s.%N 2>/dev/null || date +%s)"; }; _bs guest_start; _bs pipeline_start; openssl enc -aes-256-ctr -pass pass:"testing" -nosalt < /dev/zero 2>/dev/null | dd of=/root/dummy_snapshot_data_1.img bs=1M count=1024 iflag=fullblock status=progress; ec=$?; _bs pipeline_done; _bs guest_end; exit $ec'
2026-05-19 06:29:21,321 DEBUG   BULK_SNAP_T guest_start 1779139727.076794229
2026-05-19 06:29:21,321 DEBUG   BULK_SNAP_T pipeline_start 1779139727.081545754
2026-05-19 06:29:21,321 DEBUG   BULK_SNAP_T pipeline_done 1779139758.019162974
2026-05-19 06:29:21,321 DEBUG   BULK_SNAP_T guest_end 1779139758.020623700
2026-05-19 06:29:21,321 DEBUG   
2026-05-19 06:29:21,321 DEBUG   19922944 bytes (20 MB) copied, 1.117416 s, 17.8 MB/s
2026-05-19 06:29:21,321 DEBUG   37748736 bytes (38 MB) copied, 2.199225 s, 17.2 MB/s
2026-05-19 06:29:21,321 DEBUG   65011712 bytes (65 MB) copied, 3.228145 s, 20.1 MB/s
2026-05-19 06:29:21,321 DEBUG   98566144 bytes (99 MB) copied, 4.239212 s, 23.3 MB/s
2026-05-19 06:29:21,321 DEBUG   133169152 bytes (133 MB) copied, 5.250212 s, 25.4 MB/s
2026-05-19 06:29:21,321 DEBUG   169869312 bytes (170 MB) copied, 6.263135 s, 27.1 MB/s
2026-05-19 06:29:21,322 DEBUG   211812352 bytes (212 MB) copied, 7.274220 s, 29.1 MB/s
2026-05-19 06:29:21,322 DEBUG   247463936 bytes (247 MB) copied, 8.284642 s, 29.9 MB/s
2026-05-19 06:29:21,322 DEBUG   285212672 bytes (285 MB) copied, 9.289358 s, 30.7 MB/s
2026-05-19 06:29:21,322 DEBUG   319815680 bytes (320 MB) copied, 10.295170 s, 31.1 MB/s
2026-05-19 06:29:21,322 DEBUG   357564416 bytes (358 MB) copied, 11.389204 s, 31.4 MB/s
2026-05-19 06:29:21,322 DEBUG   385875968 bytes (386 MB) copied, 12.397153 s, 31.1 MB/s
2026-05-19 06:29:21,322 DEBUG   420478976 bytes (420 MB) copied, 13.415460 s, 31.3 MB/s
2026-05-19 06:29:21,322 DEBUG   461373440 bytes (461 MB) copied, 14.423296 s, 32.0 MB/s
2026-05-19 06:29:21,322 DEBUG   500170752 bytes (500 MB) copied, 15.458180 s, 32.4 MB/s
2026-05-19 06:29:21,322 DEBUG   528482304 bytes (528 MB) copied, 16.463381 s, 32.1 MB/s
2026-05-19 06:29:21,322 DEBUG   560988160 bytes (561 MB) copied, 17.486377 s, 32.1 MB/s
2026-05-19 06:29:21,322 DEBUG   599785472 bytes (600 MB) copied, 18.530174 s, 32.4 MB/s
2026-05-19 06:29:21,322 DEBUG   637534208 bytes (638 MB) copied, 19.542382 s, 32.6 MB/s
2026-05-19 06:29:21,322 DEBUG   672137216 bytes (672 MB) copied, 20.544283 s, 32.7 MB/s
2026-05-19 06:29:21,322 DEBUG   704643072 bytes (705 MB) copied, 21.545148 s, 32.7 MB/s
2026-05-19 06:29:21,322 DEBUG   745537536 bytes (746 MB) copied, 22.560183 s, 33.0 MB/s
2026-05-19 06:29:21,322 DEBUG   782237696 bytes (782 MB) copied, 23.590168 s, 33.2 MB/s
2026-05-19 06:29:21,322 DEBUG   819986432 bytes (820 MB) copied, 24.621387 s, 33.3 MB/s
2026-05-19 06:29:21,322 DEBUG   864026624 bytes (864 MB) copied, 25.626194 s, 33.7 MB/s
2026-05-19 06:29:21,322 DEBUG   908066816 bytes (908 MB) copied, 26.629856 s, 34.1 MB/s
2026-05-19 06:29:21,322 DEBUG   948961280 bytes (949 MB) copied, 27.635126 s, 34.3 MB/s
2026-05-19 06:29:21,322 DEBUG   986710016 bytes (987 MB) copied, 28.648173 s, 34.4 MB/s
2026-05-19 06:29:21,322 DEBUG   1027604480 bytes (1.0 GB) copied, 29.674317 s, 34.6 MB/s
2026-05-19 06:29:21,322 DEBUG   1070596096 bytes (1.1 GB) copied, 30.677198 s, 34.9 MB/s
2026-05-19 06:29:21,322 DEBUG   1024+0 records in
2026-05-19 06:29:21,322 DEBUG   1024+0 records out
2026-05-19 06:29:21,322 DEBUG   1073741824 bytes (1.1 GB) copied, 30.8222 s, 34.8 MB/s
2026-05-19 06:29:21,322 DEBUG   OK (disk op exit 0)
2026-05-19 06:29:21,322 WARNING Guest disk op wall 32.8s (vm='ahv_ins_delete-0-260514-191505' ip=10.114.49.22 op=create ec=0) — includes SSH + guest disk command; if still high, check guest disk throughput vs. MiB settings.
2026-05-19 06:29:21,323 DEBUG [96/556] VM 5bacaa90… (ahv_ins_delete-0-260514-192546) via 10.114.50.120 op=create
2026-05-19 06:29:21,323 DEBUG   remote: bash -lc 'set -e; _bs(){ printf '"'"'BULK_SNAP_T %s %s\n'"'"' "$1" "$(date +%s.%N 2>/dev/null || date +%s)"; }; _bs guest_start; _bs pipeline_start; openssl enc -aes-256-ctr -pass pass:"testing" -nosalt < /dev/zero 2>/dev/null | dd of=/root/dummy_snapshot_data_1.img bs=1M count=1024 iflag=fullblock status=progress; ec=$?; _bs pipeline_done; _bs guest_end; exit $ec'
2026-05-19 06:29:24,572 DEBUG   BULK_SNAP_T guest_start 1779139731.531459691
2026-05-19 06:29:24,573 DEBUG   BULK_SNAP_T pipeline_start 1779139731.541615005
2026-05-19 06:29:24,573 DEBUG   BULK_SNAP_T pipeline_done 1779139761.218142920
2026-05-19 06:29:24,573 DEBUG   BULK_SNAP_T guest_end 1779139761.220449001
2026-05-19 06:29:24,573 DEBUG   
2026-05-19 06:29:24,573 DEBUG   15728640 bytes (16 MB) copied, 1.030547 s, 15.3 MB/s
2026-05-19 06:29:24,573 DEBUG   50331648 bytes (50 MB) copied, 2.080710 s, 24.2 MB/s
2026-05-19 06:29:24,573 DEBUG   74448896 bytes (74 MB) copied, 3.155597 s, 23.6 MB/s
2026-05-19 06:29:24,573 DEBUG   104857600 bytes (105 MB) copied, 4.158578 s, 25.2 MB/s
2026-05-19 06:29:24,573 DEBUG   141557760 bytes (142 MB) copied, 5.199751 s, 27.2 MB/s
2026-05-19 06:29:24,573 DEBUG   173015040 bytes (173 MB) copied, 6.204862 s, 27.9 MB/s
2026-05-19 06:29:24,573 DEBUG   205520896 bytes (206 MB) copied, 7.254595 s, 28.3 MB/s
2026-05-19 06:29:24,573 DEBUG   241172480 bytes (241 MB) copied, 8.266539 s, 29.2 MB/s
2026-05-19 06:29:24,573 DEBUG   279969792 bytes (280 MB) copied, 9.288591 s, 30.1 MB/s
2026-05-19 06:29:24,573 DEBUG   316669952 bytes (317 MB) copied, 10.311684 s, 30.7 MB/s
2026-05-19 06:29:24,573 DEBUG   352321536 bytes (352 MB) copied, 11.341629 s, 31.1 MB/s
2026-05-19 06:29:24,573 DEBUG   385875968 bytes (386 MB) copied, 12.375548 s, 31.2 MB/s
2026-05-19 06:29:24,573 DEBUG   417333248 bytes (417 MB) copied, 13.383979 s, 31.2 MB/s
2026-05-19 06:29:24,573 DEBUG   451936256 bytes (452 MB) copied, 14.430651 s, 31.3 MB/s
2026-05-19 06:29:24,573 DEBUG   490733568 bytes (491 MB) copied, 15.440839 s, 31.8 MB/s
2026-05-19 06:29:24,573 DEBUG   525336576 bytes (525 MB) copied, 16.477524 s, 31.9 MB/s
2026-05-19 06:29:24,573 DEBUG   566231040 bytes (566 MB) copied, 17.532543 s, 32.3 MB/s
2026-05-19 06:29:24,573 DEBUG   605028352 bytes (605 MB) copied, 18.549596 s, 32.6 MB/s
2026-05-19 06:29:24,573 DEBUG   650117120 bytes (650 MB) copied, 19.554735 s, 33.2 MB/s
2026-05-19 06:29:24,573 DEBUG   687865856 bytes (688 MB) copied, 20.607681 s, 33.4 MB/s
2026-05-19 06:29:24,573 DEBUG   731906048 bytes (732 MB) copied, 21.622530 s, 33.8 MB/s
2026-05-19 06:29:24,573 DEBUG   775946240 bytes (776 MB) copied, 22.663679 s, 34.2 MB/s
2026-05-19 06:29:24,573 DEBUG   814743552 bytes (815 MB) copied, 23.684840 s, 34.4 MB/s
2026-05-19 06:29:24,573 DEBUG   852492288 bytes (852 MB) copied, 24.722690 s, 34.5 MB/s
2026-05-19 06:29:24,573 DEBUG   898629632 bytes (899 MB) copied, 25.745678 s, 34.9 MB/s
2026-05-19 06:29:24,573 DEBUG   948961280 bytes (949 MB) copied, 26.746314 s, 35.5 MB/s
2026-05-19 06:29:24,573 DEBUG   985661440 bytes (986 MB) copied, 27.764627 s, 35.5 MB/s
2026-05-19 06:29:24,573 DEBUG   1029701632 bytes (1.0 GB) copied, 28.767719 s, 35.8 MB/s
2026-05-19 06:29:24,573 DEBUG   1024+0 records in
2026-05-19 06:29:24,574 DEBUG   1024+0 records out
2026-05-19 06:29:24,574 DEBUG   1073741824 bytes (1.1 GB) copied, 29.5581 s, 36.3 MB/s
2026-05-19 06:29:24,574 DEBUG   OK (disk op exit 0)
2026-05-19 06:29:24,574 WARNING Guest disk op wall 31.3s (vm='ahv_ins_delete-0-260514-191510' ip=10.114.49.101 op=create ec=0) — includes SSH + guest disk command; if still high, check guest disk throughput vs. MiB settings.
2026-05-19 06:29:24,574 DEBUG [97/556] VM 7cf338c6… (ahv_ins_delete-0-260514-192637) via 10.114.48.130 op=create
2026-05-19 06:29:24,574 DEBUG   remote: bash -lc 'set -e; _bs(){ printf '"'"'BULK_SNAP_T %s %s\n'"'"' "$1" "$(date +%s.%N 2>/dev/null || date +%s)"; }; _bs guest_start; _bs pipeline_start; openssl enc -aes-256-ctr -pass pass:"testing" -nosalt < /dev/zero 2>/dev/null | dd of=/root/dummy_snapshot_data_1.img bs=1M count=1024 iflag=fullblock status=progress; ec=$?; _bs pipeline_done; _bs guest_end; exit $ec'
2026-05-19 06:29:27,078 DEBUG   BULK_SNAP_T guest_start 1779139732.507112707
2026-05-19 06:29:27,078 DEBUG   BULK_SNAP_T pipeline_start 1779139732.515102532
2026-05-19 06:29:27,078 DEBUG   BULK_SNAP_T pipeline_done 1779139763.621955844
2026-05-19 06:29:27,078 DEBUG   BULK_SNAP_T guest_end 1779139763.623628349
2026-05-19 06:29:27,079 DEBUG   
2026-05-19 06:29:27,079 DEBUG   16777216 bytes (17 MB) copied, 1.044779 s, 16.1 MB/s
2026-05-19 06:29:27,079 DEBUG   41943040 bytes (42 MB) copied, 2.238729 s, 18.7 MB/s
2026-05-19 06:29:27,079 DEBUG   65011712 bytes (65 MB) copied, 3.256262 s, 20.0 MB/s
2026-05-19 06:29:27,079 DEBUG   91226112 bytes (91 MB) copied, 4.293310 s, 21.2 MB/s
2026-05-19 06:29:27,079 DEBUG   120586240 bytes (121 MB) copied, 5.295820 s, 22.8 MB/s
2026-05-19 06:29:27,079 DEBUG   153092096 bytes (153 MB) copied, 6.329145 s, 24.2 MB/s
2026-05-19 06:29:27,079 DEBUG   191889408 bytes (192 MB) copied, 7.331903 s, 26.2 MB/s
2026-05-19 06:29:27,079 DEBUG   225443840 bytes (225 MB) copied, 8.342161 s, 27.0 MB/s
2026-05-19 06:29:27,079 DEBUG   265289728 bytes (265 MB) copied, 9.377212 s, 28.3 MB/s
2026-05-19 06:29:27,079 DEBUG   297795584 bytes (298 MB) copied, 10.417157 s, 28.6 MB/s
2026-05-19 06:29:27,079 DEBUG   334495744 bytes (334 MB) copied, 11.433332 s, 29.3 MB/s
2026-05-19 06:29:27,079 DEBUG   363855872 bytes (364 MB) copied, 12.469255 s, 29.2 MB/s
2026-05-19 06:29:27,079 DEBUG   400556032 bytes (401 MB) copied, 13.503650 s, 29.7 MB/s
2026-05-19 06:29:27,079 DEBUG   433061888 bytes (433 MB) copied, 14.529238 s, 29.8 MB/s
2026-05-19 06:29:27,079 DEBUG   467664896 bytes (468 MB) copied, 15.549181 s, 30.1 MB/s
2026-05-19 06:29:27,079 DEBUG   506462208 bytes (506 MB) copied, 16.559187 s, 30.6 MB/s
2026-05-19 06:29:27,079 DEBUG   546308096 bytes (546 MB) copied, 17.593282 s, 31.1 MB/s
2026-05-19 06:29:27,079 DEBUG   583008256 bytes (583 MB) copied, 18.618443 s, 31.3 MB/s
2026-05-19 06:29:27,079 DEBUG   620756992 bytes (621 MB) copied, 19.655194 s, 31.6 MB/s
2026-05-19 06:29:27,079 DEBUG   661651456 bytes (662 MB) copied, 20.657230 s, 32.0 MB/s
2026-05-19 06:29:27,079 DEBUG   705691648 bytes (706 MB) copied, 21.659721 s, 32.6 MB/s
2026-05-19 06:29:27,079 DEBUG   742391808 bytes (742 MB) copied, 22.727425 s, 32.7 MB/s
2026-05-19 06:29:27,079 DEBUG   779091968 bytes (779 MB) copied, 23.755701 s, 32.8 MB/s
2026-05-19 06:29:27,079 DEBUG   819986432 bytes (820 MB) copied, 24.764382 s, 33.1 MB/s
2026-05-19 06:29:27,079 DEBUG   861929472 bytes (862 MB) copied, 25.774553 s, 33.4 MB/s
2026-05-19 06:29:27,079 DEBUG   904921088 bytes (905 MB) copied, 26.814526 s, 33.7 MB/s
2026-05-19 06:29:27,079 DEBUG   944766976 bytes (945 MB) copied, 27.816595 s, 34.0 MB/s
2026-05-19 06:29:27,079 DEBUG   985661440 bytes (986 MB) copied, 28.819392 s, 34.2 MB/s
2026-05-19 06:29:27,079 DEBUG   1025507328 bytes (1.0 GB) copied, 29.836200 s, 34.4 MB/s
2026-05-19 06:29:27,079 DEBUG   1067450368 bytes (1.1 GB) copied, 30.858390 s, 34.6 MB/s
2026-05-19 06:29:27,079 DEBUG   1024+0 records in
2026-05-19 06:29:27,079 DEBUG   1024+0 records out
2026-05-19 06:29:27,079 DEBUG   1073741824 bytes (1.1 GB) copied, 30.9668 s, 34.7 MB/s
2026-05-19 06:29:27,079 DEBUG   OK (disk op exit 0)
2026-05-19 06:29:27,079 WARNING Guest disk op wall 32.8s (vm='ahv_ins_delete-0-260514-191520' ip=10.114.54.43 op=create ec=0) — includes SSH + guest disk command; if still high, check guest disk throughput vs. MiB settings.
2026-05-19 06:29:27,080 DEBUG [98/556] VM 40d00e92… (ahv_ins_delete-0-260514-192726) via 10.114.51.132 op=create
2026-05-19 06:29:27,080 DEBUG   remote: bash -lc 'set -e; _bs(){ printf '"'"'BULK_SNAP_T %s %s\n'"'"' "$1" "$(date +%s.%N 2>/dev/null || date +%s)"; }; _bs guest_start; _bs pipeline_start; openssl enc -aes-256-ctr -pass pass:"testing" -nosalt < /dev/zero 2>/dev/null | dd of=/root/dummy_snapshot_data_1.img bs=1M count=1024 iflag=fullblock status=progress; ec=$?; _bs pipeline_done; _bs guest_end; exit $ec'
2026-05-19 06:29:28,574 DEBUG   BULK_SNAP_T guest_start 1779139733.797747930
2026-05-19 06:29:28,575 DEBUG   BULK_SNAP_T pipeline_start 1779139733.805410710
2026-05-19 06:29:28,575 DEBUG   BULK_SNAP_T pipeline_done 1779139764.632434173
2026-05-19 06:29:28,575 DEBUG   BULK_SNAP_T guest_end 1779139764.634099481
2026-05-19 06:29:28,575 DEBUG   
2026-05-19 06:29:28,575 DEBUG   24117248 bytes (24 MB) copied, 1.085918 s, 22.2 MB/s
2026-05-19 06:29:28,575 DEBUG   48234496 bytes (48 MB) copied, 2.198337 s, 21.9 MB/s
2026-05-19 06:29:28,575 DEBUG   72351744 bytes (72 MB) copied, 3.269911 s, 22.1 MB/s
2026-05-19 06:29:28,575 DEBUG   98566144 bytes (99 MB) copied, 4.289896 s, 23.0 MB/s
2026-05-19 06:29:28,575 DEBUG   132120576 bytes (132 MB) copied, 5.305895 s, 24.9 MB/s
2026-05-19 06:29:28,575 DEBUG   170917888 bytes (171 MB) copied, 6.364939 s, 26.9 MB/s
2026-05-19 06:29:28,575 DEBUG   206569472 bytes (207 MB) copied, 7.373895 s, 28.0 MB/s
2026-05-19 06:29:28,575 DEBUG   241172480 bytes (241 MB) copied, 8.410242 s, 28.7 MB/s
2026-05-19 06:29:28,575 DEBUG   266338304 bytes (266 MB) copied, 9.427948 s, 28.2 MB/s
2026-05-19 06:29:28,575 DEBUG   293601280 bytes (294 MB) copied, 10.462924 s, 28.1 MB/s
2026-05-19 06:29:28,575 DEBUG   333447168 bytes (333 MB) copied, 11.500913 s, 29.0 MB/s
2026-05-19 06:29:28,575 DEBUG   367001600 bytes (367 MB) copied, 12.538080 s, 29.3 MB/s
2026-05-19 06:29:28,575 DEBUG   402653184 bytes (403 MB) copied, 13.565074 s, 29.7 MB/s
2026-05-19 06:29:28,575 DEBUG   438304768 bytes (438 MB) copied, 14.577235 s, 30.1 MB/s
2026-05-19 06:29:28,575 DEBUG   475004928 bytes (475 MB) copied, 15.589025 s, 30.5 MB/s
2026-05-19 06:29:28,575 DEBUG   507510784 bytes (508 MB) copied, 16.594927 s, 30.6 MB/s
2026-05-19 06:29:28,575 DEBUG   542113792 bytes (542 MB) copied, 17.615978 s, 30.8 MB/s
2026-05-19 06:29:28,575 DEBUG   583008256 bytes (583 MB) copied, 18.636044 s, 31.3 MB/s
2026-05-19 06:29:28,575 DEBUG   624951296 bytes (625 MB) copied, 19.638947 s, 31.8 MB/s
2026-05-19 06:29:28,575 DEBUG   659554304 bytes (660 MB) copied, 20.674947 s, 31.9 MB/s
2026-05-19 06:29:28,575 DEBUG   699400192 bytes (699 MB) copied, 21.685122 s, 32.3 MB/s
2026-05-19 06:29:28,575 DEBUG   742391808 bytes (742 MB) copied, 22.687079 s, 32.7 MB/s
2026-05-19 06:29:28,575 DEBUG   785383424 bytes (785 MB) copied, 23.689104 s, 33.2 MB/s
2026-05-19 06:29:28,575 DEBUG   833617920 bytes (834 MB) copied, 24.734104 s, 33.7 MB/s
2026-05-19 06:29:28,575 DEBUG   876609536 bytes (877 MB) copied, 25.748969 s, 34.0 MB/s
2026-05-19 06:29:28,575 DEBUG   917504000 bytes (918 MB) copied, 26.760994 s, 34.3 MB/s
2026-05-19 06:29:28,575 DEBUG   959447040 bytes (959 MB) copied, 27.778992 s, 34.5 MB/s
2026-05-19 06:29:28,575 DEBUG   1000341504 bytes (1.0 GB) copied, 28.800922 s, 34.7 MB/s
2026-05-19 06:29:28,575 DEBUG   1038090240 bytes (1.0 GB) copied, 29.817962 s, 34.8 MB/s
2026-05-19 06:29:28,575 DEBUG   1024+0 records in
2026-05-19 06:29:28,575 DEBUG   1024+0 records out
2026-05-19 06:29:28,575 DEBUG   1073741824 bytes (1.1 GB) copied, 30.7201 s, 35.0 MB/s
2026-05-19 06:29:28,575 DEBUG   OK (disk op exit 0)
2026-05-19 06:29:28,576 WARNING Guest disk op wall 32.5s (vm='ahv_ins_delete-0-260514-191527' ip=10.114.49.145 op=create ec=0) — includes SSH + guest disk command; if still high, check guest disk throughput vs. MiB settings.
2026-05-19 06:29:28,576 DEBUG [99/556] VM 29150d65… (ahv_ins_delete-0-260514-192728) via 10.114.52.157 op=create
2026-05-19 06:29:28,576 DEBUG   remote: bash -lc 'set -e; _bs(){ printf '"'"'BULK_SNAP_T %s %s\n'"'"' "$1" "$(date +%s.%N 2>/dev/null || date +%s)"; }; _bs guest_start; _bs pipeline_start; openssl enc -aes-256-ctr -pass pass:"testing" -nosalt < /dev/zero 2>/dev/null | dd of=/root/dummy_snapshot_data_1.img bs=1M count=1024 iflag=fullblock status=progress; ec=$?; _bs pipeline_done; _bs guest_end; exit $ec'
2026-05-19 06:29:32,831 DEBUG   BULK_SNAP_T guest_start 1779139739.113532714
2026-05-19 06:29:32,831 DEBUG   BULK_SNAP_T pipeline_start 1779139739.118194079
2026-05-19 06:29:32,831 DEBUG   BULK_SNAP_T pipeline_done 1779139769.453496390
2026-05-19 06:29:32,831 DEBUG   BULK_SNAP_T guest_end 1779139769.459207551
2026-05-19 06:29:32,831 DEBUG   
2026-05-19 06:29:32,831 DEBUG   15728640 bytes (16 MB) copied, 1.158856 s, 13.6 MB/s
2026-05-19 06:29:32,831 DEBUG   32505856 bytes (33 MB) copied, 2.306194 s, 14.1 MB/s
2026-05-19 06:29:32,831 DEBUG   52428800 bytes (52 MB) copied, 3.361829 s, 15.6 MB/s
2026-05-19 06:29:32,831 DEBUG   74448896 bytes (74 MB) copied, 4.391637 s, 17.0 MB/s
2026-05-19 06:29:32,831 DEBUG   101711872 bytes (102 MB) copied, 5.445818 s, 18.7 MB/s
2026-05-19 06:29:32,831 DEBUG   139460608 bytes (139 MB) copied, 6.454652 s, 21.6 MB/s
2026-05-19 06:29:32,831 DEBUG   176160768 bytes (176 MB) copied, 7.485622 s, 23.5 MB/s
2026-05-19 06:29:32,831 DEBUG   212860928 bytes (213 MB) copied, 8.575865 s, 24.8 MB/s
2026-05-19 06:29:32,831 DEBUG   247463936 bytes (247 MB) copied, 9.585724 s, 25.8 MB/s
2026-05-19 06:29:32,832 DEBUG   289406976 bytes (289 MB) copied, 10.649660 s, 27.2 MB/s
2026-05-19 06:29:32,832 DEBUG   329252864 bytes (329 MB) copied, 11.745613 s, 28.0 MB/s
2026-05-19 06:29:32,832 DEBUG   362807296 bytes (363 MB) copied, 12.792639 s, 28.4 MB/s
2026-05-19 06:29:32,832 DEBUG   405798912 bytes (406 MB) copied, 13.821761 s, 29.4 MB/s
2026-05-19 06:29:32,832 DEBUG   454033408 bytes (454 MB) copied, 14.842606 s, 30.6 MB/s
2026-05-19 06:29:32,832 DEBUG   493879296 bytes (494 MB) copied, 15.844999 s, 31.2 MB/s
2026-05-19 06:29:32,832 DEBUG   533725184 bytes (534 MB) copied, 16.871629 s, 31.6 MB/s
2026-05-19 06:29:32,832 DEBUG   572522496 bytes (573 MB) copied, 17.882656 s, 32.0 MB/s
2026-05-19 06:29:32,832 DEBUG   613416960 bytes (613 MB) copied, 18.897594 s, 32.5 MB/s
2026-05-19 06:29:32,832 DEBUG   660602880 bytes (661 MB) copied, 19.900632 s, 33.2 MB/s
2026-05-19 06:29:32,832 DEBUG   701497344 bytes (701 MB) copied, 20.913635 s, 33.5 MB/s
2026-05-19 06:29:32,832 DEBUG   736100352 bytes (736 MB) copied, 21.918587 s, 33.6 MB/s
2026-05-19 06:29:32,832 DEBUG   775946240 bytes (776 MB) copied, 22.925080 s, 33.8 MB/s
2026-05-19 06:29:32,832 DEBUG   819986432 bytes (820 MB) copied, 23.949671 s, 34.2 MB/s
2026-05-19 06:29:32,832 DEBUG   865075200 bytes (865 MB) copied, 24.958827 s, 34.7 MB/s
2026-05-19 06:29:32,832 DEBUG   905969664 bytes (906 MB) copied, 25.983763 s, 34.9 MB/s
2026-05-19 06:29:32,832 DEBUG   946864128 bytes (947 MB) copied, 27.032680 s, 35.0 MB/s
2026-05-19 06:29:32,832 DEBUG   989855744 bytes (990 MB) copied, 28.045640 s, 35.3 MB/s
2026-05-19 06:29:32,832 DEBUG   1028653056 bytes (1.0 GB) copied, 29.052614 s, 35.4 MB/s
2026-05-19 06:29:32,832 DEBUG   1068498944 bytes (1.1 GB) copied, 30.091707 s, 35.5 MB/s
2026-05-19 06:29:32,832 DEBUG   1024+0 records in
2026-05-19 06:29:32,832 DEBUG   1024+0 records out
2026-05-19 06:29:32,832 DEBUG   1073741824 bytes (1.1 GB) copied, 30.2117 s, 35.5 MB/s
2026-05-19 06:29:32,832 DEBUG   OK (disk op exit 0)
2026-05-19 06:29:32,832 WARNING Guest disk op wall 32.3s (vm='ahv_ins_delete-0-260514-191530' ip=10.114.50.38 op=create ec=0) — includes SSH + guest disk command; if still high, check guest disk throughput vs. MiB settings.
2026-05-19 06:29:32,833 DEBUG [100/556] VM 664a9b27… (ahv_ins_delete-0-260514-192738) via 10.114.53.27 op=create
2026-05-19 06:29:32,833 DEBUG   remote: bash -lc 'set -e; _bs(){ printf '"'"'BULK_SNAP_T %s %s\n'"'"' "$1" "$(date +%s.%N 2>/dev/null || date +%s)"; }; _bs guest_start; _bs pipeline_start; openssl enc -aes-256-ctr -pass pass:"testing" -nosalt < /dev/zero 2>/dev/null | dd of=/root/dummy_snapshot_data_1.img bs=1M count=1024 iflag=fullblock status=progress; ec=$?; _bs pipeline_done; _bs guest_end; exit $ec'
2026-05-19 06:29:34,082 DEBUG   BULK_SNAP_T guest_start 1779139741.185046940
2026-05-19 06:29:34,082 DEBUG   BULK_SNAP_T pipeline_start 1779139741.194386652
2026-05-19 06:29:34,082 DEBUG   BULK_SNAP_T pipeline_done 1779139770.756247900
2026-05-19 06:29:34,082 DEBUG   BULK_SNAP_T guest_end 1779139770.761254307
2026-05-19 06:29:34,083 DEBUG   
2026-05-19 06:29:34,083 DEBUG   23068672 bytes (23 MB) copied, 1.198405 s, 19.2 MB/s
2026-05-19 06:29:34,083 DEBUG   44040192 bytes (44 MB) copied, 2.243106 s, 19.6 MB/s
2026-05-19 06:29:34,083 DEBUG   74448896 bytes (74 MB) copied, 3.274182 s, 22.7 MB/s
2026-05-19 06:29:34,083 DEBUG   106954752 bytes (107 MB) copied, 4.275130 s, 25.0 MB/s
2026-05-19 06:29:34,083 DEBUG   143654912 bytes (144 MB) copied, 5.282147 s, 27.2 MB/s
2026-05-19 06:29:34,083 DEBUG   180355072 bytes (180 MB) copied, 6.282617 s, 28.7 MB/s
2026-05-19 06:29:34,083 DEBUG   210763776 bytes (211 MB) copied, 7.334135 s, 28.7 MB/s
2026-05-19 06:29:34,083 DEBUG   247463936 bytes (247 MB) copied, 8.339067 s, 29.7 MB/s
2026-05-19 06:29:34,083 DEBUG   282066944 bytes (282 MB) copied, 9.380071 s, 30.1 MB/s
2026-05-19 06:29:34,083 DEBUG   314572800 bytes (315 MB) copied, 10.385606 s, 30.3 MB/s
2026-05-19 06:29:34,083 DEBUG   350224384 bytes (350 MB) copied, 11.391431 s, 30.7 MB/s
2026-05-19 06:29:34,083 DEBUG   392167424 bytes (392 MB) copied, 12.396167 s, 31.6 MB/s
2026-05-19 06:29:34,083 DEBUG   438304768 bytes (438 MB) copied, 13.402539 s, 32.7 MB/s
2026-05-19 06:29:34,083 DEBUG   477102080 bytes (477 MB) copied, 14.413169 s, 33.1 MB/s
2026-05-19 06:29:34,083 DEBUG   516947968 bytes (517 MB) copied, 15.456189 s, 33.4 MB/s
2026-05-19 06:29:34,083 DEBUG   557842432 bytes (558 MB) copied, 16.493282 s, 33.8 MB/s
2026-05-19 06:29:34,083 DEBUG   597688320 bytes (598 MB) copied, 17.518373 s, 34.1 MB/s
2026-05-19 06:29:34,083 DEBUG   637534208 bytes (638 MB) copied, 18.525211 s, 34.4 MB/s
2026-05-19 06:29:34,083 DEBUG   675282944 bytes (675 MB) copied, 19.552154 s, 34.5 MB/s
2026-05-19 06:29:34,083 DEBUG   717225984 bytes (717 MB) copied, 20.566106 s, 34.9 MB/s
2026-05-19 06:29:34,083 DEBUG   759169024 bytes (759 MB) copied, 21.573508 s, 35.2 MB/s
2026-05-19 06:29:34,083 DEBUG   796917760 bytes (797 MB) copied, 22.584508 s, 35.3 MB/s
2026-05-19 06:29:34,083 DEBUG   835715072 bytes (836 MB) copied, 23.586132 s, 35.4 MB/s
2026-05-19 06:29:34,083 DEBUG   877658112 bytes (878 MB) copied, 24.603489 s, 35.7 MB/s
2026-05-19 06:29:34,083 DEBUG   922746880 bytes (923 MB) copied, 25.624394 s, 36.0 MB/s
2026-05-19 06:29:34,083 DEBUG   960495616 bytes (960 MB) copied, 26.677071 s, 36.0 MB/s
2026-05-19 06:29:34,083 DEBUG   1004535808 bytes (1.0 GB) copied, 27.752203 s, 36.2 MB/s
2026-05-19 06:29:34,083 DEBUG   1045430272 bytes (1.0 GB) copied, 28.825286 s, 36.3 MB/s
2026-05-19 06:29:34,083 DEBUG   1024+0 records in
2026-05-19 06:29:34,083 DEBUG   1024+0 records out
2026-05-19 06:29:34,083 DEBUG   1073741824 bytes (1.1 GB) copied, 29.4753 s, 36.4 MB/s
2026-05-19 06:29:34,083 DEBUG   OK (disk op exit 0)
2026-05-19 06:29:34,083 WARNING Guest disk op wall 31.3s (vm='ahv_ins_delete-0-260514-192054' ip=10.114.51.142 op=create ec=0) — includes SSH + guest disk command; if still high, check guest disk throughput vs. MiB settings.
2026-05-19 06:29:34,084 DEBUG [101/556] VM cdcd2b6d… (ahv_ins_delete-0-260514-193040) via 10.114.48.43 op=create
2026-05-19 06:29:34,084 DEBUG   remote: bash -lc 'set -e; _bs(){ printf '"'"'BULK_SNAP_T %s %s\n'"'"' "$1" "$(date +%s.%N 2>/dev/null || date +%s)"; }; _bs guest_start; _bs pipeline_start; openssl enc -aes-256-ctr -pass pass:"testing" -nosalt < /dev/zero 2>/dev/null | dd of=/root/dummy_snapshot_data_1.img bs=1M count=1024 iflag=fullblock status=progress; ec=$?; _bs pipeline_done; _bs guest_end; exit $ec'
2026-05-19 06:29:45,088 DEBUG   BULK_SNAP_T guest_start 1779139753.745722931
2026-05-19 06:29:45,088 DEBUG   BULK_SNAP_T pipeline_start 1779139753.750576744
2026-05-19 06:29:45,088 DEBUG   BULK_SNAP_T pipeline_done 1779139781.857723328
2026-05-19 06:29:45,088 DEBUG   BULK_SNAP_T guest_end 1779139781.859471832
2026-05-19 06:29:45,088 DEBUG   
2026-05-19 06:29:45,088 DEBUG   24117248 bytes (24 MB) copied, 1.083155 s, 22.3 MB/s
2026-05-19 06:29:45,088 DEBUG   56623104 bytes (57 MB) copied, 2.114319 s, 26.8 MB/s
2026-05-19 06:29:45,088 DEBUG   100663296 bytes (101 MB) copied, 3.117167 s, 32.3 MB/s
2026-05-19 06:29:45,088 DEBUG   145752064 bytes (146 MB) copied, 4.211143 s, 34.6 MB/s
2026-05-19 06:29:45,088 DEBUG   191889408 bytes (192 MB) copied, 5.249434 s, 36.6 MB/s
2026-05-19 06:29:45,088 DEBUG   232783872 bytes (233 MB) copied, 6.300146 s, 36.9 MB/s
2026-05-19 06:29:45,088 DEBUG   270532608 bytes (271 MB) copied, 7.306131 s, 37.0 MB/s
2026-05-19 06:29:45,088 DEBUG   309329920 bytes (309 MB) copied, 8.317148 s, 37.2 MB/s
2026-05-19 06:29:45,088 DEBUG   350224384 bytes (350 MB) copied, 9.358357 s, 37.4 MB/s
2026-05-19 06:29:45,088 DEBUG   389021696 bytes (389 MB) copied, 10.404391 s, 37.4 MB/s
2026-05-19 06:29:45,088 DEBUG   428867584 bytes (429 MB) copied, 11.440339 s, 37.5 MB/s
2026-05-19 06:29:45,088 DEBUG   470810624 bytes (471 MB) copied, 12.445459 s, 37.8 MB/s
2026-05-19 06:29:45,088 DEBUG   515899392 bytes (516 MB) copied, 13.469174 s, 38.3 MB/s
2026-05-19 06:29:45,088 DEBUG   553648128 bytes (554 MB) copied, 14.513366 s, 38.1 MB/s
2026-05-19 06:29:45,088 DEBUG   590348288 bytes (590 MB) copied, 15.520920 s, 38.0 MB/s
2026-05-19 06:29:45,088 DEBUG   634388480 bytes (634 MB) copied, 16.583158 s, 38.3 MB/s
2026-05-19 06:29:45,088 DEBUG   671088640 bytes (671 MB) copied, 17.606244 s, 38.1 MB/s
2026-05-19 06:29:45,088 DEBUG   713031680 bytes (713 MB) copied, 18.656167 s, 38.2 MB/s
2026-05-19 06:29:45,089 DEBUG   750780416 bytes (751 MB) copied, 19.704246 s, 38.1 MB/s
2026-05-19 06:29:45,089 DEBUG   793772032 bytes (794 MB) copied, 20.746286 s, 38.3 MB/s
2026-05-19 06:29:45,089 DEBUG   832569344 bytes (833 MB) copied, 21.772326 s, 38.2 MB/s
2026-05-19 06:29:45,089 DEBUG   872415232 bytes (872 MB) copied, 22.777246 s, 38.3 MB/s
2026-05-19 06:29:45,089 DEBUG   911212544 bytes (911 MB) copied, 23.812379 s, 38.3 MB/s
2026-05-19 06:29:45,089 DEBUG   951058432 bytes (951 MB) copied, 24.815252 s, 38.3 MB/s
2026-05-19 06:29:45,089 DEBUG   990904320 bytes (991 MB) copied, 25.829593 s, 38.4 MB/s
2026-05-19 06:29:45,089 DEBUG   1031798784 bytes (1.0 GB) copied, 26.836366 s, 38.4 MB/s
2026-05-19 06:29:45,089 DEBUG   1068498944 bytes (1.1 GB) copied, 27.850999 s, 38.4 MB/s
2026-05-19 06:29:45,089 DEBUG   1024+0 records in
2026-05-19 06:29:45,089 DEBUG   1024+0 records out
2026-05-19 06:29:45,089 DEBUG   1073741824 bytes (1.1 GB) copied, 28.0115 s, 38.3 MB/s
2026-05-19 06:29:45,089 DEBUG   OK (disk op exit 0)
2026-05-19 06:29:45,089 WARNING Guest disk op wall 29.5s (vm='ahv_ins_delete-0-260514-192200' ip=10.114.52.45 op=create ec=0) — includes SSH + guest disk command; if still high, check guest disk throughput vs. MiB settings.
2026-05-19 06:29:45,089 DEBUG [102/556] VM 583256ae… (ahv_ins_delete-0-260514-193214) via 10.114.54.112 op=create
2026-05-19 06:29:45,089 DEBUG   remote: bash -lc 'set -e; _bs(){ printf '"'"'BULK_SNAP_T %s %s\n'"'"' "$1" "$(date +%s.%N 2>/dev/null || date +%s)"; }; _bs guest_start; _bs pipeline_start; openssl enc -aes-256-ctr -pass pass:"testing" -nosalt < /dev/zero 2>/dev/null | dd of=/root/dummy_snapshot_data_1.img bs=1M count=1024 iflag=fullblock status=progress; ec=$?; _bs pipeline_done; _bs guest_end; exit $ec'
2026-05-19 06:29:45,838 DEBUG   BULK_SNAP_T guest_start 1779139753.796734384
2026-05-19 06:29:45,838 DEBUG   BULK_SNAP_T pipeline_start 1779139753.800114746
2026-05-19 06:29:45,838 DEBUG   BULK_SNAP_T pipeline_done 1779139782.649116656
2026-05-19 06:29:45,838 DEBUG   BULK_SNAP_T guest_end 1779139782.659919206
2026-05-19 06:29:45,838 DEBUG   
2026-05-19 06:29:45,838 DEBUG   37748736 bytes (38 MB) copied, 1.030791 s, 36.6 MB/s
2026-05-19 06:29:45,839 DEBUG   62914560 bytes (63 MB) copied, 2.052824 s, 30.6 MB/s
2026-05-19 06:29:45,839 DEBUG   94371840 bytes (94 MB) copied, 3.065191 s, 30.8 MB/s
2026-05-19 06:29:45,839 DEBUG   130023424 bytes (130 MB) copied, 4.096793 s, 31.7 MB/s
2026-05-19 06:29:45,839 DEBUG   162529280 bytes (163 MB) copied, 5.128825 s, 31.7 MB/s
2026-05-19 06:29:45,839 DEBUG   208666624 bytes (209 MB) copied, 6.187866 s, 33.7 MB/s
2026-05-19 06:29:45,839 DEBUG   242221056 bytes (242 MB) copied, 7.196783 s, 33.7 MB/s
2026-05-19 06:29:45,839 DEBUG   281018368 bytes (281 MB) copied, 8.242809 s, 34.1 MB/s
2026-05-19 06:29:45,839 DEBUG   316669952 bytes (317 MB) copied, 9.247819 s, 34.2 MB/s
2026-05-19 06:29:45,839 DEBUG   362807296 bytes (363 MB) copied, 10.255793 s, 35.4 MB/s
2026-05-19 06:29:45,839 DEBUG   405798912 bytes (406 MB) copied, 11.392815 s, 35.6 MB/s
2026-05-19 06:29:45,839 DEBUG   449839104 bytes (450 MB) copied, 12.394277 s, 36.3 MB/s
2026-05-19 06:29:45,839 DEBUG   493879296 bytes (494 MB) copied, 13.417848 s, 36.8 MB/s
2026-05-19 06:29:45,839 DEBUG   527433728 bytes (527 MB) copied, 14.431725 s, 36.5 MB/s
2026-05-19 06:29:45,839 DEBUG   564133888 bytes (564 MB) copied, 15.431926 s, 36.6 MB/s
2026-05-19 06:29:45,839 DEBUG   597688320 bytes (598 MB) copied, 16.467196 s, 36.3 MB/s
2026-05-19 06:29:45,839 DEBUG   638582784 bytes (639 MB) copied, 17.507148 s, 36.5 MB/s
2026-05-19 06:29:45,839 DEBUG   678428672 bytes (678 MB) copied, 18.507578 s, 36.7 MB/s
2026-05-19 06:29:45,839 DEBUG   718274560 bytes (718 MB) copied, 19.524238 s, 36.8 MB/s
2026-05-19 06:29:45,839 DEBUG   754974720 bytes (755 MB) copied, 20.531231 s, 36.8 MB/s
2026-05-19 06:29:45,839 DEBUG   792723456 bytes (793 MB) copied, 21.542830 s, 36.8 MB/s
2026-05-19 06:29:45,839 DEBUG   832569344 bytes (833 MB) copied, 22.560864 s, 36.9 MB/s
2026-05-19 06:29:45,839 DEBUG   872415232 bytes (872 MB) copied, 23.580808 s, 37.0 MB/s
2026-05-19 06:29:45,839 DEBUG   905969664 bytes (906 MB) copied, 24.583117 s, 36.9 MB/s
2026-05-19 06:29:45,839 DEBUG   950009856 bytes (950 MB) copied, 25.637826 s, 37.1 MB/s
2026-05-19 06:29:45,839 DEBUG   993001472 bytes (993 MB) copied, 26.638852 s, 37.3 MB/s
2026-05-19 06:29:45,839 DEBUG   1034944512 bytes (1.0 GB) copied, 27.645904 s, 37.4 MB/s
2026-05-19 06:29:45,839 DEBUG   1070596096 bytes (1.1 GB) copied, 28.649765 s, 37.4 MB/s
2026-05-19 06:29:45,839 DEBUG   1024+0 records in
2026-05-19 06:29:45,839 DEBUG   1024+0 records out
2026-05-19 06:29:45,839 DEBUG   1073741824 bytes (1.1 GB) copied, 28.7279 s, 37.4 MB/s
2026-05-19 06:29:45,839 DEBUG   OK (disk op exit 0)
2026-05-19 06:29:45,839 WARNING Guest disk op wall 30.8s (vm='ahv_ins_delete-0-260514-192123' ip=10.114.50.242 op=create ec=0) — includes SSH + guest disk command; if still high, check guest disk throughput vs. MiB settings.
2026-05-19 06:29:45,840 DEBUG [103/556] VM ee874d84… (ahv_ins_delete-0-260514-193248) via 10.114.54.59 op=create
2026-05-19 06:29:45,840 DEBUG   remote: bash -lc 'set -e; _bs(){ printf '"'"'BULK_SNAP_T %s %s\n'"'"' "$1" "$(date +%s.%N 2>/dev/null || date +%s)"; }; _bs guest_start; _bs pipeline_start; openssl enc -aes-256-ctr -pass pass:"testing" -nosalt < /dev/zero 2>/dev/null | dd of=/root/dummy_snapshot_data_1.img bs=1M count=1024 iflag=fullblock status=progress; ec=$?; _bs pipeline_done; _bs guest_end; exit $ec'
2026-05-19 06:29:47,839 DEBUG   BULK_SNAP_T guest_start 1779139755.472987464
2026-05-19 06:29:47,839 DEBUG   BULK_SNAP_T pipeline_start 1779139755.475548983
2026-05-19 06:29:47,839 DEBUG   BULK_SNAP_T pipeline_done 1779139784.886200669
2026-05-19 06:29:47,839 DEBUG   BULK_SNAP_T guest_end 1779139784.894408533
2026-05-19 06:29:47,839 DEBUG   
2026-05-19 06:29:47,840 DEBUG   16777216 bytes (17 MB) copied, 1.064929 s, 15.8 MB/s
2026-05-19 06:29:47,840 DEBUG   32505856 bytes (33 MB) copied, 2.135724 s, 15.2 MB/s
2026-05-19 06:29:47,840 DEBUG   55574528 bytes (56 MB) copied, 3.149830 s, 17.6 MB/s
2026-05-19 06:29:47,840 DEBUG   90177536 bytes (90 MB) copied, 4.253695 s, 21.2 MB/s
2026-05-19 06:29:47,840 DEBUG   123731968 bytes (124 MB) copied, 5.276760 s, 23.4 MB/s
2026-05-19 06:29:47,840 DEBUG   163577856 bytes (164 MB) copied, 6.298769 s, 26.0 MB/s
2026-05-19 06:29:47,840 DEBUG   205520896 bytes (206 MB) copied, 7.345039 s, 28.0 MB/s
2026-05-19 06:29:47,840 DEBUG   240123904 bytes (240 MB) copied, 8.369785 s, 28.7 MB/s
2026-05-19 06:29:47,840 DEBUG   282066944 bytes (282 MB) copied, 9.404843 s, 30.0 MB/s
2026-05-19 06:29:47,840 DEBUG   320864256 bytes (321 MB) copied, 10.410731 s, 30.8 MB/s
2026-05-19 06:29:47,840 DEBUG   357564416 bytes (358 MB) copied, 11.412699 s, 31.3 MB/s
2026-05-19 06:29:47,840 DEBUG   397410304 bytes (397 MB) copied, 12.434733 s, 32.0 MB/s
2026-05-19 06:29:47,840 DEBUG   436207616 bytes (436 MB) copied, 13.459885 s, 32.4 MB/s
2026-05-19 06:29:47,840 DEBUG   479199232 bytes (479 MB) copied, 14.468937 s, 33.1 MB/s
2026-05-19 06:29:47,840 DEBUG   521142272 bytes (521 MB) copied, 15.475706 s, 33.7 MB/s
2026-05-19 06:29:47,840 DEBUG   570425344 bytes (570 MB) copied, 16.504711 s, 34.6 MB/s
2026-05-19 06:29:47,840 DEBUG   610271232 bytes (610 MB) copied, 17.549755 s, 34.8 MB/s
2026-05-19 06:29:47,840 DEBUG   651165696 bytes (651 MB) copied, 18.561742 s, 35.1 MB/s
2026-05-19 06:29:47,840 DEBUG   697303040 bytes (697 MB) copied, 19.563755 s, 35.6 MB/s
2026-05-19 06:29:47,840 DEBUG   734003200 bytes (734 MB) copied, 20.576728 s, 35.7 MB/s
2026-05-19 06:29:47,840 DEBUG   773849088 bytes (774 MB) copied, 21.593754 s, 35.8 MB/s
2026-05-19 06:29:47,840 DEBUG   807403520 bytes (807 MB) copied, 22.602778 s, 35.7 MB/s
2026-05-19 06:29:47,840 DEBUG   842006528 bytes (842 MB) copied, 23.714847 s, 35.5 MB/s
2026-05-19 06:29:47,840 DEBUG   882900992 bytes (883 MB) copied, 24.721696 s, 35.7 MB/s
2026-05-19 06:29:47,840 DEBUG   921698304 bytes (922 MB) copied, 25.738943 s, 35.8 MB/s
2026-05-19 06:29:47,840 DEBUG   965738496 bytes (966 MB) copied, 26.749714 s, 36.1 MB/s
2026-05-19 06:29:47,840 DEBUG   1005584384 bytes (1.0 GB) copied, 27.756671 s, 36.2 MB/s
2026-05-19 06:29:47,840 DEBUG   1053818880 bytes (1.1 GB) copied, 28.763167 s, 36.6 MB/s
2026-05-19 06:29:47,840 DEBUG   1024+0 records in
2026-05-19 06:29:47,840 DEBUG   1024+0 records out
2026-05-19 06:29:47,840 DEBUG   1073741824 bytes (1.1 GB) copied, 29.2977 s, 36.6 MB/s
2026-05-19 06:29:47,840 DEBUG   OK (disk op exit 0)
2026-05-19 06:29:47,840 WARNING Guest disk op wall 31.3s (vm='ahv_ins_delete-0-260514-192203' ip=10.114.51.110 op=create ec=0) — includes SSH + guest disk command; if still high, check guest disk throughput vs. MiB settings.
2026-05-19 06:29:47,841 DEBUG [104/556] VM 7783a5e9… (ahv_ins_delete-0-260514-193330) via 10.114.48.98 op=create
2026-05-19 06:29:47,841 DEBUG   remote: bash -lc 'set -e; _bs(){ printf '"'"'BULK_SNAP_T %s %s\n'"'"' "$1" "$(date +%s.%N 2>/dev/null || date +%s)"; }; _bs guest_start; _bs pipeline_start; openssl enc -aes-256-ctr -pass pass:"testing" -nosalt < /dev/zero 2>/dev/null | dd of=/root/dummy_snapshot_data_1.img bs=1M count=1024 iflag=fullblock status=progress; ec=$?; _bs pipeline_done; _bs guest_end; exit $ec'
2026-05-19 06:29:50,341 DEBUG   BULK_SNAP_T guest_start 1779139759.766257919
2026-05-19 06:29:50,341 DEBUG   BULK_SNAP_T pipeline_start 1779139759.768923106
2026-05-19 06:29:50,341 DEBUG   BULK_SNAP_T pipeline_done 1779139787.029391095
2026-05-19 06:29:50,341 DEBUG   BULK_SNAP_T guest_end 1779139787.030816493
2026-05-19 06:29:50,341 DEBUG   
2026-05-19 06:29:50,341 DEBUG   35651584 bytes (36 MB) copied, 1.206234 s, 29.6 MB/s
2026-05-19 06:29:50,341 DEBUG   77594624 bytes (78 MB) copied, 2.224856 s, 34.9 MB/s
2026-05-19 06:29:50,341 DEBUG   122683392 bytes (123 MB) copied, 3.263825 s, 37.6 MB/s
2026-05-19 06:29:50,341 DEBUG   159383552 bytes (159 MB) copied, 4.287945 s, 37.2 MB/s
2026-05-19 06:29:50,341 DEBUG   202375168 bytes (202 MB) copied, 5.290439 s, 38.3 MB/s
2026-05-19 06:29:50,341 DEBUG   243269632 bytes (243 MB) copied, 6.319919 s, 38.5 MB/s
2026-05-19 06:29:50,341 DEBUG   284164096 bytes (284 MB) copied, 7.320766 s, 38.8 MB/s
2026-05-19 06:29:50,341 DEBUG   320864256 bytes (321 MB) copied, 8.352076 s, 38.4 MB/s
2026-05-19 06:29:50,341 DEBUG   365953024 bytes (366 MB) copied, 9.358952 s, 39.1 MB/s
2026-05-19 06:29:50,341 DEBUG   407896064 bytes (408 MB) copied, 10.360292 s, 39.4 MB/s
2026-05-19 06:29:50,341 DEBUG   448790528 bytes (449 MB) copied, 11.386998 s, 39.4 MB/s
2026-05-19 06:29:50,341 DEBUG   490733568 bytes (491 MB) copied, 12.391287 s, 39.6 MB/s
2026-05-19 06:29:50,341 DEBUG   528482304 bytes (528 MB) copied, 13.409798 s, 39.4 MB/s
2026-05-19 06:29:50,341 DEBUG   569376768 bytes (569 MB) copied, 14.415789 s, 39.5 MB/s
2026-05-19 06:29:50,341 DEBUG   610271232 bytes (610 MB) copied, 15.459812 s, 39.5 MB/s
2026-05-19 06:29:50,341 DEBUG   649068544 bytes (649 MB) copied, 16.502831 s, 39.3 MB/s
2026-05-19 06:29:50,341 DEBUG   687865856 bytes (688 MB) copied, 17.503913 s, 39.3 MB/s
2026-05-19 06:29:50,342 DEBUG   724566016 bytes (725 MB) copied, 18.509899 s, 39.1 MB/s
2026-05-19 06:29:50,342 DEBUG   764411904 bytes (764 MB) copied, 19.529773 s, 39.1 MB/s
2026-05-19 06:29:50,342 DEBUG   802160640 bytes (802 MB) copied, 20.540892 s, 39.1 MB/s
2026-05-19 06:29:50,342 DEBUG   845152256 bytes (845 MB) copied, 21.567219 s, 39.2 MB/s
2026-05-19 06:29:50,342 DEBUG   883949568 bytes (884 MB) copied, 22.576907 s, 39.2 MB/s
2026-05-19 06:29:50,342 DEBUG   925892608 bytes (926 MB) copied, 23.621979 s, 39.2 MB/s
2026-05-19 06:29:50,342 DEBUG   969932800 bytes (970 MB) copied, 24.671736 s, 39.3 MB/s
2026-05-19 06:29:50,342 DEBUG   1010827264 bytes (1.0 GB) copied, 25.677866 s, 39.4 MB/s
2026-05-19 06:29:50,342 DEBUG   1059061760 bytes (1.1 GB) copied, 26.709957 s, 39.7 MB/s
2026-05-19 06:29:50,342 DEBUG   1024+0 records in
2026-05-19 06:29:50,342 DEBUG   1024+0 records out
2026-05-19 06:29:50,342 DEBUG   1073741824 bytes (1.1 GB) copied, 27.0498 s, 39.7 MB/s
2026-05-19 06:29:50,342 DEBUG   OK (disk op exit 0)
2026-05-19 06:29:50,343 WARNING Guest disk op wall 29.0s (vm='ahv_ins_delete-0-260514-192546' ip=10.114.50.120 op=create ec=0) — includes SSH + guest disk command; if still high, check guest disk throughput vs. MiB settings.
2026-05-19 06:29:50,343 DEBUG [105/556] VM ef7ed064… (ahv_ins_delete-0-260514-193347) via 10.114.48.37 op=create
2026-05-19 06:29:50,343 DEBUG   remote: bash -lc 'set -e; _bs(){ printf '"'"'BULK_SNAP_T %s %s\n'"'"' "$1" "$(date +%s.%N 2>/dev/null || date +%s)"; }; _bs guest_start; _bs pipeline_start; openssl enc -aes-256-ctr -pass pass:"testing" -nosalt < /dev/zero 2>/dev/null | dd of=/root/dummy_snapshot_data_1.img bs=1M count=1024 iflag=fullblock status=progress; ec=$?; _bs pipeline_done; _bs guest_end; exit $ec'
2026-05-19 06:29:52,341 DEBUG   BULK_SNAP_T guest_start 1779139758.872633438
2026-05-19 06:29:52,342 DEBUG   BULK_SNAP_T pipeline_start 1779139758.876693743
2026-05-19 06:29:52,342 DEBUG   BULK_SNAP_T pipeline_done 1779139789.761050167
2026-05-19 06:29:52,342 DEBUG   BULK_SNAP_T guest_end 1779139789.767942809
2026-05-19 06:29:52,342 DEBUG   
2026-05-19 06:29:52,342 DEBUG   17825792 bytes (18 MB) copied, 1.018807 s, 17.5 MB/s
2026-05-19 06:29:52,342 DEBUG   37748736 bytes (38 MB) copied, 2.113109 s, 17.9 MB/s
2026-05-19 06:29:52,342 DEBUG   61865984 bytes (62 MB) copied, 3.169731 s, 19.5 MB/s
2026-05-19 06:29:52,342 DEBUG   92274688 bytes (92 MB) copied, 4.187276 s, 22.0 MB/s
2026-05-19 06:29:52,342 DEBUG   124780544 bytes (125 MB) copied, 5.220151 s, 23.9 MB/s
2026-05-19 06:29:52,342 DEBUG   160432128 bytes (160 MB) copied, 6.231108 s, 25.7 MB/s
2026-05-19 06:29:52,342 DEBUG   193986560 bytes (194 MB) copied, 7.274221 s, 26.7 MB/s
2026-05-19 06:29:52,342 DEBUG   234881024 bytes (235 MB) copied, 8.291145 s, 28.3 MB/s
2026-05-19 06:29:52,342 DEBUG   273678336 bytes (274 MB) copied, 9.349260 s, 29.3 MB/s
2026-05-19 06:29:52,342 DEBUG   310378496 bytes (310 MB) copied, 10.352209 s, 30.0 MB/s
2026-05-19 06:29:52,342 DEBUG   349175808 bytes (349 MB) copied, 11.370327 s, 30.7 MB/s
2026-05-19 06:29:52,342 DEBUG   384827392 bytes (385 MB) copied, 12.374448 s, 31.1 MB/s
2026-05-19 06:29:52,342 DEBUG   425721856 bytes (426 MB) copied, 13.422138 s, 31.7 MB/s
2026-05-19 06:29:52,342 DEBUG   465567744 bytes (466 MB) copied, 14.464156 s, 32.2 MB/s
2026-05-19 06:29:52,342 DEBUG   510656512 bytes (511 MB) copied, 15.475083 s, 33.0 MB/s
2026-05-19 06:29:52,342 DEBUG   553648128 bytes (554 MB) copied, 16.477084 s, 33.6 MB/s
2026-05-19 06:29:52,342 DEBUG   583008256 bytes (583 MB) copied, 17.478192 s, 33.4 MB/s
2026-05-19 06:29:52,342 DEBUG   618659840 bytes (619 MB) copied, 18.504368 s, 33.4 MB/s
2026-05-19 06:29:52,342 DEBUG   654311424 bytes (654 MB) copied, 19.510154 s, 33.5 MB/s
2026-05-19 06:29:52,342 DEBUG   689963008 bytes (690 MB) copied, 20.523131 s, 33.6 MB/s
2026-05-19 06:29:52,342 DEBUG   723517440 bytes (724 MB) copied, 21.564127 s, 33.6 MB/s
2026-05-19 06:29:52,342 DEBUG   761266176 bytes (761 MB) copied, 22.603103 s, 33.7 MB/s
2026-05-19 06:29:52,342 DEBUG   797966336 bytes (798 MB) copied, 23.667088 s, 33.7 MB/s
2026-05-19 06:29:52,342 DEBUG   846200832 bytes (846 MB) copied, 24.748171 s, 34.2 MB/s
2026-05-19 06:29:52,342 DEBUG   882900992 bytes (883 MB) copied, 25.780167 s, 34.2 MB/s
2026-05-19 06:29:52,342 DEBUG   920649728 bytes (921 MB) copied, 26.799073 s, 34.4 MB/s
2026-05-19 06:29:52,343 DEBUG   963641344 bytes (964 MB) copied, 27.806567 s, 34.7 MB/s
2026-05-19 06:29:52,343 DEBUG   1000341504 bytes (1.0 GB) copied, 28.807719 s, 34.7 MB/s
2026-05-19 06:29:52,343 DEBUG   1039138816 bytes (1.0 GB) copied, 29.828359 s, 34.8 MB/s
2026-05-19 06:29:52,343 DEBUG   1024+0 records in
2026-05-19 06:29:52,343 DEBUG   1024+0 records out
2026-05-19 06:29:52,343 DEBUG   1073741824 bytes (1.1 GB) copied, 30.7565 s, 34.9 MB/s
2026-05-19 06:29:52,343 DEBUG   OK (disk op exit 0)
2026-05-19 06:29:52,343 WARNING Guest disk op wall 32.5s (vm='ahv_ins_delete-0-260514-192208' ip=10.114.51.91 op=create ec=0) — includes SSH + guest disk command; if still high, check guest disk throughput vs. MiB settings.
2026-05-19 06:29:52,343 DEBUG [106/556] VM 1babbf2a… (ahv_ins_delete-0-260514-193551) via 10.114.52.143 op=create
2026-05-19 06:29:52,343 DEBUG   remote: bash -lc 'set -e; _bs(){ printf '"'"'BULK_SNAP_T %s %s\n'"'"' "$1" "$(date +%s.%N 2>/dev/null || date +%s)"; }; _bs guest_start; _bs pipeline_start; openssl enc -aes-256-ctr -pass pass:"testing" -nosalt < /dev/zero 2>/dev/null | dd of=/root/dummy_snapshot_data_1.img bs=1M count=1024 iflag=fullblock status=progress; ec=$?; _bs pipeline_done; _bs guest_end; exit $ec'
2026-05-19 06:29:56,594 DEBUG   BULK_SNAP_T guest_start 1779139762.751671753
2026-05-19 06:29:56,595 DEBUG   BULK_SNAP_T pipeline_start 1779139762.756642736
2026-05-19 06:29:56,595 DEBUG   BULK_SNAP_T pipeline_done 1779139793.007373665
2026-05-19 06:29:56,595 DEBUG   BULK_SNAP_T guest_end 1779139793.013298248
2026-05-19 06:29:56,595 DEBUG   
2026-05-19 06:29:56,595 DEBUG   15728640 bytes (16 MB) copied, 1.086324 s, 14.5 MB/s
2026-05-19 06:29:56,595 DEBUG   35651584 bytes (36 MB) copied, 2.111742 s, 16.9 MB/s
2026-05-19 06:29:56,595 DEBUG   62914560 bytes (63 MB) copied, 3.117321 s, 20.2 MB/s
2026-05-19 06:29:56,595 DEBUG   88080384 bytes (88 MB) copied, 4.132343 s, 21.3 MB/s
2026-05-19 06:29:56,595 DEBUG   124780544 bytes (125 MB) copied, 5.133614 s, 24.3 MB/s
2026-05-19 06:29:56,595 DEBUG   164626432 bytes (165 MB) copied, 6.159299 s, 26.7 MB/s
2026-05-19 06:29:56,595 DEBUG   199229440 bytes (199 MB) copied, 7.168352 s, 27.8 MB/s
2026-05-19 06:29:56,595 DEBUG   235929600 bytes (236 MB) copied, 8.185496 s, 28.8 MB/s
2026-05-19 06:29:56,595 DEBUG   272629760 bytes (273 MB) copied, 9.193867 s, 29.7 MB/s
2026-05-19 06:29:56,595 DEBUG   307232768 bytes (307 MB) copied, 10.211328 s, 30.1 MB/s
2026-05-19 06:29:56,595 DEBUG   343932928 bytes (344 MB) copied, 11.224337 s, 30.6 MB/s
2026-05-19 06:29:56,595 DEBUG   383778816 bytes (384 MB) copied, 12.267434 s, 31.3 MB/s
2026-05-19 06:29:56,595 DEBUG   424673280 bytes (425 MB) copied, 13.290378 s, 32.0 MB/s
2026-05-19 06:29:56,595 DEBUG   461373440 bytes (461 MB) copied, 14.307343 s, 32.2 MB/s
2026-05-19 06:29:56,595 DEBUG   501219328 bytes (501 MB) copied, 15.323328 s, 32.7 MB/s
2026-05-19 06:29:56,595 DEBUG   537919488 bytes (538 MB) copied, 16.335597 s, 32.9 MB/s
2026-05-19 06:29:56,595 DEBUG   572522496 bytes (573 MB) copied, 17.345271 s, 33.0 MB/s
2026-05-19 06:29:56,595 DEBUG   611319808 bytes (611 MB) copied, 18.367446 s, 33.3 MB/s
2026-05-19 06:29:56,595 DEBUG   654311424 bytes (654 MB) copied, 19.421380 s, 33.7 MB/s
2026-05-19 06:29:56,595 DEBUG   701497344 bytes (701 MB) copied, 20.452328 s, 34.3 MB/s
2026-05-19 06:29:56,595 DEBUG   737148928 bytes (737 MB) copied, 21.478311 s, 34.3 MB/s
2026-05-19 06:29:56,595 DEBUG   782237696 bytes (782 MB) copied, 22.479700 s, 34.8 MB/s
2026-05-19 06:29:56,595 DEBUG   826277888 bytes (826 MB) copied, 23.509317 s, 35.1 MB/s
2026-05-19 06:29:56,595 DEBUG   865075200 bytes (865 MB) copied, 24.557399 s, 35.2 MB/s
2026-05-19 06:29:56,595 DEBUG   905969664 bytes (906 MB) copied, 25.559388 s, 35.4 MB/s
2026-05-19 06:29:56,595 DEBUG   948961280 bytes (949 MB) copied, 26.565867 s, 35.7 MB/s
2026-05-19 06:29:56,595 DEBUG   988807168 bytes (989 MB) copied, 27.610525 s, 35.8 MB/s
2026-05-19 06:29:56,595 DEBUG   1020264448 bytes (1.0 GB) copied, 28.627665 s, 35.6 MB/s
2026-05-19 06:29:56,595 DEBUG   1060110336 bytes (1.1 GB) copied, 29.648311 s, 35.8 MB/s
2026-05-19 06:29:56,595 DEBUG   1024+0 records in
2026-05-19 06:29:56,595 DEBUG   1024+0 records out
2026-05-19 06:29:56,595 DEBUG   1073741824 bytes (1.1 GB) copied, 30.1554 s, 35.6 MB/s
2026-05-19 06:29:56,595 DEBUG   OK (disk op exit 0)
2026-05-19 06:29:56,596 WARNING Guest disk op wall 32.0s (vm='ahv_ins_delete-0-260514-192637' ip=10.114.48.130 op=create ec=0) — includes SSH + guest disk command; if still high, check guest disk throughput vs. MiB settings.
2026-05-19 06:29:56,596 DEBUG [107/556] VM c7e22a48… (ahv_ins_delete-0-260514-193713) via 10.114.50.12 op=create
2026-05-19 06:29:56,596 DEBUG   remote: bash -lc 'set -e; _bs(){ printf '"'"'BULK_SNAP_T %s %s\n'"'"' "$1" "$(date +%s.%N 2>/dev/null || date +%s)"; }; _bs guest_start; _bs pipeline_start; openssl enc -aes-256-ctr -pass pass:"testing" -nosalt < /dev/zero 2>/dev/null | dd of=/root/dummy_snapshot_data_1.img bs=1M count=1024 iflag=fullblock status=progress; ec=$?; _bs pipeline_done; _bs guest_end; exit $ec'
2026-05-19 06:29:59,095 DEBUG   BULK_SNAP_T guest_start 1779139766.292911012
2026-05-19 06:29:59,095 DEBUG   BULK_SNAP_T pipeline_start 1779139766.299260811
2026-05-19 06:29:59,095 DEBUG   BULK_SNAP_T pipeline_done 1779139794.976453888
2026-05-19 06:29:59,095 DEBUG   BULK_SNAP_T guest_end 1779139794.981366314
2026-05-19 06:29:59,095 DEBUG   
2026-05-19 06:29:59,095 DEBUG   28311552 bytes (28 MB) copied, 1.010704 s, 28.0 MB/s
2026-05-19 06:29:59,095 DEBUG   45088768 bytes (45 MB) copied, 2.072231 s, 21.8 MB/s
2026-05-19 06:29:59,095 DEBUG   72351744 bytes (72 MB) copied, 3.204646 s, 22.6 MB/s
2026-05-19 06:29:59,095 DEBUG   114294784 bytes (114 MB) copied, 4.206620 s, 27.2 MB/s
2026-05-19 06:29:59,095 DEBUG   153092096 bytes (153 MB) copied, 5.233907 s, 29.3 MB/s
2026-05-19 06:29:59,095 DEBUG   195035136 bytes (195 MB) copied, 6.244745 s, 31.2 MB/s
2026-05-19 06:29:59,095 DEBUG   233832448 bytes (234 MB) copied, 7.256623 s, 32.2 MB/s
2026-05-19 06:29:59,095 DEBUG   272629760 bytes (273 MB) copied, 8.270706 s, 33.0 MB/s
2026-05-19 06:29:59,095 DEBUG   312475648 bytes (312 MB) copied, 9.293613 s, 33.6 MB/s
2026-05-19 06:29:59,095 DEBUG   353370112 bytes (353 MB) copied, 10.316071 s, 34.3 MB/s
2026-05-19 06:29:59,095 DEBUG   392167424 bytes (392 MB) copied, 11.357708 s, 34.5 MB/s
2026-05-19 06:29:59,095 DEBUG   433061888 bytes (433 MB) copied, 12.377083 s, 35.0 MB/s
2026-05-19 06:29:59,095 DEBUG   468713472 bytes (469 MB) copied, 13.383658 s, 35.0 MB/s
2026-05-19 06:29:59,095 DEBUG   502267904 bytes (502 MB) copied, 14.413686 s, 34.8 MB/s
2026-05-19 06:29:59,095 DEBUG   545259520 bytes (545 MB) copied, 15.446908 s, 35.3 MB/s
2026-05-19 06:29:59,096 DEBUG   585105408 bytes (585 MB) copied, 16.449730 s, 35.6 MB/s
2026-05-19 06:29:59,096 DEBUG   628097024 bytes (628 MB) copied, 17.480763 s, 35.9 MB/s
2026-05-19 06:29:59,096 DEBUG   671088640 bytes (671 MB) copied, 18.481705 s, 36.3 MB/s
2026-05-19 06:29:59,096 DEBUG   718274560 bytes (718 MB) copied, 19.507818 s, 36.8 MB/s
2026-05-19 06:29:59,096 DEBUG   759169024 bytes (759 MB) copied, 20.554656 s, 36.9 MB/s
2026-05-19 06:29:59,096 DEBUG   802160640 bytes (802 MB) copied, 21.588799 s, 37.2 MB/s
2026-05-19 06:29:59,096 DEBUG   844103680 bytes (844 MB) copied, 22.592074 s, 37.4 MB/s
2026-05-19 06:29:59,096 DEBUG   886046720 bytes (886 MB) copied, 23.617851 s, 37.5 MB/s
2026-05-19 06:29:59,096 DEBUG   921698304 bytes (922 MB) copied, 24.628720 s, 37.4 MB/s
2026-05-19 06:29:59,096 DEBUG   956301312 bytes (956 MB) copied, 25.687681 s, 37.2 MB/s
2026-05-19 06:29:59,096 DEBUG   995098624 bytes (995 MB) copied, 26.696234 s, 37.3 MB/s
2026-05-19 06:29:59,096 DEBUG   1041235968 bytes (1.0 GB) copied, 27.715630 s, 37.6 MB/s
2026-05-19 06:29:59,096 DEBUG   1024+0 records in
2026-05-19 06:29:59,096 DEBUG   1024+0 records out
2026-05-19 06:29:59,096 DEBUG   1073741824 bytes (1.1 GB) copied, 28.6157 s, 37.5 MB/s
2026-05-19 06:29:59,096 DEBUG   OK (disk op exit 0)
2026-05-19 06:29:59,096 WARNING Guest disk op wall 30.5s (vm='ahv_ins_delete-0-260514-192728' ip=10.114.52.157 op=create ec=0) — includes SSH + guest disk command; if still high, check guest disk throughput vs. MiB settings.
2026-05-19 06:29:59,096 DEBUG [108/556] VM d9201f5f… (ahv_ins_delete-0-260514-193751) via 10.114.49.253 op=create
2026-05-19 06:29:59,097 DEBUG   remote: bash -lc 'set -e; _bs(){ printf '"'"'BULK_SNAP_T %s %s\n'"'"' "$1" "$(date +%s.%N 2>/dev/null || date +%s)"; }; _bs guest_start; _bs pipeline_start; openssl enc -aes-256-ctr -pass pass:"testing" -nosalt < /dev/zero 2>/dev/null | dd of=/root/dummy_snapshot_data_1.img bs=1M count=1024 iflag=fullblock status=progress; ec=$?; _bs pipeline_done; _bs guest_end; exit $ec'
2026-05-19 06:29:59,100 DEBUG   BULK_SNAP_T guest_start 1779139766.056877888
2026-05-19 06:29:59,100 DEBUG   BULK_SNAP_T pipeline_start 1779139766.062808065
2026-05-19 06:29:59,100 DEBUG   BULK_SNAP_T pipeline_done 1779139796.069373261
2026-05-19 06:29:59,100 DEBUG   BULK_SNAP_T guest_end 1779139796.080231443
2026-05-19 06:29:59,100 DEBUG   
2026-05-19 06:29:59,100 DEBUG   32505856 bytes (33 MB) copied, 1.187859 s, 27.4 MB/s
2026-05-19 06:29:59,100 DEBUG   63963136 bytes (64 MB) copied, 2.294910 s, 27.9 MB/s
2026-05-19 06:29:59,100 DEBUG   98566144 bytes (99 MB) copied, 3.355629 s, 29.4 MB/s
2026-05-19 06:29:59,100 DEBUG   134217728 bytes (134 MB) copied, 4.371697 s, 30.7 MB/s
2026-05-19 06:29:59,100 DEBUG   174063616 bytes (174 MB) copied, 5.372705 s, 32.4 MB/s
2026-05-19 06:29:59,100 DEBUG   211812352 bytes (212 MB) copied, 6.373886 s, 33.2 MB/s
2026-05-19 06:29:59,100 DEBUG   253755392 bytes (254 MB) copied, 7.405569 s, 34.3 MB/s
2026-05-19 06:29:59,101 DEBUG   292552704 bytes (293 MB) copied, 8.420749 s, 34.7 MB/s
2026-05-19 06:29:59,101 DEBUG   328204288 bytes (328 MB) copied, 9.453721 s, 34.7 MB/s
2026-05-19 06:29:59,101 DEBUG   369098752 bytes (369 MB) copied, 10.480686 s, 35.2 MB/s
2026-05-19 06:29:59,101 DEBUG   405798912 bytes (406 MB) copied, 11.496600 s, 35.3 MB/s
2026-05-19 06:29:59,101 DEBUG   444596224 bytes (445 MB) copied, 12.507614 s, 35.5 MB/s
2026-05-19 06:29:59,101 DEBUG   481296384 bytes (481 MB) copied, 13.531664 s, 35.6 MB/s
2026-05-19 06:29:59,101 DEBUG   515899392 bytes (516 MB) copied, 14.541745 s, 35.5 MB/s
2026-05-19 06:29:59,101 DEBUG   549453824 bytes (549 MB) copied, 15.568623 s, 35.3 MB/s
2026-05-19 06:29:59,101 DEBUG   585105408 bytes (585 MB) copied, 16.581637 s, 35.3 MB/s
2026-05-19 06:29:59,101 DEBUG   622854144 bytes (623 MB) copied, 17.625743 s, 35.3 MB/s
2026-05-19 06:29:59,101 DEBUG   657457152 bytes (657 MB) copied, 18.639631 s, 35.3 MB/s
2026-05-19 06:29:59,101 DEBUG   694157312 bytes (694 MB) copied, 19.647633 s, 35.3 MB/s
2026-05-19 06:29:59,101 DEBUG   738197504 bytes (738 MB) copied, 20.673622 s, 35.7 MB/s
2026-05-19 06:29:59,101 DEBUG   781189120 bytes (781 MB) copied, 21.704684 s, 36.0 MB/s
2026-05-19 06:29:59,101 DEBUG   819986432 bytes (820 MB) copied, 22.729770 s, 36.1 MB/s
2026-05-19 06:29:59,101 DEBUG   857735168 bytes (858 MB) copied, 23.744610 s, 36.1 MB/s
2026-05-19 06:29:59,101 DEBUG   892338176 bytes (892 MB) copied, 24.760618 s, 36.0 MB/s
2026-05-19 06:29:59,101 DEBUG   929038336 bytes (929 MB) copied, 25.776599 s, 36.0 MB/s
2026-05-19 06:29:59,101 DEBUG   963641344 bytes (964 MB) copied, 26.835763 s, 35.9 MB/s
2026-05-19 06:29:59,101 DEBUG   996147200 bytes (996 MB) copied, 27.867626 s, 35.7 MB/s
2026-05-19 06:29:59,101 DEBUG   1038090240 bytes (1.0 GB) copied, 28.902673 s, 35.9 MB/s
2026-05-19 06:29:59,101 DEBUG   1072693248 bytes (1.1 GB) copied, 29.904566 s, 35.9 MB/s
2026-05-19 06:29:59,101 DEBUG   1024+0 records in
2026-05-19 06:29:59,101 DEBUG   1024+0 records out
2026-05-19 06:29:59,101 DEBUG   1073741824 bytes (1.1 GB) copied, 29.9318 s, 35.9 MB/s
2026-05-19 06:29:59,101 DEBUG   OK (disk op exit 0)
2026-05-19 06:29:59,101 WARNING Guest disk op wall 32.0s (vm='ahv_ins_delete-0-260514-192726' ip=10.114.51.132 op=create ec=0) — includes SSH + guest disk command; if still high, check guest disk throughput vs. MiB settings.
2026-05-19 06:29:59,102 DEBUG [109/556] VM 7d258170… (ahv_ins_delete-0-260514-193843) via 10.114.54.21 op=create
2026-05-19 06:29:59,102 DEBUG   remote: bash -lc 'set -e; _bs(){ printf '"'"'BULK_SNAP_T %s %s\n'"'"' "$1" "$(date +%s.%N 2>/dev/null || date +%s)"; }; _bs guest_start; _bs pipeline_start; openssl enc -aes-256-ctr -pass pass:"testing" -nosalt < /dev/zero 2>/dev/null | dd of=/root/dummy_snapshot_data_1.img bs=1M count=1024 iflag=fullblock status=progress; ec=$?; _bs pipeline_done; _bs guest_end; exit $ec'
2026-05-19 06:30:03,352 DEBUG   BULK_SNAP_T guest_start 1779139770.711175291
2026-05-19 06:30:03,352 DEBUG   BULK_SNAP_T pipeline_start 1779139770.714490502
2026-05-19 06:30:03,352 DEBUG   BULK_SNAP_T pipeline_done 1779139799.572088576
2026-05-19 06:30:03,352 DEBUG   BULK_SNAP_T guest_end 1779139799.573505691
2026-05-19 06:30:03,352 DEBUG   
2026-05-19 06:30:03,352 DEBUG   34603008 bytes (35 MB) copied, 1.008025 s, 34.3 MB/s
2026-05-19 06:30:03,352 DEBUG   73400320 bytes (73 MB) copied, 2.008740 s, 36.5 MB/s
2026-05-19 06:30:03,352 DEBUG   115343360 bytes (115 MB) copied, 3.052822 s, 37.8 MB/s
2026-05-19 06:30:03,353 DEBUG   150994944 bytes (151 MB) copied, 4.064764 s, 37.1 MB/s
2026-05-19 06:30:03,353 DEBUG   188743680 bytes (189 MB) copied, 5.094128 s, 37.1 MB/s
2026-05-19 06:30:03,353 DEBUG   225443840 bytes (225 MB) copied, 6.104851 s, 36.9 MB/s
2026-05-19 06:30:03,353 DEBUG   267386880 bytes (267 MB) copied, 7.145832 s, 37.4 MB/s
2026-05-19 06:30:03,353 DEBUG   308281344 bytes (308 MB) copied, 8.186743 s, 37.7 MB/s
2026-05-19 06:30:03,353 DEBUG   342884352 bytes (343 MB) copied, 9.233722 s, 37.1 MB/s
2026-05-19 06:30:03,353 DEBUG   377487360 bytes (377 MB) copied, 10.239854 s, 36.9 MB/s
2026-05-19 06:30:03,353 DEBUG   412090368 bytes (412 MB) copied, 11.244143 s, 36.6 MB/s
2026-05-19 06:30:03,353 DEBUG   451936256 bytes (452 MB) copied, 12.258788 s, 36.9 MB/s
2026-05-19 06:30:03,353 DEBUG   490733568 bytes (491 MB) copied, 13.266784 s, 37.0 MB/s
2026-05-19 06:30:03,353 DEBUG   530579456 bytes (531 MB) copied, 14.269249 s, 37.2 MB/s
2026-05-19 06:30:03,353 DEBUG   567279616 bytes (567 MB) copied, 15.271737 s, 37.1 MB/s
2026-05-19 06:30:03,353 DEBUG   601882624 bytes (602 MB) copied, 16.304860 s, 36.9 MB/s
2026-05-19 06:30:03,353 DEBUG   643825664 bytes (644 MB) copied, 17.336052 s, 37.1 MB/s
2026-05-19 06:30:03,353 DEBUG   682622976 bytes (683 MB) copied, 18.342818 s, 37.2 MB/s
2026-05-19 06:30:03,353 DEBUG   722468864 bytes (722 MB) copied, 19.344322 s, 37.3 MB/s
2026-05-19 06:30:03,353 DEBUG   757071872 bytes (757 MB) copied, 20.400909 s, 37.1 MB/s
2026-05-19 06:30:03,353 DEBUG   789577728 bytes (790 MB) copied, 21.405762 s, 36.9 MB/s
2026-05-19 06:30:03,353 DEBUG   825229312 bytes (825 MB) copied, 22.419013 s, 36.8 MB/s
2026-05-19 06:30:03,353 DEBUG   866123776 bytes (866 MB) copied, 23.448743 s, 36.9 MB/s
2026-05-19 06:30:03,353 DEBUG   910163968 bytes (910 MB) copied, 24.458786 s, 37.2 MB/s
2026-05-19 06:30:03,353 DEBUG   956301312 bytes (956 MB) copied, 25.472439 s, 37.5 MB/s
2026-05-19 06:30:03,353 DEBUG   994050048 bytes (994 MB) copied, 26.493930 s, 37.5 MB/s
2026-05-19 06:30:03,353 DEBUG   1030750208 bytes (1.0 GB) copied, 27.524750 s, 37.4 MB/s
2026-05-19 06:30:03,353 DEBUG   1067450368 bytes (1.1 GB) copied, 28.541043 s, 37.4 MB/s
2026-05-19 06:30:03,353 DEBUG   1024+0 records in
2026-05-19 06:30:03,353 DEBUG   1024+0 records out
2026-05-19 06:30:03,353 DEBUG   1073741824 bytes (1.1 GB) copied, 28.7159 s, 37.4 MB/s
2026-05-19 06:30:03,353 DEBUG   OK (disk op exit 0)
2026-05-19 06:30:03,353 WARNING Guest disk op wall 30.5s (vm='ahv_ins_delete-0-260514-192738' ip=10.114.53.27 op=create ec=0) — includes SSH + guest disk command; if still high, check guest disk throughput vs. MiB settings.
2026-05-19 06:30:03,354 DEBUG [110/556] VM ab59ce76… (ahv_ins_delete-0-260514-193850) via 10.114.51.178 op=create
2026-05-19 06:30:03,354 DEBUG   remote: bash -lc 'set -e; _bs(){ printf '"'"'BULK_SNAP_T %s %s\n'"'"' "$1" "$(date +%s.%N 2>/dev/null || date +%s)"; }; _bs guest_start; _bs pipeline_start; openssl enc -aes-256-ctr -pass pass:"testing" -nosalt < /dev/zero 2>/dev/null | dd of=/root/dummy_snapshot_data_1.img bs=1M count=1024 iflag=fullblock status=progress; ec=$?; _bs pipeline_done; _bs guest_end; exit $ec'
2026-05-19 06:30:03,852 DEBUG   BULK_SNAP_T guest_start 1779139772.546364180
2026-05-19 06:30:03,853 DEBUG   BULK_SNAP_T pipeline_start 1779139772.550278571
2026-05-19 06:30:03,853 DEBUG   BULK_SNAP_T pipeline_done 1779139800.599619928
2026-05-19 06:30:03,853 DEBUG   BULK_SNAP_T guest_end 1779139800.610299905
2026-05-19 06:30:03,853 DEBUG   
2026-05-19 06:30:03,853 DEBUG   16777216 bytes (17 MB) copied, 1.179414 s, 14.2 MB/s
2026-05-19 06:30:03,853 DEBUG   37748736 bytes (38 MB) copied, 2.245320 s, 16.8 MB/s
2026-05-19 06:30:03,853 DEBUG   61865984 bytes (62 MB) copied, 3.296414 s, 18.8 MB/s
2026-05-19 06:30:03,853 DEBUG   97517568 bytes (98 MB) copied, 4.394263 s, 22.2 MB/s
2026-05-19 06:30:03,853 DEBUG   132120576 bytes (132 MB) copied, 5.450289 s, 24.2 MB/s
2026-05-19 06:30:03,853 DEBUG   171966464 bytes (172 MB) copied, 6.490182 s, 26.5 MB/s
2026-05-19 06:30:03,853 DEBUG   210763776 bytes (211 MB) copied, 7.505200 s, 28.1 MB/s
2026-05-19 06:30:03,853 DEBUG   246415360 bytes (246 MB) copied, 8.516412 s, 28.9 MB/s
2026-05-19 06:30:03,853 DEBUG   281018368 bytes (281 MB) copied, 9.540314 s, 29.5 MB/s
2026-05-19 06:30:03,853 DEBUG   322961408 bytes (323 MB) copied, 10.567276 s, 30.6 MB/s
2026-05-19 06:30:03,853 DEBUG   365953024 bytes (366 MB) copied, 11.567905 s, 31.6 MB/s
2026-05-19 06:30:03,853 DEBUG   400556032 bytes (401 MB) copied, 12.596292 s, 31.8 MB/s
2026-05-19 06:30:03,853 DEBUG   447741952 bytes (448 MB) copied, 13.617268 s, 32.9 MB/s
2026-05-19 06:30:03,853 DEBUG   489684992 bytes (490 MB) copied, 14.640447 s, 33.4 MB/s
2026-05-19 06:30:03,853 DEBUG   536870912 bytes (537 MB) copied, 15.682503 s, 34.2 MB/s
2026-05-19 06:30:03,853 DEBUG   573571072 bytes (574 MB) copied, 16.683452 s, 34.4 MB/s
2026-05-19 06:30:03,853 DEBUG   618659840 bytes (619 MB) copied, 17.695626 s, 35.0 MB/s
2026-05-19 06:30:03,853 DEBUG   660602880 bytes (661 MB) copied, 18.727546 s, 35.3 MB/s
2026-05-19 06:30:03,853 DEBUG   705691648 bytes (706 MB) copied, 19.759220 s, 35.7 MB/s
2026-05-19 06:30:03,853 DEBUG   752877568 bytes (753 MB) copied, 20.766237 s, 36.3 MB/s
2026-05-19 06:30:03,853 DEBUG   799014912 bytes (799 MB) copied, 21.780182 s, 36.7 MB/s
2026-05-19 06:30:03,853 DEBUG   834666496 bytes (835 MB) copied, 22.793262 s, 36.6 MB/s
2026-05-19 06:30:03,853 DEBUG   882900992 bytes (883 MB) copied, 23.799224 s, 37.1 MB/s
2026-05-19 06:30:03,853 DEBUG   934281216 bytes (934 MB) copied, 24.805687 s, 37.7 MB/s
2026-05-19 06:30:03,853 DEBUG   977272832 bytes (977 MB) copied, 25.839666 s, 37.8 MB/s
2026-05-19 06:30:03,853 DEBUG   1020264448 bytes (1.0 GB) copied, 26.849410 s, 38.0 MB/s
2026-05-19 06:30:03,853 DEBUG   1069547520 bytes (1.1 GB) copied, 27.853345 s, 38.4 MB/s
2026-05-19 06:30:03,853 DEBUG   1024+0 records in
2026-05-19 06:30:03,853 DEBUG   1024+0 records out
2026-05-19 06:30:03,854 DEBUG   1073741824 bytes (1.1 GB) copied, 27.9455 s, 38.4 MB/s
2026-05-19 06:30:03,854 DEBUG   OK (disk op exit 0)
2026-05-19 06:30:03,854 WARNING Guest disk op wall 29.8s (vm='ahv_ins_delete-0-260514-193040' ip=10.114.48.43 op=create ec=0) — includes SSH + guest disk command; if still high, check guest disk throughput vs. MiB settings.
2026-05-19 06:30:03,854 DEBUG [111/556] VM af4bc552… (ahv_ins_delete-0-260514-194113) via 10.114.52.185 op=create
2026-05-19 06:30:03,854 DEBUG   remote: bash -lc 'set -e; _bs(){ printf '"'"'BULK_SNAP_T %s %s\n'"'"' "$1" "$(date +%s.%N 2>/dev/null || date +%s)"; }; _bs guest_start; _bs pipeline_start; openssl enc -aes-256-ctr -pass pass:"testing" -nosalt < /dev/zero 2>/dev/null | dd of=/root/dummy_snapshot_data_1.img bs=1M count=1024 iflag=fullblock status=progress; ec=$?; _bs pipeline_done; _bs guest_end; exit $ec'
2026-05-19 06:30:17,612 DEBUG   BULK_SNAP_T guest_start 1779139783.629496007
2026-05-19 06:30:17,613 DEBUG   BULK_SNAP_T pipeline_start 1779139783.634139939
2026-05-19 06:30:17,613 DEBUG   BULK_SNAP_T pipeline_done 1779139814.556406748
2026-05-19 06:30:17,613 DEBUG   BULK_SNAP_T guest_end 1779139814.558043747
2026-05-19 06:30:17,613 DEBUG   
2026-05-19 06:30:17,613 DEBUG   38797312 bytes (39 MB) copied, 1.002707 s, 38.7 MB/s
2026-05-19 06:30:17,613 DEBUG   78643200 bytes (79 MB) copied, 2.026654 s, 38.8 MB/s
2026-05-19 06:30:17,613 DEBUG   115343360 bytes (115 MB) copied, 3.034673 s, 38.0 MB/s
2026-05-19 06:30:17,613 DEBUG   149946368 bytes (150 MB) copied, 4.058772 s, 36.9 MB/s
2026-05-19 06:30:17,613 DEBUG   184549376 bytes (185 MB) copied, 5.076651 s, 36.4 MB/s
2026-05-19 06:30:17,613 DEBUG   221249536 bytes (221 MB) copied, 6.097701 s, 36.3 MB/s
2026-05-19 06:30:17,613 DEBUG   256901120 bytes (257 MB) copied, 7.115642 s, 36.1 MB/s
2026-05-19 06:30:17,613 DEBUG   292552704 bytes (293 MB) copied, 8.149738 s, 35.9 MB/s
2026-05-19 06:30:17,613 DEBUG   320864256 bytes (321 MB) copied, 9.162624 s, 35.0 MB/s
2026-05-19 06:30:17,613 DEBUG   354418688 bytes (354 MB) copied, 10.179678 s, 34.8 MB/s
2026-05-19 06:30:17,613 DEBUG   392167424 bytes (392 MB) copied, 11.219669 s, 35.0 MB/s
2026-05-19 06:30:17,613 DEBUG   424673280 bytes (425 MB) copied, 12.227688 s, 34.7 MB/s
2026-05-19 06:30:17,613 DEBUG   463470592 bytes (463 MB) copied, 13.234636 s, 35.0 MB/s
2026-05-19 06:30:17,613 DEBUG   505413632 bytes (505 MB) copied, 14.244109 s, 35.5 MB/s
2026-05-19 06:30:17,613 DEBUG   540016640 bytes (540 MB) copied, 15.265920 s, 35.4 MB/s
2026-05-19 06:30:17,613 DEBUG   576716800 bytes (577 MB) copied, 16.288691 s, 35.4 MB/s
2026-05-19 06:30:17,613 DEBUG   615514112 bytes (616 MB) copied, 17.319668 s, 35.5 MB/s
2026-05-19 06:30:17,613 DEBUG   659554304 bytes (660 MB) copied, 18.339923 s, 36.0 MB/s
2026-05-19 06:30:17,613 DEBUG   700448768 bytes (700 MB) copied, 19.364649 s, 36.2 MB/s
2026-05-19 06:30:17,613 DEBUG   734003200 bytes (734 MB) copied, 20.365642 s, 36.0 MB/s
2026-05-19 06:30:17,613 DEBUG   769654784 bytes (770 MB) copied, 21.366922 s, 36.0 MB/s
2026-05-19 06:30:17,613 DEBUG   802160640 bytes (802 MB) copied, 22.370960 s, 35.9 MB/s
2026-05-19 06:30:17,613 DEBUG   832569344 bytes (833 MB) copied, 23.374650 s, 35.6 MB/s
2026-05-19 06:30:17,613 DEBUG   865075200 bytes (865 MB) copied, 24.386705 s, 35.5 MB/s
2026-05-19 06:30:17,613 DEBUG   901775360 bytes (902 MB) copied, 25.402686 s, 35.5 MB/s
2026-05-19 06:30:17,613 DEBUG   936378368 bytes (936 MB) copied, 26.417952 s, 35.4 MB/s
2026-05-19 06:30:17,613 DEBUG   970981376 bytes (971 MB) copied, 27.465714 s, 35.4 MB/s
2026-05-19 06:30:17,613 DEBUG   1004535808 bytes (1.0 GB) copied, 28.541768 s, 35.2 MB/s
2026-05-19 06:30:17,613 DEBUG   1037041664 bytes (1.0 GB) copied, 29.543653 s, 35.1 MB/s
2026-05-19 06:30:17,613 DEBUG   1067450368 bytes (1.1 GB) copied, 30.573613 s, 34.9 MB/s
2026-05-19 06:30:17,613 DEBUG   1024+0 records in
2026-05-19 06:30:17,613 DEBUG   1024+0 records out
2026-05-19 06:30:17,613 DEBUG   1073741824 bytes (1.1 GB) copied, 30.8205 s, 34.8 MB/s
2026-05-19 06:30:17,614 DEBUG   OK (disk op exit 0)
2026-05-19 06:30:17,614 WARNING Guest disk op wall 32.5s (vm='ahv_ins_delete-0-260514-193214' ip=10.114.54.112 op=create ec=0) — includes SSH + guest disk command; if still high, check guest disk throughput vs. MiB settings.
2026-05-19 06:30:17,614 DEBUG [112/556] VM 80ef29cb… (ahv_ins_delete-0-260514-194219) via 10.114.50.197 op=create
2026-05-19 06:30:17,614 DEBUG   remote: bash -lc 'set -e; _bs(){ printf '"'"'BULK_SNAP_T %s %s\n'"'"' "$1" "$(date +%s.%N 2>/dev/null || date +%s)"; }; _bs guest_start; _bs pipeline_start; openssl enc -aes-256-ctr -pass pass:"testing" -nosalt < /dev/zero 2>/dev/null | dd of=/root/dummy_snapshot_data_1.img bs=1M count=1024 iflag=fullblock status=progress; ec=$?; _bs pipeline_done; _bs guest_end; exit $ec'
2026-05-19 06:30:17,618 DEBUG   BULK_SNAP_T guest_start 1779139787.137427707
2026-05-19 06:30:17,618 DEBUG   BULK_SNAP_T pipeline_start 1779139787.142607229
2026-05-19 06:30:17,618 DEBUG   BULK_SNAP_T pipeline_done 1779139815.087253018
2026-05-19 06:30:17,618 DEBUG   BULK_SNAP_T guest_end 1779139815.092599107
2026-05-19 06:30:17,618 DEBUG   
2026-05-19 06:30:17,618 DEBUG   37748736 bytes (38 MB) copied, 1.009325 s, 37.4 MB/s
2026-05-19 06:30:17,618 DEBUG   75497472 bytes (75 MB) copied, 2.011483 s, 37.5 MB/s
2026-05-19 06:30:17,618 DEBUG   116391936 bytes (116 MB) copied, 3.044379 s, 38.2 MB/s
2026-05-19 06:30:17,618 DEBUG   156237824 bytes (156 MB) copied, 4.065349 s, 38.4 MB/s
2026-05-19 06:30:17,618 DEBUG   196083712 bytes (196 MB) copied, 5.068422 s, 38.7 MB/s
2026-05-19 06:30:17,618 DEBUG   228589568 bytes (229 MB) copied, 6.069410 s, 37.7 MB/s
2026-05-19 06:30:17,618 DEBUG   264241152 bytes (264 MB) copied, 7.075439 s, 37.3 MB/s
2026-05-19 06:30:17,618 DEBUG   306184192 bytes (306 MB) copied, 8.094350 s, 37.8 MB/s
2026-05-19 06:30:17,618 DEBUG   343932928 bytes (344 MB) copied, 9.106341 s, 37.8 MB/s
2026-05-19 06:30:17,618 DEBUG   386924544 bytes (387 MB) copied, 10.109313 s, 38.3 MB/s
2026-05-19 06:30:17,618 DEBUG   423624704 bytes (424 MB) copied, 11.129441 s, 38.1 MB/s
2026-05-19 06:30:17,618 DEBUG   458227712 bytes (458 MB) copied, 12.159253 s, 37.7 MB/s
2026-05-19 06:30:17,618 DEBUG   498073600 bytes (498 MB) copied, 13.166472 s, 37.8 MB/s
2026-05-19 06:30:17,618 DEBUG   540016640 bytes (540 MB) copied, 14.196797 s, 38.0 MB/s
2026-05-19 06:30:17,618 DEBUG   586153984 bytes (586 MB) copied, 15.230533 s, 38.5 MB/s
2026-05-19 06:30:17,618 DEBUG   629145600 bytes (629 MB) copied, 16.260361 s, 38.7 MB/s
2026-05-19 06:30:17,618 DEBUG   671088640 bytes (671 MB) copied, 17.267227 s, 38.9 MB/s
2026-05-19 06:30:17,618 DEBUG   716177408 bytes (716 MB) copied, 18.309258 s, 39.1 MB/s
2026-05-19 06:30:17,619 DEBUG   749731840 bytes (750 MB) copied, 19.314471 s, 38.8 MB/s
2026-05-19 06:30:17,619 DEBUG   792723456 bytes (793 MB) copied, 20.317228 s, 39.0 MB/s
2026-05-19 06:30:17,619 DEBUG   829423616 bytes (829 MB) copied, 21.339567 s, 38.9 MB/s
2026-05-19 06:30:17,619 DEBUG   864026624 bytes (864 MB) copied, 22.372569 s, 38.6 MB/s
2026-05-19 06:30:17,619 DEBUG   903872512 bytes (904 MB) copied, 23.378310 s, 38.7 MB/s
2026-05-19 06:30:17,619 DEBUG   937426944 bytes (937 MB) copied, 24.392347 s, 38.4 MB/s
2026-05-19 06:30:17,619 DEBUG   976224256 bytes (976 MB) copied, 25.456264 s, 38.3 MB/s
2026-05-19 06:30:17,619 DEBUG   1022361600 bytes (1.0 GB) copied, 26.469718 s, 38.6 MB/s
2026-05-19 06:30:17,619 DEBUG   1056964608 bytes (1.1 GB) copied, 27.474420 s, 38.5 MB/s
2026-05-19 06:30:17,619 DEBUG   1024+0 records in
2026-05-19 06:30:17,619 DEBUG   1024+0 records out
2026-05-19 06:30:17,619 DEBUG   1073741824 bytes (1.1 GB) copied, 27.8224 s, 38.6 MB/s
2026-05-19 06:30:17,619 DEBUG   OK (disk op exit 0)
2026-05-19 06:30:17,619 WARNING Guest disk op wall 29.8s (vm='ahv_ins_delete-0-260514-193330' ip=10.114.48.98 op=create ec=0) — includes SSH + guest disk command; if still high, check guest disk throughput vs. MiB settings.
2026-05-19 06:30:17,619 DEBUG [113/556] VM e0b9f9e2… (ahv_ins_delete-0-260514-194324) via 10.114.48.22 op=create
2026-05-19 06:30:17,619 DEBUG   remote: bash -lc 'set -e; _bs(){ printf '"'"'BULK_SNAP_T %s %s\n'"'"' "$1" "$(date +%s.%N 2>/dev/null || date +%s)"; }; _bs guest_start; _bs pipeline_start; openssl enc -aes-256-ctr -pass pass:"testing" -nosalt < /dev/zero 2>/dev/null | dd of=/root/dummy_snapshot_data_1.img bs=1M count=1024 iflag=fullblock status=progress; ec=$?; _bs pipeline_done; _bs guest_end; exit $ec'
2026-05-19 06:30:19,362 DEBUG   BULK_SNAP_T guest_start 1779139784.726944692
2026-05-19 06:30:19,362 DEBUG   BULK_SNAP_T pipeline_start 1779139784.731178387
2026-05-19 06:30:19,362 DEBUG   BULK_SNAP_T pipeline_done 1779139816.617419529
2026-05-19 06:30:19,362 DEBUG   BULK_SNAP_T guest_end 1779139816.627139077
2026-05-19 06:30:19,362 DEBUG   
2026-05-19 06:30:19,362 DEBUG   20971520 bytes (21 MB) copied, 1.123731 s, 18.7 MB/s
2026-05-19 06:30:19,362 DEBUG   38797312 bytes (39 MB) copied, 2.204628 s, 17.6 MB/s
2026-05-19 06:30:19,362 DEBUG   59768832 bytes (60 MB) copied, 3.304558 s, 18.1 MB/s
2026-05-19 06:30:19,363 DEBUG   91226112 bytes (91 MB) copied, 4.341660 s, 21.0 MB/s
2026-05-19 06:30:19,363 DEBUG   125829120 bytes (126 MB) copied, 5.363627 s, 23.5 MB/s
2026-05-19 06:30:19,363 DEBUG   160432128 bytes (160 MB) copied, 6.436697 s, 24.9 MB/s
2026-05-19 06:30:19,363 DEBUG   189792256 bytes (190 MB) copied, 7.471548 s, 25.4 MB/s
2026-05-19 06:30:19,363 DEBUG   221249536 bytes (221 MB) copied, 8.500540 s, 26.0 MB/s
2026-05-19 06:30:19,363 DEBUG   256901120 bytes (257 MB) copied, 9.526725 s, 27.0 MB/s
2026-05-19 06:30:19,363 DEBUG   294649856 bytes (295 MB) copied, 10.546742 s, 27.9 MB/s
2026-05-19 06:30:19,363 DEBUG   335544320 bytes (336 MB) copied, 11.556011 s, 29.0 MB/s
2026-05-19 06:30:19,363 DEBUG   376438784 bytes (376 MB) copied, 12.575595 s, 29.9 MB/s
2026-05-19 06:30:19,363 DEBUG   412090368 bytes (412 MB) copied, 13.671736 s, 30.1 MB/s
2026-05-19 06:30:19,363 DEBUG   449839104 bytes (450 MB) copied, 14.754746 s, 30.5 MB/s
2026-05-19 06:30:19,363 DEBUG   485490688 bytes (485 MB) copied, 15.770731 s, 30.8 MB/s
2026-05-19 06:30:19,363 DEBUG   526385152 bytes (526 MB) copied, 16.798629 s, 31.3 MB/s
2026-05-19 06:30:19,363 DEBUG   576716800 bytes (577 MB) copied, 17.802007 s, 32.4 MB/s
2026-05-19 06:30:19,363 DEBUG   610271232 bytes (610 MB) copied, 18.807937 s, 32.4 MB/s
2026-05-19 06:30:19,363 DEBUG   651165696 bytes (651 MB) copied, 19.809580 s, 32.9 MB/s
2026-05-19 06:30:19,363 DEBUG   693108736 bytes (693 MB) copied, 20.829637 s, 33.3 MB/s
2026-05-19 06:30:19,363 DEBUG   723517440 bytes (724 MB) copied, 21.850631 s, 33.1 MB/s
2026-05-19 06:30:19,363 DEBUG   759169024 bytes (759 MB) copied, 22.867612 s, 33.2 MB/s
2026-05-19 06:30:19,363 DEBUG   795869184 bytes (796 MB) copied, 23.898831 s, 33.3 MB/s
2026-05-19 06:30:19,363 DEBUG   832569344 bytes (833 MB) copied, 24.920588 s, 33.4 MB/s
2026-05-19 06:30:19,363 DEBUG   867172352 bytes (867 MB) copied, 25.978587 s, 33.4 MB/s
2026-05-19 06:30:19,363 DEBUG   902823936 bytes (903 MB) copied, 27.015813 s, 33.4 MB/s
2026-05-19 06:30:19,363 DEBUG   938475520 bytes (938 MB) copied, 28.021889 s, 33.5 MB/s
2026-05-19 06:30:19,363 DEBUG   974127104 bytes (974 MB) copied, 29.032555 s, 33.6 MB/s
2026-05-19 06:30:19,363 DEBUG   1010827264 bytes (1.0 GB) copied, 30.084570 s, 33.6 MB/s
2026-05-19 06:30:19,363 DEBUG   1046478848 bytes (1.0 GB) copied, 31.146801 s, 33.6 MB/s
2026-05-19 06:30:19,363 DEBUG   1024+0 records in
2026-05-19 06:30:19,363 DEBUG   1024+0 records out
2026-05-19 06:30:19,363 DEBUG   1073741824 bytes (1.1 GB) copied, 31.7996 s, 33.8 MB/s
2026-05-19 06:30:19,363 DEBUG   OK (disk op exit 0)
2026-05-19 06:30:19,363 WARNING Guest disk op wall 33.5s (vm='ahv_ins_delete-0-260514-193248' ip=10.114.54.59 op=create ec=0) — includes SSH + guest disk command; if still high, check guest disk throughput vs. MiB settings.
2026-05-19 06:30:19,364 DEBUG [114/556] VM f0a2e328… (ahv_ins_delete-0-260514-194354) via 10.114.52.43 op=create
2026-05-19 06:30:19,364 DEBUG   remote: bash -lc 'set -e; _bs(){ printf '"'"'BULK_SNAP_T %s %s\n'"'"' "$1" "$(date +%s.%N 2>/dev/null || date +%s)"; }; _bs guest_start; _bs pipeline_start; openssl enc -aes-256-ctr -pass pass:"testing" -nosalt < /dev/zero 2>/dev/null | dd of=/root/dummy_snapshot_data_1.img bs=1M count=1024 iflag=fullblock status=progress; ec=$?; _bs pipeline_done; _bs guest_end; exit $ec'
2026-05-19 06:30:22,614 DEBUG   BULK_SNAP_T guest_start 1779139789.084052682
2026-05-19 06:30:22,614 DEBUG   BULK_SNAP_T pipeline_start 1779139789.089113715
2026-05-19 06:30:22,614 DEBUG   BULK_SNAP_T pipeline_done 1779139819.828946563
2026-05-19 06:30:22,614 DEBUG   BULK_SNAP_T guest_end 1779139819.840439624
2026-05-19 06:30:22,614 DEBUG   
2026-05-19 06:30:22,614 DEBUG   28311552 bytes (28 MB) copied, 1.039969 s, 27.2 MB/s
2026-05-19 06:30:22,614 DEBUG   58720256 bytes (59 MB) copied, 2.164295 s, 27.1 MB/s
2026-05-19 06:30:22,614 DEBUG   90177536 bytes (90 MB) copied, 3.207395 s, 28.1 MB/s
2026-05-19 06:30:22,614 DEBUG   120586240 bytes (121 MB) copied, 4.257940 s, 28.3 MB/s
2026-05-19 06:30:22,615 DEBUG   154140672 bytes (154 MB) copied, 5.285937 s, 29.2 MB/s
2026-05-19 06:30:22,615 DEBUG   197132288 bytes (197 MB) copied, 6.330013 s, 31.1 MB/s
2026-05-19 06:30:22,615 DEBUG   239075328 bytes (239 MB) copied, 7.341971 s, 32.6 MB/s
2026-05-19 06:30:22,615 DEBUG   281018368 bytes (281 MB) copied, 8.381170 s, 33.5 MB/s
2026-05-19 06:30:22,615 DEBUG   318767104 bytes (319 MB) copied, 9.434021 s, 33.8 MB/s
2026-05-19 06:30:22,615 DEBUG   352321536 bytes (352 MB) copied, 10.447981 s, 33.7 MB/s
2026-05-19 06:30:22,615 DEBUG   389021696 bytes (389 MB) copied, 11.479976 s, 33.9 MB/s
2026-05-19 06:30:22,615 DEBUG   429916160 bytes (430 MB) copied, 12.510931 s, 34.4 MB/s
2026-05-19 06:30:22,615 DEBUG   466616320 bytes (467 MB) copied, 13.523939 s, 34.5 MB/s
2026-05-19 06:30:22,615 DEBUG   508559360 bytes (509 MB) copied, 14.559142 s, 34.9 MB/s
2026-05-19 06:30:22,615 DEBUG   546308096 bytes (546 MB) copied, 15.604966 s, 35.0 MB/s
2026-05-19 06:30:22,615 DEBUG   584056832 bytes (584 MB) copied, 16.609908 s, 35.2 MB/s
2026-05-19 06:30:22,615 DEBUG   619708416 bytes (620 MB) copied, 17.623999 s, 35.2 MB/s
2026-05-19 06:30:22,615 DEBUG   652214272 bytes (652 MB) copied, 18.627909 s, 35.0 MB/s
2026-05-19 06:30:22,615 DEBUG   685768704 bytes (686 MB) copied, 19.643132 s, 34.9 MB/s
2026-05-19 06:30:22,615 DEBUG   722468864 bytes (722 MB) copied, 20.648304 s, 35.0 MB/s
2026-05-19 06:30:22,615 DEBUG   756023296 bytes (756 MB) copied, 21.671103 s, 34.9 MB/s
2026-05-19 06:30:22,615 DEBUG   787480576 bytes (787 MB) copied, 22.674004 s, 34.7 MB/s
2026-05-19 06:30:22,615 DEBUG   821035008 bytes (821 MB) copied, 23.680420 s, 34.7 MB/s
2026-05-19 06:30:22,615 DEBUG   851443712 bytes (851 MB) copied, 24.697992 s, 34.5 MB/s
2026-05-19 06:30:22,615 DEBUG   882900992 bytes (883 MB) copied, 25.700032 s, 34.4 MB/s
2026-05-19 06:30:22,615 DEBUG   924844032 bytes (925 MB) copied, 26.742041 s, 34.6 MB/s
2026-05-19 06:30:22,615 DEBUG   967835648 bytes (968 MB) copied, 27.767984 s, 34.9 MB/s
2026-05-19 06:30:22,615 DEBUG   1010827264 bytes (1.0 GB) copied, 28.822916 s, 35.1 MB/s
2026-05-19 06:30:22,615 DEBUG   1045430272 bytes (1.0 GB) copied, 29.833048 s, 35.0 MB/s
2026-05-19 06:30:22,615 DEBUG   1024+0 records in
2026-05-19 06:30:22,615 DEBUG   1024+0 records out
2026-05-19 06:30:22,615 DEBUG   1073741824 bytes (1.1 GB) copied, 30.6691 s, 35.0 MB/s
2026-05-19 06:30:22,615 DEBUG   OK (disk op exit 0)
2026-05-19 06:30:22,615 WARNING Guest disk op wall 32.3s (vm='ahv_ins_delete-0-260514-193347' ip=10.114.48.37 op=create ec=0) — includes SSH + guest disk command; if still high, check guest disk throughput vs. MiB settings.
2026-05-19 06:30:22,616 DEBUG [115/556] VM 05149ec7… (ahv_ins_delete-0-260514-194426) via 10.114.54.60 op=create
2026-05-19 06:30:22,616 DEBUG   remote: bash -lc 'set -e; _bs(){ printf '"'"'BULK_SNAP_T %s %s\n'"'"' "$1" "$(date +%s.%N 2>/dev/null || date +%s)"; }; _bs guest_start; _bs pipeline_start; openssl enc -aes-256-ctr -pass pass:"testing" -nosalt < /dev/zero 2>/dev/null | dd of=/root/dummy_snapshot_data_1.img bs=1M count=1024 iflag=fullblock status=progress; ec=$?; _bs pipeline_done; _bs guest_end; exit $ec'
2026-05-19 06:30:24,115 DEBUG   BULK_SNAP_T guest_start 1779139791.183885131
2026-05-19 06:30:24,115 DEBUG   BULK_SNAP_T pipeline_start 1779139791.188700131
2026-05-19 06:30:24,115 DEBUG   BULK_SNAP_T pipeline_done 1779139821.352647240
2026-05-19 06:30:24,115 DEBUG   BULK_SNAP_T guest_end 1779139821.354020297
2026-05-19 06:30:24,115 DEBUG   
2026-05-19 06:30:24,115 DEBUG   28311552 bytes (28 MB) copied, 1.173746 s, 24.1 MB/s
2026-05-19 06:30:24,115 DEBUG   50331648 bytes (50 MB) copied, 2.341884 s, 21.5 MB/s
2026-05-19 06:30:24,115 DEBUG   89128960 bytes (89 MB) copied, 3.359772 s, 26.5 MB/s
2026-05-19 06:30:24,115 DEBUG   125829120 bytes (126 MB) copied, 4.401837 s, 28.6 MB/s
2026-05-19 06:30:24,115 DEBUG   170917888 bytes (171 MB) copied, 5.413988 s, 31.6 MB/s
2026-05-19 06:30:24,115 DEBUG   214958080 bytes (215 MB) copied, 6.451888 s, 33.3 MB/s
2026-05-19 06:30:24,116 DEBUG   249561088 bytes (250 MB) copied, 7.462843 s, 33.4 MB/s
2026-05-19 06:30:24,116 DEBUG   286261248 bytes (286 MB) copied, 8.478858 s, 33.8 MB/s
2026-05-19 06:30:24,116 DEBUG   322961408 bytes (323 MB) copied, 9.511874 s, 34.0 MB/s
2026-05-19 06:30:24,116 DEBUG   365953024 bytes (366 MB) copied, 10.515768 s, 34.8 MB/s
2026-05-19 06:30:24,116 DEBUG   399507456 bytes (400 MB) copied, 11.521847 s, 34.7 MB/s
2026-05-19 06:30:24,116 DEBUG   433061888 bytes (433 MB) copied, 12.533889 s, 34.6 MB/s
2026-05-19 06:30:24,116 DEBUG   476053504 bytes (476 MB) copied, 13.562774 s, 35.1 MB/s
2026-05-19 06:30:24,116 DEBUG   514850816 bytes (515 MB) copied, 14.580749 s, 35.3 MB/s
2026-05-19 06:30:24,116 DEBUG   551550976 bytes (552 MB) copied, 15.594124 s, 35.4 MB/s
2026-05-19 06:30:24,116 DEBUG   585105408 bytes (585 MB) copied, 16.632925 s, 35.2 MB/s
2026-05-19 06:30:24,116 DEBUG   619708416 bytes (620 MB) copied, 17.683828 s, 35.0 MB/s
2026-05-19 06:30:24,116 DEBUG   659554304 bytes (660 MB) copied, 18.689770 s, 35.3 MB/s
2026-05-19 06:30:24,116 DEBUG   696254464 bytes (696 MB) copied, 19.705879 s, 35.3 MB/s
2026-05-19 06:30:24,116 DEBUG   732954624 bytes (733 MB) copied, 20.711301 s, 35.4 MB/s
2026-05-19 06:30:24,116 DEBUG   766509056 bytes (767 MB) copied, 21.718822 s, 35.3 MB/s
2026-05-19 06:30:24,116 DEBUG   799014912 bytes (799 MB) copied, 22.725894 s, 35.2 MB/s
2026-05-19 06:30:24,116 DEBUG   834666496 bytes (835 MB) copied, 23.743794 s, 35.2 MB/s
2026-05-19 06:30:24,116 DEBUG   871366656 bytes (871 MB) copied, 24.766286 s, 35.2 MB/s
2026-05-19 06:30:24,116 DEBUG   910163968 bytes (910 MB) copied, 25.785755 s, 35.3 MB/s
2026-05-19 06:30:24,116 DEBUG   952107008 bytes (952 MB) copied, 26.789780 s, 35.5 MB/s
2026-05-19 06:30:24,116 DEBUG   991952896 bytes (992 MB) copied, 27.792208 s, 35.7 MB/s
2026-05-19 06:30:24,116 DEBUG   1027604480 bytes (1.0 GB) copied, 28.801750 s, 35.7 MB/s
2026-05-19 06:30:24,116 DEBUG   1066401792 bytes (1.1 GB) copied, 29.857776 s, 35.7 MB/s
2026-05-19 06:30:24,116 DEBUG   1024+0 records in
2026-05-19 06:30:24,116 DEBUG   1024+0 records out
2026-05-19 06:30:24,116 DEBUG   1073741824 bytes (1.1 GB) copied, 30.0558 s, 35.7 MB/s
2026-05-19 06:30:24,116 DEBUG   OK (disk op exit 0)
2026-05-19 06:30:24,117 WARNING Guest disk op wall 31.8s (vm='ahv_ins_delete-0-260514-193551' ip=10.114.52.143 op=create ec=0) — includes SSH + guest disk command; if still high, check guest disk throughput vs. MiB settings.
2026-05-19 06:30:24,117 DEBUG [116/556] VM 189f7ecc… (ahv_ins_delete-0-260514-194642) via 10.114.53.124 op=create
2026-05-19 06:30:24,117 DEBUG   remote: bash -lc 'set -e; _bs(){ printf '"'"'BULK_SNAP_T %s %s\n'"'"' "$1" "$(date +%s.%N 2>/dev/null || date +%s)"; }; _bs guest_start; _bs pipeline_start; openssl enc -aes-256-ctr -pass pass:"testing" -nosalt < /dev/zero 2>/dev/null | dd of=/root/dummy_snapshot_data_1.img bs=1M count=1024 iflag=fullblock status=progress; ec=$?; _bs pipeline_done; _bs guest_end; exit $ec'
2026-05-19 06:30:28,117 DEBUG   BULK_SNAP_T guest_start 1779139795.550816919
2026-05-19 06:30:28,117 DEBUG   BULK_SNAP_T pipeline_start 1779139795.560429342
2026-05-19 06:30:28,117 DEBUG   BULK_SNAP_T pipeline_done 1779139825.474919795
2026-05-19 06:30:28,117 DEBUG   BULK_SNAP_T guest_end 1779139825.488839762
2026-05-19 06:30:28,117 DEBUG   
2026-05-19 06:30:28,117 DEBUG   16777216 bytes (17 MB) copied, 1.221027 s, 13.7 MB/s
2026-05-19 06:30:28,117 DEBUG   44040192 bytes (44 MB) copied, 2.349942 s, 18.7 MB/s
2026-05-19 06:30:28,117 DEBUG   72351744 bytes (72 MB) copied, 3.383022 s, 21.4 MB/s
2026-05-19 06:30:28,117 DEBUG   102760448 bytes (103 MB) copied, 4.439909 s, 23.1 MB/s
2026-05-19 06:30:28,117 DEBUG   138412032 bytes (138 MB) copied, 5.485017 s, 25.2 MB/s
2026-05-19 06:30:28,117 DEBUG   178257920 bytes (178 MB) copied, 6.491853 s, 27.5 MB/s
2026-05-19 06:30:28,117 DEBUG   220200960 bytes (220 MB) copied, 7.508977 s, 29.3 MB/s
2026-05-19 06:30:28,117 DEBUG   257949696 bytes (258 MB) copied, 8.534857 s, 30.2 MB/s
2026-05-19 06:30:28,117 DEBUG   300941312 bytes (301 MB) copied, 9.577884 s, 31.4 MB/s
2026-05-19 06:30:28,117 DEBUG   333447168 bytes (333 MB) copied, 10.622930 s, 31.4 MB/s
2026-05-19 06:30:28,117 DEBUG   371195904 bytes (371 MB) copied, 11.650945 s, 31.9 MB/s
2026-05-19 06:30:28,117 DEBUG   407896064 bytes (408 MB) copied, 12.684843 s, 32.2 MB/s
2026-05-19 06:30:28,117 DEBUG   441450496 bytes (441 MB) copied, 13.696844 s, 32.2 MB/s
2026-05-19 06:30:28,117 DEBUG   478150656 bytes (478 MB) copied, 14.723943 s, 32.5 MB/s
2026-05-19 06:30:28,117 DEBUG   511705088 bytes (512 MB) copied, 15.728930 s, 32.5 MB/s
2026-05-19 06:30:28,118 DEBUG   545259520 bytes (545 MB) copied, 16.751878 s, 32.5 MB/s
2026-05-19 06:30:28,118 DEBUG   585105408 bytes (585 MB) copied, 17.770132 s, 32.9 MB/s
2026-05-19 06:30:28,118 DEBUG   621805568 bytes (622 MB) copied, 18.774420 s, 33.1 MB/s
2026-05-19 06:30:28,118 DEBUG   661651456 bytes (662 MB) copied, 19.780878 s, 33.4 MB/s
2026-05-19 06:30:28,118 DEBUG   703594496 bytes (704 MB) copied, 20.811807 s, 33.8 MB/s
2026-05-19 06:30:28,118 DEBUG   744488960 bytes (744 MB) copied, 21.858908 s, 34.1 MB/s
2026-05-19 06:30:28,118 DEBUG   787480576 bytes (787 MB) copied, 22.907959 s, 34.4 MB/s
2026-05-19 06:30:28,118 DEBUG   821035008 bytes (821 MB) copied, 23.928094 s, 34.3 MB/s
2026-05-19 06:30:28,118 DEBUG   862978048 bytes (863 MB) copied, 24.959878 s, 34.6 MB/s
2026-05-19 06:30:28,118 DEBUG   902823936 bytes (903 MB) copied, 25.971840 s, 34.8 MB/s
2026-05-19 06:30:28,118 DEBUG   950009856 bytes (950 MB) copied, 26.981878 s, 35.2 MB/s
2026-05-19 06:30:28,118 DEBUG   1000341504 bytes (1.0 GB) copied, 27.993132 s, 35.7 MB/s
2026-05-19 06:30:28,118 DEBUG   1041235968 bytes (1.0 GB) copied, 29.003104 s, 35.9 MB/s
2026-05-19 06:30:28,118 DEBUG   1024+0 records in
2026-05-19 06:30:28,118 DEBUG   1024+0 records out
2026-05-19 06:30:28,118 DEBUG   1073741824 bytes (1.1 GB) copied, 29.7812 s, 36.1 MB/s
2026-05-19 06:30:28,118 DEBUG   OK (disk op exit 0)
2026-05-19 06:30:28,118 WARNING Guest disk op wall 31.5s (vm='ahv_ins_delete-0-260514-193713' ip=10.114.50.12 op=create ec=0) — includes SSH + guest disk command; if still high, check guest disk throughput vs. MiB settings.
2026-05-19 06:30:28,118 DEBUG [117/556] VM 1b6139cb… (ahv_ins_delete-0-260514-194724) via 10.114.48.153 op=create
2026-05-19 06:30:28,118 DEBUG   remote: bash -lc 'set -e; _bs(){ printf '"'"'BULK_SNAP_T %s %s\n'"'"' "$1" "$(date +%s.%N 2>/dev/null || date +%s)"; }; _bs guest_start; _bs pipeline_start; openssl enc -aes-256-ctr -pass pass:"testing" -nosalt < /dev/zero 2>/dev/null | dd of=/root/dummy_snapshot_data_1.img bs=1M count=1024 iflag=fullblock status=progress; ec=$?; _bs pipeline_done; _bs guest_end; exit $ec'
2026-05-19 06:30:28,121 DEBUG   BULK_SNAP_T guest_start 1779139797.888248753
2026-05-19 06:30:28,121 DEBUG   BULK_SNAP_T pipeline_start 1779139797.892725634
2026-05-19 06:30:28,121 DEBUG   BULK_SNAP_T pipeline_done 1779139825.250551148
2026-05-19 06:30:28,121 DEBUG   BULK_SNAP_T guest_end 1779139825.260442251
2026-05-19 06:30:28,121 DEBUG   
2026-05-19 06:30:28,121 DEBUG   25165824 bytes (25 MB) copied, 1.115589 s, 22.6 MB/s
2026-05-19 06:30:28,121 DEBUG   45088768 bytes (45 MB) copied, 2.217732 s, 20.3 MB/s
2026-05-19 06:30:28,121 DEBUG   74448896 bytes (74 MB) copied, 3.236402 s, 23.0 MB/s
2026-05-19 06:30:28,121 DEBUG   110100480 bytes (110 MB) copied, 4.237831 s, 26.0 MB/s
2026-05-19 06:30:28,121 DEBUG   154140672 bytes (154 MB) copied, 5.260562 s, 29.3 MB/s
2026-05-19 06:30:28,121 DEBUG   200278016 bytes (200 MB) copied, 6.262462 s, 32.0 MB/s
2026-05-19 06:30:28,121 DEBUG   242221056 bytes (242 MB) copied, 7.270823 s, 33.3 MB/s
2026-05-19 06:30:28,122 DEBUG   278921216 bytes (279 MB) copied, 8.285802 s, 33.7 MB/s
2026-05-19 06:30:28,122 DEBUG   318767104 bytes (319 MB) copied, 9.303543 s, 34.3 MB/s
2026-05-19 06:30:28,122 DEBUG   357564416 bytes (358 MB) copied, 10.327461 s, 34.6 MB/s
2026-05-19 06:30:28,122 DEBUG   400556032 bytes (401 MB) copied, 11.381505 s, 35.2 MB/s
2026-05-19 06:30:28,122 DEBUG   441450496 bytes (441 MB) copied, 12.396375 s, 35.6 MB/s
2026-05-19 06:30:28,122 DEBUG   479199232 bytes (479 MB) copied, 13.404381 s, 35.7 MB/s
2026-05-19 06:30:28,122 DEBUG   517996544 bytes (518 MB) copied, 14.435326 s, 35.9 MB/s
2026-05-19 06:30:28,122 DEBUG   560988160 bytes (561 MB) copied, 15.463563 s, 36.3 MB/s
2026-05-19 06:30:28,122 DEBUG   597688320 bytes (598 MB) copied, 16.478008 s, 36.3 MB/s
2026-05-19 06:30:28,122 DEBUG   639631360 bytes (640 MB) copied, 17.511336 s, 36.5 MB/s
2026-05-19 06:30:28,122 DEBUG   691011584 bytes (691 MB) copied, 18.532324 s, 37.3 MB/s
2026-05-19 06:30:28,122 DEBUG   736100352 bytes (736 MB) copied, 19.552390 s, 37.6 MB/s
2026-05-19 06:30:28,122 DEBUG   773849088 bytes (774 MB) copied, 20.564666 s, 37.6 MB/s
2026-05-19 06:30:28,122 DEBUG   810549248 bytes (811 MB) copied, 21.649436 s, 37.4 MB/s
2026-05-19 06:30:28,122 DEBUG   856686592 bytes (857 MB) copied, 22.651741 s, 37.8 MB/s
2026-05-19 06:30:28,122 DEBUG   911212544 bytes (911 MB) copied, 23.660625 s, 38.5 MB/s
2026-05-19 06:30:28,122 DEBUG   963641344 bytes (964 MB) copied, 24.685348 s, 39.0 MB/s
2026-05-19 06:30:28,122 DEBUG   1004535808 bytes (1.0 GB) copied, 25.700806 s, 39.1 MB/s
2026-05-19 06:30:28,122 DEBUG   1044381696 bytes (1.0 GB) copied, 26.704714 s, 39.1 MB/s
2026-05-19 06:30:28,122 DEBUG   1024+0 records in
2026-05-19 06:30:28,122 DEBUG   1024+0 records out
2026-05-19 06:30:28,122 DEBUG   1073741824 bytes (1.1 GB) copied, 27.2324 s, 39.4 MB/s
2026-05-19 06:30:28,122 DEBUG   OK (disk op exit 0)
2026-05-19 06:30:28,122 WARNING Guest disk op wall 29.0s (vm='ahv_ins_delete-0-260514-193843' ip=10.114.54.21 op=create ec=0) — includes SSH + guest disk command; if still high, check guest disk throughput vs. MiB settings.
2026-05-19 06:30:28,123 DEBUG [118/556] VM b67f268b… (ahv_ins_delete-0-260514-194848) via 10.114.50.193 op=create
2026-05-19 06:30:28,123 DEBUG   remote: bash -lc 'set -e; _bs(){ printf '"'"'BULK_SNAP_T %s %s\n'"'"' "$1" "$(date +%s.%N 2>/dev/null || date +%s)"; }; _bs guest_start; _bs pipeline_start; openssl enc -aes-256-ctr -pass pass:"testing" -nosalt < /dev/zero 2>/dev/null | dd of=/root/dummy_snapshot_data_1.img bs=1M count=1024 iflag=fullblock status=progress; ec=$?; _bs pipeline_done; _bs guest_end; exit $ec'
2026-05-19 06:30:29,118 DEBUG   BULK_SNAP_T guest_start 1779139797.435473185
2026-05-19 06:30:29,119 DEBUG   BULK_SNAP_T pipeline_start 1779139797.439897403
2026-05-19 06:30:29,119 DEBUG   BULK_SNAP_T pipeline_done 1779139825.789179825
2026-05-19 06:30:29,119 DEBUG   BULK_SNAP_T guest_end 1779139825.793761178
2026-05-19 06:30:29,119 DEBUG   
2026-05-19 06:30:29,119 DEBUG   16777216 bytes (17 MB) copied, 1.005917 s, 16.7 MB/s
2026-05-19 06:30:29,119 DEBUG   58720256 bytes (59 MB) copied, 2.066852 s, 28.4 MB/s
2026-05-19 06:30:29,119 DEBUG   96468992 bytes (96 MB) copied, 3.068220 s, 31.4 MB/s
2026-05-19 06:30:29,119 DEBUG   140509184 bytes (141 MB) copied, 4.071180 s, 34.5 MB/s
2026-05-19 06:30:29,119 DEBUG   180355072 bytes (180 MB) copied, 5.074050 s, 35.5 MB/s
2026-05-19 06:30:29,119 DEBUG   214958080 bytes (215 MB) copied, 6.117900 s, 35.1 MB/s
2026-05-19 06:30:29,119 DEBUG   253755392 bytes (254 MB) copied, 7.143882 s, 35.5 MB/s
2026-05-19 06:30:29,119 DEBUG   289406976 bytes (289 MB) copied, 8.168807 s, 35.4 MB/s
2026-05-19 06:30:29,119 DEBUG   322961408 bytes (323 MB) copied, 9.194830 s, 35.1 MB/s
2026-05-19 06:30:29,119 DEBUG   357564416 bytes (358 MB) copied, 10.197465 s, 35.1 MB/s
2026-05-19 06:30:29,119 DEBUG   392167424 bytes (392 MB) copied, 11.202823 s, 35.0 MB/s
2026-05-19 06:30:29,119 DEBUG   432013312 bytes (432 MB) copied, 12.219171 s, 35.4 MB/s
2026-05-19 06:30:29,119 DEBUG   470810624 bytes (471 MB) copied, 13.234852 s, 35.6 MB/s
2026-05-19 06:30:29,119 DEBUG   510656512 bytes (511 MB) copied, 14.242224 s, 35.9 MB/s
2026-05-19 06:30:29,119 DEBUG   550502400 bytes (551 MB) copied, 15.244892 s, 36.1 MB/s
2026-05-19 06:30:29,119 DEBUG   584056832 bytes (584 MB) copied, 16.266793 s, 35.9 MB/s
2026-05-19 06:30:29,119 DEBUG   621805568 bytes (622 MB) copied, 17.290783 s, 36.0 MB/s
2026-05-19 06:30:29,119 DEBUG   657457152 bytes (657 MB) copied, 18.335880 s, 35.9 MB/s
2026-05-19 06:30:29,119 DEBUG   702545920 bytes (703 MB) copied, 19.350815 s, 36.3 MB/s
2026-05-19 06:30:29,119 DEBUG   741343232 bytes (741 MB) copied, 20.364967 s, 36.4 MB/s
2026-05-19 06:30:29,119 DEBUG   784334848 bytes (784 MB) copied, 21.389061 s, 36.7 MB/s
2026-05-19 06:30:29,119 DEBUG   829423616 bytes (829 MB) copied, 22.412806 s, 37.0 MB/s
2026-05-19 06:30:29,119 DEBUG   869269504 bytes (869 MB) copied, 23.429894 s, 37.1 MB/s
2026-05-19 06:30:29,119 DEBUG   912261120 bytes (912 MB) copied, 24.444214 s, 37.3 MB/s
2026-05-19 06:30:29,119 DEBUG   953155584 bytes (953 MB) copied, 25.448149 s, 37.5 MB/s
2026-05-19 06:30:29,119 DEBUG   994050048 bytes (994 MB) copied, 26.454835 s, 37.6 MB/s
2026-05-19 06:30:29,119 DEBUG   1043333120 bytes (1.0 GB) copied, 27.498178 s, 37.9 MB/s
2026-05-19 06:30:29,119 DEBUG   1024+0 records in
2026-05-19 06:30:29,119 DEBUG   1024+0 records out
2026-05-19 06:30:29,119 DEBUG   1073741824 bytes (1.1 GB) copied, 28.262 s, 38.0 MB/s
2026-05-19 06:30:29,119 DEBUG   OK (disk op exit 0)
2026-05-19 06:30:29,120 WARNING Guest disk op wall 30.0s (vm='ahv_ins_delete-0-260514-193751' ip=10.114.49.253 op=create ec=0) — includes SSH + guest disk command; if still high, check guest disk throughput vs. MiB settings.
2026-05-19 06:30:29,120 DEBUG [119/556] VM f61abe15… (ahv_ins_delete-0-260514-194914) via 10.114.49.249 op=create
2026-05-19 06:30:29,120 DEBUG   remote: bash -lc 'set -e; _bs(){ printf '"'"'BULK_SNAP_T %s %s\n'"'"' "$1" "$(date +%s.%N 2>/dev/null || date +%s)"; }; _bs guest_start; _bs pipeline_start; openssl enc -aes-256-ctr -pass pass:"testing" -nosalt < /dev/zero 2>/dev/null | dd of=/root/dummy_snapshot_data_1.img bs=1M count=1024 iflag=fullblock status=progress; ec=$?; _bs pipeline_done; _bs guest_end; exit $ec'
2026-05-19 06:30:35,627 DEBUG   BULK_SNAP_T guest_start 1779139802.004337891
2026-05-19 06:30:35,627 DEBUG   BULK_SNAP_T pipeline_start 1779139802.009718020
2026-05-19 06:30:35,627 DEBUG   BULK_SNAP_T pipeline_done 1779139832.706507927
2026-05-19 06:30:35,627 DEBUG   BULK_SNAP_T guest_end 1779139832.710400144
2026-05-19 06:30:35,627 DEBUG   
2026-05-19 06:30:35,627 DEBUG   20971520 bytes (21 MB) copied, 1.008830 s, 20.8 MB/s
2026-05-19 06:30:35,627 DEBUG   50331648 bytes (50 MB) copied, 2.181960 s, 23.1 MB/s
2026-05-19 06:30:35,627 DEBUG   91226112 bytes (91 MB) copied, 3.263649 s, 28.0 MB/s
2026-05-19 06:30:35,627 DEBUG   128974848 bytes (129 MB) copied, 4.272626 s, 30.2 MB/s
2026-05-19 06:30:35,627 DEBUG   167772160 bytes (168 MB) copied, 5.352825 s, 31.3 MB/s
2026-05-19 06:30:35,627 DEBUG   201326592 bytes (201 MB) copied, 6.383825 s, 31.5 MB/s
2026-05-19 06:30:35,627 DEBUG   245366784 bytes (245 MB) copied, 7.396096 s, 33.2 MB/s
2026-05-19 06:30:35,627 DEBUG   275775488 bytes (276 MB) copied, 8.407658 s, 32.8 MB/s
2026-05-19 06:30:35,627 DEBUG   320864256 bytes (321 MB) copied, 9.413736 s, 34.1 MB/s
2026-05-19 06:30:35,627 DEBUG   361758720 bytes (362 MB) copied, 10.425698 s, 34.7 MB/s
2026-05-19 06:30:35,627 DEBUG   401604608 bytes (402 MB) copied, 11.464814 s, 35.0 MB/s
2026-05-19 06:30:35,627 DEBUG   430964736 bytes (431 MB) copied, 12.471683 s, 34.6 MB/s
2026-05-19 06:30:35,627 DEBUG   466616320 bytes (467 MB) copied, 13.491820 s, 34.6 MB/s
2026-05-19 06:30:35,627 DEBUG   502267904 bytes (502 MB) copied, 14.491904 s, 34.7 MB/s
2026-05-19 06:30:35,627 DEBUG   543162368 bytes (543 MB) copied, 15.503667 s, 35.0 MB/s
2026-05-19 06:30:35,628 DEBUG   586153984 bytes (586 MB) copied, 16.527777 s, 35.5 MB/s
2026-05-19 06:30:35,628 DEBUG   623902720 bytes (624 MB) copied, 17.588717 s, 35.5 MB/s
2026-05-19 06:30:35,628 DEBUG   660602880 bytes (661 MB) copied, 18.597022 s, 35.5 MB/s
2026-05-19 06:30:35,628 DEBUG   699400192 bytes (699 MB) copied, 19.604625 s, 35.7 MB/s
2026-05-19 06:30:35,628 DEBUG   739246080 bytes (739 MB) copied, 20.619713 s, 35.9 MB/s
2026-05-19 06:30:35,628 DEBUG   778043392 bytes (778 MB) copied, 21.623069 s, 36.0 MB/s
2026-05-19 06:30:35,628 DEBUG   817889280 bytes (818 MB) copied, 22.667603 s, 36.1 MB/s
2026-05-19 06:30:35,628 DEBUG   851443712 bytes (851 MB) copied, 23.668838 s, 36.0 MB/s
2026-05-19 06:30:35,628 DEBUG   891289600 bytes (891 MB) copied, 24.727669 s, 36.0 MB/s
2026-05-19 06:30:35,628 DEBUG   929038336 bytes (929 MB) copied, 25.758717 s, 36.1 MB/s
2026-05-19 06:30:35,628 DEBUG   960495616 bytes (960 MB) copied, 26.780224 s, 35.9 MB/s
2026-05-19 06:30:35,628 DEBUG   988807168 bytes (989 MB) copied, 27.808710 s, 35.6 MB/s
2026-05-19 06:30:35,628 DEBUG   1019215872 bytes (1.0 GB) copied, 28.840779 s, 35.3 MB/s
2026-05-19 06:30:35,628 DEBUG   1049624576 bytes (1.0 GB) copied, 29.861248 s, 35.2 MB/s
2026-05-19 06:30:35,628 DEBUG   1024+0 records in
2026-05-19 06:30:35,628 DEBUG   1024+0 records out
2026-05-19 06:30:35,628 DEBUG   1073741824 bytes (1.1 GB) copied, 30.5742 s, 35.1 MB/s
2026-05-19 06:30:35,628 DEBUG   OK (disk op exit 0)
2026-05-19 06:30:35,628 WARNING Guest disk op wall 32.3s (vm='ahv_ins_delete-0-260514-193850' ip=10.114.51.178 op=create ec=0) — includes SSH + guest disk command; if still high, check guest disk throughput vs. MiB settings.
2026-05-19 06:30:35,628 DEBUG [120/556] VM bbeee8a6… (ahv_ins_delete-0-260514-194939) via 10.114.49.34 op=create
2026-05-19 06:30:35,629 DEBUG   remote: bash -lc 'set -e; _bs(){ printf '"'"'BULK_SNAP_T %s %s\n'"'"' "$1" "$(date +%s.%N 2>/dev/null || date +%s)"; }; _bs guest_start; _bs pipeline_start; openssl enc -aes-256-ctr -pass pass:"testing" -nosalt < /dev/zero 2>/dev/null | dd of=/root/dummy_snapshot_data_1.img bs=1M count=1024 iflag=fullblock status=progress; ec=$?; _bs pipeline_done; _bs guest_end; exit $ec'
2026-05-19 06:30:37,128 DEBUG   BULK_SNAP_T guest_start 1779139802.110065828
2026-05-19 06:30:37,128 DEBUG   BULK_SNAP_T pipeline_start 1779139802.113681354
2026-05-19 06:30:37,128 DEBUG   BULK_SNAP_T pipeline_done 1779139833.524571983
2026-05-19 06:30:37,128 DEBUG   BULK_SNAP_T guest_end 1779139833.527800392
2026-05-19 06:30:37,128 DEBUG   
2026-05-19 06:30:37,128 DEBUG   15728640 bytes (16 MB) copied, 1.028021 s, 15.3 MB/s
2026-05-19 06:30:37,128 DEBUG   31457280 bytes (31 MB) copied, 2.112757 s, 14.9 MB/s
2026-05-19 06:30:37,128 DEBUG   59768832 bytes (60 MB) copied, 3.140828 s, 19.0 MB/s
2026-05-19 06:30:37,128 DEBUG   98566144 bytes (99 MB) copied, 4.142687 s, 23.8 MB/s
2026-05-19 06:30:37,128 DEBUG   127926272 bytes (128 MB) copied, 5.179065 s, 24.7 MB/s
2026-05-19 06:30:37,128 DEBUG   162529280 bytes (163 MB) copied, 6.207945 s, 26.2 MB/s
2026-05-19 06:30:37,128 DEBUG   196083712 bytes (196 MB) copied, 7.252775 s, 27.0 MB/s
2026-05-19 06:30:37,128 DEBUG   232783872 bytes (233 MB) copied, 8.265928 s, 28.2 MB/s
2026-05-19 06:30:37,128 DEBUG   264241152 bytes (264 MB) copied, 9.275120 s, 28.5 MB/s
2026-05-19 06:30:37,128 DEBUG   297795584 bytes (298 MB) copied, 10.325819 s, 28.8 MB/s
2026-05-19 06:30:37,128 DEBUG   333447168 bytes (333 MB) copied, 11.391711 s, 29.3 MB/s
2026-05-19 06:30:37,128 DEBUG   372244480 bytes (372 MB) copied, 12.404921 s, 30.0 MB/s
2026-05-19 06:30:37,128 DEBUG   407896064 bytes (408 MB) copied, 13.405811 s, 30.4 MB/s
2026-05-19 06:30:37,128 DEBUG   449839104 bytes (450 MB) copied, 14.447951 s, 31.1 MB/s
2026-05-19 06:30:37,128 DEBUG   489684992 bytes (490 MB) copied, 15.461275 s, 31.7 MB/s
2026-05-19 06:30:37,128 DEBUG   524288000 bytes (524 MB) copied, 16.498747 s, 31.8 MB/s
2026-05-19 06:30:37,128 DEBUG   564133888 bytes (564 MB) copied, 17.510736 s, 32.2 MB/s
2026-05-19 06:30:37,128 DEBUG   599785472 bytes (600 MB) copied, 18.513960 s, 32.4 MB/s
2026-05-19 06:30:37,128 DEBUG   640679936 bytes (641 MB) copied, 19.535032 s, 32.8 MB/s
2026-05-19 06:30:37,128 DEBUG   685768704 bytes (686 MB) copied, 20.552180 s, 33.4 MB/s
2026-05-19 06:30:37,128 DEBUG   725614592 bytes (726 MB) copied, 21.558300 s, 33.7 MB/s
2026-05-19 06:30:37,128 DEBUG   764411904 bytes (764 MB) copied, 22.573663 s, 33.9 MB/s
2026-05-19 06:30:37,128 DEBUG   803209216 bytes (803 MB) copied, 23.584738 s, 34.1 MB/s
2026-05-19 06:30:37,128 DEBUG   855638016 bytes (856 MB) copied, 24.626832 s, 34.7 MB/s
2026-05-19 06:30:37,128 DEBUG   897581056 bytes (898 MB) copied, 25.629753 s, 35.0 MB/s
2026-05-19 06:30:37,128 DEBUG   932184064 bytes (932 MB) copied, 26.635859 s, 35.0 MB/s
2026-05-19 06:30:37,129 DEBUG   960495616 bytes (960 MB) copied, 27.643772 s, 34.7 MB/s
2026-05-19 06:30:37,129 DEBUG   986710016 bytes (987 MB) copied, 28.646900 s, 34.4 MB/s
2026-05-19 06:30:37,129 DEBUG   1015021568 bytes (1.0 GB) copied, 29.650703 s, 34.2 MB/s
2026-05-19 06:30:37,129 DEBUG   1052770304 bytes (1.1 GB) copied, 30.651685 s, 34.3 MB/s
2026-05-19 06:30:37,129 DEBUG   1024+0 records in
2026-05-19 06:30:37,129 DEBUG   1024+0 records out
2026-05-19 06:30:37,129 DEBUG   1073741824 bytes (1.1 GB) copied, 31.2677 s, 34.3 MB/s
2026-05-19 06:30:37,129 DEBUG   OK (disk op exit 0)
2026-05-19 06:30:37,129 WARNING Guest disk op wall 33.3s (vm='ahv_ins_delete-0-260514-194113' ip=10.114.52.185 op=create ec=0) — includes SSH + guest disk command; if still high, check guest disk throughput vs. MiB settings.
2026-05-19 06:30:37,129 DEBUG [121/556] VM a9746474… (ahv_ins_delete-0-260518-084651) via 10.114.121.72 op=create
2026-05-19 06:30:37,129 DEBUG   remote: bash -lc 'set -e; _bs(){ printf '"'"'BULK_SNAP_T %s %s\n'"'"' "$1" "$(date +%s.%N 2>/dev/null || date +%s)"; }; _bs guest_start; _bs pipeline_start; openssl enc -aes-256-ctr -pass pass:"testing" -nosalt < /dev/zero 2>/dev/null | dd of=/root/dummy_snapshot_data_1.img bs=1M count=1024 iflag=fullblock status=progress; ec=$?; _bs pipeline_done; _bs guest_end; exit $ec'
2026-05-19 06:30:46,886 DEBUG   BULK_SNAP_T guest_start 1779139836.975975650
2026-05-19 06:30:46,887 DEBUG   BULK_SNAP_T pipeline_start 1779139836.979415745
2026-05-19 06:30:46,887 DEBUG   BULK_SNAP_T pipeline_done 1779139845.690436408
2026-05-19 06:30:46,887 DEBUG   BULK_SNAP_T guest_end 1779139845.692344787
2026-05-19 06:30:46,887 DEBUG   
2026-05-19 06:30:46,887 DEBUG   118489088 bytes (118 MB) copied, 1.000891 s, 118 MB/s
2026-05-19 06:30:46,887 DEBUG   182452224 bytes (182 MB) copied, 2.027305 s, 90.0 MB/s
2026-05-19 06:30:46,887 DEBUG   273678336 bytes (274 MB) copied, 3.059178 s, 89.5 MB/s
2026-05-19 06:30:46,887 DEBUG   404750336 bytes (405 MB) copied, 4.060273 s, 99.7 MB/s
2026-05-19 06:30:46,887 DEBUG   547356672 bytes (547 MB) copied, 5.071381 s, 108 MB/s
2026-05-19 06:30:46,887 DEBUG   696254464 bytes (696 MB) copied, 6.072016 s, 115 MB/s
2026-05-19 06:30:46,887 DEBUG   819986432 bytes (820 MB) copied, 7.080339 s, 116 MB/s
2026-05-19 06:30:46,887 DEBUG   978321408 bytes (978 MB) copied, 8.084975 s, 121 MB/s
2026-05-19 06:30:46,887 DEBUG   1024+0 records in
2026-05-19 06:30:46,887 DEBUG   1024+0 records out
2026-05-19 06:30:46,887 DEBUG   1073741824 bytes (1.1 GB) copied, 8.66736 s, 124 MB/s
2026-05-19 06:30:46,887 DEBUG   OK (disk op exit 0)
2026-05-19 06:30:46,888 DEBUG [122/556] VM d4ee6127… (ahv_ins_delete-0-260518-101033) via 10.114.121.79 op=create
2026-05-19 06:30:46,888 DEBUG   remote: bash -lc 'set -e; _bs(){ printf '"'"'BULK_SNAP_T %s %s\n'"'"' "$1" "$(date +%s.%N 2>/dev/null || date +%s)"; }; _bs guest_start; _bs pipeline_start; openssl enc -aes-256-ctr -pass pass:"testing" -nosalt < /dev/zero 2>/dev/null | dd of=/root/dummy_snapshot_data_1.img bs=1M count=1024 iflag=fullblock status=progress; ec=$?; _bs pipeline_done; _bs guest_end; exit $ec'
2026-05-19 06:30:48,384 DEBUG   BULK_SNAP_T guest_start 1779139818.521417687
2026-05-19 06:30:48,384 DEBUG   BULK_SNAP_T pipeline_start 1779139818.527406927
2026-05-19 06:30:48,384 DEBUG   BULK_SNAP_T pipeline_done 1779139845.900240737
2026-05-19 06:30:48,384 DEBUG   BULK_SNAP_T guest_end 1779139845.901936114
2026-05-19 06:30:48,384 DEBUG   
2026-05-19 06:30:48,384 DEBUG   29360128 bytes (29 MB) copied, 1.001583 s, 29.3 MB/s
2026-05-19 06:30:48,384 DEBUG   58720256 bytes (59 MB) copied, 2.019629 s, 29.1 MB/s
2026-05-19 06:30:48,384 DEBUG   91226112 bytes (91 MB) copied, 3.031315 s, 30.1 MB/s
2026-05-19 06:30:48,384 DEBUG   133169152 bytes (133 MB) copied, 4.067454 s, 32.7 MB/s
2026-05-19 06:30:48,384 DEBUG   175112192 bytes (175 MB) copied, 5.069627 s, 34.5 MB/s
2026-05-19 06:30:48,384 DEBUG   213909504 bytes (214 MB) copied, 6.094312 s, 35.1 MB/s
2026-05-19 06:30:48,384 DEBUG   254803968 bytes (255 MB) copied, 7.111447 s, 35.8 MB/s
2026-05-19 06:30:48,384 DEBUG   300941312 bytes (301 MB) copied, 8.132318 s, 37.0 MB/s
2026-05-19 06:30:48,384 DEBUG   348127232 bytes (348 MB) copied, 9.136549 s, 38.1 MB/s
2026-05-19 06:30:48,384 DEBUG   390070272 bytes (390 MB) copied, 10.147534 s, 38.4 MB/s
2026-05-19 06:30:48,384 DEBUG   422576128 bytes (423 MB) copied, 11.151325 s, 37.9 MB/s
2026-05-19 06:30:48,384 DEBUG   447741952 bytes (448 MB) copied, 12.161492 s, 36.8 MB/s
2026-05-19 06:30:48,384 DEBUG   482344960 bytes (482 MB) copied, 13.235370 s, 36.4 MB/s
2026-05-19 06:30:48,384 DEBUG   511705088 bytes (512 MB) copied, 14.329301 s, 35.7 MB/s
2026-05-19 06:30:48,384 DEBUG   548405248 bytes (548 MB) copied, 15.376289 s, 35.7 MB/s
2026-05-19 06:30:48,384 DEBUG   594542592 bytes (595 MB) copied, 16.397533 s, 36.3 MB/s
2026-05-19 06:30:48,384 DEBUG   641728512 bytes (642 MB) copied, 17.400413 s, 36.9 MB/s
2026-05-19 06:30:48,384 DEBUG   692060160 bytes (692 MB) copied, 18.425274 s, 37.6 MB/s
2026-05-19 06:30:48,385 DEBUG   736100352 bytes (736 MB) copied, 19.447421 s, 37.9 MB/s
2026-05-19 06:30:48,385 DEBUG   781189120 bytes (781 MB) copied, 20.460642 s, 38.2 MB/s
2026-05-19 06:30:48,385 DEBUG   831520768 bytes (832 MB) copied, 21.492285 s, 38.7 MB/s
2026-05-19 06:30:48,385 DEBUG   875560960 bytes (876 MB) copied, 22.508525 s, 38.9 MB/s
2026-05-19 06:30:48,385 DEBUG   918552576 bytes (919 MB) copied, 23.510211 s, 39.1 MB/s
2026-05-19 06:30:48,385 DEBUG   961544192 bytes (962 MB) copied, 24.583531 s, 39.1 MB/s
2026-05-19 06:30:48,385 DEBUG   1001390080 bytes (1.0 GB) copied, 25.584298 s, 39.1 MB/s
2026-05-19 06:30:48,385 DEBUG   1041235968 bytes (1.0 GB) copied, 26.598402 s, 39.1 MB/s
2026-05-19 06:30:48,385 DEBUG   1024+0 records in
2026-05-19 06:30:48,385 DEBUG   1024+0 records out
2026-05-19 06:30:48,385 DEBUG   1073741824 bytes (1.1 GB) copied, 27.2333 s, 39.4 MB/s
2026-05-19 06:30:48,385 DEBUG   OK (disk op exit 0)
2026-05-19 06:30:48,385 WARNING Guest disk op wall 29.0s (vm='ahv_ins_delete-0-260514-194354' ip=10.114.52.43 op=create ec=0) — includes SSH + guest disk command; if still high, check guest disk throughput vs. MiB settings.
2026-05-19 06:30:48,386 DEBUG [123/556] VM 3a909080… (ahv_ins_delete-0-260518-101228) via 10.114.121.78 op=create
2026-05-19 06:30:48,386 DEBUG   remote: bash -lc 'set -e; _bs(){ printf '"'"'BULK_SNAP_T %s %s\n'"'"' "$1" "$(date +%s.%N 2>/dev/null || date +%s)"; }; _bs guest_start; _bs pipeline_start; openssl enc -aes-256-ctr -pass pass:"testing" -nosalt < /dev/zero 2>/dev/null | dd of=/root/dummy_snapshot_data_1.img bs=1M count=1024 iflag=fullblock status=progress; ec=$?; _bs pipeline_done; _bs guest_end; exit $ec'
2026-05-19 06:30:48,634 DEBUG   BULK_SNAP_T guest_start 1779139817.138990524
2026-05-19 06:30:48,634 DEBUG   BULK_SNAP_T pipeline_start 1779139817.148771522
2026-05-19 06:30:48,634 DEBUG   BULK_SNAP_T pipeline_done 1779139845.948026470
2026-05-19 06:30:48,634 DEBUG   BULK_SNAP_T guest_end 1779139845.956487358
2026-05-19 06:30:48,634 DEBUG   
2026-05-19 06:30:48,634 DEBUG   25165824 bytes (25 MB) copied, 1.011936 s, 24.9 MB/s
2026-05-19 06:30:48,634 DEBUG   62914560 bytes (63 MB) copied, 2.033087 s, 30.9 MB/s
2026-05-19 06:30:48,634 DEBUG   100663296 bytes (101 MB) copied, 3.039046 s, 33.1 MB/s
2026-05-19 06:30:48,634 DEBUG   142606336 bytes (143 MB) copied, 4.080982 s, 34.9 MB/s
2026-05-19 06:30:48,634 DEBUG   184549376 bytes (185 MB) copied, 5.083194 s, 36.3 MB/s
2026-05-19 06:30:48,634 DEBUG   218103808 bytes (218 MB) copied, 6.120918 s, 35.6 MB/s
2026-05-19 06:30:48,634 DEBUG   253755392 bytes (254 MB) copied, 7.130239 s, 35.6 MB/s
2026-05-19 06:30:48,634 DEBUG   294649856 bytes (295 MB) copied, 8.132337 s, 36.2 MB/s
2026-05-19 06:30:48,634 DEBUG   337641472 bytes (338 MB) copied, 9.166895 s, 36.8 MB/s
2026-05-19 06:30:48,634 DEBUG   374341632 bytes (374 MB) copied, 10.175926 s, 36.8 MB/s
2026-05-19 06:30:48,634 DEBUG   414187520 bytes (414 MB) copied, 11.193970 s, 37.0 MB/s
2026-05-19 06:30:48,635 DEBUG   448790528 bytes (449 MB) copied, 12.200068 s, 36.8 MB/s
2026-05-19 06:30:48,635 DEBUG   477102080 bytes (477 MB) copied, 13.212973 s, 36.1 MB/s
2026-05-19 06:30:48,635 DEBUG   504365056 bytes (504 MB) copied, 14.249947 s, 35.4 MB/s
2026-05-19 06:30:48,635 DEBUG   535822336 bytes (536 MB) copied, 15.287049 s, 35.1 MB/s
2026-05-19 06:30:48,635 DEBUG   573571072 bytes (574 MB) copied, 16.379172 s, 35.0 MB/s
2026-05-19 06:30:48,635 DEBUG   610271232 bytes (610 MB) copied, 17.423113 s, 35.0 MB/s
2026-05-19 06:30:48,635 DEBUG   660602880 bytes (661 MB) copied, 18.435261 s, 35.8 MB/s
2026-05-19 06:30:48,635 DEBUG   705691648 bytes (706 MB) copied, 19.484022 s, 36.2 MB/s
2026-05-19 06:30:48,635 DEBUG   756023296 bytes (756 MB) copied, 20.487051 s, 36.9 MB/s
2026-05-19 06:30:48,635 DEBUG   793772032 bytes (794 MB) copied, 21.514159 s, 36.9 MB/s
2026-05-19 06:30:48,635 DEBUG   833617920 bytes (834 MB) copied, 22.526148 s, 37.0 MB/s
2026-05-19 06:30:48,635 DEBUG   877658112 bytes (878 MB) copied, 23.534953 s, 37.3 MB/s
2026-05-19 06:30:48,635 DEBUG   917504000 bytes (918 MB) copied, 24.535146 s, 37.4 MB/s
2026-05-19 06:30:48,635 DEBUG   955252736 bytes (955 MB) copied, 25.536900 s, 37.4 MB/s
2026-05-19 06:30:48,635 DEBUG   991952896 bytes (992 MB) copied, 26.538899 s, 37.4 MB/s
2026-05-19 06:30:48,635 DEBUG   1030750208 bytes (1.0 GB) copied, 27.566296 s, 37.4 MB/s
2026-05-19 06:30:48,635 DEBUG   1069547520 bytes (1.1 GB) copied, 28.568965 s, 37.4 MB/s
2026-05-19 06:30:48,635 DEBUG   1024+0 records in
2026-05-19 06:30:48,635 DEBUG   1024+0 records out
2026-05-19 06:30:48,635 DEBUG   1073741824 bytes (1.1 GB) copied, 28.7177 s, 37.4 MB/s
2026-05-19 06:30:48,635 DEBUG   OK (disk op exit 0)
2026-05-19 06:30:48,635 WARNING Guest disk op wall 31.0s (vm='ahv_ins_delete-0-260514-194219' ip=10.114.50.197 op=create ec=0) — includes SSH + guest disk command; if still high, check guest disk throughput vs. MiB settings.
2026-05-19 06:30:48,636 DEBUG [124/556] VM 58b14b99… (ahv_ins_delete-0-260518-165450) via 10.114.113.202 op=create
2026-05-19 06:30:48,636 DEBUG   remote: bash -lc 'set -e; _bs(){ printf '"'"'BULK_SNAP_T %s %s\n'"'"' "$1" "$(date +%s.%N 2>/dev/null || date +%s)"; }; _bs guest_start; _bs pipeline_start; openssl enc -aes-256-ctr -pass pass:"testing" -nosalt < /dev/zero 2>/dev/null | dd of=/root/dummy_snapshot_data_1.img bs=1M count=1024 iflag=fullblock status=progress; ec=$?; _bs pipeline_done; _bs guest_end; exit $ec'
2026-05-19 06:30:48,886 DEBUG   BULK_SNAP_T guest_start 1779139816.275186728
2026-05-19 06:30:48,887 DEBUG   BULK_SNAP_T pipeline_start 1779139816.285041942
2026-05-19 06:30:48,887 DEBUG   BULK_SNAP_T pipeline_done 1779139845.512442557
2026-05-19 06:30:48,887 DEBUG   BULK_SNAP_T guest_end 1779139845.514733387
2026-05-19 06:30:48,887 DEBUG   
2026-05-19 06:30:48,887 DEBUG   20971520 bytes (21 MB) copied, 1.093123 s, 19.2 MB/s
2026-05-19 06:30:48,887 DEBUG   44040192 bytes (44 MB) copied, 2.099103 s, 21.0 MB/s
2026-05-19 06:30:48,887 DEBUG   72351744 bytes (72 MB) copied, 3.127121 s, 23.1 MB/s
2026-05-19 06:30:48,887 DEBUG   104857600 bytes (105 MB) copied, 4.137043 s, 25.3 MB/s
2026-05-19 06:30:48,887 DEBUG   147849216 bytes (148 MB) copied, 5.190081 s, 28.5 MB/s
2026-05-19 06:30:48,887 DEBUG   185597952 bytes (186 MB) copied, 6.232280 s, 29.8 MB/s
2026-05-19 06:30:48,887 DEBUG   227540992 bytes (228 MB) copied, 7.245041 s, 31.4 MB/s
2026-05-19 06:30:48,887 DEBUG   269484032 bytes (269 MB) copied, 8.288040 s, 32.5 MB/s
2026-05-19 06:30:48,887 DEBUG   308281344 bytes (308 MB) copied, 9.300069 s, 33.1 MB/s
2026-05-19 06:30:48,887 DEBUG   353370112 bytes (353 MB) copied, 10.304087 s, 34.3 MB/s
2026-05-19 06:30:48,887 DEBUG   395313152 bytes (395 MB) copied, 11.314511 s, 34.9 MB/s
2026-05-19 06:30:48,887 DEBUG   428867584 bytes (429 MB) copied, 12.352147 s, 34.7 MB/s
2026-05-19 06:30:48,887 DEBUG   457179136 bytes (457 MB) copied, 13.367135 s, 34.2 MB/s
2026-05-19 06:30:48,887 DEBUG   484442112 bytes (484 MB) copied, 14.374090 s, 33.7 MB/s
2026-05-19 06:30:48,887 DEBUG   510656512 bytes (511 MB) copied, 15.375140 s, 33.2 MB/s
2026-05-19 06:30:48,887 DEBUG   543162368 bytes (543 MB) copied, 16.414098 s, 33.1 MB/s
2026-05-19 06:30:48,887 DEBUG   589299712 bytes (589 MB) copied, 17.428582 s, 33.8 MB/s
2026-05-19 06:30:48,887 DEBUG   634388480 bytes (634 MB) copied, 18.448036 s, 34.4 MB/s
2026-05-19 06:30:48,887 DEBUG   675282944 bytes (675 MB) copied, 19.462184 s, 34.7 MB/s
2026-05-19 06:30:48,887 DEBUG   724566016 bytes (725 MB) copied, 20.481308 s, 35.4 MB/s
2026-05-19 06:30:48,887 DEBUG   765460480 bytes (765 MB) copied, 21.516280 s, 35.6 MB/s
2026-05-19 06:30:48,887 DEBUG   807403520 bytes (807 MB) copied, 22.517603 s, 35.9 MB/s
2026-05-19 06:30:48,887 DEBUG   852492288 bytes (852 MB) copied, 23.524113 s, 36.2 MB/s
2026-05-19 06:30:48,887 DEBUG   892338176 bytes (892 MB) copied, 24.537022 s, 36.4 MB/s
2026-05-19 06:30:48,887 DEBUG   934281216 bytes (934 MB) copied, 25.553454 s, 36.6 MB/s
2026-05-19 06:30:48,887 DEBUG   974127104 bytes (974 MB) copied, 26.589152 s, 36.6 MB/s
2026-05-19 06:30:48,887 DEBUG   1012924416 bytes (1.0 GB) copied, 27.591089 s, 36.7 MB/s
2026-05-19 06:30:48,887 DEBUG   1049624576 bytes (1.0 GB) copied, 28.591415 s, 36.7 MB/s
2026-05-19 06:30:48,887 DEBUG   1024+0 records in
2026-05-19 06:30:48,887 DEBUG   1024+0 records out
2026-05-19 06:30:48,887 DEBUG   1073741824 bytes (1.1 GB) copied, 29.1257 s, 36.9 MB/s
2026-05-19 06:30:48,887 DEBUG   OK (disk op exit 0)
2026-05-19 06:30:48,887 WARNING Guest disk op wall 31.3s (vm='ahv_ins_delete-0-260514-194324' ip=10.114.48.22 op=create ec=0) — includes SSH + guest disk command; if still high, check guest disk throughput vs. MiB settings.
2026-05-19 06:30:48,888 DEBUG [125/556] VM 04325a81… (ahv_ins_delete-0-260518-165456) via 10.114.113.181 op=create
2026-05-19 06:30:48,888 DEBUG   remote: bash -lc 'set -e; _bs(){ printf '"'"'BULK_SNAP_T %s %s\n'"'"' "$1" "$(date +%s.%N 2>/dev/null || date +%s)"; }; _bs guest_start; _bs pipeline_start; openssl enc -aes-256-ctr -pass pass:"testing" -nosalt < /dev/zero 2>/dev/null | dd of=/root/dummy_snapshot_data_1.img bs=1M count=1024 iflag=fullblock status=progress; ec=$?; _bs pipeline_done; _bs guest_end; exit $ec'
2026-05-19 06:30:52,136 DEBUG   BULK_SNAP_T guest_start 1779139823.671396940
2026-05-19 06:30:52,136 DEBUG   BULK_SNAP_T pipeline_start 1779139823.677013835
2026-05-19 06:30:52,136 DEBUG   BULK_SNAP_T pipeline_done 1779139849.745095504
2026-05-19 06:30:52,136 DEBUG   BULK_SNAP_T guest_end 1779139849.754310727
2026-05-19 06:30:52,136 DEBUG   
2026-05-19 06:30:52,136 DEBUG   15728640 bytes (16 MB) copied, 1.216918 s, 12.9 MB/s
2026-05-19 06:30:52,136 DEBUG   48234496 bytes (48 MB) copied, 2.232777 s, 21.6 MB/s
2026-05-19 06:30:52,136 DEBUG   94371840 bytes (94 MB) copied, 3.244800 s, 29.1 MB/s
2026-05-19 06:30:52,136 DEBUG   135266304 bytes (135 MB) copied, 4.253747 s, 31.8 MB/s
2026-05-19 06:30:52,136 DEBUG   179306496 bytes (179 MB) copied, 5.254781 s, 34.1 MB/s
2026-05-19 06:30:52,136 DEBUG   214958080 bytes (215 MB) copied, 6.384794 s, 33.7 MB/s
2026-05-19 06:30:52,136 DEBUG   246415360 bytes (246 MB) copied, 7.413961 s, 33.2 MB/s
2026-05-19 06:30:52,136 DEBUG   278921216 bytes (279 MB) copied, 8.459716 s, 33.0 MB/s
2026-05-19 06:30:52,136 DEBUG   313524224 bytes (314 MB) copied, 9.488147 s, 33.0 MB/s
2026-05-19 06:30:52,136 DEBUG   354418688 bytes (354 MB) copied, 10.501896 s, 33.7 MB/s
2026-05-19 06:30:52,136 DEBUG   399507456 bytes (400 MB) copied, 11.532857 s, 34.6 MB/s
2026-05-19 06:30:52,136 DEBUG   442499072 bytes (442 MB) copied, 12.554020 s, 35.2 MB/s
2026-05-19 06:30:52,136 DEBUG   490733568 bytes (491 MB) copied, 13.573707 s, 36.2 MB/s
2026-05-19 06:30:52,136 DEBUG   534773760 bytes (535 MB) copied, 14.590734 s, 36.7 MB/s
2026-05-19 06:30:52,136 DEBUG   577765376 bytes (578 MB) copied, 15.592786 s, 37.1 MB/s
2026-05-19 06:30:52,136 DEBUG   620756992 bytes (621 MB) copied, 16.593757 s, 37.4 MB/s
2026-05-19 06:30:52,136 DEBUG   660602880 bytes (661 MB) copied, 17.598799 s, 37.5 MB/s
2026-05-19 06:30:52,136 DEBUG   705691648 bytes (706 MB) copied, 18.637748 s, 37.9 MB/s
2026-05-19 06:30:52,136 DEBUG   743440384 bytes (743 MB) copied, 19.644896 s, 37.8 MB/s
2026-05-19 06:30:52,136 DEBUG   787480576 bytes (787 MB) copied, 20.662840 s, 38.1 MB/s
2026-05-19 06:30:52,136 DEBUG   834666496 bytes (835 MB) copied, 21.668761 s, 38.5 MB/s
2026-05-19 06:30:52,136 DEBUG   877658112 bytes (878 MB) copied, 22.686802 s, 38.7 MB/s
2026-05-19 06:30:52,136 DEBUG   935329792 bytes (935 MB) copied, 23.693005 s, 39.5 MB/s
2026-05-19 06:30:52,137 DEBUG   988807168 bytes (989 MB) copied, 24.693319 s, 40.0 MB/s
2026-05-19 06:30:52,137 DEBUG   1052770304 bytes (1.1 GB) copied, 25.702791 s, 41.0 MB/s
2026-05-19 06:30:52,137 DEBUG   1024+0 records in
2026-05-19 06:30:52,137 DEBUG   1024+0 records out
2026-05-19 06:30:52,137 DEBUG   1073741824 bytes (1.1 GB) copied, 25.9929 s, 41.3 MB/s
2026-05-19 06:30:52,137 DEBUG   OK (disk op exit 0)
2026-05-19 06:30:52,137 WARNING Guest disk op wall 28.0s (vm='ahv_ins_delete-0-260514-194642' ip=10.114.53.124 op=create ec=0) — includes SSH + guest disk command; if still high, check guest disk throughput vs. MiB settings.
2026-05-19 06:30:52,137 DEBUG [126/556] VM a6421a0c… (ahv_ins_delete-0-260518-165508) via 10.114.113.180 op=create
2026-05-19 06:30:52,137 DEBUG   remote: bash -lc 'set -e; _bs(){ printf '"'"'BULK_SNAP_T %s %s\n'"'"' "$1" "$(date +%s.%N 2>/dev/null || date +%s)"; }; _bs guest_start; _bs pipeline_start; openssl enc -aes-256-ctr -pass pass:"testing" -nosalt < /dev/zero 2>/dev/null | dd of=/root/dummy_snapshot_data_1.img bs=1M count=1024 iflag=fullblock status=progress; ec=$?; _bs pipeline_done; _bs guest_end; exit $ec'
2026-05-19 06:30:54,386 DEBUG   BULK_SNAP_T guest_start 1779139820.929364166
2026-05-19 06:30:54,387 DEBUG   BULK_SNAP_T pipeline_start 1779139820.935897228
2026-05-19 06:30:54,387 DEBUG   BULK_SNAP_T pipeline_done 1779139850.744852607
2026-05-19 06:30:54,387 DEBUG   BULK_SNAP_T guest_end 1779139850.750402580
2026-05-19 06:30:54,387 DEBUG   
2026-05-19 06:30:54,387 DEBUG   24117248 bytes (24 MB) copied, 1.156526 s, 20.9 MB/s
2026-05-19 06:30:54,387 DEBUG   39845888 bytes (40 MB) copied, 2.256336 s, 17.7 MB/s
2026-05-19 06:30:54,387 DEBUG   60817408 bytes (61 MB) copied, 3.297160 s, 18.4 MB/s
2026-05-19 06:30:54,387 DEBUG   89128960 bytes (89 MB) copied, 4.313268 s, 20.7 MB/s
2026-05-19 06:30:54,387 DEBUG   123731968 bytes (124 MB) copied, 5.318175 s, 23.3 MB/s
2026-05-19 06:30:54,387 DEBUG   157286400 bytes (157 MB) copied, 6.320952 s, 24.9 MB/s
2026-05-19 06:30:54,387 DEBUG   190840832 bytes (191 MB) copied, 7.338003 s, 26.0 MB/s
2026-05-19 06:30:54,387 DEBUG   214958080 bytes (215 MB) copied, 8.426888 s, 25.5 MB/s
2026-05-19 06:30:54,387 DEBUG   241172480 bytes (241 MB) copied, 9.435996 s, 25.6 MB/s
2026-05-19 06:30:54,387 DEBUG   265289728 bytes (265 MB) copied, 10.436956 s, 25.4 MB/s
2026-05-19 06:30:54,387 DEBUG   295698432 bytes (296 MB) copied, 11.438985 s, 25.9 MB/s
2026-05-19 06:30:54,387 DEBUG   328204288 bytes (328 MB) copied, 12.462009 s, 26.3 MB/s
2026-05-19 06:30:54,387 DEBUG   371195904 bytes (371 MB) copied, 13.526919 s, 27.4 MB/s
2026-05-19 06:30:54,387 DEBUG   406847488 bytes (407 MB) copied, 14.537902 s, 28.0 MB/s
2026-05-19 06:30:54,387 DEBUG   449839104 bytes (450 MB) copied, 15.543923 s, 28.9 MB/s
2026-05-19 06:30:54,387 DEBUG   482344960 bytes (482 MB) copied, 16.550323 s, 29.1 MB/s
2026-05-19 06:30:54,387 DEBUG   521142272 bytes (521 MB) copied, 17.569360 s, 29.7 MB/s
2026-05-19 06:30:54,387 DEBUG   558891008 bytes (559 MB) copied, 18.588169 s, 30.1 MB/s
2026-05-19 06:30:54,387 DEBUG   594542592 bytes (595 MB) copied, 19.593221 s, 30.3 MB/s
2026-05-19 06:30:54,387 DEBUG   632291328 bytes (632 MB) copied, 20.609158 s, 30.7 MB/s
2026-05-19 06:30:54,387 DEBUG   668991488 bytes (669 MB) copied, 21.685924 s, 30.8 MB/s
2026-05-19 06:30:54,387 DEBUG   704643072 bytes (705 MB) copied, 22.693953 s, 31.0 MB/s
2026-05-19 06:30:54,387 DEBUG   741343232 bytes (741 MB) copied, 23.701918 s, 31.3 MB/s
2026-05-19 06:30:54,387 DEBUG   786432000 bytes (786 MB) copied, 24.705392 s, 31.8 MB/s
2026-05-19 06:30:54,387 DEBUG   834666496 bytes (835 MB) copied, 25.707939 s, 32.5 MB/s
2026-05-19 06:30:54,387 DEBUG   887095296 bytes (887 MB) copied, 26.721013 s, 33.2 MB/s
2026-05-19 06:30:54,387 DEBUG   944766976 bytes (945 MB) copied, 27.736046 s, 34.1 MB/s
2026-05-19 06:30:54,387 DEBUG   1003487232 bytes (1.0 GB) copied, 28.742978 s, 34.9 MB/s
2026-05-19 06:30:54,387 DEBUG   1024+0 records in
2026-05-19 06:30:54,387 DEBUG   1024+0 records out
2026-05-19 06:30:54,387 DEBUG   1073741824 bytes (1.1 GB) copied, 29.718 s, 36.1 MB/s
2026-05-19 06:30:54,388 DEBUG   OK (disk op exit 0)
2026-05-19 06:30:54,388 WARNING Guest disk op wall 31.8s (vm='ahv_ins_delete-0-260514-194426' ip=10.114.54.60 op=create ec=0) — includes SSH + guest disk command; if still high, check guest disk throughput vs. MiB settings.
2026-05-19 06:30:54,388 DEBUG [127/556] VM c4a38390… (ahv_ins_delete-0-260518-165511) via 10.114.121.53 op=create
2026-05-19 06:30:54,388 DEBUG   remote: bash -lc 'set -e; _bs(){ printf '"'"'BULK_SNAP_T %s %s\n'"'"' "$1" "$(date +%s.%N 2>/dev/null || date +%s)"; }; _bs guest_start; _bs pipeline_start; openssl enc -aes-256-ctr -pass pass:"testing" -nosalt < /dev/zero 2>/dev/null | dd of=/root/dummy_snapshot_data_1.img bs=1M count=1024 iflag=fullblock status=progress; ec=$?; _bs pipeline_done; _bs guest_end; exit $ec'
2026-05-19 06:30:55,643 DEBUG   BULK_SNAP_T guest_start 1779139826.296697122
2026-05-19 06:30:55,643 DEBUG   BULK_SNAP_T pipeline_start 1779139826.308505653
2026-05-19 06:30:55,643 DEBUG   BULK_SNAP_T pipeline_done 1779139852.073216526
2026-05-19 06:30:55,643 DEBUG   BULK_SNAP_T guest_end 1779139852.077692750
2026-05-19 06:30:55,643 DEBUG   
2026-05-19 06:30:55,643 DEBUG   16777216 bytes (17 MB) copied, 1.122760 s, 14.9 MB/s
2026-05-19 06:30:55,643 DEBUG   34603008 bytes (35 MB) copied, 2.127579 s, 16.3 MB/s
2026-05-19 06:30:55,643 DEBUG   52428800 bytes (52 MB) copied, 3.216906 s, 16.3 MB/s
2026-05-19 06:30:55,643 DEBUG   74448896 bytes (74 MB) copied, 4.222621 s, 17.6 MB/s
2026-05-19 06:30:55,643 DEBUG   97517568 bytes (98 MB) copied, 5.338670 s, 18.3 MB/s
2026-05-19 06:30:55,643 DEBUG   133169152 bytes (133 MB) copied, 6.351688 s, 21.0 MB/s
2026-05-19 06:30:55,643 DEBUG   169869312 bytes (170 MB) copied, 7.352617 s, 23.1 MB/s
2026-05-19 06:30:55,643 DEBUG   212860928 bytes (213 MB) copied, 8.374544 s, 25.4 MB/s
2026-05-19 06:30:55,643 DEBUG   252706816 bytes (253 MB) copied, 9.387559 s, 26.9 MB/s
2026-05-19 06:30:55,643 DEBUG   297795584 bytes (298 MB) copied, 10.425476 s, 28.6 MB/s
2026-05-19 06:30:55,643 DEBUG   340787200 bytes (341 MB) copied, 11.431568 s, 29.8 MB/s
2026-05-19 06:30:55,643 DEBUG   379584512 bytes (380 MB) copied, 12.469713 s, 30.4 MB/s
2026-05-19 06:30:55,643 DEBUG   421527552 bytes (422 MB) copied, 13.537633 s, 31.1 MB/s
2026-05-19 06:30:55,643 DEBUG   464519168 bytes (465 MB) copied, 14.546531 s, 31.9 MB/s
2026-05-19 06:30:55,643 DEBUG   503316480 bytes (503 MB) copied, 15.563897 s, 32.3 MB/s
2026-05-19 06:30:55,643 DEBUG   544210944 bytes (544 MB) copied, 16.600631 s, 32.8 MB/s
2026-05-19 06:30:55,643 DEBUG   586153984 bytes (586 MB) copied, 17.607590 s, 33.3 MB/s
2026-05-19 06:30:55,644 DEBUG   632291328 bytes (632 MB) copied, 18.639562 s, 33.9 MB/s
2026-05-19 06:30:55,644 DEBUG   698351616 bytes (698 MB) copied, 19.650499 s, 35.5 MB/s
2026-05-19 06:30:55,644 DEBUG   765460480 bytes (765 MB) copied, 20.670991 s, 37.0 MB/s
2026-05-19 06:30:55,644 DEBUG   822083584 bytes (822 MB) copied, 21.681629 s, 37.9 MB/s
2026-05-19 06:30:55,644 DEBUG   879755264 bytes (880 MB) copied, 22.683036 s, 38.8 MB/s
2026-05-19 06:30:55,644 DEBUG   940572672 bytes (941 MB) copied, 23.691861 s, 39.7 MB/s
2026-05-19 06:30:55,644 DEBUG   1007681536 bytes (1.0 GB) copied, 24.699671 s, 40.8 MB/s
2026-05-19 06:30:55,644 DEBUG   1024+0 records in
2026-05-19 06:30:55,644 DEBUG   1024+0 records out
2026-05-19 06:30:55,644 DEBUG   1073741824 bytes (1.1 GB) copied, 25.6867 s, 41.8 MB/s
2026-05-19 06:30:55,644 DEBUG   OK (disk op exit 0)
2026-05-19 06:30:55,644 WARNING Guest disk op wall 27.5s (vm='ahv_ins_delete-0-260514-194848' ip=10.114.50.193 op=create ec=0) — includes SSH + guest disk command; if still high, check guest disk throughput vs. MiB settings.
2026-05-19 06:30:55,644 DEBUG [128/556] VM b797c7e5… (ahv_ins_delete-0-260518-165512) via 10.114.121.52 op=create
2026-05-19 06:30:55,644 DEBUG   remote: bash -lc 'set -e; _bs(){ printf '"'"'BULK_SNAP_T %s %s\n'"'"' "$1" "$(date +%s.%N 2>/dev/null || date +%s)"; }; _bs guest_start; _bs pipeline_start; openssl enc -aes-256-ctr -pass pass:"testing" -nosalt < /dev/zero 2>/dev/null | dd of=/root/dummy_snapshot_data_1.img bs=1M count=1024 iflag=fullblock status=progress; ec=$?; _bs pipeline_done; _bs guest_end; exit $ec'
2026-05-19 06:30:55,887 DEBUG   BULK_SNAP_T guest_start 1779139828.031932399
2026-05-19 06:30:55,887 DEBUG   BULK_SNAP_T pipeline_start 1779139828.036992595
2026-05-19 06:30:55,888 DEBUG   BULK_SNAP_T pipeline_done 1779139853.026031001
2026-05-19 06:30:55,888 DEBUG   BULK_SNAP_T guest_end 1779139853.035323688
2026-05-19 06:30:55,888 DEBUG   
2026-05-19 06:30:55,888 DEBUG   16777216 bytes (17 MB) copied, 1.061668 s, 15.8 MB/s
2026-05-19 06:30:55,888 DEBUG   31457280 bytes (31 MB) copied, 2.280244 s, 13.8 MB/s
2026-05-19 06:30:55,888 DEBUG   48234496 bytes (48 MB) copied, 3.354619 s, 14.4 MB/s
2026-05-19 06:30:55,888 DEBUG   74448896 bytes (74 MB) copied, 4.379276 s, 17.0 MB/s
2026-05-19 06:30:55,888 DEBUG   104857600 bytes (105 MB) copied, 5.510382 s, 19.0 MB/s
2026-05-19 06:30:55,888 DEBUG   143654912 bytes (144 MB) copied, 6.564117 s, 21.9 MB/s
2026-05-19 06:30:55,888 DEBUG   185597952 bytes (186 MB) copied, 7.599420 s, 24.4 MB/s
2026-05-19 06:30:55,888 DEBUG   232783872 bytes (233 MB) copied, 8.617135 s, 27.0 MB/s
2026-05-19 06:30:55,888 DEBUG   275775488 bytes (276 MB) copied, 9.653418 s, 28.6 MB/s
2026-05-19 06:30:55,888 DEBUG   319815680 bytes (320 MB) copied, 10.688157 s, 29.9 MB/s
2026-05-19 06:30:55,888 DEBUG   362807296 bytes (363 MB) copied, 11.721074 s, 31.0 MB/s
2026-05-19 06:30:55,888 DEBUG   406847488 bytes (407 MB) copied, 12.731104 s, 32.0 MB/s
2026-05-19 06:30:55,888 DEBUG   452984832 bytes (453 MB) copied, 13.743125 s, 33.0 MB/s
2026-05-19 06:30:55,888 DEBUG   492830720 bytes (493 MB) copied, 14.745242 s, 33.4 MB/s
2026-05-19 06:30:55,888 DEBUG   534773760 bytes (535 MB) copied, 15.793074 s, 33.9 MB/s
2026-05-19 06:30:55,888 DEBUG   583008256 bytes (583 MB) copied, 16.797298 s, 34.7 MB/s
2026-05-19 06:30:55,888 DEBUG   633339904 bytes (633 MB) copied, 17.813091 s, 35.6 MB/s
2026-05-19 06:30:55,888 DEBUG   705691648 bytes (706 MB) copied, 18.815364 s, 37.5 MB/s
2026-05-19 06:30:55,888 DEBUG   768606208 bytes (769 MB) copied, 19.861125 s, 38.7 MB/s
2026-05-19 06:30:55,888 DEBUG   827326464 bytes (827 MB) copied, 20.862078 s, 39.7 MB/s
2026-05-19 06:30:55,888 DEBUG   892338176 bytes (892 MB) copied, 21.883099 s, 40.8 MB/s
2026-05-19 06:30:55,888 DEBUG   948961280 bytes (949 MB) copied, 22.891058 s, 41.5 MB/s
2026-05-19 06:30:55,888 DEBUG   1012924416 bytes (1.0 GB) copied, 23.915167 s, 42.4 MB/s
2026-05-19 06:30:55,888 DEBUG   1024+0 records in
2026-05-19 06:30:55,888 DEBUG   1024+0 records out
2026-05-19 06:30:55,888 DEBUG   1073741824 bytes (1.1 GB) copied, 24.9013 s, 43.1 MB/s
2026-05-19 06:30:55,888 DEBUG   OK (disk op exit 0)
2026-05-19 06:30:55,888 WARNING Guest disk op wall 26.8s (vm='ahv_ins_delete-0-260514-194914' ip=10.114.49.249 op=create ec=0) — includes SSH + guest disk command; if still high, check guest disk throughput vs. MiB settings.
2026-05-19 06:30:55,889 DEBUG [129/556] VM f2d28985… (ahv_ins_delete-0-260518-170125) via 10.114.113.177 op=create
2026-05-19 06:30:55,889 DEBUG   remote: bash -lc 'set -e; _bs(){ printf '"'"'BULK_SNAP_T %s %s\n'"'"' "$1" "$(date +%s.%N 2>/dev/null || date +%s)"; }; _bs guest_start; _bs pipeline_start; openssl enc -aes-256-ctr -pass pass:"testing" -nosalt < /dev/zero 2>/dev/null | dd of=/root/dummy_snapshot_data_1.img bs=1M count=1024 iflag=fullblock status=progress; ec=$?; _bs pipeline_done; _bs guest_end; exit $ec'
2026-05-19 06:30:56,137 DEBUG   BULK_SNAP_T guest_start 1779139826.861982076
2026-05-19 06:30:56,138 DEBUG   BULK_SNAP_T pipeline_start 1779139826.868028542
2026-05-19 06:30:56,138 DEBUG   BULK_SNAP_T pipeline_done 1779139852.968065896
2026-05-19 06:30:56,138 DEBUG   BULK_SNAP_T guest_end 1779139852.972467956
2026-05-19 06:30:56,138 DEBUG   
2026-05-19 06:30:56,138 DEBUG   24117248 bytes (24 MB) copied, 1.037380 s, 23.2 MB/s
2026-05-19 06:30:56,138 DEBUG   65011712 bytes (65 MB) copied, 2.040316 s, 31.9 MB/s
2026-05-19 06:30:56,138 DEBUG   95420416 bytes (95 MB) copied, 3.043345 s, 31.4 MB/s
2026-05-19 06:30:56,138 DEBUG   122683392 bytes (123 MB) copied, 4.080269 s, 30.1 MB/s
2026-05-19 06:30:56,138 DEBUG   147849216 bytes (148 MB) copied, 5.123301 s, 28.9 MB/s
2026-05-19 06:30:56,138 DEBUG   182452224 bytes (182 MB) copied, 6.144332 s, 29.7 MB/s
2026-05-19 06:30:56,138 DEBUG   218103808 bytes (218 MB) copied, 7.145673 s, 30.5 MB/s
2026-05-19 06:30:56,138 DEBUG   263192576 bytes (263 MB) copied, 8.171305 s, 32.2 MB/s
2026-05-19 06:30:56,138 DEBUG   305135616 bytes (305 MB) copied, 9.178271 s, 33.2 MB/s
2026-05-19 06:30:56,138 DEBUG   348127232 bytes (348 MB) copied, 10.216276 s, 34.1 MB/s
2026-05-19 06:30:56,138 DEBUG   385875968 bytes (386 MB) copied, 11.234643 s, 34.3 MB/s
2026-05-19 06:30:56,138 DEBUG   426770432 bytes (427 MB) copied, 12.261340 s, 34.8 MB/s
2026-05-19 06:30:56,138 DEBUG   464519168 bytes (465 MB) copied, 13.287284 s, 35.0 MB/s
2026-05-19 06:30:56,138 DEBUG   499122176 bytes (499 MB) copied, 14.299622 s, 34.9 MB/s
2026-05-19 06:30:56,138 DEBUG   534773760 bytes (535 MB) copied, 15.328003 s, 34.9 MB/s
2026-05-19 06:30:56,138 DEBUG   570425344 bytes (570 MB) copied, 16.350566 s, 34.9 MB/s
2026-05-19 06:30:56,138 DEBUG   602931200 bytes (603 MB) copied, 17.359313 s, 34.7 MB/s
2026-05-19 06:30:56,138 DEBUG   641728512 bytes (642 MB) copied, 18.370600 s, 34.9 MB/s
2026-05-19 06:30:56,138 DEBUG   688914432 bytes (689 MB) copied, 19.401371 s, 35.5 MB/s
2026-05-19 06:30:56,138 DEBUG   737148928 bytes (737 MB) copied, 20.438253 s, 36.1 MB/s
2026-05-19 06:30:56,138 DEBUG   793772032 bytes (794 MB) copied, 21.482276 s, 37.0 MB/s
2026-05-19 06:30:56,138 DEBUG   845152256 bytes (845 MB) copied, 22.488239 s, 37.6 MB/s
2026-05-19 06:30:56,138 DEBUG   904921088 bytes (905 MB) copied, 23.575320 s, 38.4 MB/s
2026-05-19 06:30:56,138 DEBUG   968884224 bytes (969 MB) copied, 24.580741 s, 39.4 MB/s
2026-05-19 06:30:56,138 DEBUG   1040187392 bytes (1.0 GB) copied, 25.603270 s, 40.6 MB/s
2026-05-19 06:30:56,138 DEBUG   1024+0 records in
2026-05-19 06:30:56,138 DEBUG   1024+0 records out
2026-05-19 06:30:56,138 DEBUG   1073741824 bytes (1.1 GB) copied, 26.0288 s, 41.3 MB/s
2026-05-19 06:30:56,138 DEBUG   OK (disk op exit 0)
2026-05-19 06:30:56,139 WARNING Guest disk op wall 28.0s (vm='ahv_ins_delete-0-260514-194724' ip=10.114.48.153 op=create ec=0) — includes SSH + guest disk command; if still high, check guest disk throughput vs. MiB settings.
2026-05-19 06:30:56,139 DEBUG [130/556] VM e96d5d90… (ahv_ins_delete-0-260518-170126) via 10.114.113.176 op=create
2026-05-19 06:30:56,139 DEBUG   remote: bash -lc 'set -e; _bs(){ printf '"'"'BULK_SNAP_T %s %s\n'"'"' "$1" "$(date +%s.%N 2>/dev/null || date +%s)"; }; _bs guest_start; _bs pipeline_start; openssl enc -aes-256-ctr -pass pass:"testing" -nosalt < /dev/zero 2>/dev/null | dd of=/root/dummy_snapshot_data_1.img bs=1M count=1024 iflag=fullblock status=progress; ec=$?; _bs pipeline_done; _bs guest_end; exit $ec'
2026-05-19 06:30:57,894 DEBUG   BULK_SNAP_T guest_start 1779139835.022960715
2026-05-19 06:30:57,895 DEBUG   BULK_SNAP_T pipeline_start 1779139835.027209498
2026-05-19 06:30:57,895 DEBUG   BULK_SNAP_T pipeline_done 1779139855.357712223
2026-05-19 06:30:57,895 DEBUG   BULK_SNAP_T guest_end 1779139855.359667637
2026-05-19 06:30:57,895 DEBUG   
2026-05-19 06:30:57,895 DEBUG   18874368 bytes (19 MB) copied, 1.110284 s, 17.0 MB/s
2026-05-19 06:30:57,895 DEBUG   35651584 bytes (36 MB) copied, 2.117948 s, 16.8 MB/s
2026-05-19 06:30:57,895 DEBUG   57671680 bytes (58 MB) copied, 3.131573 s, 18.4 MB/s
2026-05-19 06:30:57,895 DEBUG   85983232 bytes (86 MB) copied, 4.197251 s, 20.5 MB/s
2026-05-19 06:30:57,895 DEBUG   116391936 bytes (116 MB) copied, 5.257310 s, 22.1 MB/s
2026-05-19 06:30:57,895 DEBUG   152043520 bytes (152 MB) copied, 6.307591 s, 24.1 MB/s
2026-05-19 06:30:57,895 DEBUG   185597952 bytes (186 MB) copied, 7.316384 s, 25.4 MB/s
2026-05-19 06:30:57,895 DEBUG   219152384 bytes (219 MB) copied, 8.336341 s, 26.3 MB/s
2026-05-19 06:30:57,895 DEBUG   251658240 bytes (252 MB) copied, 9.375269 s, 26.8 MB/s
2026-05-19 06:30:57,895 DEBUG   291504128 bytes (292 MB) copied, 10.387383 s, 28.1 MB/s
2026-05-19 06:30:57,895 DEBUG   336592896 bytes (337 MB) copied, 11.397738 s, 29.5 MB/s
2026-05-19 06:30:57,895 DEBUG   392167424 bytes (392 MB) copied, 12.414310 s, 31.6 MB/s
2026-05-19 06:30:57,895 DEBUG   443547648 bytes (444 MB) copied, 13.427268 s, 33.0 MB/s
2026-05-19 06:30:57,895 DEBUG   507510784 bytes (508 MB) copied, 14.471445 s, 35.1 MB/s
2026-05-19 06:30:57,895 DEBUG   572522496 bytes (573 MB) copied, 15.478307 s, 37.0 MB/s
2026-05-19 06:30:57,895 DEBUG   650117120 bytes (650 MB) copied, 16.478442 s, 39.5 MB/s
2026-05-19 06:30:57,895 DEBUG   744488960 bytes (744 MB) copied, 17.481729 s, 42.6 MB/s
2026-05-19 06:30:57,895 DEBUG   842006528 bytes (842 MB) copied, 18.482511 s, 45.6 MB/s
2026-05-19 06:30:57,895 DEBUG   964689920 bytes (965 MB) copied, 19.484258 s, 49.5 MB/s
2026-05-19 06:30:57,895 DEBUG   1024+0 records in
2026-05-19 06:30:57,895 DEBUG   1024+0 records out
2026-05-19 06:30:57,895 DEBUG   1073741824 bytes (1.1 GB) copied, 20.2699 s, 53.0 MB/s
2026-05-19 06:30:57,895 DEBUG   OK (disk op exit 0)
2026-05-19 06:30:57,895 WARNING Guest disk op wall 22.3s (vm='ahv_ins_delete-0-260514-194939' ip=10.114.49.34 op=create ec=0) — includes SSH + guest disk command; if still high, check guest disk throughput vs. MiB settings.
2026-05-19 06:30:57,896 DEBUG [131/556] VM 21f4259e… (ahv_ins_delete-0-260518-170130) via 10.114.113.182 op=create
2026-05-19 06:30:57,896 DEBUG   remote: bash -lc 'set -e; _bs(){ printf '"'"'BULK_SNAP_T %s %s\n'"'"' "$1" "$(date +%s.%N 2>/dev/null || date +%s)"; }; _bs guest_start; _bs pipeline_start; openssl enc -aes-256-ctr -pass pass:"testing" -nosalt < /dev/zero 2>/dev/null | dd of=/root/dummy_snapshot_data_1.img bs=1M count=1024 iflag=fullblock status=progress; ec=$?; _bs pipeline_done; _bs guest_end; exit $ec'
2026-05-19 06:31:09,652 DEBUG   BULK_SNAP_T guest_start 1779139846.453533548
2026-05-19 06:31:09,652 DEBUG   BULK_SNAP_T pipeline_start 1779139846.458559004
2026-05-19 06:31:09,652 DEBUG   BULK_SNAP_T pipeline_done 1779139868.429511553
2026-05-19 06:31:09,652 DEBUG   BULK_SNAP_T guest_end 1779139868.435946995
2026-05-19 06:31:09,652 DEBUG   
2026-05-19 06:31:09,652 DEBUG   133169152 bytes (133 MB) copied, 1.006904 s, 132 MB/s
2026-05-19 06:31:09,652 DEBUG   232783872 bytes (233 MB) copied, 2.041878 s, 114 MB/s
2026-05-19 06:31:09,652 DEBUG   311427072 bytes (311 MB) copied, 3.051752 s, 102 MB/s
2026-05-19 06:31:09,652 DEBUG   401604608 bytes (402 MB) copied, 4.063685 s, 98.8 MB/s
2026-05-19 06:31:09,652 DEBUG   475004928 bytes (475 MB) copied, 5.075683 s, 93.6 MB/s
2026-05-19 06:31:09,652 DEBUG   522190848 bytes (522 MB) copied, 6.107549 s, 85.5 MB/s
2026-05-19 06:31:09,652 DEBUG   576716800 bytes (577 MB) copied, 7.119635 s, 81.0 MB/s
2026-05-19 06:31:09,652 DEBUG   632291328 bytes (632 MB) copied, 8.133714 s, 77.7 MB/s
2026-05-19 06:31:09,652 DEBUG   674234368 bytes (674 MB) copied, 9.142578 s, 73.7 MB/s
2026-05-19 06:31:09,652 DEBUG   707788800 bytes (708 MB) copied, 10.240685 s, 69.1 MB/s
2026-05-19 06:31:09,652 DEBUG   739246080 bytes (739 MB) copied, 11.277725 s, 65.5 MB/s
2026-05-19 06:31:09,652 DEBUG   774897664 bytes (775 MB) copied, 12.313672 s, 62.9 MB/s
2026-05-19 06:31:09,652 DEBUG   815792128 bytes (816 MB) copied, 13.314536 s, 61.3 MB/s
2026-05-19 06:31:09,653 DEBUG   847249408 bytes (847 MB) copied, 14.315550 s, 59.2 MB/s
2026-05-19 06:31:09,653 DEBUG   893386752 bytes (893 MB) copied, 15.317615 s, 58.3 MB/s
2026-05-19 06:31:09,653 DEBUG   925892608 bytes (926 MB) copied, 16.344708 s, 56.6 MB/s
2026-05-19 06:31:09,653 DEBUG   953155584 bytes (953 MB) copied, 17.354675 s, 54.9 MB/s
2026-05-19 06:31:09,653 DEBUG   995098624 bytes (995 MB) copied, 18.358759 s, 54.2 MB/s
2026-05-19 06:31:09,653 DEBUG   1020264448 bytes (1.0 GB) copied, 19.389612 s, 52.6 MB/s
2026-05-19 06:31:09,653 DEBUG   1053818880 bytes (1.1 GB) copied, 20.475742 s, 51.5 MB/s
2026-05-19 06:31:09,653 DEBUG   1024+0 records in
2026-05-19 06:31:09,653 DEBUG   1024+0 records out
2026-05-19 06:31:09,653 DEBUG   1073741824 bytes (1.1 GB) copied, 21.2758 s, 50.5 MB/s
2026-05-19 06:31:09,653 DEBUG   OK (disk op exit 0)
2026-05-19 06:31:09,653 WARNING Guest disk op wall 22.8s (vm='ahv_ins_delete-0-260518-101033' ip=10.114.121.79 op=create ec=0) — includes SSH + guest disk command; if still high, check guest disk throughput vs. MiB settings.
2026-05-19 06:31:09,654 DEBUG [132/556] VM c7970cf3… (ahv_ins_delete-0-260518-170231) via 10.114.113.179 op=create
2026-05-19 06:31:09,654 DEBUG   remote: bash -lc 'set -e; _bs(){ printf '"'"'BULK_SNAP_T %s %s\n'"'"' "$1" "$(date +%s.%N 2>/dev/null || date +%s)"; }; _bs guest_start; _bs pipeline_start; openssl enc -aes-256-ctr -pass pass:"testing" -nosalt < /dev/zero 2>/dev/null | dd of=/root/dummy_snapshot_data_1.img bs=1M count=1024 iflag=fullblock status=progress; ec=$?; _bs pipeline_done; _bs guest_end; exit $ec'
2026-05-19 06:31:24,158 DEBUG   BULK_SNAP_T guest_start 1779139848.701778931
2026-05-19 06:31:24,158 DEBUG   BULK_SNAP_T pipeline_start 1779139848.711229504
2026-05-19 06:31:24,158 DEBUG   BULK_SNAP_T pipeline_done 1779139883.165339740
2026-05-19 06:31:24,158 DEBUG   BULK_SNAP_T guest_end 1779139883.179295806
2026-05-19 06:31:24,158 DEBUG   
2026-05-19 06:31:24,158 DEBUG   65011712 bytes (65 MB) copied, 1.000835 s, 65.0 MB/s
2026-05-19 06:31:24,158 DEBUG   103809024 bytes (104 MB) copied, 2.003815 s, 51.8 MB/s
2026-05-19 06:31:24,158 DEBUG   148897792 bytes (149 MB) copied, 3.005890 s, 49.5 MB/s
2026-05-19 06:31:24,158 DEBUG   192937984 bytes (193 MB) copied, 4.021397 s, 48.0 MB/s
2026-05-19 06:31:24,158 DEBUG   239075328 bytes (239 MB) copied, 5.035659 s, 47.5 MB/s
2026-05-19 06:31:24,158 DEBUG   298844160 bytes (299 MB) copied, 6.037033 s, 49.5 MB/s
2026-05-19 06:31:24,158 DEBUG   341835776 bytes (342 MB) copied, 7.040755 s, 48.6 MB/s
2026-05-19 06:31:24,158 DEBUG   378535936 bytes (379 MB) copied, 8.056656 s, 47.0 MB/s
2026-05-19 06:31:24,158 DEBUG   423624704 bytes (424 MB) copied, 9.069685 s, 46.7 MB/s
2026-05-19 06:31:24,158 DEBUG   476053504 bytes (476 MB) copied, 10.087271 s, 47.2 MB/s
2026-05-19 06:31:24,158 DEBUG   504365056 bytes (504 MB) copied, 11.090690 s, 45.5 MB/s
2026-05-19 06:31:24,158 DEBUG   533725184 bytes (534 MB) copied, 12.118752 s, 44.0 MB/s
2026-05-19 06:31:24,158 DEBUG   570425344 bytes (570 MB) copied, 13.129234 s, 43.4 MB/s
2026-05-19 06:31:24,158 DEBUG   606076928 bytes (606 MB) copied, 14.216717 s, 42.6 MB/s
2026-05-19 06:31:24,159 DEBUG   639631360 bytes (640 MB) copied, 15.234693 s, 42.0 MB/s
2026-05-19 06:31:24,159 DEBUG   664797184 bytes (665 MB) copied, 16.246255 s, 40.9 MB/s
2026-05-19 06:31:24,159 DEBUG   692060160 bytes (692 MB) copied, 17.310674 s, 40.0 MB/s
2026-05-19 06:31:24,159 DEBUG   720371712 bytes (720 MB) copied, 18.339654 s, 39.3 MB/s
2026-05-19 06:31:24,159 DEBUG   748683264 bytes (749 MB) copied, 19.355676 s, 38.7 MB/s
2026-05-19 06:31:24,159 DEBUG   772800512 bytes (773 MB) copied, 20.386731 s, 37.9 MB/s
2026-05-19 06:31:24,159 DEBUG   803209216 bytes (803 MB) copied, 21.425642 s, 37.5 MB/s
2026-05-19 06:31:24,159 DEBUG   823132160 bytes (823 MB) copied, 22.457751 s, 36.7 MB/s
2026-05-19 06:31:24,159 DEBUG   848297984 bytes (848 MB) copied, 23.465926 s, 36.2 MB/s
2026-05-19 06:31:24,159 DEBUG   870318080 bytes (870 MB) copied, 24.469716 s, 35.6 MB/s
2026-05-19 06:31:24,159 DEBUG   894435328 bytes (894 MB) copied, 25.523647 s, 35.0 MB/s
2026-05-19 06:31:24,159 DEBUG   917504000 bytes (918 MB) copied, 26.664688 s, 34.4 MB/s
2026-05-19 06:31:24,159 DEBUG   938475520 bytes (938 MB) copied, 27.700651 s, 33.9 MB/s
2026-05-19 06:31:24,159 DEBUG   960495616 bytes (960 MB) copied, 28.713730 s, 33.5 MB/s
2026-05-19 06:31:24,159 DEBUG   982515712 bytes (983 MB) copied, 29.730927 s, 33.0 MB/s
2026-05-19 06:31:24,159 DEBUG   1004535808 bytes (1.0 GB) copied, 30.800717 s, 32.6 MB/s
2026-05-19 06:31:24,159 DEBUG   1027604480 bytes (1.0 GB) copied, 31.885714 s, 32.2 MB/s
2026-05-19 06:31:24,159 DEBUG   1046478848 bytes (1.0 GB) copied, 32.921944 s, 31.8 MB/s
2026-05-19 06:31:24,159 DEBUG   1068498944 bytes (1.1 GB) copied, 34.021605 s, 31.4 MB/s
2026-05-19 06:31:24,159 DEBUG   1024+0 records in
2026-05-19 06:31:24,159 DEBUG   1024+0 records out
2026-05-19 06:31:24,159 DEBUG   1073741824 bytes (1.1 GB) copied, 34.2721 s, 31.3 MB/s
2026-05-19 06:31:24,159 DEBUG   OK (disk op exit 0)
2026-05-19 06:31:24,159 WARNING Guest disk op wall 35.8s (vm='ahv_ins_delete-0-260518-101228' ip=10.114.121.78 op=create ec=0) — includes SSH + guest disk command; if still high, check guest disk throughput vs. MiB settings.
2026-05-19 06:31:24,159 DEBUG [133/556] VM 9f8824bf… (ahv_ins_delete-0-260518-170232) via 10.114.121.49 op=create
2026-05-19 06:31:24,160 DEBUG   remote: bash -lc 'set -e; _bs(){ printf '"'"'BULK_SNAP_T %s %s\n'"'"' "$1" "$(date +%s.%N 2>/dev/null || date +%s)"; }; _bs guest_start; _bs pipeline_start; openssl enc -aes-256-ctr -pass pass:"testing" -nosalt < /dev/zero 2>/dev/null | dd of=/root/dummy_snapshot_data_1.img bs=1M count=1024 iflag=fullblock status=progress; ec=$?; _bs pipeline_done; _bs guest_end; exit $ec'
2026-05-19 06:31:24,908 DEBUG   BULK_SNAP_T guest_start 1779139848.317562497
2026-05-19 06:31:24,909 DEBUG   BULK_SNAP_T pipeline_start 1779139848.321484454
2026-05-19 06:31:24,909 DEBUG   BULK_SNAP_T pipeline_done 1779139883.266239013
2026-05-19 06:31:24,909 DEBUG   BULK_SNAP_T guest_end 1779139883.275704697
2026-05-19 06:31:24,909 DEBUG   
2026-05-19 06:31:24,909 DEBUG   55574528 bytes (56 MB) copied, 1.068394 s, 52.0 MB/s
2026-05-19 06:31:24,909 DEBUG   108003328 bytes (108 MB) copied, 2.096471 s, 51.5 MB/s
2026-05-19 06:31:24,909 DEBUG   161480704 bytes (161 MB) copied, 3.099414 s, 52.1 MB/s
2026-05-19 06:31:24,909 DEBUG   207618048 bytes (208 MB) copied, 4.133456 s, 50.2 MB/s
2026-05-19 06:31:24,909 DEBUG   263192576 bytes (263 MB) copied, 5.136281 s, 51.2 MB/s
2026-05-19 06:31:24,909 DEBUG   320864256 bytes (321 MB) copied, 6.156810 s, 52.1 MB/s
2026-05-19 06:31:24,909 DEBUG   361758720 bytes (362 MB) copied, 7.164372 s, 50.5 MB/s
2026-05-19 06:31:24,909 DEBUG   401604608 bytes (402 MB) copied, 8.181193 s, 49.1 MB/s
2026-05-19 06:31:24,909 DEBUG   434110464 bytes (434 MB) copied, 9.204293 s, 47.2 MB/s
2026-05-19 06:31:24,909 DEBUG   467664896 bytes (468 MB) copied, 10.233282 s, 45.7 MB/s
2026-05-19 06:31:24,909 DEBUG   500170752 bytes (500 MB) copied, 11.234284 s, 44.5 MB/s
2026-05-19 06:31:24,909 DEBUG   527433728 bytes (527 MB) copied, 12.243214 s, 43.1 MB/s
2026-05-19 06:31:24,909 DEBUG   558891008 bytes (559 MB) copied, 13.280138 s, 42.1 MB/s
2026-05-19 06:31:24,909 DEBUG   589299712 bytes (589 MB) copied, 14.295275 s, 41.2 MB/s
2026-05-19 06:31:24,909 DEBUG   617611264 bytes (618 MB) copied, 15.330242 s, 40.3 MB/s
2026-05-19 06:31:24,909 DEBUG   649068544 bytes (649 MB) copied, 16.342158 s, 39.7 MB/s
2026-05-19 06:31:24,909 DEBUG   679477248 bytes (679 MB) copied, 17.381216 s, 39.1 MB/s
2026-05-19 06:31:24,909 DEBUG   705691648 bytes (706 MB) copied, 18.410263 s, 38.3 MB/s
2026-05-19 06:31:24,909 DEBUG   731906048 bytes (732 MB) copied, 19.451243 s, 37.6 MB/s
2026-05-19 06:31:24,909 DEBUG   760217600 bytes (760 MB) copied, 20.458242 s, 37.2 MB/s
2026-05-19 06:31:24,909 DEBUG   795869184 bytes (796 MB) copied, 21.511182 s, 37.0 MB/s
2026-05-19 06:31:24,909 DEBUG   813694976 bytes (814 MB) copied, 22.525235 s, 36.1 MB/s
2026-05-19 06:31:24,909 DEBUG   833617920 bytes (834 MB) copied, 23.533207 s, 35.4 MB/s
2026-05-19 06:31:24,909 DEBUG   855638016 bytes (856 MB) copied, 24.533208 s, 34.9 MB/s
2026-05-19 06:31:24,909 DEBUG   877658112 bytes (878 MB) copied, 25.630441 s, 34.2 MB/s
2026-05-19 06:31:24,909 DEBUG   894435328 bytes (894 MB) copied, 26.711197 s, 33.5 MB/s
2026-05-19 06:31:24,909 DEBUG   913309696 bytes (913 MB) copied, 27.724288 s, 32.9 MB/s
2026-05-19 06:31:24,910 DEBUG   933232640 bytes (933 MB) copied, 28.805259 s, 32.4 MB/s
2026-05-19 06:31:24,910 DEBUG   957349888 bytes (957 MB) copied, 29.864211 s, 32.1 MB/s
2026-05-19 06:31:24,910 DEBUG   979369984 bytes (979 MB) copied, 30.890177 s, 31.7 MB/s
2026-05-19 06:31:24,910 DEBUG   1008730112 bytes (1.0 GB) copied, 31.949246 s, 31.6 MB/s
2026-05-19 06:31:24,910 DEBUG   1032847360 bytes (1.0 GB) copied, 32.950307 s, 31.3 MB/s
2026-05-19 06:31:24,910 DEBUG   1058013184 bytes (1.1 GB) copied, 33.989214 s, 31.1 MB/s
2026-05-19 06:31:24,910 DEBUG   1024+0 records in
2026-05-19 06:31:24,910 DEBUG   1024+0 records out
2026-05-19 06:31:24,910 DEBUG   1073741824 bytes (1.1 GB) copied, 34.7976 s, 30.9 MB/s
2026-05-19 06:31:24,910 DEBUG   OK (disk op exit 0)
2026-05-19 06:31:24,910 WARNING Guest disk op wall 36.3s (vm='ahv_ins_delete-0-260518-165450' ip=10.114.113.202 op=create ec=0) — includes SSH + guest disk command; if still high, check guest disk throughput vs. MiB settings.
2026-05-19 06:31:24,910 DEBUG [134/556] VM c06c9922… (ahv_ins_delete-0-260518-170657) via 10.114.113.189 op=create
2026-05-19 06:31:24,910 DEBUG   remote: bash -lc 'set -e; _bs(){ printf '"'"'BULK_SNAP_T %s %s\n'"'"' "$1" "$(date +%s.%N 2>/dev/null || date +%s)"; }; _bs guest_start; _bs pipeline_start; openssl enc -aes-256-ctr -pass pass:"testing" -nosalt < /dev/zero 2>/dev/null | dd of=/root/dummy_snapshot_data_1.img bs=1M count=1024 iflag=fullblock status=progress; ec=$?; _bs pipeline_done; _bs guest_end; exit $ec'
2026-05-19 06:31:26,659 DEBUG   BULK_SNAP_T guest_start 1779139848.587384315
2026-05-19 06:31:26,659 DEBUG   BULK_SNAP_T pipeline_start 1779139848.595823450
2026-05-19 06:31:26,659 DEBUG   BULK_SNAP_T pipeline_done 1779139885.019001589
2026-05-19 06:31:26,659 DEBUG   BULK_SNAP_T guest_end 1779139885.027391165
2026-05-19 06:31:26,659 DEBUG   
2026-05-19 06:31:26,660 DEBUG   60817408 bytes (61 MB) copied, 1.009240 s, 60.3 MB/s
2026-05-19 06:31:26,660 DEBUG   92274688 bytes (92 MB) copied, 2.094547 s, 44.1 MB/s
2026-05-19 06:31:26,660 DEBUG   136314880 bytes (136 MB) copied, 3.096169 s, 44.0 MB/s
2026-05-19 06:31:26,660 DEBUG   178257920 bytes (178 MB) copied, 4.104094 s, 43.4 MB/s
2026-05-19 06:31:26,660 DEBUG   232783872 bytes (233 MB) copied, 5.114137 s, 45.5 MB/s
2026-05-19 06:31:26,660 DEBUG   284164096 bytes (284 MB) copied, 6.117395 s, 46.5 MB/s
2026-05-19 06:31:26,660 DEBUG   316669952 bytes (317 MB) copied, 7.124491 s, 44.4 MB/s
2026-05-19 06:31:26,660 DEBUG   353370112 bytes (353 MB) copied, 8.129359 s, 43.5 MB/s
2026-05-19 06:31:26,660 DEBUG   389021696 bytes (389 MB) copied, 9.135112 s, 42.6 MB/s
2026-05-19 06:31:26,660 DEBUG   424673280 bytes (425 MB) copied, 10.197630 s, 41.6 MB/s
2026-05-19 06:31:26,660 DEBUG   451936256 bytes (452 MB) copied, 11.204110 s, 40.3 MB/s
2026-05-19 06:31:26,660 DEBUG   480247808 bytes (480 MB) copied, 12.227109 s, 39.3 MB/s
2026-05-19 06:31:26,660 DEBUG   510656512 bytes (511 MB) copied, 13.239125 s, 38.6 MB/s
2026-05-19 06:31:26,660 DEBUG   547356672 bytes (547 MB) copied, 14.246152 s, 38.4 MB/s
2026-05-19 06:31:26,660 DEBUG   568328192 bytes (568 MB) copied, 15.284398 s, 37.2 MB/s
2026-05-19 06:31:26,660 DEBUG   597688320 bytes (598 MB) copied, 16.349373 s, 36.6 MB/s
2026-05-19 06:31:26,660 DEBUG   633339904 bytes (633 MB) copied, 17.378401 s, 36.4 MB/s
2026-05-19 06:31:26,660 DEBUG   661651456 bytes (662 MB) copied, 18.532437 s, 35.7 MB/s
2026-05-19 06:31:26,660 DEBUG   689963008 bytes (690 MB) copied, 19.540125 s, 35.3 MB/s
2026-05-19 06:31:26,660 DEBUG   713031680 bytes (713 MB) copied, 20.541322 s, 34.7 MB/s
2026-05-19 06:31:26,660 DEBUG   737148928 bytes (737 MB) copied, 21.546160 s, 34.2 MB/s
2026-05-19 06:31:26,660 DEBUG   759169024 bytes (759 MB) copied, 22.547102 s, 33.7 MB/s
2026-05-19 06:31:26,660 DEBUG   775946240 bytes (776 MB) copied, 23.653241 s, 32.8 MB/s
2026-05-19 06:31:26,660 DEBUG   794820608 bytes (795 MB) copied, 24.667469 s, 32.2 MB/s
2026-05-19 06:31:26,660 DEBUG   814743552 bytes (815 MB) copied, 25.736206 s, 31.7 MB/s
2026-05-19 06:31:26,660 DEBUG   842006528 bytes (842 MB) copied, 26.751197 s, 31.5 MB/s
2026-05-19 06:31:26,660 DEBUG   860880896 bytes (861 MB) copied, 27.848184 s, 30.9 MB/s
2026-05-19 06:31:26,660 DEBUG   879755264 bytes (880 MB) copied, 28.917085 s, 30.4 MB/s
2026-05-19 06:31:26,660 DEBUG   909115392 bytes (909 MB) copied, 29.921241 s, 30.4 MB/s
2026-05-19 06:31:26,660 DEBUG   934281216 bytes (934 MB) copied, 30.946108 s, 30.2 MB/s
2026-05-19 06:31:26,660 DEBUG   965738496 bytes (966 MB) copied, 32.037223 s, 30.1 MB/s
2026-05-19 06:31:26,660 DEBUG   986710016 bytes (987 MB) copied, 33.086166 s, 29.8 MB/s
2026-05-19 06:31:26,660 DEBUG   1009778688 bytes (1.0 GB) copied, 34.170115 s, 29.6 MB/s
2026-05-19 06:31:26,660 DEBUG   1034944512 bytes (1.0 GB) copied, 35.178781 s, 29.4 MB/s
2026-05-19 06:31:26,660 DEBUG   1068498944 bytes (1.1 GB) copied, 36.185500 s, 29.5 MB/s
2026-05-19 06:31:26,660 DEBUG   1024+0 records in
2026-05-19 06:31:26,660 DEBUG   1024+0 records out
2026-05-19 06:31:26,660 DEBUG   1073741824 bytes (1.1 GB) copied, 36.3235 s, 29.6 MB/s
2026-05-19 06:31:26,660 DEBUG   OK (disk op exit 0)
2026-05-19 06:31:26,660 WARNING Guest disk op wall 37.8s (vm='ahv_ins_delete-0-260518-165456' ip=10.114.113.181 op=create ec=0) — includes SSH + guest disk command; if still high, check guest disk throughput vs. MiB settings.
2026-05-19 06:31:26,661 DEBUG [135/556] VM 6b80ce27… (ahv_ins_delete-0-260518-170704) via 10.114.113.178 op=create
2026-05-19 06:31:26,661 DEBUG   remote: bash -lc 'set -e; _bs(){ printf '"'"'BULK_SNAP_T %s %s\n'"'"' "$1" "$(date +%s.%N 2>/dev/null || date +%s)"; }; _bs guest_start; _bs pipeline_start; openssl enc -aes-256-ctr -pass pass:"testing" -nosalt < /dev/zero 2>/dev/null | dd of=/root/dummy_snapshot_data_1.img bs=1M count=1024 iflag=fullblock status=progress; ec=$?; _bs pipeline_done; _bs guest_end; exit $ec'
2026-05-19 06:31:29,661 DEBUG   BULK_SNAP_T guest_start 1779139855.857838078
2026-05-19 06:31:29,661 DEBUG   BULK_SNAP_T pipeline_start 1779139855.861961443
2026-05-19 06:31:29,661 DEBUG   BULK_SNAP_T pipeline_done 1779139888.052236306
2026-05-19 06:31:29,661 DEBUG   BULK_SNAP_T guest_end 1779139888.061144309
2026-05-19 06:31:29,661 DEBUG   
2026-05-19 06:31:29,661 DEBUG   22020096 bytes (22 MB) copied, 1.051018 s, 21.0 MB/s
2026-05-19 06:31:29,661 DEBUG   48234496 bytes (48 MB) copied, 2.197971 s, 21.9 MB/s
2026-05-19 06:31:29,661 DEBUG   80740352 bytes (81 MB) copied, 3.223711 s, 25.0 MB/s
2026-05-19 06:31:29,661 DEBUG   106954752 bytes (107 MB) copied, 4.234707 s, 25.3 MB/s
2026-05-19 06:31:29,661 DEBUG   137363456 bytes (137 MB) copied, 5.278483 s, 26.0 MB/s
2026-05-19 06:31:29,661 DEBUG   165675008 bytes (166 MB) copied, 6.282549 s, 26.4 MB/s
2026-05-19 06:31:29,661 DEBUG   199229440 bytes (199 MB) copied, 7.361479 s, 27.1 MB/s
2026-05-19 06:31:29,661 DEBUG   235929600 bytes (236 MB) copied, 8.364528 s, 28.2 MB/s
2026-05-19 06:31:29,661 DEBUG   264241152 bytes (264 MB) copied, 9.397385 s, 28.1 MB/s
2026-05-19 06:31:29,661 DEBUG   287309824 bytes (287 MB) copied, 10.484479 s, 27.4 MB/s
2026-05-19 06:31:29,661 DEBUG   314572800 bytes (315 MB) copied, 11.487410 s, 27.4 MB/s
2026-05-19 06:31:29,661 DEBUG   358612992 bytes (359 MB) copied, 12.542482 s, 28.6 MB/s
2026-05-19 06:31:29,661 DEBUG   395313152 bytes (395 MB) copied, 13.584418 s, 29.1 MB/s
2026-05-19 06:31:29,661 DEBUG   425721856 bytes (426 MB) copied, 14.630425 s, 29.1 MB/s
2026-05-19 06:31:29,661 DEBUG   451936256 bytes (452 MB) copied, 15.639798 s, 28.9 MB/s
2026-05-19 06:31:29,661 DEBUG   488636416 bytes (489 MB) copied, 16.641666 s, 29.4 MB/s
2026-05-19 06:31:29,661 DEBUG   528482304 bytes (528 MB) copied, 17.651458 s, 29.9 MB/s
2026-05-19 06:31:29,662 DEBUG   568328192 bytes (568 MB) copied, 18.657479 s, 30.5 MB/s
2026-05-19 06:31:29,662 DEBUG   594542592 bytes (595 MB) copied, 19.669412 s, 30.2 MB/s
2026-05-19 06:31:29,662 DEBUG   636485632 bytes (636 MB) copied, 20.678495 s, 30.8 MB/s
2026-05-19 06:31:29,662 DEBUG   674234368 bytes (674 MB) copied, 21.686588 s, 31.1 MB/s
2026-05-19 06:31:29,662 DEBUG   715128832 bytes (715 MB) copied, 22.803531 s, 31.4 MB/s
2026-05-19 06:31:29,662 DEBUG   744488960 bytes (744 MB) copied, 23.818801 s, 31.3 MB/s
2026-05-19 06:31:29,662 DEBUG   773849088 bytes (774 MB) copied, 24.848638 s, 31.1 MB/s
2026-05-19 06:31:29,662 DEBUG   811597824 bytes (812 MB) copied, 25.881538 s, 31.4 MB/s
2026-05-19 06:31:29,662 DEBUG   860880896 bytes (861 MB) copied, 26.931651 s, 32.0 MB/s
2026-05-19 06:31:29,662 DEBUG   904921088 bytes (905 MB) copied, 27.941525 s, 32.4 MB/s
2026-05-19 06:31:29,662 DEBUG   948961280 bytes (949 MB) copied, 28.946498 s, 32.8 MB/s
2026-05-19 06:31:29,662 DEBUG   991952896 bytes (992 MB) copied, 29.947443 s, 33.1 MB/s
2026-05-19 06:31:29,662 DEBUG   1035993088 bytes (1.0 GB) copied, 31.003474 s, 33.4 MB/s
2026-05-19 06:31:29,662 DEBUG   1071644672 bytes (1.1 GB) copied, 32.028447 s, 33.5 MB/s
2026-05-19 06:31:29,662 DEBUG   1024+0 records in
2026-05-19 06:31:29,662 DEBUG   1024+0 records out
2026-05-19 06:31:29,662 DEBUG   1073741824 bytes (1.1 GB) copied, 32.0667 s, 33.5 MB/s
2026-05-19 06:31:29,662 DEBUG   OK (disk op exit 0)
2026-05-19 06:31:29,662 WARNING Guest disk op wall 33.8s (vm='ahv_ins_delete-0-260518-170125' ip=10.114.113.177 op=create ec=0) — includes SSH + guest disk command; if still high, check guest disk throughput vs. MiB settings.
2026-05-19 06:31:29,662 DEBUG [136/556] VM c2f529fc… (ahv_ins_delete-0-260518-170801) via 10.114.121.60 op=create
2026-05-19 06:31:29,663 DEBUG   remote: bash -lc 'set -e; _bs(){ printf '"'"'BULK_SNAP_T %s %s\n'"'"' "$1" "$(date +%s.%N 2>/dev/null || date +%s)"; }; _bs guest_start; _bs pipeline_start; openssl enc -aes-256-ctr -pass pass:"testing" -nosalt < /dev/zero 2>/dev/null | dd of=/root/dummy_snapshot_data_1.img bs=1M count=1024 iflag=fullblock status=progress; ec=$?; _bs pipeline_done; _bs guest_end; exit $ec'
2026-05-19 06:31:30,163 DEBUG   BULK_SNAP_T guest_start 1779139855.915297161
2026-05-19 06:31:30,164 DEBUG   BULK_SNAP_T pipeline_start 1779139855.921131290
2026-05-19 06:31:30,164 DEBUG   BULK_SNAP_T pipeline_done 1779139888.831138992
2026-05-19 06:31:30,164 DEBUG   BULK_SNAP_T guest_end 1779139888.839816338
2026-05-19 06:31:30,164 DEBUG   
2026-05-19 06:31:30,164 DEBUG   16777216 bytes (17 MB) copied, 1.021125 s, 16.4 MB/s
2026-05-19 06:31:30,164 DEBUG   37748736 bytes (38 MB) copied, 2.131072 s, 17.7 MB/s
2026-05-19 06:31:30,164 DEBUG   66060288 bytes (66 MB) copied, 3.273145 s, 20.2 MB/s
2026-05-19 06:31:30,164 DEBUG   97517568 bytes (98 MB) copied, 4.282762 s, 22.8 MB/s
2026-05-19 06:31:30,164 DEBUG   125829120 bytes (126 MB) copied, 5.327870 s, 23.6 MB/s
2026-05-19 06:31:30,164 DEBUG   149946368 bytes (150 MB) copied, 6.379773 s, 23.5 MB/s
2026-05-19 06:31:30,164 DEBUG   178257920 bytes (178 MB) copied, 7.382094 s, 24.1 MB/s
2026-05-19 06:31:30,164 DEBUG   200278016 bytes (200 MB) copied, 8.406755 s, 23.8 MB/s
2026-05-19 06:31:30,164 DEBUG   229638144 bytes (230 MB) copied, 9.412161 s, 24.4 MB/s
2026-05-19 06:31:30,164 DEBUG   270532608 bytes (271 MB) copied, 10.412883 s, 26.0 MB/s
2026-05-19 06:31:30,164 DEBUG   307232768 bytes (307 MB) copied, 11.424185 s, 26.9 MB/s
2026-05-19 06:31:30,164 DEBUG   348127232 bytes (348 MB) copied, 12.464684 s, 27.9 MB/s
2026-05-19 06:31:30,164 DEBUG   392167424 bytes (392 MB) copied, 13.464735 s, 29.1 MB/s
2026-05-19 06:31:30,164 DEBUG   419430400 bytes (419 MB) copied, 14.486665 s, 29.0 MB/s
2026-05-19 06:31:30,164 DEBUG   455081984 bytes (455 MB) copied, 15.494671 s, 29.4 MB/s
2026-05-19 06:31:30,164 DEBUG   476053504 bytes (476 MB) copied, 16.502793 s, 28.8 MB/s
2026-05-19 06:31:30,164 DEBUG   523239424 bytes (523 MB) copied, 17.594048 s, 29.7 MB/s
2026-05-19 06:31:30,164 DEBUG   547356672 bytes (547 MB) copied, 18.597757 s, 29.4 MB/s
2026-05-19 06:31:30,164 DEBUG   579862528 bytes (580 MB) copied, 19.633701 s, 29.5 MB/s
2026-05-19 06:31:30,164 DEBUG   607125504 bytes (607 MB) copied, 20.750709 s, 29.3 MB/s
2026-05-19 06:31:30,164 DEBUG   648019968 bytes (648 MB) copied, 21.782734 s, 29.7 MB/s
2026-05-19 06:31:30,164 DEBUG   686817280 bytes (687 MB) copied, 22.814269 s, 30.1 MB/s
2026-05-19 06:31:30,164 DEBUG   721420288 bytes (721 MB) copied, 23.835781 s, 30.3 MB/s
2026-05-19 06:31:30,164 DEBUG   750780416 bytes (751 MB) copied, 24.854914 s, 30.2 MB/s
2026-05-19 06:31:30,164 DEBUG   776994816 bytes (777 MB) copied, 25.932732 s, 30.0 MB/s
2026-05-19 06:31:30,164 DEBUG   822083584 bytes (822 MB) copied, 26.978073 s, 30.5 MB/s
2026-05-19 06:31:30,164 DEBUG   871366656 bytes (871 MB) copied, 27.999020 s, 31.1 MB/s
2026-05-19 06:31:30,164 DEBUG   905969664 bytes (906 MB) copied, 29.023838 s, 31.2 MB/s
2026-05-19 06:31:30,164 DEBUG   956301312 bytes (956 MB) copied, 30.024903 s, 31.9 MB/s
2026-05-19 06:31:30,164 DEBUG   1011875840 bytes (1.0 GB) copied, 31.028781 s, 32.6 MB/s
2026-05-19 06:31:30,164 DEBUG   1062207488 bytes (1.1 GB) copied, 32.045046 s, 33.1 MB/s
2026-05-19 06:31:30,164 DEBUG   1024+0 records in
2026-05-19 06:31:30,164 DEBUG   1024+0 records out
2026-05-19 06:31:30,165 DEBUG   1073741824 bytes (1.1 GB) copied, 32.2822 s, 33.3 MB/s
2026-05-19 06:31:30,165 DEBUG   OK (disk op exit 0)
2026-05-19 06:31:30,165 WARNING Guest disk op wall 34.5s (vm='ahv_ins_delete-0-260518-165512' ip=10.114.121.52 op=create ec=0) — includes SSH + guest disk command; if still high, check guest disk throughput vs. MiB settings.
2026-05-19 06:31:30,165 DEBUG [137/556] VM fd4bf185… (ahv_ins_delete-0-260518-170802) via 10.114.113.188 op=create
2026-05-19 06:31:30,165 DEBUG   remote: bash -lc 'set -e; _bs(){ printf '"'"'BULK_SNAP_T %s %s\n'"'"' "$1" "$(date +%s.%N 2>/dev/null || date +%s)"; }; _bs guest_start; _bs pipeline_start; openssl enc -aes-256-ctr -pass pass:"testing" -nosalt < /dev/zero 2>/dev/null | dd of=/root/dummy_snapshot_data_1.img bs=1M count=1024 iflag=fullblock status=progress; ec=$?; _bs pipeline_done; _bs guest_end; exit $ec'
2026-05-19 06:31:36,164 DEBUG   BULK_SNAP_T guest_start 1779139852.324644322
2026-05-19 06:31:36,164 DEBUG   BULK_SNAP_T pipeline_start 1779139852.335133521
2026-05-19 06:31:36,164 DEBUG   BULK_SNAP_T pipeline_done 1779139894.803022218
2026-05-19 06:31:36,164 DEBUG   BULK_SNAP_T guest_end 1779139894.808854867
2026-05-19 06:31:36,164 DEBUG   
2026-05-19 06:31:36,164 DEBUG   22020096 bytes (22 MB) copied, 1.069937 s, 20.6 MB/s
2026-05-19 06:31:36,164 DEBUG   46137344 bytes (46 MB) copied, 2.088739 s, 22.1 MB/s
2026-05-19 06:31:36,164 DEBUG   79691776 bytes (80 MB) copied, 3.198993 s, 24.9 MB/s
2026-05-19 06:31:36,164 DEBUG   113246208 bytes (113 MB) copied, 4.212357 s, 26.9 MB/s
2026-05-19 06:31:36,164 DEBUG   143654912 bytes (144 MB) copied, 5.259137 s, 27.3 MB/s
2026-05-19 06:31:36,164 DEBUG   174063616 bytes (174 MB) copied, 6.316277 s, 27.6 MB/s
2026-05-19 06:31:36,164 DEBUG   203423744 bytes (203 MB) copied, 7.336224 s, 27.7 MB/s
2026-05-19 06:31:36,164 DEBUG   229638144 bytes (230 MB) copied, 8.343317 s, 27.5 MB/s
2026-05-19 06:31:36,164 DEBUG   256901120 bytes (257 MB) copied, 9.363156 s, 27.4 MB/s
2026-05-19 06:31:36,164 DEBUG   288358400 bytes (288 MB) copied, 10.366272 s, 27.8 MB/s
2026-05-19 06:31:36,164 DEBUG   325058560 bytes (325 MB) copied, 11.370172 s, 28.6 MB/s
2026-05-19 06:31:36,164 DEBUG   350224384 bytes (350 MB) copied, 12.388225 s, 28.3 MB/s
2026-05-19 06:31:36,165 DEBUG   383778816 bytes (384 MB) copied, 13.402197 s, 28.6 MB/s
2026-05-19 06:31:36,165 DEBUG   425721856 bytes (426 MB) copied, 14.489402 s, 29.4 MB/s
2026-05-19 06:31:36,165 DEBUG   458227712 bytes (458 MB) copied, 15.505200 s, 29.6 MB/s
2026-05-19 06:31:36,165 DEBUG   479199232 bytes (479 MB) copied, 16.517192 s, 29.0 MB/s
2026-05-19 06:31:36,165 DEBUG   506462208 bytes (506 MB) copied, 17.549157 s, 28.9 MB/s
2026-05-19 06:31:36,165 DEBUG   526385152 bytes (526 MB) copied, 18.551504 s, 28.4 MB/s
2026-05-19 06:31:36,165 DEBUG   544210944 bytes (544 MB) copied, 19.568147 s, 27.8 MB/s
2026-05-19 06:31:36,165 DEBUG   566231040 bytes (566 MB) copied, 20.736201 s, 27.3 MB/s
2026-05-19 06:31:36,165 DEBUG   583008256 bytes (583 MB) copied, 21.788199 s, 26.8 MB/s
2026-05-19 06:31:36,165 DEBUG   603979776 bytes (604 MB) copied, 22.881228 s, 26.4 MB/s
2026-05-19 06:31:36,165 DEBUG   627048448 bytes (627 MB) copied, 23.888777 s, 26.2 MB/s
2026-05-19 06:31:36,165 DEBUG   642777088 bytes (643 MB) copied, 24.956548 s, 25.8 MB/s
2026-05-19 06:31:36,165 DEBUG   663748608 bytes (664 MB) copied, 26.056193 s, 25.5 MB/s
2026-05-19 06:31:36,165 DEBUG   689963008 bytes (690 MB) copied, 27.056576 s, 25.5 MB/s
2026-05-19 06:31:36,165 DEBUG   718274560 bytes (718 MB) copied, 28.079197 s, 25.6 MB/s
2026-05-19 06:31:36,165 DEBUG   744488960 bytes (744 MB) copied, 29.161091 s, 25.5 MB/s
2026-05-19 06:31:36,165 DEBUG   766509056 bytes (767 MB) copied, 30.209166 s, 25.4 MB/s
2026-05-19 06:31:36,165 DEBUG   785383424 bytes (785 MB) copied, 31.221129 s, 25.2 MB/s
2026-05-19 06:31:36,165 DEBUG   802160640 bytes (802 MB) copied, 32.228230 s, 24.9 MB/s
2026-05-19 06:31:36,165 DEBUG   829423616 bytes (829 MB) copied, 33.247393 s, 24.9 MB/s
2026-05-19 06:31:36,165 DEBUG   856686592 bytes (857 MB) copied, 34.457273 s, 24.9 MB/s
2026-05-19 06:31:36,165 DEBUG   888143872 bytes (888 MB) copied, 35.514640 s, 25.0 MB/s
2026-05-19 06:31:36,165 DEBUG   910163968 bytes (910 MB) copied, 36.538218 s, 24.9 MB/s
2026-05-19 06:31:36,165 DEBUG   939524096 bytes (940 MB) copied, 37.559677 s, 25.0 MB/s
2026-05-19 06:31:36,165 DEBUG   967835648 bytes (968 MB) copied, 38.562586 s, 25.1 MB/s
2026-05-19 06:31:36,165 DEBUG   998244352 bytes (998 MB) copied, 39.607147 s, 25.2 MB/s
2026-05-19 06:31:36,165 DEBUG   1022361600 bytes (1.0 GB) copied, 40.632231 s, 25.2 MB/s
2026-05-19 06:31:36,165 DEBUG   1054867456 bytes (1.1 GB) copied, 41.644345 s, 25.3 MB/s
2026-05-19 06:31:36,165 DEBUG   1024+0 records in
2026-05-19 06:31:36,165 DEBUG   1024+0 records out
2026-05-19 06:31:36,165 DEBUG   1073741824 bytes (1.1 GB) copied, 42.2949 s, 25.4 MB/s
2026-05-19 06:31:36,165 DEBUG   OK (disk op exit 0)
2026-05-19 06:31:36,165 WARNING Guest disk op wall 44.0s (vm='ahv_ins_delete-0-260518-165508' ip=10.114.113.180 op=create ec=0) — includes SSH + guest disk command; if still high, check guest disk throughput vs. MiB settings.
2026-05-19 06:31:36,166 DEBUG [138/556] VM 1ecb9a73… (ahv_ins_delete-0-260518-171533) via 10.114.121.56 op=create
2026-05-19 06:31:36,166 DEBUG   remote: bash -lc 'set -e; _bs(){ printf '"'"'BULK_SNAP_T %s %s\n'"'"' "$1" "$(date +%s.%N 2>/dev/null || date +%s)"; }; _bs guest_start; _bs pipeline_start; openssl enc -aes-256-ctr -pass pass:"testing" -nosalt < /dev/zero 2>/dev/null | dd of=/root/dummy_snapshot_data_1.img bs=1M count=1024 iflag=fullblock status=progress; ec=$?; _bs pipeline_done; _bs guest_end; exit $ec'
2026-05-19 06:31:39,916 DEBUG   BULK_SNAP_T guest_start 1779139855.185524839
2026-05-19 06:31:39,916 DEBUG   BULK_SNAP_T pipeline_start 1779139855.190539261
2026-05-19 06:31:39,916 DEBUG   BULK_SNAP_T pipeline_done 1779139898.867746928
2026-05-19 06:31:39,916 DEBUG   BULK_SNAP_T guest_end 1779139898.880481615
2026-05-19 06:31:39,916 DEBUG   
2026-05-19 06:31:39,916 DEBUG   16777216 bytes (17 MB) copied, 1.027714 s, 16.3 MB/s
2026-05-19 06:31:39,916 DEBUG   37748736 bytes (38 MB) copied, 2.196746 s, 17.2 MB/s
2026-05-19 06:31:39,916 DEBUG   61865984 bytes (62 MB) copied, 3.235696 s, 19.1 MB/s
2026-05-19 06:31:39,916 DEBUG   91226112 bytes (91 MB) copied, 4.274842 s, 21.3 MB/s
2026-05-19 06:31:39,916 DEBUG   119537664 bytes (120 MB) copied, 5.281644 s, 22.6 MB/s
2026-05-19 06:31:39,916 DEBUG   146800640 bytes (147 MB) copied, 6.291520 s, 23.3 MB/s
2026-05-19 06:31:39,916 DEBUG   174063616 bytes (174 MB) copied, 7.305479 s, 23.8 MB/s
2026-05-19 06:31:39,916 DEBUG   206569472 bytes (207 MB) copied, 8.346702 s, 24.7 MB/s
2026-05-19 06:31:39,916 DEBUG   232783872 bytes (233 MB) copied, 9.383562 s, 24.8 MB/s
2026-05-19 06:31:39,916 DEBUG   270532608 bytes (271 MB) copied, 10.384768 s, 26.1 MB/s
2026-05-19 06:31:39,916 DEBUG   298844160 bytes (299 MB) copied, 11.397545 s, 26.2 MB/s
2026-05-19 06:31:39,916 DEBUG   321912832 bytes (322 MB) copied, 12.439477 s, 25.9 MB/s
2026-05-19 06:31:39,917 DEBUG   359661568 bytes (360 MB) copied, 13.490536 s, 26.7 MB/s
2026-05-19 06:31:39,917 DEBUG   381681664 bytes (382 MB) copied, 14.544535 s, 26.2 MB/s
2026-05-19 06:31:39,917 DEBUG   408944640 bytes (409 MB) copied, 15.591458 s, 26.2 MB/s
2026-05-19 06:31:39,917 DEBUG   433061888 bytes (433 MB) copied, 16.680025 s, 26.0 MB/s
2026-05-19 06:31:39,917 DEBUG   452984832 bytes (453 MB) copied, 17.769569 s, 25.5 MB/s
2026-05-19 06:31:39,917 DEBUG   470810624 bytes (471 MB) copied, 18.771451 s, 25.1 MB/s
2026-05-19 06:31:39,917 DEBUG   489684992 bytes (490 MB) copied, 19.812440 s, 24.7 MB/s
2026-05-19 06:31:39,917 DEBUG   519045120 bytes (519 MB) copied, 20.846671 s, 24.9 MB/s
2026-05-19 06:31:39,917 DEBUG   545259520 bytes (545 MB) copied, 21.966854 s, 24.8 MB/s
2026-05-19 06:31:39,917 DEBUG   573571072 bytes (574 MB) copied, 22.984477 s, 25.0 MB/s
2026-05-19 06:31:39,917 DEBUG   600834048 bytes (601 MB) copied, 24.096768 s, 24.9 MB/s
2026-05-19 06:31:39,917 DEBUG   627048448 bytes (627 MB) copied, 25.168487 s, 24.9 MB/s
2026-05-19 06:31:39,917 DEBUG   651165696 bytes (651 MB) copied, 26.211484 s, 24.8 MB/s
2026-05-19 06:31:39,917 DEBUG   680525824 bytes (681 MB) copied, 27.267512 s, 25.0 MB/s
2026-05-19 06:31:39,917 DEBUG   701497344 bytes (701 MB) copied, 28.295479 s, 24.8 MB/s
2026-05-19 06:31:39,917 DEBUG   729808896 bytes (730 MB) copied, 29.413436 s, 24.8 MB/s
2026-05-19 06:31:39,917 DEBUG   753926144 bytes (754 MB) copied, 30.474505 s, 24.7 MB/s
2026-05-19 06:31:39,917 DEBUG   776994816 bytes (777 MB) copied, 31.484933 s, 24.7 MB/s
2026-05-19 06:31:39,917 DEBUG   796917760 bytes (797 MB) copied, 32.502550 s, 24.5 MB/s
2026-05-19 06:31:39,917 DEBUG   823132160 bytes (823 MB) copied, 33.577482 s, 24.5 MB/s
2026-05-19 06:31:39,917 DEBUG   845152256 bytes (845 MB) copied, 34.620486 s, 24.4 MB/s
2026-05-19 06:31:39,917 DEBUG   874512384 bytes (875 MB) copied, 35.651687 s, 24.5 MB/s
2026-05-19 06:31:39,917 DEBUG   903872512 bytes (904 MB) copied, 36.685850 s, 24.6 MB/s
2026-05-19 06:31:39,917 DEBUG   939524096 bytes (940 MB) copied, 37.730502 s, 24.9 MB/s
2026-05-19 06:31:39,917 DEBUG   964689920 bytes (965 MB) copied, 38.801469 s, 24.9 MB/s
2026-05-19 06:31:39,917 DEBUG   991952896 bytes (992 MB) copied, 39.816528 s, 24.9 MB/s
2026-05-19 06:31:39,917 DEBUG   1017118720 bytes (1.0 GB) copied, 40.840606 s, 24.9 MB/s
2026-05-19 06:31:39,917 DEBUG   1047527424 bytes (1.0 GB) copied, 41.854899 s, 25.0 MB/s
2026-05-19 06:31:39,917 DEBUG   1067450368 bytes (1.1 GB) copied, 42.866486 s, 24.9 MB/s
2026-05-19 06:31:39,917 DEBUG   1024+0 records in
2026-05-19 06:31:39,917 DEBUG   1024+0 records out
2026-05-19 06:31:39,917 DEBUG   1073741824 bytes (1.1 GB) copied, 43.177 s, 24.9 MB/s
2026-05-19 06:31:39,917 DEBUG   OK (disk op exit 0)
2026-05-19 06:31:39,917 WARNING Guest disk op wall 45.5s (vm='ahv_ins_delete-0-260518-165511' ip=10.114.121.53 op=create ec=0) — includes SSH + guest disk command; if still high, check guest disk throughput vs. MiB settings.
2026-05-19 06:31:39,918 DEBUG [139/556] VM 7efa77e1… (ahv_ins_delete-0-260518-171538) via 10.114.113.190 op=create
2026-05-19 06:31:39,918 DEBUG   remote: bash -lc 'set -e; _bs(){ printf '"'"'BULK_SNAP_T %s %s\n'"'"' "$1" "$(date +%s.%N 2>/dev/null || date +%s)"; }; _bs guest_start; _bs pipeline_start; openssl enc -aes-256-ctr -pass pass:"testing" -nosalt < /dev/zero 2>/dev/null | dd of=/root/dummy_snapshot_data_1.img bs=1M count=1024 iflag=fullblock status=progress; ec=$?; _bs pipeline_done; _bs guest_end; exit $ec'
2026-05-19 06:31:40,666 DEBUG   BULK_SNAP_T guest_start 1779139856.078754399
2026-05-19 06:31:40,666 DEBUG   BULK_SNAP_T pipeline_start 1779139856.083589143
2026-05-19 06:31:40,667 DEBUG   BULK_SNAP_T pipeline_done 1779139898.280534338
2026-05-19 06:31:40,667 DEBUG   BULK_SNAP_T guest_end 1779139898.803311704
2026-05-19 06:31:40,667 DEBUG   
2026-05-19 06:31:40,667 DEBUG   24117248 bytes (24 MB) copied, 1.002007 s, 24.1 MB/s
2026-05-19 06:31:40,667 DEBUG   46137344 bytes (46 MB) copied, 2.225775 s, 20.7 MB/s
2026-05-19 06:31:40,667 DEBUG   75497472 bytes (75 MB) copied, 3.258220 s, 23.2 MB/s
2026-05-19 06:31:40,667 DEBUG   103809024 bytes (104 MB) copied, 4.313786 s, 24.1 MB/s
2026-05-19 06:31:40,667 DEBUG   134217728 bytes (134 MB) copied, 5.408875 s, 24.8 MB/s
2026-05-19 06:31:40,667 DEBUG   166723584 bytes (167 MB) copied, 6.523828 s, 25.6 MB/s
2026-05-19 06:31:40,667 DEBUG   198180864 bytes (198 MB) copied, 7.589847 s, 26.1 MB/s
2026-05-19 06:31:40,667 DEBUG   230686720 bytes (231 MB) copied, 8.675036 s, 26.6 MB/s
2026-05-19 06:31:40,667 DEBUG   258998272 bytes (259 MB) copied, 9.676718 s, 26.8 MB/s
2026-05-19 06:31:40,667 DEBUG   286261248 bytes (286 MB) copied, 10.704721 s, 26.7 MB/s
2026-05-19 06:31:40,667 DEBUG   314572800 bytes (315 MB) copied, 11.752796 s, 26.8 MB/s
2026-05-19 06:31:40,667 DEBUG   339738624 bytes (340 MB) copied, 12.772761 s, 26.6 MB/s
2026-05-19 06:31:40,667 DEBUG   361758720 bytes (362 MB) copied, 13.841802 s, 26.1 MB/s
2026-05-19 06:31:40,667 DEBUG   378535936 bytes (379 MB) copied, 14.847699 s, 25.5 MB/s
2026-05-19 06:31:40,667 DEBUG   397410304 bytes (397 MB) copied, 15.861753 s, 25.1 MB/s
2026-05-19 06:31:40,667 DEBUG   416284672 bytes (416 MB) copied, 16.912689 s, 24.6 MB/s
2026-05-19 06:31:40,667 DEBUG   432013312 bytes (432 MB) copied, 17.918681 s, 24.1 MB/s
2026-05-19 06:31:40,667 DEBUG   451936256 bytes (452 MB) copied, 18.924663 s, 23.9 MB/s
2026-05-19 06:31:40,667 DEBUG   471859200 bytes (472 MB) copied, 19.942656 s, 23.7 MB/s
2026-05-19 06:31:40,667 DEBUG   491782144 bytes (492 MB) copied, 20.965689 s, 23.5 MB/s
2026-05-19 06:31:40,667 DEBUG   511705088 bytes (512 MB) copied, 21.986654 s, 23.3 MB/s
2026-05-19 06:31:40,667 DEBUG   537919488 bytes (538 MB) copied, 23.016749 s, 23.4 MB/s
2026-05-19 06:31:40,667 DEBUG   563085312 bytes (563 MB) copied, 24.037726 s, 23.4 MB/s
2026-05-19 06:31:40,667 DEBUG   592445440 bytes (592 MB) copied, 25.038291 s, 23.7 MB/s
2026-05-19 06:31:40,667 DEBUG   613416960 bytes (613 MB) copied, 26.040662 s, 23.6 MB/s
2026-05-19 06:31:40,667 DEBUG   636485632 bytes (636 MB) copied, 27.131634 s, 23.5 MB/s
2026-05-19 06:31:40,667 DEBUG   658505728 bytes (659 MB) copied, 28.143639 s, 23.4 MB/s
2026-05-19 06:31:40,667 DEBUG   686817280 bytes (687 MB) copied, 29.148653 s, 23.6 MB/s
2026-05-19 06:31:40,667 DEBUG   713031680 bytes (713 MB) copied, 30.190646 s, 23.6 MB/s
2026-05-19 06:31:40,667 DEBUG   732954624 bytes (733 MB) copied, 31.242794 s, 23.5 MB/s
2026-05-19 06:31:40,667 DEBUG   756023296 bytes (756 MB) copied, 32.292196 s, 23.4 MB/s
2026-05-19 06:31:40,667 DEBUG   793772032 bytes (794 MB) copied, 33.334660 s, 23.8 MB/s
2026-05-19 06:31:40,667 DEBUG   831520768 bytes (832 MB) copied, 34.339688 s, 24.2 MB/s
2026-05-19 06:31:40,667 DEBUG   870318080 bytes (870 MB) copied, 35.401742 s, 24.6 MB/s
2026-05-19 06:31:40,667 DEBUG   900726784 bytes (901 MB) copied, 36.477711 s, 24.7 MB/s
2026-05-19 06:31:40,667 DEBUG   937426944 bytes (937 MB) copied, 37.490707 s, 25.0 MB/s
2026-05-19 06:31:40,667 DEBUG   967835648 bytes (968 MB) copied, 38.511892 s, 25.1 MB/s
2026-05-19 06:31:40,667 DEBUG   996147200 bytes (996 MB) copied, 39.530842 s, 25.2 MB/s
2026-05-19 06:31:40,667 DEBUG   1029701632 bytes (1.0 GB) copied, 40.532155 s, 25.4 MB/s
2026-05-19 06:31:40,667 DEBUG   1053818880 bytes (1.1 GB) copied, 41.546691 s, 25.4 MB/s
2026-05-19 06:31:40,667 DEBUG   1024+0 records in
2026-05-19 06:31:40,667 DEBUG   1024+0 records out
2026-05-19 06:31:40,667 DEBUG   1073741824 bytes (1.1 GB) copied, 42.0457 s, 25.5 MB/s
2026-05-19 06:31:40,668 DEBUG   OK (disk op exit 0)
2026-05-19 06:31:40,668 WARNING Guest disk op wall 44.5s (vm='ahv_ins_delete-0-260518-170126' ip=10.114.113.176 op=create ec=0) — includes SSH + guest disk command; if still high, check guest disk throughput vs. MiB settings.
2026-05-19 06:31:40,668 DEBUG [140/556] VM 4c874bde… (ahv_ins_delete-0-260518-171543) via 10.114.113.185 op=create
2026-05-19 06:31:40,668 DEBUG   remote: bash -lc 'set -e; _bs(){ printf '"'"'BULK_SNAP_T %s %s\n'"'"' "$1" "$(date +%s.%N 2>/dev/null || date +%s)"; }; _bs guest_start; _bs pipeline_start; openssl enc -aes-256-ctr -pass pass:"testing" -nosalt < /dev/zero 2>/dev/null | dd of=/root/dummy_snapshot_data_1.img bs=1M count=1024 iflag=fullblock status=progress; ec=$?; _bs pipeline_done; _bs guest_end; exit $ec'
2026-05-19 06:31:42,421 DEBUG   BULK_SNAP_T guest_start 1779139859.621810511
2026-05-19 06:31:42,421 DEBUG   BULK_SNAP_T pipeline_start 1779139859.633843213
2026-05-19 06:31:42,421 DEBUG   BULK_SNAP_T pipeline_done 1779139901.944198444
2026-05-19 06:31:42,421 DEBUG   BULK_SNAP_T guest_end 1779139901.956673277
2026-05-19 06:31:42,421 DEBUG   
2026-05-19 06:31:42,421 DEBUG   23068672 bytes (23 MB) copied, 1.187940 s, 19.4 MB/s
2026-05-19 06:31:42,421 DEBUG   47185920 bytes (47 MB) copied, 2.196979 s, 21.5 MB/s
2026-05-19 06:31:42,421 DEBUG   74448896 bytes (74 MB) copied, 3.331952 s, 22.3 MB/s
2026-05-19 06:31:42,422 DEBUG   114294784 bytes (114 MB) copied, 4.442930 s, 25.7 MB/s
2026-05-19 06:31:42,422 DEBUG   145752064 bytes (146 MB) copied, 5.491895 s, 26.5 MB/s
2026-05-19 06:31:42,422 DEBUG   173015040 bytes (173 MB) copied, 6.519006 s, 26.5 MB/s
2026-05-19 06:31:42,422 DEBUG   202375168 bytes (202 MB) copied, 7.557898 s, 26.8 MB/s
2026-05-19 06:31:42,422 DEBUG   229638144 bytes (230 MB) copied, 8.572917 s, 26.8 MB/s
2026-05-19 06:31:42,422 DEBUG   255852544 bytes (256 MB) copied, 9.591922 s, 26.7 MB/s
2026-05-19 06:31:42,422 DEBUG   285212672 bytes (285 MB) copied, 10.631916 s, 26.8 MB/s
2026-05-19 06:31:42,422 DEBUG   307232768 bytes (307 MB) copied, 11.671836 s, 26.3 MB/s
2026-05-19 06:31:42,422 DEBUG   325058560 bytes (325 MB) copied, 12.678827 s, 25.6 MB/s
2026-05-19 06:31:42,422 DEBUG   342884352 bytes (343 MB) copied, 13.737018 s, 25.0 MB/s
2026-05-19 06:31:42,422 DEBUG   360710144 bytes (361 MB) copied, 14.780007 s, 24.4 MB/s
2026-05-19 06:31:42,422 DEBUG   376438784 bytes (376 MB) copied, 15.864866 s, 23.7 MB/s
2026-05-19 06:31:42,422 DEBUG   396361728 bytes (396 MB) copied, 16.866834 s, 23.5 MB/s
2026-05-19 06:31:42,422 DEBUG   413138944 bytes (413 MB) copied, 17.866860 s, 23.1 MB/s
2026-05-19 06:31:42,422 DEBUG   430964736 bytes (431 MB) copied, 18.965075 s, 22.7 MB/s
2026-05-19 06:31:42,422 DEBUG   451936256 bytes (452 MB) copied, 19.975888 s, 22.6 MB/s
2026-05-19 06:31:42,422 DEBUG   476053504 bytes (476 MB) copied, 21.035911 s, 22.6 MB/s
2026-05-19 06:31:42,422 DEBUG   505413632 bytes (505 MB) copied, 22.114863 s, 22.9 MB/s
2026-05-19 06:31:42,422 DEBUG   528482304 bytes (528 MB) copied, 23.121842 s, 22.9 MB/s
2026-05-19 06:31:42,422 DEBUG   552599552 bytes (553 MB) copied, 24.142844 s, 22.9 MB/s
2026-05-19 06:31:42,422 DEBUG   579862528 bytes (580 MB) copied, 25.155348 s, 23.1 MB/s
2026-05-19 06:31:42,422 DEBUG   609222656 bytes (609 MB) copied, 26.285168 s, 23.2 MB/s
2026-05-19 06:31:42,422 DEBUG   636485632 bytes (636 MB) copied, 27.352891 s, 23.3 MB/s
2026-05-19 06:31:42,422 DEBUG   658505728 bytes (659 MB) copied, 28.465099 s, 23.1 MB/s
2026-05-19 06:31:42,422 DEBUG   685768704 bytes (686 MB) copied, 29.496825 s, 23.2 MB/s
2026-05-19 06:31:42,422 DEBUG   706740224 bytes (707 MB) copied, 30.526863 s, 23.2 MB/s
2026-05-19 06:31:42,422 DEBUG   742391808 bytes (742 MB) copied, 31.560832 s, 23.5 MB/s
2026-05-19 06:31:42,422 DEBUG   771751936 bytes (772 MB) copied, 32.563795 s, 23.7 MB/s
2026-05-19 06:31:42,422 DEBUG   804257792 bytes (804 MB) copied, 33.581933 s, 23.9 MB/s
2026-05-19 06:31:42,422 DEBUG   833617920 bytes (834 MB) copied, 34.629927 s, 24.1 MB/s
2026-05-19 06:31:42,422 DEBUG   865075200 bytes (865 MB) copied, 35.656866 s, 24.3 MB/s
2026-05-19 06:31:42,422 DEBUG   899678208 bytes (900 MB) copied, 36.700921 s, 24.5 MB/s
2026-05-19 06:31:42,422 DEBUG   935329792 bytes (935 MB) copied, 37.751882 s, 24.8 MB/s
2026-05-19 06:31:42,422 DEBUG   965738496 bytes (966 MB) copied, 38.760179 s, 24.9 MB/s
2026-05-19 06:31:42,422 DEBUG   993001472 bytes (993 MB) copied, 39.773931 s, 25.0 MB/s
2026-05-19 06:31:42,422 DEBUG   1027604480 bytes (1.0 GB) copied, 40.815865 s, 25.2 MB/s
2026-05-19 06:31:42,422 DEBUG   1064304640 bytes (1.1 GB) copied, 41.835845 s, 25.4 MB/s
2026-05-19 06:31:42,422 DEBUG   1024+0 records in
2026-05-19 06:31:42,422 DEBUG   1024+0 records out
2026-05-19 06:31:42,422 DEBUG   1073741824 bytes (1.1 GB) copied, 42.1729 s, 25.5 MB/s
2026-05-19 06:31:42,422 DEBUG   OK (disk op exit 0)
2026-05-19 06:31:42,423 WARNING Guest disk op wall 44.5s (vm='ahv_ins_delete-0-260518-170130' ip=10.114.113.182 op=create ec=0) — includes SSH + guest disk command; if still high, check guest disk throughput vs. MiB settings.
2026-05-19 06:31:42,423 DEBUG [141/556] VM 28d4e1f7… (ahv_ins_delete-0-260518-171547) via 10.114.121.37 op=create
2026-05-19 06:31:42,423 DEBUG   remote: bash -lc 'set -e; _bs(){ printf '"'"'BULK_SNAP_T %s %s\n'"'"' "$1" "$(date +%s.%N 2>/dev/null || date +%s)"; }; _bs guest_start; _bs pipeline_start; openssl enc -aes-256-ctr -pass pass:"testing" -nosalt < /dev/zero 2>/dev/null | dd of=/root/dummy_snapshot_data_1.img bs=1M count=1024 iflag=fullblock status=progress; ec=$?; _bs pipeline_done; _bs guest_end; exit $ec'
2026-05-19 06:31:54,678 DEBUG   BULK_SNAP_T guest_start 1779139870.876709802
2026-05-19 06:31:54,679 DEBUG   BULK_SNAP_T pipeline_start 1779139870.881394827
2026-05-19 06:31:54,679 DEBUG   BULK_SNAP_T pipeline_done 1779139912.761336985
2026-05-19 06:31:54,679 DEBUG   BULK_SNAP_T guest_end 1779139912.773176281
2026-05-19 06:31:54,679 DEBUG   
2026-05-19 06:31:54,679 DEBUG   15728640 bytes (16 MB) copied, 1.131358 s, 13.9 MB/s
2026-05-19 06:31:54,679 DEBUG   33554432 bytes (34 MB) copied, 2.132448 s, 15.7 MB/s
2026-05-19 06:31:54,679 DEBUG   53477376 bytes (53 MB) copied, 3.164343 s, 16.9 MB/s
2026-05-19 06:31:54,679 DEBUG   72351744 bytes (72 MB) copied, 4.300106 s, 16.8 MB/s
2026-05-19 06:31:54,679 DEBUG   94371840 bytes (94 MB) copied, 5.411309 s, 17.4 MB/s
2026-05-19 06:31:54,679 DEBUG   112197632 bytes (112 MB) copied, 6.532107 s, 17.2 MB/s
2026-05-19 06:31:54,679 DEBUG   132120576 bytes (132 MB) copied, 7.540458 s, 17.5 MB/s
2026-05-19 06:31:54,679 DEBUG   153092096 bytes (153 MB) copied, 8.618061 s, 17.8 MB/s
2026-05-19 06:31:54,679 DEBUG   178257920 bytes (178 MB) copied, 9.711017 s, 18.4 MB/s
2026-05-19 06:31:54,679 DEBUG   198180864 bytes (198 MB) copied, 10.769991 s, 18.4 MB/s
2026-05-19 06:31:54,679 DEBUG   220200960 bytes (220 MB) copied, 11.866951 s, 18.6 MB/s
2026-05-19 06:31:54,679 DEBUG   244318208 bytes (244 MB) copied, 12.898002 s, 18.9 MB/s
2026-05-19 06:31:54,679 DEBUG   272629760 bytes (273 MB) copied, 13.915018 s, 19.6 MB/s
2026-05-19 06:31:54,679 DEBUG   304087040 bytes (304 MB) copied, 14.929011 s, 20.4 MB/s
2026-05-19 06:31:54,679 DEBUG   346030080 bytes (346 MB) copied, 15.955953 s, 21.7 MB/s
2026-05-19 06:31:54,679 DEBUG   372244480 bytes (372 MB) copied, 16.956950 s, 22.0 MB/s
2026-05-19 06:31:54,679 DEBUG   406847488 bytes (407 MB) copied, 17.993106 s, 22.6 MB/s
2026-05-19 06:31:54,679 DEBUG   451936256 bytes (452 MB) copied, 18.993571 s, 23.8 MB/s
2026-05-19 06:31:54,679 DEBUG   483393536 bytes (483 MB) copied, 20.013061 s, 24.2 MB/s
2026-05-19 06:31:54,679 DEBUG   516947968 bytes (517 MB) copied, 21.015366 s, 24.6 MB/s
2026-05-19 06:31:54,679 DEBUG   550502400 bytes (551 MB) copied, 22.055050 s, 25.0 MB/s
2026-05-19 06:31:54,679 DEBUG   580911104 bytes (581 MB) copied, 23.070556 s, 25.2 MB/s
2026-05-19 06:31:54,679 DEBUG   610271232 bytes (610 MB) copied, 24.108054 s, 25.3 MB/s
2026-05-19 06:31:54,679 DEBUG   650117120 bytes (650 MB) copied, 25.147983 s, 25.9 MB/s
2026-05-19 06:31:54,679 DEBUG   683671552 bytes (684 MB) copied, 26.197573 s, 26.1 MB/s
2026-05-19 06:31:54,679 DEBUG   716177408 bytes (716 MB) copied, 27.197962 s, 26.3 MB/s
2026-05-19 06:31:54,679 DEBUG   746586112 bytes (747 MB) copied, 28.212041 s, 26.5 MB/s
2026-05-19 06:31:54,679 DEBUG   783286272 bytes (783 MB) copied, 29.218243 s, 26.8 MB/s
2026-05-19 06:31:54,679 DEBUG   815792128 bytes (816 MB) copied, 30.252935 s, 27.0 MB/s
2026-05-19 06:31:54,679 DEBUG   848297984 bytes (848 MB) copied, 31.263958 s, 27.1 MB/s
2026-05-19 06:31:54,679 DEBUG   879755264 bytes (880 MB) copied, 32.284435 s, 27.3 MB/s
2026-05-19 06:31:54,679 DEBUG   896532480 bytes (897 MB) copied, 33.285978 s, 26.9 MB/s
2026-05-19 06:31:54,679 DEBUG   917504000 bytes (918 MB) copied, 34.289993 s, 26.8 MB/s
2026-05-19 06:31:54,679 DEBUG   935329792 bytes (935 MB) copied, 35.291953 s, 26.5 MB/s
2026-05-19 06:31:54,679 DEBUG   957349888 bytes (957 MB) copied, 36.301969 s, 26.4 MB/s
2026-05-19 06:31:54,679 DEBUG   976224256 bytes (976 MB) copied, 37.409971 s, 26.1 MB/s
2026-05-19 06:31:54,679 DEBUG   996147200 bytes (996 MB) copied, 38.491098 s, 25.9 MB/s
2026-05-19 06:31:54,679 DEBUG   1021313024 bytes (1.0 GB) copied, 39.512224 s, 25.8 MB/s
2026-05-19 06:31:54,679 DEBUG   1047527424 bytes (1.0 GB) copied, 40.553463 s, 25.8 MB/s
2026-05-19 06:31:54,679 DEBUG   1072693248 bytes (1.1 GB) copied, 41.635023 s, 25.8 MB/s
2026-05-19 06:31:54,679 DEBUG   1024+0 records in
2026-05-19 06:31:54,680 DEBUG   1024+0 records out
2026-05-19 06:31:54,680 DEBUG   1073741824 bytes (1.1 GB) copied, 41.7111 s, 25.7 MB/s
2026-05-19 06:31:54,680 DEBUG   OK (disk op exit 0)
2026-05-19 06:31:54,680 WARNING Guest disk op wall 45.0s (vm='ahv_ins_delete-0-260518-170231' ip=10.114.113.179 op=create ec=0) — includes SSH + guest disk command; if still high, check guest disk throughput vs. MiB settings.
2026-05-19 06:31:54,680 DEBUG [142/556] VM 5935709a… (ahv_ins_delete-0-260518-171547) via 10.114.113.186 op=create
2026-05-19 06:31:54,680 DEBUG   remote: bash -lc 'set -e; _bs(){ printf '"'"'BULK_SNAP_T %s %s\n'"'"' "$1" "$(date +%s.%N 2>/dev/null || date +%s)"; }; _bs guest_start; _bs pipeline_start; openssl enc -aes-256-ctr -pass pass:"testing" -nosalt < /dev/zero 2>/dev/null | dd of=/root/dummy_snapshot_data_1.img bs=1M count=1024 iflag=fullblock status=progress; ec=$?; _bs pipeline_done; _bs guest_end; exit $ec'
2026-05-19 06:32:01,182 DEBUG   BULK_SNAP_T guest_start 1779139885.901370743
2026-05-19 06:32:01,182 DEBUG   BULK_SNAP_T pipeline_start 1779139885.910815993
2026-05-19 06:32:01,182 DEBUG   BULK_SNAP_T pipeline_done 1779139919.786893165
2026-05-19 06:32:01,182 DEBUG   BULK_SNAP_T guest_end 1779139919.791138155
2026-05-19 06:32:01,182 DEBUG   
2026-05-19 06:32:01,182 DEBUG   16777216 bytes (17 MB) copied, 1.082679 s, 15.5 MB/s
2026-05-19 06:32:01,183 DEBUG   37748736 bytes (38 MB) copied, 2.240483 s, 16.8 MB/s
2026-05-19 06:32:01,183 DEBUG   60817408 bytes (61 MB) copied, 3.425521 s, 17.8 MB/s
2026-05-19 06:32:01,183 DEBUG   87031808 bytes (87 MB) copied, 4.427582 s, 19.7 MB/s
2026-05-19 06:32:01,183 DEBUG   118489088 bytes (118 MB) copied, 5.454407 s, 21.7 MB/s
2026-05-19 06:32:01,183 DEBUG   144703488 bytes (145 MB) copied, 6.518543 s, 22.2 MB/s
2026-05-19 06:32:01,183 DEBUG   180355072 bytes (180 MB) copied, 7.665769 s, 23.5 MB/s
2026-05-19 06:32:01,183 DEBUG   214958080 bytes (215 MB) copied, 8.718270 s, 24.7 MB/s
2026-05-19 06:32:01,183 DEBUG   251658240 bytes (252 MB) copied, 9.771395 s, 25.8 MB/s
2026-05-19 06:32:01,183 DEBUG   294649856 bytes (295 MB) copied, 10.822414 s, 27.2 MB/s
2026-05-19 06:32:01,183 DEBUG   326107136 bytes (326 MB) copied, 11.881363 s, 27.4 MB/s
2026-05-19 06:32:01,183 DEBUG   362807296 bytes (363 MB) copied, 12.924256 s, 28.1 MB/s
2026-05-19 06:32:01,183 DEBUG   399507456 bytes (400 MB) copied, 13.932269 s, 28.7 MB/s
2026-05-19 06:32:01,183 DEBUG   436207616 bytes (436 MB) copied, 14.932902 s, 29.2 MB/s
2026-05-19 06:32:01,183 DEBUG   491782144 bytes (492 MB) copied, 15.937356 s, 30.9 MB/s
2026-05-19 06:32:01,183 DEBUG   531628032 bytes (532 MB) copied, 16.940818 s, 31.4 MB/s
2026-05-19 06:32:01,183 DEBUG   568328192 bytes (568 MB) copied, 17.950335 s, 31.7 MB/s
2026-05-19 06:32:01,183 DEBUG   595591168 bytes (596 MB) copied, 18.962570 s, 31.4 MB/s
2026-05-19 06:32:01,183 DEBUG   624951296 bytes (625 MB) copied, 19.972295 s, 31.3 MB/s
2026-05-19 06:32:01,183 DEBUG   661651456 bytes (662 MB) copied, 21.038376 s, 31.4 MB/s
2026-05-19 06:32:01,183 DEBUG   699400192 bytes (699 MB) copied, 22.197350 s, 31.5 MB/s
2026-05-19 06:32:01,183 DEBUG   722468864 bytes (722 MB) copied, 23.229276 s, 31.1 MB/s
2026-05-19 06:32:01,183 DEBUG   754974720 bytes (755 MB) copied, 24.230351 s, 31.2 MB/s
2026-05-19 06:32:01,183 DEBUG   789577728 bytes (790 MB) copied, 25.256536 s, 31.3 MB/s
2026-05-19 06:32:01,183 DEBUG   836763648 bytes (837 MB) copied, 26.322355 s, 31.8 MB/s
2026-05-19 06:32:01,183 DEBUG   878706688 bytes (879 MB) copied, 27.415757 s, 32.1 MB/s
2026-05-19 06:32:01,183 DEBUG   904921088 bytes (905 MB) copied, 28.538521 s, 31.7 MB/s
2026-05-19 06:32:01,183 DEBUG   941621248 bytes (942 MB) copied, 29.552511 s, 31.9 MB/s
2026-05-19 06:32:01,183 DEBUG   980418560 bytes (980 MB) copied, 30.689472 s, 31.9 MB/s
2026-05-19 06:32:01,183 DEBUG   1011875840 bytes (1.0 GB) copied, 31.696210 s, 31.9 MB/s
2026-05-19 06:32:01,183 DEBUG   1051721728 bytes (1.1 GB) copied, 32.735305 s, 32.1 MB/s
2026-05-19 06:32:01,183 DEBUG   1024+0 records in
2026-05-19 06:32:01,183 DEBUG   1024+0 records out
2026-05-19 06:32:01,183 DEBUG   1073741824 bytes (1.1 GB) copied, 33.6453 s, 31.9 MB/s
2026-05-19 06:32:01,183 DEBUG   OK (disk op exit 0)
2026-05-19 06:32:01,183 WARNING Guest disk op wall 36.3s (vm='ahv_ins_delete-0-260518-170657' ip=10.114.113.189 op=create ec=0) — includes SSH + guest disk command; if still high, check guest disk throughput vs. MiB settings.
2026-05-19 06:32:01,184 DEBUG [143/556] VM 4e772c65… (ahv_ins_delete-0-260518-172053) via 10.114.113.165 op=create
2026-05-19 06:32:01,184 DEBUG   remote: bash -lc 'set -e; _bs(){ printf '"'"'BULK_SNAP_T %s %s\n'"'"' "$1" "$(date +%s.%N 2>/dev/null || date +%s)"; }; _bs guest_start; _bs pipeline_start; openssl enc -aes-256-ctr -pass pass:"testing" -nosalt < /dev/zero 2>/dev/null | dd of=/root/dummy_snapshot_data_1.img bs=1M count=1024 iflag=fullblock status=progress; ec=$?; _bs pipeline_done; _bs guest_end; exit $ec'
2026-05-19 06:32:03,934 DEBUG   BULK_SNAP_T guest_start 1779139885.375243654
2026-05-19 06:32:03,934 DEBUG   BULK_SNAP_T pipeline_start 1779139885.384487278
2026-05-19 06:32:03,934 DEBUG   BULK_SNAP_T pipeline_done 1779139922.697973162
2026-05-19 06:32:03,934 DEBUG   BULK_SNAP_T guest_end 1779139922.706694411
2026-05-19 06:32:03,934 DEBUG   
2026-05-19 06:32:03,934 DEBUG   15728640 bytes (16 MB) copied, 1.153147 s, 13.6 MB/s
2026-05-19 06:32:03,934 DEBUG   28311552 bytes (28 MB) copied, 2.196146 s, 12.9 MB/s
2026-05-19 06:32:03,934 DEBUG   44040192 bytes (44 MB) copied, 3.198270 s, 13.8 MB/s
2026-05-19 06:32:03,934 DEBUG   62914560 bytes (63 MB) copied, 4.244209 s, 14.8 MB/s
2026-05-19 06:32:03,934 DEBUG   88080384 bytes (88 MB) copied, 5.268254 s, 16.7 MB/s
2026-05-19 06:32:03,934 DEBUG   114294784 bytes (114 MB) copied, 6.328174 s, 18.1 MB/s
2026-05-19 06:32:03,934 DEBUG   138412032 bytes (138 MB) copied, 7.340169 s, 18.9 MB/s
2026-05-19 06:32:03,934 DEBUG   162529280 bytes (163 MB) copied, 8.392339 s, 19.4 MB/s
2026-05-19 06:32:03,934 DEBUG   191889408 bytes (192 MB) copied, 9.451220 s, 20.3 MB/s
2026-05-19 06:32:03,934 DEBUG   223346688 bytes (223 MB) copied, 10.578175 s, 21.1 MB/s
2026-05-19 06:32:03,935 DEBUG   265289728 bytes (265 MB) copied, 11.588253 s, 22.9 MB/s
2026-05-19 06:32:03,935 DEBUG   294649856 bytes (295 MB) copied, 12.601184 s, 23.4 MB/s
2026-05-19 06:32:03,935 DEBUG   324009984 bytes (324 MB) copied, 13.640254 s, 23.8 MB/s
2026-05-19 06:32:03,935 DEBUG   359661568 bytes (360 MB) copied, 14.664186 s, 24.5 MB/s
2026-05-19 06:32:03,935 DEBUG   401604608 bytes (402 MB) copied, 15.671342 s, 25.6 MB/s
2026-05-19 06:32:03,935 DEBUG   435159040 bytes (435 MB) copied, 16.821146 s, 25.9 MB/s
2026-05-19 06:32:03,935 DEBUG   471859200 bytes (472 MB) copied, 17.831087 s, 26.5 MB/s
2026-05-19 06:32:03,935 DEBUG   491782144 bytes (492 MB) copied, 18.845070 s, 26.1 MB/s
2026-05-19 06:32:03,935 DEBUG   512753664 bytes (513 MB) copied, 19.850168 s, 25.8 MB/s
2026-05-19 06:32:03,935 DEBUG   551550976 bytes (552 MB) copied, 20.866123 s, 26.4 MB/s
2026-05-19 06:32:03,935 DEBUG   583008256 bytes (583 MB) copied, 21.897158 s, 26.6 MB/s
2026-05-19 06:32:03,935 DEBUG   613416960 bytes (613 MB) copied, 22.899137 s, 26.8 MB/s
2026-05-19 06:32:03,935 DEBUG   650117120 bytes (650 MB) copied, 23.997138 s, 27.1 MB/s
2026-05-19 06:32:03,935 DEBUG   687865856 bytes (688 MB) copied, 24.999122 s, 27.5 MB/s
2026-05-19 06:32:03,935 DEBUG   717225984 bytes (717 MB) copied, 26.013724 s, 27.6 MB/s
2026-05-19 06:32:03,935 DEBUG   741343232 bytes (741 MB) copied, 27.023368 s, 27.4 MB/s
2026-05-19 06:32:03,935 DEBUG   781189120 bytes (781 MB) copied, 28.035449 s, 27.9 MB/s
2026-05-19 06:32:03,935 DEBUG   812646400 bytes (813 MB) copied, 29.070421 s, 28.0 MB/s
2026-05-19 06:32:03,935 DEBUG   842006528 bytes (842 MB) copied, 30.225555 s, 27.9 MB/s
2026-05-19 06:32:03,935 DEBUG   868220928 bytes (868 MB) copied, 31.273357 s, 27.8 MB/s
2026-05-19 06:32:03,935 DEBUG   899678208 bytes (900 MB) copied, 32.370405 s, 27.8 MB/s
2026-05-19 06:32:03,935 DEBUG   940572672 bytes (941 MB) copied, 33.524142 s, 28.1 MB/s
2026-05-19 06:32:03,936 DEBUG   976224256 bytes (976 MB) copied, 34.684106 s, 28.1 MB/s
2026-05-19 06:32:03,936 DEBUG   1022361600 bytes (1.0 GB) copied, 35.692272 s, 28.6 MB/s
2026-05-19 06:32:03,936 DEBUG   1058013184 bytes (1.1 GB) copied, 36.723290 s, 28.8 MB/s
2026-05-19 06:32:03,936 DEBUG   1024+0 records in
2026-05-19 06:32:03,936 DEBUG   1024+0 records out
2026-05-19 06:32:03,936 DEBUG   1073741824 bytes (1.1 GB) copied, 37.1372 s, 28.9 MB/s
2026-05-19 06:32:03,936 DEBUG   OK (disk op exit 0)
2026-05-19 06:32:03,936 WARNING Guest disk op wall 39.8s (vm='ahv_ins_delete-0-260518-170232' ip=10.114.121.49 op=create ec=0) — includes SSH + guest disk command; if still high, check guest disk throughput vs. MiB settings.
2026-05-19 06:32:03,936 DEBUG [144/556] VM 21afd9c8… (ahv_ins_delete-0-260518-172126) via 10.114.113.164 op=create
2026-05-19 06:32:03,937 DEBUG   remote: bash -lc 'set -e; _bs(){ printf '"'"'BULK_SNAP_T %s %s\n'"'"' "$1" "$(date +%s.%N 2>/dev/null || date +%s)"; }; _bs guest_start; _bs pipeline_start; openssl enc -aes-256-ctr -pass pass:"testing" -nosalt < /dev/zero 2>/dev/null | dd of=/root/dummy_snapshot_data_1.img bs=1M count=1024 iflag=fullblock status=progress; ec=$?; _bs pipeline_done; _bs guest_end; exit $ec'
2026-05-19 06:32:11,188 DEBUG   BULK_SNAP_T guest_start 1779139887.412175151
2026-05-19 06:32:11,188 DEBUG   BULK_SNAP_T pipeline_start 1779139887.417104074
2026-05-19 06:32:11,188 DEBUG   BULK_SNAP_T pipeline_done 1779139929.548856741
2026-05-19 06:32:11,188 DEBUG   BULK_SNAP_T guest_end 1779139929.553706785
2026-05-19 06:32:11,188 DEBUG   
2026-05-19 06:32:11,188 DEBUG   38797312 bytes (39 MB) copied, 1.022162 s, 38.0 MB/s
2026-05-19 06:32:11,188 DEBUG   54525952 bytes (55 MB) copied, 2.059442 s, 26.5 MB/s
2026-05-19 06:32:11,188 DEBUG   83886080 bytes (84 MB) copied, 3.193032 s, 26.3 MB/s
2026-05-19 06:32:11,188 DEBUG   111149056 bytes (111 MB) copied, 4.225261 s, 26.3 MB/s
2026-05-19 06:32:11,188 DEBUG   136314880 bytes (136 MB) copied, 5.271239 s, 25.9 MB/s
2026-05-19 06:32:11,188 DEBUG   158334976 bytes (158 MB) copied, 6.284445 s, 25.2 MB/s
2026-05-19 06:32:11,188 DEBUG   188743680 bytes (189 MB) copied, 7.291737 s, 25.9 MB/s
2026-05-19 06:32:11,188 DEBUG   218103808 bytes (218 MB) copied, 8.344425 s, 26.1 MB/s
2026-05-19 06:32:11,188 DEBUG   245366784 bytes (245 MB) copied, 9.406441 s, 26.1 MB/s
2026-05-19 06:32:11,188 DEBUG   271581184 bytes (272 MB) copied, 10.450344 s, 26.0 MB/s
2026-05-19 06:32:11,188 DEBUG   303038464 bytes (303 MB) copied, 11.503231 s, 26.3 MB/s
2026-05-19 06:32:11,188 DEBUG   334495744 bytes (334 MB) copied, 12.561222 s, 26.6 MB/s
2026-05-19 06:32:11,188 DEBUG   363855872 bytes (364 MB) copied, 13.578373 s, 26.8 MB/s
2026-05-19 06:32:11,188 DEBUG   395313152 bytes (395 MB) copied, 14.585229 s, 27.1 MB/s
2026-05-19 06:32:11,188 DEBUG   421527552 bytes (422 MB) copied, 15.601337 s, 27.0 MB/s
2026-05-19 06:32:11,188 DEBUG   443547648 bytes (444 MB) copied, 16.612205 s, 26.7 MB/s
2026-05-19 06:32:11,188 DEBUG   462422016 bytes (462 MB) copied, 17.630230 s, 26.2 MB/s
2026-05-19 06:32:11,188 DEBUG   485490688 bytes (485 MB) copied, 18.683729 s, 26.0 MB/s
2026-05-19 06:32:11,188 DEBUG   507510784 bytes (508 MB) copied, 19.720508 s, 25.7 MB/s
2026-05-19 06:32:11,188 DEBUG   531628032 bytes (532 MB) copied, 20.763175 s, 25.6 MB/s
2026-05-19 06:32:11,188 DEBUG   545259520 bytes (545 MB) copied, 21.797399 s, 25.0 MB/s
2026-05-19 06:32:11,188 DEBUG   568328192 bytes (568 MB) copied, 22.925241 s, 24.8 MB/s
2026-05-19 06:32:11,188 DEBUG   597688320 bytes (598 MB) copied, 23.946565 s, 25.0 MB/s
2026-05-19 06:32:11,189 DEBUG   614465536 bytes (614 MB) copied, 25.062180 s, 24.5 MB/s
2026-05-19 06:32:11,189 DEBUG   642777088 bytes (643 MB) copied, 26.125291 s, 24.6 MB/s
2026-05-19 06:32:11,189 DEBUG   664797184 bytes (665 MB) copied, 27.319225 s, 24.3 MB/s
2026-05-19 06:32:11,189 DEBUG   683671552 bytes (684 MB) copied, 28.333283 s, 24.1 MB/s
2026-05-19 06:32:11,189 DEBUG   703594496 bytes (704 MB) copied, 29.385344 s, 23.9 MB/s
2026-05-19 06:32:11,189 DEBUG   730857472 bytes (731 MB) copied, 30.406302 s, 24.0 MB/s
2026-05-19 06:32:11,189 DEBUG   754974720 bytes (755 MB) copied, 31.439283 s, 24.0 MB/s
2026-05-19 06:32:11,189 DEBUG   776994816 bytes (777 MB) copied, 32.442785 s, 23.9 MB/s
2026-05-19 06:32:11,189 DEBUG   811597824 bytes (812 MB) copied, 33.445597 s, 24.3 MB/s
2026-05-19 06:32:11,189 DEBUG   839909376 bytes (840 MB) copied, 34.459745 s, 24.4 MB/s
2026-05-19 06:32:11,189 DEBUG   875560960 bytes (876 MB) copied, 35.478898 s, 24.7 MB/s
2026-05-19 06:32:11,189 DEBUG   909115392 bytes (909 MB) copied, 36.487184 s, 24.9 MB/s
2026-05-19 06:32:11,189 DEBUG   941621248 bytes (942 MB) copied, 37.535230 s, 25.1 MB/s
2026-05-19 06:32:11,189 DEBUG   976224256 bytes (976 MB) copied, 38.545243 s, 25.3 MB/s
2026-05-19 06:32:11,189 DEBUG   1000341504 bytes (1.0 GB) copied, 39.577180 s, 25.3 MB/s
2026-05-19 06:32:11,189 DEBUG   1031798784 bytes (1.0 GB) copied, 40.586364 s, 25.4 MB/s
2026-05-19 06:32:11,189 DEBUG   1064304640 bytes (1.1 GB) copied, 41.663173 s, 25.5 MB/s
2026-05-19 06:32:11,189 DEBUG   1024+0 records in
2026-05-19 06:32:11,189 DEBUG   1024+0 records out
2026-05-19 06:32:11,189 DEBUG   1073741824 bytes (1.1 GB) copied, 42.0046 s, 25.6 MB/s
2026-05-19 06:32:11,189 DEBUG   OK (disk op exit 0)
2026-05-19 06:32:11,189 WARNING Guest disk op wall 44.5s (vm='ahv_ins_delete-0-260518-170704' ip=10.114.113.178 op=create ec=0) — includes SSH + guest disk command; if still high, check guest disk throughput vs. MiB settings.
2026-05-19 06:32:11,189 DEBUG [145/556] VM 42538108… (ahv_ins_delete-0-260518-172127) via 10.114.113.167 op=create
2026-05-19 06:32:11,190 DEBUG   remote: bash -lc 'set -e; _bs(){ printf '"'"'BULK_SNAP_T %s %s\n'"'"' "$1" "$(date +%s.%N 2>/dev/null || date +%s)"; }; _bs guest_start; _bs pipeline_start; openssl enc -aes-256-ctr -pass pass:"testing" -nosalt < /dev/zero 2>/dev/null | dd of=/root/dummy_snapshot_data_1.img bs=1M count=1024 iflag=fullblock status=progress; ec=$?; _bs pipeline_done; _bs guest_end; exit $ec'
2026-05-19 06:32:15,940 DEBUG   BULK_SNAP_T guest_start 1779139890.542348384
2026-05-19 06:32:15,940 DEBUG   BULK_SNAP_T pipeline_start 1779139890.546516270
2026-05-19 06:32:15,940 DEBUG   BULK_SNAP_T pipeline_done 1779139934.678869502
2026-05-19 06:32:15,940 DEBUG   BULK_SNAP_T guest_end 1779139934.690150429
2026-05-19 06:32:15,940 DEBUG   
2026-05-19 06:32:15,940 DEBUG   16777216 bytes (17 MB) copied, 1.026208 s, 16.3 MB/s
2026-05-19 06:32:15,940 DEBUG   31457280 bytes (31 MB) copied, 2.034198 s, 15.5 MB/s
2026-05-19 06:32:15,941 DEBUG   52428800 bytes (52 MB) copied, 3.088340 s, 17.0 MB/s
2026-05-19 06:32:15,941 DEBUG   78643200 bytes (79 MB) copied, 4.179280 s, 18.8 MB/s
2026-05-19 06:32:15,941 DEBUG   102760448 bytes (103 MB) copied, 5.215449 s, 19.7 MB/s
2026-05-19 06:32:15,941 DEBUG   126877696 bytes (127 MB) copied, 6.225840 s, 20.4 MB/s
2026-05-19 06:32:15,941 DEBUG   148897792 bytes (149 MB) copied, 7.281927 s, 20.4 MB/s
2026-05-19 06:32:15,941 DEBUG   176160768 bytes (176 MB) copied, 8.320903 s, 21.2 MB/s
2026-05-19 06:32:15,941 DEBUG   217055232 bytes (217 MB) copied, 9.322910 s, 23.3 MB/s
2026-05-19 06:32:15,941 DEBUG   247463936 bytes (247 MB) copied, 10.372872 s, 23.9 MB/s
2026-05-19 06:32:15,941 DEBUG   275775488 bytes (276 MB) copied, 11.383802 s, 24.2 MB/s
2026-05-19 06:32:15,941 DEBUG   314572800 bytes (315 MB) copied, 12.471868 s, 25.2 MB/s
2026-05-19 06:32:15,941 DEBUG   351272960 bytes (351 MB) copied, 13.489902 s, 26.0 MB/s
2026-05-19 06:32:15,941 DEBUG   387973120 bytes (388 MB) copied, 14.554038 s, 26.7 MB/s
2026-05-19 06:32:15,941 DEBUG   411041792 bytes (411 MB) copied, 15.577840 s, 26.4 MB/s
2026-05-19 06:32:15,941 DEBUG   436207616 bytes (436 MB) copied, 16.650813 s, 26.2 MB/s
2026-05-19 06:32:15,941 DEBUG   462422016 bytes (462 MB) copied, 17.742835 s, 26.1 MB/s
2026-05-19 06:32:15,941 DEBUG   480247808 bytes (480 MB) copied, 18.750028 s, 25.6 MB/s
2026-05-19 06:32:15,941 DEBUG   507510784 bytes (508 MB) copied, 19.808943 s, 25.6 MB/s
2026-05-19 06:32:15,941 DEBUG   525336576 bytes (525 MB) copied, 20.824950 s, 25.2 MB/s
2026-05-19 06:32:15,941 DEBUG   547356672 bytes (547 MB) copied, 21.840908 s, 25.1 MB/s
2026-05-19 06:32:15,941 DEBUG   568328192 bytes (568 MB) copied, 22.893953 s, 24.8 MB/s
2026-05-19 06:32:15,941 DEBUG   588251136 bytes (588 MB) copied, 23.999987 s, 24.5 MB/s
2026-05-19 06:32:15,941 DEBUG   616562688 bytes (617 MB) copied, 25.007345 s, 24.7 MB/s
2026-05-19 06:32:15,941 DEBUG   633339904 bytes (633 MB) copied, 26.058993 s, 24.3 MB/s
2026-05-19 06:32:15,941 DEBUG   655360000 bytes (655 MB) copied, 27.171884 s, 24.1 MB/s
2026-05-19 06:32:15,941 DEBUG   680525824 bytes (681 MB) copied, 28.187155 s, 24.1 MB/s
2026-05-19 06:32:15,941 DEBUG   707788800 bytes (708 MB) copied, 29.204875 s, 24.2 MB/s
2026-05-19 06:32:15,941 DEBUG   728760320 bytes (729 MB) copied, 30.215999 s, 24.1 MB/s
2026-05-19 06:32:15,941 DEBUG   753926144 bytes (754 MB) copied, 31.217129 s, 24.2 MB/s
2026-05-19 06:32:15,941 DEBUG   776994816 bytes (777 MB) copied, 32.252139 s, 24.1 MB/s
2026-05-19 06:32:15,941 DEBUG   802160640 bytes (802 MB) copied, 33.281944 s, 24.1 MB/s
2026-05-19 06:32:15,941 DEBUG   832569344 bytes (833 MB) copied, 34.396004 s, 24.2 MB/s
2026-05-19 06:32:15,941 DEBUG   854589440 bytes (855 MB) copied, 35.412831 s, 24.1 MB/s
2026-05-19 06:32:15,941 DEBUG   876609536 bytes (877 MB) copied, 36.595962 s, 24.0 MB/s
2026-05-19 06:32:15,941 DEBUG   896532480 bytes (897 MB) copied, 37.602915 s, 23.8 MB/s
2026-05-19 06:32:15,941 DEBUG   922746880 bytes (923 MB) copied, 38.670980 s, 23.9 MB/s
2026-05-19 06:32:15,941 DEBUG   948961280 bytes (949 MB) copied, 39.677083 s, 23.9 MB/s
2026-05-19 06:32:15,941 DEBUG   972029952 bytes (972 MB) copied, 40.759887 s, 23.8 MB/s
2026-05-19 06:32:15,941 DEBUG   1001390080 bytes (1.0 GB) copied, 41.782903 s, 24.0 MB/s
2026-05-19 06:32:15,941 DEBUG   1029701632 bytes (1.0 GB) copied, 42.806846 s, 24.1 MB/s
2026-05-19 06:32:15,941 DEBUG   1058013184 bytes (1.1 GB) copied, 43.823945 s, 24.1 MB/s
2026-05-19 06:32:15,941 DEBUG   1024+0 records in
2026-05-19 06:32:15,941 DEBUG   1024+0 records out
2026-05-19 06:32:15,941 DEBUG   1073741824 bytes (1.1 GB) copied, 44.0394 s, 24.4 MB/s
2026-05-19 06:32:15,941 DEBUG   OK (disk op exit 0)
2026-05-19 06:32:15,942 WARNING Guest disk op wall 46.3s (vm='ahv_ins_delete-0-260518-170801' ip=10.114.121.60 op=create ec=0) — includes SSH + guest disk command; if still high, check guest disk throughput vs. MiB settings.
2026-05-19 06:32:15,942 DEBUG [146/556] VM e3331d1d… (ahv_ins_delete-0-260518-172129) via 10.114.121.38 op=create
2026-05-19 06:32:15,942 DEBUG   remote: bash -lc 'set -e; _bs(){ printf '"'"'BULK_SNAP_T %s %s\n'"'"' "$1" "$(date +%s.%N 2>/dev/null || date +%s)"; }; _bs guest_start; _bs pipeline_start; openssl enc -aes-256-ctr -pass pass:"testing" -nosalt < /dev/zero 2>/dev/null | dd of=/root/dummy_snapshot_data_1.img bs=1M count=1024 iflag=fullblock status=progress; ec=$?; _bs pipeline_done; _bs guest_end; exit $ec'
2026-05-19 06:32:18,942 DEBUG   BULK_SNAP_T guest_start 1779139891.205510218
2026-05-19 06:32:18,942 DEBUG   BULK_SNAP_T pipeline_start 1779139891.211865961
2026-05-19 06:32:18,942 DEBUG   BULK_SNAP_T pipeline_done 1779139937.629910417
2026-05-19 06:32:18,942 DEBUG   BULK_SNAP_T guest_end 1779139937.643266952
2026-05-19 06:32:18,942 DEBUG   
2026-05-19 06:32:18,942 DEBUG   45088768 bytes (45 MB) copied, 1.210238 s, 37.3 MB/s
2026-05-19 06:32:18,942 DEBUG   72351744 bytes (72 MB) copied, 2.391304 s, 30.3 MB/s
2026-05-19 06:32:18,942 DEBUG   101711872 bytes (102 MB) copied, 3.433526 s, 29.6 MB/s
2026-05-19 06:32:18,942 DEBUG   135266304 bytes (135 MB) copied, 4.519175 s, 29.9 MB/s
2026-05-19 06:32:18,942 DEBUG   168820736 bytes (169 MB) copied, 5.643054 s, 29.9 MB/s
2026-05-19 06:32:18,942 DEBUG   197132288 bytes (197 MB) copied, 6.644980 s, 29.7 MB/s
2026-05-19 06:32:18,942 DEBUG   226492416 bytes (226 MB) copied, 7.691318 s, 29.4 MB/s
2026-05-19 06:32:18,942 DEBUG   260046848 bytes (260 MB) copied, 8.718057 s, 29.8 MB/s
2026-05-19 06:32:18,942 DEBUG   290455552 bytes (290 MB) copied, 9.733062 s, 29.8 MB/s
2026-05-19 06:32:18,942 DEBUG   318767104 bytes (319 MB) copied, 10.820193 s, 29.5 MB/s
2026-05-19 06:32:18,943 DEBUG   342884352 bytes (343 MB) copied, 11.888108 s, 28.8 MB/s
2026-05-19 06:32:18,943 DEBUG   360710144 bytes (361 MB) copied, 12.908008 s, 27.9 MB/s
2026-05-19 06:32:18,943 DEBUG   382730240 bytes (383 MB) copied, 13.939015 s, 27.5 MB/s
2026-05-19 06:32:18,943 DEBUG   401604608 bytes (402 MB) copied, 14.963066 s, 26.8 MB/s
2026-05-19 06:32:18,943 DEBUG   423624704 bytes (424 MB) copied, 16.013979 s, 26.5 MB/s
2026-05-19 06:32:18,943 DEBUG   443547648 bytes (444 MB) copied, 17.018040 s, 26.1 MB/s
2026-05-19 06:32:18,943 DEBUG   457179136 bytes (457 MB) copied, 18.056078 s, 25.3 MB/s
2026-05-19 06:32:18,943 DEBUG   476053504 bytes (476 MB) copied, 19.062075 s, 25.0 MB/s
2026-05-19 06:32:18,943 DEBUG   494927872 bytes (495 MB) copied, 20.089157 s, 24.6 MB/s
2026-05-19 06:32:18,943 DEBUG   510656512 bytes (511 MB) copied, 21.095051 s, 24.2 MB/s
2026-05-19 06:32:18,943 DEBUG   534773760 bytes (535 MB) copied, 22.103029 s, 24.2 MB/s
2026-05-19 06:32:18,943 DEBUG   557842432 bytes (558 MB) copied, 23.108291 s, 24.1 MB/s
2026-05-19 06:32:18,943 DEBUG   581959680 bytes (582 MB) copied, 24.116226 s, 24.1 MB/s
2026-05-19 06:32:18,943 DEBUG   602931200 bytes (603 MB) copied, 25.251073 s, 23.9 MB/s
2026-05-19 06:32:18,943 DEBUG   621805568 bytes (622 MB) copied, 26.270126 s, 23.7 MB/s
2026-05-19 06:32:18,943 DEBUG   639631360 bytes (640 MB) copied, 27.408198 s, 23.3 MB/s
2026-05-19 06:32:18,943 DEBUG   661651456 bytes (662 MB) copied, 28.414269 s, 23.3 MB/s
2026-05-19 06:32:18,943 DEBUG   687865856 bytes (688 MB) copied, 29.415104 s, 23.4 MB/s
2026-05-19 06:32:18,943 DEBUG   709885952 bytes (710 MB) copied, 30.431121 s, 23.3 MB/s
2026-05-19 06:32:18,943 DEBUG   734003200 bytes (734 MB) copied, 31.449112 s, 23.3 MB/s
2026-05-19 06:32:18,943 DEBUG   756023296 bytes (756 MB) copied, 32.461020 s, 23.3 MB/s
2026-05-19 06:32:18,943 DEBUG   781189120 bytes (781 MB) copied, 33.464129 s, 23.3 MB/s
2026-05-19 06:32:18,943 DEBUG   811597824 bytes (812 MB) copied, 34.509031 s, 23.5 MB/s
2026-05-19 06:32:18,943 DEBUG   830472192 bytes (830 MB) copied, 35.671464 s, 23.3 MB/s
2026-05-19 06:32:18,943 DEBUG   850395136 bytes (850 MB) copied, 36.732165 s, 23.2 MB/s
2026-05-19 06:32:18,943 DEBUG   873463808 bytes (873 MB) copied, 37.803611 s, 23.1 MB/s
2026-05-19 06:32:18,943 DEBUG   901775360 bytes (902 MB) copied, 38.859177 s, 23.2 MB/s
2026-05-19 06:32:18,943 DEBUG   924844032 bytes (925 MB) copied, 39.873047 s, 23.2 MB/s
2026-05-19 06:32:18,943 DEBUG   950009856 bytes (950 MB) copied, 40.891665 s, 23.2 MB/s
2026-05-19 06:32:18,943 DEBUG   974127104 bytes (974 MB) copied, 41.914581 s, 23.2 MB/s
2026-05-19 06:32:18,943 DEBUG   1001390080 bytes (1.0 GB) copied, 42.922458 s, 23.3 MB/s
2026-05-19 06:32:18,944 DEBUG   1028653056 bytes (1.0 GB) copied, 44.022028 s, 23.4 MB/s
2026-05-19 06:32:18,944 DEBUG   1049624576 bytes (1.0 GB) copied, 45.040989 s, 23.3 MB/s
2026-05-19 06:32:18,944 DEBUG   1024+0 records in
2026-05-19 06:32:18,944 DEBUG   1024+0 records out
2026-05-19 06:32:18,944 DEBUG   1073741824 bytes (1.1 GB) copied, 45.9334 s, 23.4 MB/s
2026-05-19 06:32:18,944 DEBUG   OK (disk op exit 0)
2026-05-19 06:32:18,944 WARNING Guest disk op wall 48.8s (vm='ahv_ins_delete-0-260518-170802' ip=10.114.113.188 op=create ec=0) — includes SSH + guest disk command; if still high, check guest disk throughput vs. MiB settings.
2026-05-19 06:32:18,944 DEBUG [147/556] VM ad10409a… (ahv_ins_delete-0-260518-172130) via 10.114.121.35 op=create
2026-05-19 06:32:18,945 DEBUG   remote: bash -lc 'set -e; _bs(){ printf '"'"'BULK_SNAP_T %s %s\n'"'"' "$1" "$(date +%s.%N 2>/dev/null || date +%s)"; }; _bs guest_start; _bs pipeline_start; openssl enc -aes-256-ctr -pass pass:"testing" -nosalt < /dev/zero 2>/dev/null | dd of=/root/dummy_snapshot_data_1.img bs=1M count=1024 iflag=fullblock status=progress; ec=$?; _bs pipeline_done; _bs guest_end; exit $ec'
2026-05-19 06:32:26,195 DEBUG   BULK_SNAP_T guest_start 1779139897.428641897
2026-05-19 06:32:26,195 DEBUG   BULK_SNAP_T pipeline_start 1779139897.434290150
2026-05-19 06:32:26,195 DEBUG   BULK_SNAP_T pipeline_done 1779139944.890601328
2026-05-19 06:32:26,195 DEBUG   BULK_SNAP_T guest_end 1779139944.896458658
2026-05-19 06:32:26,195 DEBUG   
2026-05-19 06:32:26,195 DEBUG   17825792 bytes (18 MB) copied, 1.125225 s, 15.8 MB/s
2026-05-19 06:32:26,196 DEBUG   34603008 bytes (35 MB) copied, 2.282458 s, 15.2 MB/s
2026-05-19 06:32:26,196 DEBUG   58720256 bytes (59 MB) copied, 3.299228 s, 17.8 MB/s
2026-05-19 06:32:26,196 DEBUG   83886080 bytes (84 MB) copied, 4.305058 s, 19.5 MB/s
2026-05-19 06:32:26,196 DEBUG   103809024 bytes (104 MB) copied, 5.318281 s, 19.5 MB/s
2026-05-19 06:32:26,196 DEBUG   125829120 bytes (126 MB) copied, 6.329271 s, 19.9 MB/s
2026-05-19 06:32:26,196 DEBUG   141557760 bytes (142 MB) copied, 7.332184 s, 19.3 MB/s
2026-05-19 06:32:26,196 DEBUG   159383552 bytes (159 MB) copied, 8.476469 s, 18.8 MB/s
2026-05-19 06:32:26,196 DEBUG   175112192 bytes (175 MB) copied, 9.515097 s, 18.4 MB/s
2026-05-19 06:32:26,196 DEBUG   193986560 bytes (194 MB) copied, 10.523106 s, 18.4 MB/s
2026-05-19 06:32:26,196 DEBUG   208666624 bytes (209 MB) copied, 11.645095 s, 17.9 MB/s
2026-05-19 06:32:26,196 DEBUG   225443840 bytes (225 MB) copied, 12.691094 s, 17.8 MB/s
2026-05-19 06:32:26,196 DEBUG   244318208 bytes (244 MB) copied, 13.696075 s, 17.8 MB/s
2026-05-19 06:32:26,196 DEBUG   263192576 bytes (263 MB) copied, 14.713129 s, 17.9 MB/s
2026-05-19 06:32:26,196 DEBUG   281018368 bytes (281 MB) copied, 15.743200 s, 17.9 MB/s
2026-05-19 06:32:26,196 DEBUG   301989888 bytes (302 MB) copied, 16.819056 s, 18.0 MB/s
2026-05-19 06:32:26,196 DEBUG   322961408 bytes (323 MB) copied, 17.837186 s, 18.1 MB/s
2026-05-19 06:32:26,196 DEBUG   340787200 bytes (341 MB) copied, 18.860099 s, 18.1 MB/s
2026-05-19 06:32:26,196 DEBUG   361758720 bytes (362 MB) copied, 19.967055 s, 18.1 MB/s
2026-05-19 06:32:26,196 DEBUG   377487360 bytes (377 MB) copied, 20.991068 s, 18.0 MB/s
2026-05-19 06:32:26,196 DEBUG   394264576 bytes (394 MB) copied, 21.997213 s, 17.9 MB/s
2026-05-19 06:32:26,196 DEBUG   419430400 bytes (419 MB) copied, 23.019069 s, 18.2 MB/s
2026-05-19 06:32:26,196 DEBUG   448790528 bytes (449 MB) copied, 24.038281 s, 18.7 MB/s
2026-05-19 06:32:26,196 DEBUG   473956352 bytes (474 MB) copied, 25.045069 s, 18.9 MB/s
2026-05-19 06:32:26,196 DEBUG   500170752 bytes (500 MB) copied, 26.071287 s, 19.2 MB/s
2026-05-19 06:32:26,196 DEBUG   530579456 bytes (531 MB) copied, 27.145117 s, 19.5 MB/s
2026-05-19 06:32:26,196 DEBUG   560988160 bytes (561 MB) copied, 28.149121 s, 19.9 MB/s
2026-05-19 06:32:26,196 DEBUG   579862528 bytes (580 MB) copied, 29.204033 s, 19.9 MB/s
2026-05-19 06:32:26,196 DEBUG   600834048 bytes (601 MB) copied, 30.230057 s, 19.9 MB/s
2026-05-19 06:32:26,196 DEBUG   629145600 bytes (629 MB) copied, 31.266345 s, 20.1 MB/s
2026-05-19 06:32:26,196 DEBUG   657457152 bytes (657 MB) copied, 32.297076 s, 20.4 MB/s
2026-05-19 06:32:26,196 DEBUG   682622976 bytes (683 MB) copied, 33.315093 s, 20.5 MB/s
2026-05-19 06:32:26,196 DEBUG   717225984 bytes (717 MB) copied, 34.348223 s, 20.9 MB/s
2026-05-19 06:32:26,196 DEBUG   749731840 bytes (750 MB) copied, 35.354066 s, 21.2 MB/s
2026-05-19 06:32:26,196 DEBUG   787480576 bytes (787 MB) copied, 36.370385 s, 21.7 MB/s
2026-05-19 06:32:26,196 DEBUG   819986432 bytes (820 MB) copied, 37.411271 s, 21.9 MB/s
2026-05-19 06:32:26,196 DEBUG   845152256 bytes (845 MB) copied, 38.418229 s, 22.0 MB/s
2026-05-19 06:32:26,196 DEBUG   874512384 bytes (875 MB) copied, 39.535050 s, 22.1 MB/s
2026-05-19 06:32:26,197 DEBUG   907018240 bytes (907 MB) copied, 40.535073 s, 22.4 MB/s
2026-05-19 06:32:26,197 DEBUG   938475520 bytes (938 MB) copied, 41.602122 s, 22.6 MB/s
2026-05-19 06:32:26,197 DEBUG   965738496 bytes (966 MB) copied, 42.671230 s, 22.6 MB/s
2026-05-19 06:32:26,197 DEBUG   995098624 bytes (995 MB) copied, 43.692154 s, 22.8 MB/s
2026-05-19 06:32:26,197 DEBUG   1018167296 bytes (1.0 GB) copied, 44.771035 s, 22.7 MB/s
2026-05-19 06:32:26,197 DEBUG   1041235968 bytes (1.0 GB) copied, 45.805226 s, 22.7 MB/s
2026-05-19 06:32:26,197 DEBUG   1064304640 bytes (1.1 GB) copied, 46.820048 s, 22.7 MB/s
2026-05-19 06:32:26,197 DEBUG   1024+0 records in
2026-05-19 06:32:26,197 DEBUG   1024+0 records out
2026-05-19 06:32:26,197 DEBUG   1073741824 bytes (1.1 GB) copied, 47.3091 s, 22.7 MB/s
2026-05-19 06:32:26,197 DEBUG   OK (disk op exit 0)
2026-05-19 06:32:26,197 WARNING Guest disk op wall 50.0s (vm='ahv_ins_delete-0-260518-171533' ip=10.114.121.56 op=create ec=0) — includes SSH + guest disk command; if still high, check guest disk throughput vs. MiB settings.
2026-05-19 06:32:26,197 DEBUG [148/556] VM 6c075a1f… (ahv_ins_delete-0-260518-172612) via 10.114.121.34 op=create
2026-05-19 06:32:26,197 DEBUG   remote: bash -lc 'set -e; _bs(){ printf '"'"'BULK_SNAP_T %s %s\n'"'"' "$1" "$(date +%s.%N 2>/dev/null || date +%s)"; }; _bs guest_start; _bs pipeline_start; openssl enc -aes-256-ctr -pass pass:"testing" -nosalt < /dev/zero 2>/dev/null | dd of=/root/dummy_snapshot_data_1.img bs=1M count=1024 iflag=fullblock status=progress; ec=$?; _bs pipeline_done; _bs guest_end; exit $ec'
2026-05-19 06:32:28,448 DEBUG   BULK_SNAP_T guest_start 1779139901.822981324
2026-05-19 06:32:28,448 DEBUG   BULK_SNAP_T pipeline_start 1779139901.831112693
2026-05-19 06:32:28,448 DEBUG   BULK_SNAP_T pipeline_done 1779139947.355559011
2026-05-19 06:32:28,448 DEBUG   BULK_SNAP_T guest_end 1779139947.369001122
2026-05-19 06:32:28,448 DEBUG   
2026-05-19 06:32:28,448 DEBUG   19922944 bytes (20 MB) copied, 1.062331 s, 18.8 MB/s
2026-05-19 06:32:28,448 DEBUG   45088768 bytes (45 MB) copied, 2.156201 s, 20.9 MB/s
2026-05-19 06:32:28,448 DEBUG   69206016 bytes (69 MB) copied, 3.288915 s, 21.0 MB/s
2026-05-19 06:32:28,448 DEBUG   87031808 bytes (87 MB) copied, 4.292044 s, 20.3 MB/s
2026-05-19 06:32:28,448 DEBUG   111149056 bytes (111 MB) copied, 5.346778 s, 20.8 MB/s
2026-05-19 06:32:28,448 DEBUG   135266304 bytes (135 MB) copied, 6.398770 s, 21.1 MB/s
2026-05-19 06:32:28,448 DEBUG   147849216 bytes (148 MB) copied, 7.418794 s, 19.9 MB/s
2026-05-19 06:32:28,448 DEBUG   173015040 bytes (173 MB) copied, 8.510779 s, 20.3 MB/s
2026-05-19 06:32:28,448 DEBUG   192937984 bytes (193 MB) copied, 9.556902 s, 20.2 MB/s
2026-05-19 06:32:28,448 DEBUG   213909504 bytes (214 MB) copied, 10.598862 s, 20.2 MB/s
2026-05-19 06:32:28,448 DEBUG   232783872 bytes (233 MB) copied, 11.615760 s, 20.0 MB/s
2026-05-19 06:32:28,448 DEBUG   250609664 bytes (251 MB) copied, 12.628816 s, 19.8 MB/s
2026-05-19 06:32:28,448 DEBUG   271581184 bytes (272 MB) copied, 13.662780 s, 19.9 MB/s
2026-05-19 06:32:28,448 DEBUG   290455552 bytes (290 MB) copied, 14.685856 s, 19.8 MB/s
2026-05-19 06:32:28,448 DEBUG   308281344 bytes (308 MB) copied, 15.705803 s, 19.6 MB/s
2026-05-19 06:32:28,448 DEBUG   326107136 bytes (326 MB) copied, 16.769791 s, 19.4 MB/s
2026-05-19 06:32:28,448 DEBUG   344981504 bytes (345 MB) copied, 17.803742 s, 19.4 MB/s
2026-05-19 06:32:28,448 DEBUG   370147328 bytes (370 MB) copied, 18.840919 s, 19.6 MB/s
2026-05-19 06:32:28,448 DEBUG   402653184 bytes (403 MB) copied, 19.847834 s, 20.3 MB/s
2026-05-19 06:32:28,448 DEBUG   427819008 bytes (428 MB) copied, 20.877842 s, 20.5 MB/s
2026-05-19 06:32:28,448 DEBUG   451936256 bytes (452 MB) copied, 21.892132 s, 20.6 MB/s
2026-05-19 06:32:28,448 DEBUG   486539264 bytes (487 MB) copied, 22.929069 s, 21.2 MB/s
2026-05-19 06:32:28,448 DEBUG   508559360 bytes (509 MB) copied, 23.970859 s, 21.2 MB/s
2026-05-19 06:32:28,448 DEBUG   540016640 bytes (540 MB) copied, 24.995875 s, 21.6 MB/s
2026-05-19 06:32:28,449 DEBUG   563085312 bytes (563 MB) copied, 26.065281 s, 21.6 MB/s
2026-05-19 06:32:28,449 DEBUG   593494016 bytes (593 MB) copied, 27.082811 s, 21.9 MB/s
2026-05-19 06:32:28,449 DEBUG   622854144 bytes (623 MB) copied, 28.118823 s, 22.2 MB/s
2026-05-19 06:32:28,449 DEBUG   646971392 bytes (647 MB) copied, 29.121803 s, 22.2 MB/s
2026-05-19 06:32:28,449 DEBUG   677380096 bytes (677 MB) copied, 30.127780 s, 22.5 MB/s
2026-05-19 06:32:28,449 DEBUG   702545920 bytes (703 MB) copied, 31.134270 s, 22.6 MB/s
2026-05-19 06:32:28,449 DEBUG   732954624 bytes (733 MB) copied, 32.137771 s, 22.8 MB/s
2026-05-19 06:32:28,449 DEBUG   763363328 bytes (763 MB) copied, 33.192798 s, 23.0 MB/s
2026-05-19 06:32:28,449 DEBUG   792723456 bytes (793 MB) copied, 34.209814 s, 23.2 MB/s
2026-05-19 06:32:28,449 DEBUG   826277888 bytes (826 MB) copied, 35.220942 s, 23.5 MB/s
2026-05-19 06:32:28,449 DEBUG   854589440 bytes (855 MB) copied, 36.253818 s, 23.6 MB/s
2026-05-19 06:32:28,449 DEBUG   884998144 bytes (885 MB) copied, 37.316786 s, 23.7 MB/s
2026-05-19 06:32:28,449 DEBUG   911212544 bytes (911 MB) copied, 38.372223 s, 23.7 MB/s
2026-05-19 06:32:28,449 DEBUG   940572672 bytes (941 MB) copied, 39.420818 s, 23.9 MB/s
2026-05-19 06:32:28,449 DEBUG   961544192 bytes (962 MB) copied, 40.435754 s, 23.8 MB/s
2026-05-19 06:32:28,449 DEBUG   986710016 bytes (987 MB) copied, 41.455771 s, 23.8 MB/s
2026-05-19 06:32:28,449 DEBUG   1010827264 bytes (1.0 GB) copied, 42.457962 s, 23.8 MB/s
2026-05-19 06:32:28,449 DEBUG   1035993088 bytes (1.0 GB) copied, 43.577234 s, 23.8 MB/s
2026-05-19 06:32:28,449 DEBUG   1055916032 bytes (1.1 GB) copied, 44.605279 s, 23.7 MB/s
2026-05-19 06:32:28,449 DEBUG   1024+0 records in
2026-05-19 06:32:28,449 DEBUG   1024+0 records out
2026-05-19 06:32:28,449 DEBUG   1073741824 bytes (1.1 GB) copied, 45.3376 s, 23.7 MB/s
2026-05-19 06:32:28,449 DEBUG   OK (disk op exit 0)
2026-05-19 06:32:28,449 WARNING Guest disk op wall 47.8s (vm='ahv_ins_delete-0-260518-171543' ip=10.114.113.185 op=create ec=0) — includes SSH + guest disk command; if still high, check guest disk throughput vs. MiB settings.
2026-05-19 06:32:28,450 DEBUG [149/556] VM b6b976cc… (ahv_ins_delete-0-260518-172641) via 10.114.113.161 op=create
2026-05-19 06:32:28,450 DEBUG   remote: bash -lc 'set -e; _bs(){ printf '"'"'BULK_SNAP_T %s %s\n'"'"' "$1" "$(date +%s.%N 2>/dev/null || date +%s)"; }; _bs guest_start; _bs pipeline_start; openssl enc -aes-256-ctr -pass pass:"testing" -nosalt < /dev/zero 2>/dev/null | dd of=/root/dummy_snapshot_data_1.img bs=1M count=1024 iflag=fullblock status=progress; ec=$?; _bs pipeline_done; _bs guest_end; exit $ec'
2026-05-19 06:32:28,947 DEBUG   BULK_SNAP_T guest_start 1779139901.375826475
2026-05-19 06:32:28,947 DEBUG   BULK_SNAP_T pipeline_start 1779139901.383968511
2026-05-19 06:32:28,947 DEBUG   BULK_SNAP_T pipeline_done 1779139948.145697230
2026-05-19 06:32:28,947 DEBUG   BULK_SNAP_T guest_end 1779139948.161656505
2026-05-19 06:32:28,947 DEBUG   
2026-05-19 06:32:28,947 DEBUG   25165824 bytes (25 MB) copied, 1.197435 s, 21.0 MB/s
2026-05-19 06:32:28,947 DEBUG   49283072 bytes (49 MB) copied, 2.229164 s, 22.1 MB/s
2026-05-19 06:32:28,948 DEBUG   67108864 bytes (67 MB) copied, 3.261803 s, 20.6 MB/s
2026-05-19 06:32:28,948 DEBUG   96468992 bytes (96 MB) copied, 4.332998 s, 22.3 MB/s
2026-05-19 06:32:28,948 DEBUG   117440512 bytes (117 MB) copied, 5.338852 s, 22.0 MB/s
2026-05-19 06:32:28,948 DEBUG   138412032 bytes (138 MB) copied, 6.347012 s, 21.8 MB/s
2026-05-19 06:32:28,948 DEBUG   159383552 bytes (159 MB) copied, 7.503011 s, 21.2 MB/s
2026-05-19 06:32:28,948 DEBUG   188743680 bytes (189 MB) copied, 8.506849 s, 22.2 MB/s
2026-05-19 06:32:28,948 DEBUG   212860928 bytes (213 MB) copied, 9.534960 s, 22.3 MB/s
2026-05-19 06:32:28,948 DEBUG   229638144 bytes (230 MB) copied, 10.552869 s, 21.8 MB/s
2026-05-19 06:32:28,948 DEBUG   245366784 bytes (245 MB) copied, 11.627823 s, 21.1 MB/s
2026-05-19 06:32:28,948 DEBUG   266338304 bytes (266 MB) copied, 12.664828 s, 21.0 MB/s
2026-05-19 06:32:28,948 DEBUG   284164096 bytes (284 MB) copied, 13.739922 s, 20.7 MB/s
2026-05-19 06:32:28,948 DEBUG   301989888 bytes (302 MB) copied, 14.805879 s, 20.4 MB/s
2026-05-19 06:32:28,948 DEBUG   319815680 bytes (320 MB) copied, 15.869960 s, 20.2 MB/s
2026-05-19 06:32:28,948 DEBUG   340787200 bytes (341 MB) copied, 16.872042 s, 20.2 MB/s
2026-05-19 06:32:28,948 DEBUG   357564416 bytes (358 MB) copied, 17.875926 s, 20.0 MB/s
2026-05-19 06:32:28,948 DEBUG   377487360 bytes (377 MB) copied, 18.887785 s, 20.0 MB/s
2026-05-19 06:32:28,948 DEBUG   400556032 bytes (401 MB) copied, 19.898888 s, 20.1 MB/s
2026-05-19 06:32:28,948 DEBUG   430964736 bytes (431 MB) copied, 20.924920 s, 20.6 MB/s
2026-05-19 06:32:28,948 DEBUG   456130560 bytes (456 MB) copied, 22.012914 s, 20.7 MB/s
2026-05-19 06:32:28,948 DEBUG   478150656 bytes (478 MB) copied, 23.013795 s, 20.8 MB/s
2026-05-19 06:32:28,948 DEBUG   508559360 bytes (509 MB) copied, 24.030263 s, 21.2 MB/s
2026-05-19 06:32:28,948 DEBUG   537919488 bytes (538 MB) copied, 25.104971 s, 21.4 MB/s
2026-05-19 06:32:28,948 DEBUG   562036736 bytes (562 MB) copied, 26.156851 s, 21.5 MB/s
2026-05-19 06:32:28,948 DEBUG   589299712 bytes (589 MB) copied, 27.182899 s, 21.7 MB/s
2026-05-19 06:32:28,948 DEBUG   611319808 bytes (611 MB) copied, 28.205912 s, 21.7 MB/s
2026-05-19 06:32:28,948 DEBUG   638582784 bytes (639 MB) copied, 29.217784 s, 21.9 MB/s
2026-05-19 06:32:28,948 DEBUG   666894336 bytes (667 MB) copied, 30.217840 s, 22.1 MB/s
2026-05-19 06:32:28,948 DEBUG   699400192 bytes (699 MB) copied, 31.224820 s, 22.4 MB/s
2026-05-19 06:32:28,948 DEBUG   724566016 bytes (725 MB) copied, 32.227003 s, 22.5 MB/s
2026-05-19 06:32:28,948 DEBUG   760217600 bytes (760 MB) copied, 33.311932 s, 22.8 MB/s
2026-05-19 06:32:28,948 DEBUG   790626304 bytes (791 MB) copied, 34.370824 s, 23.0 MB/s
2026-05-19 06:32:28,948 DEBUG   819986432 bytes (820 MB) copied, 35.454836 s, 23.1 MB/s
2026-05-19 06:32:28,948 DEBUG   845152256 bytes (845 MB) copied, 36.475895 s, 23.2 MB/s
2026-05-19 06:32:28,948 DEBUG   873463808 bytes (873 MB) copied, 37.508856 s, 23.3 MB/s
2026-05-19 06:32:28,948 DEBUG   900726784 bytes (901 MB) copied, 38.532203 s, 23.4 MB/s
2026-05-19 06:32:28,948 DEBUG   927989760 bytes (928 MB) copied, 39.615893 s, 23.4 MB/s
2026-05-19 06:32:28,948 DEBUG   954204160 bytes (954 MB) copied, 40.652888 s, 23.5 MB/s
2026-05-19 06:32:28,948 DEBUG   974127104 bytes (974 MB) copied, 41.661943 s, 23.4 MB/s
2026-05-19 06:32:28,948 DEBUG   1000341504 bytes (1.0 GB) copied, 42.759871 s, 23.4 MB/s
2026-05-19 06:32:28,948 DEBUG   1020264448 bytes (1.0 GB) copied, 43.845827 s, 23.3 MB/s
2026-05-19 06:32:28,948 DEBUG   1039138816 bytes (1.0 GB) copied, 44.905821 s, 23.1 MB/s
2026-05-19 06:32:28,948 DEBUG   1059061760 bytes (1.1 GB) copied, 45.949801 s, 23.0 MB/s
2026-05-19 06:32:28,948 DEBUG   1024+0 records in
2026-05-19 06:32:28,948 DEBUG   1024+0 records out
2026-05-19 06:32:28,948 DEBUG   1073741824 bytes (1.1 GB) copied, 46.6406 s, 23.0 MB/s
2026-05-19 06:32:28,948 DEBUG   OK (disk op exit 0)
2026-05-19 06:32:28,949 WARNING Guest disk op wall 49.0s (vm='ahv_ins_delete-0-260518-171538' ip=10.114.113.190 op=create ec=0) — includes SSH + guest disk command; if still high, check guest disk throughput vs. MiB settings.
2026-05-19 06:32:28,949 DEBUG [150/556] VM 7ad74eb3… (ahv_ins_delete-0-260518-172646) via 10.114.121.44 op=create
2026-05-19 06:32:28,949 DEBUG   remote: bash -lc 'set -e; _bs(){ printf '"'"'BULK_SNAP_T %s %s\n'"'"' "$1" "$(date +%s.%N 2>/dev/null || date +%s)"; }; _bs guest_start; _bs pipeline_start; openssl enc -aes-256-ctr -pass pass:"testing" -nosalt < /dev/zero 2>/dev/null | dd of=/root/dummy_snapshot_data_1.img bs=1M count=1024 iflag=fullblock status=progress; ec=$?; _bs pipeline_done; _bs guest_end; exit $ec'
2026-05-19 06:32:29,698 DEBUG   BULK_SNAP_T guest_start 1779139904.604218839
2026-05-19 06:32:29,699 DEBUG   BULK_SNAP_T pipeline_start 1779139904.607434325
2026-05-19 06:32:29,699 DEBUG   BULK_SNAP_T pipeline_done 1779139949.192346021
2026-05-19 06:32:29,699 DEBUG   BULK_SNAP_T guest_end 1779139949.217068583
2026-05-19 06:32:29,699 DEBUG   
2026-05-19 06:32:29,699 DEBUG   22020096 bytes (22 MB) copied, 1.207000 s, 18.2 MB/s
2026-05-19 06:32:29,699 DEBUG   44040192 bytes (44 MB) copied, 2.418304 s, 18.2 MB/s
2026-05-19 06:32:29,699 DEBUG   65011712 bytes (65 MB) copied, 3.564114 s, 18.2 MB/s
2026-05-19 06:32:29,699 DEBUG   90177536 bytes (90 MB) copied, 4.586316 s, 19.7 MB/s
2026-05-19 06:32:29,699 DEBUG   106954752 bytes (107 MB) copied, 5.590073 s, 19.1 MB/s
2026-05-19 06:32:29,699 DEBUG   131072000 bytes (131 MB) copied, 6.631209 s, 19.8 MB/s
2026-05-19 06:32:29,699 DEBUG   148897792 bytes (149 MB) copied, 7.642232 s, 19.5 MB/s
2026-05-19 06:32:29,699 DEBUG   168820736 bytes (169 MB) copied, 8.651114 s, 19.5 MB/s
2026-05-19 06:32:29,699 DEBUG   187695104 bytes (188 MB) copied, 9.720084 s, 19.3 MB/s
2026-05-19 06:32:29,699 DEBUG   208666624 bytes (209 MB) copied, 10.743139 s, 19.4 MB/s
2026-05-19 06:32:29,699 DEBUG   226492416 bytes (226 MB) copied, 11.789102 s, 19.2 MB/s
2026-05-19 06:32:29,699 DEBUG   245366784 bytes (245 MB) copied, 12.804036 s, 19.2 MB/s
2026-05-19 06:32:29,699 DEBUG   264241152 bytes (264 MB) copied, 13.855427 s, 19.1 MB/s
2026-05-19 06:32:29,699 DEBUG   283115520 bytes (283 MB) copied, 14.906204 s, 19.0 MB/s
2026-05-19 06:32:29,699 DEBUG   304087040 bytes (304 MB) copied, 15.989102 s, 19.0 MB/s
2026-05-19 06:32:29,699 DEBUG   337641472 bytes (338 MB) copied, 17.049368 s, 19.8 MB/s
2026-05-19 06:32:29,699 DEBUG   369098752 bytes (369 MB) copied, 18.086165 s, 20.4 MB/s
2026-05-19 06:32:29,699 DEBUG   392167424 bytes (392 MB) copied, 19.132074 s, 20.5 MB/s
2026-05-19 06:32:29,699 DEBUG   418381824 bytes (418 MB) copied, 20.153331 s, 20.8 MB/s
2026-05-19 06:32:29,699 DEBUG   447741952 bytes (448 MB) copied, 21.213135 s, 21.1 MB/s
2026-05-19 06:32:29,699 DEBUG   478150656 bytes (478 MB) copied, 22.331362 s, 21.4 MB/s
2026-05-19 06:32:29,699 DEBUG   504365056 bytes (504 MB) copied, 23.360379 s, 21.6 MB/s
2026-05-19 06:32:29,699 DEBUG   530579456 bytes (531 MB) copied, 24.408128 s, 21.7 MB/s
2026-05-19 06:32:29,699 DEBUG   557842432 bytes (558 MB) copied, 25.431090 s, 21.9 MB/s
2026-05-19 06:32:29,699 DEBUG   587202560 bytes (587 MB) copied, 26.477382 s, 22.2 MB/s
2026-05-19 06:32:29,699 DEBUG   615514112 bytes (616 MB) copied, 27.480064 s, 22.4 MB/s
2026-05-19 06:32:29,699 DEBUG   649068544 bytes (649 MB) copied, 28.495356 s, 22.8 MB/s
2026-05-19 06:32:29,699 DEBUG   683671552 bytes (684 MB) copied, 29.518143 s, 23.2 MB/s
2026-05-19 06:32:29,699 DEBUG   713031680 bytes (713 MB) copied, 30.550199 s, 23.3 MB/s
2026-05-19 06:32:29,699 DEBUG   742391808 bytes (742 MB) copied, 31.579050 s, 23.5 MB/s
2026-05-19 06:32:29,699 DEBUG   774897664 bytes (775 MB) copied, 32.581034 s, 23.8 MB/s
2026-05-19 06:32:29,699 DEBUG   808452096 bytes (808 MB) copied, 33.632121 s, 24.0 MB/s
2026-05-19 06:32:29,699 DEBUG   836763648 bytes (837 MB) copied, 34.642095 s, 24.2 MB/s
2026-05-19 06:32:29,699 DEBUG   869269504 bytes (869 MB) copied, 35.691057 s, 24.4 MB/s
2026-05-19 06:32:29,700 DEBUG   898629632 bytes (899 MB) copied, 36.756058 s, 24.4 MB/s
2026-05-19 06:32:29,700 DEBUG   921698304 bytes (922 MB) copied, 37.782008 s, 24.4 MB/s
2026-05-19 06:32:29,700 DEBUG   944766976 bytes (945 MB) copied, 38.856117 s, 24.3 MB/s
2026-05-19 06:32:29,700 DEBUG   976224256 bytes (976 MB) copied, 39.891124 s, 24.5 MB/s
2026-05-19 06:32:29,700 DEBUG   998244352 bytes (998 MB) copied, 40.945176 s, 24.4 MB/s
2026-05-19 06:32:29,700 DEBUG   1020264448 bytes (1.0 GB) copied, 41.986656 s, 24.3 MB/s
2026-05-19 06:32:29,700 DEBUG   1046478848 bytes (1.0 GB) copied, 42.995123 s, 24.3 MB/s
2026-05-19 06:32:29,700 DEBUG   1066401792 bytes (1.1 GB) copied, 44.068268 s, 24.2 MB/s
2026-05-19 06:32:29,700 DEBUG   1024+0 records in
2026-05-19 06:32:29,700 DEBUG   1024+0 records out
2026-05-19 06:32:29,700 DEBUG   1073741824 bytes (1.1 GB) copied, 44.4357 s, 24.2 MB/s
2026-05-19 06:32:29,700 DEBUG   OK (disk op exit 0)
2026-05-19 06:32:29,700 WARNING Guest disk op wall 47.3s (vm='ahv_ins_delete-0-260518-171547' ip=10.114.121.37 op=create ec=0) — includes SSH + guest disk command; if still high, check guest disk throughput vs. MiB settings.
2026-05-19 06:32:29,700 DEBUG [151/556] VM e84b092d… (ahv_ins_delete-0-260518-172705) via 10.114.121.47 op=create
2026-05-19 06:32:29,701 DEBUG   remote: bash -lc 'set -e; _bs(){ printf '"'"'BULK_SNAP_T %s %s\n'"'"' "$1" "$(date +%s.%N 2>/dev/null || date +%s)"; }; _bs guest_start; _bs pipeline_start; openssl enc -aes-256-ctr -pass pass:"testing" -nosalt < /dev/zero 2>/dev/null | dd of=/root/dummy_snapshot_data_1.img bs=1M count=1024 iflag=fullblock status=progress; ec=$?; _bs pipeline_done; _bs guest_end; exit $ec'
2026-05-19 06:32:39,959 DEBUG   BULK_SNAP_T guest_start 1779139916.336813536
2026-05-19 06:32:39,959 DEBUG   BULK_SNAP_T pipeline_start 1779139916.347519692
2026-05-19 06:32:39,959 DEBUG   BULK_SNAP_T pipeline_done 1779139958.815124537
2026-05-19 06:32:39,959 DEBUG   BULK_SNAP_T guest_end 1779139958.840680172
2026-05-19 06:32:39,959 DEBUG   
2026-05-19 06:32:39,959 DEBUG   17825792 bytes (18 MB) copied, 1.142371 s, 15.6 MB/s
2026-05-19 06:32:39,959 DEBUG   34603008 bytes (35 MB) copied, 2.324582 s, 14.9 MB/s
2026-05-19 06:32:39,959 DEBUG   53477376 bytes (53 MB) copied, 3.373459 s, 15.9 MB/s
2026-05-19 06:32:39,959 DEBUG   75497472 bytes (75 MB) copied, 4.431498 s, 17.0 MB/s
2026-05-19 06:32:39,959 DEBUG   106954752 bytes (107 MB) copied, 5.486504 s, 19.5 MB/s
2026-05-19 06:32:39,959 DEBUG   133169152 bytes (133 MB) copied, 6.554542 s, 20.3 MB/s
2026-05-19 06:32:39,959 DEBUG   163577856 bytes (164 MB) copied, 7.564370 s, 21.6 MB/s
2026-05-19 06:32:39,959 DEBUG   189792256 bytes (190 MB) copied, 8.570638 s, 22.1 MB/s
2026-05-19 06:32:39,959 DEBUG   216006656 bytes (216 MB) copied, 9.711332 s, 22.2 MB/s
2026-05-19 06:32:39,959 DEBUG   238026752 bytes (238 MB) copied, 10.724342 s, 22.2 MB/s
2026-05-19 06:32:39,959 DEBUG   266338304 bytes (266 MB) copied, 11.775938 s, 22.6 MB/s
2026-05-19 06:32:39,959 DEBUG   309329920 bytes (309 MB) copied, 12.828327 s, 24.1 MB/s
2026-05-19 06:32:39,959 DEBUG   346030080 bytes (346 MB) copied, 13.850520 s, 25.0 MB/s
2026-05-19 06:32:39,959 DEBUG   373293056 bytes (373 MB) copied, 14.869292 s, 25.1 MB/s
2026-05-19 06:32:39,959 DEBUG   405798912 bytes (406 MB) copied, 15.924369 s, 25.5 MB/s
2026-05-19 06:32:39,959 DEBUG   435159040 bytes (435 MB) copied, 16.928290 s, 25.7 MB/s
2026-05-19 06:32:39,959 DEBUG   464519168 bytes (465 MB) copied, 17.931330 s, 25.9 MB/s
2026-05-19 06:32:39,959 DEBUG   495976448 bytes (496 MB) copied, 18.947323 s, 26.2 MB/s
2026-05-19 06:32:39,960 DEBUG   522190848 bytes (522 MB) copied, 19.958315 s, 26.2 MB/s
2026-05-19 06:32:39,960 DEBUG   549453824 bytes (549 MB) copied, 20.960339 s, 26.2 MB/s
2026-05-19 06:32:39,960 DEBUG   583008256 bytes (583 MB) copied, 21.994378 s, 26.5 MB/s
2026-05-19 06:32:39,960 DEBUG   611319808 bytes (611 MB) copied, 23.017367 s, 26.6 MB/s
2026-05-19 06:32:39,960 DEBUG   641728512 bytes (642 MB) copied, 24.030511 s, 26.7 MB/s
2026-05-19 06:32:39,960 DEBUG   671088640 bytes (671 MB) copied, 25.129565 s, 26.7 MB/s
2026-05-19 06:32:39,960 DEBUG   702545920 bytes (703 MB) copied, 26.139373 s, 26.9 MB/s
2026-05-19 06:32:39,960 DEBUG   718274560 bytes (718 MB) copied, 27.140301 s, 26.5 MB/s
2026-05-19 06:32:39,960 DEBUG   736100352 bytes (736 MB) copied, 28.179664 s, 26.1 MB/s
2026-05-19 06:32:39,960 DEBUG   757071872 bytes (757 MB) copied, 29.219277 s, 25.9 MB/s
2026-05-19 06:32:39,960 DEBUG   776994816 bytes (777 MB) copied, 30.229341 s, 25.7 MB/s
2026-05-19 06:32:39,960 DEBUG   794820608 bytes (795 MB) copied, 31.230277 s, 25.5 MB/s
2026-05-19 06:32:39,960 DEBUG   824180736 bytes (824 MB) copied, 32.257357 s, 25.6 MB/s
2026-05-19 06:32:39,960 DEBUG   851443712 bytes (851 MB) copied, 33.320282 s, 25.6 MB/s
2026-05-19 06:32:39,960 DEBUG   877658112 bytes (878 MB) copied, 34.361348 s, 25.5 MB/s
2026-05-19 06:32:39,960 DEBUG   904921088 bytes (905 MB) copied, 35.387549 s, 25.6 MB/s
2026-05-19 06:32:39,960 DEBUG   932184064 bytes (932 MB) copied, 36.453356 s, 25.6 MB/s
2026-05-19 06:32:39,960 DEBUG   958398464 bytes (958 MB) copied, 37.474322 s, 25.6 MB/s
2026-05-19 06:32:39,960 DEBUG   987758592 bytes (988 MB) copied, 38.492347 s, 25.7 MB/s
2026-05-19 06:32:39,960 DEBUG   1008730112 bytes (1.0 GB) copied, 39.493298 s, 25.5 MB/s
2026-05-19 06:32:39,960 DEBUG   1030750208 bytes (1.0 GB) copied, 40.496325 s, 25.5 MB/s
2026-05-19 06:32:39,960 DEBUG   1055916032 bytes (1.1 GB) copied, 41.516315 s, 25.4 MB/s
2026-05-19 06:32:39,960 DEBUG   1024+0 records in
2026-05-19 06:32:39,960 DEBUG   1024+0 records out
2026-05-19 06:32:39,960 DEBUG   1073741824 bytes (1.1 GB) copied, 42.3425 s, 25.4 MB/s
2026-05-19 06:32:39,960 DEBUG   OK (disk op exit 0)
2026-05-19 06:32:39,960 WARNING Guest disk op wall 45.3s (vm='ahv_ins_delete-0-260518-171547' ip=10.114.113.186 op=create ec=0) — includes SSH + guest disk command; if still high, check guest disk throughput vs. MiB settings.
2026-05-19 06:32:39,961 DEBUG [152/556] VM c4bec041… (ahv_ins_delete-0-260518-172720) via 10.114.113.163 op=create
2026-05-19 06:32:39,961 DEBUG   remote: bash -lc 'set -e; _bs(){ printf '"'"'BULK_SNAP_T %s %s\n'"'"' "$1" "$(date +%s.%N 2>/dev/null || date +%s)"; }; _bs guest_start; _bs pipeline_start; openssl enc -aes-256-ctr -pass pass:"testing" -nosalt < /dev/zero 2>/dev/null | dd of=/root/dummy_snapshot_data_1.img bs=1M count=1024 iflag=fullblock status=progress; ec=$?; _bs pipeline_done; _bs guest_end; exit $ec'
2026-05-19 06:32:49,964 DEBUG   BULK_SNAP_T guest_start 1779139922.756417660
2026-05-19 06:32:49,964 DEBUG   BULK_SNAP_T pipeline_start 1779139922.774912043
2026-05-19 06:32:49,964 DEBUG   BULK_SNAP_T pipeline_done 1779139968.810551345
2026-05-19 06:32:49,964 DEBUG   BULK_SNAP_T guest_end 1779139968.817963521
2026-05-19 06:32:49,964 DEBUG   
2026-05-19 06:32:49,964 DEBUG   16777216 bytes (17 MB) copied, 1.004981 s, 16.7 MB/s
2026-05-19 06:32:49,964 DEBUG   37748736 bytes (38 MB) copied, 2.203308 s, 17.1 MB/s
2026-05-19 06:32:49,964 DEBUG   65011712 bytes (65 MB) copied, 3.317842 s, 19.6 MB/s
2026-05-19 06:32:49,964 DEBUG   87031808 bytes (87 MB) copied, 4.436811 s, 19.6 MB/s
2026-05-19 06:32:49,964 DEBUG   110100480 bytes (110 MB) copied, 5.476829 s, 20.1 MB/s
2026-05-19 06:32:49,964 DEBUG   140509184 bytes (141 MB) copied, 6.564886 s, 21.4 MB/s
2026-05-19 06:32:49,964 DEBUG   167772160 bytes (168 MB) copied, 7.589060 s, 22.1 MB/s
2026-05-19 06:32:49,964 DEBUG   190840832 bytes (191 MB) copied, 8.592813 s, 22.2 MB/s
2026-05-19 06:32:49,964 DEBUG   223346688 bytes (223 MB) copied, 9.612779 s, 23.2 MB/s
2026-05-19 06:32:49,965 DEBUG   250609664 bytes (251 MB) copied, 10.622862 s, 23.6 MB/s
2026-05-19 06:32:49,965 DEBUG   282066944 bytes (282 MB) copied, 11.735042 s, 24.0 MB/s
2026-05-19 06:32:49,965 DEBUG   308281344 bytes (308 MB) copied, 12.747696 s, 24.2 MB/s
2026-05-19 06:32:49,965 DEBUG   331350016 bytes (331 MB) copied, 13.759714 s, 24.1 MB/s
2026-05-19 06:32:49,965 DEBUG   362807296 bytes (363 MB) copied, 14.796822 s, 24.5 MB/s
2026-05-19 06:32:49,965 DEBUG   397410304 bytes (397 MB) copied, 15.799590 s, 25.2 MB/s
2026-05-19 06:32:49,965 DEBUG   422576128 bytes (423 MB) copied, 16.803732 s, 25.1 MB/s
2026-05-19 06:32:49,965 DEBUG   449839104 bytes (450 MB) copied, 17.843778 s, 25.2 MB/s
2026-05-19 06:32:49,965 DEBUG   482344960 bytes (482 MB) copied, 18.975796 s, 25.4 MB/s
2026-05-19 06:32:49,965 DEBUG   509607936 bytes (510 MB) copied, 20.142843 s, 25.3 MB/s
2026-05-19 06:32:49,965 DEBUG   531628032 bytes (532 MB) copied, 21.150665 s, 25.1 MB/s
2026-05-19 06:32:49,965 DEBUG   552599552 bytes (553 MB) copied, 22.166812 s, 24.9 MB/s
2026-05-19 06:32:49,965 DEBUG   572522496 bytes (573 MB) copied, 23.187696 s, 24.7 MB/s
2026-05-19 06:32:49,965 DEBUG   601882624 bytes (602 MB) copied, 24.223743 s, 24.8 MB/s
2026-05-19 06:32:49,965 DEBUG   625999872 bytes (626 MB) copied, 25.256689 s, 24.8 MB/s
2026-05-19 06:32:49,965 DEBUG   660602880 bytes (661 MB) copied, 26.286801 s, 25.1 MB/s
2026-05-19 06:32:49,965 DEBUG   691011584 bytes (691 MB) copied, 27.299268 s, 25.3 MB/s
2026-05-19 06:32:49,965 DEBUG   720371712 bytes (720 MB) copied, 28.311197 s, 25.4 MB/s
2026-05-19 06:32:49,965 DEBUG   747634688 bytes (748 MB) copied, 29.423779 s, 25.4 MB/s
2026-05-19 06:32:49,965 DEBUG   778043392 bytes (778 MB) copied, 30.428172 s, 25.6 MB/s
2026-05-19 06:32:49,965 DEBUG   801112064 bytes (801 MB) copied, 31.478785 s, 25.4 MB/s
2026-05-19 06:32:49,965 DEBUG   824180736 bytes (824 MB) copied, 32.547799 s, 25.3 MB/s
2026-05-19 06:32:49,965 DEBUG   845152256 bytes (845 MB) copied, 33.549786 s, 25.2 MB/s
2026-05-19 06:32:49,965 DEBUG   864026624 bytes (864 MB) copied, 34.588804 s, 25.0 MB/s
2026-05-19 06:32:49,965 DEBUG   887095296 bytes (887 MB) copied, 35.692755 s, 24.9 MB/s
2026-05-19 06:32:49,965 DEBUG   910163968 bytes (910 MB) copied, 36.695775 s, 24.8 MB/s
2026-05-19 06:32:49,965 DEBUG   934281216 bytes (934 MB) copied, 37.792764 s, 24.7 MB/s
2026-05-19 06:32:49,965 DEBUG   952107008 bytes (952 MB) copied, 38.855732 s, 24.5 MB/s
2026-05-19 06:32:49,965 DEBUG   969932800 bytes (970 MB) copied, 39.908824 s, 24.3 MB/s
2026-05-19 06:32:49,965 DEBUG   991952896 bytes (992 MB) copied, 40.917206 s, 24.2 MB/s
2026-05-19 06:32:49,965 DEBUG   1009778688 bytes (1.0 GB) copied, 41.969753 s, 24.1 MB/s
2026-05-19 06:32:49,965 DEBUG   1027604480 bytes (1.0 GB) copied, 43.039808 s, 23.9 MB/s
2026-05-19 06:32:49,965 DEBUG   1045430272 bytes (1.0 GB) copied, 44.122804 s, 23.7 MB/s
2026-05-19 06:32:49,965 DEBUG   1062207488 bytes (1.1 GB) copied, 45.131332 s, 23.5 MB/s
2026-05-19 06:32:49,965 DEBUG   1024+0 records in
2026-05-19 06:32:49,965 DEBUG   1024+0 records out
2026-05-19 06:32:49,965 DEBUG   1073741824 bytes (1.1 GB) copied, 45.894 s, 23.4 MB/s
2026-05-19 06:32:49,965 DEBUG   OK (disk op exit 0)
2026-05-19 06:32:49,965 WARNING Guest disk op wall 48.8s (vm='ahv_ins_delete-0-260518-172053' ip=10.114.113.165 op=create ec=0) — includes SSH + guest disk command; if still high, check guest disk throughput vs. MiB settings.
2026-05-19 06:32:49,966 DEBUG [153/556] VM 0dd111b0… (ahv_ins_delete-0-260518-173108) via 10.114.113.162 op=create
2026-05-19 06:32:49,966 DEBUG   remote: bash -lc 'set -e; _bs(){ printf '"'"'BULK_SNAP_T %s %s\n'"'"' "$1" "$(date +%s.%N 2>/dev/null || date +%s)"; }; _bs guest_start; _bs pipeline_start; openssl enc -aes-256-ctr -pass pass:"testing" -nosalt < /dev/zero 2>/dev/null | dd of=/root/dummy_snapshot_data_1.img bs=1M count=1024 iflag=fullblock status=progress; ec=$?; _bs pipeline_done; _bs guest_end; exit $ec'
2026-05-19 06:32:51,965 DEBUG   BULK_SNAP_T guest_start 1779139925.786674747
2026-05-19 06:32:51,965 DEBUG   BULK_SNAP_T pipeline_start 1779139925.792374138
2026-05-19 06:32:51,965 DEBUG   BULK_SNAP_T pipeline_done 1779139971.340906653
2026-05-19 06:32:51,965 DEBUG   BULK_SNAP_T guest_end 1779139971.349242580
2026-05-19 06:32:51,965 DEBUG   
2026-05-19 06:32:51,965 DEBUG   18874368 bytes (19 MB) copied, 1.158156 s, 16.3 MB/s
2026-05-19 06:32:51,965 DEBUG   37748736 bytes (38 MB) copied, 2.169767 s, 17.4 MB/s
2026-05-19 06:32:51,966 DEBUG   59768832 bytes (60 MB) copied, 3.222187 s, 18.5 MB/s
2026-05-19 06:32:51,966 DEBUG   94371840 bytes (94 MB) copied, 4.345306 s, 21.7 MB/s
2026-05-19 06:32:51,966 DEBUG   121634816 bytes (122 MB) copied, 5.345938 s, 22.8 MB/s
2026-05-19 06:32:51,966 DEBUG   150994944 bytes (151 MB) copied, 6.357837 s, 23.7 MB/s
2026-05-19 06:32:51,966 DEBUG   176160768 bytes (176 MB) copied, 7.360816 s, 23.9 MB/s
2026-05-19 06:32:51,966 DEBUG   205520896 bytes (206 MB) copied, 8.395020 s, 24.5 MB/s
2026-05-19 06:32:51,966 DEBUG   241172480 bytes (241 MB) copied, 9.407215 s, 25.6 MB/s
2026-05-19 06:32:51,966 DEBUG   264241152 bytes (264 MB) copied, 10.482812 s, 25.2 MB/s
2026-05-19 06:32:51,966 DEBUG   298844160 bytes (299 MB) copied, 11.514857 s, 26.0 MB/s
2026-05-19 06:32:51,966 DEBUG   328204288 bytes (328 MB) copied, 12.579344 s, 26.1 MB/s
2026-05-19 06:32:51,966 DEBUG   360710144 bytes (361 MB) copied, 13.604882 s, 26.5 MB/s
2026-05-19 06:32:51,966 DEBUG   396361728 bytes (396 MB) copied, 14.626863 s, 27.1 MB/s
2026-05-19 06:32:51,966 DEBUG   419430400 bytes (419 MB) copied, 15.680876 s, 26.7 MB/s
2026-05-19 06:32:51,966 DEBUG   441450496 bytes (441 MB) copied, 16.701839 s, 26.4 MB/s
2026-05-19 06:32:51,966 DEBUG   467664896 bytes (468 MB) copied, 17.775796 s, 26.3 MB/s
2026-05-19 06:32:51,966 DEBUG   488636416 bytes (489 MB) copied, 18.822907 s, 26.0 MB/s
2026-05-19 06:32:51,966 DEBUG   513802240 bytes (514 MB) copied, 19.905812 s, 25.8 MB/s
2026-05-19 06:32:51,966 DEBUG   536870912 bytes (537 MB) copied, 20.919128 s, 25.7 MB/s
2026-05-19 06:32:51,966 DEBUG   556793856 bytes (557 MB) copied, 22.002832 s, 25.3 MB/s
2026-05-19 06:32:51,966 DEBUG   577765376 bytes (578 MB) copied, 23.006304 s, 25.1 MB/s
2026-05-19 06:32:51,966 DEBUG   606076928 bytes (606 MB) copied, 24.033016 s, 25.2 MB/s
2026-05-19 06:32:51,966 DEBUG   634388480 bytes (634 MB) copied, 25.035884 s, 25.3 MB/s
2026-05-19 06:32:51,966 DEBUG   658505728 bytes (659 MB) copied, 26.117782 s, 25.2 MB/s
2026-05-19 06:32:51,966 DEBUG   685768704 bytes (686 MB) copied, 27.127267 s, 25.3 MB/s
2026-05-19 06:32:51,966 DEBUG   710934528 bytes (711 MB) copied, 28.135371 s, 25.3 MB/s
2026-05-19 06:32:51,966 DEBUG   731906048 bytes (732 MB) copied, 29.168359 s, 25.1 MB/s
2026-05-19 06:32:51,966 DEBUG   750780416 bytes (751 MB) copied, 30.178088 s, 24.9 MB/s
2026-05-19 06:32:51,966 DEBUG   774897664 bytes (775 MB) copied, 31.224781 s, 24.8 MB/s
2026-05-19 06:32:51,966 DEBUG   803209216 bytes (803 MB) copied, 32.235483 s, 24.9 MB/s
2026-05-19 06:32:51,966 DEBUG   828375040 bytes (828 MB) copied, 33.244849 s, 24.9 MB/s
2026-05-19 06:32:51,966 DEBUG   853540864 bytes (854 MB) copied, 34.256810 s, 24.9 MB/s
2026-05-19 06:32:51,966 DEBUG   878706688 bytes (879 MB) copied, 35.281808 s, 24.9 MB/s
2026-05-19 06:32:51,966 DEBUG   894435328 bytes (894 MB) copied, 36.304780 s, 24.6 MB/s
2026-05-19 06:32:51,966 DEBUG   912261120 bytes (912 MB) copied, 37.305025 s, 24.5 MB/s
2026-05-19 06:32:51,966 DEBUG   933232640 bytes (933 MB) copied, 38.359869 s, 24.3 MB/s
2026-05-19 06:32:51,966 DEBUG   947912704 bytes (948 MB) copied, 39.389825 s, 24.1 MB/s
2026-05-19 06:32:51,966 DEBUG   967835648 bytes (968 MB) copied, 40.404837 s, 24.0 MB/s
2026-05-19 06:32:51,966 DEBUG   987758592 bytes (988 MB) copied, 41.484837 s, 23.8 MB/s
2026-05-19 06:32:51,966 DEBUG   1004535808 bytes (1.0 GB) copied, 42.555842 s, 23.6 MB/s
2026-05-19 06:32:51,966 DEBUG   1023410176 bytes (1.0 GB) copied, 43.558842 s, 23.5 MB/s
2026-05-19 06:32:51,966 DEBUG   1049624576 bytes (1.0 GB) copied, 44.567391 s, 23.6 MB/s
2026-05-19 06:32:51,966 DEBUG   1024+0 records in
2026-05-19 06:32:51,966 DEBUG   1024+0 records out
2026-05-19 06:32:51,966 DEBUG   1073741824 bytes (1.1 GB) copied, 45.4027 s, 23.6 MB/s
2026-05-19 06:32:51,966 DEBUG   OK (disk op exit 0)
2026-05-19 06:32:51,967 WARNING Guest disk op wall 48.0s (vm='ahv_ins_delete-0-260518-172126' ip=10.114.113.164 op=create ec=0) — includes SSH + guest disk command; if still high, check guest disk throughput vs. MiB settings.
2026-05-19 06:32:51,967 DEBUG [154/556] VM 72415664… (ahv_ins_delete-0-260518-173141) via 10.114.113.173 op=create
2026-05-19 06:32:51,967 DEBUG   remote: bash -lc 'set -e; _bs(){ printf '"'"'BULK_SNAP_T %s %s\n'"'"' "$1" "$(date +%s.%N 2>/dev/null || date +%s)"; }; _bs guest_start; _bs pipeline_start; openssl enc -aes-256-ctr -pass pass:"testing" -nosalt < /dev/zero 2>/dev/null | dd of=/root/dummy_snapshot_data_1.img bs=1M count=1024 iflag=fullblock status=progress; ec=$?; _bs pipeline_done; _bs guest_end; exit $ec'
2026-05-19 06:32:52,465 DEBUG   BULK_SNAP_T guest_start 1779139937.093363999
2026-05-19 06:32:52,466 DEBUG   BULK_SNAP_T pipeline_start 1779139937.101383775
2026-05-19 06:32:52,466 DEBUG   BULK_SNAP_T pipeline_done 1779139970.767291609
2026-05-19 06:32:52,466 DEBUG   BULK_SNAP_T guest_end 1779139970.806414681
2026-05-19 06:32:52,466 DEBUG   
2026-05-19 06:32:52,466 DEBUG   22020096 bytes (22 MB) copied, 1.139197 s, 19.3 MB/s
2026-05-19 06:32:52,466 DEBUG   42991616 bytes (43 MB) copied, 2.155546 s, 19.9 MB/s
2026-05-19 06:32:52,466 DEBUG   72351744 bytes (72 MB) copied, 3.240547 s, 22.3 MB/s
2026-05-19 06:32:52,466 DEBUG   93323264 bytes (93 MB) copied, 4.241790 s, 22.0 MB/s
2026-05-19 06:32:52,466 DEBUG   115343360 bytes (115 MB) copied, 5.356717 s, 21.5 MB/s
2026-05-19 06:32:52,466 DEBUG   137363456 bytes (137 MB) copied, 6.360585 s, 21.6 MB/s
2026-05-19 06:32:52,466 DEBUG   166723584 bytes (167 MB) copied, 7.392557 s, 22.6 MB/s
2026-05-19 06:32:52,466 DEBUG   190840832 bytes (191 MB) copied, 8.472639 s, 22.5 MB/s
2026-05-19 06:32:52,466 DEBUG   216006656 bytes (216 MB) copied, 9.508582 s, 22.7 MB/s
2026-05-19 06:32:52,466 DEBUG   243269632 bytes (243 MB) copied, 10.570643 s, 23.0 MB/s
2026-05-19 06:32:52,466 DEBUG   276824064 bytes (277 MB) copied, 11.577638 s, 23.9 MB/s
2026-05-19 06:32:52,466 DEBUG   328204288 bytes (328 MB) copied, 12.634637 s, 26.0 MB/s
2026-05-19 06:32:52,466 DEBUG   353370112 bytes (353 MB) copied, 13.684558 s, 25.8 MB/s
2026-05-19 06:32:52,466 DEBUG   404750336 bytes (405 MB) copied, 14.717737 s, 27.5 MB/s
2026-05-19 06:32:52,466 DEBUG   456130560 bytes (456 MB) copied, 15.720658 s, 29.0 MB/s
2026-05-19 06:32:52,466 DEBUG   495976448 bytes (496 MB) copied, 16.727694 s, 29.7 MB/s
2026-05-19 06:32:52,466 DEBUG   530579456 bytes (531 MB) copied, 17.776583 s, 29.8 MB/s
2026-05-19 06:32:52,466 DEBUG   557842432 bytes (558 MB) copied, 18.825618 s, 29.6 MB/s
2026-05-19 06:32:52,466 DEBUG   594542592 bytes (595 MB) copied, 19.860573 s, 29.9 MB/s
2026-05-19 06:32:52,466 DEBUG   633339904 bytes (633 MB) copied, 20.878671 s, 30.3 MB/s
2026-05-19 06:32:52,466 DEBUG   680525824 bytes (681 MB) copied, 21.889180 s, 31.1 MB/s
2026-05-19 06:32:52,466 DEBUG   720371712 bytes (720 MB) copied, 22.896561 s, 31.5 MB/s
2026-05-19 06:32:52,466 DEBUG   766509056 bytes (767 MB) copied, 23.899592 s, 32.1 MB/s
2026-05-19 06:32:52,466 DEBUG   790626304 bytes (791 MB) copied, 24.915532 s, 31.7 MB/s
2026-05-19 06:32:52,466 DEBUG   821035008 bytes (821 MB) copied, 25.948664 s, 31.6 MB/s
2026-05-19 06:32:52,466 DEBUG   855638016 bytes (856 MB) copied, 27.040781 s, 31.6 MB/s
2026-05-19 06:32:52,466 DEBUG   873463808 bytes (873 MB) copied, 28.148665 s, 31.0 MB/s
2026-05-19 06:32:52,466 DEBUG   901775360 bytes (902 MB) copied, 29.151747 s, 30.9 MB/s
2026-05-19 06:32:52,466 DEBUG   937426944 bytes (937 MB) copied, 30.160643 s, 31.1 MB/s
2026-05-19 06:32:52,466 DEBUG   980418560 bytes (980 MB) copied, 31.194708 s, 31.4 MB/s
2026-05-19 06:32:52,466 DEBUG   1017118720 bytes (1.0 GB) copied, 32.207599 s, 31.6 MB/s
2026-05-19 06:32:52,466 DEBUG   1058013184 bytes (1.1 GB) copied, 33.218877 s, 31.8 MB/s
2026-05-19 06:32:52,467 DEBUG   1024+0 records in
2026-05-19 06:32:52,467 DEBUG   1024+0 records out
2026-05-19 06:32:52,467 DEBUG   1073741824 bytes (1.1 GB) copied, 33.5301 s, 32.0 MB/s
2026-05-19 06:32:52,467 DEBUG   OK (disk op exit 0)
2026-05-19 06:32:52,467 WARNING Guest disk op wall 36.5s (vm='ahv_ins_delete-0-260518-172129' ip=10.114.121.38 op=create ec=0) — includes SSH + guest disk command; if still high, check guest disk throughput vs. MiB settings.
2026-05-19 06:32:52,467 DEBUG [155/556] VM 62d4f610… (ahv_ins_delete-0-260518-173148) via 10.114.113.172 op=create
2026-05-19 06:32:52,467 DEBUG   remote: bash -lc 'set -e; _bs(){ printf '"'"'BULK_SNAP_T %s %s\n'"'"' "$1" "$(date +%s.%N 2>/dev/null || date +%s)"; }; _bs guest_start; _bs pipeline_start; openssl enc -aes-256-ctr -pass pass:"testing" -nosalt < /dev/zero 2>/dev/null | dd of=/root/dummy_snapshot_data_1.img bs=1M count=1024 iflag=fullblock status=progress; ec=$?; _bs pipeline_done; _bs guest_end; exit $ec'
2026-05-19 06:32:57,218 DEBUG   BULK_SNAP_T guest_start 1779139950.548513957
2026-05-19 06:32:57,218 DEBUG   BULK_SNAP_T pipeline_start 1779139950.558727359
2026-05-19 06:32:57,218 DEBUG   BULK_SNAP_T pipeline_done 1779139976.320109032
2026-05-19 06:32:57,218 DEBUG   BULK_SNAP_T guest_end 1779139976.327756566
2026-05-19 06:32:57,218 DEBUG   
2026-05-19 06:32:57,218 DEBUG   17825792 bytes (18 MB) copied, 1.143864 s, 15.6 MB/s
2026-05-19 06:32:57,218 DEBUG   31457280 bytes (31 MB) copied, 2.319706 s, 13.6 MB/s
2026-05-19 06:32:57,218 DEBUG   51380224 bytes (51 MB) copied, 3.359857 s, 15.3 MB/s
2026-05-19 06:32:57,218 DEBUG   72351744 bytes (72 MB) copied, 4.383790 s, 16.5 MB/s
2026-05-19 06:32:57,218 DEBUG   91226112 bytes (91 MB) copied, 5.391679 s, 16.9 MB/s
2026-05-19 06:32:57,218 DEBUG   110100480 bytes (110 MB) copied, 6.573728 s, 16.7 MB/s
2026-05-19 06:32:57,218 DEBUG   134217728 bytes (134 MB) copied, 7.585831 s, 17.7 MB/s
2026-05-19 06:32:57,218 DEBUG   154140672 bytes (154 MB) copied, 8.648669 s, 17.8 MB/s
2026-05-19 06:32:57,218 DEBUG   176160768 bytes (176 MB) copied, 9.686779 s, 18.2 MB/s
2026-05-19 06:32:57,218 DEBUG   216006656 bytes (216 MB) copied, 10.733750 s, 20.1 MB/s
2026-05-19 06:32:57,218 DEBUG   236978176 bytes (237 MB) copied, 11.772727 s, 20.1 MB/s
2026-05-19 06:32:57,218 DEBUG   251658240 bytes (252 MB) copied, 12.776728 s, 19.7 MB/s
2026-05-19 06:32:57,218 DEBUG   301989888 bytes (302 MB) copied, 13.903760 s, 21.7 MB/s
2026-05-19 06:32:57,218 DEBUG   377487360 bytes (377 MB) copied, 14.968738 s, 25.2 MB/s
2026-05-19 06:32:57,218 DEBUG   443547648 bytes (444 MB) copied, 15.971758 s, 27.8 MB/s
2026-05-19 06:32:57,218 DEBUG   501219328 bytes (501 MB) copied, 17.031818 s, 29.4 MB/s
2026-05-19 06:32:57,219 DEBUG   563085312 bytes (563 MB) copied, 18.037723 s, 31.2 MB/s
2026-05-19 06:32:57,219 DEBUG   634388480 bytes (634 MB) copied, 19.038403 s, 33.3 MB/s
2026-05-19 06:32:57,219 DEBUG   702545920 bytes (703 MB) copied, 20.038934 s, 35.1 MB/s
2026-05-19 06:32:57,219 DEBUG   785383424 bytes (785 MB) copied, 21.043943 s, 37.3 MB/s
2026-05-19 06:32:57,219 DEBUG   864026624 bytes (864 MB) copied, 22.053020 s, 39.2 MB/s
2026-05-19 06:32:57,219 DEBUG   936378368 bytes (936 MB) copied, 23.057139 s, 40.6 MB/s
2026-05-19 06:32:57,219 DEBUG   1009778688 bytes (1.0 GB) copied, 24.075772 s, 41.9 MB/s
2026-05-19 06:32:57,219 DEBUG   1024+0 records in
2026-05-19 06:32:57,219 DEBUG   1024+0 records out
2026-05-19 06:32:57,219 DEBUG   1073741824 bytes (1.1 GB) copied, 24.9848 s, 43.0 MB/s
2026-05-19 06:32:57,219 DEBUG   OK (disk op exit 0)
2026-05-19 06:32:57,219 WARNING Guest disk op wall 28.3s (vm='ahv_ins_delete-0-260518-172646' ip=10.114.121.44 op=create ec=0) — includes SSH + guest disk command; if still high, check guest disk throughput vs. MiB settings.
2026-05-19 06:32:57,219 DEBUG [156/556] VM 32e3432f… (ahv_ins_delete-0-260518-173204) via 10.114.113.175 op=create
2026-05-19 06:32:57,219 DEBUG   remote: bash -lc 'set -e; _bs(){ printf '"'"'BULK_SNAP_T %s %s\n'"'"' "$1" "$(date +%s.%N 2>/dev/null || date +%s)"; }; _bs guest_start; _bs pipeline_start; openssl enc -aes-256-ctr -pass pass:"testing" -nosalt < /dev/zero 2>/dev/null | dd of=/root/dummy_snapshot_data_1.img bs=1M count=1024 iflag=fullblock status=progress; ec=$?; _bs pipeline_done; _bs guest_end; exit $ec'
2026-05-19 06:32:57,969 DEBUG   BULK_SNAP_T guest_start 1779139931.823419233
2026-05-19 06:32:57,969 DEBUG   BULK_SNAP_T pipeline_start 1779139931.834240372
2026-05-19 06:32:57,969 DEBUG   BULK_SNAP_T pipeline_done 1779139976.260376283
2026-05-19 06:32:57,969 DEBUG   BULK_SNAP_T guest_end 1779139976.266828097
2026-05-19 06:32:57,969 DEBUG   
2026-05-19 06:32:57,969 DEBUG   19922944 bytes (20 MB) copied, 1.085902 s, 18.3 MB/s
2026-05-19 06:32:57,969 DEBUG   40894464 bytes (41 MB) copied, 2.235870 s, 18.3 MB/s
2026-05-19 06:32:57,969 DEBUG   65011712 bytes (65 MB) copied, 3.236800 s, 20.1 MB/s
2026-05-19 06:32:57,969 DEBUG   83886080 bytes (84 MB) copied, 4.243991 s, 19.8 MB/s
2026-05-19 06:32:57,969 DEBUG   115343360 bytes (115 MB) copied, 5.334058 s, 21.6 MB/s
2026-05-19 06:32:57,969 DEBUG   144703488 bytes (145 MB) copied, 6.430986 s, 22.5 MB/s
2026-05-19 06:32:57,969 DEBUG   169869312 bytes (170 MB) copied, 7.433716 s, 22.9 MB/s
2026-05-19 06:32:57,969 DEBUG   198180864 bytes (198 MB) copied, 8.436997 s, 23.5 MB/s
2026-05-19 06:32:57,969 DEBUG   223346688 bytes (223 MB) copied, 9.513890 s, 23.5 MB/s
2026-05-19 06:32:57,969 DEBUG   248512512 bytes (249 MB) copied, 10.547099 s, 23.6 MB/s
2026-05-19 06:32:57,969 DEBUG   273678336 bytes (274 MB) copied, 11.613807 s, 23.6 MB/s
2026-05-19 06:32:57,969 DEBUG   293601280 bytes (294 MB) copied, 12.629130 s, 23.2 MB/s
2026-05-19 06:32:57,969 DEBUG   313524224 bytes (314 MB) copied, 13.693970 s, 22.9 MB/s
2026-05-19 06:32:57,969 DEBUG   340787200 bytes (341 MB) copied, 14.885242 s, 22.9 MB/s
2026-05-19 06:32:57,969 DEBUG   374341632 bytes (374 MB) copied, 15.966679 s, 23.4 MB/s
2026-05-19 06:32:57,969 DEBUG   415236096 bytes (415 MB) copied, 17.006706 s, 24.4 MB/s
2026-05-19 06:32:57,970 DEBUG   449839104 bytes (450 MB) copied, 18.090674 s, 24.9 MB/s
2026-05-19 06:32:57,970 DEBUG   476053504 bytes (476 MB) copied, 19.113733 s, 24.9 MB/s
2026-05-19 06:32:57,970 DEBUG   504365056 bytes (504 MB) copied, 20.160743 s, 25.0 MB/s
2026-05-19 06:32:57,970 DEBUG   529530880 bytes (530 MB) copied, 21.217739 s, 25.0 MB/s
2026-05-19 06:32:57,970 DEBUG   562036736 bytes (562 MB) copied, 22.300808 s, 25.2 MB/s
2026-05-19 06:32:57,970 DEBUG   585105408 bytes (585 MB) copied, 23.424812 s, 25.0 MB/s
2026-05-19 06:32:57,970 DEBUG   613416960 bytes (613 MB) copied, 24.452836 s, 25.1 MB/s
2026-05-19 06:32:57,970 DEBUG   639631360 bytes (640 MB) copied, 25.540672 s, 25.0 MB/s
2026-05-19 06:32:57,970 DEBUG   664797184 bytes (665 MB) copied, 26.591721 s, 25.0 MB/s
2026-05-19 06:32:57,970 DEBUG   687865856 bytes (688 MB) copied, 27.707838 s, 24.8 MB/s
2026-05-19 06:32:57,970 DEBUG   711983104 bytes (712 MB) copied, 28.732642 s, 24.8 MB/s
2026-05-19 06:32:57,970 DEBUG   736100352 bytes (736 MB) copied, 29.757734 s, 24.7 MB/s
2026-05-19 06:32:57,970 DEBUG   753926144 bytes (754 MB) copied, 30.820735 s, 24.5 MB/s
2026-05-19 06:32:57,970 DEBUG   775946240 bytes (776 MB) copied, 31.936725 s, 24.3 MB/s
2026-05-19 06:32:57,970 DEBUG   791674880 bytes (792 MB) copied, 32.938660 s, 24.0 MB/s
2026-05-19 06:32:57,970 DEBUG   812646400 bytes (813 MB) copied, 34.047825 s, 23.9 MB/s
2026-05-19 06:32:57,970 DEBUG   830472192 bytes (830 MB) copied, 35.154799 s, 23.6 MB/s
2026-05-19 06:32:57,970 DEBUG   849346560 bytes (849 MB) copied, 36.293834 s, 23.4 MB/s
2026-05-19 06:32:57,970 DEBUG   874512384 bytes (875 MB) copied, 37.321709 s, 23.4 MB/s
2026-05-19 06:32:57,970 DEBUG   899678208 bytes (900 MB) copied, 38.439741 s, 23.4 MB/s
2026-05-19 06:32:57,970 DEBUG   925892608 bytes (926 MB) copied, 39.466800 s, 23.5 MB/s
2026-05-19 06:32:57,970 DEBUG   957349888 bytes (957 MB) copied, 40.572802 s, 23.6 MB/s
2026-05-19 06:32:57,970 DEBUG   984612864 bytes (985 MB) copied, 41.680039 s, 23.6 MB/s
2026-05-19 06:32:57,970 DEBUG   1018167296 bytes (1.0 GB) copied, 42.761744 s, 23.8 MB/s
2026-05-19 06:32:57,970 DEBUG   1052770304 bytes (1.1 GB) copied, 43.811730 s, 24.0 MB/s
2026-05-19 06:32:57,970 DEBUG   1024+0 records in
2026-05-19 06:32:57,970 DEBUG   1024+0 records out
2026-05-19 06:32:57,970 DEBUG   1073741824 bytes (1.1 GB) copied, 44.3079 s, 24.2 MB/s
2026-05-19 06:32:57,970 DEBUG   OK (disk op exit 0)
2026-05-19 06:32:57,970 WARNING Guest disk op wall 46.8s (vm='ahv_ins_delete-0-260518-172127' ip=10.114.113.167 op=create ec=0) — includes SSH + guest disk command; if still high, check guest disk throughput vs. MiB settings.
2026-05-19 06:32:57,971 DEBUG [157/556] VM f0389bb3… (ahv_ins_delete-0-260518-173228) via 10.114.121.21 op=create
2026-05-19 06:32:57,971 DEBUG   remote: bash -lc 'set -e; _bs(){ printf '"'"'BULK_SNAP_T %s %s\n'"'"' "$1" "$(date +%s.%N 2>/dev/null || date +%s)"; }; _bs guest_start; _bs pipeline_start; openssl enc -aes-256-ctr -pass pass:"testing" -nosalt < /dev/zero 2>/dev/null | dd of=/root/dummy_snapshot_data_1.img bs=1M count=1024 iflag=fullblock status=progress; ec=$?; _bs pipeline_done; _bs guest_end; exit $ec'
2026-05-19 06:33:08,726 DEBUG   BULK_SNAP_T guest_start 1779139939.732551476
2026-05-19 06:33:08,727 DEBUG   BULK_SNAP_T pipeline_start 1779139939.737775030
2026-05-19 06:33:08,727 DEBUG   BULK_SNAP_T pipeline_done 1779139987.065078912
2026-05-19 06:33:08,727 DEBUG   BULK_SNAP_T guest_end 1779139987.069540714
2026-05-19 06:33:08,727 DEBUG   
2026-05-19 06:33:08,727 DEBUG   22020096 bytes (22 MB) copied, 1.178851 s, 18.7 MB/s
2026-05-19 06:33:08,727 DEBUG   38797312 bytes (39 MB) copied, 2.322484 s, 16.7 MB/s
2026-05-19 06:33:08,727 DEBUG   58720256 bytes (59 MB) copied, 3.333761 s, 17.6 MB/s
2026-05-19 06:33:08,727 DEBUG   76546048 bytes (77 MB) copied, 4.398119 s, 17.4 MB/s
2026-05-19 06:33:08,727 DEBUG   98566144 bytes (99 MB) copied, 5.514519 s, 17.9 MB/s
2026-05-19 06:33:08,727 DEBUG   123731968 bytes (124 MB) copied, 6.546629 s, 18.9 MB/s
2026-05-19 06:33:08,727 DEBUG   142606336 bytes (143 MB) copied, 7.578433 s, 18.8 MB/s
2026-05-19 06:33:08,727 DEBUG   168820736 bytes (169 MB) copied, 8.590411 s, 19.7 MB/s
2026-05-19 06:33:08,727 DEBUG   204472320 bytes (204 MB) copied, 9.601536 s, 21.3 MB/s
2026-05-19 06:33:08,727 DEBUG   226492416 bytes (226 MB) copied, 10.631611 s, 21.3 MB/s
2026-05-19 06:33:08,727 DEBUG   253755392 bytes (254 MB) copied, 11.639612 s, 21.8 MB/s
2026-05-19 06:33:08,727 DEBUG   289406976 bytes (289 MB) copied, 12.655600 s, 22.9 MB/s
2026-05-19 06:33:08,727 DEBUG   320864256 bytes (321 MB) copied, 13.668650 s, 23.5 MB/s
2026-05-19 06:33:08,727 DEBUG   348127232 bytes (348 MB) copied, 14.771714 s, 23.6 MB/s
2026-05-19 06:33:08,727 DEBUG   382730240 bytes (383 MB) copied, 15.783554 s, 24.2 MB/s
2026-05-19 06:33:08,727 DEBUG   407896064 bytes (408 MB) copied, 16.791808 s, 24.3 MB/s
2026-05-19 06:33:08,727 DEBUG   429916160 bytes (430 MB) copied, 17.843491 s, 24.1 MB/s
2026-05-19 06:33:08,727 DEBUG   446693376 bytes (447 MB) copied, 18.844073 s, 23.7 MB/s
2026-05-19 06:33:08,727 DEBUG   471859200 bytes (472 MB) copied, 19.884539 s, 23.7 MB/s
2026-05-19 06:33:08,727 DEBUG   492830720 bytes (493 MB) copied, 20.908647 s, 23.6 MB/s
2026-05-19 06:33:08,727 DEBUG   520093696 bytes (520 MB) copied, 21.917956 s, 23.7 MB/s
2026-05-19 06:33:08,727 DEBUG   541065216 bytes (541 MB) copied, 22.922480 s, 23.6 MB/s
2026-05-19 06:33:08,727 DEBUG   557842432 bytes (558 MB) copied, 23.961511 s, 23.3 MB/s
2026-05-19 06:33:08,727 DEBUG   579862528 bytes (580 MB) copied, 25.009473 s, 23.2 MB/s
2026-05-19 06:33:08,727 DEBUG   597688320 bytes (598 MB) copied, 26.014480 s, 23.0 MB/s
2026-05-19 06:33:08,727 DEBUG   621805568 bytes (622 MB) copied, 27.031926 s, 23.0 MB/s
2026-05-19 06:33:08,727 DEBUG   639631360 bytes (640 MB) copied, 28.042791 s, 22.8 MB/s
2026-05-19 06:33:08,727 DEBUG   659554304 bytes (660 MB) copied, 29.049954 s, 22.7 MB/s
2026-05-19 06:33:08,727 DEBUG   681574400 bytes (682 MB) copied, 30.077503 s, 22.7 MB/s
2026-05-19 06:33:08,727 DEBUG   704643072 bytes (705 MB) copied, 31.109755 s, 22.7 MB/s
2026-05-19 06:33:08,727 DEBUG   726663168 bytes (727 MB) copied, 32.133831 s, 22.6 MB/s
2026-05-19 06:33:08,727 DEBUG   745537536 bytes (746 MB) copied, 33.160589 s, 22.5 MB/s
2026-05-19 06:33:08,728 DEBUG   766509056 bytes (767 MB) copied, 34.249820 s, 22.4 MB/s
2026-05-19 06:33:08,728 DEBUG   791674880 bytes (792 MB) copied, 35.274814 s, 22.4 MB/s
2026-05-19 06:33:08,728 DEBUG   817889280 bytes (818 MB) copied, 36.364599 s, 22.5 MB/s
2026-05-19 06:33:08,728 DEBUG   842006528 bytes (842 MB) copied, 37.427736 s, 22.5 MB/s
2026-05-19 06:33:08,728 DEBUG   871366656 bytes (871 MB) copied, 38.455856 s, 22.7 MB/s
2026-05-19 06:33:08,728 DEBUG   895483904 bytes (895 MB) copied, 39.483140 s, 22.7 MB/s
2026-05-19 06:33:08,728 DEBUG   916455424 bytes (916 MB) copied, 40.527814 s, 22.6 MB/s
2026-05-19 06:33:08,728 DEBUG   941621248 bytes (942 MB) copied, 41.531778 s, 22.7 MB/s
2026-05-19 06:33:08,728 DEBUG   966787072 bytes (967 MB) copied, 42.668555 s, 22.7 MB/s
2026-05-19 06:33:08,728 DEBUG   997195776 bytes (997 MB) copied, 43.810653 s, 22.8 MB/s
2026-05-19 06:33:08,728 DEBUG   1023410176 bytes (1.0 GB) copied, 44.888828 s, 22.8 MB/s
2026-05-19 06:33:08,728 DEBUG   1045430272 bytes (1.0 GB) copied, 45.947579 s, 22.8 MB/s
2026-05-19 06:33:08,728 DEBUG   1069547520 bytes (1.1 GB) copied, 47.001540 s, 22.8 MB/s
2026-05-19 06:33:08,728 DEBUG   1024+0 records in
2026-05-19 06:33:08,728 DEBUG   1024+0 records out
2026-05-19 06:33:08,728 DEBUG   1073741824 bytes (1.1 GB) copied, 47.1856 s, 22.8 MB/s
2026-05-19 06:33:08,728 DEBUG   OK (disk op exit 0)
2026-05-19 06:33:08,728 WARNING Guest disk op wall 49.8s (vm='ahv_ins_delete-0-260518-172130' ip=10.114.121.35 op=create ec=0) — includes SSH + guest disk command; if still high, check guest disk throughput vs. MiB settings.
2026-05-19 06:33:08,728 DEBUG [158/556] VM 6ca3ccb4… (ahv_ins_delete-0-260518-173602) via 10.114.121.23 op=create
2026-05-19 06:33:08,729 DEBUG   remote: bash -lc 'set -e; _bs(){ printf '"'"'BULK_SNAP_T %s %s\n'"'"' "$1" "$(date +%s.%N 2>/dev/null || date +%s)"; }; _bs guest_start; _bs pipeline_start; openssl enc -aes-256-ctr -pass pass:"testing" -nosalt < /dev/zero 2>/dev/null | dd of=/root/dummy_snapshot_data_1.img bs=1M count=1024 iflag=fullblock status=progress; ec=$?; _bs pipeline_done; _bs guest_end; exit $ec'
2026-05-19 06:33:14,727 DEBUG   BULK_SNAP_T guest_start 1779139947.648488644
2026-05-19 06:33:14,728 DEBUG   BULK_SNAP_T pipeline_start 1779139947.656421006
2026-05-19 06:33:14,728 DEBUG   BULK_SNAP_T pipeline_done 1779139993.641233284
2026-05-19 06:33:14,728 DEBUG   BULK_SNAP_T guest_end 1779139993.659123269
2026-05-19 06:33:14,728 DEBUG   
2026-05-19 06:33:14,728 DEBUG   18874368 bytes (19 MB) copied, 1.084048 s, 17.4 MB/s
2026-05-19 06:33:14,728 DEBUG   41943040 bytes (42 MB) copied, 2.093037 s, 20.0 MB/s
2026-05-19 06:33:14,728 DEBUG   61865984 bytes (62 MB) copied, 3.188159 s, 19.4 MB/s
2026-05-19 06:33:14,728 DEBUG   84934656 bytes (85 MB) copied, 4.190172 s, 20.3 MB/s
2026-05-19 06:33:14,728 DEBUG   110100480 bytes (110 MB) copied, 5.212937 s, 21.1 MB/s
2026-05-19 06:33:14,728 DEBUG   133169152 bytes (133 MB) copied, 6.221997 s, 21.4 MB/s
2026-05-19 06:33:14,728 DEBUG   159383552 bytes (159 MB) copied, 7.224356 s, 22.1 MB/s
2026-05-19 06:33:14,728 DEBUG   188743680 bytes (189 MB) copied, 8.228073 s, 22.9 MB/s
2026-05-19 06:33:14,728 DEBUG   207618048 bytes (208 MB) copied, 9.257055 s, 22.4 MB/s
2026-05-19 06:33:14,728 DEBUG   225443840 bytes (225 MB) copied, 10.264983 s, 22.0 MB/s
2026-05-19 06:33:14,728 DEBUG   247463936 bytes (247 MB) copied, 11.369993 s, 21.8 MB/s
2026-05-19 06:33:14,728 DEBUG   278921216 bytes (279 MB) copied, 12.381935 s, 22.5 MB/s
2026-05-19 06:33:14,728 DEBUG   305135616 bytes (305 MB) copied, 13.382312 s, 22.8 MB/s
2026-05-19 06:33:14,728 DEBUG   324009984 bytes (324 MB) copied, 14.401973 s, 22.5 MB/s
2026-05-19 06:33:14,728 DEBUG   343932928 bytes (344 MB) copied, 15.448034 s, 22.3 MB/s
2026-05-19 06:33:14,728 DEBUG   361758720 bytes (362 MB) copied, 16.494018 s, 21.9 MB/s
2026-05-19 06:33:14,728 DEBUG   390070272 bytes (390 MB) copied, 17.540949 s, 22.2 MB/s
2026-05-19 06:33:14,728 DEBUG   414187520 bytes (414 MB) copied, 18.558021 s, 22.3 MB/s
2026-05-19 06:33:14,728 DEBUG   427819008 bytes (428 MB) copied, 19.607026 s, 21.8 MB/s
2026-05-19 06:33:14,728 DEBUG   446693376 bytes (447 MB) copied, 20.620988 s, 21.7 MB/s
2026-05-19 06:33:14,728 DEBUG   467664896 bytes (468 MB) copied, 21.658031 s, 21.6 MB/s
2026-05-19 06:33:14,728 DEBUG   490733568 bytes (491 MB) copied, 22.658928 s, 21.7 MB/s
2026-05-19 06:33:14,728 DEBUG   514850816 bytes (515 MB) copied, 23.726007 s, 21.7 MB/s
2026-05-19 06:33:14,728 DEBUG   540016640 bytes (540 MB) copied, 24.747982 s, 21.8 MB/s
2026-05-19 06:33:14,728 DEBUG   568328192 bytes (568 MB) copied, 25.751933 s, 22.1 MB/s
2026-05-19 06:33:14,728 DEBUG   595591168 bytes (596 MB) copied, 26.791026 s, 22.2 MB/s
2026-05-19 06:33:14,728 DEBUG   622854144 bytes (623 MB) copied, 27.798987 s, 22.4 MB/s
2026-05-19 06:33:14,728 DEBUG   652214272 bytes (652 MB) copied, 28.808953 s, 22.6 MB/s
2026-05-19 06:33:14,728 DEBUG   680525824 bytes (681 MB) copied, 29.846005 s, 22.8 MB/s
2026-05-19 06:33:14,728 DEBUG   714080256 bytes (714 MB) copied, 30.867973 s, 23.1 MB/s
2026-05-19 06:33:14,728 DEBUG   742391808 bytes (742 MB) copied, 31.918947 s, 23.3 MB/s
2026-05-19 06:33:14,728 DEBUG   769654784 bytes (770 MB) copied, 32.936986 s, 23.4 MB/s
2026-05-19 06:33:14,728 DEBUG   793772032 bytes (794 MB) copied, 33.938066 s, 23.4 MB/s
2026-05-19 06:33:14,728 DEBUG   821035008 bytes (821 MB) copied, 34.941287 s, 23.5 MB/s
2026-05-19 06:33:14,728 DEBUG   848297984 bytes (848 MB) copied, 35.972997 s, 23.6 MB/s
2026-05-19 06:33:14,728 DEBUG   878706688 bytes (879 MB) copied, 37.043948 s, 23.7 MB/s
2026-05-19 06:33:14,728 DEBUG   904921088 bytes (905 MB) copied, 38.074293 s, 23.8 MB/s
2026-05-19 06:33:14,728 DEBUG   934281216 bytes (934 MB) copied, 39.080348 s, 23.9 MB/s
2026-05-19 06:33:14,728 DEBUG   955252736 bytes (955 MB) copied, 40.093060 s, 23.8 MB/s
2026-05-19 06:33:14,728 DEBUG   982515712 bytes (983 MB) copied, 41.193990 s, 23.9 MB/s
2026-05-19 06:33:14,729 DEBUG   1006632960 bytes (1.0 GB) copied, 42.317973 s, 23.8 MB/s
2026-05-19 06:33:14,729 DEBUG   1031798784 bytes (1.0 GB) copied, 43.341143 s, 23.8 MB/s
2026-05-19 06:33:14,729 DEBUG   1056964608 bytes (1.1 GB) copied, 44.431961 s, 23.8 MB/s
2026-05-19 06:33:14,729 DEBUG   1073741824 bytes (1.1 GB) copied, 45.514905 s, 23.6 MB/s
2026-05-19 06:33:14,729 DEBUG   1024+0 records in
2026-05-19 06:33:14,729 DEBUG   1024+0 records out
2026-05-19 06:33:14,729 DEBUG   1073741824 bytes (1.1 GB) copied, 45.515 s, 23.6 MB/s
2026-05-19 06:33:14,729 DEBUG   OK (disk op exit 0)
2026-05-19 06:33:14,729 WARNING Guest disk op wall 48.5s (vm='ahv_ins_delete-0-260518-172612' ip=10.114.121.34 op=create ec=0) — includes SSH + guest disk command; if still high, check guest disk throughput vs. MiB settings.
2026-05-19 06:33:14,729 DEBUG [159/556] VM f86f6d53… (ahv_ins_delete-0-260518-173645) via 10.114.113.169 op=create
2026-05-19 06:33:14,729 DEBUG   remote: bash -lc 'set -e; _bs(){ printf '"'"'BULK_SNAP_T %s %s\n'"'"' "$1" "$(date +%s.%N 2>/dev/null || date +%s)"; }; _bs guest_start; _bs pipeline_start; openssl enc -aes-256-ctr -pass pass:"testing" -nosalt < /dev/zero 2>/dev/null | dd of=/root/dummy_snapshot_data_1.img bs=1M count=1024 iflag=fullblock status=progress; ec=$?; _bs pipeline_done; _bs guest_end; exit $ec'
2026-05-19 06:33:15,228 DEBUG   BULK_SNAP_T guest_start 1779139950.236632423
2026-05-19 06:33:15,228 DEBUG   BULK_SNAP_T pipeline_start 1779139950.244913756
2026-05-19 06:33:15,228 DEBUG   BULK_SNAP_T pipeline_done 1779139994.521060145
2026-05-19 06:33:15,228 DEBUG   BULK_SNAP_T guest_end 1779139994.528770023
2026-05-19 06:33:15,228 DEBUG   
2026-05-19 06:33:15,228 DEBUG   20971520 bytes (21 MB) copied, 1.002497 s, 20.9 MB/s
2026-05-19 06:33:15,228 DEBUG   38797312 bytes (39 MB) copied, 2.006625 s, 19.3 MB/s
2026-05-19 06:33:15,228 DEBUG   59768832 bytes (60 MB) copied, 3.080550 s, 19.4 MB/s
2026-05-19 06:33:15,228 DEBUG   82837504 bytes (83 MB) copied, 4.134042 s, 20.0 MB/s
2026-05-19 06:33:15,228 DEBUG   106954752 bytes (107 MB) copied, 5.202415 s, 20.6 MB/s
2026-05-19 06:33:15,228 DEBUG   128974848 bytes (129 MB) copied, 6.209328 s, 20.8 MB/s
2026-05-19 06:33:15,228 DEBUG   152043520 bytes (152 MB) copied, 7.270453 s, 20.9 MB/s
2026-05-19 06:33:15,228 DEBUG   173015040 bytes (173 MB) copied, 8.276353 s, 20.9 MB/s
2026-05-19 06:33:15,228 DEBUG   199229440 bytes (199 MB) copied, 9.309348 s, 21.4 MB/s
2026-05-19 06:33:15,228 DEBUG   223346688 bytes (223 MB) copied, 10.371365 s, 21.5 MB/s
2026-05-19 06:33:15,228 DEBUG   248512512 bytes (249 MB) copied, 11.422426 s, 21.8 MB/s
2026-05-19 06:33:15,228 DEBUG   265289728 bytes (265 MB) copied, 12.456391 s, 21.3 MB/s
2026-05-19 06:33:15,228 DEBUG   284164096 bytes (284 MB) copied, 13.493362 s, 21.1 MB/s
2026-05-19 06:33:15,228 DEBUG   303038464 bytes (303 MB) copied, 14.523363 s, 20.9 MB/s
2026-05-19 06:33:15,228 DEBUG   322961408 bytes (323 MB) copied, 15.587343 s, 20.7 MB/s
2026-05-19 06:33:15,228 DEBUG   342884352 bytes (343 MB) copied, 16.654459 s, 20.6 MB/s
2026-05-19 06:33:15,228 DEBUG   364904448 bytes (365 MB) copied, 17.658435 s, 20.7 MB/s
2026-05-19 06:33:15,228 DEBUG   392167424 bytes (392 MB) copied, 18.672418 s, 21.0 MB/s
2026-05-19 06:33:15,228 DEBUG   419430400 bytes (419 MB) copied, 19.696367 s, 21.3 MB/s
2026-05-19 06:33:15,228 DEBUG   446693376 bytes (447 MB) copied, 20.702348 s, 21.6 MB/s
2026-05-19 06:33:15,228 DEBUG   469762048 bytes (470 MB) copied, 21.724595 s, 21.6 MB/s
2026-05-19 06:33:15,228 DEBUG   492830720 bytes (493 MB) copied, 22.733322 s, 21.7 MB/s
2026-05-19 06:33:15,228 DEBUG   522190848 bytes (522 MB) copied, 23.801389 s, 21.9 MB/s
2026-05-19 06:33:15,228 DEBUG   548405248 bytes (548 MB) copied, 24.849842 s, 22.1 MB/s
2026-05-19 06:33:15,229 DEBUG   577765376 bytes (578 MB) copied, 25.896355 s, 22.3 MB/s
2026-05-19 06:33:15,229 DEBUG   609222656 bytes (609 MB) copied, 26.908409 s, 22.6 MB/s
2026-05-19 06:33:15,229 DEBUG   638582784 bytes (639 MB) copied, 27.909932 s, 22.9 MB/s
2026-05-19 06:33:15,229 DEBUG   672137216 bytes (672 MB) copied, 28.931388 s, 23.2 MB/s
2026-05-19 06:33:15,229 DEBUG   704643072 bytes (705 MB) copied, 29.944821 s, 23.5 MB/s
2026-05-19 06:33:15,229 DEBUG   728760320 bytes (729 MB) copied, 30.960824 s, 23.5 MB/s
2026-05-19 06:33:15,229 DEBUG   756023296 bytes (756 MB) copied, 32.003390 s, 23.6 MB/s
2026-05-19 06:33:15,229 DEBUG   788529152 bytes (789 MB) copied, 33.039376 s, 23.9 MB/s
2026-05-19 06:33:15,229 DEBUG   821035008 bytes (821 MB) copied, 34.055926 s, 24.1 MB/s
2026-05-19 06:33:15,229 DEBUG   847249408 bytes (847 MB) copied, 35.114338 s, 24.1 MB/s
2026-05-19 06:33:15,229 DEBUG   884998144 bytes (885 MB) copied, 36.129332 s, 24.5 MB/s
2026-05-19 06:33:15,229 DEBUG   910163968 bytes (910 MB) copied, 37.173369 s, 24.5 MB/s
2026-05-19 06:33:15,229 DEBUG   932184064 bytes (932 MB) copied, 38.174384 s, 24.4 MB/s
2026-05-19 06:33:15,229 DEBUG   961544192 bytes (962 MB) copied, 39.214347 s, 24.5 MB/s
2026-05-19 06:33:15,229 DEBUG   987758592 bytes (988 MB) copied, 40.251388 s, 24.5 MB/s
2026-05-19 06:33:15,229 DEBUG   1016070144 bytes (1.0 GB) copied, 41.372763 s, 24.6 MB/s
2026-05-19 06:33:15,229 DEBUG   1040187392 bytes (1.0 GB) copied, 42.513537 s, 24.5 MB/s
2026-05-19 06:33:15,229 DEBUG   1064304640 bytes (1.1 GB) copied, 43.596968 s, 24.4 MB/s
2026-05-19 06:33:15,229 DEBUG   1024+0 records in
2026-05-19 06:33:15,229 DEBUG   1024+0 records out
2026-05-19 06:33:15,229 DEBUG   1073741824 bytes (1.1 GB) copied, 44.1744 s, 24.3 MB/s
2026-05-19 06:33:15,229 DEBUG   OK (disk op exit 0)
2026-05-19 06:33:15,229 WARNING Guest disk op wall 46.8s (vm='ahv_ins_delete-0-260518-172641' ip=10.114.113.161 op=create ec=0) — includes SSH + guest disk command; if still high, check guest disk throughput vs. MiB settings.
2026-05-19 06:33:15,230 DEBUG [160/556] VM ce3d0d2a… (ahv_ins_delete-0-260518-173703) via 10.114.113.168 op=create
2026-05-19 06:33:15,230 DEBUG   remote: bash -lc 'set -e; _bs(){ printf '"'"'BULK_SNAP_T %s %s\n'"'"' "$1" "$(date +%s.%N 2>/dev/null || date +%s)"; }; _bs guest_start; _bs pipeline_start; openssl enc -aes-256-ctr -pass pass:"testing" -nosalt < /dev/zero 2>/dev/null | dd of=/root/dummy_snapshot_data_1.img bs=1M count=1024 iflag=fullblock status=progress; ec=$?; _bs pipeline_done; _bs guest_end; exit $ec'
2026-05-19 06:33:16,728 DEBUG   BULK_SNAP_T guest_start 1779139951.856652932
2026-05-19 06:33:16,728 DEBUG   BULK_SNAP_T pipeline_start 1779139951.871057430
2026-05-19 06:33:16,728 DEBUG   BULK_SNAP_T pipeline_done 1779139996.353783772
2026-05-19 06:33:16,728 DEBUG   BULK_SNAP_T guest_end 1779139996.367974197
2026-05-19 06:33:16,728 DEBUG   
2026-05-19 06:33:16,728 DEBUG   22020096 bytes (22 MB) copied, 1.194983 s, 18.4 MB/s
2026-05-19 06:33:16,728 DEBUG   46137344 bytes (46 MB) copied, 2.196541 s, 21.0 MB/s
2026-05-19 06:33:16,728 DEBUG   63963136 bytes (64 MB) copied, 3.235700 s, 19.8 MB/s
2026-05-19 06:33:16,728 DEBUG   83886080 bytes (84 MB) copied, 4.297581 s, 19.5 MB/s
2026-05-19 06:33:16,728 DEBUG   108003328 bytes (108 MB) copied, 5.297851 s, 20.4 MB/s
2026-05-19 06:33:16,728 DEBUG   125829120 bytes (126 MB) copied, 6.305594 s, 20.0 MB/s
2026-05-19 06:33:16,728 DEBUG   145752064 bytes (146 MB) copied, 7.338689 s, 19.9 MB/s
2026-05-19 06:33:16,728 DEBUG   167772160 bytes (168 MB) copied, 8.353615 s, 20.1 MB/s
2026-05-19 06:33:16,728 DEBUG   188743680 bytes (189 MB) copied, 9.364464 s, 20.2 MB/s
2026-05-19 06:33:16,728 DEBUG   212860928 bytes (213 MB) copied, 10.378757 s, 20.5 MB/s
2026-05-19 06:33:16,728 DEBUG   231735296 bytes (232 MB) copied, 11.415540 s, 20.3 MB/s
2026-05-19 06:33:16,728 DEBUG   251658240 bytes (252 MB) copied, 12.484560 s, 20.2 MB/s
2026-05-19 06:33:16,729 DEBUG   271581184 bytes (272 MB) copied, 13.490546 s, 20.1 MB/s
2026-05-19 06:33:16,729 DEBUG   288358400 bytes (288 MB) copied, 14.502493 s, 19.9 MB/s
2026-05-19 06:33:16,729 DEBUG   304087040 bytes (304 MB) copied, 15.536581 s, 19.6 MB/s
2026-05-19 06:33:16,729 DEBUG   324009984 bytes (324 MB) copied, 16.576557 s, 19.5 MB/s
2026-05-19 06:33:16,729 DEBUG   348127232 bytes (348 MB) copied, 17.595507 s, 19.8 MB/s
2026-05-19 06:33:16,729 DEBUG   374341632 bytes (374 MB) copied, 18.596139 s, 20.1 MB/s
2026-05-19 06:33:16,729 DEBUG   399507456 bytes (400 MB) copied, 19.678926 s, 20.3 MB/s
2026-05-19 06:33:16,729 DEBUG   424673280 bytes (425 MB) copied, 20.725509 s, 20.5 MB/s
2026-05-19 06:33:16,729 DEBUG   451936256 bytes (452 MB) copied, 21.767910 s, 20.8 MB/s
2026-05-19 06:33:16,729 DEBUG   477102080 bytes (477 MB) copied, 22.774573 s, 20.9 MB/s
2026-05-19 06:33:16,729 DEBUG   502267904 bytes (502 MB) copied, 23.783955 s, 21.1 MB/s
2026-05-19 06:33:16,729 DEBUG   535822336 bytes (536 MB) copied, 24.804683 s, 21.6 MB/s
2026-05-19 06:33:16,729 DEBUG   562036736 bytes (562 MB) copied, 25.863828 s, 21.7 MB/s
2026-05-19 06:33:16,729 DEBUG   600834048 bytes (601 MB) copied, 26.875698 s, 22.4 MB/s
2026-05-19 06:33:16,729 DEBUG   638582784 bytes (639 MB) copied, 27.905787 s, 22.9 MB/s
2026-05-19 06:33:16,729 DEBUG   668991488 bytes (669 MB) copied, 28.934631 s, 23.1 MB/s
2026-05-19 06:33:16,729 DEBUG   697303040 bytes (697 MB) copied, 29.954447 s, 23.3 MB/s
2026-05-19 06:33:16,729 DEBUG   736100352 bytes (736 MB) copied, 30.975724 s, 23.8 MB/s
2026-05-19 06:33:16,729 DEBUG   770703360 bytes (771 MB) copied, 31.993685 s, 24.1 MB/s
2026-05-19 06:33:16,729 DEBUG   805306368 bytes (805 MB) copied, 33.004536 s, 24.4 MB/s
2026-05-19 06:33:16,729 DEBUG   833617920 bytes (834 MB) copied, 34.044574 s, 24.5 MB/s
2026-05-19 06:33:16,729 DEBUG   859832320 bytes (860 MB) copied, 35.070706 s, 24.5 MB/s
2026-05-19 06:33:16,729 DEBUG   883949568 bytes (884 MB) copied, 36.146541 s, 24.5 MB/s
2026-05-19 06:33:16,729 DEBUG   915406848 bytes (915 MB) copied, 37.198566 s, 24.6 MB/s
2026-05-19 06:33:16,729 DEBUG   941621248 bytes (942 MB) copied, 38.233666 s, 24.6 MB/s
2026-05-19 06:33:16,729 DEBUG   972029952 bytes (972 MB) copied, 39.256523 s, 24.8 MB/s
2026-05-19 06:33:16,729 DEBUG   996147200 bytes (996 MB) copied, 40.256695 s, 24.7 MB/s
2026-05-19 06:33:16,729 DEBUG   1017118720 bytes (1.0 GB) copied, 41.296503 s, 24.6 MB/s
2026-05-19 06:33:16,729 DEBUG   1040187392 bytes (1.0 GB) copied, 42.360986 s, 24.6 MB/s
2026-05-19 06:33:16,729 DEBUG   1059061760 bytes (1.1 GB) copied, 43.374887 s, 24.4 MB/s
2026-05-19 06:33:16,729 DEBUG   1024+0 records in
2026-05-19 06:33:16,729 DEBUG   1024+0 records out
2026-05-19 06:33:16,729 DEBUG   1073741824 bytes (1.1 GB) copied, 44.3571 s, 24.2 MB/s
2026-05-19 06:33:16,729 DEBUG   OK (disk op exit 0)
2026-05-19 06:33:16,729 WARNING Guest disk op wall 47.0s (vm='ahv_ins_delete-0-260518-172705' ip=10.114.121.47 op=create ec=0) — includes SSH + guest disk command; if still high, check guest disk throughput vs. MiB settings.
2026-05-19 06:33:16,730 DEBUG [161/556] VM c090dbda… (ahv_ins_delete-0-260518-173705) via 10.114.113.171 op=create
2026-05-19 06:33:16,730 DEBUG   remote: bash -lc 'set -e; _bs(){ printf '"'"'BULK_SNAP_T %s %s\n'"'"' "$1" "$(date +%s.%N 2>/dev/null || date +%s)"; }; _bs guest_start; _bs pipeline_start; openssl enc -aes-256-ctr -pass pass:"testing" -nosalt < /dev/zero 2>/dev/null | dd of=/root/dummy_snapshot_data_1.img bs=1M count=1024 iflag=fullblock status=progress; ec=$?; _bs pipeline_done; _bs guest_end; exit $ec'
2026-05-19 06:33:23,234 DEBUG   BULK_SNAP_T guest_start 1779139973.596497134
2026-05-19 06:33:23,234 DEBUG   BULK_SNAP_T pipeline_start 1779139973.614800715
2026-05-19 06:33:23,234 DEBUG   BULK_SNAP_T pipeline_done 1779140001.648566855
2026-05-19 06:33:23,234 DEBUG   BULK_SNAP_T guest_end 1779140001.772957671
2026-05-19 06:33:23,234 DEBUG   
2026-05-19 06:33:23,234 DEBUG   22020096 bytes (22 MB) copied, 1.215098 s, 18.1 MB/s
2026-05-19 06:33:23,234 DEBUG   41943040 bytes (42 MB) copied, 2.252392 s, 18.6 MB/s
2026-05-19 06:33:23,234 DEBUG   68157440 bytes (68 MB) copied, 3.344419 s, 20.4 MB/s
2026-05-19 06:33:23,234 DEBUG   96468992 bytes (96 MB) copied, 4.422183 s, 21.8 MB/s
2026-05-19 06:33:23,234 DEBUG   125829120 bytes (126 MB) copied, 5.599201 s, 22.5 MB/s
2026-05-19 06:33:23,234 DEBUG   148897792 bytes (149 MB) copied, 6.640100 s, 22.4 MB/s
2026-05-19 06:33:23,234 DEBUG   177209344 bytes (177 MB) copied, 7.662026 s, 23.1 MB/s
2026-05-19 06:33:23,234 DEBUG   210763776 bytes (211 MB) copied, 8.689124 s, 24.3 MB/s
2026-05-19 06:33:23,234 DEBUG   245366784 bytes (245 MB) copied, 9.708064 s, 25.3 MB/s
2026-05-19 06:33:23,234 DEBUG   281018368 bytes (281 MB) copied, 10.735072 s, 26.2 MB/s
2026-05-19 06:33:23,234 DEBUG   320864256 bytes (321 MB) copied, 11.748054 s, 27.3 MB/s
2026-05-19 06:33:23,234 DEBUG   362807296 bytes (363 MB) copied, 12.754085 s, 28.4 MB/s
2026-05-19 06:33:23,235 DEBUG   420478976 bytes (420 MB) copied, 13.760031 s, 30.6 MB/s
2026-05-19 06:33:23,235 DEBUG   469762048 bytes (470 MB) copied, 14.774035 s, 31.8 MB/s
2026-05-19 06:33:23,235 DEBUG   535822336 bytes (536 MB) copied, 15.775332 s, 34.0 MB/s
2026-05-19 06:33:23,235 DEBUG   581959680 bytes (582 MB) copied, 16.787115 s, 34.7 MB/s
2026-05-19 06:33:23,235 DEBUG   636485632 bytes (636 MB) copied, 17.794074 s, 35.8 MB/s
2026-05-19 06:33:23,235 DEBUG   671088640 bytes (671 MB) copied, 18.814150 s, 35.7 MB/s
2026-05-19 06:33:23,235 DEBUG   716177408 bytes (716 MB) copied, 19.816046 s, 36.1 MB/s
2026-05-19 06:33:23,235 DEBUG   751828992 bytes (752 MB) copied, 20.844083 s, 36.1 MB/s
2026-05-19 06:33:23,235 DEBUG   802160640 bytes (802 MB) copied, 21.872057 s, 36.7 MB/s
2026-05-19 06:33:23,235 DEBUG   850395136 bytes (850 MB) copied, 22.899098 s, 37.1 MB/s
2026-05-19 06:33:23,235 DEBUG   901775360 bytes (902 MB) copied, 23.906074 s, 37.7 MB/s
2026-05-19 06:33:23,235 DEBUG   930086912 bytes (930 MB) copied, 24.933049 s, 37.3 MB/s
2026-05-19 06:33:23,235 DEBUG   986710016 bytes (987 MB) copied, 25.952065 s, 38.0 MB/s
2026-05-19 06:33:23,235 DEBUG   1027604480 bytes (1.0 GB) copied, 26.962060 s, 38.1 MB/s
2026-05-19 06:33:23,235 DEBUG   1024+0 records in
2026-05-19 06:33:23,235 DEBUG   1024+0 records out
2026-05-19 06:33:23,235 DEBUG   1073741824 bytes (1.1 GB) copied, 27.8111 s, 38.6 MB/s
2026-05-19 06:33:23,235 DEBUG   OK (disk op exit 0)
2026-05-19 06:33:23,235 WARNING Guest disk op wall 30.8s (vm='ahv_ins_delete-0-260518-173148' ip=10.114.113.172 op=create ec=0) — includes SSH + guest disk command; if still high, check guest disk throughput vs. MiB settings.
2026-05-19 06:33:23,235 DEBUG [162/556] VM 3696ab7c… (ahv_ins_delete-0-260518-173715) via 10.114.113.170 op=create
2026-05-19 06:33:23,236 DEBUG   remote: bash -lc 'set -e; _bs(){ printf '"'"'BULK_SNAP_T %s %s\n'"'"' "$1" "$(date +%s.%N 2>/dev/null || date +%s)"; }; _bs guest_start; _bs pipeline_start; openssl enc -aes-256-ctr -pass pass:"testing" -nosalt < /dev/zero 2>/dev/null | dd of=/root/dummy_snapshot_data_1.img bs=1M count=1024 iflag=fullblock status=progress; ec=$?; _bs pipeline_done; _bs guest_end; exit $ec'
2026-05-19 06:33:27,237 DEBUG   BULK_SNAP_T guest_start 1779139978.517234468
2026-05-19 06:33:27,237 DEBUG   BULK_SNAP_T pipeline_start 1779139978.520833877
2026-05-19 06:33:27,237 DEBUG   BULK_SNAP_T pipeline_done 1779140005.960444843
2026-05-19 06:33:27,237 DEBUG   BULK_SNAP_T guest_end 1779140005.982664632
2026-05-19 06:33:27,237 DEBUG   
2026-05-19 06:33:27,237 DEBUG   17825792 bytes (18 MB) copied, 1.118340 s, 15.9 MB/s
2026-05-19 06:33:27,237 DEBUG   38797312 bytes (39 MB) copied, 2.144378 s, 18.1 MB/s
2026-05-19 06:33:27,237 DEBUG   59768832 bytes (60 MB) copied, 3.226089 s, 18.5 MB/s
2026-05-19 06:33:27,237 DEBUG   88080384 bytes (88 MB) copied, 4.395977 s, 20.0 MB/s
2026-05-19 06:33:27,237 DEBUG   120586240 bytes (121 MB) copied, 5.406902 s, 22.3 MB/s
2026-05-19 06:33:27,237 DEBUG   144703488 bytes (145 MB) copied, 6.428951 s, 22.5 MB/s
2026-05-19 06:33:27,237 DEBUG   168820736 bytes (169 MB) copied, 7.442117 s, 22.7 MB/s
2026-05-19 06:33:27,237 DEBUG   199229440 bytes (199 MB) copied, 8.481909 s, 23.5 MB/s
2026-05-19 06:33:27,237 DEBUG   241172480 bytes (241 MB) copied, 9.493815 s, 25.4 MB/s
2026-05-19 06:33:27,237 DEBUG   281018368 bytes (281 MB) copied, 10.516786 s, 26.7 MB/s
2026-05-19 06:33:27,237 DEBUG   321912832 bytes (322 MB) copied, 11.527958 s, 27.9 MB/s
2026-05-19 06:33:27,237 DEBUG   362807296 bytes (363 MB) copied, 12.537775 s, 28.9 MB/s
2026-05-19 06:33:27,237 DEBUG   385875968 bytes (386 MB) copied, 13.590781 s, 28.4 MB/s
2026-05-19 06:33:27,237 DEBUG   407896064 bytes (408 MB) copied, 14.653782 s, 27.8 MB/s
2026-05-19 06:33:27,237 DEBUG   455081984 bytes (455 MB) copied, 15.660851 s, 29.1 MB/s
2026-05-19 06:33:27,237 DEBUG   484442112 bytes (484 MB) copied, 16.734788 s, 28.9 MB/s
2026-05-19 06:33:27,237 DEBUG   521142272 bytes (521 MB) copied, 17.779802 s, 29.3 MB/s
2026-05-19 06:33:27,237 DEBUG   586153984 bytes (586 MB) copied, 18.783795 s, 31.2 MB/s
2026-05-19 06:33:27,237 DEBUG   649068544 bytes (649 MB) copied, 19.792775 s, 32.8 MB/s
2026-05-19 06:33:27,237 DEBUG   696254464 bytes (696 MB) copied, 20.796758 s, 33.5 MB/s
2026-05-19 06:33:27,237 DEBUG   744488960 bytes (744 MB) copied, 21.801835 s, 34.1 MB/s
2026-05-19 06:33:27,237 DEBUG   811597824 bytes (812 MB) copied, 22.820814 s, 35.6 MB/s
2026-05-19 06:33:27,237 DEBUG   870318080 bytes (870 MB) copied, 23.823917 s, 36.5 MB/s
2026-05-19 06:33:27,237 DEBUG   938475520 bytes (938 MB) copied, 24.824864 s, 37.8 MB/s
2026-05-19 06:33:27,238 DEBUG   1003487232 bytes (1.0 GB) copied, 25.903797 s, 38.7 MB/s
2026-05-19 06:33:27,238 DEBUG   1071644672 bytes (1.1 GB) copied, 26.943838 s, 39.8 MB/s
2026-05-19 06:33:27,238 DEBUG   1024+0 records in
2026-05-19 06:33:27,238 DEBUG   1024+0 records out
2026-05-19 06:33:27,238 DEBUG   1073741824 bytes (1.1 GB) copied, 27.1199 s, 39.6 MB/s
2026-05-19 06:33:27,238 DEBUG   OK (disk op exit 0)
2026-05-19 06:33:27,238 WARNING Guest disk op wall 30.0s (vm='ahv_ins_delete-0-260518-173204' ip=10.114.113.175 op=create ec=0) — includes SSH + guest disk command; if still high, check guest disk throughput vs. MiB settings.
2026-05-19 06:33:27,238 DEBUG [163/556] VM 9351e88a… (ahv_ins_delete-0-260518-174125) via 10.114.121.16 op=create
2026-05-19 06:33:27,238 DEBUG   remote: bash -lc 'set -e; _bs(){ printf '"'"'BULK_SNAP_T %s %s\n'"'"' "$1" "$(date +%s.%N 2>/dev/null || date +%s)"; }; _bs guest_start; _bs pipeline_start; openssl enc -aes-256-ctr -pass pass:"testing" -nosalt < /dev/zero 2>/dev/null | dd of=/root/dummy_snapshot_data_1.img bs=1M count=1024 iflag=fullblock status=progress; ec=$?; _bs pipeline_done; _bs guest_end; exit $ec'
2026-05-19 06:33:32,489 DEBUG   BULK_SNAP_T guest_start 1779139961.445636836
2026-05-19 06:33:32,489 DEBUG   BULK_SNAP_T pipeline_start 1779139961.455356424
2026-05-19 06:33:32,489 DEBUG   BULK_SNAP_T pipeline_done 1779140010.794605141
2026-05-19 06:33:32,490 DEBUG   BULK_SNAP_T guest_end 1779140010.807585639
2026-05-19 06:33:32,490 DEBUG   
2026-05-19 06:33:32,490 DEBUG   12582912 bytes (13 MB) copied, 1.013963 s, 12.4 MB/s
2026-05-19 06:33:32,490 DEBUG   28311552 bytes (28 MB) copied, 2.202712 s, 12.9 MB/s
2026-05-19 06:33:32,490 DEBUG   38797312 bytes (39 MB) copied, 3.290822 s, 11.8 MB/s
2026-05-19 06:33:32,490 DEBUG   55574528 bytes (56 MB) copied, 4.297677 s, 12.9 MB/s
2026-05-19 06:33:32,490 DEBUG   73400320 bytes (73 MB) copied, 5.422885 s, 13.5 MB/s
2026-05-19 06:33:32,490 DEBUG   92274688 bytes (92 MB) copied, 6.475920 s, 14.2 MB/s
2026-05-19 06:33:32,490 DEBUG   111149056 bytes (111 MB) copied, 7.541722 s, 14.7 MB/s
2026-05-19 06:33:32,490 DEBUG   134217728 bytes (134 MB) copied, 8.547679 s, 15.7 MB/s
2026-05-19 06:33:32,490 DEBUG   154140672 bytes (154 MB) copied, 9.574826 s, 16.1 MB/s
2026-05-19 06:33:32,490 DEBUG   179306496 bytes (179 MB) copied, 10.620631 s, 16.9 MB/s
2026-05-19 06:33:32,490 DEBUG   204472320 bytes (204 MB) copied, 11.635739 s, 17.6 MB/s
2026-05-19 06:33:32,490 DEBUG   228589568 bytes (229 MB) copied, 12.725152 s, 18.0 MB/s
2026-05-19 06:33:32,490 DEBUG   253755392 bytes (254 MB) copied, 13.727429 s, 18.5 MB/s
2026-05-19 06:33:32,490 DEBUG   282066944 bytes (282 MB) copied, 14.780621 s, 19.1 MB/s
2026-05-19 06:33:32,490 DEBUG   312475648 bytes (312 MB) copied, 15.784810 s, 19.8 MB/s
2026-05-19 06:33:32,490 DEBUG   343932928 bytes (344 MB) copied, 16.799643 s, 20.5 MB/s
2026-05-19 06:33:32,490 DEBUG   369098752 bytes (369 MB) copied, 17.803598 s, 20.7 MB/s
2026-05-19 06:33:32,490 DEBUG   390070272 bytes (390 MB) copied, 18.883618 s, 20.7 MB/s
2026-05-19 06:33:32,490 DEBUG   422576128 bytes (423 MB) copied, 19.936671 s, 21.2 MB/s
2026-05-19 06:33:32,490 DEBUG   452984832 bytes (453 MB) copied, 20.976612 s, 21.6 MB/s
2026-05-19 06:33:32,490 DEBUG   481296384 bytes (481 MB) copied, 22.023670 s, 21.9 MB/s
2026-05-19 06:33:32,490 DEBUG   509607936 bytes (510 MB) copied, 23.063655 s, 22.1 MB/s
2026-05-19 06:33:32,490 DEBUG   532676608 bytes (533 MB) copied, 24.065938 s, 22.1 MB/s
2026-05-19 06:33:32,490 DEBUG   562036736 bytes (562 MB) copied, 25.070823 s, 22.4 MB/s
2026-05-19 06:33:32,490 DEBUG   587202560 bytes (587 MB) copied, 26.072713 s, 22.5 MB/s
2026-05-19 06:33:32,490 DEBUG   614465536 bytes (614 MB) copied, 27.119612 s, 22.7 MB/s
2026-05-19 06:33:32,490 DEBUG   639631360 bytes (640 MB) copied, 28.141057 s, 22.7 MB/s
2026-05-19 06:33:32,490 DEBUG   661651456 bytes (662 MB) copied, 29.157618 s, 22.7 MB/s
2026-05-19 06:33:32,490 DEBUG   678428672 bytes (678 MB) copied, 30.164192 s, 22.5 MB/s
2026-05-19 06:33:32,490 DEBUG   700448768 bytes (700 MB) copied, 31.174739 s, 22.5 MB/s
2026-05-19 06:33:32,490 DEBUG   720371712 bytes (720 MB) copied, 32.187639 s, 22.4 MB/s
2026-05-19 06:33:32,490 DEBUG   739246080 bytes (739 MB) copied, 33.243620 s, 22.2 MB/s
2026-05-19 06:33:32,490 DEBUG   757071872 bytes (757 MB) copied, 34.263668 s, 22.1 MB/s
2026-05-19 06:33:32,490 DEBUG   775946240 bytes (776 MB) copied, 35.323648 s, 22.0 MB/s
2026-05-19 06:33:32,490 DEBUG   793772032 bytes (794 MB) copied, 36.393596 s, 21.8 MB/s
2026-05-19 06:33:32,490 DEBUG   813694976 bytes (814 MB) copied, 37.427983 s, 21.7 MB/s
2026-05-19 06:33:32,490 DEBUG   830472192 bytes (830 MB) copied, 38.441706 s, 21.6 MB/s
2026-05-19 06:33:32,490 DEBUG   849346560 bytes (849 MB) copied, 39.478727 s, 21.5 MB/s
2026-05-19 06:33:32,490 DEBUG   870318080 bytes (870 MB) copied, 40.518728 s, 21.5 MB/s
2026-05-19 06:33:32,490 DEBUG   890241024 bytes (890 MB) copied, 41.521698 s, 21.4 MB/s
2026-05-19 06:33:32,490 DEBUG   914358272 bytes (914 MB) copied, 42.546823 s, 21.5 MB/s
2026-05-19 06:33:32,490 DEBUG   938475520 bytes (938 MB) copied, 43.565881 s, 21.5 MB/s
2026-05-19 06:33:32,491 DEBUG   967835648 bytes (968 MB) copied, 44.578939 s, 21.7 MB/s
2026-05-19 06:33:32,491 DEBUG   995098624 bytes (995 MB) copied, 45.597692 s, 21.8 MB/s
2026-05-19 06:33:32,491 DEBUG   1021313024 bytes (1.0 GB) copied, 46.640922 s, 21.9 MB/s
2026-05-19 06:33:32,491 DEBUG   1044381696 bytes (1.0 GB) copied, 47.729654 s, 21.9 MB/s
2026-05-19 06:33:32,491 DEBUG   1067450368 bytes (1.1 GB) copied, 48.802693 s, 21.9 MB/s
2026-05-19 06:33:32,491 DEBUG   1024+0 records in
2026-05-19 06:33:32,491 DEBUG   1024+0 records out
2026-05-19 06:33:32,491 DEBUG   1073741824 bytes (1.1 GB) copied, 49.119 s, 21.9 MB/s
2026-05-19 06:33:32,491 DEBUG   OK (disk op exit 0)
2026-05-19 06:33:32,491 WARNING Guest disk op wall 52.5s (vm='ahv_ins_delete-0-260518-172720' ip=10.114.113.163 op=create ec=0) — includes SSH + guest disk command; if still high, check guest disk throughput vs. MiB settings.
2026-05-19 06:33:32,491 DEBUG [164/556] VM 99cf6ad2… (ahv_ins_delete-0-260518-174206) via 10.114.113.148 op=create
2026-05-19 06:33:32,491 DEBUG   remote: bash -lc 'set -e; _bs(){ printf '"'"'BULK_SNAP_T %s %s\n'"'"' "$1" "$(date +%s.%N 2>/dev/null || date +%s)"; }; _bs guest_start; _bs pipeline_start; openssl enc -aes-256-ctr -pass pass:"testing" -nosalt < /dev/zero 2>/dev/null | dd of=/root/dummy_snapshot_data_1.img bs=1M count=1024 iflag=fullblock status=progress; ec=$?; _bs pipeline_done; _bs guest_end; exit $ec'
2026-05-19 06:33:33,240 DEBUG   BULK_SNAP_T guest_start 1779139971.056255514
2026-05-19 06:33:33,240 DEBUG   BULK_SNAP_T pipeline_start 1779139971.067703580
2026-05-19 06:33:33,240 DEBUG   BULK_SNAP_T pipeline_done 1779140011.614276192
2026-05-19 06:33:33,240 DEBUG   BULK_SNAP_T guest_end 1779140011.626143386
2026-05-19 06:33:33,240 DEBUG   
2026-05-19 06:33:33,240 DEBUG   23068672 bytes (23 MB) copied, 1.008542 s, 22.9 MB/s
2026-05-19 06:33:33,240 DEBUG   47185920 bytes (47 MB) copied, 2.215110 s, 21.3 MB/s
2026-05-19 06:33:33,240 DEBUG   74448896 bytes (74 MB) copied, 3.322428 s, 22.4 MB/s
2026-05-19 06:33:33,240 DEBUG   105906176 bytes (106 MB) copied, 4.340559 s, 24.4 MB/s
2026-05-19 06:33:33,240 DEBUG   136314880 bytes (136 MB) copied, 5.353512 s, 25.5 MB/s
2026-05-19 06:33:33,240 DEBUG   164626432 bytes (165 MB) copied, 6.373491 s, 25.8 MB/s
2026-05-19 06:33:33,240 DEBUG   201326592 bytes (201 MB) copied, 7.379579 s, 27.3 MB/s
2026-05-19 06:33:33,240 DEBUG   225443840 bytes (225 MB) copied, 8.411530 s, 26.8 MB/s
2026-05-19 06:33:33,241 DEBUG   250609664 bytes (251 MB) copied, 9.456459 s, 26.5 MB/s
2026-05-19 06:33:33,241 DEBUG   283115520 bytes (283 MB) copied, 10.478487 s, 27.0 MB/s
2026-05-19 06:33:33,241 DEBUG   312475648 bytes (312 MB) copied, 11.508391 s, 27.2 MB/s
2026-05-19 06:33:33,241 DEBUG   338690048 bytes (339 MB) copied, 12.510449 s, 27.1 MB/s
2026-05-19 06:33:33,241 DEBUG   375390208 bytes (375 MB) copied, 13.523419 s, 27.8 MB/s
2026-05-19 06:33:33,241 DEBUG   413138944 bytes (413 MB) copied, 14.526847 s, 28.4 MB/s
2026-05-19 06:33:33,241 DEBUG   440401920 bytes (440 MB) copied, 15.544425 s, 28.3 MB/s
2026-05-19 06:33:33,241 DEBUG   472907776 bytes (473 MB) copied, 16.568415 s, 28.5 MB/s
2026-05-19 06:33:33,241 DEBUG   506462208 bytes (506 MB) copied, 17.636532 s, 28.7 MB/s
2026-05-19 06:33:33,241 DEBUG   536870912 bytes (537 MB) copied, 18.671549 s, 28.8 MB/s
2026-05-19 06:33:33,241 DEBUG   562036736 bytes (562 MB) copied, 19.705463 s, 28.5 MB/s
2026-05-19 06:33:33,241 DEBUG   584056832 bytes (584 MB) copied, 20.833530 s, 28.0 MB/s
2026-05-19 06:33:33,241 DEBUG   606076928 bytes (606 MB) copied, 21.846478 s, 27.7 MB/s
2026-05-19 06:33:33,241 DEBUG   636485632 bytes (636 MB) copied, 22.896496 s, 27.8 MB/s
2026-05-19 06:33:33,241 DEBUG   661651456 bytes (662 MB) copied, 23.912532 s, 27.7 MB/s
2026-05-19 06:33:33,241 DEBUG   685768704 bytes (686 MB) copied, 24.923557 s, 27.5 MB/s
2026-05-19 06:33:33,241 DEBUG   702545920 bytes (703 MB) copied, 25.926011 s, 27.1 MB/s
2026-05-19 06:33:33,241 DEBUG   725614592 bytes (726 MB) copied, 26.954434 s, 26.9 MB/s
2026-05-19 06:33:33,241 DEBUG   757071872 bytes (757 MB) copied, 27.995550 s, 27.0 MB/s
2026-05-19 06:33:33,241 DEBUG   779091968 bytes (779 MB) copied, 29.197471 s, 26.7 MB/s
2026-05-19 06:33:33,241 DEBUG   804257792 bytes (804 MB) copied, 30.267540 s, 26.6 MB/s
2026-05-19 06:33:33,241 DEBUG   824180736 bytes (824 MB) copied, 31.327513 s, 26.3 MB/s
2026-05-19 06:33:33,241 DEBUG   851443712 bytes (851 MB) copied, 32.409471 s, 26.3 MB/s
2026-05-19 06:33:33,241 DEBUG   881852416 bytes (882 MB) copied, 33.534417 s, 26.3 MB/s
2026-05-19 06:33:33,241 DEBUG   911212544 bytes (911 MB) copied, 34.671630 s, 26.3 MB/s
2026-05-19 06:33:33,241 DEBUG   939524096 bytes (940 MB) copied, 35.680491 s, 26.3 MB/s
2026-05-19 06:33:33,241 DEBUG   965738496 bytes (966 MB) copied, 36.714560 s, 26.3 MB/s
2026-05-19 06:33:33,241 DEBUG   999292928 bytes (999 MB) copied, 37.864542 s, 26.4 MB/s
2026-05-19 06:33:33,241 DEBUG   1025507328 bytes (1.0 GB) copied, 38.881544 s, 26.4 MB/s
2026-05-19 06:33:33,241 DEBUG   1056964608 bytes (1.1 GB) copied, 39.905638 s, 26.5 MB/s
2026-05-19 06:33:33,241 DEBUG   1024+0 records in
2026-05-19 06:33:33,241 DEBUG   1024+0 records out
2026-05-19 06:33:33,241 DEBUG   1073741824 bytes (1.1 GB) copied, 40.4276 s, 26.6 MB/s
2026-05-19 06:33:33,241 DEBUG   OK (disk op exit 0)
2026-05-19 06:33:33,241 WARNING Guest disk op wall 43.3s (vm='ahv_ins_delete-0-260518-173108' ip=10.114.113.162 op=create ec=0) — includes SSH + guest disk command; if still high, check guest disk throughput vs. MiB settings.
2026-05-19 06:33:33,242 DEBUG [165/556] VM 148d0b06… (ahv_ins_delete-0-260518-174230) via 10.114.121.18 op=create
2026-05-19 06:33:33,242 DEBUG   remote: bash -lc 'set -e; _bs(){ printf '"'"'BULK_SNAP_T %s %s\n'"'"' "$1" "$(date +%s.%N 2>/dev/null || date +%s)"; }; _bs guest_start; _bs pipeline_start; openssl enc -aes-256-ctr -pass pass:"testing" -nosalt < /dev/zero 2>/dev/null | dd of=/root/dummy_snapshot_data_1.img bs=1M count=1024 iflag=fullblock status=progress; ec=$?; _bs pipeline_done; _bs guest_end; exit $ec'
2026-05-19 06:33:40,743 DEBUG   BULK_SNAP_T guest_start 1779139973.407031006
2026-05-19 06:33:40,744 DEBUG   BULK_SNAP_T pipeline_start 1779139973.416124475
2026-05-19 06:33:40,744 DEBUG   BULK_SNAP_T pipeline_done 1779140019.350896919
2026-05-19 06:33:40,744 DEBUG   BULK_SNAP_T guest_end 1779140019.356870183
2026-05-19 06:33:40,744 DEBUG   
2026-05-19 06:33:40,744 DEBUG   16777216 bytes (17 MB) copied, 1.007484 s, 16.7 MB/s
2026-05-19 06:33:40,744 DEBUG   32505856 bytes (33 MB) copied, 2.129303 s, 15.3 MB/s
2026-05-19 06:33:40,744 DEBUG   55574528 bytes (56 MB) copied, 3.185320 s, 17.4 MB/s
2026-05-19 06:33:40,744 DEBUG   81788928 bytes (82 MB) copied, 4.231223 s, 19.3 MB/s
2026-05-19 06:33:40,744 DEBUG   117440512 bytes (117 MB) copied, 5.243380 s, 22.4 MB/s
2026-05-19 06:33:40,744 DEBUG   142606336 bytes (143 MB) copied, 6.276656 s, 22.7 MB/s
2026-05-19 06:33:40,744 DEBUG   165675008 bytes (166 MB) copied, 7.364757 s, 22.5 MB/s
2026-05-19 06:33:40,744 DEBUG   193986560 bytes (194 MB) copied, 8.370219 s, 23.2 MB/s
2026-05-19 06:33:40,744 DEBUG   223346688 bytes (223 MB) copied, 9.383301 s, 23.8 MB/s
2026-05-19 06:33:40,744 DEBUG   260046848 bytes (260 MB) copied, 10.409283 s, 25.0 MB/s
2026-05-19 06:33:40,744 DEBUG   296747008 bytes (297 MB) copied, 11.413282 s, 26.0 MB/s
2026-05-19 06:33:40,744 DEBUG   319815680 bytes (320 MB) copied, 12.414402 s, 25.8 MB/s
2026-05-19 06:33:40,744 DEBUG   353370112 bytes (353 MB) copied, 13.604522 s, 26.0 MB/s
2026-05-19 06:33:40,744 DEBUG   384827392 bytes (385 MB) copied, 14.608254 s, 26.3 MB/s
2026-05-19 06:33:40,744 DEBUG   409993216 bytes (410 MB) copied, 15.681624 s, 26.1 MB/s
2026-05-19 06:33:40,744 DEBUG   435159040 bytes (435 MB) copied, 16.695226 s, 26.1 MB/s
2026-05-19 06:33:40,744 DEBUG   458227712 bytes (458 MB) copied, 17.698319 s, 25.9 MB/s
2026-05-19 06:33:40,744 DEBUG   484442112 bytes (484 MB) copied, 18.743490 s, 25.8 MB/s
2026-05-19 06:33:40,744 DEBUG   506462208 bytes (506 MB) copied, 19.751480 s, 25.6 MB/s
2026-05-19 06:33:40,744 DEBUG   524288000 bytes (524 MB) copied, 20.770271 s, 25.2 MB/s
2026-05-19 06:33:40,744 DEBUG   540016640 bytes (540 MB) copied, 21.779249 s, 24.8 MB/s
2026-05-19 06:33:40,744 DEBUG   560988160 bytes (561 MB) copied, 22.874339 s, 24.5 MB/s
2026-05-19 06:33:40,744 DEBUG   580911104 bytes (581 MB) copied, 23.914299 s, 24.3 MB/s
2026-05-19 06:33:40,744 DEBUG   602931200 bytes (603 MB) copied, 24.931673 s, 24.2 MB/s
2026-05-19 06:33:40,744 DEBUG   621805568 bytes (622 MB) copied, 25.939597 s, 24.0 MB/s
2026-05-19 06:33:40,744 DEBUG   634388480 bytes (634 MB) copied, 26.944815 s, 23.5 MB/s
2026-05-19 06:33:40,744 DEBUG   656408576 bytes (656 MB) copied, 27.948405 s, 23.5 MB/s
2026-05-19 06:33:40,744 DEBUG   674234368 bytes (674 MB) copied, 28.986246 s, 23.3 MB/s
2026-05-19 06:33:40,744 DEBUG   695205888 bytes (695 MB) copied, 30.021279 s, 23.2 MB/s
2026-05-19 06:33:40,744 DEBUG   718274560 bytes (718 MB) copied, 31.075347 s, 23.1 MB/s
2026-05-19 06:33:40,744 DEBUG   745537536 bytes (746 MB) copied, 32.076428 s, 23.2 MB/s
2026-05-19 06:33:40,744 DEBUG   770703360 bytes (771 MB) copied, 33.097246 s, 23.3 MB/s
2026-05-19 06:33:40,744 DEBUG   792723456 bytes (793 MB) copied, 34.128512 s, 23.2 MB/s
2026-05-19 06:33:40,744 DEBUG   815792128 bytes (816 MB) copied, 35.156415 s, 23.2 MB/s
2026-05-19 06:33:40,744 DEBUG   839909376 bytes (840 MB) copied, 36.168908 s, 23.2 MB/s
2026-05-19 06:33:40,744 DEBUG   862978048 bytes (863 MB) copied, 37.171894 s, 23.2 MB/s
2026-05-19 06:33:40,744 DEBUG   886046720 bytes (886 MB) copied, 38.177363 s, 23.2 MB/s
2026-05-19 06:33:40,745 DEBUG   908066816 bytes (908 MB) copied, 39.200558 s, 23.2 MB/s
2026-05-19 06:33:40,745 DEBUG   933232640 bytes (933 MB) copied, 40.225399 s, 23.2 MB/s
2026-05-19 06:33:40,745 DEBUG   961544192 bytes (962 MB) copied, 41.326291 s, 23.3 MB/s
2026-05-19 06:33:40,745 DEBUG   989855744 bytes (990 MB) copied, 42.396442 s, 23.3 MB/s
2026-05-19 06:33:40,745 DEBUG   1015021568 bytes (1.0 GB) copied, 43.454427 s, 23.4 MB/s
2026-05-19 06:33:40,745 DEBUG   1044381696 bytes (1.0 GB) copied, 44.532359 s, 23.5 MB/s
2026-05-19 06:33:40,745 DEBUG   1067450368 bytes (1.1 GB) copied, 45.556628 s, 23.4 MB/s
2026-05-19 06:33:40,745 DEBUG   1024+0 records in
2026-05-19 06:33:40,745 DEBUG   1024+0 records out
2026-05-19 06:33:40,745 DEBUG   1073741824 bytes (1.1 GB) copied, 45.8055 s, 23.4 MB/s
2026-05-19 06:33:40,745 DEBUG   OK (disk op exit 0)
2026-05-19 06:33:40,745 WARNING Guest disk op wall 48.8s (vm='ahv_ins_delete-0-260518-173141' ip=10.114.113.173 op=create ec=0) — includes SSH + guest disk command; if still high, check guest disk throughput vs. MiB settings.
2026-05-19 06:33:40,745 DEBUG [166/556] VM 718acce5… (ahv_ins_delete-0-260518-174243) via 10.114.113.151 op=create
2026-05-19 06:33:40,745 DEBUG   remote: bash -lc 'set -e; _bs(){ printf '"'"'BULK_SNAP_T %s %s\n'"'"' "$1" "$(date +%s.%N 2>/dev/null || date +%s)"; }; _bs guest_start; _bs pipeline_start; openssl enc -aes-256-ctr -pass pass:"testing" -nosalt < /dev/zero 2>/dev/null | dd of=/root/dummy_snapshot_data_1.img bs=1M count=1024 iflag=fullblock status=progress; ec=$?; _bs pipeline_done; _bs guest_end; exit $ec'
2026-05-19 06:33:49,253 DEBUG   BULK_SNAP_T guest_start 1779139979.357249442
2026-05-19 06:33:49,253 DEBUG   BULK_SNAP_T pipeline_start 1779139979.362258290
2026-05-19 06:33:49,253 DEBUG   BULK_SNAP_T pipeline_done 1779140027.842779968
2026-05-19 06:33:49,253 DEBUG   BULK_SNAP_T guest_end 1779140027.847318828
2026-05-19 06:33:49,253 DEBUG   
2026-05-19 06:33:49,253 DEBUG   15728640 bytes (16 MB) copied, 1.024351 s, 15.4 MB/s
2026-05-19 06:33:49,253 DEBUG   40894464 bytes (41 MB) copied, 2.085343 s, 19.6 MB/s
2026-05-19 06:33:49,253 DEBUG   70254592 bytes (70 MB) copied, 3.194778 s, 22.0 MB/s
2026-05-19 06:33:49,253 DEBUG   102760448 bytes (103 MB) copied, 4.347702 s, 23.6 MB/s
2026-05-19 06:33:49,253 DEBUG   138412032 bytes (138 MB) copied, 5.404640 s, 25.6 MB/s
2026-05-19 06:33:49,253 DEBUG   167772160 bytes (168 MB) copied, 6.415889 s, 26.1 MB/s
2026-05-19 06:33:49,253 DEBUG   199229440 bytes (199 MB) copied, 7.458712 s, 26.7 MB/s
2026-05-19 06:33:49,253 DEBUG   227540992 bytes (228 MB) copied, 8.464693 s, 26.9 MB/s
2026-05-19 06:33:49,253 DEBUG   255852544 bytes (256 MB) copied, 9.534787 s, 26.8 MB/s
2026-05-19 06:33:49,253 DEBUG   286261248 bytes (286 MB) copied, 10.557588 s, 27.1 MB/s
2026-05-19 06:33:49,253 DEBUG   311427072 bytes (311 MB) copied, 11.618723 s, 26.8 MB/s
2026-05-19 06:33:49,253 DEBUG   331350016 bytes (331 MB) copied, 12.713651 s, 26.1 MB/s
2026-05-19 06:33:49,253 DEBUG   353370112 bytes (353 MB) copied, 13.717618 s, 25.8 MB/s
2026-05-19 06:33:49,253 DEBUG   373293056 bytes (373 MB) copied, 14.747740 s, 25.3 MB/s
2026-05-19 06:33:49,253 DEBUG   391118848 bytes (391 MB) copied, 15.785808 s, 24.8 MB/s
2026-05-19 06:33:49,253 DEBUG   414187520 bytes (414 MB) copied, 16.879601 s, 24.5 MB/s
2026-05-19 06:33:49,253 DEBUG   430964736 bytes (431 MB) copied, 17.908634 s, 24.1 MB/s
2026-05-19 06:33:49,253 DEBUG   444596224 bytes (445 MB) copied, 18.918688 s, 23.5 MB/s
2026-05-19 06:33:49,253 DEBUG   465567744 bytes (466 MB) copied, 19.962003 s, 23.3 MB/s
2026-05-19 06:33:49,254 DEBUG   482344960 bytes (482 MB) copied, 21.045625 s, 22.9 MB/s
2026-05-19 06:33:49,254 DEBUG   501219328 bytes (501 MB) copied, 22.054645 s, 22.7 MB/s
2026-05-19 06:33:49,254 DEBUG   521142272 bytes (521 MB) copied, 23.112670 s, 22.5 MB/s
2026-05-19 06:33:49,254 DEBUG   540016640 bytes (540 MB) copied, 24.177641 s, 22.3 MB/s
2026-05-19 06:33:49,254 DEBUG   559939584 bytes (560 MB) copied, 25.177892 s, 22.2 MB/s
2026-05-19 06:33:49,254 DEBUG   578813952 bytes (579 MB) copied, 26.183668 s, 22.1 MB/s
2026-05-19 06:33:49,254 DEBUG   603979776 bytes (604 MB) copied, 27.199578 s, 22.2 MB/s
2026-05-19 06:33:49,254 DEBUG   625999872 bytes (626 MB) copied, 28.239920 s, 22.2 MB/s
2026-05-19 06:33:49,254 DEBUG   650117120 bytes (650 MB) copied, 29.242587 s, 22.2 MB/s
2026-05-19 06:33:49,254 DEBUG   670040064 bytes (670 MB) copied, 30.249691 s, 22.2 MB/s
2026-05-19 06:33:49,254 DEBUG   689963008 bytes (690 MB) copied, 31.326973 s, 22.0 MB/s
2026-05-19 06:33:49,254 DEBUG   713031680 bytes (713 MB) copied, 32.387562 s, 22.0 MB/s
2026-05-19 06:33:49,254 DEBUG   736100352 bytes (736 MB) copied, 33.403615 s, 22.0 MB/s
2026-05-19 06:33:49,254 DEBUG   757071872 bytes (757 MB) copied, 34.422612 s, 22.0 MB/s
2026-05-19 06:33:49,254 DEBUG   778043392 bytes (778 MB) copied, 35.469674 s, 21.9 MB/s
2026-05-19 06:33:49,254 DEBUG   802160640 bytes (802 MB) copied, 36.530570 s, 22.0 MB/s
2026-05-19 06:33:49,254 DEBUG   825229312 bytes (825 MB) copied, 37.538075 s, 22.0 MB/s
2026-05-19 06:33:49,254 DEBUG   849346560 bytes (849 MB) copied, 38.640634 s, 22.0 MB/s
2026-05-19 06:33:49,254 DEBUG   872415232 bytes (872 MB) copied, 39.677687 s, 22.0 MB/s
2026-05-19 06:33:49,254 DEBUG   898629632 bytes (899 MB) copied, 40.716670 s, 22.1 MB/s
2026-05-19 06:33:49,254 DEBUG   923795456 bytes (924 MB) copied, 41.769755 s, 22.1 MB/s
2026-05-19 06:33:49,254 DEBUG   946864128 bytes (947 MB) copied, 42.778598 s, 22.1 MB/s
2026-05-19 06:33:49,254 DEBUG   973078528 bytes (973 MB) copied, 43.804646 s, 22.2 MB/s
2026-05-19 06:33:49,254 DEBUG   997195776 bytes (997 MB) copied, 44.837584 s, 22.2 MB/s
2026-05-19 06:33:49,254 DEBUG   1024458752 bytes (1.0 GB) copied, 45.895821 s, 22.3 MB/s
2026-05-19 06:33:49,254 DEBUG   1045430272 bytes (1.0 GB) copied, 46.953975 s, 22.3 MB/s
2026-05-19 06:33:49,254 DEBUG   1066401792 bytes (1.1 GB) copied, 47.959622 s, 22.2 MB/s
2026-05-19 06:33:49,254 DEBUG   1024+0 records in
2026-05-19 06:33:49,254 DEBUG   1024+0 records out
2026-05-19 06:33:49,254 DEBUG   1073741824 bytes (1.1 GB) copied, 48.3166 s, 22.2 MB/s
2026-05-19 06:33:49,254 DEBUG   OK (disk op exit 0)
2026-05-19 06:33:49,254 WARNING Guest disk op wall 51.3s (vm='ahv_ins_delete-0-260518-173228' ip=10.114.121.21 op=create ec=0) — includes SSH + guest disk command; if still high, check guest disk throughput vs. MiB settings.
2026-05-19 06:33:49,255 DEBUG [167/556] VM dcbf30e6… (ahv_ins_delete-0-260518-174256) via 10.114.113.145 op=create
2026-05-19 06:33:49,255 DEBUG   remote: bash -lc 'set -e; _bs(){ printf '"'"'BULK_SNAP_T %s %s\n'"'"' "$1" "$(date +%s.%N 2>/dev/null || date +%s)"; }; _bs guest_start; _bs pipeline_start; openssl enc -aes-256-ctr -pass pass:"testing" -nosalt < /dev/zero 2>/dev/null | dd of=/root/dummy_snapshot_data_1.img bs=1M count=1024 iflag=fullblock status=progress; ec=$?; _bs pipeline_done; _bs guest_end; exit $ec'
2026-05-19 06:33:50,001 DEBUG   BULK_SNAP_T guest_start 1779139996.600708876
2026-05-19 06:33:50,001 DEBUG   BULK_SNAP_T pipeline_start 1779139996.613740466
2026-05-19 06:33:50,001 DEBUG   BULK_SNAP_T pipeline_done 1779140028.585369545
2026-05-19 06:33:50,001 DEBUG   BULK_SNAP_T guest_end 1779140028.590191248
2026-05-19 06:33:50,001 DEBUG   
2026-05-19 06:33:50,001 DEBUG   12582912 bytes (13 MB) copied, 1.143335 s, 11.0 MB/s
2026-05-19 06:33:50,002 DEBUG   32505856 bytes (33 MB) copied, 2.170875 s, 15.0 MB/s
2026-05-19 06:33:50,002 DEBUG   46137344 bytes (46 MB) copied, 3.272307 s, 14.1 MB/s
2026-05-19 06:33:50,002 DEBUG   67108864 bytes (67 MB) copied, 4.371503 s, 15.4 MB/s
2026-05-19 06:33:50,002 DEBUG   89128960 bytes (89 MB) copied, 5.413456 s, 16.5 MB/s
2026-05-19 06:33:50,002 DEBUG   108003328 bytes (108 MB) copied, 6.421411 s, 16.8 MB/s
2026-05-19 06:33:50,002 DEBUG   133169152 bytes (133 MB) copied, 7.426419 s, 17.9 MB/s
2026-05-19 06:33:50,002 DEBUG   150994944 bytes (151 MB) copied, 8.451254 s, 17.9 MB/s
2026-05-19 06:33:50,002 DEBUG   192937984 bytes (193 MB) copied, 9.471271 s, 20.4 MB/s
2026-05-19 06:33:50,002 DEBUG   214958080 bytes (215 MB) copied, 10.479310 s, 20.5 MB/s
2026-05-19 06:33:50,002 DEBUG   254803968 bytes (255 MB) copied, 11.528771 s, 22.1 MB/s
2026-05-19 06:33:50,002 DEBUG   272629760 bytes (273 MB) copied, 12.530379 s, 21.8 MB/s
2026-05-19 06:33:50,002 DEBUG   301989888 bytes (302 MB) copied, 13.551390 s, 22.3 MB/s
2026-05-19 06:33:50,002 DEBUG   334495744 bytes (334 MB) copied, 14.576448 s, 22.9 MB/s
2026-05-19 06:33:50,002 DEBUG   376438784 bytes (376 MB) copied, 15.584320 s, 24.2 MB/s
2026-05-19 06:33:50,002 DEBUG   424673280 bytes (425 MB) copied, 16.596281 s, 25.6 MB/s
2026-05-19 06:33:50,002 DEBUG   451936256 bytes (452 MB) copied, 17.615278 s, 25.7 MB/s
2026-05-19 06:33:50,002 DEBUG   495976448 bytes (496 MB) copied, 18.621346 s, 26.6 MB/s
2026-05-19 06:33:50,002 DEBUG   537919488 bytes (538 MB) copied, 19.674286 s, 27.3 MB/s
2026-05-19 06:33:50,002 DEBUG   571473920 bytes (571 MB) copied, 20.682851 s, 27.6 MB/s
2026-05-19 06:33:50,002 DEBUG   623902720 bytes (624 MB) copied, 21.736278 s, 28.7 MB/s
2026-05-19 06:33:50,002 DEBUG   673185792 bytes (673 MB) copied, 22.759377 s, 29.6 MB/s
2026-05-19 06:33:50,002 DEBUG   724566016 bytes (725 MB) copied, 23.782280 s, 30.5 MB/s
2026-05-19 06:33:50,002 DEBUG   778043392 bytes (778 MB) copied, 24.802463 s, 31.4 MB/s
2026-05-19 06:33:50,002 DEBUG   817889280 bytes (818 MB) copied, 25.807463 s, 31.7 MB/s
2026-05-19 06:33:50,002 DEBUG   864026624 bytes (864 MB) copied, 26.865322 s, 32.2 MB/s
2026-05-19 06:33:50,002 DEBUG   920649728 bytes (921 MB) copied, 27.934517 s, 33.0 MB/s
2026-05-19 06:33:50,002 DEBUG   964689920 bytes (965 MB) copied, 29.006451 s, 33.3 MB/s
2026-05-19 06:33:50,002 DEBUG   1010827264 bytes (1.0 GB) copied, 30.055339 s, 33.6 MB/s
2026-05-19 06:33:50,002 DEBUG   1054867456 bytes (1.1 GB) copied, 31.077390 s, 33.9 MB/s
2026-05-19 06:33:50,002 DEBUG   1024+0 records in
2026-05-19 06:33:50,002 DEBUG   1024+0 records out
2026-05-19 06:33:50,002 DEBUG   1073741824 bytes (1.1 GB) copied, 31.7345 s, 33.8 MB/s
2026-05-19 06:33:50,002 DEBUG   OK (disk op exit 0)
2026-05-19 06:33:50,002 WARNING Guest disk op wall 34.8s (vm='ahv_ins_delete-0-260518-173703' ip=10.114.113.168 op=create ec=0) — includes SSH + guest disk command; if still high, check guest disk throughput vs. MiB settings.
2026-05-19 06:33:50,003 DEBUG [168/556] VM 04e80b11… (ahv_ins_delete-0-260518-174619) via 10.114.113.144 op=create
2026-05-19 06:33:50,003 DEBUG   remote: bash -lc 'set -e; _bs(){ printf '"'"'BULK_SNAP_T %s %s\n'"'"' "$1" "$(date +%s.%N 2>/dev/null || date +%s)"; }; _bs guest_start; _bs pipeline_start; openssl enc -aes-256-ctr -pass pass:"testing" -nosalt < /dev/zero 2>/dev/null | dd of=/root/dummy_snapshot_data_1.img bs=1M count=1024 iflag=fullblock status=progress; ec=$?; _bs pipeline_done; _bs guest_end; exit $ec'
2026-05-19 06:33:55,007 DEBUG   BULK_SNAP_T guest_start 1779139989.638069741
2026-05-19 06:33:55,007 DEBUG   BULK_SNAP_T pipeline_start 1779139989.644259420
2026-05-19 06:33:55,007 DEBUG   BULK_SNAP_T pipeline_done 1779140033.267816919
2026-05-19 06:33:55,007 DEBUG   BULK_SNAP_T guest_end 1779140033.273149915
2026-05-19 06:33:55,007 DEBUG   
2026-05-19 06:33:55,007 DEBUG   17825792 bytes (18 MB) copied, 1.048514 s, 17.0 MB/s
2026-05-19 06:33:55,007 DEBUG   37748736 bytes (38 MB) copied, 2.195734 s, 17.2 MB/s
2026-05-19 06:33:55,007 DEBUG   59768832 bytes (60 MB) copied, 3.196992 s, 18.7 MB/s
2026-05-19 06:33:55,007 DEBUG   79691776 bytes (80 MB) copied, 4.363807 s, 18.3 MB/s
2026-05-19 06:33:55,007 DEBUG   103809024 bytes (104 MB) copied, 5.468963 s, 19.0 MB/s
2026-05-19 06:33:55,007 DEBUG   123731968 bytes (124 MB) copied, 6.530613 s, 18.9 MB/s
2026-05-19 06:33:55,007 DEBUG   142606336 bytes (143 MB) copied, 7.600718 s, 18.8 MB/s
2026-05-19 06:33:55,007 DEBUG   159383552 bytes (159 MB) copied, 8.638637 s, 18.5 MB/s
2026-05-19 06:33:55,007 DEBUG   180355072 bytes (180 MB) copied, 9.698574 s, 18.6 MB/s
2026-05-19 06:33:55,007 DEBUG   193986560 bytes (194 MB) copied, 10.740599 s, 18.1 MB/s
2026-05-19 06:33:55,007 DEBUG   211812352 bytes (212 MB) copied, 11.772534 s, 18.0 MB/s
2026-05-19 06:33:55,007 DEBUG   232783872 bytes (233 MB) copied, 12.810709 s, 18.2 MB/s
2026-05-19 06:33:55,007 DEBUG   256901120 bytes (257 MB) copied, 13.821570 s, 18.6 MB/s
2026-05-19 06:33:55,007 DEBUG   282066944 bytes (282 MB) copied, 14.821845 s, 19.0 MB/s
2026-05-19 06:33:55,007 DEBUG   310378496 bytes (310 MB) copied, 15.844703 s, 19.6 MB/s
2026-05-19 06:33:55,007 DEBUG   343932928 bytes (344 MB) copied, 16.873812 s, 20.4 MB/s
2026-05-19 06:33:55,007 DEBUG   374341632 bytes (374 MB) copied, 17.899599 s, 20.9 MB/s
2026-05-19 06:33:55,007 DEBUG   397410304 bytes (397 MB) copied, 18.970776 s, 20.9 MB/s
2026-05-19 06:33:55,007 DEBUG   423624704 bytes (424 MB) copied, 20.153655 s, 21.0 MB/s
2026-05-19 06:33:55,007 DEBUG   456130560 bytes (456 MB) copied, 21.222865 s, 21.5 MB/s
2026-05-19 06:33:55,007 DEBUG   486539264 bytes (487 MB) copied, 22.258555 s, 21.9 MB/s
2026-05-19 06:33:55,007 DEBUG   508559360 bytes (509 MB) copied, 23.278616 s, 21.8 MB/s
2026-05-19 06:33:55,007 DEBUG   536870912 bytes (537 MB) copied, 24.306597 s, 22.1 MB/s
2026-05-19 06:33:55,007 DEBUG   562036736 bytes (562 MB) copied, 25.394608 s, 22.1 MB/s
2026-05-19 06:33:55,007 DEBUG   589299712 bytes (589 MB) copied, 26.402597 s, 22.3 MB/s
2026-05-19 06:33:55,007 DEBUG   615514112 bytes (616 MB) copied, 27.418619 s, 22.4 MB/s
2026-05-19 06:33:55,008 DEBUG   643825664 bytes (644 MB) copied, 28.426644 s, 22.6 MB/s
2026-05-19 06:33:55,008 DEBUG   674234368 bytes (674 MB) copied, 29.455152 s, 22.9 MB/s
2026-05-19 06:33:55,008 DEBUG   704643072 bytes (705 MB) copied, 30.459616 s, 23.1 MB/s
2026-05-19 06:33:55,008 DEBUG   739246080 bytes (739 MB) copied, 31.465627 s, 23.5 MB/s
2026-05-19 06:33:55,008 DEBUG   769654784 bytes (770 MB) copied, 32.526542 s, 23.7 MB/s
2026-05-19 06:33:55,008 DEBUG   801112064 bytes (801 MB) copied, 33.549525 s, 23.9 MB/s
2026-05-19 06:33:55,008 DEBUG   831520768 bytes (832 MB) copied, 34.552557 s, 24.1 MB/s
2026-05-19 06:33:55,008 DEBUG   860880896 bytes (861 MB) copied, 35.595579 s, 24.2 MB/s
2026-05-19 06:33:55,008 DEBUG   894435328 bytes (894 MB) copied, 36.627556 s, 24.4 MB/s
2026-05-19 06:33:55,008 DEBUG   921698304 bytes (922 MB) copied, 37.634642 s, 24.5 MB/s
2026-05-19 06:33:55,008 DEBUG   945815552 bytes (946 MB) copied, 38.718664 s, 24.4 MB/s
2026-05-19 06:33:55,008 DEBUG   981467136 bytes (981 MB) copied, 39.752569 s, 24.7 MB/s
2026-05-19 06:33:55,008 DEBUG   1011875840 bytes (1.0 GB) copied, 40.849606 s, 24.8 MB/s
2026-05-19 06:33:55,008 DEBUG   1046478848 bytes (1.0 GB) copied, 41.900603 s, 25.0 MB/s
2026-05-19 06:33:55,008 DEBUG   1024+0 records in
2026-05-19 06:33:55,008 DEBUG   1024+0 records out
2026-05-19 06:33:55,008 DEBUG   1073741824 bytes (1.1 GB) copied, 42.8946 s, 25.0 MB/s
2026-05-19 06:33:55,008 DEBUG   OK (disk op exit 0)
2026-05-19 06:33:55,008 WARNING Guest disk op wall 46.3s (vm='ahv_ins_delete-0-260518-173602' ip=10.114.121.23 op=create ec=0) — includes SSH + guest disk command; if still high, check guest disk throughput vs. MiB settings.
2026-05-19 06:33:55,008 DEBUG [169/556] VM fd97cca8… (ahv_ins_delete-0-260518-174725) via 10.114.113.147 op=create
2026-05-19 06:33:55,008 DEBUG   remote: bash -lc 'set -e; _bs(){ printf '"'"'BULK_SNAP_T %s %s\n'"'"' "$1" "$(date +%s.%N 2>/dev/null || date +%s)"; }; _bs guest_start; _bs pipeline_start; openssl enc -aes-256-ctr -pass pass:"testing" -nosalt < /dev/zero 2>/dev/null | dd of=/root/dummy_snapshot_data_1.img bs=1M count=1024 iflag=fullblock status=progress; ec=$?; _bs pipeline_done; _bs guest_end; exit $ec'
2026-05-19 06:33:58,509 DEBUG   BULK_SNAP_T guest_start 1779139997.254608067
2026-05-19 06:33:58,509 DEBUG   BULK_SNAP_T pipeline_start 1779139997.263598706
2026-05-19 06:33:58,509 DEBUG   BULK_SNAP_T pipeline_done 1779140037.633230008
2026-05-19 06:33:58,509 DEBUG   BULK_SNAP_T guest_end 1779140037.706183827
2026-05-19 06:33:58,509 DEBUG   
2026-05-19 06:33:58,509 DEBUG   13631488 bytes (14 MB) copied, 1.112382 s, 12.3 MB/s
2026-05-19 06:33:58,509 DEBUG   28311552 bytes (28 MB) copied, 2.254367 s, 12.6 MB/s
2026-05-19 06:33:58,509 DEBUG   46137344 bytes (46 MB) copied, 3.260212 s, 14.2 MB/s
2026-05-19 06:33:58,509 DEBUG   59768832 bytes (60 MB) copied, 4.310211 s, 13.9 MB/s
2026-05-19 06:33:58,509 DEBUG   76546048 bytes (77 MB) copied, 5.340477 s, 14.3 MB/s
2026-05-19 06:33:58,509 DEBUG   99614720 bytes (100 MB) copied, 6.341129 s, 15.7 MB/s
2026-05-19 06:33:58,509 DEBUG   120586240 bytes (121 MB) copied, 7.382137 s, 16.3 MB/s
2026-05-19 06:33:58,509 DEBUG   142606336 bytes (143 MB) copied, 8.544261 s, 16.7 MB/s
2026-05-19 06:33:58,509 DEBUG   169869312 bytes (170 MB) copied, 9.641157 s, 17.6 MB/s
2026-05-19 06:33:58,509 DEBUG   198180864 bytes (198 MB) copied, 10.649733 s, 18.6 MB/s
2026-05-19 06:33:58,509 DEBUG   223346688 bytes (223 MB) copied, 11.687176 s, 19.1 MB/s
2026-05-19 06:33:58,509 DEBUG   243269632 bytes (243 MB) copied, 12.707078 s, 19.1 MB/s
2026-05-19 06:33:58,509 DEBUG   266338304 bytes (266 MB) copied, 13.743166 s, 19.4 MB/s
2026-05-19 06:33:58,510 DEBUG   288358400 bytes (288 MB) copied, 14.796138 s, 19.5 MB/s
2026-05-19 06:33:58,510 DEBUG   320864256 bytes (321 MB) copied, 15.854511 s, 20.2 MB/s
2026-05-19 06:33:58,510 DEBUG   350224384 bytes (350 MB) copied, 16.872154 s, 20.8 MB/s
2026-05-19 06:33:58,510 DEBUG   379584512 bytes (380 MB) copied, 17.923155 s, 21.2 MB/s
2026-05-19 06:33:58,510 DEBUG   407896064 bytes (408 MB) copied, 18.952204 s, 21.5 MB/s
2026-05-19 06:33:58,510 DEBUG   443547648 bytes (444 MB) copied, 19.968066 s, 22.2 MB/s
2026-05-19 06:33:58,510 DEBUG   470810624 bytes (471 MB) copied, 20.976129 s, 22.4 MB/s
2026-05-19 06:33:58,510 DEBUG   500170752 bytes (500 MB) copied, 22.010108 s, 22.7 MB/s
2026-05-19 06:33:58,510 DEBUG   528482304 bytes (528 MB) copied, 23.042113 s, 22.9 MB/s
2026-05-19 06:33:58,510 DEBUG   567279616 bytes (567 MB) copied, 24.113427 s, 23.5 MB/s
2026-05-19 06:33:58,510 DEBUG   600834048 bytes (601 MB) copied, 25.140051 s, 23.9 MB/s
2026-05-19 06:33:58,510 DEBUG   629145600 bytes (629 MB) copied, 26.168037 s, 24.0 MB/s
2026-05-19 06:33:58,510 DEBUG   660602880 bytes (661 MB) copied, 27.201026 s, 24.3 MB/s
2026-05-19 06:33:58,510 DEBUG   697303040 bytes (697 MB) copied, 28.231293 s, 24.7 MB/s
2026-05-19 06:33:58,510 DEBUG   727711744 bytes (728 MB) copied, 29.287218 s, 24.8 MB/s
2026-05-19 06:33:58,510 DEBUG   762314752 bytes (762 MB) copied, 30.365042 s, 25.1 MB/s
2026-05-19 06:33:58,510 DEBUG   791674880 bytes (792 MB) copied, 31.393155 s, 25.2 MB/s
2026-05-19 06:33:58,510 DEBUG   816840704 bytes (817 MB) copied, 32.402159 s, 25.2 MB/s
2026-05-19 06:33:58,510 DEBUG   853540864 bytes (854 MB) copied, 33.402370 s, 25.6 MB/s
2026-05-19 06:33:58,510 DEBUG   884998144 bytes (885 MB) copied, 34.408105 s, 25.7 MB/s
2026-05-19 06:33:58,510 DEBUG   916455424 bytes (916 MB) copied, 35.421151 s, 25.9 MB/s
2026-05-19 06:33:58,510 DEBUG   944766976 bytes (945 MB) copied, 36.430258 s, 25.9 MB/s
2026-05-19 06:33:58,510 DEBUG   970981376 bytes (971 MB) copied, 37.441170 s, 25.9 MB/s
2026-05-19 06:33:58,510 DEBUG   1010827264 bytes (1.0 GB) copied, 38.441462 s, 26.3 MB/s
2026-05-19 06:33:58,510 DEBUG   1050673152 bytes (1.1 GB) copied, 39.463250 s, 26.6 MB/s
2026-05-19 06:33:58,510 DEBUG   1024+0 records in
2026-05-19 06:33:58,510 DEBUG   1024+0 records out
2026-05-19 06:33:58,510 DEBUG   1073741824 bytes (1.1 GB) copied, 40.2653 s, 26.7 MB/s
2026-05-19 06:33:58,510 DEBUG   OK (disk op exit 0)
2026-05-19 06:33:58,510 WARNING Guest disk op wall 43.8s (vm='ahv_ins_delete-0-260518-173645' ip=10.114.113.169 op=create ec=0) — includes SSH + guest disk command; if still high, check guest disk throughput vs. MiB settings.
2026-05-19 06:33:58,511 DEBUG [170/556] VM d93c519b… (ahv_ins_delete-0-260518-174732) via 10.114.113.146 op=create
2026-05-19 06:33:58,511 DEBUG   remote: bash -lc 'set -e; _bs(){ printf '"'"'BULK_SNAP_T %s %s\n'"'"' "$1" "$(date +%s.%N 2>/dev/null || date +%s)"; }; _bs guest_start; _bs pipeline_start; openssl enc -aes-256-ctr -pass pass:"testing" -nosalt < /dev/zero 2>/dev/null | dd of=/root/dummy_snapshot_data_1.img bs=1M count=1024 iflag=fullblock status=progress; ec=$?; _bs pipeline_done; _bs guest_end; exit $ec'
2026-05-19 06:34:00,010 DEBUG   BULK_SNAP_T guest_start 1779139998.612477682
2026-05-19 06:34:00,010 DEBUG   BULK_SNAP_T pipeline_start 1779139998.620312837
2026-05-19 06:34:00,010 DEBUG   BULK_SNAP_T pipeline_done 1779140038.088243569
2026-05-19 06:34:00,010 DEBUG   BULK_SNAP_T guest_end 1779140038.107724884
2026-05-19 06:34:00,010 DEBUG   
2026-05-19 06:34:00,010 DEBUG   13631488 bytes (14 MB) copied, 1.028817 s, 13.2 MB/s
2026-05-19 06:34:00,010 DEBUG   25165824 bytes (25 MB) copied, 2.049820 s, 12.3 MB/s
2026-05-19 06:34:00,010 DEBUG   48234496 bytes (48 MB) copied, 3.185249 s, 15.1 MB/s
2026-05-19 06:34:00,010 DEBUG   68157440 bytes (68 MB) copied, 4.331930 s, 15.7 MB/s
2026-05-19 06:34:00,010 DEBUG   90177536 bytes (90 MB) copied, 5.332264 s, 16.9 MB/s
2026-05-19 06:34:00,010 DEBUG   109051904 bytes (109 MB) copied, 6.347065 s, 17.2 MB/s
2026-05-19 06:34:00,010 DEBUG   133169152 bytes (133 MB) copied, 7.360995 s, 18.1 MB/s
2026-05-19 06:34:00,010 DEBUG   156237824 bytes (156 MB) copied, 8.443336 s, 18.5 MB/s
2026-05-19 06:34:00,010 DEBUG   185597952 bytes (186 MB) copied, 9.461843 s, 19.6 MB/s
2026-05-19 06:34:00,010 DEBUG   207618048 bytes (208 MB) copied, 10.521703 s, 19.7 MB/s
2026-05-19 06:34:00,010 DEBUG   232783872 bytes (233 MB) copied, 11.539108 s, 20.2 MB/s
2026-05-19 06:34:00,010 DEBUG   258998272 bytes (259 MB) copied, 12.554711 s, 20.6 MB/s
2026-05-19 06:34:00,010 DEBUG   285212672 bytes (285 MB) copied, 13.556779 s, 21.0 MB/s
2026-05-19 06:34:00,010 DEBUG   315621376 bytes (316 MB) copied, 14.579757 s, 21.6 MB/s
2026-05-19 06:34:00,010 DEBUG   348127232 bytes (348 MB) copied, 15.582085 s, 22.3 MB/s
2026-05-19 06:34:00,010 DEBUG   383778816 bytes (384 MB) copied, 16.611128 s, 23.1 MB/s
2026-05-19 06:34:00,010 DEBUG   415236096 bytes (415 MB) copied, 17.668812 s, 23.5 MB/s
2026-05-19 06:34:00,011 DEBUG   439353344 bytes (439 MB) copied, 18.673844 s, 23.5 MB/s
2026-05-19 06:34:00,011 DEBUG   479199232 bytes (479 MB) copied, 19.683678 s, 24.3 MB/s
2026-05-19 06:34:00,011 DEBUG   510656512 bytes (511 MB) copied, 20.729191 s, 24.6 MB/s
2026-05-19 06:34:00,011 DEBUG   543162368 bytes (543 MB) copied, 21.745724 s, 25.0 MB/s
2026-05-19 06:34:00,011 DEBUG   570425344 bytes (570 MB) copied, 22.772747 s, 25.0 MB/s
2026-05-19 06:34:00,011 DEBUG   605028352 bytes (605 MB) copied, 23.786800 s, 25.4 MB/s
2026-05-19 06:34:00,011 DEBUG   636485632 bytes (636 MB) copied, 24.820719 s, 25.6 MB/s
2026-05-19 06:34:00,011 DEBUG   666894336 bytes (667 MB) copied, 25.904753 s, 25.7 MB/s
2026-05-19 06:34:00,011 DEBUG   697303040 bytes (697 MB) copied, 26.973766 s, 25.9 MB/s
2026-05-19 06:34:00,011 DEBUG   721420288 bytes (721 MB) copied, 27.977790 s, 25.8 MB/s
2026-05-19 06:34:00,011 DEBUG   743440384 bytes (743 MB) copied, 28.995757 s, 25.6 MB/s
2026-05-19 06:34:00,011 DEBUG   783286272 bytes (783 MB) copied, 30.012786 s, 26.1 MB/s
2026-05-19 06:34:00,011 DEBUG   812646400 bytes (813 MB) copied, 31.019780 s, 26.2 MB/s
2026-05-19 06:34:00,011 DEBUG   838860800 bytes (839 MB) copied, 32.045800 s, 26.2 MB/s
2026-05-19 06:34:00,011 DEBUG   871366656 bytes (871 MB) copied, 33.128985 s, 26.3 MB/s
2026-05-19 06:34:00,011 DEBUG   901775360 bytes (902 MB) copied, 34.152772 s, 26.4 MB/s
2026-05-19 06:34:00,011 DEBUG   938475520 bytes (938 MB) copied, 35.205725 s, 26.7 MB/s
2026-05-19 06:34:00,011 DEBUG   976224256 bytes (976 MB) copied, 36.246253 s, 26.9 MB/s
2026-05-19 06:34:00,011 DEBUG   1011875840 bytes (1.0 GB) copied, 37.272766 s, 27.1 MB/s
2026-05-19 06:34:00,011 DEBUG   1049624576 bytes (1.0 GB) copied, 38.282774 s, 27.4 MB/s
2026-05-19 06:34:00,011 DEBUG   1024+0 records in
2026-05-19 06:34:00,011 DEBUG   1024+0 records out
2026-05-19 06:34:00,011 DEBUG   1073741824 bytes (1.1 GB) copied, 38.8774 s, 27.6 MB/s
2026-05-19 06:34:00,011 DEBUG   OK (disk op exit 0)
2026-05-19 06:34:00,011 WARNING Guest disk op wall 43.3s (vm='ahv_ins_delete-0-260518-173705' ip=10.114.113.171 op=create ec=0) — includes SSH + guest disk command; if still high, check guest disk throughput vs. MiB settings.
2026-05-19 06:34:00,012 DEBUG [171/556] VM 08dcc130… (ahv_ins_delete-0-260518-174742) via 10.114.113.156 op=create
2026-05-19 06:34:00,012 DEBUG   remote: bash -lc 'set -e; _bs(){ printf '"'"'BULK_SNAP_T %s %s\n'"'"' "$1" "$(date +%s.%N 2>/dev/null || date +%s)"; }; _bs guest_start; _bs pipeline_start; openssl enc -aes-256-ctr -pass pass:"testing" -nosalt < /dev/zero 2>/dev/null | dd of=/root/dummy_snapshot_data_1.img bs=1M count=1024 iflag=fullblock status=progress; ec=$?; _bs pipeline_done; _bs guest_end; exit $ec'
2026-05-19 06:34:05,263 DEBUG   BULK_SNAP_T guest_start 1779140003.839518360
2026-05-19 06:34:05,263 DEBUG   BULK_SNAP_T pipeline_start 1779140003.850559193
2026-05-19 06:34:05,263 DEBUG   BULK_SNAP_T pipeline_done 1779140043.208843841
2026-05-19 06:34:05,263 DEBUG   BULK_SNAP_T guest_end 1779140043.211529692
2026-05-19 06:34:05,263 DEBUG   
2026-05-19 06:34:05,263 DEBUG   12582912 bytes (13 MB) copied, 1.093700 s, 11.5 MB/s
2026-05-19 06:34:05,263 DEBUG   34603008 bytes (35 MB) copied, 2.098984 s, 16.5 MB/s
2026-05-19 06:34:05,263 DEBUG   54525952 bytes (55 MB) copied, 3.135954 s, 17.4 MB/s
2026-05-19 06:34:05,263 DEBUG   77594624 bytes (78 MB) copied, 4.268712 s, 18.2 MB/s
2026-05-19 06:34:05,263 DEBUG   101711872 bytes (102 MB) copied, 5.335658 s, 19.1 MB/s
2026-05-19 06:34:05,263 DEBUG   124780544 bytes (125 MB) copied, 6.417740 s, 19.4 MB/s
2026-05-19 06:34:05,263 DEBUG   160432128 bytes (160 MB) copied, 7.422665 s, 21.6 MB/s
2026-05-19 06:34:05,263 DEBUG   186646528 bytes (187 MB) copied, 8.441750 s, 22.1 MB/s
2026-05-19 06:34:05,263 DEBUG   214958080 bytes (215 MB) copied, 9.483813 s, 22.7 MB/s
2026-05-19 06:34:05,263 DEBUG   238026752 bytes (238 MB) copied, 10.490653 s, 22.7 MB/s
2026-05-19 06:34:05,263 DEBUG   260046848 bytes (260 MB) copied, 11.515683 s, 22.6 MB/s
2026-05-19 06:34:05,263 DEBUG   292552704 bytes (293 MB) copied, 12.555647 s, 23.3 MB/s
2026-05-19 06:34:05,263 DEBUG   329252864 bytes (329 MB) copied, 13.698604 s, 24.0 MB/s
2026-05-19 06:34:05,263 DEBUG   362807296 bytes (363 MB) copied, 14.706736 s, 24.7 MB/s
2026-05-19 06:34:05,263 DEBUG   395313152 bytes (395 MB) copied, 15.718635 s, 25.1 MB/s
2026-05-19 06:34:05,263 DEBUG   434110464 bytes (434 MB) copied, 16.834641 s, 25.8 MB/s
2026-05-19 06:34:05,263 DEBUG   463470592 bytes (463 MB) copied, 17.842599 s, 26.0 MB/s
2026-05-19 06:34:05,263 DEBUG   498073600 bytes (498 MB) copied, 18.853874 s, 26.4 MB/s
2026-05-19 06:34:05,263 DEBUG   535822336 bytes (536 MB) copied, 19.885817 s, 26.9 MB/s
2026-05-19 06:34:05,263 DEBUG   564133888 bytes (564 MB) copied, 20.898013 s, 27.0 MB/s
2026-05-19 06:34:05,263 DEBUG   602931200 bytes (603 MB) copied, 21.924643 s, 27.5 MB/s
2026-05-19 06:34:05,263 DEBUG   622854144 bytes (623 MB) copied, 22.951640 s, 27.1 MB/s
2026-05-19 06:34:05,263 DEBUG   645922816 bytes (646 MB) copied, 23.994864 s, 26.9 MB/s
2026-05-19 06:34:05,263 DEBUG   677380096 bytes (677 MB) copied, 25.031583 s, 27.1 MB/s
2026-05-19 06:34:05,263 DEBUG   708837376 bytes (709 MB) copied, 26.038006 s, 27.2 MB/s
2026-05-19 06:34:05,263 DEBUG   742391808 bytes (742 MB) copied, 27.073677 s, 27.4 MB/s
2026-05-19 06:34:05,263 DEBUG   774897664 bytes (775 MB) copied, 28.115824 s, 27.6 MB/s
2026-05-19 06:34:05,263 DEBUG   809500672 bytes (810 MB) copied, 29.147654 s, 27.8 MB/s
2026-05-19 06:34:05,263 DEBUG   839909376 bytes (840 MB) copied, 30.150651 s, 27.9 MB/s
2026-05-19 06:34:05,263 DEBUG   870318080 bytes (870 MB) copied, 31.159636 s, 27.9 MB/s
2026-05-19 06:34:05,264 DEBUG   901775360 bytes (902 MB) copied, 32.182651 s, 28.0 MB/s
2026-05-19 06:34:05,264 DEBUG   930086912 bytes (930 MB) copied, 33.258666 s, 28.0 MB/s
2026-05-19 06:34:05,264 DEBUG   962592768 bytes (963 MB) copied, 34.309680 s, 28.1 MB/s
2026-05-19 06:34:05,264 DEBUG   990904320 bytes (991 MB) copied, 35.373652 s, 28.0 MB/s
2026-05-19 06:34:05,264 DEBUG   1017118720 bytes (1.0 GB) copied, 36.452063 s, 27.9 MB/s
2026-05-19 06:34:05,264 DEBUG   1049624576 bytes (1.0 GB) copied, 37.460888 s, 28.0 MB/s
2026-05-19 06:34:05,264 DEBUG   1024+0 records in
2026-05-19 06:34:05,264 DEBUG   1024+0 records out
2026-05-19 06:34:05,264 DEBUG   1073741824 bytes (1.1 GB) copied, 38.1938 s, 28.1 MB/s
2026-05-19 06:34:05,264 DEBUG   OK (disk op exit 0)
2026-05-19 06:34:05,264 WARNING Guest disk op wall 42.0s (vm='ahv_ins_delete-0-260518-173715' ip=10.114.113.170 op=create ec=0) — includes SSH + guest disk command; if still high, check guest disk throughput vs. MiB settings.
2026-05-19 06:34:05,264 DEBUG [172/556] VM f7dc761a… (ahv_ins_delete-0-260518-174800) via 10.114.121.24 op=create
2026-05-19 06:34:05,264 DEBUG   remote: bash -lc 'set -e; _bs(){ printf '"'"'BULK_SNAP_T %s %s\n'"'"' "$1" "$(date +%s.%N 2>/dev/null || date +%s)"; }; _bs guest_start; _bs pipeline_start; openssl enc -aes-256-ctr -pass pass:"testing" -nosalt < /dev/zero 2>/dev/null | dd of=/root/dummy_snapshot_data_1.img bs=1M count=1024 iflag=fullblock status=progress; ec=$?; _bs pipeline_done; _bs guest_end; exit $ec'
2026-05-19 06:34:05,513 DEBUG   BULK_SNAP_T guest_start 1779140013.663626856
2026-05-19 06:34:05,513 DEBUG   BULK_SNAP_T pipeline_start 1779140013.671105171
2026-05-19 06:34:05,513 DEBUG   BULK_SNAP_T pipeline_done 1779140044.021775268
2026-05-19 06:34:05,513 DEBUG   BULK_SNAP_T guest_end 1779140044.038095324
2026-05-19 06:34:05,513 DEBUG   
2026-05-19 06:34:05,513 DEBUG   17825792 bytes (18 MB) copied, 1.057507 s, 16.9 MB/s
2026-05-19 06:34:05,513 DEBUG   42991616 bytes (43 MB) copied, 2.058076 s, 20.9 MB/s
2026-05-19 06:34:05,513 DEBUG   63963136 bytes (64 MB) copied, 3.059917 s, 20.9 MB/s
2026-05-19 06:34:05,513 DEBUG   88080384 bytes (88 MB) copied, 4.061936 s, 21.7 MB/s
2026-05-19 06:34:05,514 DEBUG   118489088 bytes (118 MB) copied, 5.065990 s, 23.4 MB/s
2026-05-19 06:34:05,514 DEBUG   147849216 bytes (148 MB) copied, 6.087197 s, 24.3 MB/s
2026-05-19 06:34:05,514 DEBUG   178257920 bytes (178 MB) copied, 7.151189 s, 24.9 MB/s
2026-05-19 06:34:05,514 DEBUG   204472320 bytes (204 MB) copied, 8.178000 s, 25.0 MB/s
2026-05-19 06:34:05,514 DEBUG   232783872 bytes (233 MB) copied, 9.213953 s, 25.3 MB/s
2026-05-19 06:34:05,514 DEBUG   264241152 bytes (264 MB) copied, 10.224980 s, 25.8 MB/s
2026-05-19 06:34:05,514 DEBUG   291504128 bytes (292 MB) copied, 11.257925 s, 25.9 MB/s
2026-05-19 06:34:05,514 DEBUG   322961408 bytes (323 MB) copied, 12.259971 s, 26.3 MB/s
2026-05-19 06:34:05,514 DEBUG   344981504 bytes (345 MB) copied, 13.341070 s, 25.9 MB/s
2026-05-19 06:34:05,514 DEBUG   375390208 bytes (375 MB) copied, 14.370006 s, 26.1 MB/s
2026-05-19 06:34:05,514 DEBUG   414187520 bytes (414 MB) copied, 15.373916 s, 26.9 MB/s
2026-05-19 06:34:05,514 DEBUG   446693376 bytes (447 MB) copied, 16.384061 s, 27.3 MB/s
2026-05-19 06:34:05,514 DEBUG   487587840 bytes (488 MB) copied, 17.387985 s, 28.0 MB/s
2026-05-19 06:34:05,514 DEBUG   530579456 bytes (531 MB) copied, 18.396077 s, 28.8 MB/s
2026-05-19 06:34:05,514 DEBUG   566231040 bytes (566 MB) copied, 19.398919 s, 29.2 MB/s
2026-05-19 06:34:05,514 DEBUG   617611264 bytes (618 MB) copied, 20.435995 s, 30.2 MB/s
2026-05-19 06:34:05,514 DEBUG   668991488 bytes (669 MB) copied, 21.439616 s, 31.2 MB/s
2026-05-19 06:34:05,514 DEBUG   724566016 bytes (725 MB) copied, 22.440092 s, 32.3 MB/s
2026-05-19 06:34:05,514 DEBUG   785383424 bytes (785 MB) copied, 23.496988 s, 33.4 MB/s
2026-05-19 06:34:05,514 DEBUG   825229312 bytes (825 MB) copied, 24.503045 s, 33.7 MB/s
2026-05-19 06:34:05,514 DEBUG   879755264 bytes (880 MB) copied, 25.513944 s, 34.5 MB/s
2026-05-19 06:34:05,514 DEBUG   920649728 bytes (921 MB) copied, 26.623138 s, 34.6 MB/s
2026-05-19 06:34:05,514 DEBUG   963641344 bytes (964 MB) copied, 27.739998 s, 34.7 MB/s
2026-05-19 06:34:05,514 DEBUG   1009778688 bytes (1.0 GB) copied, 28.745926 s, 35.1 MB/s
2026-05-19 06:34:05,514 DEBUG   1054867456 bytes (1.1 GB) copied, 29.757384 s, 35.4 MB/s
2026-05-19 06:34:05,514 DEBUG   1024+0 records in
2026-05-19 06:34:05,514 DEBUG   1024+0 records out
2026-05-19 06:34:05,514 DEBUG   1073741824 bytes (1.1 GB) copied, 30.2321 s, 35.5 MB/s
2026-05-19 06:34:05,514 DEBUG   OK (disk op exit 0)
2026-05-19 06:34:05,514 WARNING Guest disk op wall 33.0s (vm='ahv_ins_delete-0-260518-174206' ip=10.114.113.148 op=create ec=0) — includes SSH + guest disk command; if still high, check guest disk throughput vs. MiB settings.
2026-05-19 06:34:05,515 DEBUG [173/556] VM 521a9fa3… (ahv_ins_delete-0-260518-175104) via 10.114.121.26 op=create
2026-05-19 06:34:05,515 DEBUG   remote: bash -lc 'set -e; _bs(){ printf '"'"'BULK_SNAP_T %s %s\n'"'"' "$1" "$(date +%s.%N 2>/dev/null || date +%s)"; }; _bs guest_start; _bs pipeline_start; openssl enc -aes-256-ctr -pass pass:"testing" -nosalt < /dev/zero 2>/dev/null | dd of=/root/dummy_snapshot_data_1.img bs=1M count=1024 iflag=fullblock status=progress; ec=$?; _bs pipeline_done; _bs guest_end; exit $ec'
