2026-05-20 03:07:04,612 DEBUG Using cached VM inventory (1619 rows, no Prism refetch); guest disk churn mode=create.
2026-05-20 03:07:04,616 DEBUG Eligible for guest disk ops (IP + powered on + name rules + configured RAM > 250 MiB): 1170 (VMs in inventory: 1619, name-skip: 4, no IP: 443, powered off: 0, RAM≤250 MiB/unknown: 2, dup rows: 0).
2026-05-20 03:07:04,616 DEBUG Will run guest SSH on all 1170 eligible VMs (no limit).
2026-05-20 03:07:04,616 INFO Disk job: 1170 guest VM(s) to process (parallel-by-cluster=False, concurrent SSH per shard=30).
2026-05-20 03:07:04,617 WARNING PE CVM map: no IP for cluster(s) ['SSCG_NCM_2_1_Small_PE1', 'SSCG_NCM_2_1_Small_PE2', 'auto_cluster_prod_nagaraj_bv_36802bb644a4'] — PE CPU throttle / adaptive skipped there (add lines: one IP per cluster in sort order, or Name=ip).
2026-05-20 03:07:04,617 DEBUG Guest SSH parallelism (single pool): up to 30 worker thread(s).
2026-05-20 03:07:04,618 DEBUG [1/1170] VM 27a258da… (ahv_bp_vm_1_xa28-0-260514-044905) via 10.114.51.127 op=create
2026-05-20 03:07:04,618 DEBUG [2/1170] VM 4fcead27… (ahv_ins_delete-0-260514-053133) via 10.114.51.224 op=create
2026-05-20 03:07:04,618 DEBUG   remote: bash -lc 'set -e; _bs(){ printf '"'"'BULK_SNAP_T %s %s\n'"'"' "$1" "$(date +%s.%N 2>/dev/null || date +%s)"; }; _bs guest_start; _bs pipeline_start; openssl enc -aes-256-ctr -pass pass:"testing" -nosalt < /dev/zero 2>/dev/null | dd of=/root/dummy_snapshot_data_1.img bs=1M count=1024 iflag=fullblock status=progress; ec=$?; _bs pipeline_done; _bs guest_end; exit $ec'
2026-05-20 03:07:04,619 DEBUG [3/1170] VM 014e2a4c… (ahv_ins_delete-0-260514-054142) via 10.114.51.90 op=create
2026-05-20 03:07:04,619 DEBUG   remote: bash -lc 'set -e; _bs(){ printf '"'"'BULK_SNAP_T %s %s\n'"'"' "$1" "$(date +%s.%N 2>/dev/null || date +%s)"; }; _bs guest_start; _bs pipeline_start; openssl enc -aes-256-ctr -pass pass:"testing" -nosalt < /dev/zero 2>/dev/null | dd of=/root/dummy_snapshot_data_1.img bs=1M count=1024 iflag=fullblock status=progress; ec=$?; _bs pipeline_done; _bs guest_end; exit $ec'
2026-05-20 03:07:04,619 DEBUG [4/1170] VM 44d84680… (ahv_ins_delete-0-260514-054356) via 10.114.51.167 op=create
2026-05-20 03:07:04,620 DEBUG [5/1170] VM cf35e095… (ahv_ins_delete-0-260514-081710) via 10.114.51.171 op=create
2026-05-20 03:07:04,620 DEBUG [6/1170] VM 2900922b… (ahv_ins_delete-0-260514-082142) via 10.114.51.26 op=create
2026-05-20 03:07:04,621 DEBUG   remote: bash -lc 'set -e; _bs(){ printf '"'"'BULK_SNAP_T %s %s\n'"'"' "$1" "$(date +%s.%N 2>/dev/null || date +%s)"; }; _bs guest_start; _bs pipeline_start; openssl enc -aes-256-ctr -pass pass:"testing" -nosalt < /dev/zero 2>/dev/null | dd of=/root/dummy_snapshot_data_1.img bs=1M count=1024 iflag=fullblock status=progress; ec=$?; _bs pipeline_done; _bs guest_end; exit $ec'
2026-05-20 03:07:04,621 DEBUG [7/1170] VM ee0c5e92… (ahv_ins_delete-0-260514-133955) via 10.114.50.75 op=create
2026-05-20 03:07:04,621 DEBUG [8/1170] VM a9b1e411… (ahv_ins_delete-0-260514-134246) via 10.114.53.125 op=create
2026-05-20 03:07:04,622 DEBUG [9/1170] VM c224318a… (ahv_ins_delete-0-260514-134337) via 10.114.54.81 op=create
2026-05-20 03:07:04,622 DEBUG [10/1170] VM 58da0ea2… (ahv_ins_delete-0-260514-134636) via 10.114.51.23 op=create
2026-05-20 03:07:04,623 DEBUG [11/1170] VM 89890b9a… (ahv_ins_delete-0-260514-140657) via 10.114.51.92 op=create
2026-05-20 03:07:04,623 DEBUG   remote: bash -lc 'set -e; _bs(){ printf '"'"'BULK_SNAP_T %s %s\n'"'"' "$1" "$(date +%s.%N 2>/dev/null || date +%s)"; }; _bs guest_start; _bs pipeline_start; openssl enc -aes-256-ctr -pass pass:"testing" -nosalt < /dev/zero 2>/dev/null | dd of=/root/dummy_snapshot_data_1.img bs=1M count=1024 iflag=fullblock status=progress; ec=$?; _bs pipeline_done; _bs guest_end; exit $ec'
2026-05-20 03:07:04,625 DEBUG   remote: bash -lc 'set -e; _bs(){ printf '"'"'BULK_SNAP_T %s %s\n'"'"' "$1" "$(date +%s.%N 2>/dev/null || date +%s)"; }; _bs guest_start; _bs pipeline_start; openssl enc -aes-256-ctr -pass pass:"testing" -nosalt < /dev/zero 2>/dev/null | dd of=/root/dummy_snapshot_data_1.img bs=1M count=1024 iflag=fullblock status=progress; ec=$?; _bs pipeline_done; _bs guest_end; exit $ec'
2026-05-20 03:07:04,627 DEBUG [12/1170] VM b5b27c85… (ahv_ins_delete-0-260514-141049) via 10.114.50.158 op=create
2026-05-20 03:07:04,628 DEBUG   remote: bash -lc 'set -e; _bs(){ printf '"'"'BULK_SNAP_T %s %s\n'"'"' "$1" "$(date +%s.%N 2>/dev/null || date +%s)"; }; _bs guest_start; _bs pipeline_start; openssl enc -aes-256-ctr -pass pass:"testing" -nosalt < /dev/zero 2>/dev/null | dd of=/root/dummy_snapshot_data_1.img bs=1M count=1024 iflag=fullblock status=progress; ec=$?; _bs pipeline_done; _bs guest_end; exit $ec'
2026-05-20 03:07:04,629 DEBUG   remote: bash -lc 'set -e; _bs(){ printf '"'"'BULK_SNAP_T %s %s\n'"'"' "$1" "$(date +%s.%N 2>/dev/null || date +%s)"; }; _bs guest_start; _bs pipeline_start; openssl enc -aes-256-ctr -pass pass:"testing" -nosalt < /dev/zero 2>/dev/null | dd of=/root/dummy_snapshot_data_1.img bs=1M count=1024 iflag=fullblock status=progress; ec=$?; _bs pipeline_done; _bs guest_end; exit $ec'
2026-05-20 03:07:04,629 DEBUG [13/1170] VM 4af7b0e8… (ahv_ins_delete-0-260514-145645) via 10.114.50.114 op=create
2026-05-20 03:07:04,629 DEBUG   remote: bash -lc 'set -e; _bs(){ printf '"'"'BULK_SNAP_T %s %s\n'"'"' "$1" "$(date +%s.%N 2>/dev/null || date +%s)"; }; _bs guest_start; _bs pipeline_start; openssl enc -aes-256-ctr -pass pass:"testing" -nosalt < /dev/zero 2>/dev/null | dd of=/root/dummy_snapshot_data_1.img bs=1M count=1024 iflag=fullblock status=progress; ec=$?; _bs pipeline_done; _bs guest_end; exit $ec'
2026-05-20 03:07:04,629 DEBUG   remote: bash -lc 'set -e; _bs(){ printf '"'"'BULK_SNAP_T %s %s\n'"'"' "$1" "$(date +%s.%N 2>/dev/null || date +%s)"; }; _bs guest_start; _bs pipeline_start; openssl enc -aes-256-ctr -pass pass:"testing" -nosalt < /dev/zero 2>/dev/null | dd of=/root/dummy_snapshot_data_1.img bs=1M count=1024 iflag=fullblock status=progress; ec=$?; _bs pipeline_done; _bs guest_end; exit $ec'
2026-05-20 03:07:04,629 DEBUG   remote: bash -lc 'set -e; _bs(){ printf '"'"'BULK_SNAP_T %s %s\n'"'"' "$1" "$(date +%s.%N 2>/dev/null || date +%s)"; }; _bs guest_start; _bs pipeline_start; openssl enc -aes-256-ctr -pass pass:"testing" -nosalt < /dev/zero 2>/dev/null | dd of=/root/dummy_snapshot_data_1.img bs=1M count=1024 iflag=fullblock status=progress; ec=$?; _bs pipeline_done; _bs guest_end; exit $ec'
2026-05-20 03:07:04,629 DEBUG [14/1170] VM a3f43011… (ahv_ins_delete-0-260514-174411) via 10.114.50.66 op=create
2026-05-20 03:07:04,630 DEBUG [15/1170] VM 9d59ee99… (ahv_ins_delete-0-260514-174752) via 10.114.50.3 op=create
2026-05-20 03:07:04,631 DEBUG [16/1170] VM 260a1d9d… (ahv_ins_delete-0-260514-175832) via 10.114.52.133 op=create
2026-05-20 03:07:04,631 DEBUG   remote: bash -lc 'set -e; _bs(){ printf '"'"'BULK_SNAP_T %s %s\n'"'"' "$1" "$(date +%s.%N 2>/dev/null || date +%s)"; }; _bs guest_start; _bs pipeline_start; openssl enc -aes-256-ctr -pass pass:"testing" -nosalt < /dev/zero 2>/dev/null | dd of=/root/dummy_snapshot_data_1.img bs=1M count=1024 iflag=fullblock status=progress; ec=$?; _bs pipeline_done; _bs guest_end; exit $ec'
2026-05-20 03:07:04,633 DEBUG [17/1170] VM a89a0471… (ahv_ins_delete-0-260514-175843) via 10.114.51.47 op=create
2026-05-20 03:07:04,634 DEBUG   remote: bash -lc 'set -e; _bs(){ printf '"'"'BULK_SNAP_T %s %s\n'"'"' "$1" "$(date +%s.%N 2>/dev/null || date +%s)"; }; _bs guest_start; _bs pipeline_start; openssl enc -aes-256-ctr -pass pass:"testing" -nosalt < /dev/zero 2>/dev/null | dd of=/root/dummy_snapshot_data_1.img bs=1M count=1024 iflag=fullblock status=progress; ec=$?; _bs pipeline_done; _bs guest_end; exit $ec'
2026-05-20 03:07:04,634 DEBUG [18/1170] VM 4bbfd520… (ahv_ins_delete-0-260514-175854) via 10.114.53.252 op=create
2026-05-20 03:07:04,639 DEBUG [19/1170] VM 30846fe3… (ahv_ins_delete-0-260514-175857) via 10.114.49.135 op=create
2026-05-20 03:07:04,640 DEBUG   remote: bash -lc 'set -e; _bs(){ printf '"'"'BULK_SNAP_T %s %s\n'"'"' "$1" "$(date +%s.%N 2>/dev/null || date +%s)"; }; _bs guest_start; _bs pipeline_start; openssl enc -aes-256-ctr -pass pass:"testing" -nosalt < /dev/zero 2>/dev/null | dd of=/root/dummy_snapshot_data_1.img bs=1M count=1024 iflag=fullblock status=progress; ec=$?; _bs pipeline_done; _bs guest_end; exit $ec'
2026-05-20 03:07:04,640 DEBUG [20/1170] VM 3223efbb… (ahv_ins_delete-0-260514-175858) via 10.114.53.140 op=create
2026-05-20 03:07:04,644 DEBUG [21/1170] VM 4cd6b858… (ahv_ins_delete-0-260514-180340) via 10.114.52.229 op=create
2026-05-20 03:07:04,644 DEBUG [22/1170] VM f77809f7… (ahv_ins_delete-0-260514-180351) via 10.114.51.32 op=create
2026-05-20 03:07:04,645 DEBUG [23/1170] VM 007b3889… (ahv_ins_delete-0-260514-180402) via 10.114.49.225 op=create
2026-05-20 03:07:04,646 DEBUG   remote: bash -lc 'set -e; _bs(){ printf '"'"'BULK_SNAP_T %s %s\n'"'"' "$1" "$(date +%s.%N 2>/dev/null || date +%s)"; }; _bs guest_start; _bs pipeline_start; openssl enc -aes-256-ctr -pass pass:"testing" -nosalt < /dev/zero 2>/dev/null | dd of=/root/dummy_snapshot_data_1.img bs=1M count=1024 iflag=fullblock status=progress; ec=$?; _bs pipeline_done; _bs guest_end; exit $ec'
2026-05-20 03:07:04,646 DEBUG [24/1170] VM 5b852f31… (ahv_ins_delete-0-260514-180417) via 10.114.48.38 op=create
2026-05-20 03:07:04,647 DEBUG [25/1170] VM b5265114… (ahv_ins_delete-0-260514-180434) via 10.114.53.241 op=create
2026-05-20 03:07:04,647 DEBUG   remote: bash -lc 'set -e; _bs(){ printf '"'"'BULK_SNAP_T %s %s\n'"'"' "$1" "$(date +%s.%N 2>/dev/null || date +%s)"; }; _bs guest_start; _bs pipeline_start; openssl enc -aes-256-ctr -pass pass:"testing" -nosalt < /dev/zero 2>/dev/null | dd of=/root/dummy_snapshot_data_1.img bs=1M count=1024 iflag=fullblock status=progress; ec=$?; _bs pipeline_done; _bs guest_end; exit $ec'
2026-05-20 03:07:04,648 DEBUG [26/1170] VM bc32a09d… (ahv_ins_delete-0-260514-180859) via 10.114.51.148 op=create
2026-05-20 03:07:04,650 DEBUG [27/1170] VM be99e82f… (ahv_ins_delete-0-260514-180903) via 10.114.50.29 op=create
2026-05-20 03:07:04,651 DEBUG [28/1170] VM c659e01d… (ahv_ins_delete-0-260514-180908) via 10.114.51.50 op=create
2026-05-20 03:07:04,658 DEBUG [29/1170] VM d6c02f9a… (ahv_ins_delete-0-260514-180913) via 10.114.50.202 op=create
2026-05-20 03:07:04,653 DEBUG   remote: bash -lc 'set -e; _bs(){ printf '"'"'BULK_SNAP_T %s %s\n'"'"' "$1" "$(date +%s.%N 2>/dev/null || date +%s)"; }; _bs guest_start; _bs pipeline_start; openssl enc -aes-256-ctr -pass pass:"testing" -nosalt < /dev/zero 2>/dev/null | dd of=/root/dummy_snapshot_data_1.img bs=1M count=1024 iflag=fullblock status=progress; ec=$?; _bs pipeline_done; _bs guest_end; exit $ec'
2026-05-20 03:07:04,658 DEBUG [30/1170] VM a112b97a… (ahv_ins_delete-0-260514-180924) via 10.114.51.191 op=create
2026-05-20 03:07:04,670 DEBUG   remote: bash -lc 'set -e; _bs(){ printf '"'"'BULK_SNAP_T %s %s\n'"'"' "$1" "$(date +%s.%N 2>/dev/null || date +%s)"; }; _bs guest_start; _bs pipeline_start; openssl enc -aes-256-ctr -pass pass:"testing" -nosalt < /dev/zero 2>/dev/null | dd of=/root/dummy_snapshot_data_1.img bs=1M count=1024 iflag=fullblock status=progress; ec=$?; _bs pipeline_done; _bs guest_end; exit $ec'
2026-05-20 03:07:04,670 DEBUG   remote: bash -lc 'set -e; _bs(){ printf '"'"'BULK_SNAP_T %s %s\n'"'"' "$1" "$(date +%s.%N 2>/dev/null || date +%s)"; }; _bs guest_start; _bs pipeline_start; openssl enc -aes-256-ctr -pass pass:"testing" -nosalt < /dev/zero 2>/dev/null | dd of=/root/dummy_snapshot_data_1.img bs=1M count=1024 iflag=fullblock status=progress; ec=$?; _bs pipeline_done; _bs guest_end; exit $ec'
2026-05-20 03:07:04,670 DEBUG   remote: bash -lc 'set -e; _bs(){ printf '"'"'BULK_SNAP_T %s %s\n'"'"' "$1" "$(date +%s.%N 2>/dev/null || date +%s)"; }; _bs guest_start; _bs pipeline_start; openssl enc -aes-256-ctr -pass pass:"testing" -nosalt < /dev/zero 2>/dev/null | dd of=/root/dummy_snapshot_data_1.img bs=1M count=1024 iflag=fullblock status=progress; ec=$?; _bs pipeline_done; _bs guest_end; exit $ec'
2026-05-20 03:07:04,670 DEBUG   remote: bash -lc 'set -e; _bs(){ printf '"'"'BULK_SNAP_T %s %s\n'"'"' "$1" "$(date +%s.%N 2>/dev/null || date +%s)"; }; _bs guest_start; _bs pipeline_start; openssl enc -aes-256-ctr -pass pass:"testing" -nosalt < /dev/zero 2>/dev/null | dd of=/root/dummy_snapshot_data_1.img bs=1M count=1024 iflag=fullblock status=progress; ec=$?; _bs pipeline_done; _bs guest_end; exit $ec'
2026-05-20 03:07:04,672 DEBUG   remote: bash -lc 'set -e; _bs(){ printf '"'"'BULK_SNAP_T %s %s\n'"'"' "$1" "$(date +%s.%N 2>/dev/null || date +%s)"; }; _bs guest_start; _bs pipeline_start; openssl enc -aes-256-ctr -pass pass:"testing" -nosalt < /dev/zero 2>/dev/null | dd of=/root/dummy_snapshot_data_1.img bs=1M count=1024 iflag=fullblock status=progress; ec=$?; _bs pipeline_done; _bs guest_end; exit $ec'
2026-05-20 03:07:04,673 DEBUG   remote: bash -lc 'set -e; _bs(){ printf '"'"'BULK_SNAP_T %s %s\n'"'"' "$1" "$(date +%s.%N 2>/dev/null || date +%s)"; }; _bs guest_start; _bs pipeline_start; openssl enc -aes-256-ctr -pass pass:"testing" -nosalt < /dev/zero 2>/dev/null | dd of=/root/dummy_snapshot_data_1.img bs=1M count=1024 iflag=fullblock status=progress; ec=$?; _bs pipeline_done; _bs guest_end; exit $ec'
2026-05-20 03:07:04,673 DEBUG   remote: bash -lc 'set -e; _bs(){ printf '"'"'BULK_SNAP_T %s %s\n'"'"' "$1" "$(date +%s.%N 2>/dev/null || date +%s)"; }; _bs guest_start; _bs pipeline_start; openssl enc -aes-256-ctr -pass pass:"testing" -nosalt < /dev/zero 2>/dev/null | dd of=/root/dummy_snapshot_data_1.img bs=1M count=1024 iflag=fullblock status=progress; ec=$?; _bs pipeline_done; _bs guest_end; exit $ec'
2026-05-20 03:07:04,674 DEBUG   remote: bash -lc 'set -e; _bs(){ printf '"'"'BULK_SNAP_T %s %s\n'"'"' "$1" "$(date +%s.%N 2>/dev/null || date +%s)"; }; _bs guest_start; _bs pipeline_start; openssl enc -aes-256-ctr -pass pass:"testing" -nosalt < /dev/zero 2>/dev/null | dd of=/root/dummy_snapshot_data_1.img bs=1M count=1024 iflag=fullblock status=progress; ec=$?; _bs pipeline_done; _bs guest_end; exit $ec'
2026-05-20 03:07:04,674 DEBUG   remote: bash -lc 'set -e; _bs(){ printf '"'"'BULK_SNAP_T %s %s\n'"'"' "$1" "$(date +%s.%N 2>/dev/null || date +%s)"; }; _bs guest_start; _bs pipeline_start; openssl enc -aes-256-ctr -pass pass:"testing" -nosalt < /dev/zero 2>/dev/null | dd of=/root/dummy_snapshot_data_1.img bs=1M count=1024 iflag=fullblock status=progress; ec=$?; _bs pipeline_done; _bs guest_end; exit $ec'
2026-05-20 03:07:04,678 DEBUG   remote: bash -lc 'set -e; _bs(){ printf '"'"'BULK_SNAP_T %s %s\n'"'"' "$1" "$(date +%s.%N 2>/dev/null || date +%s)"; }; _bs guest_start; _bs pipeline_start; openssl enc -aes-256-ctr -pass pass:"testing" -nosalt < /dev/zero 2>/dev/null | dd of=/root/dummy_snapshot_data_1.img bs=1M count=1024 iflag=fullblock status=progress; ec=$?; _bs pipeline_done; _bs guest_end; exit $ec'
2026-05-20 03:07:04,679 DEBUG   remote: bash -lc 'set -e; _bs(){ printf '"'"'BULK_SNAP_T %s %s\n'"'"' "$1" "$(date +%s.%N 2>/dev/null || date +%s)"; }; _bs guest_start; _bs pipeline_start; openssl enc -aes-256-ctr -pass pass:"testing" -nosalt < /dev/zero 2>/dev/null | dd of=/root/dummy_snapshot_data_1.img bs=1M count=1024 iflag=fullblock status=progress; ec=$?; _bs pipeline_done; _bs guest_end; exit $ec'
2026-05-20 03:07:04,679 DEBUG   remote: bash -lc 'set -e; _bs(){ printf '"'"'BULK_SNAP_T %s %s\n'"'"' "$1" "$(date +%s.%N 2>/dev/null || date +%s)"; }; _bs guest_start; _bs pipeline_start; openssl enc -aes-256-ctr -pass pass:"testing" -nosalt < /dev/zero 2>/dev/null | dd of=/root/dummy_snapshot_data_1.img bs=1M count=1024 iflag=fullblock status=progress; ec=$?; _bs pipeline_done; _bs guest_end; exit $ec'
2026-05-20 03:07:04,680 DEBUG   remote: bash -lc 'set -e; _bs(){ printf '"'"'BULK_SNAP_T %s %s\n'"'"' "$1" "$(date +%s.%N 2>/dev/null || date +%s)"; }; _bs guest_start; _bs pipeline_start; openssl enc -aes-256-ctr -pass pass:"testing" -nosalt < /dev/zero 2>/dev/null | dd of=/root/dummy_snapshot_data_1.img bs=1M count=1024 iflag=fullblock status=progress; ec=$?; _bs pipeline_done; _bs guest_end; exit $ec'
2026-05-20 03:07:04,690 DEBUG   remote: bash -lc 'set -e; _bs(){ printf '"'"'BULK_SNAP_T %s %s\n'"'"' "$1" "$(date +%s.%N 2>/dev/null || date +%s)"; }; _bs guest_start; _bs pipeline_start; openssl enc -aes-256-ctr -pass pass:"testing" -nosalt < /dev/zero 2>/dev/null | dd of=/root/dummy_snapshot_data_1.img bs=1M count=1024 iflag=fullblock status=progress; ec=$?; _bs pipeline_done; _bs guest_end; exit $ec'
2026-05-20 03:08:17,159 DEBUG   BULK_SNAP_T guest_start 1779214021.195757722
2026-05-20 03:08:17,159 DEBUG   BULK_SNAP_T pipeline_start 1779214021.197784649
2026-05-20 03:08:17,159 DEBUG   BULK_SNAP_T pipeline_done 1779214092.821737171
2026-05-20 03:08:17,159 DEBUG   BULK_SNAP_T guest_end 1779214092.823793145
2026-05-20 03:08:17,159 DEBUG   
2026-05-20 03:08:17,159 DEBUG   19922944 bytes (20 MB) copied, 1.036382 s, 19.2 MB/s
2026-05-20 03:08:17,159 DEBUG   33554432 bytes (34 MB) copied, 2.106640 s, 15.9 MB/s
2026-05-20 03:08:17,159 DEBUG   47185920 bytes (47 MB) copied, 3.140505 s, 15.0 MB/s
2026-05-20 03:08:17,160 DEBUG   59768832 bytes (60 MB) copied, 4.144532 s, 14.4 MB/s
2026-05-20 03:08:17,160 DEBUG   72351744 bytes (72 MB) copied, 5.189499 s, 13.9 MB/s
2026-05-20 03:08:17,160 DEBUG   85983232 bytes (86 MB) copied, 6.242459 s, 13.8 MB/s
2026-05-20 03:08:17,160 DEBUG   101711872 bytes (102 MB) copied, 7.302481 s, 13.9 MB/s
2026-05-20 03:08:17,160 DEBUG   113246208 bytes (113 MB) copied, 8.366443 s, 13.5 MB/s
2026-05-20 03:08:17,160 DEBUG   123731968 bytes (124 MB) copied, 9.585456 s, 12.9 MB/s
2026-05-20 03:08:17,160 DEBUG   137363456 bytes (137 MB) copied, 10.604579 s, 13.0 MB/s
2026-05-20 03:08:17,160 DEBUG   153092096 bytes (153 MB) copied, 11.690452 s, 13.1 MB/s
2026-05-20 03:08:17,160 DEBUG   166723584 bytes (167 MB) copied, 12.757488 s, 13.1 MB/s
2026-05-20 03:08:17,160 DEBUG   183500800 bytes (184 MB) copied, 13.889613 s, 13.2 MB/s
2026-05-20 03:08:17,160 DEBUG   196083712 bytes (196 MB) copied, 14.935454 s, 13.1 MB/s
2026-05-20 03:08:17,160 DEBUG   210763776 bytes (211 MB) copied, 15.983408 s, 13.2 MB/s
2026-05-20 03:08:17,160 DEBUG   223346688 bytes (223 MB) copied, 17.065591 s, 13.1 MB/s
2026-05-20 03:08:17,160 DEBUG   238026752 bytes (238 MB) copied, 18.153628 s, 13.1 MB/s
2026-05-20 03:08:17,160 DEBUG   249561088 bytes (250 MB) copied, 19.264671 s, 13.0 MB/s
2026-05-20 03:08:17,160 DEBUG   263192576 bytes (263 MB) copied, 20.266413 s, 13.0 MB/s
2026-05-20 03:08:17,160 DEBUG   276824064 bytes (277 MB) copied, 21.273642 s, 13.0 MB/s
2026-05-20 03:08:17,160 DEBUG   292552704 bytes (293 MB) copied, 22.274597 s, 13.1 MB/s
2026-05-20 03:08:17,160 DEBUG   307232768 bytes (307 MB) copied, 23.348466 s, 13.2 MB/s
2026-05-20 03:08:17,160 DEBUG   321912832 bytes (322 MB) copied, 24.395470 s, 13.2 MB/s
2026-05-20 03:08:17,160 DEBUG   336592896 bytes (337 MB) copied, 25.459650 s, 13.2 MB/s
2026-05-20 03:08:17,160 DEBUG   347078656 bytes (347 MB) copied, 26.482434 s, 13.1 MB/s
2026-05-20 03:08:17,160 DEBUG   359661568 bytes (360 MB) copied, 27.492403 s, 13.1 MB/s
2026-05-20 03:08:17,160 DEBUG   379584512 bytes (380 MB) copied, 28.514359 s, 13.3 MB/s
2026-05-20 03:08:17,160 DEBUG   398458880 bytes (398 MB) copied, 29.605449 s, 13.5 MB/s
2026-05-20 03:08:17,160 DEBUG   411041792 bytes (411 MB) copied, 30.655399 s, 13.4 MB/s
2026-05-20 03:08:17,160 DEBUG   428867584 bytes (429 MB) copied, 31.686500 s, 13.5 MB/s
2026-05-20 03:08:17,160 DEBUG   445644800 bytes (446 MB) copied, 32.746486 s, 13.6 MB/s
2026-05-20 03:08:17,160 DEBUG   462422016 bytes (462 MB) copied, 33.890445 s, 13.6 MB/s
2026-05-20 03:08:17,160 DEBUG   477102080 bytes (477 MB) copied, 34.939495 s, 13.7 MB/s
2026-05-20 03:08:17,160 DEBUG   493879296 bytes (494 MB) copied, 35.989408 s, 13.7 MB/s
2026-05-20 03:08:17,160 DEBUG   508559360 bytes (509 MB) copied, 37.019491 s, 13.7 MB/s
2026-05-20 03:08:17,160 DEBUG   523239424 bytes (523 MB) copied, 38.140634 s, 13.7 MB/s
2026-05-20 03:08:17,160 DEBUG   537919488 bytes (538 MB) copied, 39.180465 s, 13.7 MB/s
2026-05-20 03:08:17,160 DEBUG   555745280 bytes (556 MB) copied, 40.243455 s, 13.8 MB/s
2026-05-20 03:08:17,160 DEBUG   569376768 bytes (569 MB) copied, 41.250483 s, 13.8 MB/s
2026-05-20 03:08:17,160 DEBUG   585105408 bytes (585 MB) copied, 42.258441 s, 13.8 MB/s
2026-05-20 03:08:17,160 DEBUG   605028352 bytes (605 MB) copied, 43.329651 s, 14.0 MB/s
2026-05-20 03:08:17,160 DEBUG   624951296 bytes (625 MB) copied, 44.430573 s, 14.1 MB/s
2026-05-20 03:08:17,160 DEBUG   637534208 bytes (638 MB) copied, 45.462591 s, 14.0 MB/s
2026-05-20 03:08:17,160 DEBUG   654311424 bytes (654 MB) copied, 46.469980 s, 14.1 MB/s
2026-05-20 03:08:17,160 DEBUG   673185792 bytes (673 MB) copied, 47.485988 s, 14.2 MB/s
2026-05-20 03:08:17,160 DEBUG   689963008 bytes (690 MB) copied, 48.513455 s, 14.2 MB/s
2026-05-20 03:08:17,160 DEBUG   713031680 bytes (713 MB) copied, 49.592726 s, 14.4 MB/s
2026-05-20 03:08:17,160 DEBUG   727711744 bytes (728 MB) copied, 50.622389 s, 14.4 MB/s
2026-05-20 03:08:17,160 DEBUG   744488960 bytes (744 MB) copied, 51.626664 s, 14.4 MB/s
2026-05-20 03:08:17,160 DEBUG   759169024 bytes (759 MB) copied, 52.646570 s, 14.4 MB/s
2026-05-20 03:08:17,160 DEBUG   779091968 bytes (779 MB) copied, 53.690419 s, 14.5 MB/s
2026-05-20 03:08:17,160 DEBUG   796917760 bytes (797 MB) copied, 54.779769 s, 14.5 MB/s
2026-05-20 03:08:17,160 DEBUG   815792128 bytes (816 MB) copied, 55.858429 s, 14.6 MB/s
2026-05-20 03:08:17,160 DEBUG   829423616 bytes (829 MB) copied, 56.865485 s, 14.6 MB/s
2026-05-20 03:08:17,161 DEBUG   843055104 bytes (843 MB) copied, 57.915405 s, 14.6 MB/s
2026-05-20 03:08:17,161 DEBUG   854589440 bytes (855 MB) copied, 58.935790 s, 14.5 MB/s
2026-05-20 03:08:17,161 DEBUG   868220928 bytes (868 MB) copied, 59.943408 s, 14.5 MB/s
2026-05-20 03:08:17,161 DEBUG   887095296 bytes (887 MB) copied, 60.959082 s, 14.6 MB/s
2026-05-20 03:08:17,161 DEBUG   915406848 bytes (915 MB) copied, 62.012567 s, 14.8 MB/s
2026-05-20 03:08:17,161 DEBUG   935329792 bytes (935 MB) copied, 63.049444 s, 14.8 MB/s
2026-05-20 03:08:17,161 DEBUG   953155584 bytes (953 MB) copied, 64.119451 s, 14.9 MB/s
2026-05-20 03:08:17,161 DEBUG   967835648 bytes (968 MB) copied, 65.171571 s, 14.9 MB/s
2026-05-20 03:08:17,161 DEBUG   981467136 bytes (981 MB) copied, 66.183985 s, 14.8 MB/s
2026-05-20 03:08:17,161 DEBUG   999292928 bytes (999 MB) copied, 67.221555 s, 14.9 MB/s
2026-05-20 03:08:17,161 DEBUG   1015021568 bytes (1.0 GB) copied, 68.297655 s, 14.9 MB/s
2026-05-20 03:08:17,161 DEBUG   1032847360 bytes (1.0 GB) copied, 69.342637 s, 14.9 MB/s
2026-05-20 03:08:17,161 DEBUG   1052770304 bytes (1.1 GB) copied, 70.376447 s, 15.0 MB/s
2026-05-20 03:08:17,161 DEBUG   1071644672 bytes (1.1 GB) copied, 71.444386 s, 15.0 MB/s
2026-05-20 03:08:17,161 DEBUG   1024+0 records in
2026-05-20 03:08:17,161 DEBUG   1024+0 records out
2026-05-20 03:08:17,161 DEBUG   1073741824 bytes (1.1 GB) copied, 71.5242 s, 15.0 MB/s
2026-05-20 03:08:17,161 DEBUG   OK (disk op exit 0)
2026-05-20 03:08:17,161 WARNING Guest disk op wall 72.5s (vm='ahv_bp_vm_1_xa28-0-260514-044905' ip=10.114.51.127 op=create ec=0) — includes SSH + guest disk command; if still high, check guest disk throughput vs. MiB settings.
2026-05-20 03:08:17,161 DEBUG [31/1170] VM 457a4000… (ahv_ins_delete-0-260514-181357) via 10.114.50.156 op=create
2026-05-20 03:08:17,162 DEBUG   remote: bash -lc 'set -e; _bs(){ printf '"'"'BULK_SNAP_T %s %s\n'"'"' "$1" "$(date +%s.%N 2>/dev/null || date +%s)"; }; _bs guest_start; _bs pipeline_start; openssl enc -aes-256-ctr -pass pass:"testing" -nosalt < /dev/zero 2>/dev/null | dd of=/root/dummy_snapshot_data_1.img bs=1M count=1024 iflag=fullblock status=progress; ec=$?; _bs pipeline_done; _bs guest_end; exit $ec'
2026-05-20 03:08:20,476 DEBUG   BULK_SNAP_T guest_start 1779214021.459050198
2026-05-20 03:08:20,476 DEBUG   BULK_SNAP_T pipeline_start 1779214021.467546897
2026-05-20 03:08:20,476 DEBUG   BULK_SNAP_T pipeline_done 1779214095.866425329
2026-05-20 03:08:20,476 DEBUG   BULK_SNAP_T guest_end 1779214095.867682107
2026-05-20 03:08:20,476 DEBUG   
2026-05-20 03:08:20,476 DEBUG   13631488 bytes (14 MB) copied, 1.000717 s, 13.6 MB/s
2026-05-20 03:08:20,476 DEBUG   28311552 bytes (28 MB) copied, 2.077657 s, 13.6 MB/s
2026-05-20 03:08:20,476 DEBUG   41943040 bytes (42 MB) copied, 3.158736 s, 13.3 MB/s
2026-05-20 03:08:20,476 DEBUG   54525952 bytes (55 MB) copied, 4.167672 s, 13.1 MB/s
2026-05-20 03:08:20,477 DEBUG   65011712 bytes (65 MB) copied, 5.198808 s, 12.5 MB/s
2026-05-20 03:08:20,477 DEBUG   79691776 bytes (80 MB) copied, 6.285697 s, 12.7 MB/s
2026-05-20 03:08:20,477 DEBUG   92274688 bytes (92 MB) copied, 7.449656 s, 12.4 MB/s
2026-05-20 03:08:20,477 DEBUG   102760448 bytes (103 MB) copied, 8.542671 s, 12.0 MB/s
2026-05-20 03:08:20,477 DEBUG   118489088 bytes (118 MB) copied, 9.590654 s, 12.4 MB/s
2026-05-20 03:08:20,477 DEBUG   134217728 bytes (134 MB) copied, 10.738928 s, 12.5 MB/s
2026-05-20 03:08:20,477 DEBUG   161480704 bytes (161 MB) copied, 11.828841 s, 13.7 MB/s
2026-05-20 03:08:20,477 DEBUG   178257920 bytes (178 MB) copied, 12.858984 s, 13.9 MB/s
2026-05-20 03:08:20,477 DEBUG   195035136 bytes (195 MB) copied, 13.937720 s, 14.0 MB/s
2026-05-20 03:08:20,477 DEBUG   210763776 bytes (211 MB) copied, 14.994774 s, 14.1 MB/s
2026-05-20 03:08:20,477 DEBUG   226492416 bytes (226 MB) copied, 16.117670 s, 14.1 MB/s
2026-05-20 03:08:20,477 DEBUG   246415360 bytes (246 MB) copied, 17.131775 s, 14.4 MB/s
2026-05-20 03:08:20,477 DEBUG   261095424 bytes (261 MB) copied, 18.276697 s, 14.3 MB/s
2026-05-20 03:08:20,477 DEBUG   281018368 bytes (281 MB) copied, 19.368676 s, 14.5 MB/s
2026-05-20 03:08:20,477 DEBUG   293601280 bytes (294 MB) copied, 20.401761 s, 14.4 MB/s
2026-05-20 03:08:20,477 DEBUG   308281344 bytes (308 MB) copied, 21.427722 s, 14.4 MB/s
2026-05-20 03:08:20,477 DEBUG   322961408 bytes (323 MB) copied, 22.445912 s, 14.4 MB/s
2026-05-20 03:08:20,477 DEBUG   340787200 bytes (341 MB) copied, 23.493661 s, 14.5 MB/s
2026-05-20 03:08:20,477 DEBUG   352321536 bytes (352 MB) copied, 24.563753 s, 14.3 MB/s
2026-05-20 03:08:20,477 DEBUG   362807296 bytes (363 MB) copied, 25.579710 s, 14.2 MB/s
2026-05-20 03:08:20,477 DEBUG   380633088 bytes (381 MB) copied, 26.635816 s, 14.3 MB/s
2026-05-20 03:08:20,477 DEBUG   395313152 bytes (395 MB) copied, 27.650667 s, 14.3 MB/s
2026-05-20 03:08:20,477 DEBUG   406847488 bytes (407 MB) copied, 28.692645 s, 14.2 MB/s
2026-05-20 03:08:20,477 DEBUG   420478976 bytes (420 MB) copied, 29.834690 s, 14.1 MB/s
2026-05-20 03:08:20,477 DEBUG   446693376 bytes (447 MB) copied, 30.918700 s, 14.4 MB/s
2026-05-20 03:08:20,477 DEBUG   461373440 bytes (461 MB) copied, 31.933755 s, 14.4 MB/s
2026-05-20 03:08:20,477 DEBUG   476053504 bytes (476 MB) copied, 32.985787 s, 14.4 MB/s
2026-05-20 03:08:20,477 DEBUG   488636416 bytes (489 MB) copied, 33.995653 s, 14.4 MB/s
2026-05-20 03:08:20,477 DEBUG   503316480 bytes (503 MB) copied, 35.096675 s, 14.3 MB/s
2026-05-20 03:08:20,477 DEBUG   516947968 bytes (517 MB) copied, 36.173695 s, 14.3 MB/s
2026-05-20 03:08:20,477 DEBUG   531628032 bytes (532 MB) copied, 37.178258 s, 14.3 MB/s
2026-05-20 03:08:20,477 DEBUG   548405248 bytes (548 MB) copied, 38.299759 s, 14.3 MB/s
2026-05-20 03:08:20,477 DEBUG   565182464 bytes (565 MB) copied, 39.327740 s, 14.4 MB/s
2026-05-20 03:08:20,477 DEBUG   579862528 bytes (580 MB) copied, 40.371717 s, 14.4 MB/s
2026-05-20 03:08:20,477 DEBUG   594542592 bytes (595 MB) copied, 41.390728 s, 14.4 MB/s
2026-05-20 03:08:20,477 DEBUG   610271232 bytes (610 MB) copied, 42.479691 s, 14.4 MB/s
2026-05-20 03:08:20,477 DEBUG   624951296 bytes (625 MB) copied, 43.488139 s, 14.4 MB/s
2026-05-20 03:08:20,477 DEBUG   637534208 bytes (638 MB) copied, 44.493707 s, 14.3 MB/s
2026-05-20 03:08:20,477 DEBUG   654311424 bytes (654 MB) copied, 45.517661 s, 14.4 MB/s
2026-05-20 03:08:20,477 DEBUG   667942912 bytes (668 MB) copied, 46.572273 s, 14.3 MB/s
2026-05-20 03:08:20,477 DEBUG   684720128 bytes (685 MB) copied, 47.727745 s, 14.3 MB/s
2026-05-20 03:08:20,477 DEBUG   697303040 bytes (697 MB) copied, 48.755679 s, 14.3 MB/s
2026-05-20 03:08:20,477 DEBUG   708837376 bytes (709 MB) copied, 49.834742 s, 14.2 MB/s
2026-05-20 03:08:20,477 DEBUG   726663168 bytes (727 MB) copied, 50.885860 s, 14.3 MB/s
2026-05-20 03:08:20,478 DEBUG   739246080 bytes (739 MB) copied, 51.906662 s, 14.2 MB/s
2026-05-20 03:08:20,478 DEBUG   753926144 bytes (754 MB) copied, 52.917665 s, 14.2 MB/s
2026-05-20 03:08:20,478 DEBUG   769654784 bytes (770 MB) copied, 54.011727 s, 14.2 MB/s
2026-05-20 03:08:20,478 DEBUG   782237696 bytes (782 MB) copied, 55.154934 s, 14.2 MB/s
2026-05-20 03:08:20,478 DEBUG   797966336 bytes (798 MB) copied, 56.240707 s, 14.2 MB/s
2026-05-20 03:08:20,478 DEBUG   809500672 bytes (810 MB) copied, 57.287693 s, 14.1 MB/s
2026-05-20 03:08:20,478 DEBUG   828375040 bytes (828 MB) copied, 58.303992 s, 14.2 MB/s
2026-05-20 03:08:20,478 DEBUG   843055104 bytes (843 MB) copied, 59.315791 s, 14.2 MB/s
2026-05-20 03:08:20,478 DEBUG   854589440 bytes (855 MB) copied, 60.387664 s, 14.2 MB/s
2026-05-20 03:08:20,478 DEBUG   871366656 bytes (871 MB) copied, 61.411098 s, 14.2 MB/s
2026-05-20 03:08:20,478 DEBUG   889192448 bytes (889 MB) copied, 62.503697 s, 14.2 MB/s
2026-05-20 03:08:20,478 DEBUG   901775360 bytes (902 MB) copied, 63.530261 s, 14.2 MB/s
2026-05-20 03:08:20,478 DEBUG   916455424 bytes (916 MB) copied, 64.639991 s, 14.2 MB/s
2026-05-20 03:08:20,478 DEBUG   939524096 bytes (940 MB) copied, 65.654086 s, 14.3 MB/s
2026-05-20 03:08:20,478 DEBUG   953155584 bytes (953 MB) copied, 66.680698 s, 14.3 MB/s
2026-05-20 03:08:20,478 DEBUG   967835648 bytes (968 MB) copied, 67.723813 s, 14.3 MB/s
2026-05-20 03:08:20,478 DEBUG   982515712 bytes (983 MB) copied, 68.813656 s, 14.3 MB/s
2026-05-20 03:08:20,478 DEBUG   1001390080 bytes (1.0 GB) copied, 69.879694 s, 14.3 MB/s
2026-05-20 03:08:20,478 DEBUG   1013972992 bytes (1.0 GB) copied, 70.889666 s, 14.3 MB/s
2026-05-20 03:08:20,478 DEBUG   1032847360 bytes (1.0 GB) copied, 72.010791 s, 14.3 MB/s
2026-05-20 03:08:20,478 DEBUG   1047527424 bytes (1.0 GB) copied, 73.157688 s, 14.3 MB/s
2026-05-20 03:08:20,478 DEBUG   1071644672 bytes (1.1 GB) copied, 74.189697 s, 14.4 MB/s
2026-05-20 03:08:20,478 DEBUG   1024+0 records in
2026-05-20 03:08:20,478 DEBUG   1024+0 records out
2026-05-20 03:08:20,478 DEBUG   1073741824 bytes (1.1 GB) copied, 74.2277 s, 14.5 MB/s
2026-05-20 03:08:20,478 DEBUG   OK (disk op exit 0)
2026-05-20 03:08:20,478 WARNING Guest disk op wall 75.8s (vm='ahv_ins_delete-0-260514-180340' ip=10.114.52.229 op=create ec=0) — includes SSH + guest disk command; if still high, check guest disk throughput vs. MiB settings.
2026-05-20 03:08:20,479 DEBUG [32/1170] VM 38455407… (ahv_ins_delete-0-260514-181408) via 10.114.51.43 op=create
2026-05-20 03:08:20,479 DEBUG   remote: bash -lc 'set -e; _bs(){ printf '"'"'BULK_SNAP_T %s %s\n'"'"' "$1" "$(date +%s.%N 2>/dev/null || date +%s)"; }; _bs guest_start; _bs pipeline_start; openssl enc -aes-256-ctr -pass pass:"testing" -nosalt < /dev/zero 2>/dev/null | dd of=/root/dummy_snapshot_data_1.img bs=1M count=1024 iflag=fullblock status=progress; ec=$?; _bs pipeline_done; _bs guest_end; exit $ec'
2026-05-20 03:08:21,198 DEBUG   BULK_SNAP_T guest_start 1779214021.320991955
2026-05-20 03:08:21,198 DEBUG   BULK_SNAP_T pipeline_start 1779214021.323162612
2026-05-20 03:08:21,199 DEBUG   BULK_SNAP_T pipeline_done 1779214096.789673244
2026-05-20 03:08:21,199 DEBUG   BULK_SNAP_T guest_end 1779214096.790928768
2026-05-20 03:08:21,199 DEBUG   
2026-05-20 03:08:21,199 DEBUG   19922944 bytes (20 MB) copied, 1.104319 s, 18.0 MB/s
2026-05-20 03:08:21,199 DEBUG   30408704 bytes (30 MB) copied, 2.128364 s, 14.3 MB/s
2026-05-20 03:08:21,199 DEBUG   45088768 bytes (45 MB) copied, 3.131285 s, 14.4 MB/s
2026-05-20 03:08:21,199 DEBUG   57671680 bytes (58 MB) copied, 4.150349 s, 13.9 MB/s
2026-05-20 03:08:21,199 DEBUG   66060288 bytes (66 MB) copied, 5.162365 s, 12.8 MB/s
2026-05-20 03:08:21,199 DEBUG   79691776 bytes (80 MB) copied, 6.184297 s, 12.9 MB/s
2026-05-20 03:08:21,199 DEBUG   91226112 bytes (91 MB) copied, 7.314344 s, 12.5 MB/s
2026-05-20 03:08:21,199 DEBUG   102760448 bytes (103 MB) copied, 8.383375 s, 12.3 MB/s
2026-05-20 03:08:21,199 DEBUG   115343360 bytes (115 MB) copied, 9.605328 s, 12.0 MB/s
2026-05-20 03:08:21,199 DEBUG   125829120 bytes (126 MB) copied, 10.689351 s, 11.8 MB/s
2026-05-20 03:08:21,199 DEBUG   136314880 bytes (136 MB) copied, 11.723356 s, 11.6 MB/s
2026-05-20 03:08:21,199 DEBUG   153092096 bytes (153 MB) copied, 12.730820 s, 12.0 MB/s
2026-05-20 03:08:21,199 DEBUG   167772160 bytes (168 MB) copied, 13.733751 s, 12.2 MB/s
2026-05-20 03:08:21,199 DEBUG   183500800 bytes (184 MB) copied, 14.765469 s, 12.4 MB/s
2026-05-20 03:08:21,199 DEBUG   198180864 bytes (198 MB) copied, 15.854567 s, 12.5 MB/s
2026-05-20 03:08:21,199 DEBUG   218103808 bytes (218 MB) copied, 16.907366 s, 12.9 MB/s
2026-05-20 03:08:21,199 DEBUG   232783872 bytes (233 MB) copied, 18.117355 s, 12.8 MB/s
2026-05-20 03:08:21,199 DEBUG   245366784 bytes (245 MB) copied, 19.217380 s, 12.8 MB/s
2026-05-20 03:08:21,199 DEBUG   256901120 bytes (257 MB) copied, 20.346305 s, 12.6 MB/s
2026-05-20 03:08:21,199 DEBUG   278921216 bytes (279 MB) copied, 21.377379 s, 13.0 MB/s
2026-05-20 03:08:21,199 DEBUG   292552704 bytes (293 MB) copied, 22.387344 s, 13.1 MB/s
2026-05-20 03:08:21,199 DEBUG   303038464 bytes (303 MB) copied, 23.406624 s, 12.9 MB/s
2026-05-20 03:08:21,199 DEBUG   321912832 bytes (322 MB) copied, 24.440499 s, 13.2 MB/s
2026-05-20 03:08:21,199 DEBUG   337641472 bytes (338 MB) copied, 25.458320 s, 13.3 MB/s
2026-05-20 03:08:21,199 DEBUG   354418688 bytes (354 MB) copied, 26.522366 s, 13.4 MB/s
2026-05-20 03:08:21,199 DEBUG   371195904 bytes (371 MB) copied, 27.569805 s, 13.5 MB/s
2026-05-20 03:08:21,199 DEBUG   386924544 bytes (387 MB) copied, 28.605653 s, 13.5 MB/s
2026-05-20 03:08:21,199 DEBUG   401604608 bytes (402 MB) copied, 29.721493 s, 13.5 MB/s
2026-05-20 03:08:21,199 DEBUG   414187520 bytes (414 MB) copied, 30.756341 s, 13.5 MB/s
2026-05-20 03:08:21,199 DEBUG   430964736 bytes (431 MB) copied, 31.763565 s, 13.6 MB/s
2026-05-20 03:08:21,199 DEBUG   442499072 bytes (442 MB) copied, 32.874396 s, 13.5 MB/s
2026-05-20 03:08:21,199 DEBUG   461373440 bytes (461 MB) copied, 33.929333 s, 13.6 MB/s
2026-05-20 03:08:21,199 DEBUG   477102080 bytes (477 MB) copied, 34.965451 s, 13.6 MB/s
2026-05-20 03:08:21,199 DEBUG   494927872 bytes (495 MB) copied, 36.072418 s, 13.7 MB/s
2026-05-20 03:08:21,199 DEBUG   507510784 bytes (508 MB) copied, 37.072617 s, 13.7 MB/s
2026-05-20 03:08:21,199 DEBUG   529530880 bytes (530 MB) copied, 38.090813 s, 13.9 MB/s
2026-05-20 03:08:21,199 DEBUG   544210944 bytes (544 MB) copied, 39.095695 s, 13.9 MB/s
2026-05-20 03:08:21,199 DEBUG   560988160 bytes (561 MB) copied, 40.125318 s, 14.0 MB/s
2026-05-20 03:08:21,199 DEBUG   574619648 bytes (575 MB) copied, 41.131337 s, 14.0 MB/s
2026-05-20 03:08:21,199 DEBUG   588251136 bytes (588 MB) copied, 42.228344 s, 13.9 MB/s
2026-05-20 03:08:21,199 DEBUG   605028352 bytes (605 MB) copied, 43.240333 s, 14.0 MB/s
2026-05-20 03:08:21,199 DEBUG   623902720 bytes (624 MB) copied, 44.344477 s, 14.1 MB/s
2026-05-20 03:08:21,199 DEBUG   643825664 bytes (644 MB) copied, 45.345381 s, 14.2 MB/s
2026-05-20 03:08:21,200 DEBUG   661651456 bytes (662 MB) copied, 46.430318 s, 14.3 MB/s
2026-05-20 03:08:21,200 DEBUG   675282944 bytes (675 MB) copied, 47.464324 s, 14.2 MB/s
2026-05-20 03:08:21,200 DEBUG   689963008 bytes (690 MB) copied, 48.613441 s, 14.2 MB/s
2026-05-20 03:08:21,200 DEBUG   709885952 bytes (710 MB) copied, 49.648332 s, 14.3 MB/s
2026-05-20 03:08:21,200 DEBUG   725614592 bytes (726 MB) copied, 50.692319 s, 14.3 MB/s
2026-05-20 03:08:21,200 DEBUG   739246080 bytes (739 MB) copied, 51.713337 s, 14.3 MB/s
2026-05-20 03:08:21,200 DEBUG   752877568 bytes (753 MB) copied, 52.738288 s, 14.3 MB/s
2026-05-20 03:08:21,200 DEBUG   765460480 bytes (765 MB) copied, 53.823295 s, 14.2 MB/s
2026-05-20 03:08:21,200 DEBUG   780140544 bytes (780 MB) copied, 54.917319 s, 14.2 MB/s
2026-05-20 03:08:21,200 DEBUG   794820608 bytes (795 MB) copied, 55.989331 s, 14.2 MB/s
2026-05-20 03:08:21,200 DEBUG   810549248 bytes (811 MB) copied, 57.075431 s, 14.2 MB/s
2026-05-20 03:08:21,200 DEBUG   823132160 bytes (823 MB) copied, 58.090634 s, 14.2 MB/s
2026-05-20 03:08:21,200 DEBUG   834666496 bytes (835 MB) copied, 59.113805 s, 14.1 MB/s
2026-05-20 03:08:21,200 DEBUG   847249408 bytes (847 MB) copied, 60.299336 s, 14.1 MB/s
2026-05-20 03:08:21,200 DEBUG   860880896 bytes (861 MB) copied, 61.367363 s, 14.0 MB/s
2026-05-20 03:08:21,200 DEBUG   872415232 bytes (872 MB) copied, 62.391447 s, 14.0 MB/s
2026-05-20 03:08:21,200 DEBUG   889192448 bytes (889 MB) copied, 63.413391 s, 14.0 MB/s
2026-05-20 03:08:21,200 DEBUG   907018240 bytes (907 MB) copied, 64.452295 s, 14.1 MB/s
2026-05-20 03:08:21,200 DEBUG   924844032 bytes (925 MB) copied, 65.518439 s, 14.1 MB/s
2026-05-20 03:08:21,200 DEBUG   939524096 bytes (940 MB) copied, 66.541371 s, 14.1 MB/s
2026-05-20 03:08:21,200 DEBUG   957349888 bytes (957 MB) copied, 67.593375 s, 14.2 MB/s
2026-05-20 03:08:21,200 DEBUG   970981376 bytes (971 MB) copied, 68.714345 s, 14.1 MB/s
2026-05-20 03:08:21,200 DEBUG   994050048 bytes (994 MB) copied, 69.762460 s, 14.2 MB/s
2026-05-20 03:08:21,200 DEBUG   1010827264 bytes (1.0 GB) copied, 70.796522 s, 14.3 MB/s
2026-05-20 03:08:21,200 DEBUG   1027604480 bytes (1.0 GB) copied, 71.818638 s, 14.3 MB/s
2026-05-20 03:08:21,200 DEBUG   1039138816 bytes (1.0 GB) copied, 72.841704 s, 14.3 MB/s
2026-05-20 03:08:21,200 DEBUG   1052770304 bytes (1.1 GB) copied, 73.880545 s, 14.2 MB/s
2026-05-20 03:08:21,200 DEBUG   1068498944 bytes (1.1 GB) copied, 74.956327 s, 14.3 MB/s
2026-05-20 03:08:21,200 DEBUG   1024+0 records in
2026-05-20 03:08:21,200 DEBUG   1024+0 records out
2026-05-20 03:08:21,200 DEBUG   1073741824 bytes (1.1 GB) copied, 75.3406 s, 14.3 MB/s
2026-05-20 03:08:21,200 DEBUG   OK (disk op exit 0)
2026-05-20 03:08:21,200 WARNING Guest disk op wall 76.6s (vm='ahv_ins_delete-0-260514-054356' ip=10.114.51.167 op=create ec=0) — includes SSH + guest disk command; if still high, check guest disk throughput vs. MiB settings.
2026-05-20 03:08:21,201 DEBUG [33/1170] VM 89ad85b7… (ahv_ins_delete-0-260514-181428) via 10.114.50.208 op=create
2026-05-20 03:08:21,201 DEBUG   remote: bash -lc 'set -e; _bs(){ printf '"'"'BULK_SNAP_T %s %s\n'"'"' "$1" "$(date +%s.%N 2>/dev/null || date +%s)"; }; _bs guest_start; _bs pipeline_start; openssl enc -aes-256-ctr -pass pass:"testing" -nosalt < /dev/zero 2>/dev/null | dd of=/root/dummy_snapshot_data_1.img bs=1M count=1024 iflag=fullblock status=progress; ec=$?; _bs pipeline_done; _bs guest_end; exit $ec'
2026-05-20 03:08:22,169 DEBUG   BULK_SNAP_T guest_start 1779214021.732342076
2026-05-20 03:08:22,169 DEBUG   BULK_SNAP_T pipeline_start 1779214021.734755934
2026-05-20 03:08:22,169 DEBUG   BULK_SNAP_T pipeline_done 1779214098.216503475
2026-05-20 03:08:22,169 DEBUG   BULK_SNAP_T guest_end 1779214098.222476734
2026-05-20 03:08:22,169 DEBUG   
2026-05-20 03:08:22,169 DEBUG   18874368 bytes (19 MB) copied, 1.067436 s, 17.7 MB/s
2026-05-20 03:08:22,169 DEBUG   31457280 bytes (31 MB) copied, 2.188466 s, 14.4 MB/s
2026-05-20 03:08:22,169 DEBUG   42991616 bytes (43 MB) copied, 3.246443 s, 13.2 MB/s
2026-05-20 03:08:22,169 DEBUG   55574528 bytes (56 MB) copied, 4.276641 s, 13.0 MB/s
2026-05-20 03:08:22,169 DEBUG   66060288 bytes (66 MB) copied, 5.386428 s, 12.3 MB/s
2026-05-20 03:08:22,169 DEBUG   78643200 bytes (79 MB) copied, 6.392457 s, 12.3 MB/s
2026-05-20 03:08:22,169 DEBUG   92274688 bytes (92 MB) copied, 7.401443 s, 12.5 MB/s
2026-05-20 03:08:22,169 DEBUG   103809024 bytes (104 MB) copied, 8.548403 s, 12.1 MB/s
2026-05-20 03:08:22,169 DEBUG   114294784 bytes (114 MB) copied, 9.570428 s, 11.9 MB/s
2026-05-20 03:08:22,169 DEBUG   123731968 bytes (124 MB) copied, 10.590465 s, 11.7 MB/s
2026-05-20 03:08:22,169 DEBUG   138412032 bytes (138 MB) copied, 11.608428 s, 11.9 MB/s
2026-05-20 03:08:22,169 DEBUG   150994944 bytes (151 MB) copied, 12.660684 s, 11.9 MB/s
2026-05-20 03:08:22,169 DEBUG   166723584 bytes (167 MB) copied, 13.684801 s, 12.2 MB/s
2026-05-20 03:08:22,169 DEBUG   182452224 bytes (182 MB) copied, 14.780792 s, 12.3 MB/s
2026-05-20 03:08:22,169 DEBUG   195035136 bytes (195 MB) copied, 15.960555 s, 12.2 MB/s
2026-05-20 03:08:22,169 DEBUG   206569472 bytes (207 MB) copied, 16.997537 s, 12.2 MB/s
2026-05-20 03:08:22,169 DEBUG   222298112 bytes (222 MB) copied, 18.101462 s, 12.3 MB/s
2026-05-20 03:08:22,169 DEBUG   238026752 bytes (238 MB) copied, 19.189703 s, 12.4 MB/s
2026-05-20 03:08:22,169 DEBUG   251658240 bytes (252 MB) copied, 20.212446 s, 12.5 MB/s
2026-05-20 03:08:22,169 DEBUG   266338304 bytes (266 MB) copied, 21.247705 s, 12.5 MB/s
2026-05-20 03:08:22,169 DEBUG   282066944 bytes (282 MB) copied, 22.468522 s, 12.6 MB/s
2026-05-20 03:08:22,169 DEBUG   295698432 bytes (296 MB) copied, 23.611496 s, 12.5 MB/s
2026-05-20 03:08:22,169 DEBUG   311427072 bytes (311 MB) copied, 24.696417 s, 12.6 MB/s
2026-05-20 03:08:22,169 DEBUG   325058560 bytes (325 MB) copied, 25.734691 s, 12.6 MB/s
2026-05-20 03:08:22,169 DEBUG   341835776 bytes (342 MB) copied, 26.735452 s, 12.8 MB/s
2026-05-20 03:08:22,170 DEBUG   356515840 bytes (357 MB) copied, 27.739442 s, 12.9 MB/s
2026-05-20 03:08:22,170 DEBUG   368050176 bytes (368 MB) copied, 28.849545 s, 12.8 MB/s
2026-05-20 03:08:22,170 DEBUG   384827392 bytes (385 MB) copied, 29.872696 s, 12.9 MB/s
2026-05-20 03:08:22,170 DEBUG   399507456 bytes (400 MB) copied, 30.914436 s, 12.9 MB/s
2026-05-20 03:08:22,170 DEBUG   417333248 bytes (417 MB) copied, 31.914508 s, 13.1 MB/s
2026-05-20 03:08:22,170 DEBUG   428867584 bytes (429 MB) copied, 33.098423 s, 13.0 MB/s
2026-05-20 03:08:22,170 DEBUG   444596224 bytes (445 MB) copied, 34.142741 s, 13.0 MB/s
2026-05-20 03:08:22,170 DEBUG   459276288 bytes (459 MB) copied, 35.174932 s, 13.1 MB/s
2026-05-20 03:08:22,170 DEBUG   477102080 bytes (477 MB) copied, 36.280463 s, 13.2 MB/s
2026-05-20 03:08:22,170 DEBUG   491782144 bytes (492 MB) copied, 37.291597 s, 13.2 MB/s
2026-05-20 03:08:22,170 DEBUG   506462208 bytes (506 MB) copied, 38.393426 s, 13.2 MB/s
2026-05-20 03:08:22,170 DEBUG   520093696 bytes (520 MB) copied, 39.420636 s, 13.2 MB/s
2026-05-20 03:08:22,170 DEBUG   535822336 bytes (536 MB) copied, 40.489682 s, 13.2 MB/s
2026-05-20 03:08:22,170 DEBUG   554696704 bytes (555 MB) copied, 41.540697 s, 13.4 MB/s
2026-05-20 03:08:22,170 DEBUG   568328192 bytes (568 MB) copied, 42.563596 s, 13.4 MB/s
2026-05-20 03:08:22,170 DEBUG   587202560 bytes (587 MB) copied, 43.593449 s, 13.5 MB/s
2026-05-20 03:08:22,170 DEBUG   607125504 bytes (607 MB) copied, 44.677474 s, 13.6 MB/s
2026-05-20 03:08:22,170 DEBUG   621805568 bytes (622 MB) copied, 45.710718 s, 13.6 MB/s
2026-05-20 03:08:22,170 DEBUG   641728512 bytes (642 MB) copied, 46.734669 s, 13.7 MB/s
2026-05-20 03:08:22,170 DEBUG   660602880 bytes (661 MB) copied, 47.785509 s, 13.8 MB/s
2026-05-20 03:08:22,170 DEBUG   674234368 bytes (674 MB) copied, 48.827579 s, 13.8 MB/s
2026-05-20 03:08:22,170 DEBUG   689963008 bytes (690 MB) copied, 49.936428 s, 13.8 MB/s
2026-05-20 03:08:22,170 DEBUG   709885952 bytes (710 MB) copied, 50.955451 s, 13.9 MB/s
2026-05-20 03:08:22,170 DEBUG   721420288 bytes (721 MB) copied, 52.026472 s, 13.9 MB/s
2026-05-20 03:08:22,170 DEBUG   740294656 bytes (740 MB) copied, 53.102417 s, 13.9 MB/s
2026-05-20 03:08:22,170 DEBUG   750780416 bytes (751 MB) copied, 54.165461 s, 13.9 MB/s
2026-05-20 03:08:22,170 DEBUG   765460480 bytes (765 MB) copied, 55.199482 s, 13.9 MB/s
2026-05-20 03:08:22,170 DEBUG   780140544 bytes (780 MB) copied, 56.242570 s, 13.9 MB/s
2026-05-20 03:08:22,170 DEBUG   803209216 bytes (803 MB) copied, 57.275503 s, 14.0 MB/s
2026-05-20 03:08:22,170 DEBUG   817889280 bytes (818 MB) copied, 58.287461 s, 14.0 MB/s
2026-05-20 03:08:22,170 DEBUG   828375040 bytes (828 MB) copied, 59.389507 s, 13.9 MB/s
2026-05-20 03:08:22,170 DEBUG   838860800 bytes (839 MB) copied, 60.515452 s, 13.9 MB/s
2026-05-20 03:08:22,170 DEBUG   850395136 bytes (850 MB) copied, 61.524508 s, 13.8 MB/s
2026-05-20 03:08:22,170 DEBUG   868220928 bytes (868 MB) copied, 62.595439 s, 13.9 MB/s
2026-05-20 03:08:22,170 DEBUG   882900992 bytes (883 MB) copied, 63.597671 s, 13.9 MB/s
2026-05-20 03:08:22,170 DEBUG   904921088 bytes (905 MB) copied, 64.619441 s, 14.0 MB/s
2026-05-20 03:08:22,170 DEBUG   924844032 bytes (925 MB) copied, 65.667431 s, 14.1 MB/s
2026-05-20 03:08:22,170 DEBUG   939524096 bytes (940 MB) copied, 66.788451 s, 14.1 MB/s
2026-05-20 03:08:22,170 DEBUG   951058432 bytes (951 MB) copied, 67.790807 s, 14.0 MB/s
2026-05-20 03:08:22,170 DEBUG   965738496 bytes (966 MB) copied, 68.826412 s, 14.0 MB/s
2026-05-20 03:08:22,170 DEBUG   983564288 bytes (984 MB) copied, 69.860460 s, 14.1 MB/s
2026-05-20 03:08:22,170 DEBUG   999292928 bytes (999 MB) copied, 70.864585 s, 14.1 MB/s
2026-05-20 03:08:22,170 DEBUG   1015021568 bytes (1.0 GB) copied, 71.874469 s, 14.1 MB/s
2026-05-20 03:08:22,170 DEBUG   1028653056 bytes (1.0 GB) copied, 72.984415 s, 14.1 MB/s
2026-05-20 03:08:22,170 DEBUG   1042284544 bytes (1.0 GB) copied, 74.075487 s, 14.1 MB/s
2026-05-20 03:08:22,170 DEBUG   1054867456 bytes (1.1 GB) copied, 75.133624 s, 14.0 MB/s
2026-05-20 03:08:22,170 DEBUG   1071644672 bytes (1.1 GB) copied, 76.208463 s, 14.1 MB/s
2026-05-20 03:08:22,170 DEBUG   1024+0 records in
2026-05-20 03:08:22,170 DEBUG   1024+0 records out
2026-05-20 03:08:22,170 DEBUG   1073741824 bytes (1.1 GB) copied, 76.3406 s, 14.1 MB/s
2026-05-20 03:08:22,171 DEBUG   OK (disk op exit 0)
2026-05-20 03:08:22,171 WARNING Guest disk op wall 77.6s (vm='ahv_ins_delete-0-260514-053133' ip=10.114.51.224 op=create ec=0) — includes SSH + guest disk command; if still high, check guest disk throughput vs. MiB settings.
2026-05-20 03:08:22,171 DEBUG [34/1170] VM 097c9822… (ahv_ins_delete-0-260514-181435) via 10.114.54.93 op=create
2026-05-20 03:08:22,171 DEBUG   remote: bash -lc 'set -e; _bs(){ printf '"'"'BULK_SNAP_T %s %s\n'"'"' "$1" "$(date +%s.%N 2>/dev/null || date +%s)"; }; _bs guest_start; _bs pipeline_start; openssl enc -aes-256-ctr -pass pass:"testing" -nosalt < /dev/zero 2>/dev/null | dd of=/root/dummy_snapshot_data_1.img bs=1M count=1024 iflag=fullblock status=progress; ec=$?; _bs pipeline_done; _bs guest_end; exit $ec'
2026-05-20 03:08:22,488 DEBUG   BULK_SNAP_T guest_start 1779214022.744803525
2026-05-20 03:08:22,488 DEBUG   BULK_SNAP_T pipeline_start 1779214022.752108127
2026-05-20 03:08:22,488 DEBUG   BULK_SNAP_T pipeline_done 1779214099.090687349
2026-05-20 03:08:22,488 DEBUG   BULK_SNAP_T guest_end 1779214099.097778198
2026-05-20 03:08:22,488 DEBUG   
2026-05-20 03:08:22,488 DEBUG   14680064 bytes (15 MB) copied, 1.067070 s, 13.8 MB/s
2026-05-20 03:08:22,488 DEBUG   28311552 bytes (28 MB) copied, 2.163029 s, 13.1 MB/s
2026-05-20 03:08:22,488 DEBUG   41943040 bytes (42 MB) copied, 3.175017 s, 13.2 MB/s
2026-05-20 03:08:22,488 DEBUG   54525952 bytes (55 MB) copied, 4.194049 s, 13.0 MB/s
2026-05-20 03:08:22,489 DEBUG   71303168 bytes (71 MB) copied, 5.237047 s, 13.6 MB/s
2026-05-20 03:08:22,489 DEBUG   85983232 bytes (86 MB) copied, 6.263062 s, 13.7 MB/s
2026-05-20 03:08:22,489 DEBUG   99614720 bytes (100 MB) copied, 7.499038 s, 13.3 MB/s
2026-05-20 03:08:22,489 DEBUG   111149056 bytes (111 MB) copied, 8.508005 s, 13.1 MB/s
2026-05-20 03:08:22,489 DEBUG   120586240 bytes (121 MB) copied, 9.564043 s, 12.6 MB/s
2026-05-20 03:08:22,489 DEBUG   138412032 bytes (138 MB) copied, 10.579030 s, 13.1 MB/s
2026-05-20 03:08:22,489 DEBUG   153092096 bytes (153 MB) copied, 11.643039 s, 13.1 MB/s
2026-05-20 03:08:22,489 DEBUG   166723584 bytes (167 MB) copied, 12.660004 s, 13.2 MB/s
2026-05-20 03:08:22,489 DEBUG   181403648 bytes (181 MB) copied, 13.665049 s, 13.3 MB/s
2026-05-20 03:08:22,489 DEBUG   193986560 bytes (194 MB) copied, 14.684003 s, 13.2 MB/s
2026-05-20 03:08:22,489 DEBUG   211812352 bytes (212 MB) copied, 15.715016 s, 13.5 MB/s
2026-05-20 03:08:22,489 DEBUG   224395264 bytes (224 MB) copied, 16.722992 s, 13.4 MB/s
2026-05-20 03:08:22,489 DEBUG   236978176 bytes (237 MB) copied, 17.725999 s, 13.4 MB/s
2026-05-20 03:08:22,489 DEBUG   253755392 bytes (254 MB) copied, 18.726011 s, 13.6 MB/s
2026-05-20 03:08:22,489 DEBUG   268435456 bytes (268 MB) copied, 19.831215 s, 13.5 MB/s
2026-05-20 03:08:22,489 DEBUG   281018368 bytes (281 MB) copied, 20.833014 s, 13.5 MB/s
2026-05-20 03:08:22,489 DEBUG   290455552 bytes (290 MB) copied, 21.895021 s, 13.3 MB/s
2026-05-20 03:08:22,489 DEBUG   299892736 bytes (300 MB) copied, 22.901078 s, 13.1 MB/s
2026-05-20 03:08:22,489 DEBUG   312475648 bytes (312 MB) copied, 23.937094 s, 13.1 MB/s
2026-05-20 03:08:22,489 DEBUG   329252864 bytes (329 MB) copied, 24.982054 s, 13.2 MB/s
2026-05-20 03:08:22,489 DEBUG   352321536 bytes (352 MB) copied, 26.106192 s, 13.5 MB/s
2026-05-20 03:08:22,489 DEBUG   365953024 bytes (366 MB) copied, 27.108279 s, 13.5 MB/s
2026-05-20 03:08:22,489 DEBUG   382730240 bytes (383 MB) copied, 28.223047 s, 13.6 MB/s
2026-05-20 03:08:22,489 DEBUG   395313152 bytes (395 MB) copied, 29.230007 s, 13.5 MB/s
2026-05-20 03:08:22,489 DEBUG   408944640 bytes (409 MB) copied, 30.279159 s, 13.5 MB/s
2026-05-20 03:08:22,489 DEBUG   423624704 bytes (424 MB) copied, 31.343964 s, 13.5 MB/s
2026-05-20 03:08:22,489 DEBUG   436207616 bytes (436 MB) copied, 32.443067 s, 13.4 MB/s
2026-05-20 03:08:22,489 DEBUG   450887680 bytes (451 MB) copied, 33.472021 s, 13.5 MB/s
2026-05-20 03:08:22,489 DEBUG   466616320 bytes (467 MB) copied, 34.540046 s, 13.5 MB/s
2026-05-20 03:08:22,489 DEBUG   481296384 bytes (481 MB) copied, 35.541077 s, 13.5 MB/s
2026-05-20 03:08:22,489 DEBUG   501219328 bytes (501 MB) copied, 36.586254 s, 13.7 MB/s
2026-05-20 03:08:22,489 DEBUG   515899392 bytes (516 MB) copied, 37.698022 s, 13.7 MB/s
2026-05-20 03:08:22,489 DEBUG   530579456 bytes (531 MB) copied, 38.701200 s, 13.7 MB/s
2026-05-20 03:08:22,489 DEBUG   546308096 bytes (546 MB) copied, 39.738237 s, 13.7 MB/s
2026-05-20 03:08:22,489 DEBUG   559939584 bytes (560 MB) copied, 40.784115 s, 13.7 MB/s
2026-05-20 03:08:22,489 DEBUG   586153984 bytes (586 MB) copied, 41.886077 s, 14.0 MB/s
2026-05-20 03:08:22,489 DEBUG   601882624 bytes (602 MB) copied, 42.935208 s, 14.0 MB/s
2026-05-20 03:08:22,489 DEBUG   614465536 bytes (614 MB) copied, 44.008013 s, 14.0 MB/s
2026-05-20 03:08:22,489 DEBUG   627048448 bytes (627 MB) copied, 45.025058 s, 13.9 MB/s
2026-05-20 03:08:22,489 DEBUG   645922816 bytes (646 MB) copied, 46.073024 s, 14.0 MB/s
2026-05-20 03:08:22,489 DEBUG   664797184 bytes (665 MB) copied, 47.107457 s, 14.1 MB/s
2026-05-20 03:08:22,489 DEBUG   682622976 bytes (683 MB) copied, 48.162003 s, 14.2 MB/s
2026-05-20 03:08:22,489 DEBUG   697303040 bytes (697 MB) copied, 49.207097 s, 14.2 MB/s
2026-05-20 03:08:22,489 DEBUG   709885952 bytes (710 MB) copied, 50.330042 s, 14.1 MB/s
2026-05-20 03:08:22,489 DEBUG   726663168 bytes (727 MB) copied, 51.349982 s, 14.2 MB/s
2026-05-20 03:08:22,489 DEBUG   738197504 bytes (738 MB) copied, 52.377993 s, 14.1 MB/s
2026-05-20 03:08:22,489 DEBUG   749731840 bytes (750 MB) copied, 53.491979 s, 14.0 MB/s
2026-05-20 03:08:22,489 DEBUG   773849088 bytes (774 MB) copied, 54.502024 s, 14.2 MB/s
2026-05-20 03:08:22,489 DEBUG   787480576 bytes (787 MB) copied, 55.605996 s, 14.2 MB/s
2026-05-20 03:08:22,489 DEBUG   799014912 bytes (799 MB) copied, 56.662989 s, 14.1 MB/s
2026-05-20 03:08:22,489 DEBUG   813694976 bytes (814 MB) copied, 57.687992 s, 14.1 MB/s
2026-05-20 03:08:22,489 DEBUG   827326464 bytes (827 MB) copied, 58.729025 s, 14.1 MB/s
2026-05-20 03:08:22,490 DEBUG   842006528 bytes (842 MB) copied, 59.844220 s, 14.1 MB/s
2026-05-20 03:08:22,490 DEBUG   856686592 bytes (857 MB) copied, 60.943287 s, 14.1 MB/s
2026-05-20 03:08:22,490 DEBUG   873463808 bytes (873 MB) copied, 62.064144 s, 14.1 MB/s
2026-05-20 03:08:22,490 DEBUG   888143872 bytes (888 MB) copied, 63.087984 s, 14.1 MB/s
2026-05-20 03:08:22,490 DEBUG   904921088 bytes (905 MB) copied, 64.153981 s, 14.1 MB/s
2026-05-20 03:08:22,490 DEBUG   917504000 bytes (918 MB) copied, 65.269003 s, 14.1 MB/s
2026-05-20 03:08:22,490 DEBUG   930086912 bytes (930 MB) copied, 66.359988 s, 14.0 MB/s
2026-05-20 03:08:22,490 DEBUG   954204160 bytes (954 MB) copied, 67.375215 s, 14.2 MB/s
2026-05-20 03:08:22,490 DEBUG   968884224 bytes (969 MB) copied, 68.433991 s, 14.2 MB/s
2026-05-20 03:08:22,490 DEBUG   983564288 bytes (984 MB) copied, 69.514446 s, 14.1 MB/s
2026-05-20 03:08:22,490 DEBUG   998244352 bytes (998 MB) copied, 70.522995 s, 14.2 MB/s
2026-05-20 03:08:22,490 DEBUG   1009778688 bytes (1.0 GB) copied, 71.566990 s, 14.1 MB/s
2026-05-20 03:08:22,490 DEBUG   1025507328 bytes (1.0 GB) copied, 72.590021 s, 14.1 MB/s
2026-05-20 03:08:22,490 DEBUG   1041235968 bytes (1.0 GB) copied, 73.596030 s, 14.1 MB/s
2026-05-20 03:08:22,490 DEBUG   1052770304 bytes (1.1 GB) copied, 74.638195 s, 14.1 MB/s
2026-05-20 03:08:22,490 DEBUG   1065353216 bytes (1.1 GB) copied, 75.644086 s, 14.1 MB/s
2026-05-20 03:08:22,490 DEBUG   1024+0 records in
2026-05-20 03:08:22,490 DEBUG   1024+0 records out
2026-05-20 03:08:22,490 DEBUG   1073741824 bytes (1.1 GB) copied, 76.228 s, 14.1 MB/s
2026-05-20 03:08:22,490 DEBUG   OK (disk op exit 0)
2026-05-20 03:08:22,490 WARNING Guest disk op wall 77.8s (vm='ahv_ins_delete-0-260514-180908' ip=10.114.51.50 op=create ec=0) — includes SSH + guest disk command; if still high, check guest disk throughput vs. MiB settings.
2026-05-20 03:08:22,490 DEBUG [35/1170] VM 6e1d4669… (ahv_ins_delete-0-260514-181435) via 10.114.51.97 op=create
2026-05-20 03:08:22,491 DEBUG   remote: bash -lc 'set -e; _bs(){ printf '"'"'BULK_SNAP_T %s %s\n'"'"' "$1" "$(date +%s.%N 2>/dev/null || date +%s)"; }; _bs guest_start; _bs pipeline_start; openssl enc -aes-256-ctr -pass pass:"testing" -nosalt < /dev/zero 2>/dev/null | dd of=/root/dummy_snapshot_data_1.img bs=1M count=1024 iflag=fullblock status=progress; ec=$?; _bs pipeline_done; _bs guest_end; exit $ec'
2026-05-20 03:08:22,983 DEBUG   BULK_SNAP_T guest_start 1779214022.666054226
2026-05-20 03:08:22,983 DEBUG   BULK_SNAP_T pipeline_start 1779214022.672351095
2026-05-20 03:08:22,983 DEBUG   BULK_SNAP_T pipeline_done 1779214099.591410253
2026-05-20 03:08:22,983 DEBUG   BULK_SNAP_T guest_end 1779214099.594982298
2026-05-20 03:08:22,983 DEBUG   
2026-05-20 03:08:22,983 DEBUG   15728640 bytes (16 MB) copied, 1.219603 s, 12.9 MB/s
2026-05-20 03:08:22,983 DEBUG   30408704 bytes (30 MB) copied, 2.248555 s, 13.5 MB/s
2026-05-20 03:08:22,983 DEBUG   44040192 bytes (44 MB) copied, 3.407553 s, 12.9 MB/s
2026-05-20 03:08:22,983 DEBUG   59768832 bytes (60 MB) copied, 4.415527 s, 13.5 MB/s
2026-05-20 03:08:22,983 DEBUG   74448896 bytes (74 MB) copied, 5.540580 s, 13.4 MB/s
2026-05-20 03:08:22,983 DEBUG   90177536 bytes (90 MB) copied, 6.554581 s, 13.8 MB/s
2026-05-20 03:08:22,983 DEBUG   110100480 bytes (110 MB) copied, 7.557587 s, 14.6 MB/s
2026-05-20 03:08:22,983 DEBUG   123731968 bytes (124 MB) copied, 8.710622 s, 14.2 MB/s
2026-05-20 03:08:22,983 DEBUG   143654912 bytes (144 MB) copied, 9.789486 s, 14.7 MB/s
2026-05-20 03:08:22,983 DEBUG   161480704 bytes (161 MB) copied, 10.798599 s, 15.0 MB/s
2026-05-20 03:08:22,983 DEBUG   187695104 bytes (188 MB) copied, 11.869769 s, 15.8 MB/s
2026-05-20 03:08:22,983 DEBUG   203423744 bytes (203 MB) copied, 12.888498 s, 15.8 MB/s
2026-05-20 03:08:22,983 DEBUG   219152384 bytes (219 MB) copied, 13.921518 s, 15.7 MB/s
2026-05-20 03:08:22,983 DEBUG   233832448 bytes (234 MB) copied, 14.975533 s, 15.6 MB/s
2026-05-20 03:08:22,983 DEBUG   249561088 bytes (250 MB) copied, 16.011552 s, 15.6 MB/s
2026-05-20 03:08:22,983 DEBUG   268435456 bytes (268 MB) copied, 17.048562 s, 15.7 MB/s
2026-05-20 03:08:22,983 DEBUG   286261248 bytes (286 MB) copied, 18.050583 s, 15.9 MB/s
2026-05-20 03:08:22,983 DEBUG   307232768 bytes (307 MB) copied, 19.067544 s, 16.1 MB/s
2026-05-20 03:08:22,983 DEBUG   318767104 bytes (319 MB) copied, 20.146564 s, 15.8 MB/s
2026-05-20 03:08:22,983 DEBUG   333447168 bytes (333 MB) copied, 21.198573 s, 15.7 MB/s
2026-05-20 03:08:22,983 DEBUG   350224384 bytes (350 MB) copied, 22.203916 s, 15.8 MB/s
2026-05-20 03:08:22,983 DEBUG   364904448 bytes (365 MB) copied, 23.305581 s, 15.7 MB/s
2026-05-20 03:08:22,983 DEBUG   377487360 bytes (377 MB) copied, 24.370562 s, 15.5 MB/s
2026-05-20 03:08:22,983 DEBUG   392167424 bytes (392 MB) copied, 25.409790 s, 15.4 MB/s
2026-05-20 03:08:22,983 DEBUG   405798912 bytes (406 MB) copied, 26.421544 s, 15.4 MB/s
2026-05-20 03:08:22,983 DEBUG   418381824 bytes (418 MB) copied, 27.469750 s, 15.2 MB/s
2026-05-20 03:08:22,983 DEBUG   434110464 bytes (434 MB) copied, 28.592746 s, 15.2 MB/s
2026-05-20 03:08:22,983 DEBUG   449839104 bytes (450 MB) copied, 29.686546 s, 15.2 MB/s
2026-05-20 03:08:22,983 DEBUG   465567744 bytes (466 MB) copied, 30.781564 s, 15.1 MB/s
2026-05-20 03:08:22,983 DEBUG   477102080 bytes (477 MB) copied, 31.807643 s, 15.0 MB/s
2026-05-20 03:08:22,983 DEBUG   493879296 bytes (494 MB) copied, 32.809896 s, 15.1 MB/s
2026-05-20 03:08:22,983 DEBUG   509607936 bytes (510 MB) copied, 33.834598 s, 15.1 MB/s
2026-05-20 03:08:22,983 DEBUG   520093696 bytes (520 MB) copied, 34.864570 s, 14.9 MB/s
2026-05-20 03:08:22,984 DEBUG   533725184 bytes (534 MB) copied, 35.893050 s, 14.9 MB/s
2026-05-20 03:08:22,984 DEBUG   548405248 bytes (548 MB) copied, 36.921972 s, 14.9 MB/s
2026-05-20 03:08:22,984 DEBUG   560988160 bytes (561 MB) copied, 37.946607 s, 14.8 MB/s
2026-05-20 03:08:22,984 DEBUG   572522496 bytes (573 MB) copied, 38.991546 s, 14.7 MB/s
2026-05-20 03:08:22,984 DEBUG   585105408 bytes (585 MB) copied, 40.012593 s, 14.6 MB/s
2026-05-20 03:08:22,984 DEBUG   602931200 bytes (603 MB) copied, 41.107621 s, 14.7 MB/s
2026-05-20 03:08:22,984 DEBUG   616562688 bytes (617 MB) copied, 42.159658 s, 14.6 MB/s
2026-05-20 03:08:22,984 DEBUG   631242752 bytes (631 MB) copied, 43.191538 s, 14.6 MB/s
2026-05-20 03:08:22,984 DEBUG   646971392 bytes (647 MB) copied, 44.273717 s, 14.6 MB/s
2026-05-20 03:08:22,984 DEBUG   659554304 bytes (660 MB) copied, 45.275520 s, 14.6 MB/s
2026-05-20 03:08:22,984 DEBUG   674234368 bytes (674 MB) copied, 46.288303 s, 14.6 MB/s
2026-05-20 03:08:22,984 DEBUG   689963008 bytes (690 MB) copied, 47.324566 s, 14.6 MB/s
2026-05-20 03:08:22,984 DEBUG   709885952 bytes (710 MB) copied, 48.482536 s, 14.6 MB/s
2026-05-20 03:08:22,984 DEBUG   726663168 bytes (727 MB) copied, 49.507584 s, 14.7 MB/s
2026-05-20 03:08:22,984 DEBUG   739246080 bytes (739 MB) copied, 50.640593 s, 14.6 MB/s
2026-05-20 03:08:22,984 DEBUG   749731840 bytes (750 MB) copied, 51.661736 s, 14.5 MB/s
2026-05-20 03:08:22,984 DEBUG   768606208 bytes (769 MB) copied, 52.693931 s, 14.6 MB/s
2026-05-20 03:08:22,984 DEBUG   779091968 bytes (779 MB) copied, 53.804509 s, 14.5 MB/s
2026-05-20 03:08:22,984 DEBUG   792723456 bytes (793 MB) copied, 54.898562 s, 14.4 MB/s
2026-05-20 03:08:22,984 DEBUG   805306368 bytes (805 MB) copied, 55.952063 s, 14.4 MB/s
2026-05-20 03:08:22,984 DEBUG   816840704 bytes (817 MB) copied, 57.035558 s, 14.3 MB/s
2026-05-20 03:08:22,984 DEBUG   830472192 bytes (830 MB) copied, 58.178584 s, 14.3 MB/s
2026-05-20 03:08:22,984 DEBUG   845152256 bytes (845 MB) copied, 59.185498 s, 14.3 MB/s
2026-05-20 03:08:22,984 DEBUG   856686592 bytes (857 MB) copied, 60.329539 s, 14.2 MB/s
2026-05-20 03:08:22,984 DEBUG   867172352 bytes (867 MB) copied, 61.415603 s, 14.1 MB/s
2026-05-20 03:08:22,984 DEBUG   881852416 bytes (882 MB) copied, 62.451564 s, 14.1 MB/s
2026-05-20 03:08:22,984 DEBUG   896532480 bytes (897 MB) copied, 63.452577 s, 14.1 MB/s
2026-05-20 03:08:22,984 DEBUG   909115392 bytes (909 MB) copied, 64.527716 s, 14.1 MB/s
2026-05-20 03:08:22,984 DEBUG   923795456 bytes (924 MB) copied, 65.549629 s, 14.1 MB/s
2026-05-20 03:08:22,984 DEBUG   938475520 bytes (938 MB) copied, 66.703557 s, 14.1 MB/s
2026-05-20 03:08:22,984 DEBUG   951058432 bytes (951 MB) copied, 67.771542 s, 14.0 MB/s
2026-05-20 03:08:22,984 DEBUG   964689920 bytes (965 MB) copied, 68.866582 s, 14.0 MB/s
2026-05-20 03:08:22,984 DEBUG   978321408 bytes (978 MB) copied, 69.875577 s, 14.0 MB/s
2026-05-20 03:08:22,984 DEBUG   991952896 bytes (992 MB) copied, 70.904556 s, 14.0 MB/s
2026-05-20 03:08:22,984 DEBUG   1004535808 bytes (1.0 GB) copied, 71.914535 s, 14.0 MB/s
2026-05-20 03:08:22,984 DEBUG   1021313024 bytes (1.0 GB) copied, 72.923592 s, 14.0 MB/s
2026-05-20 03:08:22,984 DEBUG   1038090240 bytes (1.0 GB) copied, 74.090545 s, 14.0 MB/s
2026-05-20 03:08:22,984 DEBUG   1053818880 bytes (1.1 GB) copied, 75.114539 s, 14.0 MB/s
2026-05-20 03:08:22,984 DEBUG   1065353216 bytes (1.1 GB) copied, 76.136130 s, 14.0 MB/s
2026-05-20 03:08:22,984 DEBUG   1024+0 records in
2026-05-20 03:08:22,984 DEBUG   1024+0 records out
2026-05-20 03:08:22,984 DEBUG   1073741824 bytes (1.1 GB) copied, 76.7063 s, 14.0 MB/s
2026-05-20 03:08:22,984 DEBUG   OK (disk op exit 0)
2026-05-20 03:08:22,984 WARNING Guest disk op wall 78.3s (vm='ahv_ins_delete-0-260514-175857' ip=10.114.49.135 op=create ec=0) — includes SSH + guest disk command; if still high, check guest disk throughput vs. MiB settings.
2026-05-20 03:08:22,985 DEBUG [36/1170] VM edf648da… (ahv_ins_delete-0-260514-181914) via 10.114.53.51 op=create
2026-05-20 03:08:22,985 DEBUG   remote: bash -lc 'set -e; _bs(){ printf '"'"'BULK_SNAP_T %s %s\n'"'"' "$1" "$(date +%s.%N 2>/dev/null || date +%s)"; }; _bs guest_start; _bs pipeline_start; openssl enc -aes-256-ctr -pass pass:"testing" -nosalt < /dev/zero 2>/dev/null | dd of=/root/dummy_snapshot_data_1.img bs=1M count=1024 iflag=fullblock status=progress; ec=$?; _bs pipeline_done; _bs guest_end; exit $ec'
2026-05-20 03:08:23,983 DEBUG   BULK_SNAP_T guest_start 1779214022.010199992
2026-05-20 03:08:23,983 DEBUG   BULK_SNAP_T pipeline_start 1779214022.012405555
2026-05-20 03:08:23,983 DEBUG   BULK_SNAP_T pipeline_done 1779214100.142210480
2026-05-20 03:08:23,983 DEBUG   BULK_SNAP_T guest_end 1779214100.150543699
2026-05-20 03:08:23,983 DEBUG   
2026-05-20 03:08:23,983 DEBUG   15728640 bytes (16 MB) copied, 1.016866 s, 15.5 MB/s
2026-05-20 03:08:23,983 DEBUG   27262976 bytes (27 MB) copied, 2.114878 s, 12.9 MB/s
2026-05-20 03:08:23,983 DEBUG   41943040 bytes (42 MB) copied, 3.212888 s, 13.1 MB/s
2026-05-20 03:08:23,983 DEBUG   57671680 bytes (58 MB) copied, 4.395007 s, 13.1 MB/s
2026-05-20 03:08:23,983 DEBUG   70254592 bytes (70 MB) copied, 5.504865 s, 12.8 MB/s
2026-05-20 03:08:23,983 DEBUG   81788928 bytes (82 MB) copied, 6.542877 s, 12.5 MB/s
2026-05-20 03:08:23,983 DEBUG   109051904 bytes (109 MB) copied, 7.572816 s, 14.4 MB/s
2026-05-20 03:08:23,983 DEBUG   120586240 bytes (121 MB) copied, 8.610910 s, 14.0 MB/s
2026-05-20 03:08:23,983 DEBUG   128974848 bytes (129 MB) copied, 9.649862 s, 13.4 MB/s
2026-05-20 03:08:23,983 DEBUG   140509184 bytes (141 MB) copied, 10.745234 s, 13.1 MB/s
2026-05-20 03:08:23,983 DEBUG   152043520 bytes (152 MB) copied, 11.802870 s, 12.9 MB/s
2026-05-20 03:08:23,983 DEBUG   161480704 bytes (161 MB) copied, 12.864881 s, 12.6 MB/s
2026-05-20 03:08:23,983 DEBUG   178257920 bytes (178 MB) copied, 13.881867 s, 12.8 MB/s
2026-05-20 03:08:23,983 DEBUG   190840832 bytes (191 MB) copied, 15.019844 s, 12.7 MB/s
2026-05-20 03:08:23,984 DEBUG   209715200 bytes (210 MB) copied, 16.053843 s, 13.1 MB/s
2026-05-20 03:08:23,984 DEBUG   224395264 bytes (224 MB) copied, 17.235828 s, 13.0 MB/s
2026-05-20 03:08:23,984 DEBUG   242221056 bytes (242 MB) copied, 18.293845 s, 13.2 MB/s
2026-05-20 03:08:23,984 DEBUG   252706816 bytes (253 MB) copied, 19.337995 s, 13.1 MB/s
2026-05-20 03:08:23,984 DEBUG   266338304 bytes (266 MB) copied, 20.420862 s, 13.0 MB/s
2026-05-20 03:08:23,984 DEBUG   279969792 bytes (280 MB) copied, 21.437898 s, 13.1 MB/s
2026-05-20 03:08:23,984 DEBUG   295698432 bytes (296 MB) copied, 22.507878 s, 13.1 MB/s
2026-05-20 03:08:23,984 DEBUG   307232768 bytes (307 MB) copied, 23.578879 s, 13.0 MB/s
2026-05-20 03:08:23,984 DEBUG   320864256 bytes (321 MB) copied, 24.591851 s, 13.0 MB/s
2026-05-20 03:08:23,984 DEBUG   332398592 bytes (332 MB) copied, 25.655862 s, 13.0 MB/s
2026-05-20 03:08:23,984 DEBUG   344981504 bytes (345 MB) copied, 26.665957 s, 12.9 MB/s
2026-05-20 03:08:23,984 DEBUG   357564416 bytes (358 MB) copied, 27.791902 s, 12.9 MB/s
2026-05-20 03:08:23,984 DEBUG   372244480 bytes (372 MB) copied, 28.822849 s, 12.9 MB/s
2026-05-20 03:08:23,984 DEBUG   386924544 bytes (387 MB) copied, 29.895883 s, 12.9 MB/s
2026-05-20 03:08:23,984 DEBUG   398458880 bytes (398 MB) copied, 30.954876 s, 12.9 MB/s
2026-05-20 03:08:23,984 DEBUG   408944640 bytes (409 MB) copied, 31.995889 s, 12.8 MB/s
2026-05-20 03:08:23,984 DEBUG   427819008 bytes (428 MB) copied, 33.051866 s, 12.9 MB/s
2026-05-20 03:08:23,984 DEBUG   443547648 bytes (444 MB) copied, 34.196909 s, 13.0 MB/s
2026-05-20 03:08:23,984 DEBUG   458227712 bytes (458 MB) copied, 35.217095 s, 13.0 MB/s
2026-05-20 03:08:23,984 DEBUG   478150656 bytes (478 MB) copied, 36.237957 s, 13.2 MB/s
2026-05-20 03:08:23,984 DEBUG   495976448 bytes (496 MB) copied, 37.302889 s, 13.3 MB/s
2026-05-20 03:08:23,984 DEBUG   508559360 bytes (509 MB) copied, 38.354112 s, 13.3 MB/s
2026-05-20 03:08:23,984 DEBUG   524288000 bytes (524 MB) copied, 39.363895 s, 13.3 MB/s
2026-05-20 03:08:23,984 DEBUG   541065216 bytes (541 MB) copied, 40.462893 s, 13.4 MB/s
2026-05-20 03:08:23,984 DEBUG   551550976 bytes (552 MB) copied, 41.494981 s, 13.3 MB/s
2026-05-20 03:08:23,984 DEBUG   577765376 bytes (578 MB) copied, 42.602865 s, 13.6 MB/s
2026-05-20 03:08:23,984 DEBUG   591396864 bytes (591 MB) copied, 43.747847 s, 13.5 MB/s
2026-05-20 03:08:23,984 DEBUG   606076928 bytes (606 MB) copied, 44.769181 s, 13.5 MB/s
2026-05-20 03:08:23,984 DEBUG   620756992 bytes (621 MB) copied, 45.773163 s, 13.6 MB/s
2026-05-20 03:08:23,984 DEBUG   638582784 bytes (639 MB) copied, 46.831837 s, 13.6 MB/s
2026-05-20 03:08:23,984 DEBUG   654311424 bytes (654 MB) copied, 47.913887 s, 13.7 MB/s
2026-05-20 03:08:23,984 DEBUG   673185792 bytes (673 MB) copied, 49.031870 s, 13.7 MB/s
2026-05-20 03:08:23,984 DEBUG   688914432 bytes (689 MB) copied, 50.138933 s, 13.7 MB/s
2026-05-20 03:08:23,984 DEBUG   702545920 bytes (703 MB) copied, 51.151862 s, 13.7 MB/s
2026-05-20 03:08:23,984 DEBUG   714080256 bytes (714 MB) copied, 52.172858 s, 13.7 MB/s
2026-05-20 03:08:23,984 DEBUG   730857472 bytes (731 MB) copied, 53.275908 s, 13.7 MB/s
2026-05-20 03:08:23,984 DEBUG   742391808 bytes (742 MB) copied, 54.329905 s, 13.7 MB/s
2026-05-20 03:08:23,984 DEBUG   754974720 bytes (755 MB) copied, 55.367824 s, 13.6 MB/s
2026-05-20 03:08:23,984 DEBUG   770703360 bytes (771 MB) copied, 56.511166 s, 13.6 MB/s
2026-05-20 03:08:23,984 DEBUG   786432000 bytes (786 MB) copied, 57.532895 s, 13.7 MB/s
2026-05-20 03:08:23,984 DEBUG   796917760 bytes (797 MB) copied, 58.680984 s, 13.6 MB/s
2026-05-20 03:08:23,984 DEBUG   807403520 bytes (807 MB) copied, 59.758040 s, 13.5 MB/s
2026-05-20 03:08:23,984 DEBUG   818937856 bytes (819 MB) copied, 60.960973 s, 13.4 MB/s
2026-05-20 03:08:23,984 DEBUG   831520768 bytes (832 MB) copied, 61.997861 s, 13.4 MB/s
2026-05-20 03:08:23,984 DEBUG   845152256 bytes (845 MB) copied, 63.024933 s, 13.4 MB/s
2026-05-20 03:08:23,984 DEBUG   857735168 bytes (858 MB) copied, 64.167945 s, 13.4 MB/s
2026-05-20 03:08:23,984 DEBUG   870318080 bytes (870 MB) copied, 65.179837 s, 13.4 MB/s
2026-05-20 03:08:23,984 DEBUG   895483904 bytes (895 MB) copied, 66.214857 s, 13.5 MB/s
2026-05-20 03:08:23,984 DEBUG   912261120 bytes (912 MB) copied, 67.387852 s, 13.5 MB/s
2026-05-20 03:08:23,984 DEBUG   930086912 bytes (930 MB) copied, 68.471052 s, 13.6 MB/s
2026-05-20 03:08:23,984 DEBUG   943718400 bytes (944 MB) copied, 69.472874 s, 13.6 MB/s
2026-05-20 03:08:23,984 DEBUG   957349888 bytes (957 MB) copied, 70.533836 s, 13.6 MB/s
2026-05-20 03:08:23,984 DEBUG   973078528 bytes (973 MB) copied, 71.561919 s, 13.6 MB/s
2026-05-20 03:08:23,985 DEBUG   996147200 bytes (996 MB) copied, 72.585136 s, 13.7 MB/s
2026-05-20 03:08:23,985 DEBUG   1009778688 bytes (1.0 GB) copied, 73.617900 s, 13.7 MB/s
2026-05-20 03:08:23,985 DEBUG   1026555904 bytes (1.0 GB) copied, 74.693864 s, 13.7 MB/s
2026-05-20 03:08:23,985 DEBUG   1041235968 bytes (1.0 GB) copied, 75.706311 s, 13.8 MB/s
2026-05-20 03:08:23,985 DEBUG   1053818880 bytes (1.1 GB) copied, 76.742870 s, 13.7 MB/s
2026-05-20 03:08:23,985 DEBUG   1070596096 bytes (1.1 GB) copied, 77.753258 s, 13.8 MB/s
2026-05-20 03:08:23,985 DEBUG   1024+0 records in
2026-05-20 03:08:23,985 DEBUG   1024+0 records out
2026-05-20 03:08:23,985 DEBUG   1073741824 bytes (1.1 GB) copied, 77.9333 s, 13.8 MB/s
2026-05-20 03:08:23,985 DEBUG   OK (disk op exit 0)
2026-05-20 03:08:23,985 WARNING Guest disk op wall 79.3s (vm='ahv_ins_delete-0-260514-180859' ip=10.114.51.148 op=create ec=0) — includes SSH + guest disk command; if still high, check guest disk throughput vs. MiB settings.
2026-05-20 03:08:23,985 DEBUG [37/1170] VM 8b374740… (ahv_ins_delete-0-260514-181933) via 10.114.51.10 op=create
2026-05-20 03:08:23,985 DEBUG   remote: bash -lc 'set -e; _bs(){ printf '"'"'BULK_SNAP_T %s %s\n'"'"' "$1" "$(date +%s.%N 2>/dev/null || date +%s)"; }; _bs guest_start; _bs pipeline_start; openssl enc -aes-256-ctr -pass pass:"testing" -nosalt < /dev/zero 2>/dev/null | dd of=/root/dummy_snapshot_data_1.img bs=1M count=1024 iflag=fullblock status=progress; ec=$?; _bs pipeline_done; _bs guest_end; exit $ec'
2026-05-20 03:08:24,421 DEBUG   BULK_SNAP_T guest_start 1779214021.691956706
2026-05-20 03:08:24,422 DEBUG   BULK_SNAP_T pipeline_start 1779214021.694940649
2026-05-20 03:08:24,422 DEBUG   BULK_SNAP_T pipeline_done 1779214100.424788460
2026-05-20 03:08:24,422 DEBUG   BULK_SNAP_T guest_end 1779214100.426508152
2026-05-20 03:08:24,422 DEBUG   
2026-05-20 03:08:24,422 DEBUG   17825792 bytes (18 MB) copied, 1.000727 s, 17.8 MB/s
2026-05-20 03:08:24,422 DEBUG   30408704 bytes (30 MB) copied, 2.084390 s, 14.6 MB/s
2026-05-20 03:08:24,422 DEBUG   40894464 bytes (41 MB) copied, 3.116361 s, 13.1 MB/s
2026-05-20 03:08:24,422 DEBUG   52428800 bytes (52 MB) copied, 4.117325 s, 12.7 MB/s
2026-05-20 03:08:24,422 DEBUG   61865984 bytes (62 MB) copied, 5.192273 s, 11.9 MB/s
2026-05-20 03:08:24,422 DEBUG   78643200 bytes (79 MB) copied, 6.242490 s, 12.6 MB/s
2026-05-20 03:08:24,422 DEBUG   92274688 bytes (92 MB) copied, 7.256348 s, 12.7 MB/s
2026-05-20 03:08:24,422 DEBUG   101711872 bytes (102 MB) copied, 8.519262 s, 11.9 MB/s
2026-05-20 03:08:24,422 DEBUG   116391936 bytes (116 MB) copied, 9.545302 s, 12.2 MB/s
2026-05-20 03:08:24,422 DEBUG   133169152 bytes (133 MB) copied, 10.639312 s, 12.5 MB/s
2026-05-20 03:08:24,422 DEBUG   146800640 bytes (147 MB) copied, 11.744374 s, 12.5 MB/s
2026-05-20 03:08:24,422 DEBUG   161480704 bytes (161 MB) copied, 12.823301 s, 12.6 MB/s
2026-05-20 03:08:24,422 DEBUG   175112192 bytes (175 MB) copied, 13.880500 s, 12.6 MB/s
2026-05-20 03:08:24,422 DEBUG   186646528 bytes (187 MB) copied, 14.923248 s, 12.5 MB/s
2026-05-20 03:08:24,422 DEBUG   200278016 bytes (200 MB) copied, 16.062428 s, 12.5 MB/s
2026-05-20 03:08:24,422 DEBUG   216006656 bytes (216 MB) copied, 17.085682 s, 12.6 MB/s
2026-05-20 03:08:24,422 DEBUG   229638144 bytes (230 MB) copied, 18.257279 s, 12.6 MB/s
2026-05-20 03:08:24,422 DEBUG   239075328 bytes (239 MB) copied, 19.261353 s, 12.4 MB/s
2026-05-20 03:08:24,422 DEBUG   252706816 bytes (253 MB) copied, 20.409589 s, 12.4 MB/s
2026-05-20 03:08:24,422 DEBUG   269484032 bytes (269 MB) copied, 21.422281 s, 12.6 MB/s
2026-05-20 03:08:24,422 DEBUG   279969792 bytes (280 MB) copied, 22.468645 s, 12.5 MB/s
2026-05-20 03:08:24,422 DEBUG   291504128 bytes (292 MB) copied, 23.500304 s, 12.4 MB/s
2026-05-20 03:08:24,422 DEBUG   301989888 bytes (302 MB) copied, 24.503636 s, 12.3 MB/s
2026-05-20 03:08:24,422 DEBUG   317718528 bytes (318 MB) copied, 25.527303 s, 12.4 MB/s
2026-05-20 03:08:24,422 DEBUG   330301440 bytes (330 MB) copied, 26.530502 s, 12.4 MB/s
2026-05-20 03:08:24,422 DEBUG   349175808 bytes (349 MB) copied, 27.531396 s, 12.7 MB/s
2026-05-20 03:08:24,422 DEBUG   362807296 bytes (363 MB) copied, 28.661265 s, 12.7 MB/s
2026-05-20 03:08:24,422 DEBUG   377487360 bytes (377 MB) copied, 29.691368 s, 12.7 MB/s
2026-05-20 03:08:24,422 DEBUG   400556032 bytes (401 MB) copied, 30.736555 s, 13.0 MB/s
2026-05-20 03:08:24,422 DEBUG   416284672 bytes (416 MB) copied, 31.757235 s, 13.1 MB/s
2026-05-20 03:08:24,422 DEBUG   429916160 bytes (430 MB) copied, 32.757270 s, 13.1 MB/s
2026-05-20 03:08:24,422 DEBUG   440401920 bytes (440 MB) copied, 33.779315 s, 13.0 MB/s
2026-05-20 03:08:24,422 DEBUG   455081984 bytes (455 MB) copied, 34.894519 s, 13.0 MB/s
2026-05-20 03:08:24,422 DEBUG   469762048 bytes (470 MB) copied, 35.986293 s, 13.1 MB/s
2026-05-20 03:08:24,422 DEBUG   481296384 bytes (481 MB) copied, 37.024690 s, 13.0 MB/s
2026-05-20 03:08:24,422 DEBUG   493879296 bytes (494 MB) copied, 38.081261 s, 13.0 MB/s
2026-05-20 03:08:24,422 DEBUG   510656512 bytes (511 MB) copied, 39.204313 s, 13.0 MB/s
2026-05-20 03:08:24,422 DEBUG   525336576 bytes (525 MB) copied, 40.211424 s, 13.1 MB/s
2026-05-20 03:08:24,422 DEBUG   537919488 bytes (538 MB) copied, 41.219324 s, 13.1 MB/s
2026-05-20 03:08:24,422 DEBUG   548405248 bytes (548 MB) copied, 42.223419 s, 13.0 MB/s
2026-05-20 03:08:24,422 DEBUG   563085312 bytes (563 MB) copied, 43.290603 s, 13.0 MB/s
2026-05-20 03:08:24,422 DEBUG   576716800 bytes (577 MB) copied, 44.419364 s, 13.0 MB/s
2026-05-20 03:08:24,422 DEBUG   592445440 bytes (592 MB) copied, 45.448250 s, 13.0 MB/s
2026-05-20 03:08:24,423 DEBUG   607125504 bytes (607 MB) copied, 46.529265 s, 13.0 MB/s
2026-05-20 03:08:24,423 DEBUG   617611264 bytes (618 MB) copied, 47.559290 s, 13.0 MB/s
2026-05-20 03:08:24,423 DEBUG   632291328 bytes (632 MB) copied, 48.705295 s, 13.0 MB/s
2026-05-20 03:08:24,423 DEBUG   650117120 bytes (650 MB) copied, 49.710607 s, 13.1 MB/s
2026-05-20 03:08:24,423 DEBUG   666894336 bytes (667 MB) copied, 50.755541 s, 13.1 MB/s
2026-05-20 03:08:24,423 DEBUG   687865856 bytes (688 MB) copied, 51.824298 s, 13.3 MB/s
2026-05-20 03:08:24,423 DEBUG   702545920 bytes (703 MB) copied, 52.827299 s, 13.3 MB/s
2026-05-20 03:08:24,423 DEBUG   718274560 bytes (718 MB) copied, 53.874265 s, 13.3 MB/s
2026-05-20 03:08:24,423 DEBUG   735051776 bytes (735 MB) copied, 54.893264 s, 13.4 MB/s
2026-05-20 03:08:24,423 DEBUG   748683264 bytes (749 MB) copied, 55.946244 s, 13.4 MB/s
2026-05-20 03:08:24,423 DEBUG   762314752 bytes (762 MB) copied, 56.952632 s, 13.4 MB/s
2026-05-20 03:08:24,423 DEBUG   774897664 bytes (775 MB) copied, 58.039262 s, 13.4 MB/s
2026-05-20 03:08:24,423 DEBUG   787480576 bytes (787 MB) copied, 59.123275 s, 13.3 MB/s
2026-05-20 03:08:24,423 DEBUG   799014912 bytes (799 MB) copied, 60.129612 s, 13.3 MB/s
2026-05-20 03:08:24,423 DEBUG   815792128 bytes (816 MB) copied, 61.269466 s, 13.3 MB/s
2026-05-20 03:08:24,423 DEBUG   832569344 bytes (833 MB) copied, 62.290564 s, 13.4 MB/s
2026-05-20 03:08:24,423 DEBUG   847249408 bytes (847 MB) copied, 63.306244 s, 13.4 MB/s
2026-05-20 03:08:24,423 DEBUG   862978048 bytes (863 MB) copied, 64.307261 s, 13.4 MB/s
2026-05-20 03:08:24,423 DEBUG   877658112 bytes (878 MB) copied, 65.334319 s, 13.4 MB/s
2026-05-20 03:08:24,423 DEBUG   888143872 bytes (888 MB) copied, 66.334334 s, 13.4 MB/s
2026-05-20 03:08:24,423 DEBUG   903872512 bytes (904 MB) copied, 67.380277 s, 13.4 MB/s
2026-05-20 03:08:24,423 DEBUG   916455424 bytes (916 MB) copied, 68.393261 s, 13.4 MB/s
2026-05-20 03:08:24,423 DEBUG   930086912 bytes (930 MB) copied, 69.419273 s, 13.4 MB/s
2026-05-20 03:08:24,423 DEBUG   944766976 bytes (945 MB) copied, 70.466280 s, 13.4 MB/s
2026-05-20 03:08:24,423 DEBUG   960495616 bytes (960 MB) copied, 71.517349 s, 13.4 MB/s
2026-05-20 03:08:24,423 DEBUG   989855744 bytes (990 MB) copied, 72.594713 s, 13.6 MB/s
2026-05-20 03:08:24,423 DEBUG   1004535808 bytes (1.0 GB) copied, 73.638316 s, 13.6 MB/s
2026-05-20 03:08:24,423 DEBUG   1017118720 bytes (1.0 GB) copied, 74.638354 s, 13.6 MB/s
2026-05-20 03:08:24,423 DEBUG   1032847360 bytes (1.0 GB) copied, 75.678418 s, 13.6 MB/s
2026-05-20 03:08:24,423 DEBUG   1045430272 bytes (1.0 GB) copied, 76.705671 s, 13.6 MB/s
2026-05-20 03:08:24,423 DEBUG   1059061760 bytes (1.1 GB) copied, 77.708358 s, 13.6 MB/s
2026-05-20 03:08:24,423 DEBUG   1024+0 records in
2026-05-20 03:08:24,423 DEBUG   1024+0 records out
2026-05-20 03:08:24,423 DEBUG   1073741824 bytes (1.1 GB) copied, 78.5904 s, 13.7 MB/s
2026-05-20 03:08:24,423 DEBUG   OK (disk op exit 0)
2026-05-20 03:08:24,423 WARNING Guest disk op wall 79.8s (vm='ahv_ins_delete-0-260514-082142' ip=10.114.51.26 op=create ec=0) — includes SSH + guest disk command; if still high, check guest disk throughput vs. MiB settings.
2026-05-20 03:08:24,424 DEBUG [38/1170] VM 6f54dc63… (ahv_ins_delete-0-260514-181944) via 10.114.53.247 op=create
2026-05-20 03:08:24,424 DEBUG   remote: bash -lc 'set -e; _bs(){ printf '"'"'BULK_SNAP_T %s %s\n'"'"' "$1" "$(date +%s.%N 2>/dev/null || date +%s)"; }; _bs guest_start; _bs pipeline_start; openssl enc -aes-256-ctr -pass pass:"testing" -nosalt < /dev/zero 2>/dev/null | dd of=/root/dummy_snapshot_data_1.img bs=1M count=1024 iflag=fullblock status=progress; ec=$?; _bs pipeline_done; _bs guest_end; exit $ec'
2026-05-20 03:08:24,477 DEBUG   BULK_SNAP_T guest_start 1779214023.114897879
2026-05-20 03:08:24,477 DEBUG   BULK_SNAP_T pipeline_start 1779214023.130771143
2026-05-20 03:08:24,477 DEBUG   BULK_SNAP_T pipeline_done 1779214101.373314953
2026-05-20 03:08:24,477 DEBUG   BULK_SNAP_T guest_end 1779214101.387782455
2026-05-20 03:08:24,477 DEBUG   
2026-05-20 03:08:24,477 DEBUG   14680064 bytes (15 MB) copied, 1.013621 s, 14.5 MB/s
2026-05-20 03:08:24,477 DEBUG   29360128 bytes (29 MB) copied, 2.047665 s, 14.3 MB/s
2026-05-20 03:08:24,477 DEBUG   45088768 bytes (45 MB) copied, 3.099636 s, 14.5 MB/s
2026-05-20 03:08:24,477 DEBUG   56623104 bytes (57 MB) copied, 4.160684 s, 13.6 MB/s
2026-05-20 03:08:24,477 DEBUG   71303168 bytes (71 MB) copied, 5.181949 s, 13.8 MB/s
2026-05-20 03:08:24,477 DEBUG   88080384 bytes (88 MB) copied, 6.242651 s, 14.1 MB/s
2026-05-20 03:08:24,477 DEBUG   97517568 bytes (98 MB) copied, 7.268639 s, 13.4 MB/s
2026-05-20 03:08:24,477 DEBUG   113246208 bytes (113 MB) copied, 8.444656 s, 13.4 MB/s
2026-05-20 03:08:24,477 DEBUG   130023424 bytes (130 MB) copied, 9.525667 s, 13.6 MB/s
2026-05-20 03:08:24,477 DEBUG   139460608 bytes (139 MB) copied, 10.553634 s, 13.2 MB/s
2026-05-20 03:08:24,477 DEBUG   150994944 bytes (151 MB) copied, 11.591642 s, 13.0 MB/s
2026-05-20 03:08:24,477 DEBUG   169869312 bytes (170 MB) copied, 12.605018 s, 13.5 MB/s
2026-05-20 03:08:24,477 DEBUG   186646528 bytes (187 MB) copied, 13.716641 s, 13.6 MB/s
2026-05-20 03:08:24,477 DEBUG   202375168 bytes (202 MB) copied, 14.748660 s, 13.7 MB/s
2026-05-20 03:08:24,477 DEBUG   216006656 bytes (216 MB) copied, 15.849680 s, 13.6 MB/s
2026-05-20 03:08:24,477 DEBUG   231735296 bytes (232 MB) copied, 16.943667 s, 13.7 MB/s
2026-05-20 03:08:24,477 DEBUG   253755392 bytes (254 MB) copied, 18.029639 s, 14.1 MB/s
2026-05-20 03:08:24,477 DEBUG   269484032 bytes (269 MB) copied, 19.220722 s, 14.0 MB/s
2026-05-20 03:08:24,477 DEBUG   289406976 bytes (289 MB) copied, 20.232672 s, 14.3 MB/s
2026-05-20 03:08:24,477 DEBUG   304087040 bytes (304 MB) copied, 21.262649 s, 14.3 MB/s
2026-05-20 03:08:24,477 DEBUG   317718528 bytes (318 MB) copied, 22.317728 s, 14.2 MB/s
2026-05-20 03:08:24,477 DEBUG   334495744 bytes (334 MB) copied, 23.377047 s, 14.3 MB/s
2026-05-20 03:08:24,477 DEBUG   352321536 bytes (352 MB) copied, 24.465825 s, 14.4 MB/s
2026-05-20 03:08:24,477 DEBUG   363855872 bytes (364 MB) copied, 25.533753 s, 14.2 MB/s
2026-05-20 03:08:24,477 DEBUG   375390208 bytes (375 MB) copied, 26.587858 s, 14.1 MB/s
2026-05-20 03:08:24,477 DEBUG   391118848 bytes (391 MB) copied, 27.663690 s, 14.1 MB/s
2026-05-20 03:08:24,477 DEBUG   407896064 bytes (408 MB) copied, 28.789770 s, 14.2 MB/s
2026-05-20 03:08:24,477 DEBUG   421527552 bytes (422 MB) copied, 29.876667 s, 14.1 MB/s
2026-05-20 03:08:24,478 DEBUG   439353344 bytes (439 MB) copied, 30.971703 s, 14.2 MB/s
2026-05-20 03:08:24,478 DEBUG   451936256 bytes (452 MB) copied, 32.013632 s, 14.1 MB/s
2026-05-20 03:08:24,478 DEBUG   465567744 bytes (466 MB) copied, 33.060608 s, 14.1 MB/s
2026-05-20 03:08:24,478 DEBUG   481296384 bytes (481 MB) copied, 34.131611 s, 14.1 MB/s
2026-05-20 03:08:24,478 DEBUG   495976448 bytes (496 MB) copied, 35.229681 s, 14.1 MB/s
2026-05-20 03:08:24,478 DEBUG   507510784 bytes (508 MB) copied, 36.229699 s, 14.0 MB/s
2026-05-20 03:08:24,478 DEBUG   526385152 bytes (526 MB) copied, 37.243782 s, 14.1 MB/s
2026-05-20 03:08:24,478 DEBUG   541065216 bytes (541 MB) copied, 38.247612 s, 14.1 MB/s
2026-05-20 03:08:24,478 DEBUG   555745280 bytes (556 MB) copied, 39.302609 s, 14.1 MB/s
2026-05-20 03:08:24,478 DEBUG   566231040 bytes (566 MB) copied, 40.368741 s, 14.0 MB/s
2026-05-20 03:08:24,478 DEBUG   584056832 bytes (584 MB) copied, 41.382621 s, 14.1 MB/s
2026-05-20 03:08:24,478 DEBUG   600834048 bytes (601 MB) copied, 42.497667 s, 14.1 MB/s
2026-05-20 03:08:24,478 DEBUG   621805568 bytes (622 MB) copied, 43.576657 s, 14.3 MB/s
2026-05-20 03:08:24,478 DEBUG   636485632 bytes (636 MB) copied, 44.659784 s, 14.3 MB/s
2026-05-20 03:08:24,478 DEBUG   650117120 bytes (650 MB) copied, 45.695677 s, 14.2 MB/s
2026-05-20 03:08:24,478 DEBUG   667942912 bytes (668 MB) copied, 46.799644 s, 14.3 MB/s
2026-05-20 03:08:24,478 DEBUG   679477248 bytes (679 MB) copied, 47.816651 s, 14.2 MB/s
2026-05-20 03:08:24,478 DEBUG   697303040 bytes (697 MB) copied, 48.900677 s, 14.3 MB/s
2026-05-20 03:08:24,478 DEBUG   718274560 bytes (718 MB) copied, 49.905697 s, 14.4 MB/s
2026-05-20 03:08:24,478 DEBUG   732954624 bytes (733 MB) copied, 50.977639 s, 14.4 MB/s
2026-05-20 03:08:24,478 DEBUG   743440384 bytes (743 MB) copied, 51.983631 s, 14.3 MB/s
2026-05-20 03:08:24,478 DEBUG   753926144 bytes (754 MB) copied, 53.036795 s, 14.2 MB/s
2026-05-20 03:08:24,478 DEBUG   767557632 bytes (768 MB) copied, 54.104632 s, 14.2 MB/s
2026-05-20 03:08:24,478 DEBUG   781189120 bytes (781 MB) copied, 55.222653 s, 14.1 MB/s
2026-05-20 03:08:24,478 DEBUG   792723456 bytes (793 MB) copied, 56.272826 s, 14.1 MB/s
2026-05-20 03:08:24,478 DEBUG   807403520 bytes (807 MB) copied, 57.297025 s, 14.1 MB/s
2026-05-20 03:08:24,478 DEBUG   818937856 bytes (819 MB) copied, 58.299680 s, 14.0 MB/s
2026-05-20 03:08:24,478 DEBUG   828375040 bytes (828 MB) copied, 59.319895 s, 14.0 MB/s
2026-05-20 03:08:24,478 DEBUG   844103680 bytes (844 MB) copied, 60.449637 s, 14.0 MB/s
2026-05-20 03:08:24,478 DEBUG   861929472 bytes (862 MB) copied, 61.552748 s, 14.0 MB/s
2026-05-20 03:08:24,478 DEBUG   875560960 bytes (876 MB) copied, 62.553600 s, 14.0 MB/s
2026-05-20 03:08:24,478 DEBUG   891289600 bytes (891 MB) copied, 63.608842 s, 14.0 MB/s
2026-05-20 03:08:24,478 DEBUG   903872512 bytes (904 MB) copied, 64.720669 s, 14.0 MB/s
2026-05-20 03:08:24,478 DEBUG   917504000 bytes (918 MB) copied, 65.746661 s, 14.0 MB/s
2026-05-20 03:08:24,478 DEBUG   930086912 bytes (930 MB) copied, 66.754639 s, 13.9 MB/s
2026-05-20 03:08:24,478 DEBUG   942669824 bytes (943 MB) copied, 67.808753 s, 13.9 MB/s
2026-05-20 03:08:24,478 DEBUG   955252736 bytes (955 MB) copied, 68.834129 s, 13.9 MB/s
2026-05-20 03:08:24,478 DEBUG   967835648 bytes (968 MB) copied, 69.868641 s, 13.9 MB/s
2026-05-20 03:08:24,478 DEBUG   978321408 bytes (978 MB) copied, 70.979716 s, 13.8 MB/s
2026-05-20 03:08:24,478 DEBUG   991952896 bytes (992 MB) copied, 72.066638 s, 13.8 MB/s
2026-05-20 03:08:24,478 DEBUG   1007681536 bytes (1.0 GB) copied, 73.162659 s, 13.8 MB/s
2026-05-20 03:08:24,478 DEBUG   1019215872 bytes (1.0 GB) copied, 74.193860 s, 13.7 MB/s
2026-05-20 03:08:24,478 DEBUG   1033895936 bytes (1.0 GB) copied, 75.313865 s, 13.7 MB/s
2026-05-20 03:08:24,478 DEBUG   1048576000 bytes (1.0 GB) copied, 76.427722 s, 13.7 MB/s
2026-05-20 03:08:24,478 DEBUG   1065353216 bytes (1.1 GB) copied, 77.508626 s, 13.7 MB/s
2026-05-20 03:08:24,478 DEBUG   1024+0 records in
2026-05-20 03:08:24,478 DEBUG   1024+0 records out
2026-05-20 03:08:24,478 DEBUG   1073741824 bytes (1.1 GB) copied, 78.0597 s, 13.8 MB/s
2026-05-20 03:08:24,478 DEBUG   OK (disk op exit 0)
2026-05-20 03:08:24,479 WARNING Guest disk op wall 79.8s (vm='ahv_ins_delete-0-260514-175854' ip=10.114.53.252 op=create ec=0) — includes SSH + guest disk command; if still high, check guest disk throughput vs. MiB settings.
2026-05-20 03:08:24,479 DEBUG [39/1170] VM a9889d8c… (ahv_ins_delete-0-260514-181959) via 10.114.48.122 op=create
2026-05-20 03:08:24,479 DEBUG   remote: bash -lc 'set -e; _bs(){ printf '"'"'BULK_SNAP_T %s %s\n'"'"' "$1" "$(date +%s.%N 2>/dev/null || date +%s)"; }; _bs guest_start; _bs pipeline_start; openssl enc -aes-256-ctr -pass pass:"testing" -nosalt < /dev/zero 2>/dev/null | dd of=/root/dummy_snapshot_data_1.img bs=1M count=1024 iflag=fullblock status=progress; ec=$?; _bs pipeline_done; _bs guest_end; exit $ec'
2026-05-20 03:08:24,482 DEBUG   BULK_SNAP_T guest_start 1779214022.673581820
2026-05-20 03:08:24,482 DEBUG   BULK_SNAP_T pipeline_start 1779214022.675971053
2026-05-20 03:08:24,482 DEBUG   BULK_SNAP_T pipeline_done 1779214100.970045401
2026-05-20 03:08:24,482 DEBUG   BULK_SNAP_T guest_end 1779214100.974751857
2026-05-20 03:08:24,482 DEBUG   
2026-05-20 03:08:24,482 DEBUG   13631488 bytes (14 MB) copied, 1.027896 s, 13.3 MB/s
2026-05-20 03:08:24,482 DEBUG   24117248 bytes (24 MB) copied, 2.073898 s, 11.6 MB/s
2026-05-20 03:08:24,482 DEBUG   35651584 bytes (36 MB) copied, 3.101987 s, 11.5 MB/s
2026-05-20 03:08:24,482 DEBUG   50331648 bytes (50 MB) copied, 4.252928 s, 11.8 MB/s
2026-05-20 03:08:24,482 DEBUG   61865984 bytes (62 MB) copied, 5.275967 s, 11.7 MB/s
2026-05-20 03:08:24,482 DEBUG   80740352 bytes (81 MB) copied, 6.321979 s, 12.8 MB/s
2026-05-20 03:08:24,482 DEBUG   93323264 bytes (93 MB) copied, 7.551900 s, 12.4 MB/s
2026-05-20 03:08:24,482 DEBUG   113246208 bytes (113 MB) copied, 8.555419 s, 13.2 MB/s
2026-05-20 03:08:24,482 DEBUG   135266304 bytes (135 MB) copied, 9.634925 s, 14.0 MB/s
2026-05-20 03:08:24,482 DEBUG   147849216 bytes (148 MB) copied, 10.709886 s, 13.8 MB/s
2026-05-20 03:08:24,482 DEBUG   162529280 bytes (163 MB) copied, 11.714874 s, 13.9 MB/s
2026-05-20 03:08:24,482 DEBUG   180355072 bytes (180 MB) copied, 12.803911 s, 14.1 MB/s
2026-05-20 03:08:24,482 DEBUG   193986560 bytes (194 MB) copied, 13.882845 s, 14.0 MB/s
2026-05-20 03:08:24,482 DEBUG   210763776 bytes (211 MB) copied, 14.916860 s, 14.1 MB/s
2026-05-20 03:08:24,483 DEBUG   226492416 bytes (226 MB) copied, 15.941890 s, 14.2 MB/s
2026-05-20 03:08:24,483 DEBUG   249561088 bytes (250 MB) copied, 17.031958 s, 14.7 MB/s
2026-05-20 03:08:24,483 DEBUG   260046848 bytes (260 MB) copied, 18.044959 s, 14.4 MB/s
2026-05-20 03:08:24,483 DEBUG   278921216 bytes (279 MB) copied, 19.231003 s, 14.5 MB/s
2026-05-20 03:08:24,483 DEBUG   299892736 bytes (300 MB) copied, 20.291876 s, 14.8 MB/s
2026-05-20 03:08:24,483 DEBUG   314572800 bytes (315 MB) copied, 21.329976 s, 14.7 MB/s
2026-05-20 03:08:24,483 DEBUG   336592896 bytes (337 MB) copied, 22.435964 s, 15.0 MB/s
2026-05-20 03:08:24,483 DEBUG   356515840 bytes (357 MB) copied, 23.558865 s, 15.1 MB/s
2026-05-20 03:08:24,483 DEBUG   368050176 bytes (368 MB) copied, 24.577629 s, 15.0 MB/s
2026-05-20 03:08:24,483 DEBUG   389021696 bytes (389 MB) copied, 25.675929 s, 15.2 MB/s
2026-05-20 03:08:24,483 DEBUG   403701760 bytes (404 MB) copied, 26.686423 s, 15.1 MB/s
2026-05-20 03:08:24,483 DEBUG   415236096 bytes (415 MB) copied, 27.709897 s, 15.0 MB/s
2026-05-20 03:08:24,483 DEBUG   428867584 bytes (429 MB) copied, 28.751350 s, 14.9 MB/s
2026-05-20 03:08:24,483 DEBUG   439353344 bytes (439 MB) copied, 29.805044 s, 14.7 MB/s
2026-05-20 03:08:24,483 DEBUG   452984832 bytes (453 MB) copied, 30.881189 s, 14.7 MB/s
2026-05-20 03:08:24,483 DEBUG   466616320 bytes (467 MB) copied, 31.987904 s, 14.6 MB/s
2026-05-20 03:08:24,483 DEBUG   478150656 bytes (478 MB) copied, 33.045958 s, 14.5 MB/s
2026-05-20 03:08:24,483 DEBUG   492830720 bytes (493 MB) copied, 34.084900 s, 14.5 MB/s
2026-05-20 03:08:24,483 DEBUG   504365056 bytes (504 MB) copied, 35.162858 s, 14.3 MB/s
2026-05-20 03:08:24,483 DEBUG   516947968 bytes (517 MB) copied, 36.327950 s, 14.2 MB/s
2026-05-20 03:08:24,483 DEBUG   528482304 bytes (528 MB) copied, 37.355903 s, 14.1 MB/s
2026-05-20 03:08:24,483 DEBUG   542113792 bytes (542 MB) copied, 38.367916 s, 14.1 MB/s
2026-05-20 03:08:24,483 DEBUG   557842432 bytes (558 MB) copied, 39.498945 s, 14.1 MB/s
2026-05-20 03:08:24,483 DEBUG   570425344 bytes (570 MB) copied, 40.650134 s, 14.0 MB/s
2026-05-20 03:08:24,483 DEBUG   587202560 bytes (587 MB) copied, 41.812059 s, 14.0 MB/s
2026-05-20 03:08:24,483 DEBUG   602931200 bytes (603 MB) copied, 42.838843 s, 14.1 MB/s
2026-05-20 03:08:24,483 DEBUG   616562688 bytes (617 MB) copied, 43.941879 s, 14.0 MB/s
2026-05-20 03:08:24,483 DEBUG   631242752 bytes (631 MB) copied, 45.040318 s, 14.0 MB/s
2026-05-20 03:08:24,483 DEBUG   642777088 bytes (643 MB) copied, 46.090871 s, 13.9 MB/s
2026-05-20 03:08:24,483 DEBUG   657457152 bytes (657 MB) copied, 47.116909 s, 14.0 MB/s
2026-05-20 03:08:24,483 DEBUG   668991488 bytes (669 MB) copied, 48.190922 s, 13.9 MB/s
2026-05-20 03:08:24,483 DEBUG   685768704 bytes (686 MB) copied, 49.274036 s, 13.9 MB/s
2026-05-20 03:08:24,483 DEBUG   697303040 bytes (697 MB) copied, 50.389898 s, 13.8 MB/s
2026-05-20 03:08:24,483 DEBUG   707788800 bytes (708 MB) copied, 51.415906 s, 13.8 MB/s
2026-05-20 03:08:24,483 DEBUG   724566016 bytes (725 MB) copied, 52.428224 s, 13.8 MB/s
2026-05-20 03:08:24,483 DEBUG   739246080 bytes (739 MB) copied, 53.439947 s, 13.8 MB/s
2026-05-20 03:08:24,483 DEBUG   757071872 bytes (757 MB) copied, 54.480350 s, 13.9 MB/s
2026-05-20 03:08:24,483 DEBUG   785383424 bytes (785 MB) copied, 55.483928 s, 14.2 MB/s
2026-05-20 03:08:24,483 DEBUG   794820608 bytes (795 MB) copied, 56.517895 s, 14.1 MB/s
2026-05-20 03:08:24,483 DEBUG   812646400 bytes (813 MB) copied, 57.538915 s, 14.1 MB/s
2026-05-20 03:08:24,483 DEBUG   821035008 bytes (821 MB) copied, 58.555864 s, 14.0 MB/s
2026-05-20 03:08:24,483 DEBUG   831520768 bytes (832 MB) copied, 59.625903 s, 13.9 MB/s
2026-05-20 03:08:24,483 DEBUG   842006528 bytes (842 MB) copied, 60.669139 s, 13.9 MB/s
2026-05-20 03:08:24,483 DEBUG   859832320 bytes (860 MB) copied, 61.679875 s, 13.9 MB/s
2026-05-20 03:08:24,484 DEBUG   873463808 bytes (873 MB) copied, 62.715859 s, 13.9 MB/s
2026-05-20 03:08:24,484 DEBUG   886046720 bytes (886 MB) copied, 63.725276 s, 13.9 MB/s
2026-05-20 03:08:24,484 DEBUG   898629632 bytes (899 MB) copied, 64.818101 s, 13.9 MB/s
2026-05-20 03:08:24,484 DEBUG   911212544 bytes (911 MB) copied, 65.837213 s, 13.8 MB/s
2026-05-20 03:08:24,484 DEBUG   930086912 bytes (930 MB) copied, 66.841916 s, 13.9 MB/s
2026-05-20 03:08:24,484 DEBUG   946864128 bytes (947 MB) copied, 68.031894 s, 13.9 MB/s
2026-05-20 03:08:24,484 DEBUG   959447040 bytes (959 MB) copied, 69.070906 s, 13.9 MB/s
2026-05-20 03:08:24,484 DEBUG   973078528 bytes (973 MB) copied, 70.131022 s, 13.9 MB/s
2026-05-20 03:08:24,484 DEBUG   986710016 bytes (987 MB) copied, 71.169034 s, 13.9 MB/s
2026-05-20 03:08:24,484 DEBUG   998244352 bytes (998 MB) copied, 72.193150 s, 13.8 MB/s
2026-05-20 03:08:24,484 DEBUG   1011875840 bytes (1.0 GB) copied, 73.431125 s, 13.8 MB/s
2026-05-20 03:08:24,484 DEBUG   1022361600 bytes (1.0 GB) copied, 74.449914 s, 13.7 MB/s
2026-05-20 03:08:24,484 DEBUG   1034944512 bytes (1.0 GB) copied, 75.487047 s, 13.7 MB/s
2026-05-20 03:08:24,484 DEBUG   1051721728 bytes (1.1 GB) copied, 76.573935 s, 13.7 MB/s
2026-05-20 03:08:24,484 DEBUG   1067450368 bytes (1.1 GB) copied, 77.681896 s, 13.7 MB/s
2026-05-20 03:08:24,484 DEBUG   1024+0 records in
2026-05-20 03:08:24,484 DEBUG   1024+0 records out
2026-05-20 03:08:24,484 DEBUG   1073741824 bytes (1.1 GB) copied, 78.117 s, 13.7 MB/s
2026-05-20 03:08:24,484 DEBUG   OK (disk op exit 0)
2026-05-20 03:08:24,484 WARNING Guest disk op wall 79.8s (vm='ahv_ins_delete-0-260514-175858' ip=10.114.53.140 op=create ec=0) — includes SSH + guest disk command; if still high, check guest disk throughput vs. MiB settings.
2026-05-20 03:08:24,485 DEBUG [40/1170] VM b068324d… (ahv_ins_delete-0-260514-182012) via 10.114.48.81 op=create
2026-05-20 03:08:24,485 DEBUG   remote: bash -lc 'set -e; _bs(){ printf '"'"'BULK_SNAP_T %s %s\n'"'"' "$1" "$(date +%s.%N 2>/dev/null || date +%s)"; }; _bs guest_start; _bs pipeline_start; openssl enc -aes-256-ctr -pass pass:"testing" -nosalt < /dev/zero 2>/dev/null | dd of=/root/dummy_snapshot_data_1.img bs=1M count=1024 iflag=fullblock status=progress; ec=$?; _bs pipeline_done; _bs guest_end; exit $ec'
2026-05-20 03:08:24,489 DEBUG   BULK_SNAP_T guest_start 1779214022.264248721
2026-05-20 03:08:24,490 DEBUG   BULK_SNAP_T pipeline_start 1779214022.271154532
2026-05-20 03:08:24,490 DEBUG   BULK_SNAP_T pipeline_done 1779214100.326727684
2026-05-20 03:08:24,490 DEBUG   BULK_SNAP_T guest_end 1779214100.328376944
2026-05-20 03:08:24,490 DEBUG   
2026-05-20 03:08:24,490 DEBUG   11534336 bytes (12 MB) copied, 1.059770 s, 10.9 MB/s
2026-05-20 03:08:24,490 DEBUG   23068672 bytes (23 MB) copied, 2.115769 s, 10.9 MB/s
2026-05-20 03:08:24,490 DEBUG   36700160 bytes (37 MB) copied, 3.133781 s, 11.7 MB/s
2026-05-20 03:08:24,490 DEBUG   55574528 bytes (56 MB) copied, 4.159808 s, 13.4 MB/s
2026-05-20 03:08:24,490 DEBUG   77594624 bytes (78 MB) copied, 5.180808 s, 15.0 MB/s
2026-05-20 03:08:24,490 DEBUG   95420416 bytes (95 MB) copied, 6.289045 s, 15.2 MB/s
2026-05-20 03:08:24,490 DEBUG   113246208 bytes (113 MB) copied, 7.310813 s, 15.5 MB/s
2026-05-20 03:08:24,490 DEBUG   125829120 bytes (126 MB) copied, 8.366807 s, 15.0 MB/s
2026-05-20 03:08:24,490 DEBUG   139460608 bytes (139 MB) copied, 9.424785 s, 14.8 MB/s
2026-05-20 03:08:24,490 DEBUG   148897792 bytes (149 MB) copied, 10.443781 s, 14.3 MB/s
2026-05-20 03:08:24,490 DEBUG   167772160 bytes (168 MB) copied, 11.528002 s, 14.6 MB/s
2026-05-20 03:08:24,490 DEBUG   182452224 bytes (182 MB) copied, 12.539783 s, 14.5 MB/s
2026-05-20 03:08:24,490 DEBUG   196083712 bytes (196 MB) copied, 13.540716 s, 14.5 MB/s
2026-05-20 03:08:24,490 DEBUG   210763776 bytes (211 MB) copied, 14.550845 s, 14.5 MB/s
2026-05-20 03:08:24,490 DEBUG   223346688 bytes (223 MB) copied, 15.597874 s, 14.3 MB/s
2026-05-20 03:08:24,490 DEBUG   235929600 bytes (236 MB) copied, 16.640828 s, 14.2 MB/s
2026-05-20 03:08:24,490 DEBUG   247463936 bytes (247 MB) copied, 17.722761 s, 14.0 MB/s
2026-05-20 03:08:24,490 DEBUG   267386880 bytes (267 MB) copied, 18.731333 s, 14.3 MB/s
2026-05-20 03:08:24,490 DEBUG   279969792 bytes (280 MB) copied, 19.845803 s, 14.1 MB/s
2026-05-20 03:08:24,490 DEBUG   293601280 bytes (294 MB) copied, 20.889828 s, 14.1 MB/s
2026-05-20 03:08:24,490 DEBUG   306184192 bytes (306 MB) copied, 22.025827 s, 13.9 MB/s
2026-05-20 03:08:24,490 DEBUG   317718528 bytes (318 MB) copied, 23.053928 s, 13.8 MB/s
2026-05-20 03:08:24,490 DEBUG   330301440 bytes (330 MB) copied, 24.058121 s, 13.7 MB/s
2026-05-20 03:08:24,490 DEBUG   344981504 bytes (345 MB) copied, 25.136826 s, 13.7 MB/s
2026-05-20 03:08:24,490 DEBUG   356515840 bytes (357 MB) copied, 26.340807 s, 13.5 MB/s
2026-05-20 03:08:24,490 DEBUG   373293056 bytes (373 MB) copied, 27.345810 s, 13.7 MB/s
2026-05-20 03:08:24,490 DEBUG   387973120 bytes (388 MB) copied, 28.498824 s, 13.6 MB/s
2026-05-20 03:08:24,490 DEBUG   402653184 bytes (403 MB) copied, 29.658782 s, 13.6 MB/s
2026-05-20 03:08:24,490 DEBUG   415236096 bytes (415 MB) copied, 30.732817 s, 13.5 MB/s
2026-05-20 03:08:24,491 DEBUG   428867584 bytes (429 MB) copied, 31.749794 s, 13.5 MB/s
2026-05-20 03:08:24,491 DEBUG   442499072 bytes (442 MB) copied, 32.759792 s, 13.5 MB/s
2026-05-20 03:08:24,491 DEBUG   459276288 bytes (459 MB) copied, 33.801745 s, 13.6 MB/s
2026-05-20 03:08:24,491 DEBUG   471859200 bytes (472 MB) copied, 34.924797 s, 13.5 MB/s
2026-05-20 03:08:24,491 DEBUG   487587840 bytes (488 MB) copied, 35.942723 s, 13.6 MB/s
2026-05-20 03:08:24,491 DEBUG   503316480 bytes (503 MB) copied, 36.992879 s, 13.6 MB/s
2026-05-20 03:08:24,491 DEBUG   515899392 bytes (516 MB) copied, 37.993707 s, 13.6 MB/s
2026-05-20 03:08:24,491 DEBUG   530579456 bytes (531 MB) copied, 39.095832 s, 13.6 MB/s
2026-05-20 03:08:24,491 DEBUG   545259520 bytes (545 MB) copied, 40.233735 s, 13.6 MB/s
2026-05-20 03:08:24,491 DEBUG   560988160 bytes (561 MB) copied, 41.258797 s, 13.6 MB/s
2026-05-20 03:08:24,491 DEBUG   573571072 bytes (574 MB) copied, 42.300735 s, 13.6 MB/s
2026-05-20 03:08:24,491 DEBUG   588251136 bytes (588 MB) copied, 43.308806 s, 13.6 MB/s
2026-05-20 03:08:24,491 DEBUG   607125504 bytes (607 MB) copied, 44.324423 s, 13.7 MB/s
2026-05-20 03:08:24,491 DEBUG   622854144 bytes (623 MB) copied, 45.361966 s, 13.7 MB/s
2026-05-20 03:08:24,491 DEBUG   636485632 bytes (636 MB) copied, 46.482916 s, 13.7 MB/s
2026-05-20 03:08:24,491 DEBUG   649068544 bytes (649 MB) copied, 47.491777 s, 13.7 MB/s
2026-05-20 03:08:24,491 DEBUG   660602880 bytes (661 MB) copied, 48.506774 s, 13.6 MB/s
2026-05-20 03:08:24,491 DEBUG   672137216 bytes (672 MB) copied, 49.550776 s, 13.6 MB/s
2026-05-20 03:08:24,491 DEBUG   686817280 bytes (687 MB) copied, 50.622799 s, 13.6 MB/s
2026-05-20 03:08:24,491 DEBUG   702545920 bytes (703 MB) copied, 51.627797 s, 13.6 MB/s
2026-05-20 03:08:24,491 DEBUG   715128832 bytes (715 MB) copied, 52.632792 s, 13.6 MB/s
2026-05-20 03:08:24,491 DEBUG   728760320 bytes (729 MB) copied, 53.639824 s, 13.6 MB/s
2026-05-20 03:08:24,491 DEBUG   741343232 bytes (741 MB) copied, 54.668233 s, 13.6 MB/s
2026-05-20 03:08:24,491 DEBUG   752877568 bytes (753 MB) copied, 55.689872 s, 13.5 MB/s
2026-05-20 03:08:24,491 DEBUG   765460480 bytes (765 MB) copied, 56.697925 s, 13.5 MB/s
2026-05-20 03:08:24,491 DEBUG   784334848 bytes (784 MB) copied, 57.710784 s, 13.6 MB/s
2026-05-20 03:08:24,491 DEBUG   800063488 bytes (800 MB) copied, 58.755926 s, 13.6 MB/s
2026-05-20 03:08:24,491 DEBUG   813694976 bytes (814 MB) copied, 59.910861 s, 13.6 MB/s
2026-05-20 03:08:24,491 DEBUG   833617920 bytes (834 MB) copied, 60.958765 s, 13.7 MB/s
2026-05-20 03:08:24,491 DEBUG   853540864 bytes (854 MB) copied, 62.049905 s, 13.8 MB/s
2026-05-20 03:08:24,491 DEBUG   868220928 bytes (868 MB) copied, 63.136861 s, 13.8 MB/s
2026-05-20 03:08:24,491 DEBUG   887095296 bytes (887 MB) copied, 64.142366 s, 13.8 MB/s
2026-05-20 03:08:24,491 DEBUG   901775360 bytes (902 MB) copied, 65.164804 s, 13.8 MB/s
2026-05-20 03:08:24,491 DEBUG   913309696 bytes (913 MB) copied, 66.186818 s, 13.8 MB/s
2026-05-20 03:08:24,491 DEBUG   925892608 bytes (926 MB) copied, 67.230754 s, 13.8 MB/s
2026-05-20 03:08:24,491 DEBUG   940572672 bytes (941 MB) copied, 68.293748 s, 13.8 MB/s
2026-05-20 03:08:24,491 DEBUG   958398464 bytes (958 MB) copied, 69.317948 s, 13.8 MB/s
2026-05-20 03:08:24,491 DEBUG   973078528 bytes (973 MB) copied, 70.392993 s, 13.8 MB/s
2026-05-20 03:08:24,491 DEBUG   984612864 bytes (985 MB) copied, 71.422803 s, 13.8 MB/s
2026-05-20 03:08:24,491 DEBUG   997195776 bytes (997 MB) copied, 72.430785 s, 13.8 MB/s
2026-05-20 03:08:24,491 DEBUG   1010827264 bytes (1.0 GB) copied, 73.528776 s, 13.7 MB/s
2026-05-20 03:08:24,491 DEBUG   1026555904 bytes (1.0 GB) copied, 74.579947 s, 13.8 MB/s
2026-05-20 03:08:24,491 DEBUG   1041235968 bytes (1.0 GB) copied, 75.725773 s, 13.8 MB/s
2026-05-20 03:08:24,491 DEBUG   1058013184 bytes (1.1 GB) copied, 76.844767 s, 13.8 MB/s
2026-05-20 03:08:24,491 DEBUG   1072693248 bytes (1.1 GB) copied, 77.874054 s, 13.8 MB/s
2026-05-20 03:08:24,491 DEBUG   1024+0 records in
2026-05-20 03:08:24,491 DEBUG   1024+0 records out
2026-05-20 03:08:24,491 DEBUG   1073741824 bytes (1.1 GB) copied, 77.8769 s, 13.8 MB/s
2026-05-20 03:08:24,491 DEBUG   OK (disk op exit 0)
2026-05-20 03:08:24,492 WARNING Guest disk op wall 79.9s (vm='ahv_ins_delete-0-260514-175843' ip=10.114.51.47 op=create ec=0) — includes SSH + guest disk command; if still high, check guest disk throughput vs. MiB settings.
2026-05-20 03:08:24,492 DEBUG [41/1170] VM 2ff9cecd… (ahv_ins_delete-0-260514-182445) via 10.114.50.149 op=create
2026-05-20 03:08:24,492 DEBUG   remote: bash -lc 'set -e; _bs(){ printf '"'"'BULK_SNAP_T %s %s\n'"'"' "$1" "$(date +%s.%N 2>/dev/null || date +%s)"; }; _bs guest_start; _bs pipeline_start; openssl enc -aes-256-ctr -pass pass:"testing" -nosalt < /dev/zero 2>/dev/null | dd of=/root/dummy_snapshot_data_1.img bs=1M count=1024 iflag=fullblock status=progress; ec=$?; _bs pipeline_done; _bs guest_end; exit $ec'
2026-05-20 03:08:25,232 DEBUG   BULK_SNAP_T guest_start 1779214022.589386617
2026-05-20 03:08:25,232 DEBUG   BULK_SNAP_T pipeline_start 1779214022.600573453
2026-05-20 03:08:25,232 DEBUG   BULK_SNAP_T pipeline_done 1779214101.477991586
2026-05-20 03:08:25,232 DEBUG   BULK_SNAP_T guest_end 1779214101.494739323
2026-05-20 03:08:25,232 DEBUG   
2026-05-20 03:08:25,232 DEBUG   11534336 bytes (12 MB) copied, 1.043525 s, 11.1 MB/s
2026-05-20 03:08:25,232 DEBUG   25165824 bytes (25 MB) copied, 2.089503 s, 12.0 MB/s
2026-05-20 03:08:25,232 DEBUG   37748736 bytes (38 MB) copied, 3.148522 s, 12.0 MB/s
2026-05-20 03:08:25,232 DEBUG   50331648 bytes (50 MB) copied, 4.168479 s, 12.1 MB/s
2026-05-20 03:08:25,232 DEBUG   67108864 bytes (67 MB) copied, 5.204468 s, 12.9 MB/s
2026-05-20 03:08:25,232 DEBUG   78643200 bytes (79 MB) copied, 6.357509 s, 12.4 MB/s
2026-05-20 03:08:25,232 DEBUG   88080384 bytes (88 MB) copied, 7.460820 s, 11.8 MB/s
2026-05-20 03:08:25,232 DEBUG   99614720 bytes (100 MB) copied, 8.516508 s, 11.7 MB/s
2026-05-20 03:08:25,232 DEBUG   110100480 bytes (110 MB) copied, 9.669448 s, 11.4 MB/s
2026-05-20 03:08:25,232 DEBUG   121634816 bytes (122 MB) copied, 10.715490 s, 11.4 MB/s
2026-05-20 03:08:25,232 DEBUG   136314880 bytes (136 MB) copied, 11.725469 s, 11.6 MB/s
2026-05-20 03:08:25,232 DEBUG   149946368 bytes (150 MB) copied, 12.760480 s, 11.8 MB/s
2026-05-20 03:08:25,232 DEBUG   163577856 bytes (164 MB) copied, 13.769431 s, 11.9 MB/s
2026-05-20 03:08:25,232 DEBUG   179306496 bytes (179 MB) copied, 14.921461 s, 12.0 MB/s
2026-05-20 03:08:25,233 DEBUG   193986560 bytes (194 MB) copied, 15.953481 s, 12.2 MB/s
2026-05-20 03:08:25,233 DEBUG   210763776 bytes (211 MB) copied, 17.033461 s, 12.4 MB/s
2026-05-20 03:08:25,233 DEBUG   232783872 bytes (233 MB) copied, 18.083549 s, 12.9 MB/s
2026-05-20 03:08:25,233 DEBUG   246415360 bytes (246 MB) copied, 19.157451 s, 12.9 MB/s
2026-05-20 03:08:25,233 DEBUG   260046848 bytes (260 MB) copied, 20.213527 s, 12.9 MB/s
2026-05-20 03:08:25,233 DEBUG   272629760 bytes (273 MB) copied, 21.257509 s, 12.8 MB/s
2026-05-20 03:08:25,233 DEBUG   290455552 bytes (290 MB) copied, 22.308500 s, 13.0 MB/s
2026-05-20 03:08:25,233 DEBUG   299892736 bytes (300 MB) copied, 23.317468 s, 12.9 MB/s
2026-05-20 03:08:25,233 DEBUG   312475648 bytes (312 MB) copied, 24.353502 s, 12.8 MB/s
2026-05-20 03:08:25,233 DEBUG   327155712 bytes (327 MB) copied, 25.449710 s, 12.9 MB/s
2026-05-20 03:08:25,233 DEBUG   341835776 bytes (342 MB) copied, 26.464517 s, 12.9 MB/s
2026-05-20 03:08:25,233 DEBUG   365953024 bytes (366 MB) copied, 27.604545 s, 13.3 MB/s
2026-05-20 03:08:25,233 DEBUG   382730240 bytes (383 MB) copied, 28.713483 s, 13.3 MB/s
2026-05-20 03:08:25,233 DEBUG   394264576 bytes (394 MB) copied, 29.851494 s, 13.2 MB/s
2026-05-20 03:08:25,233 DEBUG   411041792 bytes (411 MB) copied, 30.930490 s, 13.3 MB/s
2026-05-20 03:08:25,233 DEBUG   424673280 bytes (425 MB) copied, 31.945480 s, 13.3 MB/s
2026-05-20 03:08:25,233 DEBUG   437256192 bytes (437 MB) copied, 32.956489 s, 13.3 MB/s
2026-05-20 03:08:25,233 DEBUG   449839104 bytes (450 MB) copied, 34.053550 s, 13.2 MB/s
2026-05-20 03:08:25,233 DEBUG   466616320 bytes (467 MB) copied, 35.082508 s, 13.3 MB/s
2026-05-20 03:08:25,233 DEBUG   483393536 bytes (483 MB) copied, 36.270534 s, 13.3 MB/s
2026-05-20 03:08:25,233 DEBUG   495976448 bytes (496 MB) copied, 37.293956 s, 13.3 MB/s
2026-05-20 03:08:25,233 DEBUG   521142272 bytes (521 MB) copied, 38.335779 s, 13.6 MB/s
2026-05-20 03:08:25,233 DEBUG   534773760 bytes (535 MB) copied, 39.386510 s, 13.6 MB/s
2026-05-20 03:08:25,233 DEBUG   549453824 bytes (549 MB) copied, 40.522543 s, 13.6 MB/s
2026-05-20 03:08:25,233 DEBUG   562036736 bytes (562 MB) copied, 41.606630 s, 13.5 MB/s
2026-05-20 03:08:25,233 DEBUG   577765376 bytes (578 MB) copied, 42.610899 s, 13.6 MB/s
2026-05-20 03:08:25,233 DEBUG   588251136 bytes (588 MB) copied, 43.673532 s, 13.5 MB/s
2026-05-20 03:08:25,233 DEBUG   603979776 bytes (604 MB) copied, 44.790446 s, 13.5 MB/s
2026-05-20 03:08:25,233 DEBUG   615514112 bytes (616 MB) copied, 45.807526 s, 13.4 MB/s
2026-05-20 03:08:25,233 DEBUG   628097024 bytes (628 MB) copied, 46.809716 s, 13.4 MB/s
2026-05-20 03:08:25,233 DEBUG   641728512 bytes (642 MB) copied, 47.856446 s, 13.4 MB/s
2026-05-20 03:08:25,233 DEBUG   657457152 bytes (657 MB) copied, 48.930460 s, 13.4 MB/s
2026-05-20 03:08:25,233 DEBUG   667942912 bytes (668 MB) copied, 49.969446 s, 13.4 MB/s
2026-05-20 03:08:25,233 DEBUG   683671552 bytes (684 MB) copied, 51.011447 s, 13.4 MB/s
2026-05-20 03:08:25,233 DEBUG   700448768 bytes (700 MB) copied, 52.040444 s, 13.5 MB/s
2026-05-20 03:08:25,233 DEBUG   715128832 bytes (715 MB) copied, 53.213496 s, 13.4 MB/s
2026-05-20 03:08:25,233 DEBUG   730857472 bytes (731 MB) copied, 54.235453 s, 13.5 MB/s
2026-05-20 03:08:25,233 DEBUG   746586112 bytes (747 MB) copied, 55.292670 s, 13.5 MB/s
2026-05-20 03:08:25,233 DEBUG   760217600 bytes (760 MB) copied, 56.295471 s, 13.5 MB/s
2026-05-20 03:08:25,233 DEBUG   771751936 bytes (772 MB) copied, 57.392524 s, 13.4 MB/s
2026-05-20 03:08:25,234 DEBUG   787480576 bytes (787 MB) copied, 58.393557 s, 13.5 MB/s
2026-05-20 03:08:25,234 DEBUG   813694976 bytes (814 MB) copied, 59.561479 s, 13.7 MB/s
2026-05-20 03:08:25,234 DEBUG   834666496 bytes (835 MB) copied, 60.580485 s, 13.8 MB/s
2026-05-20 03:08:25,234 DEBUG   846200832 bytes (846 MB) copied, 61.677563 s, 13.7 MB/s
2026-05-20 03:08:25,234 DEBUG   861929472 bytes (862 MB) copied, 62.682536 s, 13.8 MB/s
2026-05-20 03:08:25,234 DEBUG   875560960 bytes (876 MB) copied, 63.715450 s, 13.7 MB/s
2026-05-20 03:08:25,234 DEBUG   887095296 bytes (887 MB) copied, 64.724487 s, 13.7 MB/s
2026-05-20 03:08:25,234 DEBUG   899678208 bytes (900 MB) copied, 65.829456 s, 13.7 MB/s
2026-05-20 03:08:25,234 DEBUG   913309696 bytes (913 MB) copied, 66.931490 s, 13.6 MB/s
2026-05-20 03:08:25,234 DEBUG   929038336 bytes (929 MB) copied, 67.951432 s, 13.7 MB/s
2026-05-20 03:08:25,234 DEBUG   941621248 bytes (942 MB) copied, 69.039453 s, 13.6 MB/s
2026-05-20 03:08:25,234 DEBUG   956301312 bytes (956 MB) copied, 70.056029 s, 13.7 MB/s
2026-05-20 03:08:25,234 DEBUG   969932800 bytes (970 MB) copied, 71.129507 s, 13.6 MB/s
2026-05-20 03:08:25,234 DEBUG   982515712 bytes (983 MB) copied, 72.141493 s, 13.6 MB/s
2026-05-20 03:08:25,234 DEBUG   996147200 bytes (996 MB) copied, 73.297749 s, 13.6 MB/s
2026-05-20 03:08:25,234 DEBUG   1009778688 bytes (1.0 GB) copied, 74.346907 s, 13.6 MB/s
2026-05-20 03:08:25,234 DEBUG   1027604480 bytes (1.0 GB) copied, 75.414495 s, 13.6 MB/s
2026-05-20 03:08:25,234 DEBUG   1042284544 bytes (1.0 GB) copied, 76.455500 s, 13.6 MB/s
2026-05-20 03:08:25,234 DEBUG   1054867456 bytes (1.1 GB) copied, 77.535563 s, 13.6 MB/s
2026-05-20 03:08:25,234 DEBUG   1071644672 bytes (1.1 GB) copied, 78.615608 s, 13.6 MB/s
2026-05-20 03:08:25,234 DEBUG   1024+0 records in
2026-05-20 03:08:25,234 DEBUG   1024+0 records out
2026-05-20 03:08:25,234 DEBUG   1073741824 bytes (1.1 GB) copied, 78.6675 s, 13.6 MB/s
2026-05-20 03:08:25,234 DEBUG   OK (disk op exit 0)
2026-05-20 03:08:25,234 WARNING Guest disk op wall 80.6s (vm='ahv_ins_delete-0-260514-175832' ip=10.114.52.133 op=create ec=0) — includes SSH + guest disk command; if still high, check guest disk throughput vs. MiB settings.
2026-05-20 03:08:25,235 DEBUG [42/1170] VM 2b528fb0… (ahv_ins_delete-0-260514-182453) via 10.114.52.33 op=create
2026-05-20 03:08:25,235 DEBUG   remote: bash -lc 'set -e; _bs(){ printf '"'"'BULK_SNAP_T %s %s\n'"'"' "$1" "$(date +%s.%N 2>/dev/null || date +%s)"; }; _bs guest_start; _bs pipeline_start; openssl enc -aes-256-ctr -pass pass:"testing" -nosalt < /dev/zero 2>/dev/null | dd of=/root/dummy_snapshot_data_1.img bs=1M count=1024 iflag=fullblock status=progress; ec=$?; _bs pipeline_done; _bs guest_end; exit $ec'
2026-05-20 03:08:25,237 DEBUG   BULK_SNAP_T guest_start 1779214022.688121471
2026-05-20 03:08:25,238 DEBUG   BULK_SNAP_T pipeline_start 1779214022.699474585
2026-05-20 03:08:25,238 DEBUG   BULK_SNAP_T pipeline_done 1779214101.290075817
2026-05-20 03:08:25,238 DEBUG   BULK_SNAP_T guest_end 1779214101.293803652
2026-05-20 03:08:25,238 DEBUG   
2026-05-20 03:08:25,238 DEBUG   11534336 bytes (12 MB) copied, 1.080556 s, 10.7 MB/s
2026-05-20 03:08:25,238 DEBUG   25165824 bytes (25 MB) copied, 2.107558 s, 11.9 MB/s
2026-05-20 03:08:25,238 DEBUG   40894464 bytes (41 MB) copied, 3.171593 s, 12.9 MB/s
2026-05-20 03:08:25,238 DEBUG   54525952 bytes (55 MB) copied, 4.198625 s, 13.0 MB/s
2026-05-20 03:08:25,238 DEBUG   69206016 bytes (69 MB) copied, 5.200628 s, 13.3 MB/s
2026-05-20 03:08:25,238 DEBUG   85983232 bytes (86 MB) copied, 6.252917 s, 13.8 MB/s
2026-05-20 03:08:25,238 DEBUG   96468992 bytes (96 MB) copied, 7.306610 s, 13.2 MB/s
2026-05-20 03:08:25,238 DEBUG   108003328 bytes (108 MB) copied, 8.346562 s, 12.9 MB/s
2026-05-20 03:08:25,238 DEBUG   124780544 bytes (125 MB) copied, 9.372527 s, 13.3 MB/s
2026-05-20 03:08:25,238 DEBUG   142606336 bytes (143 MB) copied, 10.412540 s, 13.7 MB/s
2026-05-20 03:08:25,238 DEBUG   166723584 bytes (167 MB) copied, 11.413654 s, 14.6 MB/s
2026-05-20 03:08:25,238 DEBUG   181403648 bytes (181 MB) copied, 12.432544 s, 14.6 MB/s
2026-05-20 03:08:25,238 DEBUG   195035136 bytes (195 MB) copied, 13.451804 s, 14.5 MB/s
2026-05-20 03:08:25,238 DEBUG   208666624 bytes (209 MB) copied, 14.457654 s, 14.4 MB/s
2026-05-20 03:08:25,238 DEBUG   227540992 bytes (228 MB) copied, 15.490805 s, 14.7 MB/s
2026-05-20 03:08:25,238 DEBUG   239075328 bytes (239 MB) copied, 16.538686 s, 14.5 MB/s
2026-05-20 03:08:25,238 DEBUG   251658240 bytes (252 MB) copied, 17.624572 s, 14.3 MB/s
2026-05-20 03:08:25,238 DEBUG   262144000 bytes (262 MB) copied, 18.665608 s, 14.0 MB/s
2026-05-20 03:08:25,238 DEBUG   273678336 bytes (274 MB) copied, 19.669584 s, 13.9 MB/s
2026-05-20 03:08:25,238 DEBUG   287309824 bytes (287 MB) copied, 20.780710 s, 13.8 MB/s
2026-05-20 03:08:25,238 DEBUG   297795584 bytes (298 MB) copied, 21.846544 s, 13.6 MB/s
2026-05-20 03:08:25,238 DEBUG   309329920 bytes (309 MB) copied, 22.933665 s, 13.5 MB/s
2026-05-20 03:08:25,238 DEBUG   330301440 bytes (330 MB) copied, 24.011610 s, 13.8 MB/s
2026-05-20 03:08:25,238 DEBUG   342884352 bytes (343 MB) copied, 25.023602 s, 13.7 MB/s
2026-05-20 03:08:25,238 DEBUG   356515840 bytes (357 MB) copied, 26.132641 s, 13.6 MB/s
2026-05-20 03:08:25,238 DEBUG   370147328 bytes (370 MB) copied, 27.134628 s, 13.6 MB/s
2026-05-20 03:08:25,238 DEBUG   390070272 bytes (390 MB) copied, 28.148207 s, 13.9 MB/s
2026-05-20 03:08:25,239 DEBUG   403701760 bytes (404 MB) copied, 29.206565 s, 13.8 MB/s
2026-05-20 03:08:25,239 DEBUG   418381824 bytes (418 MB) copied, 30.269592 s, 13.8 MB/s
2026-05-20 03:08:25,239 DEBUG   432013312 bytes (432 MB) copied, 31.290559 s, 13.8 MB/s
2026-05-20 03:08:25,239 DEBUG   444596224 bytes (445 MB) copied, 32.294573 s, 13.8 MB/s
2026-05-20 03:08:25,239 DEBUG   457179136 bytes (457 MB) copied, 33.303016 s, 13.7 MB/s
2026-05-20 03:08:25,239 DEBUG   469762048 bytes (470 MB) copied, 34.323535 s, 13.7 MB/s
2026-05-20 03:08:25,239 DEBUG   481296384 bytes (481 MB) copied, 35.371725 s, 13.6 MB/s
2026-05-20 03:08:25,239 DEBUG   495976448 bytes (496 MB) copied, 36.397216 s, 13.6 MB/s
2026-05-20 03:08:25,239 DEBUG   512753664 bytes (513 MB) copied, 37.402607 s, 13.7 MB/s
2026-05-20 03:08:25,239 DEBUG   527433728 bytes (527 MB) copied, 38.474666 s, 13.7 MB/s
2026-05-20 03:08:25,239 DEBUG   542113792 bytes (542 MB) copied, 39.591628 s, 13.7 MB/s
2026-05-20 03:08:25,239 DEBUG   556793856 bytes (557 MB) copied, 40.593609 s, 13.7 MB/s
2026-05-20 03:08:25,239 DEBUG   574619648 bytes (575 MB) copied, 41.708556 s, 13.8 MB/s
2026-05-20 03:08:25,239 DEBUG   587202560 bytes (587 MB) copied, 42.769592 s, 13.7 MB/s
2026-05-20 03:08:25,239 DEBUG   598736896 bytes (599 MB) copied, 43.849544 s, 13.7 MB/s
2026-05-20 03:08:25,239 DEBUG   615514112 bytes (616 MB) copied, 45.067833 s, 13.7 MB/s
2026-05-20 03:08:25,239 DEBUG   627048448 bytes (627 MB) copied, 46.088677 s, 13.6 MB/s
2026-05-20 03:08:25,239 DEBUG   643825664 bytes (644 MB) copied, 47.223888 s, 13.6 MB/s
2026-05-20 03:08:25,239 DEBUG   656408576 bytes (656 MB) copied, 48.258599 s, 13.6 MB/s
2026-05-20 03:08:25,239 DEBUG   672137216 bytes (672 MB) copied, 49.279603 s, 13.6 MB/s
2026-05-20 03:08:25,239 DEBUG   683671552 bytes (684 MB) copied, 50.293615 s, 13.6 MB/s
2026-05-20 03:08:25,239 DEBUG   702545920 bytes (703 MB) copied, 51.381642 s, 13.7 MB/s
2026-05-20 03:08:25,239 DEBUG   716177408 bytes (716 MB) copied, 52.435669 s, 13.7 MB/s
2026-05-20 03:08:25,239 DEBUG   727711744 bytes (728 MB) copied, 53.468056 s, 13.6 MB/s
2026-05-20 03:08:25,239 DEBUG   742391808 bytes (742 MB) copied, 54.496592 s, 13.6 MB/s
2026-05-20 03:08:25,239 DEBUG   754974720 bytes (755 MB) copied, 55.619736 s, 13.6 MB/s
2026-05-20 03:08:25,239 DEBUG   776994816 bytes (777 MB) copied, 56.640582 s, 13.7 MB/s
2026-05-20 03:08:25,239 DEBUG   787480576 bytes (787 MB) copied, 57.668004 s, 13.7 MB/s
2026-05-20 03:08:25,239 DEBUG   800063488 bytes (800 MB) copied, 58.733532 s, 13.6 MB/s
2026-05-20 03:08:25,240 DEBUG   816840704 bytes (817 MB) copied, 59.757705 s, 13.7 MB/s
2026-05-20 03:08:25,240 DEBUG   828375040 bytes (828 MB) copied, 60.854546 s, 13.6 MB/s
2026-05-20 03:08:25,240 DEBUG   843055104 bytes (843 MB) copied, 61.895757 s, 13.6 MB/s
2026-05-20 03:08:25,240 DEBUG   855638016 bytes (856 MB) copied, 63.008542 s, 13.6 MB/s
2026-05-20 03:08:25,240 DEBUG   869269504 bytes (869 MB) copied, 64.092651 s, 13.6 MB/s
2026-05-20 03:08:25,240 DEBUG   882900992 bytes (883 MB) copied, 65.200609 s, 13.5 MB/s
2026-05-20 03:08:25,240 DEBUG   897581056 bytes (898 MB) copied, 66.293586 s, 13.5 MB/s
2026-05-20 03:08:25,240 DEBUG   909115392 bytes (909 MB) copied, 67.401606 s, 13.5 MB/s
2026-05-20 03:08:25,240 DEBUG   922746880 bytes (923 MB) copied, 68.501639 s, 13.5 MB/s
2026-05-20 03:08:25,240 DEBUG   936378368 bytes (936 MB) copied, 69.570606 s, 13.5 MB/s
2026-05-20 03:08:25,240 DEBUG   948961280 bytes (949 MB) copied, 70.580565 s, 13.4 MB/s
2026-05-20 03:08:25,240 DEBUG   961544192 bytes (962 MB) copied, 71.613601 s, 13.4 MB/s
2026-05-20 03:08:25,240 DEBUG   977272832 bytes (977 MB) copied, 72.662158 s, 13.4 MB/s
2026-05-20 03:08:25,240 DEBUG   999292928 bytes (999 MB) copied, 73.729627 s, 13.6 MB/s
2026-05-20 03:08:25,240 DEBUG   1015021568 bytes (1.0 GB) copied, 74.736946 s, 13.6 MB/s
2026-05-20 03:08:25,240 DEBUG   BULK_SNAP_T guest_start 1779214022.414970008
2026-05-20 03:08:25,240 DEBUG   1031798784 bytes (1.0 GB) copied, 75.829692 s, 13.6 MB/s
2026-05-20 03:08:25,240 DEBUG   BULK_SNAP_T pipeline_start 1779214022.423618890
2026-05-20 03:08:25,240 DEBUG   1053818880 bytes (1.1 GB) copied, 76.921871 s, 13.7 MB/s
2026-05-20 03:08:25,240 DEBUG   BULK_SNAP_T pipeline_done 1779214101.331788405
2026-05-20 03:08:25,240 DEBUG   1068498944 bytes (1.1 GB) copied, 77.981664 s, 13.7 MB/s
2026-05-20 03:08:25,241 DEBUG   BULK_SNAP_T guest_end 1779214101.344793312
2026-05-20 03:08:25,241 DEBUG   1024+0 records in
2026-05-20 03:08:25,241 DEBUG   
2026-05-20 03:08:25,241 DEBUG   1024+0 records out
2026-05-20 03:08:25,241 DEBUG   11534336 bytes (12 MB) copied, 1.000242 s, 11.5 MB/s
2026-05-20 03:08:25,241 DEBUG   1073741824 bytes (1.1 GB) copied, 78.4066 s, 13.7 MB/s
2026-05-20 03:08:25,241 DEBUG   28311552 bytes (28 MB) copied, 2.058228 s, 13.8 MB/s
2026-05-20 03:08:25,241 DEBUG   OK (disk op exit 0)
2026-05-20 03:08:25,241 DEBUG   39845888 bytes (40 MB) copied, 3.111270 s, 12.8 MB/s
2026-05-20 03:08:25,241 WARNING Guest disk op wall 80.6s (vm='ahv_ins_delete-0-260514-180417' ip=10.114.48.38 op=create ec=0) — includes SSH + guest disk command; if still high, check guest disk throughput vs. MiB settings.
2026-05-20 03:08:25,241 DEBUG   53477376 bytes (53 MB) copied, 4.196226 s, 12.7 MB/s
2026-05-20 03:08:25,241 DEBUG [43/1170] VM 9195413e… (ahv_ins_delete-0-260514-182517) via 10.114.51.112 op=create
2026-05-20 03:08:25,242 DEBUG   66060288 bytes (66 MB) copied, 5.215213 s, 12.7 MB/s
2026-05-20 03:08:25,242 DEBUG   remote: bash -lc 'set -e; _bs(){ printf '"'"'BULK_SNAP_T %s %s\n'"'"' "$1" "$(date +%s.%N 2>/dev/null || date +%s)"; }; _bs guest_start; _bs pipeline_start; openssl enc -aes-256-ctr -pass pass:"testing" -nosalt < /dev/zero 2>/dev/null | dd of=/root/dummy_snapshot_data_1.img bs=1M count=1024 iflag=fullblock status=progress; ec=$?; _bs pipeline_done; _bs guest_end; exit $ec'
2026-05-20 03:08:25,242 DEBUG   80740352 bytes (81 MB) copied, 6.255219 s, 12.9 MB/s
2026-05-20 03:08:25,242 DEBUG   90177536 bytes (90 MB) copied, 7.460210 s, 12.1 MB/s
2026-05-20 03:08:25,242 DEBUG   102760448 bytes (103 MB) copied, 8.561287 s, 12.0 MB/s
2026-05-20 03:08:25,242 DEBUG   113246208 bytes (113 MB) copied, 9.584169 s, 11.8 MB/s
2026-05-20 03:08:25,242 DEBUG   125829120 bytes (126 MB) copied, 10.777161 s, 11.7 MB/s
2026-05-20 03:08:25,242 DEBUG   137363456 bytes (137 MB) copied, 11.821214 s, 11.6 MB/s
2026-05-20 03:08:25,242 DEBUG   147849216 bytes (148 MB) copied, 12.849329 s, 11.5 MB/s
2026-05-20 03:08:25,242 DEBUG   161480704 bytes (161 MB) copied, 13.908287 s, 11.6 MB/s
2026-05-20 03:08:25,242 DEBUG   182452224 bytes (182 MB) copied, 14.978209 s, 12.2 MB/s
2026-05-20 03:08:25,242 DEBUG   197132288 bytes (197 MB) copied, 16.100227 s, 12.2 MB/s
2026-05-20 03:08:25,242 DEBUG   217055232 bytes (217 MB) copied, 17.161257 s, 12.6 MB/s
2026-05-20 03:08:25,242 DEBUG   250609664 bytes (251 MB) copied, 18.175819 s, 13.8 MB/s
2026-05-20 03:08:25,242 DEBUG   261095424 bytes (261 MB) copied, 19.354169 s, 13.5 MB/s
2026-05-20 03:08:25,242 DEBUG   273678336 bytes (274 MB) copied, 20.377223 s, 13.4 MB/s
2026-05-20 03:08:25,242 DEBUG   286261248 bytes (286 MB) copied, 21.500238 s, 13.3 MB/s
2026-05-20 03:08:25,242 DEBUG   298844160 bytes (299 MB) copied, 22.582284 s, 13.2 MB/s
2026-05-20 03:08:25,242 DEBUG   318767104 bytes (319 MB) copied, 23.620318 s, 13.5 MB/s
2026-05-20 03:08:25,242 DEBUG   337641472 bytes (338 MB) copied, 24.717310 s, 13.7 MB/s
2026-05-20 03:08:25,242 DEBUG   353370112 bytes (353 MB) copied, 25.904388 s, 13.6 MB/s
2026-05-20 03:08:25,242 DEBUG   368050176 bytes (368 MB) copied, 26.948214 s, 13.7 MB/s
2026-05-20 03:08:25,243 DEBUG   381681664 bytes (382 MB) copied, 28.054235 s, 13.6 MB/s
2026-05-20 03:08:25,243 DEBUG   395313152 bytes (395 MB) copied, 29.172236 s, 13.6 MB/s
2026-05-20 03:08:25,243 DEBUG   406847488 bytes (407 MB) copied, 30.214182 s, 13.5 MB/s
2026-05-20 03:08:25,243 DEBUG   420478976 bytes (420 MB) copied, 31.238151 s, 13.5 MB/s
2026-05-20 03:08:25,243 DEBUG   438304768 bytes (438 MB) copied, 32.449583 s, 13.5 MB/s
2026-05-20 03:08:25,243 DEBUG   452984832 bytes (453 MB) copied, 33.454313 s, 13.5 MB/s
2026-05-20 03:08:25,243 DEBUG   467664896 bytes (468 MB) copied, 34.482226 s, 13.6 MB/s
2026-05-20 03:08:25,243 DEBUG   482344960 bytes (482 MB) copied, 35.579189 s, 13.6 MB/s
2026-05-20 03:08:25,243 DEBUG   493879296 bytes (494 MB) copied, 36.649206 s, 13.5 MB/s
2026-05-20 03:08:25,243 DEBUG   506462208 bytes (506 MB) copied, 37.718170 s, 13.4 MB/s
2026-05-20 03:08:25,243 DEBUG   522190848 bytes (522 MB) copied, 38.783270 s, 13.5 MB/s
2026-05-20 03:08:25,245 DEBUG   535822336 bytes (536 MB) copied, 39.788219 s, 13.5 MB/s
2026-05-20 03:08:25,245 DEBUG   547356672 bytes (547 MB) copied, 40.887248 s, 13.4 MB/s
2026-05-20 03:08:25,245 DEBUG   568328192 bytes (568 MB) copied, 41.948261 s, 13.5 MB/s
2026-05-20 03:08:25,245 DEBUG   584056832 bytes (584 MB) copied, 42.949249 s, 13.6 MB/s
2026-05-20 03:08:25,245 DEBUG   608174080 bytes (608 MB) copied, 43.983239 s, 13.8 MB/s
2026-05-20 03:08:25,245 DEBUG   623902720 bytes (624 MB) copied, 45.043312 s, 13.9 MB/s
2026-05-20 03:08:25,245 DEBUG   635437056 bytes (635 MB) copied, 46.075371 s, 13.8 MB/s
2026-05-20 03:08:25,245 DEBUG   648019968 bytes (648 MB) copied, 47.118254 s, 13.8 MB/s
2026-05-20 03:08:25,245 DEBUG   659554304 bytes (660 MB) copied, 48.157161 s, 13.7 MB/s
2026-05-20 03:08:25,245 DEBUG   672137216 bytes (672 MB) copied, 49.209482 s, 13.7 MB/s
2026-05-20 03:08:25,245 DEBUG   683671552 bytes (684 MB) copied, 50.333389 s, 13.6 MB/s
2026-05-20 03:08:25,245 DEBUG   695205888 bytes (695 MB) copied, 51.355262 s, 13.5 MB/s
2026-05-20 03:08:25,245 DEBUG   708837376 bytes (709 MB) copied, 52.381162 s, 13.5 MB/s
2026-05-20 03:08:25,245 DEBUG   719323136 bytes (719 MB) copied, 53.408653 s, 13.5 MB/s
2026-05-20 03:08:25,245 DEBUG   734003200 bytes (734 MB) copied, 54.537400 s, 13.5 MB/s
2026-05-20 03:08:25,245 DEBUG   746586112 bytes (747 MB) copied, 55.569163 s, 13.4 MB/s
2026-05-20 03:08:25,245 DEBUG   759169024 bytes (759 MB) copied, 56.615349 s, 13.4 MB/s
2026-05-20 03:08:25,245 DEBUG   778043392 bytes (778 MB) copied, 57.631563 s, 13.5 MB/s
2026-05-20 03:08:25,245 DEBUG   792723456 bytes (793 MB) copied, 58.755257 s, 13.5 MB/s
2026-05-20 03:08:25,245 DEBUG   812646400 bytes (813 MB) copied, 59.890205 s, 13.6 MB/s
2026-05-20 03:08:25,245 DEBUG   825229312 bytes (825 MB) copied, 61.022230 s, 13.5 MB/s
2026-05-20 03:08:25,245 DEBUG   838860800 bytes (839 MB) copied, 62.092230 s, 13.5 MB/s
2026-05-20 03:08:25,245 DEBUG   850395136 bytes (850 MB) copied, 63.154213 s, 13.5 MB/s
2026-05-20 03:08:25,245 DEBUG   872415232 bytes (872 MB) copied, 64.196227 s, 13.6 MB/s
2026-05-20 03:08:25,245 DEBUG   887095296 bytes (887 MB) copied, 65.291270 s, 13.6 MB/s
2026-05-20 03:08:25,245 DEBUG   901775360 bytes (902 MB) copied, 66.442170 s, 13.6 MB/s
2026-05-20 03:08:25,245 DEBUG   915406848 bytes (915 MB) copied, 67.496195 s, 13.6 MB/s
2026-05-20 03:08:25,245 DEBUG   934281216 bytes (934 MB) copied, 68.596454 s, 13.6 MB/s
2026-05-20 03:08:25,245 DEBUG   951058432 bytes (951 MB) copied, 69.698147 s, 13.6 MB/s
2026-05-20 03:08:25,245 DEBUG   964689920 bytes (965 MB) copied, 70.773184 s, 13.6 MB/s
2026-05-20 03:08:25,246 DEBUG   976224256 bytes (976 MB) copied, 71.832428 s, 13.6 MB/s
2026-05-20 03:08:25,246 DEBUG   989855744 bytes (990 MB) copied, 72.903216 s, 13.6 MB/s
2026-05-20 03:08:25,246 DEBUG   1006632960 bytes (1.0 GB) copied, 73.992209 s, 13.6 MB/s
2026-05-20 03:08:25,246 DEBUG   1021313024 bytes (1.0 GB) copied, 75.005392 s, 13.6 MB/s
2026-05-20 03:08:25,246 DEBUG   1035993088 bytes (1.0 GB) copied, 76.077162 s, 13.6 MB/s
2026-05-20 03:08:25,246 DEBUG   1051721728 bytes (1.1 GB) copied, 77.163196 s, 13.6 MB/s
2026-05-20 03:08:25,246 DEBUG   1067450368 bytes (1.1 GB) copied, 78.214383 s, 13.6 MB/s
2026-05-20 03:08:25,246 DEBUG   1024+0 records in
2026-05-20 03:08:25,246 DEBUG   1024+0 records out
2026-05-20 03:08:25,246 DEBUG   1073741824 bytes (1.1 GB) copied, 78.7152 s, 13.6 MB/s
2026-05-20 03:08:25,246 DEBUG   OK (disk op exit 0)
2026-05-20 03:08:25,246 WARNING Guest disk op wall 80.6s (vm='ahv_ins_delete-0-260514-180903' ip=10.114.50.29 op=create ec=0) — includes SSH + guest disk command; if still high, check guest disk throughput vs. MiB settings.
2026-05-20 03:08:25,246 DEBUG [44/1170] VM ff98e233… (ahv_ins_delete-0-260514-182536) via 10.114.50.249 op=create
2026-05-20 03:08:25,247 DEBUG   remote: bash -lc 'set -e; _bs(){ printf '"'"'BULK_SNAP_T %s %s\n'"'"' "$1" "$(date +%s.%N 2>/dev/null || date +%s)"; }; _bs guest_start; _bs pipeline_start; openssl enc -aes-256-ctr -pass pass:"testing" -nosalt < /dev/zero 2>/dev/null | dd of=/root/dummy_snapshot_data_1.img bs=1M count=1024 iflag=fullblock status=progress; ec=$?; _bs pipeline_done; _bs guest_end; exit $ec'
2026-05-20 03:08:25,705 DEBUG   BULK_SNAP_T guest_start 1779214021.777675516
2026-05-20 03:08:25,705 DEBUG   BULK_SNAP_T pipeline_start 1779214021.795748365
2026-05-20 03:08:25,705 DEBUG   BULK_SNAP_T pipeline_done 1779214101.363708367
2026-05-20 03:08:25,705 DEBUG   BULK_SNAP_T guest_end 1779214101.385950077
2026-05-20 03:08:25,705 DEBUG   
2026-05-20 03:08:25,705 DEBUG   13631488 bytes (14 MB) copied, 1.050301 s, 13.0 MB/s
2026-05-20 03:08:25,705 DEBUG   26214400 bytes (26 MB) copied, 2.056261 s, 12.7 MB/s
2026-05-20 03:08:25,705 DEBUG   37748736 bytes (38 MB) copied, 3.170291 s, 11.9 MB/s
2026-05-20 03:08:25,705 DEBUG   52428800 bytes (52 MB) copied, 4.255260 s, 12.3 MB/s
2026-05-20 03:08:25,705 DEBUG   62914560 bytes (63 MB) copied, 5.269440 s, 11.9 MB/s
2026-05-20 03:08:25,705 DEBUG   74448896 bytes (74 MB) copied, 6.400337 s, 11.6 MB/s
2026-05-20 03:08:25,706 DEBUG   88080384 bytes (88 MB) copied, 7.476281 s, 11.8 MB/s
2026-05-20 03:08:25,706 DEBUG   99614720 bytes (100 MB) copied, 8.647296 s, 11.5 MB/s
2026-05-20 03:08:25,706 DEBUG   108003328 bytes (108 MB) copied, 9.748259 s, 11.1 MB/s
2026-05-20 03:08:25,706 DEBUG   118489088 bytes (118 MB) copied, 10.819295 s, 11.0 MB/s
2026-05-20 03:08:25,706 DEBUG   130023424 bytes (130 MB) copied, 11.859266 s, 11.0 MB/s
2026-05-20 03:08:25,706 DEBUG   142606336 bytes (143 MB) copied, 12.935305 s, 11.0 MB/s
2026-05-20 03:08:25,706 DEBUG   156237824 bytes (156 MB) copied, 13.971244 s, 11.2 MB/s
2026-05-20 03:08:25,706 DEBUG   164626432 bytes (165 MB) copied, 14.974328 s, 11.0 MB/s
2026-05-20 03:08:25,706 DEBUG   181403648 bytes (181 MB) copied, 16.003568 s, 11.3 MB/s
2026-05-20 03:08:25,706 DEBUG   193986560 bytes (194 MB) copied, 17.032293 s, 11.4 MB/s
2026-05-20 03:08:25,706 DEBUG   205520896 bytes (206 MB) copied, 18.033541 s, 11.4 MB/s
2026-05-20 03:08:25,706 DEBUG   217055232 bytes (217 MB) copied, 19.045304 s, 11.4 MB/s
2026-05-20 03:08:25,706 DEBUG   229638144 bytes (230 MB) copied, 20.046462 s, 11.5 MB/s
2026-05-20 03:08:25,706 DEBUG   245366784 bytes (245 MB) copied, 21.137300 s, 11.6 MB/s
2026-05-20 03:08:25,706 DEBUG   257949696 bytes (258 MB) copied, 22.316245 s, 11.6 MB/s
2026-05-20 03:08:25,706 DEBUG   273678336 bytes (274 MB) copied, 23.530288 s, 11.6 MB/s
2026-05-20 03:08:25,706 DEBUG   285212672 bytes (285 MB) copied, 24.591285 s, 11.6 MB/s
2026-05-20 03:08:25,706 DEBUG   298844160 bytes (299 MB) copied, 25.602282 s, 11.7 MB/s
2026-05-20 03:08:25,706 DEBUG   318767104 bytes (319 MB) copied, 26.608437 s, 12.0 MB/s
2026-05-20 03:08:25,706 DEBUG   331350016 bytes (331 MB) copied, 27.720451 s, 12.0 MB/s
2026-05-20 03:08:25,706 DEBUG   350224384 bytes (350 MB) copied, 28.774287 s, 12.2 MB/s
2026-05-20 03:08:25,706 DEBUG   371195904 bytes (371 MB) copied, 29.780633 s, 12.5 MB/s
2026-05-20 03:08:25,706 DEBUG   385875968 bytes (386 MB) copied, 30.788304 s, 12.5 MB/s
2026-05-20 03:08:25,706 DEBUG   401604608 bytes (402 MB) copied, 31.826310 s, 12.6 MB/s
2026-05-20 03:08:25,706 DEBUG   416284672 bytes (416 MB) copied, 32.857284 s, 12.7 MB/s
2026-05-20 03:08:25,706 DEBUG   434110464 bytes (434 MB) copied, 33.878315 s, 12.8 MB/s
2026-05-20 03:08:25,706 DEBUG   447741952 bytes (448 MB) copied, 34.921291 s, 12.8 MB/s
2026-05-20 03:08:25,706 DEBUG   460324864 bytes (460 MB) copied, 35.949577 s, 12.8 MB/s
2026-05-20 03:08:25,706 DEBUG   476053504 bytes (476 MB) copied, 37.000673 s, 12.9 MB/s
2026-05-20 03:08:25,706 DEBUG   502267904 bytes (502 MB) copied, 38.003341 s, 13.2 MB/s
2026-05-20 03:08:25,706 DEBUG   516947968 bytes (517 MB) copied, 39.056327 s, 13.2 MB/s
2026-05-20 03:08:25,706 DEBUG   531628032 bytes (532 MB) copied, 40.085296 s, 13.3 MB/s
2026-05-20 03:08:25,706 DEBUG   543162368 bytes (543 MB) copied, 41.147315 s, 13.2 MB/s
2026-05-20 03:08:25,706 DEBUG   552599552 bytes (553 MB) copied, 42.186485 s, 13.1 MB/s
2026-05-20 03:08:25,706 DEBUG   573571072 bytes (574 MB) copied, 43.203259 s, 13.3 MB/s
2026-05-20 03:08:25,706 DEBUG   587202560 bytes (587 MB) copied, 44.228526 s, 13.3 MB/s
2026-05-20 03:08:25,706 DEBUG   600834048 bytes (601 MB) copied, 45.269663 s, 13.3 MB/s
2026-05-20 03:08:25,706 DEBUG   618659840 bytes (619 MB) copied, 46.317266 s, 13.4 MB/s
2026-05-20 03:08:25,706 DEBUG   633339904 bytes (633 MB) copied, 47.356353 s, 13.4 MB/s
2026-05-20 03:08:25,706 DEBUG   651165696 bytes (651 MB) copied, 48.359303 s, 13.5 MB/s
2026-05-20 03:08:25,706 DEBUG   665845760 bytes (666 MB) copied, 49.375275 s, 13.5 MB/s
2026-05-20 03:08:25,706 DEBUG   683671552 bytes (684 MB) copied, 50.447370 s, 13.6 MB/s
2026-05-20 03:08:25,706 DEBUG   701497344 bytes (701 MB) copied, 51.452310 s, 13.6 MB/s
2026-05-20 03:08:25,706 DEBUG   714080256 bytes (714 MB) copied, 52.519284 s, 13.6 MB/s
2026-05-20 03:08:25,706 DEBUG   723517440 bytes (724 MB) copied, 53.560260 s, 13.5 MB/s
2026-05-20 03:08:25,706 DEBUG   737148928 bytes (737 MB) copied, 54.620628 s, 13.5 MB/s
2026-05-20 03:08:25,706 DEBUG   751828992 bytes (752 MB) copied, 55.690304 s, 13.5 MB/s
2026-05-20 03:08:25,706 DEBUG   766509056 bytes (767 MB) copied, 56.789240 s, 13.5 MB/s
2026-05-20 03:08:25,706 DEBUG   780140544 bytes (780 MB) copied, 57.878407 s, 13.5 MB/s
2026-05-20 03:08:25,706 DEBUG   790626304 bytes (791 MB) copied, 58.981473 s, 13.4 MB/s
2026-05-20 03:08:25,706 DEBUG   803209216 bytes (803 MB) copied, 60.100294 s, 13.4 MB/s
2026-05-20 03:08:25,706 DEBUG   813694976 bytes (814 MB) copied, 61.151273 s, 13.3 MB/s
2026-05-20 03:08:25,706 DEBUG   823132160 bytes (823 MB) copied, 62.203338 s, 13.2 MB/s
2026-05-20 03:08:25,707 DEBUG   836763648 bytes (837 MB) copied, 63.322265 s, 13.2 MB/s
2026-05-20 03:08:25,707 DEBUG   853540864 bytes (854 MB) copied, 64.397324 s, 13.3 MB/s
2026-05-20 03:08:25,707 DEBUG   871366656 bytes (871 MB) copied, 65.443307 s, 13.3 MB/s
2026-05-20 03:08:25,707 DEBUG   886046720 bytes (886 MB) copied, 66.602354 s, 13.3 MB/s
2026-05-20 03:08:25,707 DEBUG   900726784 bytes (901 MB) copied, 67.624318 s, 13.3 MB/s
2026-05-20 03:08:25,707 DEBUG   916455424 bytes (916 MB) copied, 68.627461 s, 13.4 MB/s
2026-05-20 03:08:25,707 DEBUG   932184064 bytes (932 MB) copied, 69.653254 s, 13.4 MB/s
2026-05-20 03:08:25,707 DEBUG   948961280 bytes (949 MB) copied, 70.692338 s, 13.4 MB/s
2026-05-20 03:08:25,707 DEBUG   963641344 bytes (964 MB) copied, 71.770264 s, 13.4 MB/s
2026-05-20 03:08:25,707 DEBUG   977272832 bytes (977 MB) copied, 72.822363 s, 13.4 MB/s
2026-05-20 03:08:25,707 DEBUG   990904320 bytes (991 MB) copied, 73.844394 s, 13.4 MB/s
2026-05-20 03:08:25,707 DEBUG   1003487232 bytes (1.0 GB) copied, 74.846357 s, 13.4 MB/s
2026-05-20 03:08:25,707 DEBUG   1017118720 bytes (1.0 GB) copied, 75.922277 s, 13.4 MB/s
2026-05-20 03:08:25,707 DEBUG   1034944512 bytes (1.0 GB) copied, 76.997466 s, 13.4 MB/s
2026-05-20 03:08:25,707 DEBUG   1050673152 bytes (1.1 GB) copied, 78.028284 s, 13.5 MB/s
2026-05-20 03:08:25,707 DEBUG   1066401792 bytes (1.1 GB) copied, 79.046762 s, 13.5 MB/s
2026-05-20 03:08:25,707 DEBUG   1024+0 records in
2026-05-20 03:08:25,707 DEBUG   1024+0 records out
2026-05-20 03:08:25,707 DEBUG   1073741824 bytes (1.1 GB) copied, 79.3914 s, 13.5 MB/s
2026-05-20 03:08:25,707 DEBUG   OK (disk op exit 0)
2026-05-20 03:08:25,707 WARNING Guest disk op wall 81.1s (vm='ahv_ins_delete-0-260514-054142' ip=10.114.51.90 op=create ec=0) — includes SSH + guest disk command; if still high, check guest disk throughput vs. MiB settings.
2026-05-20 03:08:25,708 DEBUG [45/1170] VM 2ebd3836… (ahv_ins_delete-0-260514-182542) via 10.114.52.53 op=create
2026-05-20 03:08:25,708 DEBUG   remote: bash -lc 'set -e; _bs(){ printf '"'"'BULK_SNAP_T %s %s\n'"'"' "$1" "$(date +%s.%N 2>/dev/null || date +%s)"; }; _bs guest_start; _bs pipeline_start; openssl enc -aes-256-ctr -pass pass:"testing" -nosalt < /dev/zero 2>/dev/null | dd of=/root/dummy_snapshot_data_1.img bs=1M count=1024 iflag=fullblock status=progress; ec=$?; _bs pipeline_done; _bs guest_end; exit $ec'
2026-05-20 03:08:26,234 DEBUG   BULK_SNAP_T guest_start 1779214022.447685253
2026-05-20 03:08:26,234 DEBUG   BULK_SNAP_T pipeline_start 1779214022.455669154
2026-05-20 03:08:26,234 DEBUG   BULK_SNAP_T pipeline_done 1779214102.475955810
2026-05-20 03:08:26,234 DEBUG   BULK_SNAP_T guest_end 1779214102.518299892
2026-05-20 03:08:26,234 DEBUG   
2026-05-20 03:08:26,234 DEBUG   12582912 bytes (13 MB) copied, 1.008954 s, 12.5 MB/s
2026-05-20 03:08:26,234 DEBUG   22020096 bytes (22 MB) copied, 2.013009 s, 10.9 MB/s
2026-05-20 03:08:26,234 DEBUG   42991616 bytes (43 MB) copied, 3.097060 s, 13.9 MB/s
2026-05-20 03:08:26,234 DEBUG   53477376 bytes (53 MB) copied, 4.105955 s, 13.0 MB/s
2026-05-20 03:08:26,234 DEBUG   63963136 bytes (64 MB) copied, 5.121950 s, 12.5 MB/s
2026-05-20 03:08:26,234 DEBUG   77594624 bytes (78 MB) copied, 6.256970 s, 12.4 MB/s
2026-05-20 03:08:26,234 DEBUG   91226112 bytes (91 MB) copied, 7.294028 s, 12.5 MB/s
2026-05-20 03:08:26,234 DEBUG   98566144 bytes (99 MB) copied, 8.313979 s, 11.9 MB/s
2026-05-20 03:08:26,234 DEBUG   110100480 bytes (110 MB) copied, 9.387960 s, 11.7 MB/s
2026-05-20 03:08:26,234 DEBUG   122683392 bytes (123 MB) copied, 10.462865 s, 11.7 MB/s
2026-05-20 03:08:26,234 DEBUG   134217728 bytes (134 MB) copied, 11.545928 s, 11.6 MB/s
2026-05-20 03:08:26,234 DEBUG   146800640 bytes (147 MB) copied, 12.566954 s, 11.7 MB/s
2026-05-20 03:08:26,234 DEBUG   159383552 bytes (159 MB) copied, 13.636927 s, 11.7 MB/s
2026-05-20 03:08:26,234 DEBUG   174063616 bytes (174 MB) copied, 14.750963 s, 11.8 MB/s
2026-05-20 03:08:26,234 DEBUG   193986560 bytes (194 MB) copied, 15.862013 s, 12.2 MB/s
2026-05-20 03:08:26,234 DEBUG   206569472 bytes (207 MB) copied, 16.894921 s, 12.2 MB/s
2026-05-20 03:08:26,234 DEBUG   218103808 bytes (218 MB) copied, 17.964143 s, 12.1 MB/s
2026-05-20 03:08:26,234 DEBUG   232783872 bytes (233 MB) copied, 19.133151 s, 12.2 MB/s
2026-05-20 03:08:26,235 DEBUG   250609664 bytes (251 MB) copied, 20.187193 s, 12.4 MB/s
2026-05-20 03:08:26,235 DEBUG   266338304 bytes (266 MB) copied, 21.308959 s, 12.5 MB/s
2026-05-20 03:08:26,235 DEBUG   279969792 bytes (280 MB) copied, 22.332973 s, 12.5 MB/s
2026-05-20 03:08:26,235 DEBUG   299892736 bytes (300 MB) copied, 23.422184 s, 12.8 MB/s
2026-05-20 03:08:26,235 DEBUG   314572800 bytes (315 MB) copied, 24.444898 s, 12.9 MB/s
2026-05-20 03:08:26,235 DEBUG   326107136 bytes (326 MB) copied, 25.622055 s, 12.7 MB/s
2026-05-20 03:08:26,235 DEBUG   338690048 bytes (339 MB) copied, 26.638962 s, 12.7 MB/s
2026-05-20 03:08:26,235 DEBUG   357564416 bytes (358 MB) copied, 27.664892 s, 12.9 MB/s
2026-05-20 03:08:26,235 DEBUG   374341632 bytes (374 MB) copied, 28.700942 s, 13.0 MB/s
2026-05-20 03:08:26,235 DEBUG   386924544 bytes (387 MB) copied, 29.770339 s, 13.0 MB/s
2026-05-20 03:08:26,235 DEBUG   400556032 bytes (401 MB) copied, 30.858164 s, 13.0 MB/s
2026-05-20 03:08:26,235 DEBUG   415236096 bytes (415 MB) copied, 31.915182 s, 13.0 MB/s
2026-05-20 03:08:26,235 DEBUG   426770432 bytes (427 MB) copied, 32.990002 s, 12.9 MB/s
2026-05-20 03:08:26,235 DEBUG   441450496 bytes (441 MB) copied, 34.010935 s, 13.0 MB/s
2026-05-20 03:08:26,235 DEBUG   451936256 bytes (452 MB) copied, 35.069906 s, 12.9 MB/s
2026-05-20 03:08:26,235 DEBUG   461373440 bytes (461 MB) copied, 36.085002 s, 12.8 MB/s
2026-05-20 03:08:26,235 DEBUG   473956352 bytes (474 MB) copied, 37.125935 s, 12.8 MB/s
2026-05-20 03:08:26,235 DEBUG   488636416 bytes (489 MB) copied, 38.211955 s, 12.8 MB/s
2026-05-20 03:08:26,235 DEBUG   501219328 bytes (501 MB) copied, 39.268908 s, 12.8 MB/s
2026-05-20 03:08:26,235 DEBUG   512753664 bytes (513 MB) copied, 40.279974 s, 12.7 MB/s
2026-05-20 03:08:26,235 DEBUG   525336576 bytes (525 MB) copied, 41.400893 s, 12.7 MB/s
2026-05-20 03:08:26,235 DEBUG   537919488 bytes (538 MB) copied, 42.478927 s, 12.7 MB/s
2026-05-20 03:08:26,235 DEBUG   551550976 bytes (552 MB) copied, 43.553887 s, 12.7 MB/s
2026-05-20 03:08:26,235 DEBUG   567279616 bytes (567 MB) copied, 44.597939 s, 12.7 MB/s
2026-05-20 03:08:26,235 DEBUG   580911104 bytes (581 MB) copied, 45.601923 s, 12.7 MB/s
2026-05-20 03:08:26,235 DEBUG   592445440 bytes (592 MB) copied, 46.653957 s, 12.7 MB/s
2026-05-20 03:08:26,235 DEBUG   613416960 bytes (613 MB) copied, 47.728725 s, 12.9 MB/s
2026-05-20 03:08:26,235 DEBUG   633339904 bytes (633 MB) copied, 48.820349 s, 13.0 MB/s
2026-05-20 03:08:26,235 DEBUG   649068544 bytes (649 MB) copied, 49.823941 s, 13.0 MB/s
2026-05-20 03:08:26,235 DEBUG   666894336 bytes (667 MB) copied, 50.852932 s, 13.1 MB/s
2026-05-20 03:08:26,235 DEBUG   678428672 bytes (678 MB) copied, 51.885155 s, 13.1 MB/s
2026-05-20 03:08:26,235 DEBUG   689963008 bytes (690 MB) copied, 52.900901 s, 13.0 MB/s
2026-05-20 03:08:26,235 DEBUG   713031680 bytes (713 MB) copied, 54.021940 s, 13.2 MB/s
2026-05-20 03:08:26,235 DEBUG   730857472 bytes (731 MB) copied, 55.054335 s, 13.3 MB/s
2026-05-20 03:08:26,235 DEBUG   743440384 bytes (743 MB) copied, 56.133453 s, 13.2 MB/s
2026-05-20 03:08:26,235 DEBUG   763363328 bytes (763 MB) copied, 57.265045 s, 13.3 MB/s
2026-05-20 03:08:26,235 DEBUG   776994816 bytes (777 MB) copied, 58.358316 s, 13.3 MB/s
2026-05-20 03:08:26,235 DEBUG   787480576 bytes (787 MB) copied, 59.362923 s, 13.3 MB/s
2026-05-20 03:08:26,235 DEBUG   797966336 bytes (798 MB) copied, 60.576016 s, 13.2 MB/s
2026-05-20 03:08:26,235 DEBUG   807403520 bytes (807 MB) copied, 61.708968 s, 13.1 MB/s
2026-05-20 03:08:26,235 DEBUG   819986432 bytes (820 MB) copied, 62.761017 s, 13.1 MB/s
2026-05-20 03:08:26,235 DEBUG   840957952 bytes (841 MB) copied, 63.804974 s, 13.2 MB/s
2026-05-20 03:08:26,235 DEBUG   853540864 bytes (854 MB) copied, 64.824971 s, 13.2 MB/s
2026-05-20 03:08:26,235 DEBUG   867172352 bytes (867 MB) copied, 65.933054 s, 13.2 MB/s
2026-05-20 03:08:26,235 DEBUG   881852416 bytes (882 MB) copied, 66.969953 s, 13.2 MB/s
2026-05-20 03:08:26,235 DEBUG   898629632 bytes (899 MB) copied, 68.068961 s, 13.2 MB/s
2026-05-20 03:08:26,235 DEBUG   913309696 bytes (913 MB) copied, 69.113232 s, 13.2 MB/s
2026-05-20 03:08:26,235 DEBUG   926941184 bytes (927 MB) copied, 70.125057 s, 13.2 MB/s
2026-05-20 03:08:26,235 DEBUG   942669824 bytes (943 MB) copied, 71.203907 s, 13.2 MB/s
2026-05-20 03:08:26,235 DEBUG   955252736 bytes (955 MB) copied, 72.213419 s, 13.2 MB/s
2026-05-20 03:08:26,235 DEBUG   974127104 bytes (974 MB) copied, 73.233999 s, 13.3 MB/s
2026-05-20 03:08:26,236 DEBUG   984612864 bytes (985 MB) copied, 74.338857 s, 13.2 MB/s
2026-05-20 03:08:26,236 DEBUG   1001390080 bytes (1.0 GB) copied, 75.376938 s, 13.3 MB/s
2026-05-20 03:08:26,236 DEBUG   1013972992 bytes (1.0 GB) copied, 76.442417 s, 13.3 MB/s
2026-05-20 03:08:26,236 DEBUG   1031798784 bytes (1.0 GB) copied, 77.539092 s, 13.3 MB/s
2026-05-20 03:08:26,236 DEBUG   1046478848 bytes (1.0 GB) copied, 78.568637 s, 13.3 MB/s
2026-05-20 03:08:26,236 DEBUG   1063256064 bytes (1.1 GB) copied, 79.569137 s, 13.4 MB/s
2026-05-20 03:08:26,236 DEBUG   1024+0 records in
2026-05-20 03:08:26,236 DEBUG   1024+0 records out
2026-05-20 03:08:26,236 DEBUG   1073741824 bytes (1.1 GB) copied, 79.8711 s, 13.4 MB/s
2026-05-20 03:08:26,236 DEBUG   OK (disk op exit 0)
2026-05-20 03:08:26,236 WARNING Guest disk op wall 81.6s (vm='ahv_ins_delete-0-260514-180913' ip=10.114.50.202 op=create ec=0) — includes SSH + guest disk command; if still high, check guest disk throughput vs. MiB settings.
2026-05-20 03:08:26,236 DEBUG [46/1170] VM 85cd5f4e… (ahv_ins_delete-0-260514-183015) via 10.114.48.29 op=create
2026-05-20 03:08:26,236 DEBUG   remote: bash -lc 'set -e; _bs(){ printf '"'"'BULK_SNAP_T %s %s\n'"'"' "$1" "$(date +%s.%N 2>/dev/null || date +%s)"; }; _bs guest_start; _bs pipeline_start; openssl enc -aes-256-ctr -pass pass:"testing" -nosalt < /dev/zero 2>/dev/null | dd of=/root/dummy_snapshot_data_1.img bs=1M count=1024 iflag=fullblock status=progress; ec=$?; _bs pipeline_done; _bs guest_end; exit $ec'
2026-05-20 03:08:26,671 DEBUG   BULK_SNAP_T guest_start 1779214022.008288780
2026-05-20 03:08:26,671 DEBUG   BULK_SNAP_T pipeline_start 1779214022.014210693
2026-05-20 03:08:26,671 DEBUG   BULK_SNAP_T pipeline_done 1779214102.987001969
2026-05-20 03:08:26,671 DEBUG   BULK_SNAP_T guest_end 1779214102.990753986
2026-05-20 03:08:26,671 DEBUG   
2026-05-20 03:08:26,671 DEBUG   14680064 bytes (15 MB) copied, 1.049023 s, 14.0 MB/s
2026-05-20 03:08:26,671 DEBUG   28311552 bytes (28 MB) copied, 2.154064 s, 13.1 MB/s
2026-05-20 03:08:26,671 DEBUG   42991616 bytes (43 MB) copied, 3.181065 s, 13.5 MB/s
2026-05-20 03:08:26,671 DEBUG   56623104 bytes (57 MB) copied, 4.240039 s, 13.4 MB/s
2026-05-20 03:08:26,671 DEBUG   71303168 bytes (71 MB) copied, 5.296030 s, 13.5 MB/s
2026-05-20 03:08:26,671 DEBUG   90177536 bytes (90 MB) copied, 6.300062 s, 14.3 MB/s
2026-05-20 03:08:26,671 DEBUG   101711872 bytes (102 MB) copied, 7.405393 s, 13.7 MB/s
2026-05-20 03:08:26,671 DEBUG   113246208 bytes (113 MB) copied, 8.429030 s, 13.4 MB/s
2026-05-20 03:08:26,671 DEBUG   122683392 bytes (123 MB) copied, 9.556145 s, 12.8 MB/s
2026-05-20 03:08:26,671 DEBUG   133169152 bytes (133 MB) copied, 10.611048 s, 12.6 MB/s
2026-05-20 03:08:26,671 DEBUG   146800640 bytes (147 MB) copied, 11.643048 s, 12.6 MB/s
2026-05-20 03:08:26,672 DEBUG   159383552 bytes (159 MB) copied, 12.667073 s, 12.6 MB/s
2026-05-20 03:08:26,672 DEBUG   173015040 bytes (173 MB) copied, 13.782251 s, 12.6 MB/s
2026-05-20 03:08:26,672 DEBUG   187695104 bytes (188 MB) copied, 14.853009 s, 12.6 MB/s
2026-05-20 03:08:26,672 DEBUG   198180864 bytes (198 MB) copied, 15.947112 s, 12.4 MB/s
2026-05-20 03:08:26,672 DEBUG   214958080 bytes (215 MB) copied, 16.996269 s, 12.6 MB/s
2026-05-20 03:08:26,672 DEBUG   228589568 bytes (229 MB) copied, 18.216124 s, 12.5 MB/s
2026-05-20 03:08:26,672 DEBUG   242221056 bytes (242 MB) copied, 19.249080 s, 12.6 MB/s
2026-05-20 03:08:26,672 DEBUG   254803968 bytes (255 MB) copied, 20.367112 s, 12.5 MB/s
2026-05-20 03:08:26,672 DEBUG   267386880 bytes (267 MB) copied, 21.380417 s, 12.5 MB/s
2026-05-20 03:08:26,672 DEBUG   278921216 bytes (279 MB) copied, 22.406066 s, 12.4 MB/s
2026-05-20 03:08:26,672 DEBUG   290455552 bytes (290 MB) copied, 23.418068 s, 12.4 MB/s
2026-05-20 03:08:26,672 DEBUG   305135616 bytes (305 MB) copied, 24.429118 s, 12.5 MB/s
2026-05-20 03:08:26,672 DEBUG   324009984 bytes (324 MB) copied, 25.447045 s, 12.7 MB/s
2026-05-20 03:08:26,672 DEBUG   342884352 bytes (343 MB) copied, 26.490219 s, 12.9 MB/s
2026-05-20 03:08:26,672 DEBUG   351272960 bytes (351 MB) copied, 27.603122 s, 12.7 MB/s
2026-05-20 03:08:26,672 DEBUG   362807296 bytes (363 MB) copied, 28.661039 s, 12.7 MB/s
2026-05-20 03:08:26,672 DEBUG   376438784 bytes (376 MB) copied, 29.735063 s, 12.7 MB/s
2026-05-20 03:08:26,672 DEBUG   387973120 bytes (388 MB) copied, 30.773080 s, 12.6 MB/s
2026-05-20 03:08:26,672 DEBUG   404750336 bytes (405 MB) copied, 31.815082 s, 12.7 MB/s
2026-05-20 03:08:26,672 DEBUG   424673280 bytes (425 MB) copied, 32.957153 s, 12.9 MB/s
2026-05-20 03:08:26,672 DEBUG   437256192 bytes (437 MB) copied, 33.979054 s, 12.9 MB/s
2026-05-20 03:08:26,672 DEBUG   455081984 bytes (455 MB) copied, 34.983132 s, 13.0 MB/s
2026-05-20 03:08:26,672 DEBUG   470810624 bytes (471 MB) copied, 35.997190 s, 13.1 MB/s
2026-05-20 03:08:26,672 DEBUG   487587840 bytes (488 MB) copied, 37.071082 s, 13.2 MB/s
2026-05-20 03:08:26,672 DEBUG   501219328 bytes (501 MB) copied, 38.130110 s, 13.1 MB/s
2026-05-20 03:08:26,672 DEBUG   513802240 bytes (514 MB) copied, 39.156083 s, 13.1 MB/s
2026-05-20 03:08:26,672 DEBUG   528482304 bytes (528 MB) copied, 40.200084 s, 13.1 MB/s
2026-05-20 03:08:26,672 DEBUG   538968064 bytes (539 MB) copied, 41.210060 s, 13.1 MB/s
2026-05-20 03:08:26,672 DEBUG   553648128 bytes (554 MB) copied, 42.297320 s, 13.1 MB/s
2026-05-20 03:08:26,672 DEBUG   568328192 bytes (568 MB) copied, 43.385067 s, 13.1 MB/s
2026-05-20 03:08:26,672 DEBUG   580911104 bytes (581 MB) copied, 44.475074 s, 13.1 MB/s
2026-05-20 03:08:26,672 DEBUG   592445440 bytes (592 MB) copied, 45.486079 s, 13.0 MB/s
2026-05-20 03:08:26,672 DEBUG   603979776 bytes (604 MB) copied, 46.554059 s, 13.0 MB/s
2026-05-20 03:08:26,672 DEBUG   616562688 bytes (617 MB) copied, 47.579074 s, 13.0 MB/s
2026-05-20 03:08:26,672 DEBUG   633339904 bytes (633 MB) copied, 48.656117 s, 13.0 MB/s
2026-05-20 03:08:26,672 DEBUG   648019968 bytes (648 MB) copied, 49.724139 s, 13.0 MB/s
2026-05-20 03:08:26,672 DEBUG   659554304 bytes (660 MB) copied, 50.765066 s, 13.0 MB/s
2026-05-20 03:08:26,672 DEBUG   670040064 bytes (670 MB) copied, 51.850184 s, 12.9 MB/s
2026-05-20 03:08:26,672 DEBUG   680525824 bytes (681 MB) copied, 52.861043 s, 12.9 MB/s
2026-05-20 03:08:26,672 DEBUG   693108736 bytes (693 MB) copied, 53.915228 s, 12.9 MB/s
2026-05-20 03:08:26,672 DEBUG   703594496 bytes (704 MB) copied, 54.943052 s, 12.8 MB/s
2026-05-20 03:08:26,672 DEBUG   720371712 bytes (720 MB) copied, 55.944072 s, 12.9 MB/s
2026-05-20 03:08:26,672 DEBUG   750780416 bytes (751 MB) copied, 57.069230 s, 13.2 MB/s
2026-05-20 03:08:26,672 DEBUG   770703360 bytes (771 MB) copied, 58.147092 s, 13.3 MB/s
2026-05-20 03:08:26,672 DEBUG   791674880 bytes (792 MB) copied, 59.375383 s, 13.3 MB/s
2026-05-20 03:08:26,672 DEBUG   802160640 bytes (802 MB) copied, 60.392276 s, 13.3 MB/s
2026-05-20 03:08:26,672 DEBUG   818937856 bytes (819 MB) copied, 61.463073 s, 13.3 MB/s
2026-05-20 03:08:26,672 DEBUG   831520768 bytes (832 MB) copied, 62.479077 s, 13.3 MB/s
2026-05-20 03:08:26,672 DEBUG   843055104 bytes (843 MB) copied, 63.533192 s, 13.3 MB/s
2026-05-20 03:08:26,672 DEBUG   856686592 bytes (857 MB) copied, 64.559099 s, 13.3 MB/s
2026-05-20 03:08:26,672 DEBUG   869269504 bytes (869 MB) copied, 65.648351 s, 13.2 MB/s
2026-05-20 03:08:26,673 DEBUG   884998144 bytes (885 MB) copied, 66.672124 s, 13.3 MB/s
2026-05-20 03:08:26,673 DEBUG   898629632 bytes (899 MB) copied, 67.733100 s, 13.3 MB/s
2026-05-20 03:08:26,673 DEBUG   913309696 bytes (913 MB) copied, 68.761048 s, 13.3 MB/s
2026-05-20 03:08:26,673 DEBUG   929038336 bytes (929 MB) copied, 69.890188 s, 13.3 MB/s
2026-05-20 03:08:26,673 DEBUG   942669824 bytes (943 MB) copied, 70.978050 s, 13.3 MB/s
2026-05-20 03:08:26,673 DEBUG   957349888 bytes (957 MB) copied, 72.032078 s, 13.3 MB/s
2026-05-20 03:08:26,673 DEBUG   975175680 bytes (975 MB) copied, 73.033092 s, 13.4 MB/s
2026-05-20 03:08:26,673 DEBUG   987758592 bytes (988 MB) copied, 74.092044 s, 13.3 MB/s
2026-05-20 03:08:26,673 DEBUG   1000341504 bytes (1.0 GB) copied, 75.094075 s, 13.3 MB/s
2026-05-20 03:08:26,673 DEBUG   1012924416 bytes (1.0 GB) copied, 76.110048 s, 13.3 MB/s
2026-05-20 03:08:26,673 DEBUG   1024458752 bytes (1.0 GB) copied, 77.149055 s, 13.3 MB/s
2026-05-20 03:08:26,673 DEBUG   1037041664 bytes (1.0 GB) copied, 78.155229 s, 13.3 MB/s
2026-05-20 03:08:26,673 DEBUG   1049624576 bytes (1.0 GB) copied, 79.202343 s, 13.3 MB/s
2026-05-20 03:08:26,673 DEBUG   1064304640 bytes (1.1 GB) copied, 80.221064 s, 13.3 MB/s
2026-05-20 03:08:26,673 DEBUG   1024+0 records in
2026-05-20 03:08:26,673 DEBUG   1024+0 records out
2026-05-20 03:08:26,673 DEBUG   1073741824 bytes (1.1 GB) copied, 80.7977 s, 13.3 MB/s
2026-05-20 03:08:26,673 DEBUG   OK (disk op exit 0)
2026-05-20 03:08:26,673 WARNING Guest disk op wall 82.1s (vm='ahv_ins_delete-0-260514-140657' ip=10.114.51.92 op=create ec=0) — includes SSH + guest disk command; if still high, check guest disk throughput vs. MiB settings.
2026-05-20 03:08:26,673 DEBUG [47/1170] VM f3f3ceb3… (ahv_ins_delete-0-260514-183021) via 10.114.54.76 op=create
2026-05-20 03:08:26,673 DEBUG   remote: bash -lc 'set -e; _bs(){ printf '"'"'BULK_SNAP_T %s %s\n'"'"' "$1" "$(date +%s.%N 2>/dev/null || date +%s)"; }; _bs guest_start; _bs pipeline_start; openssl enc -aes-256-ctr -pass pass:"testing" -nosalt < /dev/zero 2>/dev/null | dd of=/root/dummy_snapshot_data_1.img bs=1M count=1024 iflag=fullblock status=progress; ec=$?; _bs pipeline_done; _bs guest_end; exit $ec'
2026-05-20 03:08:26,678 DEBUG   BULK_SNAP_T guest_start 1779214021.919060665
2026-05-20 03:08:26,678 DEBUG   BULK_SNAP_T pipeline_start 1779214021.929612011
2026-05-20 03:08:26,678 DEBUG   BULK_SNAP_T pipeline_done 1779214102.702769698
2026-05-20 03:08:26,678 DEBUG   BULK_SNAP_T guest_end 1779214102.716589250
2026-05-20 03:08:26,678 DEBUG   
2026-05-20 03:08:26,678 DEBUG   15728640 bytes (16 MB) copied, 1.096338 s, 14.3 MB/s
2026-05-20 03:08:26,678 DEBUG   24117248 bytes (24 MB) copied, 2.143904 s, 11.2 MB/s
2026-05-20 03:08:26,678 DEBUG   36700160 bytes (37 MB) copied, 3.227577 s, 11.4 MB/s
2026-05-20 03:08:26,678 DEBUG   53477376 bytes (53 MB) copied, 4.291418 s, 12.5 MB/s
2026-05-20 03:08:26,678 DEBUG   62914560 bytes (63 MB) copied, 5.340460 s, 11.8 MB/s
2026-05-20 03:08:26,678 DEBUG   74448896 bytes (74 MB) copied, 6.373398 s, 11.7 MB/s
2026-05-20 03:08:26,678 DEBUG   85983232 bytes (86 MB) copied, 7.401422 s, 11.6 MB/s
2026-05-20 03:08:26,678 DEBUG   99614720 bytes (100 MB) copied, 8.566374 s, 11.6 MB/s
2026-05-20 03:08:26,678 DEBUG   110100480 bytes (110 MB) copied, 9.610374 s, 11.5 MB/s
2026-05-20 03:08:26,678 DEBUG   122683392 bytes (123 MB) copied, 10.620506 s, 11.6 MB/s
2026-05-20 03:08:26,678 DEBUG   131072000 bytes (131 MB) copied, 11.684386 s, 11.2 MB/s
2026-05-20 03:08:26,678 DEBUG   141557760 bytes (142 MB) copied, 12.746401 s, 11.1 MB/s
2026-05-20 03:08:26,678 DEBUG   154140672 bytes (154 MB) copied, 13.794470 s, 11.2 MB/s
2026-05-20 03:08:26,679 DEBUG   168820736 bytes (169 MB) copied, 15.008364 s, 11.2 MB/s
2026-05-20 03:08:26,679 DEBUG   185597952 bytes (186 MB) copied, 16.079362 s, 11.5 MB/s
2026-05-20 03:08:26,679 DEBUG   201326592 bytes (201 MB) copied, 17.081413 s, 11.8 MB/s
2026-05-20 03:08:26,679 DEBUG   213909504 bytes (214 MB) copied, 18.093350 s, 11.8 MB/s
2026-05-20 03:08:26,679 DEBUG   224395264 bytes (224 MB) copied, 19.158386 s, 11.7 MB/s
2026-05-20 03:08:26,679 DEBUG   239075328 bytes (239 MB) copied, 20.247386 s, 11.8 MB/s
2026-05-20 03:08:26,679 DEBUG   253755392 bytes (254 MB) copied, 21.298674 s, 11.9 MB/s
2026-05-20 03:08:26,679 DEBUG   265289728 bytes (265 MB) copied, 22.645429 s, 11.7 MB/s
2026-05-20 03:08:26,679 DEBUG   278921216 bytes (279 MB) copied, 23.766435 s, 11.7 MB/s
2026-05-20 03:08:26,679 DEBUG   290455552 bytes (290 MB) copied, 24.822362 s, 11.7 MB/s
2026-05-20 03:08:26,679 DEBUG   301989888 bytes (302 MB) copied, 25.886375 s, 11.7 MB/s
2026-05-20 03:08:26,679 DEBUG   312475648 bytes (312 MB) copied, 26.891691 s, 11.6 MB/s
2026-05-20 03:08:26,679 DEBUG   328204288 bytes (328 MB) copied, 27.965482 s, 11.7 MB/s
2026-05-20 03:08:26,679 DEBUG   341835776 bytes (342 MB) copied, 29.092376 s, 11.8 MB/s
2026-05-20 03:08:26,679 DEBUG   355467264 bytes (355 MB) copied, 30.118619 s, 11.8 MB/s
2026-05-20 03:08:26,679 DEBUG   379584512 bytes (380 MB) copied, 31.168380 s, 12.2 MB/s
2026-05-20 03:08:26,679 DEBUG   396361728 bytes (396 MB) copied, 32.278399 s, 12.3 MB/s
2026-05-20 03:08:26,679 DEBUG   406847488 bytes (407 MB) copied, 33.395387 s, 12.2 MB/s
2026-05-20 03:08:26,679 DEBUG   421527552 bytes (422 MB) copied, 34.455411 s, 12.2 MB/s
2026-05-20 03:08:26,679 DEBUG   433061888 bytes (433 MB) copied, 35.455492 s, 12.2 MB/s
2026-05-20 03:08:26,679 DEBUG   444596224 bytes (445 MB) copied, 36.490333 s, 12.2 MB/s
2026-05-20 03:08:26,679 DEBUG   457179136 bytes (457 MB) copied, 37.511361 s, 12.2 MB/s
2026-05-20 03:08:26,679 DEBUG   470810624 bytes (471 MB) copied, 38.707363 s, 12.2 MB/s
2026-05-20 03:08:26,679 DEBUG   486539264 bytes (487 MB) copied, 39.732424 s, 12.2 MB/s
2026-05-20 03:08:26,679 DEBUG   503316480 bytes (503 MB) copied, 40.738674 s, 12.4 MB/s
2026-05-20 03:08:26,679 DEBUG   521142272 bytes (521 MB) copied, 41.984386 s, 12.4 MB/s
2026-05-20 03:08:26,679 DEBUG   536870912 bytes (537 MB) copied, 43.086391 s, 12.5 MB/s
2026-05-20 03:08:26,679 DEBUG   551550976 bytes (552 MB) copied, 44.110402 s, 12.5 MB/s
2026-05-20 03:08:26,679 DEBUG   565182464 bytes (565 MB) copied, 45.270363 s, 12.5 MB/s
2026-05-20 03:08:26,679 DEBUG   577765376 bytes (578 MB) copied, 46.317489 s, 12.5 MB/s
2026-05-20 03:08:26,679 DEBUG   596639744 bytes (597 MB) copied, 47.394548 s, 12.6 MB/s
2026-05-20 03:08:26,679 DEBUG   614465536 bytes (614 MB) copied, 48.435398 s, 12.7 MB/s
2026-05-20 03:08:26,679 DEBUG   628097024 bytes (628 MB) copied, 49.514436 s, 12.7 MB/s
2026-05-20 03:08:26,679 DEBUG   643825664 bytes (644 MB) copied, 50.554424 s, 12.7 MB/s
2026-05-20 03:08:26,679 DEBUG   655360000 bytes (655 MB) copied, 51.555919 s, 12.7 MB/s
2026-05-20 03:08:26,679 DEBUG   670040064 bytes (670 MB) copied, 52.598400 s, 12.7 MB/s
2026-05-20 03:08:26,679 DEBUG   684720128 bytes (685 MB) copied, 53.681456 s, 12.8 MB/s
2026-05-20 03:08:26,679 DEBUG   697303040 bytes (697 MB) copied, 54.711358 s, 12.7 MB/s
2026-05-20 03:08:26,679 DEBUG   713031680 bytes (713 MB) copied, 55.745443 s, 12.8 MB/s
2026-05-20 03:08:26,679 DEBUG   724566016 bytes (725 MB) copied, 56.931341 s, 12.7 MB/s
2026-05-20 03:08:26,679 DEBUG   737148928 bytes (737 MB) copied, 58.079418 s, 12.7 MB/s
2026-05-20 03:08:26,679 DEBUG   747634688 bytes (748 MB) copied, 59.094438 s, 12.7 MB/s
2026-05-20 03:08:26,679 DEBUG   757071872 bytes (757 MB) copied, 60.123373 s, 12.6 MB/s
2026-05-20 03:08:26,679 DEBUG   767557632 bytes (768 MB) copied, 61.163403 s, 12.5 MB/s
2026-05-20 03:08:26,679 DEBUG   781189120 bytes (781 MB) copied, 62.193706 s, 12.6 MB/s
2026-05-20 03:08:26,679 DEBUG   795869184 bytes (796 MB) copied, 63.217620 s, 12.6 MB/s
2026-05-20 03:08:26,679 DEBUG   810549248 bytes (811 MB) copied, 64.220358 s, 12.6 MB/s
2026-05-20 03:08:26,680 DEBUG   825229312 bytes (825 MB) copied, 65.257456 s, 12.6 MB/s
2026-05-20 03:08:26,680 DEBUG   839909376 bytes (840 MB) copied, 66.295668 s, 12.7 MB/s
2026-05-20 03:08:26,680 DEBUG   853540864 bytes (854 MB) copied, 67.314411 s, 12.7 MB/s
2026-05-20 03:08:26,680 DEBUG   869269504 bytes (869 MB) copied, 68.320419 s, 12.7 MB/s
2026-05-20 03:08:26,680 DEBUG   883949568 bytes (884 MB) copied, 69.349454 s, 12.7 MB/s
2026-05-20 03:08:26,680 DEBUG   898629632 bytes (899 MB) copied, 70.381529 s, 12.8 MB/s
2026-05-20 03:08:26,680 DEBUG   914358272 bytes (914 MB) copied, 71.405423 s, 12.8 MB/s
2026-05-20 03:08:26,680 DEBUG   933232640 bytes (933 MB) copied, 72.432383 s, 12.9 MB/s
2026-05-20 03:08:26,680 DEBUG   946864128 bytes (947 MB) copied, 73.525405 s, 12.9 MB/s
2026-05-20 03:08:26,680 DEBUG   960495616 bytes (960 MB) copied, 74.610338 s, 12.9 MB/s
2026-05-20 03:08:26,680 DEBUG   975175680 bytes (975 MB) copied, 75.682373 s, 12.9 MB/s
2026-05-20 03:08:26,680 DEBUG   994050048 bytes (994 MB) copied, 76.755540 s, 13.0 MB/s
2026-05-20 03:08:26,680 DEBUG   1021313024 bytes (1.0 GB) copied, 77.841359 s, 13.1 MB/s
2026-05-20 03:08:26,680 DEBUG   1035993088 bytes (1.0 GB) copied, 78.894375 s, 13.1 MB/s
2026-05-20 03:08:26,680 DEBUG   1058013184 bytes (1.1 GB) copied, 79.926735 s, 13.2 MB/s
2026-05-20 03:08:26,680 DEBUG   1024+0 records in
2026-05-20 03:08:26,680 DEBUG   1024+0 records out
2026-05-20 03:08:26,680 DEBUG   1073741824 bytes (1.1 GB) copied, 80.6557 s, 13.3 MB/s
2026-05-20 03:08:26,680 DEBUG   OK (disk op exit 0)
2026-05-20 03:08:26,680 WARNING Guest disk op wall 82.1s (vm='ahv_ins_delete-0-260514-081710' ip=10.114.51.171 op=create ec=0) — includes SSH + guest disk command; if still high, check guest disk throughput vs. MiB settings.
2026-05-20 03:08:26,680 DEBUG [48/1170] VM 930e019f… (ahv_ins_delete-0-260514-183022) via 10.114.53.12 op=create
2026-05-20 03:08:26,681 DEBUG   remote: bash -lc 'set -e; _bs(){ printf '"'"'BULK_SNAP_T %s %s\n'"'"' "$1" "$(date +%s.%N 2>/dev/null || date +%s)"; }; _bs guest_start; _bs pipeline_start; openssl enc -aes-256-ctr -pass pass:"testing" -nosalt < /dev/zero 2>/dev/null | dd of=/root/dummy_snapshot_data_1.img bs=1M count=1024 iflag=fullblock status=progress; ec=$?; _bs pipeline_done; _bs guest_end; exit $ec'
2026-05-20 03:08:27,467 DEBUG   BULK_SNAP_T guest_start 1779214022.590283250
2026-05-20 03:08:27,467 DEBUG   BULK_SNAP_T pipeline_start 1779214022.608116125
2026-05-20 03:08:27,467 DEBUG   BULK_SNAP_T pipeline_done 1779214104.085751127
2026-05-20 03:08:27,467 DEBUG   BULK_SNAP_T guest_end 1779214104.103422158
2026-05-20 03:08:27,468 DEBUG   
2026-05-20 03:08:27,468 DEBUG   13631488 bytes (14 MB) copied, 1.130631 s, 12.1 MB/s
2026-05-20 03:08:27,468 DEBUG   26214400 bytes (26 MB) copied, 2.148742 s, 12.2 MB/s
2026-05-20 03:08:27,468 DEBUG   39845888 bytes (40 MB) copied, 3.177683 s, 12.5 MB/s
2026-05-20 03:08:27,468 DEBUG   52428800 bytes (52 MB) copied, 4.271946 s, 12.3 MB/s
2026-05-20 03:08:27,468 DEBUG   66060288 bytes (66 MB) copied, 5.396646 s, 12.2 MB/s
2026-05-20 03:08:27,468 DEBUG   77594624 bytes (78 MB) copied, 6.409619 s, 12.1 MB/s
2026-05-20 03:08:27,468 DEBUG   90177536 bytes (90 MB) copied, 7.416675 s, 12.2 MB/s
2026-05-20 03:08:27,468 DEBUG   105906176 bytes (106 MB) copied, 8.647690 s, 12.2 MB/s
2026-05-20 03:08:27,468 DEBUG   121634816 bytes (122 MB) copied, 9.665645 s, 12.6 MB/s
2026-05-20 03:08:27,468 DEBUG   133169152 bytes (133 MB) copied, 10.798780 s, 12.3 MB/s
2026-05-20 03:08:27,468 DEBUG   149946368 bytes (150 MB) copied, 11.973888 s, 12.5 MB/s
2026-05-20 03:08:27,468 DEBUG   165675008 bytes (166 MB) copied, 13.020712 s, 12.7 MB/s
2026-05-20 03:08:27,468 DEBUG   182452224 bytes (182 MB) copied, 14.065849 s, 13.0 MB/s
2026-05-20 03:08:27,468 DEBUG   204472320 bytes (204 MB) copied, 15.066634 s, 13.6 MB/s
2026-05-20 03:08:27,468 DEBUG   222298112 bytes (222 MB) copied, 16.212738 s, 13.7 MB/s
2026-05-20 03:08:27,468 DEBUG   236978176 bytes (237 MB) copied, 17.240784 s, 13.7 MB/s
2026-05-20 03:08:27,468 DEBUG   254803968 bytes (255 MB) copied, 18.241615 s, 14.0 MB/s
2026-05-20 03:08:27,468 DEBUG   266338304 bytes (266 MB) copied, 19.255008 s, 13.8 MB/s
2026-05-20 03:08:27,468 DEBUG   279969792 bytes (280 MB) copied, 20.256966 s, 13.8 MB/s
2026-05-20 03:08:27,468 DEBUG   293601280 bytes (294 MB) copied, 21.272078 s, 13.8 MB/s
2026-05-20 03:08:27,468 DEBUG   303038464 bytes (303 MB) copied, 22.277666 s, 13.6 MB/s
2026-05-20 03:08:27,468 DEBUG   315621376 bytes (316 MB) copied, 23.363579 s, 13.5 MB/s
2026-05-20 03:08:27,468 DEBUG   328204288 bytes (328 MB) copied, 24.470614 s, 13.4 MB/s
2026-05-20 03:08:27,468 DEBUG   344981504 bytes (345 MB) copied, 25.503670 s, 13.5 MB/s
2026-05-20 03:08:27,468 DEBUG   358612992 bytes (359 MB) copied, 26.692650 s, 13.4 MB/s
2026-05-20 03:08:27,468 DEBUG   371195904 bytes (371 MB) copied, 27.842045 s, 13.3 MB/s
2026-05-20 03:08:27,468 DEBUG   392167424 bytes (392 MB) copied, 28.992631 s, 13.5 MB/s
2026-05-20 03:08:27,468 DEBUG   406847488 bytes (407 MB) copied, 30.005145 s, 13.6 MB/s
2026-05-20 03:08:27,468 DEBUG   420478976 bytes (420 MB) copied, 31.144897 s, 13.5 MB/s
2026-05-20 03:08:27,468 DEBUG   434110464 bytes (434 MB) copied, 32.179684 s, 13.5 MB/s
2026-05-20 03:08:27,468 DEBUG   449839104 bytes (450 MB) copied, 33.199911 s, 13.5 MB/s
2026-05-20 03:08:27,468 DEBUG   463470592 bytes (463 MB) copied, 34.308635 s, 13.5 MB/s
2026-05-20 03:08:27,468 DEBUG   476053504 bytes (476 MB) copied, 35.366689 s, 13.5 MB/s
2026-05-20 03:08:27,468 DEBUG   490733568 bytes (491 MB) copied, 36.470611 s, 13.5 MB/s
2026-05-20 03:08:27,468 DEBUG   508559360 bytes (509 MB) copied, 37.483591 s, 13.6 MB/s
2026-05-20 03:08:27,468 DEBUG   524288000 bytes (524 MB) copied, 38.513844 s, 13.6 MB/s
2026-05-20 03:08:27,468 DEBUG   537919488 bytes (538 MB) copied, 39.516668 s, 13.6 MB/s
2026-05-20 03:08:27,468 DEBUG   552599552 bytes (553 MB) copied, 40.544787 s, 13.6 MB/s
2026-05-20 03:08:27,468 DEBUG   564133888 bytes (564 MB) copied, 41.614802 s, 13.6 MB/s
2026-05-20 03:08:27,468 DEBUG   576716800 bytes (577 MB) copied, 42.619904 s, 13.5 MB/s
2026-05-20 03:08:27,468 DEBUG   589299712 bytes (589 MB) copied, 43.680659 s, 13.5 MB/s
2026-05-20 03:08:27,468 DEBUG   603979776 bytes (604 MB) copied, 44.766656 s, 13.5 MB/s
2026-05-20 03:08:27,468 DEBUG   615514112 bytes (616 MB) copied, 45.890652 s, 13.4 MB/s
2026-05-20 03:08:27,468 DEBUG   633339904 bytes (633 MB) copied, 46.965647 s, 13.5 MB/s
2026-05-20 03:08:27,468 DEBUG   644874240 bytes (645 MB) copied, 48.093564 s, 13.4 MB/s
2026-05-20 03:08:27,468 DEBUG   658505728 bytes (659 MB) copied, 49.155659 s, 13.4 MB/s
2026-05-20 03:08:27,468 DEBUG   668991488 bytes (669 MB) copied, 50.288614 s, 13.3 MB/s
2026-05-20 03:08:27,468 DEBUG   691011584 bytes (691 MB) copied, 51.451874 s, 13.4 MB/s
2026-05-20 03:08:27,468 DEBUG   701497344 bytes (701 MB) copied, 52.457666 s, 13.4 MB/s
2026-05-20 03:08:27,468 DEBUG   710934528 bytes (711 MB) copied, 53.477909 s, 13.3 MB/s
2026-05-20 03:08:27,468 DEBUG   723517440 bytes (724 MB) copied, 54.557634 s, 13.3 MB/s
2026-05-20 03:08:27,469 DEBUG   735051776 bytes (735 MB) copied, 55.564928 s, 13.2 MB/s
2026-05-20 03:08:27,469 DEBUG   747634688 bytes (748 MB) copied, 56.606724 s, 13.2 MB/s
2026-05-20 03:08:27,469 DEBUG   758120448 bytes (758 MB) copied, 57.706863 s, 13.1 MB/s
2026-05-20 03:08:27,469 DEBUG   767557632 bytes (768 MB) copied, 58.755787 s, 13.1 MB/s
2026-05-20 03:08:27,469 DEBUG   775946240 bytes (776 MB) copied, 59.763923 s, 13.0 MB/s
2026-05-20 03:08:27,469 DEBUG   787480576 bytes (787 MB) copied, 60.781876 s, 13.0 MB/s
2026-05-20 03:08:27,469 DEBUG   799014912 bytes (799 MB) copied, 61.813632 s, 12.9 MB/s
2026-05-20 03:08:27,469 DEBUG   811597824 bytes (812 MB) copied, 62.883662 s, 12.9 MB/s
2026-05-20 03:08:27,469 DEBUG   827326464 bytes (827 MB) copied, 63.909814 s, 12.9 MB/s
2026-05-20 03:08:27,469 DEBUG   838860800 bytes (839 MB) copied, 64.910666 s, 12.9 MB/s
2026-05-20 03:08:27,469 DEBUG   853540864 bytes (854 MB) copied, 65.930738 s, 12.9 MB/s
2026-05-20 03:08:27,469 DEBUG   865075200 bytes (865 MB) copied, 66.933638 s, 12.9 MB/s
2026-05-20 03:08:27,469 DEBUG   878706688 bytes (879 MB) copied, 68.090657 s, 12.9 MB/s
2026-05-20 03:08:27,469 DEBUG   893386752 bytes (893 MB) copied, 69.254591 s, 12.9 MB/s
2026-05-20 03:08:27,469 DEBUG   909115392 bytes (909 MB) copied, 70.324819 s, 12.9 MB/s
2026-05-20 03:08:27,469 DEBUG   922746880 bytes (923 MB) copied, 71.401661 s, 12.9 MB/s
2026-05-20 03:08:27,469 DEBUG   937426944 bytes (937 MB) copied, 72.599639 s, 12.9 MB/s
2026-05-20 03:08:27,469 DEBUG   950009856 bytes (950 MB) copied, 73.716782 s, 12.9 MB/s
2026-05-20 03:08:27,469 DEBUG   963641344 bytes (964 MB) copied, 74.810651 s, 12.9 MB/s
2026-05-20 03:08:27,469 DEBUG   977272832 bytes (977 MB) copied, 75.856651 s, 12.9 MB/s
2026-05-20 03:08:27,469 DEBUG   994050048 bytes (994 MB) copied, 76.890653 s, 12.9 MB/s
2026-05-20 03:08:27,469 DEBUG   1006632960 bytes (1.0 GB) copied, 77.908948 s, 12.9 MB/s
2026-05-20 03:08:27,469 DEBUG   1031798784 bytes (1.0 GB) copied, 78.951622 s, 13.1 MB/s
2026-05-20 03:08:27,469 DEBUG   1047527424 bytes (1.0 GB) copied, 79.951638 s, 13.1 MB/s
2026-05-20 03:08:27,469 DEBUG   1069547520 bytes (1.1 GB) copied, 81.033589 s, 13.2 MB/s
2026-05-20 03:08:27,469 DEBUG   1024+0 records in
2026-05-20 03:08:27,469 DEBUG   1024+0 records out
2026-05-20 03:08:27,469 DEBUG   1073741824 bytes (1.1 GB) copied, 81.2353 s, 13.2 MB/s
2026-05-20 03:08:27,469 DEBUG   OK (disk op exit 0)
2026-05-20 03:08:27,469 WARNING Guest disk op wall 82.8s (vm='ahv_ins_delete-0-260514-180351' ip=10.114.51.32 op=create ec=0) — includes SSH + guest disk command; if still high, check guest disk throughput vs. MiB settings.
2026-05-20 03:08:27,470 DEBUG [49/1170] VM 9e43f08c… (ahv_ins_delete-0-260514-183039) via 10.114.48.164 op=create
2026-05-20 03:08:27,470 DEBUG   remote: bash -lc 'set -e; _bs(){ printf '"'"'BULK_SNAP_T %s %s\n'"'"' "$1" "$(date +%s.%N 2>/dev/null || date +%s)"; }; _bs guest_start; _bs pipeline_start; openssl enc -aes-256-ctr -pass pass:"testing" -nosalt < /dev/zero 2>/dev/null | dd of=/root/dummy_snapshot_data_1.img bs=1M count=1024 iflag=fullblock status=progress; ec=$?; _bs pipeline_done; _bs guest_end; exit $ec'
2026-05-20 03:08:29,984 DEBUG   BULK_SNAP_T guest_start 1779214022.867955027
2026-05-20 03:08:29,984 DEBUG   BULK_SNAP_T pipeline_start 1779214022.879413041
2026-05-20 03:08:29,984 DEBUG   BULK_SNAP_T pipeline_done 1779214106.638514890
2026-05-20 03:08:29,984 DEBUG   BULK_SNAP_T guest_end 1779214106.647451399
2026-05-20 03:08:29,984 DEBUG   
2026-05-20 03:08:29,984 DEBUG   13631488 bytes (14 MB) copied, 1.054759 s, 12.9 MB/s
2026-05-20 03:08:29,984 DEBUG   24117248 bytes (24 MB) copied, 2.154766 s, 11.2 MB/s
2026-05-20 03:08:29,984 DEBUG   44040192 bytes (44 MB) copied, 3.183758 s, 13.8 MB/s
2026-05-20 03:08:29,984 DEBUG   55574528 bytes (56 MB) copied, 4.204071 s, 13.2 MB/s
2026-05-20 03:08:29,984 DEBUG   72351744 bytes (72 MB) copied, 5.331308 s, 13.6 MB/s
2026-05-20 03:08:29,984 DEBUG   87031808 bytes (87 MB) copied, 6.391749 s, 13.6 MB/s
2026-05-20 03:08:29,984 DEBUG   97517568 bytes (98 MB) copied, 7.461786 s, 13.1 MB/s
2026-05-20 03:08:29,984 DEBUG   120586240 bytes (121 MB) copied, 8.480716 s, 14.2 MB/s
2026-05-20 03:08:29,984 DEBUG   131072000 bytes (131 MB) copied, 9.587779 s, 13.7 MB/s
2026-05-20 03:08:29,984 DEBUG   139460608 bytes (139 MB) copied, 10.607785 s, 13.1 MB/s
2026-05-20 03:08:29,984 DEBUG   149946368 bytes (150 MB) copied, 11.630884 s, 12.9 MB/s
2026-05-20 03:08:29,984 DEBUG   166723584 bytes (167 MB) copied, 12.654720 s, 13.2 MB/s
2026-05-20 03:08:29,984 DEBUG   181403648 bytes (181 MB) copied, 13.659805 s, 13.3 MB/s
2026-05-20 03:08:29,984 DEBUG   197132288 bytes (197 MB) copied, 14.708846 s, 13.4 MB/s
2026-05-20 03:08:29,984 DEBUG   209715200 bytes (210 MB) copied, 15.772929 s, 13.3 MB/s
2026-05-20 03:08:29,984 DEBUG   219152384 bytes (219 MB) copied, 16.855781 s, 13.0 MB/s
2026-05-20 03:08:29,984 DEBUG   230686720 bytes (231 MB) copied, 17.942811 s, 12.9 MB/s
2026-05-20 03:08:29,984 DEBUG   243269632 bytes (243 MB) copied, 18.973762 s, 12.8 MB/s
2026-05-20 03:08:29,984 DEBUG   253755392 bytes (254 MB) copied, 19.993775 s, 12.7 MB/s
2026-05-20 03:08:29,984 DEBUG   268435456 bytes (268 MB) copied, 21.019959 s, 12.8 MB/s
2026-05-20 03:08:29,984 DEBUG   279969792 bytes (280 MB) copied, 22.078016 s, 12.7 MB/s
2026-05-20 03:08:29,984 DEBUG   297795584 bytes (298 MB) copied, 23.148818 s, 12.9 MB/s
2026-05-20 03:08:29,984 DEBUG   310378496 bytes (310 MB) copied, 24.252091 s, 12.8 MB/s
2026-05-20 03:08:29,984 DEBUG   320864256 bytes (321 MB) copied, 25.295804 s, 12.7 MB/s
2026-05-20 03:08:29,984 DEBUG   332398592 bytes (332 MB) copied, 26.357833 s, 12.6 MB/s
2026-05-20 03:08:29,984 DEBUG   346030080 bytes (346 MB) copied, 27.361204 s, 12.6 MB/s
2026-05-20 03:08:29,984 DEBUG   359661568 bytes (360 MB) copied, 28.362772 s, 12.7 MB/s
2026-05-20 03:08:29,984 DEBUG   375390208 bytes (375 MB) copied, 29.368195 s, 12.8 MB/s
2026-05-20 03:08:29,984 DEBUG   389021696 bytes (389 MB) copied, 30.490837 s, 12.8 MB/s
2026-05-20 03:08:29,984 DEBUG   403701760 bytes (404 MB) copied, 31.590751 s, 12.8 MB/s
2026-05-20 03:08:29,984 DEBUG   417333248 bytes (417 MB) copied, 32.605405 s, 12.8 MB/s
2026-05-20 03:08:29,984 DEBUG   430964736 bytes (431 MB) copied, 33.730730 s, 12.8 MB/s
2026-05-20 03:08:29,984 DEBUG   443547648 bytes (444 MB) copied, 34.835863 s, 12.7 MB/s
2026-05-20 03:08:29,984 DEBUG   455081984 bytes (455 MB) copied, 35.968965 s, 12.7 MB/s
2026-05-20 03:08:29,984 DEBUG   467664896 bytes (468 MB) copied, 36.977787 s, 12.6 MB/s
2026-05-20 03:08:29,984 DEBUG   479199232 bytes (479 MB) copied, 38.046811 s, 12.6 MB/s
2026-05-20 03:08:29,985 DEBUG   494927872 bytes (495 MB) copied, 39.227867 s, 12.6 MB/s
2026-05-20 03:08:29,985 DEBUG   506462208 bytes (506 MB) copied, 40.273791 s, 12.6 MB/s
2026-05-20 03:08:29,985 DEBUG   522190848 bytes (522 MB) copied, 41.397028 s, 12.6 MB/s
2026-05-20 03:08:29,985 DEBUG   534773760 bytes (535 MB) copied, 42.432968 s, 12.6 MB/s
2026-05-20 03:08:29,985 DEBUG   548405248 bytes (548 MB) copied, 43.564742 s, 12.6 MB/s
2026-05-20 03:08:29,985 DEBUG   563085312 bytes (563 MB) copied, 44.663780 s, 12.6 MB/s
2026-05-20 03:08:29,985 DEBUG   575668224 bytes (576 MB) copied, 45.689802 s, 12.6 MB/s
2026-05-20 03:08:29,985 DEBUG   588251136 bytes (588 MB) copied, 46.771888 s, 12.6 MB/s
2026-05-20 03:08:29,985 DEBUG   599785472 bytes (600 MB) copied, 47.776755 s, 12.6 MB/s
2026-05-20 03:08:29,985 DEBUG   615514112 bytes (616 MB) copied, 48.795198 s, 12.6 MB/s
2026-05-20 03:08:29,985 DEBUG   629145600 bytes (629 MB) copied, 49.921771 s, 12.6 MB/s
2026-05-20 03:08:29,985 DEBUG   640679936 bytes (641 MB) copied, 51.078905 s, 12.5 MB/s
2026-05-20 03:08:29,985 DEBUG   655360000 bytes (655 MB) copied, 52.198803 s, 12.6 MB/s
2026-05-20 03:08:29,985 DEBUG   668991488 bytes (669 MB) copied, 53.405940 s, 12.5 MB/s
2026-05-20 03:08:29,985 DEBUG   682622976 bytes (683 MB) copied, 54.506784 s, 12.5 MB/s
2026-05-20 03:08:29,985 DEBUG   696254464 bytes (696 MB) copied, 55.760708 s, 12.5 MB/s
2026-05-20 03:08:29,985 DEBUG   711983104 bytes (712 MB) copied, 56.771790 s, 12.5 MB/s
2026-05-20 03:08:29,985 DEBUG   724566016 bytes (725 MB) copied, 57.827737 s, 12.5 MB/s
2026-05-20 03:08:29,985 DEBUG   739246080 bytes (739 MB) copied, 58.860012 s, 12.6 MB/s
2026-05-20 03:08:29,985 DEBUG   749731840 bytes (750 MB) copied, 59.990992 s, 12.5 MB/s
2026-05-20 03:08:29,985 DEBUG   767557632 bytes (768 MB) copied, 61.088813 s, 12.6 MB/s
2026-05-20 03:08:29,985 DEBUG   783286272 bytes (783 MB) copied, 62.156917 s, 12.6 MB/s
2026-05-20 03:08:29,985 DEBUG   799014912 bytes (799 MB) copied, 63.198843 s, 12.6 MB/s
2026-05-20 03:08:29,985 DEBUG   811597824 bytes (812 MB) copied, 64.262769 s, 12.6 MB/s
2026-05-20 03:08:29,985 DEBUG   823132160 bytes (823 MB) copied, 65.401974 s, 12.6 MB/s
2026-05-20 03:08:29,985 DEBUG   837812224 bytes (838 MB) copied, 66.432818 s, 12.6 MB/s
2026-05-20 03:08:29,985 DEBUG   849346560 bytes (849 MB) copied, 67.448763 s, 12.6 MB/s
2026-05-20 03:08:29,985 DEBUG   860880896 bytes (861 MB) copied, 68.483019 s, 12.6 MB/s
2026-05-20 03:08:29,985 DEBUG   874512384 bytes (875 MB) copied, 69.526749 s, 12.6 MB/s
2026-05-20 03:08:29,985 DEBUG   889192448 bytes (889 MB) copied, 70.581796 s, 12.6 MB/s
2026-05-20 03:08:29,985 DEBUG   900726784 bytes (901 MB) copied, 71.711806 s, 12.6 MB/s
2026-05-20 03:08:29,985 DEBUG   917504000 bytes (918 MB) copied, 72.835800 s, 12.6 MB/s
2026-05-20 03:08:29,985 DEBUG   931135488 bytes (931 MB) copied, 73.845804 s, 12.6 MB/s
2026-05-20 03:08:29,985 DEBUG   948961280 bytes (949 MB) copied, 74.965996 s, 12.7 MB/s
2026-05-20 03:08:29,985 DEBUG   964689920 bytes (965 MB) copied, 75.971361 s, 12.7 MB/s
2026-05-20 03:08:29,985 DEBUG   983564288 bytes (984 MB) copied, 76.998836 s, 12.8 MB/s
2026-05-20 03:08:29,985 DEBUG   999292928 bytes (999 MB) copied, 78.012727 s, 12.8 MB/s
2026-05-20 03:08:29,985 DEBUG   1011875840 bytes (1.0 GB) copied, 79.092730 s, 12.8 MB/s
2026-05-20 03:08:29,985 DEBUG   1026555904 bytes (1.0 GB) copied, 80.156993 s, 12.8 MB/s
2026-05-20 03:08:29,985 DEBUG   1043333120 bytes (1.0 GB) copied, 81.164815 s, 12.9 MB/s
2026-05-20 03:08:29,985 DEBUG   1060110336 bytes (1.1 GB) copied, 82.235813 s, 12.9 MB/s
2026-05-20 03:08:29,985 DEBUG   1072693248 bytes (1.1 GB) copied, 83.479809 s, 12.8 MB/s
2026-05-20 03:08:29,985 DEBUG   1024+0 records in
2026-05-20 03:08:29,985 DEBUG   1024+0 records out
2026-05-20 03:08:29,985 DEBUG   1073741824 bytes (1.1 GB) copied, 83.5401 s, 12.9 MB/s
2026-05-20 03:08:29,985 DEBUG   OK (disk op exit 0)
2026-05-20 03:08:29,985 WARNING Guest disk op wall 85.3s (vm='ahv_ins_delete-0-260514-180434' ip=10.114.53.241 op=create ec=0) — includes SSH + guest disk command; if still high, check guest disk throughput vs. MiB settings.
2026-05-20 03:08:29,986 DEBUG [50/1170] VM dd18d61f… (ahv_ins_delete-0-260514-183102) via 10.114.51.38 op=create
2026-05-20 03:08:29,986 DEBUG   remote: bash -lc 'set -e; _bs(){ printf '"'"'BULK_SNAP_T %s %s\n'"'"' "$1" "$(date +%s.%N 2>/dev/null || date +%s)"; }; _bs guest_start; _bs pipeline_start; openssl enc -aes-256-ctr -pass pass:"testing" -nosalt < /dev/zero 2>/dev/null | dd of=/root/dummy_snapshot_data_1.img bs=1M count=1024 iflag=fullblock status=progress; ec=$?; _bs pipeline_done; _bs guest_end; exit $ec'
2026-05-20 03:08:29,986 DEBUG   BULK_SNAP_T guest_start 1779214022.567892492
2026-05-20 03:08:29,986 DEBUG   BULK_SNAP_T pipeline_start 1779214022.580373171
2026-05-20 03:08:29,986 DEBUG   BULK_SNAP_T pipeline_done 1779214106.272495686
2026-05-20 03:08:29,986 DEBUG   BULK_SNAP_T guest_end 1779214106.298370392
2026-05-20 03:08:29,986 DEBUG   
2026-05-20 03:08:29,987 DEBUG   13631488 bytes (14 MB) copied, 1.014529 s, 13.4 MB/s
2026-05-20 03:08:29,987 DEBUG   30408704 bytes (30 MB) copied, 2.046565 s, 14.9 MB/s
2026-05-20 03:08:29,987 DEBUG   45088768 bytes (45 MB) copied, 3.059568 s, 14.7 MB/s
2026-05-20 03:08:29,987 DEBUG   57671680 bytes (58 MB) copied, 4.163560 s, 13.9 MB/s
2026-05-20 03:08:29,987 DEBUG   72351744 bytes (72 MB) copied, 5.180537 s, 14.0 MB/s
2026-05-20 03:08:29,987 DEBUG   84934656 bytes (85 MB) copied, 6.186569 s, 13.7 MB/s
2026-05-20 03:08:29,987 DEBUG   97517568 bytes (98 MB) copied, 7.201560 s, 13.5 MB/s
2026-05-20 03:08:29,987 DEBUG   111149056 bytes (111 MB) copied, 8.282538 s, 13.4 MB/s
2026-05-20 03:08:29,987 DEBUG   122683392 bytes (123 MB) copied, 9.419556 s, 13.0 MB/s
2026-05-20 03:08:29,987 DEBUG   132120576 bytes (132 MB) copied, 10.547552 s, 12.5 MB/s
2026-05-20 03:08:29,987 DEBUG   142606336 bytes (143 MB) copied, 11.639673 s, 12.3 MB/s
2026-05-20 03:08:29,987 DEBUG   159383552 bytes (159 MB) copied, 12.689551 s, 12.6 MB/s
2026-05-20 03:08:29,987 DEBUG   173015040 bytes (173 MB) copied, 13.716592 s, 12.6 MB/s
2026-05-20 03:08:29,987 DEBUG   187695104 bytes (188 MB) copied, 14.722576 s, 12.7 MB/s
2026-05-20 03:08:29,987 DEBUG   204472320 bytes (204 MB) copied, 15.824572 s, 12.9 MB/s
2026-05-20 03:08:29,987 DEBUG   216006656 bytes (216 MB) copied, 16.955592 s, 12.7 MB/s
2026-05-20 03:08:29,987 DEBUG   227540992 bytes (228 MB) copied, 18.039516 s, 12.6 MB/s
2026-05-20 03:08:29,987 DEBUG   239075328 bytes (239 MB) copied, 19.104579 s, 12.5 MB/s
2026-05-20 03:08:29,987 DEBUG   253755392 bytes (254 MB) copied, 20.134529 s, 12.6 MB/s
2026-05-20 03:08:29,987 DEBUG   265289728 bytes (265 MB) copied, 21.149516 s, 12.5 MB/s
2026-05-20 03:08:29,987 DEBUG   276824064 bytes (277 MB) copied, 22.317521 s, 12.4 MB/s
2026-05-20 03:08:29,987 DEBUG   287309824 bytes (287 MB) copied, 23.323569 s, 12.3 MB/s
2026-05-20 03:08:29,987 DEBUG   305135616 bytes (305 MB) copied, 24.453819 s, 12.5 MB/s
2026-05-20 03:08:29,987 DEBUG   317718528 bytes (318 MB) copied, 25.597555 s, 12.4 MB/s
2026-05-20 03:08:29,987 DEBUG   335544320 bytes (336 MB) copied, 26.768598 s, 12.5 MB/s
2026-05-20 03:08:29,987 DEBUG   347078656 bytes (347 MB) copied, 27.836604 s, 12.5 MB/s
2026-05-20 03:08:29,987 DEBUG   361758720 bytes (362 MB) copied, 28.873619 s, 12.5 MB/s
2026-05-20 03:08:29,987 DEBUG   380633088 bytes (381 MB) copied, 29.907814 s, 12.7 MB/s
2026-05-20 03:08:29,987 DEBUG   396361728 bytes (396 MB) copied, 30.955563 s, 12.8 MB/s
2026-05-20 03:08:29,987 DEBUG   413138944 bytes (413 MB) copied, 32.011584 s, 12.9 MB/s
2026-05-20 03:08:29,987 DEBUG   424673280 bytes (425 MB) copied, 33.046567 s, 12.9 MB/s
2026-05-20 03:08:29,988 DEBUG   440401920 bytes (440 MB) copied, 34.075657 s, 12.9 MB/s
2026-05-20 03:08:29,988 DEBUG   454033408 bytes (454 MB) copied, 35.179624 s, 12.9 MB/s
2026-05-20 03:08:29,988 DEBUG   465567744 bytes (466 MB) copied, 36.265751 s, 12.8 MB/s
2026-05-20 03:08:29,988 DEBUG   480247808 bytes (480 MB) copied, 37.380536 s, 12.8 MB/s
2026-05-20 03:08:29,988 DEBUG   493879296 bytes (494 MB) copied, 38.499973 s, 12.8 MB/s
2026-05-20 03:08:29,988 DEBUG   508559360 bytes (509 MB) copied, 39.568543 s, 12.9 MB/s
2026-05-20 03:08:29,988 DEBUG   523239424 bytes (523 MB) copied, 40.630657 s, 12.9 MB/s
2026-05-20 03:08:29,988 DEBUG   536870912 bytes (537 MB) copied, 41.728552 s, 12.9 MB/s
2026-05-20 03:08:29,988 DEBUG   552599552 bytes (553 MB) copied, 42.760879 s, 12.9 MB/s
2026-05-20 03:08:29,988 DEBUG   567279616 bytes (567 MB) copied, 43.876539 s, 12.9 MB/s
2026-05-20 03:08:29,988 DEBUG   578813952 bytes (579 MB) copied, 44.904543 s, 12.9 MB/s
2026-05-20 03:08:29,988 DEBUG   592445440 bytes (592 MB) copied, 45.932550 s, 12.9 MB/s
2026-05-20 03:08:29,988 DEBUG   607125504 bytes (607 MB) copied, 46.991575 s, 12.9 MB/s
2026-05-20 03:08:29,988 DEBUG   621805568 bytes (622 MB) copied, 48.055577 s, 12.9 MB/s
2026-05-20 03:08:29,988 DEBUG   635437056 bytes (635 MB) copied, 49.242542 s, 12.9 MB/s
2026-05-20 03:08:29,988 DEBUG   646971392 bytes (647 MB) copied, 50.374729 s, 12.8 MB/s
2026-05-20 03:08:29,988 DEBUG   662700032 bytes (663 MB) copied, 51.438555 s, 12.9 MB/s
2026-05-20 03:08:29,988 DEBUG   673185792 bytes (673 MB) copied, 52.608598 s, 12.8 MB/s
2026-05-20 03:08:29,988 DEBUG   685768704 bytes (686 MB) copied, 53.659570 s, 12.8 MB/s
2026-05-20 03:08:29,988 DEBUG   696254464 bytes (696 MB) copied, 54.691534 s, 12.7 MB/s
2026-05-20 03:08:29,988 DEBUG   708837376 bytes (709 MB) copied, 55.750522 s, 12.7 MB/s
2026-05-20 03:08:29,988 DEBUG   718274560 bytes (718 MB) copied, 56.759599 s, 12.7 MB/s
2026-05-20 03:08:29,988 DEBUG   734003200 bytes (734 MB) copied, 57.804562 s, 12.7 MB/s
2026-05-20 03:08:29,988 DEBUG   748683264 bytes (749 MB) copied, 59.081613 s, 12.7 MB/s
2026-05-20 03:08:29,988 DEBUG   760217600 bytes (760 MB) copied, 60.173539 s, 12.6 MB/s
2026-05-20 03:08:29,988 DEBUG   771751936 bytes (772 MB) copied, 61.355541 s, 12.6 MB/s
2026-05-20 03:08:29,988 DEBUG   786432000 bytes (786 MB) copied, 62.514541 s, 12.6 MB/s
2026-05-20 03:08:29,988 DEBUG   796917760 bytes (797 MB) copied, 63.521548 s, 12.5 MB/s
2026-05-20 03:08:29,988 DEBUG   808452096 bytes (808 MB) copied, 64.638965 s, 12.5 MB/s
2026-05-20 03:08:29,988 DEBUG   825229312 bytes (825 MB) copied, 65.661686 s, 12.6 MB/s
2026-05-20 03:08:29,988 DEBUG   840957952 bytes (841 MB) copied, 66.718702 s, 12.6 MB/s
2026-05-20 03:08:29,989 DEBUG   857735168 bytes (858 MB) copied, 67.840584 s, 12.6 MB/s
2026-05-20 03:08:29,989 DEBUG   871366656 bytes (871 MB) copied, 68.939651 s, 12.6 MB/s
2026-05-20 03:08:29,989 DEBUG   883949568 bytes (884 MB) copied, 69.986563 s, 12.6 MB/s
2026-05-20 03:08:29,989 DEBUG   896532480 bytes (897 MB) copied, 71.015041 s, 12.6 MB/s
2026-05-20 03:08:29,989 DEBUG   903872512 bytes (904 MB) copied, 72.021702 s, 12.6 MB/s
2026-05-20 03:08:29,989 DEBUG   920649728 bytes (921 MB) copied, 73.097539 s, 12.6 MB/s
2026-05-20 03:08:29,989 DEBUG   935329792 bytes (935 MB) copied, 74.274604 s, 12.6 MB/s
2026-05-20 03:08:29,989 DEBUG   951058432 bytes (951 MB) copied, 75.338636 s, 12.6 MB/s
2026-05-20 03:08:29,989 DEBUG   962592768 bytes (963 MB) copied, 76.397559 s, 12.6 MB/s
2026-05-20 03:08:29,989 DEBUG   977272832 bytes (977 MB) copied, 77.457664 s, 12.6 MB/s
2026-05-20 03:08:29,989 DEBUG   997195776 bytes (997 MB) copied, 78.507824 s, 12.7 MB/s
2026-05-20 03:08:29,989 DEBUG   1016070144 bytes (1.0 GB) copied, 79.520669 s, 12.8 MB/s
2026-05-20 03:08:29,989 DEBUG   1032847360 bytes (1.0 GB) copied, 80.599794 s, 12.8 MB/s
2026-05-20 03:08:29,989 DEBUG   1049624576 bytes (1.0 GB) copied, 81.744585 s, 12.8 MB/s
2026-05-20 03:08:29,989 DEBUG   1065353216 bytes (1.1 GB) copied, 82.757541 s, 12.9 MB/s
2026-05-20 03:08:29,989 DEBUG   1024+0 records in
2026-05-20 03:08:29,989 DEBUG   1024+0 records out
2026-05-20 03:08:29,989 DEBUG   1073741824 bytes (1.1 GB) copied, 83.4418 s, 12.9 MB/s
2026-05-20 03:08:29,989 DEBUG   OK (disk op exit 0)
2026-05-20 03:08:29,989 WARNING Guest disk op wall 85.3s (vm='ahv_ins_delete-0-260514-180402' ip=10.114.49.225 op=create ec=0) — includes SSH + guest disk command; if still high, check guest disk throughput vs. MiB settings.
2026-05-20 03:08:29,990 DEBUG [51/1170] VM b04d49d5… (ahv_ins_delete-0-260514-183534) via 10.114.50.246 op=create
2026-05-20 03:08:29,990 DEBUG   remote: bash -lc 'set -e; _bs(){ printf '"'"'BULK_SNAP_T %s %s\n'"'"' "$1" "$(date +%s.%N 2>/dev/null || date +%s)"; }; _bs guest_start; _bs pipeline_start; openssl enc -aes-256-ctr -pass pass:"testing" -nosalt < /dev/zero 2>/dev/null | dd of=/root/dummy_snapshot_data_1.img bs=1M count=1024 iflag=fullblock status=progress; ec=$?; _bs pipeline_done; _bs guest_end; exit $ec'
2026-05-20 03:08:30,451 DEBUG   BULK_SNAP_T guest_start 1779214022.003612004
2026-05-20 03:08:30,451 DEBUG   BULK_SNAP_T pipeline_start 1779214022.011377621
2026-05-20 03:08:30,451 DEBUG   BULK_SNAP_T pipeline_done 1779214106.369844651
2026-05-20 03:08:30,451 DEBUG   BULK_SNAP_T guest_end 1779214106.380354984
2026-05-20 03:08:30,451 DEBUG   
2026-05-20 03:08:30,451 DEBUG   14680064 bytes (15 MB) copied, 1.029507 s, 14.3 MB/s
2026-05-20 03:08:30,451 DEBUG   24117248 bytes (24 MB) copied, 2.033598 s, 11.9 MB/s
2026-05-20 03:08:30,451 DEBUG   38797312 bytes (39 MB) copied, 3.083456 s, 12.6 MB/s
2026-05-20 03:08:30,451 DEBUG   54525952 bytes (55 MB) copied, 4.308445 s, 12.7 MB/s
2026-05-20 03:08:30,451 DEBUG   65011712 bytes (65 MB) copied, 5.432460 s, 12.0 MB/s
2026-05-20 03:08:30,451 DEBUG   78643200 bytes (79 MB) copied, 6.598441 s, 11.9 MB/s
2026-05-20 03:08:30,451 DEBUG   94371840 bytes (94 MB) copied, 7.780533 s, 12.1 MB/s
2026-05-20 03:08:30,451 DEBUG   106954752 bytes (107 MB) copied, 8.796896 s, 12.2 MB/s
2026-05-20 03:08:30,451 DEBUG   116391936 bytes (116 MB) copied, 9.891497 s, 11.8 MB/s
2026-05-20 03:08:30,451 DEBUG   130023424 bytes (130 MB) copied, 10.952455 s, 11.9 MB/s
2026-05-20 03:08:30,451 DEBUG   138412032 bytes (138 MB) copied, 11.964529 s, 11.6 MB/s
2026-05-20 03:08:30,451 DEBUG   152043520 bytes (152 MB) copied, 12.977454 s, 11.7 MB/s
2026-05-20 03:08:30,451 DEBUG   165675008 bytes (166 MB) copied, 14.072484 s, 11.8 MB/s
2026-05-20 03:08:30,451 DEBUG   178257920 bytes (178 MB) copied, 15.089647 s, 11.8 MB/s
2026-05-20 03:08:30,451 DEBUG   190840832 bytes (191 MB) copied, 16.166528 s, 11.8 MB/s
2026-05-20 03:08:30,451 DEBUG   200278016 bytes (200 MB) copied, 17.266494 s, 11.6 MB/s
2026-05-20 03:08:30,451 DEBUG   210763776 bytes (211 MB) copied, 18.271469 s, 11.5 MB/s
2026-05-20 03:08:30,451 DEBUG   221249536 bytes (221 MB) copied, 19.314659 s, 11.5 MB/s
2026-05-20 03:08:30,451 DEBUG   232783872 bytes (233 MB) copied, 20.353518 s, 11.4 MB/s
2026-05-20 03:08:30,451 DEBUG   245366784 bytes (245 MB) copied, 21.416666 s, 11.5 MB/s
2026-05-20 03:08:30,452 DEBUG   254803968 bytes (255 MB) copied, 22.577562 s, 11.3 MB/s
2026-05-20 03:08:30,452 DEBUG   265289728 bytes (265 MB) copied, 23.578514 s, 11.3 MB/s
2026-05-20 03:08:30,452 DEBUG   284164096 bytes (284 MB) copied, 24.800482 s, 11.5 MB/s
2026-05-20 03:08:30,452 DEBUG   298844160 bytes (299 MB) copied, 25.823560 s, 11.6 MB/s
2026-05-20 03:08:30,452 DEBUG   314572800 bytes (315 MB) copied, 26.881752 s, 11.7 MB/s
2026-05-20 03:08:30,452 DEBUG   326107136 bytes (326 MB) copied, 27.951654 s, 11.7 MB/s
2026-05-20 03:08:30,452 DEBUG   341835776 bytes (342 MB) copied, 29.048557 s, 11.8 MB/s
2026-05-20 03:08:30,452 DEBUG   351272960 bytes (351 MB) copied, 30.053507 s, 11.7 MB/s
2026-05-20 03:08:30,452 DEBUG   362807296 bytes (363 MB) copied, 31.095472 s, 11.7 MB/s
2026-05-20 03:08:30,452 DEBUG   376438784 bytes (376 MB) copied, 32.118507 s, 11.7 MB/s
2026-05-20 03:08:30,452 DEBUG   398458880 bytes (398 MB) copied, 33.120948 s, 12.0 MB/s
2026-05-20 03:08:30,452 DEBUG   411041792 bytes (411 MB) copied, 34.139488 s, 12.0 MB/s
2026-05-20 03:08:30,452 DEBUG   428867584 bytes (429 MB) copied, 35.306535 s, 12.1 MB/s
2026-05-20 03:08:30,452 DEBUG   442499072 bytes (442 MB) copied, 36.430594 s, 12.1 MB/s
2026-05-20 03:08:30,452 DEBUG   458227712 bytes (458 MB) copied, 37.475460 s, 12.2 MB/s
2026-05-20 03:08:30,452 DEBUG   472907776 bytes (473 MB) copied, 38.491488 s, 12.3 MB/s
2026-05-20 03:08:30,452 DEBUG   485490688 bytes (485 MB) copied, 39.495447 s, 12.3 MB/s
2026-05-20 03:08:30,452 DEBUG   498073600 bytes (498 MB) copied, 40.631560 s, 12.3 MB/s
2026-05-20 03:08:30,452 DEBUG   509607936 bytes (510 MB) copied, 41.696512 s, 12.2 MB/s
2026-05-20 03:08:30,452 DEBUG   528482304 bytes (528 MB) copied, 42.824476 s, 12.3 MB/s
2026-05-20 03:08:30,452 DEBUG   543162368 bytes (543 MB) copied, 44.027465 s, 12.3 MB/s
2026-05-20 03:08:30,452 DEBUG   558891008 bytes (559 MB) copied, 45.171446 s, 12.4 MB/s
2026-05-20 03:08:30,452 DEBUG   573571072 bytes (574 MB) copied, 46.208681 s, 12.4 MB/s
2026-05-20 03:08:30,452 DEBUG   585105408 bytes (585 MB) copied, 47.330546 s, 12.4 MB/s
2026-05-20 03:08:30,452 DEBUG   598736896 bytes (599 MB) copied, 48.411484 s, 12.4 MB/s
2026-05-20 03:08:30,452 DEBUG   615514112 bytes (616 MB) copied, 49.497475 s, 12.4 MB/s
2026-05-20 03:08:30,452 DEBUG   628097024 bytes (628 MB) copied, 50.516496 s, 12.4 MB/s
2026-05-20 03:08:30,452 DEBUG   639631360 bytes (640 MB) copied, 51.576499 s, 12.4 MB/s
2026-05-20 03:08:30,452 DEBUG   653262848 bytes (653 MB) copied, 52.586487 s, 12.4 MB/s
2026-05-20 03:08:30,452 DEBUG   665845760 bytes (666 MB) copied, 53.655622 s, 12.4 MB/s
2026-05-20 03:08:30,452 DEBUG   680525824 bytes (681 MB) copied, 54.693595 s, 12.4 MB/s
2026-05-20 03:08:30,452 DEBUG   698351616 bytes (698 MB) copied, 55.778482 s, 12.5 MB/s
2026-05-20 03:08:30,452 DEBUG   718274560 bytes (718 MB) copied, 56.853518 s, 12.6 MB/s
2026-05-20 03:08:30,452 DEBUG   729808896 bytes (730 MB) copied, 58.000522 s, 12.6 MB/s
2026-05-20 03:08:30,452 DEBUG   739246080 bytes (739 MB) copied, 59.121518 s, 12.5 MB/s
2026-05-20 03:08:30,452 DEBUG   750780416 bytes (751 MB) copied, 60.157557 s, 12.5 MB/s
2026-05-20 03:08:30,452 DEBUG   763363328 bytes (763 MB) copied, 61.167466 s, 12.5 MB/s
2026-05-20 03:08:30,453 DEBUG   776994816 bytes (777 MB) copied, 62.210121 s, 12.5 MB/s
2026-05-20 03:08:30,453 DEBUG   788529152 bytes (789 MB) copied, 63.299622 s, 12.5 MB/s
2026-05-20 03:08:30,453 DEBUG   800063488 bytes (800 MB) copied, 64.307807 s, 12.4 MB/s
2026-05-20 03:08:30,453 DEBUG   811597824 bytes (812 MB) copied, 65.358516 s, 12.4 MB/s
2026-05-20 03:08:30,453 DEBUG   825229312 bytes (825 MB) copied, 66.422471 s, 12.4 MB/s
2026-05-20 03:08:30,453 DEBUG   836763648 bytes (837 MB) copied, 67.430450 s, 12.4 MB/s
2026-05-20 03:08:30,453 DEBUG   850395136 bytes (850 MB) copied, 68.446462 s, 12.4 MB/s
2026-05-20 03:08:30,453 DEBUG   866123776 bytes (866 MB) copied, 69.485464 s, 12.5 MB/s
2026-05-20 03:08:30,453 DEBUG   878706688 bytes (879 MB) copied, 70.539525 s, 12.5 MB/s
2026-05-20 03:08:30,453 DEBUG   894435328 bytes (894 MB) copied, 71.568544 s, 12.5 MB/s
2026-05-20 03:08:30,453 DEBUG   913309696 bytes (913 MB) copied, 72.622677 s, 12.6 MB/s
2026-05-20 03:08:30,453 DEBUG   935329792 bytes (935 MB) copied, 73.648599 s, 12.7 MB/s
2026-05-20 03:08:30,453 DEBUG   947912704 bytes (948 MB) copied, 74.717643 s, 12.7 MB/s
2026-05-20 03:08:30,453 DEBUG   959447040 bytes (959 MB) copied, 75.745592 s, 12.7 MB/s
2026-05-20 03:08:30,453 DEBUG   970981376 bytes (971 MB) copied, 76.783441 s, 12.6 MB/s
2026-05-20 03:08:30,453 DEBUG   986710016 bytes (987 MB) copied, 77.824763 s, 12.7 MB/s
2026-05-20 03:08:30,453 DEBUG   1000341504 bytes (1.0 GB) copied, 78.870545 s, 12.7 MB/s
2026-05-20 03:08:30,453 DEBUG   1016070144 bytes (1.0 GB) copied, 79.871521 s, 12.7 MB/s
2026-05-20 03:08:30,453 DEBUG   1031798784 bytes (1.0 GB) copied, 80.885472 s, 12.8 MB/s
2026-05-20 03:08:30,453 DEBUG   1046478848 bytes (1.0 GB) copied, 81.944648 s, 12.8 MB/s
2026-05-20 03:08:30,453 DEBUG   1061158912 bytes (1.1 GB) copied, 83.004525 s, 12.8 MB/s
2026-05-20 03:08:30,453 DEBUG   1071644672 bytes (1.1 GB) copied, 84.022516 s, 12.8 MB/s
2026-05-20 03:08:30,453 DEBUG   1024+0 records in
2026-05-20 03:08:30,453 DEBUG   1024+0 records out
2026-05-20 03:08:30,453 DEBUG   1073741824 bytes (1.1 GB) copied, 84.2085 s, 12.8 MB/s
2026-05-20 03:08:30,453 DEBUG   OK (disk op exit 0)
2026-05-20 03:08:30,453 WARNING Guest disk op wall 85.8s (vm='ahv_ins_delete-0-260514-134246' ip=10.114.53.125 op=create ec=0) — includes SSH + guest disk command; if still high, check guest disk throughput vs. MiB settings.
2026-05-20 03:08:30,454 DEBUG [52/1170] VM a2956722… (ahv_ins_delete-0-260514-183539) via 10.114.53.62 op=create
2026-05-20 03:08:30,454 DEBUG   remote: bash -lc 'set -e; _bs(){ printf '"'"'BULK_SNAP_T %s %s\n'"'"' "$1" "$(date +%s.%N 2>/dev/null || date +%s)"; }; _bs guest_start; _bs pipeline_start; openssl enc -aes-256-ctr -pass pass:"testing" -nosalt < /dev/zero 2>/dev/null | dd of=/root/dummy_snapshot_data_1.img bs=1M count=1024 iflag=fullblock status=progress; ec=$?; _bs pipeline_done; _bs guest_end; exit $ec'
2026-05-20 03:08:32,931 DEBUG   BULK_SNAP_T guest_start 1779214021.965514185
2026-05-20 03:08:32,931 DEBUG   BULK_SNAP_T pipeline_start 1779214021.973856815
2026-05-20 03:08:32,931 DEBUG   BULK_SNAP_T pipeline_done 1779214108.949103225
2026-05-20 03:08:32,931 DEBUG   BULK_SNAP_T guest_end 1779214108.950787260
2026-05-20 03:08:32,931 DEBUG   
2026-05-20 03:08:32,931 DEBUG   13631488 bytes (14 MB) copied, 1.152844 s, 11.8 MB/s
2026-05-20 03:08:32,931 DEBUG   27262976 bytes (27 MB) copied, 2.194862 s, 12.4 MB/s
2026-05-20 03:08:32,931 DEBUG   40894464 bytes (41 MB) copied, 3.213845 s, 12.7 MB/s
2026-05-20 03:08:32,931 DEBUG   52428800 bytes (52 MB) copied, 4.243807 s, 12.4 MB/s
2026-05-20 03:08:32,931 DEBUG   66060288 bytes (66 MB) copied, 5.258410 s, 12.6 MB/s
2026-05-20 03:08:32,931 DEBUG   82837504 bytes (83 MB) copied, 6.357324 s, 13.0 MB/s
2026-05-20 03:08:32,931 DEBUG   95420416 bytes (95 MB) copied, 7.490855 s, 12.7 MB/s
2026-05-20 03:08:32,931 DEBUG   105906176 bytes (106 MB) copied, 8.543892 s, 12.4 MB/s
2026-05-20 03:08:32,931 DEBUG   123731968 bytes (124 MB) copied, 9.674840 s, 12.8 MB/s
2026-05-20 03:08:32,931 DEBUG   133169152 bytes (133 MB) copied, 10.773858 s, 12.4 MB/s
2026-05-20 03:08:32,931 DEBUG   152043520 bytes (152 MB) copied, 11.820105 s, 12.9 MB/s
2026-05-20 03:08:32,931 DEBUG   166723584 bytes (167 MB) copied, 12.834847 s, 13.0 MB/s
2026-05-20 03:08:32,931 DEBUG   180355072 bytes (180 MB) copied, 13.838847 s, 13.0 MB/s
2026-05-20 03:08:32,931 DEBUG   191889408 bytes (192 MB) copied, 14.845815 s, 12.9 MB/s
2026-05-20 03:08:32,931 DEBUG   206569472 bytes (207 MB) copied, 15.848867 s, 13.0 MB/s
2026-05-20 03:08:32,931 DEBUG   218103808 bytes (218 MB) copied, 16.884883 s, 12.9 MB/s
2026-05-20 03:08:32,931 DEBUG   228589568 bytes (229 MB) copied, 17.912925 s, 12.8 MB/s
2026-05-20 03:08:32,931 DEBUG   238026752 bytes (238 MB) copied, 18.991815 s, 12.5 MB/s
2026-05-20 03:08:32,931 DEBUG   250609664 bytes (251 MB) copied, 20.013900 s, 12.5 MB/s
2026-05-20 03:08:32,931 DEBUG   263192576 bytes (263 MB) copied, 21.039204 s, 12.5 MB/s
2026-05-20 03:08:32,931 DEBUG   276824064 bytes (277 MB) copied, 22.069101 s, 12.5 MB/s
2026-05-20 03:08:32,931 DEBUG   291504128 bytes (292 MB) copied, 23.104940 s, 12.6 MB/s
2026-05-20 03:08:32,931 DEBUG   301989888 bytes (302 MB) copied, 24.211174 s, 12.5 MB/s
2026-05-20 03:08:32,931 DEBUG   312475648 bytes (312 MB) copied, 25.255809 s, 12.4 MB/s
2026-05-20 03:08:32,931 DEBUG   322961408 bytes (323 MB) copied, 26.258991 s, 12.3 MB/s
2026-05-20 03:08:32,932 DEBUG   334495744 bytes (334 MB) copied, 27.267898 s, 12.3 MB/s
2026-05-20 03:08:32,932 DEBUG   343932928 bytes (344 MB) copied, 28.304180 s, 12.2 MB/s
2026-05-20 03:08:32,932 DEBUG   357564416 bytes (358 MB) copied, 29.315133 s, 12.2 MB/s
2026-05-20 03:08:32,932 DEBUG   370147328 bytes (370 MB) copied, 30.391844 s, 12.2 MB/s
2026-05-20 03:08:32,932 DEBUG   382730240 bytes (383 MB) copied, 31.471888 s, 12.2 MB/s
2026-05-20 03:08:32,932 DEBUG   394264576 bytes (394 MB) copied, 32.514834 s, 12.1 MB/s
2026-05-20 03:08:32,932 DEBUG   405798912 bytes (406 MB) copied, 33.590975 s, 12.1 MB/s
2026-05-20 03:08:32,932 DEBUG   419430400 bytes (419 MB) copied, 34.665883 s, 12.1 MB/s
2026-05-20 03:08:32,932 DEBUG   429916160 bytes (430 MB) copied, 35.755099 s, 12.0 MB/s
2026-05-20 03:08:32,932 DEBUG   440401920 bytes (440 MB) copied, 36.789847 s, 12.0 MB/s
2026-05-20 03:08:32,932 DEBUG   458227712 bytes (458 MB) copied, 37.859810 s, 12.1 MB/s
2026-05-20 03:08:32,932 DEBUG   468713472 bytes (469 MB) copied, 38.938837 s, 12.0 MB/s
2026-05-20 03:08:32,932 DEBUG   482344960 bytes (482 MB) copied, 40.063828 s, 12.0 MB/s
2026-05-20 03:08:32,932 DEBUG   500170752 bytes (500 MB) copied, 41.166886 s, 12.1 MB/s
2026-05-20 03:08:32,932 DEBUG   508559360 bytes (509 MB) copied, 42.254823 s, 12.0 MB/s
2026-05-20 03:08:32,932 DEBUG   521142272 bytes (521 MB) copied, 43.275164 s, 12.0 MB/s
2026-05-20 03:08:32,932 DEBUG   532676608 bytes (533 MB) copied, 44.342856 s, 12.0 MB/s
2026-05-20 03:08:32,932 DEBUG   542113792 bytes (542 MB) copied, 45.346949 s, 12.0 MB/s
2026-05-20 03:08:32,932 DEBUG   554696704 bytes (555 MB) copied, 46.430863 s, 11.9 MB/s
2026-05-20 03:08:32,932 DEBUG   566231040 bytes (566 MB) copied, 47.548828 s, 11.9 MB/s
2026-05-20 03:08:32,932 DEBUG   576716800 bytes (577 MB) copied, 48.573945 s, 11.9 MB/s
2026-05-20 03:08:32,932 DEBUG   597688320 bytes (598 MB) copied, 49.593837 s, 12.1 MB/s
2026-05-20 03:08:32,932 DEBUG   619708416 bytes (620 MB) copied, 50.619049 s, 12.2 MB/s
2026-05-20 03:08:32,932 DEBUG   644874240 bytes (645 MB) copied, 51.717882 s, 12.5 MB/s
2026-05-20 03:08:32,932 DEBUG   658505728 bytes (659 MB) copied, 52.813796 s, 12.5 MB/s
2026-05-20 03:08:32,932 DEBUG   674234368 bytes (674 MB) copied, 53.862974 s, 12.5 MB/s
2026-05-20 03:08:32,932 DEBUG   692060160 bytes (692 MB) copied, 54.864263 s, 12.6 MB/s
2026-05-20 03:08:32,932 DEBUG   702545920 bytes (703 MB) copied, 55.881854 s, 12.6 MB/s
2026-05-20 03:08:32,932 DEBUG   713031680 bytes (713 MB) copied, 56.951832 s, 12.5 MB/s
2026-05-20 03:08:32,932 DEBUG   722468864 bytes (722 MB) copied, 58.046002 s, 12.4 MB/s
2026-05-20 03:08:32,932 DEBUG   731906048 bytes (732 MB) copied, 59.070299 s, 12.4 MB/s
2026-05-20 03:08:32,932 DEBUG   740294656 bytes (740 MB) copied, 60.179849 s, 12.3 MB/s
2026-05-20 03:08:32,932 DEBUG   752877568 bytes (753 MB) copied, 61.267876 s, 12.3 MB/s
2026-05-20 03:08:32,932 DEBUG   763363328 bytes (763 MB) copied, 62.274866 s, 12.3 MB/s
2026-05-20 03:08:32,932 DEBUG   775946240 bytes (776 MB) copied, 63.312810 s, 12.3 MB/s
2026-05-20 03:08:32,932 DEBUG   785383424 bytes (785 MB) copied, 64.328959 s, 12.2 MB/s
2026-05-20 03:08:32,932 DEBUG   803209216 bytes (803 MB) copied, 65.445993 s, 12.3 MB/s
2026-05-20 03:08:32,932 DEBUG   814743552 bytes (815 MB) copied, 66.448321 s, 12.3 MB/s
2026-05-20 03:08:32,932 DEBUG   825229312 bytes (825 MB) copied, 67.450836 s, 12.2 MB/s
2026-05-20 03:08:32,932 DEBUG   836763648 bytes (837 MB) copied, 68.542860 s, 12.2 MB/s
2026-05-20 03:08:32,932 DEBUG   852492288 bytes (852 MB) copied, 69.546964 s, 12.3 MB/s
2026-05-20 03:08:32,932 DEBUG   865075200 bytes (865 MB) copied, 70.584858 s, 12.3 MB/s
2026-05-20 03:08:32,932 DEBUG   877658112 bytes (878 MB) copied, 71.723813 s, 12.2 MB/s
2026-05-20 03:08:32,932 DEBUG   888143872 bytes (888 MB) copied, 72.783073 s, 12.2 MB/s
2026-05-20 03:08:32,932 DEBUG   899678208 bytes (900 MB) copied, 73.825204 s, 12.2 MB/s
2026-05-20 03:08:32,932 DEBUG   917504000 bytes (918 MB) copied, 74.851915 s, 12.3 MB/s
2026-05-20 03:08:32,932 DEBUG   935329792 bytes (935 MB) copied, 75.856856 s, 12.3 MB/s
2026-05-20 03:08:32,932 DEBUG   952107008 bytes (952 MB) copied, 76.997047 s, 12.4 MB/s
2026-05-20 03:08:32,932 DEBUG   964689920 bytes (965 MB) copied, 78.031817 s, 12.4 MB/s
2026-05-20 03:08:32,932 DEBUG   976224256 bytes (976 MB) copied, 79.095259 s, 12.3 MB/s
2026-05-20 03:08:32,932 DEBUG   993001472 bytes (993 MB) copied, 80.131876 s, 12.4 MB/s
2026-05-20 03:08:32,932 DEBUG   1009778688 bytes (1.0 GB) copied, 81.138026 s, 12.4 MB/s
2026-05-20 03:08:32,932 DEBUG   1023410176 bytes (1.0 GB) copied, 82.148916 s, 12.5 MB/s
2026-05-20 03:08:32,933 DEBUG   1037041664 bytes (1.0 GB) copied, 83.196844 s, 12.5 MB/s
2026-05-20 03:08:32,933 DEBUG   1045430272 bytes (1.0 GB) copied, 84.272832 s, 12.4 MB/s
2026-05-20 03:08:32,933 DEBUG   1058013184 bytes (1.1 GB) copied, 85.324941 s, 12.4 MB/s
2026-05-20 03:08:32,933 DEBUG   1067450368 bytes (1.1 GB) copied, 86.332832 s, 12.4 MB/s
2026-05-20 03:08:32,933 DEBUG   1024+0 records in
2026-05-20 03:08:32,933 DEBUG   1024+0 records out
2026-05-20 03:08:32,933 DEBUG   1073741824 bytes (1.1 GB) copied, 86.8399 s, 12.4 MB/s
2026-05-20 03:08:32,933 DEBUG   OK (disk op exit 0)
2026-05-20 03:08:32,933 WARNING Guest disk op wall 88.3s (vm='ahv_ins_delete-0-260514-133955' ip=10.114.50.75 op=create ec=0) — includes SSH + guest disk command; if still high, check guest disk throughput vs. MiB settings.
2026-05-20 03:08:32,933 DEBUG [53/1170] VM a9fba56a… (ahv_ins_delete-0-260514-183544) via 10.114.49.170 op=create
2026-05-20 03:08:32,933 DEBUG   remote: bash -lc 'set -e; _bs(){ printf '"'"'BULK_SNAP_T %s %s\n'"'"' "$1" "$(date +%s.%N 2>/dev/null || date +%s)"; }; _bs guest_start; _bs pipeline_start; openssl enc -aes-256-ctr -pass pass:"testing" -nosalt < /dev/zero 2>/dev/null | dd of=/root/dummy_snapshot_data_1.img bs=1M count=1024 iflag=fullblock status=progress; ec=$?; _bs pipeline_done; _bs guest_end; exit $ec'
2026-05-20 03:08:33,442 DEBUG   BULK_SNAP_T guest_start 1779214021.856261505
2026-05-20 03:08:33,442 DEBUG   BULK_SNAP_T pipeline_start 1779214021.864978784
2026-05-20 03:08:33,442 DEBUG   BULK_SNAP_T pipeline_done 1779214109.330337416
2026-05-20 03:08:33,442 DEBUG   BULK_SNAP_T guest_end 1779214109.345223163
2026-05-20 03:08:33,442 DEBUG   
2026-05-20 03:08:33,442 DEBUG   12582912 bytes (13 MB) copied, 1.126988 s, 11.2 MB/s
2026-05-20 03:08:33,442 DEBUG   27262976 bytes (27 MB) copied, 2.229932 s, 12.2 MB/s
2026-05-20 03:08:33,442 DEBUG   40894464 bytes (41 MB) copied, 3.331991 s, 12.3 MB/s
2026-05-20 03:08:33,442 DEBUG   56623104 bytes (57 MB) copied, 4.520941 s, 12.5 MB/s
2026-05-20 03:08:33,442 DEBUG   69206016 bytes (69 MB) copied, 5.532909 s, 12.5 MB/s
2026-05-20 03:08:33,442 DEBUG   84934656 bytes (85 MB) copied, 6.589381 s, 12.9 MB/s
2026-05-20 03:08:33,442 DEBUG   96468992 bytes (96 MB) copied, 7.648966 s, 12.6 MB/s
2026-05-20 03:08:33,442 DEBUG   102760448 bytes (103 MB) copied, 8.677958 s, 11.8 MB/s
2026-05-20 03:08:33,442 DEBUG   112197632 bytes (112 MB) copied, 9.761202 s, 11.5 MB/s
2026-05-20 03:08:33,442 DEBUG   121634816 bytes (122 MB) copied, 10.823947 s, 11.2 MB/s
2026-05-20 03:08:33,442 DEBUG   131072000 bytes (131 MB) copied, 11.855926 s, 11.1 MB/s
2026-05-20 03:08:33,442 DEBUG   142606336 bytes (143 MB) copied, 12.896884 s, 11.1 MB/s
2026-05-20 03:08:33,442 DEBUG   155189248 bytes (155 MB) copied, 13.924174 s, 11.1 MB/s
2026-05-20 03:08:33,442 DEBUG   167772160 bytes (168 MB) copied, 14.952864 s, 11.2 MB/s
2026-05-20 03:08:33,442 DEBUG   181403648 bytes (181 MB) copied, 15.972938 s, 11.4 MB/s
2026-05-20 03:08:33,442 DEBUG   193986560 bytes (194 MB) copied, 16.982925 s, 11.4 MB/s
2026-05-20 03:08:33,442 DEBUG   205520896 bytes (206 MB) copied, 18.094939 s, 11.4 MB/s
2026-05-20 03:08:33,442 DEBUG   217055232 bytes (217 MB) copied, 19.162987 s, 11.3 MB/s
2026-05-20 03:08:33,442 DEBUG   231735296 bytes (232 MB) copied, 20.198015 s, 11.5 MB/s
2026-05-20 03:08:33,442 DEBUG   249561088 bytes (250 MB) copied, 21.207926 s, 11.8 MB/s
2026-05-20 03:08:33,442 DEBUG   260046848 bytes (260 MB) copied, 22.266952 s, 11.7 MB/s
2026-05-20 03:08:33,443 DEBUG   271581184 bytes (272 MB) copied, 23.301294 s, 11.7 MB/s
2026-05-20 03:08:33,443 DEBUG   282066944 bytes (282 MB) copied, 24.343912 s, 11.6 MB/s
2026-05-20 03:08:33,443 DEBUG   296747008 bytes (297 MB) copied, 25.372336 s, 11.7 MB/s
2026-05-20 03:08:33,443 DEBUG   317718528 bytes (318 MB) copied, 26.382295 s, 12.0 MB/s
2026-05-20 03:08:33,443 DEBUG   328204288 bytes (328 MB) copied, 27.427944 s, 12.0 MB/s
2026-05-20 03:08:33,443 DEBUG   339738624 bytes (340 MB) copied, 28.432902 s, 11.9 MB/s
2026-05-20 03:08:33,443 DEBUG   360710144 bytes (361 MB) copied, 29.684017 s, 12.2 MB/s
2026-05-20 03:08:33,443 DEBUG   374341632 bytes (374 MB) copied, 30.699904 s, 12.2 MB/s
2026-05-20 03:08:33,443 DEBUG   386924544 bytes (387 MB) copied, 31.819003 s, 12.2 MB/s
2026-05-20 03:08:33,443 DEBUG   401604608 bytes (402 MB) copied, 32.919899 s, 12.2 MB/s
2026-05-20 03:08:33,443 DEBUG   416284672 bytes (416 MB) copied, 34.035961 s, 12.2 MB/s
2026-05-20 03:08:33,443 DEBUG   428867584 bytes (429 MB) copied, 35.156934 s, 12.2 MB/s
2026-05-20 03:08:33,443 DEBUG   439353344 bytes (439 MB) copied, 36.190933 s, 12.1 MB/s
2026-05-20 03:08:33,443 DEBUG   451936256 bytes (452 MB) copied, 37.213980 s, 12.1 MB/s
2026-05-20 03:08:33,443 DEBUG   463470592 bytes (463 MB) copied, 38.301987 s, 12.1 MB/s
2026-05-20 03:08:33,443 DEBUG   479199232 bytes (479 MB) copied, 39.362103 s, 12.2 MB/s
2026-05-20 03:08:33,443 DEBUG   491782144 bytes (492 MB) copied, 40.366918 s, 12.2 MB/s
2026-05-20 03:08:33,443 DEBUG   504365056 bytes (504 MB) copied, 41.402025 s, 12.2 MB/s
2026-05-20 03:08:33,443 DEBUG   515899392 bytes (516 MB) copied, 42.480085 s, 12.1 MB/s
2026-05-20 03:08:33,443 DEBUG   528482304 bytes (528 MB) copied, 43.483194 s, 12.2 MB/s
2026-05-20 03:08:33,443 DEBUG   538968064 bytes (539 MB) copied, 44.568048 s, 12.1 MB/s
2026-05-20 03:08:33,443 DEBUG   558891008 bytes (559 MB) copied, 45.650976 s, 12.2 MB/s
2026-05-20 03:08:33,443 DEBUG   574619648 bytes (575 MB) copied, 46.771044 s, 12.3 MB/s
2026-05-20 03:08:33,443 DEBUG   591396864 bytes (591 MB) copied, 47.801097 s, 12.4 MB/s
2026-05-20 03:08:33,443 DEBUG   603979776 bytes (604 MB) copied, 48.865982 s, 12.4 MB/s
2026-05-20 03:08:33,443 DEBUG   619708416 bytes (620 MB) copied, 49.916882 s, 12.4 MB/s
2026-05-20 03:08:33,443 DEBUG   632291328 bytes (632 MB) copied, 50.919897 s, 12.4 MB/s
2026-05-20 03:08:33,443 DEBUG   642777088 bytes (643 MB) copied, 51.969903 s, 12.4 MB/s
2026-05-20 03:08:33,443 DEBUG   655360000 bytes (655 MB) copied, 53.114054 s, 12.3 MB/s
2026-05-20 03:08:33,443 DEBUG   666894336 bytes (667 MB) copied, 54.247962 s, 12.3 MB/s
2026-05-20 03:08:33,443 DEBUG   678428672 bytes (678 MB) copied, 55.265983 s, 12.3 MB/s
2026-05-20 03:08:33,443 DEBUG   688914432 bytes (689 MB) copied, 56.347124 s, 12.2 MB/s
2026-05-20 03:08:33,443 DEBUG   699400192 bytes (699 MB) copied, 57.382565 s, 12.2 MB/s
2026-05-20 03:08:33,443 DEBUG   710934528 bytes (711 MB) copied, 58.483288 s, 12.2 MB/s
2026-05-20 03:08:33,443 DEBUG   720371712 bytes (720 MB) copied, 59.562898 s, 12.1 MB/s
2026-05-20 03:08:33,443 DEBUG   728760320 bytes (729 MB) copied, 60.576006 s, 12.0 MB/s
2026-05-20 03:08:33,443 DEBUG   739246080 bytes (739 MB) copied, 61.676925 s, 12.0 MB/s
2026-05-20 03:08:33,443 DEBUG   753926144 bytes (754 MB) copied, 62.717054 s, 12.0 MB/s
2026-05-20 03:08:33,443 DEBUG   766509056 bytes (767 MB) copied, 63.848951 s, 12.0 MB/s
2026-05-20 03:08:33,443 DEBUG   776994816 bytes (777 MB) copied, 64.895910 s, 12.0 MB/s
2026-05-20 03:08:33,443 DEBUG   790626304 bytes (791 MB) copied, 65.999012 s, 12.0 MB/s
2026-05-20 03:08:33,443 DEBUG   802160640 bytes (802 MB) copied, 67.057973 s, 12.0 MB/s
2026-05-20 03:08:33,443 DEBUG   816840704 bytes (817 MB) copied, 68.168016 s, 12.0 MB/s
2026-05-20 03:08:33,443 DEBUG   829423616 bytes (829 MB) copied, 69.169894 s, 12.0 MB/s
2026-05-20 03:08:33,443 DEBUG   842006528 bytes (842 MB) copied, 70.233038 s, 12.0 MB/s
2026-05-20 03:08:33,443 DEBUG   856686592 bytes (857 MB) copied, 71.351962 s, 12.0 MB/s
2026-05-20 03:08:33,443 DEBUG   869269504 bytes (869 MB) copied, 72.506008 s, 12.0 MB/s
2026-05-20 03:08:33,443 DEBUG   888143872 bytes (888 MB) copied, 73.589047 s, 12.1 MB/s
2026-05-20 03:08:33,443 DEBUG   901775360 bytes (902 MB) copied, 74.684987 s, 12.1 MB/s
2026-05-20 03:08:33,443 DEBUG   915406848 bytes (915 MB) copied, 75.712943 s, 12.1 MB/s
2026-05-20 03:08:33,443 DEBUG   926941184 bytes (927 MB) copied, 76.780926 s, 12.1 MB/s
2026-05-20 03:08:33,443 DEBUG   942669824 bytes (943 MB) copied, 77.859044 s, 12.1 MB/s
2026-05-20 03:08:33,443 DEBUG   954204160 bytes (954 MB) copied, 78.879975 s, 12.1 MB/s
2026-05-20 03:08:33,444 DEBUG   973078528 bytes (973 MB) copied, 79.971038 s, 12.2 MB/s
2026-05-20 03:08:33,444 DEBUG   988807168 bytes (989 MB) copied, 80.972905 s, 12.2 MB/s
2026-05-20 03:08:33,444 DEBUG   1002438656 bytes (1.0 GB) copied, 82.010185 s, 12.2 MB/s
2026-05-20 03:08:33,444 DEBUG   1018167296 bytes (1.0 GB) copied, 83.127997 s, 12.2 MB/s
2026-05-20 03:08:33,444 DEBUG   1035993088 bytes (1.0 GB) copied, 84.167098 s, 12.3 MB/s
2026-05-20 03:08:33,444 DEBUG   1052770304 bytes (1.1 GB) copied, 85.196921 s, 12.4 MB/s
2026-05-20 03:08:33,444 DEBUG   1061158912 bytes (1.1 GB) copied, 86.245949 s, 12.3 MB/s
2026-05-20 03:08:33,444 DEBUG   1072693248 bytes (1.1 GB) copied, 87.273203 s, 12.3 MB/s
2026-05-20 03:08:33,444 DEBUG   1024+0 records in
2026-05-20 03:08:33,444 DEBUG   1024+0 records out
2026-05-20 03:08:33,444 DEBUG   1073741824 bytes (1.1 GB) copied, 87.3021 s, 12.3 MB/s
2026-05-20 03:08:33,444 DEBUG   OK (disk op exit 0)
2026-05-20 03:08:33,444 WARNING Guest disk op wall 88.8s (vm='ahv_ins_delete-0-260514-174752' ip=10.114.50.3 op=create ec=0) — includes SSH + guest disk command; if still high, check guest disk throughput vs. MiB settings.
2026-05-20 03:08:33,444 DEBUG [54/1170] VM 40c6b345… (ahv_ins_delete-0-260514-183549) via 10.114.51.48 op=create
2026-05-20 03:08:33,445 DEBUG   remote: bash -lc 'set -e; _bs(){ printf '"'"'BULK_SNAP_T %s %s\n'"'"' "$1" "$(date +%s.%N 2>/dev/null || date +%s)"; }; _bs guest_start; _bs pipeline_start; openssl enc -aes-256-ctr -pass pass:"testing" -nosalt < /dev/zero 2>/dev/null | dd of=/root/dummy_snapshot_data_1.img bs=1M count=1024 iflag=fullblock status=progress; ec=$?; _bs pipeline_done; _bs guest_end; exit $ec'
2026-05-20 03:08:33,701 DEBUG   BULK_SNAP_T guest_start 1779214022.026243671
2026-05-20 03:08:33,701 DEBUG   BULK_SNAP_T pipeline_start 1779214022.040658793
2026-05-20 03:08:33,701 DEBUG   BULK_SNAP_T pipeline_done 1779214109.693874787
2026-05-20 03:08:33,701 DEBUG   BULK_SNAP_T guest_end 1779214109.710653089
2026-05-20 03:08:33,701 DEBUG   
2026-05-20 03:08:33,701 DEBUG   12582912 bytes (13 MB) copied, 1.053068 s, 11.9 MB/s
2026-05-20 03:08:33,701 DEBUG   24117248 bytes (24 MB) copied, 2.054960 s, 11.7 MB/s
2026-05-20 03:08:33,701 DEBUG   36700160 bytes (37 MB) copied, 3.226939 s, 11.4 MB/s
2026-05-20 03:08:33,701 DEBUG   48234496 bytes (48 MB) copied, 4.266928 s, 11.3 MB/s
2026-05-20 03:08:33,701 DEBUG   57671680 bytes (58 MB) copied, 5.276913 s, 10.9 MB/s
2026-05-20 03:08:33,701 DEBUG   67108864 bytes (67 MB) copied, 6.345974 s, 10.6 MB/s
2026-05-20 03:08:33,702 DEBUG   81788928 bytes (82 MB) copied, 7.364915 s, 11.1 MB/s
2026-05-20 03:08:33,702 DEBUG   95420416 bytes (95 MB) copied, 8.387960 s, 11.4 MB/s
2026-05-20 03:08:33,702 DEBUG   104857600 bytes (105 MB) copied, 9.545928 s, 11.0 MB/s
2026-05-20 03:08:33,702 DEBUG   115343360 bytes (115 MB) copied, 10.652940 s, 10.8 MB/s
2026-05-20 03:08:33,702 DEBUG   126877696 bytes (127 MB) copied, 11.660175 s, 10.9 MB/s
2026-05-20 03:08:33,702 DEBUG   140509184 bytes (141 MB) copied, 12.727039 s, 11.0 MB/s
2026-05-20 03:08:33,702 DEBUG   149946368 bytes (150 MB) copied, 13.732951 s, 10.9 MB/s
2026-05-20 03:08:33,702 DEBUG   159383552 bytes (159 MB) copied, 14.766941 s, 10.8 MB/s
2026-05-20 03:08:33,702 DEBUG   171966464 bytes (172 MB) copied, 15.785970 s, 10.9 MB/s
2026-05-20 03:08:33,702 DEBUG   187695104 bytes (188 MB) copied, 16.826871 s, 11.2 MB/s
2026-05-20 03:08:33,702 DEBUG   210763776 bytes (211 MB) copied, 17.868997 s, 11.8 MB/s
2026-05-20 03:08:33,702 DEBUG   226492416 bytes (226 MB) copied, 18.879927 s, 12.0 MB/s
2026-05-20 03:08:33,702 DEBUG   241172480 bytes (241 MB) copied, 19.904427 s, 12.1 MB/s
2026-05-20 03:08:33,702 DEBUG   255852544 bytes (256 MB) copied, 20.993991 s, 12.2 MB/s
2026-05-20 03:08:33,702 DEBUG   266338304 bytes (266 MB) copied, 22.002917 s, 12.1 MB/s
2026-05-20 03:08:33,702 DEBUG   275775488 bytes (276 MB) copied, 23.054993 s, 12.0 MB/s
2026-05-20 03:08:33,702 DEBUG   287309824 bytes (287 MB) copied, 24.193080 s, 11.9 MB/s
2026-05-20 03:08:33,702 DEBUG   301989888 bytes (302 MB) copied, 25.298911 s, 11.9 MB/s
2026-05-20 03:08:33,702 DEBUG   318767104 bytes (319 MB) copied, 26.316003 s, 12.1 MB/s
2026-05-20 03:08:33,702 DEBUG   328204288 bytes (328 MB) copied, 27.378089 s, 12.0 MB/s
2026-05-20 03:08:33,702 DEBUG   346030080 bytes (346 MB) copied, 28.461902 s, 12.2 MB/s
2026-05-20 03:08:33,702 DEBUG   361758720 bytes (362 MB) copied, 29.623027 s, 12.2 MB/s
2026-05-20 03:08:33,702 DEBUG   372244480 bytes (372 MB) copied, 30.679984 s, 12.1 MB/s
2026-05-20 03:08:33,702 DEBUG   383778816 bytes (384 MB) copied, 31.702018 s, 12.1 MB/s
2026-05-20 03:08:33,702 DEBUG   401604608 bytes (402 MB) copied, 32.739917 s, 12.3 MB/s
2026-05-20 03:08:33,702 DEBUG   414187520 bytes (414 MB) copied, 33.840901 s, 12.2 MB/s
2026-05-20 03:08:33,702 DEBUG   425721856 bytes (426 MB) copied, 34.948258 s, 12.2 MB/s
2026-05-20 03:08:33,702 DEBUG   437256192 bytes (437 MB) copied, 35.966935 s, 12.2 MB/s
2026-05-20 03:08:33,702 DEBUG   449839104 bytes (450 MB) copied, 37.019063 s, 12.2 MB/s
2026-05-20 03:08:33,702 DEBUG   460324864 bytes (460 MB) copied, 38.047375 s, 12.1 MB/s
2026-05-20 03:08:33,702 DEBUG   473956352 bytes (474 MB) copied, 39.051986 s, 12.1 MB/s
2026-05-20 03:08:33,702 DEBUG   485490688 bytes (485 MB) copied, 40.079898 s, 12.1 MB/s
2026-05-20 03:08:33,702 DEBUG   497025024 bytes (497 MB) copied, 41.085132 s, 12.1 MB/s
2026-05-20 03:08:33,702 DEBUG   509607936 bytes (510 MB) copied, 42.199236 s, 12.1 MB/s
2026-05-20 03:08:33,702 DEBUG   521142272 bytes (521 MB) copied, 43.217106 s, 12.1 MB/s
2026-05-20 03:08:33,702 DEBUG   532676608 bytes (533 MB) copied, 44.271005 s, 12.0 MB/s
2026-05-20 03:08:33,702 DEBUG   544210944 bytes (544 MB) copied, 45.314927 s, 12.0 MB/s
2026-05-20 03:08:33,702 DEBUG   555745280 bytes (556 MB) copied, 46.507949 s, 11.9 MB/s
2026-05-20 03:08:33,702 DEBUG   568328192 bytes (568 MB) copied, 47.587928 s, 11.9 MB/s
2026-05-20 03:08:33,702 DEBUG   581959680 bytes (582 MB) copied, 48.667987 s, 12.0 MB/s
2026-05-20 03:08:33,702 DEBUG   592445440 bytes (592 MB) copied, 49.791072 s, 11.9 MB/s
2026-05-20 03:08:33,702 DEBUG   606076928 bytes (606 MB) copied, 50.798983 s, 11.9 MB/s
2026-05-20 03:08:33,702 DEBUG   615514112 bytes (616 MB) copied, 51.850928 s, 11.9 MB/s
2026-05-20 03:08:33,702 DEBUG   632291328 bytes (632 MB) copied, 52.874960 s, 12.0 MB/s
2026-05-20 03:08:33,702 DEBUG   643825664 bytes (644 MB) copied, 53.901935 s, 11.9 MB/s
2026-05-20 03:08:33,702 DEBUG   662700032 bytes (663 MB) copied, 54.970015 s, 12.1 MB/s
2026-05-20 03:08:33,702 DEBUG   675282944 bytes (675 MB) copied, 55.982243 s, 12.1 MB/s
2026-05-20 03:08:33,702 DEBUG   691011584 bytes (691 MB) copied, 57.075874 s, 12.1 MB/s
2026-05-20 03:08:33,702 DEBUG   702545920 bytes (703 MB) copied, 58.115863 s, 12.1 MB/s
2026-05-20 03:08:33,702 DEBUG   714080256 bytes (714 MB) copied, 59.190850 s, 12.1 MB/s
2026-05-20 03:08:33,702 DEBUG   722468864 bytes (722 MB) copied, 60.303011 s, 12.0 MB/s
2026-05-20 03:08:33,702 DEBUG   734003200 bytes (734 MB) copied, 61.506131 s, 11.9 MB/s
2026-05-20 03:08:33,703 DEBUG   747634688 bytes (748 MB) copied, 62.541899 s, 12.0 MB/s
2026-05-20 03:08:33,703 DEBUG   761266176 bytes (761 MB) copied, 63.700906 s, 12.0 MB/s
2026-05-20 03:08:33,703 DEBUG   779091968 bytes (779 MB) copied, 64.768974 s, 12.0 MB/s
2026-05-20 03:08:33,703 DEBUG   794820608 bytes (795 MB) copied, 65.887960 s, 12.1 MB/s
2026-05-20 03:08:33,703 DEBUG   807403520 bytes (807 MB) copied, 66.985924 s, 12.1 MB/s
2026-05-20 03:08:33,703 DEBUG   818937856 bytes (819 MB) copied, 67.998963 s, 12.0 MB/s
2026-05-20 03:08:33,703 DEBUG   834666496 bytes (835 MB) copied, 69.012327 s, 12.1 MB/s
2026-05-20 03:08:33,703 DEBUG   848297984 bytes (848 MB) copied, 70.118253 s, 12.1 MB/s
2026-05-20 03:08:33,703 DEBUG   859832320 bytes (860 MB) copied, 71.121256 s, 12.1 MB/s
2026-05-20 03:08:33,703 DEBUG   874512384 bytes (875 MB) copied, 72.157971 s, 12.1 MB/s
2026-05-20 03:08:33,703 DEBUG   884998144 bytes (885 MB) copied, 73.173899 s, 12.1 MB/s
2026-05-20 03:08:33,703 DEBUG   897581056 bytes (898 MB) copied, 74.217909 s, 12.1 MB/s
2026-05-20 03:08:33,703 DEBUG   911212544 bytes (911 MB) copied, 75.241290 s, 12.1 MB/s
2026-05-20 03:08:33,703 DEBUG   924844032 bytes (925 MB) copied, 76.297001 s, 12.1 MB/s
2026-05-20 03:08:33,703 DEBUG   941621248 bytes (942 MB) copied, 77.305294 s, 12.2 MB/s
2026-05-20 03:08:33,703 DEBUG   958398464 bytes (958 MB) copied, 78.345179 s, 12.2 MB/s
2026-05-20 03:08:33,703 DEBUG   974127104 bytes (974 MB) copied, 79.411251 s, 12.3 MB/s
2026-05-20 03:08:33,703 DEBUG   986710016 bytes (987 MB) copied, 80.447998 s, 12.3 MB/s
2026-05-20 03:08:33,703 DEBUG   1002438656 bytes (1.0 GB) copied, 81.549299 s, 12.3 MB/s
2026-05-20 03:08:33,703 DEBUG   1020264448 bytes (1.0 GB) copied, 82.653938 s, 12.3 MB/s
2026-05-20 03:08:33,703 DEBUG   1031798784 bytes (1.0 GB) copied, 83.799932 s, 12.3 MB/s
2026-05-20 03:08:33,703 DEBUG   1041235968 bytes (1.0 GB) copied, 84.802905 s, 12.3 MB/s
2026-05-20 03:08:33,703 DEBUG   1052770304 bytes (1.1 GB) copied, 85.961943 s, 12.2 MB/s
2026-05-20 03:08:33,703 DEBUG   1066401792 bytes (1.1 GB) copied, 87.058926 s, 12.2 MB/s
2026-05-20 03:08:33,703 DEBUG   1024+0 records in
2026-05-20 03:08:33,703 DEBUG   1024+0 records out
2026-05-20 03:08:33,703 DEBUG   1073741824 bytes (1.1 GB) copied, 87.5041 s, 12.3 MB/s
2026-05-20 03:08:33,703 DEBUG   OK (disk op exit 0)
2026-05-20 03:08:33,703 WARNING Guest disk op wall 89.1s (vm='ahv_ins_delete-0-260514-134337' ip=10.114.54.81 op=create ec=0) — includes SSH + guest disk command; if still high, check guest disk throughput vs. MiB settings.
2026-05-20 03:08:33,704 DEBUG [55/1170] VM 1d2a9b9b… (ahv_ins_delete-0-260514-183555) via 10.114.48.182 op=create
2026-05-20 03:08:33,704 DEBUG   remote: bash -lc 'set -e; _bs(){ printf '"'"'BULK_SNAP_T %s %s\n'"'"' "$1" "$(date +%s.%N 2>/dev/null || date +%s)"; }; _bs guest_start; _bs pipeline_start; openssl enc -aes-256-ctr -pass pass:"testing" -nosalt < /dev/zero 2>/dev/null | dd of=/root/dummy_snapshot_data_1.img bs=1M count=1024 iflag=fullblock status=progress; ec=$?; _bs pipeline_done; _bs guest_end; exit $ec'
2026-05-20 03:08:35,493 DEBUG   BULK_SNAP_T guest_start 1779214023.283885106
2026-05-20 03:08:35,494 DEBUG   BULK_SNAP_T pipeline_start 1779214023.296750955
2026-05-20 03:08:35,494 DEBUG   BULK_SNAP_T pipeline_done 1779214112.277148997
2026-05-20 03:08:35,494 DEBUG   BULK_SNAP_T guest_end 1779214112.295729749
2026-05-20 03:08:35,494 DEBUG   
2026-05-20 03:08:35,494 DEBUG   12582912 bytes (13 MB) copied, 1.157093 s, 10.9 MB/s
2026-05-20 03:08:35,494 DEBUG   26214400 bytes (26 MB) copied, 2.191080 s, 12.0 MB/s
2026-05-20 03:08:35,494 DEBUG   38797312 bytes (39 MB) copied, 3.208016 s, 12.1 MB/s
2026-05-20 03:08:35,494 DEBUG   49283072 bytes (49 MB) copied, 4.224154 s, 11.7 MB/s
2026-05-20 03:08:35,494 DEBUG   66060288 bytes (66 MB) copied, 5.253204 s, 12.6 MB/s
2026-05-20 03:08:35,494 DEBUG   76546048 bytes (77 MB) copied, 6.313230 s, 12.1 MB/s
2026-05-20 03:08:35,494 DEBUG   88080384 bytes (88 MB) copied, 7.434000 s, 11.8 MB/s
2026-05-20 03:08:35,494 DEBUG   97517568 bytes (98 MB) copied, 8.478341 s, 11.5 MB/s
2026-05-20 03:08:35,494 DEBUG   106954752 bytes (107 MB) copied, 9.579054 s, 11.2 MB/s
2026-05-20 03:08:35,494 DEBUG   115343360 bytes (115 MB) copied, 10.590087 s, 10.9 MB/s
2026-05-20 03:08:35,494 DEBUG   126877696 bytes (127 MB) copied, 11.612141 s, 10.9 MB/s
2026-05-20 03:08:35,494 DEBUG   139460608 bytes (139 MB) copied, 12.728023 s, 11.0 MB/s
2026-05-20 03:08:35,494 DEBUG   148897792 bytes (149 MB) copied, 13.731085 s, 10.8 MB/s
2026-05-20 03:08:35,494 DEBUG   160432128 bytes (160 MB) copied, 14.840041 s, 10.8 MB/s
2026-05-20 03:08:35,494 DEBUG   170917888 bytes (171 MB) copied, 15.856347 s, 10.8 MB/s
2026-05-20 03:08:35,494 DEBUG   188743680 bytes (189 MB) copied, 16.946113 s, 11.1 MB/s
2026-05-20 03:08:35,494 DEBUG   200278016 bytes (200 MB) copied, 18.072078 s, 11.1 MB/s
2026-05-20 03:08:35,494 DEBUG   212860928 bytes (213 MB) copied, 19.138075 s, 11.1 MB/s
2026-05-20 03:08:35,494 DEBUG   226492416 bytes (226 MB) copied, 20.244111 s, 11.2 MB/s
2026-05-20 03:08:35,494 DEBUG   238026752 bytes (238 MB) copied, 21.261428 s, 11.2 MB/s
2026-05-20 03:08:35,494 DEBUG   250609664 bytes (251 MB) copied, 22.426070 s, 11.2 MB/s
2026-05-20 03:08:35,494 DEBUG   261095424 bytes (261 MB) copied, 23.551026 s, 11.1 MB/s
2026-05-20 03:08:35,494 DEBUG   274726912 bytes (275 MB) copied, 24.566266 s, 11.2 MB/s
2026-05-20 03:08:35,494 DEBUG   285212672 bytes (285 MB) copied, 25.578031 s, 11.2 MB/s
2026-05-20 03:08:35,494 DEBUG   298844160 bytes (299 MB) copied, 26.593111 s, 11.2 MB/s
2026-05-20 03:08:35,494 DEBUG   314572800 bytes (315 MB) copied, 27.604671 s, 11.4 MB/s
2026-05-20 03:08:35,494 DEBUG   326107136 bytes (326 MB) copied, 28.692073 s, 11.4 MB/s
2026-05-20 03:08:35,494 DEBUG   343932928 bytes (344 MB) copied, 29.748003 s, 11.6 MB/s
2026-05-20 03:08:35,494 DEBUG   356515840 bytes (357 MB) copied, 30.810291 s, 11.6 MB/s
2026-05-20 03:08:35,494 DEBUG   369098752 bytes (369 MB) copied, 31.832985 s, 11.6 MB/s
2026-05-20 03:08:35,494 DEBUG   386924544 bytes (387 MB) copied, 32.874058 s, 11.8 MB/s
2026-05-20 03:08:35,494 DEBUG   399507456 bytes (400 MB) copied, 33.947061 s, 11.8 MB/s
2026-05-20 03:08:35,494 DEBUG   421527552 bytes (422 MB) copied, 35.112635 s, 12.0 MB/s
2026-05-20 03:08:35,494 DEBUG   433061888 bytes (433 MB) copied, 36.128669 s, 12.0 MB/s
2026-05-20 03:08:35,495 DEBUG   442499072 bytes (442 MB) copied, 37.149001 s, 11.9 MB/s
2026-05-20 03:08:35,495 DEBUG   456130560 bytes (456 MB) copied, 38.203089 s, 11.9 MB/s
2026-05-20 03:08:35,495 DEBUG   470810624 bytes (471 MB) copied, 39.210974 s, 12.0 MB/s
2026-05-20 03:08:35,495 DEBUG   481296384 bytes (481 MB) copied, 40.220094 s, 12.0 MB/s
2026-05-20 03:08:35,495 DEBUG   494927872 bytes (495 MB) copied, 41.275105 s, 12.0 MB/s
2026-05-20 03:08:35,495 DEBUG   511705088 bytes (512 MB) copied, 42.311253 s, 12.1 MB/s
2026-05-20 03:08:35,495 DEBUG   526385152 bytes (526 MB) copied, 43.350065 s, 12.1 MB/s
2026-05-20 03:08:35,495 DEBUG   537919488 bytes (538 MB) copied, 44.448049 s, 12.1 MB/s
2026-05-20 03:08:35,495 DEBUG   548405248 bytes (548 MB) copied, 45.513059 s, 12.0 MB/s
2026-05-20 03:08:35,495 DEBUG   570425344 bytes (570 MB) copied, 46.676047 s, 12.2 MB/s
2026-05-20 03:08:35,495 DEBUG   581959680 bytes (582 MB) copied, 47.736211 s, 12.2 MB/s
2026-05-20 03:08:35,495 DEBUG   594542592 bytes (595 MB) copied, 48.790155 s, 12.2 MB/s
2026-05-20 03:08:35,495 DEBUG   606076928 bytes (606 MB) copied, 49.803024 s, 12.2 MB/s
2026-05-20 03:08:35,495 DEBUG   615514112 bytes (616 MB) copied, 50.846421 s, 12.1 MB/s
2026-05-20 03:08:35,495 DEBUG   631242752 bytes (631 MB) copied, 51.853320 s, 12.2 MB/s
2026-05-20 03:08:35,495 DEBUG   649068544 bytes (649 MB) copied, 52.918044 s, 12.3 MB/s
2026-05-20 03:08:35,495 DEBUG   659554304 bytes (660 MB) copied, 54.027232 s, 12.2 MB/s
2026-05-20 03:08:35,495 DEBUG   675282944 bytes (675 MB) copied, 55.158387 s, 12.2 MB/s
2026-05-20 03:08:35,495 DEBUG   685768704 bytes (686 MB) copied, 56.232397 s, 12.2 MB/s
2026-05-20 03:08:35,495 DEBUG   695205888 bytes (695 MB) copied, 57.236030 s, 12.1 MB/s
2026-05-20 03:08:35,495 DEBUG   713031680 bytes (713 MB) copied, 58.314121 s, 12.2 MB/s
2026-05-20 03:08:35,495 DEBUG   722468864 bytes (722 MB) copied, 59.345539 s, 12.2 MB/s
2026-05-20 03:08:35,495 DEBUG   736100352 bytes (736 MB) copied, 60.379999 s, 12.2 MB/s
2026-05-20 03:08:35,495 DEBUG   746586112 bytes (747 MB) copied, 61.415034 s, 12.2 MB/s
2026-05-20 03:08:35,495 DEBUG   760217600 bytes (760 MB) copied, 62.479104 s, 12.2 MB/s
2026-05-20 03:08:35,495 DEBUG   770703360 bytes (771 MB) copied, 63.488386 s, 12.1 MB/s
2026-05-20 03:08:35,495 DEBUG   782237696 bytes (782 MB) copied, 64.555169 s, 12.1 MB/s
2026-05-20 03:08:35,495 DEBUG   793772032 bytes (794 MB) copied, 65.634151 s, 12.1 MB/s
2026-05-20 03:08:35,495 DEBUG   804257792 bytes (804 MB) copied, 66.740173 s, 12.1 MB/s
2026-05-20 03:08:35,495 DEBUG   817889280 bytes (818 MB) copied, 67.749032 s, 12.1 MB/s
2026-05-20 03:08:35,495 DEBUG   834666496 bytes (835 MB) copied, 68.771001 s, 12.1 MB/s
2026-05-20 03:08:35,495 DEBUG   846200832 bytes (846 MB) copied, 69.822501 s, 12.1 MB/s
2026-05-20 03:08:35,495 DEBUG   858783744 bytes (859 MB) copied, 70.919097 s, 12.1 MB/s
2026-05-20 03:08:35,495 DEBUG   872415232 bytes (872 MB) copied, 72.045995 s, 12.1 MB/s
2026-05-20 03:08:35,495 DEBUG   882900992 bytes (883 MB) copied, 73.059092 s, 12.1 MB/s
2026-05-20 03:08:35,495 DEBUG   894435328 bytes (894 MB) copied, 74.079060 s, 12.1 MB/s
2026-05-20 03:08:35,495 DEBUG   905969664 bytes (906 MB) copied, 75.095079 s, 12.1 MB/s
2026-05-20 03:08:35,495 DEBUG   917504000 bytes (918 MB) copied, 76.299098 s, 12.0 MB/s
2026-05-20 03:08:35,495 DEBUG   931135488 bytes (931 MB) copied, 77.405340 s, 12.0 MB/s
2026-05-20 03:08:35,495 DEBUG   944766976 bytes (945 MB) copied, 78.579095 s, 12.0 MB/s
2026-05-20 03:08:35,495 DEBUG   958398464 bytes (958 MB) copied, 79.604339 s, 12.0 MB/s
2026-05-20 03:08:35,495 DEBUG   976224256 bytes (976 MB) copied, 80.728252 s, 12.1 MB/s
2026-05-20 03:08:35,495 DEBUG   988807168 bytes (989 MB) copied, 81.735050 s, 12.1 MB/s
2026-05-20 03:08:35,495 DEBUG   1002438656 bytes (1.0 GB) copied, 82.834059 s, 12.1 MB/s
2026-05-20 03:08:35,495 DEBUG   1015021568 bytes (1.0 GB) copied, 83.930511 s, 12.1 MB/s
2026-05-20 03:08:35,495 DEBUG   1031798784 bytes (1.0 GB) copied, 85.103154 s, 12.1 MB/s
2026-05-20 03:08:35,495 DEBUG   1043333120 bytes (1.0 GB) copied, 86.119174 s, 12.1 MB/s
2026-05-20 03:08:35,495 DEBUG   1053818880 bytes (1.1 GB) copied, 87.184009 s, 12.1 MB/s
2026-05-20 03:08:35,495 DEBUG   1067450368 bytes (1.1 GB) copied, 88.243008 s, 12.1 MB/s
2026-05-20 03:08:35,495 DEBUG   1024+0 records in
2026-05-20 03:08:35,495 DEBUG   1024+0 records out
2026-05-20 03:08:35,495 DEBUG   1073741824 bytes (1.1 GB) copied, 88.7931 s, 12.1 MB/s
2026-05-20 03:08:35,495 DEBUG   OK (disk op exit 0)
2026-05-20 03:08:35,496 WARNING Guest disk op wall 90.8s (vm='ahv_ins_delete-0-260514-180924' ip=10.114.51.191 op=create ec=0) — includes SSH + guest disk command; if still high, check guest disk throughput vs. MiB settings.
2026-05-20 03:08:35,496 DEBUG [56/1170] VM 2a86b61a… (ahv_ins_delete-0-260514-184128) via 10.114.51.75 op=create
2026-05-20 03:08:35,496 DEBUG   remote: bash -lc 'set -e; _bs(){ printf '"'"'BULK_SNAP_T %s %s\n'"'"' "$1" "$(date +%s.%N 2>/dev/null || date +%s)"; }; _bs guest_start; _bs pipeline_start; openssl enc -aes-256-ctr -pass pass:"testing" -nosalt < /dev/zero 2>/dev/null | dd of=/root/dummy_snapshot_data_1.img bs=1M count=1024 iflag=fullblock status=progress; ec=$?; _bs pipeline_done; _bs guest_end; exit $ec'
2026-05-20 03:08:38,957 DEBUG   BULK_SNAP_T guest_start 1779214022.199967835
2026-05-20 03:08:38,958 DEBUG   BULK_SNAP_T pipeline_start 1779214022.219851677
2026-05-20 03:08:38,958 DEBUG   BULK_SNAP_T pipeline_done 1779214114.867914652
2026-05-20 03:08:38,958 DEBUG   BULK_SNAP_T guest_end 1779214114.869506295
2026-05-20 03:08:38,958 DEBUG   
2026-05-20 03:08:38,958 DEBUG   12582912 bytes (13 MB) copied, 1.075066 s, 11.7 MB/s
2026-05-20 03:08:38,958 DEBUG   24117248 bytes (24 MB) copied, 2.117109 s, 11.4 MB/s
2026-05-20 03:08:38,958 DEBUG   37748736 bytes (38 MB) copied, 3.206106 s, 11.8 MB/s
2026-05-20 03:08:38,958 DEBUG   51380224 bytes (51 MB) copied, 4.209135 s, 12.2 MB/s
2026-05-20 03:08:38,958 DEBUG   62914560 bytes (63 MB) copied, 5.242095 s, 12.0 MB/s
2026-05-20 03:08:38,958 DEBUG   76546048 bytes (77 MB) copied, 6.262058 s, 12.2 MB/s
2026-05-20 03:08:38,958 DEBUG   91226112 bytes (91 MB) copied, 7.332117 s, 12.4 MB/s
2026-05-20 03:08:38,958 DEBUG   100663296 bytes (101 MB) copied, 8.342073 s, 12.1 MB/s
2026-05-20 03:08:38,958 DEBUG   109051904 bytes (109 MB) copied, 9.453055 s, 11.5 MB/s
2026-05-20 03:08:38,958 DEBUG   119537664 bytes (120 MB) copied, 10.524077 s, 11.4 MB/s
2026-05-20 03:08:38,958 DEBUG   128974848 bytes (129 MB) copied, 11.623120 s, 11.1 MB/s
2026-05-20 03:08:38,958 DEBUG   142606336 bytes (143 MB) copied, 12.686082 s, 11.2 MB/s
2026-05-20 03:08:38,958 DEBUG   154140672 bytes (154 MB) copied, 13.767154 s, 11.2 MB/s
2026-05-20 03:08:38,958 DEBUG   168820736 bytes (169 MB) copied, 14.835207 s, 11.4 MB/s
2026-05-20 03:08:38,958 DEBUG   180355072 bytes (180 MB) copied, 15.898067 s, 11.3 MB/s
2026-05-20 03:08:38,958 DEBUG   192937984 bytes (193 MB) copied, 16.953276 s, 11.4 MB/s
2026-05-20 03:08:38,958 DEBUG   211812352 bytes (212 MB) copied, 17.982080 s, 11.8 MB/s
2026-05-20 03:08:38,958 DEBUG   222298112 bytes (222 MB) copied, 19.054036 s, 11.7 MB/s
2026-05-20 03:08:38,958 DEBUG   233832448 bytes (234 MB) copied, 20.070039 s, 11.7 MB/s
2026-05-20 03:08:38,958 DEBUG   245366784 bytes (245 MB) copied, 21.129083 s, 11.6 MB/s
2026-05-20 03:08:38,958 DEBUG   254803968 bytes (255 MB) copied, 22.182027 s, 11.5 MB/s
2026-05-20 03:08:38,958 DEBUG   264241152 bytes (264 MB) copied, 23.249019 s, 11.4 MB/s
2026-05-20 03:08:38,958 DEBUG   279969792 bytes (280 MB) copied, 24.294059 s, 11.5 MB/s
2026-05-20 03:08:38,958 DEBUG   293601280 bytes (294 MB) copied, 25.376265 s, 11.6 MB/s
2026-05-20 03:08:38,958 DEBUG   307232768 bytes (307 MB) copied, 26.385352 s, 11.6 MB/s
2026-05-20 03:08:38,958 DEBUG   325058560 bytes (325 MB) copied, 27.497218 s, 11.8 MB/s
2026-05-20 03:08:38,958 DEBUG   336592896 bytes (337 MB) copied, 28.526999 s, 11.8 MB/s
2026-05-20 03:08:38,958 DEBUG   344981504 bytes (345 MB) copied, 29.537057 s, 11.7 MB/s
2026-05-20 03:08:38,958 DEBUG   356515840 bytes (357 MB) copied, 30.645277 s, 11.6 MB/s
2026-05-20 03:08:38,958 DEBUG   371195904 bytes (371 MB) copied, 31.719106 s, 11.7 MB/s
2026-05-20 03:08:38,958 DEBUG   380633088 bytes (381 MB) copied, 32.723149 s, 11.6 MB/s
2026-05-20 03:08:38,958 DEBUG   393216000 bytes (393 MB) copied, 33.755075 s, 11.6 MB/s
2026-05-20 03:08:38,958 DEBUG   405798912 bytes (406 MB) copied, 34.759085 s, 11.7 MB/s
2026-05-20 03:08:38,958 DEBUG   415236096 bytes (415 MB) copied, 35.868344 s, 11.6 MB/s
2026-05-20 03:08:38,958 DEBUG   427819008 bytes (428 MB) copied, 36.871277 s, 11.6 MB/s
2026-05-20 03:08:38,958 DEBUG   438304768 bytes (438 MB) copied, 37.960098 s, 11.5 MB/s
2026-05-20 03:08:38,958 DEBUG   456130560 bytes (456 MB) copied, 38.967091 s, 11.7 MB/s
2026-05-20 03:08:38,958 DEBUG   466616320 bytes (467 MB) copied, 40.025050 s, 11.7 MB/s
2026-05-20 03:08:38,959 DEBUG   476053504 bytes (476 MB) copied, 41.050056 s, 11.6 MB/s
2026-05-20 03:08:38,959 DEBUG   487587840 bytes (488 MB) copied, 42.121144 s, 11.6 MB/s
2026-05-20 03:08:38,959 DEBUG   498073600 bytes (498 MB) copied, 43.210117 s, 11.5 MB/s
2026-05-20 03:08:38,959 DEBUG   511705088 bytes (512 MB) copied, 44.295129 s, 11.6 MB/s
2026-05-20 03:08:38,959 DEBUG   526385152 bytes (526 MB) copied, 45.316785 s, 11.6 MB/s
2026-05-20 03:08:38,959 DEBUG   540016640 bytes (540 MB) copied, 46.450111 s, 11.6 MB/s
2026-05-20 03:08:38,959 DEBUG   550502400 bytes (551 MB) copied, 47.475122 s, 11.6 MB/s
2026-05-20 03:08:38,959 DEBUG   563085312 bytes (563 MB) copied, 48.482186 s, 11.6 MB/s
2026-05-20 03:08:38,959 DEBUG   571473920 bytes (571 MB) copied, 49.597276 s, 11.5 MB/s
2026-05-20 03:08:38,959 DEBUG   581959680 bytes (582 MB) copied, 50.718045 s, 11.5 MB/s
2026-05-20 03:08:38,959 DEBUG   601882624 bytes (602 MB) copied, 51.796088 s, 11.6 MB/s
2026-05-20 03:08:38,959 DEBUG   610271232 bytes (610 MB) copied, 52.819095 s, 11.6 MB/s
2026-05-20 03:08:38,959 DEBUG   619708416 bytes (620 MB) copied, 53.910044 s, 11.5 MB/s
2026-05-20 03:08:38,959 DEBUG   631242752 bytes (631 MB) copied, 54.959056 s, 11.5 MB/s
2026-05-20 03:08:38,959 DEBUG   642777088 bytes (643 MB) copied, 56.019064 s, 11.5 MB/s
2026-05-20 03:08:38,959 DEBUG   654311424 bytes (654 MB) copied, 57.188128 s, 11.4 MB/s
2026-05-20 03:08:38,959 DEBUG   662700032 bytes (663 MB) copied, 58.252157 s, 11.4 MB/s
2026-05-20 03:08:38,959 DEBUG   675282944 bytes (675 MB) copied, 59.331273 s, 11.4 MB/s
2026-05-20 03:08:38,959 DEBUG   694157312 bytes (694 MB) copied, 60.398091 s, 11.5 MB/s
2026-05-20 03:08:38,959 DEBUG   703594496 bytes (704 MB) copied, 61.407056 s, 11.5 MB/s
2026-05-20 03:08:38,959 DEBUG   714080256 bytes (714 MB) copied, 62.420131 s, 11.4 MB/s
2026-05-20 03:08:38,959 DEBUG   724566016 bytes (725 MB) copied, 63.485144 s, 11.4 MB/s
2026-05-20 03:08:38,959 DEBUG   742391808 bytes (742 MB) copied, 64.616040 s, 11.5 MB/s
2026-05-20 03:08:38,959 DEBUG   756023296 bytes (756 MB) copied, 65.654072 s, 11.5 MB/s
2026-05-20 03:08:38,959 DEBUG   768606208 bytes (769 MB) copied, 66.811039 s, 11.5 MB/s
2026-05-20 03:08:38,959 DEBUG   780140544 bytes (780 MB) copied, 67.928080 s, 11.5 MB/s
2026-05-20 03:08:38,959 DEBUG   790626304 bytes (791 MB) copied, 68.961243 s, 11.5 MB/s
2026-05-20 03:08:38,959 DEBUG   803209216 bytes (803 MB) copied, 69.997066 s, 11.5 MB/s
2026-05-20 03:08:38,959 DEBUG   815792128 bytes (816 MB) copied, 71.095156 s, 11.5 MB/s
2026-05-20 03:08:38,959 DEBUG   826277888 bytes (826 MB) copied, 72.204528 s, 11.4 MB/s
2026-05-20 03:08:38,959 DEBUG   839909376 bytes (840 MB) copied, 73.240563 s, 11.5 MB/s
2026-05-20 03:08:38,959 DEBUG   853540864 bytes (854 MB) copied, 74.350218 s, 11.5 MB/s
2026-05-20 03:08:38,959 DEBUG   866123776 bytes (866 MB) copied, 75.397606 s, 11.5 MB/s
2026-05-20 03:08:38,959 DEBUG   878706688 bytes (879 MB) copied, 76.440154 s, 11.5 MB/s
2026-05-20 03:08:38,959 DEBUG   893386752 bytes (893 MB) copied, 77.530127 s, 11.5 MB/s
2026-05-20 03:08:38,959 DEBUG   904921088 bytes (905 MB) copied, 78.551533 s, 11.5 MB/s
2026-05-20 03:08:38,959 DEBUG   918552576 bytes (919 MB) copied, 79.613233 s, 11.5 MB/s
2026-05-20 03:08:38,959 DEBUG   935329792 bytes (935 MB) copied, 80.653128 s, 11.6 MB/s
2026-05-20 03:08:38,959 DEBUG   956301312 bytes (956 MB) copied, 81.858121 s, 11.7 MB/s
2026-05-20 03:08:38,959 DEBUG   968884224 bytes (969 MB) copied, 82.897387 s, 11.7 MB/s
2026-05-20 03:08:38,959 DEBUG   985661440 bytes (986 MB) copied, 84.107087 s, 11.7 MB/s
2026-05-20 03:08:38,959 DEBUG   996147200 bytes (996 MB) copied, 85.138327 s, 11.7 MB/s
2026-05-20 03:08:38,959 DEBUG   1006632960 bytes (1.0 GB) copied, 86.144700 s, 11.7 MB/s
2026-05-20 03:08:38,959 DEBUG   1017118720 bytes (1.0 GB) copied, 87.200651 s, 11.7 MB/s
2026-05-20 03:08:38,959 DEBUG   1028653056 bytes (1.0 GB) copied, 88.258106 s, 11.7 MB/s
2026-05-20 03:08:38,959 DEBUG   1041235968 bytes (1.0 GB) copied, 89.308247 s, 11.7 MB/s
2026-05-20 03:08:38,959 DEBUG   1052770304 bytes (1.1 GB) copied, 90.371106 s, 11.6 MB/s
2026-05-20 03:08:38,959 DEBUG   1063256064 bytes (1.1 GB) copied, 91.390160 s, 11.6 MB/s
2026-05-20 03:08:38,959 DEBUG   1072693248 bytes (1.1 GB) copied, 92.424046 s, 11.6 MB/s
2026-05-20 03:08:38,959 DEBUG   1024+0 records in
2026-05-20 03:08:38,959 DEBUG   1024+0 records out
2026-05-20 03:08:38,960 DEBUG   1073741824 bytes (1.1 GB) copied, 92.5182 s, 11.6 MB/s
2026-05-20 03:08:38,960 DEBUG   OK (disk op exit 0)
2026-05-20 03:08:38,960 WARNING Guest disk op wall 94.3s (vm='ahv_ins_delete-0-260514-174411' ip=10.114.50.66 op=create ec=0) — includes SSH + guest disk command; if still high, check guest disk throughput vs. MiB settings.
2026-05-20 03:08:38,960 DEBUG [57/1170] VM d551cf71… (ahv_ins_delete-0-260514-184129) via 10.114.48.33 op=create
2026-05-20 03:08:38,960 DEBUG   remote: bash -lc 'set -e; _bs(){ printf '"'"'BULK_SNAP_T %s %s\n'"'"' "$1" "$(date +%s.%N 2>/dev/null || date +%s)"; }; _bs guest_start; _bs pipeline_start; openssl enc -aes-256-ctr -pass pass:"testing" -nosalt < /dev/zero 2>/dev/null | dd of=/root/dummy_snapshot_data_1.img bs=1M count=1024 iflag=fullblock status=progress; ec=$?; _bs pipeline_done; _bs guest_end; exit $ec'
2026-05-20 03:08:40,967 DEBUG   BULK_SNAP_T guest_start 1779214021.843911430
2026-05-20 03:08:40,967 DEBUG   BULK_SNAP_T pipeline_start 1779214021.854423056
2026-05-20 03:08:40,967 DEBUG   BULK_SNAP_T pipeline_done 1779214116.755738843
2026-05-20 03:08:40,967 DEBUG   BULK_SNAP_T guest_end 1779214116.757224281
2026-05-20 03:08:40,967 DEBUG   
2026-05-20 03:08:40,968 DEBUG   12582912 bytes (13 MB) copied, 1.105423 s, 11.4 MB/s
2026-05-20 03:08:40,968 DEBUG   25165824 bytes (25 MB) copied, 2.110484 s, 11.9 MB/s
2026-05-20 03:08:40,968 DEBUG   39845888 bytes (40 MB) copied, 3.252425 s, 12.3 MB/s
2026-05-20 03:08:40,968 DEBUG   50331648 bytes (50 MB) copied, 4.294417 s, 11.7 MB/s
2026-05-20 03:08:40,968 DEBUG   66060288 bytes (66 MB) copied, 5.295467 s, 12.5 MB/s
2026-05-20 03:08:40,968 DEBUG   81788928 bytes (82 MB) copied, 6.322548 s, 12.9 MB/s
2026-05-20 03:08:40,968 DEBUG   93323264 bytes (93 MB) copied, 7.372519 s, 12.7 MB/s
2026-05-20 03:08:40,968 DEBUG   104857600 bytes (105 MB) copied, 8.374476 s, 12.5 MB/s
2026-05-20 03:08:40,968 DEBUG   113246208 bytes (113 MB) copied, 9.377471 s, 12.1 MB/s
2026-05-20 03:08:40,968 DEBUG   123731968 bytes (124 MB) copied, 10.509423 s, 11.8 MB/s
2026-05-20 03:08:40,968 DEBUG   135266304 bytes (135 MB) copied, 11.581548 s, 11.7 MB/s
2026-05-20 03:08:40,968 DEBUG   146800640 bytes (147 MB) copied, 12.668437 s, 11.6 MB/s
2026-05-20 03:08:40,968 DEBUG   159383552 bytes (159 MB) copied, 13.746432 s, 11.6 MB/s
2026-05-20 03:08:40,968 DEBUG   170917888 bytes (171 MB) copied, 14.859448 s, 11.5 MB/s
2026-05-20 03:08:40,968 DEBUG   185597952 bytes (186 MB) copied, 15.972457 s, 11.6 MB/s
2026-05-20 03:08:40,968 DEBUG   198180864 bytes (198 MB) copied, 16.986473 s, 11.7 MB/s
2026-05-20 03:08:40,968 DEBUG   209715200 bytes (210 MB) copied, 18.040450 s, 11.6 MB/s
2026-05-20 03:08:40,968 DEBUG   220200960 bytes (220 MB) copied, 19.120474 s, 11.5 MB/s
2026-05-20 03:08:40,968 DEBUG   230686720 bytes (231 MB) copied, 20.138456 s, 11.5 MB/s
2026-05-20 03:08:40,968 DEBUG   244318208 bytes (244 MB) copied, 21.229482 s, 11.5 MB/s
2026-05-20 03:08:40,968 DEBUG   254803968 bytes (255 MB) copied, 22.297400 s, 11.4 MB/s
2026-05-20 03:08:40,968 DEBUG   271581184 bytes (272 MB) copied, 23.309443 s, 11.7 MB/s
2026-05-20 03:08:40,968 DEBUG   281018368 bytes (281 MB) copied, 24.323428 s, 11.6 MB/s
2026-05-20 03:08:40,968 DEBUG   292552704 bytes (293 MB) copied, 25.387412 s, 11.5 MB/s
2026-05-20 03:08:40,968 DEBUG   308281344 bytes (308 MB) copied, 26.469683 s, 11.6 MB/s
2026-05-20 03:08:40,968 DEBUG   320864256 bytes (321 MB) copied, 27.573524 s, 11.6 MB/s
2026-05-20 03:08:40,968 DEBUG   331350016 bytes (331 MB) copied, 28.681514 s, 11.6 MB/s
2026-05-20 03:08:40,968 DEBUG   346030080 bytes (346 MB) copied, 29.784743 s, 11.6 MB/s
2026-05-20 03:08:40,968 DEBUG   356515840 bytes (357 MB) copied, 30.804755 s, 11.6 MB/s
2026-05-20 03:08:40,968 DEBUG   367001600 bytes (367 MB) copied, 31.880398 s, 11.5 MB/s
2026-05-20 03:08:40,968 DEBUG   376438784 bytes (376 MB) copied, 32.890398 s, 11.4 MB/s
2026-05-20 03:08:40,968 DEBUG   390070272 bytes (390 MB) copied, 33.988420 s, 11.5 MB/s
2026-05-20 03:08:40,968 DEBUG   399507456 bytes (400 MB) copied, 35.013545 s, 11.4 MB/s
2026-05-20 03:08:40,968 DEBUG   407896064 bytes (408 MB) copied, 36.084535 s, 11.3 MB/s
2026-05-20 03:08:40,968 DEBUG   418381824 bytes (418 MB) copied, 37.193606 s, 11.2 MB/s
2026-05-20 03:08:40,968 DEBUG   433061888 bytes (433 MB) copied, 38.200739 s, 11.3 MB/s
2026-05-20 03:08:40,968 DEBUG   443547648 bytes (444 MB) copied, 39.253455 s, 11.3 MB/s
2026-05-20 03:08:40,968 DEBUG   456130560 bytes (456 MB) copied, 40.278521 s, 11.3 MB/s
2026-05-20 03:08:40,968 DEBUG   477102080 bytes (477 MB) copied, 41.366456 s, 11.5 MB/s
2026-05-20 03:08:40,968 DEBUG   493879296 bytes (494 MB) copied, 42.450478 s, 11.6 MB/s
2026-05-20 03:08:40,968 DEBUG   505413632 bytes (505 MB) copied, 43.487471 s, 11.6 MB/s
2026-05-20 03:08:40,968 DEBUG   516947968 bytes (517 MB) copied, 44.524679 s, 11.6 MB/s
2026-05-20 03:08:40,968 DEBUG   526385152 bytes (526 MB) copied, 45.547904 s, 11.6 MB/s
2026-05-20 03:08:40,968 DEBUG   536870912 bytes (537 MB) copied, 46.589507 s, 11.5 MB/s
2026-05-20 03:08:40,968 DEBUG   549453824 bytes (549 MB) copied, 47.715779 s, 11.5 MB/s
2026-05-20 03:08:40,968 DEBUG   564133888 bytes (564 MB) copied, 48.755466 s, 11.6 MB/s
2026-05-20 03:08:40,968 DEBUG   573571072 bytes (574 MB) copied, 49.863434 s, 11.5 MB/s
2026-05-20 03:08:40,968 DEBUG   588251136 bytes (588 MB) copied, 50.863776 s, 11.6 MB/s
2026-05-20 03:08:40,968 DEBUG   598736896 bytes (599 MB) copied, 51.941477 s, 11.5 MB/s
2026-05-20 03:08:40,968 DEBUG   612368384 bytes (612 MB) copied, 52.980798 s, 11.6 MB/s
2026-05-20 03:08:40,968 DEBUG   622854144 bytes (623 MB) copied, 54.021466 s, 11.5 MB/s
2026-05-20 03:08:40,968 DEBUG   634388480 bytes (634 MB) copied, 55.055381 s, 11.5 MB/s
2026-05-20 03:08:40,969 DEBUG   646971392 bytes (647 MB) copied, 56.117627 s, 11.5 MB/s
2026-05-20 03:08:40,969 DEBUG   657457152 bytes (657 MB) copied, 57.168670 s, 11.5 MB/s
2026-05-20 03:08:40,969 DEBUG   668991488 bytes (669 MB) copied, 58.224461 s, 11.5 MB/s
2026-05-20 03:08:40,969 DEBUG   683671552 bytes (684 MB) copied, 59.228786 s, 11.5 MB/s
2026-05-20 03:08:40,969 DEBUG   692060160 bytes (692 MB) copied, 60.259925 s, 11.5 MB/s
2026-05-20 03:08:40,969 DEBUG   704643072 bytes (705 MB) copied, 61.316699 s, 11.5 MB/s
2026-05-20 03:08:40,969 DEBUG   717225984 bytes (717 MB) copied, 62.365824 s, 11.5 MB/s
2026-05-20 03:08:40,969 DEBUG   725614592 bytes (726 MB) copied, 63.456441 s, 11.4 MB/s
2026-05-20 03:08:40,969 DEBUG   732954624 bytes (733 MB) copied, 64.680437 s, 11.3 MB/s
2026-05-20 03:08:40,969 DEBUG   746586112 bytes (747 MB) copied, 65.700423 s, 11.4 MB/s
2026-05-20 03:08:40,969 DEBUG   760217600 bytes (760 MB) copied, 66.852455 s, 11.4 MB/s
2026-05-20 03:08:40,969 DEBUG   772800512 bytes (773 MB) copied, 67.951414 s, 11.4 MB/s
2026-05-20 03:08:40,969 DEBUG   786432000 bytes (786 MB) copied, 69.015442 s, 11.4 MB/s
2026-05-20 03:08:40,969 DEBUG   796917760 bytes (797 MB) copied, 70.044404 s, 11.4 MB/s
2026-05-20 03:08:40,969 DEBUG   809500672 bytes (810 MB) copied, 71.173429 s, 11.4 MB/s
2026-05-20 03:08:40,969 DEBUG   822083584 bytes (822 MB) copied, 72.212463 s, 11.4 MB/s
2026-05-20 03:08:40,969 DEBUG   838860800 bytes (839 MB) copied, 73.334678 s, 11.4 MB/s
2026-05-20 03:08:40,969 DEBUG   848297984 bytes (848 MB) copied, 74.411430 s, 11.4 MB/s
2026-05-20 03:08:40,969 DEBUG   859832320 bytes (860 MB) copied, 75.436452 s, 11.4 MB/s
2026-05-20 03:08:40,969 DEBUG   872415232 bytes (872 MB) copied, 76.456577 s, 11.4 MB/s
2026-05-20 03:08:40,969 DEBUG   886046720 bytes (886 MB) copied, 77.493433 s, 11.4 MB/s
2026-05-20 03:08:40,969 DEBUG   897581056 bytes (898 MB) copied, 78.526504 s, 11.4 MB/s
2026-05-20 03:08:40,969 DEBUG   911212544 bytes (911 MB) copied, 79.552444 s, 11.5 MB/s
2026-05-20 03:08:40,969 DEBUG   923795456 bytes (924 MB) copied, 80.592408 s, 11.5 MB/s
2026-05-20 03:08:40,969 DEBUG   939524096 bytes (940 MB) copied, 81.658644 s, 11.5 MB/s
2026-05-20 03:08:40,969 DEBUG   953155584 bytes (953 MB) copied, 82.745482 s, 11.5 MB/s
2026-05-20 03:08:40,969 DEBUG   963641344 bytes (964 MB) copied, 83.761049 s, 11.5 MB/s
2026-05-20 03:08:40,969 DEBUG   974127104 bytes (974 MB) copied, 84.780917 s, 11.5 MB/s
2026-05-20 03:08:40,969 DEBUG   982515712 bytes (983 MB) copied, 85.819420 s, 11.4 MB/s
2026-05-20 03:08:40,969 DEBUG   994050048 bytes (994 MB) copied, 87.015427 s, 11.4 MB/s
2026-05-20 03:08:40,969 DEBUG   1002438656 bytes (1.0 GB) copied, 88.019454 s, 11.4 MB/s
2026-05-20 03:08:40,969 DEBUG   1012924416 bytes (1.0 GB) copied, 89.045455 s, 11.4 MB/s
2026-05-20 03:08:40,969 DEBUG   1023410176 bytes (1.0 GB) copied, 90.124879 s, 11.4 MB/s
2026-05-20 03:08:40,969 DEBUG   1033895936 bytes (1.0 GB) copied, 91.165419 s, 11.3 MB/s
2026-05-20 03:08:40,969 DEBUG   1046478848 bytes (1.0 GB) copied, 92.252564 s, 11.3 MB/s
2026-05-20 03:08:40,969 DEBUG   1058013184 bytes (1.1 GB) copied, 93.298460 s, 11.3 MB/s
2026-05-20 03:08:40,969 DEBUG   1065353216 bytes (1.1 GB) copied, 94.307565 s, 11.3 MB/s
2026-05-20 03:08:40,969 DEBUG   1024+0 records in
2026-05-20 03:08:40,969 DEBUG   1024+0 records out
2026-05-20 03:08:40,969 DEBUG   1073741824 bytes (1.1 GB) copied, 94.749 s, 11.3 MB/s
2026-05-20 03:08:40,969 DEBUG   OK (disk op exit 0)
2026-05-20 03:08:40,969 WARNING Guest disk op wall 96.3s (vm='ahv_ins_delete-0-260514-145645' ip=10.114.50.114 op=create ec=0) — includes SSH + guest disk command; if still high, check guest disk throughput vs. MiB settings.
2026-05-20 03:08:40,970 DEBUG [58/1170] VM f1009fe6… (ahv_ins_delete-0-260514-184132) via 10.114.50.190 op=create
2026-05-20 03:08:40,970 DEBUG   remote: bash -lc 'set -e; _bs(){ printf '"'"'BULK_SNAP_T %s %s\n'"'"' "$1" "$(date +%s.%N 2>/dev/null || date +%s)"; }; _bs guest_start; _bs pipeline_start; openssl enc -aes-256-ctr -pass pass:"testing" -nosalt < /dev/zero 2>/dev/null | dd of=/root/dummy_snapshot_data_1.img bs=1M count=1024 iflag=fullblock status=progress; ec=$?; _bs pipeline_done; _bs guest_end; exit $ec'
2026-05-20 03:08:44,941 DEBUG   BULK_SNAP_T guest_start 1779214022.530696603
2026-05-20 03:08:44,942 DEBUG   BULK_SNAP_T pipeline_start 1779214022.551384131
2026-05-20 03:08:44,942 DEBUG   BULK_SNAP_T pipeline_done 1779214121.162203819
2026-05-20 03:08:44,942 DEBUG   BULK_SNAP_T guest_end 1779214121.184773997
2026-05-20 03:08:44,942 DEBUG   
2026-05-20 03:08:44,942 DEBUG   11534336 bytes (12 MB) copied, 1.134778 s, 10.2 MB/s
2026-05-20 03:08:44,942 DEBUG   25165824 bytes (25 MB) copied, 2.256755 s, 11.2 MB/s
2026-05-20 03:08:44,942 DEBUG   35651584 bytes (36 MB) copied, 3.342071 s, 10.7 MB/s
2026-05-20 03:08:44,942 DEBUG   47185920 bytes (47 MB) copied, 4.369773 s, 10.8 MB/s
2026-05-20 03:08:44,942 DEBUG   55574528 bytes (56 MB) copied, 5.440778 s, 10.2 MB/s
2026-05-20 03:08:44,942 DEBUG   68157440 bytes (68 MB) copied, 6.478788 s, 10.5 MB/s
2026-05-20 03:08:44,942 DEBUG   77594624 bytes (78 MB) copied, 7.641738 s, 10.2 MB/s
2026-05-20 03:08:44,942 DEBUG   88080384 bytes (88 MB) copied, 8.669768 s, 10.2 MB/s
2026-05-20 03:08:44,942 DEBUG   96468992 bytes (96 MB) copied, 9.682781 s, 10.0 MB/s
2026-05-20 03:08:44,942 DEBUG   113246208 bytes (113 MB) copied, 10.702846 s, 10.6 MB/s
2026-05-20 03:08:44,942 DEBUG   121634816 bytes (122 MB) copied, 11.716773 s, 10.4 MB/s
2026-05-20 03:08:44,942 DEBUG   135266304 bytes (135 MB) copied, 12.731821 s, 10.6 MB/s
2026-05-20 03:08:44,942 DEBUG   144703488 bytes (145 MB) copied, 13.756785 s, 10.5 MB/s
2026-05-20 03:08:44,942 DEBUG   153092096 bytes (153 MB) copied, 14.798233 s, 10.3 MB/s
2026-05-20 03:08:44,942 DEBUG   163577856 bytes (164 MB) copied, 15.838727 s, 10.3 MB/s
2026-05-20 03:08:44,942 DEBUG   178257920 bytes (178 MB) copied, 16.878822 s, 10.6 MB/s
2026-05-20 03:08:44,942 DEBUG   186646528 bytes (187 MB) copied, 17.879812 s, 10.4 MB/s
2026-05-20 03:08:44,942 DEBUG   195035136 bytes (195 MB) copied, 18.921755 s, 10.3 MB/s
2026-05-20 03:08:44,942 DEBUG   206569472 bytes (207 MB) copied, 20.009801 s, 10.3 MB/s
2026-05-20 03:08:44,942 DEBUG   217055232 bytes (217 MB) copied, 21.058812 s, 10.3 MB/s
2026-05-20 03:08:44,942 DEBUG   232783872 bytes (233 MB) copied, 22.068775 s, 10.5 MB/s
2026-05-20 03:08:44,942 DEBUG   243269632 bytes (243 MB) copied, 23.081777 s, 10.5 MB/s
2026-05-20 03:08:44,942 DEBUG   256901120 bytes (257 MB) copied, 24.272067 s, 10.6 MB/s
2026-05-20 03:08:44,942 DEBUG   268435456 bytes (268 MB) copied, 25.437740 s, 10.6 MB/s
2026-05-20 03:08:44,942 DEBUG   277872640 bytes (278 MB) copied, 26.461843 s, 10.5 MB/s
2026-05-20 03:08:44,942 DEBUG   287309824 bytes (287 MB) copied, 27.475415 s, 10.5 MB/s
2026-05-20 03:08:44,942 DEBUG   299892736 bytes (300 MB) copied, 28.672711 s, 10.5 MB/s
2026-05-20 03:08:44,942 DEBUG   309329920 bytes (309 MB) copied, 29.819740 s, 10.4 MB/s
2026-05-20 03:08:44,942 DEBUG   320864256 bytes (321 MB) copied, 30.874800 s, 10.4 MB/s
2026-05-20 03:08:44,942 DEBUG   336592896 bytes (337 MB) copied, 31.961856 s, 10.5 MB/s
2026-05-20 03:08:44,942 DEBUG   350224384 bytes (350 MB) copied, 32.988765 s, 10.6 MB/s
2026-05-20 03:08:44,942 DEBUG   362807296 bytes (363 MB) copied, 34.032033 s, 10.7 MB/s
2026-05-20 03:08:44,942 DEBUG   372244480 bytes (372 MB) copied, 35.224116 s, 10.6 MB/s
2026-05-20 03:08:44,942 DEBUG   386924544 bytes (387 MB) copied, 36.266063 s, 10.7 MB/s
2026-05-20 03:08:44,942 DEBUG   400556032 bytes (401 MB) copied, 37.269823 s, 10.7 MB/s
2026-05-20 03:08:44,942 DEBUG   414187520 bytes (414 MB) copied, 38.401002 s, 10.8 MB/s
2026-05-20 03:08:44,942 DEBUG   425721856 bytes (426 MB) copied, 39.501900 s, 10.8 MB/s
2026-05-20 03:08:44,942 DEBUG   434110464 bytes (434 MB) copied, 40.534935 s, 10.7 MB/s
2026-05-20 03:08:44,942 DEBUG   444596224 bytes (445 MB) copied, 41.654817 s, 10.7 MB/s
2026-05-20 03:08:44,942 DEBUG   458227712 bytes (458 MB) copied, 42.657850 s, 10.7 MB/s
2026-05-20 03:08:44,942 DEBUG   468713472 bytes (469 MB) copied, 43.691728 s, 10.7 MB/s
2026-05-20 03:08:44,942 DEBUG   482344960 bytes (482 MB) copied, 44.721829 s, 10.8 MB/s
2026-05-20 03:08:44,942 DEBUG   492830720 bytes (493 MB) copied, 45.733806 s, 10.8 MB/s
2026-05-20 03:08:44,943 DEBUG   509607936 bytes (510 MB) copied, 46.756723 s, 10.9 MB/s
2026-05-20 03:08:44,943 DEBUG   519045120 bytes (519 MB) copied, 47.778945 s, 10.9 MB/s
2026-05-20 03:08:44,943 DEBUG   533725184 bytes (534 MB) copied, 48.785999 s, 10.9 MB/s
2026-05-20 03:08:44,943 DEBUG   547356672 bytes (547 MB) copied, 49.861233 s, 11.0 MB/s
2026-05-20 03:08:44,943 DEBUG   555745280 bytes (556 MB) copied, 50.903773 s, 10.9 MB/s
2026-05-20 03:08:44,943 DEBUG   566231040 bytes (566 MB) copied, 51.946790 s, 10.9 MB/s
2026-05-20 03:08:44,943 DEBUG   575668224 bytes (576 MB) copied, 53.036761 s, 10.9 MB/s
2026-05-20 03:08:44,943 DEBUG   585105408 bytes (585 MB) copied, 54.076758 s, 10.8 MB/s
2026-05-20 03:08:44,943 DEBUG   594542592 bytes (595 MB) copied, 55.183792 s, 10.8 MB/s
2026-05-20 03:08:44,943 DEBUG   606076928 bytes (606 MB) copied, 56.233907 s, 10.8 MB/s
2026-05-20 03:08:44,943 DEBUG   619708416 bytes (620 MB) copied, 57.341049 s, 10.8 MB/s
2026-05-20 03:08:44,943 DEBUG   636485632 bytes (636 MB) copied, 58.393924 s, 10.9 MB/s
2026-05-20 03:08:44,943 DEBUG   643825664 bytes (644 MB) copied, 59.451749 s, 10.8 MB/s
2026-05-20 03:08:44,943 DEBUG   657457152 bytes (657 MB) copied, 60.495745 s, 10.9 MB/s
2026-05-20 03:08:44,943 DEBUG   670040064 bytes (670 MB) copied, 61.538825 s, 10.9 MB/s
2026-05-20 03:08:44,943 DEBUG   681574400 bytes (682 MB) copied, 62.674748 s, 10.9 MB/s
2026-05-20 03:08:44,943 DEBUG   693108736 bytes (693 MB) copied, 63.782767 s, 10.9 MB/s
2026-05-20 03:08:44,943 DEBUG   703594496 bytes (704 MB) copied, 64.782812 s, 10.9 MB/s
2026-05-20 03:08:44,943 DEBUG   720371712 bytes (720 MB) copied, 65.820976 s, 10.9 MB/s
2026-05-20 03:08:44,943 DEBUG   731906048 bytes (732 MB) copied, 66.826834 s, 11.0 MB/s
2026-05-20 03:08:44,943 DEBUG   743440384 bytes (743 MB) copied, 67.854798 s, 11.0 MB/s
2026-05-20 03:08:44,943 DEBUG   757071872 bytes (757 MB) copied, 68.885951 s, 11.0 MB/s
2026-05-20 03:08:44,943 DEBUG   767557632 bytes (768 MB) copied, 69.963730 s, 11.0 MB/s
2026-05-20 03:08:44,943 DEBUG   779091968 bytes (779 MB) copied, 71.042802 s, 11.0 MB/s
2026-05-20 03:08:44,943 DEBUG   791674880 bytes (792 MB) copied, 72.094890 s, 11.0 MB/s
2026-05-20 03:08:44,943 DEBUG   803209216 bytes (803 MB) copied, 73.161277 s, 11.0 MB/s
2026-05-20 03:08:44,943 DEBUG   814743552 bytes (815 MB) copied, 74.197758 s, 11.0 MB/s
2026-05-20 03:08:44,943 DEBUG   825229312 bytes (825 MB) copied, 75.275800 s, 11.0 MB/s
2026-05-20 03:08:44,943 DEBUG   836763648 bytes (837 MB) copied, 76.352859 s, 11.0 MB/s
2026-05-20 03:08:44,943 DEBUG   851443712 bytes (851 MB) copied, 77.375776 s, 11.0 MB/s
2026-05-20 03:08:44,943 DEBUG   861929472 bytes (862 MB) copied, 78.439086 s, 11.0 MB/s
2026-05-20 03:08:44,943 DEBUG   874512384 bytes (875 MB) copied, 79.461823 s, 11.0 MB/s
2026-05-20 03:08:44,943 DEBUG   888143872 bytes (888 MB) copied, 80.516799 s, 11.0 MB/s
2026-05-20 03:08:44,943 DEBUG   900726784 bytes (901 MB) copied, 81.626371 s, 11.0 MB/s
2026-05-20 03:08:44,943 DEBUG   913309696 bytes (913 MB) copied, 82.639781 s, 11.1 MB/s
2026-05-20 03:08:44,943 DEBUG   923795456 bytes (924 MB) copied, 83.776218 s, 11.0 MB/s
2026-05-20 03:08:44,943 DEBUG   932184064 bytes (932 MB) copied, 84.799774 s, 11.0 MB/s
2026-05-20 03:08:44,943 DEBUG   940572672 bytes (941 MB) copied, 85.811769 s, 11.0 MB/s
2026-05-20 03:08:44,943 DEBUG   956301312 bytes (956 MB) copied, 86.814837 s, 11.0 MB/s
2026-05-20 03:08:44,943 DEBUG   965738496 bytes (966 MB) copied, 87.897830 s, 11.0 MB/s
2026-05-20 03:08:44,943 DEBUG   980418560 bytes (980 MB) copied, 89.017116 s, 11.0 MB/s
2026-05-20 03:08:44,943 DEBUG   991952896 bytes (992 MB) copied, 90.081783 s, 11.0 MB/s
2026-05-20 03:08:44,943 DEBUG   1004535808 bytes (1.0 GB) copied, 91.160759 s, 11.0 MB/s
2026-05-20 03:08:44,943 DEBUG   1013972992 bytes (1.0 GB) copied, 92.247821 s, 11.0 MB/s
2026-05-20 03:08:44,943 DEBUG   1023410176 bytes (1.0 GB) copied, 93.286750 s, 11.0 MB/s
2026-05-20 03:08:44,943 DEBUG   1038090240 bytes (1.0 GB) copied, 94.350285 s, 11.0 MB/s
2026-05-20 03:08:44,943 DEBUG   1049624576 bytes (1.0 GB) copied, 95.539712 s, 11.0 MB/s
2026-05-20 03:08:44,943 DEBUG   1059061760 bytes (1.1 GB) copied, 96.586102 s, 11.0 MB/s
2026-05-20 03:08:44,943 DEBUG   1068498944 bytes (1.1 GB) copied, 97.630780 s, 10.9 MB/s
2026-05-20 03:08:44,943 DEBUG   1024+0 records in
2026-05-20 03:08:44,943 DEBUG   1024+0 records out
2026-05-20 03:08:44,943 DEBUG   1073741824 bytes (1.1 GB) copied, 98.0581 s, 11.0 MB/s
2026-05-20 03:08:44,944 DEBUG   OK (disk op exit 0)
2026-05-20 03:08:44,944 WARNING Guest disk op wall 100.3s (vm='ahv_ins_delete-0-260514-134636' ip=10.114.51.23 op=create ec=0) — includes SSH + guest disk command; if still high, check guest disk throughput vs. MiB settings.
2026-05-20 03:08:44,944 DEBUG [59/1170] VM 72e55ae1… (ahv_ins_delete-0-260514-184209) via 10.114.51.84 op=create
2026-05-20 03:08:44,944 DEBUG   remote: bash -lc 'set -e; _bs(){ printf '"'"'BULK_SNAP_T %s %s\n'"'"' "$1" "$(date +%s.%N 2>/dev/null || date +%s)"; }; _bs guest_start; _bs pipeline_start; openssl enc -aes-256-ctr -pass pass:"testing" -nosalt < /dev/zero 2>/dev/null | dd of=/root/dummy_snapshot_data_1.img bs=1M count=1024 iflag=fullblock status=progress; ec=$?; _bs pipeline_done; _bs guest_end; exit $ec'
2026-05-20 03:08:48,680 DEBUG   BULK_SNAP_T guest_start 1779214022.462669957
2026-05-20 03:08:48,680 DEBUG   BULK_SNAP_T pipeline_start 1779214022.470899729
2026-05-20 03:08:48,680 DEBUG   BULK_SNAP_T pipeline_done 1779214124.344636367
2026-05-20 03:08:48,680 DEBUG   BULK_SNAP_T guest_end 1779214124.382917619
2026-05-20 03:08:48,680 DEBUG   
2026-05-20 03:08:48,680 DEBUG   12582912 bytes (13 MB) copied, 1.098609 s, 11.5 MB/s
2026-05-20 03:08:48,680 DEBUG   24117248 bytes (24 MB) copied, 2.282671 s, 10.6 MB/s
2026-05-20 03:08:48,680 DEBUG   38797312 bytes (39 MB) copied, 3.320600 s, 11.7 MB/s
2026-05-20 03:08:48,680 DEBUG   52428800 bytes (52 MB) copied, 4.415710 s, 11.9 MB/s
2026-05-20 03:08:48,680 DEBUG   61865984 bytes (62 MB) copied, 5.462612 s, 11.3 MB/s
2026-05-20 03:08:48,680 DEBUG   71303168 bytes (71 MB) copied, 6.516639 s, 10.9 MB/s
2026-05-20 03:08:48,680 DEBUG   77594624 bytes (78 MB) copied, 7.618610 s, 10.2 MB/s
2026-05-20 03:08:48,680 DEBUG   87031808 bytes (87 MB) copied, 8.713617 s, 10.0 MB/s
2026-05-20 03:08:48,680 DEBUG   99614720 bytes (100 MB) copied, 9.718603 s, 10.2 MB/s
2026-05-20 03:08:48,680 DEBUG   109051904 bytes (109 MB) copied, 10.727577 s, 10.2 MB/s
2026-05-20 03:08:48,680 DEBUG   122683392 bytes (123 MB) copied, 11.845684 s, 10.4 MB/s
2026-05-20 03:08:48,680 DEBUG   134217728 bytes (134 MB) copied, 12.868635 s, 10.4 MB/s
2026-05-20 03:08:48,680 DEBUG   144703488 bytes (145 MB) copied, 14.053626 s, 10.3 MB/s
2026-05-20 03:08:48,680 DEBUG   155189248 bytes (155 MB) copied, 15.062670 s, 10.3 MB/s
2026-05-20 03:08:48,680 DEBUG   170917888 bytes (171 MB) copied, 16.128879 s, 10.6 MB/s
2026-05-20 03:08:48,680 DEBUG   181403648 bytes (181 MB) copied, 17.312577 s, 10.5 MB/s
2026-05-20 03:08:48,680 DEBUG   191889408 bytes (192 MB) copied, 18.327678 s, 10.5 MB/s
2026-05-20 03:08:48,680 DEBUG   208666624 bytes (209 MB) copied, 19.473614 s, 10.7 MB/s
2026-05-20 03:08:48,680 DEBUG   218103808 bytes (218 MB) copied, 20.483682 s, 10.6 MB/s
2026-05-20 03:08:48,680 DEBUG   227540992 bytes (228 MB) copied, 21.641592 s, 10.5 MB/s
2026-05-20 03:08:48,680 DEBUG   238026752 bytes (238 MB) copied, 22.674635 s, 10.5 MB/s
2026-05-20 03:08:48,681 DEBUG   250609664 bytes (251 MB) copied, 23.729628 s, 10.6 MB/s
2026-05-20 03:08:48,681 DEBUG   263192576 bytes (263 MB) copied, 24.869663 s, 10.6 MB/s
2026-05-20 03:08:48,681 DEBUG   276824064 bytes (277 MB) copied, 25.873265 s, 10.7 MB/s
2026-05-20 03:08:48,681 DEBUG   292552704 bytes (293 MB) copied, 26.904797 s, 10.9 MB/s
2026-05-20 03:08:48,681 DEBUG   305135616 bytes (305 MB) copied, 27.973632 s, 10.9 MB/s
2026-05-20 03:08:48,681 DEBUG   322961408 bytes (323 MB) copied, 29.237630 s, 11.0 MB/s
2026-05-20 03:08:48,681 DEBUG   332398592 bytes (332 MB) copied, 30.330593 s, 11.0 MB/s
2026-05-20 03:08:48,681 DEBUG   340787200 bytes (341 MB) copied, 31.373655 s, 10.9 MB/s
2026-05-20 03:08:48,681 DEBUG   351272960 bytes (351 MB) copied, 32.384619 s, 10.8 MB/s
2026-05-20 03:08:48,681 DEBUG   363855872 bytes (364 MB) copied, 33.497635 s, 10.9 MB/s
2026-05-20 03:08:48,681 DEBUG   371195904 bytes (371 MB) copied, 34.514649 s, 10.8 MB/s
2026-05-20 03:08:48,681 DEBUG   381681664 bytes (382 MB) copied, 35.607661 s, 10.7 MB/s
2026-05-20 03:08:48,681 DEBUG   400556032 bytes (401 MB) copied, 36.634938 s, 10.9 MB/s
2026-05-20 03:08:48,681 DEBUG   411041792 bytes (411 MB) copied, 37.858683 s, 10.9 MB/s
2026-05-20 03:08:48,681 DEBUG   423624704 bytes (424 MB) copied, 38.906644 s, 10.9 MB/s
2026-05-20 03:08:48,681 DEBUG   435159040 bytes (435 MB) copied, 39.962674 s, 10.9 MB/s
2026-05-20 03:08:48,681 DEBUG   446693376 bytes (447 MB) copied, 40.983670 s, 10.9 MB/s
2026-05-20 03:08:48,681 DEBUG   457179136 bytes (457 MB) copied, 42.024708 s, 10.9 MB/s
2026-05-20 03:08:48,681 DEBUG   468713472 bytes (469 MB) copied, 43.270744 s, 10.8 MB/s
2026-05-20 03:08:48,681 DEBUG   482344960 bytes (482 MB) copied, 44.309855 s, 10.9 MB/s
2026-05-20 03:08:48,681 DEBUG   494927872 bytes (495 MB) copied, 45.448637 s, 10.9 MB/s
2026-05-20 03:08:48,681 DEBUG   507510784 bytes (508 MB) copied, 46.528650 s, 10.9 MB/s
2026-05-20 03:08:48,681 DEBUG   521142272 bytes (521 MB) copied, 47.710707 s, 10.9 MB/s
2026-05-20 03:08:48,681 DEBUG   532676608 bytes (533 MB) copied, 48.745592 s, 10.9 MB/s
2026-05-20 03:08:48,681 DEBUG   550502400 bytes (551 MB) copied, 49.862733 s, 11.0 MB/s
2026-05-20 03:08:48,681 DEBUG   565182464 bytes (565 MB) copied, 51.069625 s, 11.1 MB/s
2026-05-20 03:08:48,681 DEBUG   572522496 bytes (573 MB) copied, 52.088605 s, 11.0 MB/s
2026-05-20 03:08:48,681 DEBUG   583008256 bytes (583 MB) copied, 53.165759 s, 11.0 MB/s
2026-05-20 03:08:48,681 DEBUG   593494016 bytes (593 MB) copied, 54.349741 s, 10.9 MB/s
2026-05-20 03:08:48,681 DEBUG   605028352 bytes (605 MB) copied, 55.487603 s, 10.9 MB/s
2026-05-20 03:08:48,681 DEBUG   616562688 bytes (617 MB) copied, 56.549616 s, 10.9 MB/s
2026-05-20 03:08:48,681 DEBUG   629145600 bytes (629 MB) copied, 57.749733 s, 10.9 MB/s
2026-05-20 03:08:48,681 DEBUG   637534208 bytes (638 MB) copied, 58.849893 s, 10.8 MB/s
2026-05-20 03:08:48,681 DEBUG   644874240 bytes (645 MB) copied, 60.053607 s, 10.7 MB/s
2026-05-20 03:08:48,681 DEBUG   653262848 bytes (653 MB) copied, 61.093913 s, 10.7 MB/s
2026-05-20 03:08:48,681 DEBUG   664797184 bytes (665 MB) copied, 62.324671 s, 10.7 MB/s
2026-05-20 03:08:48,681 DEBUG   673185792 bytes (673 MB) copied, 63.362644 s, 10.6 MB/s
2026-05-20 03:08:48,681 DEBUG   683671552 bytes (684 MB) copied, 64.563603 s, 10.6 MB/s
2026-05-20 03:08:48,681 DEBUG   693108736 bytes (693 MB) copied, 65.585657 s, 10.6 MB/s
2026-05-20 03:08:48,681 DEBUG   702545920 bytes (703 MB) copied, 66.678691 s, 10.5 MB/s
2026-05-20 03:08:48,681 DEBUG   714080256 bytes (714 MB) copied, 67.724682 s, 10.5 MB/s
2026-05-20 03:08:48,681 DEBUG   725614592 bytes (726 MB) copied, 68.758623 s, 10.6 MB/s
2026-05-20 03:08:48,681 DEBUG   735051776 bytes (735 MB) copied, 69.809656 s, 10.5 MB/s
2026-05-20 03:08:48,681 DEBUG   748683264 bytes (749 MB) copied, 70.931669 s, 10.6 MB/s
2026-05-20 03:08:48,681 DEBUG   764411904 bytes (764 MB) copied, 71.963615 s, 10.6 MB/s
2026-05-20 03:08:48,681 DEBUG   774897664 bytes (775 MB) copied, 73.056612 s, 10.6 MB/s
2026-05-20 03:08:48,681 DEBUG   785383424 bytes (785 MB) copied, 74.091719 s, 10.6 MB/s
2026-05-20 03:08:48,681 DEBUG   799014912 bytes (799 MB) copied, 75.107627 s, 10.6 MB/s
2026-05-20 03:08:48,681 DEBUG   815792128 bytes (816 MB) copied, 76.246682 s, 10.7 MB/s
2026-05-20 03:08:48,681 DEBUG   829423616 bytes (829 MB) copied, 77.251086 s, 10.7 MB/s
2026-05-20 03:08:48,682 DEBUG   846200832 bytes (846 MB) copied, 78.419739 s, 10.8 MB/s
2026-05-20 03:08:48,682 DEBUG   859832320 bytes (860 MB) copied, 79.430661 s, 10.8 MB/s
2026-05-20 03:08:48,682 DEBUG   873463808 bytes (873 MB) copied, 80.436476 s, 10.9 MB/s
2026-05-20 03:08:48,682 DEBUG   882900992 bytes (883 MB) copied, 81.445728 s, 10.8 MB/s
2026-05-20 03:08:48,682 DEBUG   894435328 bytes (894 MB) copied, 82.540645 s, 10.8 MB/s
2026-05-20 03:08:48,682 DEBUG   901775360 bytes (902 MB) copied, 83.606654 s, 10.8 MB/s
2026-05-20 03:08:48,682 DEBUG   912261120 bytes (912 MB) copied, 84.607621 s, 10.8 MB/s
2026-05-20 03:08:48,682 DEBUG   925892608 bytes (926 MB) copied, 85.697584 s, 10.8 MB/s
2026-05-20 03:08:48,682 DEBUG   935329792 bytes (935 MB) copied, 86.709597 s, 10.8 MB/s
2026-05-20 03:08:48,682 DEBUG   944766976 bytes (945 MB) copied, 87.808605 s, 10.8 MB/s
2026-05-20 03:08:48,682 DEBUG   955252736 bytes (955 MB) copied, 88.809647 s, 10.8 MB/s
2026-05-20 03:08:48,682 DEBUG   964689920 bytes (965 MB) copied, 89.854603 s, 10.7 MB/s
2026-05-20 03:08:48,682 DEBUG   974127104 bytes (974 MB) copied, 90.961674 s, 10.7 MB/s
2026-05-20 03:08:48,682 DEBUG   981467136 bytes (981 MB) copied, 91.971602 s, 10.7 MB/s
2026-05-20 03:08:48,682 DEBUG   991952896 bytes (992 MB) copied, 93.141746 s, 10.6 MB/s
2026-05-20 03:08:48,682 DEBUG   1004535808 bytes (1.0 GB) copied, 94.169659 s, 10.7 MB/s
2026-05-20 03:08:48,682 DEBUG   1013972992 bytes (1.0 GB) copied, 95.241667 s, 10.6 MB/s
2026-05-20 03:08:48,682 DEBUG   1023410176 bytes (1.0 GB) copied, 96.428618 s, 10.6 MB/s
2026-05-20 03:08:48,682 DEBUG   1034944512 bytes (1.0 GB) copied, 97.478856 s, 10.6 MB/s
2026-05-20 03:08:48,682 DEBUG   1046478848 bytes (1.0 GB) copied, 98.541785 s, 10.6 MB/s
2026-05-20 03:08:48,682 DEBUG   1056964608 bytes (1.1 GB) copied, 99.555609 s, 10.6 MB/s
2026-05-20 03:08:48,682 DEBUG   1064304640 bytes (1.1 GB) copied, 100.568604 s, 10.6 MB/s
2026-05-20 03:08:48,682 DEBUG   1072693248 bytes (1.1 GB) copied, 101.608057 s, 10.6 MB/s
2026-05-20 03:08:48,682 DEBUG   1024+0 records in
2026-05-20 03:08:48,682 DEBUG   1024+0 records out
2026-05-20 03:08:48,682 DEBUG   1073741824 bytes (1.1 GB) copied, 101.643 s, 10.6 MB/s
2026-05-20 03:08:48,682 DEBUG   OK (disk op exit 0)
2026-05-20 03:08:48,682 WARNING Guest disk op wall 104.1s (vm='ahv_ins_delete-0-260514-141049' ip=10.114.50.158 op=create ec=0) — includes SSH + guest disk command; if still high, check guest disk throughput vs. MiB settings.
2026-05-20 03:08:48,683 DEBUG [60/1170] VM 229fa1f1… (ahv_ins_delete-0-260514-184210) via 10.114.51.129 op=create
2026-05-20 03:08:48,683 DEBUG   remote: bash -lc 'set -e; _bs(){ printf '"'"'BULK_SNAP_T %s %s\n'"'"' "$1" "$(date +%s.%N 2>/dev/null || date +%s)"; }; _bs guest_start; _bs pipeline_start; openssl enc -aes-256-ctr -pass pass:"testing" -nosalt < /dev/zero 2>/dev/null | dd of=/root/dummy_snapshot_data_1.img bs=1M count=1024 iflag=fullblock status=progress; ec=$?; _bs pipeline_done; _bs guest_end; exit $ec'
2026-05-20 03:09:35,706 DEBUG   BULK_SNAP_T guest_start 1779214095.173598927
2026-05-20 03:09:35,706 DEBUG   BULK_SNAP_T pipeline_start 1779214095.175667240
2026-05-20 03:09:35,706 DEBUG   BULK_SNAP_T pipeline_done 1779214171.638306765
2026-05-20 03:09:35,706 DEBUG   BULK_SNAP_T guest_end 1779214171.652180876
2026-05-20 03:09:35,706 DEBUG   
2026-05-20 03:09:35,706 DEBUG   13631488 bytes (14 MB) copied, 1.163170 s, 11.7 MB/s
2026-05-20 03:09:35,706 DEBUG   30408704 bytes (30 MB) copied, 2.174472 s, 14.0 MB/s
2026-05-20 03:09:35,706 DEBUG   44040192 bytes (44 MB) copied, 3.218820 s, 13.7 MB/s
2026-05-20 03:09:35,706 DEBUG   60817408 bytes (61 MB) copied, 4.280228 s, 14.2 MB/s
2026-05-20 03:09:35,706 DEBUG   77594624 bytes (78 MB) copied, 5.356247 s, 14.5 MB/s
2026-05-20 03:09:35,706 DEBUG   96468992 bytes (96 MB) copied, 6.365210 s, 15.2 MB/s
2026-05-20 03:09:35,706 DEBUG   118489088 bytes (118 MB) copied, 7.397286 s, 16.0 MB/s
2026-05-20 03:09:35,706 DEBUG   139460608 bytes (139 MB) copied, 8.626179 s, 16.2 MB/s
2026-05-20 03:09:35,706 DEBUG   150994944 bytes (151 MB) copied, 9.736176 s, 15.5 MB/s
2026-05-20 03:09:35,706 DEBUG   165675008 bytes (166 MB) copied, 10.749173 s, 15.4 MB/s
2026-05-20 03:09:35,706 DEBUG   174063616 bytes (174 MB) copied, 11.760119 s, 14.8 MB/s
2026-05-20 03:09:35,706 DEBUG   186646528 bytes (187 MB) copied, 12.780180 s, 14.6 MB/s
2026-05-20 03:09:35,706 DEBUG   199229440 bytes (199 MB) copied, 13.817184 s, 14.4 MB/s
2026-05-20 03:09:35,706 DEBUG   214958080 bytes (215 MB) copied, 14.905522 s, 14.4 MB/s
2026-05-20 03:09:35,706 DEBUG   232783872 bytes (233 MB) copied, 15.950344 s, 14.6 MB/s
2026-05-20 03:09:35,706 DEBUG   247463936 bytes (247 MB) copied, 17.048426 s, 14.5 MB/s
2026-05-20 03:09:35,706 DEBUG   262144000 bytes (262 MB) copied, 18.093282 s, 14.5 MB/s
2026-05-20 03:09:35,706 DEBUG   276824064 bytes (277 MB) copied, 19.198175 s, 14.4 MB/s
2026-05-20 03:09:35,706 DEBUG   288358400 bytes (288 MB) copied, 20.250254 s, 14.2 MB/s
2026-05-20 03:09:35,706 DEBUG   305135616 bytes (305 MB) copied, 21.268296 s, 14.3 MB/s
2026-05-20 03:09:35,706 DEBUG   318767104 bytes (319 MB) copied, 22.279178 s, 14.3 MB/s
2026-05-20 03:09:35,706 DEBUG   334495744 bytes (334 MB) copied, 23.290440 s, 14.4 MB/s
2026-05-20 03:09:35,706 DEBUG   350224384 bytes (350 MB) copied, 24.432657 s, 14.3 MB/s
2026-05-20 03:09:35,706 DEBUG   363855872 bytes (364 MB) copied, 25.448607 s, 14.3 MB/s
2026-05-20 03:09:35,706 DEBUG   375390208 bytes (375 MB) copied, 26.562419 s, 14.1 MB/s
2026-05-20 03:09:35,706 DEBUG   393216000 bytes (393 MB) copied, 27.606229 s, 14.2 MB/s
2026-05-20 03:09:35,706 DEBUG   408944640 bytes (409 MB) copied, 28.778883 s, 14.2 MB/s
2026-05-20 03:09:35,706 DEBUG   425721856 bytes (426 MB) copied, 29.863246 s, 14.3 MB/s
2026-05-20 03:09:35,706 DEBUG   447741952 bytes (448 MB) copied, 30.944283 s, 14.5 MB/s
2026-05-20 03:09:35,706 DEBUG   460324864 bytes (460 MB) copied, 31.973202 s, 14.4 MB/s
2026-05-20 03:09:35,706 DEBUG   472907776 bytes (473 MB) copied, 33.027160 s, 14.3 MB/s
2026-05-20 03:09:35,706 DEBUG   483393536 bytes (483 MB) copied, 34.114212 s, 14.2 MB/s
2026-05-20 03:09:35,706 DEBUG   499122176 bytes (499 MB) copied, 35.167342 s, 14.2 MB/s
2026-05-20 03:09:35,706 DEBUG   512753664 bytes (513 MB) copied, 36.204280 s, 14.2 MB/s
2026-05-20 03:09:35,706 DEBUG   527433728 bytes (527 MB) copied, 37.270174 s, 14.2 MB/s
2026-05-20 03:09:35,707 DEBUG   541065216 bytes (541 MB) copied, 38.306241 s, 14.1 MB/s
2026-05-20 03:09:35,707 DEBUG   553648128 bytes (554 MB) copied, 39.339178 s, 14.1 MB/s
2026-05-20 03:09:35,707 DEBUG   564133888 bytes (564 MB) copied, 40.344239 s, 14.0 MB/s
2026-05-20 03:09:35,707 DEBUG   577765376 bytes (578 MB) copied, 41.415283 s, 14.0 MB/s
2026-05-20 03:09:35,707 DEBUG   592445440 bytes (592 MB) copied, 42.473254 s, 13.9 MB/s
2026-05-20 03:09:35,707 DEBUG   602931200 bytes (603 MB) copied, 43.519312 s, 13.9 MB/s
2026-05-20 03:09:35,707 DEBUG   619708416 bytes (620 MB) copied, 44.627207 s, 13.9 MB/s
2026-05-20 03:09:35,707 DEBUG   635437056 bytes (635 MB) copied, 45.646235 s, 13.9 MB/s
2026-05-20 03:09:35,707 DEBUG   650117120 bytes (650 MB) copied, 46.652239 s, 13.9 MB/s
2026-05-20 03:09:35,707 DEBUG   664797184 bytes (665 MB) copied, 47.744335 s, 13.9 MB/s
2026-05-20 03:09:35,707 DEBUG   676331520 bytes (676 MB) copied, 48.811157 s, 13.9 MB/s
2026-05-20 03:09:35,707 DEBUG   691011584 bytes (691 MB) copied, 49.864514 s, 13.9 MB/s
2026-05-20 03:09:35,707 DEBUG   703594496 bytes (704 MB) copied, 50.872189 s, 13.8 MB/s
2026-05-20 03:09:35,707 DEBUG   716177408 bytes (716 MB) copied, 51.883171 s, 13.8 MB/s
2026-05-20 03:09:35,707 DEBUG   727711744 bytes (728 MB) copied, 52.911178 s, 13.8 MB/s
2026-05-20 03:09:35,707 DEBUG   741343232 bytes (741 MB) copied, 53.981207 s, 13.7 MB/s
2026-05-20 03:09:35,707 DEBUG   757071872 bytes (757 MB) copied, 55.086232 s, 13.7 MB/s
2026-05-20 03:09:35,707 DEBUG   771751936 bytes (772 MB) copied, 56.101149 s, 13.8 MB/s
2026-05-20 03:09:35,707 DEBUG   782237696 bytes (782 MB) copied, 57.130331 s, 13.7 MB/s
2026-05-20 03:09:35,707 DEBUG   795869184 bytes (796 MB) copied, 58.143381 s, 13.7 MB/s
2026-05-20 03:09:35,707 DEBUG   809500672 bytes (810 MB) copied, 59.187181 s, 13.7 MB/s
2026-05-20 03:09:35,707 DEBUG   830472192 bytes (830 MB) copied, 60.305337 s, 13.8 MB/s
2026-05-20 03:09:35,707 DEBUG   851443712 bytes (851 MB) copied, 61.335523 s, 13.9 MB/s
2026-05-20 03:09:35,707 DEBUG   866123776 bytes (866 MB) copied, 62.351198 s, 13.9 MB/s
2026-05-20 03:09:35,707 DEBUG   880803840 bytes (881 MB) copied, 63.397228 s, 13.9 MB/s
2026-05-20 03:09:35,707 DEBUG   890241024 bytes (890 MB) copied, 64.416139 s, 13.8 MB/s
2026-05-20 03:09:35,707 DEBUG   902823936 bytes (903 MB) copied, 65.451198 s, 13.8 MB/s
2026-05-20 03:09:35,707 DEBUG   919601152 bytes (920 MB) copied, 66.567251 s, 13.8 MB/s
2026-05-20 03:09:35,707 DEBUG   935329792 bytes (935 MB) copied, 67.627233 s, 13.8 MB/s
2026-05-20 03:09:35,707 DEBUG   951058432 bytes (951 MB) copied, 68.693171 s, 13.8 MB/s
2026-05-20 03:09:35,707 DEBUG   967835648 bytes (968 MB) copied, 69.718163 s, 13.9 MB/s
2026-05-20 03:09:35,707 DEBUG   982515712 bytes (983 MB) copied, 70.830239 s, 13.9 MB/s
2026-05-20 03:09:35,707 DEBUG   994050048 bytes (994 MB) copied, 71.948189 s, 13.8 MB/s
2026-05-20 03:09:35,707 DEBUG   1010827264 bytes (1.0 GB) copied, 72.967338 s, 13.9 MB/s
2026-05-20 03:09:35,707 DEBUG   1031798784 bytes (1.0 GB) copied, 74.001177 s, 13.9 MB/s
2026-05-20 03:09:35,707 DEBUG   1048576000 bytes (1.0 GB) copied, 75.001524 s, 14.0 MB/s
2026-05-20 03:09:35,707 DEBUG   1069547520 bytes (1.1 GB) copied, 76.043318 s, 14.1 MB/s
2026-05-20 03:09:35,707 DEBUG   1024+0 records in
2026-05-20 03:09:35,707 DEBUG   1024+0 records out
2026-05-20 03:09:35,707 DEBUG   1073741824 bytes (1.1 GB) copied, 76.2973 s, 14.1 MB/s
2026-05-20 03:09:35,707 DEBUG   OK (disk op exit 0)
2026-05-20 03:09:35,707 WARNING Guest disk op wall 78.5s (vm='ahv_ins_delete-0-260514-181357' ip=10.114.50.156 op=create ec=0) — includes SSH + guest disk command; if still high, check guest disk throughput vs. MiB settings.
2026-05-20 03:09:35,708 DEBUG [61/1170] VM 17224b0e… (ahv_ins_delete-0-260514-184641) via 10.114.50.232 op=create
2026-05-20 03:09:35,708 DEBUG   remote: bash -lc 'set -e; _bs(){ printf '"'"'BULK_SNAP_T %s %s\n'"'"' "$1" "$(date +%s.%N 2>/dev/null || date +%s)"; }; _bs guest_start; _bs pipeline_start; openssl enc -aes-256-ctr -pass pass:"testing" -nosalt < /dev/zero 2>/dev/null | dd of=/root/dummy_snapshot_data_1.img bs=1M count=1024 iflag=fullblock status=progress; ec=$?; _bs pipeline_done; _bs guest_end; exit $ec'
2026-05-20 03:09:39,260 DEBUG   BULK_SNAP_T guest_start 1779214099.053738071
2026-05-20 03:09:39,260 DEBUG   BULK_SNAP_T pipeline_start 1779214099.062126885
2026-05-20 03:09:39,260 DEBUG   BULK_SNAP_T pipeline_done 1779214174.978285906
2026-05-20 03:09:39,260 DEBUG   BULK_SNAP_T guest_end 1779214174.993656657
2026-05-20 03:09:39,260 DEBUG   
2026-05-20 03:09:39,260 DEBUG   15728640 bytes (16 MB) copied, 1.131854 s, 13.9 MB/s
2026-05-20 03:09:39,260 DEBUG   34603008 bytes (35 MB) copied, 2.133811 s, 16.2 MB/s
2026-05-20 03:09:39,260 DEBUG   50331648 bytes (50 MB) copied, 3.143904 s, 16.0 MB/s
2026-05-20 03:09:39,260 DEBUG   73400320 bytes (73 MB) copied, 4.181899 s, 17.6 MB/s
2026-05-20 03:09:39,260 DEBUG   93323264 bytes (93 MB) copied, 5.228865 s, 17.8 MB/s
2026-05-20 03:09:39,260 DEBUG   109051904 bytes (109 MB) copied, 6.320764 s, 17.3 MB/s
2026-05-20 03:09:39,261 DEBUG   121634816 bytes (122 MB) copied, 7.375973 s, 16.5 MB/s
2026-05-20 03:09:39,261 DEBUG   135266304 bytes (135 MB) copied, 8.502846 s, 15.9 MB/s
2026-05-20 03:09:39,261 DEBUG   150994944 bytes (151 MB) copied, 9.646898 s, 15.7 MB/s
2026-05-20 03:09:39,261 DEBUG   166723584 bytes (167 MB) copied, 10.778828 s, 15.5 MB/s
2026-05-20 03:09:39,261 DEBUG   190840832 bytes (191 MB) copied, 11.802884 s, 16.2 MB/s
2026-05-20 03:09:39,261 DEBUG   204472320 bytes (204 MB) copied, 12.847835 s, 15.9 MB/s
2026-05-20 03:09:39,261 DEBUG   218103808 bytes (218 MB) copied, 13.928752 s, 15.7 MB/s
2026-05-20 03:09:39,261 DEBUG   231735296 bytes (232 MB) copied, 15.117812 s, 15.3 MB/s
2026-05-20 03:09:39,261 DEBUG   252706816 bytes (253 MB) copied, 16.165839 s, 15.6 MB/s
2026-05-20 03:09:39,261 DEBUG   261095424 bytes (261 MB) copied, 17.264895 s, 15.1 MB/s
2026-05-20 03:09:39,261 DEBUG   271581184 bytes (272 MB) copied, 18.427161 s, 14.7 MB/s
2026-05-20 03:09:39,261 DEBUG   283115520 bytes (283 MB) copied, 19.473775 s, 14.5 MB/s
2026-05-20 03:09:39,261 DEBUG   295698432 bytes (296 MB) copied, 20.487864 s, 14.4 MB/s
2026-05-20 03:09:39,261 DEBUG   308281344 bytes (308 MB) copied, 21.506378 s, 14.3 MB/s
2026-05-20 03:09:39,261 DEBUG   322961408 bytes (323 MB) copied, 22.511806 s, 14.3 MB/s
2026-05-20 03:09:39,261 DEBUG   333447168 bytes (333 MB) copied, 23.558848 s, 14.2 MB/s
2026-05-20 03:09:39,261 DEBUG   348127232 bytes (348 MB) copied, 24.616850 s, 14.1 MB/s
2026-05-20 03:09:39,261 DEBUG   381681664 bytes (382 MB) copied, 25.656805 s, 14.9 MB/s
2026-05-20 03:09:39,261 DEBUG   399507456 bytes (400 MB) copied, 26.715855 s, 15.0 MB/s
2026-05-20 03:09:39,261 DEBUG   413138944 bytes (413 MB) copied, 27.816793 s, 14.9 MB/s
2026-05-20 03:09:39,261 DEBUG   424673280 bytes (425 MB) copied, 28.883406 s, 14.7 MB/s
2026-05-20 03:09:39,261 DEBUG   436207616 bytes (436 MB) copied, 29.890790 s, 14.6 MB/s
2026-05-20 03:09:39,261 DEBUG   449839104 bytes (450 MB) copied, 30.931098 s, 14.5 MB/s
2026-05-20 03:09:39,261 DEBUG   465567744 bytes (466 MB) copied, 32.004812 s, 14.5 MB/s
2026-05-20 03:09:39,261 DEBUG   479199232 bytes (479 MB) copied, 33.074830 s, 14.5 MB/s
2026-05-20 03:09:39,261 DEBUG   492830720 bytes (493 MB) copied, 34.121987 s, 14.4 MB/s
2026-05-20 03:09:39,261 DEBUG   506462208 bytes (506 MB) copied, 35.143849 s, 14.4 MB/s
2026-05-20 03:09:39,261 DEBUG   527433728 bytes (527 MB) copied, 36.212822 s, 14.6 MB/s
2026-05-20 03:09:39,261 DEBUG   543162368 bytes (543 MB) copied, 37.293799 s, 14.6 MB/s
2026-05-20 03:09:39,261 DEBUG   556793856 bytes (557 MB) copied, 38.309924 s, 14.5 MB/s
2026-05-20 03:09:39,261 DEBUG   572522496 bytes (573 MB) copied, 39.368152 s, 14.5 MB/s
2026-05-20 03:09:39,262 DEBUG   585105408 bytes (585 MB) copied, 40.372926 s, 14.5 MB/s
2026-05-20 03:09:39,262 DEBUG   601882624 bytes (602 MB) copied, 41.394071 s, 14.5 MB/s
2026-05-20 03:09:39,262 DEBUG   621805568 bytes (622 MB) copied, 42.469814 s, 14.6 MB/s
2026-05-20 03:09:39,262 DEBUG   635437056 bytes (635 MB) copied, 43.471803 s, 14.6 MB/s
2026-05-20 03:09:39,262 DEBUG   646971392 bytes (647 MB) copied, 44.494097 s, 14.5 MB/s
2026-05-20 03:09:39,262 DEBUG   660602880 bytes (661 MB) copied, 45.535825 s, 14.5 MB/s
2026-05-20 03:09:39,262 DEBUG   673185792 bytes (673 MB) copied, 46.637794 s, 14.4 MB/s
2026-05-20 03:09:39,262 DEBUG   686817280 bytes (687 MB) copied, 47.711858 s, 14.4 MB/s
2026-05-20 03:09:39,262 DEBUG   701497344 bytes (701 MB) copied, 48.761839 s, 14.4 MB/s
2026-05-20 03:09:39,262 DEBUG   715128832 bytes (715 MB) copied, 49.818863 s, 14.4 MB/s
2026-05-20 03:09:39,262 DEBUG   729808896 bytes (730 MB) copied, 50.874807 s, 14.3 MB/s
2026-05-20 03:09:39,262 DEBUG   746586112 bytes (747 MB) copied, 51.917891 s, 14.4 MB/s
2026-05-20 03:09:39,262 DEBUG   762314752 bytes (762 MB) copied, 52.922805 s, 14.4 MB/s
2026-05-20 03:09:39,262 DEBUG   774897664 bytes (775 MB) copied, 53.984879 s, 14.4 MB/s
2026-05-20 03:09:39,262 DEBUG   790626304 bytes (791 MB) copied, 55.019781 s, 14.4 MB/s
2026-05-20 03:09:39,262 DEBUG   807403520 bytes (807 MB) copied, 56.042816 s, 14.4 MB/s
2026-05-20 03:09:39,262 DEBUG   821035008 bytes (821 MB) copied, 57.086090 s, 14.4 MB/s
2026-05-20 03:09:39,262 DEBUG   835715072 bytes (836 MB) copied, 58.179778 s, 14.4 MB/s
2026-05-20 03:09:39,262 DEBUG   846200832 bytes (846 MB) copied, 59.188839 s, 14.3 MB/s
2026-05-20 03:09:39,262 DEBUG   858783744 bytes (859 MB) copied, 60.191833 s, 14.3 MB/s
2026-05-20 03:09:39,262 DEBUG   871366656 bytes (871 MB) copied, 61.223798 s, 14.2 MB/s
2026-05-20 03:09:39,262 DEBUG   886046720 bytes (886 MB) copied, 62.249804 s, 14.2 MB/s
2026-05-20 03:09:39,262 DEBUG   899678208 bytes (900 MB) copied, 63.318816 s, 14.2 MB/s
2026-05-20 03:09:39,262 DEBUG   912261120 bytes (912 MB) copied, 64.326974 s, 14.2 MB/s
2026-05-20 03:09:39,262 DEBUG   929038336 bytes (929 MB) copied, 65.393143 s, 14.2 MB/s
2026-05-20 03:09:39,262 DEBUG   942669824 bytes (943 MB) copied, 66.396795 s, 14.2 MB/s
2026-05-20 03:09:39,262 DEBUG   952107008 bytes (952 MB) copied, 67.493788 s, 14.1 MB/s
2026-05-20 03:09:39,262 DEBUG   963641344 bytes (964 MB) copied, 68.584826 s, 14.1 MB/s
2026-05-20 03:09:39,262 DEBUG   977272832 bytes (977 MB) copied, 69.607289 s, 14.0 MB/s
2026-05-20 03:09:39,262 DEBUG   991952896 bytes (992 MB) copied, 70.718821 s, 14.0 MB/s
2026-05-20 03:09:39,262 DEBUG   1013972992 bytes (1.0 GB) copied, 71.764808 s, 14.1 MB/s
2026-05-20 03:09:39,262 DEBUG   1029701632 bytes (1.0 GB) copied, 72.780800 s, 14.1 MB/s
2026-05-20 03:09:39,263 DEBUG   1046478848 bytes (1.0 GB) copied, 73.850844 s, 14.2 MB/s
2026-05-20 03:09:39,263 DEBUG   1063256064 bytes (1.1 GB) copied, 74.920807 s, 14.2 MB/s
2026-05-20 03:09:39,263 DEBUG   1024+0 records in
2026-05-20 03:09:39,263 DEBUG   1024+0 records out
2026-05-20 03:09:39,263 DEBUG   1073741824 bytes (1.1 GB) copied, 75.7449 s, 14.2 MB/s
2026-05-20 03:09:39,263 DEBUG   OK (disk op exit 0)
2026-05-20 03:09:39,263 WARNING Guest disk op wall 78.8s (vm='ahv_ins_delete-0-260514-181408' ip=10.114.51.43 op=create ec=0) — includes SSH + guest disk command; if still high, check guest disk throughput vs. MiB settings.
2026-05-20 03:09:39,263 DEBUG [62/1170] VM e0ce1db9… (ahv_ins_delete-0-260514-184710) via 10.114.51.246 op=create
2026-05-20 03:09:39,264 DEBUG   remote: bash -lc 'set -e; _bs(){ printf '"'"'BULK_SNAP_T %s %s\n'"'"' "$1" "$(date +%s.%N 2>/dev/null || date +%s)"; }; _bs guest_start; _bs pipeline_start; openssl enc -aes-256-ctr -pass pass:"testing" -nosalt < /dev/zero 2>/dev/null | dd of=/root/dummy_snapshot_data_1.img bs=1M count=1024 iflag=fullblock status=progress; ec=$?; _bs pipeline_done; _bs guest_end; exit $ec'
2026-05-20 03:09:42,708 DEBUG   BULK_SNAP_T guest_start 1779214101.056217695
2026-05-20 03:09:42,709 DEBUG   BULK_SNAP_T pipeline_start 1779214101.064950833
2026-05-20 03:09:42,709 DEBUG   BULK_SNAP_T pipeline_done 1779214178.409186770
2026-05-20 03:09:42,709 DEBUG   BULK_SNAP_T guest_end 1779214178.425998312
2026-05-20 03:09:42,709 DEBUG   
2026-05-20 03:09:42,709 DEBUG   16777216 bytes (17 MB) copied, 1.012976 s, 16.6 MB/s
2026-05-20 03:09:42,709 DEBUG   38797312 bytes (39 MB) copied, 2.026941 s, 19.1 MB/s
2026-05-20 03:09:42,709 DEBUG   56623104 bytes (57 MB) copied, 3.093991 s, 18.3 MB/s
2026-05-20 03:09:42,709 DEBUG   72351744 bytes (72 MB) copied, 4.193029 s, 17.3 MB/s
2026-05-20 03:09:42,709 DEBUG   93323264 bytes (93 MB) copied, 5.200557 s, 17.9 MB/s
2026-05-20 03:09:42,709 DEBUG   104857600 bytes (105 MB) copied, 6.211175 s, 16.9 MB/s
2026-05-20 03:09:42,709 DEBUG   118489088 bytes (118 MB) copied, 7.334017 s, 16.2 MB/s
2026-05-20 03:09:42,709 DEBUG   132120576 bytes (132 MB) copied, 8.405937 s, 15.7 MB/s
2026-05-20 03:09:42,709 DEBUG   149946368 bytes (150 MB) copied, 9.413391 s, 15.9 MB/s
2026-05-20 03:09:42,709 DEBUG   163577856 bytes (164 MB) copied, 10.461028 s, 15.6 MB/s
2026-05-20 03:09:42,709 DEBUG   174063616 bytes (174 MB) copied, 11.568024 s, 15.0 MB/s
2026-05-20 03:09:42,709 DEBUG   187695104 bytes (188 MB) copied, 12.650113 s, 14.8 MB/s
2026-05-20 03:09:42,709 DEBUG   200278016 bytes (200 MB) copied, 13.749989 s, 14.6 MB/s
2026-05-20 03:09:42,709 DEBUG   209715200 bytes (210 MB) copied, 14.815016 s, 14.2 MB/s
2026-05-20 03:09:42,709 DEBUG   222298112 bytes (222 MB) copied, 15.831063 s, 14.0 MB/s
2026-05-20 03:09:42,709 DEBUG   248512512 bytes (249 MB) copied, 16.855033 s, 14.7 MB/s
2026-05-20 03:09:42,709 DEBUG   265289728 bytes (265 MB) copied, 17.940104 s, 14.8 MB/s
2026-05-20 03:09:42,709 DEBUG   277872640 bytes (278 MB) copied, 19.013007 s, 14.6 MB/s
2026-05-20 03:09:42,709 DEBUG   291504128 bytes (292 MB) copied, 20.062965 s, 14.5 MB/s
2026-05-20 03:09:42,709 DEBUG   304087040 bytes (304 MB) copied, 21.174026 s, 14.4 MB/s
2026-05-20 03:09:42,709 DEBUG   317718528 bytes (318 MB) copied, 22.181005 s, 14.3 MB/s
2026-05-20 03:09:42,709 DEBUG   327155712 bytes (327 MB) copied, 23.219124 s, 14.1 MB/s
2026-05-20 03:09:42,709 DEBUG   352321536 bytes (352 MB) copied, 24.271562 s, 14.5 MB/s
2026-05-20 03:09:42,709 DEBUG   363855872 bytes (364 MB) copied, 25.404000 s, 14.3 MB/s
2026-05-20 03:09:42,709 DEBUG   386924544 bytes (387 MB) copied, 26.533044 s, 14.6 MB/s
2026-05-20 03:09:42,709 DEBUG   402653184 bytes (403 MB) copied, 27.537040 s, 14.6 MB/s
2026-05-20 03:09:42,709 DEBUG   426770432 bytes (427 MB) copied, 28.558229 s, 14.9 MB/s
2026-05-20 03:09:42,709 DEBUG   441450496 bytes (441 MB) copied, 29.570063 s, 14.9 MB/s
2026-05-20 03:09:42,709 DEBUG   455081984 bytes (455 MB) copied, 30.585199 s, 14.9 MB/s
2026-05-20 03:09:42,709 DEBUG   470810624 bytes (471 MB) copied, 31.706928 s, 14.8 MB/s
2026-05-20 03:09:42,709 DEBUG   484442112 bytes (484 MB) copied, 32.722028 s, 14.8 MB/s
2026-05-20 03:09:42,709 DEBUG   497025024 bytes (497 MB) copied, 33.740018 s, 14.7 MB/s
2026-05-20 03:09:42,709 DEBUG   512753664 bytes (513 MB) copied, 34.811036 s, 14.7 MB/s
2026-05-20 03:09:42,709 DEBUG   527433728 bytes (527 MB) copied, 35.857318 s, 14.7 MB/s
2026-05-20 03:09:42,709 DEBUG   537919488 bytes (538 MB) copied, 36.896071 s, 14.6 MB/s
2026-05-20 03:09:42,709 DEBUG   556793856 bytes (557 MB) copied, 37.909006 s, 14.7 MB/s
2026-05-20 03:09:42,710 DEBUG   572522496 bytes (573 MB) copied, 39.034137 s, 14.7 MB/s
2026-05-20 03:09:42,710 DEBUG   586153984 bytes (586 MB) copied, 40.156366 s, 14.6 MB/s
2026-05-20 03:09:42,710 DEBUG   596639744 bytes (597 MB) copied, 41.232012 s, 14.5 MB/s
2026-05-20 03:09:42,710 DEBUG   608174080 bytes (608 MB) copied, 42.302000 s, 14.4 MB/s
2026-05-20 03:09:42,710 DEBUG   621805568 bytes (622 MB) copied, 43.373082 s, 14.3 MB/s
2026-05-20 03:09:42,710 DEBUG   638582784 bytes (639 MB) copied, 44.376960 s, 14.4 MB/s
2026-05-20 03:09:42,710 DEBUG   652214272 bytes (652 MB) copied, 45.439018 s, 14.4 MB/s
2026-05-20 03:09:42,710 DEBUG   667942912 bytes (668 MB) copied, 46.475251 s, 14.4 MB/s
2026-05-20 03:09:42,710 DEBUG   679477248 bytes (679 MB) copied, 47.613089 s, 14.3 MB/s
2026-05-20 03:09:42,710 DEBUG   692060160 bytes (692 MB) copied, 48.644985 s, 14.2 MB/s
2026-05-20 03:09:42,710 DEBUG   703594496 bytes (704 MB) copied, 49.659022 s, 14.2 MB/s
2026-05-20 03:09:42,710 DEBUG   715128832 bytes (715 MB) copied, 50.836946 s, 14.1 MB/s
2026-05-20 03:09:42,710 DEBUG   729808896 bytes (730 MB) copied, 51.916033 s, 14.1 MB/s
2026-05-20 03:09:42,710 DEBUG   740294656 bytes (740 MB) copied, 53.037983 s, 14.0 MB/s
2026-05-20 03:09:42,710 DEBUG   754974720 bytes (755 MB) copied, 54.085266 s, 14.0 MB/s
2026-05-20 03:09:42,710 DEBUG   768606208 bytes (769 MB) copied, 55.176029 s, 13.9 MB/s
2026-05-20 03:09:42,710 DEBUG   781189120 bytes (781 MB) copied, 56.180277 s, 13.9 MB/s
2026-05-20 03:09:42,710 DEBUG   794820608 bytes (795 MB) copied, 57.213079 s, 13.9 MB/s
2026-05-20 03:09:42,710 DEBUG   809500672 bytes (810 MB) copied, 58.335045 s, 13.9 MB/s
2026-05-20 03:09:42,710 DEBUG   822083584 bytes (822 MB) copied, 59.403968 s, 13.8 MB/s
2026-05-20 03:09:42,710 DEBUG   840957952 bytes (841 MB) copied, 60.486464 s, 13.9 MB/s
2026-05-20 03:09:42,710 DEBUG   852492288 bytes (852 MB) copied, 61.495117 s, 13.9 MB/s
2026-05-20 03:09:42,710 DEBUG   865075200 bytes (865 MB) copied, 62.500987 s, 13.8 MB/s
2026-05-20 03:09:42,710 DEBUG   876609536 bytes (877 MB) copied, 63.510974 s, 13.8 MB/s
2026-05-20 03:09:42,710 DEBUG   890241024 bytes (890 MB) copied, 64.554195 s, 13.8 MB/s
2026-05-20 03:09:42,710 DEBUG   918552576 bytes (919 MB) copied, 65.577056 s, 14.0 MB/s
2026-05-20 03:09:42,710 DEBUG   933232640 bytes (933 MB) copied, 66.579999 s, 14.0 MB/s
2026-05-20 03:09:42,710 DEBUG   945815552 bytes (946 MB) copied, 67.600145 s, 14.0 MB/s
2026-05-20 03:09:42,710 DEBUG   961544192 bytes (962 MB) copied, 68.645016 s, 14.0 MB/s
2026-05-20 03:09:42,710 DEBUG   973078528 bytes (973 MB) copied, 69.684944 s, 14.0 MB/s
2026-05-20 03:09:42,710 DEBUG   983564288 bytes (984 MB) copied, 70.785038 s, 13.9 MB/s
2026-05-20 03:09:42,710 DEBUG   998244352 bytes (998 MB) copied, 71.918989 s, 13.9 MB/s
2026-05-20 03:09:42,710 DEBUG   1011875840 bytes (1.0 GB) copied, 72.953908 s, 13.9 MB/s
2026-05-20 03:09:42,710 DEBUG   1028653056 bytes (1.0 GB) copied, 73.966057 s, 13.9 MB/s
2026-05-20 03:09:42,710 DEBUG   1043333120 bytes (1.0 GB) copied, 75.052111 s, 13.9 MB/s
2026-05-20 03:09:42,710 DEBUG   1058013184 bytes (1.1 GB) copied, 76.125048 s, 13.9 MB/s
2026-05-20 03:09:42,710 DEBUG   1072693248 bytes (1.1 GB) copied, 77.161048 s, 13.9 MB/s
2026-05-20 03:09:42,710 DEBUG   1024+0 records in
2026-05-20 03:09:42,710 DEBUG   1024+0 records out
2026-05-20 03:09:42,710 DEBUG   1073741824 bytes (1.1 GB) copied, 77.1841 s, 13.9 MB/s
2026-05-20 03:09:42,710 DEBUG   OK (disk op exit 0)
2026-05-20 03:09:42,710 WARNING Guest disk op wall 80.5s (vm='ahv_ins_delete-0-260514-181435' ip=10.114.54.93 op=create ec=0) — includes SSH + guest disk command; if still high, check guest disk throughput vs. MiB settings.
2026-05-20 03:09:42,711 DEBUG [63/1170] VM a9e11a2b… (ahv_ins_delete-0-260514-184712) via 10.114.50.103 op=create
2026-05-20 03:09:42,711 DEBUG   remote: bash -lc 'set -e; _bs(){ printf '"'"'BULK_SNAP_T %s %s\n'"'"' "$1" "$(date +%s.%N 2>/dev/null || date +%s)"; }; _bs guest_start; _bs pipeline_start; openssl enc -aes-256-ctr -pass pass:"testing" -nosalt < /dev/zero 2>/dev/null | dd of=/root/dummy_snapshot_data_1.img bs=1M count=1024 iflag=fullblock status=progress; ec=$?; _bs pipeline_done; _bs guest_end; exit $ec'
2026-05-20 03:09:42,989 DEBUG   BULK_SNAP_T guest_start 1779214100.096512508
2026-05-20 03:09:42,989 DEBUG   BULK_SNAP_T pipeline_start 1779214100.103623109
2026-05-20 03:09:42,989 DEBUG   BULK_SNAP_T pipeline_done 1779214179.417672679
2026-05-20 03:09:42,989 DEBUG   BULK_SNAP_T guest_end 1779214179.419425225
2026-05-20 03:09:42,989 DEBUG   
2026-05-20 03:09:42,989 DEBUG   13631488 bytes (14 MB) copied, 1.045704 s, 13.0 MB/s
2026-05-20 03:09:42,989 DEBUG   38797312 bytes (39 MB) copied, 2.084739 s, 18.6 MB/s
2026-05-20 03:09:42,989 DEBUG   58720256 bytes (59 MB) copied, 3.186771 s, 18.4 MB/s
2026-05-20 03:09:42,989 DEBUG   78643200 bytes (79 MB) copied, 4.279788 s, 18.4 MB/s
2026-05-20 03:09:42,989 DEBUG   97517568 bytes (98 MB) copied, 5.289756 s, 18.4 MB/s
2026-05-20 03:09:42,989 DEBUG   119537664 bytes (120 MB) copied, 6.304738 s, 19.0 MB/s
2026-05-20 03:09:42,989 DEBUG   131072000 bytes (131 MB) copied, 7.327822 s, 17.9 MB/s
2026-05-20 03:09:42,989 DEBUG   142606336 bytes (143 MB) copied, 8.362729 s, 17.1 MB/s
2026-05-20 03:09:42,989 DEBUG   163577856 bytes (164 MB) copied, 9.409736 s, 17.4 MB/s
2026-05-20 03:09:42,989 DEBUG   176160768 bytes (176 MB) copied, 10.467124 s, 16.8 MB/s
2026-05-20 03:09:42,990 DEBUG   192937984 bytes (193 MB) copied, 11.468777 s, 16.8 MB/s
2026-05-20 03:09:42,990 DEBUG   206569472 bytes (207 MB) copied, 12.472817 s, 16.6 MB/s
2026-05-20 03:09:42,990 DEBUG   221249536 bytes (221 MB) copied, 13.531801 s, 16.4 MB/s
2026-05-20 03:09:42,990 DEBUG   232783872 bytes (233 MB) copied, 14.654775 s, 15.9 MB/s
2026-05-20 03:09:42,990 DEBUG   243269632 bytes (243 MB) copied, 15.663759 s, 15.5 MB/s
2026-05-20 03:09:42,990 DEBUG   253755392 bytes (254 MB) copied, 16.694916 s, 15.2 MB/s
2026-05-20 03:09:42,990 DEBUG   265289728 bytes (265 MB) copied, 17.716797 s, 15.0 MB/s
2026-05-20 03:09:42,990 DEBUG   276824064 bytes (277 MB) copied, 18.792860 s, 14.7 MB/s
2026-05-20 03:09:42,990 DEBUG   289406976 bytes (289 MB) copied, 19.832726 s, 14.6 MB/s
2026-05-20 03:09:42,990 DEBUG   301989888 bytes (302 MB) copied, 20.897757 s, 14.5 MB/s
2026-05-20 03:09:42,990 DEBUG   316669952 bytes (317 MB) copied, 21.977743 s, 14.4 MB/s
2026-05-20 03:09:42,990 DEBUG   335544320 bytes (336 MB) copied, 23.034737 s, 14.6 MB/s
2026-05-20 03:09:42,990 DEBUG   351272960 bytes (351 MB) copied, 24.193777 s, 14.5 MB/s
2026-05-20 03:09:42,990 DEBUG   361758720 bytes (362 MB) copied, 25.204093 s, 14.4 MB/s
2026-05-20 03:09:42,990 DEBUG   375390208 bytes (375 MB) copied, 26.305248 s, 14.3 MB/s
2026-05-20 03:09:42,990 DEBUG   386924544 bytes (387 MB) copied, 27.380758 s, 14.1 MB/s
2026-05-20 03:09:42,990 DEBUG   400556032 bytes (401 MB) copied, 28.405732 s, 14.1 MB/s
2026-05-20 03:09:42,990 DEBUG   412090368 bytes (412 MB) copied, 29.469717 s, 14.0 MB/s
2026-05-20 03:09:42,990 DEBUG   425721856 bytes (426 MB) copied, 30.521787 s, 13.9 MB/s
2026-05-20 03:09:42,990 DEBUG   439353344 bytes (439 MB) copied, 31.583792 s, 13.9 MB/s
2026-05-20 03:09:42,990 DEBUG   454033408 bytes (454 MB) copied, 32.662713 s, 13.9 MB/s
2026-05-20 03:09:42,990 DEBUG   467664896 bytes (468 MB) copied, 33.678993 s, 13.9 MB/s
2026-05-20 03:09:42,990 DEBUG   483393536 bytes (483 MB) copied, 34.726777 s, 13.9 MB/s
2026-05-20 03:09:42,990 DEBUG   493879296 bytes (494 MB) copied, 35.748031 s, 13.8 MB/s
2026-05-20 03:09:42,990 DEBUG   506462208 bytes (506 MB) copied, 36.786799 s, 13.8 MB/s
2026-05-20 03:09:42,990 DEBUG   522190848 bytes (522 MB) copied, 37.799433 s, 13.8 MB/s
2026-05-20 03:09:42,990 DEBUG   534773760 bytes (535 MB) copied, 38.804731 s, 13.8 MB/s
2026-05-20 03:09:42,990 DEBUG   549453824 bytes (549 MB) copied, 39.903870 s, 13.8 MB/s
2026-05-20 03:09:42,990 DEBUG   562036736 bytes (562 MB) copied, 40.991783 s, 13.7 MB/s
2026-05-20 03:09:42,990 DEBUG   575668224 bytes (576 MB) copied, 42.075832 s, 13.7 MB/s
2026-05-20 03:09:42,990 DEBUG   589299712 bytes (589 MB) copied, 43.224775 s, 13.6 MB/s
2026-05-20 03:09:42,990 DEBUG   600834048 bytes (601 MB) copied, 44.269931 s, 13.6 MB/s
2026-05-20 03:09:42,990 DEBUG   611319808 bytes (611 MB) copied, 45.274782 s, 13.5 MB/s
2026-05-20 03:09:42,990 DEBUG   623902720 bytes (624 MB) copied, 46.361882 s, 13.5 MB/s
2026-05-20 03:09:42,990 DEBUG   642777088 bytes (643 MB) copied, 47.370845 s, 13.6 MB/s
2026-05-20 03:09:42,990 DEBUG   655360000 bytes (655 MB) copied, 48.487767 s, 13.5 MB/s
2026-05-20 03:09:42,990 DEBUG   670040064 bytes (670 MB) copied, 49.537841 s, 13.5 MB/s
2026-05-20 03:09:42,990 DEBUG   684720128 bytes (685 MB) copied, 50.617756 s, 13.5 MB/s
2026-05-20 03:09:42,990 DEBUG   698351616 bytes (698 MB) copied, 51.736969 s, 13.5 MB/s
2026-05-20 03:09:42,990 DEBUG   710934528 bytes (711 MB) copied, 52.745766 s, 13.5 MB/s
2026-05-20 03:09:42,990 DEBUG   723517440 bytes (724 MB) copied, 53.759689 s, 13.5 MB/s
2026-05-20 03:09:42,990 DEBUG   740294656 bytes (740 MB) copied, 54.831823 s, 13.5 MB/s
2026-05-20 03:09:42,990 DEBUG   753926144 bytes (754 MB) copied, 55.897738 s, 13.5 MB/s
2026-05-20 03:09:42,990 DEBUG   770703360 bytes (771 MB) copied, 56.930791 s, 13.5 MB/s
2026-05-20 03:09:42,990 DEBUG   785383424 bytes (785 MB) copied, 57.952795 s, 13.6 MB/s
2026-05-20 03:09:42,990 DEBUG   801112064 bytes (801 MB) copied, 58.964788 s, 13.6 MB/s
2026-05-20 03:09:42,990 DEBUG   818937856 bytes (819 MB) copied, 60.061764 s, 13.6 MB/s
2026-05-20 03:09:42,990 DEBUG   831520768 bytes (832 MB) copied, 61.082109 s, 13.6 MB/s
2026-05-20 03:09:42,990 DEBUG   845152256 bytes (845 MB) copied, 62.092793 s, 13.6 MB/s
2026-05-20 03:09:42,990 DEBUG   856686592 bytes (857 MB) copied, 63.116743 s, 13.6 MB/s
2026-05-20 03:09:42,990 DEBUG   871366656 bytes (871 MB) copied, 64.137777 s, 13.6 MB/s
2026-05-20 03:09:42,990 DEBUG   881852416 bytes (882 MB) copied, 65.206901 s, 13.5 MB/s
2026-05-20 03:09:42,990 DEBUG   898629632 bytes (899 MB) copied, 66.243787 s, 13.6 MB/s
2026-05-20 03:09:42,991 DEBUG   916455424 bytes (916 MB) copied, 67.285760 s, 13.6 MB/s
2026-05-20 03:09:42,991 DEBUG   933232640 bytes (933 MB) copied, 68.311834 s, 13.7 MB/s
2026-05-20 03:09:42,991 DEBUG   947912704 bytes (948 MB) copied, 69.529909 s, 13.6 MB/s
2026-05-20 03:09:42,991 DEBUG   960495616 bytes (960 MB) copied, 70.541780 s, 13.6 MB/s
2026-05-20 03:09:42,991 DEBUG   974127104 bytes (974 MB) copied, 71.549767 s, 13.6 MB/s
2026-05-20 03:09:42,991 DEBUG   984612864 bytes (985 MB) copied, 72.601967 s, 13.6 MB/s
2026-05-20 03:09:42,991 DEBUG   1002438656 bytes (1.0 GB) copied, 73.655810 s, 13.6 MB/s
2026-05-20 03:09:42,991 DEBUG   1012924416 bytes (1.0 GB) copied, 74.699753 s, 13.6 MB/s
2026-05-20 03:09:42,991 DEBUG   1029701632 bytes (1.0 GB) copied, 75.788721 s, 13.6 MB/s
2026-05-20 03:09:42,991 DEBUG   1044381696 bytes (1.0 GB) copied, 76.859764 s, 13.6 MB/s
2026-05-20 03:09:42,991 DEBUG   1058013184 bytes (1.1 GB) copied, 77.956791 s, 13.6 MB/s
2026-05-20 03:09:42,991 DEBUG   1071644672 bytes (1.1 GB) copied, 79.074905 s, 13.6 MB/s
2026-05-20 03:09:42,991 DEBUG   1024+0 records in
2026-05-20 03:09:42,991 DEBUG   1024+0 records out
2026-05-20 03:09:42,991 DEBUG   1073741824 bytes (1.1 GB) copied, 79.1768 s, 13.6 MB/s
2026-05-20 03:09:42,991 DEBUG   OK (disk op exit 0)
2026-05-20 03:09:42,991 WARNING Guest disk op wall 81.8s (vm='ahv_ins_delete-0-260514-181428' ip=10.114.50.208 op=create ec=0) — includes SSH + guest disk command; if still high, check guest disk throughput vs. MiB settings.
2026-05-20 03:09:42,991 DEBUG [64/1170] VM 85c4e3b7… (ahv_ins_delete-0-260514-184721) via 10.114.53.82 op=create
2026-05-20 03:09:42,991 DEBUG   remote: bash -lc 'set -e; _bs(){ printf '"'"'BULK_SNAP_T %s %s\n'"'"' "$1" "$(date +%s.%N 2>/dev/null || date +%s)"; }; _bs guest_start; _bs pipeline_start; openssl enc -aes-256-ctr -pass pass:"testing" -nosalt < /dev/zero 2>/dev/null | dd of=/root/dummy_snapshot_data_1.img bs=1M count=1024 iflag=fullblock status=progress; ec=$?; _bs pipeline_done; _bs guest_end; exit $ec'
2026-05-20 03:09:44,524 DEBUG   BULK_SNAP_T guest_start 1779214105.016441606
2026-05-20 03:09:44,525 DEBUG   BULK_SNAP_T pipeline_start 1779214105.026029334
2026-05-20 03:09:44,525 DEBUG   BULK_SNAP_T pipeline_done 1779214181.167192931
2026-05-20 03:09:44,525 DEBUG   BULK_SNAP_T guest_end 1779214181.173730425
2026-05-20 03:09:44,525 DEBUG   
2026-05-20 03:09:44,525 DEBUG   14680064 bytes (15 MB) copied, 1.042679 s, 14.1 MB/s
2026-05-20 03:09:44,525 DEBUG   35651584 bytes (36 MB) copied, 2.181704 s, 16.3 MB/s
2026-05-20 03:09:44,525 DEBUG   65011712 bytes (65 MB) copied, 3.190666 s, 20.4 MB/s
2026-05-20 03:09:44,525 DEBUG   88080384 bytes (88 MB) copied, 4.229726 s, 20.8 MB/s
2026-05-20 03:09:44,525 DEBUG   103809024 bytes (104 MB) copied, 5.335643 s, 19.5 MB/s
2026-05-20 03:09:44,525 DEBUG   119537664 bytes (120 MB) copied, 6.336676 s, 18.9 MB/s
2026-05-20 03:09:44,525 DEBUG   135266304 bytes (135 MB) copied, 7.346650 s, 18.4 MB/s
2026-05-20 03:09:44,525 DEBUG   147849216 bytes (148 MB) copied, 8.401668 s, 17.6 MB/s
2026-05-20 03:09:44,525 DEBUG   161480704 bytes (161 MB) copied, 9.408672 s, 17.2 MB/s
2026-05-20 03:09:44,525 DEBUG   186646528 bytes (187 MB) copied, 10.535706 s, 17.7 MB/s
2026-05-20 03:09:44,525 DEBUG   200278016 bytes (200 MB) copied, 11.826688 s, 16.9 MB/s
2026-05-20 03:09:44,525 DEBUG   218103808 bytes (218 MB) copied, 12.844670 s, 17.0 MB/s
2026-05-20 03:09:44,525 DEBUG   232783872 bytes (233 MB) copied, 13.856768 s, 16.8 MB/s
2026-05-20 03:09:44,525 DEBUG   249561088 bytes (250 MB) copied, 14.910682 s, 16.7 MB/s
2026-05-20 03:09:44,525 DEBUG   264241152 bytes (264 MB) copied, 15.964706 s, 16.6 MB/s
2026-05-20 03:09:44,525 DEBUG   278921216 bytes (279 MB) copied, 16.985668 s, 16.4 MB/s
2026-05-20 03:09:44,525 DEBUG   293601280 bytes (294 MB) copied, 18.048614 s, 16.3 MB/s
2026-05-20 03:09:44,525 DEBUG   316669952 bytes (317 MB) copied, 19.102704 s, 16.6 MB/s
2026-05-20 03:09:44,525 DEBUG   330301440 bytes (330 MB) copied, 20.177062 s, 16.4 MB/s
2026-05-20 03:09:44,525 DEBUG   344981504 bytes (345 MB) copied, 21.185666 s, 16.3 MB/s
2026-05-20 03:09:44,525 DEBUG   357564416 bytes (358 MB) copied, 22.223924 s, 16.1 MB/s
2026-05-20 03:09:44,525 DEBUG   370147328 bytes (370 MB) copied, 23.243678 s, 15.9 MB/s
2026-05-20 03:09:44,525 DEBUG   382730240 bytes (383 MB) copied, 24.277941 s, 15.8 MB/s
2026-05-20 03:09:44,525 DEBUG   394264576 bytes (394 MB) copied, 25.386693 s, 15.5 MB/s
2026-05-20 03:09:44,525 DEBUG   406847488 bytes (407 MB) copied, 26.451813 s, 15.4 MB/s
2026-05-20 03:09:44,525 DEBUG   422576128 bytes (423 MB) copied, 27.453688 s, 15.4 MB/s
2026-05-20 03:09:44,525 DEBUG   437256192 bytes (437 MB) copied, 28.489698 s, 15.3 MB/s
2026-05-20 03:09:44,525 DEBUG   449839104 bytes (450 MB) copied, 29.599697 s, 15.2 MB/s
2026-05-20 03:09:44,525 DEBUG   461373440 bytes (461 MB) copied, 30.677700 s, 15.0 MB/s
2026-05-20 03:09:44,525 DEBUG   475004928 bytes (475 MB) copied, 31.773661 s, 14.9 MB/s
2026-05-20 03:09:44,525 DEBUG   493879296 bytes (494 MB) copied, 32.776843 s, 15.1 MB/s
2026-05-20 03:09:44,525 DEBUG   506462208 bytes (506 MB) copied, 33.802766 s, 15.0 MB/s
2026-05-20 03:09:44,525 DEBUG   524288000 bytes (524 MB) copied, 34.860688 s, 15.0 MB/s
2026-05-20 03:09:44,525 DEBUG   537919488 bytes (538 MB) copied, 35.887906 s, 15.0 MB/s
2026-05-20 03:09:44,525 DEBUG   552599552 bytes (553 MB) copied, 36.921744 s, 15.0 MB/s
2026-05-20 03:09:44,525 DEBUG   571473920 bytes (571 MB) copied, 37.991654 s, 15.0 MB/s
2026-05-20 03:09:44,525 DEBUG   584056832 bytes (584 MB) copied, 39.061715 s, 15.0 MB/s
2026-05-20 03:09:44,525 DEBUG   597688320 bytes (598 MB) copied, 40.081863 s, 14.9 MB/s
2026-05-20 03:09:44,525 DEBUG   610271232 bytes (610 MB) copied, 41.105731 s, 14.8 MB/s
2026-05-20 03:09:44,525 DEBUG   622854144 bytes (623 MB) copied, 42.180836 s, 14.8 MB/s
2026-05-20 03:09:44,525 DEBUG   641728512 bytes (642 MB) copied, 43.239707 s, 14.8 MB/s
2026-05-20 03:09:44,525 DEBUG   658505728 bytes (659 MB) copied, 44.428683 s, 14.8 MB/s
2026-05-20 03:09:44,525 DEBUG   672137216 bytes (672 MB) copied, 45.500750 s, 14.8 MB/s
2026-05-20 03:09:44,525 DEBUG   686817280 bytes (687 MB) copied, 46.516683 s, 14.8 MB/s
2026-05-20 03:09:44,526 DEBUG   705691648 bytes (706 MB) copied, 47.529866 s, 14.8 MB/s
2026-05-20 03:09:44,526 DEBUG   722468864 bytes (722 MB) copied, 48.553634 s, 14.9 MB/s
2026-05-20 03:09:44,526 DEBUG   735051776 bytes (735 MB) copied, 49.557691 s, 14.8 MB/s
2026-05-20 03:09:44,526 DEBUG   747634688 bytes (748 MB) copied, 50.651693 s, 14.8 MB/s
2026-05-20 03:09:44,526 DEBUG   759169024 bytes (759 MB) copied, 51.756705 s, 14.7 MB/s
2026-05-20 03:09:44,526 DEBUG   774897664 bytes (775 MB) copied, 52.782770 s, 14.7 MB/s
2026-05-20 03:09:44,526 DEBUG   789577728 bytes (790 MB) copied, 53.854627 s, 14.7 MB/s
2026-05-20 03:09:44,526 DEBUG   805306368 bytes (805 MB) copied, 54.866714 s, 14.7 MB/s
2026-05-20 03:09:44,526 DEBUG   817889280 bytes (818 MB) copied, 55.904671 s, 14.6 MB/s
2026-05-20 03:09:44,526 DEBUG   831520768 bytes (832 MB) copied, 56.925633 s, 14.6 MB/s
2026-05-20 03:09:44,526 DEBUG   845152256 bytes (845 MB) copied, 58.023652 s, 14.6 MB/s
2026-05-20 03:09:44,526 DEBUG   858783744 bytes (859 MB) copied, 59.055949 s, 14.5 MB/s
2026-05-20 03:09:44,526 DEBUG   880803840 bytes (881 MB) copied, 60.066658 s, 14.7 MB/s
2026-05-20 03:09:44,526 DEBUG   900726784 bytes (901 MB) copied, 61.228738 s, 14.7 MB/s
2026-05-20 03:09:44,526 DEBUG   914358272 bytes (914 MB) copied, 62.284867 s, 14.7 MB/s
2026-05-20 03:09:44,526 DEBUG   924844032 bytes (925 MB) copied, 63.301668 s, 14.6 MB/s
2026-05-20 03:09:44,526 DEBUG   937426944 bytes (937 MB) copied, 64.394770 s, 14.6 MB/s
2026-05-20 03:09:44,526 DEBUG   950009856 bytes (950 MB) copied, 65.411072 s, 14.5 MB/s
2026-05-20 03:09:44,526 DEBUG   963641344 bytes (964 MB) copied, 66.423717 s, 14.5 MB/s
2026-05-20 03:09:44,526 DEBUG   975175680 bytes (975 MB) copied, 67.427688 s, 14.5 MB/s
2026-05-20 03:09:44,526 DEBUG   991952896 bytes (992 MB) copied, 68.499741 s, 14.5 MB/s
2026-05-20 03:09:44,526 DEBUG   1004535808 bytes (1.0 GB) copied, 69.585633 s, 14.4 MB/s
2026-05-20 03:09:44,526 DEBUG   1016070144 bytes (1.0 GB) copied, 70.703639 s, 14.4 MB/s
2026-05-20 03:09:44,526 DEBUG   1028653056 bytes (1.0 GB) copied, 71.828776 s, 14.3 MB/s
2026-05-20 03:09:44,526 DEBUG   1041235968 bytes (1.0 GB) copied, 72.918658 s, 14.3 MB/s
2026-05-20 03:09:44,526 DEBUG   1052770304 bytes (1.1 GB) copied, 73.947921 s, 14.2 MB/s
2026-05-20 03:09:44,526 DEBUG   1063256064 bytes (1.1 GB) copied, 75.137722 s, 14.2 MB/s
2026-05-20 03:09:44,526 DEBUG   1024+0 records in
2026-05-20 03:09:44,526 DEBUG   1024+0 records out
2026-05-20 03:09:44,526 DEBUG   1073741824 bytes (1.1 GB) copied, 76.0089 s, 14.1 MB/s
2026-05-20 03:09:44,526 DEBUG   OK (disk op exit 0)
2026-05-20 03:09:44,526 WARNING Guest disk op wall 79.3s (vm='ahv_ins_delete-0-260514-182517' ip=10.114.51.112 op=create ec=0) — includes SSH + guest disk command; if still high, check guest disk throughput vs. MiB settings.
2026-05-20 03:09:44,527 DEBUG [65/1170] VM 10995d2b… (ahv_ins_delete-0-260514-184724) via 10.114.50.30 op=create
2026-05-20 03:09:44,527 DEBUG   remote: bash -lc 'set -e; _bs(){ printf '"'"'BULK_SNAP_T %s %s\n'"'"' "$1" "$(date +%s.%N 2>/dev/null || date +%s)"; }; _bs guest_start; _bs pipeline_start; openssl enc -aes-256-ctr -pass pass:"testing" -nosalt < /dev/zero 2>/dev/null | dd of=/root/dummy_snapshot_data_1.img bs=1M count=1024 iflag=fullblock status=progress; ec=$?; _bs pipeline_done; _bs guest_end; exit $ec'
2026-05-20 03:09:44,773 DEBUG   BULK_SNAP_T guest_start 1779214101.708837831
2026-05-20 03:09:44,774 DEBUG   BULK_SNAP_T pipeline_start 1779214101.739962523
2026-05-20 03:09:44,774 DEBUG   BULK_SNAP_T pipeline_done 1779214181.283397738
2026-05-20 03:09:44,774 DEBUG   BULK_SNAP_T guest_end 1779214181.285053493
2026-05-20 03:09:44,774 DEBUG   
2026-05-20 03:09:44,774 DEBUG   20971520 bytes (21 MB) copied, 1.013564 s, 20.7 MB/s
2026-05-20 03:09:44,774 DEBUG   45088768 bytes (45 MB) copied, 2.036538 s, 22.1 MB/s
2026-05-20 03:09:44,774 DEBUG   65011712 bytes (65 MB) copied, 3.062596 s, 21.2 MB/s
2026-05-20 03:09:44,774 DEBUG   82837504 bytes (83 MB) copied, 4.122578 s, 20.1 MB/s
2026-05-20 03:09:44,774 DEBUG   97517568 bytes (98 MB) copied, 5.160488 s, 18.9 MB/s
2026-05-20 03:09:44,774 DEBUG   114294784 bytes (114 MB) copied, 6.163559 s, 18.5 MB/s
2026-05-20 03:09:44,774 DEBUG   130023424 bytes (130 MB) copied, 7.175577 s, 18.1 MB/s
2026-05-20 03:09:44,774 DEBUG   144703488 bytes (145 MB) copied, 8.208524 s, 17.6 MB/s
2026-05-20 03:09:44,774 DEBUG   156237824 bytes (156 MB) copied, 9.222599 s, 16.9 MB/s
2026-05-20 03:09:44,774 DEBUG   174063616 bytes (174 MB) copied, 10.333543 s, 16.8 MB/s
2026-05-20 03:09:44,774 DEBUG   190840832 bytes (191 MB) copied, 11.365561 s, 16.8 MB/s
2026-05-20 03:09:44,774 DEBUG   206569472 bytes (207 MB) copied, 12.366560 s, 16.7 MB/s
2026-05-20 03:09:44,774 DEBUG   221249536 bytes (221 MB) copied, 13.418541 s, 16.5 MB/s
2026-05-20 03:09:44,774 DEBUG   235929600 bytes (236 MB) copied, 14.455588 s, 16.3 MB/s
2026-05-20 03:09:44,774 DEBUG   255852544 bytes (256 MB) copied, 15.503533 s, 16.5 MB/s
2026-05-20 03:09:44,774 DEBUG   268435456 bytes (268 MB) copied, 16.541581 s, 16.2 MB/s
2026-05-20 03:09:44,774 DEBUG   285212672 bytes (285 MB) copied, 17.577586 s, 16.2 MB/s
2026-05-20 03:09:44,774 DEBUG   298844160 bytes (299 MB) copied, 18.680535 s, 16.0 MB/s
2026-05-20 03:09:44,774 DEBUG   313524224 bytes (314 MB) copied, 19.736632 s, 15.9 MB/s
2026-05-20 03:09:44,774 DEBUG   328204288 bytes (328 MB) copied, 20.920558 s, 15.7 MB/s
2026-05-20 03:09:44,774 DEBUG   347078656 bytes (347 MB) copied, 21.923603 s, 15.8 MB/s
2026-05-20 03:09:44,774 DEBUG   359661568 bytes (360 MB) copied, 23.005603 s, 15.6 MB/s
2026-05-20 03:09:44,774 DEBUG   371195904 bytes (371 MB) copied, 24.024502 s, 15.5 MB/s
2026-05-20 03:09:44,774 DEBUG   390070272 bytes (390 MB) copied, 25.133565 s, 15.5 MB/s
2026-05-20 03:09:44,774 DEBUG   402653184 bytes (403 MB) copied, 26.144587 s, 15.4 MB/s
2026-05-20 03:09:44,774 DEBUG   418381824 bytes (418 MB) copied, 27.188522 s, 15.4 MB/s
2026-05-20 03:09:44,774 DEBUG   432013312 bytes (432 MB) copied, 28.335534 s, 15.2 MB/s
2026-05-20 03:09:44,774 DEBUG   443547648 bytes (444 MB) copied, 29.371540 s, 15.1 MB/s
2026-05-20 03:09:44,774 DEBUG   458227712 bytes (458 MB) copied, 30.428566 s, 15.1 MB/s
2026-05-20 03:09:44,774 DEBUG   468713472 bytes (469 MB) copied, 31.435555 s, 14.9 MB/s
2026-05-20 03:09:44,774 DEBUG   480247808 bytes (480 MB) copied, 32.466564 s, 14.8 MB/s
2026-05-20 03:09:44,774 DEBUG   495976448 bytes (496 MB) copied, 33.658571 s, 14.7 MB/s
2026-05-20 03:09:44,774 DEBUG   509607936 bytes (510 MB) copied, 34.857540 s, 14.6 MB/s
2026-05-20 03:09:44,774 DEBUG   519045120 bytes (519 MB) copied, 35.963649 s, 14.4 MB/s
2026-05-20 03:09:44,774 DEBUG   531628032 bytes (532 MB) copied, 37.018806 s, 14.4 MB/s
2026-05-20 03:09:44,774 DEBUG   547356672 bytes (547 MB) copied, 38.037588 s, 14.4 MB/s
2026-05-20 03:09:44,774 DEBUG   557842432 bytes (558 MB) copied, 39.127596 s, 14.3 MB/s
2026-05-20 03:09:44,774 DEBUG   572522496 bytes (573 MB) copied, 40.159599 s, 14.3 MB/s
2026-05-20 03:09:44,774 DEBUG   584056832 bytes (584 MB) copied, 41.189584 s, 14.2 MB/s
2026-05-20 03:09:44,774 DEBUG   595591168 bytes (596 MB) copied, 42.344553 s, 14.1 MB/s
2026-05-20 03:09:44,775 DEBUG   610271232 bytes (610 MB) copied, 43.429570 s, 14.1 MB/s
2026-05-20 03:09:44,775 DEBUG   623902720 bytes (624 MB) copied, 44.489975 s, 14.0 MB/s
2026-05-20 03:09:44,775 DEBUG   635437056 bytes (635 MB) copied, 45.570630 s, 13.9 MB/s
2026-05-20 03:09:44,775 DEBUG   646971392 bytes (647 MB) copied, 46.638630 s, 13.9 MB/s
2026-05-20 03:09:44,775 DEBUG   659554304 bytes (660 MB) copied, 47.684543 s, 13.8 MB/s
2026-05-20 03:09:44,775 DEBUG   675282944 bytes (675 MB) copied, 48.778598 s, 13.8 MB/s
2026-05-20 03:09:44,775 DEBUG   689963008 bytes (690 MB) copied, 49.828569 s, 13.8 MB/s
2026-05-20 03:09:44,775 DEBUG   706740224 bytes (707 MB) copied, 50.879950 s, 13.9 MB/s
2026-05-20 03:09:44,775 DEBUG   719323136 bytes (719 MB) copied, 51.907677 s, 13.9 MB/s
2026-05-20 03:09:44,775 DEBUG   732954624 bytes (733 MB) copied, 52.922660 s, 13.8 MB/s
2026-05-20 03:09:44,775 DEBUG   747634688 bytes (748 MB) copied, 53.949637 s, 13.9 MB/s
2026-05-20 03:09:44,775 DEBUG   758120448 bytes (758 MB) copied, 54.956727 s, 13.8 MB/s
2026-05-20 03:09:44,775 DEBUG   772800512 bytes (773 MB) copied, 55.961516 s, 13.8 MB/s
2026-05-20 03:09:44,775 DEBUG   786432000 bytes (786 MB) copied, 57.132608 s, 13.8 MB/s
2026-05-20 03:09:44,775 DEBUG   801112064 bytes (801 MB) copied, 58.145732 s, 13.8 MB/s
2026-05-20 03:09:44,775 DEBUG   817889280 bytes (818 MB) copied, 59.180553 s, 13.8 MB/s
2026-05-20 03:09:44,775 DEBUG   830472192 bytes (830 MB) copied, 60.235618 s, 13.8 MB/s
2026-05-20 03:09:44,775 DEBUG   844103680 bytes (844 MB) copied, 61.251528 s, 13.8 MB/s
2026-05-20 03:09:44,775 DEBUG   859832320 bytes (860 MB) copied, 62.302512 s, 13.8 MB/s
2026-05-20 03:09:44,775 DEBUG   873463808 bytes (873 MB) copied, 63.391559 s, 13.8 MB/s
2026-05-20 03:09:44,775 DEBUG   886046720 bytes (886 MB) copied, 64.483558 s, 13.7 MB/s
2026-05-20 03:09:44,775 DEBUG   897581056 bytes (898 MB) copied, 65.494852 s, 13.7 MB/s
2026-05-20 03:09:44,775 DEBUG   910163968 bytes (910 MB) copied, 66.507196 s, 13.7 MB/s
2026-05-20 03:09:44,775 DEBUG   921698304 bytes (922 MB) copied, 67.565596 s, 13.6 MB/s
2026-05-20 03:09:44,775 DEBUG   934281216 bytes (934 MB) copied, 68.657007 s, 13.6 MB/s
2026-05-20 03:09:44,775 DEBUG   944766976 bytes (945 MB) copied, 69.696489 s, 13.6 MB/s
2026-05-20 03:09:44,775 DEBUG   959447040 bytes (959 MB) copied, 70.799559 s, 13.6 MB/s
2026-05-20 03:09:44,775 DEBUG   968884224 bytes (969 MB) copied, 71.809845 s, 13.5 MB/s
2026-05-20 03:09:44,775 DEBUG   980418560 bytes (980 MB) copied, 72.934509 s, 13.4 MB/s
2026-05-20 03:09:44,775 DEBUG   996147200 bytes (996 MB) copied, 73.945612 s, 13.5 MB/s
2026-05-20 03:09:44,775 DEBUG   1011875840 bytes (1.0 GB) copied, 75.025567 s, 13.5 MB/s
2026-05-20 03:09:44,775 DEBUG   1023410176 bytes (1.0 GB) copied, 76.116655 s, 13.4 MB/s
2026-05-20 03:09:44,775 DEBUG   1041235968 bytes (1.0 GB) copied, 77.125978 s, 13.5 MB/s
2026-05-20 03:09:44,775 DEBUG   1055916032 bytes (1.1 GB) copied, 78.201978 s, 13.5 MB/s
2026-05-20 03:09:44,775 DEBUG   1072693248 bytes (1.1 GB) copied, 79.304718 s, 13.5 MB/s
2026-05-20 03:09:44,775 DEBUG   1024+0 records in
2026-05-20 03:09:44,775 DEBUG   1024+0 records out
2026-05-20 03:09:44,775 DEBUG   1073741824 bytes (1.1 GB) copied, 79.3356 s, 13.5 MB/s
2026-05-20 03:09:44,775 DEBUG   OK (disk op exit 0)
2026-05-20 03:09:44,775 WARNING Guest disk op wall 82.3s (vm='ahv_ins_delete-0-260514-181435' ip=10.114.51.97 op=create ec=0) — includes SSH + guest disk command; if still high, check guest disk throughput vs. MiB settings.
2026-05-20 03:09:44,776 DEBUG [66/1170] VM 4d6aaf76… (ahv_ins_delete-0-260514-185233) via 10.114.50.25 op=create
2026-05-20 03:09:44,776 DEBUG   remote: bash -lc 'set -e; _bs(){ printf '"'"'BULK_SNAP_T %s %s\n'"'"' "$1" "$(date +%s.%N 2>/dev/null || date +%s)"; }; _bs guest_start; _bs pipeline_start; openssl enc -aes-256-ctr -pass pass:"testing" -nosalt < /dev/zero 2>/dev/null | dd of=/root/dummy_snapshot_data_1.img bs=1M count=1024 iflag=fullblock status=progress; ec=$?; _bs pipeline_done; _bs guest_end; exit $ec'
2026-05-20 03:09:45,024 DEBUG   BULK_SNAP_T guest_start 1779214103.733270690
2026-05-20 03:09:45,024 DEBUG   BULK_SNAP_T pipeline_start 1779214103.740087778
2026-05-20 03:09:45,024 DEBUG   BULK_SNAP_T pipeline_done 1779214181.455972024
2026-05-20 03:09:45,024 DEBUG   BULK_SNAP_T guest_end 1779214181.466619533
2026-05-20 03:09:45,024 DEBUG   
2026-05-20 03:09:45,024 DEBUG   16777216 bytes (17 MB) copied, 1.017925 s, 16.5 MB/s
2026-05-20 03:09:45,024 DEBUG   32505856 bytes (33 MB) copied, 2.037242 s, 16.0 MB/s
2026-05-20 03:09:45,024 DEBUG   45088768 bytes (45 MB) copied, 3.137697 s, 14.4 MB/s
2026-05-20 03:09:45,024 DEBUG   65011712 bytes (65 MB) copied, 4.266641 s, 15.2 MB/s
2026-05-20 03:09:45,024 DEBUG   78643200 bytes (79 MB) copied, 5.297721 s, 14.8 MB/s
2026-05-20 03:09:45,024 DEBUG   92274688 bytes (92 MB) copied, 6.392677 s, 14.4 MB/s
2026-05-20 03:09:45,024 DEBUG   105906176 bytes (106 MB) copied, 7.489747 s, 14.1 MB/s
2026-05-20 03:09:45,024 DEBUG   121634816 bytes (122 MB) copied, 8.546704 s, 14.2 MB/s
2026-05-20 03:09:45,024 DEBUG   133169152 bytes (133 MB) copied, 9.639676 s, 13.8 MB/s
2026-05-20 03:09:45,024 DEBUG   145752064 bytes (146 MB) copied, 10.643718 s, 13.7 MB/s
2026-05-20 03:09:45,024 DEBUG   167772160 bytes (168 MB) copied, 11.647226 s, 14.4 MB/s
2026-05-20 03:09:45,024 DEBUG   181403648 bytes (181 MB) copied, 12.720765 s, 14.3 MB/s
2026-05-20 03:09:45,024 DEBUG   189792256 bytes (190 MB) copied, 13.756795 s, 13.8 MB/s
2026-05-20 03:09:45,024 DEBUG   198180864 bytes (198 MB) copied, 14.788742 s, 13.4 MB/s
2026-05-20 03:09:45,024 DEBUG   217055232 bytes (217 MB) copied, 15.979716 s, 13.6 MB/s
2026-05-20 03:09:45,024 DEBUG   232783872 bytes (233 MB) copied, 17.043712 s, 13.7 MB/s
2026-05-20 03:09:45,024 DEBUG   246415360 bytes (246 MB) copied, 18.138683 s, 13.6 MB/s
2026-05-20 03:09:45,024 DEBUG   258998272 bytes (259 MB) copied, 19.171722 s, 13.5 MB/s
2026-05-20 03:09:45,024 DEBUG   272629760 bytes (273 MB) copied, 20.192265 s, 13.5 MB/s
2026-05-20 03:09:45,024 DEBUG   287309824 bytes (287 MB) copied, 21.322696 s, 13.5 MB/s
2026-05-20 03:09:45,024 DEBUG   299892736 bytes (300 MB) copied, 22.543744 s, 13.3 MB/s
2026-05-20 03:09:45,024 DEBUG   314572800 bytes (315 MB) copied, 23.689673 s, 13.3 MB/s
2026-05-20 03:09:45,024 DEBUG   325058560 bytes (325 MB) copied, 24.701722 s, 13.2 MB/s
2026-05-20 03:09:45,024 DEBUG   343932928 bytes (344 MB) copied, 25.746885 s, 13.4 MB/s
2026-05-20 03:09:45,025 DEBUG   369098752 bytes (369 MB) copied, 26.834991 s, 13.8 MB/s
2026-05-20 03:09:45,025 DEBUG   386924544 bytes (387 MB) copied, 27.871642 s, 13.9 MB/s
2026-05-20 03:09:45,025 DEBUG   400556032 bytes (401 MB) copied, 28.927706 s, 13.8 MB/s
2026-05-20 03:09:45,025 DEBUG   411041792 bytes (411 MB) copied, 29.927802 s, 13.7 MB/s
2026-05-20 03:09:45,025 DEBUG   425721856 bytes (426 MB) copied, 30.998758 s, 13.7 MB/s
2026-05-20 03:09:45,025 DEBUG   439353344 bytes (439 MB) copied, 32.159714 s, 13.7 MB/s
2026-05-20 03:09:45,025 DEBUG   454033408 bytes (454 MB) copied, 33.202845 s, 13.7 MB/s
2026-05-20 03:09:45,025 DEBUG   469762048 bytes (470 MB) copied, 34.203182 s, 13.7 MB/s
2026-05-20 03:09:45,025 DEBUG   483393536 bytes (483 MB) copied, 35.223700 s, 13.7 MB/s
2026-05-20 03:09:45,025 DEBUG   502267904 bytes (502 MB) copied, 36.262737 s, 13.9 MB/s
2026-05-20 03:09:45,025 DEBUG   515899392 bytes (516 MB) copied, 37.413706 s, 13.8 MB/s
2026-05-20 03:09:45,025 DEBUG   532676608 bytes (533 MB) copied, 38.461741 s, 13.8 MB/s
2026-05-20 03:09:45,025 DEBUG   547356672 bytes (547 MB) copied, 39.499730 s, 13.9 MB/s
2026-05-20 03:09:45,025 DEBUG   560988160 bytes (561 MB) copied, 40.554175 s, 13.8 MB/s
2026-05-20 03:09:45,025 DEBUG   576716800 bytes (577 MB) copied, 41.634749 s, 13.9 MB/s
2026-05-20 03:09:45,025 DEBUG   594542592 bytes (595 MB) copied, 42.708662 s, 13.9 MB/s
2026-05-20 03:09:45,025 DEBUG   607125504 bytes (607 MB) copied, 43.773764 s, 13.9 MB/s
2026-05-20 03:09:45,025 DEBUG   623902720 bytes (624 MB) copied, 44.796665 s, 13.9 MB/s
2026-05-20 03:09:45,025 DEBUG   637534208 bytes (638 MB) copied, 45.934690 s, 13.9 MB/s
2026-05-20 03:09:45,025 DEBUG   652214272 bytes (652 MB) copied, 46.999651 s, 13.9 MB/s
2026-05-20 03:09:45,025 DEBUG   665845760 bytes (666 MB) copied, 48.028660 s, 13.9 MB/s
2026-05-20 03:09:45,025 DEBUG   680525824 bytes (681 MB) copied, 49.119741 s, 13.9 MB/s
2026-05-20 03:09:45,025 DEBUG   694157312 bytes (694 MB) copied, 50.284760 s, 13.8 MB/s
2026-05-20 03:09:45,025 DEBUG   708837376 bytes (709 MB) copied, 51.324063 s, 13.8 MB/s
2026-05-20 03:09:45,025 DEBUG   720371712 bytes (720 MB) copied, 52.409668 s, 13.7 MB/s
2026-05-20 03:09:45,025 DEBUG   738197504 bytes (738 MB) copied, 53.497683 s, 13.8 MB/s
2026-05-20 03:09:45,025 DEBUG   753926144 bytes (754 MB) copied, 54.536839 s, 13.8 MB/s
2026-05-20 03:09:45,025 DEBUG   767557632 bytes (768 MB) copied, 55.584676 s, 13.8 MB/s
2026-05-20 03:09:45,025 DEBUG   781189120 bytes (781 MB) copied, 56.615095 s, 13.8 MB/s
2026-05-20 03:09:45,025 DEBUG   797966336 bytes (798 MB) copied, 57.689701 s, 13.8 MB/s
2026-05-20 03:09:45,026 DEBUG   811597824 bytes (812 MB) copied, 58.751674 s, 13.8 MB/s
2026-05-20 03:09:45,026 DEBUG   827326464 bytes (827 MB) copied, 59.814741 s, 13.8 MB/s
2026-05-20 03:09:45,026 DEBUG   840957952 bytes (841 MB) copied, 60.860682 s, 13.8 MB/s
2026-05-20 03:09:45,026 DEBUG   854589440 bytes (855 MB) copied, 61.943670 s, 13.8 MB/s
2026-05-20 03:09:45,026 DEBUG   865075200 bytes (865 MB) copied, 62.945138 s, 13.7 MB/s
2026-05-20 03:09:45,026 DEBUG   876609536 bytes (877 MB) copied, 63.983727 s, 13.7 MB/s
2026-05-20 03:09:45,026 DEBUG   892338176 bytes (892 MB) copied, 64.994787 s, 13.7 MB/s
2026-05-20 03:09:45,026 DEBUG   908066816 bytes (908 MB) copied, 66.065774 s, 13.7 MB/s
2026-05-20 03:09:45,026 DEBUG   921698304 bytes (922 MB) copied, 67.130810 s, 13.7 MB/s
2026-05-20 03:09:45,026 DEBUG   941621248 bytes (942 MB) copied, 68.244637 s, 13.8 MB/s
2026-05-20 03:09:45,026 DEBUG   955252736 bytes (955 MB) copied, 69.327660 s, 13.8 MB/s
2026-05-20 03:09:45,026 DEBUG   969932800 bytes (970 MB) copied, 70.431689 s, 13.8 MB/s
2026-05-20 03:09:45,026 DEBUG   982515712 bytes (983 MB) copied, 71.439309 s, 13.8 MB/s
2026-05-20 03:09:45,026 DEBUG   1000341504 bytes (1.0 GB) copied, 72.445780 s, 13.8 MB/s
2026-05-20 03:09:45,026 DEBUG   1018167296 bytes (1.0 GB) copied, 73.470823 s, 13.9 MB/s
2026-05-20 03:09:45,026 DEBUG   1032847360 bytes (1.0 GB) copied, 74.553780 s, 13.9 MB/s
2026-05-20 03:09:45,026 DEBUG   1043333120 bytes (1.0 GB) copied, 75.605275 s, 13.8 MB/s
2026-05-20 03:09:45,026 DEBUG   1059061760 bytes (1.1 GB) copied, 76.621684 s, 13.8 MB/s
2026-05-20 03:09:45,026 DEBUG   1024+0 records in
2026-05-20 03:09:45,026 DEBUG   1024+0 records out
2026-05-20 03:09:45,026 DEBUG   1073741824 bytes (1.1 GB) copied, 77.5257 s, 13.9 MB/s
2026-05-20 03:09:45,026 DEBUG   OK (disk op exit 0)
2026-05-20 03:09:45,026 WARNING Guest disk op wall 80.5s (vm='ahv_ins_delete-0-260514-182445' ip=10.114.50.149 op=create ec=0) — includes SSH + guest disk command; if still high, check guest disk throughput vs. MiB settings.
2026-05-20 03:09:45,027 DEBUG [67/1170] VM 03aaafab… (ahv_ins_delete-0-260514-185234) via 10.114.48.217 op=create
2026-05-20 03:09:45,027 DEBUG   remote: bash -lc 'set -e; _bs(){ printf '"'"'BULK_SNAP_T %s %s\n'"'"' "$1" "$(date +%s.%N 2>/dev/null || date +%s)"; }; _bs guest_start; _bs pipeline_start; openssl enc -aes-256-ctr -pass pass:"testing" -nosalt < /dev/zero 2>/dev/null | dd of=/root/dummy_snapshot_data_1.img bs=1M count=1024 iflag=fullblock status=progress; ec=$?; _bs pipeline_done; _bs guest_end; exit $ec'
2026-05-20 03:09:46,717 DEBUG   BULK_SNAP_T guest_start 1779214103.574538327
2026-05-20 03:09:46,717 DEBUG   BULK_SNAP_T pipeline_start 1779214103.579514613
2026-05-20 03:09:46,717 DEBUG   BULK_SNAP_T pipeline_done 1779214182.893947299
2026-05-20 03:09:46,717 DEBUG   BULK_SNAP_T guest_end 1779214182.896241247
2026-05-20 03:09:46,717 DEBUG   
2026-05-20 03:09:46,717 DEBUG   13631488 bytes (14 MB) copied, 1.041308 s, 13.1 MB/s
2026-05-20 03:09:46,717 DEBUG   29360128 bytes (29 MB) copied, 2.139299 s, 13.7 MB/s
2026-05-20 03:09:46,717 DEBUG   47185920 bytes (47 MB) copied, 3.305240 s, 14.3 MB/s
2026-05-20 03:09:46,717 DEBUG   59768832 bytes (60 MB) copied, 4.350297 s, 13.7 MB/s
2026-05-20 03:09:46,717 DEBUG   77594624 bytes (78 MB) copied, 5.638339 s, 13.8 MB/s
2026-05-20 03:09:46,717 DEBUG   88080384 bytes (88 MB) copied, 6.655262 s, 13.2 MB/s
2026-05-20 03:09:46,717 DEBUG   105906176 bytes (106 MB) copied, 7.686260 s, 13.8 MB/s
2026-05-20 03:09:46,717 DEBUG   120586240 bytes (121 MB) copied, 8.708314 s, 13.8 MB/s
2026-05-20 03:09:46,717 DEBUG   135266304 bytes (135 MB) copied, 9.731636 s, 13.9 MB/s
2026-05-20 03:09:46,717 DEBUG   145752064 bytes (146 MB) copied, 10.785301 s, 13.5 MB/s
2026-05-20 03:09:46,717 DEBUG   164626432 bytes (165 MB) copied, 11.813263 s, 13.9 MB/s
2026-05-20 03:09:46,717 DEBUG   180355072 bytes (180 MB) copied, 12.881348 s, 14.0 MB/s
2026-05-20 03:09:46,717 DEBUG   197132288 bytes (197 MB) copied, 13.908710 s, 14.2 MB/s
2026-05-20 03:09:46,717 DEBUG   207618048 bytes (208 MB) copied, 14.980358 s, 13.9 MB/s
2026-05-20 03:09:46,717 DEBUG   219152384 bytes (219 MB) copied, 16.027276 s, 13.7 MB/s
2026-05-20 03:09:46,717 DEBUG   232783872 bytes (233 MB) copied, 17.116282 s, 13.6 MB/s
2026-05-20 03:09:46,717 DEBUG   245366784 bytes (245 MB) copied, 18.184279 s, 13.5 MB/s
2026-05-20 03:09:46,717 DEBUG   253755392 bytes (254 MB) copied, 19.191493 s, 13.2 MB/s
2026-05-20 03:09:46,717 DEBUG   268435456 bytes (268 MB) copied, 20.199302 s, 13.3 MB/s
2026-05-20 03:09:46,717 DEBUG   279969792 bytes (280 MB) copied, 21.207334 s, 13.2 MB/s
2026-05-20 03:09:46,717 DEBUG   306184192 bytes (306 MB) copied, 22.275309 s, 13.7 MB/s
2026-05-20 03:09:46,717 DEBUG   317718528 bytes (318 MB) copied, 23.289686 s, 13.6 MB/s
2026-05-20 03:09:46,717 DEBUG   330301440 bytes (330 MB) copied, 24.303269 s, 13.6 MB/s
2026-05-20 03:09:46,717 DEBUG   344981504 bytes (345 MB) copied, 25.422300 s, 13.6 MB/s
2026-05-20 03:09:46,717 DEBUG   359661568 bytes (360 MB) copied, 26.501317 s, 13.6 MB/s
2026-05-20 03:09:46,717 DEBUG   370147328 bytes (370 MB) copied, 27.502307 s, 13.5 MB/s
2026-05-20 03:09:46,717 DEBUG   383778816 bytes (384 MB) copied, 28.549522 s, 13.4 MB/s
2026-05-20 03:09:46,718 DEBUG   398458880 bytes (398 MB) copied, 29.569332 s, 13.5 MB/s
2026-05-20 03:09:46,718 DEBUG   413138944 bytes (413 MB) copied, 30.659293 s, 13.5 MB/s
2026-05-20 03:09:46,718 DEBUG   424673280 bytes (425 MB) copied, 31.710334 s, 13.4 MB/s
2026-05-20 03:09:46,718 DEBUG   437256192 bytes (437 MB) copied, 32.842584 s, 13.3 MB/s
2026-05-20 03:09:46,718 DEBUG   450887680 bytes (451 MB) copied, 33.864312 s, 13.3 MB/s
2026-05-20 03:09:46,718 DEBUG   461373440 bytes (461 MB) copied, 34.901258 s, 13.2 MB/s
2026-05-20 03:09:46,718 DEBUG   480247808 bytes (480 MB) copied, 35.907266 s, 13.4 MB/s
2026-05-20 03:09:46,718 DEBUG   492830720 bytes (493 MB) copied, 37.075334 s, 13.3 MB/s
2026-05-20 03:09:46,718 DEBUG   508559360 bytes (509 MB) copied, 38.093426 s, 13.4 MB/s
2026-05-20 03:09:46,718 DEBUG   523239424 bytes (523 MB) copied, 39.112273 s, 13.4 MB/s
2026-05-20 03:09:46,718 DEBUG   535822336 bytes (536 MB) copied, 40.156285 s, 13.3 MB/s
2026-05-20 03:09:46,718 DEBUG   550502400 bytes (551 MB) copied, 41.279265 s, 13.3 MB/s
2026-05-20 03:09:46,718 DEBUG   565182464 bytes (565 MB) copied, 42.297488 s, 13.4 MB/s
2026-05-20 03:09:46,718 DEBUG   579862528 bytes (580 MB) copied, 43.392260 s, 13.4 MB/s
2026-05-20 03:09:46,718 DEBUG   596639744 bytes (597 MB) copied, 44.400279 s, 13.4 MB/s
2026-05-20 03:09:46,718 DEBUG   609222656 bytes (609 MB) copied, 45.406622 s, 13.4 MB/s
2026-05-20 03:09:46,718 DEBUG   625999872 bytes (626 MB) copied, 46.513282 s, 13.5 MB/s
2026-05-20 03:09:46,718 DEBUG   638582784 bytes (639 MB) copied, 47.592353 s, 13.4 MB/s
2026-05-20 03:09:46,718 DEBUG   651165696 bytes (651 MB) copied, 48.708296 s, 13.4 MB/s
2026-05-20 03:09:46,718 DEBUG   663748608 bytes (664 MB) copied, 49.785262 s, 13.3 MB/s
2026-05-20 03:09:46,718 DEBUG   680525824 bytes (681 MB) copied, 50.813349 s, 13.4 MB/s
2026-05-20 03:09:46,718 DEBUG   693108736 bytes (693 MB) copied, 51.954303 s, 13.3 MB/s
2026-05-20 03:09:46,718 DEBUG   706740224 bytes (707 MB) copied, 52.962242 s, 13.3 MB/s
2026-05-20 03:09:46,718 DEBUG   722468864 bytes (722 MB) copied, 54.007480 s, 13.4 MB/s
2026-05-20 03:09:46,718 DEBUG   738197504 bytes (738 MB) copied, 55.041299 s, 13.4 MB/s
2026-05-20 03:09:46,718 DEBUG   757071872 bytes (757 MB) copied, 56.131517 s, 13.5 MB/s
2026-05-20 03:09:46,718 DEBUG   772800512 bytes (773 MB) copied, 57.240244 s, 13.5 MB/s
2026-05-20 03:09:46,718 DEBUG   786432000 bytes (786 MB) copied, 58.251349 s, 13.5 MB/s
2026-05-20 03:09:46,718 DEBUG   802160640 bytes (802 MB) copied, 59.350270 s, 13.5 MB/s
2026-05-20 03:09:46,718 DEBUG   816840704 bytes (817 MB) copied, 60.352519 s, 13.5 MB/s
2026-05-20 03:09:46,718 DEBUG   833617920 bytes (834 MB) copied, 61.490269 s, 13.6 MB/s
2026-05-20 03:09:46,718 DEBUG   847249408 bytes (847 MB) copied, 62.678319 s, 13.5 MB/s
2026-05-20 03:09:46,718 DEBUG   858783744 bytes (859 MB) copied, 63.692268 s, 13.5 MB/s
2026-05-20 03:09:46,718 DEBUG   874512384 bytes (875 MB) copied, 64.749276 s, 13.5 MB/s
2026-05-20 03:09:46,718 DEBUG   890241024 bytes (890 MB) copied, 65.776795 s, 13.5 MB/s
2026-05-20 03:09:46,718 DEBUG   909115392 bytes (909 MB) copied, 66.975335 s, 13.6 MB/s
2026-05-20 03:09:46,718 DEBUG   922746880 bytes (923 MB) copied, 68.016267 s, 13.6 MB/s
2026-05-20 03:09:46,718 DEBUG   934281216 bytes (934 MB) copied, 69.053621 s, 13.5 MB/s
2026-05-20 03:09:46,718 DEBUG   948961280 bytes (949 MB) copied, 70.212275 s, 13.5 MB/s
2026-05-20 03:09:46,718 DEBUG   967835648 bytes (968 MB) copied, 71.312552 s, 13.6 MB/s
2026-05-20 03:09:46,718 DEBUG   982515712 bytes (983 MB) copied, 72.342233 s, 13.6 MB/s
2026-05-20 03:09:46,718 DEBUG   995098624 bytes (995 MB) copied, 73.371863 s, 13.6 MB/s
2026-05-20 03:09:46,718 DEBUG   1007681536 bytes (1.0 GB) copied, 74.375305 s, 13.5 MB/s
2026-05-20 03:09:46,718 DEBUG   1019215872 bytes (1.0 GB) copied, 75.513307 s, 13.5 MB/s
2026-05-20 03:09:46,718 DEBUG   1035993088 bytes (1.0 GB) copied, 76.648362 s, 13.5 MB/s
2026-05-20 03:09:46,718 DEBUG   1052770304 bytes (1.1 GB) copied, 77.768312 s, 13.5 MB/s
2026-05-20 03:09:46,718 DEBUG   1068498944 bytes (1.1 GB) copied, 78.871219 s, 13.5 MB/s
2026-05-20 03:09:46,718 DEBUG   1024+0 records in
2026-05-20 03:09:46,719 DEBUG   1024+0 records out
2026-05-20 03:09:46,719 DEBUG   1073741824 bytes (1.1 GB) copied, 79.1385 s, 13.6 MB/s
2026-05-20 03:09:46,719 DEBUG   OK (disk op exit 0)
2026-05-20 03:09:46,719 WARNING Guest disk op wall 82.3s (vm='ahv_ins_delete-0-260514-181944' ip=10.114.53.247 op=create ec=0) — includes SSH + guest disk command; if still high, check guest disk throughput vs. MiB settings.
2026-05-20 03:09:46,719 DEBUG [68/1170] VM a43dc446… (ahv_ins_delete-0-260514-185251) via 10.114.53.32 op=create
2026-05-20 03:09:46,719 DEBUG   remote: bash -lc 'set -e; _bs(){ printf '"'"'BULK_SNAP_T %s %s\n'"'"' "$1" "$(date +%s.%N 2>/dev/null || date +%s)"; }; _bs guest_start; _bs pipeline_start; openssl enc -aes-256-ctr -pass pass:"testing" -nosalt < /dev/zero 2>/dev/null | dd of=/root/dummy_snapshot_data_1.img bs=1M count=1024 iflag=fullblock status=progress; ec=$?; _bs pipeline_done; _bs guest_end; exit $ec'
2026-05-20 03:09:46,776 DEBUG   BULK_SNAP_T guest_start 1779214104.037655231
2026-05-20 03:09:46,776 DEBUG   BULK_SNAP_T pipeline_start 1779214104.050824533
2026-05-20 03:09:46,776 DEBUG   BULK_SNAP_T pipeline_done 1779214182.787708405
2026-05-20 03:09:46,776 DEBUG   BULK_SNAP_T guest_end 1779214182.798999379
2026-05-20 03:09:46,776 DEBUG   
2026-05-20 03:09:46,776 DEBUG   19922944 bytes (20 MB) copied, 1.006541 s, 19.8 MB/s
2026-05-20 03:09:46,776 DEBUG   31457280 bytes (31 MB) copied, 2.065488 s, 15.2 MB/s
2026-05-20 03:09:46,776 DEBUG   51380224 bytes (51 MB) copied, 3.084421 s, 16.7 MB/s
2026-05-20 03:09:46,776 DEBUG   76546048 bytes (77 MB) copied, 4.121434 s, 18.6 MB/s
2026-05-20 03:09:46,776 DEBUG   94371840 bytes (94 MB) copied, 5.152507 s, 18.3 MB/s
2026-05-20 03:09:46,776 DEBUG   113246208 bytes (113 MB) copied, 6.159424 s, 18.4 MB/s
2026-05-20 03:09:46,776 DEBUG   135266304 bytes (135 MB) copied, 7.172446 s, 18.9 MB/s
2026-05-20 03:09:46,776 DEBUG   147849216 bytes (148 MB) copied, 8.181507 s, 18.1 MB/s
2026-05-20 03:09:46,776 DEBUG   161480704 bytes (161 MB) copied, 9.281434 s, 17.4 MB/s
2026-05-20 03:09:46,776 DEBUG   176160768 bytes (176 MB) copied, 10.327522 s, 17.1 MB/s
2026-05-20 03:09:46,777 DEBUG   187695104 bytes (188 MB) copied, 11.383472 s, 16.5 MB/s
2026-05-20 03:09:46,777 DEBUG   205520896 bytes (206 MB) copied, 12.410451 s, 16.6 MB/s
2026-05-20 03:09:46,777 DEBUG   216006656 bytes (216 MB) copied, 13.487454 s, 16.0 MB/s
2026-05-20 03:09:46,777 DEBUG   229638144 bytes (230 MB) copied, 14.548447 s, 15.8 MB/s
2026-05-20 03:09:46,777 DEBUG   246415360 bytes (246 MB) copied, 15.561518 s, 15.8 MB/s
2026-05-20 03:09:46,777 DEBUG   260046848 bytes (260 MB) copied, 16.573564 s, 15.7 MB/s
2026-05-20 03:09:46,777 DEBUG   275775488 bytes (276 MB) copied, 17.679433 s, 15.6 MB/s
2026-05-20 03:09:46,777 DEBUG   289406976 bytes (289 MB) copied, 18.702548 s, 15.5 MB/s
2026-05-20 03:09:46,777 DEBUG   305135616 bytes (305 MB) copied, 19.753521 s, 15.4 MB/s
2026-05-20 03:09:46,777 DEBUG   322961408 bytes (323 MB) copied, 20.882489 s, 15.5 MB/s
2026-05-20 03:09:46,777 DEBUG   335544320 bytes (336 MB) copied, 21.943482 s, 15.3 MB/s
2026-05-20 03:09:46,777 DEBUG   347078656 bytes (347 MB) copied, 23.030483 s, 15.1 MB/s
2026-05-20 03:09:46,777 DEBUG   357564416 bytes (358 MB) copied, 24.063561 s, 14.9 MB/s
2026-05-20 03:09:46,777 DEBUG   371195904 bytes (371 MB) copied, 25.130442 s, 14.8 MB/s
2026-05-20 03:09:46,777 DEBUG   384827392 bytes (385 MB) copied, 26.278471 s, 14.6 MB/s
2026-05-20 03:09:46,777 DEBUG   398458880 bytes (398 MB) copied, 27.283675 s, 14.6 MB/s
2026-05-20 03:09:46,777 DEBUG   409993216 bytes (410 MB) copied, 28.329490 s, 14.5 MB/s
2026-05-20 03:09:46,777 DEBUG   424673280 bytes (425 MB) copied, 29.392413 s, 14.4 MB/s
2026-05-20 03:09:46,777 DEBUG   439353344 bytes (439 MB) copied, 30.420515 s, 14.4 MB/s
2026-05-20 03:09:46,777 DEBUG   459276288 bytes (459 MB) copied, 31.467500 s, 14.6 MB/s
2026-05-20 03:09:46,777 DEBUG   475004928 bytes (475 MB) copied, 32.613414 s, 14.6 MB/s
2026-05-20 03:09:46,777 DEBUG   486539264 bytes (487 MB) copied, 33.660729 s, 14.5 MB/s
2026-05-20 03:09:46,777 DEBUG   499122176 bytes (499 MB) copied, 34.725703 s, 14.4 MB/s
2026-05-20 03:09:46,777 DEBUG   519045120 bytes (519 MB) copied, 35.745432 s, 14.5 MB/s
2026-05-20 03:09:46,777 DEBUG   534773760 bytes (535 MB) copied, 36.805506 s, 14.5 MB/s
2026-05-20 03:09:46,777 DEBUG   545259520 bytes (545 MB) copied, 37.885451 s, 14.4 MB/s
2026-05-20 03:09:46,777 DEBUG   557842432 bytes (558 MB) copied, 38.904483 s, 14.3 MB/s
2026-05-20 03:09:46,777 DEBUG   570425344 bytes (570 MB) copied, 39.927419 s, 14.3 MB/s
2026-05-20 03:09:46,777 DEBUG   583008256 bytes (583 MB) copied, 40.929535 s, 14.2 MB/s
2026-05-20 03:09:46,777 DEBUG   594542592 bytes (595 MB) copied, 41.990521 s, 14.2 MB/s
2026-05-20 03:09:46,777 DEBUG   609222656 bytes (609 MB) copied, 43.066555 s, 14.1 MB/s
2026-05-20 03:09:46,777 DEBUG   621805568 bytes (622 MB) copied, 44.127020 s, 14.1 MB/s
2026-05-20 03:09:46,777 DEBUG   635437056 bytes (635 MB) copied, 45.153475 s, 14.1 MB/s
2026-05-20 03:09:46,777 DEBUG   646971392 bytes (647 MB) copied, 46.165449 s, 14.0 MB/s
2026-05-20 03:09:46,777 DEBUG   661651456 bytes (662 MB) copied, 47.185456 s, 14.0 MB/s
2026-05-20 03:09:46,777 DEBUG   674234368 bytes (674 MB) copied, 48.248482 s, 14.0 MB/s
2026-05-20 03:09:46,777 DEBUG   692060160 bytes (692 MB) copied, 49.399541 s, 14.0 MB/s
2026-05-20 03:09:46,777 DEBUG   704643072 bytes (705 MB) copied, 50.441439 s, 14.0 MB/s
2026-05-20 03:09:46,777 DEBUG   715128832 bytes (715 MB) copied, 51.502474 s, 13.9 MB/s
2026-05-20 03:09:46,777 DEBUG   727711744 bytes (728 MB) copied, 52.540460 s, 13.9 MB/s
2026-05-20 03:09:46,777 DEBUG   742391808 bytes (742 MB) copied, 53.602471 s, 13.8 MB/s
2026-05-20 03:09:46,777 DEBUG   753926144 bytes (754 MB) copied, 54.647432 s, 13.8 MB/s
2026-05-20 03:09:46,777 DEBUG   766509056 bytes (767 MB) copied, 55.741435 s, 13.8 MB/s
2026-05-20 03:09:46,777 DEBUG   779091968 bytes (779 MB) copied, 56.748746 s, 13.7 MB/s
2026-05-20 03:09:46,777 DEBUG   797966336 bytes (798 MB) copied, 57.829436 s, 13.8 MB/s
2026-05-20 03:09:46,777 DEBUG   814743552 bytes (815 MB) copied, 58.867816 s, 13.8 MB/s
2026-05-20 03:09:46,777 DEBUG   827326464 bytes (827 MB) copied, 59.959516 s, 13.8 MB/s
2026-05-20 03:09:46,777 DEBUG   840957952 bytes (841 MB) copied, 60.989746 s, 13.8 MB/s
2026-05-20 03:09:46,777 DEBUG   857735168 bytes (858 MB) copied, 62.160506 s, 13.8 MB/s
2026-05-20 03:09:46,777 DEBUG   869269504 bytes (869 MB) copied, 63.186437 s, 13.8 MB/s
2026-05-20 03:09:46,777 DEBUG   880803840 bytes (881 MB) copied, 64.314455 s, 13.7 MB/s
2026-05-20 03:09:46,778 DEBUG   892338176 bytes (892 MB) copied, 65.314717 s, 13.7 MB/s
2026-05-20 03:09:46,778 DEBUG   907018240 bytes (907 MB) copied, 66.339928 s, 13.7 MB/s
2026-05-20 03:09:46,778 DEBUG   921698304 bytes (922 MB) copied, 67.342568 s, 13.7 MB/s
2026-05-20 03:09:46,778 DEBUG   934281216 bytes (934 MB) copied, 68.487817 s, 13.6 MB/s
2026-05-20 03:09:46,778 DEBUG   951058432 bytes (951 MB) copied, 69.574478 s, 13.7 MB/s
2026-05-20 03:09:46,778 DEBUG   965738496 bytes (966 MB) copied, 70.671472 s, 13.7 MB/s
2026-05-20 03:09:46,778 DEBUG   978321408 bytes (978 MB) copied, 71.736720 s, 13.6 MB/s
2026-05-20 03:09:46,778 DEBUG   988807168 bytes (989 MB) copied, 72.758742 s, 13.6 MB/s
2026-05-20 03:09:46,778 DEBUG   1001390080 bytes (1.0 GB) copied, 73.773422 s, 13.6 MB/s
2026-05-20 03:09:46,778 DEBUG   1010827264 bytes (1.0 GB) copied, 74.902612 s, 13.5 MB/s
2026-05-20 03:09:46,778 DEBUG   1038090240 bytes (1.0 GB) copied, 75.918845 s, 13.7 MB/s
2026-05-20 03:09:46,778 DEBUG   1051721728 bytes (1.1 GB) copied, 76.968483 s, 13.7 MB/s
2026-05-20 03:09:46,778 DEBUG   1066401792 bytes (1.1 GB) copied, 77.984444 s, 13.7 MB/s
2026-05-20 03:09:46,778 DEBUG   1024+0 records in
2026-05-20 03:09:46,778 DEBUG   1024+0 records out
2026-05-20 03:09:46,778 DEBUG   1073741824 bytes (1.1 GB) copied, 78.5458 s, 13.7 MB/s
2026-05-20 03:09:46,778 DEBUG   OK (disk op exit 0)
2026-05-20 03:09:46,778 WARNING Guest disk op wall 81.5s (vm='ahv_ins_delete-0-260514-182536' ip=10.114.50.249 op=create ec=0) — includes SSH + guest disk command; if still high, check guest disk throughput vs. MiB settings.
2026-05-20 03:09:46,778 DEBUG [69/1170] VM 1f60f8b0… (ahv_ins_delete-0-260514-185252) via 10.114.53.133 op=create
2026-05-20 03:09:46,779 DEBUG   remote: bash -lc 'set -e; _bs(){ printf '"'"'BULK_SNAP_T %s %s\n'"'"' "$1" "$(date +%s.%N 2>/dev/null || date +%s)"; }; _bs guest_start; _bs pipeline_start; openssl enc -aes-256-ctr -pass pass:"testing" -nosalt < /dev/zero 2>/dev/null | dd of=/root/dummy_snapshot_data_1.img bs=1M count=1024 iflag=fullblock status=progress; ec=$?; _bs pipeline_done; _bs guest_end; exit $ec'
2026-05-20 03:09:48,275 DEBUG   BULK_SNAP_T guest_start 1779214104.131817622
2026-05-20 03:09:48,275 DEBUG   BULK_SNAP_T pipeline_start 1779214104.144940708
2026-05-20 03:09:48,275 DEBUG   BULK_SNAP_T pipeline_done 1779214184.287414630
2026-05-20 03:09:48,275 DEBUG   BULK_SNAP_T guest_end 1779214184.289329189
2026-05-20 03:09:48,275 DEBUG   
2026-05-20 03:09:48,275 DEBUG   12582912 bytes (13 MB) copied, 1.047010 s, 12.0 MB/s
2026-05-20 03:09:48,275 DEBUG   25165824 bytes (25 MB) copied, 2.110244 s, 11.9 MB/s
2026-05-20 03:09:48,275 DEBUG   53477376 bytes (53 MB) copied, 3.149047 s, 17.0 MB/s
2026-05-20 03:09:48,275 DEBUG   66060288 bytes (66 MB) copied, 4.159015 s, 15.9 MB/s
2026-05-20 03:09:48,275 DEBUG   81788928 bytes (82 MB) copied, 5.219364 s, 15.7 MB/s
2026-05-20 03:09:48,275 DEBUG   95420416 bytes (95 MB) copied, 6.316137 s, 15.1 MB/s
2026-05-20 03:09:48,275 DEBUG   112197632 bytes (112 MB) copied, 7.340237 s, 15.3 MB/s
2026-05-20 03:09:48,275 DEBUG   126877696 bytes (127 MB) copied, 8.439110 s, 15.0 MB/s
2026-05-20 03:09:48,275 DEBUG   141557760 bytes (142 MB) copied, 9.575161 s, 14.8 MB/s
2026-05-20 03:09:48,275 DEBUG   154140672 bytes (154 MB) copied, 10.764085 s, 14.3 MB/s
2026-05-20 03:09:48,275 DEBUG   163577856 bytes (164 MB) copied, 11.780053 s, 13.9 MB/s
2026-05-20 03:09:48,275 DEBUG   176160768 bytes (176 MB) copied, 12.831133 s, 13.7 MB/s
2026-05-20 03:09:48,275 DEBUG   192937984 bytes (193 MB) copied, 13.939081 s, 13.8 MB/s
2026-05-20 03:09:48,275 DEBUG   203423744 bytes (203 MB) copied, 15.004374 s, 13.6 MB/s
2026-05-20 03:09:48,276 DEBUG   218103808 bytes (218 MB) copied, 16.030049 s, 13.6 MB/s
2026-05-20 03:09:48,276 DEBUG   230686720 bytes (231 MB) copied, 17.127068 s, 13.5 MB/s
2026-05-20 03:09:48,276 DEBUG   250609664 bytes (251 MB) copied, 18.167084 s, 13.8 MB/s
2026-05-20 03:09:48,276 DEBUG   263192576 bytes (263 MB) copied, 19.234065 s, 13.7 MB/s
2026-05-20 03:09:48,276 DEBUG   273678336 bytes (274 MB) copied, 20.312010 s, 13.5 MB/s
2026-05-20 03:09:48,276 DEBUG   284164096 bytes (284 MB) copied, 21.394312 s, 13.3 MB/s
2026-05-20 03:09:48,276 DEBUG   297795584 bytes (298 MB) copied, 22.429100 s, 13.3 MB/s
2026-05-20 03:09:48,276 DEBUG   311427072 bytes (311 MB) copied, 23.559043 s, 13.2 MB/s
2026-05-20 03:09:48,276 DEBUG   325058560 bytes (325 MB) copied, 24.643259 s, 13.2 MB/s
2026-05-20 03:09:48,276 DEBUG   335544320 bytes (336 MB) copied, 25.682001 s, 13.1 MB/s
2026-05-20 03:09:48,276 DEBUG   347078656 bytes (347 MB) copied, 26.709082 s, 13.0 MB/s
2026-05-20 03:09:48,276 DEBUG   360710144 bytes (361 MB) copied, 27.871051 s, 12.9 MB/s
2026-05-20 03:09:48,276 DEBUG   376438784 bytes (376 MB) copied, 29.069120 s, 12.9 MB/s
2026-05-20 03:09:48,276 DEBUG   390070272 bytes (390 MB) copied, 30.171087 s, 12.9 MB/s
2026-05-20 03:09:48,276 DEBUG   411041792 bytes (411 MB) copied, 31.302104 s, 13.1 MB/s
2026-05-20 03:09:48,276 DEBUG   422576128 bytes (423 MB) copied, 32.363229 s, 13.1 MB/s
2026-05-20 03:09:48,276 DEBUG   441450496 bytes (441 MB) copied, 33.481007 s, 13.2 MB/s
2026-05-20 03:09:48,276 DEBUG   458227712 bytes (458 MB) copied, 34.485001 s, 13.3 MB/s
2026-05-20 03:09:48,276 DEBUG   470810624 bytes (471 MB) copied, 35.560030 s, 13.2 MB/s
2026-05-20 03:09:48,276 DEBUG   481296384 bytes (481 MB) copied, 36.589046 s, 13.2 MB/s
2026-05-20 03:09:48,276 DEBUG   498073600 bytes (498 MB) copied, 37.792287 s, 13.2 MB/s
2026-05-20 03:09:48,276 DEBUG   509607936 bytes (510 MB) copied, 38.793051 s, 13.1 MB/s
2026-05-20 03:09:48,276 DEBUG   522190848 bytes (522 MB) copied, 39.795483 s, 13.1 MB/s
2026-05-20 03:09:48,276 DEBUG   540016640 bytes (540 MB) copied, 40.802458 s, 13.2 MB/s
2026-05-20 03:09:48,276 DEBUG   552599552 bytes (553 MB) copied, 41.835370 s, 13.2 MB/s
2026-05-20 03:09:48,276 DEBUG   564133888 bytes (564 MB) copied, 42.958084 s, 13.1 MB/s
2026-05-20 03:09:48,276 DEBUG   575668224 bytes (576 MB) copied, 43.972018 s, 13.1 MB/s
2026-05-20 03:09:48,276 DEBUG   588251136 bytes (588 MB) copied, 44.978284 s, 13.1 MB/s
2026-05-20 03:09:48,276 DEBUG   603979776 bytes (604 MB) copied, 46.017056 s, 13.1 MB/s
2026-05-20 03:09:48,276 DEBUG   618659840 bytes (619 MB) copied, 47.017066 s, 13.2 MB/s
2026-05-20 03:09:48,276 DEBUG   632291328 bytes (632 MB) copied, 48.084099 s, 13.1 MB/s
2026-05-20 03:09:48,276 DEBUG   644874240 bytes (645 MB) copied, 49.173022 s, 13.1 MB/s
2026-05-20 03:09:48,276 DEBUG   655360000 bytes (655 MB) copied, 50.203052 s, 13.1 MB/s
2026-05-20 03:09:48,276 DEBUG   675282944 bytes (675 MB) copied, 51.272093 s, 13.2 MB/s
2026-05-20 03:09:48,276 DEBUG   685768704 bytes (686 MB) copied, 52.297411 s, 13.1 MB/s
2026-05-20 03:09:48,276 DEBUG   699400192 bytes (699 MB) copied, 53.310114 s, 13.1 MB/s
2026-05-20 03:09:48,276 DEBUG   713031680 bytes (713 MB) copied, 54.320091 s, 13.1 MB/s
2026-05-20 03:09:48,276 DEBUG   729808896 bytes (730 MB) copied, 55.347092 s, 13.2 MB/s
2026-05-20 03:09:48,276 DEBUG   745537536 bytes (746 MB) copied, 56.360502 s, 13.2 MB/s
2026-05-20 03:09:48,276 DEBUG   759169024 bytes (759 MB) copied, 57.498165 s, 13.2 MB/s
2026-05-20 03:09:48,276 DEBUG   771751936 bytes (772 MB) copied, 58.500124 s, 13.2 MB/s
2026-05-20 03:09:48,276 DEBUG   786432000 bytes (786 MB) copied, 59.538129 s, 13.2 MB/s
2026-05-20 03:09:48,276 DEBUG   799014912 bytes (799 MB) copied, 60.561403 s, 13.2 MB/s
2026-05-20 03:09:48,276 DEBUG   813694976 bytes (814 MB) copied, 61.605064 s, 13.2 MB/s
2026-05-20 03:09:48,276 DEBUG   824180736 bytes (824 MB) copied, 62.621019 s, 13.2 MB/s
2026-05-20 03:09:48,276 DEBUG   847249408 bytes (847 MB) copied, 63.653029 s, 13.3 MB/s
2026-05-20 03:09:48,276 DEBUG   857735168 bytes (858 MB) copied, 64.693065 s, 13.3 MB/s
2026-05-20 03:09:48,276 DEBUG   872415232 bytes (872 MB) copied, 65.761398 s, 13.3 MB/s
2026-05-20 03:09:48,276 DEBUG   886046720 bytes (886 MB) copied, 66.914123 s, 13.2 MB/s
2026-05-20 03:09:48,276 DEBUG   899678208 bytes (900 MB) copied, 68.042029 s, 13.2 MB/s
2026-05-20 03:09:48,276 DEBUG   916455424 bytes (916 MB) copied, 69.188997 s, 13.2 MB/s
2026-05-20 03:09:48,276 DEBUG   934281216 bytes (934 MB) copied, 70.212113 s, 13.3 MB/s
2026-05-20 03:09:48,276 DEBUG   943718400 bytes (944 MB) copied, 71.216135 s, 13.3 MB/s
2026-05-20 03:09:48,277 DEBUG   957349888 bytes (957 MB) copied, 72.281188 s, 13.2 MB/s
2026-05-20 03:09:48,277 DEBUG   975175680 bytes (975 MB) copied, 73.449126 s, 13.3 MB/s
2026-05-20 03:09:48,277 DEBUG   986710016 bytes (987 MB) copied, 74.514083 s, 13.2 MB/s
2026-05-20 03:09:48,277 DEBUG   998244352 bytes (998 MB) copied, 75.560175 s, 13.2 MB/s
2026-05-20 03:09:48,277 DEBUG   1016070144 bytes (1.0 GB) copied, 76.584990 s, 13.3 MB/s
2026-05-20 03:09:48,277 DEBUG   1028653056 bytes (1.0 GB) copied, 77.613284 s, 13.3 MB/s
2026-05-20 03:09:48,277 DEBUG   1042284544 bytes (1.0 GB) copied, 78.671162 s, 13.2 MB/s
2026-05-20 03:09:48,277 DEBUG   1070596096 bytes (1.1 GB) copied, 79.754022 s, 13.4 MB/s
2026-05-20 03:09:48,277 DEBUG   1024+0 records in
2026-05-20 03:09:48,277 DEBUG   1024+0 records out
2026-05-20 03:09:48,277 DEBUG   1073741824 bytes (1.1 GB) copied, 79.9938 s, 13.4 MB/s
2026-05-20 03:09:48,277 DEBUG   OK (disk op exit 0)
2026-05-20 03:09:48,277 WARNING Guest disk op wall 83.0s (vm='ahv_ins_delete-0-260514-182453' ip=10.114.52.33 op=create ec=0) — includes SSH + guest disk command; if still high, check guest disk throughput vs. MiB settings.
2026-05-20 03:09:48,277 DEBUG [70/1170] VM 1fafe337… (ahv_ins_delete-0-260514-185252) via 10.114.51.123 op=create
2026-05-20 03:09:48,277 DEBUG   remote: bash -lc 'set -e; _bs(){ printf '"'"'BULK_SNAP_T %s %s\n'"'"' "$1" "$(date +%s.%N 2>/dev/null || date +%s)"; }; _bs guest_start; _bs pipeline_start; openssl enc -aes-256-ctr -pass pass:"testing" -nosalt < /dev/zero 2>/dev/null | dd of=/root/dummy_snapshot_data_1.img bs=1M count=1024 iflag=fullblock status=progress; ec=$?; _bs pipeline_done; _bs guest_end; exit $ec'
2026-05-20 03:09:48,524 DEBUG   BULK_SNAP_T guest_start 1779214105.483260501
2026-05-20 03:09:48,524 DEBUG   BULK_SNAP_T pipeline_start 1779214105.485127289
2026-05-20 03:09:48,524 DEBUG   BULK_SNAP_T pipeline_done 1779214185.202553415
2026-05-20 03:09:48,524 DEBUG   BULK_SNAP_T guest_end 1779214185.211374700
2026-05-20 03:09:48,524 DEBUG   
2026-05-20 03:09:48,524 DEBUG   13631488 bytes (14 MB) copied, 1.118321 s, 12.2 MB/s
2026-05-20 03:09:48,524 DEBUG   29360128 bytes (29 MB) copied, 2.133986 s, 13.8 MB/s
2026-05-20 03:09:48,524 DEBUG   44040192 bytes (44 MB) copied, 3.174437 s, 13.9 MB/s
2026-05-20 03:09:48,524 DEBUG   60817408 bytes (61 MB) copied, 4.210334 s, 14.4 MB/s
2026-05-20 03:09:48,524 DEBUG   77594624 bytes (78 MB) copied, 5.247386 s, 14.8 MB/s
2026-05-20 03:09:48,524 DEBUG   94371840 bytes (94 MB) copied, 6.268297 s, 15.1 MB/s
2026-05-20 03:09:48,524 DEBUG   106954752 bytes (107 MB) copied, 7.346599 s, 14.6 MB/s
2026-05-20 03:09:48,524 DEBUG   121634816 bytes (122 MB) copied, 8.386292 s, 14.5 MB/s
2026-05-20 03:09:48,525 DEBUG   137363456 bytes (137 MB) copied, 9.492323 s, 14.5 MB/s
2026-05-20 03:09:48,525 DEBUG   146800640 bytes (147 MB) copied, 10.547316 s, 13.9 MB/s
2026-05-20 03:09:48,525 DEBUG   158334976 bytes (158 MB) copied, 11.600287 s, 13.6 MB/s
2026-05-20 03:09:48,525 DEBUG   170917888 bytes (171 MB) copied, 12.707283 s, 13.5 MB/s
2026-05-20 03:09:48,525 DEBUG   184549376 bytes (185 MB) copied, 13.772290 s, 13.4 MB/s
2026-05-20 03:09:48,525 DEBUG   198180864 bytes (198 MB) copied, 14.885317 s, 13.3 MB/s
2026-05-20 03:09:48,525 DEBUG   211812352 bytes (212 MB) copied, 15.897324 s, 13.3 MB/s
2026-05-20 03:09:48,525 DEBUG   225443840 bytes (225 MB) copied, 16.979305 s, 13.3 MB/s
2026-05-20 03:09:48,525 DEBUG   241172480 bytes (241 MB) copied, 18.009304 s, 13.4 MB/s
2026-05-20 03:09:48,525 DEBUG   255852544 bytes (256 MB) copied, 19.205314 s, 13.3 MB/s
2026-05-20 03:09:48,525 DEBUG   268435456 bytes (268 MB) copied, 20.255276 s, 13.3 MB/s
2026-05-20 03:09:48,525 DEBUG   278921216 bytes (279 MB) copied, 21.313304 s, 13.1 MB/s
2026-05-20 03:09:48,525 DEBUG   292552704 bytes (293 MB) copied, 22.369300 s, 13.1 MB/s
2026-05-20 03:09:48,525 DEBUG   306184192 bytes (306 MB) copied, 23.420330 s, 13.1 MB/s
2026-05-20 03:09:48,525 DEBUG   321912832 bytes (322 MB) copied, 24.446259 s, 13.2 MB/s
2026-05-20 03:09:48,525 DEBUG   337641472 bytes (338 MB) copied, 25.489333 s, 13.2 MB/s
2026-05-20 03:09:48,525 DEBUG   354418688 bytes (354 MB) copied, 26.502781 s, 13.4 MB/s
2026-05-20 03:09:48,525 DEBUG   367001600 bytes (367 MB) copied, 27.554380 s, 13.3 MB/s
2026-05-20 03:09:48,525 DEBUG   379584512 bytes (380 MB) copied, 28.564328 s, 13.3 MB/s
2026-05-20 03:09:48,525 DEBUG   394264576 bytes (394 MB) copied, 29.582547 s, 13.3 MB/s
2026-05-20 03:09:48,525 DEBUG   407896064 bytes (408 MB) copied, 30.588409 s, 13.3 MB/s
2026-05-20 03:09:48,525 DEBUG   421527552 bytes (422 MB) copied, 31.735452 s, 13.3 MB/s
2026-05-20 03:09:48,525 DEBUG   435159040 bytes (435 MB) copied, 32.793309 s, 13.3 MB/s
2026-05-20 03:09:48,526 DEBUG   450887680 bytes (451 MB) copied, 33.826652 s, 13.3 MB/s
2026-05-20 03:09:48,526 DEBUG   467664896 bytes (468 MB) copied, 34.864291 s, 13.4 MB/s
2026-05-20 03:09:48,526 DEBUG   478150656 bytes (478 MB) copied, 35.890358 s, 13.3 MB/s
2026-05-20 03:09:48,526 DEBUG   490733568 bytes (491 MB) copied, 37.026319 s, 13.3 MB/s
2026-05-20 03:09:48,526 DEBUG   504365056 bytes (504 MB) copied, 38.033321 s, 13.3 MB/s
2026-05-20 03:09:48,526 DEBUG   516947968 bytes (517 MB) copied, 39.093714 s, 13.2 MB/s
2026-05-20 03:09:48,526 DEBUG   533725184 bytes (534 MB) copied, 40.139582 s, 13.3 MB/s
2026-05-20 03:09:48,526 DEBUG   549453824 bytes (549 MB) copied, 41.207318 s, 13.3 MB/s
2026-05-20 03:09:48,526 DEBUG   565182464 bytes (565 MB) copied, 42.243588 s, 13.4 MB/s
2026-05-20 03:09:48,526 DEBUG   585105408 bytes (585 MB) copied, 43.303505 s, 13.5 MB/s
2026-05-20 03:09:48,526 DEBUG   598736896 bytes (599 MB) copied, 44.395317 s, 13.5 MB/s
2026-05-20 03:09:48,526 DEBUG   613416960 bytes (613 MB) copied, 45.414535 s, 13.5 MB/s
2026-05-20 03:09:48,526 DEBUG   628097024 bytes (628 MB) copied, 46.443659 s, 13.5 MB/s
2026-05-20 03:09:48,526 DEBUG   644874240 bytes (645 MB) copied, 47.588343 s, 13.6 MB/s
2026-05-20 03:09:48,526 DEBUG   660602880 bytes (661 MB) copied, 48.710297 s, 13.6 MB/s
2026-05-20 03:09:48,526 DEBUG   673185792 bytes (673 MB) copied, 49.801311 s, 13.5 MB/s
2026-05-20 03:09:48,526 DEBUG   687865856 bytes (688 MB) copied, 50.941397 s, 13.5 MB/s
2026-05-20 03:09:48,526 DEBUG   702545920 bytes (703 MB) copied, 52.093337 s, 13.5 MB/s
2026-05-20 03:09:48,526 DEBUG   715128832 bytes (715 MB) copied, 53.159343 s, 13.5 MB/s
2026-05-20 03:09:48,526 DEBUG   728760320 bytes (729 MB) copied, 54.303298 s, 13.4 MB/s
2026-05-20 03:09:48,526 DEBUG   743440384 bytes (743 MB) copied, 55.350331 s, 13.4 MB/s
2026-05-20 03:09:48,526 DEBUG   758120448 bytes (758 MB) copied, 56.405302 s, 13.4 MB/s
2026-05-20 03:09:48,526 DEBUG   772800512 bytes (773 MB) copied, 57.420291 s, 13.5 MB/s
2026-05-20 03:09:48,526 DEBUG   787480576 bytes (787 MB) copied, 58.505275 s, 13.5 MB/s
2026-05-20 03:09:48,526 DEBUG   800063488 bytes (800 MB) copied, 59.604308 s, 13.4 MB/s
2026-05-20 03:09:48,526 DEBUG   811597824 bytes (812 MB) copied, 60.619534 s, 13.4 MB/s
2026-05-20 03:09:48,526 DEBUG   828375040 bytes (828 MB) copied, 61.671316 s, 13.4 MB/s
2026-05-20 03:09:48,526 DEBUG   840957952 bytes (841 MB) copied, 62.728424 s, 13.4 MB/s
2026-05-20 03:09:48,526 DEBUG   853540864 bytes (854 MB) copied, 63.734337 s, 13.4 MB/s
2026-05-20 03:09:48,526 DEBUG   866123776 bytes (866 MB) copied, 64.750366 s, 13.4 MB/s
2026-05-20 03:09:48,527 DEBUG   882900992 bytes (883 MB) copied, 65.775410 s, 13.4 MB/s
2026-05-20 03:09:48,527 DEBUG   898629632 bytes (899 MB) copied, 66.938447 s, 13.4 MB/s
2026-05-20 03:09:48,527 DEBUG   912261120 bytes (912 MB) copied, 67.944285 s, 13.4 MB/s
2026-05-20 03:09:48,527 DEBUG   932184064 bytes (932 MB) copied, 68.965283 s, 13.5 MB/s
2026-05-20 03:09:48,527 DEBUG   945815552 bytes (946 MB) copied, 70.064332 s, 13.5 MB/s
2026-05-20 03:09:48,527 DEBUG   959447040 bytes (959 MB) copied, 71.069293 s, 13.5 MB/s
2026-05-20 03:09:48,527 DEBUG   974127104 bytes (974 MB) copied, 72.166317 s, 13.5 MB/s
2026-05-20 03:09:48,527 DEBUG   987758592 bytes (988 MB) copied, 73.245357 s, 13.5 MB/s
2026-05-20 03:09:48,527 DEBUG   998244352 bytes (998 MB) copied, 74.279592 s, 13.4 MB/s
2026-05-20 03:09:48,527 DEBUG   1009778688 bytes (1.0 GB) copied, 75.311331 s, 13.4 MB/s
2026-05-20 03:09:48,527 DEBUG   1023410176 bytes (1.0 GB) copied, 76.350308 s, 13.4 MB/s
2026-05-20 03:09:48,527 DEBUG   1039138816 bytes (1.0 GB) copied, 77.385444 s, 13.4 MB/s
2026-05-20 03:09:48,527 DEBUG   1062207488 bytes (1.1 GB) copied, 78.583524 s, 13.5 MB/s
2026-05-20 03:09:48,527 DEBUG   1024+0 records in
2026-05-20 03:09:48,527 DEBUG   1024+0 records out
2026-05-20 03:09:48,527 DEBUG   1073741824 bytes (1.1 GB) copied, 79.5354 s, 13.5 MB/s
2026-05-20 03:09:48,527 DEBUG   OK (disk op exit 0)
2026-05-20 03:09:48,527 WARNING Guest disk op wall 82.3s (vm='ahv_ins_delete-0-260514-183015' ip=10.114.48.29 op=create ec=0) — includes SSH + guest disk command; if still high, check guest disk throughput vs. MiB settings.
2026-05-20 03:09:48,528 DEBUG [71/1170] VM ff1a7f87… (ahv_ins_delete-0-260514-185802) via 10.114.50.70 op=create
2026-05-20 03:09:48,528 DEBUG   remote: bash -lc 'set -e; _bs(){ printf '"'"'BULK_SNAP_T %s %s\n'"'"' "$1" "$(date +%s.%N 2>/dev/null || date +%s)"; }; _bs guest_start; _bs pipeline_start; openssl enc -aes-256-ctr -pass pass:"testing" -nosalt < /dev/zero 2>/dev/null | dd of=/root/dummy_snapshot_data_1.img bs=1M count=1024 iflag=fullblock status=progress; ec=$?; _bs pipeline_done; _bs guest_end; exit $ec'
2026-05-20 03:09:51,777 DEBUG   BULK_SNAP_T guest_start 1779214109.400848997
2026-05-20 03:09:51,777 DEBUG   BULK_SNAP_T pipeline_start 1779214109.410226411
2026-05-20 03:09:51,777 DEBUG   BULK_SNAP_T pipeline_done 1779214188.550238782
2026-05-20 03:09:51,777 DEBUG   BULK_SNAP_T guest_end 1779214188.559247285
2026-05-20 03:09:51,777 DEBUG   
2026-05-20 03:09:51,777 DEBUG   12582912 bytes (13 MB) copied, 1.051628 s, 12.0 MB/s
2026-05-20 03:09:51,777 DEBUG   29360128 bytes (29 MB) copied, 2.110611 s, 13.9 MB/s
2026-05-20 03:09:51,777 DEBUG   42991616 bytes (43 MB) copied, 3.135627 s, 13.7 MB/s
2026-05-20 03:09:51,777 DEBUG   57671680 bytes (58 MB) copied, 4.139234 s, 13.9 MB/s
2026-05-20 03:09:51,777 DEBUG   72351744 bytes (72 MB) copied, 5.384605 s, 13.4 MB/s
2026-05-20 03:09:51,777 DEBUG   83886080 bytes (84 MB) copied, 6.414560 s, 13.1 MB/s
2026-05-20 03:09:51,777 DEBUG   94371840 bytes (94 MB) copied, 7.626720 s, 12.4 MB/s
2026-05-20 03:09:51,777 DEBUG   110100480 bytes (110 MB) copied, 8.626794 s, 12.8 MB/s
2026-05-20 03:09:51,777 DEBUG   128974848 bytes (129 MB) copied, 9.745638 s, 13.2 MB/s
2026-05-20 03:09:51,777 DEBUG   144703488 bytes (145 MB) copied, 10.859578 s, 13.3 MB/s
2026-05-20 03:09:51,777 DEBUG   158334976 bytes (158 MB) copied, 11.911649 s, 13.3 MB/s
2026-05-20 03:09:51,777 DEBUG   170917888 bytes (171 MB) copied, 12.998660 s, 13.1 MB/s
2026-05-20 03:09:51,777 DEBUG   181403648 bytes (181 MB) copied, 14.001647 s, 13.0 MB/s
2026-05-20 03:09:51,777 DEBUG   197132288 bytes (197 MB) copied, 15.145583 s, 13.0 MB/s
2026-05-20 03:09:51,777 DEBUG   209715200 bytes (210 MB) copied, 16.341615 s, 12.8 MB/s
2026-05-20 03:09:51,777 DEBUG   223346688 bytes (223 MB) copied, 17.406613 s, 12.8 MB/s
2026-05-20 03:09:51,777 DEBUG   240123904 bytes (240 MB) copied, 18.466608 s, 13.0 MB/s
2026-05-20 03:09:51,777 DEBUG   258998272 bytes (259 MB) copied, 19.520631 s, 13.3 MB/s
2026-05-20 03:09:51,778 DEBUG   271581184 bytes (272 MB) copied, 20.644611 s, 13.2 MB/s
2026-05-20 03:09:51,778 DEBUG   284164096 bytes (284 MB) copied, 21.674589 s, 13.1 MB/s
2026-05-20 03:09:51,778 DEBUG   297795584 bytes (298 MB) copied, 22.682653 s, 13.1 MB/s
2026-05-20 03:09:51,778 DEBUG   313524224 bytes (314 MB) copied, 23.740589 s, 13.2 MB/s
2026-05-20 03:09:51,778 DEBUG   326107136 bytes (326 MB) copied, 24.770673 s, 13.2 MB/s
2026-05-20 03:09:51,778 DEBUG   340787200 bytes (341 MB) copied, 25.825618 s, 13.2 MB/s
2026-05-20 03:09:51,778 DEBUG   352321536 bytes (352 MB) copied, 26.828836 s, 13.1 MB/s
2026-05-20 03:09:51,778 DEBUG   373293056 bytes (373 MB) copied, 27.946572 s, 13.4 MB/s
2026-05-20 03:09:51,778 DEBUG   391118848 bytes (391 MB) copied, 29.019590 s, 13.5 MB/s
2026-05-20 03:09:51,778 DEBUG   403701760 bytes (404 MB) copied, 30.058185 s, 13.4 MB/s
2026-05-20 03:09:51,778 DEBUG   416284672 bytes (416 MB) copied, 31.072907 s, 13.4 MB/s
2026-05-20 03:09:51,778 DEBUG   432013312 bytes (432 MB) copied, 32.172594 s, 13.4 MB/s
2026-05-20 03:09:51,778 DEBUG   446693376 bytes (447 MB) copied, 33.235933 s, 13.4 MB/s
2026-05-20 03:09:51,778 DEBUG   460324864 bytes (460 MB) copied, 34.297599 s, 13.4 MB/s
2026-05-20 03:09:51,778 DEBUG   471859200 bytes (472 MB) copied, 35.314618 s, 13.4 MB/s
2026-05-20 03:09:51,778 DEBUG   482344960 bytes (482 MB) copied, 36.481593 s, 13.2 MB/s
2026-05-20 03:09:51,778 DEBUG   495976448 bytes (496 MB) copied, 37.581679 s, 13.2 MB/s
2026-05-20 03:09:51,778 DEBUG   507510784 bytes (508 MB) copied, 38.644631 s, 13.1 MB/s
2026-05-20 03:09:51,778 DEBUG   520093696 bytes (520 MB) copied, 39.664688 s, 13.1 MB/s
2026-05-20 03:09:51,778 DEBUG   533725184 bytes (534 MB) copied, 40.704597 s, 13.1 MB/s
2026-05-20 03:09:51,778 DEBUG   546308096 bytes (546 MB) copied, 41.733640 s, 13.1 MB/s
2026-05-20 03:09:51,778 DEBUG   558891008 bytes (559 MB) copied, 42.744659 s, 13.1 MB/s
2026-05-20 03:09:51,778 DEBUG   572522496 bytes (573 MB) copied, 43.752107 s, 13.1 MB/s
2026-05-20 03:09:51,778 DEBUG   587202560 bytes (587 MB) copied, 44.763638 s, 13.1 MB/s
2026-05-20 03:09:51,778 DEBUG   602931200 bytes (603 MB) copied, 45.870579 s, 13.1 MB/s
2026-05-20 03:09:51,778 DEBUG   620756992 bytes (621 MB) copied, 46.890100 s, 13.2 MB/s
2026-05-20 03:09:51,778 DEBUG   635437056 bytes (635 MB) copied, 47.933878 s, 13.3 MB/s
2026-05-20 03:09:51,778 DEBUG   650117120 bytes (650 MB) copied, 48.966598 s, 13.3 MB/s
2026-05-20 03:09:51,778 DEBUG   663748608 bytes (664 MB) copied, 50.065599 s, 13.3 MB/s
2026-05-20 03:09:51,778 DEBUG   676331520 bytes (676 MB) copied, 51.124647 s, 13.2 MB/s
2026-05-20 03:09:51,778 DEBUG   692060160 bytes (692 MB) copied, 52.274638 s, 13.2 MB/s
2026-05-20 03:09:51,778 DEBUG   707788800 bytes (708 MB) copied, 53.342568 s, 13.3 MB/s
2026-05-20 03:09:51,778 DEBUG   726663168 bytes (727 MB) copied, 54.367621 s, 13.4 MB/s
2026-05-20 03:09:51,778 DEBUG   740294656 bytes (740 MB) copied, 55.519603 s, 13.3 MB/s
2026-05-20 03:09:51,778 DEBUG   751828992 bytes (752 MB) copied, 56.574662 s, 13.3 MB/s
2026-05-20 03:09:51,778 DEBUG   763363328 bytes (763 MB) copied, 57.604692 s, 13.3 MB/s
2026-05-20 03:09:51,778 DEBUG   789577728 bytes (790 MB) copied, 58.645578 s, 13.5 MB/s
2026-05-20 03:09:51,778 DEBUG   803209216 bytes (803 MB) copied, 59.676583 s, 13.5 MB/s
2026-05-20 03:09:51,778 DEBUG   822083584 bytes (822 MB) copied, 60.770738 s, 13.5 MB/s
2026-05-20 03:09:51,778 DEBUG   834666496 bytes (835 MB) copied, 61.835934 s, 13.5 MB/s
2026-05-20 03:09:51,778 DEBUG   850395136 bytes (850 MB) copied, 62.864581 s, 13.5 MB/s
2026-05-20 03:09:51,778 DEBUG   865075200 bytes (865 MB) copied, 63.875217 s, 13.5 MB/s
2026-05-20 03:09:51,778 DEBUG   882900992 bytes (883 MB) copied, 64.921596 s, 13.6 MB/s
2026-05-20 03:09:51,778 DEBUG   894435328 bytes (894 MB) copied, 66.013871 s, 13.5 MB/s
2026-05-20 03:09:51,778 DEBUG   907018240 bytes (907 MB) copied, 67.123638 s, 13.5 MB/s
2026-05-20 03:09:51,778 DEBUG   927989760 bytes (928 MB) copied, 68.179783 s, 13.6 MB/s
2026-05-20 03:09:51,778 DEBUG   943718400 bytes (944 MB) copied, 69.236655 s, 13.6 MB/s
2026-05-20 03:09:51,778 DEBUG   953155584 bytes (953 MB) copied, 70.324610 s, 13.6 MB/s
2026-05-20 03:09:51,778 DEBUG   969932800 bytes (970 MB) copied, 71.349816 s, 13.6 MB/s
2026-05-20 03:09:51,778 DEBUG   986710016 bytes (987 MB) copied, 72.380608 s, 13.6 MB/s
2026-05-20 03:09:51,778 DEBUG   1002438656 bytes (1.0 GB) copied, 73.430724 s, 13.7 MB/s
2026-05-20 03:09:51,779 DEBUG   1021313024 bytes (1.0 GB) copied, 74.491965 s, 13.7 MB/s
2026-05-20 03:09:51,779 DEBUG   1033895936 bytes (1.0 GB) copied, 75.555921 s, 13.7 MB/s
2026-05-20 03:09:51,779 DEBUG   1045430272 bytes (1.0 GB) copied, 76.659612 s, 13.6 MB/s
2026-05-20 03:09:51,779 DEBUG   1060110336 bytes (1.1 GB) copied, 77.732293 s, 13.6 MB/s
2026-05-20 03:09:51,779 DEBUG   1072693248 bytes (1.1 GB) copied, 78.940742 s, 13.6 MB/s
2026-05-20 03:09:51,779 DEBUG   1024+0 records in
2026-05-20 03:09:51,779 DEBUG   1024+0 records out
2026-05-20 03:09:51,779 DEBUG   1073741824 bytes (1.1 GB) copied, 78.9422 s, 13.6 MB/s
2026-05-20 03:09:51,779 DEBUG   OK (disk op exit 0)
2026-05-20 03:09:51,779 WARNING Guest disk op wall 81.8s (vm='ahv_ins_delete-0-260514-183102' ip=10.114.51.38 op=create ec=0) — includes SSH + guest disk command; if still high, check guest disk throughput vs. MiB settings.
2026-05-20 03:09:51,779 DEBUG [72/1170] VM 118a3632… (ahv_ins_delete-0-260514-185803) via 10.114.48.12 op=create
2026-05-20 03:09:51,779 DEBUG   remote: bash -lc 'set -e; _bs(){ printf '"'"'BULK_SNAP_T %s %s\n'"'"' "$1" "$(date +%s.%N 2>/dev/null || date +%s)"; }; _bs guest_start; _bs pipeline_start; openssl enc -aes-256-ctr -pass pass:"testing" -nosalt < /dev/zero 2>/dev/null | dd of=/root/dummy_snapshot_data_1.img bs=1M count=1024 iflag=fullblock status=progress; ec=$?; _bs pipeline_done; _bs guest_end; exit $ec'
2026-05-20 03:09:52,278 DEBUG   BULK_SNAP_T guest_start 1779214103.599152178
2026-05-20 03:09:52,279 DEBUG   BULK_SNAP_T pipeline_start 1779214103.610352658
2026-05-20 03:09:52,279 DEBUG   BULK_SNAP_T pipeline_done 1779214188.557170053
2026-05-20 03:09:52,279 DEBUG   BULK_SNAP_T guest_end 1779214188.572274530
2026-05-20 03:09:52,279 DEBUG   
2026-05-20 03:09:52,279 DEBUG   14680064 bytes (15 MB) copied, 1.098846 s, 13.4 MB/s
2026-05-20 03:09:52,279 DEBUG   34603008 bytes (35 MB) copied, 2.351893 s, 14.7 MB/s
2026-05-20 03:09:52,279 DEBUG   50331648 bytes (50 MB) copied, 3.368873 s, 14.9 MB/s
2026-05-20 03:09:52,279 DEBUG   62914560 bytes (63 MB) copied, 4.527953 s, 13.9 MB/s
2026-05-20 03:09:52,279 DEBUG   78643200 bytes (79 MB) copied, 5.601883 s, 14.0 MB/s
2026-05-20 03:09:52,279 DEBUG   91226112 bytes (91 MB) copied, 6.608836 s, 13.8 MB/s
2026-05-20 03:09:52,279 DEBUG   105906176 bytes (106 MB) copied, 7.675831 s, 13.8 MB/s
2026-05-20 03:09:52,279 DEBUG   121634816 bytes (122 MB) copied, 8.724908 s, 13.9 MB/s
2026-05-20 03:09:52,279 DEBUG   136314880 bytes (136 MB) copied, 9.786871 s, 13.9 MB/s
2026-05-20 03:09:52,279 DEBUG   146800640 bytes (147 MB) copied, 10.813872 s, 13.6 MB/s
2026-05-20 03:09:52,279 DEBUG   158334976 bytes (158 MB) copied, 11.961929 s, 13.2 MB/s
2026-05-20 03:09:52,279 DEBUG   170917888 bytes (171 MB) copied, 13.048245 s, 13.1 MB/s
2026-05-20 03:09:52,279 DEBUG   183500800 bytes (184 MB) copied, 14.115866 s, 13.0 MB/s
2026-05-20 03:09:52,279 DEBUG   196083712 bytes (196 MB) copied, 15.116061 s, 13.0 MB/s
2026-05-20 03:09:52,279 DEBUG   206569472 bytes (207 MB) copied, 16.198888 s, 12.8 MB/s
2026-05-20 03:09:52,279 DEBUG   220200960 bytes (220 MB) copied, 17.326918 s, 12.7 MB/s
2026-05-20 03:09:52,279 DEBUG   231735296 bytes (232 MB) copied, 18.427893 s, 12.6 MB/s
2026-05-20 03:09:52,279 DEBUG   243269632 bytes (243 MB) copied, 19.491889 s, 12.5 MB/s
2026-05-20 03:09:52,279 DEBUG   255852544 bytes (256 MB) copied, 20.567012 s, 12.4 MB/s
2026-05-20 03:09:52,279 DEBUG   272629760 bytes (273 MB) copied, 21.653836 s, 12.6 MB/s
2026-05-20 03:09:52,279 DEBUG   288358400 bytes (288 MB) copied, 22.770002 s, 12.7 MB/s
2026-05-20 03:09:52,279 DEBUG   304087040 bytes (304 MB) copied, 23.797048 s, 12.8 MB/s
2026-05-20 03:09:52,279 DEBUG   319815680 bytes (320 MB) copied, 24.850850 s, 12.9 MB/s
2026-05-20 03:09:52,279 DEBUG   330301440 bytes (330 MB) copied, 25.966897 s, 12.7 MB/s
2026-05-20 03:09:52,279 DEBUG   342884352 bytes (343 MB) copied, 26.980931 s, 12.7 MB/s
2026-05-20 03:09:52,279 DEBUG   358612992 bytes (359 MB) copied, 27.986811 s, 12.8 MB/s
2026-05-20 03:09:52,279 DEBUG   372244480 bytes (372 MB) copied, 29.006062 s, 12.8 MB/s
2026-05-20 03:09:52,279 DEBUG   386924544 bytes (387 MB) copied, 30.057842 s, 12.9 MB/s
2026-05-20 03:09:52,279 DEBUG   402653184 bytes (403 MB) copied, 31.129905 s, 12.9 MB/s
2026-05-20 03:09:52,279 DEBUG   418381824 bytes (418 MB) copied, 32.163956 s, 13.0 MB/s
2026-05-20 03:09:52,279 DEBUG   430964736 bytes (431 MB) copied, 33.201929 s, 13.0 MB/s
2026-05-20 03:09:52,279 DEBUG   444596224 bytes (445 MB) copied, 34.424910 s, 12.9 MB/s
2026-05-20 03:09:52,279 DEBUG   465567744 bytes (466 MB) copied, 35.426879 s, 13.1 MB/s
2026-05-20 03:09:52,279 DEBUG   480247808 bytes (480 MB) copied, 36.581215 s, 13.1 MB/s
2026-05-20 03:09:52,279 DEBUG   491782144 bytes (492 MB) copied, 37.591817 s, 13.1 MB/s
2026-05-20 03:09:52,279 DEBUG   506462208 bytes (506 MB) copied, 38.661890 s, 13.1 MB/s
2026-05-20 03:09:52,279 DEBUG   517996544 bytes (518 MB) copied, 39.725070 s, 13.0 MB/s
2026-05-20 03:09:52,279 DEBUG   530579456 bytes (531 MB) copied, 40.796905 s, 13.0 MB/s
2026-05-20 03:09:52,279 DEBUG   543162368 bytes (543 MB) copied, 41.862087 s, 13.0 MB/s
2026-05-20 03:09:52,279 DEBUG   554696704 bytes (555 MB) copied, 42.901857 s, 12.9 MB/s
2026-05-20 03:09:52,279 DEBUG   567279616 bytes (567 MB) copied, 43.986986 s, 12.9 MB/s
2026-05-20 03:09:52,279 DEBUG   579862528 bytes (580 MB) copied, 45.037143 s, 12.9 MB/s
2026-05-20 03:09:52,279 DEBUG   593494016 bytes (593 MB) copied, 46.151912 s, 12.9 MB/s
2026-05-20 03:09:52,279 DEBUG   606076928 bytes (606 MB) copied, 47.168932 s, 12.8 MB/s
2026-05-20 03:09:52,280 DEBUG   619708416 bytes (620 MB) copied, 48.280848 s, 12.8 MB/s
2026-05-20 03:09:52,280 DEBUG   630194176 bytes (630 MB) copied, 49.291827 s, 12.8 MB/s
2026-05-20 03:09:52,280 DEBUG   642777088 bytes (643 MB) copied, 50.485034 s, 12.7 MB/s
2026-05-20 03:09:52,280 DEBUG   656408576 bytes (656 MB) copied, 51.537907 s, 12.7 MB/s
2026-05-20 03:09:52,280 DEBUG   671088640 bytes (671 MB) copied, 52.554866 s, 12.8 MB/s
2026-05-20 03:09:52,280 DEBUG   684720128 bytes (685 MB) copied, 53.557866 s, 12.8 MB/s
2026-05-20 03:09:52,280 DEBUG   697303040 bytes (697 MB) copied, 54.649368 s, 12.8 MB/s
2026-05-20 03:09:52,280 DEBUG   710934528 bytes (711 MB) copied, 55.728855 s, 12.8 MB/s
2026-05-20 03:09:52,280 DEBUG   727711744 bytes (728 MB) copied, 56.735840 s, 12.8 MB/s
2026-05-20 03:09:52,280 DEBUG   744488960 bytes (744 MB) copied, 57.827285 s, 12.9 MB/s
2026-05-20 03:09:52,280 DEBUG   758120448 bytes (758 MB) copied, 58.847828 s, 12.9 MB/s
2026-05-20 03:09:52,280 DEBUG   773849088 bytes (774 MB) copied, 59.865910 s, 12.9 MB/s
2026-05-20 03:09:52,280 DEBUG   784334848 bytes (784 MB) copied, 60.891899 s, 12.9 MB/s
2026-05-20 03:09:52,280 DEBUG   804257792 bytes (804 MB) copied, 61.960062 s, 13.0 MB/s
2026-05-20 03:09:52,280 DEBUG   815792128 bytes (816 MB) copied, 63.028917 s, 12.9 MB/s
2026-05-20 03:09:52,280 DEBUG   828375040 bytes (828 MB) copied, 64.062835 s, 12.9 MB/s
2026-05-20 03:09:52,280 DEBUG   842006528 bytes (842 MB) copied, 65.163839 s, 12.9 MB/s
2026-05-20 03:09:52,280 DEBUG   853540864 bytes (854 MB) copied, 66.224843 s, 12.9 MB/s
2026-05-20 03:09:52,280 DEBUG   865075200 bytes (865 MB) copied, 67.287937 s, 12.9 MB/s
2026-05-20 03:09:52,280 DEBUG   878706688 bytes (879 MB) copied, 68.416881 s, 12.8 MB/s
2026-05-20 03:09:52,280 DEBUG   891289600 bytes (891 MB) copied, 69.538002 s, 12.8 MB/s
2026-05-20 03:09:52,280 DEBUG   903872512 bytes (904 MB) copied, 70.749976 s, 12.8 MB/s
2026-05-20 03:09:52,280 DEBUG   913309696 bytes (913 MB) copied, 71.791084 s, 12.7 MB/s
2026-05-20 03:09:52,280 DEBUG   926941184 bytes (927 MB) copied, 72.822831 s, 12.7 MB/s
2026-05-20 03:09:52,280 DEBUG   939524096 bytes (940 MB) copied, 73.874885 s, 12.7 MB/s
2026-05-20 03:09:52,280 DEBUG   952107008 bytes (952 MB) copied, 74.938859 s, 12.7 MB/s
2026-05-20 03:09:52,280 DEBUG   964689920 bytes (965 MB) copied, 76.009121 s, 12.7 MB/s
2026-05-20 03:09:52,280 DEBUG   977272832 bytes (977 MB) copied, 77.013934 s, 12.7 MB/s
2026-05-20 03:09:52,280 DEBUG   989855744 bytes (990 MB) copied, 78.016909 s, 12.7 MB/s
2026-05-20 03:09:52,280 DEBUG   1004535808 bytes (1.0 GB) copied, 79.082025 s, 12.7 MB/s
2026-05-20 03:09:52,280 DEBUG   1018167296 bytes (1.0 GB) copied, 80.172230 s, 12.7 MB/s
2026-05-20 03:09:52,280 DEBUG   1028653056 bytes (1.0 GB) copied, 81.205837 s, 12.7 MB/s
2026-05-20 03:09:52,280 DEBUG   1041235968 bytes (1.0 GB) copied, 82.210863 s, 12.7 MB/s
2026-05-20 03:09:52,280 DEBUG   1058013184 bytes (1.1 GB) copied, 83.222885 s, 12.7 MB/s
2026-05-20 03:09:52,280 DEBUG   1068498944 bytes (1.1 GB) copied, 84.358877 s, 12.7 MB/s
2026-05-20 03:09:52,280 DEBUG   1024+0 records in
2026-05-20 03:09:52,280 DEBUG   1024+0 records out
2026-05-20 03:09:52,280 DEBUG   1073741824 bytes (1.1 GB) copied, 84.7675 s, 12.7 MB/s
2026-05-20 03:09:52,280 DEBUG   OK (disk op exit 0)
2026-05-20 03:09:52,280 WARNING Guest disk op wall 87.8s (vm='ahv_ins_delete-0-260514-182012' ip=10.114.48.81 op=create ec=0) — includes SSH + guest disk command; if still high, check guest disk throughput vs. MiB settings.
2026-05-20 03:09:52,281 DEBUG [73/1170] VM e0747ae9… (ahv_ins_delete-0-260514-185807) via 10.114.53.71 op=create
2026-05-20 03:09:52,281 DEBUG   remote: bash -lc 'set -e; _bs(){ printf '"'"'BULK_SNAP_T %s %s\n'"'"' "$1" "$(date +%s.%N 2>/dev/null || date +%s)"; }; _bs guest_start; _bs pipeline_start; openssl enc -aes-256-ctr -pass pass:"testing" -nosalt < /dev/zero 2>/dev/null | dd of=/root/dummy_snapshot_data_1.img bs=1M count=1024 iflag=fullblock status=progress; ec=$?; _bs pipeline_done; _bs guest_end; exit $ec'
2026-05-20 03:09:52,491 DEBUG   BULK_SNAP_T guest_start 1779214118.162010462
2026-05-20 03:09:52,491 DEBUG   BULK_SNAP_T pipeline_start 1779214118.169069891
2026-05-20 03:09:52,491 DEBUG   BULK_SNAP_T pipeline_done 1779214188.820278435
2026-05-20 03:09:52,491 DEBUG   BULK_SNAP_T guest_end 1779214188.838503656
2026-05-20 03:09:52,491 DEBUG   
2026-05-20 03:09:52,492 DEBUG   14680064 bytes (15 MB) copied, 1.127799 s, 13.0 MB/s
2026-05-20 03:09:52,492 DEBUG   31457280 bytes (31 MB) copied, 2.218813 s, 14.2 MB/s
2026-05-20 03:09:52,492 DEBUG   48234496 bytes (48 MB) copied, 3.255805 s, 14.8 MB/s
2026-05-20 03:09:52,492 DEBUG   69206016 bytes (69 MB) copied, 4.272817 s, 16.2 MB/s
2026-05-20 03:09:52,492 DEBUG   87031808 bytes (87 MB) copied, 5.336830 s, 16.3 MB/s
2026-05-20 03:09:52,492 DEBUG   104857600 bytes (105 MB) copied, 6.400790 s, 16.4 MB/s
2026-05-20 03:09:52,492 DEBUG   121634816 bytes (122 MB) copied, 7.410797 s, 16.4 MB/s
2026-05-20 03:09:52,492 DEBUG   136314880 bytes (136 MB) copied, 8.441838 s, 16.1 MB/s
2026-05-20 03:09:52,492 DEBUG   147849216 bytes (148 MB) copied, 9.544805 s, 15.5 MB/s
2026-05-20 03:09:52,492 DEBUG   158334976 bytes (158 MB) copied, 10.551193 s, 15.0 MB/s
2026-05-20 03:09:52,492 DEBUG   169869312 bytes (170 MB) copied, 11.595890 s, 14.6 MB/s
2026-05-20 03:09:52,492 DEBUG   187695104 bytes (188 MB) copied, 12.601285 s, 14.9 MB/s
2026-05-20 03:09:52,492 DEBUG   205520896 bytes (206 MB) copied, 13.610801 s, 15.1 MB/s
2026-05-20 03:09:52,492 DEBUG   220200960 bytes (220 MB) copied, 14.684964 s, 15.0 MB/s
2026-05-20 03:09:52,492 DEBUG   239075328 bytes (239 MB) copied, 15.721788 s, 15.2 MB/s
2026-05-20 03:09:52,492 DEBUG   251658240 bytes (252 MB) copied, 16.838856 s, 14.9 MB/s
2026-05-20 03:09:52,492 DEBUG   273678336 bytes (274 MB) copied, 17.864811 s, 15.3 MB/s
2026-05-20 03:09:52,492 DEBUG   290455552 bytes (290 MB) copied, 18.897797 s, 15.4 MB/s
2026-05-20 03:09:52,492 DEBUG   341835776 bytes (342 MB) copied, 19.960878 s, 17.1 MB/s
2026-05-20 03:09:52,492 DEBUG   354418688 bytes (354 MB) copied, 21.035807 s, 16.8 MB/s
2026-05-20 03:09:52,492 DEBUG   371195904 bytes (371 MB) copied, 22.142063 s, 16.8 MB/s
2026-05-20 03:09:52,492 DEBUG   389021696 bytes (389 MB) copied, 23.143146 s, 16.8 MB/s
2026-05-20 03:09:52,492 DEBUG   402653184 bytes (403 MB) copied, 24.260830 s, 16.6 MB/s
2026-05-20 03:09:52,492 DEBUG   417333248 bytes (417 MB) copied, 25.333840 s, 16.5 MB/s
2026-05-20 03:09:52,492 DEBUG   432013312 bytes (432 MB) copied, 26.375162 s, 16.4 MB/s
2026-05-20 03:09:52,492 DEBUG   446693376 bytes (447 MB) copied, 27.419811 s, 16.3 MB/s
2026-05-20 03:09:52,492 DEBUG   466616320 bytes (467 MB) copied, 28.512856 s, 16.4 MB/s
2026-05-20 03:09:52,492 DEBUG   480247808 bytes (480 MB) copied, 29.533827 s, 16.3 MB/s
2026-05-20 03:09:52,492 DEBUG   494927872 bytes (495 MB) copied, 30.559892 s, 16.2 MB/s
2026-05-20 03:09:52,492 DEBUG   512753664 bytes (513 MB) copied, 31.576253 s, 16.2 MB/s
2026-05-20 03:09:52,492 DEBUG   525336576 bytes (525 MB) copied, 32.584810 s, 16.1 MB/s
2026-05-20 03:09:52,492 DEBUG   540016640 bytes (540 MB) copied, 33.585829 s, 16.1 MB/s
2026-05-20 03:09:52,492 DEBUG   555745280 bytes (556 MB) copied, 34.610855 s, 16.1 MB/s
2026-05-20 03:09:52,492 DEBUG   571473920 bytes (571 MB) copied, 35.657136 s, 16.0 MB/s
2026-05-20 03:09:52,492 DEBUG   588251136 bytes (588 MB) copied, 36.709843 s, 16.0 MB/s
2026-05-20 03:09:52,492 DEBUG   600834048 bytes (601 MB) copied, 37.765786 s, 15.9 MB/s
2026-05-20 03:09:52,492 DEBUG   615514112 bytes (616 MB) copied, 38.784813 s, 15.9 MB/s
2026-05-20 03:09:52,492 DEBUG   632291328 bytes (632 MB) copied, 39.784837 s, 15.9 MB/s
2026-05-20 03:09:52,492 DEBUG   644874240 bytes (645 MB) copied, 40.808827 s, 15.8 MB/s
2026-05-20 03:09:52,492 DEBUG   661651456 bytes (662 MB) copied, 41.921812 s, 15.8 MB/s
2026-05-20 03:09:52,492 DEBUG   672137216 bytes (672 MB) copied, 42.921833 s, 15.7 MB/s
2026-05-20 03:09:52,492 DEBUG   686817280 bytes (687 MB) copied, 43.976805 s, 15.6 MB/s
2026-05-20 03:09:52,492 DEBUG   702545920 bytes (703 MB) copied, 45.006837 s, 15.6 MB/s
2026-05-20 03:09:52,492 DEBUG   718274560 bytes (718 MB) copied, 46.055848 s, 15.6 MB/s
2026-05-20 03:09:52,492 DEBUG   729808896 bytes (730 MB) copied, 47.081836 s, 15.5 MB/s
2026-05-20 03:09:52,492 DEBUG   743440384 bytes (743 MB) copied, 48.146025 s, 15.4 MB/s
2026-05-20 03:09:52,492 DEBUG   769654784 bytes (770 MB) copied, 49.199797 s, 15.6 MB/s
2026-05-20 03:09:52,492 DEBUG   785383424 bytes (785 MB) copied, 50.326174 s, 15.6 MB/s
2026-05-20 03:09:52,492 DEBUG   799014912 bytes (799 MB) copied, 51.386878 s, 15.5 MB/s
2026-05-20 03:09:52,492 DEBUG   815792128 bytes (816 MB) copied, 52.479865 s, 15.5 MB/s
2026-05-20 03:09:52,492 DEBUG   830472192 bytes (830 MB) copied, 53.517815 s, 15.5 MB/s
2026-05-20 03:09:52,492 DEBUG   843055104 bytes (843 MB) copied, 54.616876 s, 15.4 MB/s
2026-05-20 03:09:52,492 DEBUG   856686592 bytes (857 MB) copied, 55.648019 s, 15.4 MB/s
2026-05-20 03:09:52,493 DEBUG   876609536 bytes (877 MB) copied, 56.675825 s, 15.5 MB/s
2026-05-20 03:09:52,493 DEBUG   895483904 bytes (895 MB) copied, 57.726039 s, 15.5 MB/s
2026-05-20 03:09:52,493 DEBUG   914358272 bytes (914 MB) copied, 58.762849 s, 15.6 MB/s
2026-05-20 03:09:52,493 DEBUG   925892608 bytes (926 MB) copied, 59.767854 s, 15.5 MB/s
2026-05-20 03:09:52,493 DEBUG   936378368 bytes (936 MB) copied, 60.846816 s, 15.4 MB/s
2026-05-20 03:09:52,493 DEBUG   950009856 bytes (950 MB) copied, 61.906787 s, 15.3 MB/s
2026-05-20 03:09:52,493 DEBUG   969932800 bytes (970 MB) copied, 62.915076 s, 15.4 MB/s
2026-05-20 03:09:52,493 DEBUG   985661440 bytes (986 MB) copied, 63.971812 s, 15.4 MB/s
2026-05-20 03:09:52,493 DEBUG   1003487232 bytes (1.0 GB) copied, 65.004898 s, 15.4 MB/s
2026-05-20 03:09:52,493 DEBUG   1017118720 bytes (1.0 GB) copied, 66.116974 s, 15.4 MB/s
2026-05-20 03:09:52,493 DEBUG   1034944512 bytes (1.0 GB) copied, 67.229910 s, 15.4 MB/s
2026-05-20 03:09:52,493 DEBUG   1048576000 bytes (1.0 GB) copied, 68.342865 s, 15.3 MB/s
2026-05-20 03:09:52,493 DEBUG   1060110336 bytes (1.1 GB) copied, 69.393842 s, 15.3 MB/s
2026-05-20 03:09:52,493 DEBUG   1073741824 bytes (1.1 GB) copied, 70.453928 s, 15.2 MB/s
2026-05-20 03:09:52,493 DEBUG   1024+0 records in
2026-05-20 03:09:52,493 DEBUG   1024+0 records out
2026-05-20 03:09:52,493 DEBUG   1073741824 bytes (1.1 GB) copied, 70.454 s, 15.2 MB/s
2026-05-20 03:09:52,493 DEBUG   OK (disk op exit 0)
2026-05-20 03:09:52,493 WARNING Guest disk op wall 73.5s (vm='ahv_ins_delete-0-260514-184129' ip=10.114.48.33 op=create ec=0) — includes SSH + guest disk command; if still high, check guest disk throughput vs. MiB settings.
2026-05-20 03:09:52,493 DEBUG [74/1170] VM d85a1c64… (ahv_ins_delete-0-260514-185838) via 10.114.49.137 op=create
2026-05-20 03:09:52,493 DEBUG   remote: bash -lc 'set -e; _bs(){ printf '"'"'BULK_SNAP_T %s %s\n'"'"' "$1" "$(date +%s.%N 2>/dev/null || date +%s)"; }; _bs guest_start; _bs pipeline_start; openssl enc -aes-256-ctr -pass pass:"testing" -nosalt < /dev/zero 2>/dev/null | dd of=/root/dummy_snapshot_data_1.img bs=1M count=1024 iflag=fullblock status=progress; ec=$?; _bs pipeline_done; _bs guest_end; exit $ec'
2026-05-20 03:09:52,527 DEBUG   BULK_SNAP_T guest_start 1779214102.423442151
2026-05-20 03:09:52,527 DEBUG   BULK_SNAP_T pipeline_start 1779214102.430465347
2026-05-20 03:09:52,527 DEBUG   BULK_SNAP_T pipeline_done 1779214188.943055743
2026-05-20 03:09:52,527 DEBUG   BULK_SNAP_T guest_end 1779214188.953174063
2026-05-20 03:09:52,527 DEBUG   
2026-05-20 03:09:52,527 DEBUG   12582912 bytes (13 MB) copied, 1.031863 s, 12.2 MB/s
2026-05-20 03:09:52,527 DEBUG   34603008 bytes (35 MB) copied, 2.129851 s, 16.2 MB/s
2026-05-20 03:09:52,527 DEBUG   52428800 bytes (52 MB) copied, 3.223126 s, 16.3 MB/s
2026-05-20 03:09:52,527 DEBUG   63963136 bytes (64 MB) copied, 4.246956 s, 15.1 MB/s
2026-05-20 03:09:52,527 DEBUG   73400320 bytes (73 MB) copied, 5.379814 s, 13.6 MB/s
2026-05-20 03:09:52,527 DEBUG   83886080 bytes (84 MB) copied, 6.394880 s, 13.1 MB/s
2026-05-20 03:09:52,527 DEBUG   96468992 bytes (96 MB) copied, 7.483941 s, 12.9 MB/s
2026-05-20 03:09:52,527 DEBUG   110100480 bytes (110 MB) copied, 8.564888 s, 12.9 MB/s
2026-05-20 03:09:52,527 DEBUG   123731968 bytes (124 MB) copied, 9.589831 s, 12.9 MB/s
2026-05-20 03:09:52,527 DEBUG   136314880 bytes (136 MB) copied, 10.634871 s, 12.8 MB/s
2026-05-20 03:09:52,527 DEBUG   146800640 bytes (147 MB) copied, 11.726106 s, 12.5 MB/s
2026-05-20 03:09:52,527 DEBUG   158334976 bytes (158 MB) copied, 12.728861 s, 12.4 MB/s
2026-05-20 03:09:52,527 DEBUG   167772160 bytes (168 MB) copied, 13.756867 s, 12.2 MB/s
2026-05-20 03:09:52,528 DEBUG   185597952 bytes (186 MB) copied, 14.766822 s, 12.6 MB/s
2026-05-20 03:09:52,528 DEBUG   205520896 bytes (206 MB) copied, 15.782996 s, 13.0 MB/s
2026-05-20 03:09:52,528 DEBUG   219152384 bytes (219 MB) copied, 16.806867 s, 13.0 MB/s
2026-05-20 03:09:52,528 DEBUG   232783872 bytes (233 MB) copied, 18.102910 s, 12.9 MB/s
2026-05-20 03:09:52,528 DEBUG   242221056 bytes (242 MB) copied, 19.108945 s, 12.7 MB/s
2026-05-20 03:09:52,528 DEBUG   255852544 bytes (256 MB) copied, 20.129870 s, 12.7 MB/s
2026-05-20 03:09:52,528 DEBUG   272629760 bytes (273 MB) copied, 21.158839 s, 12.9 MB/s
2026-05-20 03:09:52,528 DEBUG   284164096 bytes (284 MB) copied, 22.199865 s, 12.8 MB/s
2026-05-20 03:09:52,528 DEBUG   293601280 bytes (294 MB) copied, 23.223853 s, 12.6 MB/s
2026-05-20 03:09:52,528 DEBUG   309329920 bytes (309 MB) copied, 24.294055 s, 12.7 MB/s
2026-05-20 03:09:52,528 DEBUG   321912832 bytes (322 MB) copied, 25.329118 s, 12.7 MB/s
2026-05-20 03:09:52,528 DEBUG   336592896 bytes (337 MB) copied, 26.438915 s, 12.7 MB/s
2026-05-20 03:09:52,528 DEBUG   349175808 bytes (349 MB) copied, 27.514865 s, 12.7 MB/s
2026-05-20 03:09:52,528 DEBUG   365953024 bytes (366 MB) copied, 28.556868 s, 12.8 MB/s
2026-05-20 03:09:52,528 DEBUG   380633088 bytes (381 MB) copied, 29.668012 s, 12.8 MB/s
2026-05-20 03:09:52,528 DEBUG   394264576 bytes (394 MB) copied, 30.721912 s, 12.8 MB/s
2026-05-20 03:09:52,528 DEBUG   407896064 bytes (408 MB) copied, 31.783126 s, 12.8 MB/s
2026-05-20 03:09:52,528 DEBUG   425721856 bytes (426 MB) copied, 32.809835 s, 13.0 MB/s
2026-05-20 03:09:52,528 DEBUG   438304768 bytes (438 MB) copied, 33.902804 s, 12.9 MB/s
2026-05-20 03:09:52,528 DEBUG   450887680 bytes (451 MB) copied, 34.999910 s, 12.9 MB/s
2026-05-20 03:09:52,528 DEBUG   465567744 bytes (466 MB) copied, 36.160874 s, 12.9 MB/s
2026-05-20 03:09:52,528 DEBUG   477102080 bytes (477 MB) copied, 37.277887 s, 12.8 MB/s
2026-05-20 03:09:52,528 DEBUG   487587840 bytes (488 MB) copied, 38.346872 s, 12.7 MB/s
2026-05-20 03:09:52,528 DEBUG   500170752 bytes (500 MB) copied, 39.421907 s, 12.7 MB/s
2026-05-20 03:09:52,528 DEBUG   513802240 bytes (514 MB) copied, 40.564880 s, 12.7 MB/s
2026-05-20 03:09:52,528 DEBUG   524288000 bytes (524 MB) copied, 41.571888 s, 12.6 MB/s
2026-05-20 03:09:52,528 DEBUG   533725184 bytes (534 MB) copied, 42.587860 s, 12.5 MB/s
2026-05-20 03:09:52,528 DEBUG   545259520 bytes (545 MB) copied, 43.600121 s, 12.5 MB/s
2026-05-20 03:09:52,528 DEBUG   559939584 bytes (560 MB) copied, 44.621578 s, 12.5 MB/s
2026-05-20 03:09:52,528 DEBUG   570425344 bytes (570 MB) copied, 45.728857 s, 12.5 MB/s
2026-05-20 03:09:52,528 DEBUG   583008256 bytes (583 MB) copied, 46.732072 s, 12.5 MB/s
2026-05-20 03:09:52,528 DEBUG   595591168 bytes (596 MB) copied, 47.771054 s, 12.5 MB/s
2026-05-20 03:09:52,528 DEBUG   608174080 bytes (608 MB) copied, 48.781877 s, 12.5 MB/s
2026-05-20 03:09:52,528 DEBUG   620756992 bytes (621 MB) copied, 49.793831 s, 12.5 MB/s
2026-05-20 03:09:52,528 DEBUG   635437056 bytes (635 MB) copied, 50.798953 s, 12.5 MB/s
2026-05-20 03:09:52,528 DEBUG   645922816 bytes (646 MB) copied, 51.805818 s, 12.5 MB/s
2026-05-20 03:09:52,528 DEBUG   657457152 bytes (657 MB) copied, 52.899854 s, 12.4 MB/s
2026-05-20 03:09:52,528 DEBUG   668991488 bytes (669 MB) copied, 53.945883 s, 12.4 MB/s
2026-05-20 03:09:52,528 DEBUG   688914432 bytes (689 MB) copied, 54.961822 s, 12.5 MB/s
2026-05-20 03:09:52,528 DEBUG   703594496 bytes (704 MB) copied, 55.996879 s, 12.6 MB/s
2026-05-20 03:09:52,528 DEBUG   716177408 bytes (716 MB) copied, 57.058864 s, 12.6 MB/s
2026-05-20 03:09:52,528 DEBUG   728760320 bytes (729 MB) copied, 58.162804 s, 12.5 MB/s
2026-05-20 03:09:52,528 DEBUG   742391808 bytes (742 MB) copied, 59.172966 s, 12.5 MB/s
2026-05-20 03:09:52,528 DEBUG   754974720 bytes (755 MB) copied, 60.262036 s, 12.5 MB/s
2026-05-20 03:09:52,528 DEBUG   768606208 bytes (769 MB) copied, 61.307984 s, 12.5 MB/s
2026-05-20 03:09:52,528 DEBUG   782237696 bytes (782 MB) copied, 62.394120 s, 12.5 MB/s
2026-05-20 03:09:52,528 DEBUG   794820608 bytes (795 MB) copied, 63.456784 s, 12.5 MB/s
2026-05-20 03:09:52,528 DEBUG   808452096 bytes (808 MB) copied, 64.470277 s, 12.5 MB/s
2026-05-20 03:09:52,528 DEBUG   817889280 bytes (818 MB) copied, 65.497833 s, 12.5 MB/s
2026-05-20 03:09:52,528 DEBUG   830472192 bytes (830 MB) copied, 66.585008 s, 12.5 MB/s
2026-05-20 03:09:52,528 DEBUG   842006528 bytes (842 MB) copied, 67.604893 s, 12.5 MB/s
2026-05-20 03:09:52,529 DEBUG   855638016 bytes (856 MB) copied, 68.649927 s, 12.5 MB/s
2026-05-20 03:09:52,529 DEBUG   870318080 bytes (870 MB) copied, 69.725948 s, 12.5 MB/s
2026-05-20 03:09:52,529 DEBUG   880803840 bytes (881 MB) copied, 70.755407 s, 12.4 MB/s
2026-05-20 03:09:52,529 DEBUG   907018240 bytes (907 MB) copied, 71.770869 s, 12.6 MB/s
2026-05-20 03:09:52,529 DEBUG   917504000 bytes (918 MB) copied, 72.799104 s, 12.6 MB/s
2026-05-20 03:09:52,529 DEBUG   932184064 bytes (932 MB) copied, 73.854867 s, 12.6 MB/s
2026-05-20 03:09:52,529 DEBUG   944766976 bytes (945 MB) copied, 74.914801 s, 12.6 MB/s
2026-05-20 03:09:52,529 DEBUG   957349888 bytes (957 MB) copied, 75.939361 s, 12.6 MB/s
2026-05-20 03:09:52,529 DEBUG   968884224 bytes (969 MB) copied, 76.940515 s, 12.6 MB/s
2026-05-20 03:09:52,529 DEBUG   983564288 bytes (984 MB) copied, 77.961185 s, 12.6 MB/s
2026-05-20 03:09:52,529 DEBUG   994050048 bytes (994 MB) copied, 78.970917 s, 12.6 MB/s
2026-05-20 03:09:52,529 DEBUG   1007681536 bytes (1.0 GB) copied, 80.057002 s, 12.6 MB/s
2026-05-20 03:09:52,529 DEBUG   1020264448 bytes (1.0 GB) copied, 81.129080 s, 12.6 MB/s
2026-05-20 03:09:52,529 DEBUG   1032847360 bytes (1.0 GB) copied, 82.148497 s, 12.6 MB/s
2026-05-20 03:09:52,529 DEBUG   1042284544 bytes (1.0 GB) copied, 83.193884 s, 12.5 MB/s
2026-05-20 03:09:52,529 DEBUG   1053818880 bytes (1.1 GB) copied, 84.208461 s, 12.5 MB/s
2026-05-20 03:09:52,529 DEBUG   1065353216 bytes (1.1 GB) copied, 85.266995 s, 12.5 MB/s
2026-05-20 03:09:52,529 DEBUG   1072693248 bytes (1.1 GB) copied, 86.333899 s, 12.4 MB/s
2026-05-20 03:09:52,529 DEBUG   1024+0 records in
2026-05-20 03:09:52,529 DEBUG   1024+0 records out
2026-05-20 03:09:52,529 DEBUG   1073741824 bytes (1.1 GB) copied, 86.3352 s, 12.4 MB/s
2026-05-20 03:09:52,529 DEBUG   OK (disk op exit 0)
2026-05-20 03:09:52,529 WARNING Guest disk op wall 89.5s (vm='ahv_ins_delete-0-260514-181914' ip=10.114.53.51 op=create ec=0) — includes SSH + guest disk command; if still high, check guest disk throughput vs. MiB settings.
2026-05-20 03:09:52,530 DEBUG [75/1170] VM d12399c7… (ahv_ins_delete-0-260514-185840) via 10.114.51.247 op=create
2026-05-20 03:09:52,530 DEBUG   remote: bash -lc 'set -e; _bs(){ printf '"'"'BULK_SNAP_T %s %s\n'"'"' "$1" "$(date +%s.%N 2>/dev/null || date +%s)"; }; _bs guest_start; _bs pipeline_start; openssl enc -aes-256-ctr -pass pass:"testing" -nosalt < /dev/zero 2>/dev/null | dd of=/root/dummy_snapshot_data_1.img bs=1M count=1024 iflag=fullblock status=progress; ec=$?; _bs pipeline_done; _bs guest_end; exit $ec'
2026-05-20 03:09:52,970 DEBUG   BULK_SNAP_T guest_start 1779214111.610803262
2026-05-20 03:09:52,971 DEBUG   BULK_SNAP_T pipeline_start 1779214111.628445734
2026-05-20 03:09:52,971 DEBUG   BULK_SNAP_T pipeline_done 1779214189.469018528
2026-05-20 03:09:52,971 DEBUG   BULK_SNAP_T guest_end 1779214189.482875945
2026-05-20 03:09:52,971 DEBUG   
2026-05-20 03:09:52,971 DEBUG   13631488 bytes (14 MB) copied, 1.105601 s, 12.3 MB/s
2026-05-20 03:09:52,971 DEBUG   29360128 bytes (29 MB) copied, 2.213570 s, 13.3 MB/s
2026-05-20 03:09:52,971 DEBUG   46137344 bytes (46 MB) copied, 3.218558 s, 14.3 MB/s
2026-05-20 03:09:52,971 DEBUG   61865984 bytes (62 MB) copied, 4.221604 s, 14.7 MB/s
2026-05-20 03:09:52,971 DEBUG   71303168 bytes (71 MB) copied, 5.273585 s, 13.5 MB/s
2026-05-20 03:09:52,971 DEBUG   84934656 bytes (85 MB) copied, 6.320632 s, 13.4 MB/s
2026-05-20 03:09:52,971 DEBUG   100663296 bytes (101 MB) copied, 7.326544 s, 13.7 MB/s
2026-05-20 03:09:52,971 DEBUG   112197632 bytes (112 MB) copied, 8.352503 s, 13.4 MB/s
2026-05-20 03:09:52,971 DEBUG   125829120 bytes (126 MB) copied, 9.393556 s, 13.4 MB/s
2026-05-20 03:09:52,971 DEBUG   140509184 bytes (141 MB) copied, 10.408531 s, 13.5 MB/s
2026-05-20 03:09:52,971 DEBUG   149946368 bytes (150 MB) copied, 11.464568 s, 13.1 MB/s
2026-05-20 03:09:52,971 DEBUG   165675008 bytes (166 MB) copied, 12.470560 s, 13.3 MB/s
2026-05-20 03:09:52,971 DEBUG   179306496 bytes (179 MB) copied, 13.484594 s, 13.3 MB/s
2026-05-20 03:09:52,971 DEBUG   192937984 bytes (193 MB) copied, 14.635733 s, 13.2 MB/s
2026-05-20 03:09:52,971 DEBUG   207618048 bytes (208 MB) copied, 15.822580 s, 13.1 MB/s
2026-05-20 03:09:52,971 DEBUG   220200960 bytes (220 MB) copied, 16.897787 s, 13.0 MB/s
2026-05-20 03:09:52,971 DEBUG   232783872 bytes (233 MB) copied, 17.912603 s, 13.0 MB/s
2026-05-20 03:09:52,971 DEBUG   246415360 bytes (246 MB) copied, 18.916611 s, 13.0 MB/s
2026-05-20 03:09:52,971 DEBUG   262144000 bytes (262 MB) copied, 19.953603 s, 13.1 MB/s
2026-05-20 03:09:52,971 DEBUG   274726912 bytes (275 MB) copied, 20.980561 s, 13.1 MB/s
2026-05-20 03:09:52,971 DEBUG   289406976 bytes (289 MB) copied, 21.982634 s, 13.2 MB/s
2026-05-20 03:09:52,971 DEBUG   305135616 bytes (305 MB) copied, 23.179596 s, 13.2 MB/s
2026-05-20 03:09:52,971 DEBUG   327155712 bytes (327 MB) copied, 24.267520 s, 13.5 MB/s
2026-05-20 03:09:52,971 DEBUG   340787200 bytes (341 MB) copied, 25.407708 s, 13.4 MB/s
2026-05-20 03:09:52,971 DEBUG   353370112 bytes (353 MB) copied, 26.568555 s, 13.3 MB/s
2026-05-20 03:09:52,971 DEBUG   371195904 bytes (371 MB) copied, 27.595593 s, 13.5 MB/s
2026-05-20 03:09:52,971 DEBUG   382730240 bytes (383 MB) copied, 28.680545 s, 13.3 MB/s
2026-05-20 03:09:52,971 DEBUG   393216000 bytes (393 MB) copied, 29.752627 s, 13.2 MB/s
2026-05-20 03:09:52,971 DEBUG   404750336 bytes (405 MB) copied, 30.799588 s, 13.1 MB/s
2026-05-20 03:09:52,971 DEBUG   417333248 bytes (417 MB) copied, 31.918722 s, 13.1 MB/s
2026-05-20 03:09:52,971 DEBUG   433061888 bytes (433 MB) copied, 32.921598 s, 13.2 MB/s
2026-05-20 03:09:52,971 DEBUG   442499072 bytes (442 MB) copied, 34.076524 s, 13.0 MB/s
2026-05-20 03:09:52,971 DEBUG   455081984 bytes (455 MB) copied, 35.104572 s, 13.0 MB/s
2026-05-20 03:09:52,971 DEBUG   467664896 bytes (468 MB) copied, 36.119865 s, 12.9 MB/s
2026-05-20 03:09:52,972 DEBUG   480247808 bytes (480 MB) copied, 37.135546 s, 12.9 MB/s
2026-05-20 03:09:52,972 DEBUG   493879296 bytes (494 MB) copied, 38.211557 s, 12.9 MB/s
2026-05-20 03:09:52,972 DEBUG   508559360 bytes (509 MB) copied, 39.219529 s, 13.0 MB/s
2026-05-20 03:09:52,972 DEBUG   531628032 bytes (532 MB) copied, 40.257543 s, 13.2 MB/s
2026-05-20 03:09:52,972 DEBUG   546308096 bytes (546 MB) copied, 41.438567 s, 13.2 MB/s
2026-05-20 03:09:52,972 DEBUG   559939584 bytes (560 MB) copied, 42.502546 s, 13.2 MB/s
2026-05-20 03:09:52,972 DEBUG   575668224 bytes (576 MB) copied, 43.575578 s, 13.2 MB/s
2026-05-20 03:09:52,972 DEBUG   589299712 bytes (589 MB) copied, 44.706632 s, 13.2 MB/s
2026-05-20 03:09:52,972 DEBUG   607125504 bytes (607 MB) copied, 45.735580 s, 13.3 MB/s
2026-05-20 03:09:52,972 DEBUG   622854144 bytes (623 MB) copied, 46.760569 s, 13.3 MB/s
2026-05-20 03:09:52,972 DEBUG   636485632 bytes (636 MB) copied, 47.833616 s, 13.3 MB/s
2026-05-20 03:09:52,972 DEBUG   654311424 bytes (654 MB) copied, 49.005636 s, 13.4 MB/s
2026-05-20 03:09:52,972 DEBUG   668991488 bytes (669 MB) copied, 50.110529 s, 13.4 MB/s
2026-05-20 03:09:52,972 DEBUG   682622976 bytes (683 MB) copied, 51.116572 s, 13.4 MB/s
2026-05-20 03:09:52,972 DEBUG   697303040 bytes (697 MB) copied, 52.226568 s, 13.4 MB/s
2026-05-20 03:09:52,972 DEBUG   708837376 bytes (709 MB) copied, 53.246525 s, 13.3 MB/s
2026-05-20 03:09:52,972 DEBUG   720371712 bytes (720 MB) copied, 54.264539 s, 13.3 MB/s
2026-05-20 03:09:52,972 DEBUG   742391808 bytes (742 MB) copied, 55.316557 s, 13.4 MB/s
2026-05-20 03:09:52,972 DEBUG   759169024 bytes (759 MB) copied, 56.338504 s, 13.5 MB/s
2026-05-20 03:09:52,972 DEBUG   771751936 bytes (772 MB) copied, 57.436152 s, 13.4 MB/s
2026-05-20 03:09:52,972 DEBUG   787480576 bytes (787 MB) copied, 58.484624 s, 13.5 MB/s
2026-05-20 03:09:52,972 DEBUG   806354944 bytes (806 MB) copied, 59.510558 s, 13.5 MB/s
2026-05-20 03:09:52,972 DEBUG   819986432 bytes (820 MB) copied, 60.568612 s, 13.5 MB/s
2026-05-20 03:09:52,972 DEBUG   832569344 bytes (833 MB) copied, 61.587589 s, 13.5 MB/s
2026-05-20 03:09:52,972 DEBUG   845152256 bytes (845 MB) copied, 62.618535 s, 13.5 MB/s
2026-05-20 03:09:52,972 DEBUG   868220928 bytes (868 MB) copied, 63.632807 s, 13.6 MB/s
2026-05-20 03:09:52,972 DEBUG   882900992 bytes (883 MB) copied, 64.693639 s, 13.6 MB/s
2026-05-20 03:09:52,972 DEBUG   900726784 bytes (901 MB) copied, 65.792541 s, 13.7 MB/s
2026-05-20 03:09:52,972 DEBUG   913309696 bytes (913 MB) copied, 66.802627 s, 13.7 MB/s
2026-05-20 03:09:52,972 DEBUG   924844032 bytes (925 MB) copied, 67.802941 s, 13.6 MB/s
2026-05-20 03:09:52,972 DEBUG   940572672 bytes (941 MB) copied, 68.851541 s, 13.7 MB/s
2026-05-20 03:09:52,972 DEBUG   953155584 bytes (953 MB) copied, 69.920581 s, 13.6 MB/s
2026-05-20 03:09:52,972 DEBUG   967835648 bytes (968 MB) copied, 71.020619 s, 13.6 MB/s
2026-05-20 03:09:52,972 DEBUG   981467136 bytes (981 MB) copied, 72.160730 s, 13.6 MB/s
2026-05-20 03:09:52,972 DEBUG   1009778688 bytes (1.0 GB) copied, 73.161771 s, 13.8 MB/s
2026-05-20 03:09:52,972 DEBUG   1027604480 bytes (1.0 GB) copied, 74.313576 s, 13.8 MB/s
2026-05-20 03:09:52,972 DEBUG   1045430272 bytes (1.0 GB) copied, 75.320970 s, 13.9 MB/s
2026-05-20 03:09:52,972 DEBUG   1056964608 bytes (1.1 GB) copied, 76.384572 s, 13.8 MB/s
2026-05-20 03:09:52,972 DEBUG   1071644672 bytes (1.1 GB) copied, 77.564554 s, 13.8 MB/s
2026-05-20 03:09:52,972 DEBUG   1024+0 records in
2026-05-20 03:09:52,972 DEBUG   1024+0 records out
2026-05-20 03:09:52,972 DEBUG   1073741824 bytes (1.1 GB) copied, 77.6856 s, 13.8 MB/s
2026-05-20 03:09:52,972 DEBUG   OK (disk op exit 0)
2026-05-20 03:09:52,972 WARNING Guest disk op wall 80.0s (vm='ahv_ins_delete-0-260514-183544' ip=10.114.49.170 op=create ec=0) — includes SSH + guest disk command; if still high, check guest disk throughput vs. MiB settings.
2026-05-20 03:09:52,973 DEBUG [76/1170] VM 8f0a6fff… (ahv_ins_delete-0-260514-190346) via 10.114.54.69 op=create
2026-05-20 03:09:52,973 DEBUG   remote: bash -lc 'set -e; _bs(){ printf '"'"'BULK_SNAP_T %s %s\n'"'"' "$1" "$(date +%s.%N 2>/dev/null || date +%s)"; }; _bs guest_start; _bs pipeline_start; openssl enc -aes-256-ctr -pass pass:"testing" -nosalt < /dev/zero 2>/dev/null | dd of=/root/dummy_snapshot_data_1.img bs=1M count=1024 iflag=fullblock status=progress; ec=$?; _bs pipeline_done; _bs guest_end; exit $ec'
2026-05-20 03:09:53,526 DEBUG   BULK_SNAP_T guest_start 1779214108.474035842
2026-05-20 03:09:53,526 DEBUG   BULK_SNAP_T pipeline_start 1779214108.492027942
2026-05-20 03:09:53,526 DEBUG   BULK_SNAP_T pipeline_done 1779214189.565568150
2026-05-20 03:09:53,526 DEBUG   BULK_SNAP_T guest_end 1779214189.589854483
2026-05-20 03:09:53,526 DEBUG   
2026-05-20 03:09:53,526 DEBUG   14680064 bytes (15 MB) copied, 1.020834 s, 14.4 MB/s
2026-05-20 03:09:53,526 DEBUG   28311552 bytes (28 MB) copied, 2.082864 s, 13.6 MB/s
2026-05-20 03:09:53,526 DEBUG   45088768 bytes (45 MB) copied, 3.090944 s, 14.6 MB/s
2026-05-20 03:09:53,526 DEBUG   60817408 bytes (61 MB) copied, 4.155870 s, 14.6 MB/s
2026-05-20 03:09:53,526 DEBUG   74448896 bytes (74 MB) copied, 5.157928 s, 14.4 MB/s
2026-05-20 03:09:53,526 DEBUG   85983232 bytes (86 MB) copied, 6.263939 s, 13.7 MB/s
2026-05-20 03:09:53,526 DEBUG   112197632 bytes (112 MB) copied, 7.312880 s, 15.3 MB/s
2026-05-20 03:09:53,526 DEBUG   122683392 bytes (123 MB) copied, 8.366890 s, 14.7 MB/s
2026-05-20 03:09:53,526 DEBUG   136314880 bytes (136 MB) copied, 9.368862 s, 14.5 MB/s
2026-05-20 03:09:53,526 DEBUG   147849216 bytes (148 MB) copied, 10.376934 s, 14.2 MB/s
2026-05-20 03:09:53,526 DEBUG   161480704 bytes (161 MB) copied, 11.487957 s, 14.1 MB/s
2026-05-20 03:09:53,527 DEBUG   178257920 bytes (178 MB) copied, 12.577895 s, 14.2 MB/s
2026-05-20 03:09:53,527 DEBUG   192937984 bytes (193 MB) copied, 13.644948 s, 14.1 MB/s
2026-05-20 03:09:53,527 DEBUG   206569472 bytes (207 MB) copied, 14.683912 s, 14.1 MB/s
2026-05-20 03:09:53,527 DEBUG   219152384 bytes (219 MB) copied, 15.747969 s, 13.9 MB/s
2026-05-20 03:09:53,527 DEBUG   230686720 bytes (231 MB) copied, 16.752059 s, 13.8 MB/s
2026-05-20 03:09:53,527 DEBUG   249561088 bytes (250 MB) copied, 17.795970 s, 14.0 MB/s
2026-05-20 03:09:53,527 DEBUG   260046848 bytes (260 MB) copied, 18.801866 s, 13.8 MB/s
2026-05-20 03:09:53,527 DEBUG   273678336 bytes (274 MB) copied, 19.949914 s, 13.7 MB/s
2026-05-20 03:09:53,527 DEBUG   287309824 bytes (287 MB) copied, 21.140930 s, 13.6 MB/s
2026-05-20 03:09:53,527 DEBUG   300941312 bytes (301 MB) copied, 22.187880 s, 13.6 MB/s
2026-05-20 03:09:53,527 DEBUG   314572800 bytes (315 MB) copied, 23.217923 s, 13.5 MB/s
2026-05-20 03:09:53,527 DEBUG   328204288 bytes (328 MB) copied, 24.237078 s, 13.5 MB/s
2026-05-20 03:09:53,527 DEBUG   342884352 bytes (343 MB) copied, 25.383864 s, 13.5 MB/s
2026-05-20 03:09:53,527 DEBUG   354418688 bytes (354 MB) copied, 26.500871 s, 13.4 MB/s
2026-05-20 03:09:53,527 DEBUG   370147328 bytes (370 MB) copied, 27.613953 s, 13.4 MB/s
2026-05-20 03:09:53,527 DEBUG   383778816 bytes (384 MB) copied, 28.626016 s, 13.4 MB/s
2026-05-20 03:09:53,527 DEBUG   400556032 bytes (401 MB) copied, 29.820947 s, 13.4 MB/s
2026-05-20 03:09:53,527 DEBUG   412090368 bytes (412 MB) copied, 30.845938 s, 13.4 MB/s
2026-05-20 03:09:53,527 DEBUG   421527552 bytes (422 MB) copied, 31.847232 s, 13.2 MB/s
2026-05-20 03:09:53,527 DEBUG   437256192 bytes (437 MB) copied, 33.012048 s, 13.2 MB/s
2026-05-20 03:09:53,527 DEBUG   448790528 bytes (449 MB) copied, 34.073947 s, 13.2 MB/s
2026-05-20 03:09:53,527 DEBUG   458227712 bytes (458 MB) copied, 35.166912 s, 13.0 MB/s
2026-05-20 03:09:53,527 DEBUG   471859200 bytes (472 MB) copied, 36.245946 s, 13.0 MB/s
2026-05-20 03:09:53,527 DEBUG   484442112 bytes (484 MB) copied, 37.342917 s, 13.0 MB/s
2026-05-20 03:09:53,527 DEBUG   497025024 bytes (497 MB) copied, 38.387861 s, 12.9 MB/s
2026-05-20 03:09:53,527 DEBUG   509607936 bytes (510 MB) copied, 39.426024 s, 12.9 MB/s
2026-05-20 03:09:53,527 DEBUG   523239424 bytes (523 MB) copied, 40.426396 s, 12.9 MB/s
2026-05-20 03:09:53,527 DEBUG   535822336 bytes (536 MB) copied, 41.459046 s, 12.9 MB/s
2026-05-20 03:09:53,527 DEBUG   551550976 bytes (552 MB) copied, 42.519909 s, 13.0 MB/s
2026-05-20 03:09:53,527 DEBUG   567279616 bytes (567 MB) copied, 43.526878 s, 13.0 MB/s
2026-05-20 03:09:53,527 DEBUG   580911104 bytes (581 MB) copied, 44.604890 s, 13.0 MB/s
2026-05-20 03:09:53,527 DEBUG   592445440 bytes (592 MB) copied, 45.678064 s, 13.0 MB/s
2026-05-20 03:09:53,527 DEBUG   607125504 bytes (607 MB) copied, 46.779893 s, 13.0 MB/s
2026-05-20 03:09:53,527 DEBUG   618659840 bytes (619 MB) copied, 47.784939 s, 12.9 MB/s
2026-05-20 03:09:53,527 DEBUG   634388480 bytes (634 MB) copied, 48.800905 s, 13.0 MB/s
2026-05-20 03:09:53,527 DEBUG   649068544 bytes (649 MB) copied, 49.877960 s, 13.0 MB/s
2026-05-20 03:09:53,527 DEBUG   662700032 bytes (663 MB) copied, 51.010900 s, 13.0 MB/s
2026-05-20 03:09:53,527 DEBUG   680525824 bytes (681 MB) copied, 52.056923 s, 13.1 MB/s
2026-05-20 03:09:53,527 DEBUG   692060160 bytes (692 MB) copied, 53.058954 s, 13.0 MB/s
2026-05-20 03:09:53,527 DEBUG   705691648 bytes (706 MB) copied, 54.107891 s, 13.0 MB/s
2026-05-20 03:09:53,527 DEBUG   718274560 bytes (718 MB) copied, 55.149952 s, 13.0 MB/s
2026-05-20 03:09:53,527 DEBUG   736100352 bytes (736 MB) copied, 56.164892 s, 13.1 MB/s
2026-05-20 03:09:53,527 DEBUG   747634688 bytes (748 MB) copied, 57.182881 s, 13.1 MB/s
2026-05-20 03:09:53,527 DEBUG   759169024 bytes (759 MB) copied, 58.245935 s, 13.0 MB/s
2026-05-20 03:09:53,527 DEBUG   770703360 bytes (771 MB) copied, 59.328982 s, 13.0 MB/s
2026-05-20 03:09:53,527 DEBUG   786432000 bytes (786 MB) copied, 60.358340 s, 13.0 MB/s
2026-05-20 03:09:53,527 DEBUG   800063488 bytes (800 MB) copied, 61.384902 s, 13.0 MB/s
2026-05-20 03:09:53,527 DEBUG   812646400 bytes (813 MB) copied, 62.469863 s, 13.0 MB/s
2026-05-20 03:09:53,527 DEBUG   830472192 bytes (830 MB) copied, 63.472918 s, 13.1 MB/s
2026-05-20 03:09:53,527 DEBUG   858783744 bytes (859 MB) copied, 64.488903 s, 13.3 MB/s
2026-05-20 03:09:53,527 DEBUG   872415232 bytes (872 MB) copied, 65.523252 s, 13.3 MB/s
2026-05-20 03:09:53,527 DEBUG   886046720 bytes (886 MB) copied, 66.550911 s, 13.3 MB/s
2026-05-20 03:09:53,527 DEBUG   901775360 bytes (902 MB) copied, 67.563923 s, 13.3 MB/s
2026-05-20 03:09:53,527 DEBUG   913309696 bytes (913 MB) copied, 68.585131 s, 13.3 MB/s
2026-05-20 03:09:53,528 DEBUG   925892608 bytes (926 MB) copied, 69.635006 s, 13.3 MB/s
2026-05-20 03:09:53,528 DEBUG   939524096 bytes (940 MB) copied, 70.751959 s, 13.3 MB/s
2026-05-20 03:09:53,528 DEBUG   951058432 bytes (951 MB) copied, 71.852883 s, 13.2 MB/s
2026-05-20 03:09:53,528 DEBUG   967835648 bytes (968 MB) copied, 72.937868 s, 13.3 MB/s
2026-05-20 03:09:53,528 DEBUG   981467136 bytes (981 MB) copied, 73.946107 s, 13.3 MB/s
2026-05-20 03:09:53,528 DEBUG   996147200 bytes (996 MB) copied, 74.970180 s, 13.3 MB/s
2026-05-20 03:09:53,528 DEBUG   1011875840 bytes (1.0 GB) copied, 76.045899 s, 13.3 MB/s
2026-05-20 03:09:53,528 DEBUG   1027604480 bytes (1.0 GB) copied, 77.084912 s, 13.3 MB/s
2026-05-20 03:09:53,528 DEBUG   1041235968 bytes (1.0 GB) copied, 78.113860 s, 13.3 MB/s
2026-05-20 03:09:53,528 DEBUG   1051721728 bytes (1.1 GB) copied, 79.157078 s, 13.3 MB/s
2026-05-20 03:09:53,528 DEBUG   1065353216 bytes (1.1 GB) copied, 80.248948 s, 13.3 MB/s
2026-05-20 03:09:53,528 DEBUG   1024+0 records in
2026-05-20 03:09:53,528 DEBUG   1024+0 records out
2026-05-20 03:09:53,528 DEBUG   1073741824 bytes (1.1 GB) copied, 80.7725 s, 13.3 MB/s
2026-05-20 03:09:53,528 DEBUG   OK (disk op exit 0)
2026-05-20 03:09:53,528 WARNING Guest disk op wall 83.5s (vm='ahv_ins_delete-0-260514-183534' ip=10.114.50.246 op=create ec=0) — includes SSH + guest disk command; if still high, check guest disk throughput vs. MiB settings.
2026-05-20 03:09:53,528 DEBUG [77/1170] VM d20c362f… (ahv_ins_delete-0-260514-190347) via 10.114.51.63 op=create
2026-05-20 03:09:53,529 DEBUG   remote: bash -lc 'set -e; _bs(){ printf '"'"'BULK_SNAP_T %s %s\n'"'"' "$1" "$(date +%s.%N 2>/dev/null || date +%s)"; }; _bs guest_start; _bs pipeline_start; openssl enc -aes-256-ctr -pass pass:"testing" -nosalt < /dev/zero 2>/dev/null | dd of=/root/dummy_snapshot_data_1.img bs=1M count=1024 iflag=fullblock status=progress; ec=$?; _bs pipeline_done; _bs guest_end; exit $ec'
2026-05-20 03:09:53,741 DEBUG   BULK_SNAP_T guest_start 1779214105.719013279
2026-05-20 03:09:53,741 DEBUG   BULK_SNAP_T pipeline_start 1779214105.727150567
2026-05-20 03:09:53,741 DEBUG   BULK_SNAP_T pipeline_done 1779214190.681045412
2026-05-20 03:09:53,741 DEBUG   BULK_SNAP_T guest_end 1779214190.693856787
2026-05-20 03:09:53,741 DEBUG   
2026-05-20 03:09:53,742 DEBUG   10485760 bytes (10 MB) copied, 1.042051 s, 10.1 MB/s
2026-05-20 03:09:53,742 DEBUG   28311552 bytes (28 MB) copied, 2.233021 s, 12.7 MB/s
2026-05-20 03:09:53,742 DEBUG   48234496 bytes (48 MB) copied, 3.389106 s, 14.2 MB/s
2026-05-20 03:09:53,742 DEBUG   70254592 bytes (70 MB) copied, 4.484056 s, 15.7 MB/s
2026-05-20 03:09:53,742 DEBUG   84934656 bytes (85 MB) copied, 5.554981 s, 15.3 MB/s
2026-05-20 03:09:53,742 DEBUG   103809024 bytes (104 MB) copied, 6.646068 s, 15.6 MB/s
2026-05-20 03:09:53,742 DEBUG   118489088 bytes (118 MB) copied, 7.663098 s, 15.5 MB/s
2026-05-20 03:09:53,742 DEBUG   133169152 bytes (133 MB) copied, 8.677192 s, 15.3 MB/s
2026-05-20 03:09:53,742 DEBUG   145752064 bytes (146 MB) copied, 9.800173 s, 14.9 MB/s
2026-05-20 03:09:53,742 DEBUG   156237824 bytes (156 MB) copied, 10.883023 s, 14.4 MB/s
2026-05-20 03:09:53,742 DEBUG   166723584 bytes (167 MB) copied, 11.993040 s, 13.9 MB/s
2026-05-20 03:09:53,742 DEBUG   180355072 bytes (180 MB) copied, 13.045074 s, 13.8 MB/s
2026-05-20 03:09:53,742 DEBUG   195035136 bytes (195 MB) copied, 14.066088 s, 13.9 MB/s
2026-05-20 03:09:53,742 DEBUG   207618048 bytes (208 MB) copied, 15.090048 s, 13.8 MB/s
2026-05-20 03:09:53,742 DEBUG   222298112 bytes (222 MB) copied, 16.122030 s, 13.8 MB/s
2026-05-20 03:09:53,742 DEBUG   236978176 bytes (237 MB) copied, 17.303323 s, 13.7 MB/s
2026-05-20 03:09:53,742 DEBUG   250609664 bytes (251 MB) copied, 18.320192 s, 13.7 MB/s
2026-05-20 03:09:53,742 DEBUG   264241152 bytes (264 MB) copied, 19.359049 s, 13.6 MB/s
2026-05-20 03:09:53,742 DEBUG   274726912 bytes (275 MB) copied, 20.381007 s, 13.5 MB/s
2026-05-20 03:09:53,742 DEBUG   286261248 bytes (286 MB) copied, 21.390017 s, 13.4 MB/s
2026-05-20 03:09:53,742 DEBUG   309329920 bytes (309 MB) copied, 22.440050 s, 13.8 MB/s
2026-05-20 03:09:53,742 DEBUG   320864256 bytes (321 MB) copied, 23.448054 s, 13.7 MB/s
2026-05-20 03:09:53,742 DEBUG   339738624 bytes (340 MB) copied, 24.634139 s, 13.8 MB/s
2026-05-20 03:09:53,742 DEBUG   355467264 bytes (355 MB) copied, 25.637064 s, 13.9 MB/s
2026-05-20 03:09:53,742 DEBUG   369098752 bytes (369 MB) copied, 26.652011 s, 13.8 MB/s
2026-05-20 03:09:53,742 DEBUG   381681664 bytes (382 MB) copied, 27.712086 s, 13.8 MB/s
2026-05-20 03:09:53,742 DEBUG   396361728 bytes (396 MB) copied, 28.822224 s, 13.8 MB/s
2026-05-20 03:09:53,742 DEBUG   411041792 bytes (411 MB) copied, 29.831295 s, 13.8 MB/s
2026-05-20 03:09:53,742 DEBUG   423624704 bytes (424 MB) copied, 30.870320 s, 13.7 MB/s
2026-05-20 03:09:53,742 DEBUG   447741952 bytes (448 MB) copied, 31.928074 s, 14.0 MB/s
2026-05-20 03:09:53,742 DEBUG   459276288 bytes (459 MB) copied, 33.182119 s, 13.8 MB/s
2026-05-20 03:09:53,742 DEBUG   473956352 bytes (474 MB) copied, 34.222419 s, 13.8 MB/s
2026-05-20 03:09:53,742 DEBUG   489684992 bytes (490 MB) copied, 35.261380 s, 13.9 MB/s
2026-05-20 03:09:53,742 DEBUG   502267904 bytes (502 MB) copied, 36.309042 s, 13.8 MB/s
2026-05-20 03:09:53,742 DEBUG   514850816 bytes (515 MB) copied, 37.383142 s, 13.8 MB/s
2026-05-20 03:09:53,742 DEBUG   526385152 bytes (526 MB) copied, 38.433178 s, 13.7 MB/s
2026-05-20 03:09:53,742 DEBUG   536870912 bytes (537 MB) copied, 39.472097 s, 13.6 MB/s
2026-05-20 03:09:53,742 DEBUG   548405248 bytes (548 MB) copied, 40.478057 s, 13.5 MB/s
2026-05-20 03:09:53,742 DEBUG   563085312 bytes (563 MB) copied, 41.530728 s, 13.6 MB/s
2026-05-20 03:09:53,742 DEBUG   575668224 bytes (576 MB) copied, 42.539099 s, 13.5 MB/s
2026-05-20 03:09:53,742 DEBUG   587202560 bytes (587 MB) copied, 43.563087 s, 13.5 MB/s
2026-05-20 03:09:53,742 DEBUG   599785472 bytes (600 MB) copied, 44.598071 s, 13.4 MB/s
2026-05-20 03:09:53,742 DEBUG   611319808 bytes (611 MB) copied, 45.711204 s, 13.4 MB/s
2026-05-20 03:09:53,742 DEBUG   623902720 bytes (624 MB) copied, 46.845133 s, 13.3 MB/s
2026-05-20 03:09:53,742 DEBUG   634388480 bytes (634 MB) copied, 47.853057 s, 13.3 MB/s
2026-05-20 03:09:53,742 DEBUG   646971392 bytes (647 MB) copied, 48.861547 s, 13.2 MB/s
2026-05-20 03:09:53,742 DEBUG   658505728 bytes (659 MB) copied, 49.926073 s, 13.2 MB/s
2026-05-20 03:09:53,742 DEBUG   671088640 bytes (671 MB) copied, 50.940032 s, 13.2 MB/s
2026-05-20 03:09:53,742 DEBUG   682622976 bytes (683 MB) copied, 52.044017 s, 13.1 MB/s
2026-05-20 03:09:53,742 DEBUG   695205888 bytes (695 MB) copied, 53.060209 s, 13.1 MB/s
2026-05-20 03:09:53,743 DEBUG   706740224 bytes (707 MB) copied, 54.116010 s, 13.1 MB/s
2026-05-20 03:09:53,743 DEBUG   722468864 bytes (722 MB) copied, 55.175110 s, 13.1 MB/s
2026-05-20 03:09:53,743 DEBUG   735051776 bytes (735 MB) copied, 56.267092 s, 13.1 MB/s
2026-05-20 03:09:53,743 DEBUG   747634688 bytes (748 MB) copied, 57.330986 s, 13.0 MB/s
2026-05-20 03:09:53,743 DEBUG   759169024 bytes (759 MB) copied, 58.371174 s, 13.0 MB/s
2026-05-20 03:09:53,743 DEBUG   773849088 bytes (774 MB) copied, 59.400115 s, 13.0 MB/s
2026-05-20 03:09:53,743 DEBUG   783286272 bytes (783 MB) copied, 60.444451 s, 13.0 MB/s
2026-05-20 03:09:53,743 DEBUG   793772032 bytes (794 MB) copied, 61.460078 s, 12.9 MB/s
2026-05-20 03:09:53,743 DEBUG   813694976 bytes (814 MB) copied, 62.559615 s, 13.0 MB/s
2026-05-20 03:09:53,743 DEBUG   827326464 bytes (827 MB) copied, 63.640090 s, 13.0 MB/s
2026-05-20 03:09:53,743 DEBUG   842006528 bytes (842 MB) copied, 64.685246 s, 13.0 MB/s
2026-05-20 03:09:53,743 DEBUG   856686592 bytes (857 MB) copied, 65.700584 s, 13.0 MB/s
2026-05-20 03:09:53,743 DEBUG   868220928 bytes (868 MB) copied, 66.882100 s, 13.0 MB/s
2026-05-20 03:09:53,743 DEBUG   884998144 bytes (885 MB) copied, 67.886204 s, 13.0 MB/s
2026-05-20 03:09:53,743 DEBUG   896532480 bytes (897 MB) copied, 68.913047 s, 13.0 MB/s
2026-05-20 03:09:53,743 DEBUG   907018240 bytes (907 MB) copied, 70.069024 s, 12.9 MB/s
2026-05-20 03:09:53,743 DEBUG   922746880 bytes (923 MB) copied, 71.082516 s, 13.0 MB/s
2026-05-20 03:09:53,743 DEBUG   933232640 bytes (933 MB) copied, 72.099173 s, 12.9 MB/s
2026-05-20 03:09:53,743 DEBUG   951058432 bytes (951 MB) copied, 73.233022 s, 13.0 MB/s
2026-05-20 03:09:53,743 DEBUG   959447040 bytes (959 MB) copied, 74.258269 s, 12.9 MB/s
2026-05-20 03:09:53,743 DEBUG   972029952 bytes (972 MB) copied, 75.276377 s, 12.9 MB/s
2026-05-20 03:09:53,743 DEBUG   984612864 bytes (985 MB) copied, 76.380042 s, 12.9 MB/s
2026-05-20 03:09:53,743 DEBUG   998244352 bytes (998 MB) copied, 77.521090 s, 12.9 MB/s
2026-05-20 03:09:53,743 DEBUG   1009778688 bytes (1.0 GB) copied, 78.593024 s, 12.8 MB/s
2026-05-20 03:09:53,743 DEBUG   1019215872 bytes (1.0 GB) copied, 79.608992 s, 12.8 MB/s
2026-05-20 03:09:53,743 DEBUG   1030750208 bytes (1.0 GB) copied, 80.701019 s, 12.8 MB/s
2026-05-20 03:09:53,743 DEBUG   1042284544 bytes (1.0 GB) copied, 81.789994 s, 12.7 MB/s
2026-05-20 03:09:53,743 DEBUG   1056964608 bytes (1.1 GB) copied, 82.806092 s, 12.8 MB/s
2026-05-20 03:09:53,743 DEBUG   1065353216 bytes (1.1 GB) copied, 83.879011 s, 12.7 MB/s
2026-05-20 03:09:53,743 DEBUG   1024+0 records in
2026-05-20 03:09:53,743 DEBUG   1024+0 records out
2026-05-20 03:09:53,743 DEBUG   1073741824 bytes (1.1 GB) copied, 84.7733 s, 12.7 MB/s
2026-05-20 03:09:53,743 DEBUG   OK (disk op exit 0)
2026-05-20 03:09:53,743 WARNING Guest disk op wall 88.0s (vm='ahv_ins_delete-0-260514-182542' ip=10.114.52.53 op=create ec=0) — includes SSH + guest disk command; if still high, check guest disk throughput vs. MiB settings.
2026-05-20 03:09:53,744 DEBUG [78/1170] VM d3265fac… (ahv_ins_delete-0-260514-190352) via 10.114.51.8 op=create
2026-05-20 03:09:53,744 DEBUG   remote: bash -lc 'set -e; _bs(){ printf '"'"'BULK_SNAP_T %s %s\n'"'"' "$1" "$(date +%s.%N 2>/dev/null || date +%s)"; }; _bs guest_start; _bs pipeline_start; openssl enc -aes-256-ctr -pass pass:"testing" -nosalt < /dev/zero 2>/dev/null | dd of=/root/dummy_snapshot_data_1.img bs=1M count=1024 iflag=fullblock status=progress; ec=$?; _bs pipeline_done; _bs guest_end; exit $ec'
2026-05-20 03:09:54,523 DEBUG   BULK_SNAP_T guest_start 1779214103.140492692
2026-05-20 03:09:54,523 DEBUG   BULK_SNAP_T pipeline_start 1779214103.156570568
2026-05-20 03:09:54,523 DEBUG   BULK_SNAP_T pipeline_done 1779214190.466216677
2026-05-20 03:09:54,523 DEBUG   BULK_SNAP_T guest_end 1779214190.476329351
2026-05-20 03:09:54,523 DEBUG   
2026-05-20 03:09:54,523 DEBUG   13631488 bytes (14 MB) copied, 1.110851 s, 12.3 MB/s
2026-05-20 03:09:54,523 DEBUG   30408704 bytes (30 MB) copied, 2.220761 s, 13.7 MB/s
2026-05-20 03:09:54,523 DEBUG   41943040 bytes (42 MB) copied, 3.253823 s, 12.9 MB/s
2026-05-20 03:09:54,523 DEBUG   53477376 bytes (53 MB) copied, 4.279784 s, 12.5 MB/s
2026-05-20 03:09:54,523 DEBUG   67108864 bytes (67 MB) copied, 5.390891 s, 12.4 MB/s
2026-05-20 03:09:54,523 DEBUG   80740352 bytes (81 MB) copied, 6.425777 s, 12.6 MB/s
2026-05-20 03:09:54,523 DEBUG   94371840 bytes (94 MB) copied, 7.452713 s, 12.7 MB/s
2026-05-20 03:09:54,523 DEBUG   111149056 bytes (111 MB) copied, 8.589782 s, 12.9 MB/s
2026-05-20 03:09:54,523 DEBUG   124780544 bytes (125 MB) copied, 9.708862 s, 12.9 MB/s
2026-05-20 03:09:54,523 DEBUG   139460608 bytes (139 MB) copied, 10.815670 s, 12.9 MB/s
2026-05-20 03:09:54,523 DEBUG   147849216 bytes (148 MB) copied, 11.899715 s, 12.4 MB/s
2026-05-20 03:09:54,523 DEBUG   169869312 bytes (170 MB) copied, 13.112962 s, 13.0 MB/s
2026-05-20 03:09:54,523 DEBUG   184549376 bytes (185 MB) copied, 14.169772 s, 13.0 MB/s
2026-05-20 03:09:54,523 DEBUG   193986560 bytes (194 MB) copied, 15.191773 s, 12.8 MB/s
2026-05-20 03:09:54,523 DEBUG   205520896 bytes (206 MB) copied, 16.328771 s, 12.6 MB/s
2026-05-20 03:09:54,523 DEBUG   219152384 bytes (219 MB) copied, 17.385778 s, 12.6 MB/s
2026-05-20 03:09:54,523 DEBUG   231735296 bytes (232 MB) copied, 18.412735 s, 12.6 MB/s
2026-05-20 03:09:54,523 DEBUG   245366784 bytes (245 MB) copied, 19.476728 s, 12.6 MB/s
2026-05-20 03:09:54,523 DEBUG   262144000 bytes (262 MB) copied, 20.530954 s, 12.8 MB/s
2026-05-20 03:09:54,523 DEBUG   274726912 bytes (275 MB) copied, 21.616742 s, 12.7 MB/s
2026-05-20 03:09:54,523 DEBUG   284164096 bytes (284 MB) copied, 22.620746 s, 12.6 MB/s
2026-05-20 03:09:54,523 DEBUG   296747008 bytes (297 MB) copied, 23.780744 s, 12.5 MB/s
2026-05-20 03:09:54,523 DEBUG   308281344 bytes (308 MB) copied, 24.891720 s, 12.4 MB/s
2026-05-20 03:09:54,523 DEBUG   321912832 bytes (322 MB) copied, 25.936739 s, 12.4 MB/s
2026-05-20 03:09:54,523 DEBUG   332398592 bytes (332 MB) copied, 27.007863 s, 12.3 MB/s
2026-05-20 03:09:54,523 DEBUG   348127232 bytes (348 MB) copied, 28.069067 s, 12.4 MB/s
2026-05-20 03:09:54,523 DEBUG   359661568 bytes (360 MB) copied, 29.100724 s, 12.4 MB/s
2026-05-20 03:09:54,523 DEBUG   374341632 bytes (374 MB) copied, 30.193783 s, 12.4 MB/s
2026-05-20 03:09:54,523 DEBUG   386924544 bytes (387 MB) copied, 31.198686 s, 12.4 MB/s
2026-05-20 03:09:54,523 DEBUG   398458880 bytes (398 MB) copied, 32.224696 s, 12.4 MB/s
2026-05-20 03:09:54,524 DEBUG   409993216 bytes (410 MB) copied, 33.267734 s, 12.3 MB/s
2026-05-20 03:09:54,524 DEBUG   424673280 bytes (425 MB) copied, 34.418862 s, 12.3 MB/s
2026-05-20 03:09:54,524 DEBUG   436207616 bytes (436 MB) copied, 35.601709 s, 12.3 MB/s
2026-05-20 03:09:54,524 DEBUG   450887680 bytes (451 MB) copied, 36.663697 s, 12.3 MB/s
2026-05-20 03:09:54,524 DEBUG   462422016 bytes (462 MB) copied, 37.721692 s, 12.3 MB/s
2026-05-20 03:09:54,524 DEBUG   471859200 bytes (472 MB) copied, 38.735752 s, 12.2 MB/s
2026-05-20 03:09:54,524 DEBUG   485490688 bytes (485 MB) copied, 39.779788 s, 12.2 MB/s
2026-05-20 03:09:54,524 DEBUG   497025024 bytes (497 MB) copied, 40.793402 s, 12.2 MB/s
2026-05-20 03:09:54,524 DEBUG   510656512 bytes (511 MB) copied, 41.836750 s, 12.2 MB/s
2026-05-20 03:09:54,524 DEBUG   526385152 bytes (526 MB) copied, 42.860726 s, 12.3 MB/s
2026-05-20 03:09:54,524 DEBUG   544210944 bytes (544 MB) copied, 43.881175 s, 12.4 MB/s
2026-05-20 03:09:54,524 DEBUG   557842432 bytes (558 MB) copied, 44.965721 s, 12.4 MB/s
2026-05-20 03:09:54,524 DEBUG   568328192 bytes (568 MB) copied, 46.063807 s, 12.3 MB/s
2026-05-20 03:09:54,524 DEBUG   581959680 bytes (582 MB) copied, 47.069834 s, 12.4 MB/s
2026-05-20 03:09:54,524 DEBUG   593494016 bytes (593 MB) copied, 48.130730 s, 12.3 MB/s
2026-05-20 03:09:54,524 DEBUG   605028352 bytes (605 MB) copied, 49.155758 s, 12.3 MB/s
2026-05-20 03:09:54,524 DEBUG   616562688 bytes (617 MB) copied, 50.391871 s, 12.2 MB/s
2026-05-20 03:09:54,524 DEBUG   628097024 bytes (628 MB) copied, 51.427730 s, 12.2 MB/s
2026-05-20 03:09:54,524 DEBUG   648019968 bytes (648 MB) copied, 52.627890 s, 12.3 MB/s
2026-05-20 03:09:54,524 DEBUG   659554304 bytes (660 MB) copied, 53.651779 s, 12.3 MB/s
2026-05-20 03:09:54,524 DEBUG   672137216 bytes (672 MB) copied, 54.698645 s, 12.3 MB/s
2026-05-20 03:09:54,524 DEBUG   684720128 bytes (685 MB) copied, 55.701787 s, 12.3 MB/s
2026-05-20 03:09:54,524 DEBUG   700448768 bytes (700 MB) copied, 56.810690 s, 12.3 MB/s
2026-05-20 03:09:54,524 DEBUG   716177408 bytes (716 MB) copied, 57.832743 s, 12.4 MB/s
2026-05-20 03:09:54,524 DEBUG   726663168 bytes (727 MB) copied, 58.890698 s, 12.3 MB/s
2026-05-20 03:09:54,524 DEBUG   741343232 bytes (741 MB) copied, 59.994773 s, 12.4 MB/s
2026-05-20 03:09:54,524 DEBUG   753926144 bytes (754 MB) copied, 61.051785 s, 12.3 MB/s
2026-05-20 03:09:54,524 DEBUG   774897664 bytes (775 MB) copied, 62.174011 s, 12.5 MB/s
2026-05-20 03:09:54,524 DEBUG   794820608 bytes (795 MB) copied, 63.310672 s, 12.6 MB/s
2026-05-20 03:09:54,524 DEBUG   806354944 bytes (806 MB) copied, 64.430884 s, 12.5 MB/s
2026-05-20 03:09:54,524 DEBUG   819986432 bytes (820 MB) copied, 65.443349 s, 12.5 MB/s
2026-05-20 03:09:54,524 DEBUG   845152256 bytes (845 MB) copied, 66.533723 s, 12.7 MB/s
2026-05-20 03:09:54,524 DEBUG   856686592 bytes (857 MB) copied, 67.561715 s, 12.7 MB/s
2026-05-20 03:09:54,524 DEBUG   867172352 bytes (867 MB) copied, 68.634682 s, 12.6 MB/s
2026-05-20 03:09:54,524 DEBUG   881852416 bytes (882 MB) copied, 69.719979 s, 12.6 MB/s
2026-05-20 03:09:54,524 DEBUG   893386752 bytes (893 MB) copied, 70.864098 s, 12.6 MB/s
2026-05-20 03:09:54,524 DEBUG   905969664 bytes (906 MB) copied, 72.006013 s, 12.6 MB/s
2026-05-20 03:09:54,524 DEBUG   918552576 bytes (919 MB) copied, 73.069751 s, 12.6 MB/s
2026-05-20 03:09:54,524 DEBUG   932184064 bytes (932 MB) copied, 74.137043 s, 12.6 MB/s
2026-05-20 03:09:54,524 DEBUG   943718400 bytes (944 MB) copied, 75.314707 s, 12.5 MB/s
2026-05-20 03:09:54,524 DEBUG   956301312 bytes (956 MB) copied, 76.322798 s, 12.5 MB/s
2026-05-20 03:09:54,524 DEBUG   967835648 bytes (968 MB) copied, 77.442009 s, 12.5 MB/s
2026-05-20 03:09:54,524 DEBUG   979369984 bytes (979 MB) copied, 78.487700 s, 12.5 MB/s
2026-05-20 03:09:54,524 DEBUG   990904320 bytes (991 MB) copied, 79.510972 s, 12.5 MB/s
2026-05-20 03:09:54,524 DEBUG   1002438656 bytes (1.0 GB) copied, 80.534272 s, 12.4 MB/s
2026-05-20 03:09:54,524 DEBUG   1015021568 bytes (1.0 GB) copied, 81.587789 s, 12.4 MB/s
2026-05-20 03:09:54,524 DEBUG   1027604480 bytes (1.0 GB) copied, 82.691718 s, 12.4 MB/s
2026-05-20 03:09:54,524 DEBUG   1038090240 bytes (1.0 GB) copied, 83.779985 s, 12.4 MB/s
2026-05-20 03:09:54,525 DEBUG   1047527424 bytes (1.0 GB) copied, 84.809872 s, 12.4 MB/s
2026-05-20 03:09:54,525 DEBUG   1063256064 bytes (1.1 GB) copied, 85.959699 s, 12.4 MB/s
2026-05-20 03:09:54,525 DEBUG   1073741824 bytes (1.1 GB) copied, 87.022748 s, 12.3 MB/s
2026-05-20 03:09:54,525 DEBUG   1024+0 records in
2026-05-20 03:09:54,525 DEBUG   1024+0 records out
2026-05-20 03:09:54,525 DEBUG   1073741824 bytes (1.1 GB) copied, 87.0228 s, 12.3 MB/s
2026-05-20 03:09:54,525 DEBUG   OK (disk op exit 0)
2026-05-20 03:09:54,525 WARNING Guest disk op wall 90.5s (vm='ahv_ins_delete-0-260514-181933' ip=10.114.51.10 op=create ec=0) — includes SSH + guest disk command; if still high, check guest disk throughput vs. MiB settings.
2026-05-20 03:09:54,525 DEBUG [79/1170] VM bae249de… (ahv_ins_delete-0-260514-190402) via 10.114.50.102 op=create
2026-05-20 03:09:54,525 DEBUG   remote: bash -lc 'set -e; _bs(){ printf '"'"'BULK_SNAP_T %s %s\n'"'"' "$1" "$(date +%s.%N 2>/dev/null || date +%s)"; }; _bs guest_start; _bs pipeline_start; openssl enc -aes-256-ctr -pass pass:"testing" -nosalt < /dev/zero 2>/dev/null | dd of=/root/dummy_snapshot_data_1.img bs=1M count=1024 iflag=fullblock status=progress; ec=$?; _bs pipeline_done; _bs guest_end; exit $ec'
2026-05-20 03:09:55,265 DEBUG   BULK_SNAP_T guest_start 1779214103.524294394
2026-05-20 03:09:55,266 DEBUG   BULK_SNAP_T pipeline_start 1779214103.530863059
2026-05-20 03:09:55,266 DEBUG   BULK_SNAP_T pipeline_done 1779214191.198354944
2026-05-20 03:09:55,266 DEBUG   BULK_SNAP_T guest_end 1779214191.210441297
2026-05-20 03:09:55,266 DEBUG   
2026-05-20 03:09:55,266 DEBUG   15728640 bytes (16 MB) copied, 1.040903 s, 15.1 MB/s
2026-05-20 03:09:55,266 DEBUG   33554432 bytes (34 MB) copied, 2.063852 s, 16.3 MB/s
2026-05-20 03:09:55,266 DEBUG   47185920 bytes (47 MB) copied, 3.149968 s, 15.0 MB/s
2026-05-20 03:09:55,266 DEBUG   62914560 bytes (63 MB) copied, 4.183897 s, 15.0 MB/s
2026-05-20 03:09:55,266 DEBUG   75497472 bytes (75 MB) copied, 5.199857 s, 14.5 MB/s
2026-05-20 03:09:55,266 DEBUG   91226112 bytes (91 MB) copied, 6.327059 s, 14.4 MB/s
2026-05-20 03:09:55,266 DEBUG   104857600 bytes (105 MB) copied, 7.343872 s, 14.3 MB/s
2026-05-20 03:09:55,266 DEBUG   119537664 bytes (120 MB) copied, 8.366876 s, 14.3 MB/s
2026-05-20 03:09:55,266 DEBUG   134217728 bytes (134 MB) copied, 9.384978 s, 14.3 MB/s
2026-05-20 03:09:55,266 DEBUG   147849216 bytes (148 MB) copied, 10.508915 s, 14.1 MB/s
2026-05-20 03:09:55,266 DEBUG   158334976 bytes (158 MB) copied, 11.633132 s, 13.6 MB/s
2026-05-20 03:09:55,266 DEBUG   170917888 bytes (171 MB) copied, 12.769914 s, 13.4 MB/s
2026-05-20 03:09:55,266 DEBUG   187695104 bytes (188 MB) copied, 13.801869 s, 13.6 MB/s
2026-05-20 03:09:55,266 DEBUG   198180864 bytes (198 MB) copied, 14.868851 s, 13.3 MB/s
2026-05-20 03:09:55,266 DEBUG   214958080 bytes (215 MB) copied, 15.914872 s, 13.5 MB/s
2026-05-20 03:09:55,266 DEBUG   228589568 bytes (229 MB) copied, 16.958874 s, 13.5 MB/s
2026-05-20 03:09:55,266 DEBUG   244318208 bytes (244 MB) copied, 18.030892 s, 13.5 MB/s
2026-05-20 03:09:55,266 DEBUG   256901120 bytes (257 MB) copied, 19.173849 s, 13.4 MB/s
2026-05-20 03:09:55,266 DEBUG   269484032 bytes (269 MB) copied, 20.307878 s, 13.3 MB/s
2026-05-20 03:09:55,266 DEBUG   286261248 bytes (286 MB) copied, 21.330193 s, 13.4 MB/s
2026-05-20 03:09:55,266 DEBUG   297795584 bytes (298 MB) copied, 22.429847 s, 13.3 MB/s
2026-05-20 03:09:55,266 DEBUG   309329920 bytes (309 MB) copied, 23.502884 s, 13.2 MB/s
2026-05-20 03:09:55,266 DEBUG   325058560 bytes (325 MB) copied, 24.634924 s, 13.2 MB/s
2026-05-20 03:09:55,266 DEBUG   339738624 bytes (340 MB) copied, 25.639935 s, 13.3 MB/s
2026-05-20 03:09:55,266 DEBUG   350224384 bytes (350 MB) copied, 26.649815 s, 13.1 MB/s
2026-05-20 03:09:55,266 DEBUG   365953024 bytes (366 MB) copied, 27.666891 s, 13.2 MB/s
2026-05-20 03:09:55,266 DEBUG   377487360 bytes (377 MB) copied, 28.689013 s, 13.2 MB/s
2026-05-20 03:09:55,266 DEBUG   392167424 bytes (392 MB) copied, 29.696912 s, 13.2 MB/s
2026-05-20 03:09:55,266 DEBUG   403701760 bytes (404 MB) copied, 30.707981 s, 13.1 MB/s
2026-05-20 03:09:55,266 DEBUG   417333248 bytes (417 MB) copied, 31.751141 s, 13.1 MB/s
2026-05-20 03:09:55,266 DEBUG   428867584 bytes (429 MB) copied, 32.756873 s, 13.1 MB/s
2026-05-20 03:09:55,266 DEBUG   444596224 bytes (445 MB) copied, 33.758895 s, 13.2 MB/s
2026-05-20 03:09:55,266 DEBUG   456130560 bytes (456 MB) copied, 34.842212 s, 13.1 MB/s
2026-05-20 03:09:55,266 DEBUG   465567744 bytes (466 MB) copied, 35.857975 s, 13.0 MB/s
2026-05-20 03:09:55,266 DEBUG   479199232 bytes (479 MB) copied, 36.950570 s, 13.0 MB/s
2026-05-20 03:09:55,267 DEBUG   491782144 bytes (492 MB) copied, 38.121873 s, 12.9 MB/s
2026-05-20 03:09:55,267 DEBUG   502267904 bytes (502 MB) copied, 39.158818 s, 12.8 MB/s
2026-05-20 03:09:55,267 DEBUG   512753664 bytes (513 MB) copied, 40.167946 s, 12.8 MB/s
2026-05-20 03:09:55,267 DEBUG   526385152 bytes (526 MB) copied, 41.190606 s, 12.8 MB/s
2026-05-20 03:09:55,267 DEBUG   542113792 bytes (542 MB) copied, 42.305043 s, 12.8 MB/s
2026-05-20 03:09:55,267 DEBUG   553648128 bytes (554 MB) copied, 43.445871 s, 12.7 MB/s
2026-05-20 03:09:55,267 DEBUG   565182464 bytes (565 MB) copied, 44.470887 s, 12.7 MB/s
2026-05-20 03:09:55,267 DEBUG   575668224 bytes (576 MB) copied, 45.524981 s, 12.6 MB/s
2026-05-20 03:09:55,267 DEBUG   587202560 bytes (587 MB) copied, 46.621061 s, 12.6 MB/s
2026-05-20 03:09:55,267 DEBUG   601882624 bytes (602 MB) copied, 47.785984 s, 12.6 MB/s
2026-05-20 03:09:55,267 DEBUG   616562688 bytes (617 MB) copied, 48.949846 s, 12.6 MB/s
2026-05-20 03:09:55,267 DEBUG   631242752 bytes (631 MB) copied, 50.025006 s, 12.6 MB/s
2026-05-20 03:09:55,267 DEBUG   642777088 bytes (643 MB) copied, 51.062852 s, 12.6 MB/s
2026-05-20 03:09:55,267 DEBUG   655360000 bytes (655 MB) copied, 52.101895 s, 12.6 MB/s
2026-05-20 03:09:55,267 DEBUG   666894336 bytes (667 MB) copied, 53.148868 s, 12.5 MB/s
2026-05-20 03:09:55,267 DEBUG   680525824 bytes (681 MB) copied, 54.211833 s, 12.6 MB/s
2026-05-20 03:09:55,267 DEBUG   693108736 bytes (693 MB) copied, 55.237882 s, 12.5 MB/s
2026-05-20 03:09:55,267 DEBUG   706740224 bytes (707 MB) copied, 56.293945 s, 12.6 MB/s
2026-05-20 03:09:55,267 DEBUG   718274560 bytes (718 MB) copied, 57.421024 s, 12.5 MB/s
2026-05-20 03:09:55,267 DEBUG   730857472 bytes (731 MB) copied, 58.427371 s, 12.5 MB/s
2026-05-20 03:09:55,267 DEBUG   742391808 bytes (742 MB) copied, 59.465793 s, 12.5 MB/s
2026-05-20 03:09:55,267 DEBUG   754974720 bytes (755 MB) copied, 60.532817 s, 12.5 MB/s
2026-05-20 03:09:55,267 DEBUG   770703360 bytes (771 MB) copied, 61.545577 s, 12.5 MB/s
2026-05-20 03:09:55,267 DEBUG   785383424 bytes (785 MB) copied, 62.619021 s, 12.5 MB/s
2026-05-20 03:09:55,267 DEBUG   795869184 bytes (796 MB) copied, 63.627882 s, 12.5 MB/s
2026-05-20 03:09:55,267 DEBUG   806354944 bytes (806 MB) copied, 64.671907 s, 12.5 MB/s
2026-05-20 03:09:55,267 DEBUG   815792128 bytes (816 MB) copied, 65.740112 s, 12.4 MB/s
2026-05-20 03:09:55,267 DEBUG   828375040 bytes (828 MB) copied, 66.846908 s, 12.4 MB/s
2026-05-20 03:09:55,267 DEBUG   842006528 bytes (842 MB) copied, 67.964872 s, 12.4 MB/s
2026-05-20 03:09:55,267 DEBUG   852492288 bytes (852 MB) copied, 69.070903 s, 12.3 MB/s
2026-05-20 03:09:55,267 DEBUG   862978048 bytes (863 MB) copied, 70.104865 s, 12.3 MB/s
2026-05-20 03:09:55,267 DEBUG   875560960 bytes (876 MB) copied, 71.136013 s, 12.3 MB/s
2026-05-20 03:09:55,267 DEBUG   892338176 bytes (892 MB) copied, 72.275856 s, 12.3 MB/s
2026-05-20 03:09:55,267 DEBUG   903872512 bytes (904 MB) copied, 73.293983 s, 12.3 MB/s
2026-05-20 03:09:55,267 DEBUG   918552576 bytes (919 MB) copied, 74.310896 s, 12.4 MB/s
2026-05-20 03:09:55,267 DEBUG   942669824 bytes (943 MB) copied, 75.336244 s, 12.5 MB/s
2026-05-20 03:09:55,267 DEBUG   957349888 bytes (957 MB) copied, 76.340501 s, 12.5 MB/s
2026-05-20 03:09:55,267 DEBUG   967835648 bytes (968 MB) copied, 77.347961 s, 12.5 MB/s
2026-05-20 03:09:55,267 DEBUG   981467136 bytes (981 MB) copied, 78.402223 s, 12.5 MB/s
2026-05-20 03:09:55,267 DEBUG   993001472 bytes (993 MB) copied, 79.432031 s, 12.5 MB/s
2026-05-20 03:09:55,267 DEBUG   1009778688 bytes (1.0 GB) copied, 80.443398 s, 12.6 MB/s
2026-05-20 03:09:55,267 DEBUG   1020264448 bytes (1.0 GB) copied, 81.566926 s, 12.5 MB/s
2026-05-20 03:09:55,267 DEBUG   1029701632 bytes (1.0 GB) copied, 82.712971 s, 12.4 MB/s
2026-05-20 03:09:55,267 DEBUG   1042284544 bytes (1.0 GB) copied, 83.767848 s, 12.4 MB/s
2026-05-20 03:09:55,267 DEBUG   1053818880 bytes (1.1 GB) copied, 84.945896 s, 12.4 MB/s
2026-05-20 03:09:55,267 DEBUG   1064304640 bytes (1.1 GB) copied, 85.955057 s, 12.4 MB/s
2026-05-20 03:09:55,267 DEBUG   1024+0 records in
2026-05-20 03:09:55,267 DEBUG   1024+0 records out
2026-05-20 03:09:55,267 DEBUG   1073741824 bytes (1.1 GB) copied, 86.9419 s, 12.4 MB/s
2026-05-20 03:09:55,267 DEBUG   OK (disk op exit 0)
2026-05-20 03:09:55,268 WARNING Guest disk op wall 90.8s (vm='ahv_ins_delete-0-260514-181959' ip=10.114.48.122 op=create ec=0) — includes SSH + guest disk command; if still high, check guest disk throughput vs. MiB settings.
2026-05-20 03:09:55,268 DEBUG [80/1170] VM db157941… (ahv_ins_delete-0-260514-190412) via 10.114.51.146 op=create
2026-05-20 03:09:55,268 DEBUG   remote: bash -lc 'set -e; _bs(){ printf '"'"'BULK_SNAP_T %s %s\n'"'"' "$1" "$(date +%s.%N 2>/dev/null || date +%s)"; }; _bs guest_start; _bs pipeline_start; openssl enc -aes-256-ctr -pass pass:"testing" -nosalt < /dev/zero 2>/dev/null | dd of=/root/dummy_snapshot_data_1.img bs=1M count=1024 iflag=fullblock status=progress; ec=$?; _bs pipeline_done; _bs guest_end; exit $ec'
2026-05-20 03:09:56,737 DEBUG   BULK_SNAP_T guest_start 1779214112.238430548
2026-05-20 03:09:56,737 DEBUG   BULK_SNAP_T pipeline_start 1779214112.249556645
2026-05-20 03:09:56,737 DEBUG   BULK_SNAP_T pipeline_done 1779214193.035743616
2026-05-20 03:09:56,737 DEBUG   BULK_SNAP_T guest_end 1779214193.060054366
2026-05-20 03:09:56,737 DEBUG   
2026-05-20 03:09:56,737 DEBUG   14680064 bytes (15 MB) copied, 1.050613 s, 14.0 MB/s
2026-05-20 03:09:56,737 DEBUG   31457280 bytes (31 MB) copied, 2.122912 s, 14.8 MB/s
2026-05-20 03:09:56,737 DEBUG   52428800 bytes (52 MB) copied, 3.193632 s, 16.4 MB/s
2026-05-20 03:09:56,737 DEBUG   61865984 bytes (62 MB) copied, 4.200637 s, 14.7 MB/s
2026-05-20 03:09:56,737 DEBUG   83886080 bytes (84 MB) copied, 5.222611 s, 16.1 MB/s
2026-05-20 03:09:56,737 DEBUG   111149056 bytes (111 MB) copied, 6.386791 s, 17.4 MB/s
2026-05-20 03:09:56,737 DEBUG   125829120 bytes (126 MB) copied, 7.390660 s, 17.0 MB/s
2026-05-20 03:09:56,737 DEBUG   139460608 bytes (139 MB) copied, 8.474623 s, 16.5 MB/s
2026-05-20 03:09:56,737 DEBUG   150994944 bytes (151 MB) copied, 9.510600 s, 15.9 MB/s
2026-05-20 03:09:56,737 DEBUG   163577856 bytes (164 MB) copied, 10.632556 s, 15.4 MB/s
2026-05-20 03:09:56,737 DEBUG   183500800 bytes (184 MB) copied, 11.694641 s, 15.7 MB/s
2026-05-20 03:09:56,737 DEBUG   196083712 bytes (196 MB) copied, 12.710625 s, 15.4 MB/s
2026-05-20 03:09:56,737 DEBUG   206569472 bytes (207 MB) copied, 13.737577 s, 15.0 MB/s
2026-05-20 03:09:56,737 DEBUG   220200960 bytes (220 MB) copied, 14.825778 s, 14.9 MB/s
2026-05-20 03:09:56,737 DEBUG   238026752 bytes (238 MB) copied, 15.855609 s, 15.0 MB/s
2026-05-20 03:09:56,737 DEBUG   253755392 bytes (254 MB) copied, 16.897675 s, 15.0 MB/s
2026-05-20 03:09:56,737 DEBUG   264241152 bytes (264 MB) copied, 17.916605 s, 14.7 MB/s
2026-05-20 03:09:56,738 DEBUG   275775488 bytes (276 MB) copied, 18.967634 s, 14.5 MB/s
2026-05-20 03:09:56,738 DEBUG   289406976 bytes (289 MB) copied, 20.026617 s, 14.5 MB/s
2026-05-20 03:09:56,738 DEBUG   304087040 bytes (304 MB) copied, 21.030662 s, 14.5 MB/s
2026-05-20 03:09:56,738 DEBUG   318767104 bytes (319 MB) copied, 22.071820 s, 14.4 MB/s
2026-05-20 03:09:56,738 DEBUG   331350016 bytes (331 MB) copied, 23.161882 s, 14.3 MB/s
2026-05-20 03:09:56,738 DEBUG   343932928 bytes (344 MB) copied, 24.247666 s, 14.2 MB/s
2026-05-20 03:09:56,738 DEBUG   361758720 bytes (362 MB) copied, 25.296625 s, 14.3 MB/s
2026-05-20 03:09:56,738 DEBUG   376438784 bytes (376 MB) copied, 26.325773 s, 14.3 MB/s
2026-05-20 03:09:56,738 DEBUG   389021696 bytes (389 MB) copied, 27.355583 s, 14.2 MB/s
2026-05-20 03:09:56,738 DEBUG   403701760 bytes (404 MB) copied, 28.355639 s, 14.2 MB/s
2026-05-20 03:09:56,738 DEBUG   423624704 bytes (424 MB) copied, 29.393643 s, 14.4 MB/s
2026-05-20 03:09:56,738 DEBUG   445644800 bytes (446 MB) copied, 30.448580 s, 14.6 MB/s
2026-05-20 03:09:56,738 DEBUG   457179136 bytes (457 MB) copied, 31.487649 s, 14.5 MB/s
2026-05-20 03:09:56,738 DEBUG   470810624 bytes (471 MB) copied, 32.536698 s, 14.5 MB/s
2026-05-20 03:09:56,738 DEBUG   484442112 bytes (484 MB) copied, 33.573621 s, 14.4 MB/s
2026-05-20 03:09:56,738 DEBUG   504365056 bytes (504 MB) copied, 34.584577 s, 14.6 MB/s
2026-05-20 03:09:56,738 DEBUG   516947968 bytes (517 MB) copied, 35.592705 s, 14.5 MB/s
2026-05-20 03:09:56,738 DEBUG   530579456 bytes (531 MB) copied, 36.622808 s, 14.5 MB/s
2026-05-20 03:09:56,738 DEBUG   545259520 bytes (545 MB) copied, 37.631573 s, 14.5 MB/s
2026-05-20 03:09:56,738 DEBUG   558891008 bytes (559 MB) copied, 38.639898 s, 14.5 MB/s
2026-05-20 03:09:56,738 DEBUG   575668224 bytes (576 MB) copied, 39.762564 s, 14.5 MB/s
2026-05-20 03:09:56,738 DEBUG   586153984 bytes (586 MB) copied, 40.769606 s, 14.4 MB/s
2026-05-20 03:09:56,738 DEBUG   598736896 bytes (599 MB) copied, 41.985775 s, 14.3 MB/s
2026-05-20 03:09:56,738 DEBUG   612368384 bytes (612 MB) copied, 43.018605 s, 14.2 MB/s
2026-05-20 03:09:56,738 DEBUG   623902720 bytes (624 MB) copied, 44.136767 s, 14.1 MB/s
2026-05-20 03:09:56,738 DEBUG   638582784 bytes (639 MB) copied, 45.175635 s, 14.1 MB/s
2026-05-20 03:09:56,738 DEBUG   651165696 bytes (651 MB) copied, 46.253760 s, 14.1 MB/s
2026-05-20 03:09:56,738 DEBUG   664797184 bytes (665 MB) copied, 47.255398 s, 14.1 MB/s
2026-05-20 03:09:56,738 DEBUG   677380096 bytes (677 MB) copied, 48.327631 s, 14.0 MB/s
2026-05-20 03:09:56,738 DEBUG   689963008 bytes (690 MB) copied, 49.364019 s, 14.0 MB/s
2026-05-20 03:09:56,738 DEBUG   703594496 bytes (704 MB) copied, 50.459761 s, 13.9 MB/s
2026-05-20 03:09:56,738 DEBUG   716177408 bytes (716 MB) copied, 51.464631 s, 13.9 MB/s
2026-05-20 03:09:56,738 DEBUG   727711744 bytes (728 MB) copied, 52.534604 s, 13.9 MB/s
2026-05-20 03:09:56,738 DEBUG   740294656 bytes (740 MB) copied, 53.570683 s, 13.8 MB/s
2026-05-20 03:09:56,738 DEBUG   753926144 bytes (754 MB) copied, 54.632738 s, 13.8 MB/s
2026-05-20 03:09:56,738 DEBUG   764411904 bytes (764 MB) copied, 55.645585 s, 13.7 MB/s
2026-05-20 03:09:56,738 DEBUG   779091968 bytes (779 MB) copied, 56.793624 s, 13.7 MB/s
2026-05-20 03:09:56,738 DEBUG   792723456 bytes (793 MB) copied, 57.820553 s, 13.7 MB/s
2026-05-20 03:09:56,738 DEBUG   806354944 bytes (806 MB) copied, 58.916899 s, 13.7 MB/s
2026-05-20 03:09:56,738 DEBUG   817889280 bytes (818 MB) copied, 60.131605 s, 13.6 MB/s
2026-05-20 03:09:56,738 DEBUG   831520768 bytes (832 MB) copied, 61.149661 s, 13.6 MB/s
2026-05-20 03:09:56,738 DEBUG   842006528 bytes (842 MB) copied, 62.188658 s, 13.5 MB/s
2026-05-20 03:09:56,738 DEBUG   854589440 bytes (855 MB) copied, 63.234595 s, 13.5 MB/s
2026-05-20 03:09:56,738 DEBUG   869269504 bytes (869 MB) copied, 64.287583 s, 13.5 MB/s
2026-05-20 03:09:56,738 DEBUG   883949568 bytes (884 MB) copied, 65.420811 s, 13.5 MB/s
2026-05-20 03:09:56,738 DEBUG   894435328 bytes (894 MB) copied, 66.422663 s, 13.5 MB/s
2026-05-20 03:09:56,738 DEBUG   907018240 bytes (907 MB) copied, 67.579739 s, 13.4 MB/s
2026-05-20 03:09:56,738 DEBUG   925892608 bytes (926 MB) copied, 68.626574 s, 13.5 MB/s
2026-05-20 03:09:56,738 DEBUG   938475520 bytes (938 MB) copied, 69.733760 s, 13.5 MB/s
2026-05-20 03:09:56,739 DEBUG   953155584 bytes (953 MB) copied, 70.826625 s, 13.5 MB/s
2026-05-20 03:09:56,739 DEBUG   964689920 bytes (965 MB) copied, 71.882636 s, 13.4 MB/s
2026-05-20 03:09:56,739 DEBUG   975175680 bytes (975 MB) copied, 73.081617 s, 13.3 MB/s
2026-05-20 03:09:56,739 DEBUG   989855744 bytes (990 MB) copied, 74.112644 s, 13.4 MB/s
2026-05-20 03:09:56,739 DEBUG   999292928 bytes (999 MB) copied, 75.130584 s, 13.3 MB/s
2026-05-20 03:09:56,739 DEBUG   1009778688 bytes (1.0 GB) copied, 76.222737 s, 13.2 MB/s
2026-05-20 03:09:56,739 DEBUG   1023410176 bytes (1.0 GB) copied, 77.314681 s, 13.2 MB/s
2026-05-20 03:09:56,739 DEBUG   1042284544 bytes (1.0 GB) copied, 78.325862 s, 13.3 MB/s
2026-05-20 03:09:56,739 DEBUG   1055916032 bytes (1.1 GB) copied, 79.360736 s, 13.3 MB/s
2026-05-20 03:09:56,739 DEBUG   1070596096 bytes (1.1 GB) copied, 80.388690 s, 13.3 MB/s
2026-05-20 03:09:56,739 DEBUG   1024+0 records in
2026-05-20 03:09:56,739 DEBUG   1024+0 records out
2026-05-20 03:09:56,739 DEBUG   1073741824 bytes (1.1 GB) copied, 80.648 s, 13.3 MB/s
2026-05-20 03:09:56,739 DEBUG   OK (disk op exit 0)
2026-05-20 03:09:56,739 WARNING Guest disk op wall 83.0s (vm='ahv_ins_delete-0-260514-183555' ip=10.114.48.182 op=create ec=0) — includes SSH + guest disk command; if still high, check guest disk throughput vs. MiB settings.
2026-05-20 03:09:56,739 DEBUG [81/1170] VM 99a5ef9e… (ahv_ins_delete-0-260514-190937) via 10.114.48.23 op=create
2026-05-20 03:09:56,740 DEBUG   remote: bash -lc 'set -e; _bs(){ printf '"'"'BULK_SNAP_T %s %s\n'"'"' "$1" "$(date +%s.%N 2>/dev/null || date +%s)"; }; _bs guest_start; _bs pipeline_start; openssl enc -aes-256-ctr -pass pass:"testing" -nosalt < /dev/zero 2>/dev/null | dd of=/root/dummy_snapshot_data_1.img bs=1M count=1024 iflag=fullblock status=progress; ec=$?; _bs pipeline_done; _bs guest_end; exit $ec'
2026-05-20 03:09:56,746 DEBUG   BULK_SNAP_T guest_start 1779214108.996543564
2026-05-20 03:09:56,747 DEBUG   BULK_SNAP_T pipeline_start 1779214109.007831778
2026-05-20 03:09:56,747 DEBUG   BULK_SNAP_T pipeline_done 1779214192.729474132
2026-05-20 03:09:56,747 DEBUG   BULK_SNAP_T guest_end 1779214192.752265993
2026-05-20 03:09:56,747 DEBUG   
2026-05-20 03:09:56,747 DEBUG   12582912 bytes (13 MB) copied, 1.020546 s, 12.3 MB/s
2026-05-20 03:09:56,747 DEBUG   28311552 bytes (28 MB) copied, 2.043507 s, 13.9 MB/s
2026-05-20 03:09:56,747 DEBUG   44040192 bytes (44 MB) copied, 3.077530 s, 14.3 MB/s
2026-05-20 03:09:56,747 DEBUG   57671680 bytes (58 MB) copied, 4.086678 s, 14.1 MB/s
2026-05-20 03:09:56,747 DEBUG   71303168 bytes (71 MB) copied, 5.094510 s, 14.0 MB/s
2026-05-20 03:09:56,747 DEBUG   89128960 bytes (89 MB) copied, 6.103487 s, 14.6 MB/s
2026-05-20 03:09:56,747 DEBUG   104857600 bytes (105 MB) copied, 7.227596 s, 14.5 MB/s
2026-05-20 03:09:56,747 DEBUG   118489088 bytes (118 MB) copied, 8.230547 s, 14.4 MB/s
2026-05-20 03:09:56,747 DEBUG   128974848 bytes (129 MB) copied, 9.294648 s, 13.9 MB/s
2026-05-20 03:09:56,747 DEBUG   142606336 bytes (143 MB) copied, 10.325581 s, 13.8 MB/s
2026-05-20 03:09:56,747 DEBUG   153092096 bytes (153 MB) copied, 11.333631 s, 13.5 MB/s
2026-05-20 03:09:56,747 DEBUG   170917888 bytes (171 MB) copied, 12.600611 s, 13.6 MB/s
2026-05-20 03:09:56,747 DEBUG   182452224 bytes (182 MB) copied, 13.615606 s, 13.4 MB/s
2026-05-20 03:09:56,747 DEBUG   197132288 bytes (197 MB) copied, 14.619876 s, 13.5 MB/s
2026-05-20 03:09:56,747 DEBUG   211812352 bytes (212 MB) copied, 15.730640 s, 13.5 MB/s
2026-05-20 03:09:56,747 DEBUG   225443840 bytes (225 MB) copied, 16.741934 s, 13.5 MB/s
2026-05-20 03:09:56,747 DEBUG   246415360 bytes (246 MB) copied, 17.926636 s, 13.7 MB/s
2026-05-20 03:09:56,747 DEBUG   262144000 bytes (262 MB) copied, 19.157598 s, 13.7 MB/s
2026-05-20 03:09:56,747 DEBUG   273678336 bytes (274 MB) copied, 20.294522 s, 13.5 MB/s
2026-05-20 03:09:56,747 DEBUG   292552704 bytes (293 MB) copied, 21.312557 s, 13.7 MB/s
2026-05-20 03:09:56,747 DEBUG   313524224 bytes (314 MB) copied, 22.399612 s, 14.0 MB/s
2026-05-20 03:09:56,747 DEBUG   325058560 bytes (325 MB) copied, 23.425617 s, 13.9 MB/s
2026-05-20 03:09:56,747 DEBUG   339738624 bytes (340 MB) copied, 24.431555 s, 13.9 MB/s
2026-05-20 03:09:56,747 DEBUG   354418688 bytes (354 MB) copied, 25.490699 s, 13.9 MB/s
2026-05-20 03:09:56,747 DEBUG   367001600 bytes (367 MB) copied, 26.501548 s, 13.8 MB/s
2026-05-20 03:09:56,747 DEBUG   383778816 bytes (384 MB) copied, 27.627778 s, 13.9 MB/s
2026-05-20 03:09:56,747 DEBUG   395313152 bytes (395 MB) copied, 28.698582 s, 13.8 MB/s
2026-05-20 03:09:56,747 DEBUG   405798912 bytes (406 MB) copied, 29.754569 s, 13.6 MB/s
2026-05-20 03:09:56,747 DEBUG   421527552 bytes (422 MB) copied, 30.778549 s, 13.7 MB/s
2026-05-20 03:09:56,747 DEBUG   432013312 bytes (432 MB) copied, 31.797624 s, 13.6 MB/s
2026-05-20 03:09:56,747 DEBUG   445644800 bytes (446 MB) copied, 32.915514 s, 13.5 MB/s
2026-05-20 03:09:56,747 DEBUG   457179136 bytes (457 MB) copied, 33.963532 s, 13.5 MB/s
2026-05-20 03:09:56,747 DEBUG   468713472 bytes (469 MB) copied, 34.964568 s, 13.4 MB/s
2026-05-20 03:09:56,747 DEBUG   482344960 bytes (482 MB) copied, 36.004221 s, 13.4 MB/s
2026-05-20 03:09:56,747 DEBUG   492830720 bytes (493 MB) copied, 37.024655 s, 13.3 MB/s
2026-05-20 03:09:56,747 DEBUG   505413632 bytes (505 MB) copied, 38.052512 s, 13.3 MB/s
2026-05-20 03:09:56,747 DEBUG   520093696 bytes (520 MB) copied, 39.058871 s, 13.3 MB/s
2026-05-20 03:09:56,747 DEBUG   532676608 bytes (533 MB) copied, 40.100601 s, 13.3 MB/s
2026-05-20 03:09:56,747 DEBUG   545259520 bytes (545 MB) copied, 41.191674 s, 13.2 MB/s
2026-05-20 03:09:56,747 DEBUG   558891008 bytes (559 MB) copied, 42.327527 s, 13.2 MB/s
2026-05-20 03:09:56,747 DEBUG   573571072 bytes (574 MB) copied, 43.344561 s, 13.2 MB/s
2026-05-20 03:09:56,748 DEBUG   588251136 bytes (588 MB) copied, 44.395831 s, 13.3 MB/s
2026-05-20 03:09:56,748 DEBUG   599785472 bytes (600 MB) copied, 45.510590 s, 13.2 MB/s
2026-05-20 03:09:56,748 DEBUG   611319808 bytes (611 MB) copied, 46.567629 s, 13.1 MB/s
2026-05-20 03:09:56,748 DEBUG   621805568 bytes (622 MB) copied, 47.582734 s, 13.1 MB/s
2026-05-20 03:09:56,748 DEBUG   635437056 bytes (635 MB) copied, 48.662597 s, 13.1 MB/s
2026-05-20 03:09:56,748 DEBUG   649068544 bytes (649 MB) copied, 49.774623 s, 13.0 MB/s
2026-05-20 03:09:56,748 DEBUG   663748608 bytes (664 MB) copied, 50.795787 s, 13.1 MB/s
2026-05-20 03:09:56,748 DEBUG   676331520 bytes (676 MB) copied, 51.837585 s, 13.0 MB/s
2026-05-20 03:09:56,748 DEBUG   691011584 bytes (691 MB) copied, 52.856542 s, 13.1 MB/s
2026-05-20 03:09:56,748 DEBUG   707788800 bytes (708 MB) copied, 53.868113 s, 13.1 MB/s
2026-05-20 03:09:56,748 DEBUG   721420288 bytes (721 MB) copied, 54.986615 s, 13.1 MB/s
2026-05-20 03:09:56,748 DEBUG   735051776 bytes (735 MB) copied, 56.015568 s, 13.1 MB/s
2026-05-20 03:09:56,748 DEBUG   746586112 bytes (747 MB) copied, 57.104499 s, 13.1 MB/s
2026-05-20 03:09:56,748 DEBUG   762314752 bytes (762 MB) copied, 58.307557 s, 13.1 MB/s
2026-05-20 03:09:56,748 DEBUG   774897664 bytes (775 MB) copied, 59.308630 s, 13.1 MB/s
2026-05-20 03:09:56,748 DEBUG   788529152 bytes (789 MB) copied, 60.313792 s, 13.1 MB/s
2026-05-20 03:09:56,748 DEBUG   802160640 bytes (802 MB) copied, 61.343050 s, 13.1 MB/s
2026-05-20 03:09:56,748 DEBUG   822083584 bytes (822 MB) copied, 62.452806 s, 13.2 MB/s
2026-05-20 03:09:56,748 DEBUG   834666496 bytes (835 MB) copied, 63.546564 s, 13.1 MB/s
2026-05-20 03:09:56,748 DEBUG   848297984 bytes (848 MB) copied, 64.583676 s, 13.1 MB/s
2026-05-20 03:09:56,748 DEBUG   858783744 bytes (859 MB) copied, 65.588620 s, 13.1 MB/s
2026-05-20 03:09:56,748 DEBUG   870318080 bytes (870 MB) copied, 66.704803 s, 13.0 MB/s
2026-05-20 03:09:56,748 DEBUG   882900992 bytes (883 MB) copied, 67.708872 s, 13.0 MB/s
2026-05-20 03:09:56,748 DEBUG   895483904 bytes (895 MB) copied, 68.753589 s, 13.0 MB/s
2026-05-20 03:09:56,748 DEBUG   904921088 bytes (905 MB) copied, 69.860650 s, 13.0 MB/s
2026-05-20 03:09:56,748 DEBUG   919601152 bytes (920 MB) copied, 71.038536 s, 12.9 MB/s
2026-05-20 03:09:56,748 DEBUG   935329792 bytes (935 MB) copied, 72.063607 s, 13.0 MB/s
2026-05-20 03:09:56,748 DEBUG   950009856 bytes (950 MB) copied, 73.066100 s, 13.0 MB/s
2026-05-20 03:09:56,748 DEBUG   962592768 bytes (963 MB) copied, 74.114840 s, 13.0 MB/s
2026-05-20 03:09:56,748 DEBUG   977272832 bytes (977 MB) copied, 75.183515 s, 13.0 MB/s
2026-05-20 03:09:56,748 DEBUG   986710016 bytes (987 MB) copied, 76.223528 s, 12.9 MB/s
2026-05-20 03:09:56,748 DEBUG   997195776 bytes (997 MB) copied, 77.265550 s, 12.9 MB/s
2026-05-20 03:09:56,748 DEBUG   1007681536 bytes (1.0 GB) copied, 78.441557 s, 12.8 MB/s
2026-05-20 03:09:56,748 DEBUG   1016070144 bytes (1.0 GB) copied, 79.456630 s, 12.8 MB/s
2026-05-20 03:09:56,748 DEBUG   1028653056 bytes (1.0 GB) copied, 80.483783 s, 12.8 MB/s
2026-05-20 03:09:56,748 DEBUG   1046478848 bytes (1.0 GB) copied, 81.584528 s, 12.8 MB/s
2026-05-20 03:09:56,748 DEBUG   1061158912 bytes (1.1 GB) copied, 82.595566 s, 12.8 MB/s
2026-05-20 03:09:56,748 DEBUG   1024+0 records in
2026-05-20 03:09:56,748 DEBUG   1024+0 records out
2026-05-20 03:09:56,748 DEBUG   1073741824 bytes (1.1 GB) copied, 83.5566 s, 12.9 MB/s
2026-05-20 03:09:56,748 DEBUG   OK (disk op exit 0)
2026-05-20 03:09:56,748 WARNING Guest disk op wall 86.3s (vm='ahv_ins_delete-0-260514-183539' ip=10.114.53.62 op=create ec=0) — includes SSH + guest disk command; if still high, check guest disk throughput vs. MiB settings.
2026-05-20 03:09:56,749 DEBUG [82/1170] VM 37098924… (ahv_ins_delete-0-260514-190940) via 10.114.52.180 op=create
2026-05-20 03:09:56,749 DEBUG   remote: bash -lc 'set -e; _bs(){ printf '"'"'BULK_SNAP_T %s %s\n'"'"' "$1" "$(date +%s.%N 2>/dev/null || date +%s)"; }; _bs guest_start; _bs pipeline_start; openssl enc -aes-256-ctr -pass pass:"testing" -nosalt < /dev/zero 2>/dev/null | dd of=/root/dummy_snapshot_data_1.img bs=1M count=1024 iflag=fullblock status=progress; ec=$?; _bs pipeline_done; _bs guest_end; exit $ec'
2026-05-20 03:09:56,758 DEBUG   BULK_SNAP_T guest_start 1779214106.565294090
2026-05-20 03:09:56,758 DEBUG   BULK_SNAP_T pipeline_start 1779214106.573386452
2026-05-20 03:09:56,758 DEBUG   BULK_SNAP_T pipeline_done 1779214193.311845926
2026-05-20 03:09:56,758 DEBUG   BULK_SNAP_T guest_end 1779214193.323950445
2026-05-20 03:09:56,758 DEBUG   
2026-05-20 03:09:56,758 DEBUG   12582912 bytes (13 MB) copied, 1.028727 s, 12.2 MB/s
2026-05-20 03:09:56,758 DEBUG   24117248 bytes (24 MB) copied, 2.051718 s, 11.8 MB/s
2026-05-20 03:09:56,758 DEBUG   38797312 bytes (39 MB) copied, 3.190801 s, 12.2 MB/s
2026-05-20 03:09:56,758 DEBUG   57671680 bytes (58 MB) copied, 4.330770 s, 13.3 MB/s
2026-05-20 03:09:56,758 DEBUG   72351744 bytes (72 MB) copied, 5.387693 s, 13.4 MB/s
2026-05-20 03:09:56,758 DEBUG   87031808 bytes (87 MB) copied, 6.479722 s, 13.4 MB/s
2026-05-20 03:09:56,758 DEBUG   97517568 bytes (98 MB) copied, 7.521741 s, 13.0 MB/s
2026-05-20 03:09:56,758 DEBUG   109051904 bytes (109 MB) copied, 8.620730 s, 12.6 MB/s
2026-05-20 03:09:56,758 DEBUG   118489088 bytes (118 MB) copied, 9.623945 s, 12.3 MB/s
2026-05-20 03:09:56,758 DEBUG   137363456 bytes (137 MB) copied, 10.743697 s, 12.8 MB/s
2026-05-20 03:09:56,758 DEBUG   147849216 bytes (148 MB) copied, 11.850817 s, 12.5 MB/s
2026-05-20 03:09:56,758 DEBUG   163577856 bytes (164 MB) copied, 12.890679 s, 12.7 MB/s
2026-05-20 03:09:56,758 DEBUG   179306496 bytes (179 MB) copied, 13.924735 s, 12.9 MB/s
2026-05-20 03:09:56,758 DEBUG   191889408 bytes (192 MB) copied, 14.933683 s, 12.8 MB/s
2026-05-20 03:09:56,758 DEBUG   205520896 bytes (206 MB) copied, 16.104932 s, 12.8 MB/s
2026-05-20 03:09:56,758 DEBUG   223346688 bytes (223 MB) copied, 17.171712 s, 13.0 MB/s
2026-05-20 03:09:56,758 DEBUG   236978176 bytes (237 MB) copied, 18.202730 s, 13.0 MB/s
2026-05-20 03:09:56,758 DEBUG   249561088 bytes (250 MB) copied, 19.251704 s, 13.0 MB/s
2026-05-20 03:09:56,758 DEBUG   265289728 bytes (265 MB) copied, 20.266742 s, 13.1 MB/s
2026-05-20 03:09:56,759 DEBUG   274726912 bytes (275 MB) copied, 21.347747 s, 12.9 MB/s
2026-05-20 03:09:56,759 DEBUG   286261248 bytes (286 MB) copied, 22.475743 s, 12.7 MB/s
2026-05-20 03:09:56,759 DEBUG   300941312 bytes (301 MB) copied, 23.523727 s, 12.8 MB/s
2026-05-20 03:09:56,759 DEBUG   310378496 bytes (310 MB) copied, 24.537775 s, 12.6 MB/s
2026-05-20 03:09:56,759 DEBUG   326107136 bytes (326 MB) copied, 25.624715 s, 12.7 MB/s
2026-05-20 03:09:56,759 DEBUG   338690048 bytes (339 MB) copied, 26.663016 s, 12.7 MB/s
2026-05-20 03:09:56,759 DEBUG   351272960 bytes (351 MB) copied, 27.692702 s, 12.7 MB/s
2026-05-20 03:09:56,759 DEBUG   364904448 bytes (365 MB) copied, 28.725727 s, 12.7 MB/s
2026-05-20 03:09:56,759 DEBUG   376438784 bytes (376 MB) copied, 29.864834 s, 12.6 MB/s
2026-05-20 03:09:56,759 DEBUG   390070272 bytes (390 MB) copied, 31.030998 s, 12.6 MB/s
2026-05-20 03:09:56,759 DEBUG   402653184 bytes (403 MB) copied, 32.032690 s, 12.6 MB/s
2026-05-20 03:09:56,759 DEBUG   416284672 bytes (416 MB) copied, 33.092797 s, 12.6 MB/s
2026-05-20 03:09:56,759 DEBUG   428867584 bytes (429 MB) copied, 34.109731 s, 12.6 MB/s
2026-05-20 03:09:56,759 DEBUG   441450496 bytes (441 MB) copied, 35.266798 s, 12.5 MB/s
2026-05-20 03:09:56,759 DEBUG   451936256 bytes (452 MB) copied, 36.399758 s, 12.4 MB/s
2026-05-20 03:09:56,759 DEBUG   463470592 bytes (463 MB) copied, 37.484721 s, 12.4 MB/s
2026-05-20 03:09:56,759 DEBUG   473956352 bytes (474 MB) copied, 38.501694 s, 12.3 MB/s
2026-05-20 03:09:56,759 DEBUG   485490688 bytes (485 MB) copied, 39.511969 s, 12.3 MB/s
2026-05-20 03:09:56,759 DEBUG   498073600 bytes (498 MB) copied, 40.523003 s, 12.3 MB/s
2026-05-20 03:09:56,759 DEBUG   508559360 bytes (509 MB) copied, 41.533711 s, 12.2 MB/s
2026-05-20 03:09:56,759 DEBUG   520093696 bytes (520 MB) copied, 42.668746 s, 12.2 MB/s
2026-05-20 03:09:56,759 DEBUG   532676608 bytes (533 MB) copied, 43.681746 s, 12.2 MB/s
2026-05-20 03:09:56,759 DEBUG   545259520 bytes (545 MB) copied, 44.686722 s, 12.2 MB/s
2026-05-20 03:09:56,759 DEBUG   555745280 bytes (556 MB) copied, 45.692749 s, 12.2 MB/s
2026-05-20 03:09:56,759 DEBUG   570425344 bytes (570 MB) copied, 46.737962 s, 12.2 MB/s
2026-05-20 03:09:56,759 DEBUG   581959680 bytes (582 MB) copied, 47.805756 s, 12.2 MB/s
2026-05-20 03:09:56,759 DEBUG   593494016 bytes (593 MB) copied, 48.988948 s, 12.1 MB/s
2026-05-20 03:09:56,759 DEBUG   609222656 bytes (609 MB) copied, 50.005948 s, 12.2 MB/s
2026-05-20 03:09:56,759 DEBUG   629145600 bytes (629 MB) copied, 51.009217 s, 12.3 MB/s
2026-05-20 03:09:56,759 DEBUG   642777088 bytes (643 MB) copied, 52.072708 s, 12.3 MB/s
2026-05-20 03:09:56,759 DEBUG   655360000 bytes (655 MB) copied, 53.109758 s, 12.3 MB/s
2026-05-20 03:09:56,759 DEBUG   665845760 bytes (666 MB) copied, 54.150801 s, 12.3 MB/s
2026-05-20 03:09:56,759 DEBUG   681574400 bytes (682 MB) copied, 55.181112 s, 12.4 MB/s
2026-05-20 03:09:56,759 DEBUG   697303040 bytes (697 MB) copied, 56.187707 s, 12.4 MB/s
2026-05-20 03:09:56,759 DEBUG   707788800 bytes (708 MB) copied, 57.196744 s, 12.4 MB/s
2026-05-20 03:09:56,759 DEBUG   721420288 bytes (721 MB) copied, 58.337754 s, 12.4 MB/s
2026-05-20 03:09:56,759 DEBUG   735051776 bytes (735 MB) copied, 59.467922 s, 12.4 MB/s
2026-05-20 03:09:56,759 DEBUG   747634688 bytes (748 MB) copied, 60.633873 s, 12.3 MB/s
2026-05-20 03:09:56,759 DEBUG   759169024 bytes (759 MB) copied, 61.723819 s, 12.3 MB/s
2026-05-20 03:09:56,759 DEBUG   773849088 bytes (774 MB) copied, 62.784897 s, 12.3 MB/s
2026-05-20 03:09:56,759 DEBUG   793772032 bytes (794 MB) copied, 63.792865 s, 12.4 MB/s
2026-05-20 03:09:56,759 DEBUG   806354944 bytes (806 MB) copied, 64.870752 s, 12.4 MB/s
2026-05-20 03:09:56,759 DEBUG   819986432 bytes (820 MB) copied, 65.879683 s, 12.4 MB/s
2026-05-20 03:09:56,759 DEBUG   834666496 bytes (835 MB) copied, 66.932705 s, 12.5 MB/s
2026-05-20 03:09:56,759 DEBUG   844103680 bytes (844 MB) copied, 67.993726 s, 12.4 MB/s
2026-05-20 03:09:56,759 DEBUG   860880896 bytes (861 MB) copied, 68.995731 s, 12.5 MB/s
2026-05-20 03:09:56,759 DEBUG   873463808 bytes (873 MB) copied, 70.010757 s, 12.5 MB/s
2026-05-20 03:09:56,759 DEBUG   884998144 bytes (885 MB) copied, 71.042325 s, 12.5 MB/s
2026-05-20 03:09:56,759 DEBUG   898629632 bytes (899 MB) copied, 72.181874 s, 12.4 MB/s
2026-05-20 03:09:56,759 DEBUG   912261120 bytes (912 MB) copied, 73.279732 s, 12.4 MB/s
2026-05-20 03:09:56,759 DEBUG   925892608 bytes (926 MB) copied, 74.353765 s, 12.5 MB/s
2026-05-20 03:09:56,759 DEBUG   945815552 bytes (946 MB) copied, 75.399723 s, 12.5 MB/s
2026-05-20 03:09:56,760 DEBUG   959447040 bytes (959 MB) copied, 76.403137 s, 12.6 MB/s
2026-05-20 03:09:56,760 DEBUG   972029952 bytes (972 MB) copied, 77.425895 s, 12.6 MB/s
2026-05-20 03:09:56,760 DEBUG   981467136 bytes (981 MB) copied, 78.441759 s, 12.5 MB/s
2026-05-20 03:09:56,760 DEBUG   993001472 bytes (993 MB) copied, 79.468773 s, 12.5 MB/s
2026-05-20 03:09:56,760 DEBUG   1004535808 bytes (1.0 GB) copied, 80.533733 s, 12.5 MB/s
2026-05-20 03:09:56,760 DEBUG   1019215872 bytes (1.0 GB) copied, 81.780974 s, 12.5 MB/s
2026-05-20 03:09:56,760 DEBUG   1030750208 bytes (1.0 GB) copied, 82.837745 s, 12.4 MB/s
2026-05-20 03:09:56,760 DEBUG   1041235968 bytes (1.0 GB) copied, 83.941809 s, 12.4 MB/s
2026-05-20 03:09:56,760 DEBUG   1055916032 bytes (1.1 GB) copied, 84.964715 s, 12.4 MB/s
2026-05-20 03:09:56,760 DEBUG   1067450368 bytes (1.1 GB) copied, 86.009775 s, 12.4 MB/s
2026-05-20 03:09:56,760 DEBUG   1024+0 records in
2026-05-20 03:09:56,760 DEBUG   1024+0 records out
2026-05-20 03:09:56,760 DEBUG   1073741824 bytes (1.1 GB) copied, 86.5701 s, 12.4 MB/s
2026-05-20 03:09:56,760 DEBUG   OK (disk op exit 0)
2026-05-20 03:09:56,760 WARNING Guest disk op wall 89.3s (vm='ahv_ins_delete-0-260514-183039' ip=10.114.48.164 op=create ec=0) — includes SSH + guest disk command; if still high, check guest disk throughput vs. MiB settings.
2026-05-20 03:09:56,760 DEBUG [83/1170] VM a3c6d26c… (ahv_ins_delete-0-260514-190944) via 10.114.52.230 op=create
2026-05-20 03:09:56,761 DEBUG   remote: bash -lc 'set -e; _bs(){ printf '"'"'BULK_SNAP_T %s %s\n'"'"' "$1" "$(date +%s.%N 2>/dev/null || date +%s)"; }; _bs guest_start; _bs pipeline_start; openssl enc -aes-256-ctr -pass pass:"testing" -nosalt < /dev/zero 2>/dev/null | dd of=/root/dummy_snapshot_data_1.img bs=1M count=1024 iflag=fullblock status=progress; ec=$?; _bs pipeline_done; _bs guest_end; exit $ec'
2026-05-20 03:10:01,225 DEBUG   BULK_SNAP_T guest_start 1779214105.904901043
2026-05-20 03:10:01,225 DEBUG   BULK_SNAP_T pipeline_start 1779214105.911065319
2026-05-20 03:10:01,225 DEBUG   BULK_SNAP_T pipeline_done 1779214197.207625533
2026-05-20 03:10:01,225 DEBUG   BULK_SNAP_T guest_end 1779214197.226303051
2026-05-20 03:10:01,225 DEBUG   
2026-05-20 03:10:01,225 DEBUG   14680064 bytes (15 MB) copied, 1.138853 s, 12.9 MB/s
2026-05-20 03:10:01,225 DEBUG   33554432 bytes (34 MB) copied, 2.148832 s, 15.6 MB/s
2026-05-20 03:10:01,225 DEBUG   51380224 bytes (51 MB) copied, 3.202848 s, 16.0 MB/s
2026-05-20 03:10:01,225 DEBUG   65011712 bytes (65 MB) copied, 4.230874 s, 15.4 MB/s
2026-05-20 03:10:01,225 DEBUG   83886080 bytes (84 MB) copied, 5.247852 s, 16.0 MB/s
2026-05-20 03:10:01,225 DEBUG   99614720 bytes (100 MB) copied, 6.268886 s, 15.9 MB/s
2026-05-20 03:10:01,225 DEBUG   115343360 bytes (115 MB) copied, 7.332818 s, 15.7 MB/s
2026-05-20 03:10:01,225 DEBUG   127926272 bytes (128 MB) copied, 8.340823 s, 15.3 MB/s
2026-05-20 03:10:01,225 DEBUG   144703488 bytes (145 MB) copied, 9.365059 s, 15.5 MB/s
2026-05-20 03:10:01,225 DEBUG   154140672 bytes (154 MB) copied, 10.383827 s, 14.8 MB/s
2026-05-20 03:10:01,225 DEBUG   163577856 bytes (164 MB) copied, 11.555910 s, 14.2 MB/s
2026-05-20 03:10:01,225 DEBUG   177209344 bytes (177 MB) copied, 12.568821 s, 14.1 MB/s
2026-05-20 03:10:01,225 DEBUG   191889408 bytes (192 MB) copied, 13.595900 s, 14.1 MB/s
2026-05-20 03:10:01,225 DEBUG   202375168 bytes (202 MB) copied, 14.599818 s, 13.9 MB/s
2026-05-20 03:10:01,225 DEBUG   214958080 bytes (215 MB) copied, 15.622888 s, 13.8 MB/s
2026-05-20 03:10:01,225 DEBUG   230686720 bytes (231 MB) copied, 16.768506 s, 13.8 MB/s
2026-05-20 03:10:01,225 DEBUG   241172480 bytes (241 MB) copied, 17.793133 s, 13.6 MB/s
2026-05-20 03:10:01,225 DEBUG   251658240 bytes (252 MB) copied, 18.813826 s, 13.4 MB/s
2026-05-20 03:10:01,225 DEBUG   261095424 bytes (261 MB) copied, 19.831815 s, 13.2 MB/s
2026-05-20 03:10:01,225 DEBUG   272629760 bytes (273 MB) copied, 20.862847 s, 13.1 MB/s
2026-05-20 03:10:01,226 DEBUG   282066944 bytes (282 MB) copied, 21.988854 s, 12.8 MB/s
2026-05-20 03:10:01,226 DEBUG   294649856 bytes (295 MB) copied, 23.007847 s, 12.8 MB/s
2026-05-20 03:10:01,226 DEBUG   309329920 bytes (309 MB) copied, 24.015176 s, 12.9 MB/s
2026-05-20 03:10:01,226 DEBUG   322961408 bytes (323 MB) copied, 25.074890 s, 12.9 MB/s
2026-05-20 03:10:01,226 DEBUG   335544320 bytes (336 MB) copied, 26.108855 s, 12.9 MB/s
2026-05-20 03:10:01,226 DEBUG   348127232 bytes (348 MB) copied, 27.115835 s, 12.8 MB/s
2026-05-20 03:10:01,226 DEBUG   359661568 bytes (360 MB) copied, 28.197828 s, 12.8 MB/s
2026-05-20 03:10:01,226 DEBUG   372244480 bytes (372 MB) copied, 29.262839 s, 12.7 MB/s
2026-05-20 03:10:01,226 DEBUG   383778816 bytes (384 MB) copied, 30.271858 s, 12.7 MB/s
2026-05-20 03:10:01,226 DEBUG   394264576 bytes (394 MB) copied, 31.346887 s, 12.6 MB/s
2026-05-20 03:10:01,226 DEBUG   402653184 bytes (403 MB) copied, 32.409834 s, 12.4 MB/s
2026-05-20 03:10:01,226 DEBUG   414187520 bytes (414 MB) copied, 33.474867 s, 12.4 MB/s
2026-05-20 03:10:01,226 DEBUG   426770432 bytes (427 MB) copied, 34.693914 s, 12.3 MB/s
2026-05-20 03:10:01,226 DEBUG   438304768 bytes (438 MB) copied, 35.779869 s, 12.3 MB/s
2026-05-20 03:10:01,226 DEBUG   450887680 bytes (451 MB) copied, 36.852845 s, 12.2 MB/s
2026-05-20 03:10:01,226 DEBUG   459276288 bytes (459 MB) copied, 37.892100 s, 12.1 MB/s
2026-05-20 03:10:01,226 DEBUG   470810624 bytes (471 MB) copied, 39.029044 s, 12.1 MB/s
2026-05-20 03:10:01,226 DEBUG   482344960 bytes (482 MB) copied, 40.056006 s, 12.0 MB/s
2026-05-20 03:10:01,226 DEBUG   492830720 bytes (493 MB) copied, 41.110835 s, 12.0 MB/s
2026-05-20 03:10:01,226 DEBUG   503316480 bytes (503 MB) copied, 42.213908 s, 11.9 MB/s
2026-05-20 03:10:01,226 DEBUG   513802240 bytes (514 MB) copied, 43.214935 s, 11.9 MB/s
2026-05-20 03:10:01,226 DEBUG   526385152 bytes (526 MB) copied, 44.215858 s, 11.9 MB/s
2026-05-20 03:10:01,226 DEBUG   537919488 bytes (538 MB) copied, 45.342948 s, 11.9 MB/s
2026-05-20 03:10:01,226 DEBUG   558891008 bytes (559 MB) copied, 46.372949 s, 12.1 MB/s
2026-05-20 03:10:01,226 DEBUG   570425344 bytes (570 MB) copied, 47.419236 s, 12.0 MB/s
2026-05-20 03:10:01,226 DEBUG   579862528 bytes (580 MB) copied, 48.428910 s, 12.0 MB/s
2026-05-20 03:10:01,226 DEBUG   589299712 bytes (589 MB) copied, 49.448871 s, 11.9 MB/s
2026-05-20 03:10:01,226 DEBUG   598736896 bytes (599 MB) copied, 50.497907 s, 11.9 MB/s
2026-05-20 03:10:01,226 DEBUG   611319808 bytes (611 MB) copied, 51.596866 s, 11.8 MB/s
2026-05-20 03:10:01,226 DEBUG   622854144 bytes (623 MB) copied, 52.666851 s, 11.8 MB/s
2026-05-20 03:10:01,226 DEBUG   634388480 bytes (634 MB) copied, 53.758987 s, 11.8 MB/s
2026-05-20 03:10:01,226 DEBUG   645922816 bytes (646 MB) copied, 54.856838 s, 11.8 MB/s
2026-05-20 03:10:01,226 DEBUG   659554304 bytes (660 MB) copied, 55.919846 s, 11.8 MB/s
2026-05-20 03:10:01,226 DEBUG   673185792 bytes (673 MB) copied, 57.054979 s, 11.8 MB/s
2026-05-20 03:10:01,226 DEBUG   683671552 bytes (684 MB) copied, 58.064137 s, 11.8 MB/s
2026-05-20 03:10:01,226 DEBUG   698351616 bytes (698 MB) copied, 59.101834 s, 11.8 MB/s
2026-05-20 03:10:01,226 DEBUG   708837376 bytes (709 MB) copied, 60.165856 s, 11.8 MB/s
2026-05-20 03:10:01,226 DEBUG   727711744 bytes (728 MB) copied, 61.196908 s, 11.9 MB/s
2026-05-20 03:10:01,226 DEBUG   745537536 bytes (746 MB) copied, 62.269889 s, 12.0 MB/s
2026-05-20 03:10:01,226 DEBUG   757071872 bytes (757 MB) copied, 63.358188 s, 11.9 MB/s
2026-05-20 03:10:01,226 DEBUG   769654784 bytes (770 MB) copied, 64.400887 s, 12.0 MB/s
2026-05-20 03:10:01,226 DEBUG   783286272 bytes (783 MB) copied, 65.453847 s, 12.0 MB/s
2026-05-20 03:10:01,226 DEBUG   796917760 bytes (797 MB) copied, 66.455848 s, 12.0 MB/s
2026-05-20 03:10:01,226 DEBUG   806354944 bytes (806 MB) copied, 67.503016 s, 11.9 MB/s
2026-05-20 03:10:01,226 DEBUG   818937856 bytes (819 MB) copied, 68.566840 s, 11.9 MB/s
2026-05-20 03:10:01,226 DEBUG   829423616 bytes (829 MB) copied, 69.691288 s, 11.9 MB/s
2026-05-20 03:10:01,226 DEBUG   840957952 bytes (841 MB) copied, 70.740957 s, 11.9 MB/s
2026-05-20 03:10:01,226 DEBUG   852492288 bytes (852 MB) copied, 71.862824 s, 11.9 MB/s
2026-05-20 03:10:01,226 DEBUG   865075200 bytes (865 MB) copied, 72.973802 s, 11.9 MB/s
2026-05-20 03:10:01,226 DEBUG   881852416 bytes (882 MB) copied, 74.027130 s, 11.9 MB/s
2026-05-20 03:10:01,226 DEBUG   896532480 bytes (897 MB) copied, 75.059908 s, 11.9 MB/s
2026-05-20 03:10:01,226 DEBUG   911212544 bytes (911 MB) copied, 76.079925 s, 12.0 MB/s
2026-05-20 03:10:01,226 DEBUG   923795456 bytes (924 MB) copied, 77.194872 s, 12.0 MB/s
2026-05-20 03:10:01,227 DEBUG   935329792 bytes (935 MB) copied, 78.209889 s, 12.0 MB/s
2026-05-20 03:10:01,227 DEBUG   947912704 bytes (948 MB) copied, 79.231931 s, 12.0 MB/s
2026-05-20 03:10:01,227 DEBUG   957349888 bytes (957 MB) copied, 80.259195 s, 11.9 MB/s
2026-05-20 03:10:01,227 DEBUG   974127104 bytes (974 MB) copied, 81.430292 s, 12.0 MB/s
2026-05-20 03:10:01,227 DEBUG   985661440 bytes (986 MB) copied, 82.478850 s, 12.0 MB/s
2026-05-20 03:10:01,227 DEBUG   994050048 bytes (994 MB) copied, 83.595976 s, 11.9 MB/s
2026-05-20 03:10:01,227 DEBUG   1007681536 bytes (1.0 GB) copied, 84.641937 s, 11.9 MB/s
2026-05-20 03:10:01,227 DEBUG   1021313024 bytes (1.0 GB) copied, 85.749824 s, 11.9 MB/s
2026-05-20 03:10:01,227 DEBUG   1032847360 bytes (1.0 GB) copied, 86.795881 s, 11.9 MB/s
2026-05-20 03:10:01,227 DEBUG   1042284544 bytes (1.0 GB) copied, 87.842241 s, 11.9 MB/s
2026-05-20 03:10:01,227 DEBUG   1050673152 bytes (1.1 GB) copied, 88.859056 s, 11.8 MB/s
2026-05-20 03:10:01,227 DEBUG   1060110336 bytes (1.1 GB) copied, 90.037835 s, 11.8 MB/s
2026-05-20 03:10:01,227 DEBUG   1073741824 bytes (1.1 GB) copied, 91.084878 s, 11.8 MB/s
2026-05-20 03:10:01,227 DEBUG   1024+0 records in
2026-05-20 03:10:01,227 DEBUG   1024+0 records out
2026-05-20 03:10:01,227 DEBUG   1073741824 bytes (1.1 GB) copied, 91.0849 s, 11.8 MB/s
2026-05-20 03:10:01,227 DEBUG   OK (disk op exit 0)
2026-05-20 03:10:01,227 WARNING Guest disk op wall 94.5s (vm='ahv_ins_delete-0-260514-183022' ip=10.114.53.12 op=create ec=0) — includes SSH + guest disk command; if still high, check guest disk throughput vs. MiB settings.
2026-05-20 03:10:01,227 DEBUG [84/1170] VM c2251f5c… (ahv_ins_delete-0-260514-190948) via 10.114.48.128 op=create
2026-05-20 03:10:01,227 DEBUG   remote: bash -lc 'set -e; _bs(){ printf '"'"'BULK_SNAP_T %s %s\n'"'"' "$1" "$(date +%s.%N 2>/dev/null || date +%s)"; }; _bs guest_start; _bs pipeline_start; openssl enc -aes-256-ctr -pass pass:"testing" -nosalt < /dev/zero 2>/dev/null | dd of=/root/dummy_snapshot_data_1.img bs=1M count=1024 iflag=fullblock status=progress; ec=$?; _bs pipeline_done; _bs guest_end; exit $ec'
2026-05-20 03:10:01,990 DEBUG   BULK_SNAP_T guest_start 1779214111.727851448
2026-05-20 03:10:01,991 DEBUG   BULK_SNAP_T pipeline_start 1779214111.732042200
2026-05-20 03:10:01,991 DEBUG   BULK_SNAP_T pipeline_done 1779214197.923240055
2026-05-20 03:10:01,991 DEBUG   BULK_SNAP_T guest_end 1779214197.933561429
2026-05-20 03:10:01,991 DEBUG   
2026-05-20 03:10:01,991 DEBUG   11534336 bytes (12 MB) copied, 1.000957 s, 11.5 MB/s
2026-05-20 03:10:01,991 DEBUG   26214400 bytes (26 MB) copied, 2.086993 s, 12.6 MB/s
2026-05-20 03:10:01,991 DEBUG   41943040 bytes (42 MB) copied, 3.129092 s, 13.4 MB/s
2026-05-20 03:10:01,991 DEBUG   52428800 bytes (52 MB) copied, 4.145947 s, 12.6 MB/s
2026-05-20 03:10:01,991 DEBUG   66060288 bytes (66 MB) copied, 5.171949 s, 12.8 MB/s
2026-05-20 03:10:01,991 DEBUG   76546048 bytes (77 MB) copied, 6.185936 s, 12.4 MB/s
2026-05-20 03:10:01,991 DEBUG   89128960 bytes (89 MB) copied, 7.252406 s, 12.3 MB/s
2026-05-20 03:10:01,991 DEBUG   106954752 bytes (107 MB) copied, 8.350434 s, 12.8 MB/s
2026-05-20 03:10:01,991 DEBUG   121634816 bytes (122 MB) copied, 9.357974 s, 13.0 MB/s
2026-05-20 03:10:01,991 DEBUG   137363456 bytes (137 MB) copied, 10.366985 s, 13.3 MB/s
2026-05-20 03:10:01,991 DEBUG   153092096 bytes (153 MB) copied, 11.517982 s, 13.3 MB/s
2026-05-20 03:10:01,991 DEBUG   164626432 bytes (165 MB) copied, 12.557949 s, 13.1 MB/s
2026-05-20 03:10:01,991 DEBUG   177209344 bytes (177 MB) copied, 13.566021 s, 13.1 MB/s
2026-05-20 03:10:01,991 DEBUG   198180864 bytes (198 MB) copied, 14.642974 s, 13.5 MB/s
2026-05-20 03:10:01,991 DEBUG   211812352 bytes (212 MB) copied, 15.643984 s, 13.5 MB/s
2026-05-20 03:10:01,991 DEBUG   224395264 bytes (224 MB) copied, 16.701112 s, 13.4 MB/s
2026-05-20 03:10:01,991 DEBUG   241172480 bytes (241 MB) copied, 17.707942 s, 13.6 MB/s
2026-05-20 03:10:01,991 DEBUG   253755392 bytes (254 MB) copied, 18.811937 s, 13.5 MB/s
2026-05-20 03:10:01,991 DEBUG   269484032 bytes (269 MB) copied, 19.912025 s, 13.5 MB/s
2026-05-20 03:10:01,991 DEBUG   284164096 bytes (284 MB) copied, 20.923965 s, 13.6 MB/s
2026-05-20 03:10:01,991 DEBUG   298844160 bytes (299 MB) copied, 22.018940 s, 13.6 MB/s
2026-05-20 03:10:01,991 DEBUG   312475648 bytes (312 MB) copied, 23.102946 s, 13.5 MB/s
2026-05-20 03:10:01,991 DEBUG   324009984 bytes (324 MB) copied, 24.122893 s, 13.4 MB/s
2026-05-20 03:10:01,991 DEBUG   335544320 bytes (336 MB) copied, 25.159998 s, 13.3 MB/s
2026-05-20 03:10:01,991 DEBUG   346030080 bytes (346 MB) copied, 26.311987 s, 13.2 MB/s
2026-05-20 03:10:01,991 DEBUG   358612992 bytes (359 MB) copied, 27.348991 s, 13.1 MB/s
2026-05-20 03:10:01,991 DEBUG   370147328 bytes (370 MB) copied, 28.380982 s, 13.0 MB/s
2026-05-20 03:10:01,991 DEBUG   380633088 bytes (381 MB) copied, 29.431183 s, 12.9 MB/s
2026-05-20 03:10:01,991 DEBUG   394264576 bytes (394 MB) copied, 30.449522 s, 12.9 MB/s
2026-05-20 03:10:01,991 DEBUG   405798912 bytes (406 MB) copied, 31.481923 s, 12.9 MB/s
2026-05-20 03:10:01,991 DEBUG   417333248 bytes (417 MB) copied, 32.569117 s, 12.8 MB/s
2026-05-20 03:10:01,991 DEBUG   432013312 bytes (432 MB) copied, 33.785974 s, 12.8 MB/s
2026-05-20 03:10:01,991 DEBUG   448790528 bytes (449 MB) copied, 34.812979 s, 12.9 MB/s
2026-05-20 03:10:01,991 DEBUG   460324864 bytes (460 MB) copied, 35.846021 s, 12.8 MB/s
2026-05-20 03:10:01,991 DEBUG   472907776 bytes (473 MB) copied, 36.939166 s, 12.8 MB/s
2026-05-20 03:10:01,991 DEBUG   487587840 bytes (488 MB) copied, 37.942070 s, 12.9 MB/s
2026-05-20 03:10:01,991 DEBUG   500170752 bytes (500 MB) copied, 39.019982 s, 12.8 MB/s
2026-05-20 03:10:01,992 DEBUG   512753664 bytes (513 MB) copied, 40.196958 s, 12.8 MB/s
2026-05-20 03:10:01,992 DEBUG   528482304 bytes (528 MB) copied, 41.305923 s, 12.8 MB/s
2026-05-20 03:10:01,992 DEBUG   542113792 bytes (542 MB) copied, 42.363969 s, 12.8 MB/s
2026-05-20 03:10:01,992 DEBUG   555745280 bytes (556 MB) copied, 43.382973 s, 12.8 MB/s
2026-05-20 03:10:01,992 DEBUG   569376768 bytes (569 MB) copied, 44.423316 s, 12.8 MB/s
2026-05-20 03:10:01,992 DEBUG   583008256 bytes (583 MB) copied, 45.546913 s, 12.8 MB/s
2026-05-20 03:10:01,992 DEBUG   593494016 bytes (593 MB) copied, 46.724015 s, 12.7 MB/s
2026-05-20 03:10:01,992 DEBUG   612368384 bytes (612 MB) copied, 47.860006 s, 12.8 MB/s
2026-05-20 03:10:01,992 DEBUG   624951296 bytes (625 MB) copied, 48.861022 s, 12.8 MB/s
2026-05-20 03:10:01,992 DEBUG   637534208 bytes (638 MB) copied, 49.888110 s, 12.8 MB/s
2026-05-20 03:10:01,992 DEBUG   652214272 bytes (652 MB) copied, 50.941963 s, 12.8 MB/s
2026-05-20 03:10:01,992 DEBUG   666894336 bytes (667 MB) copied, 51.979229 s, 12.8 MB/s
2026-05-20 03:10:01,992 DEBUG   676331520 bytes (676 MB) copied, 53.031967 s, 12.8 MB/s
2026-05-20 03:10:01,992 DEBUG   688914432 bytes (689 MB) copied, 54.144976 s, 12.7 MB/s
2026-05-20 03:10:01,992 DEBUG   700448768 bytes (700 MB) copied, 55.170986 s, 12.7 MB/s
2026-05-20 03:10:01,992 DEBUG   716177408 bytes (716 MB) copied, 56.324949 s, 12.7 MB/s
2026-05-20 03:10:01,992 DEBUG   727711744 bytes (728 MB) copied, 57.454261 s, 12.7 MB/s
2026-05-20 03:10:01,992 DEBUG   743440384 bytes (743 MB) copied, 58.514935 s, 12.7 MB/s
2026-05-20 03:10:01,992 DEBUG   759169024 bytes (759 MB) copied, 59.640117 s, 12.7 MB/s
2026-05-20 03:10:01,992 DEBUG   770703360 bytes (771 MB) copied, 60.760243 s, 12.7 MB/s
2026-05-20 03:10:01,992 DEBUG   782237696 bytes (782 MB) copied, 61.874952 s, 12.6 MB/s
2026-05-20 03:10:01,992 DEBUG   792723456 bytes (793 MB) copied, 62.947055 s, 12.6 MB/s
2026-05-20 03:10:01,992 DEBUG   805306368 bytes (805 MB) copied, 63.953086 s, 12.6 MB/s
2026-05-20 03:10:01,992 DEBUG   817889280 bytes (818 MB) copied, 64.984944 s, 12.6 MB/s
2026-05-20 03:10:01,992 DEBUG   835715072 bytes (836 MB) copied, 66.004190 s, 12.7 MB/s
2026-05-20 03:10:01,992 DEBUG   848297984 bytes (848 MB) copied, 67.051300 s, 12.7 MB/s
2026-05-20 03:10:01,992 DEBUG   865075200 bytes (865 MB) copied, 68.168006 s, 12.7 MB/s
2026-05-20 03:10:01,992 DEBUG   876609536 bytes (877 MB) copied, 69.185950 s, 12.7 MB/s
2026-05-20 03:10:01,992 DEBUG   893386752 bytes (893 MB) copied, 70.249156 s, 12.7 MB/s
2026-05-20 03:10:01,992 DEBUG   907018240 bytes (907 MB) copied, 71.442961 s, 12.7 MB/s
2026-05-20 03:10:01,992 DEBUG   919601152 bytes (920 MB) copied, 72.461186 s, 12.7 MB/s
2026-05-20 03:10:01,992 DEBUG   930086912 bytes (930 MB) copied, 73.637011 s, 12.6 MB/s
2026-05-20 03:10:01,992 DEBUG   942669824 bytes (943 MB) copied, 74.830969 s, 12.6 MB/s
2026-05-20 03:10:01,992 DEBUG   957349888 bytes (957 MB) copied, 75.867394 s, 12.6 MB/s
2026-05-20 03:10:01,992 DEBUG   972029952 bytes (972 MB) copied, 76.929986 s, 12.6 MB/s
2026-05-20 03:10:01,992 DEBUG   982515712 bytes (983 MB) copied, 78.009491 s, 12.6 MB/s
2026-05-20 03:10:01,992 DEBUG   999292928 bytes (999 MB) copied, 79.063479 s, 12.6 MB/s
2026-05-20 03:10:01,992 DEBUG   1013972992 bytes (1.0 GB) copied, 80.133960 s, 12.7 MB/s
2026-05-20 03:10:01,992 DEBUG   1026555904 bytes (1.0 GB) copied, 81.200035 s, 12.6 MB/s
2026-05-20 03:10:01,992 DEBUG   1037041664 bytes (1.0 GB) copied, 82.281060 s, 12.6 MB/s
2026-05-20 03:10:01,992 DEBUG   1046478848 bytes (1.0 GB) copied, 83.381917 s, 12.6 MB/s
2026-05-20 03:10:01,992 DEBUG   1060110336 bytes (1.1 GB) copied, 84.435980 s, 12.6 MB/s
2026-05-20 03:10:01,992 DEBUG   1069547520 bytes (1.1 GB) copied, 85.618924 s, 12.5 MB/s
2026-05-20 03:10:01,992 DEBUG   1024+0 records in
2026-05-20 03:10:01,992 DEBUG   1024+0 records out
2026-05-20 03:10:01,992 DEBUG   1073741824 bytes (1.1 GB) copied, 86.042 s, 12.5 MB/s
2026-05-20 03:10:01,992 DEBUG   OK (disk op exit 0)
2026-05-20 03:10:01,993 WARNING Guest disk op wall 88.5s (vm='ahv_ins_delete-0-260514-183549' ip=10.114.51.48 op=create ec=0) — includes SSH + guest disk command; if still high, check guest disk throughput vs. MiB settings.
2026-05-20 03:10:01,993 DEBUG [85/1170] VM e06a3390… (ahv_ins_delete-0-260514-190948) via 10.114.53.0 op=create
2026-05-20 03:10:01,993 DEBUG   remote: bash -lc 'set -e; _bs(){ printf '"'"'BULK_SNAP_T %s %s\n'"'"' "$1" "$(date +%s.%N 2>/dev/null || date +%s)"; }; _bs guest_start; _bs pipeline_start; openssl enc -aes-256-ctr -pass pass:"testing" -nosalt < /dev/zero 2>/dev/null | dd of=/root/dummy_snapshot_data_1.img bs=1M count=1024 iflag=fullblock status=progress; ec=$?; _bs pipeline_done; _bs guest_end; exit $ec'
2026-05-20 03:10:06,032 DEBUG   BULK_SNAP_T guest_start 1779214114.590447287
2026-05-20 03:10:06,032 DEBUG   BULK_SNAP_T pipeline_start 1779214114.602411496
2026-05-20 03:10:06,032 DEBUG   BULK_SNAP_T pipeline_done 1779214202.154745276
2026-05-20 03:10:06,032 DEBUG   BULK_SNAP_T guest_end 1779214202.161585709
2026-05-20 03:10:06,032 DEBUG   
2026-05-20 03:10:06,032 DEBUG   14680064 bytes (15 MB) copied, 1.019810 s, 14.4 MB/s
2026-05-20 03:10:06,032 DEBUG   24117248 bytes (24 MB) copied, 2.135693 s, 11.3 MB/s
2026-05-20 03:10:06,032 DEBUG   36700160 bytes (37 MB) copied, 3.182662 s, 11.5 MB/s
2026-05-20 03:10:06,032 DEBUG   49283072 bytes (49 MB) copied, 4.347657 s, 11.3 MB/s
2026-05-20 03:10:06,032 DEBUG   66060288 bytes (66 MB) copied, 5.370683 s, 12.3 MB/s
2026-05-20 03:10:06,032 DEBUG   81788928 bytes (82 MB) copied, 6.380670 s, 12.8 MB/s
2026-05-20 03:10:06,032 DEBUG   94371840 bytes (94 MB) copied, 7.421681 s, 12.7 MB/s
2026-05-20 03:10:06,032 DEBUG   110100480 bytes (110 MB) copied, 8.430689 s, 13.1 MB/s
2026-05-20 03:10:06,033 DEBUG   123731968 bytes (124 MB) copied, 9.586649 s, 12.9 MB/s
2026-05-20 03:10:06,033 DEBUG   138412032 bytes (138 MB) copied, 10.636673 s, 13.0 MB/s
2026-05-20 03:10:06,033 DEBUG   148897792 bytes (149 MB) copied, 11.786719 s, 12.6 MB/s
2026-05-20 03:10:06,033 DEBUG   175112192 bytes (175 MB) copied, 12.871655 s, 13.6 MB/s
2026-05-20 03:10:06,033 DEBUG   185597952 bytes (186 MB) copied, 13.875757 s, 13.4 MB/s
2026-05-20 03:10:06,033 DEBUG   198180864 bytes (198 MB) copied, 15.052706 s, 13.2 MB/s
2026-05-20 03:10:06,033 DEBUG   212860928 bytes (213 MB) copied, 16.186725 s, 13.2 MB/s
2026-05-20 03:10:06,033 DEBUG   226492416 bytes (226 MB) copied, 17.225701 s, 13.1 MB/s
2026-05-20 03:10:06,033 DEBUG   240123904 bytes (240 MB) copied, 18.277678 s, 13.1 MB/s
2026-05-20 03:10:06,033 DEBUG   253755392 bytes (254 MB) copied, 19.326709 s, 13.1 MB/s
2026-05-20 03:10:06,033 DEBUG   264241152 bytes (264 MB) copied, 20.358677 s, 13.0 MB/s
2026-05-20 03:10:06,033 DEBUG   275775488 bytes (276 MB) copied, 21.429718 s, 12.9 MB/s
2026-05-20 03:10:06,033 DEBUG   287309824 bytes (287 MB) copied, 22.501643 s, 12.8 MB/s
2026-05-20 03:10:06,033 DEBUG   297795584 bytes (298 MB) copied, 23.692703 s, 12.6 MB/s
2026-05-20 03:10:06,033 DEBUG   308281344 bytes (308 MB) copied, 24.734709 s, 12.5 MB/s
2026-05-20 03:10:06,033 DEBUG   322961408 bytes (323 MB) copied, 25.840858 s, 12.5 MB/s
2026-05-20 03:10:06,033 DEBUG   335544320 bytes (336 MB) copied, 26.865019 s, 12.5 MB/s
2026-05-20 03:10:06,033 DEBUG   348127232 bytes (348 MB) copied, 27.876919 s, 12.5 MB/s
2026-05-20 03:10:06,033 DEBUG   358612992 bytes (359 MB) copied, 28.940682 s, 12.4 MB/s
2026-05-20 03:10:06,033 DEBUG   370147328 bytes (370 MB) copied, 29.983686 s, 12.3 MB/s
2026-05-20 03:10:06,033 DEBUG   381681664 bytes (382 MB) copied, 30.992726 s, 12.3 MB/s
2026-05-20 03:10:06,033 DEBUG   392167424 bytes (392 MB) copied, 32.019660 s, 12.2 MB/s
2026-05-20 03:10:06,033 DEBUG   402653184 bytes (403 MB) copied, 33.085800 s, 12.2 MB/s
2026-05-20 03:10:06,033 DEBUG   414187520 bytes (414 MB) copied, 34.172688 s, 12.1 MB/s
2026-05-20 03:10:06,033 DEBUG   426770432 bytes (427 MB) copied, 35.290654 s, 12.1 MB/s
2026-05-20 03:10:06,033 DEBUG   439353344 bytes (439 MB) copied, 36.343963 s, 12.1 MB/s
2026-05-20 03:10:06,033 DEBUG   450887680 bytes (451 MB) copied, 37.367994 s, 12.1 MB/s
2026-05-20 03:10:06,033 DEBUG   469762048 bytes (470 MB) copied, 38.385669 s, 12.2 MB/s
2026-05-20 03:10:06,033 DEBUG   482344960 bytes (482 MB) copied, 39.504675 s, 12.2 MB/s
2026-05-20 03:10:06,033 DEBUG   493879296 bytes (494 MB) copied, 40.587906 s, 12.2 MB/s
2026-05-20 03:10:06,033 DEBUG   508559360 bytes (509 MB) copied, 41.669921 s, 12.2 MB/s
2026-05-20 03:10:06,033 DEBUG   521142272 bytes (521 MB) copied, 42.718672 s, 12.2 MB/s
2026-05-20 03:10:06,033 DEBUG   533725184 bytes (534 MB) copied, 43.724643 s, 12.2 MB/s
2026-05-20 03:10:06,033 DEBUG   545259520 bytes (545 MB) copied, 44.825714 s, 12.2 MB/s
2026-05-20 03:10:06,033 DEBUG   562036736 bytes (562 MB) copied, 45.857941 s, 12.3 MB/s
2026-05-20 03:10:06,033 DEBUG   574619648 bytes (575 MB) copied, 46.928655 s, 12.2 MB/s
2026-05-20 03:10:06,033 DEBUG   588251136 bytes (588 MB) copied, 48.010756 s, 12.3 MB/s
2026-05-20 03:10:06,033 DEBUG   599785472 bytes (600 MB) copied, 49.017641 s, 12.2 MB/s
2026-05-20 03:10:06,033 DEBUG   614465536 bytes (614 MB) copied, 50.041869 s, 12.3 MB/s
2026-05-20 03:10:06,033 DEBUG   632291328 bytes (632 MB) copied, 51.113661 s, 12.4 MB/s
2026-05-20 03:10:06,033 DEBUG   646971392 bytes (647 MB) copied, 52.291747 s, 12.4 MB/s
2026-05-20 03:10:06,033 DEBUG   662700032 bytes (663 MB) copied, 53.492846 s, 12.4 MB/s
2026-05-20 03:10:06,033 DEBUG   674234368 bytes (674 MB) copied, 54.646654 s, 12.3 MB/s
2026-05-20 03:10:06,033 DEBUG   687865856 bytes (688 MB) copied, 55.697671 s, 12.3 MB/s
2026-05-20 03:10:06,033 DEBUG   701497344 bytes (701 MB) copied, 56.786760 s, 12.4 MB/s
2026-05-20 03:10:06,033 DEBUG   713031680 bytes (713 MB) copied, 57.891695 s, 12.3 MB/s
2026-05-20 03:10:06,033 DEBUG   729808896 bytes (730 MB) copied, 58.961790 s, 12.4 MB/s
2026-05-20 03:10:06,033 DEBUG   743440384 bytes (743 MB) copied, 59.964795 s, 12.4 MB/s
2026-05-20 03:10:06,033 DEBUG   759169024 bytes (759 MB) copied, 61.087731 s, 12.4 MB/s
2026-05-20 03:10:06,034 DEBUG   770703360 bytes (771 MB) copied, 62.133795 s, 12.4 MB/s
2026-05-20 03:10:06,034 DEBUG   781189120 bytes (781 MB) copied, 63.151911 s, 12.4 MB/s
2026-05-20 03:10:06,034 DEBUG   793772032 bytes (794 MB) copied, 64.168908 s, 12.4 MB/s
2026-05-20 03:10:06,034 DEBUG   806354944 bytes (806 MB) copied, 65.175658 s, 12.4 MB/s
2026-05-20 03:10:06,034 DEBUG   816840704 bytes (817 MB) copied, 66.292744 s, 12.3 MB/s
2026-05-20 03:10:06,034 DEBUG   831520768 bytes (832 MB) copied, 67.371762 s, 12.3 MB/s
2026-05-20 03:10:06,034 DEBUG   845152256 bytes (845 MB) copied, 68.446748 s, 12.3 MB/s
2026-05-20 03:10:06,034 DEBUG   857735168 bytes (858 MB) copied, 69.496851 s, 12.3 MB/s
2026-05-20 03:10:06,034 DEBUG   868220928 bytes (868 MB) copied, 70.636719 s, 12.3 MB/s
2026-05-20 03:10:06,034 DEBUG   881852416 bytes (882 MB) copied, 71.677705 s, 12.3 MB/s
2026-05-20 03:10:06,034 DEBUG   892338176 bytes (892 MB) copied, 72.792730 s, 12.3 MB/s
2026-05-20 03:10:06,034 DEBUG   902823936 bytes (903 MB) copied, 73.871668 s, 12.2 MB/s
2026-05-20 03:10:06,034 DEBUG   920649728 bytes (921 MB) copied, 74.880244 s, 12.3 MB/s
2026-05-20 03:10:06,034 DEBUG   933232640 bytes (933 MB) copied, 75.995046 s, 12.3 MB/s
2026-05-20 03:10:06,034 DEBUG   946864128 bytes (947 MB) copied, 77.012681 s, 12.3 MB/s
2026-05-20 03:10:06,034 DEBUG   960495616 bytes (960 MB) copied, 78.029751 s, 12.3 MB/s
2026-05-20 03:10:06,034 DEBUG   970981376 bytes (971 MB) copied, 79.030645 s, 12.3 MB/s
2026-05-20 03:10:06,034 DEBUG   982515712 bytes (983 MB) copied, 80.148668 s, 12.3 MB/s
2026-05-20 03:10:06,034 DEBUG   1001390080 bytes (1.0 GB) copied, 81.275632 s, 12.3 MB/s
2026-05-20 03:10:06,034 DEBUG   1015021568 bytes (1.0 GB) copied, 82.425714 s, 12.3 MB/s
2026-05-20 03:10:06,034 DEBUG   1025507328 bytes (1.0 GB) copied, 83.448657 s, 12.3 MB/s
2026-05-20 03:10:06,034 DEBUG   1039138816 bytes (1.0 GB) copied, 84.528770 s, 12.3 MB/s
2026-05-20 03:10:06,034 DEBUG   1053818880 bytes (1.1 GB) copied, 85.662740 s, 12.3 MB/s
2026-05-20 03:10:06,034 DEBUG   1066401792 bytes (1.1 GB) copied, 86.700669 s, 12.3 MB/s
2026-05-20 03:10:06,034 DEBUG   1024+0 records in
2026-05-20 03:10:06,034 DEBUG   1024+0 records out
2026-05-20 03:10:06,034 DEBUG   1073741824 bytes (1.1 GB) copied, 87.4102 s, 12.3 MB/s
2026-05-20 03:10:06,034 DEBUG   OK (disk op exit 0)
2026-05-20 03:10:06,034 WARNING Guest disk op wall 90.5s (vm='ahv_ins_delete-0-260514-184128' ip=10.114.51.75 op=create ec=0) — includes SSH + guest disk command; if still high, check guest disk throughput vs. MiB settings.
2026-05-20 03:10:06,035 DEBUG [86/1170] VM c2609b16… (ahv_ins_delete-0-260514-191505) via 10.114.49.22 op=create
2026-05-20 03:10:06,035 DEBUG   remote: bash -lc 'set -e; _bs(){ printf '"'"'BULK_SNAP_T %s %s\n'"'"' "$1" "$(date +%s.%N 2>/dev/null || date +%s)"; }; _bs guest_start; _bs pipeline_start; openssl enc -aes-256-ctr -pass pass:"testing" -nosalt < /dev/zero 2>/dev/null | dd of=/root/dummy_snapshot_data_1.img bs=1M count=1024 iflag=fullblock status=progress; ec=$?; _bs pipeline_done; _bs guest_end; exit $ec'
2026-05-20 03:10:06,978 DEBUG   BULK_SNAP_T guest_start 1779214106.674503308
2026-05-20 03:10:06,978 DEBUG   BULK_SNAP_T pipeline_start 1779214106.683880183
2026-05-20 03:10:06,979 DEBUG   BULK_SNAP_T pipeline_done 1779214203.754855905
2026-05-20 03:10:06,979 DEBUG   BULK_SNAP_T guest_end 1779214203.767017835
2026-05-20 03:10:06,979 DEBUG   
2026-05-20 03:10:06,979 DEBUG   13631488 bytes (14 MB) copied, 1.245856 s, 10.9 MB/s
2026-05-20 03:10:06,979 DEBUG   32505856 bytes (33 MB) copied, 2.300898 s, 14.1 MB/s
2026-05-20 03:10:06,979 DEBUG   46137344 bytes (46 MB) copied, 3.330879 s, 13.9 MB/s
2026-05-20 03:10:06,979 DEBUG   61865984 bytes (62 MB) copied, 4.370873 s, 14.2 MB/s
2026-05-20 03:10:06,979 DEBUG   74448896 bytes (74 MB) copied, 5.398901 s, 13.8 MB/s
2026-05-20 03:10:06,979 DEBUG   88080384 bytes (88 MB) copied, 6.415853 s, 13.7 MB/s
2026-05-20 03:10:06,979 DEBUG   101711872 bytes (102 MB) copied, 7.443879 s, 13.7 MB/s
2026-05-20 03:10:06,979 DEBUG   115343360 bytes (115 MB) copied, 8.498362 s, 13.6 MB/s
2026-05-20 03:10:06,979 DEBUG   128974848 bytes (129 MB) copied, 9.557860 s, 13.5 MB/s
2026-05-20 03:10:06,979 DEBUG   145752064 bytes (146 MB) copied, 10.673215 s, 13.7 MB/s
2026-05-20 03:10:06,979 DEBUG   157286400 bytes (157 MB) copied, 11.695896 s, 13.4 MB/s
2026-05-20 03:10:06,979 DEBUG   171966464 bytes (172 MB) copied, 12.765909 s, 13.5 MB/s
2026-05-20 03:10:06,979 DEBUG   181403648 bytes (181 MB) copied, 13.832864 s, 13.1 MB/s
2026-05-20 03:10:06,979 DEBUG   195035136 bytes (195 MB) copied, 14.872913 s, 13.1 MB/s
2026-05-20 03:10:06,979 DEBUG   206569472 bytes (207 MB) copied, 15.966856 s, 12.9 MB/s
2026-05-20 03:10:06,979 DEBUG   218103808 bytes (218 MB) copied, 16.983867 s, 12.8 MB/s
2026-05-20 03:10:06,979 DEBUG   230686720 bytes (231 MB) copied, 17.996929 s, 12.8 MB/s
2026-05-20 03:10:06,979 DEBUG   240123904 bytes (240 MB) copied, 19.032935 s, 12.6 MB/s
2026-05-20 03:10:06,979 DEBUG   251658240 bytes (252 MB) copied, 20.058918 s, 12.5 MB/s
2026-05-20 03:10:06,979 DEBUG   264241152 bytes (264 MB) copied, 21.161864 s, 12.5 MB/s
2026-05-20 03:10:06,979 DEBUG   273678336 bytes (274 MB) copied, 22.255902 s, 12.3 MB/s
2026-05-20 03:10:06,979 DEBUG   283115520 bytes (283 MB) copied, 23.333919 s, 12.1 MB/s
2026-05-20 03:10:06,979 DEBUG   295698432 bytes (296 MB) copied, 24.356884 s, 12.1 MB/s
2026-05-20 03:10:06,979 DEBUG   311427072 bytes (311 MB) copied, 25.380918 s, 12.3 MB/s
2026-05-20 03:10:06,979 DEBUG   322961408 bytes (323 MB) copied, 26.456879 s, 12.2 MB/s
2026-05-20 03:10:06,979 DEBUG   334495744 bytes (334 MB) copied, 27.494371 s, 12.2 MB/s
2026-05-20 03:10:06,979 DEBUG   346030080 bytes (346 MB) copied, 28.502863 s, 12.1 MB/s
2026-05-20 03:10:06,979 DEBUG   355467264 bytes (355 MB) copied, 29.504852 s, 12.0 MB/s
2026-05-20 03:10:06,979 DEBUG   365953024 bytes (366 MB) copied, 30.570854 s, 12.0 MB/s
2026-05-20 03:10:06,979 DEBUG   375390208 bytes (375 MB) copied, 31.590919 s, 11.9 MB/s
2026-05-20 03:10:06,979 DEBUG   384827392 bytes (385 MB) copied, 32.761911 s, 11.7 MB/s
2026-05-20 03:10:06,979 DEBUG   400556032 bytes (401 MB) copied, 33.917310 s, 11.8 MB/s
2026-05-20 03:10:06,979 DEBUG   418381824 bytes (418 MB) copied, 34.927897 s, 12.0 MB/s
2026-05-20 03:10:06,979 DEBUG   424673280 bytes (425 MB) copied, 35.930920 s, 11.8 MB/s
2026-05-20 03:10:06,979 DEBUG   434110464 bytes (434 MB) copied, 37.008163 s, 11.7 MB/s
2026-05-20 03:10:06,979 DEBUG   443547648 bytes (444 MB) copied, 38.066959 s, 11.7 MB/s
2026-05-20 03:10:06,980 DEBUG   454033408 bytes (454 MB) copied, 39.110999 s, 11.6 MB/s
2026-05-20 03:10:06,980 DEBUG   466616320 bytes (467 MB) copied, 40.113899 s, 11.6 MB/s
2026-05-20 03:10:06,980 DEBUG   478150656 bytes (478 MB) copied, 41.144086 s, 11.6 MB/s
2026-05-20 03:10:06,980 DEBUG   491782144 bytes (492 MB) copied, 42.205905 s, 11.7 MB/s
2026-05-20 03:10:06,980 DEBUG   502267904 bytes (502 MB) copied, 43.307884 s, 11.6 MB/s
2026-05-20 03:10:06,980 DEBUG   512753664 bytes (513 MB) copied, 44.405352 s, 11.5 MB/s
2026-05-20 03:10:06,980 DEBUG   522190848 bytes (522 MB) copied, 45.457903 s, 11.5 MB/s
2026-05-20 03:10:06,980 DEBUG   542113792 bytes (542 MB) copied, 46.538307 s, 11.6 MB/s
2026-05-20 03:10:06,980 DEBUG   551550976 bytes (552 MB) copied, 47.575918 s, 11.6 MB/s
2026-05-20 03:10:06,980 DEBUG   562036736 bytes (562 MB) copied, 48.738137 s, 11.5 MB/s
2026-05-20 03:10:06,980 DEBUG   570425344 bytes (570 MB) copied, 49.738874 s, 11.5 MB/s
2026-05-20 03:10:06,980 DEBUG   586153984 bytes (586 MB) copied, 50.860210 s, 11.5 MB/s
2026-05-20 03:10:06,980 DEBUG   598736896 bytes (599 MB) copied, 51.975828 s, 11.5 MB/s
2026-05-20 03:10:06,980 DEBUG   610271232 bytes (610 MB) copied, 53.031870 s, 11.5 MB/s
2026-05-20 03:10:06,980 DEBUG   619708416 bytes (620 MB) copied, 54.051906 s, 11.5 MB/s
2026-05-20 03:10:06,980 DEBUG   631242752 bytes (631 MB) copied, 55.190933 s, 11.4 MB/s
2026-05-20 03:10:06,980 DEBUG   640679936 bytes (641 MB) copied, 56.247900 s, 11.4 MB/s
2026-05-20 03:10:06,980 DEBUG   652214272 bytes (652 MB) copied, 57.329884 s, 11.4 MB/s
2026-05-20 03:10:06,980 DEBUG   663748608 bytes (664 MB) copied, 58.467910 s, 11.4 MB/s
2026-05-20 03:10:06,980 DEBUG   673185792 bytes (673 MB) copied, 59.549911 s, 11.3 MB/s
2026-05-20 03:10:06,980 DEBUG   683671552 bytes (684 MB) copied, 60.663992 s, 11.3 MB/s
2026-05-20 03:10:06,980 DEBUG   698351616 bytes (698 MB) copied, 61.825081 s, 11.3 MB/s
2026-05-20 03:10:06,980 DEBUG   711983104 bytes (712 MB) copied, 62.849895 s, 11.3 MB/s
2026-05-20 03:10:06,980 DEBUG   722468864 bytes (722 MB) copied, 63.894914 s, 11.3 MB/s
2026-05-20 03:10:06,980 DEBUG   730857472 bytes (731 MB) copied, 64.926963 s, 11.3 MB/s
2026-05-20 03:10:06,980 DEBUG   739246080 bytes (739 MB) copied, 66.014024 s, 11.2 MB/s
2026-05-20 03:10:06,980 DEBUG   749731840 bytes (750 MB) copied, 67.028360 s, 11.2 MB/s
2026-05-20 03:10:06,980 DEBUG   761266176 bytes (761 MB) copied, 68.032846 s, 11.2 MB/s
2026-05-20 03:10:06,980 DEBUG   776994816 bytes (777 MB) copied, 69.084877 s, 11.2 MB/s
2026-05-20 03:10:06,980 DEBUG   787480576 bytes (787 MB) copied, 70.149933 s, 11.2 MB/s
2026-05-20 03:10:06,980 DEBUG   797966336 bytes (798 MB) copied, 71.219884 s, 11.2 MB/s
2026-05-20 03:10:06,980 DEBUG   809500672 bytes (810 MB) copied, 72.245998 s, 11.2 MB/s
2026-05-20 03:10:06,980 DEBUG   827326464 bytes (827 MB) copied, 73.388877 s, 11.3 MB/s
2026-05-20 03:10:06,980 DEBUG   836763648 bytes (837 MB) copied, 74.412888 s, 11.2 MB/s
2026-05-20 03:10:06,980 DEBUG   847249408 bytes (847 MB) copied, 75.452875 s, 11.2 MB/s
2026-05-20 03:10:06,980 DEBUG   858783744 bytes (859 MB) copied, 76.454959 s, 11.2 MB/s
2026-05-20 03:10:06,980 DEBUG   870318080 bytes (870 MB) copied, 77.597313 s, 11.2 MB/s
2026-05-20 03:10:06,980 DEBUG   879755264 bytes (880 MB) copied, 78.626277 s, 11.2 MB/s
2026-05-20 03:10:06,980 DEBUG   898629632 bytes (899 MB) copied, 79.628249 s, 11.3 MB/s
2026-05-20 03:10:06,980 DEBUG   913309696 bytes (913 MB) copied, 80.707903 s, 11.3 MB/s
2026-05-20 03:10:06,980 DEBUG   922746880 bytes (923 MB) copied, 81.759956 s, 11.3 MB/s
2026-05-20 03:10:06,980 DEBUG   936378368 bytes (936 MB) copied, 82.828116 s, 11.3 MB/s
2026-05-20 03:10:06,980 DEBUG   944766976 bytes (945 MB) copied, 83.911912 s, 11.3 MB/s
2026-05-20 03:10:06,981 DEBUG   959447040 bytes (959 MB) copied, 84.930382 s, 11.3 MB/s
2026-05-20 03:10:06,981 DEBUG   969932800 bytes (970 MB) copied, 86.081879 s, 11.3 MB/s
2026-05-20 03:10:06,981 DEBUG   982515712 bytes (983 MB) copied, 87.090976 s, 11.3 MB/s
2026-05-20 03:10:06,981 DEBUG   993001472 bytes (993 MB) copied, 88.233914 s, 11.3 MB/s
2026-05-20 03:10:06,981 DEBUG   1002438656 bytes (1.0 GB) copied, 89.251061 s, 11.2 MB/s
2026-05-20 03:10:06,981 DEBUG   1013972992 bytes (1.0 GB) copied, 90.292973 s, 11.2 MB/s
2026-05-20 03:10:06,981 DEBUG   1022361600 bytes (1.0 GB) copied, 91.353858 s, 11.2 MB/s
2026-05-20 03:10:06,981 DEBUG   1034944512 bytes (1.0 GB) copied, 92.442949 s, 11.2 MB/s
2026-05-20 03:10:06,981 DEBUG   1043333120 bytes (1.0 GB) copied, 93.463032 s, 11.2 MB/s
2026-05-20 03:10:06,981 DEBUG   1053818880 bytes (1.1 GB) copied, 94.559905 s, 11.1 MB/s
2026-05-20 03:10:06,981 DEBUG   1066401792 bytes (1.1 GB) copied, 95.674972 s, 11.1 MB/s
2026-05-20 03:10:06,981 DEBUG   1024+0 records in
2026-05-20 03:10:06,981 DEBUG   1024+0 records out
2026-05-20 03:10:06,981 DEBUG   1073741824 bytes (1.1 GB) copied, 96.6519 s, 11.1 MB/s
2026-05-20 03:10:06,981 DEBUG   OK (disk op exit 0)
2026-05-20 03:10:06,981 WARNING Guest disk op wall 100.3s (vm='ahv_ins_delete-0-260514-183021' ip=10.114.54.76 op=create ec=0) — includes SSH + guest disk command; if still high, check guest disk throughput vs. MiB settings.
2026-05-20 03:10:06,982 DEBUG [87/1170] VM f6cbb609… (ahv_ins_delete-0-260514-191510) via 10.114.49.101 op=create
2026-05-20 03:10:06,982 DEBUG   remote: bash -lc 'set -e; _bs(){ printf '"'"'BULK_SNAP_T %s %s\n'"'"' "$1" "$(date +%s.%N 2>/dev/null || date +%s)"; }; _bs guest_start; _bs pipeline_start; openssl enc -aes-256-ctr -pass pass:"testing" -nosalt < /dev/zero 2>/dev/null | dd of=/root/dummy_snapshot_data_1.img bs=1M count=1024 iflag=fullblock status=progress; ec=$?; _bs pipeline_done; _bs guest_end; exit $ec'
2026-05-20 03:10:07,228 DEBUG   BULK_SNAP_T guest_start 1779214123.893274393
2026-05-20 03:10:07,229 DEBUG   BULK_SNAP_T pipeline_start 1779214123.907133046
2026-05-20 03:10:07,229 DEBUG   BULK_SNAP_T pipeline_done 1779214203.299731809
2026-05-20 03:10:07,229 DEBUG   BULK_SNAP_T guest_end 1779214203.308336482
2026-05-20 03:10:07,229 DEBUG   
2026-05-20 03:10:07,229 DEBUG   11534336 bytes (12 MB) copied, 1.225148 s, 9.4 MB/s
2026-05-20 03:10:07,229 DEBUG   27262976 bytes (27 MB) copied, 2.239138 s, 12.2 MB/s
2026-05-20 03:10:07,229 DEBUG   56623104 bytes (57 MB) copied, 3.239559 s, 17.5 MB/s
2026-05-20 03:10:07,229 DEBUG   81788928 bytes (82 MB) copied, 4.259127 s, 19.2 MB/s
2026-05-20 03:10:07,229 DEBUG   97517568 bytes (98 MB) copied, 5.351110 s, 18.2 MB/s
2026-05-20 03:10:07,229 DEBUG   106954752 bytes (107 MB) copied, 6.356182 s, 16.8 MB/s
2026-05-20 03:10:07,229 DEBUG   122683392 bytes (123 MB) copied, 7.388154 s, 16.6 MB/s
2026-05-20 03:10:07,229 DEBUG   136314880 bytes (136 MB) copied, 8.437154 s, 16.2 MB/s
2026-05-20 03:10:07,229 DEBUG   147849216 bytes (148 MB) copied, 9.525231 s, 15.5 MB/s
2026-05-20 03:10:07,229 DEBUG   161480704 bytes (161 MB) copied, 10.621092 s, 15.2 MB/s
2026-05-20 03:10:07,229 DEBUG   174063616 bytes (174 MB) copied, 11.646150 s, 14.9 MB/s
2026-05-20 03:10:07,229 DEBUG   185597952 bytes (186 MB) copied, 12.693144 s, 14.6 MB/s
2026-05-20 03:10:07,229 DEBUG   196083712 bytes (196 MB) copied, 13.815177 s, 14.2 MB/s
2026-05-20 03:10:07,229 DEBUG   208666624 bytes (209 MB) copied, 14.831573 s, 14.1 MB/s
2026-05-20 03:10:07,229 DEBUG   221249536 bytes (221 MB) copied, 16.010114 s, 13.8 MB/s
2026-05-20 03:10:07,229 DEBUG   235929600 bytes (236 MB) copied, 17.192111 s, 13.7 MB/s
2026-05-20 03:10:07,229 DEBUG   249561088 bytes (250 MB) copied, 18.208346 s, 13.7 MB/s
2026-05-20 03:10:07,229 DEBUG   263192576 bytes (263 MB) copied, 19.281111 s, 13.7 MB/s
2026-05-20 03:10:07,229 DEBUG   275775488 bytes (276 MB) copied, 20.283413 s, 13.6 MB/s
2026-05-20 03:10:07,229 DEBUG   293601280 bytes (294 MB) copied, 21.285774 s, 13.8 MB/s
2026-05-20 03:10:07,229 DEBUG   308281344 bytes (308 MB) copied, 22.471309 s, 13.7 MB/s
2026-05-20 03:10:07,229 DEBUG   319815680 bytes (320 MB) copied, 23.494240 s, 13.6 MB/s
2026-05-20 03:10:07,229 DEBUG   337641472 bytes (338 MB) copied, 24.560153 s, 13.7 MB/s
2026-05-20 03:10:07,229 DEBUG   352321536 bytes (352 MB) copied, 25.636117 s, 13.7 MB/s
2026-05-20 03:10:07,229 DEBUG   364904448 bytes (365 MB) copied, 26.655344 s, 13.7 MB/s
2026-05-20 03:10:07,229 DEBUG   377487360 bytes (377 MB) copied, 27.663107 s, 13.6 MB/s
2026-05-20 03:10:07,229 DEBUG   390070272 bytes (390 MB) copied, 28.696276 s, 13.6 MB/s
2026-05-20 03:10:07,229 DEBUG   405798912 bytes (406 MB) copied, 29.852110 s, 13.6 MB/s
2026-05-20 03:10:07,229 DEBUG   419430400 bytes (419 MB) copied, 30.864146 s, 13.6 MB/s
2026-05-20 03:10:07,229 DEBUG   440401920 bytes (440 MB) copied, 31.972243 s, 13.8 MB/s
2026-05-20 03:10:07,229 DEBUG   455081984 bytes (455 MB) copied, 33.040333 s, 13.8 MB/s
2026-05-20 03:10:07,229 DEBUG   470810624 bytes (471 MB) copied, 34.042136 s, 13.8 MB/s
2026-05-20 03:10:07,229 DEBUG   488636416 bytes (489 MB) copied, 35.107357 s, 13.9 MB/s
2026-05-20 03:10:07,229 DEBUG   503316480 bytes (503 MB) copied, 36.109114 s, 13.9 MB/s
2026-05-20 03:10:07,229 DEBUG   519045120 bytes (519 MB) copied, 37.195140 s, 14.0 MB/s
2026-05-20 03:10:07,230 DEBUG   534773760 bytes (535 MB) copied, 38.341393 s, 13.9 MB/s
2026-05-20 03:10:07,230 DEBUG   549453824 bytes (549 MB) copied, 39.426190 s, 13.9 MB/s
2026-05-20 03:10:07,230 DEBUG   563085312 bytes (563 MB) copied, 40.620142 s, 13.9 MB/s
2026-05-20 03:10:07,230 DEBUG   574619648 bytes (575 MB) copied, 41.652114 s, 13.8 MB/s
2026-05-20 03:10:07,230 DEBUG   590348288 bytes (590 MB) copied, 42.718147 s, 13.8 MB/s
2026-05-20 03:10:07,230 DEBUG   601882624 bytes (602 MB) copied, 43.734117 s, 13.8 MB/s
2026-05-20 03:10:07,230 DEBUG   612368384 bytes (612 MB) copied, 44.735446 s, 13.7 MB/s
2026-05-20 03:10:07,230 DEBUG   625999872 bytes (626 MB) copied, 45.756247 s, 13.7 MB/s
2026-05-20 03:10:07,230 DEBUG   638582784 bytes (639 MB) copied, 46.791500 s, 13.6 MB/s
2026-05-20 03:10:07,230 DEBUG   650117120 bytes (650 MB) copied, 47.823134 s, 13.6 MB/s
2026-05-20 03:10:07,230 DEBUG   660602880 bytes (661 MB) copied, 48.895142 s, 13.5 MB/s
2026-05-20 03:10:07,230 DEBUG   674234368 bytes (674 MB) copied, 49.909437 s, 13.5 MB/s
2026-05-20 03:10:07,230 DEBUG   684720128 bytes (685 MB) copied, 50.914107 s, 13.4 MB/s
2026-05-20 03:10:07,230 DEBUG   700448768 bytes (700 MB) copied, 52.011179 s, 13.5 MB/s
2026-05-20 03:10:07,230 DEBUG   714080256 bytes (714 MB) copied, 53.025106 s, 13.5 MB/s
2026-05-20 03:10:07,230 DEBUG   728760320 bytes (729 MB) copied, 54.067154 s, 13.5 MB/s
2026-05-20 03:10:07,230 DEBUG   740294656 bytes (740 MB) copied, 55.075175 s, 13.4 MB/s
2026-05-20 03:10:07,230 DEBUG   753926144 bytes (754 MB) copied, 56.082321 s, 13.4 MB/s
2026-05-20 03:10:07,230 DEBUG   771751936 bytes (772 MB) copied, 57.156234 s, 13.5 MB/s
2026-05-20 03:10:07,230 DEBUG   786432000 bytes (786 MB) copied, 58.176269 s, 13.5 MB/s
2026-05-20 03:10:07,230 DEBUG   799014912 bytes (799 MB) copied, 59.188158 s, 13.5 MB/s
2026-05-20 03:10:07,230 DEBUG   811597824 bytes (812 MB) copied, 60.296206 s, 13.5 MB/s
2026-05-20 03:10:07,230 DEBUG   829423616 bytes (829 MB) copied, 61.347145 s, 13.5 MB/s
2026-05-20 03:10:07,230 DEBUG   844103680 bytes (844 MB) copied, 62.349242 s, 13.5 MB/s
2026-05-20 03:10:07,230 DEBUG   855638016 bytes (856 MB) copied, 63.530131 s, 13.5 MB/s
2026-05-20 03:10:07,230 DEBUG   866123776 bytes (866 MB) copied, 64.561177 s, 13.4 MB/s
2026-05-20 03:10:07,230 DEBUG   896532480 bytes (897 MB) copied, 65.616247 s, 13.7 MB/s
2026-05-20 03:10:07,230 DEBUG   919601152 bytes (920 MB) copied, 66.668333 s, 13.8 MB/s
2026-05-20 03:10:07,230 DEBUG   934281216 bytes (934 MB) copied, 67.675372 s, 13.8 MB/s
2026-05-20 03:10:07,230 DEBUG   947912704 bytes (948 MB) copied, 68.855168 s, 13.8 MB/s
2026-05-20 03:10:07,230 DEBUG   965738496 bytes (966 MB) copied, 69.953121 s, 13.8 MB/s
2026-05-20 03:10:07,230 DEBUG   977272832 bytes (977 MB) copied, 71.055118 s, 13.8 MB/s
2026-05-20 03:10:07,230 DEBUG   990904320 bytes (991 MB) copied, 72.132110 s, 13.7 MB/s
2026-05-20 03:10:07,230 DEBUG   1001390080 bytes (1.0 GB) copied, 73.358121 s, 13.7 MB/s
2026-05-20 03:10:07,230 DEBUG   1012924416 bytes (1.0 GB) copied, 74.425376 s, 13.6 MB/s
2026-05-20 03:10:07,230 DEBUG   1028653056 bytes (1.0 GB) copied, 75.436179 s, 13.6 MB/s
2026-05-20 03:10:07,230 DEBUG   1040187392 bytes (1.0 GB) copied, 76.438175 s, 13.6 MB/s
2026-05-20 03:10:07,230 DEBUG   1052770304 bytes (1.1 GB) copied, 77.546167 s, 13.6 MB/s
2026-05-20 03:10:07,230 DEBUG   1065353216 bytes (1.1 GB) copied, 78.618169 s, 13.6 MB/s
2026-05-20 03:10:07,230 DEBUG   1024+0 records in
2026-05-20 03:10:07,230 DEBUG   1024+0 records out
2026-05-20 03:10:07,230 DEBUG   1073741824 bytes (1.1 GB) copied, 79.1975 s, 13.6 MB/s
2026-05-20 03:10:07,230 DEBUG   OK (disk op exit 0)
2026-05-20 03:10:07,230 WARNING Guest disk op wall 82.3s (vm='ahv_ins_delete-0-260514-184209' ip=10.114.51.84 op=create ec=0) — includes SSH + guest disk command; if still high, check guest disk throughput vs. MiB settings.
2026-05-20 03:10:07,231 DEBUG [88/1170] VM ca917593… (ahv_ins_delete-0-260514-191520) via 10.114.54.43 op=create
2026-05-20 03:10:07,231 DEBUG   remote: bash -lc 'set -e; _bs(){ printf '"'"'BULK_SNAP_T %s %s\n'"'"' "$1" "$(date +%s.%N 2>/dev/null || date +%s)"; }; _bs guest_start; _bs pipeline_start; openssl enc -aes-256-ctr -pass pass:"testing" -nosalt < /dev/zero 2>/dev/null | dd of=/root/dummy_snapshot_data_1.img bs=1M count=1024 iflag=fullblock status=progress; ec=$?; _bs pipeline_done; _bs guest_end; exit $ec'
2026-05-20 03:10:09,506 DEBUG   BULK_SNAP_T guest_start 1779214120.295027497
2026-05-20 03:10:09,507 DEBUG   BULK_SNAP_T pipeline_start 1779214120.305602970
2026-05-20 03:10:09,507 DEBUG   BULK_SNAP_T pipeline_done 1779214205.920515111
2026-05-20 03:10:09,507 DEBUG   BULK_SNAP_T guest_end 1779214205.927296305
2026-05-20 03:10:09,507 DEBUG   
2026-05-20 03:10:09,507 DEBUG   14680064 bytes (15 MB) copied, 1.052158 s, 14.0 MB/s
2026-05-20 03:10:09,507 DEBUG   28311552 bytes (28 MB) copied, 2.200236 s, 12.9 MB/s
2026-05-20 03:10:09,507 DEBUG   39845888 bytes (40 MB) copied, 3.281245 s, 12.1 MB/s
2026-05-20 03:10:09,507 DEBUG   60817408 bytes (61 MB) copied, 4.312122 s, 14.1 MB/s
2026-05-20 03:10:09,507 DEBUG   73400320 bytes (73 MB) copied, 5.319134 s, 13.8 MB/s
2026-05-20 03:10:09,507 DEBUG   91226112 bytes (91 MB) copied, 6.437086 s, 14.2 MB/s
2026-05-20 03:10:09,507 DEBUG   105906176 bytes (106 MB) copied, 7.463213 s, 14.2 MB/s
2026-05-20 03:10:09,507 DEBUG   117440512 bytes (117 MB) copied, 8.488130 s, 13.8 MB/s
2026-05-20 03:10:09,507 DEBUG   127926272 bytes (128 MB) copied, 9.553111 s, 13.4 MB/s
2026-05-20 03:10:09,507 DEBUG   139460608 bytes (139 MB) copied, 10.603103 s, 13.2 MB/s
2026-05-20 03:10:09,507 DEBUG   150994944 bytes (151 MB) copied, 11.640438 s, 13.0 MB/s
2026-05-20 03:10:09,507 DEBUG   164626432 bytes (165 MB) copied, 12.682127 s, 13.0 MB/s
2026-05-20 03:10:09,507 DEBUG   179306496 bytes (179 MB) copied, 13.786415 s, 13.0 MB/s
2026-05-20 03:10:09,507 DEBUG   190840832 bytes (191 MB) copied, 14.867165 s, 12.8 MB/s
2026-05-20 03:10:09,507 DEBUG   201326592 bytes (201 MB) copied, 15.937152 s, 12.6 MB/s
2026-05-20 03:10:09,507 DEBUG   212860928 bytes (213 MB) copied, 17.042118 s, 12.5 MB/s
2026-05-20 03:10:09,507 DEBUG   224395264 bytes (224 MB) copied, 18.147152 s, 12.4 MB/s
2026-05-20 03:10:09,507 DEBUG   234881024 bytes (235 MB) copied, 19.219156 s, 12.2 MB/s
2026-05-20 03:10:09,507 DEBUG   247463936 bytes (247 MB) copied, 20.228153 s, 12.2 MB/s
2026-05-20 03:10:09,507 DEBUG   261095424 bytes (261 MB) copied, 21.252201 s, 12.3 MB/s
2026-05-20 03:10:09,507 DEBUG   274726912 bytes (275 MB) copied, 22.295155 s, 12.3 MB/s
2026-05-20 03:10:09,507 DEBUG   287309824 bytes (287 MB) copied, 23.315796 s, 12.3 MB/s
2026-05-20 03:10:09,507 DEBUG   298844160 bytes (299 MB) copied, 24.407104 s, 12.2 MB/s
2026-05-20 03:10:09,507 DEBUG   311427072 bytes (311 MB) copied, 25.531124 s, 12.2 MB/s
2026-05-20 03:10:09,507 DEBUG   326107136 bytes (326 MB) copied, 26.543104 s, 12.3 MB/s
2026-05-20 03:10:09,507 DEBUG   335544320 bytes (336 MB) copied, 27.554113 s, 12.2 MB/s
2026-05-20 03:10:09,507 DEBUG   350224384 bytes (350 MB) copied, 28.593116 s, 12.2 MB/s
2026-05-20 03:10:09,507 DEBUG   362807296 bytes (363 MB) copied, 29.640223 s, 12.2 MB/s
2026-05-20 03:10:09,507 DEBUG   375390208 bytes (375 MB) copied, 30.699472 s, 12.2 MB/s
2026-05-20 03:10:09,507 DEBUG   386924544 bytes (387 MB) copied, 31.753219 s, 12.2 MB/s
2026-05-20 03:10:09,507 DEBUG   399507456 bytes (400 MB) copied, 32.779120 s, 12.2 MB/s
2026-05-20 03:10:09,507 DEBUG   413138944 bytes (413 MB) copied, 33.936131 s, 12.2 MB/s
2026-05-20 03:10:09,507 DEBUG   424673280 bytes (425 MB) copied, 34.993056 s, 12.1 MB/s
2026-05-20 03:10:09,507 DEBUG   436207616 bytes (436 MB) copied, 35.994119 s, 12.1 MB/s
2026-05-20 03:10:09,507 DEBUG   450887680 bytes (451 MB) copied, 37.121191 s, 12.1 MB/s
2026-05-20 03:10:09,507 DEBUG   464519168 bytes (465 MB) copied, 38.180090 s, 12.2 MB/s
2026-05-20 03:10:09,507 DEBUG   477102080 bytes (477 MB) copied, 39.310252 s, 12.1 MB/s
2026-05-20 03:10:09,507 DEBUG   490733568 bytes (491 MB) copied, 40.335108 s, 12.2 MB/s
2026-05-20 03:10:09,507 DEBUG   503316480 bytes (503 MB) copied, 41.406197 s, 12.2 MB/s
2026-05-20 03:10:09,507 DEBUG   516947968 bytes (517 MB) copied, 42.457089 s, 12.2 MB/s
2026-05-20 03:10:09,507 DEBUG   528482304 bytes (528 MB) copied, 43.505144 s, 12.1 MB/s
2026-05-20 03:10:09,507 DEBUG   538968064 bytes (539 MB) copied, 44.519170 s, 12.1 MB/s
2026-05-20 03:10:09,507 DEBUG   553648128 bytes (554 MB) copied, 45.525295 s, 12.2 MB/s
2026-05-20 03:10:09,508 DEBUG   583008256 bytes (583 MB) copied, 46.574423 s, 12.5 MB/s
2026-05-20 03:10:09,508 DEBUG   598736896 bytes (599 MB) copied, 47.578407 s, 12.6 MB/s
2026-05-20 03:10:09,508 DEBUG   611319808 bytes (611 MB) copied, 48.637135 s, 12.6 MB/s
2026-05-20 03:10:09,508 DEBUG   621805568 bytes (622 MB) copied, 49.653188 s, 12.5 MB/s
2026-05-20 03:10:09,508 DEBUG   633339904 bytes (633 MB) copied, 50.695149 s, 12.5 MB/s
2026-05-20 03:10:09,508 DEBUG   646971392 bytes (647 MB) copied, 51.697403 s, 12.5 MB/s
2026-05-20 03:10:09,508 DEBUG   658505728 bytes (659 MB) copied, 52.717195 s, 12.5 MB/s
2026-05-20 03:10:09,508 DEBUG   670040064 bytes (670 MB) copied, 53.724119 s, 12.5 MB/s
2026-05-20 03:10:09,508 DEBUG   680525824 bytes (681 MB) copied, 54.765147 s, 12.4 MB/s
2026-05-20 03:10:09,508 DEBUG   692060160 bytes (692 MB) copied, 55.841124 s, 12.4 MB/s
2026-05-20 03:10:09,508 DEBUG   706740224 bytes (707 MB) copied, 56.910183 s, 12.4 MB/s
2026-05-20 03:10:09,508 DEBUG   718274560 bytes (718 MB) copied, 57.971121 s, 12.4 MB/s
2026-05-20 03:10:09,508 DEBUG   739246080 bytes (739 MB) copied, 58.984334 s, 12.5 MB/s
2026-05-20 03:10:09,508 DEBUG   757071872 bytes (757 MB) copied, 59.994162 s, 12.6 MB/s
2026-05-20 03:10:09,508 DEBUG   769654784 bytes (770 MB) copied, 61.033185 s, 12.6 MB/s
2026-05-20 03:10:09,508 DEBUG   781189120 bytes (781 MB) copied, 62.061128 s, 12.6 MB/s
2026-05-20 03:10:09,508 DEBUG   793772032 bytes (794 MB) copied, 63.176132 s, 12.6 MB/s
2026-05-20 03:10:09,508 DEBUG   806354944 bytes (806 MB) copied, 64.205264 s, 12.6 MB/s
2026-05-20 03:10:09,508 DEBUG   826277888 bytes (826 MB) copied, 65.259116 s, 12.7 MB/s
2026-05-20 03:10:09,508 DEBUG   838860800 bytes (839 MB) copied, 66.278109 s, 12.7 MB/s
2026-05-20 03:10:09,508 DEBUG   848297984 bytes (848 MB) copied, 67.300119 s, 12.6 MB/s
2026-05-20 03:10:09,508 DEBUG   857735168 bytes (858 MB) copied, 68.359132 s, 12.5 MB/s
2026-05-20 03:10:09,508 DEBUG   873463808 bytes (873 MB) copied, 69.369195 s, 12.6 MB/s
2026-05-20 03:10:09,508 DEBUG   890241024 bytes (890 MB) copied, 70.462302 s, 12.6 MB/s
2026-05-20 03:10:09,508 DEBUG   904921088 bytes (905 MB) copied, 71.518336 s, 12.7 MB/s
2026-05-20 03:10:09,508 DEBUG   919601152 bytes (920 MB) copied, 72.593247 s, 12.7 MB/s
2026-05-20 03:10:09,508 DEBUG   931135488 bytes (931 MB) copied, 73.662346 s, 12.6 MB/s
2026-05-20 03:10:09,508 DEBUG   943718400 bytes (944 MB) copied, 74.671181 s, 12.6 MB/s
2026-05-20 03:10:09,508 DEBUG   956301312 bytes (956 MB) copied, 75.683213 s, 12.6 MB/s
2026-05-20 03:10:09,508 DEBUG   970981376 bytes (971 MB) copied, 76.833124 s, 12.6 MB/s
2026-05-20 03:10:09,508 DEBUG   985661440 bytes (986 MB) copied, 77.927347 s, 12.6 MB/s
2026-05-20 03:10:09,508 DEBUG   997195776 bytes (997 MB) copied, 79.039191 s, 12.6 MB/s
2026-05-20 03:10:09,508 DEBUG   1007681536 bytes (1.0 GB) copied, 80.088178 s, 12.6 MB/s
2026-05-20 03:10:09,508 DEBUG   1020264448 bytes (1.0 GB) copied, 81.092118 s, 12.6 MB/s
2026-05-20 03:10:09,508 DEBUG   1031798784 bytes (1.0 GB) copied, 82.261123 s, 12.5 MB/s
2026-05-20 03:10:09,508 DEBUG   1048576000 bytes (1.0 GB) copied, 83.285215 s, 12.6 MB/s
2026-05-20 03:10:09,508 DEBUG   1062207488 bytes (1.1 GB) copied, 84.380256 s, 12.6 MB/s
2026-05-20 03:10:09,508 DEBUG   1024+0 records in
2026-05-20 03:10:09,508 DEBUG   1024+0 records out
2026-05-20 03:10:09,508 DEBUG   1073741824 bytes (1.1 GB) copied, 85.3612 s, 12.6 MB/s
2026-05-20 03:10:09,508 DEBUG   OK (disk op exit 0)
2026-05-20 03:10:09,509 WARNING Guest disk op wall 88.5s (vm='ahv_ins_delete-0-260514-184132' ip=10.114.50.190 op=create ec=0) — includes SSH + guest disk command; if still high, check guest disk throughput vs. MiB settings.
2026-05-20 03:10:09,509 DEBUG [89/1170] VM 74313f6f… (ahv_ins_delete-0-260514-191527) via 10.114.49.145 op=create
2026-05-20 03:10:09,509 DEBUG   remote: bash -lc 'set -e; _bs(){ printf '"'"'BULK_SNAP_T %s %s\n'"'"' "$1" "$(date +%s.%N 2>/dev/null || date +%s)"; }; _bs guest_start; _bs pipeline_start; openssl enc -aes-256-ctr -pass pass:"testing" -nosalt < /dev/zero 2>/dev/null | dd of=/root/dummy_snapshot_data_1.img bs=1M count=1024 iflag=fullblock status=progress; ec=$?; _bs pipeline_done; _bs guest_end; exit $ec'
2026-05-20 03:10:09,730 DEBUG   BULK_SNAP_T guest_start 1779214127.514403617
2026-05-20 03:10:09,730 DEBUG   BULK_SNAP_T pipeline_start 1779214127.520357233
2026-05-20 03:10:09,730 DEBUG   BULK_SNAP_T pipeline_done 1779214205.880878993
2026-05-20 03:10:09,730 DEBUG   BULK_SNAP_T guest_end 1779214205.885196273
2026-05-20 03:10:09,730 DEBUG   
2026-05-20 03:10:09,730 DEBUG   15728640 bytes (16 MB) copied, 1.023194 s, 15.4 MB/s
2026-05-20 03:10:09,730 DEBUG   30408704 bytes (30 MB) copied, 2.180157 s, 13.9 MB/s
2026-05-20 03:10:09,730 DEBUG   45088768 bytes (45 MB) copied, 3.194192 s, 14.1 MB/s
2026-05-20 03:10:09,730 DEBUG   60817408 bytes (61 MB) copied, 4.271184 s, 14.2 MB/s
2026-05-20 03:10:09,730 DEBUG   77594624 bytes (78 MB) copied, 5.315143 s, 14.6 MB/s
2026-05-20 03:10:09,730 DEBUG   94371840 bytes (94 MB) copied, 6.415185 s, 14.7 MB/s
2026-05-20 03:10:09,730 DEBUG   106954752 bytes (107 MB) copied, 7.475141 s, 14.3 MB/s
2026-05-20 03:10:09,730 DEBUG   123731968 bytes (124 MB) copied, 8.640165 s, 14.3 MB/s
2026-05-20 03:10:09,730 DEBUG   141557760 bytes (142 MB) copied, 9.665127 s, 14.6 MB/s
2026-05-20 03:10:09,731 DEBUG   153092096 bytes (153 MB) copied, 10.777130 s, 14.2 MB/s
2026-05-20 03:10:09,731 DEBUG   168820736 bytes (169 MB) copied, 11.805128 s, 14.3 MB/s
2026-05-20 03:10:09,731 DEBUG   180355072 bytes (180 MB) copied, 12.811328 s, 14.1 MB/s
2026-05-20 03:10:09,731 DEBUG   192937984 bytes (193 MB) copied, 13.829197 s, 14.0 MB/s
2026-05-20 03:10:09,731 DEBUG   206569472 bytes (207 MB) copied, 14.966088 s, 13.8 MB/s
2026-05-20 03:10:09,731 DEBUG   220200960 bytes (220 MB) copied, 15.971499 s, 13.8 MB/s
2026-05-20 03:10:09,731 DEBUG   232783872 bytes (233 MB) copied, 17.011336 s, 13.7 MB/s
2026-05-20 03:10:09,731 DEBUG   246415360 bytes (246 MB) copied, 18.020569 s, 13.7 MB/s
2026-05-20 03:10:09,731 DEBUG   262144000 bytes (262 MB) copied, 19.044173 s, 13.8 MB/s
2026-05-20 03:10:09,731 DEBUG   281018368 bytes (281 MB) copied, 20.120185 s, 14.0 MB/s
2026-05-20 03:10:09,731 DEBUG   294649856 bytes (295 MB) copied, 21.169169 s, 13.9 MB/s
2026-05-20 03:10:09,731 DEBUG   310378496 bytes (310 MB) copied, 22.226282 s, 14.0 MB/s
2026-05-20 03:10:09,731 DEBUG   322961408 bytes (323 MB) copied, 23.251173 s, 13.9 MB/s
2026-05-20 03:10:09,731 DEBUG   344981504 bytes (345 MB) copied, 24.323181 s, 14.2 MB/s
2026-05-20 03:10:09,731 DEBUG   357564416 bytes (358 MB) copied, 25.384132 s, 14.1 MB/s
2026-05-20 03:10:09,731 DEBUG   374341632 bytes (374 MB) copied, 26.400089 s, 14.2 MB/s
2026-05-20 03:10:09,731 DEBUG   387973120 bytes (388 MB) copied, 27.439354 s, 14.1 MB/s
2026-05-20 03:10:09,731 DEBUG   399507456 bytes (400 MB) copied, 28.502123 s, 14.0 MB/s
2026-05-20 03:10:09,731 DEBUG   412090368 bytes (412 MB) copied, 29.502162 s, 14.0 MB/s
2026-05-20 03:10:09,731 DEBUG   427819008 bytes (428 MB) copied, 30.567204 s, 14.0 MB/s
2026-05-20 03:10:09,731 DEBUG   444596224 bytes (445 MB) copied, 31.642186 s, 14.1 MB/s
2026-05-20 03:10:09,731 DEBUG   460324864 bytes (460 MB) copied, 32.825209 s, 14.0 MB/s
2026-05-20 03:10:09,731 DEBUG   475004928 bytes (475 MB) copied, 33.854127 s, 14.0 MB/s
2026-05-20 03:10:09,731 DEBUG   490733568 bytes (491 MB) copied, 34.942094 s, 14.0 MB/s
2026-05-20 03:10:09,731 DEBUG   505413632 bytes (505 MB) copied, 35.965155 s, 14.1 MB/s
2026-05-20 03:10:09,731 DEBUG   517996544 bytes (518 MB) copied, 37.062198 s, 14.0 MB/s
2026-05-20 03:10:09,731 DEBUG   528482304 bytes (528 MB) copied, 38.068094 s, 13.9 MB/s
2026-05-20 03:10:09,731 DEBUG   543162368 bytes (543 MB) copied, 39.116135 s, 13.9 MB/s
2026-05-20 03:10:09,731 DEBUG   554696704 bytes (555 MB) copied, 40.200143 s, 13.8 MB/s
2026-05-20 03:10:09,731 DEBUG   566231040 bytes (566 MB) copied, 41.274235 s, 13.7 MB/s
2026-05-20 03:10:09,731 DEBUG   578813952 bytes (579 MB) copied, 42.321397 s, 13.7 MB/s
2026-05-20 03:10:09,731 DEBUG   592445440 bytes (592 MB) copied, 43.388152 s, 13.7 MB/s
2026-05-20 03:10:09,731 DEBUG   609222656 bytes (609 MB) copied, 44.409183 s, 13.7 MB/s
2026-05-20 03:10:09,731 DEBUG   623902720 bytes (624 MB) copied, 45.411128 s, 13.7 MB/s
2026-05-20 03:10:09,731 DEBUG   636485632 bytes (636 MB) copied, 46.543351 s, 13.7 MB/s
2026-05-20 03:10:09,731 DEBUG   648019968 bytes (648 MB) copied, 47.671129 s, 13.6 MB/s
2026-05-20 03:10:09,731 DEBUG   662700032 bytes (663 MB) copied, 48.761135 s, 13.6 MB/s
2026-05-20 03:10:09,731 DEBUG   676331520 bytes (676 MB) copied, 49.818180 s, 13.6 MB/s
2026-05-20 03:10:09,731 DEBUG   689963008 bytes (690 MB) copied, 50.818240 s, 13.6 MB/s
2026-05-20 03:10:09,731 DEBUG   699400192 bytes (699 MB) copied, 51.881201 s, 13.5 MB/s
2026-05-20 03:10:09,731 DEBUG   711983104 bytes (712 MB) copied, 52.918056 s, 13.5 MB/s
2026-05-20 03:10:09,731 DEBUG   727711744 bytes (728 MB) copied, 53.979101 s, 13.5 MB/s
2026-05-20 03:10:09,731 DEBUG   743440384 bytes (743 MB) copied, 55.019090 s, 13.5 MB/s
2026-05-20 03:10:09,731 DEBUG   760217600 bytes (760 MB) copied, 56.100189 s, 13.6 MB/s
2026-05-20 03:10:09,731 DEBUG   781189120 bytes (781 MB) copied, 57.105192 s, 13.7 MB/s
2026-05-20 03:10:09,731 DEBUG   805306368 bytes (805 MB) copied, 58.134090 s, 13.9 MB/s
2026-05-20 03:10:09,731 DEBUG   816840704 bytes (817 MB) copied, 59.241216 s, 13.8 MB/s
2026-05-20 03:10:09,731 DEBUG   826277888 bytes (826 MB) copied, 60.280533 s, 13.7 MB/s
2026-05-20 03:10:09,731 DEBUG   839909376 bytes (840 MB) copied, 61.424191 s, 13.7 MB/s
2026-05-20 03:10:09,731 DEBUG   852492288 bytes (852 MB) copied, 62.524505 s, 13.6 MB/s
2026-05-20 03:10:09,732 DEBUG   867172352 bytes (867 MB) copied, 63.547083 s, 13.6 MB/s
2026-05-20 03:10:09,732 DEBUG   882900992 bytes (883 MB) copied, 64.600145 s, 13.7 MB/s
2026-05-20 03:10:09,732 DEBUG   897581056 bytes (898 MB) copied, 65.731149 s, 13.7 MB/s
2026-05-20 03:10:09,732 DEBUG   912261120 bytes (912 MB) copied, 66.758134 s, 13.7 MB/s
2026-05-20 03:10:09,732 DEBUG   931135488 bytes (931 MB) copied, 67.790104 s, 13.7 MB/s
2026-05-20 03:10:09,732 DEBUG   942669824 bytes (943 MB) copied, 68.828097 s, 13.7 MB/s
2026-05-20 03:10:09,732 DEBUG   962592768 bytes (963 MB) copied, 69.962176 s, 13.8 MB/s
2026-05-20 03:10:09,732 DEBUG   972029952 bytes (972 MB) copied, 70.981387 s, 13.7 MB/s
2026-05-20 03:10:09,732 DEBUG   996147200 bytes (996 MB) copied, 72.014427 s, 13.8 MB/s
2026-05-20 03:10:09,732 DEBUG   1009778688 bytes (1.0 GB) copied, 73.036477 s, 13.8 MB/s
2026-05-20 03:10:09,732 DEBUG   1022361600 bytes (1.0 GB) copied, 74.162183 s, 13.8 MB/s
2026-05-20 03:10:09,732 DEBUG   1034944512 bytes (1.0 GB) copied, 75.170334 s, 13.8 MB/s
2026-05-20 03:10:09,732 DEBUG   1049624576 bytes (1.0 GB) copied, 76.222403 s, 13.8 MB/s
2026-05-20 03:10:09,732 DEBUG   1062207488 bytes (1.1 GB) copied, 77.228148 s, 13.8 MB/s
2026-05-20 03:10:09,732 DEBUG   1024+0 records in
2026-05-20 03:10:09,732 DEBUG   1024+0 records out
2026-05-20 03:10:09,732 DEBUG   1073741824 bytes (1.1 GB) copied, 78.2217 s, 13.7 MB/s
2026-05-20 03:10:09,732 DEBUG   OK (disk op exit 0)
2026-05-20 03:10:09,732 WARNING Guest disk op wall 81.0s (vm='ahv_ins_delete-0-260514-184210' ip=10.114.51.129 op=create ec=0) — includes SSH + guest disk command; if still high, check guest disk throughput vs. MiB settings.
2026-05-20 03:10:09,732 DEBUG [90/1170] VM 6e5880fb… (ahv_ins_delete-0-260514-191530) via 10.114.50.38 op=create
2026-05-20 03:10:09,732 DEBUG   remote: bash -lc 'set -e; _bs(){ printf '"'"'BULK_SNAP_T %s %s\n'"'"' "$1" "$(date +%s.%N 2>/dev/null || date +%s)"; }; _bs guest_start; _bs pipeline_start; openssl enc -aes-256-ctr -pass pass:"testing" -nosalt < /dev/zero 2>/dev/null | dd of=/root/dummy_snapshot_data_1.img bs=1M count=1024 iflag=fullblock status=progress; ec=$?; _bs pipeline_done; _bs guest_end; exit $ec'
2026-05-20 03:10:27,487 DEBUG   BULK_SNAP_T guest_start 1779214173.687529762
2026-05-20 03:10:27,487 DEBUG   BULK_SNAP_T pipeline_start 1779214173.689534416
2026-05-20 03:10:27,487 DEBUG   BULK_SNAP_T pipeline_done 1779214224.284581799
2026-05-20 03:10:27,487 DEBUG   BULK_SNAP_T guest_end 1779214224.286320691
2026-05-20 03:10:27,487 DEBUG   
2026-05-20 03:10:27,487 DEBUG   33554432 bytes (34 MB) copied, 1.130513 s, 29.7 MB/s
2026-05-20 03:10:27,487 DEBUG   55574528 bytes (56 MB) copied, 2.146609 s, 25.9 MB/s
2026-05-20 03:10:27,487 DEBUG   81788928 bytes (82 MB) copied, 3.164592 s, 25.8 MB/s
2026-05-20 03:10:27,488 DEBUG   106954752 bytes (107 MB) copied, 4.171450 s, 25.6 MB/s
2026-05-20 03:10:27,488 DEBUG   133169152 bytes (133 MB) copied, 5.182454 s, 25.7 MB/s
2026-05-20 03:10:27,488 DEBUG   150994944 bytes (151 MB) copied, 6.193396 s, 24.4 MB/s
2026-05-20 03:10:27,488 DEBUG   180355072 bytes (180 MB) copied, 7.236406 s, 24.9 MB/s
2026-05-20 03:10:27,488 DEBUG   205520896 bytes (206 MB) copied, 8.243436 s, 24.9 MB/s
2026-05-20 03:10:27,488 DEBUG   230686720 bytes (231 MB) copied, 9.244393 s, 25.0 MB/s
2026-05-20 03:10:27,488 DEBUG   255852544 bytes (256 MB) copied, 10.342532 s, 24.7 MB/s
2026-05-20 03:10:27,488 DEBUG   277872640 bytes (278 MB) copied, 11.353427 s, 24.5 MB/s
2026-05-20 03:10:27,488 DEBUG   303038464 bytes (303 MB) copied, 12.432390 s, 24.4 MB/s
2026-05-20 03:10:27,488 DEBUG   328204288 bytes (328 MB) copied, 13.470495 s, 24.4 MB/s
2026-05-20 03:10:27,488 DEBUG   352321536 bytes (352 MB) copied, 14.600407 s, 24.1 MB/s
2026-05-20 03:10:27,488 DEBUG   373293056 bytes (373 MB) copied, 15.632452 s, 23.9 MB/s
2026-05-20 03:10:27,488 DEBUG   386924544 bytes (387 MB) copied, 16.679397 s, 23.2 MB/s
2026-05-20 03:10:27,488 DEBUG   415236096 bytes (415 MB) copied, 17.748777 s, 23.4 MB/s
2026-05-20 03:10:27,488 DEBUG   444596224 bytes (445 MB) copied, 18.769855 s, 23.7 MB/s
2026-05-20 03:10:27,488 DEBUG   467664896 bytes (468 MB) copied, 19.782490 s, 23.6 MB/s
2026-05-20 03:10:27,488 DEBUG   492830720 bytes (493 MB) copied, 20.834424 s, 23.7 MB/s
2026-05-20 03:10:27,488 DEBUG   525336576 bytes (525 MB) copied, 21.835485 s, 24.1 MB/s
2026-05-20 03:10:27,488 DEBUG   549453824 bytes (549 MB) copied, 22.838468 s, 24.1 MB/s
2026-05-20 03:10:27,488 DEBUG   567279616 bytes (567 MB) copied, 23.937398 s, 23.7 MB/s
2026-05-20 03:10:27,488 DEBUG   592445440 bytes (592 MB) copied, 25.045456 s, 23.7 MB/s
2026-05-20 03:10:27,488 DEBUG   609222656 bytes (609 MB) copied, 26.166354 s, 23.3 MB/s
2026-05-20 03:10:27,488 DEBUG   630194176 bytes (630 MB) copied, 27.209403 s, 23.2 MB/s
2026-05-20 03:10:27,488 DEBUG   650117120 bytes (650 MB) copied, 28.231463 s, 23.0 MB/s
2026-05-20 03:10:27,488 DEBUG   672137216 bytes (672 MB) copied, 29.246457 s, 23.0 MB/s
2026-05-20 03:10:27,488 DEBUG   686817280 bytes (687 MB) copied, 30.270525 s, 22.7 MB/s
2026-05-20 03:10:27,488 DEBUG   707788800 bytes (708 MB) copied, 31.435524 s, 22.5 MB/s
2026-05-20 03:10:27,488 DEBUG   730857472 bytes (731 MB) copied, 32.503536 s, 22.5 MB/s
2026-05-20 03:10:27,488 DEBUG   756023296 bytes (756 MB) copied, 33.545451 s, 22.5 MB/s
2026-05-20 03:10:27,488 DEBUG   773849088 bytes (774 MB) copied, 34.653478 s, 22.3 MB/s
2026-05-20 03:10:27,488 DEBUG   793772032 bytes (794 MB) copied, 35.675596 s, 22.2 MB/s
2026-05-20 03:10:27,488 DEBUG   812646400 bytes (813 MB) copied, 36.800734 s, 22.1 MB/s
2026-05-20 03:10:27,488 DEBUG   834666496 bytes (835 MB) copied, 37.810518 s, 22.1 MB/s
2026-05-20 03:10:27,488 DEBUG   854589440 bytes (855 MB) copied, 38.828509 s, 22.0 MB/s
2026-05-20 03:10:27,488 DEBUG   873463808 bytes (873 MB) copied, 39.944731 s, 21.9 MB/s
2026-05-20 03:10:27,488 DEBUG   893386752 bytes (893 MB) copied, 40.959542 s, 21.8 MB/s
2026-05-20 03:10:27,488 DEBUG   910163968 bytes (910 MB) copied, 41.974399 s, 21.7 MB/s
2026-05-20 03:10:27,488 DEBUG   932184064 bytes (932 MB) copied, 43.000656 s, 21.7 MB/s
2026-05-20 03:10:27,488 DEBUG   956301312 bytes (956 MB) copied, 44.043529 s, 21.7 MB/s
2026-05-20 03:10:27,488 DEBUG   975175680 bytes (975 MB) copied, 45.088978 s, 21.6 MB/s
2026-05-20 03:10:27,488 DEBUG   995098624 bytes (995 MB) copied, 46.091552 s, 21.6 MB/s
2026-05-20 03:10:27,488 DEBUG   1011875840 bytes (1.0 GB) copied, 47.127581 s, 21.5 MB/s
2026-05-20 03:10:27,488 DEBUG   1031798784 bytes (1.0 GB) copied, 48.155622 s, 21.4 MB/s
2026-05-20 03:10:27,488 DEBUG   1050673152 bytes (1.1 GB) copied, 49.190488 s, 21.4 MB/s
2026-05-20 03:10:27,488 DEBUG   1068498944 bytes (1.1 GB) copied, 50.282876 s, 21.2 MB/s
2026-05-20 03:10:27,488 DEBUG   1024+0 records in
2026-05-20 03:10:27,488 DEBUG   1024+0 records out
2026-05-20 03:10:27,488 DEBUG   1073741824 bytes (1.1 GB) copied, 50.4545 s, 21.3 MB/s
2026-05-20 03:10:27,488 DEBUG   OK (disk op exit 0)
2026-05-20 03:10:27,489 WARNING Guest disk op wall 51.8s (vm='ahv_ins_delete-0-260514-184641' ip=10.114.50.232 op=create ec=0) — includes SSH + guest disk command; if still high, check guest disk throughput vs. MiB settings.
2026-05-20 03:10:27,489 DEBUG [91/1170] VM c3a6ba7b… (ahv_ins_delete-0-260514-192054) via 10.114.51.142 op=create
2026-05-20 03:10:27,489 DEBUG   remote: bash -lc 'set -e; _bs(){ printf '"'"'BULK_SNAP_T %s %s\n'"'"' "$1" "$(date +%s.%N 2>/dev/null || date +%s)"; }; _bs guest_start; _bs pipeline_start; openssl enc -aes-256-ctr -pass pass:"testing" -nosalt < /dev/zero 2>/dev/null | dd of=/root/dummy_snapshot_data_1.img bs=1M count=1024 iflag=fullblock status=progress; ec=$?; _bs pipeline_done; _bs guest_end; exit $ec'
2026-05-20 03:11:05,027 DEBUG   BULK_SNAP_T guest_start 1779214182.159489847
2026-05-20 03:11:05,027 DEBUG   BULK_SNAP_T pipeline_start 1779214182.164249335
2026-05-20 03:11:05,027 DEBUG   BULK_SNAP_T pipeline_done 1779214261.333669288
2026-05-20 03:11:05,027 DEBUG   BULK_SNAP_T guest_end 1779214261.346648373
2026-05-20 03:11:05,027 DEBUG   
2026-05-20 03:11:05,027 DEBUG   13631488 bytes (14 MB) copied, 1.010423 s, 13.5 MB/s
2026-05-20 03:11:05,027 DEBUG   27262976 bytes (27 MB) copied, 2.074393 s, 13.1 MB/s
2026-05-20 03:11:05,027 DEBUG   40894464 bytes (41 MB) copied, 3.182450 s, 12.8 MB/s
2026-05-20 03:11:05,027 DEBUG   53477376 bytes (53 MB) copied, 4.192464 s, 12.8 MB/s
2026-05-20 03:11:05,027 DEBUG   69206016 bytes (69 MB) copied, 5.222421 s, 13.3 MB/s
2026-05-20 03:11:05,027 DEBUG   80740352 bytes (81 MB) copied, 6.226435 s, 13.0 MB/s
2026-05-20 03:11:05,027 DEBUG   94371840 bytes (94 MB) copied, 7.286387 s, 13.0 MB/s
2026-05-20 03:11:05,027 DEBUG   115343360 bytes (115 MB) copied, 8.391395 s, 13.7 MB/s
2026-05-20 03:11:05,027 DEBUG   133169152 bytes (133 MB) copied, 9.401478 s, 14.2 MB/s
2026-05-20 03:11:05,027 DEBUG   145752064 bytes (146 MB) copied, 10.525414 s, 13.8 MB/s
2026-05-20 03:11:05,027 DEBUG   158334976 bytes (158 MB) copied, 11.557431 s, 13.7 MB/s
2026-05-20 03:11:05,027 DEBUG   168820736 bytes (169 MB) copied, 12.822427 s, 13.2 MB/s
2026-05-20 03:11:05,027 DEBUG   180355072 bytes (180 MB) copied, 13.854438 s, 13.0 MB/s
2026-05-20 03:11:05,027 DEBUG   191889408 bytes (192 MB) copied, 14.935414 s, 12.8 MB/s
2026-05-20 03:11:05,027 DEBUG   200278016 bytes (200 MB) copied, 15.952366 s, 12.6 MB/s
2026-05-20 03:11:05,028 DEBUG   213909504 bytes (214 MB) copied, 16.971427 s, 12.6 MB/s
2026-05-20 03:11:05,028 DEBUG   226492416 bytes (226 MB) copied, 17.989375 s, 12.6 MB/s
2026-05-20 03:11:05,028 DEBUG   239075328 bytes (239 MB) copied, 18.993679 s, 12.6 MB/s
2026-05-20 03:11:05,028 DEBUG   253755392 bytes (254 MB) copied, 20.062503 s, 12.6 MB/s
2026-05-20 03:11:05,028 DEBUG   266338304 bytes (266 MB) copied, 21.093418 s, 12.6 MB/s
2026-05-20 03:11:05,028 DEBUG   279969792 bytes (280 MB) copied, 22.159977 s, 12.6 MB/s
2026-05-20 03:11:05,028 DEBUG   295698432 bytes (296 MB) copied, 23.161473 s, 12.8 MB/s
2026-05-20 03:11:05,028 DEBUG   314572800 bytes (315 MB) copied, 24.262454 s, 13.0 MB/s
2026-05-20 03:11:05,028 DEBUG   328204288 bytes (328 MB) copied, 25.461404 s, 12.9 MB/s
2026-05-20 03:11:05,028 DEBUG   350224384 bytes (350 MB) copied, 26.513503 s, 13.2 MB/s
2026-05-20 03:11:05,028 DEBUG   363855872 bytes (364 MB) copied, 27.560413 s, 13.2 MB/s
2026-05-20 03:11:05,028 DEBUG   376438784 bytes (376 MB) copied, 28.713398 s, 13.1 MB/s
2026-05-20 03:11:05,028 DEBUG   391118848 bytes (391 MB) copied, 29.728429 s, 13.2 MB/s
2026-05-20 03:11:05,028 DEBUG   404750336 bytes (405 MB) copied, 30.802685 s, 13.1 MB/s
2026-05-20 03:11:05,028 DEBUG   414187520 bytes (414 MB) copied, 31.843480 s, 13.0 MB/s
2026-05-20 03:11:05,028 DEBUG   426770432 bytes (427 MB) copied, 32.874632 s, 13.0 MB/s
2026-05-20 03:11:05,028 DEBUG   444596224 bytes (445 MB) copied, 33.892446 s, 13.1 MB/s
2026-05-20 03:11:05,028 DEBUG   456130560 bytes (456 MB) copied, 34.951499 s, 13.1 MB/s
2026-05-20 03:11:05,028 DEBUG   477102080 bytes (477 MB) copied, 36.116452 s, 13.2 MB/s
2026-05-20 03:11:05,028 DEBUG   488636416 bytes (489 MB) copied, 37.169507 s, 13.1 MB/s
2026-05-20 03:11:05,028 DEBUG   498073600 bytes (498 MB) copied, 38.183436 s, 13.0 MB/s
2026-05-20 03:11:05,028 DEBUG   511705088 bytes (512 MB) copied, 39.271530 s, 13.0 MB/s
2026-05-20 03:11:05,028 DEBUG   532676608 bytes (533 MB) copied, 40.333687 s, 13.2 MB/s
2026-05-20 03:11:05,028 DEBUG   546308096 bytes (546 MB) copied, 41.409427 s, 13.2 MB/s
2026-05-20 03:11:05,028 DEBUG   556793856 bytes (557 MB) copied, 42.446432 s, 13.1 MB/s
2026-05-20 03:11:05,028 DEBUG   569376768 bytes (569 MB) copied, 43.475601 s, 13.1 MB/s
2026-05-20 03:11:05,028 DEBUG   584056832 bytes (584 MB) copied, 44.531382 s, 13.1 MB/s
2026-05-20 03:11:05,028 DEBUG   598736896 bytes (599 MB) copied, 45.567514 s, 13.1 MB/s
2026-05-20 03:11:05,028 DEBUG   610271232 bytes (610 MB) copied, 46.622381 s, 13.1 MB/s
2026-05-20 03:11:05,028 DEBUG   628097024 bytes (628 MB) copied, 47.734397 s, 13.2 MB/s
2026-05-20 03:11:05,028 DEBUG   642777088 bytes (643 MB) copied, 48.881358 s, 13.1 MB/s
2026-05-20 03:11:05,028 DEBUG   660602880 bytes (661 MB) copied, 49.925510 s, 13.2 MB/s
2026-05-20 03:11:05,028 DEBUG   677380096 bytes (677 MB) copied, 50.963575 s, 13.3 MB/s
2026-05-20 03:11:05,028 DEBUG   687865856 bytes (688 MB) copied, 51.976465 s, 13.2 MB/s
2026-05-20 03:11:05,028 DEBUG   702545920 bytes (703 MB) copied, 52.995416 s, 13.3 MB/s
2026-05-20 03:11:05,028 DEBUG   725614592 bytes (726 MB) copied, 53.996926 s, 13.4 MB/s
2026-05-20 03:11:05,028 DEBUG   738197504 bytes (738 MB) copied, 55.008426 s, 13.4 MB/s
2026-05-20 03:11:05,028 DEBUG   752877568 bytes (753 MB) copied, 56.084750 s, 13.4 MB/s
2026-05-20 03:11:05,028 DEBUG   763363328 bytes (763 MB) copied, 57.127418 s, 13.4 MB/s
2026-05-20 03:11:05,028 DEBUG   771751936 bytes (772 MB) copied, 58.161421 s, 13.3 MB/s
2026-05-20 03:11:05,028 DEBUG   789577728 bytes (790 MB) copied, 59.166821 s, 13.3 MB/s
2026-05-20 03:11:05,028 DEBUG   803209216 bytes (803 MB) copied, 60.211500 s, 13.3 MB/s
2026-05-20 03:11:05,028 DEBUG   816840704 bytes (817 MB) copied, 61.247801 s, 13.3 MB/s
2026-05-20 03:11:05,028 DEBUG   834666496 bytes (835 MB) copied, 62.343431 s, 13.4 MB/s
2026-05-20 03:11:05,028 DEBUG   847249408 bytes (847 MB) copied, 63.447449 s, 13.4 MB/s
2026-05-20 03:11:05,028 DEBUG   864026624 bytes (864 MB) copied, 64.613390 s, 13.4 MB/s
2026-05-20 03:11:05,028 DEBUG   875560960 bytes (876 MB) copied, 65.621425 s, 13.3 MB/s
2026-05-20 03:11:05,028 DEBUG   889192448 bytes (889 MB) copied, 66.782656 s, 13.3 MB/s
2026-05-20 03:11:05,029 DEBUG   903872512 bytes (904 MB) copied, 67.857375 s, 13.3 MB/s
2026-05-20 03:11:05,029 DEBUG   916455424 bytes (916 MB) copied, 68.869502 s, 13.3 MB/s
2026-05-20 03:11:05,029 DEBUG   932184064 bytes (932 MB) copied, 69.869892 s, 13.3 MB/s
2026-05-20 03:11:05,029 DEBUG   946864128 bytes (947 MB) copied, 70.934455 s, 13.3 MB/s
2026-05-20 03:11:05,029 DEBUG   963641344 bytes (964 MB) copied, 71.992653 s, 13.4 MB/s
2026-05-20 03:11:05,029 DEBUG   978321408 bytes (978 MB) copied, 73.083557 s, 13.4 MB/s
2026-05-20 03:11:05,029 DEBUG   995098624 bytes (995 MB) copied, 74.133366 s, 13.4 MB/s
2026-05-20 03:11:05,029 DEBUG   1008730112 bytes (1.0 GB) copied, 75.142612 s, 13.4 MB/s
2026-05-20 03:11:05,029 DEBUG   1033895936 bytes (1.0 GB) copied, 76.217439 s, 13.6 MB/s
2026-05-20 03:11:05,029 DEBUG   1048576000 bytes (1.0 GB) copied, 77.231733 s, 13.6 MB/s
2026-05-20 03:11:05,029 DEBUG   1064304640 bytes (1.1 GB) copied, 78.264867 s, 13.6 MB/s
2026-05-20 03:11:05,029 DEBUG   1024+0 records in
2026-05-20 03:11:05,029 DEBUG   1024+0 records out
2026-05-20 03:11:05,029 DEBUG   1073741824 bytes (1.1 GB) copied, 78.9705 s, 13.6 MB/s
2026-05-20 03:11:05,029 DEBUG   OK (disk op exit 0)
2026-05-20 03:11:05,029 WARNING Guest disk op wall 82.0s (vm='ahv_ins_delete-0-260514-184721' ip=10.114.53.82 op=create ec=0) — includes SSH + guest disk command; if still high, check guest disk throughput vs. MiB settings.
2026-05-20 03:11:05,029 DEBUG [92/1170] VM eaea2fbd… (ahv_ins_delete-0-260514-192123) via 10.114.50.242 op=create
2026-05-20 03:11:05,029 DEBUG   remote: bash -lc 'set -e; _bs(){ printf '"'"'BULK_SNAP_T %s %s\n'"'"' "$1" "$(date +%s.%N 2>/dev/null || date +%s)"; }; _bs guest_start; _bs pipeline_start; openssl enc -aes-256-ctr -pass pass:"testing" -nosalt < /dev/zero 2>/dev/null | dd of=/root/dummy_snapshot_data_1.img bs=1M count=1024 iflag=fullblock status=progress; ec=$?; _bs pipeline_done; _bs guest_end; exit $ec'
2026-05-20 03:11:05,307 DEBUG   BULK_SNAP_T guest_start 1779214184.799847471
2026-05-20 03:11:05,308 DEBUG   BULK_SNAP_T pipeline_start 1779214184.808240501
2026-05-20 03:11:05,308 DEBUG   BULK_SNAP_T pipeline_done 1779214262.356179755
2026-05-20 03:11:05,308 DEBUG   BULK_SNAP_T guest_end 1779214262.357981271
2026-05-20 03:11:05,308 DEBUG   
2026-05-20 03:11:05,308 DEBUG   13631488 bytes (14 MB) copied, 1.110241 s, 12.3 MB/s
2026-05-20 03:11:05,308 DEBUG   36700160 bytes (37 MB) copied, 2.152186 s, 17.1 MB/s
2026-05-20 03:11:05,308 DEBUG   48234496 bytes (48 MB) copied, 3.161148 s, 15.3 MB/s
2026-05-20 03:11:05,308 DEBUG   62914560 bytes (63 MB) copied, 4.349150 s, 14.5 MB/s
2026-05-20 03:11:05,308 DEBUG   73400320 bytes (73 MB) copied, 5.417276 s, 13.5 MB/s
2026-05-20 03:11:05,308 DEBUG   84934656 bytes (85 MB) copied, 6.444332 s, 13.2 MB/s
2026-05-20 03:11:05,308 DEBUG   101711872 bytes (102 MB) copied, 7.489198 s, 13.6 MB/s
2026-05-20 03:11:05,308 DEBUG   118489088 bytes (118 MB) copied, 8.587339 s, 13.8 MB/s
2026-05-20 03:11:05,308 DEBUG   130023424 bytes (130 MB) copied, 9.617235 s, 13.5 MB/s
2026-05-20 03:11:05,308 DEBUG   143654912 bytes (144 MB) copied, 10.638341 s, 13.5 MB/s
2026-05-20 03:11:05,308 DEBUG   154140672 bytes (154 MB) copied, 11.734260 s, 13.1 MB/s
2026-05-20 03:11:05,308 DEBUG   163577856 bytes (164 MB) copied, 12.788152 s, 12.8 MB/s
2026-05-20 03:11:05,308 DEBUG   195035136 bytes (195 MB) copied, 13.822367 s, 14.1 MB/s
2026-05-20 03:11:05,308 DEBUG   212860928 bytes (213 MB) copied, 14.906356 s, 14.3 MB/s
2026-05-20 03:11:05,308 DEBUG   226492416 bytes (226 MB) copied, 16.075508 s, 14.1 MB/s
2026-05-20 03:11:05,308 DEBUG   242221056 bytes (242 MB) copied, 17.200183 s, 14.1 MB/s
2026-05-20 03:11:05,309 DEBUG   257949696 bytes (258 MB) copied, 18.248166 s, 14.1 MB/s
2026-05-20 03:11:05,309 DEBUG   268435456 bytes (268 MB) copied, 19.249201 s, 13.9 MB/s
2026-05-20 03:11:05,309 DEBUG   284164096 bytes (284 MB) copied, 20.286222 s, 14.0 MB/s
2026-05-20 03:11:05,309 DEBUG   304087040 bytes (304 MB) copied, 21.343142 s, 14.2 MB/s
2026-05-20 03:11:05,309 DEBUG   317718528 bytes (318 MB) copied, 22.349193 s, 14.2 MB/s
2026-05-20 03:11:05,309 DEBUG   328204288 bytes (328 MB) copied, 23.356174 s, 14.1 MB/s
2026-05-20 03:11:05,309 DEBUG   338690048 bytes (339 MB) copied, 24.452182 s, 13.9 MB/s
2026-05-20 03:11:05,309 DEBUG   351272960 bytes (351 MB) copied, 25.467228 s, 13.8 MB/s
2026-05-20 03:11:05,309 DEBUG   367001600 bytes (367 MB) copied, 26.483200 s, 13.9 MB/s
2026-05-20 03:11:05,309 DEBUG   379584512 bytes (380 MB) copied, 27.558562 s, 13.8 MB/s
2026-05-20 03:11:05,309 DEBUG   394264576 bytes (394 MB) copied, 28.708402 s, 13.7 MB/s
2026-05-20 03:11:05,309 DEBUG   405798912 bytes (406 MB) copied, 29.819135 s, 13.6 MB/s
2026-05-20 03:11:05,309 DEBUG   419430400 bytes (419 MB) copied, 30.960197 s, 13.5 MB/s
2026-05-20 03:11:05,309 DEBUG   430964736 bytes (431 MB) copied, 31.974167 s, 13.5 MB/s
2026-05-20 03:11:05,309 DEBUG   443547648 bytes (444 MB) copied, 32.975204 s, 13.5 MB/s
2026-05-20 03:11:05,309 DEBUG   456130560 bytes (456 MB) copied, 34.014251 s, 13.4 MB/s
2026-05-20 03:11:05,309 DEBUG   471859200 bytes (472 MB) copied, 35.087183 s, 13.4 MB/s
2026-05-20 03:11:05,309 DEBUG   485490688 bytes (485 MB) copied, 36.090169 s, 13.5 MB/s
2026-05-20 03:11:05,309 DEBUG   499122176 bytes (499 MB) copied, 37.108187 s, 13.5 MB/s
2026-05-20 03:11:05,309 DEBUG   516947968 bytes (517 MB) copied, 38.121294 s, 13.6 MB/s
2026-05-20 03:11:05,309 DEBUG   530579456 bytes (531 MB) copied, 39.187224 s, 13.5 MB/s
2026-05-20 03:11:05,309 DEBUG   542113792 bytes (542 MB) copied, 40.241150 s, 13.5 MB/s
2026-05-20 03:11:05,309 DEBUG   558891008 bytes (559 MB) copied, 41.323310 s, 13.5 MB/s
2026-05-20 03:11:05,309 DEBUG   570425344 bytes (570 MB) copied, 42.363143 s, 13.5 MB/s
2026-05-20 03:11:05,309 DEBUG   585105408 bytes (585 MB) copied, 43.416179 s, 13.5 MB/s
2026-05-20 03:11:05,309 DEBUG   598736896 bytes (599 MB) copied, 44.479159 s, 13.5 MB/s
2026-05-20 03:11:05,309 DEBUG   611319808 bytes (611 MB) copied, 45.635225 s, 13.4 MB/s
2026-05-20 03:11:05,309 DEBUG   623902720 bytes (624 MB) copied, 46.784167 s, 13.3 MB/s
2026-05-20 03:11:05,309 DEBUG   639631360 bytes (640 MB) copied, 47.798387 s, 13.4 MB/s
2026-05-20 03:11:05,309 DEBUG   656408576 bytes (656 MB) copied, 48.872292 s, 13.4 MB/s
2026-05-20 03:11:05,309 DEBUG   670040064 bytes (670 MB) copied, 49.914318 s, 13.4 MB/s
2026-05-20 03:11:05,309 DEBUG   686817280 bytes (687 MB) copied, 50.994293 s, 13.5 MB/s
2026-05-20 03:11:05,309 DEBUG   700448768 bytes (700 MB) copied, 52.067317 s, 13.5 MB/s
2026-05-20 03:11:05,309 DEBUG   716177408 bytes (716 MB) copied, 53.141197 s, 13.5 MB/s
2026-05-20 03:11:05,309 DEBUG   729808896 bytes (730 MB) copied, 54.153145 s, 13.5 MB/s
2026-05-20 03:11:05,309 DEBUG   744488960 bytes (744 MB) copied, 55.212146 s, 13.5 MB/s
2026-05-20 03:11:05,309 DEBUG   757071872 bytes (757 MB) copied, 56.230128 s, 13.5 MB/s
2026-05-20 03:11:05,309 DEBUG   766509056 bytes (767 MB) copied, 57.274201 s, 13.4 MB/s
2026-05-20 03:11:05,309 DEBUG   783286272 bytes (783 MB) copied, 58.321197 s, 13.4 MB/s
2026-05-20 03:11:05,309 DEBUG   796917760 bytes (797 MB) copied, 59.321214 s, 13.4 MB/s
2026-05-20 03:11:05,309 DEBUG   808452096 bytes (808 MB) copied, 60.354181 s, 13.4 MB/s
2026-05-20 03:11:05,309 DEBUG   822083584 bytes (822 MB) copied, 61.460130 s, 13.4 MB/s
2026-05-20 03:11:05,309 DEBUG   836763648 bytes (837 MB) copied, 62.483250 s, 13.4 MB/s
2026-05-20 03:11:05,309 DEBUG   852492288 bytes (852 MB) copied, 63.540233 s, 13.4 MB/s
2026-05-20 03:11:05,309 DEBUG   869269504 bytes (869 MB) copied, 64.542202 s, 13.5 MB/s
2026-05-20 03:11:05,309 DEBUG   881852416 bytes (882 MB) copied, 65.638234 s, 13.4 MB/s
2026-05-20 03:11:05,309 DEBUG   893386752 bytes (893 MB) copied, 66.643218 s, 13.4 MB/s
2026-05-20 03:11:05,309 DEBUG   908066816 bytes (908 MB) copied, 67.678260 s, 13.4 MB/s
2026-05-20 03:11:05,309 DEBUG   940572672 bytes (941 MB) copied, 68.740198 s, 13.7 MB/s
2026-05-20 03:11:05,309 DEBUG   953155584 bytes (953 MB) copied, 69.795184 s, 13.7 MB/s
2026-05-20 03:11:05,309 DEBUG   969932800 bytes (970 MB) copied, 70.815326 s, 13.7 MB/s
2026-05-20 03:11:05,310 DEBUG   983564288 bytes (984 MB) copied, 71.904183 s, 13.7 MB/s
2026-05-20 03:11:05,310 DEBUG   1000341504 bytes (1.0 GB) copied, 72.940257 s, 13.7 MB/s
2026-05-20 03:11:05,310 DEBUG   1012924416 bytes (1.0 GB) copied, 73.955301 s, 13.7 MB/s
2026-05-20 03:11:05,310 DEBUG   1039138816 bytes (1.0 GB) copied, 75.165241 s, 13.8 MB/s
2026-05-20 03:11:05,310 DEBUG   1054867456 bytes (1.1 GB) copied, 76.202206 s, 13.8 MB/s
2026-05-20 03:11:05,310 DEBUG   1073741824 bytes (1.1 GB) copied, 77.339158 s, 13.9 MB/s
2026-05-20 03:11:05,310 DEBUG   1024+0 records in
2026-05-20 03:11:05,310 DEBUG   1024+0 records out
2026-05-20 03:11:05,310 DEBUG   1073741824 bytes (1.1 GB) copied, 77.3392 s, 13.9 MB/s
2026-05-20 03:11:05,310 DEBUG   OK (disk op exit 0)
2026-05-20 03:11:05,310 WARNING Guest disk op wall 80.3s (vm='ahv_ins_delete-0-260514-185234' ip=10.114.48.217 op=create ec=0) — includes SSH + guest disk command; if still high, check guest disk throughput vs. MiB settings.
2026-05-20 03:11:05,310 DEBUG [93/1170] VM 3b7deada… (ahv_ins_delete-0-260514-192200) via 10.114.52.45 op=create
2026-05-20 03:11:05,310 DEBUG   remote: bash -lc 'set -e; _bs(){ printf '"'"'BULK_SNAP_T %s %s\n'"'"' "$1" "$(date +%s.%N 2>/dev/null || date +%s)"; }; _bs guest_start; _bs pipeline_start; openssl enc -aes-256-ctr -pass pass:"testing" -nosalt < /dev/zero 2>/dev/null | dd of=/root/dummy_snapshot_data_1.img bs=1M count=1024 iflag=fullblock status=progress; ec=$?; _bs pipeline_done; _bs guest_end; exit $ec'
2026-05-20 03:11:07,810 DEBUG   BULK_SNAP_T guest_start 1779214185.868131664
2026-05-20 03:11:07,810 DEBUG   BULK_SNAP_T pipeline_start 1779214185.885692554
2026-05-20 03:11:07,810 DEBUG   BULK_SNAP_T pipeline_done 1779214263.986774458
2026-05-20 03:11:07,810 DEBUG   BULK_SNAP_T guest_end 1779214263.988438976
2026-05-20 03:11:07,810 DEBUG   
2026-05-20 03:11:07,810 DEBUG   14680064 bytes (15 MB) copied, 1.003651 s, 14.6 MB/s
2026-05-20 03:11:07,810 DEBUG   32505856 bytes (33 MB) copied, 2.127487 s, 15.3 MB/s
2026-05-20 03:11:07,810 DEBUG   44040192 bytes (44 MB) copied, 3.258617 s, 13.5 MB/s
2026-05-20 03:11:07,810 DEBUG   59768832 bytes (60 MB) copied, 4.281583 s, 14.0 MB/s
2026-05-20 03:11:07,810 DEBUG   77594624 bytes (78 MB) copied, 5.284933 s, 14.7 MB/s
2026-05-20 03:11:07,810 DEBUG   93323264 bytes (93 MB) copied, 6.305522 s, 14.8 MB/s
2026-05-20 03:11:07,810 DEBUG   105906176 bytes (106 MB) copied, 7.318497 s, 14.5 MB/s
2026-05-20 03:11:07,810 DEBUG   121634816 bytes (122 MB) copied, 8.395548 s, 14.5 MB/s
2026-05-20 03:11:07,810 DEBUG   135266304 bytes (135 MB) copied, 9.398460 s, 14.4 MB/s
2026-05-20 03:11:07,810 DEBUG   146800640 bytes (147 MB) copied, 10.557557 s, 13.9 MB/s
2026-05-20 03:11:07,810 DEBUG   163577856 bytes (164 MB) copied, 11.575517 s, 14.1 MB/s
2026-05-20 03:11:07,810 DEBUG   177209344 bytes (177 MB) copied, 12.607421 s, 14.1 MB/s
2026-05-20 03:11:07,810 DEBUG   190840832 bytes (191 MB) copied, 13.617502 s, 14.0 MB/s
2026-05-20 03:11:07,810 DEBUG   217055232 bytes (217 MB) copied, 14.728535 s, 14.7 MB/s
2026-05-20 03:11:07,810 DEBUG   230686720 bytes (231 MB) copied, 15.906506 s, 14.5 MB/s
2026-05-20 03:11:07,810 DEBUG   245366784 bytes (245 MB) copied, 16.995825 s, 14.4 MB/s
2026-05-20 03:11:07,810 DEBUG   260046848 bytes (260 MB) copied, 18.018721 s, 14.4 MB/s
2026-05-20 03:11:07,810 DEBUG   273678336 bytes (274 MB) copied, 19.117876 s, 14.3 MB/s
2026-05-20 03:11:07,810 DEBUG   286261248 bytes (286 MB) copied, 20.191466 s, 14.2 MB/s
2026-05-20 03:11:07,810 DEBUG   297795584 bytes (298 MB) copied, 21.280531 s, 14.0 MB/s
2026-05-20 03:11:07,810 DEBUG   306184192 bytes (306 MB) copied, 22.338509 s, 13.7 MB/s
2026-05-20 03:11:07,810 DEBUG   317718528 bytes (318 MB) copied, 23.434848 s, 13.6 MB/s
2026-05-20 03:11:07,810 DEBUG   331350016 bytes (331 MB) copied, 24.662606 s, 13.4 MB/s
2026-05-20 03:11:07,810 DEBUG   347078656 bytes (347 MB) copied, 25.685560 s, 13.5 MB/s
2026-05-20 03:11:07,810 DEBUG   362807296 bytes (363 MB) copied, 26.713956 s, 13.6 MB/s
2026-05-20 03:11:07,810 DEBUG   379584512 bytes (380 MB) copied, 27.823490 s, 13.6 MB/s
2026-05-20 03:11:07,810 DEBUG   394264576 bytes (394 MB) copied, 28.920566 s, 13.6 MB/s
2026-05-20 03:11:07,810 DEBUG   406847488 bytes (407 MB) copied, 29.927952 s, 13.6 MB/s
2026-05-20 03:11:07,810 DEBUG   420478976 bytes (420 MB) copied, 30.955497 s, 13.6 MB/s
2026-05-20 03:11:07,810 DEBUG   433061888 bytes (433 MB) copied, 32.076511 s, 13.5 MB/s
2026-05-20 03:11:07,810 DEBUG   451936256 bytes (452 MB) copied, 33.198482 s, 13.6 MB/s
2026-05-20 03:11:07,810 DEBUG   475004928 bytes (475 MB) copied, 34.201542 s, 13.9 MB/s
2026-05-20 03:11:07,810 DEBUG   491782144 bytes (492 MB) copied, 35.224641 s, 14.0 MB/s
2026-05-20 03:11:07,810 DEBUG   508559360 bytes (509 MB) copied, 36.393540 s, 14.0 MB/s
2026-05-20 03:11:07,810 DEBUG   524288000 bytes (524 MB) copied, 37.469498 s, 14.0 MB/s
2026-05-20 03:11:07,810 DEBUG   536870912 bytes (537 MB) copied, 38.584549 s, 13.9 MB/s
2026-05-20 03:11:07,810 DEBUG   548405248 bytes (548 MB) copied, 39.618519 s, 13.8 MB/s
2026-05-20 03:11:07,810 DEBUG   560988160 bytes (561 MB) copied, 40.651563 s, 13.8 MB/s
2026-05-20 03:11:07,811 DEBUG   575668224 bytes (576 MB) copied, 41.660490 s, 13.8 MB/s
2026-05-20 03:11:07,811 DEBUG   589299712 bytes (589 MB) copied, 42.670543 s, 13.8 MB/s
2026-05-20 03:11:07,811 DEBUG   600834048 bytes (601 MB) copied, 43.730694 s, 13.7 MB/s
2026-05-20 03:11:07,811 DEBUG   613416960 bytes (613 MB) copied, 44.769562 s, 13.7 MB/s
2026-05-20 03:11:07,811 DEBUG   625999872 bytes (626 MB) copied, 45.864539 s, 13.6 MB/s
2026-05-20 03:11:07,811 DEBUG   638582784 bytes (639 MB) copied, 46.883521 s, 13.6 MB/s
2026-05-20 03:11:07,811 DEBUG   651165696 bytes (651 MB) copied, 47.963472 s, 13.6 MB/s
2026-05-20 03:11:07,811 DEBUG   663748608 bytes (664 MB) copied, 48.963560 s, 13.6 MB/s
2026-05-20 03:11:07,811 DEBUG   680525824 bytes (681 MB) copied, 50.006718 s, 13.6 MB/s
2026-05-20 03:11:07,811 DEBUG   693108736 bytes (693 MB) copied, 51.018643 s, 13.6 MB/s
2026-05-20 03:11:07,811 DEBUG   704643072 bytes (705 MB) copied, 52.045523 s, 13.5 MB/s
2026-05-20 03:11:07,811 DEBUG   725614592 bytes (726 MB) copied, 53.074000 s, 13.7 MB/s
2026-05-20 03:11:07,811 DEBUG   736100352 bytes (736 MB) copied, 54.186542 s, 13.6 MB/s
2026-05-20 03:11:07,811 DEBUG   746586112 bytes (747 MB) copied, 55.237573 s, 13.5 MB/s
2026-05-20 03:11:07,811 DEBUG   761266176 bytes (761 MB) copied, 56.252539 s, 13.5 MB/s
2026-05-20 03:11:07,811 DEBUG   774897664 bytes (775 MB) copied, 57.284844 s, 13.5 MB/s
2026-05-20 03:11:07,811 DEBUG   790626304 bytes (791 MB) copied, 58.329780 s, 13.6 MB/s
2026-05-20 03:11:07,811 DEBUG   805306368 bytes (805 MB) copied, 59.394472 s, 13.6 MB/s
2026-05-20 03:11:07,811 DEBUG   823132160 bytes (823 MB) copied, 60.435506 s, 13.6 MB/s
2026-05-20 03:11:07,811 DEBUG   840957952 bytes (841 MB) copied, 61.473511 s, 13.7 MB/s
2026-05-20 03:11:07,811 DEBUG   853540864 bytes (854 MB) copied, 62.599617 s, 13.6 MB/s
2026-05-20 03:11:07,811 DEBUG   870318080 bytes (870 MB) copied, 63.640509 s, 13.7 MB/s
2026-05-20 03:11:07,811 DEBUG   883949568 bytes (884 MB) copied, 64.646753 s, 13.7 MB/s
2026-05-20 03:11:07,811 DEBUG   903872512 bytes (904 MB) copied, 65.655138 s, 13.8 MB/s
2026-05-20 03:11:07,811 DEBUG   920649728 bytes (921 MB) copied, 66.669525 s, 13.8 MB/s
2026-05-20 03:11:07,811 DEBUG   935329792 bytes (935 MB) copied, 67.770605 s, 13.8 MB/s
2026-05-20 03:11:07,811 DEBUG   953155584 bytes (953 MB) copied, 68.810748 s, 13.9 MB/s
2026-05-20 03:11:07,811 DEBUG   966787072 bytes (967 MB) copied, 69.813553 s, 13.8 MB/s
2026-05-20 03:11:07,811 DEBUG   983564288 bytes (984 MB) copied, 70.866547 s, 13.9 MB/s
2026-05-20 03:11:07,811 DEBUG   994050048 bytes (994 MB) copied, 72.034550 s, 13.8 MB/s
2026-05-20 03:11:07,811 DEBUG   1003487232 bytes (1.0 GB) copied, 73.041551 s, 13.7 MB/s
2026-05-20 03:11:07,811 DEBUG   1018167296 bytes (1.0 GB) copied, 74.077502 s, 13.7 MB/s
2026-05-20 03:11:07,811 DEBUG   1033895936 bytes (1.0 GB) copied, 75.216538 s, 13.7 MB/s
2026-05-20 03:11:07,811 DEBUG   1048576000 bytes (1.0 GB) copied, 76.284518 s, 13.7 MB/s
2026-05-20 03:11:07,811 DEBUG   1065353216 bytes (1.1 GB) copied, 77.386591 s, 13.8 MB/s
2026-05-20 03:11:07,811 DEBUG   1024+0 records in
2026-05-20 03:11:07,811 DEBUG   1024+0 records out
2026-05-20 03:11:07,811 DEBUG   1073741824 bytes (1.1 GB) copied, 77.9355 s, 13.8 MB/s
2026-05-20 03:11:07,811 DEBUG   OK (disk op exit 0)
2026-05-20 03:11:07,811 WARNING Guest disk op wall 81.0s (vm='ahv_ins_delete-0-260514-185252' ip=10.114.53.133 op=create ec=0) — includes SSH + guest disk command; if still high, check guest disk throughput vs. MiB settings.
2026-05-20 03:11:07,812 DEBUG [94/1170] VM 4dd28a1c… (ahv_ins_delete-0-260514-192203) via 10.114.51.110 op=create
2026-05-20 03:11:07,812 DEBUG   remote: bash -lc 'set -e; _bs(){ printf '"'"'BULK_SNAP_T %s %s\n'"'"' "$1" "$(date +%s.%N 2>/dev/null || date +%s)"; }; _bs guest_start; _bs pipeline_start; openssl enc -aes-256-ctr -pass pass:"testing" -nosalt < /dev/zero 2>/dev/null | dd of=/root/dummy_snapshot_data_1.img bs=1M count=1024 iflag=fullblock status=progress; ec=$?; _bs pipeline_done; _bs guest_end; exit $ec'
2026-05-20 03:11:10,802 DEBUG   BULK_SNAP_T guest_start 1779214178.321373748
2026-05-20 03:11:10,802 DEBUG   BULK_SNAP_T pipeline_start 1779214178.333199618
2026-05-20 03:11:10,802 DEBUG   BULK_SNAP_T pipeline_done 1779214267.112264463
2026-05-20 03:11:10,802 DEBUG   BULK_SNAP_T guest_end 1779214267.114026137
2026-05-20 03:11:10,802 DEBUG   
2026-05-20 03:11:10,802 DEBUG   10485760 bytes (10 MB) copied, 1.019087 s, 10.3 MB/s
2026-05-20 03:11:10,802 DEBUG   25165824 bytes (25 MB) copied, 2.062029 s, 12.2 MB/s
2026-05-20 03:11:10,802 DEBUG   42991616 bytes (43 MB) copied, 3.070018 s, 14.0 MB/s
2026-05-20 03:11:10,803 DEBUG   60817408 bytes (61 MB) copied, 4.099028 s, 14.8 MB/s
2026-05-20 03:11:10,803 DEBUG   78643200 bytes (79 MB) copied, 5.123058 s, 15.4 MB/s
2026-05-20 03:11:10,803 DEBUG   91226112 bytes (91 MB) copied, 6.205152 s, 14.7 MB/s
2026-05-20 03:11:10,803 DEBUG   104857600 bytes (105 MB) copied, 7.419132 s, 14.1 MB/s
2026-05-20 03:11:10,803 DEBUG   119537664 bytes (120 MB) copied, 8.433070 s, 14.2 MB/s
2026-05-20 03:11:10,803 DEBUG   127926272 bytes (128 MB) copied, 9.460066 s, 13.5 MB/s
2026-05-20 03:11:10,803 DEBUG   140509184 bytes (141 MB) copied, 10.545109 s, 13.3 MB/s
2026-05-20 03:11:10,803 DEBUG   153092096 bytes (153 MB) copied, 11.581101 s, 13.2 MB/s
2026-05-20 03:11:10,803 DEBUG   168820736 bytes (169 MB) copied, 12.659285 s, 13.3 MB/s
2026-05-20 03:11:10,803 DEBUG   183500800 bytes (184 MB) copied, 13.666207 s, 13.4 MB/s
2026-05-20 03:11:10,803 DEBUG   198180864 bytes (198 MB) copied, 14.704146 s, 13.5 MB/s
2026-05-20 03:11:10,803 DEBUG   211812352 bytes (212 MB) copied, 15.705116 s, 13.5 MB/s
2026-05-20 03:11:10,803 DEBUG   229638144 bytes (230 MB) copied, 16.785088 s, 13.7 MB/s
2026-05-20 03:11:10,803 DEBUG   244318208 bytes (244 MB) copied, 17.804058 s, 13.7 MB/s
2026-05-20 03:11:10,803 DEBUG   257949696 bytes (258 MB) copied, 18.927054 s, 13.6 MB/s
2026-05-20 03:11:10,803 DEBUG   270532608 bytes (271 MB) copied, 20.009153 s, 13.5 MB/s
2026-05-20 03:11:10,803 DEBUG   283115520 bytes (283 MB) copied, 21.095879 s, 13.4 MB/s
2026-05-20 03:11:10,803 DEBUG   293601280 bytes (294 MB) copied, 22.177097 s, 13.2 MB/s
2026-05-20 03:11:10,803 DEBUG   307232768 bytes (307 MB) copied, 23.254063 s, 13.2 MB/s
2026-05-20 03:11:10,803 DEBUG   321912832 bytes (322 MB) copied, 24.296085 s, 13.2 MB/s
2026-05-20 03:11:10,803 DEBUG   331350016 bytes (331 MB) copied, 25.336073 s, 13.1 MB/s
2026-05-20 03:11:10,803 DEBUG   342884352 bytes (343 MB) copied, 26.384422 s, 13.0 MB/s
2026-05-20 03:11:10,803 DEBUG   357564416 bytes (358 MB) copied, 27.512085 s, 13.0 MB/s
2026-05-20 03:11:10,803 DEBUG   368050176 bytes (368 MB) copied, 28.536456 s, 12.9 MB/s
2026-05-20 03:11:10,803 DEBUG   380633088 bytes (381 MB) copied, 29.578128 s, 12.9 MB/s
2026-05-20 03:11:10,803 DEBUG   389021696 bytes (389 MB) copied, 30.733214 s, 12.7 MB/s
2026-05-20 03:11:10,803 DEBUG   398458880 bytes (398 MB) copied, 31.763113 s, 12.5 MB/s
2026-05-20 03:11:10,803 DEBUG   408944640 bytes (409 MB) copied, 32.868363 s, 12.4 MB/s
2026-05-20 03:11:10,803 DEBUG   423624704 bytes (424 MB) copied, 33.876228 s, 12.5 MB/s
2026-05-20 03:11:10,803 DEBUG   455081984 bytes (455 MB) copied, 35.051307 s, 13.0 MB/s
2026-05-20 03:11:10,803 DEBUG   466616320 bytes (467 MB) copied, 36.250360 s, 12.9 MB/s
2026-05-20 03:11:10,803 DEBUG   477102080 bytes (477 MB) copied, 37.435096 s, 12.7 MB/s
2026-05-20 03:11:10,803 DEBUG   487587840 bytes (488 MB) copied, 38.574080 s, 12.6 MB/s
2026-05-20 03:11:10,803 DEBUG   499122176 bytes (499 MB) copied, 39.586653 s, 12.6 MB/s
2026-05-20 03:11:10,803 DEBUG   514850816 bytes (515 MB) copied, 40.655079 s, 12.7 MB/s
2026-05-20 03:11:10,803 DEBUG   527433728 bytes (527 MB) copied, 41.755099 s, 12.6 MB/s
2026-05-20 03:11:10,803 DEBUG   535822336 bytes (536 MB) copied, 42.761027 s, 12.5 MB/s
2026-05-20 03:11:10,803 DEBUG   547356672 bytes (547 MB) copied, 43.901157 s, 12.5 MB/s
2026-05-20 03:11:10,803 DEBUG   557842432 bytes (558 MB) copied, 44.981063 s, 12.4 MB/s
2026-05-20 03:11:10,803 DEBUG   580911104 bytes (581 MB) copied, 46.121053 s, 12.6 MB/s
2026-05-20 03:11:10,803 DEBUG   595591168 bytes (596 MB) copied, 47.124033 s, 12.6 MB/s
2026-05-20 03:11:10,803 DEBUG   606076928 bytes (606 MB) copied, 48.154197 s, 12.6 MB/s
2026-05-20 03:11:10,803 DEBUG   618659840 bytes (619 MB) copied, 49.271062 s, 12.6 MB/s
2026-05-20 03:11:10,803 DEBUG   628097024 bytes (628 MB) copied, 50.368023 s, 12.5 MB/s
2026-05-20 03:11:10,803 DEBUG   641728512 bytes (642 MB) copied, 51.373111 s, 12.5 MB/s
2026-05-20 03:11:10,803 DEBUG   651165696 bytes (651 MB) copied, 52.393108 s, 12.4 MB/s
2026-05-20 03:11:10,803 DEBUG   659554304 bytes (660 MB) copied, 53.541075 s, 12.3 MB/s
2026-05-20 03:11:10,803 DEBUG   670040064 bytes (670 MB) copied, 54.543449 s, 12.3 MB/s
2026-05-20 03:11:10,803 DEBUG   683671552 bytes (684 MB) copied, 55.733299 s, 12.3 MB/s
2026-05-20 03:11:10,803 DEBUG   695205888 bytes (695 MB) copied, 56.740490 s, 12.3 MB/s
2026-05-20 03:11:10,803 DEBUG   707788800 bytes (708 MB) copied, 57.813053 s, 12.2 MB/s
2026-05-20 03:11:10,803 DEBUG   718274560 bytes (718 MB) copied, 58.829051 s, 12.2 MB/s
2026-05-20 03:11:10,804 DEBUG   741343232 bytes (741 MB) copied, 59.859223 s, 12.4 MB/s
2026-05-20 03:11:10,804 DEBUG   750780416 bytes (751 MB) copied, 60.927228 s, 12.3 MB/s
2026-05-20 03:11:10,804 DEBUG   758120448 bytes (758 MB) copied, 61.937082 s, 12.2 MB/s
2026-05-20 03:11:10,804 DEBUG   768606208 bytes (769 MB) copied, 62.989086 s, 12.2 MB/s
2026-05-20 03:11:10,804 DEBUG   781189120 bytes (781 MB) copied, 64.132060 s, 12.2 MB/s
2026-05-20 03:11:10,804 DEBUG   792723456 bytes (793 MB) copied, 65.200632 s, 12.2 MB/s
2026-05-20 03:11:10,804 DEBUG   804257792 bytes (804 MB) copied, 66.222308 s, 12.1 MB/s
2026-05-20 03:11:10,804 DEBUG   819986432 bytes (820 MB) copied, 67.271539 s, 12.2 MB/s
2026-05-20 03:11:10,804 DEBUG   834666496 bytes (835 MB) copied, 68.279071 s, 12.2 MB/s
2026-05-20 03:11:10,804 DEBUG   848297984 bytes (848 MB) copied, 69.356175 s, 12.2 MB/s
2026-05-20 03:11:10,804 DEBUG   864026624 bytes (864 MB) copied, 70.457542 s, 12.3 MB/s
2026-05-20 03:11:10,804 DEBUG   875560960 bytes (876 MB) copied, 71.498077 s, 12.2 MB/s
2026-05-20 03:11:10,804 DEBUG   886046720 bytes (886 MB) copied, 72.563216 s, 12.2 MB/s
2026-05-20 03:11:10,804 DEBUG   899678208 bytes (900 MB) copied, 73.599218 s, 12.2 MB/s
2026-05-20 03:11:10,804 DEBUG   911212544 bytes (911 MB) copied, 74.647067 s, 12.2 MB/s
2026-05-20 03:11:10,804 DEBUG   922746880 bytes (923 MB) copied, 75.703176 s, 12.2 MB/s
2026-05-20 03:11:10,804 DEBUG   935329792 bytes (935 MB) copied, 76.763176 s, 12.2 MB/s
2026-05-20 03:11:10,804 DEBUG   946864128 bytes (947 MB) copied, 77.802151 s, 12.2 MB/s
2026-05-20 03:11:10,804 DEBUG   959447040 bytes (959 MB) copied, 78.841256 s, 12.2 MB/s
2026-05-20 03:11:10,804 DEBUG   969932800 bytes (970 MB) copied, 79.864167 s, 12.1 MB/s
2026-05-20 03:11:10,804 DEBUG   983564288 bytes (984 MB) copied, 80.872465 s, 12.2 MB/s
2026-05-20 03:11:10,804 DEBUG   993001472 bytes (993 MB) copied, 81.943094 s, 12.1 MB/s
2026-05-20 03:11:10,804 DEBUG   1005584384 bytes (1.0 GB) copied, 83.039228 s, 12.1 MB/s
2026-05-20 03:11:10,804 DEBUG   1017118720 bytes (1.0 GB) copied, 84.051325 s, 12.1 MB/s
2026-05-20 03:11:10,804 DEBUG   1029701632 bytes (1.0 GB) copied, 85.083159 s, 12.1 MB/s
2026-05-20 03:11:10,804 DEBUG   1043333120 bytes (1.0 GB) copied, 86.095019 s, 12.1 MB/s
2026-05-20 03:11:10,804 DEBUG   1052770304 bytes (1.1 GB) copied, 87.118156 s, 12.1 MB/s
2026-05-20 03:11:10,804 DEBUG   1069547520 bytes (1.1 GB) copied, 88.226130 s, 12.1 MB/s
2026-05-20 03:11:10,804 DEBUG   1024+0 records in
2026-05-20 03:11:10,804 DEBUG   1024+0 records out
2026-05-20 03:11:10,804 DEBUG   1073741824 bytes (1.1 GB) copied, 88.5991 s, 12.1 MB/s
2026-05-20 03:11:10,804 DEBUG   OK (disk op exit 0)
2026-05-20 03:11:10,804 WARNING Guest disk op wall 91.5s (vm='ahv_ins_delete-0-260514-184710' ip=10.114.51.246 op=create ec=0) — includes SSH + guest disk command; if still high, check guest disk throughput vs. MiB settings.
2026-05-20 03:11:10,805 DEBUG [95/1170] VM b9395db6… (ahv_ins_delete-0-260514-192208) via 10.114.51.91 op=create
2026-05-20 03:11:10,805 DEBUG   remote: bash -lc 'set -e; _bs(){ printf '"'"'BULK_SNAP_T %s %s\n'"'"' "$1" "$(date +%s.%N 2>/dev/null || date +%s)"; }; _bs guest_start; _bs pipeline_start; openssl enc -aes-256-ctr -pass pass:"testing" -nosalt < /dev/zero 2>/dev/null | dd of=/root/dummy_snapshot_data_1.img bs=1M count=1024 iflag=fullblock status=progress; ec=$?; _bs pipeline_done; _bs guest_end; exit $ec'
2026-05-20 03:11:11,309 DEBUG   BULK_SNAP_T guest_start 1779214183.281667262
2026-05-20 03:11:11,309 DEBUG   BULK_SNAP_T pipeline_start 1779214183.289208537
2026-05-20 03:11:11,309 DEBUG   BULK_SNAP_T pipeline_done 1779214266.928128857
2026-05-20 03:11:11,310 DEBUG   BULK_SNAP_T guest_end 1779214266.940979836
2026-05-20 03:11:11,310 DEBUG   
2026-05-20 03:11:11,310 DEBUG   9437184 bytes (9.4 MB) copied, 1.021471 s, 9.2 MB/s
2026-05-20 03:11:11,310 DEBUG   22020096 bytes (22 MB) copied, 2.028550 s, 10.9 MB/s
2026-05-20 03:11:11,310 DEBUG   35651584 bytes (36 MB) copied, 3.055396 s, 11.7 MB/s
2026-05-20 03:11:11,310 DEBUG   48234496 bytes (48 MB) copied, 4.153398 s, 11.6 MB/s
2026-05-20 03:11:11,310 DEBUG   62914560 bytes (63 MB) copied, 5.271495 s, 11.9 MB/s
2026-05-20 03:11:11,310 DEBUG   79691776 bytes (80 MB) copied, 6.392921 s, 12.5 MB/s
2026-05-20 03:11:11,310 DEBUG   95420416 bytes (95 MB) copied, 7.419810 s, 12.9 MB/s
2026-05-20 03:11:11,310 DEBUG   110100480 bytes (110 MB) copied, 8.489521 s, 13.0 MB/s
2026-05-20 03:11:11,310 DEBUG   123731968 bytes (124 MB) copied, 9.565481 s, 12.9 MB/s
2026-05-20 03:11:11,310 DEBUG   136314880 bytes (136 MB) copied, 10.684664 s, 12.8 MB/s
2026-05-20 03:11:11,310 DEBUG   144703488 bytes (145 MB) copied, 11.721423 s, 12.3 MB/s
2026-05-20 03:11:11,310 DEBUG   157286400 bytes (157 MB) copied, 12.791578 s, 12.3 MB/s
2026-05-20 03:11:11,310 DEBUG   169869312 bytes (170 MB) copied, 13.794524 s, 12.3 MB/s
2026-05-20 03:11:11,310 DEBUG   181403648 bytes (181 MB) copied, 14.840490 s, 12.2 MB/s
2026-05-20 03:11:11,310 DEBUG   195035136 bytes (195 MB) copied, 15.973883 s, 12.2 MB/s
2026-05-20 03:11:11,310 DEBUG   205520896 bytes (206 MB) copied, 17.060449 s, 12.0 MB/s
2026-05-20 03:11:11,310 DEBUG   219152384 bytes (219 MB) copied, 18.064533 s, 12.1 MB/s
2026-05-20 03:11:11,310 DEBUG   231735296 bytes (232 MB) copied, 19.067436 s, 12.2 MB/s
2026-05-20 03:11:11,310 DEBUG   246415360 bytes (246 MB) copied, 20.116525 s, 12.2 MB/s
2026-05-20 03:11:11,310 DEBUG   258998272 bytes (259 MB) copied, 21.183440 s, 12.2 MB/s
2026-05-20 03:11:11,310 DEBUG   270532608 bytes (271 MB) copied, 22.200687 s, 12.2 MB/s
2026-05-20 03:11:11,310 DEBUG   282066944 bytes (282 MB) copied, 23.258464 s, 12.1 MB/s
2026-05-20 03:11:11,310 DEBUG   294649856 bytes (295 MB) copied, 24.450473 s, 12.1 MB/s
2026-05-20 03:11:11,310 DEBUG   306184192 bytes (306 MB) copied, 25.450665 s, 12.0 MB/s
2026-05-20 03:11:11,310 DEBUG   317718528 bytes (318 MB) copied, 26.506454 s, 12.0 MB/s
2026-05-20 03:11:11,310 DEBUG   332398592 bytes (332 MB) copied, 27.526448 s, 12.1 MB/s
2026-05-20 03:11:11,310 DEBUG   343932928 bytes (344 MB) copied, 28.680410 s, 12.0 MB/s
2026-05-20 03:11:11,310 DEBUG   356515840 bytes (357 MB) copied, 29.862480 s, 11.9 MB/s
2026-05-20 03:11:11,310 DEBUG   368050176 bytes (368 MB) copied, 30.988416 s, 11.9 MB/s
2026-05-20 03:11:11,310 DEBUG   382730240 bytes (383 MB) copied, 32.145533 s, 11.9 MB/s
2026-05-20 03:11:11,310 DEBUG   397410304 bytes (397 MB) copied, 33.209608 s, 12.0 MB/s
2026-05-20 03:11:11,310 DEBUG   409993216 bytes (410 MB) copied, 34.226429 s, 12.0 MB/s
2026-05-20 03:11:11,310 DEBUG   425721856 bytes (426 MB) copied, 35.247466 s, 12.1 MB/s
2026-05-20 03:11:11,310 DEBUG   439353344 bytes (439 MB) copied, 36.421444 s, 12.1 MB/s
2026-05-20 03:11:11,310 DEBUG   454033408 bytes (454 MB) copied, 37.469438 s, 12.1 MB/s
2026-05-20 03:11:11,310 DEBUG   464519168 bytes (465 MB) copied, 38.630451 s, 12.0 MB/s
2026-05-20 03:11:11,310 DEBUG   477102080 bytes (477 MB) copied, 39.788468 s, 12.0 MB/s
2026-05-20 03:11:11,310 DEBUG   499122176 bytes (499 MB) copied, 40.892663 s, 12.2 MB/s
2026-05-20 03:11:11,310 DEBUG   516947968 bytes (517 MB) copied, 41.931669 s, 12.3 MB/s
2026-05-20 03:11:11,310 DEBUG   531628032 bytes (532 MB) copied, 42.976513 s, 12.4 MB/s
2026-05-20 03:11:11,310 DEBUG   545259520 bytes (545 MB) copied, 44.004476 s, 12.4 MB/s
2026-05-20 03:11:11,310 DEBUG   558891008 bytes (559 MB) copied, 45.102543 s, 12.4 MB/s
2026-05-20 03:11:11,310 DEBUG   570425344 bytes (570 MB) copied, 46.182436 s, 12.4 MB/s
2026-05-20 03:11:11,311 DEBUG   585105408 bytes (585 MB) copied, 47.252382 s, 12.4 MB/s
2026-05-20 03:11:11,311 DEBUG   601882624 bytes (602 MB) copied, 48.428395 s, 12.4 MB/s
2026-05-20 03:11:11,311 DEBUG   615514112 bytes (616 MB) copied, 49.434433 s, 12.5 MB/s
2026-05-20 03:11:11,311 DEBUG   631242752 bytes (631 MB) copied, 50.607597 s, 12.5 MB/s
2026-05-20 03:11:11,311 DEBUG   644874240 bytes (645 MB) copied, 51.690484 s, 12.5 MB/s
2026-05-20 03:11:11,311 DEBUG   658505728 bytes (659 MB) copied, 52.747698 s, 12.5 MB/s
2026-05-20 03:11:11,311 DEBUG   672137216 bytes (672 MB) copied, 53.861650 s, 12.5 MB/s
2026-05-20 03:11:11,311 DEBUG   687865856 bytes (688 MB) copied, 54.946422 s, 12.5 MB/s
2026-05-20 03:11:11,311 DEBUG   697303040 bytes (697 MB) copied, 56.104406 s, 12.4 MB/s
2026-05-20 03:11:11,311 DEBUG   709885952 bytes (710 MB) copied, 57.248534 s, 12.4 MB/s
2026-05-20 03:11:11,311 DEBUG   725614592 bytes (726 MB) copied, 58.271685 s, 12.5 MB/s
2026-05-20 03:11:11,311 DEBUG   739246080 bytes (739 MB) copied, 59.273573 s, 12.5 MB/s
2026-05-20 03:11:11,311 DEBUG   751828992 bytes (752 MB) copied, 60.365498 s, 12.5 MB/s
2026-05-20 03:11:11,311 DEBUG   764411904 bytes (764 MB) copied, 61.418775 s, 12.4 MB/s
2026-05-20 03:11:11,311 DEBUG   775946240 bytes (776 MB) copied, 62.420864 s, 12.4 MB/s
2026-05-20 03:11:11,311 DEBUG   787480576 bytes (787 MB) copied, 63.555557 s, 12.4 MB/s
2026-05-20 03:11:11,311 DEBUG   802160640 bytes (802 MB) copied, 64.636459 s, 12.4 MB/s
2026-05-20 03:11:11,311 DEBUG   817889280 bytes (818 MB) copied, 65.735531 s, 12.4 MB/s
2026-05-20 03:11:11,311 DEBUG   833617920 bytes (834 MB) copied, 66.794604 s, 12.5 MB/s
2026-05-20 03:11:11,311 DEBUG   850395136 bytes (850 MB) copied, 67.811421 s, 12.5 MB/s
2026-05-20 03:11:11,311 DEBUG   860880896 bytes (861 MB) copied, 68.826878 s, 12.5 MB/s
2026-05-20 03:11:11,311 DEBUG   877658112 bytes (878 MB) copied, 69.864468 s, 12.6 MB/s
2026-05-20 03:11:11,311 DEBUG   891289600 bytes (891 MB) copied, 70.879971 s, 12.6 MB/s
2026-05-20 03:11:11,311 DEBUG   904921088 bytes (905 MB) copied, 71.897435 s, 12.6 MB/s
2026-05-20 03:11:11,311 DEBUG   923795456 bytes (924 MB) copied, 72.902509 s, 12.7 MB/s
2026-05-20 03:11:11,311 DEBUG   934281216 bytes (934 MB) copied, 73.939838 s, 12.6 MB/s
2026-05-20 03:11:11,311 DEBUG   946864128 bytes (947 MB) copied, 74.966538 s, 12.6 MB/s
2026-05-20 03:11:11,311 DEBUG   960495616 bytes (960 MB) copied, 75.972441 s, 12.6 MB/s
2026-05-20 03:11:11,311 DEBUG   977272832 bytes (977 MB) copied, 77.022706 s, 12.7 MB/s
2026-05-20 03:11:11,311 DEBUG   990904320 bytes (991 MB) copied, 78.023469 s, 12.7 MB/s
2026-05-20 03:11:11,311 DEBUG   1006632960 bytes (1.0 GB) copied, 79.133609 s, 12.7 MB/s
2026-05-20 03:11:11,311 DEBUG   1020264448 bytes (1.0 GB) copied, 80.250480 s, 12.7 MB/s
2026-05-20 03:11:11,311 DEBUG   1039138816 bytes (1.0 GB) copied, 81.312372 s, 12.8 MB/s
2026-05-20 03:11:11,311 DEBUG   1059061760 bytes (1.1 GB) copied, 82.369654 s, 12.9 MB/s
2026-05-20 03:11:11,311 DEBUG   1072693248 bytes (1.1 GB) copied, 83.460652 s, 12.9 MB/s
2026-05-20 03:11:11,311 DEBUG   1024+0 records in
2026-05-20 03:11:11,311 DEBUG   1024+0 records out
2026-05-20 03:11:11,311 DEBUG   1073741824 bytes (1.1 GB) copied, 83.4628 s, 12.9 MB/s
2026-05-20 03:11:11,311 DEBUG   OK (disk op exit 0)
2026-05-20 03:11:11,311 WARNING Guest disk op wall 86.5s (vm='ahv_ins_delete-0-260514-185233' ip=10.114.50.25 op=create ec=0) — includes SSH + guest disk command; if still high, check guest disk throughput vs. MiB settings.
2026-05-20 03:11:11,312 DEBUG [96/1170] VM 5bacaa90… (ahv_ins_delete-0-260514-192546) via 10.114.50.120 op=create
2026-05-20 03:11:11,312 DEBUG   remote: bash -lc 'set -e; _bs(){ printf '"'"'BULK_SNAP_T %s %s\n'"'"' "$1" "$(date +%s.%N 2>/dev/null || date +%s)"; }; _bs guest_start; _bs pipeline_start; openssl enc -aes-256-ctr -pass pass:"testing" -nosalt < /dev/zero 2>/dev/null | dd of=/root/dummy_snapshot_data_1.img bs=1M count=1024 iflag=fullblock status=progress; ec=$?; _bs pipeline_done; _bs guest_end; exit $ec'
2026-05-20 03:11:12,016 DEBUG   BULK_SNAP_T guest_start 1779214185.842878823
2026-05-20 03:11:12,017 DEBUG   BULK_SNAP_T pipeline_start 1779214185.852021268
2026-05-20 03:11:12,017 DEBUG   BULK_SNAP_T pipeline_done 1779214268.033799419
2026-05-20 03:11:12,017 DEBUG   BULK_SNAP_T guest_end 1779214268.035230829
2026-05-20 03:11:12,017 DEBUG   
2026-05-20 03:11:12,017 DEBUG   13631488 bytes (14 MB) copied, 1.042603 s, 13.1 MB/s
2026-05-20 03:11:12,017 DEBUG   24117248 bytes (24 MB) copied, 2.087514 s, 11.6 MB/s
2026-05-20 03:11:12,017 DEBUG   40894464 bytes (41 MB) copied, 3.102664 s, 13.2 MB/s
2026-05-20 03:11:12,017 DEBUG   59768832 bytes (60 MB) copied, 4.117563 s, 14.5 MB/s
2026-05-20 03:11:12,017 DEBUG   84934656 bytes (85 MB) copied, 5.144533 s, 16.5 MB/s
2026-05-20 03:11:12,017 DEBUG   104857600 bytes (105 MB) copied, 6.266515 s, 16.7 MB/s
2026-05-20 03:11:12,017 DEBUG   120586240 bytes (121 MB) copied, 7.331559 s, 16.4 MB/s
2026-05-20 03:11:12,017 DEBUG   134217728 bytes (134 MB) copied, 8.367524 s, 16.0 MB/s
2026-05-20 03:11:12,017 DEBUG   152043520 bytes (152 MB) copied, 9.371506 s, 16.2 MB/s
2026-05-20 03:11:12,017 DEBUG   166723584 bytes (167 MB) copied, 10.402616 s, 16.0 MB/s
2026-05-20 03:11:12,017 DEBUG   175112192 bytes (175 MB) copied, 11.634607 s, 15.1 MB/s
2026-05-20 03:11:12,017 DEBUG   189792256 bytes (190 MB) copied, 12.637558 s, 15.0 MB/s
2026-05-20 03:11:12,017 DEBUG   207618048 bytes (208 MB) copied, 13.729481 s, 15.1 MB/s
2026-05-20 03:11:12,017 DEBUG   227540992 bytes (228 MB) copied, 14.766596 s, 15.4 MB/s
2026-05-20 03:11:12,017 DEBUG   242221056 bytes (242 MB) copied, 15.767494 s, 15.4 MB/s
2026-05-20 03:11:12,017 DEBUG   253755392 bytes (254 MB) copied, 16.828740 s, 15.1 MB/s
2026-05-20 03:11:12,017 DEBUG   267386880 bytes (267 MB) copied, 17.920537 s, 14.9 MB/s
2026-05-20 03:11:12,017 DEBUG   283115520 bytes (283 MB) copied, 18.979555 s, 14.9 MB/s
2026-05-20 03:11:12,017 DEBUG   300941312 bytes (301 MB) copied, 20.015583 s, 15.0 MB/s
2026-05-20 03:11:12,017 DEBUG   315621376 bytes (316 MB) copied, 21.035579 s, 15.0 MB/s
2026-05-20 03:11:12,017 DEBUG   334495744 bytes (334 MB) copied, 22.105575 s, 15.1 MB/s
2026-05-20 03:11:12,017 DEBUG   346030080 bytes (346 MB) copied, 23.215544 s, 14.9 MB/s
2026-05-20 03:11:12,017 DEBUG   358612992 bytes (359 MB) copied, 24.250698 s, 14.8 MB/s
2026-05-20 03:11:12,017 DEBUG   372244480 bytes (372 MB) copied, 25.322558 s, 14.7 MB/s
2026-05-20 03:11:12,017 DEBUG   385875968 bytes (386 MB) copied, 26.498672 s, 14.6 MB/s
2026-05-20 03:11:12,017 DEBUG   394264576 bytes (394 MB) copied, 27.499652 s, 14.3 MB/s
2026-05-20 03:11:12,017 DEBUG   408944640 bytes (409 MB) copied, 28.621671 s, 14.3 MB/s
2026-05-20 03:11:12,017 DEBUG   420478976 bytes (420 MB) copied, 29.671478 s, 14.2 MB/s
2026-05-20 03:11:12,017 DEBUG   441450496 bytes (441 MB) copied, 30.807557 s, 14.3 MB/s
2026-05-20 03:11:12,017 DEBUG   464519168 bytes (465 MB) copied, 31.900581 s, 14.6 MB/s
2026-05-20 03:11:12,017 DEBUG   477102080 bytes (477 MB) copied, 32.906043 s, 14.5 MB/s
2026-05-20 03:11:12,017 DEBUG   490733568 bytes (491 MB) copied, 33.937491 s, 14.5 MB/s
2026-05-20 03:11:12,017 DEBUG   500170752 bytes (500 MB) copied, 35.024623 s, 14.3 MB/s
2026-05-20 03:11:12,017 DEBUG   516947968 bytes (517 MB) copied, 36.134565 s, 14.3 MB/s
2026-05-20 03:11:12,017 DEBUG   534773760 bytes (535 MB) copied, 37.140668 s, 14.4 MB/s
2026-05-20 03:11:12,017 DEBUG   546308096 bytes (546 MB) copied, 38.149514 s, 14.3 MB/s
2026-05-20 03:11:12,017 DEBUG   555745280 bytes (556 MB) copied, 39.163532 s, 14.2 MB/s
2026-05-20 03:11:12,017 DEBUG   567279616 bytes (567 MB) copied, 40.238617 s, 14.1 MB/s
2026-05-20 03:11:12,017 DEBUG   580911104 bytes (581 MB) copied, 41.309505 s, 14.1 MB/s
2026-05-20 03:11:12,018 DEBUG   593494016 bytes (593 MB) copied, 42.309799 s, 14.0 MB/s
2026-05-20 03:11:12,018 DEBUG   605028352 bytes (605 MB) copied, 43.365018 s, 14.0 MB/s
2026-05-20 03:11:12,018 DEBUG   617611264 bytes (618 MB) copied, 44.489816 s, 13.9 MB/s
2026-05-20 03:11:12,018 DEBUG   629145600 bytes (629 MB) copied, 45.581533 s, 13.8 MB/s
2026-05-20 03:11:12,018 DEBUG   640679936 bytes (641 MB) copied, 46.650581 s, 13.7 MB/s
2026-05-20 03:11:12,018 DEBUG   653262848 bytes (653 MB) copied, 47.704978 s, 13.7 MB/s
2026-05-20 03:11:12,018 DEBUG   663748608 bytes (664 MB) copied, 48.795582 s, 13.6 MB/s
2026-05-20 03:11:12,018 DEBUG   676331520 bytes (676 MB) copied, 49.817534 s, 13.6 MB/s
2026-05-20 03:11:12,018 DEBUG   686817280 bytes (687 MB) copied, 50.833533 s, 13.5 MB/s
2026-05-20 03:11:12,018 DEBUG   703594496 bytes (704 MB) copied, 51.917693 s, 13.6 MB/s
2026-05-20 03:11:12,018 DEBUG   715128832 bytes (715 MB) copied, 52.999586 s, 13.5 MB/s
2026-05-20 03:11:12,018 DEBUG   726663168 bytes (727 MB) copied, 54.050667 s, 13.4 MB/s
2026-05-20 03:11:12,018 DEBUG   739246080 bytes (739 MB) copied, 55.090501 s, 13.4 MB/s
2026-05-20 03:11:12,018 DEBUG   752877568 bytes (753 MB) copied, 56.193606 s, 13.4 MB/s
2026-05-20 03:11:12,018 DEBUG   766509056 bytes (767 MB) copied, 57.265008 s, 13.4 MB/s
2026-05-20 03:11:12,018 DEBUG   783286272 bytes (783 MB) copied, 58.325715 s, 13.4 MB/s
2026-05-20 03:11:12,018 DEBUG   795869184 bytes (796 MB) copied, 59.340552 s, 13.4 MB/s
2026-05-20 03:11:12,018 DEBUG   815792128 bytes (816 MB) copied, 60.474045 s, 13.5 MB/s
2026-05-20 03:11:12,018 DEBUG   830472192 bytes (830 MB) copied, 61.553118 s, 13.5 MB/s
2026-05-20 03:11:12,018 DEBUG   840957952 bytes (841 MB) copied, 62.635614 s, 13.4 MB/s
2026-05-20 03:11:12,018 DEBUG   854589440 bytes (855 MB) copied, 63.782554 s, 13.4 MB/s
2026-05-20 03:11:12,018 DEBUG   866123776 bytes (866 MB) copied, 64.800889 s, 13.4 MB/s
2026-05-20 03:11:12,018 DEBUG   879755264 bytes (880 MB) copied, 65.826053 s, 13.4 MB/s
2026-05-20 03:11:12,018 DEBUG   892338176 bytes (892 MB) copied, 66.833518 s, 13.4 MB/s
2026-05-20 03:11:12,018 DEBUG   907018240 bytes (907 MB) copied, 67.943739 s, 13.3 MB/s
2026-05-20 03:11:12,018 DEBUG   916455424 bytes (916 MB) copied, 68.963632 s, 13.3 MB/s
2026-05-20 03:11:12,018 DEBUG   927989760 bytes (928 MB) copied, 70.025530 s, 13.3 MB/s
2026-05-20 03:11:12,018 DEBUG   938475520 bytes (938 MB) copied, 71.110641 s, 13.2 MB/s
2026-05-20 03:11:12,018 DEBUG   950009856 bytes (950 MB) copied, 72.327634 s, 13.1 MB/s
2026-05-20 03:11:12,018 DEBUG   962592768 bytes (963 MB) copied, 73.490602 s, 13.1 MB/s
2026-05-20 03:11:12,018 DEBUG   979369984 bytes (979 MB) copied, 74.491529 s, 13.1 MB/s
2026-05-20 03:11:12,018 DEBUG   994050048 bytes (994 MB) copied, 75.566749 s, 13.2 MB/s
2026-05-20 03:11:12,018 DEBUG   1008730112 bytes (1.0 GB) copied, 76.658516 s, 13.2 MB/s
2026-05-20 03:11:12,018 DEBUG   1023410176 bytes (1.0 GB) copied, 77.851545 s, 13.1 MB/s
2026-05-20 03:11:12,018 DEBUG   1035993088 bytes (1.0 GB) copied, 78.942513 s, 13.1 MB/s
2026-05-20 03:11:12,018 DEBUG   1047527424 bytes (1.0 GB) copied, 79.957578 s, 13.1 MB/s
2026-05-20 03:11:12,018 DEBUG   1061158912 bytes (1.1 GB) copied, 81.041537 s, 13.1 MB/s
2026-05-20 03:11:12,018 DEBUG   1024+0 records in
2026-05-20 03:11:12,018 DEBUG   1024+0 records out
2026-05-20 03:11:12,018 DEBUG   1073741824 bytes (1.1 GB) copied, 81.9936 s, 13.1 MB/s
2026-05-20 03:11:12,018 DEBUG   OK (disk op exit 0)
2026-05-20 03:11:12,018 WARNING Guest disk op wall 85.3s (vm='ahv_ins_delete-0-260514-185251' ip=10.114.53.32 op=create ec=0) — includes SSH + guest disk command; if still high, check guest disk throughput vs. MiB settings.
2026-05-20 03:11:12,019 DEBUG [97/1170] VM 7cf338c6… (ahv_ins_delete-0-260514-192637) via 10.114.48.130 op=create
2026-05-20 03:11:12,019 DEBUG   remote: bash -lc 'set -e; _bs(){ printf '"'"'BULK_SNAP_T %s %s\n'"'"' "$1" "$(date +%s.%N 2>/dev/null || date +%s)"; }; _bs guest_start; _bs pipeline_start; openssl enc -aes-256-ctr -pass pass:"testing" -nosalt < /dev/zero 2>/dev/null | dd of=/root/dummy_snapshot_data_1.img bs=1M count=1024 iflag=fullblock status=progress; ec=$?; _bs pipeline_done; _bs guest_end; exit $ec'
2026-05-20 03:11:13,009 DEBUG   BULK_SNAP_T guest_start 1779214181.312997130
2026-05-20 03:11:13,010 DEBUG   BULK_SNAP_T pipeline_start 1779214181.321982727
2026-05-20 03:11:13,010 DEBUG   BULK_SNAP_T pipeline_done 1779214268.983193013
2026-05-20 03:11:13,010 DEBUG   BULK_SNAP_T guest_end 1779214269.007344879
2026-05-20 03:11:13,010 DEBUG   
2026-05-20 03:11:13,010 DEBUG   12582912 bytes (13 MB) copied, 1.023989 s, 12.3 MB/s
2026-05-20 03:11:13,010 DEBUG   26214400 bytes (26 MB) copied, 2.033946 s, 12.9 MB/s
2026-05-20 03:11:13,010 DEBUG   41943040 bytes (42 MB) copied, 3.158900 s, 13.3 MB/s
2026-05-20 03:11:13,010 DEBUG   58720256 bytes (59 MB) copied, 4.248970 s, 13.8 MB/s
2026-05-20 03:11:13,010 DEBUG   72351744 bytes (72 MB) copied, 5.311139 s, 13.6 MB/s
2026-05-20 03:11:13,010 DEBUG   90177536 bytes (90 MB) copied, 6.339940 s, 14.2 MB/s
2026-05-20 03:11:13,010 DEBUG   99614720 bytes (100 MB) copied, 7.388927 s, 13.5 MB/s
2026-05-20 03:11:13,010 DEBUG   112197632 bytes (112 MB) copied, 8.417953 s, 13.3 MB/s
2026-05-20 03:11:13,010 DEBUG   124780544 bytes (125 MB) copied, 9.482081 s, 13.2 MB/s
2026-05-20 03:11:13,010 DEBUG   139460608 bytes (139 MB) copied, 10.502012 s, 13.3 MB/s
2026-05-20 03:11:13,010 DEBUG   149946368 bytes (150 MB) copied, 11.600149 s, 12.9 MB/s
2026-05-20 03:11:13,010 DEBUG   165675008 bytes (166 MB) copied, 12.742905 s, 13.0 MB/s
2026-05-20 03:11:13,010 DEBUG   179306496 bytes (179 MB) copied, 13.871898 s, 12.9 MB/s
2026-05-20 03:11:13,010 DEBUG   191889408 bytes (192 MB) copied, 14.874475 s, 12.9 MB/s
2026-05-20 03:11:13,010 DEBUG   202375168 bytes (202 MB) copied, 15.892959 s, 12.7 MB/s
2026-05-20 03:11:13,010 DEBUG   211812352 bytes (212 MB) copied, 16.899980 s, 12.5 MB/s
2026-05-20 03:11:13,010 DEBUG   222298112 bytes (222 MB) copied, 17.900997 s, 12.4 MB/s
2026-05-20 03:11:13,010 DEBUG   236978176 bytes (237 MB) copied, 18.928925 s, 12.5 MB/s
2026-05-20 03:11:13,010 DEBUG   249561088 bytes (250 MB) copied, 19.995096 s, 12.5 MB/s
2026-05-20 03:11:13,010 DEBUG   261095424 bytes (261 MB) copied, 21.002000 s, 12.4 MB/s
2026-05-20 03:11:13,010 DEBUG   273678336 bytes (274 MB) copied, 22.017619 s, 12.4 MB/s
2026-05-20 03:11:13,010 DEBUG   285212672 bytes (285 MB) copied, 23.077950 s, 12.4 MB/s
2026-05-20 03:11:13,010 DEBUG   297795584 bytes (298 MB) copied, 24.107935 s, 12.4 MB/s
2026-05-20 03:11:13,010 DEBUG   309329920 bytes (309 MB) copied, 25.189915 s, 12.3 MB/s
2026-05-20 03:11:13,010 DEBUG   321912832 bytes (322 MB) copied, 26.266019 s, 12.3 MB/s
2026-05-20 03:11:13,010 DEBUG   331350016 bytes (331 MB) copied, 27.295950 s, 12.1 MB/s
2026-05-20 03:11:13,010 DEBUG   342884352 bytes (343 MB) copied, 28.376170 s, 12.1 MB/s
2026-05-20 03:11:13,010 DEBUG   354418688 bytes (354 MB) copied, 29.393957 s, 12.1 MB/s
2026-05-20 03:11:13,010 DEBUG   363855872 bytes (364 MB) copied, 30.393963 s, 12.0 MB/s
2026-05-20 03:11:13,010 DEBUG   386924544 bytes (387 MB) copied, 31.496226 s, 12.3 MB/s
2026-05-20 03:11:13,010 DEBUG   398458880 bytes (398 MB) copied, 32.549946 s, 12.2 MB/s
2026-05-20 03:11:13,010 DEBUG   411041792 bytes (411 MB) copied, 33.555926 s, 12.2 MB/s
2026-05-20 03:11:13,010 DEBUG   427819008 bytes (428 MB) copied, 34.598916 s, 12.4 MB/s
2026-05-20 03:11:13,010 DEBUG   437256192 bytes (437 MB) copied, 35.640931 s, 12.3 MB/s
2026-05-20 03:11:13,010 DEBUG   449839104 bytes (450 MB) copied, 36.755015 s, 12.2 MB/s
2026-05-20 03:11:13,010 DEBUG   458227712 bytes (458 MB) copied, 37.870142 s, 12.1 MB/s
2026-05-20 03:11:13,010 DEBUG   473956352 bytes (474 MB) copied, 39.003184 s, 12.2 MB/s
2026-05-20 03:11:13,010 DEBUG   490733568 bytes (491 MB) copied, 40.058284 s, 12.3 MB/s
2026-05-20 03:11:13,010 DEBUG   500170752 bytes (500 MB) copied, 41.066216 s, 12.2 MB/s
2026-05-20 03:11:13,010 DEBUG   513802240 bytes (514 MB) copied, 42.192998 s, 12.2 MB/s
2026-05-20 03:11:13,010 DEBUG   525336576 bytes (525 MB) copied, 43.210969 s, 12.2 MB/s
2026-05-20 03:11:13,010 DEBUG   535822336 bytes (536 MB) copied, 44.286265 s, 12.1 MB/s
2026-05-20 03:11:13,011 DEBUG   548405248 bytes (548 MB) copied, 45.293054 s, 12.1 MB/s
2026-05-20 03:11:13,011 DEBUG   562036736 bytes (562 MB) copied, 46.351944 s, 12.1 MB/s
2026-05-20 03:11:13,011 DEBUG   573571072 bytes (574 MB) copied, 47.367991 s, 12.1 MB/s
2026-05-20 03:11:13,011 DEBUG   585105408 bytes (585 MB) copied, 48.375954 s, 12.1 MB/s
2026-05-20 03:11:13,011 DEBUG   596639744 bytes (597 MB) copied, 49.422928 s, 12.1 MB/s
2026-05-20 03:11:13,011 DEBUG   614465536 bytes (614 MB) copied, 50.428035 s, 12.2 MB/s
2026-05-20 03:11:13,011 DEBUG   631242752 bytes (631 MB) copied, 51.497892 s, 12.3 MB/s
2026-05-20 03:11:13,011 DEBUG   643825664 bytes (644 MB) copied, 52.516954 s, 12.3 MB/s
2026-05-20 03:11:13,011 DEBUG   656408576 bytes (656 MB) copied, 53.553904 s, 12.3 MB/s
2026-05-20 03:11:13,011 DEBUG   668991488 bytes (669 MB) copied, 54.565312 s, 12.3 MB/s
2026-05-20 03:11:13,011 DEBUG   681574400 bytes (682 MB) copied, 55.646945 s, 12.2 MB/s
2026-05-20 03:11:13,011 DEBUG   693108736 bytes (693 MB) copied, 56.672054 s, 12.2 MB/s
2026-05-20 03:11:13,011 DEBUG   713031680 bytes (713 MB) copied, 57.701277 s, 12.4 MB/s
2026-05-20 03:11:13,011 DEBUG   722468864 bytes (722 MB) copied, 58.759936 s, 12.3 MB/s
2026-05-20 03:11:13,011 DEBUG   732954624 bytes (733 MB) copied, 59.795048 s, 12.3 MB/s
2026-05-20 03:11:13,011 DEBUG   747634688 bytes (748 MB) copied, 60.870905 s, 12.3 MB/s
2026-05-20 03:11:13,011 DEBUG   761266176 bytes (761 MB) copied, 61.886027 s, 12.3 MB/s
2026-05-20 03:11:13,011 DEBUG   776994816 bytes (777 MB) copied, 62.966008 s, 12.3 MB/s
2026-05-20 03:11:13,011 DEBUG   788529152 bytes (789 MB) copied, 64.101970 s, 12.3 MB/s
2026-05-20 03:11:13,011 DEBUG   802160640 bytes (802 MB) copied, 65.150991 s, 12.3 MB/s
2026-05-20 03:11:13,011 DEBUG   813694976 bytes (814 MB) copied, 66.178029 s, 12.3 MB/s
2026-05-20 03:11:13,011 DEBUG   825229312 bytes (825 MB) copied, 67.246986 s, 12.3 MB/s
2026-05-20 03:11:13,011 DEBUG   839909376 bytes (840 MB) copied, 68.279078 s, 12.3 MB/s
2026-05-20 03:11:13,011 DEBUG   852492288 bytes (852 MB) copied, 69.303996 s, 12.3 MB/s
2026-05-20 03:11:13,011 DEBUG   866123776 bytes (866 MB) copied, 70.391931 s, 12.3 MB/s
2026-05-20 03:11:13,011 DEBUG   878706688 bytes (879 MB) copied, 71.392289 s, 12.3 MB/s
2026-05-20 03:11:13,011 DEBUG   894435328 bytes (894 MB) copied, 72.475910 s, 12.3 MB/s
2026-05-20 03:11:13,011 DEBUG   907018240 bytes (907 MB) copied, 73.496074 s, 12.3 MB/s
2026-05-20 03:11:13,011 DEBUG   921698304 bytes (922 MB) copied, 74.533055 s, 12.4 MB/s
2026-05-20 03:11:13,011 DEBUG   933232640 bytes (933 MB) copied, 75.619304 s, 12.3 MB/s
2026-05-20 03:11:13,011 DEBUG   945815552 bytes (946 MB) copied, 76.755966 s, 12.3 MB/s
2026-05-20 03:11:13,011 DEBUG   959447040 bytes (959 MB) copied, 77.790971 s, 12.3 MB/s
2026-05-20 03:11:13,011 DEBUG   972029952 bytes (972 MB) copied, 78.867921 s, 12.3 MB/s
2026-05-20 03:11:13,011 DEBUG   984612864 bytes (985 MB) copied, 79.929947 s, 12.3 MB/s
2026-05-20 03:11:13,011 DEBUG   998244352 bytes (998 MB) copied, 80.951957 s, 12.3 MB/s
2026-05-20 03:11:13,011 DEBUG   1011875840 bytes (1.0 GB) copied, 81.988949 s, 12.3 MB/s
2026-05-20 03:11:13,011 DEBUG   1024458752 bytes (1.0 GB) copied, 83.084935 s, 12.3 MB/s
2026-05-20 03:11:13,011 DEBUG   1034944512 bytes (1.0 GB) copied, 84.160949 s, 12.3 MB/s
2026-05-20 03:11:13,011 DEBUG   1046478848 bytes (1.0 GB) copied, 85.311990 s, 12.3 MB/s
2026-05-20 03:11:13,011 DEBUG   1060110336 bytes (1.1 GB) copied, 86.385971 s, 12.3 MB/s
2026-05-20 03:11:13,011 DEBUG   1073741824 bytes (1.1 GB) copied, 87.478383 s, 12.3 MB/s
2026-05-20 03:11:13,011 DEBUG   1024+0 records in
2026-05-20 03:11:13,011 DEBUG   1024+0 records out
2026-05-20 03:11:13,011 DEBUG   1073741824 bytes (1.1 GB) copied, 87.4784 s, 12.3 MB/s
2026-05-20 03:11:13,011 DEBUG   OK (disk op exit 0)
2026-05-20 03:11:13,012 WARNING Guest disk op wall 90.3s (vm='ahv_ins_delete-0-260514-184712' ip=10.114.50.103 op=create ec=0) — includes SSH + guest disk command; if still high, check guest disk throughput vs. MiB settings.
2026-05-20 03:11:13,012 DEBUG [98/1170] VM 40d00e92… (ahv_ins_delete-0-260514-192726) via 10.114.51.132 op=create
2026-05-20 03:11:13,012 DEBUG   remote: bash -lc 'set -e; _bs(){ printf '"'"'BULK_SNAP_T %s %s\n'"'"' "$1" "$(date +%s.%N 2>/dev/null || date +%s)"; }; _bs guest_start; _bs pipeline_start; openssl enc -aes-256-ctr -pass pass:"testing" -nosalt < /dev/zero 2>/dev/null | dd of=/root/dummy_snapshot_data_1.img bs=1M count=1024 iflag=fullblock status=progress; ec=$?; _bs pipeline_done; _bs guest_end; exit $ec'
2026-05-20 03:11:13,061 DEBUG   BULK_SNAP_T guest_start 1779214187.980724279
2026-05-20 03:11:13,061 DEBUG   BULK_SNAP_T pipeline_start 1779214187.991396949
2026-05-20 03:11:13,061 DEBUG   BULK_SNAP_T pipeline_done 1779214269.420309276
2026-05-20 03:11:13,061 DEBUG   BULK_SNAP_T guest_end 1779214269.421836542
2026-05-20 03:11:13,061 DEBUG   
2026-05-20 03:11:13,061 DEBUG   10485760 bytes (10 MB) copied, 1.058332 s, 9.9 MB/s
2026-05-20 03:11:13,061 DEBUG   28311552 bytes (28 MB) copied, 2.087405 s, 13.6 MB/s
2026-05-20 03:11:13,061 DEBUG   56623104 bytes (57 MB) copied, 3.113698 s, 18.2 MB/s
2026-05-20 03:11:13,061 DEBUG   72351744 bytes (72 MB) copied, 4.139321 s, 17.5 MB/s
2026-05-20 03:11:13,062 DEBUG   85983232 bytes (86 MB) copied, 5.179407 s, 16.6 MB/s
2026-05-20 03:11:13,062 DEBUG   99614720 bytes (100 MB) copied, 6.229315 s, 16.0 MB/s
2026-05-20 03:11:13,062 DEBUG   116391936 bytes (116 MB) copied, 7.236328 s, 16.1 MB/s
2026-05-20 03:11:13,062 DEBUG   136314880 bytes (136 MB) copied, 8.271411 s, 16.5 MB/s
2026-05-20 03:11:13,062 DEBUG   146800640 bytes (147 MB) copied, 9.294276 s, 15.8 MB/s
2026-05-20 03:11:13,062 DEBUG   156237824 bytes (156 MB) copied, 10.306282 s, 15.2 MB/s
2026-05-20 03:11:13,062 DEBUG   170917888 bytes (171 MB) copied, 11.343300 s, 15.1 MB/s
2026-05-20 03:11:13,062 DEBUG   183500800 bytes (184 MB) copied, 12.390284 s, 14.8 MB/s
2026-05-20 03:11:13,062 DEBUG   198180864 bytes (198 MB) copied, 13.488263 s, 14.7 MB/s
2026-05-20 03:11:13,062 DEBUG   210763776 bytes (211 MB) copied, 14.710400 s, 14.3 MB/s
2026-05-20 03:11:13,062 DEBUG   225443840 bytes (225 MB) copied, 15.750296 s, 14.3 MB/s
2026-05-20 03:11:13,062 DEBUG   238026752 bytes (238 MB) copied, 16.781276 s, 14.2 MB/s
2026-05-20 03:11:13,062 DEBUG   249561088 bytes (250 MB) copied, 17.856245 s, 14.0 MB/s
2026-05-20 03:11:13,062 DEBUG   261095424 bytes (261 MB) copied, 18.900240 s, 13.8 MB/s
2026-05-20 03:11:13,062 DEBUG   272629760 bytes (273 MB) copied, 19.995328 s, 13.6 MB/s
2026-05-20 03:11:13,062 DEBUG   285212672 bytes (285 MB) copied, 21.012657 s, 13.6 MB/s
2026-05-20 03:11:13,062 DEBUG   295698432 bytes (296 MB) copied, 22.053276 s, 13.4 MB/s
2026-05-20 03:11:13,062 DEBUG   309329920 bytes (309 MB) copied, 23.061612 s, 13.4 MB/s
2026-05-20 03:11:13,062 DEBUG   329252864 bytes (329 MB) copied, 24.192457 s, 13.6 MB/s
2026-05-20 03:11:13,062 DEBUG   341835776 bytes (342 MB) copied, 25.199616 s, 13.6 MB/s
2026-05-20 03:11:13,062 DEBUG   352321536 bytes (352 MB) copied, 26.219298 s, 13.4 MB/s
2026-05-20 03:11:13,062 DEBUG   361758720 bytes (362 MB) copied, 27.227654 s, 13.3 MB/s
2026-05-20 03:11:13,062 DEBUG   377487360 bytes (377 MB) copied, 28.279645 s, 13.3 MB/s
2026-05-20 03:11:13,062 DEBUG   389021696 bytes (389 MB) copied, 29.497405 s, 13.2 MB/s
2026-05-20 03:11:13,062 DEBUG   406847488 bytes (407 MB) copied, 30.499260 s, 13.3 MB/s
2026-05-20 03:11:13,062 DEBUG   418381824 bytes (418 MB) copied, 31.559262 s, 13.3 MB/s
2026-05-20 03:11:13,062 DEBUG   428867584 bytes (429 MB) copied, 32.602289 s, 13.2 MB/s
2026-05-20 03:11:13,062 DEBUG   443547648 bytes (444 MB) copied, 33.626275 s, 13.2 MB/s
2026-05-20 03:11:13,062 DEBUG   460324864 bytes (460 MB) copied, 34.633246 s, 13.3 MB/s
2026-05-20 03:11:13,062 DEBUG   469762048 bytes (470 MB) copied, 35.658331 s, 13.2 MB/s
2026-05-20 03:11:13,062 DEBUG   481296384 bytes (481 MB) copied, 36.683359 s, 13.1 MB/s
2026-05-20 03:11:13,062 DEBUG   494927872 bytes (495 MB) copied, 37.802239 s, 13.1 MB/s
2026-05-20 03:11:13,062 DEBUG   507510784 bytes (508 MB) copied, 38.823689 s, 13.1 MB/s
2026-05-20 03:11:13,062 DEBUG   521142272 bytes (521 MB) copied, 39.882495 s, 13.1 MB/s
2026-05-20 03:11:13,062 DEBUG   535822336 bytes (536 MB) copied, 40.903247 s, 13.1 MB/s
2026-05-20 03:11:13,062 DEBUG   547356672 bytes (547 MB) copied, 41.990208 s, 13.0 MB/s
2026-05-20 03:11:13,062 DEBUG   558891008 bytes (559 MB) copied, 43.039213 s, 13.0 MB/s
2026-05-20 03:11:13,062 DEBUG   574619648 bytes (575 MB) copied, 44.070300 s, 13.0 MB/s
2026-05-20 03:11:13,062 DEBUG   587202560 bytes (587 MB) copied, 45.157629 s, 13.0 MB/s
2026-05-20 03:11:13,062 DEBUG   598736896 bytes (599 MB) copied, 46.256251 s, 12.9 MB/s
2026-05-20 03:11:13,062 DEBUG   611319808 bytes (611 MB) copied, 47.260304 s, 12.9 MB/s
2026-05-20 03:11:13,062 DEBUG   623902720 bytes (624 MB) copied, 48.340291 s, 12.9 MB/s
2026-05-20 03:11:13,062 DEBUG   640679936 bytes (641 MB) copied, 49.446780 s, 13.0 MB/s
2026-05-20 03:11:13,062 DEBUG   653262848 bytes (653 MB) copied, 50.591339 s, 12.9 MB/s
2026-05-20 03:11:13,062 DEBUG   663748608 bytes (664 MB) copied, 51.649332 s, 12.9 MB/s
2026-05-20 03:11:13,062 DEBUG   679477248 bytes (679 MB) copied, 52.716280 s, 12.9 MB/s
2026-05-20 03:11:13,062 DEBUG   694157312 bytes (694 MB) copied, 53.826357 s, 12.9 MB/s
2026-05-20 03:11:13,062 DEBUG   707788800 bytes (708 MB) copied, 54.939296 s, 12.9 MB/s
2026-05-20 03:11:13,062 DEBUG   720371712 bytes (720 MB) copied, 55.993309 s, 12.9 MB/s
2026-05-20 03:11:13,062 DEBUG   740294656 bytes (740 MB) copied, 57.044505 s, 13.0 MB/s
2026-05-20 03:11:13,062 DEBUG   751828992 bytes (752 MB) copied, 58.108265 s, 12.9 MB/s
2026-05-20 03:11:13,063 DEBUG   769654784 bytes (770 MB) copied, 59.131670 s, 13.0 MB/s
2026-05-20 03:11:13,063 DEBUG   783286272 bytes (783 MB) copied, 60.141646 s, 13.0 MB/s
2026-05-20 03:11:13,063 DEBUG   794820608 bytes (795 MB) copied, 61.186329 s, 13.0 MB/s
2026-05-20 03:11:13,063 DEBUG   810549248 bytes (811 MB) copied, 62.355265 s, 13.0 MB/s
2026-05-20 03:11:13,063 DEBUG   823132160 bytes (823 MB) copied, 63.380231 s, 13.0 MB/s
2026-05-20 03:11:13,063 DEBUG   839909376 bytes (840 MB) copied, 64.533289 s, 13.0 MB/s
2026-05-20 03:11:13,063 DEBUG   850395136 bytes (850 MB) copied, 65.556240 s, 13.0 MB/s
2026-05-20 03:11:13,063 DEBUG   865075200 bytes (865 MB) copied, 66.599544 s, 13.0 MB/s
2026-05-20 03:11:13,063 DEBUG   879755264 bytes (880 MB) copied, 67.717302 s, 13.0 MB/s
2026-05-20 03:11:13,063 DEBUG   891289600 bytes (891 MB) copied, 68.742269 s, 13.0 MB/s
2026-05-20 03:11:13,063 DEBUG   904921088 bytes (905 MB) copied, 69.757232 s, 13.0 MB/s
2026-05-20 03:11:13,063 DEBUG   916455424 bytes (916 MB) copied, 70.761269 s, 13.0 MB/s
2026-05-20 03:11:13,063 DEBUG   932184064 bytes (932 MB) copied, 71.795254 s, 13.0 MB/s
2026-05-20 03:11:13,063 DEBUG   943718400 bytes (944 MB) copied, 72.806698 s, 13.0 MB/s
2026-05-20 03:11:13,063 DEBUG   955252736 bytes (955 MB) copied, 73.808327 s, 12.9 MB/s
2026-05-20 03:11:13,063 DEBUG   968884224 bytes (969 MB) copied, 74.909349 s, 12.9 MB/s
2026-05-20 03:11:13,063 DEBUG   984612864 bytes (985 MB) copied, 75.970302 s, 13.0 MB/s
2026-05-20 03:11:13,063 DEBUG   1001390080 bytes (1.0 GB) copied, 77.020385 s, 13.0 MB/s
2026-05-20 03:11:13,063 DEBUG   1024458752 bytes (1.0 GB) copied, 78.169260 s, 13.1 MB/s
2026-05-20 03:11:13,063 DEBUG   1042284544 bytes (1.0 GB) copied, 79.170592 s, 13.2 MB/s
2026-05-20 03:11:13,063 DEBUG   1058013184 bytes (1.1 GB) copied, 80.272252 s, 13.2 MB/s
2026-05-20 03:11:13,063 DEBUG   1024+0 records in
2026-05-20 03:11:13,063 DEBUG   1024+0 records out
2026-05-20 03:11:13,063 DEBUG   1073741824 bytes (1.1 GB) copied, 81.2193 s, 13.2 MB/s
2026-05-20 03:11:13,063 DEBUG   OK (disk op exit 0)
2026-05-20 03:11:13,063 WARNING Guest disk op wall 84.5s (vm='ahv_ins_delete-0-260514-185802' ip=10.114.50.70 op=create ec=0) — includes SSH + guest disk command; if still high, check guest disk throughput vs. MiB settings.
2026-05-20 03:11:13,064 DEBUG [99/1170] VM 29150d65… (ahv_ins_delete-0-260514-192728) via 10.114.52.157 op=create
2026-05-20 03:11:13,064 DEBUG   remote: bash -lc 'set -e; _bs(){ printf '"'"'BULK_SNAP_T %s %s\n'"'"' "$1" "$(date +%s.%N 2>/dev/null || date +%s)"; }; _bs guest_start; _bs pipeline_start; openssl enc -aes-256-ctr -pass pass:"testing" -nosalt < /dev/zero 2>/dev/null | dd of=/root/dummy_snapshot_data_1.img bs=1M count=1024 iflag=fullblock status=progress; ec=$?; _bs pipeline_done; _bs guest_end; exit $ec'
2026-05-20 03:11:13,311 DEBUG   BULK_SNAP_T guest_start 1779214190.204079187
2026-05-20 03:11:13,311 DEBUG   BULK_SNAP_T pipeline_start 1779214190.217665415
2026-05-20 03:11:13,311 DEBUG   BULK_SNAP_T pipeline_done 1779214268.942912419
2026-05-20 03:11:13,311 DEBUG   BULK_SNAP_T guest_end 1779214268.964199719
2026-05-20 03:11:13,311 DEBUG   
2026-05-20 03:11:13,311 DEBUG   13631488 bytes (14 MB) copied, 1.091540 s, 12.5 MB/s
2026-05-20 03:11:13,311 DEBUG   29360128 bytes (29 MB) copied, 2.101535 s, 14.0 MB/s
2026-05-20 03:11:13,311 DEBUG   45088768 bytes (45 MB) copied, 3.116558 s, 14.5 MB/s
2026-05-20 03:11:13,311 DEBUG   57671680 bytes (58 MB) copied, 4.149551 s, 13.9 MB/s
2026-05-20 03:11:13,311 DEBUG   73400320 bytes (73 MB) copied, 5.190582 s, 14.1 MB/s
2026-05-20 03:11:13,311 DEBUG   88080384 bytes (88 MB) copied, 6.228839 s, 14.1 MB/s
2026-05-20 03:11:13,311 DEBUG   110100480 bytes (110 MB) copied, 7.300561 s, 15.1 MB/s
2026-05-20 03:11:13,311 DEBUG   126877696 bytes (127 MB) copied, 8.329638 s, 15.2 MB/s
2026-05-20 03:11:13,311 DEBUG   141557760 bytes (142 MB) copied, 9.517548 s, 14.9 MB/s
2026-05-20 03:11:13,311 DEBUG   154140672 bytes (154 MB) copied, 10.628534 s, 14.5 MB/s
2026-05-20 03:11:13,311 DEBUG   166723584 bytes (167 MB) copied, 11.723549 s, 14.2 MB/s
2026-05-20 03:11:13,311 DEBUG   184549376 bytes (185 MB) copied, 12.788569 s, 14.4 MB/s
2026-05-20 03:11:13,311 DEBUG   197132288 bytes (197 MB) copied, 13.798523 s, 14.3 MB/s
2026-05-20 03:11:13,311 DEBUG   222298112 bytes (222 MB) copied, 14.996996 s, 14.8 MB/s
2026-05-20 03:11:13,311 DEBUG   235929600 bytes (236 MB) copied, 16.004631 s, 14.7 MB/s
2026-05-20 03:11:13,311 DEBUG   251658240 bytes (252 MB) copied, 17.030575 s, 14.8 MB/s
2026-05-20 03:11:13,311 DEBUG   270532608 bytes (271 MB) copied, 18.074596 s, 15.0 MB/s
2026-05-20 03:11:13,311 DEBUG   286261248 bytes (286 MB) copied, 19.083512 s, 15.0 MB/s
2026-05-20 03:11:13,311 DEBUG   297795584 bytes (298 MB) copied, 20.088531 s, 14.8 MB/s
2026-05-20 03:11:13,311 DEBUG   315621376 bytes (316 MB) copied, 21.094574 s, 15.0 MB/s
2026-05-20 03:11:13,311 DEBUG   329252864 bytes (329 MB) copied, 22.103913 s, 14.9 MB/s
2026-05-20 03:11:13,311 DEBUG   343932928 bytes (344 MB) copied, 23.217676 s, 14.8 MB/s
2026-05-20 03:11:13,311 DEBUG   356515840 bytes (357 MB) copied, 24.312540 s, 14.7 MB/s
2026-05-20 03:11:13,311 DEBUG   370147328 bytes (370 MB) copied, 25.317720 s, 14.6 MB/s
2026-05-20 03:11:13,311 DEBUG   380633088 bytes (381 MB) copied, 26.448506 s, 14.4 MB/s
2026-05-20 03:11:13,311 DEBUG   395313152 bytes (395 MB) copied, 27.468507 s, 14.4 MB/s
2026-05-20 03:11:13,311 DEBUG   407896064 bytes (408 MB) copied, 28.592612 s, 14.3 MB/s
2026-05-20 03:11:13,311 DEBUG   422576128 bytes (423 MB) copied, 29.658583 s, 14.2 MB/s
2026-05-20 03:11:13,312 DEBUG   432013312 bytes (432 MB) copied, 30.685549 s, 14.1 MB/s
2026-05-20 03:11:13,312 DEBUG   443547648 bytes (444 MB) copied, 31.711577 s, 14.0 MB/s
2026-05-20 03:11:13,312 DEBUG   457179136 bytes (457 MB) copied, 32.751591 s, 14.0 MB/s
2026-05-20 03:11:13,312 DEBUG   477102080 bytes (477 MB) copied, 33.753568 s, 14.1 MB/s
2026-05-20 03:11:13,312 DEBUG   487587840 bytes (488 MB) copied, 34.828490 s, 14.0 MB/s
2026-05-20 03:11:13,312 DEBUG   501219328 bytes (501 MB) copied, 35.938870 s, 13.9 MB/s
2026-05-20 03:11:13,312 DEBUG   514850816 bytes (515 MB) copied, 36.943172 s, 13.9 MB/s
2026-05-20 03:11:13,312 DEBUG   530579456 bytes (531 MB) copied, 37.998633 s, 14.0 MB/s
2026-05-20 03:11:13,312 DEBUG   541065216 bytes (541 MB) copied, 39.018755 s, 13.9 MB/s
2026-05-20 03:11:13,312 DEBUG   551550976 bytes (552 MB) copied, 40.045583 s, 13.8 MB/s
2026-05-20 03:11:13,312 DEBUG   573571072 bytes (574 MB) copied, 41.202840 s, 13.9 MB/s
2026-05-20 03:11:13,312 DEBUG   591396864 bytes (591 MB) copied, 42.225515 s, 14.0 MB/s
2026-05-20 03:11:13,312 DEBUG   609222656 bytes (609 MB) copied, 43.339530 s, 14.1 MB/s
2026-05-20 03:11:13,312 DEBUG   621805568 bytes (622 MB) copied, 44.421949 s, 14.0 MB/s
2026-05-20 03:11:13,312 DEBUG   639631360 bytes (640 MB) copied, 45.492596 s, 14.1 MB/s
2026-05-20 03:11:13,312 DEBUG   654311424 bytes (654 MB) copied, 46.547570 s, 14.1 MB/s
2026-05-20 03:11:13,312 DEBUG   664797184 bytes (665 MB) copied, 47.561784 s, 14.0 MB/s
2026-05-20 03:11:13,312 DEBUG   674234368 bytes (674 MB) copied, 48.644554 s, 13.9 MB/s
2026-05-20 03:11:13,312 DEBUG   683671552 bytes (684 MB) copied, 49.657928 s, 13.8 MB/s
2026-05-20 03:11:13,312 DEBUG   700448768 bytes (700 MB) copied, 50.664985 s, 13.8 MB/s
2026-05-20 03:11:13,312 DEBUG   716177408 bytes (716 MB) copied, 51.717934 s, 13.8 MB/s
2026-05-20 03:11:13,312 DEBUG   737148928 bytes (737 MB) copied, 52.780545 s, 14.0 MB/s
2026-05-20 03:11:13,312 DEBUG   752877568 bytes (753 MB) copied, 53.799078 s, 14.0 MB/s
2026-05-20 03:11:13,312 DEBUG   764411904 bytes (764 MB) copied, 54.863111 s, 13.9 MB/s
2026-05-20 03:11:13,312 DEBUG   780140544 bytes (780 MB) copied, 55.944558 s, 13.9 MB/s
2026-05-20 03:11:13,312 DEBUG   796917760 bytes (797 MB) copied, 56.982931 s, 14.0 MB/s
2026-05-20 03:11:13,312 DEBUG   809500672 bytes (810 MB) copied, 58.025026 s, 14.0 MB/s
2026-05-20 03:11:13,312 DEBUG   823132160 bytes (823 MB) copied, 59.125519 s, 13.9 MB/s
2026-05-20 03:11:13,312 DEBUG   839909376 bytes (840 MB) copied, 60.255533 s, 13.9 MB/s
2026-05-20 03:11:13,312 DEBUG   854589440 bytes (855 MB) copied, 61.257708 s, 14.0 MB/s
2026-05-20 03:11:13,312 DEBUG   872415232 bytes (872 MB) copied, 62.275564 s, 14.0 MB/s
2026-05-20 03:11:13,312 DEBUG   882900992 bytes (883 MB) copied, 63.288745 s, 14.0 MB/s
2026-05-20 03:11:13,312 DEBUG   897581056 bytes (898 MB) copied, 64.296681 s, 14.0 MB/s
2026-05-20 03:11:13,312 DEBUG   910163968 bytes (910 MB) copied, 65.355566 s, 13.9 MB/s
2026-05-20 03:11:13,312 DEBUG   921698304 bytes (922 MB) copied, 66.406710 s, 13.9 MB/s
2026-05-20 03:11:13,312 DEBUG   932184064 bytes (932 MB) copied, 67.409680 s, 13.8 MB/s
2026-05-20 03:11:13,312 DEBUG   941621248 bytes (942 MB) copied, 68.420555 s, 13.8 MB/s
2026-05-20 03:11:13,312 DEBUG   956301312 bytes (956 MB) copied, 69.449728 s, 13.8 MB/s
2026-05-20 03:11:13,312 DEBUG   969932800 bytes (970 MB) copied, 70.458628 s, 13.8 MB/s
2026-05-20 03:11:13,312 DEBUG   984612864 bytes (985 MB) copied, 71.504582 s, 13.8 MB/s
2026-05-20 03:11:13,312 DEBUG   999292928 bytes (999 MB) copied, 72.614627 s, 13.8 MB/s
2026-05-20 03:11:13,312 DEBUG   1011875840 bytes (1.0 GB) copied, 73.719794 s, 13.7 MB/s
2026-05-20 03:11:13,312 DEBUG   1023410176 bytes (1.0 GB) copied, 74.761538 s, 13.7 MB/s
2026-05-20 03:11:13,312 DEBUG   1033895936 bytes (1.0 GB) copied, 75.776552 s, 13.6 MB/s
2026-05-20 03:11:13,312 DEBUG   1050673152 bytes (1.1 GB) copied, 76.868863 s, 13.7 MB/s
2026-05-20 03:11:13,312 DEBUG   1066401792 bytes (1.1 GB) copied, 78.027595 s, 13.7 MB/s
2026-05-20 03:11:13,312 DEBUG   1024+0 records in
2026-05-20 03:11:13,312 DEBUG   1024+0 records out
2026-05-20 03:11:13,312 DEBUG   1073741824 bytes (1.1 GB) copied, 78.5766 s, 13.7 MB/s
2026-05-20 03:11:13,312 DEBUG   OK (disk op exit 0)
2026-05-20 03:11:13,313 WARNING Guest disk op wall 81.5s (vm='ahv_ins_delete-0-260514-185803' ip=10.114.48.12 op=create ec=0) — includes SSH + guest disk command; if still high, check guest disk throughput vs. MiB settings.
2026-05-20 03:11:13,313 DEBUG [100/1170] VM 664a9b27… (ahv_ins_delete-0-260514-192738) via 10.114.53.27 op=create
2026-05-20 03:11:13,313 DEBUG   remote: bash -lc 'set -e; _bs(){ printf '"'"'BULK_SNAP_T %s %s\n'"'"' "$1" "$(date +%s.%N 2>/dev/null || date +%s)"; }; _bs guest_start; _bs pipeline_start; openssl enc -aes-256-ctr -pass pass:"testing" -nosalt < /dev/zero 2>/dev/null | dd of=/root/dummy_snapshot_data_1.img bs=1M count=1024 iflag=fullblock status=progress; ec=$?; _bs pipeline_done; _bs guest_end; exit $ec'
2026-05-20 03:11:15,027 DEBUG   BULK_SNAP_T guest_start 1779214192.121349359
2026-05-20 03:11:15,027 DEBUG   BULK_SNAP_T pipeline_start 1779214192.131201933
2026-05-20 03:11:15,027 DEBUG   BULK_SNAP_T pipeline_done 1779214271.264997659
2026-05-20 03:11:15,027 DEBUG   BULK_SNAP_T guest_end 1779214271.266414263
2026-05-20 03:11:15,027 DEBUG   
2026-05-20 03:11:15,027 DEBUG   14680064 bytes (15 MB) copied, 1.010690 s, 14.5 MB/s
2026-05-20 03:11:15,027 DEBUG   32505856 bytes (33 MB) copied, 2.105637 s, 15.4 MB/s
2026-05-20 03:11:15,027 DEBUG   47185920 bytes (47 MB) copied, 3.154718 s, 15.0 MB/s
2026-05-20 03:11:15,027 DEBUG   60817408 bytes (61 MB) copied, 4.178706 s, 14.6 MB/s
2026-05-20 03:11:15,027 DEBUG   75497472 bytes (75 MB) copied, 5.218751 s, 14.5 MB/s
2026-05-20 03:11:15,027 DEBUG   90177536 bytes (90 MB) copied, 6.349084 s, 14.2 MB/s
2026-05-20 03:11:15,027 DEBUG   108003328 bytes (108 MB) copied, 7.415679 s, 14.6 MB/s
2026-05-20 03:11:15,027 DEBUG   122683392 bytes (123 MB) copied, 8.474648 s, 14.5 MB/s
2026-05-20 03:11:15,028 DEBUG   136314880 bytes (136 MB) copied, 9.503876 s, 14.3 MB/s
2026-05-20 03:11:15,028 DEBUG   149946368 bytes (150 MB) copied, 10.504669 s, 14.3 MB/s
2026-05-20 03:11:15,028 DEBUG   165675008 bytes (166 MB) copied, 11.596031 s, 14.3 MB/s
2026-05-20 03:11:15,028 DEBUG   181403648 bytes (181 MB) copied, 12.663732 s, 14.3 MB/s
2026-05-20 03:11:15,028 DEBUG   192937984 bytes (193 MB) copied, 13.712633 s, 14.1 MB/s
2026-05-20 03:11:15,028 DEBUG   209715200 bytes (210 MB) copied, 14.719206 s, 14.2 MB/s
2026-05-20 03:11:15,028 DEBUG   220200960 bytes (220 MB) copied, 15.738649 s, 14.0 MB/s
2026-05-20 03:11:15,028 DEBUG   230686720 bytes (231 MB) copied, 16.759683 s, 13.8 MB/s
2026-05-20 03:11:15,028 DEBUG   249561088 bytes (250 MB) copied, 17.806675 s, 14.0 MB/s
2026-05-20 03:11:15,028 DEBUG   264241152 bytes (264 MB) copied, 18.876661 s, 14.0 MB/s
2026-05-20 03:11:15,028 DEBUG   274726912 bytes (275 MB) copied, 19.892610 s, 13.8 MB/s
2026-05-20 03:11:15,028 DEBUG   285212672 bytes (285 MB) copied, 20.978641 s, 13.6 MB/s
2026-05-20 03:11:15,028 DEBUG   303038464 bytes (303 MB) copied, 21.984715 s, 13.8 MB/s
2026-05-20 03:11:15,028 DEBUG   316669952 bytes (317 MB) copied, 23.148614 s, 13.7 MB/s
2026-05-20 03:11:15,028 DEBUG   328204288 bytes (328 MB) copied, 24.271648 s, 13.5 MB/s
2026-05-20 03:11:15,028 DEBUG   340787200 bytes (341 MB) copied, 25.287685 s, 13.5 MB/s
2026-05-20 03:11:15,028 DEBUG   354418688 bytes (354 MB) copied, 26.417105 s, 13.4 MB/s
2026-05-20 03:11:15,028 DEBUG   364904448 bytes (365 MB) copied, 27.506672 s, 13.3 MB/s
2026-05-20 03:11:15,028 DEBUG   376438784 bytes (376 MB) copied, 28.597647 s, 13.2 MB/s
2026-05-20 03:11:15,028 DEBUG   386924544 bytes (387 MB) copied, 29.671668 s, 13.0 MB/s
2026-05-20 03:11:15,028 DEBUG   400556032 bytes (401 MB) copied, 30.683086 s, 13.1 MB/s
2026-05-20 03:11:15,028 DEBUG   411041792 bytes (411 MB) copied, 31.688646 s, 13.0 MB/s
2026-05-20 03:11:15,028 DEBUG   421527552 bytes (422 MB) copied, 32.750727 s, 12.9 MB/s
2026-05-20 03:11:15,028 DEBUG   440401920 bytes (440 MB) copied, 33.797628 s, 13.0 MB/s
2026-05-20 03:11:15,028 DEBUG   455081984 bytes (455 MB) copied, 34.813644 s, 13.1 MB/s
2026-05-20 03:11:15,028 DEBUG   467664896 bytes (468 MB) copied, 35.889747 s, 13.0 MB/s
2026-05-20 03:11:15,028 DEBUG   483393536 bytes (483 MB) copied, 36.969674 s, 13.1 MB/s
2026-05-20 03:11:15,028 DEBUG   504365056 bytes (504 MB) copied, 37.982686 s, 13.3 MB/s
2026-05-20 03:11:15,028 DEBUG   516947968 bytes (517 MB) copied, 39.058028 s, 13.2 MB/s
2026-05-20 03:11:15,028 DEBUG   531628032 bytes (532 MB) copied, 40.162721 s, 13.2 MB/s
2026-05-20 03:11:15,028 DEBUG   545259520 bytes (545 MB) copied, 41.293845 s, 13.2 MB/s
2026-05-20 03:11:15,028 DEBUG   559939584 bytes (560 MB) copied, 42.451631 s, 13.2 MB/s
2026-05-20 03:11:15,028 DEBUG   576716800 bytes (577 MB) copied, 43.526922 s, 13.2 MB/s
2026-05-20 03:11:15,028 DEBUG   599785472 bytes (600 MB) copied, 44.543660 s, 13.5 MB/s
2026-05-20 03:11:15,028 DEBUG   620756992 bytes (621 MB) copied, 45.597930 s, 13.6 MB/s
2026-05-20 03:11:15,028 DEBUG   631242752 bytes (631 MB) copied, 46.670647 s, 13.5 MB/s
2026-05-20 03:11:15,028 DEBUG   642777088 bytes (643 MB) copied, 47.716644 s, 13.5 MB/s
2026-05-20 03:11:15,028 DEBUG   659554304 bytes (660 MB) copied, 48.748703 s, 13.5 MB/s
2026-05-20 03:11:15,028 DEBUG   673185792 bytes (673 MB) copied, 49.840754 s, 13.5 MB/s
2026-05-20 03:11:15,028 DEBUG   684720128 bytes (685 MB) copied, 50.841947 s, 13.5 MB/s
2026-05-20 03:11:15,028 DEBUG   696254464 bytes (696 MB) copied, 51.964652 s, 13.4 MB/s
2026-05-20 03:11:15,028 DEBUG   717225984 bytes (717 MB) copied, 52.970031 s, 13.5 MB/s
2026-05-20 03:11:15,028 DEBUG   730857472 bytes (731 MB) copied, 54.084633 s, 13.5 MB/s
2026-05-20 03:11:15,028 DEBUG   743440384 bytes (743 MB) copied, 55.201892 s, 13.5 MB/s
2026-05-20 03:11:15,028 DEBUG   757071872 bytes (757 MB) copied, 56.220643 s, 13.5 MB/s
2026-05-20 03:11:15,028 DEBUG   770703360 bytes (771 MB) copied, 57.235125 s, 13.5 MB/s
2026-05-20 03:11:15,028 DEBUG   783286272 bytes (783 MB) copied, 58.235625 s, 13.5 MB/s
2026-05-20 03:11:15,028 DEBUG   799014912 bytes (799 MB) copied, 59.312662 s, 13.5 MB/s
2026-05-20 03:11:15,028 DEBUG   814743552 bytes (815 MB) copied, 60.381664 s, 13.5 MB/s
2026-05-20 03:11:15,028 DEBUG   826277888 bytes (826 MB) copied, 61.520737 s, 13.4 MB/s
2026-05-20 03:11:15,028 DEBUG   844103680 bytes (844 MB) copied, 62.680670 s, 13.5 MB/s
2026-05-20 03:11:15,028 DEBUG   858783744 bytes (859 MB) copied, 63.681955 s, 13.5 MB/s
2026-05-20 03:11:15,028 DEBUG   871366656 bytes (871 MB) copied, 64.813618 s, 13.4 MB/s
2026-05-20 03:11:15,028 DEBUG   882900992 bytes (883 MB) copied, 65.986646 s, 13.4 MB/s
2026-05-20 03:11:15,029 DEBUG   904921088 bytes (905 MB) copied, 67.156703 s, 13.5 MB/s
2026-05-20 03:11:15,029 DEBUG   920649728 bytes (921 MB) copied, 68.239660 s, 13.5 MB/s
2026-05-20 03:11:15,029 DEBUG   935329792 bytes (935 MB) copied, 69.327656 s, 13.5 MB/s
2026-05-20 03:11:15,029 DEBUG   951058432 bytes (951 MB) copied, 70.369638 s, 13.5 MB/s
2026-05-20 03:11:15,029 DEBUG   966787072 bytes (967 MB) copied, 71.457665 s, 13.5 MB/s
2026-05-20 03:11:15,029 DEBUG   984612864 bytes (985 MB) copied, 72.583670 s, 13.6 MB/s
2026-05-20 03:11:15,029 DEBUG   1000341504 bytes (1.0 GB) copied, 73.746731 s, 13.6 MB/s
2026-05-20 03:11:15,029 DEBUG   1022361600 bytes (1.0 GB) copied, 74.813754 s, 13.7 MB/s
2026-05-20 03:11:15,029 DEBUG   1035993088 bytes (1.0 GB) copied, 75.890692 s, 13.7 MB/s
2026-05-20 03:11:15,029 DEBUG   1052770304 bytes (1.1 GB) copied, 77.036623 s, 13.7 MB/s
2026-05-20 03:11:15,029 DEBUG   1064304640 bytes (1.1 GB) copied, 78.065947 s, 13.6 MB/s
2026-05-20 03:11:15,029 DEBUG   1024+0 records in
2026-05-20 03:11:15,029 DEBUG   1024+0 records out
2026-05-20 03:11:15,029 DEBUG   1073741824 bytes (1.1 GB) copied, 78.8419 s, 13.6 MB/s
2026-05-20 03:11:15,029 DEBUG   OK (disk op exit 0)
2026-05-20 03:11:15,029 WARNING Guest disk op wall 82.5s (vm='ahv_ins_delete-0-260514-185838' ip=10.114.49.137 op=create ec=0) — includes SSH + guest disk command; if still high, check guest disk throughput vs. MiB settings.
2026-05-20 03:11:15,029 DEBUG [101/1170] VM cdcd2b6d… (ahv_ins_delete-0-260514-193040) via 10.114.48.43 op=create
2026-05-20 03:11:15,029 DEBUG   remote: bash -lc 'set -e; _bs(){ printf '"'"'BULK_SNAP_T %s %s\n'"'"' "$1" "$(date +%s.%N 2>/dev/null || date +%s)"; }; _bs guest_start; _bs pipeline_start; openssl enc -aes-256-ctr -pass pass:"testing" -nosalt < /dev/zero 2>/dev/null | dd of=/root/dummy_snapshot_data_1.img bs=1M count=1024 iflag=fullblock status=progress; ec=$?; _bs pipeline_done; _bs guest_end; exit $ec'
2026-05-20 03:11:15,809 DEBUG   BULK_SNAP_T guest_start 1779214192.893105385
2026-05-20 03:11:15,809 DEBUG   BULK_SNAP_T pipeline_start 1779214192.899768633
2026-05-20 03:11:15,809 DEBUG   BULK_SNAP_T pipeline_done 1779214272.308195545
2026-05-20 03:11:15,809 DEBUG   BULK_SNAP_T guest_end 1779214272.312361057
2026-05-20 03:11:15,809 DEBUG   
2026-05-20 03:11:15,809 DEBUG   10485760 bytes (10 MB) copied, 1.024294 s, 10.2 MB/s
2026-05-20 03:11:15,809 DEBUG   27262976 bytes (27 MB) copied, 2.102247 s, 13.0 MB/s
2026-05-20 03:11:15,809 DEBUG   42991616 bytes (43 MB) copied, 3.187284 s, 13.5 MB/s
2026-05-20 03:11:15,809 DEBUG   59768832 bytes (60 MB) copied, 4.207583 s, 14.2 MB/s
2026-05-20 03:11:15,810 DEBUG   71303168 bytes (71 MB) copied, 5.208251 s, 13.7 MB/s
2026-05-20 03:11:15,810 DEBUG   87031808 bytes (87 MB) copied, 6.258245 s, 13.9 MB/s
2026-05-20 03:11:15,810 DEBUG   111149056 bytes (111 MB) copied, 7.307486 s, 15.2 MB/s
2026-05-20 03:11:15,810 DEBUG   131072000 bytes (131 MB) copied, 8.352301 s, 15.7 MB/s
2026-05-20 03:11:15,810 DEBUG   143654912 bytes (144 MB) copied, 9.448228 s, 15.2 MB/s
2026-05-20 03:11:15,810 DEBUG   154140672 bytes (154 MB) copied, 10.459296 s, 14.7 MB/s
2026-05-20 03:11:15,810 DEBUG   168820736 bytes (169 MB) copied, 11.534204 s, 14.6 MB/s
2026-05-20 03:11:15,810 DEBUG   183500800 bytes (184 MB) copied, 12.752259 s, 14.4 MB/s
2026-05-20 03:11:15,810 DEBUG   196083712 bytes (196 MB) copied, 13.759287 s, 14.3 MB/s
2026-05-20 03:11:15,810 DEBUG   210763776 bytes (211 MB) copied, 14.877441 s, 14.2 MB/s
2026-05-20 03:11:15,810 DEBUG   221249536 bytes (221 MB) copied, 15.979324 s, 13.8 MB/s
2026-05-20 03:11:15,810 DEBUG   231735296 bytes (232 MB) copied, 17.047244 s, 13.6 MB/s
2026-05-20 03:11:15,810 DEBUG   244318208 bytes (244 MB) copied, 18.219309 s, 13.4 MB/s
2026-05-20 03:11:15,810 DEBUG   261095424 bytes (261 MB) copied, 19.257244 s, 13.6 MB/s
2026-05-20 03:11:15,810 DEBUG   287309824 bytes (287 MB) copied, 20.414206 s, 14.1 MB/s
2026-05-20 03:11:15,810 DEBUG   299892736 bytes (300 MB) copied, 21.421530 s, 14.0 MB/s
2026-05-20 03:11:15,810 DEBUG   314572800 bytes (315 MB) copied, 22.504259 s, 14.0 MB/s
2026-05-20 03:11:15,810 DEBUG   330301440 bytes (330 MB) copied, 23.528299 s, 14.0 MB/s
2026-05-20 03:11:15,810 DEBUG   343932928 bytes (344 MB) copied, 24.559340 s, 14.0 MB/s
2026-05-20 03:11:15,810 DEBUG   360710144 bytes (361 MB) copied, 25.583281 s, 14.1 MB/s
2026-05-20 03:11:15,810 DEBUG   378535936 bytes (379 MB) copied, 26.651364 s, 14.2 MB/s
2026-05-20 03:11:15,810 DEBUG   391118848 bytes (391 MB) copied, 27.675423 s, 14.1 MB/s
2026-05-20 03:11:15,810 DEBUG   406847488 bytes (407 MB) copied, 28.751237 s, 14.2 MB/s
2026-05-20 03:11:15,810 DEBUG   415236096 bytes (415 MB) copied, 29.758396 s, 14.0 MB/s
2026-05-20 03:11:15,810 DEBUG   430964736 bytes (431 MB) copied, 30.904348 s, 13.9 MB/s
2026-05-20 03:11:15,810 DEBUG   441450496 bytes (441 MB) copied, 31.924497 s, 13.8 MB/s
2026-05-20 03:11:15,810 DEBUG   466616320 bytes (467 MB) copied, 33.082264 s, 14.1 MB/s
2026-05-20 03:11:15,810 DEBUG   480247808 bytes (480 MB) copied, 34.231396 s, 14.0 MB/s
2026-05-20 03:11:15,810 DEBUG   494927872 bytes (495 MB) copied, 35.259251 s, 14.0 MB/s
2026-05-20 03:11:15,810 DEBUG   506462208 bytes (506 MB) copied, 36.301222 s, 14.0 MB/s
2026-05-20 03:11:15,810 DEBUG   532676608 bytes (533 MB) copied, 37.501351 s, 14.2 MB/s
2026-05-20 03:11:15,810 DEBUG   548405248 bytes (548 MB) copied, 38.624283 s, 14.2 MB/s
2026-05-20 03:11:15,810 DEBUG   562036736 bytes (562 MB) copied, 39.655276 s, 14.2 MB/s
2026-05-20 03:11:15,810 DEBUG   577765376 bytes (578 MB) copied, 40.672306 s, 14.2 MB/s
2026-05-20 03:11:15,810 DEBUG   591396864 bytes (591 MB) copied, 41.697481 s, 14.2 MB/s
2026-05-20 03:11:15,810 DEBUG   605028352 bytes (605 MB) copied, 42.789260 s, 14.1 MB/s
2026-05-20 03:11:15,810 DEBUG   616562688 bytes (617 MB) copied, 43.812370 s, 14.1 MB/s
2026-05-20 03:11:15,810 DEBUG   628097024 bytes (628 MB) copied, 44.840318 s, 14.0 MB/s
2026-05-20 03:11:15,810 DEBUG   638582784 bytes (639 MB) copied, 45.879246 s, 13.9 MB/s
2026-05-20 03:11:15,810 DEBUG   651165696 bytes (651 MB) copied, 46.909236 s, 13.9 MB/s
2026-05-20 03:11:15,810 DEBUG   667942912 bytes (668 MB) copied, 48.068635 s, 13.9 MB/s
2026-05-20 03:11:15,810 DEBUG   684720128 bytes (685 MB) copied, 49.116309 s, 13.9 MB/s
2026-05-20 03:11:15,810 DEBUG   697303040 bytes (697 MB) copied, 50.166339 s, 13.9 MB/s
2026-05-20 03:11:15,810 DEBUG   713031680 bytes (713 MB) copied, 51.186739 s, 13.9 MB/s
2026-05-20 03:11:15,810 DEBUG   723517440 bytes (724 MB) copied, 52.192427 s, 13.9 MB/s
2026-05-20 03:11:15,810 DEBUG   734003200 bytes (734 MB) copied, 53.197313 s, 13.8 MB/s
2026-05-20 03:11:15,810 DEBUG   751828992 bytes (752 MB) copied, 54.233645 s, 13.9 MB/s
2026-05-20 03:11:15,810 DEBUG   766509056 bytes (767 MB) copied, 55.286357 s, 13.9 MB/s
2026-05-20 03:11:15,811 DEBUG   778043392 bytes (778 MB) copied, 56.385272 s, 13.8 MB/s
2026-05-20 03:11:15,811 DEBUG   791674880 bytes (792 MB) copied, 57.455836 s, 13.8 MB/s
2026-05-20 03:11:15,811 DEBUG   808452096 bytes (808 MB) copied, 58.589291 s, 13.8 MB/s
2026-05-20 03:11:15,811 DEBUG   824180736 bytes (824 MB) copied, 59.690315 s, 13.8 MB/s
2026-05-20 03:11:15,811 DEBUG   835715072 bytes (836 MB) copied, 60.703337 s, 13.8 MB/s
2026-05-20 03:11:15,811 DEBUG   847249408 bytes (847 MB) copied, 61.907263 s, 13.7 MB/s
2026-05-20 03:11:15,811 DEBUG   860880896 bytes (861 MB) copied, 62.910313 s, 13.7 MB/s
2026-05-20 03:11:15,811 DEBUG   877658112 bytes (878 MB) copied, 63.919910 s, 13.7 MB/s
2026-05-20 03:11:15,811 DEBUG   895483904 bytes (895 MB) copied, 64.926239 s, 13.8 MB/s
2026-05-20 03:11:15,811 DEBUG   911212544 bytes (911 MB) copied, 65.960439 s, 13.8 MB/s
2026-05-20 03:11:15,811 DEBUG   924844032 bytes (925 MB) copied, 67.013610 s, 13.8 MB/s
2026-05-20 03:11:15,811 DEBUG   935329792 bytes (935 MB) copied, 68.039534 s, 13.7 MB/s
2026-05-20 03:11:15,811 DEBUG   947912704 bytes (948 MB) copied, 69.113277 s, 13.7 MB/s
2026-05-20 03:11:15,811 DEBUG   963641344 bytes (964 MB) copied, 70.213522 s, 13.7 MB/s
2026-05-20 03:11:15,811 DEBUG   977272832 bytes (977 MB) copied, 71.332215 s, 13.7 MB/s
2026-05-20 03:11:15,811 DEBUG   989855744 bytes (990 MB) copied, 72.341936 s, 13.7 MB/s
2026-05-20 03:11:15,811 DEBUG   1002438656 bytes (1.0 GB) copied, 73.369211 s, 13.7 MB/s
2026-05-20 03:11:15,811 DEBUG   1013972992 bytes (1.0 GB) copied, 74.397310 s, 13.6 MB/s
2026-05-20 03:11:15,811 DEBUG   1027604480 bytes (1.0 GB) copied, 75.446261 s, 13.6 MB/s
2026-05-20 03:11:15,811 DEBUG   1041235968 bytes (1.0 GB) copied, 76.469526 s, 13.6 MB/s
2026-05-20 03:11:15,811 DEBUG   1052770304 bytes (1.1 GB) copied, 77.508453 s, 13.6 MB/s
2026-05-20 03:11:15,811 DEBUG   1065353216 bytes (1.1 GB) copied, 78.511398 s, 13.6 MB/s
2026-05-20 03:11:15,811 DEBUG   1024+0 records in
2026-05-20 03:11:15,811 DEBUG   1024+0 records out
2026-05-20 03:11:15,811 DEBUG   1073741824 bytes (1.1 GB) copied, 79.1993 s, 13.6 MB/s
2026-05-20 03:11:15,811 DEBUG   OK (disk op exit 0)
2026-05-20 03:11:15,811 WARNING Guest disk op wall 82.3s (vm='ahv_ins_delete-0-260514-190347' ip=10.114.51.63 op=create ec=0) — includes SSH + guest disk command; if still high, check guest disk throughput vs. MiB settings.
2026-05-20 03:11:15,812 DEBUG [102/1170] VM 583256ae… (ahv_ins_delete-0-260514-193214) via 10.114.54.112 op=create
2026-05-20 03:11:15,812 DEBUG   remote: bash -lc 'set -e; _bs(){ printf '"'"'BULK_SNAP_T %s %s\n'"'"' "$1" "$(date +%s.%N 2>/dev/null || date +%s)"; }; _bs guest_start; _bs pipeline_start; openssl enc -aes-256-ctr -pass pass:"testing" -nosalt < /dev/zero 2>/dev/null | dd of=/root/dummy_snapshot_data_1.img bs=1M count=1024 iflag=fullblock status=progress; ec=$?; _bs pipeline_done; _bs guest_end; exit $ec'
2026-05-20 03:11:15,812 DEBUG   BULK_SNAP_T guest_start 1779214186.721399367
2026-05-20 03:11:15,812 DEBUG   BULK_SNAP_T pipeline_start 1779214186.737586277
2026-05-20 03:11:15,814 DEBUG   BULK_SNAP_T pipeline_done 1779214271.324678239
2026-05-20 03:11:15,814 DEBUG   BULK_SNAP_T guest_end 1779214271.326596563
2026-05-20 03:11:15,814 DEBUG   
2026-05-20 03:11:15,814 DEBUG   11534336 bytes (12 MB) copied, 1.082489 s, 10.7 MB/s
2026-05-20 03:11:15,814 DEBUG   20971520 bytes (21 MB) copied, 2.088538 s, 10.0 MB/s
2026-05-20 03:11:15,814 DEBUG   32505856 bytes (33 MB) copied, 3.147510 s, 10.3 MB/s
2026-05-20 03:11:15,814 DEBUG   50331648 bytes (50 MB) copied, 4.163502 s, 12.1 MB/s
2026-05-20 03:11:15,814 DEBUG   69206016 bytes (69 MB) copied, 5.214770 s, 13.3 MB/s
2026-05-20 03:11:15,814 DEBUG   81788928 bytes (82 MB) copied, 6.264551 s, 13.1 MB/s
2026-05-20 03:11:15,814 DEBUG   95420416 bytes (95 MB) copied, 7.352479 s, 13.0 MB/s
2026-05-20 03:11:15,815 DEBUG   111149056 bytes (111 MB) copied, 8.438477 s, 13.2 MB/s
2026-05-20 03:11:15,815 DEBUG   126877696 bytes (127 MB) copied, 9.536536 s, 13.3 MB/s
2026-05-20 03:11:15,815 DEBUG   138412032 bytes (138 MB) copied, 10.542543 s, 13.1 MB/s
2026-05-20 03:11:15,815 DEBUG   146800640 bytes (147 MB) copied, 11.659509 s, 12.6 MB/s
2026-05-20 03:11:15,815 DEBUG   159383552 bytes (159 MB) copied, 12.725531 s, 12.5 MB/s
2026-05-20 03:11:15,815 DEBUG   170917888 bytes (171 MB) copied, 13.733465 s, 12.4 MB/s
2026-05-20 03:11:15,815 DEBUG   182452224 bytes (182 MB) copied, 14.788575 s, 12.3 MB/s
2026-05-20 03:11:15,815 DEBUG   192937984 bytes (193 MB) copied, 15.814523 s, 12.2 MB/s
2026-05-20 03:11:15,815 DEBUG   205520896 bytes (206 MB) copied, 16.832026 s, 12.2 MB/s
2026-05-20 03:11:15,815 DEBUG   217055232 bytes (217 MB) copied, 17.838576 s, 12.2 MB/s
2026-05-20 03:11:15,815 DEBUG   226492416 bytes (226 MB) copied, 18.960646 s, 11.9 MB/s
2026-05-20 03:11:15,815 DEBUG   239075328 bytes (239 MB) copied, 19.994460 s, 12.0 MB/s
2026-05-20 03:11:15,815 DEBUG   261095424 bytes (261 MB) copied, 21.074563 s, 12.4 MB/s
2026-05-20 03:11:15,815 DEBUG   277872640 bytes (278 MB) copied, 22.199670 s, 12.5 MB/s
2026-05-20 03:11:15,815 DEBUG   291504128 bytes (292 MB) copied, 23.216506 s, 12.6 MB/s
2026-05-20 03:11:15,815 DEBUG   306184192 bytes (306 MB) copied, 24.294554 s, 12.6 MB/s
2026-05-20 03:11:15,815 DEBUG   315621376 bytes (316 MB) copied, 25.369647 s, 12.4 MB/s
2026-05-20 03:11:15,815 DEBUG   327155712 bytes (327 MB) copied, 26.398679 s, 12.4 MB/s
2026-05-20 03:11:15,815 DEBUG   338690048 bytes (339 MB) copied, 27.451603 s, 12.3 MB/s
2026-05-20 03:11:15,815 DEBUG   350224384 bytes (350 MB) copied, 28.553492 s, 12.3 MB/s
2026-05-20 03:11:15,815 DEBUG   372244480 bytes (372 MB) copied, 29.553902 s, 12.6 MB/s
2026-05-20 03:11:15,815 DEBUG   382730240 bytes (383 MB) copied, 30.592512 s, 12.5 MB/s
2026-05-20 03:11:15,815 DEBUG   392167424 bytes (392 MB) copied, 31.649792 s, 12.4 MB/s
2026-05-20 03:11:15,815 DEBUG   404750336 bytes (405 MB) copied, 32.743550 s, 12.4 MB/s
2026-05-20 03:11:15,815 DEBUG   423624704 bytes (424 MB) copied, 33.939560 s, 12.5 MB/s
2026-05-20 03:11:15,815 DEBUG   437256192 bytes (437 MB) copied, 34.966580 s, 12.5 MB/s
2026-05-20 03:11:15,815 DEBUG   449839104 bytes (450 MB) copied, 36.139809 s, 12.4 MB/s
2026-05-20 03:11:15,815 DEBUG   464519168 bytes (465 MB) copied, 37.293566 s, 12.5 MB/s
2026-05-20 03:11:15,815 DEBUG   478150656 bytes (478 MB) copied, 38.392529 s, 12.5 MB/s
2026-05-20 03:11:15,815 DEBUG   494927872 bytes (495 MB) copied, 39.435602 s, 12.6 MB/s
2026-05-20 03:11:15,815 DEBUG   508559360 bytes (509 MB) copied, 40.440512 s, 12.6 MB/s
2026-05-20 03:11:15,815 DEBUG   519045120 bytes (519 MB) copied, 41.469518 s, 12.5 MB/s
2026-05-20 03:11:15,815 DEBUG   541065216 bytes (541 MB) copied, 42.475777 s, 12.7 MB/s
2026-05-20 03:11:15,815 DEBUG   553648128 bytes (554 MB) copied, 43.551545 s, 12.7 MB/s
2026-05-20 03:11:15,815 DEBUG   564133888 bytes (564 MB) copied, 44.576554 s, 12.7 MB/s
2026-05-20 03:11:15,815 DEBUG   576716800 bytes (577 MB) copied, 45.621492 s, 12.6 MB/s
2026-05-20 03:11:15,815 DEBUG   587202560 bytes (587 MB) copied, 46.716507 s, 12.6 MB/s
2026-05-20 03:11:15,815 DEBUG   598736896 bytes (599 MB) copied, 47.738483 s, 12.5 MB/s
2026-05-20 03:11:15,815 DEBUG   609222656 bytes (609 MB) copied, 48.751554 s, 12.5 MB/s
2026-05-20 03:11:15,815 DEBUG   619708416 bytes (620 MB) copied, 49.757478 s, 12.5 MB/s
2026-05-20 03:11:15,815 DEBUG   633339904 bytes (633 MB) copied, 50.788612 s, 12.5 MB/s
2026-05-20 03:11:15,815 DEBUG   642777088 bytes (643 MB) copied, 51.906513 s, 12.4 MB/s
2026-05-20 03:11:15,815 DEBUG   658505728 bytes (659 MB) copied, 52.996541 s, 12.4 MB/s
2026-05-20 03:11:15,815 DEBUG   671088640 bytes (671 MB) copied, 54.160590 s, 12.4 MB/s
2026-05-20 03:11:15,815 DEBUG   684720128 bytes (685 MB) copied, 55.300539 s, 12.4 MB/s
2026-05-20 03:11:15,815 DEBUG   696254464 bytes (696 MB) copied, 56.395595 s, 12.3 MB/s
2026-05-20 03:11:15,815 DEBUG   711983104 bytes (712 MB) copied, 57.401615 s, 12.4 MB/s
2026-05-20 03:11:15,815 DEBUG   730857472 bytes (731 MB) copied, 58.404462 s, 12.5 MB/s
2026-05-20 03:11:15,815 DEBUG   743440384 bytes (743 MB) copied, 59.453515 s, 12.5 MB/s
2026-05-20 03:11:15,815 DEBUG   762314752 bytes (762 MB) copied, 60.556626 s, 12.6 MB/s
2026-05-20 03:11:15,815 DEBUG   778043392 bytes (778 MB) copied, 61.601514 s, 12.6 MB/s
2026-05-20 03:11:15,815 DEBUG   792723456 bytes (793 MB) copied, 62.678560 s, 12.6 MB/s
2026-05-20 03:11:15,815 DEBUG   804257792 bytes (804 MB) copied, 63.690529 s, 12.6 MB/s
2026-05-20 03:11:15,816 DEBUG   817889280 bytes (818 MB) copied, 64.823545 s, 12.6 MB/s
2026-05-20 03:11:15,816 DEBUG   833617920 bytes (834 MB) copied, 65.854547 s, 12.7 MB/s
2026-05-20 03:11:15,816 DEBUG   847249408 bytes (847 MB) copied, 66.860796 s, 12.7 MB/s
2026-05-20 03:11:15,816 DEBUG   855638016 bytes (856 MB) copied, 67.883492 s, 12.6 MB/s
2026-05-20 03:11:15,816 DEBUG   868220928 bytes (868 MB) copied, 68.935525 s, 12.6 MB/s
2026-05-20 03:11:15,816 DEBUG   878706688 bytes (879 MB) copied, 70.036465 s, 12.5 MB/s
2026-05-20 03:11:15,816 DEBUG   891289600 bytes (891 MB) copied, 71.098691 s, 12.5 MB/s
2026-05-20 03:11:15,816 DEBUG   900726784 bytes (901 MB) copied, 72.167531 s, 12.5 MB/s
2026-05-20 03:11:15,816 DEBUG   914358272 bytes (914 MB) copied, 73.320477 s, 12.5 MB/s
2026-05-20 03:11:15,816 DEBUG   926941184 bytes (927 MB) copied, 74.386702 s, 12.5 MB/s
2026-05-20 03:11:15,816 DEBUG   942669824 bytes (943 MB) copied, 75.462677 s, 12.5 MB/s
2026-05-20 03:11:15,816 DEBUG   956301312 bytes (956 MB) copied, 76.544533 s, 12.5 MB/s
2026-05-20 03:11:15,816 DEBUG   975175680 bytes (975 MB) copied, 77.691604 s, 12.6 MB/s
2026-05-20 03:11:15,816 DEBUG   990904320 bytes (991 MB) copied, 78.702442 s, 12.6 MB/s
2026-05-20 03:11:15,816 DEBUG   1011875840 bytes (1.0 GB) copied, 79.718480 s, 12.7 MB/s
2026-05-20 03:11:15,816 DEBUG   1026555904 bytes (1.0 GB) copied, 80.748510 s, 12.7 MB/s
2026-05-20 03:11:15,816 DEBUG   1041235968 bytes (1.0 GB) copied, 81.786509 s, 12.7 MB/s
2026-05-20 03:11:15,816 DEBUG   1051721728 bytes (1.1 GB) copied, 82.820557 s, 12.7 MB/s
2026-05-20 03:11:15,816 DEBUG   1067450368 bytes (1.1 GB) copied, 83.826466 s, 12.7 MB/s
2026-05-20 03:11:15,816 DEBUG   1024+0 records in
2026-05-20 03:11:15,816 DEBUG   1024+0 records out
2026-05-20 03:11:15,816 DEBUG   1073741824 bytes (1.1 GB) copied, 84.3705 s, 12.7 MB/s
2026-05-20 03:11:15,816 DEBUG   OK (disk op exit 0)
2026-05-20 03:11:15,816 WARNING Guest disk op wall 87.5s (vm='ahv_ins_delete-0-260514-185252' ip=10.114.51.123 op=create ec=0) — includes SSH + guest disk command; if still high, check guest disk throughput vs. MiB settings.
2026-05-20 03:11:15,817 DEBUG [103/1170] VM ee874d84… (ahv_ins_delete-0-260514-193248) via 10.114.54.59 op=create
2026-05-20 03:11:15,817 DEBUG   remote: bash -lc 'set -e; _bs(){ printf '"'"'BULK_SNAP_T %s %s\n'"'"' "$1" "$(date +%s.%N 2>/dev/null || date +%s)"; }; _bs guest_start; _bs pipeline_start; openssl enc -aes-256-ctr -pass pass:"testing" -nosalt < /dev/zero 2>/dev/null | dd of=/root/dummy_snapshot_data_1.img bs=1M count=1024 iflag=fullblock status=progress; ec=$?; _bs pipeline_done; _bs guest_end; exit $ec'
2026-05-20 03:11:16,061 DEBUG   BULK_SNAP_T guest_start 1779214183.681371654
2026-05-20 03:11:16,061 DEBUG   BULK_SNAP_T pipeline_start 1779214183.690191688
2026-05-20 03:11:16,061 DEBUG   BULK_SNAP_T pipeline_done 1779214271.988098259
2026-05-20 03:11:16,061 DEBUG   BULK_SNAP_T guest_end 1779214271.997744272
2026-05-20 03:11:16,061 DEBUG   
2026-05-20 03:11:16,061 DEBUG   12582912 bytes (13 MB) copied, 1.077590 s, 11.7 MB/s
2026-05-20 03:11:16,061 DEBUG   37748736 bytes (38 MB) copied, 2.096558 s, 18.0 MB/s
2026-05-20 03:11:16,061 DEBUG   50331648 bytes (50 MB) copied, 3.153546 s, 16.0 MB/s
2026-05-20 03:11:16,061 DEBUG   68157440 bytes (68 MB) copied, 4.188624 s, 16.3 MB/s
2026-05-20 03:11:16,061 DEBUG   81788928 bytes (82 MB) copied, 5.219614 s, 15.7 MB/s
2026-05-20 03:11:16,061 DEBUG   96468992 bytes (96 MB) copied, 6.344513 s, 15.2 MB/s
2026-05-20 03:11:16,061 DEBUG   110100480 bytes (110 MB) copied, 7.373511 s, 14.9 MB/s
2026-05-20 03:11:16,061 DEBUG   123731968 bytes (124 MB) copied, 8.374892 s, 14.8 MB/s
2026-05-20 03:11:16,061 DEBUG   135266304 bytes (135 MB) copied, 9.406584 s, 14.4 MB/s
2026-05-20 03:11:16,061 DEBUG   145752064 bytes (146 MB) copied, 10.513597 s, 13.9 MB/s
2026-05-20 03:11:16,061 DEBUG   154140672 bytes (154 MB) copied, 11.561505 s, 13.3 MB/s
2026-05-20 03:11:16,061 DEBUG   165675008 bytes (166 MB) copied, 12.667612 s, 13.1 MB/s
2026-05-20 03:11:16,061 DEBUG   179306496 bytes (179 MB) copied, 13.682567 s, 13.1 MB/s
2026-05-20 03:11:16,061 DEBUG   190840832 bytes (191 MB) copied, 14.690600 s, 13.0 MB/s
2026-05-20 03:11:16,061 DEBUG   205520896 bytes (206 MB) copied, 15.922539 s, 12.9 MB/s
2026-05-20 03:11:16,061 DEBUG   219152384 bytes (219 MB) copied, 16.969100 s, 12.9 MB/s
2026-05-20 03:11:16,061 DEBUG   231735296 bytes (232 MB) copied, 17.988575 s, 12.9 MB/s
2026-05-20 03:11:16,061 DEBUG   242221056 bytes (242 MB) copied, 19.018883 s, 12.7 MB/s
2026-05-20 03:11:16,061 DEBUG   253755392 bytes (254 MB) copied, 20.077593 s, 12.6 MB/s
2026-05-20 03:11:16,061 DEBUG   265289728 bytes (265 MB) copied, 21.106768 s, 12.6 MB/s
2026-05-20 03:11:16,061 DEBUG   277872640 bytes (278 MB) copied, 22.163557 s, 12.5 MB/s
2026-05-20 03:11:16,061 DEBUG   289406976 bytes (289 MB) copied, 23.234210 s, 12.5 MB/s
2026-05-20 03:11:16,061 DEBUG   300941312 bytes (301 MB) copied, 24.258608 s, 12.4 MB/s
2026-05-20 03:11:16,061 DEBUG   310378496 bytes (310 MB) copied, 25.319563 s, 12.3 MB/s
2026-05-20 03:11:16,061 DEBUG   322961408 bytes (323 MB) copied, 26.599572 s, 12.1 MB/s
2026-05-20 03:11:16,061 DEBUG   335544320 bytes (336 MB) copied, 27.774866 s, 12.1 MB/s
2026-05-20 03:11:16,062 DEBUG   346030080 bytes (346 MB) copied, 28.813617 s, 12.0 MB/s
2026-05-20 03:11:16,062 DEBUG   360710144 bytes (361 MB) copied, 29.846759 s, 12.1 MB/s
2026-05-20 03:11:16,062 DEBUG   378535936 bytes (379 MB) copied, 30.881616 s, 12.3 MB/s
2026-05-20 03:11:16,062 DEBUG   391118848 bytes (391 MB) copied, 31.983710 s, 12.2 MB/s
2026-05-20 03:11:16,062 DEBUG   407896064 bytes (408 MB) copied, 33.137593 s, 12.3 MB/s
2026-05-20 03:11:16,062 DEBUG   420478976 bytes (420 MB) copied, 34.155533 s, 12.3 MB/s
2026-05-20 03:11:16,062 DEBUG   432013312 bytes (432 MB) copied, 35.248576 s, 12.3 MB/s
2026-05-20 03:11:16,062 DEBUG   444596224 bytes (445 MB) copied, 36.316674 s, 12.2 MB/s
2026-05-20 03:11:16,062 DEBUG   454033408 bytes (454 MB) copied, 37.382626 s, 12.1 MB/s
2026-05-20 03:11:16,062 DEBUG   462422016 bytes (462 MB) copied, 38.382650 s, 12.0 MB/s
2026-05-20 03:11:16,062 DEBUG   473956352 bytes (474 MB) copied, 39.551558 s, 12.0 MB/s
2026-05-20 03:11:16,062 DEBUG   483393536 bytes (483 MB) copied, 40.605102 s, 11.9 MB/s
2026-05-20 03:11:16,062 DEBUG   497025024 bytes (497 MB) copied, 41.700634 s, 11.9 MB/s
2026-05-20 03:11:16,062 DEBUG   510656512 bytes (511 MB) copied, 42.727627 s, 12.0 MB/s
2026-05-20 03:11:16,062 DEBUG   525336576 bytes (525 MB) copied, 43.738286 s, 12.0 MB/s
2026-05-20 03:11:16,062 DEBUG   546308096 bytes (546 MB) copied, 44.828579 s, 12.2 MB/s
2026-05-20 03:11:16,062 DEBUG   556793856 bytes (557 MB) copied, 45.830655 s, 12.1 MB/s
2026-05-20 03:11:16,062 DEBUG   574619648 bytes (575 MB) copied, 46.869560 s, 12.3 MB/s
2026-05-20 03:11:16,062 DEBUG   587202560 bytes (587 MB) copied, 47.923586 s, 12.3 MB/s
2026-05-20 03:11:16,062 DEBUG   597688320 bytes (598 MB) copied, 48.957530 s, 12.2 MB/s
2026-05-20 03:11:16,062 DEBUG   612368384 bytes (612 MB) copied, 50.124653 s, 12.2 MB/s
2026-05-20 03:11:16,062 DEBUG   622854144 bytes (623 MB) copied, 51.140697 s, 12.2 MB/s
2026-05-20 03:11:16,062 DEBUG   633339904 bytes (633 MB) copied, 52.159720 s, 12.1 MB/s
2026-05-20 03:11:16,062 DEBUG   644874240 bytes (645 MB) copied, 53.256644 s, 12.1 MB/s
2026-05-20 03:11:16,062 DEBUG   655360000 bytes (655 MB) copied, 54.319902 s, 12.1 MB/s
2026-05-20 03:11:16,062 DEBUG   664797184 bytes (665 MB) copied, 55.589554 s, 12.0 MB/s
2026-05-20 03:11:16,062 DEBUG   678428672 bytes (678 MB) copied, 56.837604 s, 11.9 MB/s
2026-05-20 03:11:16,062 DEBUG   691011584 bytes (691 MB) copied, 57.931660 s, 11.9 MB/s
2026-05-20 03:11:16,062 DEBUG   708837376 bytes (709 MB) copied, 59.024516 s, 12.0 MB/s
2026-05-20 03:11:16,062 DEBUG   722468864 bytes (722 MB) copied, 60.118587 s, 12.0 MB/s
2026-05-20 03:11:16,062 DEBUG   736100352 bytes (736 MB) copied, 61.151578 s, 12.0 MB/s
2026-05-20 03:11:16,062 DEBUG   748683264 bytes (749 MB) copied, 62.210732 s, 12.0 MB/s
2026-05-20 03:11:16,062 DEBUG   763363328 bytes (763 MB) copied, 63.245808 s, 12.1 MB/s
2026-05-20 03:11:16,062 DEBUG   775946240 bytes (776 MB) copied, 64.341753 s, 12.1 MB/s
2026-05-20 03:11:16,062 DEBUG   788529152 bytes (789 MB) copied, 65.405640 s, 12.1 MB/s
2026-05-20 03:11:16,062 DEBUG   800063488 bytes (800 MB) copied, 66.440504 s, 12.0 MB/s
2026-05-20 03:11:16,062 DEBUG   812646400 bytes (813 MB) copied, 67.521715 s, 12.0 MB/s
2026-05-20 03:11:16,062 DEBUG   824180736 bytes (824 MB) copied, 68.568823 s, 12.0 MB/s
2026-05-20 03:11:16,062 DEBUG   837812224 bytes (838 MB) copied, 69.615595 s, 12.0 MB/s
2026-05-20 03:11:16,062 DEBUG   849346560 bytes (849 MB) copied, 70.658581 s, 12.0 MB/s
2026-05-20 03:11:16,062 DEBUG   864026624 bytes (864 MB) copied, 71.711593 s, 12.0 MB/s
2026-05-20 03:11:16,062 DEBUG   877658112 bytes (878 MB) copied, 72.857593 s, 12.0 MB/s
2026-05-20 03:11:16,062 DEBUG   890241024 bytes (890 MB) copied, 74.030793 s, 12.0 MB/s
2026-05-20 03:11:16,062 DEBUG   901775360 bytes (902 MB) copied, 75.157611 s, 12.0 MB/s
2026-05-20 03:11:16,062 DEBUG   914358272 bytes (914 MB) copied, 76.191653 s, 12.0 MB/s
2026-05-20 03:11:16,062 DEBUG   925892608 bytes (926 MB) copied, 77.207571 s, 12.0 MB/s
2026-05-20 03:11:16,062 DEBUG   939524096 bytes (940 MB) copied, 78.227606 s, 12.0 MB/s
2026-05-20 03:11:16,062 DEBUG   955252736 bytes (955 MB) copied, 79.302568 s, 12.0 MB/s
2026-05-20 03:11:16,062 DEBUG   969932800 bytes (970 MB) copied, 80.414824 s, 12.1 MB/s
2026-05-20 03:11:16,062 DEBUG   981467136 bytes (981 MB) copied, 81.437601 s, 12.1 MB/s
2026-05-20 03:11:16,062 DEBUG   996147200 bytes (996 MB) copied, 82.488614 s, 12.1 MB/s
2026-05-20 03:11:16,062 DEBUG   1012924416 bytes (1.0 GB) copied, 83.561546 s, 12.1 MB/s
2026-05-20 03:11:16,062 DEBUG   1026555904 bytes (1.0 GB) copied, 84.563733 s, 12.1 MB/s
2026-05-20 03:11:16,063 DEBUG   1040187392 bytes (1.0 GB) copied, 85.648633 s, 12.1 MB/s
2026-05-20 03:11:16,063 DEBUG   1051721728 bytes (1.1 GB) copied, 86.696684 s, 12.1 MB/s
2026-05-20 03:11:16,063 DEBUG   1065353216 bytes (1.1 GB) copied, 87.697505 s, 12.1 MB/s
2026-05-20 03:11:16,063 DEBUG   1024+0 records in
2026-05-20 03:11:16,063 DEBUG   1024+0 records out
2026-05-20 03:11:16,063 DEBUG   1073741824 bytes (1.1 GB) copied, 88.1298 s, 12.2 MB/s
2026-05-20 03:11:16,063 DEBUG   OK (disk op exit 0)
2026-05-20 03:11:16,063 WARNING Guest disk op wall 91.5s (vm='ahv_ins_delete-0-260514-184724' ip=10.114.50.30 op=create ec=0) — includes SSH + guest disk command; if still high, check guest disk throughput vs. MiB settings.
2026-05-20 03:11:16,063 DEBUG [104/1170] VM 7783a5e9… (ahv_ins_delete-0-260514-193330) via 10.114.48.98 op=create
2026-05-20 03:11:16,063 DEBUG   remote: bash -lc 'set -e; _bs(){ printf '"'"'BULK_SNAP_T %s %s\n'"'"' "$1" "$(date +%s.%N 2>/dev/null || date +%s)"; }; _bs guest_start; _bs pipeline_start; openssl enc -aes-256-ctr -pass pass:"testing" -nosalt < /dev/zero 2>/dev/null | dd of=/root/dummy_snapshot_data_1.img bs=1M count=1024 iflag=fullblock status=progress; ec=$?; _bs pipeline_done; _bs guest_end; exit $ec'
2026-05-20 03:11:16,298 DEBUG   BULK_SNAP_T guest_start 1779214194.579433582
2026-05-20 03:11:16,299 DEBUG   BULK_SNAP_T pipeline_start 1779214194.589517221
2026-05-20 03:11:16,299 DEBUG   BULK_SNAP_T pipeline_done 1779214272.760265127
2026-05-20 03:11:16,299 DEBUG   BULK_SNAP_T guest_end 1779214272.768454089
2026-05-20 03:11:16,299 DEBUG   
2026-05-20 03:11:16,299 DEBUG   9437184 bytes (9.4 MB) copied, 1.070646 s, 8.8 MB/s
2026-05-20 03:11:16,299 DEBUG   22020096 bytes (22 MB) copied, 2.138658 s, 10.3 MB/s
2026-05-20 03:11:16,299 DEBUG   32505856 bytes (33 MB) copied, 3.271651 s, 9.9 MB/s
2026-05-20 03:11:16,299 DEBUG   50331648 bytes (50 MB) copied, 4.314735 s, 11.7 MB/s
2026-05-20 03:11:16,299 DEBUG   63963136 bytes (64 MB) copied, 5.373752 s, 11.9 MB/s
2026-05-20 03:11:16,299 DEBUG   78643200 bytes (79 MB) copied, 6.388727 s, 12.3 MB/s
2026-05-20 03:11:16,299 DEBUG   92274688 bytes (92 MB) copied, 7.436776 s, 12.4 MB/s
2026-05-20 03:11:16,299 DEBUG   106954752 bytes (107 MB) copied, 8.465872 s, 12.6 MB/s
2026-05-20 03:11:16,299 DEBUG   120586240 bytes (121 MB) copied, 9.528775 s, 12.7 MB/s
2026-05-20 03:11:16,299 DEBUG   133169152 bytes (133 MB) copied, 10.552709 s, 12.6 MB/s
2026-05-20 03:11:16,299 DEBUG   144703488 bytes (145 MB) copied, 11.646682 s, 12.4 MB/s
2026-05-20 03:11:16,299 DEBUG   158334976 bytes (158 MB) copied, 12.698658 s, 12.5 MB/s
2026-05-20 03:11:16,299 DEBUG   169869312 bytes (170 MB) copied, 13.705747 s, 12.4 MB/s
2026-05-20 03:11:16,299 DEBUG   183500800 bytes (184 MB) copied, 14.729710 s, 12.5 MB/s
2026-05-20 03:11:16,299 DEBUG   195035136 bytes (195 MB) copied, 15.813716 s, 12.3 MB/s
2026-05-20 03:11:16,299 DEBUG   208666624 bytes (209 MB) copied, 17.002649 s, 12.3 MB/s
2026-05-20 03:11:16,299 DEBUG   225443840 bytes (225 MB) copied, 18.032654 s, 12.5 MB/s
2026-05-20 03:11:16,299 DEBUG   248512512 bytes (249 MB) copied, 19.042636 s, 13.1 MB/s
2026-05-20 03:11:16,299 DEBUG   266338304 bytes (266 MB) copied, 20.071638 s, 13.3 MB/s
2026-05-20 03:11:16,299 DEBUG   285212672 bytes (285 MB) copied, 21.238865 s, 13.4 MB/s
2026-05-20 03:11:16,299 DEBUG   295698432 bytes (296 MB) copied, 22.266706 s, 13.3 MB/s
2026-05-20 03:11:16,299 DEBUG   312475648 bytes (312 MB) copied, 23.311018 s, 13.4 MB/s
2026-05-20 03:11:16,299 DEBUG   324009984 bytes (324 MB) copied, 24.396723 s, 13.3 MB/s
2026-05-20 03:11:16,299 DEBUG   336592896 bytes (337 MB) copied, 25.440675 s, 13.2 MB/s
2026-05-20 03:11:16,299 DEBUG   346030080 bytes (346 MB) copied, 26.468647 s, 13.1 MB/s
2026-05-20 03:11:16,299 DEBUG   358612992 bytes (359 MB) copied, 27.598665 s, 13.0 MB/s
2026-05-20 03:11:16,299 DEBUG   369098752 bytes (369 MB) copied, 28.656694 s, 12.9 MB/s
2026-05-20 03:11:16,299 DEBUG   379584512 bytes (380 MB) copied, 29.714634 s, 12.8 MB/s
2026-05-20 03:11:16,299 DEBUG   396361728 bytes (396 MB) copied, 30.723685 s, 12.9 MB/s
2026-05-20 03:11:16,299 DEBUG   408944640 bytes (409 MB) copied, 31.732731 s, 12.9 MB/s
2026-05-20 03:11:16,299 DEBUG   423624704 bytes (424 MB) copied, 32.792686 s, 12.9 MB/s
2026-05-20 03:11:16,299 DEBUG   442499072 bytes (442 MB) copied, 33.830061 s, 13.1 MB/s
2026-05-20 03:11:16,299 DEBUG   456130560 bytes (456 MB) copied, 34.863695 s, 13.1 MB/s
2026-05-20 03:11:16,299 DEBUG   470810624 bytes (471 MB) copied, 36.004064 s, 13.1 MB/s
2026-05-20 03:11:16,299 DEBUG   484442112 bytes (484 MB) copied, 37.023602 s, 13.1 MB/s
2026-05-20 03:11:16,299 DEBUG   499122176 bytes (499 MB) copied, 38.052732 s, 13.1 MB/s
2026-05-20 03:11:16,299 DEBUG   514850816 bytes (515 MB) copied, 39.194730 s, 13.1 MB/s
2026-05-20 03:11:16,299 DEBUG   528482304 bytes (528 MB) copied, 40.204876 s, 13.1 MB/s
2026-05-20 03:11:16,299 DEBUG   542113792 bytes (542 MB) copied, 41.318844 s, 13.1 MB/s
2026-05-20 03:11:16,299 DEBUG   557842432 bytes (558 MB) copied, 42.320166 s, 13.2 MB/s
2026-05-20 03:11:16,299 DEBUG   570425344 bytes (570 MB) copied, 43.439927 s, 13.1 MB/s
2026-05-20 03:11:16,300 DEBUG   586153984 bytes (586 MB) copied, 44.503783 s, 13.2 MB/s
2026-05-20 03:11:16,300 DEBUG   601882624 bytes (602 MB) copied, 45.530667 s, 13.2 MB/s
2026-05-20 03:11:16,300 DEBUG   614465536 bytes (614 MB) copied, 46.580710 s, 13.2 MB/s
2026-05-20 03:11:16,300 DEBUG   628097024 bytes (628 MB) copied, 47.651656 s, 13.2 MB/s
2026-05-20 03:11:16,300 DEBUG   642777088 bytes (643 MB) copied, 48.762697 s, 13.2 MB/s
2026-05-20 03:11:16,300 DEBUG   661651456 bytes (662 MB) copied, 49.794678 s, 13.3 MB/s
2026-05-20 03:11:16,300 DEBUG   675282944 bytes (675 MB) copied, 50.851669 s, 13.3 MB/s
2026-05-20 03:11:16,300 DEBUG   686817280 bytes (687 MB) copied, 51.872621 s, 13.2 MB/s
2026-05-20 03:11:16,300 DEBUG   700448768 bytes (700 MB) copied, 52.872781 s, 13.2 MB/s
2026-05-20 03:11:16,300 DEBUG   720371712 bytes (720 MB) copied, 53.942715 s, 13.4 MB/s
2026-05-20 03:11:16,300 DEBUG   737148928 bytes (737 MB) copied, 54.974794 s, 13.4 MB/s
2026-05-20 03:11:16,300 DEBUG   749731840 bytes (750 MB) copied, 55.980738 s, 13.4 MB/s
2026-05-20 03:11:16,300 DEBUG   762314752 bytes (762 MB) copied, 56.996703 s, 13.4 MB/s
2026-05-20 03:11:16,300 DEBUG   776994816 bytes (777 MB) copied, 58.014703 s, 13.4 MB/s
2026-05-20 03:11:16,300 DEBUG   793772032 bytes (794 MB) copied, 59.122704 s, 13.4 MB/s
2026-05-20 03:11:16,300 DEBUG   813694976 bytes (814 MB) copied, 60.180647 s, 13.5 MB/s
2026-05-20 03:11:16,300 DEBUG   828375040 bytes (828 MB) copied, 61.193879 s, 13.5 MB/s
2026-05-20 03:11:16,300 DEBUG   844103680 bytes (844 MB) copied, 62.260690 s, 13.6 MB/s
2026-05-20 03:11:16,300 DEBUG   861929472 bytes (862 MB) copied, 63.351785 s, 13.6 MB/s
2026-05-20 03:11:16,300 DEBUG   883949568 bytes (884 MB) copied, 64.590677 s, 13.7 MB/s
2026-05-20 03:11:16,300 DEBUG   895483904 bytes (895 MB) copied, 65.680685 s, 13.6 MB/s
2026-05-20 03:11:16,300 DEBUG   908066816 bytes (908 MB) copied, 66.770671 s, 13.6 MB/s
2026-05-20 03:11:16,300 DEBUG   922746880 bytes (923 MB) copied, 67.841841 s, 13.6 MB/s
2026-05-20 03:11:16,300 DEBUG   937426944 bytes (937 MB) copied, 68.842634 s, 13.6 MB/s
2026-05-20 03:11:16,300 DEBUG   954204160 bytes (954 MB) copied, 69.910007 s, 13.6 MB/s
2026-05-20 03:11:16,300 DEBUG   969932800 bytes (970 MB) copied, 71.031672 s, 13.7 MB/s
2026-05-20 03:11:16,300 DEBUG   984612864 bytes (985 MB) copied, 72.055644 s, 13.7 MB/s
2026-05-20 03:11:16,300 DEBUG   1002438656 bytes (1.0 GB) copied, 73.150646 s, 13.7 MB/s
2026-05-20 03:11:16,300 DEBUG   1019215872 bytes (1.0 GB) copied, 74.197742 s, 13.7 MB/s
2026-05-20 03:11:16,300 DEBUG   1037041664 bytes (1.0 GB) copied, 75.276682 s, 13.8 MB/s
2026-05-20 03:11:16,300 DEBUG   1050673152 bytes (1.1 GB) copied, 76.314762 s, 13.8 MB/s
2026-05-20 03:11:16,300 DEBUG   1066401792 bytes (1.1 GB) copied, 77.336700 s, 13.8 MB/s
2026-05-20 03:11:16,300 DEBUG   1024+0 records in
2026-05-20 03:11:16,300 DEBUG   1024+0 records out
2026-05-20 03:11:16,300 DEBUG   1073741824 bytes (1.1 GB) copied, 77.9977 s, 13.8 MB/s
2026-05-20 03:11:16,300 DEBUG   OK (disk op exit 0)
2026-05-20 03:11:16,300 WARNING Guest disk op wall 81.0s (vm='ahv_ins_delete-0-260514-190412' ip=10.114.51.146 op=create ec=0) — includes SSH + guest disk command; if still high, check guest disk throughput vs. MiB settings.
2026-05-20 03:11:16,301 DEBUG [105/1170] VM ef7ed064… (ahv_ins_delete-0-260514-193347) via 10.114.48.37 op=create
2026-05-20 03:11:16,301 DEBUG   remote: bash -lc 'set -e; _bs(){ printf '"'"'BULK_SNAP_T %s %s\n'"'"' "$1" "$(date +%s.%N 2>/dev/null || date +%s)"; }; _bs guest_start; _bs pipeline_start; openssl enc -aes-256-ctr -pass pass:"testing" -nosalt < /dev/zero 2>/dev/null | dd of=/root/dummy_snapshot_data_1.img bs=1M count=1024 iflag=fullblock status=progress; ec=$?; _bs pipeline_done; _bs guest_end; exit $ec'
2026-05-20 03:11:17,519 DEBUG   BULK_SNAP_T guest_start 1779214192.374303042
2026-05-20 03:11:17,519 DEBUG   BULK_SNAP_T pipeline_start 1779214192.382772069
2026-05-20 03:11:17,519 DEBUG   BULK_SNAP_T pipeline_done 1779214273.577182665
2026-05-20 03:11:17,519 DEBUG   BULK_SNAP_T guest_end 1779214273.593613401
2026-05-20 03:11:17,519 DEBUG   
2026-05-20 03:11:17,519 DEBUG   11534336 bytes (12 MB) copied, 1.076641 s, 10.7 MB/s
2026-05-20 03:11:17,519 DEBUG   26214400 bytes (26 MB) copied, 2.140664 s, 12.2 MB/s
2026-05-20 03:11:17,519 DEBUG   41943040 bytes (42 MB) copied, 3.234722 s, 13.0 MB/s
2026-05-20 03:11:17,519 DEBUG   57671680 bytes (58 MB) copied, 4.422697 s, 13.0 MB/s
2026-05-20 03:11:17,519 DEBUG   72351744 bytes (72 MB) copied, 5.484663 s, 13.2 MB/s
2026-05-20 03:11:17,519 DEBUG   88080384 bytes (88 MB) copied, 6.536667 s, 13.5 MB/s
2026-05-20 03:11:17,519 DEBUG   98566144 bytes (99 MB) copied, 7.541678 s, 13.1 MB/s
2026-05-20 03:11:17,519 DEBUG   114294784 bytes (114 MB) copied, 8.633666 s, 13.2 MB/s
2026-05-20 03:11:17,519 DEBUG   127926272 bytes (128 MB) copied, 9.650706 s, 13.3 MB/s
2026-05-20 03:11:17,519 DEBUG   142606336 bytes (143 MB) copied, 10.748674 s, 13.3 MB/s
2026-05-20 03:11:17,520 DEBUG   155189248 bytes (155 MB) copied, 11.811674 s, 13.1 MB/s
2026-05-20 03:11:17,520 DEBUG   167772160 bytes (168 MB) copied, 12.818074 s, 13.1 MB/s
2026-05-20 03:11:17,520 DEBUG   184549376 bytes (185 MB) copied, 13.831712 s, 13.3 MB/s
2026-05-20 03:11:17,520 DEBUG   203423744 bytes (203 MB) copied, 14.874680 s, 13.7 MB/s
2026-05-20 03:11:17,520 DEBUG   219152384 bytes (219 MB) copied, 16.134669 s, 13.6 MB/s
2026-05-20 03:11:17,520 DEBUG   231735296 bytes (232 MB) copied, 17.207683 s, 13.5 MB/s
2026-05-20 03:11:17,520 DEBUG   249561088 bytes (250 MB) copied, 18.354741 s, 13.6 MB/s
2026-05-20 03:11:17,520 DEBUG   264241152 bytes (264 MB) copied, 19.547695 s, 13.5 MB/s
2026-05-20 03:11:17,520 DEBUG   274726912 bytes (275 MB) copied, 20.672779 s, 13.3 MB/s
2026-05-20 03:11:17,520 DEBUG   289406976 bytes (289 MB) copied, 21.714669 s, 13.3 MB/s
2026-05-20 03:11:17,520 DEBUG   299892736 bytes (300 MB) copied, 22.732700 s, 13.2 MB/s
2026-05-20 03:11:17,520 DEBUG   315621376 bytes (316 MB) copied, 23.750801 s, 13.3 MB/s
2026-05-20 03:11:17,520 DEBUG   331350016 bytes (331 MB) copied, 24.831700 s, 13.3 MB/s
2026-05-20 03:11:17,520 DEBUG   350224384 bytes (350 MB) copied, 25.888937 s, 13.5 MB/s
2026-05-20 03:11:17,520 DEBUG   362807296 bytes (363 MB) copied, 26.933707 s, 13.5 MB/s
2026-05-20 03:11:17,520 DEBUG   385875968 bytes (386 MB) copied, 27.989647 s, 13.8 MB/s
2026-05-20 03:11:17,520 DEBUG   398458880 bytes (398 MB) copied, 29.043717 s, 13.7 MB/s
2026-05-20 03:11:17,520 DEBUG   409993216 bytes (410 MB) copied, 30.146624 s, 13.6 MB/s
2026-05-20 03:11:17,520 DEBUG   430964736 bytes (431 MB) copied, 31.221666 s, 13.8 MB/s
2026-05-20 03:11:17,520 DEBUG   441450496 bytes (441 MB) copied, 32.231686 s, 13.7 MB/s
2026-05-20 03:11:17,520 DEBUG   455081984 bytes (455 MB) copied, 33.363694 s, 13.6 MB/s
2026-05-20 03:11:17,520 DEBUG   468713472 bytes (469 MB) copied, 34.491723 s, 13.6 MB/s
2026-05-20 03:11:17,520 DEBUG   482344960 bytes (482 MB) copied, 35.588885 s, 13.6 MB/s
2026-05-20 03:11:17,520 DEBUG   495976448 bytes (496 MB) copied, 36.666708 s, 13.5 MB/s
2026-05-20 03:11:17,520 DEBUG   508559360 bytes (509 MB) copied, 37.745718 s, 13.5 MB/s
2026-05-20 03:11:17,520 DEBUG   520093696 bytes (520 MB) copied, 38.749641 s, 13.4 MB/s
2026-05-20 03:11:17,520 DEBUG   535822336 bytes (536 MB) copied, 39.771194 s, 13.5 MB/s
2026-05-20 03:11:17,520 DEBUG   547356672 bytes (547 MB) copied, 40.821644 s, 13.4 MB/s
2026-05-20 03:11:17,520 DEBUG   562036736 bytes (562 MB) copied, 41.902735 s, 13.4 MB/s
2026-05-20 03:11:17,520 DEBUG   574619648 bytes (575 MB) copied, 42.908664 s, 13.4 MB/s
2026-05-20 03:11:17,520 DEBUG   586153984 bytes (586 MB) copied, 43.913669 s, 13.3 MB/s
2026-05-20 03:11:17,520 DEBUG   602931200 bytes (603 MB) copied, 45.077764 s, 13.4 MB/s
2026-05-20 03:11:17,520 DEBUG   618659840 bytes (619 MB) copied, 46.195628 s, 13.4 MB/s
2026-05-20 03:11:17,520 DEBUG   627048448 bytes (627 MB) copied, 47.244677 s, 13.3 MB/s
2026-05-20 03:11:17,520 DEBUG   639631360 bytes (640 MB) copied, 48.402653 s, 13.2 MB/s
2026-05-20 03:11:17,520 DEBUG   656408576 bytes (656 MB) copied, 49.433663 s, 13.3 MB/s
2026-05-20 03:11:17,520 DEBUG   671088640 bytes (671 MB) copied, 50.564760 s, 13.3 MB/s
2026-05-20 03:11:17,520 DEBUG   681574400 bytes (682 MB) copied, 51.590703 s, 13.2 MB/s
2026-05-20 03:11:17,520 DEBUG   695205888 bytes (695 MB) copied, 52.676874 s, 13.2 MB/s
2026-05-20 03:11:17,520 DEBUG   710934528 bytes (711 MB) copied, 53.822856 s, 13.2 MB/s
2026-05-20 03:11:17,520 DEBUG   722468864 bytes (722 MB) copied, 54.889682 s, 13.2 MB/s
2026-05-20 03:11:17,520 DEBUG   734003200 bytes (734 MB) copied, 55.937999 s, 13.1 MB/s
2026-05-20 03:11:17,520 DEBUG   747634688 bytes (748 MB) copied, 56.961630 s, 13.1 MB/s
2026-05-20 03:11:17,520 DEBUG   761266176 bytes (761 MB) copied, 57.995759 s, 13.1 MB/s
2026-05-20 03:11:17,520 DEBUG   774897664 bytes (775 MB) copied, 59.016706 s, 13.1 MB/s
2026-05-20 03:11:17,520 DEBUG   787480576 bytes (787 MB) copied, 60.041731 s, 13.1 MB/s
2026-05-20 03:11:17,520 DEBUG   800063488 bytes (800 MB) copied, 61.093876 s, 13.1 MB/s
2026-05-20 03:11:17,520 DEBUG   817889280 bytes (818 MB) copied, 62.202793 s, 13.1 MB/s
2026-05-20 03:11:17,520 DEBUG   832569344 bytes (833 MB) copied, 63.320729 s, 13.1 MB/s
2026-05-20 03:11:17,520 DEBUG   846200832 bytes (846 MB) copied, 64.393638 s, 13.1 MB/s
2026-05-20 03:11:17,521 DEBUG   864026624 bytes (864 MB) copied, 65.416667 s, 13.2 MB/s
2026-05-20 03:11:17,521 DEBUG   875560960 bytes (876 MB) copied, 66.537728 s, 13.2 MB/s
2026-05-20 03:11:17,521 DEBUG   895483904 bytes (895 MB) copied, 67.613707 s, 13.2 MB/s
2026-05-20 03:11:17,521 DEBUG   907018240 bytes (907 MB) copied, 68.645681 s, 13.2 MB/s
2026-05-20 03:11:17,521 DEBUG   920649728 bytes (921 MB) copied, 69.701644 s, 13.2 MB/s
2026-05-20 03:11:17,521 DEBUG   934281216 bytes (934 MB) copied, 70.785726 s, 13.2 MB/s
2026-05-20 03:11:17,521 DEBUG   947912704 bytes (948 MB) copied, 71.804726 s, 13.2 MB/s
2026-05-20 03:11:17,521 DEBUG   961544192 bytes (962 MB) copied, 72.880008 s, 13.2 MB/s
2026-05-20 03:11:17,521 DEBUG   974127104 bytes (974 MB) copied, 73.891642 s, 13.2 MB/s
2026-05-20 03:11:17,521 DEBUG   990904320 bytes (991 MB) copied, 74.974766 s, 13.2 MB/s
2026-05-20 03:11:17,521 DEBUG   1002438656 bytes (1.0 GB) copied, 76.055677 s, 13.2 MB/s
2026-05-20 03:11:17,521 DEBUG   1019215872 bytes (1.0 GB) copied, 77.161701 s, 13.2 MB/s
2026-05-20 03:11:17,521 DEBUG   1030750208 bytes (1.0 GB) copied, 78.227787 s, 13.2 MB/s
2026-05-20 03:11:17,521 DEBUG   1050673152 bytes (1.1 GB) copied, 79.371837 s, 13.2 MB/s
2026-05-20 03:11:17,521 DEBUG   1067450368 bytes (1.1 GB) copied, 80.551667 s, 13.3 MB/s
2026-05-20 03:11:17,521 DEBUG   1024+0 records in
2026-05-20 03:11:17,521 DEBUG   1024+0 records out
2026-05-20 03:11:17,521 DEBUG   1073741824 bytes (1.1 GB) copied, 80.9982 s, 13.3 MB/s
2026-05-20 03:11:17,521 DEBUG   OK (disk op exit 0)
2026-05-20 03:11:17,521 WARNING Guest disk op wall 84.5s (vm='ahv_ins_delete-0-260514-190346' ip=10.114.54.69 op=create ec=0) — includes SSH + guest disk command; if still high, check guest disk throughput vs. MiB settings.
2026-05-20 03:11:17,522 DEBUG [106/1170] VM 1babbf2a… (ahv_ins_delete-0-260514-193551) via 10.114.52.143 op=create
2026-05-20 03:11:17,522 DEBUG   remote: bash -lc 'set -e; _bs(){ printf '"'"'BULK_SNAP_T %s %s\n'"'"' "$1" "$(date +%s.%N 2>/dev/null || date +%s)"; }; _bs guest_start; _bs pipeline_start; openssl enc -aes-256-ctr -pass pass:"testing" -nosalt < /dev/zero 2>/dev/null | dd of=/root/dummy_snapshot_data_1.img bs=1M count=1024 iflag=fullblock status=progress; ec=$?; _bs pipeline_done; _bs guest_end; exit $ec'
2026-05-20 03:11:18,283 DEBUG   BULK_SNAP_T guest_start 1779214195.531119158
2026-05-20 03:11:18,283 DEBUG   BULK_SNAP_T pipeline_start 1779214195.546190803
2026-05-20 03:11:18,283 DEBUG   BULK_SNAP_T pipeline_done 1779214274.446519453
2026-05-20 03:11:18,283 DEBUG   BULK_SNAP_T guest_end 1779214274.449373823
2026-05-20 03:11:18,283 DEBUG   
2026-05-20 03:11:18,283 DEBUG   13631488 bytes (14 MB) copied, 1.013923 s, 13.4 MB/s
2026-05-20 03:11:18,283 DEBUG   26214400 bytes (26 MB) copied, 2.027921 s, 12.9 MB/s
2026-05-20 03:11:18,283 DEBUG   45088768 bytes (45 MB) copied, 3.058045 s, 14.7 MB/s
2026-05-20 03:11:18,283 DEBUG   62914560 bytes (63 MB) copied, 4.072037 s, 15.5 MB/s
2026-05-20 03:11:18,283 DEBUG   79691776 bytes (80 MB) copied, 5.113953 s, 15.6 MB/s
2026-05-20 03:11:18,283 DEBUG   95420416 bytes (95 MB) copied, 6.186965 s, 15.4 MB/s
2026-05-20 03:11:18,283 DEBUG   111149056 bytes (111 MB) copied, 7.207278 s, 15.4 MB/s
2026-05-20 03:11:18,283 DEBUG   128974848 bytes (129 MB) copied, 8.215920 s, 15.7 MB/s
2026-05-20 03:11:18,283 DEBUG   142606336 bytes (143 MB) copied, 9.225903 s, 15.5 MB/s
2026-05-20 03:11:18,283 DEBUG   162529280 bytes (163 MB) copied, 10.305900 s, 15.8 MB/s
2026-05-20 03:11:18,283 DEBUG   177209344 bytes (177 MB) copied, 11.421975 s, 15.5 MB/s
2026-05-20 03:11:18,283 DEBUG   196083712 bytes (196 MB) copied, 12.433903 s, 15.8 MB/s
2026-05-20 03:11:18,283 DEBUG   214958080 bytes (215 MB) copied, 13.439892 s, 16.0 MB/s
2026-05-20 03:11:18,283 DEBUG   228589568 bytes (229 MB) copied, 14.441905 s, 15.8 MB/s
2026-05-20 03:11:18,283 DEBUG   244318208 bytes (244 MB) copied, 15.523899 s, 15.7 MB/s
2026-05-20 03:11:18,284 DEBUG   255852544 bytes (256 MB) copied, 16.526935 s, 15.5 MB/s
2026-05-20 03:11:18,284 DEBUG   267386880 bytes (267 MB) copied, 17.562946 s, 15.2 MB/s
2026-05-20 03:11:18,284 DEBUG   278921216 bytes (279 MB) copied, 18.637967 s, 15.0 MB/s
2026-05-20 03:11:18,284 DEBUG   297795584 bytes (298 MB) copied, 19.667988 s, 15.1 MB/s
2026-05-20 03:11:18,284 DEBUG   312475648 bytes (312 MB) copied, 20.680204 s, 15.1 MB/s
2026-05-20 03:11:18,284 DEBUG   322961408 bytes (323 MB) copied, 21.760959 s, 14.8 MB/s
2026-05-20 03:11:18,284 DEBUG   336592896 bytes (337 MB) copied, 22.863937 s, 14.7 MB/s
2026-05-20 03:11:18,284 DEBUG   348127232 bytes (348 MB) copied, 23.874017 s, 14.6 MB/s
2026-05-20 03:11:18,284 DEBUG   360710144 bytes (361 MB) copied, 25.111865 s, 14.4 MB/s
2026-05-20 03:11:18,284 DEBUG   376438784 bytes (376 MB) copied, 26.186023 s, 14.4 MB/s
2026-05-20 03:11:18,284 DEBUG   386924544 bytes (387 MB) copied, 27.333927 s, 14.2 MB/s
2026-05-20 03:11:18,284 DEBUG   399507456 bytes (400 MB) copied, 28.396883 s, 14.1 MB/s
2026-05-20 03:11:18,284 DEBUG   413138944 bytes (413 MB) copied, 29.431940 s, 14.0 MB/s
2026-05-20 03:11:18,284 DEBUG   432013312 bytes (432 MB) copied, 30.484900 s, 14.2 MB/s
2026-05-20 03:11:18,284 DEBUG   445644800 bytes (446 MB) copied, 31.523097 s, 14.1 MB/s
2026-05-20 03:11:18,284 DEBUG   462422016 bytes (462 MB) copied, 32.582977 s, 14.2 MB/s
2026-05-20 03:11:18,284 DEBUG   473956352 bytes (474 MB) copied, 33.605961 s, 14.1 MB/s
2026-05-20 03:11:18,284 DEBUG   486539264 bytes (487 MB) copied, 34.652911 s, 14.0 MB/s
2026-05-20 03:11:18,284 DEBUG   499122176 bytes (499 MB) copied, 35.683235 s, 14.0 MB/s
2026-05-20 03:11:18,284 DEBUG   512753664 bytes (513 MB) copied, 36.696951 s, 14.0 MB/s
2026-05-20 03:11:18,284 DEBUG   524288000 bytes (524 MB) copied, 37.782958 s, 13.9 MB/s
2026-05-20 03:11:18,284 DEBUG   538968064 bytes (539 MB) copied, 38.841407 s, 13.9 MB/s
2026-05-20 03:11:18,284 DEBUG   553648128 bytes (554 MB) copied, 40.093111 s, 13.8 MB/s
2026-05-20 03:11:18,284 DEBUG   573571072 bytes (574 MB) copied, 41.111113 s, 14.0 MB/s
2026-05-20 03:11:18,284 DEBUG   589299712 bytes (589 MB) copied, 42.234001 s, 14.0 MB/s
2026-05-20 03:11:18,284 DEBUG   606076928 bytes (606 MB) copied, 43.478954 s, 13.9 MB/s
2026-05-20 03:11:18,284 DEBUG   618659840 bytes (619 MB) copied, 44.509949 s, 13.9 MB/s
2026-05-20 03:11:18,284 DEBUG   631242752 bytes (631 MB) copied, 45.540996 s, 13.9 MB/s
2026-05-20 03:11:18,284 DEBUG   644874240 bytes (645 MB) copied, 46.574942 s, 13.8 MB/s
2026-05-20 03:11:18,284 DEBUG   659554304 bytes (660 MB) copied, 47.625980 s, 13.8 MB/s
2026-05-20 03:11:18,284 DEBUG   677380096 bytes (677 MB) copied, 48.681011 s, 13.9 MB/s
2026-05-20 03:11:18,284 DEBUG   691011584 bytes (691 MB) copied, 49.687996 s, 13.9 MB/s
2026-05-20 03:11:18,284 DEBUG   707788800 bytes (708 MB) copied, 50.718986 s, 14.0 MB/s
2026-05-20 03:11:18,284 DEBUG   718274560 bytes (718 MB) copied, 51.746960 s, 13.9 MB/s
2026-05-20 03:11:18,284 DEBUG   732954624 bytes (733 MB) copied, 52.762944 s, 13.9 MB/s
2026-05-20 03:11:18,284 DEBUG   748683264 bytes (749 MB) copied, 53.791935 s, 13.9 MB/s
2026-05-20 03:11:18,284 DEBUG   763363328 bytes (763 MB) copied, 54.866963 s, 13.9 MB/s
2026-05-20 03:11:18,284 DEBUG   776994816 bytes (777 MB) copied, 55.868952 s, 13.9 MB/s
2026-05-20 03:11:18,284 DEBUG   790626304 bytes (791 MB) copied, 57.066974 s, 13.9 MB/s
2026-05-20 03:11:18,284 DEBUG   802160640 bytes (802 MB) copied, 58.154059 s, 13.8 MB/s
2026-05-20 03:11:18,284 DEBUG   815792128 bytes (816 MB) copied, 59.169016 s, 13.8 MB/s
2026-05-20 03:11:18,284 DEBUG   827326464 bytes (827 MB) copied, 60.169064 s, 13.8 MB/s
2026-05-20 03:11:18,284 DEBUG   839909376 bytes (840 MB) copied, 61.170963 s, 13.7 MB/s
2026-05-20 03:11:18,284 DEBUG   857735168 bytes (858 MB) copied, 62.268354 s, 13.8 MB/s
2026-05-20 03:11:18,284 DEBUG   871366656 bytes (871 MB) copied, 63.327948 s, 13.8 MB/s
2026-05-20 03:11:18,284 DEBUG   881852416 bytes (882 MB) copied, 64.350994 s, 13.7 MB/s
2026-05-20 03:11:18,284 DEBUG   896532480 bytes (897 MB) copied, 65.426996 s, 13.7 MB/s
2026-05-20 03:11:18,284 DEBUG   910163968 bytes (910 MB) copied, 66.476941 s, 13.7 MB/s
2026-05-20 03:11:18,284 DEBUG   923795456 bytes (924 MB) copied, 67.577894 s, 13.7 MB/s
2026-05-20 03:11:18,284 DEBUG   935329792 bytes (935 MB) copied, 68.739917 s, 13.6 MB/s
2026-05-20 03:11:18,284 DEBUG   948961280 bytes (949 MB) copied, 69.896023 s, 13.6 MB/s
2026-05-20 03:11:18,284 DEBUG   965738496 bytes (966 MB) copied, 70.944996 s, 13.6 MB/s
2026-05-20 03:11:18,285 DEBUG   979369984 bytes (979 MB) copied, 71.977950 s, 13.6 MB/s
2026-05-20 03:11:18,285 DEBUG   994050048 bytes (994 MB) copied, 73.005073 s, 13.6 MB/s
2026-05-20 03:11:18,285 DEBUG   1012924416 bytes (1.0 GB) copied, 74.185926 s, 13.7 MB/s
2026-05-20 03:11:18,285 DEBUG   1025507328 bytes (1.0 GB) copied, 75.302921 s, 13.6 MB/s
2026-05-20 03:11:18,285 DEBUG   1042284544 bytes (1.0 GB) copied, 76.356019 s, 13.7 MB/s
2026-05-20 03:11:18,285 DEBUG   1054867456 bytes (1.1 GB) copied, 77.425013 s, 13.6 MB/s
2026-05-20 03:11:18,285 DEBUG   1070596096 bytes (1.1 GB) copied, 78.518248 s, 13.6 MB/s
2026-05-20 03:11:18,285 DEBUG   1024+0 records in
2026-05-20 03:11:18,285 DEBUG   1024+0 records out
2026-05-20 03:11:18,285 DEBUG   1073741824 bytes (1.1 GB) copied, 78.7307 s, 13.6 MB/s
2026-05-20 03:11:18,285 DEBUG   OK (disk op exit 0)
2026-05-20 03:11:18,285 WARNING Guest disk op wall 81.5s (vm='ahv_ins_delete-0-260514-190940' ip=10.114.52.180 op=create ec=0) — includes SSH + guest disk command; if still high, check guest disk throughput vs. MiB settings.
2026-05-20 03:11:18,285 DEBUG [107/1170] VM c7e22a48… (ahv_ins_delete-0-260514-193713) via 10.114.50.12 op=create
2026-05-20 03:11:18,285 DEBUG   remote: bash -lc 'set -e; _bs(){ printf '"'"'BULK_SNAP_T %s %s\n'"'"' "$1" "$(date +%s.%N 2>/dev/null || date +%s)"; }; _bs guest_start; _bs pipeline_start; openssl enc -aes-256-ctr -pass pass:"testing" -nosalt < /dev/zero 2>/dev/null | dd of=/root/dummy_snapshot_data_1.img bs=1M count=1024 iflag=fullblock status=progress; ec=$?; _bs pipeline_done; _bs guest_end; exit $ec'
2026-05-20 03:11:18,293 DEBUG   BULK_SNAP_T guest_start 1779214195.583960417
2026-05-20 03:11:18,293 DEBUG   BULK_SNAP_T pipeline_start 1779214195.595219031
2026-05-20 03:11:18,293 DEBUG   BULK_SNAP_T pipeline_done 1779214274.392952966
2026-05-20 03:11:18,293 DEBUG   BULK_SNAP_T guest_end 1779214274.404607452
2026-05-20 03:11:18,293 DEBUG   
2026-05-20 03:11:18,293 DEBUG   12582912 bytes (13 MB) copied, 1.029906 s, 12.2 MB/s
2026-05-20 03:11:18,293 DEBUG   28311552 bytes (28 MB) copied, 2.109885 s, 13.4 MB/s
2026-05-20 03:11:18,293 DEBUG   47185920 bytes (47 MB) copied, 3.162932 s, 14.9 MB/s
2026-05-20 03:11:18,293 DEBUG   60817408 bytes (61 MB) copied, 4.231832 s, 14.4 MB/s
2026-05-20 03:11:18,293 DEBUG   75497472 bytes (75 MB) copied, 5.241893 s, 14.4 MB/s
2026-05-20 03:11:18,293 DEBUG   87031808 bytes (87 MB) copied, 6.252960 s, 13.9 MB/s
2026-05-20 03:11:18,293 DEBUG   103809024 bytes (104 MB) copied, 7.275870 s, 14.3 MB/s
2026-05-20 03:11:18,293 DEBUG   120586240 bytes (121 MB) copied, 8.326881 s, 14.5 MB/s
2026-05-20 03:11:18,293 DEBUG   136314880 bytes (136 MB) copied, 9.340881 s, 14.6 MB/s
2026-05-20 03:11:18,293 DEBUG   150994944 bytes (151 MB) copied, 10.355878 s, 14.6 MB/s
2026-05-20 03:11:18,293 DEBUG   168820736 bytes (169 MB) copied, 11.365819 s, 14.9 MB/s
2026-05-20 03:11:18,293 DEBUG   180355072 bytes (180 MB) copied, 12.411843 s, 14.5 MB/s
2026-05-20 03:11:18,293 DEBUG   193986560 bytes (194 MB) copied, 13.486913 s, 14.4 MB/s
2026-05-20 03:11:18,293 DEBUG   206569472 bytes (207 MB) copied, 14.545868 s, 14.2 MB/s
2026-05-20 03:11:18,294 DEBUG   222298112 bytes (222 MB) copied, 15.640844 s, 14.2 MB/s
2026-05-20 03:11:18,294 DEBUG   238026752 bytes (238 MB) copied, 16.682890 s, 14.3 MB/s
2026-05-20 03:11:18,294 DEBUG   249561088 bytes (250 MB) copied, 17.732031 s, 14.1 MB/s
2026-05-20 03:11:18,294 DEBUG   261095424 bytes (261 MB) copied, 18.843864 s, 13.9 MB/s
2026-05-20 03:11:18,294 DEBUG   275775488 bytes (276 MB) copied, 19.869195 s, 13.9 MB/s
2026-05-20 03:11:18,294 DEBUG   292552704 bytes (293 MB) copied, 21.090017 s, 13.9 MB/s
2026-05-20 03:11:18,294 DEBUG   304087040 bytes (304 MB) copied, 22.113851 s, 13.8 MB/s
2026-05-20 03:11:18,294 DEBUG   314572800 bytes (315 MB) copied, 23.205857 s, 13.6 MB/s
2026-05-20 03:11:18,294 DEBUG   332398592 bytes (332 MB) copied, 24.227897 s, 13.7 MB/s
2026-05-20 03:11:18,294 DEBUG   341835776 bytes (342 MB) copied, 25.301920 s, 13.5 MB/s
2026-05-20 03:11:18,294 DEBUG   351272960 bytes (351 MB) copied, 26.334875 s, 13.3 MB/s
2026-05-20 03:11:18,294 DEBUG   364904448 bytes (365 MB) copied, 27.483578 s, 13.3 MB/s
2026-05-20 03:11:18,294 DEBUG   380633088 bytes (381 MB) copied, 28.520873 s, 13.3 MB/s
2026-05-20 03:11:18,294 DEBUG   395313152 bytes (395 MB) copied, 29.522925 s, 13.4 MB/s
2026-05-20 03:11:18,294 DEBUG   407896064 bytes (408 MB) copied, 30.571924 s, 13.3 MB/s
2026-05-20 03:11:18,294 DEBUG   422576128 bytes (423 MB) copied, 31.672878 s, 13.3 MB/s
2026-05-20 03:11:18,294 DEBUG   435159040 bytes (435 MB) copied, 32.758844 s, 13.3 MB/s
2026-05-20 03:11:18,294 DEBUG   451936256 bytes (452 MB) copied, 33.947905 s, 13.3 MB/s
2026-05-20 03:11:18,294 DEBUG   479199232 bytes (479 MB) copied, 35.005973 s, 13.7 MB/s
2026-05-20 03:11:18,294 DEBUG   490733568 bytes (491 MB) copied, 36.062872 s, 13.6 MB/s
2026-05-20 03:11:18,294 DEBUG   503316480 bytes (503 MB) copied, 37.180154 s, 13.5 MB/s
2026-05-20 03:11:18,294 DEBUG   515899392 bytes (516 MB) copied, 38.192845 s, 13.5 MB/s
2026-05-20 03:11:18,294 DEBUG   527433728 bytes (527 MB) copied, 39.296856 s, 13.4 MB/s
2026-05-20 03:11:18,294 DEBUG   541065216 bytes (541 MB) copied, 40.421871 s, 13.4 MB/s
2026-05-20 03:11:18,294 DEBUG   552599552 bytes (553 MB) copied, 41.460911 s, 13.3 MB/s
2026-05-20 03:11:18,294 DEBUG   572522496 bytes (573 MB) copied, 42.493866 s, 13.5 MB/s
2026-05-20 03:11:18,294 DEBUG   585105408 bytes (585 MB) copied, 43.528871 s, 13.4 MB/s
2026-05-20 03:11:18,294 DEBUG   598736896 bytes (599 MB) copied, 44.576883 s, 13.4 MB/s
2026-05-20 03:11:18,294 DEBUG   608174080 bytes (608 MB) copied, 45.601853 s, 13.3 MB/s
2026-05-20 03:11:18,294 DEBUG   622854144 bytes (623 MB) copied, 46.707880 s, 13.3 MB/s
2026-05-20 03:11:18,294 DEBUG   639631360 bytes (640 MB) copied, 47.732092 s, 13.4 MB/s
2026-05-20 03:11:18,294 DEBUG   658505728 bytes (659 MB) copied, 48.783892 s, 13.5 MB/s
2026-05-20 03:11:18,294 DEBUG   681574400 bytes (682 MB) copied, 49.815970 s, 13.7 MB/s
2026-05-20 03:11:18,294 DEBUG   694157312 bytes (694 MB) copied, 50.904060 s, 13.6 MB/s
2026-05-20 03:11:18,294 DEBUG   705691648 bytes (706 MB) copied, 51.989918 s, 13.6 MB/s
2026-05-20 03:11:18,294 DEBUG   720371712 bytes (720 MB) copied, 53.061848 s, 13.6 MB/s
2026-05-20 03:11:18,294 DEBUG   735051776 bytes (735 MB) copied, 54.166874 s, 13.6 MB/s
2026-05-20 03:11:18,294 DEBUG   747634688 bytes (748 MB) copied, 55.181911 s, 13.5 MB/s
2026-05-20 03:11:18,294 DEBUG   760217600 bytes (760 MB) copied, 56.216882 s, 13.5 MB/s
2026-05-20 03:11:18,294 DEBUG   773849088 bytes (774 MB) copied, 57.218963 s, 13.5 MB/s
2026-05-20 03:11:18,294 DEBUG   797966336 bytes (798 MB) copied, 58.257951 s, 13.7 MB/s
2026-05-20 03:11:18,294 DEBUG   815792128 bytes (816 MB) copied, 59.334832 s, 13.7 MB/s
2026-05-20 03:11:18,294 DEBUG   830472192 bytes (830 MB) copied, 60.366933 s, 13.8 MB/s
2026-05-20 03:11:18,294 DEBUG   843055104 bytes (843 MB) copied, 61.429841 s, 13.7 MB/s
2026-05-20 03:11:18,294 DEBUG   853540864 bytes (854 MB) copied, 62.520911 s, 13.7 MB/s
2026-05-20 03:11:18,294 DEBUG   865075200 bytes (865 MB) copied, 63.618936 s, 13.6 MB/s
2026-05-20 03:11:18,294 DEBUG   876609536 bytes (877 MB) copied, 64.625402 s, 13.6 MB/s
2026-05-20 03:11:18,294 DEBUG   889192448 bytes (889 MB) copied, 65.768851 s, 13.5 MB/s
2026-05-20 03:11:18,294 DEBUG   903872512 bytes (904 MB) copied, 66.817828 s, 13.5 MB/s
2026-05-20 03:11:18,294 DEBUG   918552576 bytes (919 MB) copied, 67.857190 s, 13.5 MB/s
2026-05-20 03:11:18,294 DEBUG   938475520 bytes (938 MB) copied, 68.942927 s, 13.6 MB/s
2026-05-20 03:11:18,294 DEBUG   953155584 bytes (953 MB) copied, 70.152967 s, 13.6 MB/s
2026-05-20 03:11:18,295 DEBUG   973078528 bytes (973 MB) copied, 71.195976 s, 13.7 MB/s
2026-05-20 03:11:18,295 DEBUG   988807168 bytes (989 MB) copied, 72.240871 s, 13.7 MB/s
2026-05-20 03:11:18,295 DEBUG   1003487232 bytes (1.0 GB) copied, 73.317923 s, 13.7 MB/s
2026-05-20 03:11:18,295 DEBUG   1015021568 bytes (1.0 GB) copied, 74.389957 s, 13.6 MB/s
2026-05-20 03:11:18,295 DEBUG   1029701632 bytes (1.0 GB) copied, 75.432165 s, 13.7 MB/s
2026-05-20 03:11:18,295 DEBUG   1044381696 bytes (1.0 GB) copied, 76.502093 s, 13.7 MB/s
2026-05-20 03:11:18,295 DEBUG   1056964608 bytes (1.1 GB) copied, 77.512460 s, 13.6 MB/s
2026-05-20 03:11:18,295 DEBUG   1072693248 bytes (1.1 GB) copied, 78.527845 s, 13.7 MB/s
2026-05-20 03:11:18,295 DEBUG   1024+0 records in
2026-05-20 03:11:18,295 DEBUG   1024+0 records out
2026-05-20 03:11:18,295 DEBUG   1073741824 bytes (1.1 GB) copied, 78.5909 s, 13.7 MB/s
2026-05-20 03:11:18,295 DEBUG   OK (disk op exit 0)
2026-05-20 03:11:18,295 WARNING Guest disk op wall 81.5s (vm='ahv_ins_delete-0-260514-190944' ip=10.114.52.230 op=create ec=0) — includes SSH + guest disk command; if still high, check guest disk throughput vs. MiB settings.
2026-05-20 03:11:18,295 DEBUG [108/1170] VM d9201f5f… (ahv_ins_delete-0-260514-193751) via 10.114.49.253 op=create
2026-05-20 03:11:18,295 DEBUG   remote: bash -lc 'set -e; _bs(){ printf '"'"'BULK_SNAP_T %s %s\n'"'"' "$1" "$(date +%s.%N 2>/dev/null || date +%s)"; }; _bs guest_start; _bs pipeline_start; openssl enc -aes-256-ctr -pass pass:"testing" -nosalt < /dev/zero 2>/dev/null | dd of=/root/dummy_snapshot_data_1.img bs=1M count=1024 iflag=fullblock status=progress; ec=$?; _bs pipeline_done; _bs guest_end; exit $ec'
2026-05-20 03:11:19,770 DEBUG   BULK_SNAP_T guest_start 1779214200.111601582
2026-05-20 03:11:19,771 DEBUG   BULK_SNAP_T pipeline_start 1779214200.123355874
2026-05-20 03:11:19,771 DEBUG   BULK_SNAP_T pipeline_done 1779214276.064756137
2026-05-20 03:11:19,771 DEBUG   BULK_SNAP_T guest_end 1779214276.073704976
2026-05-20 03:11:19,771 DEBUG   
2026-05-20 03:11:19,771 DEBUG   15728640 bytes (16 MB) copied, 1.039036 s, 15.1 MB/s
2026-05-20 03:11:19,771 DEBUG   32505856 bytes (33 MB) copied, 2.096098 s, 15.5 MB/s
2026-05-20 03:11:19,771 DEBUG   45088768 bytes (45 MB) copied, 3.190055 s, 14.1 MB/s
2026-05-20 03:11:19,771 DEBUG   61865984 bytes (62 MB) copied, 4.281028 s, 14.5 MB/s
2026-05-20 03:11:19,771 DEBUG   78643200 bytes (79 MB) copied, 5.324026 s, 14.8 MB/s
2026-05-20 03:11:19,771 DEBUG   96468992 bytes (96 MB) copied, 6.343058 s, 15.2 MB/s
2026-05-20 03:11:19,771 DEBUG   110100480 bytes (110 MB) copied, 7.449036 s, 14.8 MB/s
2026-05-20 03:11:19,771 DEBUG   124780544 bytes (125 MB) copied, 8.487450 s, 14.7 MB/s
2026-05-20 03:11:19,771 DEBUG   139460608 bytes (139 MB) copied, 9.530047 s, 14.6 MB/s
2026-05-20 03:11:19,771 DEBUG   148897792 bytes (149 MB) copied, 10.576034 s, 14.1 MB/s
2026-05-20 03:11:19,771 DEBUG   165675008 bytes (166 MB) copied, 11.596316 s, 14.3 MB/s
2026-05-20 03:11:19,771 DEBUG   177209344 bytes (177 MB) copied, 12.657020 s, 14.0 MB/s
2026-05-20 03:11:19,771 DEBUG   200278016 bytes (200 MB) copied, 13.685021 s, 14.6 MB/s
2026-05-20 03:11:19,771 DEBUG   221249536 bytes (221 MB) copied, 14.721285 s, 15.0 MB/s
2026-05-20 03:11:19,771 DEBUG   232783872 bytes (233 MB) copied, 15.737028 s, 14.8 MB/s
2026-05-20 03:11:19,771 DEBUG   246415360 bytes (246 MB) copied, 16.762134 s, 14.7 MB/s
2026-05-20 03:11:19,771 DEBUG   258998272 bytes (259 MB) copied, 17.804033 s, 14.5 MB/s
2026-05-20 03:11:19,771 DEBUG   270532608 bytes (271 MB) copied, 18.913390 s, 14.3 MB/s
2026-05-20 03:11:19,771 DEBUG   294649856 bytes (295 MB) copied, 19.942370 s, 14.8 MB/s
2026-05-20 03:11:19,771 DEBUG   306184192 bytes (306 MB) copied, 20.996317 s, 14.6 MB/s
2026-05-20 03:11:19,771 DEBUG   317718528 bytes (318 MB) copied, 22.158155 s, 14.3 MB/s
2026-05-20 03:11:19,771 DEBUG   332398592 bytes (332 MB) copied, 23.201016 s, 14.3 MB/s
2026-05-20 03:11:19,771 DEBUG   343932928 bytes (344 MB) copied, 24.331033 s, 14.1 MB/s
2026-05-20 03:11:19,771 DEBUG   354418688 bytes (354 MB) copied, 25.479036 s, 13.9 MB/s
2026-05-20 03:11:19,771 DEBUG   371195904 bytes (371 MB) copied, 26.525108 s, 14.0 MB/s
2026-05-20 03:11:19,771 DEBUG   386924544 bytes (387 MB) copied, 27.605035 s, 14.0 MB/s
2026-05-20 03:11:19,771 DEBUG   401604608 bytes (402 MB) copied, 28.626057 s, 14.0 MB/s
2026-05-20 03:11:19,771 DEBUG   419430400 bytes (419 MB) copied, 29.639073 s, 14.2 MB/s
2026-05-20 03:11:19,771 DEBUG   432013312 bytes (432 MB) copied, 30.784102 s, 14.0 MB/s
2026-05-20 03:11:19,771 DEBUG   444596224 bytes (445 MB) copied, 31.920145 s, 13.9 MB/s
2026-05-20 03:11:19,771 DEBUG   460324864 bytes (460 MB) copied, 33.007317 s, 13.9 MB/s
2026-05-20 03:11:19,771 DEBUG   473956352 bytes (474 MB) copied, 34.121324 s, 13.9 MB/s
2026-05-20 03:11:19,771 DEBUG   489684992 bytes (490 MB) copied, 35.190278 s, 13.9 MB/s
2026-05-20 03:11:19,771 DEBUG   507510784 bytes (508 MB) copied, 36.209045 s, 14.0 MB/s
2026-05-20 03:11:19,771 DEBUG   521142272 bytes (521 MB) copied, 37.228169 s, 14.0 MB/s
2026-05-20 03:11:19,771 DEBUG   534773760 bytes (535 MB) copied, 38.243069 s, 14.0 MB/s
2026-05-20 03:11:19,771 DEBUG   548405248 bytes (548 MB) copied, 39.373052 s, 13.9 MB/s
2026-05-20 03:11:19,771 DEBUG   560988160 bytes (561 MB) copied, 40.436038 s, 13.9 MB/s
2026-05-20 03:11:19,771 DEBUG   572522496 bytes (573 MB) copied, 41.512192 s, 13.8 MB/s
2026-05-20 03:11:19,771 DEBUG   589299712 bytes (589 MB) copied, 42.625044 s, 13.8 MB/s
2026-05-20 03:11:19,771 DEBUG   601882624 bytes (602 MB) copied, 43.777098 s, 13.7 MB/s
2026-05-20 03:11:19,771 DEBUG   614465536 bytes (614 MB) copied, 44.873050 s, 13.7 MB/s
2026-05-20 03:11:19,771 DEBUG   630194176 bytes (630 MB) copied, 45.909230 s, 13.7 MB/s
2026-05-20 03:11:19,771 DEBUG   643825664 bytes (644 MB) copied, 46.915451 s, 13.7 MB/s
2026-05-20 03:11:19,771 DEBUG   658505728 bytes (659 MB) copied, 47.992055 s, 13.7 MB/s
2026-05-20 03:11:19,771 DEBUG   672137216 bytes (672 MB) copied, 49.005073 s, 13.7 MB/s
2026-05-20 03:11:19,772 DEBUG   685768704 bytes (686 MB) copied, 50.013130 s, 13.7 MB/s
2026-05-20 03:11:19,772 DEBUG   700448768 bytes (700 MB) copied, 51.080028 s, 13.7 MB/s
2026-05-20 03:11:19,772 DEBUG   718274560 bytes (718 MB) copied, 52.195128 s, 13.8 MB/s
2026-05-20 03:11:19,772 DEBUG   734003200 bytes (734 MB) copied, 53.290009 s, 13.8 MB/s
2026-05-20 03:11:19,772 DEBUG   746586112 bytes (747 MB) copied, 54.337061 s, 13.7 MB/s
2026-05-20 03:11:19,772 DEBUG   762314752 bytes (762 MB) copied, 55.365058 s, 13.8 MB/s
2026-05-20 03:11:19,772 DEBUG   779091968 bytes (779 MB) copied, 56.471029 s, 13.8 MB/s
2026-05-20 03:11:19,772 DEBUG   800063488 bytes (800 MB) copied, 57.511052 s, 13.9 MB/s
2026-05-20 03:11:19,772 DEBUG   812646400 bytes (813 MB) copied, 58.546093 s, 13.9 MB/s
2026-05-20 03:11:19,772 DEBUG   830472192 bytes (830 MB) copied, 59.640022 s, 13.9 MB/s
2026-05-20 03:11:19,772 DEBUG   848297984 bytes (848 MB) copied, 60.841077 s, 13.9 MB/s
2026-05-20 03:11:19,772 DEBUG   866123776 bytes (866 MB) copied, 61.904034 s, 14.0 MB/s
2026-05-20 03:11:19,772 DEBUG   876609536 bytes (877 MB) copied, 63.027030 s, 13.9 MB/s
2026-05-20 03:11:19,772 DEBUG   892338176 bytes (892 MB) copied, 64.032337 s, 13.9 MB/s
2026-05-20 03:11:19,772 DEBUG   915406848 bytes (915 MB) copied, 65.081052 s, 14.1 MB/s
2026-05-20 03:11:19,772 DEBUG   929038336 bytes (929 MB) copied, 66.218076 s, 14.0 MB/s
2026-05-20 03:11:19,772 DEBUG   943718400 bytes (944 MB) copied, 67.294027 s, 14.0 MB/s
2026-05-20 03:11:19,772 DEBUG   960495616 bytes (960 MB) copied, 68.413268 s, 14.0 MB/s
2026-05-20 03:11:19,772 DEBUG   979369984 bytes (979 MB) copied, 69.539234 s, 14.1 MB/s
2026-05-20 03:11:19,772 DEBUG   991952896 bytes (992 MB) copied, 70.577059 s, 14.1 MB/s
2026-05-20 03:11:19,772 DEBUG   1005584384 bytes (1.0 GB) copied, 71.600083 s, 14.0 MB/s
2026-05-20 03:11:19,772 DEBUG   1025507328 bytes (1.0 GB) copied, 72.650331 s, 14.1 MB/s
2026-05-20 03:11:19,772 DEBUG   1041235968 bytes (1.0 GB) copied, 73.688063 s, 14.1 MB/s
2026-05-20 03:11:19,772 DEBUG   1059061760 bytes (1.1 GB) copied, 74.815167 s, 14.2 MB/s
2026-05-20 03:11:19,772 DEBUG   1024+0 records in
2026-05-20 03:11:19,772 DEBUG   1024+0 records out
2026-05-20 03:11:19,772 DEBUG   1073741824 bytes (1.1 GB) copied, 75.7824 s, 14.2 MB/s
2026-05-20 03:11:19,772 DEBUG   OK (disk op exit 0)
2026-05-20 03:11:19,772 WARNING Guest disk op wall 78.5s (vm='ahv_ins_delete-0-260514-190948' ip=10.114.48.128 op=create ec=0) — includes SSH + guest disk command; if still high, check guest disk throughput vs. MiB settings.
2026-05-20 03:11:19,773 DEBUG [109/1170] VM 7d258170… (ahv_ins_delete-0-260514-193843) via 10.114.54.21 op=create
2026-05-20 03:11:19,773 DEBUG   remote: bash -lc 'set -e; _bs(){ printf '"'"'BULK_SNAP_T %s %s\n'"'"' "$1" "$(date +%s.%N 2>/dev/null || date +%s)"; }; _bs guest_start; _bs pipeline_start; openssl enc -aes-256-ctr -pass pass:"testing" -nosalt < /dev/zero 2>/dev/null | dd of=/root/dummy_snapshot_data_1.img bs=1M count=1024 iflag=fullblock status=progress; ec=$?; _bs pipeline_done; _bs guest_end; exit $ec'
2026-05-20 03:11:21,061 DEBUG   BULK_SNAP_T guest_start 1779214191.594633818
2026-05-20 03:11:21,062 DEBUG   BULK_SNAP_T pipeline_start 1779214191.605598494
2026-05-20 03:11:21,062 DEBUG   BULK_SNAP_T pipeline_done 1779214277.029982704
2026-05-20 03:11:21,062 DEBUG   BULK_SNAP_T guest_end 1779214277.037240688
2026-05-20 03:11:21,062 DEBUG   
2026-05-20 03:11:21,062 DEBUG   12582912 bytes (13 MB) copied, 1.050543 s, 12.0 MB/s
2026-05-20 03:11:21,062 DEBUG   28311552 bytes (28 MB) copied, 2.080585 s, 13.6 MB/s
2026-05-20 03:11:21,062 DEBUG   47185920 bytes (47 MB) copied, 3.093495 s, 15.3 MB/s
2026-05-20 03:11:21,062 DEBUG   61865984 bytes (62 MB) copied, 4.111523 s, 15.0 MB/s
2026-05-20 03:11:21,062 DEBUG   74448896 bytes (74 MB) copied, 5.158552 s, 14.4 MB/s
2026-05-20 03:11:21,062 DEBUG   85983232 bytes (86 MB) copied, 6.261580 s, 13.7 MB/s
2026-05-20 03:11:21,062 DEBUG   101711872 bytes (102 MB) copied, 7.273510 s, 14.0 MB/s
2026-05-20 03:11:21,062 DEBUG   113246208 bytes (113 MB) copied, 8.305571 s, 13.6 MB/s
2026-05-20 03:11:21,062 DEBUG   126877696 bytes (127 MB) copied, 9.313498 s, 13.6 MB/s
2026-05-20 03:11:21,062 DEBUG   140509184 bytes (141 MB) copied, 10.377501 s, 13.5 MB/s
2026-05-20 03:11:21,062 DEBUG   158334976 bytes (158 MB) copied, 11.377551 s, 13.9 MB/s
2026-05-20 03:11:21,062 DEBUG   171966464 bytes (172 MB) copied, 12.440511 s, 13.8 MB/s
2026-05-20 03:11:21,062 DEBUG   184549376 bytes (185 MB) copied, 13.566573 s, 13.6 MB/s
2026-05-20 03:11:21,062 DEBUG   197132288 bytes (197 MB) copied, 14.569494 s, 13.5 MB/s
2026-05-20 03:11:21,062 DEBUG   208666624 bytes (209 MB) copied, 15.687534 s, 13.3 MB/s
2026-05-20 03:11:21,062 DEBUG   223346688 bytes (223 MB) copied, 16.774642 s, 13.3 MB/s
2026-05-20 03:11:21,062 DEBUG   233832448 bytes (234 MB) copied, 17.832496 s, 13.1 MB/s
2026-05-20 03:11:21,062 DEBUG   245366784 bytes (245 MB) copied, 18.929612 s, 13.0 MB/s
2026-05-20 03:11:21,062 DEBUG   261095424 bytes (261 MB) copied, 20.004568 s, 13.1 MB/s
2026-05-20 03:11:21,062 DEBUG   271581184 bytes (272 MB) copied, 21.024509 s, 12.9 MB/s
2026-05-20 03:11:21,062 DEBUG   286261248 bytes (286 MB) copied, 22.034582 s, 13.0 MB/s
2026-05-20 03:11:21,062 DEBUG   300941312 bytes (301 MB) copied, 23.098567 s, 13.0 MB/s
2026-05-20 03:11:21,062 DEBUG   312475648 bytes (312 MB) copied, 24.219511 s, 12.9 MB/s
2026-05-20 03:11:21,062 DEBUG   336592896 bytes (337 MB) copied, 25.233598 s, 13.3 MB/s
2026-05-20 03:11:21,062 DEBUG   353370112 bytes (353 MB) copied, 26.256644 s, 13.5 MB/s
2026-05-20 03:11:21,062 DEBUG   369098752 bytes (369 MB) copied, 27.280507 s, 13.5 MB/s
2026-05-20 03:11:21,062 DEBUG   378535936 bytes (379 MB) copied, 28.436482 s, 13.3 MB/s
2026-05-20 03:11:21,062 DEBUG   393216000 bytes (393 MB) copied, 29.555021 s, 13.3 MB/s
2026-05-20 03:11:21,062 DEBUG   402653184 bytes (403 MB) copied, 30.594535 s, 13.2 MB/s
2026-05-20 03:11:21,062 DEBUG   413138944 bytes (413 MB) copied, 31.686580 s, 13.0 MB/s
2026-05-20 03:11:21,062 DEBUG   422576128 bytes (423 MB) copied, 32.727547 s, 12.9 MB/s
2026-05-20 03:11:21,062 DEBUG   435159040 bytes (435 MB) copied, 33.743559 s, 12.9 MB/s
2026-05-20 03:11:21,062 DEBUG   446693376 bytes (447 MB) copied, 34.768546 s, 12.8 MB/s
2026-05-20 03:11:21,062 DEBUG   459276288 bytes (459 MB) copied, 35.778551 s, 12.8 MB/s
2026-05-20 03:11:21,062 DEBUG   469762048 bytes (470 MB) copied, 36.854533 s, 12.7 MB/s
2026-05-20 03:11:21,062 DEBUG   480247808 bytes (480 MB) copied, 37.877541 s, 12.7 MB/s
2026-05-20 03:11:21,062 DEBUG   490733568 bytes (491 MB) copied, 38.903020 s, 12.6 MB/s
2026-05-20 03:11:21,062 DEBUG   513802240 bytes (514 MB) copied, 40.028716 s, 12.8 MB/s
2026-05-20 03:11:21,063 DEBUG   525336576 bytes (525 MB) copied, 41.151479 s, 12.8 MB/s
2026-05-20 03:11:21,063 DEBUG   536870912 bytes (537 MB) copied, 42.258515 s, 12.7 MB/s
2026-05-20 03:11:21,063 DEBUG   550502400 bytes (551 MB) copied, 43.363563 s, 12.7 MB/s
2026-05-20 03:11:21,063 DEBUG   565182464 bytes (565 MB) copied, 44.416600 s, 12.7 MB/s
2026-05-20 03:11:21,063 DEBUG   585105408 bytes (585 MB) copied, 45.506507 s, 12.9 MB/s
2026-05-20 03:11:21,063 DEBUG   599785472 bytes (600 MB) copied, 46.637531 s, 12.9 MB/s
2026-05-20 03:11:21,063 DEBUG   611319808 bytes (611 MB) copied, 47.664556 s, 12.8 MB/s
2026-05-20 03:11:21,063 DEBUG   619708416 bytes (620 MB) copied, 48.737501 s, 12.7 MB/s
2026-05-20 03:11:21,063 DEBUG   629145600 bytes (629 MB) copied, 49.789531 s, 12.6 MB/s
2026-05-20 03:11:21,063 DEBUG   641728512 bytes (642 MB) copied, 50.811553 s, 12.6 MB/s
2026-05-20 03:11:21,063 DEBUG   653262848 bytes (653 MB) copied, 51.995708 s, 12.6 MB/s
2026-05-20 03:11:21,063 DEBUG   666894336 bytes (667 MB) copied, 53.171502 s, 12.5 MB/s
2026-05-20 03:11:21,063 DEBUG   677380096 bytes (677 MB) copied, 54.191908 s, 12.5 MB/s
2026-05-20 03:11:21,063 DEBUG   689963008 bytes (690 MB) copied, 55.301556 s, 12.5 MB/s
2026-05-20 03:11:21,063 DEBUG   701497344 bytes (701 MB) copied, 56.337488 s, 12.5 MB/s
2026-05-20 03:11:21,063 DEBUG   715128832 bytes (715 MB) copied, 57.487776 s, 12.4 MB/s
2026-05-20 03:11:21,063 DEBUG   729808896 bytes (730 MB) copied, 58.522509 s, 12.5 MB/s
2026-05-20 03:11:21,063 DEBUG   744488960 bytes (744 MB) copied, 59.606586 s, 12.5 MB/s
2026-05-20 03:11:21,063 DEBUG   756023296 bytes (756 MB) copied, 60.615506 s, 12.5 MB/s
2026-05-20 03:11:21,063 DEBUG   765460480 bytes (765 MB) copied, 61.650543 s, 12.4 MB/s
2026-05-20 03:11:21,063 DEBUG   779091968 bytes (779 MB) copied, 62.690083 s, 12.4 MB/s
2026-05-20 03:11:21,063 DEBUG   791674880 bytes (792 MB) copied, 63.710118 s, 12.4 MB/s
2026-05-20 03:11:21,063 DEBUG   804257792 bytes (804 MB) copied, 64.772576 s, 12.4 MB/s
2026-05-20 03:11:21,063 DEBUG   819986432 bytes (820 MB) copied, 65.879502 s, 12.4 MB/s
2026-05-20 03:11:21,063 DEBUG   830472192 bytes (830 MB) copied, 66.883005 s, 12.4 MB/s
2026-05-20 03:11:21,063 DEBUG   839909376 bytes (840 MB) copied, 67.974709 s, 12.4 MB/s
2026-05-20 03:11:21,063 DEBUG   854589440 bytes (855 MB) copied, 69.125746 s, 12.4 MB/s
2026-05-20 03:11:21,063 DEBUG   868220928 bytes (868 MB) copied, 70.188442 s, 12.4 MB/s
2026-05-20 03:11:21,063 DEBUG   881852416 bytes (882 MB) copied, 71.255498 s, 12.4 MB/s
2026-05-20 03:11:21,063 DEBUG   893386752 bytes (893 MB) copied, 72.256553 s, 12.4 MB/s
2026-05-20 03:11:21,063 DEBUG   909115392 bytes (909 MB) copied, 73.335814 s, 12.4 MB/s
2026-05-20 03:11:21,063 DEBUG   921698304 bytes (922 MB) copied, 74.449553 s, 12.4 MB/s
2026-05-20 03:11:21,063 DEBUG   933232640 bytes (933 MB) copied, 75.469530 s, 12.4 MB/s
2026-05-20 03:11:21,063 DEBUG   947912704 bytes (948 MB) copied, 76.478197 s, 12.4 MB/s
2026-05-20 03:11:21,063 DEBUG   961544192 bytes (962 MB) copied, 77.547645 s, 12.4 MB/s
2026-05-20 03:11:21,063 DEBUG   976224256 bytes (976 MB) copied, 78.577660 s, 12.4 MB/s
2026-05-20 03:11:21,063 DEBUG   989855744 bytes (990 MB) copied, 79.584481 s, 12.4 MB/s
2026-05-20 03:11:21,063 DEBUG   1010827264 bytes (1.0 GB) copied, 80.593554 s, 12.5 MB/s
2026-05-20 03:11:21,063 DEBUG   1022361600 bytes (1.0 GB) copied, 81.610844 s, 12.5 MB/s
2026-05-20 03:11:21,063 DEBUG   1035993088 bytes (1.0 GB) copied, 82.664520 s, 12.5 MB/s
2026-05-20 03:11:21,063 DEBUG   1052770304 bytes (1.1 GB) copied, 83.678832 s, 12.6 MB/s
2026-05-20 03:11:21,063 DEBUG   1068498944 bytes (1.1 GB) copied, 84.751460 s, 12.6 MB/s
2026-05-20 03:11:21,063 DEBUG   1024+0 records in
2026-05-20 03:11:21,063 DEBUG   1024+0 records out
2026-05-20 03:11:21,064 DEBUG   1073741824 bytes (1.1 GB) copied, 85.183 s, 12.6 MB/s
2026-05-20 03:11:21,064 DEBUG   OK (disk op exit 0)
2026-05-20 03:11:21,064 WARNING Guest disk op wall 88.5s (vm='ahv_ins_delete-0-260514-185840' ip=10.114.51.247 op=create ec=0) — includes SSH + guest disk command; if still high, check guest disk throughput vs. MiB settings.
2026-05-20 03:11:21,064 DEBUG [110/1170] VM ab59ce76… (ahv_ins_delete-0-260514-193850) via 10.114.51.178 op=create
2026-05-20 03:11:21,064 DEBUG   remote: bash -lc 'set -e; _bs(){ printf '"'"'BULK_SNAP_T %s %s\n'"'"' "$1" "$(date +%s.%N 2>/dev/null || date +%s)"; }; _bs guest_start; _bs pipeline_start; openssl enc -aes-256-ctr -pass pass:"testing" -nosalt < /dev/zero 2>/dev/null | dd of=/root/dummy_snapshot_data_1.img bs=1M count=1024 iflag=fullblock status=progress; ec=$?; _bs pipeline_done; _bs guest_end; exit $ec'
2026-05-20 03:11:22,273 DEBUG   BULK_SNAP_T guest_start 1779214196.381342100
2026-05-20 03:11:22,273 DEBUG   BULK_SNAP_T pipeline_start 1779214196.386766947
2026-05-20 03:11:22,273 DEBUG   BULK_SNAP_T pipeline_done 1779214278.945682905
2026-05-20 03:11:22,273 DEBUG   BULK_SNAP_T guest_end 1779214278.961137384
2026-05-20 03:11:22,273 DEBUG   
2026-05-20 03:11:22,273 DEBUG   12582912 bytes (13 MB) copied, 1.002721 s, 12.5 MB/s
2026-05-20 03:11:22,273 DEBUG   32505856 bytes (33 MB) copied, 2.029705 s, 16.0 MB/s
2026-05-20 03:11:22,274 DEBUG   47185920 bytes (47 MB) copied, 3.092830 s, 15.3 MB/s
2026-05-20 03:11:22,274 DEBUG   66060288 bytes (66 MB) copied, 4.095747 s, 16.1 MB/s
2026-05-20 03:11:22,274 DEBUG   78643200 bytes (79 MB) copied, 5.112768 s, 15.4 MB/s
2026-05-20 03:11:22,274 DEBUG   89128960 bytes (89 MB) copied, 6.118708 s, 14.6 MB/s
2026-05-20 03:11:22,274 DEBUG   101711872 bytes (102 MB) copied, 7.194672 s, 14.1 MB/s
2026-05-20 03:11:22,274 DEBUG   117440512 bytes (117 MB) copied, 8.218681 s, 14.3 MB/s
2026-05-20 03:11:22,274 DEBUG   130023424 bytes (130 MB) copied, 9.249662 s, 14.1 MB/s
2026-05-20 03:11:22,274 DEBUG   146800640 bytes (147 MB) copied, 10.304692 s, 14.2 MB/s
2026-05-20 03:11:22,274 DEBUG   157286400 bytes (157 MB) copied, 11.338844 s, 13.9 MB/s
2026-05-20 03:11:22,274 DEBUG   165675008 bytes (166 MB) copied, 12.415747 s, 13.3 MB/s
2026-05-20 03:11:22,274 DEBUG   176160768 bytes (176 MB) copied, 13.437680 s, 13.1 MB/s
2026-05-20 03:11:22,274 DEBUG   187695104 bytes (188 MB) copied, 14.480682 s, 13.0 MB/s
2026-05-20 03:11:22,274 DEBUG   199229440 bytes (199 MB) copied, 15.561733 s, 12.8 MB/s
2026-05-20 03:11:22,274 DEBUG   211812352 bytes (212 MB) copied, 16.724771 s, 12.7 MB/s
2026-05-20 03:11:22,274 DEBUG   222298112 bytes (222 MB) copied, 17.783758 s, 12.5 MB/s
2026-05-20 03:11:22,274 DEBUG   251658240 bytes (252 MB) copied, 18.877774 s, 13.3 MB/s
2026-05-20 03:11:22,274 DEBUG   267386880 bytes (267 MB) copied, 19.953190 s, 13.4 MB/s
2026-05-20 03:11:22,274 DEBUG   282066944 bytes (282 MB) copied, 21.132816 s, 13.3 MB/s
2026-05-20 03:11:22,274 DEBUG   294649856 bytes (295 MB) copied, 22.173690 s, 13.3 MB/s
2026-05-20 03:11:22,274 DEBUG   304087040 bytes (304 MB) copied, 23.201693 s, 13.1 MB/s
2026-05-20 03:11:22,274 DEBUG   315621376 bytes (316 MB) copied, 24.258689 s, 13.0 MB/s
2026-05-20 03:11:22,274 DEBUG   326107136 bytes (326 MB) copied, 25.301682 s, 12.9 MB/s
2026-05-20 03:11:22,274 DEBUG   337641472 bytes (338 MB) copied, 26.303354 s, 12.8 MB/s
2026-05-20 03:11:22,274 DEBUG   349175808 bytes (349 MB) copied, 27.471677 s, 12.7 MB/s
2026-05-20 03:11:22,274 DEBUG   359661568 bytes (360 MB) copied, 28.495984 s, 12.6 MB/s
2026-05-20 03:11:22,274 DEBUG   374341632 bytes (374 MB) copied, 29.607720 s, 12.6 MB/s
2026-05-20 03:11:22,274 DEBUG   389021696 bytes (389 MB) copied, 30.699892 s, 12.7 MB/s
2026-05-20 03:11:22,274 DEBUG   403701760 bytes (404 MB) copied, 31.777657 s, 12.7 MB/s
2026-05-20 03:11:22,274 DEBUG   416284672 bytes (416 MB) copied, 32.894747 s, 12.7 MB/s
2026-05-20 03:11:22,274 DEBUG   430964736 bytes (431 MB) copied, 33.905735 s, 12.7 MB/s
2026-05-20 03:11:22,274 DEBUG   440401920 bytes (440 MB) copied, 34.918706 s, 12.6 MB/s
2026-05-20 03:11:22,274 DEBUG   454033408 bytes (454 MB) copied, 36.000691 s, 12.6 MB/s
2026-05-20 03:11:22,274 DEBUG   467664896 bytes (468 MB) copied, 37.006928 s, 12.6 MB/s
2026-05-20 03:11:22,274 DEBUG   482344960 bytes (482 MB) copied, 38.159104 s, 12.6 MB/s
2026-05-20 03:11:22,274 DEBUG   493879296 bytes (494 MB) copied, 39.232722 s, 12.6 MB/s
2026-05-20 03:11:22,274 DEBUG   513802240 bytes (514 MB) copied, 40.290082 s, 12.8 MB/s
2026-05-20 03:11:22,274 DEBUG   524288000 bytes (524 MB) copied, 41.355824 s, 12.7 MB/s
2026-05-20 03:11:22,274 DEBUG   538968064 bytes (539 MB) copied, 42.375873 s, 12.7 MB/s
2026-05-20 03:11:22,274 DEBUG   549453824 bytes (549 MB) copied, 43.573731 s, 12.6 MB/s
2026-05-20 03:11:22,274 DEBUG   559939584 bytes (560 MB) copied, 44.595787 s, 12.6 MB/s
2026-05-20 03:11:22,274 DEBUG   570425344 bytes (570 MB) copied, 45.688671 s, 12.5 MB/s
2026-05-20 03:11:22,274 DEBUG   585105408 bytes (585 MB) copied, 46.749697 s, 12.5 MB/s
2026-05-20 03:11:22,274 DEBUG   596639744 bytes (597 MB) copied, 47.819657 s, 12.5 MB/s
2026-05-20 03:11:22,274 DEBUG   611319808 bytes (611 MB) copied, 48.935710 s, 12.5 MB/s
2026-05-20 03:11:22,274 DEBUG   624951296 bytes (625 MB) copied, 49.995761 s, 12.5 MB/s
2026-05-20 03:11:22,274 DEBUG   634388480 bytes (634 MB) copied, 51.036756 s, 12.4 MB/s
2026-05-20 03:11:22,274 DEBUG   653262848 bytes (653 MB) copied, 52.165701 s, 12.5 MB/s
2026-05-20 03:11:22,274 DEBUG   667942912 bytes (668 MB) copied, 53.238822 s, 12.5 MB/s
2026-05-20 03:11:22,274 DEBUG   682622976 bytes (683 MB) copied, 54.252960 s, 12.6 MB/s
2026-05-20 03:11:22,274 DEBUG   696254464 bytes (696 MB) copied, 55.263699 s, 12.6 MB/s
2026-05-20 03:11:22,274 DEBUG   708837376 bytes (709 MB) copied, 56.299844 s, 12.6 MB/s
2026-05-20 03:11:22,274 DEBUG   720371712 bytes (720 MB) copied, 57.347727 s, 12.6 MB/s
2026-05-20 03:11:22,275 DEBUG   731906048 bytes (732 MB) copied, 58.394724 s, 12.5 MB/s
2026-05-20 03:11:22,275 DEBUG   745537536 bytes (746 MB) copied, 59.433697 s, 12.5 MB/s
2026-05-20 03:11:22,275 DEBUG   760217600 bytes (760 MB) copied, 60.474683 s, 12.6 MB/s
2026-05-20 03:11:22,275 DEBUG   774897664 bytes (775 MB) copied, 61.494653 s, 12.6 MB/s
2026-05-20 03:11:22,275 DEBUG   787480576 bytes (787 MB) copied, 62.514719 s, 12.6 MB/s
2026-05-20 03:11:22,275 DEBUG   804257792 bytes (804 MB) copied, 63.658680 s, 12.6 MB/s
2026-05-20 03:11:22,275 DEBUG   825229312 bytes (825 MB) copied, 64.675722 s, 12.8 MB/s
2026-05-20 03:11:22,275 DEBUG   838860800 bytes (839 MB) copied, 65.691217 s, 12.8 MB/s
2026-05-20 03:11:22,275 DEBUG   852492288 bytes (852 MB) copied, 66.720779 s, 12.8 MB/s
2026-05-20 03:11:22,275 DEBUG   867172352 bytes (867 MB) copied, 67.772924 s, 12.8 MB/s
2026-05-20 03:11:22,275 DEBUG   886046720 bytes (886 MB) copied, 68.799668 s, 12.9 MB/s
2026-05-20 03:11:22,275 DEBUG   898629632 bytes (899 MB) copied, 69.838695 s, 12.9 MB/s
2026-05-20 03:11:22,275 DEBUG   910163968 bytes (910 MB) copied, 70.853738 s, 12.8 MB/s
2026-05-20 03:11:22,275 DEBUG   923795456 bytes (924 MB) copied, 71.854693 s, 12.9 MB/s
2026-05-20 03:11:22,275 DEBUG   939524096 bytes (940 MB) copied, 72.861744 s, 12.9 MB/s
2026-05-20 03:11:22,275 DEBUG   954204160 bytes (954 MB) copied, 73.997719 s, 12.9 MB/s
2026-05-20 03:11:22,275 DEBUG   969932800 bytes (970 MB) copied, 75.113691 s, 12.9 MB/s
2026-05-20 03:11:22,275 DEBUG   981467136 bytes (981 MB) copied, 76.141046 s, 12.9 MB/s
2026-05-20 03:11:22,275 DEBUG   995098624 bytes (995 MB) copied, 77.204923 s, 12.9 MB/s
2026-05-20 03:11:22,275 DEBUG   1008730112 bytes (1.0 GB) copied, 78.206729 s, 12.9 MB/s
2026-05-20 03:11:22,275 DEBUG   1021313024 bytes (1.0 GB) copied, 79.236749 s, 12.9 MB/s
2026-05-20 03:11:22,275 DEBUG   1032847360 bytes (1.0 GB) copied, 80.281668 s, 12.9 MB/s
2026-05-20 03:11:22,275 DEBUG   1046478848 bytes (1.0 GB) copied, 81.307903 s, 12.9 MB/s
2026-05-20 03:11:22,275 DEBUG   1073741824 bytes (1.1 GB) copied, 82.308348 s, 13.0 MB/s
2026-05-20 03:11:22,275 DEBUG   1024+0 records in
2026-05-20 03:11:22,275 DEBUG   1024+0 records out
2026-05-20 03:11:22,275 DEBUG   1073741824 bytes (1.1 GB) copied, 82.3084 s, 13.0 MB/s
2026-05-20 03:11:22,275 DEBUG   OK (disk op exit 0)
2026-05-20 03:11:22,275 WARNING Guest disk op wall 85.5s (vm='ahv_ins_delete-0-260514-190937' ip=10.114.48.23 op=create ec=0) — includes SSH + guest disk command; if still high, check guest disk throughput vs. MiB settings.
2026-05-20 03:11:22,276 DEBUG [111/1170] VM af4bc552… (ahv_ins_delete-0-260514-194113) via 10.114.52.185 op=create
2026-05-20 03:11:22,276 DEBUG   remote: bash -lc 'set -e; _bs(){ printf '"'"'BULK_SNAP_T %s %s\n'"'"' "$1" "$(date +%s.%N 2>/dev/null || date +%s)"; }; _bs guest_start; _bs pipeline_start; openssl enc -aes-256-ctr -pass pass:"testing" -nosalt < /dev/zero 2>/dev/null | dd of=/root/dummy_snapshot_data_1.img bs=1M count=1024 iflag=fullblock status=progress; ec=$?; _bs pipeline_done; _bs guest_end; exit $ec'
2026-05-20 03:11:24,057 DEBUG   BULK_SNAP_T guest_start 1779214194.426942766
2026-05-20 03:11:24,057 DEBUG   BULK_SNAP_T pipeline_start 1779214194.434994053
2026-05-20 03:11:24,058 DEBUG   BULK_SNAP_T pipeline_done 1779214280.174997757
2026-05-20 03:11:24,058 DEBUG   BULK_SNAP_T guest_end 1779214280.192883204
2026-05-20 03:11:24,058 DEBUG   
2026-05-20 03:11:24,058 DEBUG   14680064 bytes (15 MB) copied, 1.007544 s, 14.6 MB/s
2026-05-20 03:11:24,058 DEBUG   27262976 bytes (27 MB) copied, 2.075574 s, 13.1 MB/s
2026-05-20 03:11:24,058 DEBUG   40894464 bytes (41 MB) copied, 3.086626 s, 13.2 MB/s
2026-05-20 03:11:24,058 DEBUG   55574528 bytes (56 MB) copied, 4.235583 s, 13.1 MB/s
2026-05-20 03:11:24,058 DEBUG   66060288 bytes (66 MB) copied, 5.251645 s, 12.6 MB/s
2026-05-20 03:11:24,058 DEBUG   78643200 bytes (79 MB) copied, 6.291497 s, 12.5 MB/s
2026-05-20 03:11:24,058 DEBUG   94371840 bytes (94 MB) copied, 7.381567 s, 12.8 MB/s
2026-05-20 03:11:24,058 DEBUG   108003328 bytes (108 MB) copied, 8.441650 s, 12.8 MB/s
2026-05-20 03:11:24,058 DEBUG   123731968 bytes (124 MB) copied, 9.519900 s, 13.0 MB/s
2026-05-20 03:11:24,058 DEBUG   136314880 bytes (136 MB) copied, 10.539535 s, 12.9 MB/s
2026-05-20 03:11:24,058 DEBUG   145752064 bytes (146 MB) copied, 11.635570 s, 12.5 MB/s
2026-05-20 03:11:24,058 DEBUG   161480704 bytes (161 MB) copied, 12.661507 s, 12.8 MB/s
2026-05-20 03:11:24,058 DEBUG   173015040 bytes (173 MB) copied, 13.909597 s, 12.4 MB/s
2026-05-20 03:11:24,058 DEBUG   183500800 bytes (184 MB) copied, 14.914600 s, 12.3 MB/s
2026-05-20 03:11:24,058 DEBUG   193986560 bytes (194 MB) copied, 15.952585 s, 12.2 MB/s
2026-05-20 03:11:24,058 DEBUG   205520896 bytes (206 MB) copied, 17.037558 s, 12.1 MB/s
2026-05-20 03:11:24,058 DEBUG   217055232 bytes (217 MB) copied, 18.058521 s, 12.0 MB/s
2026-05-20 03:11:24,058 DEBUG   233832448 bytes (234 MB) copied, 19.112529 s, 12.2 MB/s
2026-05-20 03:11:24,058 DEBUG   246415360 bytes (246 MB) copied, 20.200540 s, 12.2 MB/s
2026-05-20 03:11:24,058 DEBUG   260046848 bytes (260 MB) copied, 21.239993 s, 12.2 MB/s
2026-05-20 03:11:24,058 DEBUG   272629760 bytes (273 MB) copied, 22.352509 s, 12.2 MB/s
2026-05-20 03:11:24,058 DEBUG   288358400 bytes (288 MB) copied, 23.417520 s, 12.3 MB/s
2026-05-20 03:11:24,058 DEBUG   296747008 bytes (297 MB) copied, 24.564608 s, 12.1 MB/s
2026-05-20 03:11:24,058 DEBUG   311427072 bytes (311 MB) copied, 25.782543 s, 12.1 MB/s
2026-05-20 03:11:24,058 DEBUG   322961408 bytes (323 MB) copied, 26.890507 s, 12.0 MB/s
2026-05-20 03:11:24,058 DEBUG   332398592 bytes (332 MB) copied, 27.936576 s, 11.9 MB/s
2026-05-20 03:11:24,058 DEBUG   340787200 bytes (341 MB) copied, 28.950522 s, 11.8 MB/s
2026-05-20 03:11:24,058 DEBUG   356515840 bytes (357 MB) copied, 30.036532 s, 11.9 MB/s
2026-05-20 03:11:24,058 DEBUG   367001600 bytes (367 MB) copied, 31.058519 s, 11.8 MB/s
2026-05-20 03:11:24,058 DEBUG   379584512 bytes (380 MB) copied, 32.086541 s, 11.8 MB/s
2026-05-20 03:11:24,058 DEBUG   394264576 bytes (394 MB) copied, 33.173587 s, 11.9 MB/s
2026-05-20 03:11:24,058 DEBUG   411041792 bytes (411 MB) copied, 34.243574 s, 12.0 MB/s
2026-05-20 03:11:24,058 DEBUG   425721856 bytes (426 MB) copied, 35.261912 s, 12.1 MB/s
2026-05-20 03:11:24,058 DEBUG   440401920 bytes (440 MB) copied, 36.279597 s, 12.1 MB/s
2026-05-20 03:11:24,058 DEBUG   454033408 bytes (454 MB) copied, 37.292638 s, 12.2 MB/s
2026-05-20 03:11:24,058 DEBUG   465567744 bytes (466 MB) copied, 38.316495 s, 12.2 MB/s
2026-05-20 03:11:24,058 DEBUG   482344960 bytes (482 MB) copied, 39.397546 s, 12.2 MB/s
2026-05-20 03:11:24,058 DEBUG   492830720 bytes (493 MB) copied, 40.436545 s, 12.2 MB/s
2026-05-20 03:11:24,058 DEBUG   504365056 bytes (504 MB) copied, 41.481554 s, 12.2 MB/s
2026-05-20 03:11:24,058 DEBUG   517996544 bytes (518 MB) copied, 42.540973 s, 12.2 MB/s
2026-05-20 03:11:24,058 DEBUG   529530880 bytes (530 MB) copied, 43.571514 s, 12.2 MB/s
2026-05-20 03:11:24,058 DEBUG   546308096 bytes (546 MB) copied, 44.622775 s, 12.2 MB/s
2026-05-20 03:11:24,058 DEBUG   557842432 bytes (558 MB) copied, 45.777552 s, 12.2 MB/s
2026-05-20 03:11:24,058 DEBUG   566231040 bytes (566 MB) copied, 46.792585 s, 12.1 MB/s
2026-05-20 03:11:24,058 DEBUG   577765376 bytes (578 MB) copied, 47.845651 s, 12.1 MB/s
2026-05-20 03:11:24,058 DEBUG   590348288 bytes (590 MB) copied, 48.970848 s, 12.1 MB/s
2026-05-20 03:11:24,059 DEBUG   599785472 bytes (600 MB) copied, 50.006535 s, 12.0 MB/s
2026-05-20 03:11:24,059 DEBUG   615514112 bytes (616 MB) copied, 51.033541 s, 12.1 MB/s
2026-05-20 03:11:24,059 DEBUG   625999872 bytes (626 MB) copied, 52.112486 s, 12.0 MB/s
2026-05-20 03:11:24,059 DEBUG   642777088 bytes (643 MB) copied, 53.117140 s, 12.1 MB/s
2026-05-20 03:11:24,059 DEBUG   661651456 bytes (662 MB) copied, 54.257510 s, 12.2 MB/s
2026-05-20 03:11:24,059 DEBUG   678428672 bytes (678 MB) copied, 55.295510 s, 12.3 MB/s
2026-05-20 03:11:24,059 DEBUG   692060160 bytes (692 MB) copied, 56.404554 s, 12.3 MB/s
2026-05-20 03:11:24,059 DEBUG   705691648 bytes (706 MB) copied, 57.406884 s, 12.3 MB/s
2026-05-20 03:11:24,059 DEBUG   719323136 bytes (719 MB) copied, 58.439562 s, 12.3 MB/s
2026-05-20 03:11:24,059 DEBUG   729808896 bytes (730 MB) copied, 59.530546 s, 12.3 MB/s
2026-05-20 03:11:24,059 DEBUG   742391808 bytes (742 MB) copied, 60.614542 s, 12.2 MB/s
2026-05-20 03:11:24,059 DEBUG   756023296 bytes (756 MB) copied, 61.730517 s, 12.2 MB/s
2026-05-20 03:11:24,059 DEBUG   769654784 bytes (770 MB) copied, 62.765521 s, 12.3 MB/s
2026-05-20 03:11:24,059 DEBUG   782237696 bytes (782 MB) copied, 63.917637 s, 12.2 MB/s
2026-05-20 03:11:24,059 DEBUG   792723456 bytes (793 MB) copied, 65.077769 s, 12.2 MB/s
2026-05-20 03:11:24,059 DEBUG   805306368 bytes (805 MB) copied, 66.171550 s, 12.2 MB/s
2026-05-20 03:11:24,059 DEBUG   817889280 bytes (818 MB) copied, 67.240483 s, 12.2 MB/s
2026-05-20 03:11:24,059 DEBUG   830472192 bytes (830 MB) copied, 68.255616 s, 12.2 MB/s
2026-05-20 03:11:24,059 DEBUG   846200832 bytes (846 MB) copied, 69.326794 s, 12.2 MB/s
2026-05-20 03:11:24,059 DEBUG   858783744 bytes (859 MB) copied, 70.340605 s, 12.2 MB/s
2026-05-20 03:11:24,059 DEBUG   875560960 bytes (876 MB) copied, 71.384576 s, 12.3 MB/s
2026-05-20 03:11:24,059 DEBUG   886046720 bytes (886 MB) copied, 72.431527 s, 12.2 MB/s
2026-05-20 03:11:24,059 DEBUG   905969664 bytes (906 MB) copied, 73.541603 s, 12.3 MB/s
2026-05-20 03:11:24,059 DEBUG   919601152 bytes (920 MB) copied, 74.649687 s, 12.3 MB/s
2026-05-20 03:11:24,059 DEBUG   933232640 bytes (933 MB) copied, 75.727517 s, 12.3 MB/s
2026-05-20 03:11:24,059 DEBUG   946864128 bytes (947 MB) copied, 76.791614 s, 12.3 MB/s
2026-05-20 03:11:24,059 DEBUG   966787072 bytes (967 MB) copied, 77.909775 s, 12.4 MB/s
2026-05-20 03:11:24,059 DEBUG   982515712 bytes (983 MB) copied, 78.925543 s, 12.4 MB/s
2026-05-20 03:11:24,059 DEBUG   997195776 bytes (997 MB) copied, 79.971513 s, 12.5 MB/s
2026-05-20 03:11:24,059 DEBUG   1010827264 bytes (1.0 GB) copied, 81.040555 s, 12.5 MB/s
2026-05-20 03:11:24,059 DEBUG   1022361600 bytes (1.0 GB) copied, 82.094599 s, 12.5 MB/s
2026-05-20 03:11:24,059 DEBUG   1038090240 bytes (1.0 GB) copied, 83.106707 s, 12.5 MB/s
2026-05-20 03:11:24,059 DEBUG   1052770304 bytes (1.1 GB) copied, 84.186578 s, 12.5 MB/s
2026-05-20 03:11:24,059 DEBUG   1065353216 bytes (1.1 GB) copied, 85.208759 s, 12.5 MB/s
2026-05-20 03:11:24,059 DEBUG   1024+0 records in
2026-05-20 03:11:24,059 DEBUG   1024+0 records out
2026-05-20 03:11:24,059 DEBUG   1073741824 bytes (1.1 GB) copied, 85.5583 s, 12.5 MB/s
2026-05-20 03:11:24,059 DEBUG   OK (disk op exit 0)
2026-05-20 03:11:24,059 WARNING Guest disk op wall 89.5s (vm='ahv_ins_delete-0-260514-190402' ip=10.114.50.102 op=create ec=0) — includes SSH + guest disk command; if still high, check guest disk throughput vs. MiB settings.
2026-05-20 03:11:24,060 DEBUG [112/1170] VM 80ef29cb… (ahv_ins_delete-0-260514-194219) via 10.114.50.197 op=create
2026-05-20 03:11:24,060 DEBUG   remote: bash -lc 'set -e; _bs(){ printf '"'"'BULK_SNAP_T %s %s\n'"'"' "$1" "$(date +%s.%N 2>/dev/null || date +%s)"; }; _bs guest_start; _bs pipeline_start; openssl enc -aes-256-ctr -pass pass:"testing" -nosalt < /dev/zero 2>/dev/null | dd of=/root/dummy_snapshot_data_1.img bs=1M count=1024 iflag=fullblock status=progress; ec=$?; _bs pipeline_done; _bs guest_end; exit $ec'
2026-05-20 03:11:24,785 DEBUG   BULK_SNAP_T guest_start 1779214193.319891519
2026-05-20 03:11:24,785 DEBUG   BULK_SNAP_T pipeline_start 1779214193.328849167
2026-05-20 03:11:24,785 DEBUG   BULK_SNAP_T pipeline_done 1779214281.149924125
2026-05-20 03:11:24,785 DEBUG   BULK_SNAP_T guest_end 1779214281.160948172
2026-05-20 03:11:24,785 DEBUG   
2026-05-20 03:11:24,785 DEBUG   13631488 bytes (14 MB) copied, 1.095114 s, 12.4 MB/s
2026-05-20 03:11:24,785 DEBUG   28311552 bytes (28 MB) copied, 2.116136 s, 13.4 MB/s
2026-05-20 03:11:24,785 DEBUG   47185920 bytes (47 MB) copied, 3.189196 s, 14.8 MB/s
2026-05-20 03:11:24,785 DEBUG   65011712 bytes (65 MB) copied, 4.218165 s, 15.4 MB/s
2026-05-20 03:11:24,785 DEBUG   77594624 bytes (78 MB) copied, 5.221121 s, 14.9 MB/s
2026-05-20 03:11:24,785 DEBUG   88080384 bytes (88 MB) copied, 6.307104 s, 14.0 MB/s
2026-05-20 03:11:24,785 DEBUG   100663296 bytes (101 MB) copied, 7.319164 s, 13.8 MB/s
2026-05-20 03:11:24,785 DEBUG   116391936 bytes (116 MB) copied, 8.366124 s, 13.9 MB/s
2026-05-20 03:11:24,785 DEBUG   131072000 bytes (131 MB) copied, 9.407130 s, 13.9 MB/s
2026-05-20 03:11:24,785 DEBUG   143654912 bytes (144 MB) copied, 10.491125 s, 13.7 MB/s
2026-05-20 03:11:24,785 DEBUG   154140672 bytes (154 MB) copied, 11.508140 s, 13.4 MB/s
2026-05-20 03:11:24,785 DEBUG   167772160 bytes (168 MB) copied, 12.627102 s, 13.3 MB/s
2026-05-20 03:11:24,785 DEBUG   180355072 bytes (180 MB) copied, 13.681168 s, 13.2 MB/s
2026-05-20 03:11:24,785 DEBUG   195035136 bytes (195 MB) copied, 14.695085 s, 13.3 MB/s
2026-05-20 03:11:24,785 DEBUG   211812352 bytes (212 MB) copied, 15.706246 s, 13.5 MB/s
2026-05-20 03:11:24,785 DEBUG   229638144 bytes (230 MB) copied, 16.803128 s, 13.7 MB/s
2026-05-20 03:11:24,785 DEBUG   239075328 bytes (239 MB) copied, 17.904136 s, 13.4 MB/s
2026-05-20 03:11:24,785 DEBUG   254803968 bytes (255 MB) copied, 18.924228 s, 13.5 MB/s
2026-05-20 03:11:24,785 DEBUG   272629760 bytes (273 MB) copied, 19.937450 s, 13.7 MB/s
2026-05-20 03:11:24,785 DEBUG   287309824 bytes (287 MB) copied, 20.973140 s, 13.7 MB/s
2026-05-20 03:11:24,785 DEBUG   300941312 bytes (301 MB) copied, 21.977416 s, 13.7 MB/s
2026-05-20 03:11:24,785 DEBUG   321912832 bytes (322 MB) copied, 22.981547 s, 14.0 MB/s
2026-05-20 03:11:24,785 DEBUG   332398592 bytes (332 MB) copied, 24.005470 s, 13.8 MB/s
2026-05-20 03:11:24,785 DEBUG   344981504 bytes (345 MB) copied, 25.059124 s, 13.8 MB/s
2026-05-20 03:11:24,785 DEBUG   358612992 bytes (359 MB) copied, 26.123113 s, 13.7 MB/s
2026-05-20 03:11:24,785 DEBUG   370147328 bytes (370 MB) copied, 27.211132 s, 13.6 MB/s
2026-05-20 03:11:24,785 DEBUG   387973120 bytes (388 MB) copied, 28.235610 s, 13.7 MB/s
2026-05-20 03:11:24,786 DEBUG   404750336 bytes (405 MB) copied, 29.333263 s, 13.8 MB/s
2026-05-20 03:11:24,786 DEBUG   415236096 bytes (415 MB) copied, 30.336304 s, 13.7 MB/s
2026-05-20 03:11:24,786 DEBUG   432013312 bytes (432 MB) copied, 31.490159 s, 13.7 MB/s
2026-05-20 03:11:24,786 DEBUG   445644800 bytes (446 MB) copied, 32.513157 s, 13.7 MB/s
2026-05-20 03:11:24,786 DEBUG   457179136 bytes (457 MB) copied, 33.535175 s, 13.6 MB/s
2026-05-20 03:11:24,786 DEBUG   469762048 bytes (470 MB) copied, 34.633089 s, 13.6 MB/s
2026-05-20 03:11:24,786 DEBUG   479199232 bytes (479 MB) copied, 35.697143 s, 13.4 MB/s
2026-05-20 03:11:24,786 DEBUG   494927872 bytes (495 MB) copied, 36.711428 s, 13.5 MB/s
2026-05-20 03:11:24,786 DEBUG   507510784 bytes (508 MB) copied, 37.902260 s, 13.4 MB/s
2026-05-20 03:11:24,786 DEBUG   517996544 bytes (518 MB) copied, 38.981482 s, 13.3 MB/s
2026-05-20 03:11:24,786 DEBUG   530579456 bytes (531 MB) copied, 40.019163 s, 13.3 MB/s
2026-05-20 03:11:24,786 DEBUG   542113792 bytes (542 MB) copied, 41.126148 s, 13.2 MB/s
2026-05-20 03:11:24,786 DEBUG   553648128 bytes (554 MB) copied, 42.236104 s, 13.1 MB/s
2026-05-20 03:11:24,786 DEBUG   568328192 bytes (568 MB) copied, 43.431096 s, 13.1 MB/s
2026-05-20 03:11:24,786 DEBUG   579862528 bytes (580 MB) copied, 44.496379 s, 13.0 MB/s
2026-05-20 03:11:24,786 DEBUG   589299712 bytes (589 MB) copied, 45.670144 s, 12.9 MB/s
2026-05-20 03:11:24,786 DEBUG   603979776 bytes (604 MB) copied, 46.718077 s, 12.9 MB/s
2026-05-20 03:11:24,786 DEBUG   615514112 bytes (616 MB) copied, 47.924230 s, 12.8 MB/s
2026-05-20 03:11:24,786 DEBUG   628097024 bytes (628 MB) copied, 49.031273 s, 12.8 MB/s
2026-05-20 03:11:24,786 DEBUG   639631360 bytes (640 MB) copied, 50.113137 s, 12.8 MB/s
2026-05-20 03:11:24,786 DEBUG   651165696 bytes (651 MB) copied, 51.141434 s, 12.7 MB/s
2026-05-20 03:11:24,786 DEBUG   661651456 bytes (662 MB) copied, 52.219441 s, 12.7 MB/s
2026-05-20 03:11:24,786 DEBUG   677380096 bytes (677 MB) copied, 53.221322 s, 12.7 MB/s
2026-05-20 03:11:24,786 DEBUG   692060160 bytes (692 MB) copied, 54.353527 s, 12.7 MB/s
2026-05-20 03:11:24,786 DEBUG   704643072 bytes (705 MB) copied, 55.437136 s, 12.7 MB/s
2026-05-20 03:11:24,786 DEBUG   715128832 bytes (715 MB) copied, 56.476153 s, 12.7 MB/s
2026-05-20 03:11:24,786 DEBUG   726663168 bytes (727 MB) copied, 57.495372 s, 12.6 MB/s
2026-05-20 03:11:24,786 DEBUG   742391808 bytes (742 MB) copied, 58.576165 s, 12.7 MB/s
2026-05-20 03:11:24,786 DEBUG   752877568 bytes (753 MB) copied, 59.729100 s, 12.6 MB/s
2026-05-20 03:11:24,786 DEBUG   768606208 bytes (769 MB) copied, 60.740254 s, 12.7 MB/s
2026-05-20 03:11:24,786 DEBUG   782237696 bytes (782 MB) copied, 61.843129 s, 12.6 MB/s
2026-05-20 03:11:24,786 DEBUG   792723456 bytes (793 MB) copied, 62.844153 s, 12.6 MB/s
2026-05-20 03:11:24,786 DEBUG   803209216 bytes (803 MB) copied, 63.853266 s, 12.6 MB/s
2026-05-20 03:11:24,786 DEBUG   811597824 bytes (812 MB) copied, 64.903112 s, 12.5 MB/s
2026-05-20 03:11:24,786 DEBUG   819986432 bytes (820 MB) copied, 66.002170 s, 12.4 MB/s
2026-05-20 03:11:24,786 DEBUG   831520768 bytes (832 MB) copied, 67.020184 s, 12.4 MB/s
2026-05-20 03:11:24,786 DEBUG   846200832 bytes (846 MB) copied, 68.055178 s, 12.4 MB/s
2026-05-20 03:11:24,786 DEBUG   856686592 bytes (857 MB) copied, 69.074127 s, 12.4 MB/s
2026-05-20 03:11:24,786 DEBUG   869269504 bytes (869 MB) copied, 70.161193 s, 12.4 MB/s
2026-05-20 03:11:24,786 DEBUG   880803840 bytes (881 MB) copied, 71.202191 s, 12.4 MB/s
2026-05-20 03:11:24,786 DEBUG   892338176 bytes (892 MB) copied, 72.420268 s, 12.3 MB/s
2026-05-20 03:11:24,786 DEBUG   901775360 bytes (902 MB) copied, 73.455103 s, 12.3 MB/s
2026-05-20 03:11:24,786 DEBUG   913309696 bytes (913 MB) copied, 74.563131 s, 12.2 MB/s
2026-05-20 03:11:24,786 DEBUG   926941184 bytes (927 MB) copied, 75.563406 s, 12.3 MB/s
2026-05-20 03:11:24,786 DEBUG   939524096 bytes (940 MB) copied, 76.635490 s, 12.3 MB/s
2026-05-20 03:11:24,786 DEBUG   948961280 bytes (949 MB) copied, 77.744210 s, 12.2 MB/s
2026-05-20 03:11:24,786 DEBUG   959447040 bytes (959 MB) copied, 78.865552 s, 12.2 MB/s
2026-05-20 03:11:24,786 DEBUG   974127104 bytes (974 MB) copied, 79.928135 s, 12.2 MB/s
2026-05-20 03:11:24,786 DEBUG   987758592 bytes (988 MB) copied, 80.976374 s, 12.2 MB/s
2026-05-20 03:11:24,786 DEBUG   1001390080 bytes (1.0 GB) copied, 82.001469 s, 12.2 MB/s
2026-05-20 03:11:24,786 DEBUG   1018167296 bytes (1.0 GB) copied, 83.116108 s, 12.2 MB/s
2026-05-20 03:11:24,787 DEBUG   1026555904 bytes (1.0 GB) copied, 84.120116 s, 12.2 MB/s
2026-05-20 03:11:24,787 DEBUG   1037041664 bytes (1.0 GB) copied, 85.129328 s, 12.2 MB/s
2026-05-20 03:11:24,787 DEBUG   1051721728 bytes (1.1 GB) copied, 86.173195 s, 12.2 MB/s
2026-05-20 03:11:24,787 DEBUG   1073741824 bytes (1.1 GB) copied, 87.270600 s, 12.3 MB/s
2026-05-20 03:11:24,787 DEBUG   1024+0 records in
2026-05-20 03:11:24,787 DEBUG   1024+0 records out
2026-05-20 03:11:24,787 DEBUG   1073741824 bytes (1.1 GB) copied, 87.2707 s, 12.3 MB/s
2026-05-20 03:11:24,787 DEBUG   OK (disk op exit 0)
2026-05-20 03:11:24,787 WARNING Guest disk op wall 91.0s (vm='ahv_ins_delete-0-260514-190352' ip=10.114.51.8 op=create ec=0) — includes SSH + guest disk command; if still high, check guest disk throughput vs. MiB settings.
2026-05-20 03:11:24,787 DEBUG [113/1170] VM e0b9f9e2… (ahv_ins_delete-0-260514-194324) via 10.114.48.22 op=create
2026-05-20 03:11:24,787 DEBUG   remote: bash -lc 'set -e; _bs(){ printf '"'"'BULK_SNAP_T %s %s\n'"'"' "$1" "$(date +%s.%N 2>/dev/null || date +%s)"; }; _bs guest_start; _bs pipeline_start; openssl enc -aes-256-ctr -pass pass:"testing" -nosalt < /dev/zero 2>/dev/null | dd of=/root/dummy_snapshot_data_1.img bs=1M count=1024 iflag=fullblock status=progress; ec=$?; _bs pipeline_done; _bs guest_end; exit $ec'
2026-05-20 03:11:26,571 DEBUG   BULK_SNAP_T guest_start 1779214191.640723942
2026-05-20 03:11:26,571 DEBUG   BULK_SNAP_T pipeline_start 1779214191.646210411
2026-05-20 03:11:26,571 DEBUG   BULK_SNAP_T pipeline_done 1779214282.643752478
2026-05-20 03:11:26,571 DEBUG   BULK_SNAP_T guest_end 1779214282.661733956
2026-05-20 03:11:26,571 DEBUG   
2026-05-20 03:11:26,571 DEBUG   10485760 bytes (10 MB) copied, 1.025821 s, 10.2 MB/s
2026-05-20 03:11:26,571 DEBUG   24117248 bytes (24 MB) copied, 2.069789 s, 11.7 MB/s
2026-05-20 03:11:26,571 DEBUG   40894464 bytes (41 MB) copied, 3.191805 s, 12.8 MB/s
2026-05-20 03:11:26,571 DEBUG   54525952 bytes (55 MB) copied, 4.230920 s, 12.9 MB/s
2026-05-20 03:11:26,571 DEBUG   67108864 bytes (67 MB) copied, 5.310828 s, 12.6 MB/s
2026-05-20 03:11:26,571 DEBUG   78643200 bytes (79 MB) copied, 6.479885 s, 12.1 MB/s
2026-05-20 03:11:26,571 DEBUG   92274688 bytes (92 MB) copied, 7.618802 s, 12.1 MB/s
2026-05-20 03:11:26,571 DEBUG   105906176 bytes (106 MB) copied, 8.631818 s, 12.3 MB/s
2026-05-20 03:11:26,571 DEBUG   118489088 bytes (118 MB) copied, 9.654794 s, 12.3 MB/s
2026-05-20 03:11:26,571 DEBUG   128974848 bytes (129 MB) copied, 10.712874 s, 12.0 MB/s
2026-05-20 03:11:26,571 DEBUG   148897792 bytes (149 MB) copied, 11.784863 s, 12.6 MB/s
2026-05-20 03:11:26,571 DEBUG   162529280 bytes (163 MB) copied, 12.862038 s, 12.6 MB/s
2026-05-20 03:11:26,571 DEBUG   174063616 bytes (174 MB) copied, 13.885817 s, 12.5 MB/s
2026-05-20 03:11:26,571 DEBUG   188743680 bytes (189 MB) copied, 14.937849 s, 12.6 MB/s
2026-05-20 03:11:26,571 DEBUG   199229440 bytes (199 MB) copied, 15.937987 s, 12.5 MB/s
2026-05-20 03:11:26,571 DEBUG   208666624 bytes (209 MB) copied, 16.970836 s, 12.3 MB/s
2026-05-20 03:11:26,572 DEBUG   224395264 bytes (224 MB) copied, 18.215788 s, 12.3 MB/s
2026-05-20 03:11:26,572 DEBUG   236978176 bytes (237 MB) copied, 19.234792 s, 12.3 MB/s
2026-05-20 03:11:26,572 DEBUG   251658240 bytes (252 MB) copied, 20.308749 s, 12.4 MB/s
2026-05-20 03:11:26,572 DEBUG   264241152 bytes (264 MB) copied, 21.336159 s, 12.4 MB/s
2026-05-20 03:11:26,572 DEBUG   273678336 bytes (274 MB) copied, 22.395767 s, 12.2 MB/s
2026-05-20 03:11:26,572 DEBUG   285212672 bytes (285 MB) copied, 23.404134 s, 12.2 MB/s
2026-05-20 03:11:26,572 DEBUG   301989888 bytes (302 MB) copied, 24.524860 s, 12.3 MB/s
2026-05-20 03:11:26,572 DEBUG   313524224 bytes (314 MB) copied, 25.648918 s, 12.2 MB/s
2026-05-20 03:11:26,572 DEBUG   326107136 bytes (326 MB) copied, 26.809763 s, 12.2 MB/s
2026-05-20 03:11:26,572 DEBUG   335544320 bytes (336 MB) copied, 27.848864 s, 12.0 MB/s
2026-05-20 03:11:26,572 DEBUG   344981504 bytes (345 MB) copied, 28.912870 s, 11.9 MB/s
2026-05-20 03:11:26,572 DEBUG   360710144 bytes (361 MB) copied, 29.951857 s, 12.0 MB/s
2026-05-20 03:11:26,572 DEBUG   370147328 bytes (370 MB) copied, 31.041799 s, 11.9 MB/s
2026-05-20 03:11:26,572 DEBUG   390070272 bytes (390 MB) copied, 32.287838 s, 12.1 MB/s
2026-05-20 03:11:26,572 DEBUG   401604608 bytes (402 MB) copied, 33.341866 s, 12.0 MB/s
2026-05-20 03:11:26,572 DEBUG   413138944 bytes (413 MB) copied, 34.406935 s, 12.0 MB/s
2026-05-20 03:11:26,572 DEBUG   426770432 bytes (427 MB) copied, 35.446859 s, 12.0 MB/s
2026-05-20 03:11:26,572 DEBUG   438304768 bytes (438 MB) copied, 36.496817 s, 12.0 MB/s
2026-05-20 03:11:26,572 DEBUG   449839104 bytes (450 MB) copied, 37.527798 s, 12.0 MB/s
2026-05-20 03:11:26,572 DEBUG   459276288 bytes (459 MB) copied, 38.550370 s, 11.9 MB/s
2026-05-20 03:11:26,572 DEBUG   468713472 bytes (469 MB) copied, 39.582810 s, 11.8 MB/s
2026-05-20 03:11:26,572 DEBUG   481296384 bytes (481 MB) copied, 40.680800 s, 11.8 MB/s
2026-05-20 03:11:26,572 DEBUG   493879296 bytes (494 MB) copied, 41.785940 s, 11.8 MB/s
2026-05-20 03:11:26,572 DEBUG   506462208 bytes (506 MB) copied, 42.945843 s, 11.8 MB/s
2026-05-20 03:11:26,572 DEBUG   517996544 bytes (518 MB) copied, 43.989912 s, 11.8 MB/s
2026-05-20 03:11:26,572 DEBUG   531628032 bytes (532 MB) copied, 45.102964 s, 11.8 MB/s
2026-05-20 03:11:26,572 DEBUG   544210944 bytes (544 MB) copied, 46.125870 s, 11.8 MB/s
2026-05-20 03:11:26,572 DEBUG   553648128 bytes (554 MB) copied, 47.212056 s, 11.7 MB/s
2026-05-20 03:11:26,572 DEBUG   565182464 bytes (565 MB) copied, 48.311926 s, 11.7 MB/s
2026-05-20 03:11:26,572 DEBUG   576716800 bytes (577 MB) copied, 49.317826 s, 11.7 MB/s
2026-05-20 03:11:26,572 DEBUG   589299712 bytes (589 MB) copied, 50.332822 s, 11.7 MB/s
2026-05-20 03:11:26,572 DEBUG   601882624 bytes (602 MB) copied, 51.431912 s, 11.7 MB/s
2026-05-20 03:11:26,572 DEBUG   613416960 bytes (613 MB) copied, 52.444836 s, 11.7 MB/s
2026-05-20 03:11:26,572 DEBUG   623902720 bytes (624 MB) copied, 53.465914 s, 11.7 MB/s
2026-05-20 03:11:26,572 DEBUG   639631360 bytes (640 MB) copied, 54.485100 s, 11.7 MB/s
2026-05-20 03:11:26,572 DEBUG   649068544 bytes (649 MB) copied, 55.548878 s, 11.7 MB/s
2026-05-20 03:11:26,572 DEBUG   665845760 bytes (666 MB) copied, 56.658185 s, 11.8 MB/s
2026-05-20 03:11:26,572 DEBUG   682622976 bytes (683 MB) copied, 57.687816 s, 11.8 MB/s
2026-05-20 03:11:26,572 DEBUG   694157312 bytes (694 MB) copied, 58.692189 s, 11.8 MB/s
2026-05-20 03:11:26,572 DEBUG   706740224 bytes (707 MB) copied, 59.710020 s, 11.8 MB/s
2026-05-20 03:11:26,572 DEBUG   722468864 bytes (722 MB) copied, 60.812800 s, 11.9 MB/s
2026-05-20 03:11:26,572 DEBUG   741343232 bytes (741 MB) copied, 61.849806 s, 12.0 MB/s
2026-05-20 03:11:26,572 DEBUG   757071872 bytes (757 MB) copied, 62.869977 s, 12.0 MB/s
2026-05-20 03:11:26,572 DEBUG   769654784 bytes (770 MB) copied, 63.928881 s, 12.0 MB/s
2026-05-20 03:11:26,572 DEBUG   782237696 bytes (782 MB) copied, 65.065980 s, 12.0 MB/s
2026-05-20 03:11:26,573 DEBUG   792723456 bytes (793 MB) copied, 66.164859 s, 12.0 MB/s
2026-05-20 03:11:26,573 DEBUG   805306368 bytes (805 MB) copied, 67.175821 s, 12.0 MB/s
2026-05-20 03:11:26,573 DEBUG   813694976 bytes (814 MB) copied, 68.193862 s, 11.9 MB/s
2026-05-20 03:11:26,573 DEBUG   825229312 bytes (825 MB) copied, 69.206237 s, 11.9 MB/s
2026-05-20 03:11:26,573 DEBUG   838860800 bytes (839 MB) copied, 70.284850 s, 11.9 MB/s
2026-05-20 03:11:26,573 DEBUG   853540864 bytes (854 MB) copied, 71.300819 s, 12.0 MB/s
2026-05-20 03:11:26,573 DEBUG   867172352 bytes (867 MB) copied, 72.354817 s, 12.0 MB/s
2026-05-20 03:11:26,573 DEBUG   876609536 bytes (877 MB) copied, 73.433940 s, 11.9 MB/s
2026-05-20 03:11:26,573 DEBUG   888143872 bytes (888 MB) copied, 74.509939 s, 11.9 MB/s
2026-05-20 03:11:26,573 DEBUG   898629632 bytes (899 MB) copied, 75.586153 s, 11.9 MB/s
2026-05-20 03:11:26,573 DEBUG   911212544 bytes (911 MB) copied, 76.648178 s, 11.9 MB/s
2026-05-20 03:11:26,573 DEBUG   924844032 bytes (925 MB) copied, 77.786795 s, 11.9 MB/s
2026-05-20 03:11:26,573 DEBUG   935329792 bytes (935 MB) copied, 78.795810 s, 11.9 MB/s
2026-05-20 03:11:26,573 DEBUG   948961280 bytes (949 MB) copied, 79.877932 s, 11.9 MB/s
2026-05-20 03:11:26,573 DEBUG   958398464 bytes (958 MB) copied, 80.890896 s, 11.8 MB/s
2026-05-20 03:11:26,573 DEBUG   972029952 bytes (972 MB) copied, 81.909867 s, 11.9 MB/s
2026-05-20 03:11:26,573 DEBUG   985661440 bytes (986 MB) copied, 82.990859 s, 11.9 MB/s
2026-05-20 03:11:26,573 DEBUG   998244352 bytes (998 MB) copied, 84.028873 s, 11.9 MB/s
2026-05-20 03:11:26,573 DEBUG   1008730112 bytes (1.0 GB) copied, 85.100829 s, 11.9 MB/s
2026-05-20 03:11:26,573 DEBUG   1023410176 bytes (1.0 GB) copied, 86.103311 s, 11.9 MB/s
2026-05-20 03:11:26,573 DEBUG   1035993088 bytes (1.0 GB) copied, 87.300868 s, 11.9 MB/s
2026-05-20 03:11:26,573 DEBUG   1045430272 bytes (1.0 GB) copied, 88.486786 s, 11.8 MB/s
2026-05-20 03:11:26,573 DEBUG   1054867456 bytes (1.1 GB) copied, 89.542872 s, 11.8 MB/s
2026-05-20 03:11:26,573 DEBUG   1064304640 bytes (1.1 GB) copied, 90.565138 s, 11.8 MB/s
2026-05-20 03:11:26,573 DEBUG   1024+0 records in
2026-05-20 03:11:26,573 DEBUG   1024+0 records out
2026-05-20 03:11:26,573 DEBUG   1073741824 bytes (1.1 GB) copied, 90.8464 s, 11.8 MB/s
2026-05-20 03:11:26,573 DEBUG   OK (disk op exit 0)
2026-05-20 03:11:26,573 WARNING Guest disk op wall 94.3s (vm='ahv_ins_delete-0-260514-185807' ip=10.114.53.71 op=create ec=0) — includes SSH + guest disk command; if still high, check guest disk throughput vs. MiB settings.
2026-05-20 03:11:26,574 DEBUG [114/1170] VM f0a2e328… (ahv_ins_delete-0-260514-194354) via 10.114.52.43 op=create
2026-05-20 03:11:26,574 DEBUG   remote: bash -lc 'set -e; _bs(){ printf '"'"'BULK_SNAP_T %s %s\n'"'"' "$1" "$(date +%s.%N 2>/dev/null || date +%s)"; }; _bs guest_start; _bs pipeline_start; openssl enc -aes-256-ctr -pass pass:"testing" -nosalt < /dev/zero 2>/dev/null | dd of=/root/dummy_snapshot_data_1.img bs=1M count=1024 iflag=fullblock status=progress; ec=$?; _bs pipeline_done; _bs guest_end; exit $ec'
2026-05-20 03:11:28,067 DEBUG   BULK_SNAP_T guest_start 1779214204.737241492
2026-05-20 03:11:28,067 DEBUG   BULK_SNAP_T pipeline_start 1779214204.742525878
2026-05-20 03:11:28,067 DEBUG   BULK_SNAP_T pipeline_done 1779214284.337775299
2026-05-20 03:11:28,067 DEBUG   BULK_SNAP_T guest_end 1779214284.347565859
2026-05-20 03:11:28,067 DEBUG   
2026-05-20 03:11:28,067 DEBUG   13631488 bytes (14 MB) copied, 1.170365 s, 11.6 MB/s
2026-05-20 03:11:28,067 DEBUG   29360128 bytes (29 MB) copied, 2.180425 s, 13.5 MB/s
2026-05-20 03:11:28,067 DEBUG   40894464 bytes (41 MB) copied, 3.210378 s, 12.7 MB/s
2026-05-20 03:11:28,067 DEBUG   66060288 bytes (66 MB) copied, 4.288430 s, 15.4 MB/s
2026-05-20 03:11:28,067 DEBUG   83886080 bytes (84 MB) copied, 5.370362 s, 15.6 MB/s
2026-05-20 03:11:28,067 DEBUG   103809024 bytes (104 MB) copied, 6.370404 s, 16.3 MB/s
2026-05-20 03:11:28,067 DEBUG   114294784 bytes (114 MB) copied, 7.376395 s, 15.5 MB/s
2026-05-20 03:11:28,067 DEBUG   124780544 bytes (125 MB) copied, 8.415351 s, 14.8 MB/s
2026-05-20 03:11:28,067 DEBUG   136314880 bytes (136 MB) copied, 9.488417 s, 14.4 MB/s
2026-05-20 03:11:28,067 DEBUG   145752064 bytes (146 MB) copied, 10.588391 s, 13.8 MB/s
2026-05-20 03:11:28,067 DEBUG   158334976 bytes (158 MB) copied, 11.611515 s, 13.6 MB/s
2026-05-20 03:11:28,067 DEBUG   166723584 bytes (167 MB) copied, 12.619363 s, 13.2 MB/s
2026-05-20 03:11:28,067 DEBUG   181403648 bytes (181 MB) copied, 13.631327 s, 13.3 MB/s
2026-05-20 03:11:28,067 DEBUG   191889408 bytes (192 MB) copied, 14.719418 s, 13.0 MB/s
2026-05-20 03:11:28,067 DEBUG   205520896 bytes (206 MB) copied, 15.729568 s, 13.1 MB/s
2026-05-20 03:11:28,067 DEBUG   223346688 bytes (223 MB) copied, 16.952458 s, 13.2 MB/s
2026-05-20 03:11:28,067 DEBUG   240123904 bytes (240 MB) copied, 17.977381 s, 13.4 MB/s
2026-05-20 03:11:28,068 DEBUG   253755392 bytes (254 MB) copied, 18.990411 s, 13.4 MB/s
2026-05-20 03:11:28,068 DEBUG   270532608 bytes (271 MB) copied, 20.069790 s, 13.5 MB/s
2026-05-20 03:11:28,068 DEBUG   284164096 bytes (284 MB) copied, 21.114388 s, 13.5 MB/s
2026-05-20 03:11:28,068 DEBUG   296747008 bytes (297 MB) copied, 22.144355 s, 13.4 MB/s
2026-05-20 03:11:28,068 DEBUG   311427072 bytes (311 MB) copied, 23.203364 s, 13.4 MB/s
2026-05-20 03:11:28,068 DEBUG   325058560 bytes (325 MB) copied, 24.237347 s, 13.4 MB/s
2026-05-20 03:11:28,068 DEBUG   336592896 bytes (337 MB) copied, 25.277758 s, 13.3 MB/s
2026-05-20 03:11:28,068 DEBUG   347078656 bytes (347 MB) copied, 26.323438 s, 13.2 MB/s
2026-05-20 03:11:28,068 DEBUG   361758720 bytes (362 MB) copied, 27.408417 s, 13.2 MB/s
2026-05-20 03:11:28,068 DEBUG   377487360 bytes (377 MB) copied, 28.441558 s, 13.3 MB/s
2026-05-20 03:11:28,068 DEBUG   392167424 bytes (392 MB) copied, 29.596504 s, 13.3 MB/s
2026-05-20 03:11:28,068 DEBUG   411041792 bytes (411 MB) copied, 30.643550 s, 13.4 MB/s
2026-05-20 03:11:28,068 DEBUG   430964736 bytes (431 MB) copied, 31.657832 s, 13.6 MB/s
2026-05-20 03:11:28,068 DEBUG   444596224 bytes (445 MB) copied, 32.702368 s, 13.6 MB/s
2026-05-20 03:11:28,068 DEBUG   456130560 bytes (456 MB) copied, 33.746809 s, 13.5 MB/s
2026-05-20 03:11:28,068 DEBUG   465567744 bytes (466 MB) copied, 34.767434 s, 13.4 MB/s
2026-05-20 03:11:28,068 DEBUG   480247808 bytes (480 MB) copied, 35.814408 s, 13.4 MB/s
2026-05-20 03:11:28,068 DEBUG   494927872 bytes (495 MB) copied, 36.868675 s, 13.4 MB/s
2026-05-20 03:11:28,068 DEBUG   510656512 bytes (511 MB) copied, 37.897663 s, 13.5 MB/s
2026-05-20 03:11:28,068 DEBUG   521142272 bytes (521 MB) copied, 38.909360 s, 13.4 MB/s
2026-05-20 03:11:28,068 DEBUG   534773760 bytes (535 MB) copied, 39.973390 s, 13.4 MB/s
2026-05-20 03:11:28,068 DEBUG   549453824 bytes (549 MB) copied, 41.012355 s, 13.4 MB/s
2026-05-20 03:11:28,068 DEBUG   567279616 bytes (567 MB) copied, 42.116460 s, 13.5 MB/s
2026-05-20 03:11:28,068 DEBUG   580911104 bytes (581 MB) copied, 43.229401 s, 13.4 MB/s
2026-05-20 03:11:28,068 DEBUG   596639744 bytes (597 MB) copied, 44.252564 s, 13.5 MB/s
2026-05-20 03:11:28,068 DEBUG   610271232 bytes (610 MB) copied, 45.303376 s, 13.5 MB/s
2026-05-20 03:11:28,068 DEBUG   622854144 bytes (623 MB) copied, 46.320377 s, 13.4 MB/s
2026-05-20 03:11:28,068 DEBUG   639631360 bytes (640 MB) copied, 47.323379 s, 13.5 MB/s
2026-05-20 03:11:28,068 DEBUG   659554304 bytes (660 MB) copied, 48.467408 s, 13.6 MB/s
2026-05-20 03:11:28,068 DEBUG   672137216 bytes (672 MB) copied, 49.514769 s, 13.6 MB/s
2026-05-20 03:11:28,068 DEBUG   685768704 bytes (686 MB) copied, 50.633389 s, 13.5 MB/s
2026-05-20 03:11:28,068 DEBUG   696254464 bytes (696 MB) copied, 51.662710 s, 13.5 MB/s
2026-05-20 03:11:28,068 DEBUG   711983104 bytes (712 MB) copied, 52.700535 s, 13.5 MB/s
2026-05-20 03:11:28,068 DEBUG   727711744 bytes (728 MB) copied, 53.766448 s, 13.5 MB/s
2026-05-20 03:11:28,068 DEBUG   738197504 bytes (738 MB) copied, 54.774802 s, 13.5 MB/s
2026-05-20 03:11:28,068 DEBUG   752877568 bytes (753 MB) copied, 55.803388 s, 13.5 MB/s
2026-05-20 03:11:28,068 DEBUG   765460480 bytes (765 MB) copied, 56.848529 s, 13.5 MB/s
2026-05-20 03:11:28,068 DEBUG   776994816 bytes (777 MB) copied, 57.889548 s, 13.4 MB/s
2026-05-20 03:11:28,068 DEBUG   791674880 bytes (792 MB) copied, 58.898389 s, 13.4 MB/s
2026-05-20 03:11:28,068 DEBUG   804257792 bytes (804 MB) copied, 59.921714 s, 13.4 MB/s
2026-05-20 03:11:28,068 DEBUG   815792128 bytes (816 MB) copied, 61.033580 s, 13.4 MB/s
2026-05-20 03:11:28,068 DEBUG   830472192 bytes (830 MB) copied, 62.200435 s, 13.4 MB/s
2026-05-20 03:11:28,068 DEBUG   848297984 bytes (848 MB) copied, 63.303430 s, 13.4 MB/s
2026-05-20 03:11:28,068 DEBUG   862978048 bytes (863 MB) copied, 64.310429 s, 13.4 MB/s
2026-05-20 03:11:28,068 DEBUG   878706688 bytes (879 MB) copied, 65.364398 s, 13.4 MB/s
2026-05-20 03:11:28,068 DEBUG   898629632 bytes (899 MB) copied, 66.472372 s, 13.5 MB/s
2026-05-20 03:11:28,068 DEBUG   912261120 bytes (912 MB) copied, 67.529371 s, 13.5 MB/s
2026-05-20 03:11:28,068 DEBUG   924844032 bytes (925 MB) copied, 68.539426 s, 13.5 MB/s
2026-05-20 03:11:28,068 DEBUG   938475520 bytes (938 MB) copied, 69.558687 s, 13.5 MB/s
2026-05-20 03:11:28,069 DEBUG   950009856 bytes (950 MB) copied, 70.580399 s, 13.5 MB/s
2026-05-20 03:11:28,069 DEBUG   972029952 bytes (972 MB) copied, 71.614753 s, 13.6 MB/s
2026-05-20 03:11:28,069 DEBUG   987758592 bytes (988 MB) copied, 72.616394 s, 13.6 MB/s
2026-05-20 03:11:28,069 DEBUG   1003487232 bytes (1.0 GB) copied, 73.657411 s, 13.6 MB/s
2026-05-20 03:11:28,069 DEBUG   1013972992 bytes (1.0 GB) copied, 74.727675 s, 13.6 MB/s
2026-05-20 03:11:28,069 DEBUG   1025507328 bytes (1.0 GB) copied, 75.855380 s, 13.5 MB/s
2026-05-20 03:11:28,069 DEBUG   1038090240 bytes (1.0 GB) copied, 76.902373 s, 13.5 MB/s
2026-05-20 03:11:28,069 DEBUG   1049624576 bytes (1.0 GB) copied, 77.904428 s, 13.5 MB/s
2026-05-20 03:11:28,069 DEBUG   1061158912 bytes (1.1 GB) copied, 78.942510 s, 13.4 MB/s
2026-05-20 03:11:28,069 DEBUG   1024+0 records in
2026-05-20 03:11:28,069 DEBUG   1024+0 records out
2026-05-20 03:11:28,069 DEBUG   1073741824 bytes (1.1 GB) copied, 79.4954 s, 13.5 MB/s
2026-05-20 03:11:28,069 DEBUG   OK (disk op exit 0)
2026-05-20 03:11:28,069 WARNING Guest disk op wall 82.0s (vm='ahv_ins_delete-0-260514-191505' ip=10.114.49.22 op=create ec=0) — includes SSH + guest disk command; if still high, check guest disk throughput vs. MiB settings.
2026-05-20 03:11:28,069 DEBUG [115/1170] VM 05149ec7… (ahv_ins_delete-0-260514-194426) via 10.114.54.60 op=create
2026-05-20 03:11:28,069 DEBUG   remote: bash -lc 'set -e; _bs(){ printf '"'"'BULK_SNAP_T %s %s\n'"'"' "$1" "$(date +%s.%N 2>/dev/null || date +%s)"; }; _bs guest_start; _bs pipeline_start; openssl enc -aes-256-ctr -pass pass:"testing" -nosalt < /dev/zero 2>/dev/null | dd of=/root/dummy_snapshot_data_1.img bs=1M count=1024 iflag=fullblock status=progress; ec=$?; _bs pipeline_done; _bs guest_end; exit $ec'
2026-05-20 03:11:28,775 DEBUG   BULK_SNAP_T guest_start 1779214205.700333491
2026-05-20 03:11:28,775 DEBUG   BULK_SNAP_T pipeline_start 1779214205.706736676
2026-05-20 03:11:28,775 DEBUG   BULK_SNAP_T pipeline_done 1779214284.686904034
2026-05-20 03:11:28,775 DEBUG   BULK_SNAP_T guest_end 1779214284.705742170
2026-05-20 03:11:28,776 DEBUG   
2026-05-20 03:11:28,776 DEBUG   14680064 bytes (15 MB) copied, 1.108709 s, 13.2 MB/s
2026-05-20 03:11:28,776 DEBUG   29360128 bytes (29 MB) copied, 2.182657 s, 13.5 MB/s
2026-05-20 03:11:28,776 DEBUG   42991616 bytes (43 MB) copied, 3.196691 s, 13.4 MB/s
2026-05-20 03:11:28,776 DEBUG   59768832 bytes (60 MB) copied, 4.231558 s, 14.1 MB/s
2026-05-20 03:11:28,776 DEBUG   75497472 bytes (75 MB) copied, 5.234615 s, 14.4 MB/s
2026-05-20 03:11:28,776 DEBUG   88080384 bytes (88 MB) copied, 6.244652 s, 14.1 MB/s
2026-05-20 03:11:28,776 DEBUG   101711872 bytes (102 MB) copied, 7.298812 s, 13.9 MB/s
2026-05-20 03:11:28,776 DEBUG   115343360 bytes (115 MB) copied, 8.317690 s, 13.9 MB/s
2026-05-20 03:11:28,776 DEBUG   127926272 bytes (128 MB) copied, 9.348715 s, 13.7 MB/s
2026-05-20 03:11:28,776 DEBUG   140509184 bytes (141 MB) copied, 10.351679 s, 13.6 MB/s
2026-05-20 03:11:28,776 DEBUG   150994944 bytes (151 MB) copied, 11.405560 s, 13.2 MB/s
2026-05-20 03:11:28,776 DEBUG   167772160 bytes (168 MB) copied, 12.585612 s, 13.3 MB/s
2026-05-20 03:11:28,776 DEBUG   181403648 bytes (181 MB) copied, 13.600651 s, 13.3 MB/s
2026-05-20 03:11:28,776 DEBUG   197132288 bytes (197 MB) copied, 14.693615 s, 13.4 MB/s
2026-05-20 03:11:28,776 DEBUG   209715200 bytes (210 MB) copied, 15.748638 s, 13.3 MB/s
2026-05-20 03:11:28,776 DEBUG   222298112 bytes (222 MB) copied, 16.823944 s, 13.2 MB/s
2026-05-20 03:11:28,776 DEBUG   233832448 bytes (234 MB) copied, 17.899903 s, 13.1 MB/s
2026-05-20 03:11:28,776 DEBUG   247463936 bytes (247 MB) copied, 18.903646 s, 13.1 MB/s
2026-05-20 03:11:28,776 DEBUG   262144000 bytes (262 MB) copied, 19.917683 s, 13.2 MB/s
2026-05-20 03:11:28,776 DEBUG   277872640 bytes (278 MB) copied, 21.034657 s, 13.2 MB/s
2026-05-20 03:11:28,776 DEBUG   288358400 bytes (288 MB) copied, 22.120836 s, 13.0 MB/s
2026-05-20 03:11:28,776 DEBUG   303038464 bytes (303 MB) copied, 23.126067 s, 13.1 MB/s
2026-05-20 03:11:28,776 DEBUG   317718528 bytes (318 MB) copied, 24.247686 s, 13.1 MB/s
2026-05-20 03:11:28,776 DEBUG   330301440 bytes (330 MB) copied, 25.298593 s, 13.1 MB/s
2026-05-20 03:11:28,776 DEBUG   347078656 bytes (347 MB) copied, 26.358676 s, 13.2 MB/s
2026-05-20 03:11:28,776 DEBUG   359661568 bytes (360 MB) copied, 27.454616 s, 13.1 MB/s
2026-05-20 03:11:28,776 DEBUG   371195904 bytes (371 MB) copied, 28.506635 s, 13.0 MB/s
2026-05-20 03:11:28,776 DEBUG   385875968 bytes (386 MB) copied, 29.570646 s, 13.0 MB/s
2026-05-20 03:11:28,776 DEBUG   398458880 bytes (398 MB) copied, 30.623650 s, 13.0 MB/s
2026-05-20 03:11:28,776 DEBUG   415236096 bytes (415 MB) copied, 31.684780 s, 13.1 MB/s
2026-05-20 03:11:28,776 DEBUG   427819008 bytes (428 MB) copied, 32.758770 s, 13.1 MB/s
2026-05-20 03:11:28,776 DEBUG   440401920 bytes (440 MB) copied, 34.014652 s, 12.9 MB/s
2026-05-20 03:11:28,776 DEBUG   451936256 bytes (452 MB) copied, 35.042692 s, 12.9 MB/s
2026-05-20 03:11:28,776 DEBUG   466616320 bytes (467 MB) copied, 36.050779 s, 12.9 MB/s
2026-05-20 03:11:28,776 DEBUG   481296384 bytes (481 MB) copied, 37.146609 s, 13.0 MB/s
2026-05-20 03:11:28,776 DEBUG   497025024 bytes (497 MB) copied, 38.147210 s, 13.0 MB/s
2026-05-20 03:11:28,776 DEBUG   514850816 bytes (515 MB) copied, 39.160136 s, 13.1 MB/s
2026-05-20 03:11:28,776 DEBUG   529530880 bytes (530 MB) copied, 40.169696 s, 13.2 MB/s
2026-05-20 03:11:28,776 DEBUG   541065216 bytes (541 MB) copied, 41.307576 s, 13.1 MB/s
2026-05-20 03:11:28,776 DEBUG   556793856 bytes (557 MB) copied, 42.385741 s, 13.1 MB/s
2026-05-20 03:11:28,776 DEBUG   572522496 bytes (573 MB) copied, 43.397691 s, 13.2 MB/s
2026-05-20 03:11:28,776 DEBUG   588251136 bytes (588 MB) copied, 44.416952 s, 13.2 MB/s
2026-05-20 03:11:28,776 DEBUG   601882624 bytes (602 MB) copied, 45.438663 s, 13.2 MB/s
2026-05-20 03:11:28,776 DEBUG   616562688 bytes (617 MB) copied, 46.567568 s, 13.2 MB/s
2026-05-20 03:11:28,776 DEBUG   629145600 bytes (629 MB) copied, 47.709636 s, 13.2 MB/s
2026-05-20 03:11:28,776 DEBUG   644874240 bytes (645 MB) copied, 48.736601 s, 13.2 MB/s
2026-05-20 03:11:28,776 DEBUG   658505728 bytes (659 MB) copied, 49.737315 s, 13.2 MB/s
2026-05-20 03:11:28,776 DEBUG   674234368 bytes (674 MB) copied, 50.956629 s, 13.2 MB/s
2026-05-20 03:11:28,776 DEBUG   685768704 bytes (686 MB) copied, 51.993637 s, 13.2 MB/s
2026-05-20 03:11:28,776 DEBUG   699400192 bytes (699 MB) copied, 53.002656 s, 13.2 MB/s
2026-05-20 03:11:28,776 DEBUG   714080256 bytes (714 MB) copied, 54.215641 s, 13.2 MB/s
2026-05-20 03:11:28,777 DEBUG   729808896 bytes (730 MB) copied, 55.228660 s, 13.2 MB/s
2026-05-20 03:11:28,777 DEBUG   744488960 bytes (744 MB) copied, 56.284712 s, 13.2 MB/s
2026-05-20 03:11:28,777 DEBUG   760217600 bytes (760 MB) copied, 57.294705 s, 13.3 MB/s
2026-05-20 03:11:28,777 DEBUG   773849088 bytes (774 MB) copied, 58.319634 s, 13.3 MB/s
2026-05-20 03:11:28,777 DEBUG   789577728 bytes (790 MB) copied, 59.380641 s, 13.3 MB/s
2026-05-20 03:11:28,777 DEBUG   804257792 bytes (804 MB) copied, 60.397047 s, 13.3 MB/s
2026-05-20 03:11:28,777 DEBUG   815792128 bytes (816 MB) copied, 61.406726 s, 13.3 MB/s
2026-05-20 03:11:28,777 DEBUG   830472192 bytes (830 MB) copied, 62.454649 s, 13.3 MB/s
2026-05-20 03:11:28,777 DEBUG   844103680 bytes (844 MB) copied, 63.484730 s, 13.3 MB/s
2026-05-20 03:11:28,777 DEBUG   871366656 bytes (871 MB) copied, 64.491659 s, 13.5 MB/s
2026-05-20 03:11:28,777 DEBUG   888143872 bytes (888 MB) copied, 65.586637 s, 13.5 MB/s
2026-05-20 03:11:28,777 DEBUG   900726784 bytes (901 MB) copied, 66.615630 s, 13.5 MB/s
2026-05-20 03:11:28,777 DEBUG   913309696 bytes (913 MB) copied, 67.620743 s, 13.5 MB/s
2026-05-20 03:11:28,777 DEBUG   924844032 bytes (925 MB) copied, 68.646671 s, 13.5 MB/s
2026-05-20 03:11:28,777 DEBUG   937426944 bytes (937 MB) copied, 69.657912 s, 13.5 MB/s
2026-05-20 03:11:28,777 DEBUG   948961280 bytes (949 MB) copied, 70.746883 s, 13.4 MB/s
2026-05-20 03:11:28,777 DEBUG   967835648 bytes (968 MB) copied, 71.873676 s, 13.5 MB/s
2026-05-20 03:11:28,777 DEBUG   980418560 bytes (980 MB) copied, 73.055624 s, 13.4 MB/s
2026-05-20 03:11:28,777 DEBUG   1005584384 bytes (1.0 GB) copied, 74.060154 s, 13.6 MB/s
2026-05-20 03:11:28,777 DEBUG   1020264448 bytes (1.0 GB) copied, 75.102812 s, 13.6 MB/s
2026-05-20 03:11:28,777 DEBUG   1042284544 bytes (1.0 GB) copied, 76.170646 s, 13.7 MB/s
2026-05-20 03:11:28,777 DEBUG   1054867456 bytes (1.1 GB) copied, 77.275621 s, 13.7 MB/s
2026-05-20 03:11:28,777 DEBUG   1068498944 bytes (1.1 GB) copied, 78.284677 s, 13.6 MB/s
2026-05-20 03:11:28,777 DEBUG   1024+0 records in
2026-05-20 03:11:28,777 DEBUG   1024+0 records out
2026-05-20 03:11:28,777 DEBUG   1073741824 bytes (1.1 GB) copied, 78.7909 s, 13.6 MB/s
2026-05-20 03:11:28,777 DEBUG   OK (disk op exit 0)
2026-05-20 03:11:28,777 WARNING Guest disk op wall 81.5s (vm='ahv_ins_delete-0-260514-191520' ip=10.114.54.43 op=create ec=0) — includes SSH + guest disk command; if still high, check guest disk throughput vs. MiB settings.
2026-05-20 03:11:28,778 DEBUG [116/1170] VM 189f7ecc… (ahv_ins_delete-0-260514-194642) via 10.114.53.124 op=create
2026-05-20 03:11:28,778 DEBUG   remote: bash -lc 'set -e; _bs(){ printf '"'"'BULK_SNAP_T %s %s\n'"'"' "$1" "$(date +%s.%N 2>/dev/null || date +%s)"; }; _bs guest_start; _bs pipeline_start; openssl enc -aes-256-ctr -pass pass:"testing" -nosalt < /dev/zero 2>/dev/null | dd of=/root/dummy_snapshot_data_1.img bs=1M count=1024 iflag=fullblock status=progress; ec=$?; _bs pipeline_done; _bs guest_end; exit $ec'
2026-05-20 03:11:29,531 DEBUG   BULK_SNAP_T guest_start 1779214201.482300717
2026-05-20 03:11:29,531 DEBUG   BULK_SNAP_T pipeline_start 1779214201.495802655
2026-05-20 03:11:29,531 DEBUG   BULK_SNAP_T pipeline_done 1779214285.790793886
2026-05-20 03:11:29,531 DEBUG   BULK_SNAP_T guest_end 1779214285.876058563
2026-05-20 03:11:29,531 DEBUG   
2026-05-20 03:11:29,531 DEBUG   12582912 bytes (13 MB) copied, 1.004179 s, 12.5 MB/s
2026-05-20 03:11:29,531 DEBUG   28311552 bytes (28 MB) copied, 2.015239 s, 14.0 MB/s
2026-05-20 03:11:29,531 DEBUG   41943040 bytes (42 MB) copied, 3.130179 s, 13.4 MB/s
2026-05-20 03:11:29,531 DEBUG   54525952 bytes (55 MB) copied, 4.141098 s, 13.2 MB/s
2026-05-20 03:11:29,531 DEBUG   69206016 bytes (69 MB) copied, 5.186179 s, 13.3 MB/s
2026-05-20 03:11:29,531 DEBUG   80740352 bytes (81 MB) copied, 6.223170 s, 13.0 MB/s
2026-05-20 03:11:29,531 DEBUG   92274688 bytes (92 MB) copied, 7.359147 s, 12.5 MB/s
2026-05-20 03:11:29,531 DEBUG   104857600 bytes (105 MB) copied, 8.368134 s, 12.5 MB/s
2026-05-20 03:11:29,531 DEBUG   118489088 bytes (118 MB) copied, 9.400194 s, 12.6 MB/s
2026-05-20 03:11:29,531 DEBUG   134217728 bytes (134 MB) copied, 10.458119 s, 12.8 MB/s
2026-05-20 03:11:29,531 DEBUG   143654912 bytes (144 MB) copied, 11.511126 s, 12.5 MB/s
2026-05-20 03:11:29,531 DEBUG   155189248 bytes (155 MB) copied, 12.556103 s, 12.4 MB/s
2026-05-20 03:11:29,531 DEBUG   175112192 bytes (175 MB) copied, 13.560130 s, 12.9 MB/s
2026-05-20 03:11:29,531 DEBUG   186646528 bytes (187 MB) copied, 14.560294 s, 12.8 MB/s
2026-05-20 03:11:29,531 DEBUG   203423744 bytes (203 MB) copied, 15.580124 s, 13.1 MB/s
2026-05-20 03:11:29,531 DEBUG   214958080 bytes (215 MB) copied, 16.648106 s, 12.9 MB/s
2026-05-20 03:11:29,531 DEBUG   231735296 bytes (232 MB) copied, 17.695090 s, 13.1 MB/s
2026-05-20 03:11:29,531 DEBUG   250609664 bytes (251 MB) copied, 18.817081 s, 13.3 MB/s
2026-05-20 03:11:29,531 DEBUG   265289728 bytes (265 MB) copied, 19.836132 s, 13.4 MB/s
2026-05-20 03:11:29,532 DEBUG   277872640 bytes (278 MB) copied, 20.946132 s, 13.3 MB/s
2026-05-20 03:11:29,532 DEBUG   289406976 bytes (289 MB) copied, 21.970084 s, 13.2 MB/s
2026-05-20 03:11:29,532 DEBUG   300941312 bytes (301 MB) copied, 23.008126 s, 13.1 MB/s
2026-05-20 03:11:29,532 DEBUG   315621376 bytes (316 MB) copied, 24.053272 s, 13.1 MB/s
2026-05-20 03:11:29,532 DEBUG   340787200 bytes (341 MB) copied, 25.106382 s, 13.6 MB/s
2026-05-20 03:11:29,532 DEBUG   354418688 bytes (354 MB) copied, 26.132297 s, 13.6 MB/s
2026-05-20 03:11:29,532 DEBUG   372244480 bytes (372 MB) copied, 27.198058 s, 13.7 MB/s
2026-05-20 03:11:29,532 DEBUG   384827392 bytes (385 MB) copied, 28.204094 s, 13.6 MB/s
2026-05-20 03:11:29,532 DEBUG   401604608 bytes (402 MB) copied, 29.358107 s, 13.7 MB/s
2026-05-20 03:11:29,532 DEBUG   421527552 bytes (422 MB) copied, 30.500145 s, 13.8 MB/s
2026-05-20 03:11:29,532 DEBUG   433061888 bytes (433 MB) copied, 31.558109 s, 13.7 MB/s
2026-05-20 03:11:29,532 DEBUG   451936256 bytes (452 MB) copied, 32.600143 s, 13.9 MB/s
2026-05-20 03:11:29,532 DEBUG   466616320 bytes (467 MB) copied, 33.738083 s, 13.8 MB/s
2026-05-20 03:11:29,532 DEBUG   481296384 bytes (481 MB) copied, 34.744587 s, 13.9 MB/s
2026-05-20 03:11:29,532 DEBUG   490733568 bytes (491 MB) copied, 35.809162 s, 13.7 MB/s
2026-05-20 03:11:29,532 DEBUG   503316480 bytes (503 MB) copied, 36.925204 s, 13.6 MB/s
2026-05-20 03:11:29,532 DEBUG   515899392 bytes (516 MB) copied, 37.976251 s, 13.6 MB/s
2026-05-20 03:11:29,532 DEBUG   529530880 bytes (530 MB) copied, 39.140205 s, 13.5 MB/s
2026-05-20 03:11:29,532 DEBUG   540016640 bytes (540 MB) copied, 40.214143 s, 13.4 MB/s
2026-05-20 03:11:29,532 DEBUG   553648128 bytes (554 MB) copied, 41.336085 s, 13.4 MB/s
2026-05-20 03:11:29,532 DEBUG   567279616 bytes (567 MB) copied, 42.565095 s, 13.3 MB/s
2026-05-20 03:11:29,532 DEBUG   579862528 bytes (580 MB) copied, 43.575173 s, 13.3 MB/s
2026-05-20 03:11:29,532 DEBUG   597688320 bytes (598 MB) copied, 44.698115 s, 13.4 MB/s
2026-05-20 03:11:29,532 DEBUG   608174080 bytes (608 MB) copied, 45.811181 s, 13.3 MB/s
2026-05-20 03:11:29,532 DEBUG   618659840 bytes (619 MB) copied, 46.845106 s, 13.2 MB/s
2026-05-20 03:11:29,532 DEBUG   630194176 bytes (630 MB) copied, 47.873313 s, 13.2 MB/s
2026-05-20 03:11:29,532 DEBUG   642777088 bytes (643 MB) copied, 48.903400 s, 13.1 MB/s
2026-05-20 03:11:29,532 DEBUG   655360000 bytes (655 MB) copied, 50.017140 s, 13.1 MB/s
2026-05-20 03:11:29,532 DEBUG   667942912 bytes (668 MB) copied, 51.091368 s, 13.1 MB/s
2026-05-20 03:11:29,532 DEBUG   677380096 bytes (677 MB) copied, 52.116173 s, 13.0 MB/s
2026-05-20 03:11:29,532 DEBUG   687865856 bytes (688 MB) copied, 53.129199 s, 12.9 MB/s
2026-05-20 03:11:29,532 DEBUG   700448768 bytes (700 MB) copied, 54.145099 s, 12.9 MB/s
2026-05-20 03:11:29,532 DEBUG   713031680 bytes (713 MB) copied, 55.180153 s, 12.9 MB/s
2026-05-20 03:11:29,532 DEBUG   728760320 bytes (729 MB) copied, 56.247241 s, 13.0 MB/s
2026-05-20 03:11:29,532 DEBUG   743440384 bytes (743 MB) copied, 57.284144 s, 13.0 MB/s
2026-05-20 03:11:29,532 DEBUG   753926144 bytes (754 MB) copied, 58.312085 s, 12.9 MB/s
2026-05-20 03:11:29,532 DEBUG   767557632 bytes (768 MB) copied, 59.320093 s, 12.9 MB/s
2026-05-20 03:11:29,532 DEBUG   779091968 bytes (779 MB) copied, 60.323364 s, 12.9 MB/s
2026-05-20 03:11:29,532 DEBUG   793772032 bytes (794 MB) copied, 61.459088 s, 12.9 MB/s
2026-05-20 03:11:29,532 DEBUG   809500672 bytes (810 MB) copied, 62.510109 s, 12.9 MB/s
2026-05-20 03:11:29,532 DEBUG   822083584 bytes (822 MB) copied, 63.552149 s, 12.9 MB/s
2026-05-20 03:11:29,532 DEBUG   838860800 bytes (839 MB) copied, 64.609115 s, 13.0 MB/s
2026-05-20 03:11:29,532 DEBUG   849346560 bytes (849 MB) copied, 65.629100 s, 12.9 MB/s
2026-05-20 03:11:29,532 DEBUG   861929472 bytes (862 MB) copied, 66.649188 s, 12.9 MB/s
2026-05-20 03:11:29,532 DEBUG   875560960 bytes (876 MB) copied, 67.707087 s, 12.9 MB/s
2026-05-20 03:11:29,532 DEBUG   889192448 bytes (889 MB) copied, 68.802083 s, 12.9 MB/s
2026-05-20 03:11:29,532 DEBUG   902823936 bytes (903 MB) copied, 69.940285 s, 12.9 MB/s
2026-05-20 03:11:29,532 DEBUG   914358272 bytes (914 MB) copied, 71.015126 s, 12.9 MB/s
2026-05-20 03:11:29,532 DEBUG   926941184 bytes (927 MB) copied, 72.021091 s, 12.9 MB/s
2026-05-20 03:11:29,533 DEBUG   940572672 bytes (941 MB) copied, 73.088157 s, 12.9 MB/s
2026-05-20 03:11:29,533 DEBUG   951058432 bytes (951 MB) copied, 74.092115 s, 12.8 MB/s
2026-05-20 03:11:29,533 DEBUG   964689920 bytes (965 MB) copied, 75.231216 s, 12.8 MB/s
2026-05-20 03:11:29,533 DEBUG   980418560 bytes (980 MB) copied, 76.405099 s, 12.8 MB/s
2026-05-20 03:11:29,533 DEBUG   993001472 bytes (993 MB) copied, 77.453139 s, 12.8 MB/s
2026-05-20 03:11:29,533 DEBUG   1004535808 bytes (1.0 GB) copied, 78.467433 s, 12.8 MB/s
2026-05-20 03:11:29,533 DEBUG   1015021568 bytes (1.0 GB) copied, 79.468095 s, 12.8 MB/s
2026-05-20 03:11:29,533 DEBUG   1031798784 bytes (1.0 GB) copied, 80.494437 s, 12.8 MB/s
2026-05-20 03:11:29,533 DEBUG   1045430272 bytes (1.0 GB) copied, 81.535297 s, 12.8 MB/s
2026-05-20 03:11:29,533 DEBUG   1056964608 bytes (1.1 GB) copied, 82.616154 s, 12.8 MB/s
2026-05-20 03:11:29,533 DEBUG   1070596096 bytes (1.1 GB) copied, 83.821194 s, 12.8 MB/s
2026-05-20 03:11:29,533 DEBUG   1024+0 records in
2026-05-20 03:11:29,533 DEBUG   1024+0 records out
2026-05-20 03:11:29,533 DEBUG   1073741824 bytes (1.1 GB) copied, 84.1542 s, 12.8 MB/s
2026-05-20 03:11:29,533 DEBUG   OK (disk op exit 0)
2026-05-20 03:11:29,533 WARNING Guest disk op wall 87.5s (vm='ahv_ins_delete-0-260514-190948' ip=10.114.53.0 op=create ec=0) — includes SSH + guest disk command; if still high, check guest disk throughput vs. MiB settings.
2026-05-20 03:11:29,533 DEBUG [117/1170] VM 1b6139cb… (ahv_ins_delete-0-260514-194724) via 10.114.48.153 op=create
2026-05-20 03:11:29,533 DEBUG   remote: bash -lc 'set -e; _bs(){ printf '"'"'BULK_SNAP_T %s %s\n'"'"' "$1" "$(date +%s.%N 2>/dev/null || date +%s)"; }; _bs guest_start; _bs pipeline_start; openssl enc -aes-256-ctr -pass pass:"testing" -nosalt < /dev/zero 2>/dev/null | dd of=/root/dummy_snapshot_data_1.img bs=1M count=1024 iflag=fullblock status=progress; ec=$?; _bs pipeline_done; _bs guest_end; exit $ec'
2026-05-20 03:11:37,279 DEBUG   BULK_SNAP_T guest_start 1779214209.066994008
2026-05-20 03:11:37,279 DEBUG   BULK_SNAP_T pipeline_start 1779214209.077209338
2026-05-20 03:11:37,279 DEBUG   BULK_SNAP_T pipeline_done 1779214293.647017115
2026-05-20 03:11:37,279 DEBUG   BULK_SNAP_T guest_end 1779214293.665797745
2026-05-20 03:11:37,279 DEBUG   
2026-05-20 03:11:37,279 DEBUG   12582912 bytes (13 MB) copied, 1.013419 s, 12.4 MB/s
2026-05-20 03:11:37,279 DEBUG   28311552 bytes (28 MB) copied, 2.059463 s, 13.7 MB/s
2026-05-20 03:11:37,279 DEBUG   40894464 bytes (41 MB) copied, 3.079395 s, 13.3 MB/s
2026-05-20 03:11:37,279 DEBUG   53477376 bytes (53 MB) copied, 4.150377 s, 12.9 MB/s
2026-05-20 03:11:37,279 DEBUG   65011712 bytes (65 MB) copied, 5.168497 s, 12.6 MB/s
2026-05-20 03:11:37,279 DEBUG   78643200 bytes (79 MB) copied, 6.237447 s, 12.6 MB/s
2026-05-20 03:11:37,279 DEBUG   90177536 bytes (90 MB) copied, 7.244452 s, 12.4 MB/s
2026-05-20 03:11:37,279 DEBUG   102760448 bytes (103 MB) copied, 8.257818 s, 12.4 MB/s
2026-05-20 03:11:37,279 DEBUG   120586240 bytes (121 MB) copied, 9.261367 s, 13.0 MB/s
2026-05-20 03:11:37,279 DEBUG   135266304 bytes (135 MB) copied, 10.262399 s, 13.2 MB/s
2026-05-20 03:11:37,279 DEBUG   145752064 bytes (146 MB) copied, 11.318542 s, 12.9 MB/s
2026-05-20 03:11:37,279 DEBUG   157286400 bytes (157 MB) copied, 12.378453 s, 12.7 MB/s
2026-05-20 03:11:37,279 DEBUG   175112192 bytes (175 MB) copied, 13.411529 s, 13.1 MB/s
2026-05-20 03:11:37,279 DEBUG   199229440 bytes (199 MB) copied, 14.427434 s, 13.8 MB/s
2026-05-20 03:11:37,279 DEBUG   211812352 bytes (212 MB) copied, 15.446511 s, 13.7 MB/s
2026-05-20 03:11:37,279 DEBUG   223346688 bytes (223 MB) copied, 16.455430 s, 13.6 MB/s
2026-05-20 03:11:37,279 DEBUG   236978176 bytes (237 MB) copied, 17.503657 s, 13.5 MB/s
2026-05-20 03:11:37,280 DEBUG   252706816 bytes (253 MB) copied, 18.570437 s, 13.6 MB/s
2026-05-20 03:11:37,280 DEBUG   263192576 bytes (263 MB) copied, 19.587400 s, 13.4 MB/s
2026-05-20 03:11:37,280 DEBUG   279969792 bytes (280 MB) copied, 20.647472 s, 13.6 MB/s
2026-05-20 03:11:37,280 DEBUG   291504128 bytes (292 MB) copied, 21.761455 s, 13.4 MB/s
2026-05-20 03:11:37,280 DEBUG   310378496 bytes (310 MB) copied, 22.809477 s, 13.6 MB/s
2026-05-20 03:11:37,280 DEBUG   326107136 bytes (326 MB) copied, 23.842432 s, 13.7 MB/s
2026-05-20 03:11:37,280 DEBUG   339738624 bytes (340 MB) copied, 24.877478 s, 13.7 MB/s
2026-05-20 03:11:37,280 DEBUG   356515840 bytes (357 MB) copied, 25.889476 s, 13.8 MB/s
2026-05-20 03:11:37,280 DEBUG   368050176 bytes (368 MB) copied, 26.890674 s, 13.7 MB/s
2026-05-20 03:11:37,280 DEBUG   381681664 bytes (382 MB) copied, 27.914682 s, 13.7 MB/s
2026-05-20 03:11:37,280 DEBUG   392167424 bytes (392 MB) copied, 28.942398 s, 13.5 MB/s
2026-05-20 03:11:37,280 DEBUG   403701760 bytes (404 MB) copied, 29.976478 s, 13.5 MB/s
2026-05-20 03:11:37,280 DEBUG   415236096 bytes (415 MB) copied, 31.099395 s, 13.4 MB/s
2026-05-20 03:11:37,280 DEBUG   430964736 bytes (431 MB) copied, 32.201402 s, 13.4 MB/s
2026-05-20 03:11:37,280 DEBUG   444596224 bytes (445 MB) copied, 33.217652 s, 13.4 MB/s
2026-05-20 03:11:37,280 DEBUG   458227712 bytes (458 MB) copied, 34.289450 s, 13.4 MB/s
2026-05-20 03:11:37,280 DEBUG   468713472 bytes (469 MB) copied, 35.321775 s, 13.3 MB/s
2026-05-20 03:11:37,280 DEBUG   483393536 bytes (483 MB) copied, 36.332407 s, 13.3 MB/s
2026-05-20 03:11:37,280 DEBUG   497025024 bytes (497 MB) copied, 37.360423 s, 13.3 MB/s
2026-05-20 03:11:37,280 DEBUG   513802240 bytes (514 MB) copied, 38.439406 s, 13.4 MB/s
2026-05-20 03:11:37,280 DEBUG   530579456 bytes (531 MB) copied, 39.631546 s, 13.4 MB/s
2026-05-20 03:11:37,280 DEBUG   545259520 bytes (545 MB) copied, 40.746436 s, 13.4 MB/s
2026-05-20 03:11:37,280 DEBUG   556793856 bytes (557 MB) copied, 41.886440 s, 13.3 MB/s
2026-05-20 03:11:37,280 DEBUG   568328192 bytes (568 MB) copied, 42.899417 s, 13.2 MB/s
2026-05-20 03:11:37,280 DEBUG   578813952 bytes (579 MB) copied, 43.940451 s, 13.2 MB/s
2026-05-20 03:11:37,280 DEBUG   588251136 bytes (588 MB) copied, 44.963553 s, 13.1 MB/s
2026-05-20 03:11:37,280 DEBUG   600834048 bytes (601 MB) copied, 46.015476 s, 13.1 MB/s
2026-05-20 03:11:37,280 DEBUG   613416960 bytes (613 MB) copied, 47.071467 s, 13.0 MB/s
2026-05-20 03:11:37,280 DEBUG   629145600 bytes (629 MB) copied, 48.112600 s, 13.1 MB/s
2026-05-20 03:11:37,280 DEBUG   645922816 bytes (646 MB) copied, 49.117441 s, 13.2 MB/s
2026-05-20 03:11:37,280 DEBUG   671088640 bytes (671 MB) copied, 50.141863 s, 13.4 MB/s
2026-05-20 03:11:37,280 DEBUG   689963008 bytes (690 MB) copied, 51.209448 s, 13.5 MB/s
2026-05-20 03:11:37,280 DEBUG   706740224 bytes (707 MB) copied, 52.339450 s, 13.5 MB/s
2026-05-20 03:11:37,280 DEBUG   720371712 bytes (720 MB) copied, 53.349464 s, 13.5 MB/s
2026-05-20 03:11:37,280 DEBUG   732954624 bytes (733 MB) copied, 54.363393 s, 13.5 MB/s
2026-05-20 03:11:37,280 DEBUG   745537536 bytes (746 MB) copied, 55.430458 s, 13.4 MB/s
2026-05-20 03:11:37,280 DEBUG   758120448 bytes (758 MB) copied, 56.495489 s, 13.4 MB/s
2026-05-20 03:11:37,280 DEBUG   769654784 bytes (770 MB) copied, 57.666709 s, 13.3 MB/s
2026-05-20 03:11:37,280 DEBUG   783286272 bytes (783 MB) copied, 58.667609 s, 13.4 MB/s
2026-05-20 03:11:37,280 DEBUG   797966336 bytes (798 MB) copied, 59.751491 s, 13.4 MB/s
2026-05-20 03:11:37,280 DEBUG   810549248 bytes (811 MB) copied, 60.871446 s, 13.3 MB/s
2026-05-20 03:11:37,280 DEBUG   822083584 bytes (822 MB) copied, 61.975433 s, 13.3 MB/s
2026-05-20 03:11:37,280 DEBUG   834666496 bytes (835 MB) copied, 63.039698 s, 13.2 MB/s
2026-05-20 03:11:37,280 DEBUG   846200832 bytes (846 MB) copied, 64.093850 s, 13.2 MB/s
2026-05-20 03:11:37,280 DEBUG   859832320 bytes (860 MB) copied, 65.140463 s, 13.2 MB/s
2026-05-20 03:11:37,280 DEBUG   872415232 bytes (872 MB) copied, 66.161462 s, 13.2 MB/s
2026-05-20 03:11:37,280 DEBUG   883949568 bytes (884 MB) copied, 67.173464 s, 13.2 MB/s
2026-05-20 03:11:37,280 DEBUG   900726784 bytes (901 MB) copied, 68.206844 s, 13.2 MB/s
2026-05-20 03:11:37,280 DEBUG   914358272 bytes (914 MB) copied, 69.275467 s, 13.2 MB/s
2026-05-20 03:11:37,280 DEBUG   924844032 bytes (925 MB) copied, 70.405414 s, 13.1 MB/s
2026-05-20 03:11:37,280 DEBUG   939524096 bytes (940 MB) copied, 71.496424 s, 13.1 MB/s
2026-05-20 03:11:37,280 DEBUG   947912704 bytes (948 MB) copied, 72.565384 s, 13.1 MB/s
2026-05-20 03:11:37,280 DEBUG   958398464 bytes (958 MB) copied, 73.621437 s, 13.0 MB/s
2026-05-20 03:11:37,281 DEBUG   969932800 bytes (970 MB) copied, 74.655652 s, 13.0 MB/s
2026-05-20 03:11:37,281 DEBUG   980418560 bytes (980 MB) copied, 75.708384 s, 12.9 MB/s
2026-05-20 03:11:37,281 DEBUG   991952896 bytes (992 MB) copied, 76.792463 s, 12.9 MB/s
2026-05-20 03:11:37,281 DEBUG   1003487232 bytes (1.0 GB) copied, 77.890614 s, 12.9 MB/s
2026-05-20 03:11:37,281 DEBUG   1013972992 bytes (1.0 GB) copied, 78.915991 s, 12.8 MB/s
2026-05-20 03:11:37,281 DEBUG   1025507328 bytes (1.0 GB) copied, 79.959464 s, 12.8 MB/s
2026-05-20 03:11:37,281 DEBUG   1039138816 bytes (1.0 GB) copied, 81.035365 s, 12.8 MB/s
2026-05-20 03:11:37,281 DEBUG   1047527424 bytes (1.0 GB) copied, 82.063512 s, 12.8 MB/s
2026-05-20 03:11:37,281 DEBUG   1059061760 bytes (1.1 GB) copied, 83.112438 s, 12.7 MB/s
2026-05-20 03:11:37,281 DEBUG   1071644672 bytes (1.1 GB) copied, 84.120408 s, 12.7 MB/s
2026-05-20 03:11:37,281 DEBUG   1024+0 records in
2026-05-20 03:11:37,281 DEBUG   1024+0 records out
2026-05-20 03:11:37,281 DEBUG   1073741824 bytes (1.1 GB) copied, 84.3616 s, 12.7 MB/s
2026-05-20 03:11:37,281 DEBUG   OK (disk op exit 0)
2026-05-20 03:11:37,281 WARNING Guest disk op wall 87.5s (vm='ahv_ins_delete-0-260514-191530' ip=10.114.50.38 op=create ec=0) — includes SSH + guest disk command; if still high, check guest disk throughput vs. MiB settings.
2026-05-20 03:11:37,281 DEBUG [118/1170] VM b67f268b… (ahv_ins_delete-0-260514-194848) via 10.114.50.193 op=create
2026-05-20 03:11:37,281 DEBUG   remote: bash -lc 'set -e; _bs(){ printf '"'"'BULK_SNAP_T %s %s\n'"'"' "$1" "$(date +%s.%N 2>/dev/null || date +%s)"; }; _bs guest_start; _bs pipeline_start; openssl enc -aes-256-ctr -pass pass:"testing" -nosalt < /dev/zero 2>/dev/null | dd of=/root/dummy_snapshot_data_1.img bs=1M count=1024 iflag=fullblock status=progress; ec=$?; _bs pipeline_done; _bs guest_end; exit $ec'
2026-05-20 03:11:38,540 DEBUG   BULK_SNAP_T guest_start 1779214207.550978688
2026-05-20 03:11:38,540 DEBUG   BULK_SNAP_T pipeline_start 1779214207.559261664
2026-05-20 03:11:38,540 DEBUG   BULK_SNAP_T pipeline_done 1779214293.931061849
2026-05-20 03:11:38,540 DEBUG   BULK_SNAP_T guest_end 1779214293.941816049
2026-05-20 03:11:38,540 DEBUG   
2026-05-20 03:11:38,540 DEBUG   17825792 bytes (18 MB) copied, 1.015451 s, 17.6 MB/s
2026-05-20 03:11:38,540 DEBUG   34603008 bytes (35 MB) copied, 2.036458 s, 17.0 MB/s
2026-05-20 03:11:38,540 DEBUG   51380224 bytes (51 MB) copied, 3.045473 s, 16.9 MB/s
2026-05-20 03:11:38,540 DEBUG   67108864 bytes (67 MB) copied, 4.062505 s, 16.5 MB/s
2026-05-20 03:11:38,540 DEBUG   79691776 bytes (80 MB) copied, 5.073514 s, 15.7 MB/s
2026-05-20 03:11:38,540 DEBUG   98566144 bytes (99 MB) copied, 6.078547 s, 16.2 MB/s
2026-05-20 03:11:38,540 DEBUG   112197632 bytes (112 MB) copied, 7.088448 s, 15.8 MB/s
2026-05-20 03:11:38,540 DEBUG   127926272 bytes (128 MB) copied, 8.124526 s, 15.7 MB/s
2026-05-20 03:11:38,540 DEBUG   141557760 bytes (142 MB) copied, 9.177529 s, 15.4 MB/s
2026-05-20 03:11:38,540 DEBUG   156237824 bytes (156 MB) copied, 10.351493 s, 15.1 MB/s
2026-05-20 03:11:38,540 DEBUG   169869312 bytes (170 MB) copied, 11.362515 s, 14.9 MB/s
2026-05-20 03:11:38,540 DEBUG   185597952 bytes (186 MB) copied, 12.473498 s, 14.9 MB/s
2026-05-20 03:11:38,540 DEBUG   202375168 bytes (202 MB) copied, 13.576477 s, 14.9 MB/s
2026-05-20 03:11:38,540 DEBUG   218103808 bytes (218 MB) copied, 14.588535 s, 15.0 MB/s
2026-05-20 03:11:38,540 DEBUG   235929600 bytes (236 MB) copied, 15.649428 s, 15.1 MB/s
2026-05-20 03:11:38,540 DEBUG   247463936 bytes (247 MB) copied, 16.729472 s, 14.8 MB/s
2026-05-20 03:11:38,540 DEBUG   263192576 bytes (263 MB) copied, 17.851642 s, 14.7 MB/s
2026-05-20 03:11:38,540 DEBUG   277872640 bytes (278 MB) copied, 18.862483 s, 14.7 MB/s
2026-05-20 03:11:38,540 DEBUG   289406976 bytes (289 MB) copied, 19.900493 s, 14.5 MB/s
2026-05-20 03:11:38,540 DEBUG   300941312 bytes (301 MB) copied, 20.906638 s, 14.4 MB/s
2026-05-20 03:11:38,540 DEBUG   319815680 bytes (320 MB) copied, 22.086038 s, 14.5 MB/s
2026-05-20 03:11:38,540 DEBUG   337641472 bytes (338 MB) copied, 23.192476 s, 14.6 MB/s
2026-05-20 03:11:38,540 DEBUG   351272960 bytes (351 MB) copied, 24.203461 s, 14.5 MB/s
2026-05-20 03:11:38,540 DEBUG   365953024 bytes (366 MB) copied, 25.341497 s, 14.4 MB/s
2026-05-20 03:11:38,540 DEBUG   377487360 bytes (377 MB) copied, 26.364450 s, 14.3 MB/s
2026-05-20 03:11:38,540 DEBUG   391118848 bytes (391 MB) copied, 27.444475 s, 14.3 MB/s
2026-05-20 03:11:38,540 DEBUG   401604608 bytes (402 MB) copied, 28.448482 s, 14.1 MB/s
2026-05-20 03:11:38,541 DEBUG   422576128 bytes (423 MB) copied, 29.471748 s, 14.3 MB/s
2026-05-20 03:11:38,541 DEBUG   435159040 bytes (435 MB) copied, 30.704454 s, 14.2 MB/s
2026-05-20 03:11:38,541 DEBUG   446693376 bytes (447 MB) copied, 31.716546 s, 14.1 MB/s
2026-05-20 03:11:38,541 DEBUG   457179136 bytes (457 MB) copied, 32.732514 s, 14.0 MB/s
2026-05-20 03:11:38,541 DEBUG   469762048 bytes (470 MB) copied, 33.805675 s, 13.9 MB/s
2026-05-20 03:11:38,541 DEBUG   481296384 bytes (481 MB) copied, 34.832471 s, 13.8 MB/s
2026-05-20 03:11:38,541 DEBUG   492830720 bytes (493 MB) copied, 35.834454 s, 13.8 MB/s
2026-05-20 03:11:38,541 DEBUG   507510784 bytes (508 MB) copied, 36.851672 s, 13.8 MB/s
2026-05-20 03:11:38,541 DEBUG   517996544 bytes (518 MB) copied, 37.864502 s, 13.7 MB/s
2026-05-20 03:11:38,541 DEBUG   529530880 bytes (530 MB) copied, 38.892463 s, 13.6 MB/s
2026-05-20 03:11:38,541 DEBUG   541065216 bytes (541 MB) copied, 39.921526 s, 13.6 MB/s
2026-05-20 03:11:38,541 DEBUG   555745280 bytes (556 MB) copied, 40.942536 s, 13.6 MB/s
2026-05-20 03:11:38,541 DEBUG   568328192 bytes (568 MB) copied, 41.993459 s, 13.5 MB/s
2026-05-20 03:11:38,541 DEBUG   580911104 bytes (581 MB) copied, 43.055513 s, 13.5 MB/s
2026-05-20 03:11:38,541 DEBUG   592445440 bytes (592 MB) copied, 44.087511 s, 13.4 MB/s
2026-05-20 03:11:38,541 DEBUG   601882624 bytes (602 MB) copied, 45.168474 s, 13.3 MB/s
2026-05-20 03:11:38,541 DEBUG   613416960 bytes (613 MB) copied, 46.176481 s, 13.3 MB/s
2026-05-20 03:11:38,541 DEBUG   628097024 bytes (628 MB) copied, 47.254473 s, 13.3 MB/s
2026-05-20 03:11:38,541 DEBUG   639631360 bytes (640 MB) copied, 48.403452 s, 13.2 MB/s
2026-05-20 03:11:38,541 DEBUG   651165696 bytes (651 MB) copied, 49.543495 s, 13.1 MB/s
2026-05-20 03:11:38,541 DEBUG   661651456 bytes (662 MB) copied, 50.595915 s, 13.1 MB/s
2026-05-20 03:11:38,541 DEBUG   677380096 bytes (677 MB) copied, 51.596664 s, 13.1 MB/s
2026-05-20 03:11:38,541 DEBUG   688914432 bytes (689 MB) copied, 52.674593 s, 13.1 MB/s
2026-05-20 03:11:38,541 DEBUG   701497344 bytes (701 MB) copied, 53.749827 s, 13.1 MB/s
2026-05-20 03:11:38,541 DEBUG   715128832 bytes (715 MB) copied, 54.768801 s, 13.1 MB/s
2026-05-20 03:11:38,541 DEBUG   728760320 bytes (729 MB) copied, 55.791513 s, 13.1 MB/s
2026-05-20 03:11:38,541 DEBUG   739246080 bytes (739 MB) copied, 56.801501 s, 13.0 MB/s
2026-05-20 03:11:38,541 DEBUG   748683264 bytes (749 MB) copied, 57.824496 s, 12.9 MB/s
2026-05-20 03:11:38,541 DEBUG   761266176 bytes (761 MB) copied, 58.900472 s, 12.9 MB/s
2026-05-20 03:11:38,541 DEBUG   773849088 bytes (774 MB) copied, 59.909453 s, 12.9 MB/s
2026-05-20 03:11:38,541 DEBUG   787480576 bytes (787 MB) copied, 61.004829 s, 12.9 MB/s
2026-05-20 03:11:38,541 DEBUG   803209216 bytes (803 MB) copied, 62.148466 s, 12.9 MB/s
2026-05-20 03:11:38,541 DEBUG   815792128 bytes (816 MB) copied, 63.189585 s, 12.9 MB/s
2026-05-20 03:11:38,541 DEBUG   826277888 bytes (826 MB) copied, 64.221615 s, 12.9 MB/s
2026-05-20 03:11:38,541 DEBUG   840957952 bytes (841 MB) copied, 65.266974 s, 12.9 MB/s
2026-05-20 03:11:38,541 DEBUG   854589440 bytes (855 MB) copied, 66.335671 s, 12.9 MB/s
2026-05-20 03:11:38,541 DEBUG   868220928 bytes (868 MB) copied, 67.419562 s, 12.9 MB/s
2026-05-20 03:11:38,541 DEBUG   881852416 bytes (882 MB) copied, 68.465749 s, 12.9 MB/s
2026-05-20 03:11:38,541 DEBUG   892338176 bytes (892 MB) copied, 69.563469 s, 12.8 MB/s
2026-05-20 03:11:38,541 DEBUG   903872512 bytes (904 MB) copied, 70.672514 s, 12.8 MB/s
2026-05-20 03:11:38,541 DEBUG   917504000 bytes (918 MB) copied, 71.744438 s, 12.8 MB/s
2026-05-20 03:11:38,541 DEBUG   926941184 bytes (927 MB) copied, 72.781475 s, 12.7 MB/s
2026-05-20 03:11:38,541 DEBUG   938475520 bytes (938 MB) copied, 73.920515 s, 12.7 MB/s
2026-05-20 03:11:38,541 DEBUG   950009856 bytes (950 MB) copied, 75.036543 s, 12.7 MB/s
2026-05-20 03:11:38,541 DEBUG   961544192 bytes (962 MB) copied, 76.146436 s, 12.6 MB/s
2026-05-20 03:11:38,541 DEBUG   972029952 bytes (972 MB) copied, 77.255553 s, 12.6 MB/s
2026-05-20 03:11:38,541 DEBUG   983564288 bytes (984 MB) copied, 78.273441 s, 12.6 MB/s
2026-05-20 03:11:38,541 DEBUG   998244352 bytes (998 MB) copied, 79.340461 s, 12.6 MB/s
2026-05-20 03:11:38,541 DEBUG   1013972992 bytes (1.0 GB) copied, 80.620481 s, 12.6 MB/s
2026-05-20 03:11:38,541 DEBUG   1027604480 bytes (1.0 GB) copied, 81.695433 s, 12.6 MB/s
2026-05-20 03:11:38,541 DEBUG   1038090240 bytes (1.0 GB) copied, 82.848539 s, 12.5 MB/s
2026-05-20 03:11:38,541 DEBUG   1048576000 bytes (1.0 GB) copied, 83.968549 s, 12.5 MB/s
2026-05-20 03:11:38,541 DEBUG   1060110336 bytes (1.1 GB) copied, 85.012453 s, 12.5 MB/s
2026-05-20 03:11:38,542 DEBUG   1073741824 bytes (1.1 GB) copied, 86.119719 s, 12.5 MB/s
2026-05-20 03:11:38,542 DEBUG   1024+0 records in
2026-05-20 03:11:38,542 DEBUG   1024+0 records out
2026-05-20 03:11:38,542 DEBUG   1073741824 bytes (1.1 GB) copied, 86.1198 s, 12.5 MB/s
2026-05-20 03:11:38,542 DEBUG   OK (disk op exit 0)
2026-05-20 03:11:38,542 WARNING Guest disk op wall 89.0s (vm='ahv_ins_delete-0-260514-191527' ip=10.114.49.145 op=create ec=0) — includes SSH + guest disk command; if still high, check guest disk throughput vs. MiB settings.
2026-05-20 03:11:38,542 DEBUG [119/1170] VM f61abe15… (ahv_ins_delete-0-260514-194914) via 10.114.49.249 op=create
2026-05-20 03:11:38,542 DEBUG   remote: bash -lc 'set -e; _bs(){ printf '"'"'BULK_SNAP_T %s %s\n'"'"' "$1" "$(date +%s.%N 2>/dev/null || date +%s)"; }; _bs guest_start; _bs pipeline_start; openssl enc -aes-256-ctr -pass pass:"testing" -nosalt < /dev/zero 2>/dev/null | dd of=/root/dummy_snapshot_data_1.img bs=1M count=1024 iflag=fullblock status=progress; ec=$?; _bs pipeline_done; _bs guest_end; exit $ec'
2026-05-20 03:11:39,029 DEBUG   BULK_SNAP_T guest_start 1779214205.628431336
2026-05-20 03:11:39,030 DEBUG   BULK_SNAP_T pipeline_start 1779214205.634207171
2026-05-20 03:11:39,030 DEBUG   BULK_SNAP_T pipeline_done 1779214295.116271863
2026-05-20 03:11:39,030 DEBUG   BULK_SNAP_T guest_end 1779214295.136907332
2026-05-20 03:11:39,030 DEBUG   
2026-05-20 03:11:39,030 DEBUG   13631488 bytes (14 MB) copied, 1.000841 s, 13.6 MB/s
2026-05-20 03:11:39,030 DEBUG   28311552 bytes (28 MB) copied, 2.100847 s, 13.5 MB/s
2026-05-20 03:11:39,030 DEBUG   42991616 bytes (43 MB) copied, 3.113817 s, 13.8 MB/s
2026-05-20 03:11:39,030 DEBUG   59768832 bytes (60 MB) copied, 4.211844 s, 14.2 MB/s
2026-05-20 03:11:39,030 DEBUG   72351744 bytes (72 MB) copied, 5.289780 s, 13.7 MB/s
2026-05-20 03:11:39,030 DEBUG   95420416 bytes (95 MB) copied, 6.302818 s, 15.1 MB/s
2026-05-20 03:11:39,030 DEBUG   103809024 bytes (104 MB) copied, 7.377771 s, 14.1 MB/s
2026-05-20 03:11:39,030 DEBUG   116391936 bytes (116 MB) copied, 8.382835 s, 13.9 MB/s
2026-05-20 03:11:39,030 DEBUG   126877696 bytes (127 MB) copied, 9.383810 s, 13.5 MB/s
2026-05-20 03:11:39,030 DEBUG   148897792 bytes (149 MB) copied, 10.451811 s, 14.2 MB/s
2026-05-20 03:11:39,030 DEBUG   163577856 bytes (164 MB) copied, 11.633843 s, 14.1 MB/s
2026-05-20 03:11:39,030 DEBUG   179306496 bytes (179 MB) copied, 12.656840 s, 14.2 MB/s
2026-05-20 03:11:39,030 DEBUG   190840832 bytes (191 MB) copied, 13.817825 s, 13.8 MB/s
2026-05-20 03:11:39,030 DEBUG   204472320 bytes (204 MB) copied, 14.841781 s, 13.8 MB/s
2026-05-20 03:11:39,030 DEBUG   219152384 bytes (219 MB) copied, 15.847829 s, 13.8 MB/s
2026-05-20 03:11:39,030 DEBUG   235929600 bytes (236 MB) copied, 16.957815 s, 13.9 MB/s
2026-05-20 03:11:39,030 DEBUG   252706816 bytes (253 MB) copied, 18.084132 s, 14.0 MB/s
2026-05-20 03:11:39,030 DEBUG   264241152 bytes (264 MB) copied, 19.103800 s, 13.8 MB/s
2026-05-20 03:11:39,030 DEBUG   278921216 bytes (279 MB) copied, 20.132840 s, 13.9 MB/s
2026-05-20 03:11:39,030 DEBUG   292552704 bytes (293 MB) copied, 21.157815 s, 13.8 MB/s
2026-05-20 03:11:39,030 DEBUG   305135616 bytes (305 MB) copied, 22.317806 s, 13.7 MB/s
2026-05-20 03:11:39,030 DEBUG   317718528 bytes (318 MB) copied, 23.412055 s, 13.6 MB/s
2026-05-20 03:11:39,030 DEBUG   328204288 bytes (328 MB) copied, 24.458790 s, 13.4 MB/s
2026-05-20 03:11:39,030 DEBUG   339738624 bytes (340 MB) copied, 25.561859 s, 13.3 MB/s
2026-05-20 03:11:39,030 DEBUG   352321536 bytes (352 MB) copied, 26.672816 s, 13.2 MB/s
2026-05-20 03:11:39,030 DEBUG   362807296 bytes (363 MB) copied, 27.715779 s, 13.1 MB/s
2026-05-20 03:11:39,030 DEBUG   374341632 bytes (374 MB) copied, 28.748822 s, 13.0 MB/s
2026-05-20 03:11:39,030 DEBUG   385875968 bytes (386 MB) copied, 29.802937 s, 12.9 MB/s
2026-05-20 03:11:39,030 DEBUG   398458880 bytes (398 MB) copied, 30.988041 s, 12.9 MB/s
2026-05-20 03:11:39,030 DEBUG   409993216 bytes (410 MB) copied, 32.000825 s, 12.8 MB/s
2026-05-20 03:11:39,030 DEBUG   423624704 bytes (424 MB) copied, 33.041797 s, 12.8 MB/s
2026-05-20 03:11:39,030 DEBUG   434110464 bytes (434 MB) copied, 34.167830 s, 12.7 MB/s
2026-05-20 03:11:39,030 DEBUG   447741952 bytes (448 MB) copied, 35.270819 s, 12.7 MB/s
2026-05-20 03:11:39,030 DEBUG   459276288 bytes (459 MB) copied, 36.402798 s, 12.6 MB/s
2026-05-20 03:11:39,030 DEBUG   476053504 bytes (476 MB) copied, 37.606810 s, 12.7 MB/s
2026-05-20 03:11:39,030 DEBUG   486539264 bytes (487 MB) copied, 38.691856 s, 12.6 MB/s
2026-05-20 03:11:39,031 DEBUG   497025024 bytes (497 MB) copied, 39.739783 s, 12.5 MB/s
2026-05-20 03:11:39,031 DEBUG   509607936 bytes (510 MB) copied, 40.903798 s, 12.5 MB/s
2026-05-20 03:11:39,031 DEBUG   521142272 bytes (521 MB) copied, 42.070885 s, 12.4 MB/s
2026-05-20 03:11:39,031 DEBUG   532676608 bytes (533 MB) copied, 43.082810 s, 12.4 MB/s
2026-05-20 03:11:39,031 DEBUG   544210944 bytes (544 MB) copied, 44.123039 s, 12.3 MB/s
2026-05-20 03:11:39,031 DEBUG   558891008 bytes (559 MB) copied, 45.226040 s, 12.4 MB/s
2026-05-20 03:11:39,031 DEBUG   572522496 bytes (573 MB) copied, 46.362075 s, 12.3 MB/s
2026-05-20 03:11:39,031 DEBUG   600834048 bytes (601 MB) copied, 47.524153 s, 12.6 MB/s
2026-05-20 03:11:39,031 DEBUG   615514112 bytes (616 MB) copied, 48.601857 s, 12.7 MB/s
2026-05-20 03:11:39,031 DEBUG   627048448 bytes (627 MB) copied, 49.670886 s, 12.6 MB/s
2026-05-20 03:11:39,031 DEBUG   639631360 bytes (640 MB) copied, 50.773796 s, 12.6 MB/s
2026-05-20 03:11:39,031 DEBUG   652214272 bytes (652 MB) copied, 51.890887 s, 12.6 MB/s
2026-05-20 03:11:39,031 DEBUG   661651456 bytes (662 MB) copied, 53.096142 s, 12.5 MB/s
2026-05-20 03:11:39,031 DEBUG   671088640 bytes (671 MB) copied, 54.230954 s, 12.4 MB/s
2026-05-20 03:11:39,031 DEBUG   682622976 bytes (683 MB) copied, 55.353822 s, 12.3 MB/s
2026-05-20 03:11:39,031 DEBUG   695205888 bytes (695 MB) copied, 56.496922 s, 12.3 MB/s
2026-05-20 03:11:39,031 DEBUG   708837376 bytes (709 MB) copied, 57.630826 s, 12.3 MB/s
2026-05-20 03:11:39,031 DEBUG   719323136 bytes (719 MB) copied, 58.679908 s, 12.3 MB/s
2026-05-20 03:11:39,031 DEBUG   727711744 bytes (728 MB) copied, 59.685843 s, 12.2 MB/s
2026-05-20 03:11:39,031 DEBUG   742391808 bytes (742 MB) copied, 60.792816 s, 12.2 MB/s
2026-05-20 03:11:39,031 DEBUG   752877568 bytes (753 MB) copied, 61.822216 s, 12.2 MB/s
2026-05-20 03:11:39,031 DEBUG   765460480 bytes (765 MB) copied, 62.914961 s, 12.2 MB/s
2026-05-20 03:11:39,031 DEBUG   779091968 bytes (779 MB) copied, 63.935786 s, 12.2 MB/s
2026-05-20 03:11:39,031 DEBUG   795869184 bytes (796 MB) copied, 64.936869 s, 12.3 MB/s
2026-05-20 03:11:39,031 DEBUG   821035008 bytes (821 MB) copied, 65.999857 s, 12.4 MB/s
2026-05-20 03:11:39,031 DEBUG   833617920 bytes (834 MB) copied, 67.020119 s, 12.4 MB/s
2026-05-20 03:11:39,031 DEBUG   845152256 bytes (845 MB) copied, 68.098776 s, 12.4 MB/s
2026-05-20 03:11:39,031 DEBUG   855638016 bytes (856 MB) copied, 69.123963 s, 12.4 MB/s
2026-05-20 03:11:39,031 DEBUG   868220928 bytes (868 MB) copied, 70.213907 s, 12.4 MB/s
2026-05-20 03:11:39,031 DEBUG   879755264 bytes (880 MB) copied, 71.342860 s, 12.3 MB/s
2026-05-20 03:11:39,031 DEBUG   894435328 bytes (894 MB) copied, 72.460858 s, 12.3 MB/s
2026-05-20 03:11:39,031 DEBUG   904921088 bytes (905 MB) copied, 73.542282 s, 12.3 MB/s
2026-05-20 03:11:39,031 DEBUG   916455424 bytes (916 MB) copied, 74.569820 s, 12.3 MB/s
2026-05-20 03:11:39,031 DEBUG   926941184 bytes (927 MB) copied, 75.646015 s, 12.3 MB/s
2026-05-20 03:11:39,031 DEBUG   943718400 bytes (944 MB) copied, 76.670187 s, 12.3 MB/s
2026-05-20 03:11:39,031 DEBUG   953155584 bytes (953 MB) copied, 77.688370 s, 12.3 MB/s
2026-05-20 03:11:39,031 DEBUG   964689920 bytes (965 MB) copied, 78.787799 s, 12.2 MB/s
2026-05-20 03:11:39,031 DEBUG   977272832 bytes (977 MB) copied, 79.839215 s, 12.2 MB/s
2026-05-20 03:11:39,031 DEBUG   988807168 bytes (989 MB) copied, 80.932943 s, 12.2 MB/s
2026-05-20 03:11:39,031 DEBUG   1001390080 bytes (1.0 GB) copied, 81.947882 s, 12.2 MB/s
2026-05-20 03:11:39,031 DEBUG   1011875840 bytes (1.0 GB) copied, 82.969854 s, 12.2 MB/s
2026-05-20 03:11:39,031 DEBUG   1021313024 bytes (1.0 GB) copied, 84.035840 s, 12.2 MB/s
2026-05-20 03:11:39,031 DEBUG   1031798784 bytes (1.0 GB) copied, 85.191787 s, 12.1 MB/s
2026-05-20 03:11:39,031 DEBUG   1043333120 bytes (1.0 GB) copied, 86.321994 s, 12.1 MB/s
2026-05-20 03:11:39,031 DEBUG   1051721728 bytes (1.1 GB) copied, 87.352288 s, 12.0 MB/s
2026-05-20 03:11:39,031 DEBUG   1066401792 bytes (1.1 GB) copied, 88.356336 s, 12.1 MB/s
2026-05-20 03:11:39,031 DEBUG   1024+0 records in
2026-05-20 03:11:39,031 DEBUG   1024+0 records out
2026-05-20 03:11:39,031 DEBUG   1073741824 bytes (1.1 GB) copied, 89.2568 s, 12.0 MB/s
2026-05-20 03:11:39,031 DEBUG   OK (disk op exit 0)
2026-05-20 03:11:39,032 WARNING Guest disk op wall 92.0s (vm='ahv_ins_delete-0-260514-191510' ip=10.114.49.101 op=create ec=0) — includes SSH + guest disk command; if still high, check guest disk throughput vs. MiB settings.
2026-05-20 03:11:39,032 DEBUG [120/1170] VM bbeee8a6… (ahv_ins_delete-0-260514-194939) via 10.114.49.34 op=create
2026-05-20 03:11:39,032 DEBUG   remote: bash -lc 'set -e; _bs(){ printf '"'"'BULK_SNAP_T %s %s\n'"'"' "$1" "$(date +%s.%N 2>/dev/null || date +%s)"; }; _bs guest_start; _bs pipeline_start; openssl enc -aes-256-ctr -pass pass:"testing" -nosalt < /dev/zero 2>/dev/null | dd of=/root/dummy_snapshot_data_1.img bs=1M count=1024 iflag=fullblock status=progress; ec=$?; _bs pipeline_done; _bs guest_end; exit $ec'
2026-05-20 03:11:50,533 DEBUG   BULK_SNAP_T guest_start 1779214226.750094737
2026-05-20 03:11:50,533 DEBUG   BULK_SNAP_T pipeline_start 1779214226.758919739
2026-05-20 03:11:50,533 DEBUG   BULK_SNAP_T pipeline_done 1779214306.960923624
2026-05-20 03:11:50,533 DEBUG   BULK_SNAP_T guest_end 1779214306.972222274
2026-05-20 03:11:50,533 DEBUG   
2026-05-20 03:11:50,533 DEBUG   13631488 bytes (14 MB) copied, 1.058365 s, 12.9 MB/s
2026-05-20 03:11:50,533 DEBUG   30408704 bytes (30 MB) copied, 2.078434 s, 14.6 MB/s
2026-05-20 03:11:50,533 DEBUG   49283072 bytes (49 MB) copied, 3.126421 s, 15.8 MB/s
2026-05-20 03:11:50,533 DEBUG   63963136 bytes (64 MB) copied, 4.135482 s, 15.5 MB/s
2026-05-20 03:11:50,533 DEBUG   83886080 bytes (84 MB) copied, 5.142436 s, 16.3 MB/s
2026-05-20 03:11:50,533 DEBUG   99614720 bytes (100 MB) copied, 6.186431 s, 16.1 MB/s
2026-05-20 03:11:50,533 DEBUG   113246208 bytes (113 MB) copied, 7.254389 s, 15.6 MB/s
2026-05-20 03:11:50,533 DEBUG   130023424 bytes (130 MB) copied, 8.348428 s, 15.6 MB/s
2026-05-20 03:11:50,533 DEBUG   145752064 bytes (146 MB) copied, 9.470413 s, 15.4 MB/s
2026-05-20 03:11:50,533 DEBUG   162529280 bytes (163 MB) copied, 10.598506 s, 15.3 MB/s
2026-05-20 03:11:50,533 DEBUG   176160768 bytes (176 MB) copied, 11.753376 s, 15.0 MB/s
2026-05-20 03:11:50,533 DEBUG   187695104 bytes (188 MB) copied, 12.780403 s, 14.7 MB/s
2026-05-20 03:11:50,533 DEBUG   198180864 bytes (198 MB) copied, 13.784397 s, 14.4 MB/s
2026-05-20 03:11:50,533 DEBUG   209715200 bytes (210 MB) copied, 14.813374 s, 14.2 MB/s
2026-05-20 03:11:50,533 DEBUG   225443840 bytes (225 MB) copied, 15.841379 s, 14.2 MB/s
2026-05-20 03:11:50,533 DEBUG   236978176 bytes (237 MB) copied, 16.843382 s, 14.1 MB/s
2026-05-20 03:11:50,533 DEBUG   248512512 bytes (249 MB) copied, 17.845407 s, 13.9 MB/s
2026-05-20 03:11:50,533 DEBUG   258998272 bytes (259 MB) copied, 18.924493 s, 13.7 MB/s
2026-05-20 03:11:50,534 DEBUG   271581184 bytes (272 MB) copied, 20.035437 s, 13.6 MB/s
2026-05-20 03:11:50,534 DEBUG   288358400 bytes (288 MB) copied, 21.042412 s, 13.7 MB/s
2026-05-20 03:11:50,534 DEBUG   299892736 bytes (300 MB) copied, 22.056482 s, 13.6 MB/s
2026-05-20 03:11:50,534 DEBUG   313524224 bytes (314 MB) copied, 23.071647 s, 13.6 MB/s
2026-05-20 03:11:50,534 DEBUG   327155712 bytes (327 MB) copied, 24.193391 s, 13.5 MB/s
2026-05-20 03:11:50,534 DEBUG   341835776 bytes (342 MB) copied, 25.384383 s, 13.5 MB/s
2026-05-20 03:11:50,534 DEBUG   352321536 bytes (352 MB) copied, 26.459400 s, 13.3 MB/s
2026-05-20 03:11:50,534 DEBUG   361758720 bytes (362 MB) copied, 27.492568 s, 13.2 MB/s
2026-05-20 03:11:50,534 DEBUG   375390208 bytes (375 MB) copied, 28.492636 s, 13.2 MB/s
2026-05-20 03:11:50,534 DEBUG   389021696 bytes (389 MB) copied, 29.506404 s, 13.2 MB/s
2026-05-20 03:11:50,534 DEBUG   404750336 bytes (405 MB) copied, 30.537579 s, 13.3 MB/s
2026-05-20 03:11:50,534 DEBUG   427819008 bytes (428 MB) copied, 31.567933 s, 13.6 MB/s
2026-05-20 03:11:50,534 DEBUG   439353344 bytes (439 MB) copied, 32.640582 s, 13.5 MB/s
2026-05-20 03:11:50,534 DEBUG   455081984 bytes (455 MB) copied, 33.677464 s, 13.5 MB/s
2026-05-20 03:11:50,534 DEBUG   467664896 bytes (468 MB) copied, 34.730383 s, 13.5 MB/s
2026-05-20 03:11:50,534 DEBUG   482344960 bytes (482 MB) copied, 35.801390 s, 13.5 MB/s
2026-05-20 03:11:50,534 DEBUG   497025024 bytes (497 MB) copied, 36.858394 s, 13.5 MB/s
2026-05-20 03:11:50,534 DEBUG   515899392 bytes (516 MB) copied, 37.977575 s, 13.6 MB/s
2026-05-20 03:11:50,534 DEBUG   530579456 bytes (531 MB) copied, 39.001853 s, 13.6 MB/s
2026-05-20 03:11:50,534 DEBUG   542113792 bytes (542 MB) copied, 40.053438 s, 13.5 MB/s
2026-05-20 03:11:50,534 DEBUG   555745280 bytes (556 MB) copied, 41.095498 s, 13.5 MB/s
2026-05-20 03:11:50,534 DEBUG   569376768 bytes (569 MB) copied, 42.125407 s, 13.5 MB/s
2026-05-20 03:11:50,534 DEBUG   586153984 bytes (586 MB) copied, 43.177348 s, 13.6 MB/s
2026-05-20 03:11:50,534 DEBUG   600834048 bytes (601 MB) copied, 44.220350 s, 13.6 MB/s
2026-05-20 03:11:50,534 DEBUG   612368384 bytes (612 MB) copied, 45.278757 s, 13.5 MB/s
2026-05-20 03:11:50,534 DEBUG   630194176 bytes (630 MB) copied, 46.337448 s, 13.6 MB/s
2026-05-20 03:11:50,534 DEBUG   650117120 bytes (650 MB) copied, 47.363825 s, 13.7 MB/s
2026-05-20 03:11:50,534 DEBUG   664797184 bytes (665 MB) copied, 48.391383 s, 13.7 MB/s
2026-05-20 03:11:50,534 DEBUG   676331520 bytes (676 MB) copied, 49.610369 s, 13.6 MB/s
2026-05-20 03:11:50,534 DEBUG   686817280 bytes (687 MB) copied, 50.616398 s, 13.6 MB/s
2026-05-20 03:11:50,534 DEBUG   698351616 bytes (698 MB) copied, 51.646405 s, 13.5 MB/s
2026-05-20 03:11:50,534 DEBUG   709885952 bytes (710 MB) copied, 52.788425 s, 13.4 MB/s
2026-05-20 03:11:50,534 DEBUG   721420288 bytes (721 MB) copied, 53.848552 s, 13.4 MB/s
2026-05-20 03:11:50,534 DEBUG   740294656 bytes (740 MB) copied, 54.919431 s, 13.5 MB/s
2026-05-20 03:11:50,534 DEBUG   763363328 bytes (763 MB) copied, 55.993644 s, 13.6 MB/s
2026-05-20 03:11:50,534 DEBUG   784334848 bytes (784 MB) copied, 57.035742 s, 13.8 MB/s
2026-05-20 03:11:50,534 DEBUG   801112064 bytes (801 MB) copied, 58.174596 s, 13.8 MB/s
2026-05-20 03:11:50,534 DEBUG   811597824 bytes (812 MB) copied, 59.278564 s, 13.7 MB/s
2026-05-20 03:11:50,534 DEBUG   824180736 bytes (824 MB) copied, 60.296730 s, 13.7 MB/s
2026-05-20 03:11:50,534 DEBUG   834666496 bytes (835 MB) copied, 61.365815 s, 13.6 MB/s
2026-05-20 03:11:50,534 DEBUG   846200832 bytes (846 MB) copied, 62.479376 s, 13.5 MB/s
2026-05-20 03:11:50,534 DEBUG   860880896 bytes (861 MB) copied, 63.593409 s, 13.5 MB/s
2026-05-20 03:11:50,534 DEBUG   874512384 bytes (875 MB) copied, 64.634382 s, 13.5 MB/s
2026-05-20 03:11:50,534 DEBUG   888143872 bytes (888 MB) copied, 65.699364 s, 13.5 MB/s
2026-05-20 03:11:50,534 DEBUG   900726784 bytes (901 MB) copied, 66.703399 s, 13.5 MB/s
2026-05-20 03:11:50,534 DEBUG   911212544 bytes (911 MB) copied, 67.848451 s, 13.4 MB/s
2026-05-20 03:11:50,534 DEBUG   924844032 bytes (925 MB) copied, 68.919466 s, 13.4 MB/s
2026-05-20 03:11:50,535 DEBUG   945815552 bytes (946 MB) copied, 69.978417 s, 13.5 MB/s
2026-05-20 03:11:50,535 DEBUG   968884224 bytes (969 MB) copied, 71.081525 s, 13.6 MB/s
2026-05-20 03:11:50,535 DEBUG   981467136 bytes (981 MB) copied, 72.115429 s, 13.6 MB/s
2026-05-20 03:11:50,535 DEBUG   994050048 bytes (994 MB) copied, 73.192452 s, 13.6 MB/s
2026-05-20 03:11:50,535 DEBUG   1007681536 bytes (1.0 GB) copied, 74.204432 s, 13.6 MB/s
2026-05-20 03:11:50,535 DEBUG   1021313024 bytes (1.0 GB) copied, 75.284437 s, 13.6 MB/s
2026-05-20 03:11:50,535 DEBUG   1033895936 bytes (1.0 GB) copied, 76.398403 s, 13.5 MB/s
2026-05-20 03:11:50,535 DEBUG   1045430272 bytes (1.0 GB) copied, 77.542480 s, 13.5 MB/s
2026-05-20 03:11:50,535 DEBUG   1058013184 bytes (1.1 GB) copied, 78.591436 s, 13.5 MB/s
2026-05-20 03:11:50,535 DEBUG   1070596096 bytes (1.1 GB) copied, 79.701465 s, 13.4 MB/s
2026-05-20 03:11:50,535 DEBUG   1024+0 records in
2026-05-20 03:11:50,535 DEBUG   1024+0 records out
2026-05-20 03:11:50,535 DEBUG   1073741824 bytes (1.1 GB) copied, 80.0035 s, 13.4 MB/s
2026-05-20 03:11:50,535 DEBUG   OK (disk op exit 0)
2026-05-20 03:11:50,535 WARNING Guest disk op wall 83.0s (vm='ahv_ins_delete-0-260514-192054' ip=10.114.51.142 op=create ec=0) — includes SSH + guest disk command; if still high, check guest disk throughput vs. MiB settings.
2026-05-20 03:11:50,535 DEBUG [121/1170] VM a9746474… (ahv_ins_delete-0-260518-084651) via 10.114.121.72 op=create
2026-05-20 03:11:50,535 DEBUG   remote: bash -lc 'set -e; _bs(){ printf '"'"'BULK_SNAP_T %s %s\n'"'"' "$1" "$(date +%s.%N 2>/dev/null || date +%s)"; }; _bs guest_start; _bs pipeline_start; openssl enc -aes-256-ctr -pass pass:"testing" -nosalt < /dev/zero 2>/dev/null | dd of=/root/dummy_snapshot_data_1.img bs=1M count=1024 iflag=fullblock status=progress; ec=$?; _bs pipeline_done; _bs guest_end; exit $ec'
2026-05-20 03:12:07,343 INFO Disk job cancelled by user.
