2026-05-15 08:37:53,208 DEBUG Using cached VM inventory (479 rows, no Prism refetch); guest disk churn mode=create.
2026-05-15 08:37:53,209 DEBUG Eligible for guest disk ops (IP + powered on + name rules + configured RAM > 100 MiB): 126 (VMs in inventory: 479, name-skip: 0, no IP: 353, powered off: 0, RAM≤100 MiB/unknown: 0, dup rows: 0).
2026-05-15 08:37:53,209 DEBUG Will run guest SSH on all 126 eligible VMs (no limit).
2026-05-15 08:37:53,209 INFO Disk job: 126 guest VM(s) to process (parallel-by-cluster=False, concurrent SSH per shard=10).
2026-05-15 08:37:53,210 WARNING PE CVM map: no IP for cluster(s) ['auto_cluster_prod_nagaraj_bv_36802bb644a4'] — PE CPU throttle / adaptive skipped there (add lines: one IP per cluster in sort order, or Name=ip).
2026-05-15 08:37:53,210 DEBUG Guest SSH parallelism (single pool): up to 10 worker thread(s).
2026-05-15 08:37:53,210 DEBUG [1/126] VM 27a258da… (ahv_bp_vm_1_xa28-0-260514-044905) via 10.114.51.127 op=create
2026-05-15 08:37:53,210 DEBUG   remote: bash -lc 'set -e; _bs(){ printf '"'"'BULK_SNAP_T %s %s\n'"'"' "$1" "$(date +%s.%N 2>/dev/null || date +%s)"; }; _bs guest_start; _bs pipeline_start; openssl enc -aes-256-ctr -pass pass:"testing" -nosalt < /dev/zero 2>/dev/null | dd of=/root/dummy_snapshot_data_1.img bs=1M count=1024 iflag=fullblock status=progress; ec=$?; _bs pipeline_done; _bs guest_end; exit $ec'
2026-05-15 08:37:53,211 DEBUG [2/126] VM 4fcead27… (ahv_ins_delete-0-260514-053133) via 10.114.51.224 op=create
2026-05-15 08:37:53,211 DEBUG   remote: bash -lc 'set -e; _bs(){ printf '"'"'BULK_SNAP_T %s %s\n'"'"' "$1" "$(date +%s.%N 2>/dev/null || date +%s)"; }; _bs guest_start; _bs pipeline_start; openssl enc -aes-256-ctr -pass pass:"testing" -nosalt < /dev/zero 2>/dev/null | dd of=/root/dummy_snapshot_data_1.img bs=1M count=1024 iflag=fullblock status=progress; ec=$?; _bs pipeline_done; _bs guest_end; exit $ec'
2026-05-15 08:37:53,211 DEBUG [3/126] VM 014e2a4c… (ahv_ins_delete-0-260514-054142) via 10.114.51.90 op=create
2026-05-15 08:37:53,212 DEBUG   remote: bash -lc 'set -e; _bs(){ printf '"'"'BULK_SNAP_T %s %s\n'"'"' "$1" "$(date +%s.%N 2>/dev/null || date +%s)"; }; _bs guest_start; _bs pipeline_start; openssl enc -aes-256-ctr -pass pass:"testing" -nosalt < /dev/zero 2>/dev/null | dd of=/root/dummy_snapshot_data_1.img bs=1M count=1024 iflag=fullblock status=progress; ec=$?; _bs pipeline_done; _bs guest_end; exit $ec'
2026-05-15 08:37:53,212 DEBUG [4/126] VM 44d84680… (ahv_ins_delete-0-260514-054356) via 10.114.51.167 op=create
2026-05-15 08:37:53,212 DEBUG   remote: bash -lc 'set -e; _bs(){ printf '"'"'BULK_SNAP_T %s %s\n'"'"' "$1" "$(date +%s.%N 2>/dev/null || date +%s)"; }; _bs guest_start; _bs pipeline_start; openssl enc -aes-256-ctr -pass pass:"testing" -nosalt < /dev/zero 2>/dev/null | dd of=/root/dummy_snapshot_data_1.img bs=1M count=1024 iflag=fullblock status=progress; ec=$?; _bs pipeline_done; _bs guest_end; exit $ec'
2026-05-15 08:37:53,213 DEBUG [5/126] VM cf35e095… (ahv_ins_delete-0-260514-081710) via 10.114.51.171 op=create
2026-05-15 08:37:53,213 DEBUG   remote: bash -lc 'set -e; _bs(){ printf '"'"'BULK_SNAP_T %s %s\n'"'"' "$1" "$(date +%s.%N 2>/dev/null || date +%s)"; }; _bs guest_start; _bs pipeline_start; openssl enc -aes-256-ctr -pass pass:"testing" -nosalt < /dev/zero 2>/dev/null | dd of=/root/dummy_snapshot_data_1.img bs=1M count=1024 iflag=fullblock status=progress; ec=$?; _bs pipeline_done; _bs guest_end; exit $ec'
2026-05-15 08:37:53,215 DEBUG [6/126] VM 2900922b… (ahv_ins_delete-0-260514-082142) via 10.114.51.26 op=create
2026-05-15 08:37:53,216 DEBUG   remote: bash -lc 'set -e; _bs(){ printf '"'"'BULK_SNAP_T %s %s\n'"'"' "$1" "$(date +%s.%N 2>/dev/null || date +%s)"; }; _bs guest_start; _bs pipeline_start; openssl enc -aes-256-ctr -pass pass:"testing" -nosalt < /dev/zero 2>/dev/null | dd of=/root/dummy_snapshot_data_1.img bs=1M count=1024 iflag=fullblock status=progress; ec=$?; _bs pipeline_done; _bs guest_end; exit $ec'
2026-05-15 08:37:53,217 DEBUG [7/126] VM ee0c5e92… (ahv_ins_delete-0-260514-133955) via 10.114.50.75 op=create
2026-05-15 08:37:53,217 DEBUG   remote: bash -lc 'set -e; _bs(){ printf '"'"'BULK_SNAP_T %s %s\n'"'"' "$1" "$(date +%s.%N 2>/dev/null || date +%s)"; }; _bs guest_start; _bs pipeline_start; openssl enc -aes-256-ctr -pass pass:"testing" -nosalt < /dev/zero 2>/dev/null | dd of=/root/dummy_snapshot_data_1.img bs=1M count=1024 iflag=fullblock status=progress; ec=$?; _bs pipeline_done; _bs guest_end; exit $ec'
2026-05-15 08:37:53,217 DEBUG [8/126] VM a9b1e411… (ahv_ins_delete-0-260514-134246) via 10.114.53.125 op=create
2026-05-15 08:37:53,218 DEBUG [9/126] VM c224318a… (ahv_ins_delete-0-260514-134337) via 10.114.54.81 op=create
2026-05-15 08:37:53,223 DEBUG [10/126] VM 58da0ea2… (ahv_ins_delete-0-260514-134636) via 10.114.51.23 op=create
2026-05-15 08:37:53,224 DEBUG   remote: bash -lc 'set -e; _bs(){ printf '"'"'BULK_SNAP_T %s %s\n'"'"' "$1" "$(date +%s.%N 2>/dev/null || date +%s)"; }; _bs guest_start; _bs pipeline_start; openssl enc -aes-256-ctr -pass pass:"testing" -nosalt < /dev/zero 2>/dev/null | dd of=/root/dummy_snapshot_data_1.img bs=1M count=1024 iflag=fullblock status=progress; ec=$?; _bs pipeline_done; _bs guest_end; exit $ec'
2026-05-15 08:37:53,230 DEBUG   remote: bash -lc 'set -e; _bs(){ printf '"'"'BULK_SNAP_T %s %s\n'"'"' "$1" "$(date +%s.%N 2>/dev/null || date +%s)"; }; _bs guest_start; _bs pipeline_start; openssl enc -aes-256-ctr -pass pass:"testing" -nosalt < /dev/zero 2>/dev/null | dd of=/root/dummy_snapshot_data_1.img bs=1M count=1024 iflag=fullblock status=progress; ec=$?; _bs pipeline_done; _bs guest_end; exit $ec'
2026-05-15 08:37:53,232 DEBUG   remote: bash -lc 'set -e; _bs(){ printf '"'"'BULK_SNAP_T %s %s\n'"'"' "$1" "$(date +%s.%N 2>/dev/null || date +%s)"; }; _bs guest_start; _bs pipeline_start; openssl enc -aes-256-ctr -pass pass:"testing" -nosalt < /dev/zero 2>/dev/null | dd of=/root/dummy_snapshot_data_1.img bs=1M count=1024 iflag=fullblock status=progress; ec=$?; _bs pipeline_done; _bs guest_end; exit $ec'
2026-05-15 08:38:16,990 DEBUG   BULK_SNAP_T guest_start 1778801873.447000238
2026-05-15 08:38:16,990 DEBUG   BULK_SNAP_T pipeline_start 1778801873.450304580
2026-05-15 08:38:16,990 DEBUG   BULK_SNAP_T pipeline_done 1778801895.494250091
2026-05-15 08:38:16,990 DEBUG   BULK_SNAP_T guest_end 1778801895.501434461
2026-05-15 08:38:16,990 DEBUG   
2026-05-15 08:38:16,990 DEBUG   45088768 bytes (45 MB) copied, 1.119480 s, 40.3 MB/s
2026-05-15 08:38:16,990 DEBUG   74448896 bytes (74 MB) copied, 2.122210 s, 35.1 MB/s
2026-05-15 08:38:16,990 DEBUG   113246208 bytes (113 MB) copied, 3.150246 s, 35.9 MB/s
2026-05-15 08:38:16,990 DEBUG   156237824 bytes (156 MB) copied, 4.161338 s, 37.5 MB/s
2026-05-15 08:38:16,990 DEBUG   200278016 bytes (200 MB) copied, 5.230227 s, 38.3 MB/s
2026-05-15 08:38:16,990 DEBUG   250609664 bytes (251 MB) copied, 6.232232 s, 40.2 MB/s
2026-05-15 08:38:16,990 DEBUG   293601280 bytes (294 MB) copied, 7.263236 s, 40.4 MB/s
2026-05-15 08:38:16,990 DEBUG   349175808 bytes (349 MB) copied, 8.277280 s, 42.2 MB/s
2026-05-15 08:38:16,991 DEBUG   416284672 bytes (416 MB) copied, 9.286188 s, 44.8 MB/s
2026-05-15 08:38:16,991 DEBUG   476053504 bytes (476 MB) copied, 10.302256 s, 46.2 MB/s
2026-05-15 08:38:16,991 DEBUG   540016640 bytes (540 MB) copied, 11.312234 s, 47.7 MB/s
2026-05-15 08:38:16,991 DEBUG   599785472 bytes (600 MB) copied, 12.333224 s, 48.6 MB/s
2026-05-15 08:38:16,991 DEBUG   653262848 bytes (653 MB) copied, 13.347257 s, 48.9 MB/s
2026-05-15 08:38:16,991 DEBUG   710934528 bytes (711 MB) copied, 14.368340 s, 49.5 MB/s
2026-05-15 08:38:16,991 DEBUG   768606208 bytes (769 MB) copied, 15.369224 s, 50.0 MB/s
2026-05-15 08:38:16,991 DEBUG   806354944 bytes (806 MB) copied, 16.401241 s, 49.2 MB/s
2026-05-15 08:38:16,991 DEBUG   861929472 bytes (862 MB) copied, 17.417282 s, 49.5 MB/s
2026-05-15 08:38:16,991 DEBUG   926941184 bytes (927 MB) copied, 18.434264 s, 50.3 MB/s
2026-05-15 08:38:16,991 DEBUG   965738496 bytes (966 MB) copied, 19.458281 s, 49.6 MB/s
2026-05-15 08:38:16,991 DEBUG   1012924416 bytes (1.0 GB) copied, 20.469199 s, 49.5 MB/s
2026-05-15 08:38:16,991 DEBUG   1072693248 bytes (1.1 GB) copied, 21.508387 s, 49.9 MB/s
2026-05-15 08:38:16,991 DEBUG   1024+0 records in
2026-05-15 08:38:16,991 DEBUG   1024+0 records out
2026-05-15 08:38:16,991 DEBUG   1073741824 bytes (1.1 GB) copied, 21.5623 s, 49.8 MB/s
2026-05-15 08:38:16,991 DEBUG   OK (disk op exit 0)
2026-05-15 08:38:16,991 WARNING Guest disk op wall 23.8s (vm='ahv_ins_delete-0-260514-081710' ip=10.114.51.171 op=create ec=0) — includes SSH + guest disk command; if still high, check guest disk throughput vs. MiB settings.
2026-05-15 08:38:16,991 DEBUG [11/126] VM 89890b9a… (ahv_ins_delete-0-260514-140657) via 10.114.51.92 op=create
2026-05-15 08:38:16,991 DEBUG   remote: bash -lc 'set -e; _bs(){ printf '"'"'BULK_SNAP_T %s %s\n'"'"' "$1" "$(date +%s.%N 2>/dev/null || date +%s)"; }; _bs guest_start; _bs pipeline_start; openssl enc -aes-256-ctr -pass pass:"testing" -nosalt < /dev/zero 2>/dev/null | dd of=/root/dummy_snapshot_data_1.img bs=1M count=1024 iflag=fullblock status=progress; ec=$?; _bs pipeline_done; _bs guest_end; exit $ec'
2026-05-15 08:38:19,230 DEBUG   BULK_SNAP_T guest_start 1778801872.684817446
2026-05-15 08:38:19,230 DEBUG   BULK_SNAP_T pipeline_start 1778801872.691376411
2026-05-15 08:38:19,230 DEBUG   BULK_SNAP_T pipeline_done 1778801897.400651456
2026-05-15 08:38:19,230 DEBUG   BULK_SNAP_T guest_end 1778801897.403713200
2026-05-15 08:38:19,230 DEBUG   
2026-05-15 08:38:19,230 DEBUG   23068672 bytes (23 MB) copied, 1.118391 s, 20.6 MB/s
2026-05-15 08:38:19,230 DEBUG   36700160 bytes (37 MB) copied, 2.159649 s, 17.0 MB/s
2026-05-15 08:38:19,230 DEBUG   66060288 bytes (66 MB) copied, 3.245659 s, 20.4 MB/s
2026-05-15 08:38:19,230 DEBUG   100663296 bytes (101 MB) copied, 4.252270 s, 23.7 MB/s
2026-05-15 08:38:19,230 DEBUG   131072000 bytes (131 MB) copied, 5.312456 s, 24.7 MB/s
2026-05-15 08:38:19,230 DEBUG   158334976 bytes (158 MB) copied, 6.315403 s, 25.1 MB/s
2026-05-15 08:38:19,231 DEBUG   195035136 bytes (195 MB) copied, 7.392379 s, 26.4 MB/s
2026-05-15 08:38:19,231 DEBUG   238026752 bytes (238 MB) copied, 8.406342 s, 28.3 MB/s
2026-05-15 08:38:19,231 DEBUG   283115520 bytes (283 MB) copied, 9.493337 s, 29.8 MB/s
2026-05-15 08:38:19,231 DEBUG   336592896 bytes (337 MB) copied, 10.496634 s, 32.1 MB/s
2026-05-15 08:38:19,231 DEBUG   375390208 bytes (375 MB) copied, 11.500317 s, 32.6 MB/s
2026-05-15 08:38:19,231 DEBUG   427819008 bytes (428 MB) copied, 12.503449 s, 34.2 MB/s
2026-05-15 08:38:19,231 DEBUG   468713472 bytes (469 MB) copied, 13.506260 s, 34.7 MB/s
2026-05-15 08:38:19,231 DEBUG   523239424 bytes (523 MB) copied, 14.520383 s, 36.0 MB/s
2026-05-15 08:38:19,231 DEBUG   576716800 bytes (577 MB) copied, 15.555474 s, 37.1 MB/s
2026-05-15 08:38:19,231 DEBUG   636485632 bytes (636 MB) copied, 16.563307 s, 38.4 MB/s
2026-05-15 08:38:19,231 DEBUG   688914432 bytes (689 MB) copied, 17.579386 s, 39.2 MB/s
2026-05-15 08:38:19,231 DEBUG   745537536 bytes (746 MB) copied, 18.590291 s, 40.1 MB/s
2026-05-15 08:38:19,231 DEBUG   800063488 bytes (800 MB) copied, 19.592420 s, 40.8 MB/s
2026-05-15 08:38:19,231 DEBUG   837812224 bytes (838 MB) copied, 20.610746 s, 40.6 MB/s
2026-05-15 08:38:19,231 DEBUG   902823936 bytes (903 MB) copied, 21.660297 s, 41.7 MB/s
2026-05-15 08:38:19,231 DEBUG   954204160 bytes (954 MB) copied, 22.712281 s, 42.0 MB/s
2026-05-15 08:38:19,231 DEBUG   1020264448 bytes (1.0 GB) copied, 23.728424 s, 43.0 MB/s
2026-05-15 08:38:19,231 DEBUG   1024+0 records in
2026-05-15 08:38:19,231 DEBUG   1024+0 records out
2026-05-15 08:38:19,231 DEBUG   1073741824 bytes (1.1 GB) copied, 24.5804 s, 43.7 MB/s
2026-05-15 08:38:19,231 DEBUG   OK (disk op exit 0)
2026-05-15 08:38:19,231 WARNING Guest disk op wall 26.0s (vm='ahv_bp_vm_1_xa28-0-260514-044905' ip=10.114.51.127 op=create ec=0) — includes SSH + guest disk command; if still high, check guest disk throughput vs. MiB settings.
2026-05-15 08:38:19,231 DEBUG [12/126] VM b5b27c85… (ahv_ins_delete-0-260514-141049) via 10.114.50.158 op=create
2026-05-15 08:38:19,231 DEBUG   remote: bash -lc 'set -e; _bs(){ printf '"'"'BULK_SNAP_T %s %s\n'"'"' "$1" "$(date +%s.%N 2>/dev/null || date +%s)"; }; _bs guest_start; _bs pipeline_start; openssl enc -aes-256-ctr -pass pass:"testing" -nosalt < /dev/zero 2>/dev/null | dd of=/root/dummy_snapshot_data_1.img bs=1M count=1024 iflag=fullblock status=progress; ec=$?; _bs pipeline_done; _bs guest_end; exit $ec'
2026-05-15 08:38:20,492 DEBUG   BULK_SNAP_T guest_start 1778801873.075965353
2026-05-15 08:38:20,492 DEBUG   BULK_SNAP_T pipeline_start 1778801873.080266153
2026-05-15 08:38:20,492 DEBUG   BULK_SNAP_T pipeline_done 1778801899.042255146
2026-05-15 08:38:20,492 DEBUG   BULK_SNAP_T guest_end 1778801899.046796532
2026-05-15 08:38:20,492 DEBUG   
2026-05-15 08:38:20,492 DEBUG   35651584 bytes (36 MB) copied, 1.173523 s, 30.4 MB/s
2026-05-15 08:38:20,492 DEBUG   62914560 bytes (63 MB) copied, 2.225373 s, 28.3 MB/s
2026-05-15 08:38:20,492 DEBUG   105906176 bytes (106 MB) copied, 3.271396 s, 32.4 MB/s
2026-05-15 08:38:20,492 DEBUG   145752064 bytes (146 MB) copied, 4.286471 s, 34.0 MB/s
2026-05-15 08:38:20,492 DEBUG   181403648 bytes (181 MB) copied, 5.290265 s, 34.3 MB/s
2026-05-15 08:38:20,492 DEBUG   219152384 bytes (219 MB) copied, 6.294373 s, 34.8 MB/s
2026-05-15 08:38:20,492 DEBUG   248512512 bytes (249 MB) copied, 7.327256 s, 33.9 MB/s
2026-05-15 08:38:20,492 DEBUG   282066944 bytes (282 MB) copied, 8.363303 s, 33.7 MB/s
2026-05-15 08:38:20,492 DEBUG   329252864 bytes (329 MB) copied, 9.364293 s, 35.2 MB/s
2026-05-15 08:38:20,492 DEBUG   382730240 bytes (383 MB) copied, 10.366309 s, 36.9 MB/s
2026-05-15 08:38:20,492 DEBUG   417333248 bytes (417 MB) copied, 11.400320 s, 36.6 MB/s
2026-05-15 08:38:20,492 DEBUG   441450496 bytes (441 MB) copied, 12.452286 s, 35.5 MB/s
2026-05-15 08:38:20,492 DEBUG   483393536 bytes (483 MB) copied, 13.478241 s, 35.9 MB/s
2026-05-15 08:38:20,492 DEBUG   526385152 bytes (526 MB) copied, 14.487231 s, 36.3 MB/s
2026-05-15 08:38:20,493 DEBUG   559939584 bytes (560 MB) copied, 15.498383 s, 36.1 MB/s
2026-05-15 08:38:20,493 DEBUG   608174080 bytes (608 MB) copied, 16.525293 s, 36.8 MB/s
2026-05-15 08:38:20,493 DEBUG   656408576 bytes (656 MB) copied, 17.577290 s, 37.3 MB/s
2026-05-15 08:38:20,493 DEBUG   706740224 bytes (707 MB) copied, 18.584385 s, 38.0 MB/s
2026-05-15 08:38:20,493 DEBUG   749731840 bytes (750 MB) copied, 19.590230 s, 38.3 MB/s
2026-05-15 08:38:20,493 DEBUG   796917760 bytes (797 MB) copied, 20.626310 s, 38.6 MB/s
2026-05-15 08:38:20,493 DEBUG   845152256 bytes (845 MB) copied, 21.692239 s, 39.0 MB/s
2026-05-15 08:38:20,493 DEBUG   899678208 bytes (900 MB) copied, 22.692351 s, 39.6 MB/s
2026-05-15 08:38:20,493 DEBUG   956301312 bytes (956 MB) copied, 23.708236 s, 40.3 MB/s
2026-05-15 08:38:20,493 DEBUG   1020264448 bytes (1.0 GB) copied, 24.712246 s, 41.3 MB/s
2026-05-15 08:38:20,493 DEBUG   1069547520 bytes (1.1 GB) copied, 25.712272 s, 41.6 MB/s
2026-05-15 08:38:20,493 DEBUG   1024+0 records in
2026-05-15 08:38:20,493 DEBUG   1024+0 records out
2026-05-15 08:38:20,493 DEBUG   1073741824 bytes (1.1 GB) copied, 25.7583 s, 41.7 MB/s
2026-05-15 08:38:20,493 DEBUG   OK (disk op exit 0)
2026-05-15 08:38:20,493 WARNING Guest disk op wall 27.3s (vm='ahv_ins_delete-0-260514-133955' ip=10.114.50.75 op=create ec=0) — includes SSH + guest disk command; if still high, check guest disk throughput vs. MiB settings.
2026-05-15 08:38:20,493 DEBUG [13/126] VM 4af7b0e8… (ahv_ins_delete-0-260514-145645) via 10.114.50.114 op=create
2026-05-15 08:38:20,493 DEBUG   remote: bash -lc 'set -e; _bs(){ printf '"'"'BULK_SNAP_T %s %s\n'"'"' "$1" "$(date +%s.%N 2>/dev/null || date +%s)"; }; _bs guest_start; _bs pipeline_start; openssl enc -aes-256-ctr -pass pass:"testing" -nosalt < /dev/zero 2>/dev/null | dd of=/root/dummy_snapshot_data_1.img bs=1M count=1024 iflag=fullblock status=progress; ec=$?; _bs pipeline_done; _bs guest_end; exit $ec'
2026-05-15 08:38:21,247 DEBUG   BULK_SNAP_T guest_start 1778801873.651880031
2026-05-15 08:38:21,248 DEBUG   BULK_SNAP_T pipeline_start 1778801873.657654990
2026-05-15 08:38:21,248 DEBUG   BULK_SNAP_T pipeline_done 1778801899.772847378
2026-05-15 08:38:21,248 DEBUG   BULK_SNAP_T guest_end 1778801899.775385612
2026-05-15 08:38:21,248 DEBUG   
2026-05-15 08:38:21,248 DEBUG   32505856 bytes (33 MB) copied, 1.037575 s, 31.3 MB/s
2026-05-15 08:38:21,248 DEBUG   59768832 bytes (60 MB) copied, 2.192595 s, 27.3 MB/s
2026-05-15 08:38:21,248 DEBUG   95420416 bytes (95 MB) copied, 3.275654 s, 29.1 MB/s
2026-05-15 08:38:21,248 DEBUG   136314880 bytes (136 MB) copied, 4.275769 s, 31.9 MB/s
2026-05-15 08:38:21,248 DEBUG   179306496 bytes (179 MB) copied, 5.321614 s, 33.7 MB/s
2026-05-15 08:38:21,248 DEBUG   212860928 bytes (213 MB) copied, 6.326731 s, 33.6 MB/s
2026-05-15 08:38:21,248 DEBUG   246415360 bytes (246 MB) copied, 7.352688 s, 33.5 MB/s
2026-05-15 08:38:21,248 DEBUG   283115520 bytes (283 MB) copied, 8.373596 s, 33.8 MB/s
2026-05-15 08:38:21,248 DEBUG   310378496 bytes (310 MB) copied, 9.420721 s, 32.9 MB/s
2026-05-15 08:38:21,248 DEBUG   338690048 bytes (339 MB) copied, 10.457686 s, 32.4 MB/s
2026-05-15 08:38:21,248 DEBUG   372244480 bytes (372 MB) copied, 11.458965 s, 32.5 MB/s
2026-05-15 08:38:21,248 DEBUG   419430400 bytes (419 MB) copied, 12.474572 s, 33.6 MB/s
2026-05-15 08:38:21,248 DEBUG   464519168 bytes (465 MB) copied, 13.511627 s, 34.4 MB/s
2026-05-15 08:38:21,248 DEBUG   508559360 bytes (509 MB) copied, 14.558596 s, 34.9 MB/s
2026-05-15 08:38:21,248 DEBUG   531628032 bytes (532 MB) copied, 15.568627 s, 34.1 MB/s
2026-05-15 08:38:21,248 DEBUG   569376768 bytes (569 MB) copied, 16.589609 s, 34.3 MB/s
2026-05-15 08:38:21,248 DEBUG   603979776 bytes (604 MB) copied, 17.599612 s, 34.3 MB/s
2026-05-15 08:38:21,248 DEBUG   650117120 bytes (650 MB) copied, 18.602557 s, 34.9 MB/s
2026-05-15 08:38:21,248 DEBUG   718274560 bytes (718 MB) copied, 19.611634 s, 36.6 MB/s
2026-05-15 08:38:21,248 DEBUG   765460480 bytes (765 MB) copied, 20.683583 s, 37.0 MB/s
2026-05-15 08:38:21,248 DEBUG   809500672 bytes (810 MB) copied, 21.714632 s, 37.3 MB/s
2026-05-15 08:38:21,248 DEBUG   867172352 bytes (867 MB) copied, 22.733577 s, 38.1 MB/s
2026-05-15 08:38:21,248 DEBUG   931135488 bytes (931 MB) copied, 23.775589 s, 39.2 MB/s
2026-05-15 08:38:21,248 DEBUG   987758592 bytes (988 MB) copied, 24.806713 s, 39.8 MB/s
2026-05-15 08:38:21,248 DEBUG   1061158912 bytes (1.1 GB) copied, 25.815600 s, 41.1 MB/s
2026-05-15 08:38:21,248 DEBUG   1024+0 records in
2026-05-15 08:38:21,248 DEBUG   1024+0 records out
2026-05-15 08:38:21,248 DEBUG   1073741824 bytes (1.1 GB) copied, 25.9966 s, 41.3 MB/s
2026-05-15 08:38:21,248 DEBUG   OK (disk op exit 0)
2026-05-15 08:38:21,248 WARNING Guest disk op wall 28.0s (vm='ahv_ins_delete-0-260514-082142' ip=10.114.51.26 op=create ec=0) — includes SSH + guest disk command; if still high, check guest disk throughput vs. MiB settings.
2026-05-15 08:38:21,249 DEBUG [14/126] VM a3f43011… (ahv_ins_delete-0-260514-174411) via 10.114.50.66 op=create
2026-05-15 08:38:21,249 DEBUG   remote: bash -lc 'set -e; _bs(){ printf '"'"'BULK_SNAP_T %s %s\n'"'"' "$1" "$(date +%s.%N 2>/dev/null || date +%s)"; }; _bs guest_start; _bs pipeline_start; openssl enc -aes-256-ctr -pass pass:"testing" -nosalt < /dev/zero 2>/dev/null | dd of=/root/dummy_snapshot_data_1.img bs=1M count=1024 iflag=fullblock status=progress; ec=$?; _bs pipeline_done; _bs guest_end; exit $ec'
2026-05-15 08:38:22,991 DEBUG   BULK_SNAP_T guest_start 1778801872.729300540
2026-05-15 08:38:22,991 DEBUG   BULK_SNAP_T pipeline_start 1778801872.731814793
2026-05-15 08:38:22,991 DEBUG   BULK_SNAP_T pipeline_done 1778801900.773061638
2026-05-15 08:38:22,991 DEBUG   BULK_SNAP_T guest_end 1778801901.387840185
2026-05-15 08:38:22,992 DEBUG   
2026-05-15 08:38:22,992 DEBUG   51380224 bytes (51 MB) copied, 1.047646 s, 49.0 MB/s
2026-05-15 08:38:22,992 DEBUG   95420416 bytes (95 MB) copied, 2.049450 s, 46.6 MB/s
2026-05-15 08:38:22,992 DEBUG   147849216 bytes (148 MB) copied, 3.050383 s, 48.5 MB/s
2026-05-15 08:38:22,992 DEBUG   191889408 bytes (192 MB) copied, 4.050460 s, 47.4 MB/s
2026-05-15 08:38:22,992 DEBUG   234881024 bytes (235 MB) copied, 5.053427 s, 46.5 MB/s
2026-05-15 08:38:22,992 DEBUG   267386880 bytes (267 MB) copied, 6.071472 s, 44.0 MB/s
2026-05-15 08:38:22,992 DEBUG   307232768 bytes (307 MB) copied, 7.073450 s, 43.4 MB/s
2026-05-15 08:38:22,992 DEBUG   339738624 bytes (340 MB) copied, 8.156700 s, 41.7 MB/s
2026-05-15 08:38:22,992 DEBUG   370147328 bytes (370 MB) copied, 9.186482 s, 40.3 MB/s
2026-05-15 08:38:22,992 DEBUG   402653184 bytes (403 MB) copied, 10.193368 s, 39.5 MB/s
2026-05-15 08:38:22,992 DEBUG   437256192 bytes (437 MB) copied, 11.193728 s, 39.1 MB/s
2026-05-15 08:38:22,992 DEBUG   484442112 bytes (484 MB) copied, 12.222356 s, 39.6 MB/s
2026-05-15 08:38:22,992 DEBUG   522190848 bytes (522 MB) copied, 13.236517 s, 39.5 MB/s
2026-05-15 08:38:22,992 DEBUG   562036736 bytes (562 MB) copied, 14.244444 s, 39.5 MB/s
2026-05-15 08:38:22,992 DEBUG   592445440 bytes (592 MB) copied, 15.249527 s, 38.9 MB/s
2026-05-15 08:38:22,992 DEBUG   632291328 bytes (632 MB) copied, 16.279372 s, 38.8 MB/s
2026-05-15 08:38:22,992 DEBUG   665845760 bytes (666 MB) copied, 17.292890 s, 38.5 MB/s
2026-05-15 08:38:22,992 DEBUG   703594496 bytes (704 MB) copied, 18.312347 s, 38.4 MB/s
2026-05-15 08:38:22,992 DEBUG   745537536 bytes (746 MB) copied, 19.425457 s, 38.4 MB/s
2026-05-15 08:38:22,992 DEBUG   780140544 bytes (780 MB) copied, 20.454353 s, 38.1 MB/s
2026-05-15 08:38:22,992 DEBUG   814743552 bytes (815 MB) copied, 21.459414 s, 38.0 MB/s
2026-05-15 08:38:22,992 DEBUG   853540864 bytes (854 MB) copied, 22.468432 s, 38.0 MB/s
2026-05-15 08:38:22,992 DEBUG   891289600 bytes (891 MB) copied, 23.487391 s, 37.9 MB/s
2026-05-15 08:38:22,992 DEBUG   929038336 bytes (929 MB) copied, 24.499373 s, 37.9 MB/s
2026-05-15 08:38:22,992 DEBUG   974127104 bytes (974 MB) copied, 25.572385 s, 38.1 MB/s
2026-05-15 08:38:22,992 DEBUG   1013972992 bytes (1.0 GB) copied, 26.590364 s, 38.1 MB/s
2026-05-15 08:38:22,992 DEBUG   1062207488 bytes (1.1 GB) copied, 27.610712 s, 38.5 MB/s
2026-05-15 08:38:22,992 DEBUG   1024+0 records in
2026-05-15 08:38:22,992 DEBUG   1024+0 records out
2026-05-15 08:38:22,992 DEBUG   1073741824 bytes (1.1 GB) copied, 27.9584 s, 38.4 MB/s
2026-05-15 08:38:22,992 DEBUG   OK (disk op exit 0)
2026-05-15 08:38:22,992 WARNING Guest disk op wall 29.8s (vm='ahv_ins_delete-0-260514-054142' ip=10.114.51.90 op=create ec=0) — includes SSH + guest disk command; if still high, check guest disk throughput vs. MiB settings.
2026-05-15 08:38:22,993 DEBUG [15/126] VM 9d59ee99… (ahv_ins_delete-0-260514-174752) via 10.114.50.3 op=create
2026-05-15 08:38:22,993 DEBUG   remote: bash -lc 'set -e; _bs(){ printf '"'"'BULK_SNAP_T %s %s\n'"'"' "$1" "$(date +%s.%N 2>/dev/null || date +%s)"; }; _bs guest_start; _bs pipeline_start; openssl enc -aes-256-ctr -pass pass:"testing" -nosalt < /dev/zero 2>/dev/null | dd of=/root/dummy_snapshot_data_1.img bs=1M count=1024 iflag=fullblock status=progress; ec=$?; _bs pipeline_done; _bs guest_end; exit $ec'
2026-05-15 08:38:24,492 DEBUG   BULK_SNAP_T guest_start 1778801872.679694753
2026-05-15 08:38:24,493 DEBUG   BULK_SNAP_T pipeline_start 1778801872.684384804
2026-05-15 08:38:24,493 DEBUG   BULK_SNAP_T pipeline_done 1778801902.583141001
2026-05-15 08:38:24,493 DEBUG   BULK_SNAP_T guest_end 1778801902.603550849
2026-05-15 08:38:24,493 DEBUG   
2026-05-15 08:38:24,493 DEBUG   41943040 bytes (42 MB) copied, 1.143666 s, 36.7 MB/s
2026-05-15 08:38:24,493 DEBUG   93323264 bytes (93 MB) copied, 2.147410 s, 43.5 MB/s
2026-05-15 08:38:24,493 DEBUG   138412032 bytes (138 MB) copied, 3.180422 s, 43.5 MB/s
2026-05-15 08:38:24,493 DEBUG   176160768 bytes (176 MB) copied, 4.204297 s, 41.9 MB/s
2026-05-15 08:38:24,493 DEBUG   213909504 bytes (214 MB) copied, 5.205525 s, 41.1 MB/s
2026-05-15 08:38:24,493 DEBUG   250609664 bytes (251 MB) copied, 6.213308 s, 40.3 MB/s
2026-05-15 08:38:24,493 DEBUG   289406976 bytes (289 MB) copied, 7.236317 s, 40.0 MB/s
2026-05-15 08:38:24,493 DEBUG   333447168 bytes (333 MB) copied, 8.252396 s, 40.4 MB/s
2026-05-15 08:38:24,493 DEBUG   370147328 bytes (370 MB) copied, 9.267356 s, 39.9 MB/s
2026-05-15 08:38:24,493 DEBUG   398458880 bytes (398 MB) copied, 10.299327 s, 38.7 MB/s
2026-05-15 08:38:24,493 DEBUG   429916160 bytes (430 MB) copied, 11.347325 s, 37.9 MB/s
2026-05-15 08:38:24,493 DEBUG   469762048 bytes (470 MB) copied, 12.369350 s, 38.0 MB/s
2026-05-15 08:38:24,493 DEBUG   499122176 bytes (499 MB) copied, 13.369899 s, 37.3 MB/s
2026-05-15 08:38:24,493 DEBUG   531628032 bytes (532 MB) copied, 14.376341 s, 37.0 MB/s
2026-05-15 08:38:24,493 DEBUG   562036736 bytes (562 MB) copied, 15.385367 s, 36.5 MB/s
2026-05-15 08:38:24,493 DEBUG   601882624 bytes (602 MB) copied, 16.407563 s, 36.7 MB/s
2026-05-15 08:38:24,493 DEBUG   635437056 bytes (635 MB) copied, 17.421303 s, 36.5 MB/s
2026-05-15 08:38:24,493 DEBUG   673185792 bytes (673 MB) copied, 18.445355 s, 36.5 MB/s
2026-05-15 08:38:24,493 DEBUG   701497344 bytes (701 MB) copied, 19.454327 s, 36.1 MB/s
2026-05-15 08:38:24,493 DEBUG   734003200 bytes (734 MB) copied, 20.486348 s, 35.8 MB/s
2026-05-15 08:38:24,493 DEBUG   771751936 bytes (772 MB) copied, 21.491327 s, 35.9 MB/s
2026-05-15 08:38:24,493 DEBUG   806354944 bytes (806 MB) copied, 22.503365 s, 35.8 MB/s
2026-05-15 08:38:24,493 DEBUG   846200832 bytes (846 MB) copied, 23.519357 s, 36.0 MB/s
2026-05-15 08:38:24,493 DEBUG   877658112 bytes (878 MB) copied, 24.558362 s, 35.7 MB/s
2026-05-15 08:38:24,493 DEBUG   912261120 bytes (912 MB) copied, 25.561696 s, 35.7 MB/s
2026-05-15 08:38:24,493 DEBUG   944766976 bytes (945 MB) copied, 26.616461 s, 35.5 MB/s
2026-05-15 08:38:24,493 DEBUG   990904320 bytes (991 MB) copied, 27.640316 s, 35.8 MB/s
2026-05-15 08:38:24,493 DEBUG   1039138816 bytes (1.0 GB) copied, 28.645614 s, 36.3 MB/s
2026-05-15 08:38:24,493 DEBUG   1024+0 records in
2026-05-15 08:38:24,493 DEBUG   1024+0 records out
2026-05-15 08:38:24,493 DEBUG   1073741824 bytes (1.1 GB) copied, 29.4674 s, 36.4 MB/s
2026-05-15 08:38:24,493 DEBUG   OK (disk op exit 0)
2026-05-15 08:38:24,494 WARNING Guest disk op wall 31.3s (vm='ahv_ins_delete-0-260514-054356' ip=10.114.51.167 op=create ec=0) — includes SSH + guest disk command; if still high, check guest disk throughput vs. MiB settings.
2026-05-15 08:38:24,494 DEBUG [16/126] VM 260a1d9d… (ahv_ins_delete-0-260514-175832) via 10.114.52.133 op=create
2026-05-15 08:38:24,494 DEBUG   remote: bash -lc 'set -e; _bs(){ printf '"'"'BULK_SNAP_T %s %s\n'"'"' "$1" "$(date +%s.%N 2>/dev/null || date +%s)"; }; _bs guest_start; _bs pipeline_start; openssl enc -aes-256-ctr -pass pass:"testing" -nosalt < /dev/zero 2>/dev/null | dd of=/root/dummy_snapshot_data_1.img bs=1M count=1024 iflag=fullblock status=progress; ec=$?; _bs pipeline_done; _bs guest_end; exit $ec'
2026-05-15 08:38:24,744 DEBUG   BULK_SNAP_T guest_start 1778801873.005315276
2026-05-15 08:38:24,744 DEBUG   BULK_SNAP_T pipeline_start 1778801873.008419998
2026-05-15 08:38:24,744 DEBUG   BULK_SNAP_T pipeline_done 1778801903.265600402
2026-05-15 08:38:24,744 DEBUG   BULK_SNAP_T guest_end 1778801903.275924231
2026-05-15 08:38:24,744 DEBUG   
2026-05-15 08:38:24,744 DEBUG   49283072 bytes (49 MB) copied, 1.186097 s, 41.6 MB/s
2026-05-15 08:38:24,745 DEBUG   91226112 bytes (91 MB) copied, 2.251150 s, 40.5 MB/s
2026-05-15 08:38:24,745 DEBUG   136314880 bytes (136 MB) copied, 3.256473 s, 41.9 MB/s
2026-05-15 08:38:24,745 DEBUG   170917888 bytes (171 MB) copied, 4.277040 s, 40.0 MB/s
2026-05-15 08:38:24,745 DEBUG   209715200 bytes (210 MB) copied, 5.283093 s, 39.7 MB/s
2026-05-15 08:38:24,745 DEBUG   251658240 bytes (252 MB) copied, 6.356249 s, 39.6 MB/s
2026-05-15 08:38:24,745 DEBUG   292552704 bytes (293 MB) copied, 7.366031 s, 39.7 MB/s
2026-05-15 08:38:24,745 DEBUG   320864256 bytes (321 MB) copied, 8.419031 s, 38.1 MB/s
2026-05-15 08:38:24,745 DEBUG   351272960 bytes (351 MB) copied, 9.441015 s, 37.2 MB/s
2026-05-15 08:38:24,745 DEBUG   397410304 bytes (397 MB) copied, 10.443044 s, 38.1 MB/s
2026-05-15 08:38:24,745 DEBUG   426770432 bytes (427 MB) copied, 11.469091 s, 37.2 MB/s
2026-05-15 08:38:24,745 DEBUG   461373440 bytes (461 MB) copied, 12.547055 s, 36.8 MB/s
2026-05-15 08:38:24,745 DEBUG   487587840 bytes (488 MB) copied, 13.559072 s, 36.0 MB/s
2026-05-15 08:38:24,745 DEBUG   532676608 bytes (533 MB) copied, 14.575196 s, 36.5 MB/s
2026-05-15 08:38:24,745 DEBUG   562036736 bytes (562 MB) copied, 15.613067 s, 36.0 MB/s
2026-05-15 08:38:24,745 DEBUG   600834048 bytes (601 MB) copied, 16.671505 s, 36.0 MB/s
2026-05-15 08:38:24,745 DEBUG   638582784 bytes (639 MB) copied, 17.672002 s, 36.1 MB/s
2026-05-15 08:38:24,745 DEBUG   672137216 bytes (672 MB) copied, 18.693030 s, 36.0 MB/s
2026-05-15 08:38:24,745 DEBUG   703594496 bytes (704 MB) copied, 19.776346 s, 35.6 MB/s
2026-05-15 08:38:24,745 DEBUG   740294656 bytes (740 MB) copied, 20.802013 s, 35.6 MB/s
2026-05-15 08:38:24,745 DEBUG   775946240 bytes (776 MB) copied, 21.802098 s, 35.6 MB/s
2026-05-15 08:38:24,745 DEBUG   812646400 bytes (813 MB) copied, 22.803136 s, 35.6 MB/s
2026-05-15 08:38:24,745 DEBUG   845152256 bytes (845 MB) copied, 23.808352 s, 35.5 MB/s
2026-05-15 08:38:24,745 DEBUG   876609536 bytes (877 MB) copied, 24.911018 s, 35.2 MB/s
2026-05-15 08:38:24,745 DEBUG   911212544 bytes (911 MB) copied, 25.932099 s, 35.1 MB/s
2026-05-15 08:38:24,745 DEBUG   948961280 bytes (949 MB) copied, 27.022047 s, 35.1 MB/s
2026-05-15 08:38:24,745 DEBUG   985661440 bytes (986 MB) copied, 28.052104 s, 35.1 MB/s
2026-05-15 08:38:24,745 DEBUG   1029701632 bytes (1.0 GB) copied, 29.065035 s, 35.4 MB/s
2026-05-15 08:38:24,745 DEBUG   1068498944 bytes (1.1 GB) copied, 30.065096 s, 35.5 MB/s
2026-05-15 08:38:24,745 DEBUG   1024+0 records in
2026-05-15 08:38:24,745 DEBUG   1024+0 records out
2026-05-15 08:38:24,745 DEBUG   1073741824 bytes (1.1 GB) copied, 30.1694 s, 35.6 MB/s
2026-05-15 08:38:24,745 DEBUG   OK (disk op exit 0)
2026-05-15 08:38:24,745 WARNING Guest disk op wall 31.5s (vm='ahv_ins_delete-0-260514-053133' ip=10.114.51.224 op=create ec=0) — includes SSH + guest disk command; if still high, check guest disk throughput vs. MiB settings.
2026-05-15 08:38:24,746 DEBUG [17/126] VM a89a0471… (ahv_ins_delete-0-260514-175843) via 10.114.51.47 op=create
2026-05-15 08:38:24,746 DEBUG   remote: bash -lc 'set -e; _bs(){ printf '"'"'BULK_SNAP_T %s %s\n'"'"' "$1" "$(date +%s.%N 2>/dev/null || date +%s)"; }; _bs guest_start; _bs pipeline_start; openssl enc -aes-256-ctr -pass pass:"testing" -nosalt < /dev/zero 2>/dev/null | dd of=/root/dummy_snapshot_data_1.img bs=1M count=1024 iflag=fullblock status=progress; ec=$?; _bs pipeline_done; _bs guest_end; exit $ec'
2026-05-15 08:38:25,250 DEBUG   BULK_SNAP_T guest_start 1778801873.290372801
2026-05-15 08:38:25,250 DEBUG   BULK_SNAP_T pipeline_start 1778801873.295663485
2026-05-15 08:38:25,250 DEBUG   BULK_SNAP_T pipeline_done 1778801903.826965531
2026-05-15 08:38:25,250 DEBUG   BULK_SNAP_T guest_end 1778801903.830640024
2026-05-15 08:38:25,250 DEBUG   
2026-05-15 08:38:25,250 DEBUG   40894464 bytes (41 MB) copied, 1.079309 s, 37.9 MB/s
2026-05-15 08:38:25,250 DEBUG   61865984 bytes (62 MB) copied, 2.171293 s, 28.5 MB/s
2026-05-15 08:38:25,250 DEBUG   100663296 bytes (101 MB) copied, 3.191374 s, 31.5 MB/s
2026-05-15 08:38:25,250 DEBUG   139460608 bytes (139 MB) copied, 4.203373 s, 33.2 MB/s
2026-05-15 08:38:25,250 DEBUG   186646528 bytes (187 MB) copied, 5.242276 s, 35.6 MB/s
2026-05-15 08:38:25,250 DEBUG   222298112 bytes (222 MB) copied, 6.248377 s, 35.6 MB/s
2026-05-15 08:38:25,250 DEBUG   261095424 bytes (261 MB) copied, 7.250615 s, 36.0 MB/s
2026-05-15 08:38:25,250 DEBUG   300941312 bytes (301 MB) copied, 8.256270 s, 36.5 MB/s
2026-05-15 08:38:25,250 DEBUG   340787200 bytes (341 MB) copied, 9.297414 s, 36.7 MB/s
2026-05-15 08:38:25,250 DEBUG   375390208 bytes (375 MB) copied, 10.325340 s, 36.4 MB/s
2026-05-15 08:38:25,250 DEBUG   413138944 bytes (413 MB) copied, 11.343336 s, 36.4 MB/s
2026-05-15 08:38:25,250 DEBUG   455081984 bytes (455 MB) copied, 12.350528 s, 36.8 MB/s
2026-05-15 08:38:25,250 DEBUG   486539264 bytes (487 MB) copied, 13.371270 s, 36.4 MB/s
2026-05-15 08:38:25,250 DEBUG   521142272 bytes (521 MB) copied, 14.385277 s, 36.2 MB/s
2026-05-15 08:38:25,250 DEBUG   550502400 bytes (551 MB) copied, 15.450324 s, 35.6 MB/s
2026-05-15 08:38:25,250 DEBUG   583008256 bytes (583 MB) copied, 16.450399 s, 35.4 MB/s
2026-05-15 08:38:25,250 DEBUG   618659840 bytes (619 MB) copied, 17.462322 s, 35.4 MB/s
2026-05-15 08:38:25,250 DEBUG   654311424 bytes (654 MB) copied, 18.485342 s, 35.4 MB/s
2026-05-15 08:38:25,250 DEBUG   689963008 bytes (690 MB) copied, 19.485501 s, 35.4 MB/s
2026-05-15 08:38:25,250 DEBUG   731906048 bytes (732 MB) copied, 20.499278 s, 35.7 MB/s
2026-05-15 08:38:25,250 DEBUG   764411904 bytes (764 MB) copied, 21.508578 s, 35.5 MB/s
2026-05-15 08:38:25,250 DEBUG   800063488 bytes (800 MB) copied, 22.546565 s, 35.5 MB/s
2026-05-15 08:38:25,250 DEBUG   834666496 bytes (835 MB) copied, 23.567279 s, 35.4 MB/s
2026-05-15 08:38:25,250 DEBUG   867172352 bytes (867 MB) copied, 24.572284 s, 35.3 MB/s
2026-05-15 08:38:25,250 DEBUG   896532480 bytes (897 MB) copied, 25.583365 s, 35.0 MB/s
2026-05-15 08:38:25,250 DEBUG   932184064 bytes (932 MB) copied, 26.594263 s, 35.1 MB/s
2026-05-15 08:38:25,251 DEBUG   967835648 bytes (968 MB) copied, 27.617266 s, 35.0 MB/s
2026-05-15 08:38:25,251 DEBUG   1008730112 bytes (1.0 GB) copied, 28.638312 s, 35.2 MB/s
2026-05-15 08:38:25,251 DEBUG   1047527424 bytes (1.0 GB) copied, 29.648283 s, 35.3 MB/s
2026-05-15 08:38:25,251 DEBUG   1024+0 records in
2026-05-15 08:38:25,251 DEBUG   1024+0 records out
2026-05-15 08:38:25,251 DEBUG   1073741824 bytes (1.1 GB) copied, 30.4253 s, 35.3 MB/s
2026-05-15 08:38:25,251 DEBUG   OK (disk op exit 0)
2026-05-15 08:38:25,251 WARNING Guest disk op wall 32.0s (vm='ahv_ins_delete-0-260514-134246' ip=10.114.53.125 op=create ec=0) — includes SSH + guest disk command; if still high, check guest disk throughput vs. MiB settings.
2026-05-15 08:38:25,251 DEBUG [18/126] VM 4bbfd520… (ahv_ins_delete-0-260514-175854) via 10.114.53.252 op=create
2026-05-15 08:38:25,251 DEBUG   remote: bash -lc 'set -e; _bs(){ printf '"'"'BULK_SNAP_T %s %s\n'"'"' "$1" "$(date +%s.%N 2>/dev/null || date +%s)"; }; _bs guest_start; _bs pipeline_start; openssl enc -aes-256-ctr -pass pass:"testing" -nosalt < /dev/zero 2>/dev/null | dd of=/root/dummy_snapshot_data_1.img bs=1M count=1024 iflag=fullblock status=progress; ec=$?; _bs pipeline_done; _bs guest_end; exit $ec'
2026-05-15 08:38:26,249 DEBUG   BULK_SNAP_T guest_start 1778801872.798021390
2026-05-15 08:38:26,249 DEBUG   BULK_SNAP_T pipeline_start 1778801872.802071269
2026-05-15 08:38:26,249 DEBUG   BULK_SNAP_T pipeline_done 1778801904.687147410
2026-05-15 08:38:26,249 DEBUG   BULK_SNAP_T guest_end 1778801904.691842468
2026-05-15 08:38:26,249 DEBUG   
2026-05-15 08:38:26,249 DEBUG   49283072 bytes (49 MB) copied, 1.006952 s, 48.9 MB/s
2026-05-15 08:38:26,249 DEBUG   79691776 bytes (80 MB) copied, 2.013849 s, 39.6 MB/s
2026-05-15 08:38:26,249 DEBUG   119537664 bytes (120 MB) copied, 3.028873 s, 39.5 MB/s
2026-05-15 08:38:26,249 DEBUG   156237824 bytes (156 MB) copied, 4.036595 s, 38.7 MB/s
2026-05-15 08:38:26,249 DEBUG   188743680 bytes (189 MB) copied, 5.055574 s, 37.3 MB/s
2026-05-15 08:38:26,249 DEBUG   220200960 bytes (220 MB) copied, 6.057669 s, 36.4 MB/s
2026-05-15 08:38:26,249 DEBUG   257949696 bytes (258 MB) copied, 7.112751 s, 36.3 MB/s
2026-05-15 08:38:26,249 DEBUG   287309824 bytes (287 MB) copied, 8.122539 s, 35.4 MB/s
2026-05-15 08:38:26,249 DEBUG   318767104 bytes (319 MB) copied, 9.122683 s, 34.9 MB/s
2026-05-15 08:38:26,249 DEBUG   346030080 bytes (346 MB) copied, 10.126734 s, 34.2 MB/s
2026-05-15 08:38:26,249 DEBUG   378535936 bytes (379 MB) copied, 11.127970 s, 34.0 MB/s
2026-05-15 08:38:26,249 DEBUG   409993216 bytes (410 MB) copied, 12.148678 s, 33.7 MB/s
2026-05-15 08:38:26,249 DEBUG   436207616 bytes (436 MB) copied, 13.187690 s, 33.1 MB/s
2026-05-15 08:38:26,249 DEBUG   465567744 bytes (466 MB) copied, 14.212697 s, 32.8 MB/s
2026-05-15 08:38:26,249 DEBUG   494927872 bytes (495 MB) copied, 15.245866 s, 32.5 MB/s
2026-05-15 08:38:26,249 DEBUG   523239424 bytes (523 MB) copied, 16.259546 s, 32.2 MB/s
2026-05-15 08:38:26,249 DEBUG   556793856 bytes (557 MB) copied, 17.286591 s, 32.2 MB/s
2026-05-15 08:38:26,249 DEBUG   586153984 bytes (586 MB) copied, 18.327613 s, 32.0 MB/s
2026-05-15 08:38:26,250 DEBUG   618659840 bytes (619 MB) copied, 19.379539 s, 31.9 MB/s
2026-05-15 08:38:26,250 DEBUG   648019968 bytes (648 MB) copied, 20.412582 s, 31.7 MB/s
2026-05-15 08:38:26,250 DEBUG   681574400 bytes (682 MB) copied, 21.547602 s, 31.6 MB/s
2026-05-15 08:38:26,250 DEBUG   720371712 bytes (720 MB) copied, 22.552642 s, 31.9 MB/s
2026-05-15 08:38:26,250 DEBUG   757071872 bytes (757 MB) copied, 23.568825 s, 32.1 MB/s
2026-05-15 08:38:26,250 DEBUG   792723456 bytes (793 MB) copied, 24.604603 s, 32.2 MB/s
2026-05-15 08:38:26,250 DEBUG   827326464 bytes (827 MB) copied, 25.652557 s, 32.3 MB/s
2026-05-15 08:38:26,250 DEBUG   856686592 bytes (857 MB) copied, 26.680600 s, 32.1 MB/s
2026-05-15 08:38:26,250 DEBUG   895483904 bytes (895 MB) copied, 27.695571 s, 32.3 MB/s
2026-05-15 08:38:26,250 DEBUG   947912704 bytes (948 MB) copied, 28.698632 s, 33.0 MB/s
2026-05-15 08:38:26,250 DEBUG   989855744 bytes (990 MB) copied, 29.698819 s, 33.3 MB/s
2026-05-15 08:38:26,250 DEBUG   1028653056 bytes (1.0 GB) copied, 30.719563 s, 33.5 MB/s
2026-05-15 08:38:26,250 DEBUG   1070596096 bytes (1.1 GB) copied, 31.724971 s, 33.7 MB/s
2026-05-15 08:38:26,250 DEBUG   1024+0 records in
2026-05-15 08:38:26,250 DEBUG   1024+0 records out
2026-05-15 08:38:26,250 DEBUG   1073741824 bytes (1.1 GB) copied, 31.811 s, 33.8 MB/s
2026-05-15 08:38:26,250 DEBUG   OK (disk op exit 0)
2026-05-15 08:38:26,250 WARNING Guest disk op wall 33.0s (vm='ahv_ins_delete-0-260514-134337' ip=10.114.54.81 op=create ec=0) — includes SSH + guest disk command; if still high, check guest disk throughput vs. MiB settings.
2026-05-15 08:38:26,250 DEBUG [19/126] VM 30846fe3… (ahv_ins_delete-0-260514-175857) via 10.114.49.135 op=create
2026-05-15 08:38:26,250 DEBUG   remote: bash -lc 'set -e; _bs(){ printf '"'"'BULK_SNAP_T %s %s\n'"'"' "$1" "$(date +%s.%N 2>/dev/null || date +%s)"; }; _bs guest_start; _bs pipeline_start; openssl enc -aes-256-ctr -pass pass:"testing" -nosalt < /dev/zero 2>/dev/null | dd of=/root/dummy_snapshot_data_1.img bs=1M count=1024 iflag=fullblock status=progress; ec=$?; _bs pipeline_done; _bs guest_end; exit $ec'
2026-05-15 08:38:27,253 DEBUG   BULK_SNAP_T guest_start 1778801873.305816908
2026-05-15 08:38:27,253 DEBUG   BULK_SNAP_T pipeline_start 1778801873.311448199
2026-05-15 08:38:27,253 DEBUG   BULK_SNAP_T pipeline_done 1778801905.904052083
2026-05-15 08:38:27,253 DEBUG   BULK_SNAP_T guest_end 1778801905.910689875
2026-05-15 08:38:27,253 DEBUG   
2026-05-15 08:38:27,253 DEBUG   20971520 bytes (21 MB) copied, 1.009223 s, 20.8 MB/s
2026-05-15 08:38:27,253 DEBUG   36700160 bytes (37 MB) copied, 2.134067 s, 17.2 MB/s
2026-05-15 08:38:27,253 DEBUG   60817408 bytes (61 MB) copied, 3.244053 s, 18.7 MB/s
2026-05-15 08:38:27,253 DEBUG   92274688 bytes (92 MB) copied, 4.305113 s, 21.4 MB/s
2026-05-15 08:38:27,253 DEBUG   126877696 bytes (127 MB) copied, 5.348767 s, 23.7 MB/s
2026-05-15 08:38:27,253 DEBUG   164626432 bytes (165 MB) copied, 6.409158 s, 25.7 MB/s
2026-05-15 08:38:27,253 DEBUG   206569472 bytes (207 MB) copied, 7.410180 s, 27.9 MB/s
2026-05-15 08:38:27,253 DEBUG   246415360 bytes (246 MB) copied, 8.420965 s, 29.3 MB/s
2026-05-15 08:38:27,253 DEBUG   279969792 bytes (280 MB) copied, 9.422042 s, 29.7 MB/s
2026-05-15 08:38:27,253 DEBUG   321912832 bytes (322 MB) copied, 10.430088 s, 30.9 MB/s
2026-05-15 08:38:27,253 DEBUG   363855872 bytes (364 MB) copied, 11.465003 s, 31.7 MB/s
2026-05-15 08:38:27,253 DEBUG   396361728 bytes (396 MB) copied, 12.507012 s, 31.7 MB/s
2026-05-15 08:38:27,253 DEBUG   429916160 bytes (430 MB) copied, 13.511021 s, 31.8 MB/s
2026-05-15 08:38:27,253 DEBUG   464519168 bytes (465 MB) copied, 14.516638 s, 32.0 MB/s
2026-05-15 08:38:27,253 DEBUG   497025024 bytes (497 MB) copied, 15.517436 s, 32.0 MB/s
2026-05-15 08:38:27,253 DEBUG   532676608 bytes (533 MB) copied, 16.522071 s, 32.2 MB/s
2026-05-15 08:38:27,253 DEBUG   559939584 bytes (560 MB) copied, 17.580788 s, 31.8 MB/s
2026-05-15 08:38:27,253 DEBUG   596639744 bytes (597 MB) copied, 18.624997 s, 32.0 MB/s
2026-05-15 08:38:27,253 DEBUG   627048448 bytes (627 MB) copied, 19.630019 s, 31.9 MB/s
2026-05-15 08:38:27,254 DEBUG   657457152 bytes (657 MB) copied, 20.679009 s, 31.8 MB/s
2026-05-15 08:38:27,254 DEBUG   692060160 bytes (692 MB) copied, 21.684030 s, 31.9 MB/s
2026-05-15 08:38:27,254 DEBUG   725614592 bytes (726 MB) copied, 22.758112 s, 31.9 MB/s
2026-05-15 08:38:27,254 DEBUG   758120448 bytes (758 MB) copied, 23.810028 s, 31.8 MB/s
2026-05-15 08:38:27,254 DEBUG   793772032 bytes (794 MB) copied, 24.863045 s, 31.9 MB/s
2026-05-15 08:38:27,254 DEBUG   825229312 bytes (825 MB) copied, 25.865642 s, 31.9 MB/s
2026-05-15 08:38:27,254 DEBUG   869269504 bytes (869 MB) copied, 26.915071 s, 32.3 MB/s
2026-05-15 08:38:27,254 DEBUG   909115392 bytes (909 MB) copied, 27.939029 s, 32.5 MB/s
2026-05-15 08:38:27,254 DEBUG   944766976 bytes (945 MB) copied, 28.952088 s, 32.6 MB/s
2026-05-15 08:38:27,254 DEBUG   980418560 bytes (980 MB) copied, 29.964327 s, 32.7 MB/s
2026-05-15 08:38:27,254 DEBUG   1012924416 bytes (1.0 GB) copied, 30.986045 s, 32.7 MB/s
2026-05-15 08:38:27,254 DEBUG   1054867456 bytes (1.1 GB) copied, 32.028031 s, 32.9 MB/s
2026-05-15 08:38:27,254 DEBUG   1024+0 records in
2026-05-15 08:38:27,254 DEBUG   1024+0 records out
2026-05-15 08:38:27,254 DEBUG   1073741824 bytes (1.1 GB) copied, 32.4904 s, 33.0 MB/s
2026-05-15 08:38:27,254 DEBUG   OK (disk op exit 0)
2026-05-15 08:38:27,254 WARNING Guest disk op wall 34.0s (vm='ahv_ins_delete-0-260514-134636' ip=10.114.51.23 op=create ec=0) — includes SSH + guest disk command; if still high, check guest disk throughput vs. MiB settings.
2026-05-15 08:38:27,254 DEBUG [20/126] VM 3223efbb… (ahv_ins_delete-0-260514-175858) via 10.114.53.140 op=create
2026-05-15 08:38:27,254 DEBUG   remote: bash -lc 'set -e; _bs(){ printf '"'"'BULK_SNAP_T %s %s\n'"'"' "$1" "$(date +%s.%N 2>/dev/null || date +%s)"; }; _bs guest_start; _bs pipeline_start; openssl enc -aes-256-ctr -pass pass:"testing" -nosalt < /dev/zero 2>/dev/null | dd of=/root/dummy_snapshot_data_1.img bs=1M count=1024 iflag=fullblock status=progress; ec=$?; _bs pipeline_done; _bs guest_end; exit $ec'
2026-05-15 08:38:38,005 DEBUG   BULK_SNAP_T guest_start 1778801897.944420260
2026-05-15 08:38:38,005 DEBUG   BULK_SNAP_T pipeline_start 1778801897.954143299
2026-05-15 08:38:38,005 DEBUG   BULK_SNAP_T pipeline_done 1778801916.645918171
2026-05-15 08:38:38,005 DEBUG   BULK_SNAP_T guest_end 1778801916.651738203
2026-05-15 08:38:38,005 DEBUG   
2026-05-15 08:38:38,005 DEBUG   59768832 bytes (60 MB) copied, 1.017929 s, 58.7 MB/s
2026-05-15 08:38:38,005 DEBUG   124780544 bytes (125 MB) copied, 2.030076 s, 61.5 MB/s
2026-05-15 08:38:38,005 DEBUG   199229440 bytes (199 MB) copied, 3.030830 s, 65.7 MB/s
2026-05-15 08:38:38,005 DEBUG   277872640 bytes (278 MB) copied, 4.036951 s, 68.8 MB/s
2026-05-15 08:38:38,005 DEBUG   352321536 bytes (352 MB) copied, 5.041798 s, 69.9 MB/s
2026-05-15 08:38:38,005 DEBUG   416284672 bytes (416 MB) copied, 6.052019 s, 68.8 MB/s
2026-05-15 08:38:38,005 DEBUG   481296384 bytes (481 MB) copied, 7.054825 s, 68.2 MB/s
2026-05-15 08:38:38,005 DEBUG   552599552 bytes (553 MB) copied, 8.059882 s, 68.6 MB/s
2026-05-15 08:38:38,005 DEBUG   616562688 bytes (617 MB) copied, 9.060882 s, 68.0 MB/s
2026-05-15 08:38:38,005 DEBUG   677380096 bytes (677 MB) copied, 10.079769 s, 67.2 MB/s
2026-05-15 08:38:38,005 DEBUG   732954624 bytes (733 MB) copied, 11.081790 s, 66.1 MB/s
2026-05-15 08:38:38,005 DEBUG   780140544 bytes (780 MB) copied, 12.089840 s, 64.5 MB/s
2026-05-15 08:38:38,005 DEBUG   829423616 bytes (829 MB) copied, 13.089871 s, 63.4 MB/s
2026-05-15 08:38:38,005 DEBUG   876609536 bytes (877 MB) copied, 14.090831 s, 62.2 MB/s
2026-05-15 08:38:38,005 DEBUG   926941184 bytes (927 MB) copied, 15.137789 s, 61.2 MB/s
2026-05-15 08:38:38,005 DEBUG   976224256 bytes (976 MB) copied, 16.153900 s, 60.4 MB/s
2026-05-15 08:38:38,005 DEBUG   1016070144 bytes (1.0 GB) copied, 17.160742 s, 59.2 MB/s
2026-05-15 08:38:38,005 DEBUG   1055916032 bytes (1.1 GB) copied, 18.176817 s, 58.1 MB/s
2026-05-15 08:38:38,005 DEBUG   1024+0 records in
2026-05-15 08:38:38,005 DEBUG   1024+0 records out
2026-05-15 08:38:38,005 DEBUG   1073741824 bytes (1.1 GB) copied, 18.5839 s, 57.8 MB/s
2026-05-15 08:38:38,005 DEBUG   OK (disk op exit 0)
2026-05-15 08:38:38,005 WARNING Guest disk op wall 21.0s (vm='ahv_ins_delete-0-260514-140657' ip=10.114.51.92 op=create ec=0) — includes SSH + guest disk command; if still high, check guest disk throughput vs. MiB settings.
2026-05-15 08:38:38,006 DEBUG [21/126] VM 4cd6b858… (ahv_ins_delete-0-260514-180340) via 10.114.52.229 op=create
2026-05-15 08:38:38,006 DEBUG   remote: bash -lc 'set -e; _bs(){ printf '"'"'BULK_SNAP_T %s %s\n'"'"' "$1" "$(date +%s.%N 2>/dev/null || date +%s)"; }; _bs guest_start; _bs pipeline_start; openssl enc -aes-256-ctr -pass pass:"testing" -nosalt < /dev/zero 2>/dev/null | dd of=/root/dummy_snapshot_data_1.img bs=1M count=1024 iflag=fullblock status=progress; ec=$?; _bs pipeline_done; _bs guest_end; exit $ec'
2026-05-15 08:38:47,759 DEBUG   BULK_SNAP_T guest_start 1778801900.784793800
2026-05-15 08:38:47,759 DEBUG   BULK_SNAP_T pipeline_start 1778801900.789700168
2026-05-15 08:38:47,759 DEBUG   BULK_SNAP_T pipeline_done 1778801926.003620094
2026-05-15 08:38:47,759 DEBUG   BULK_SNAP_T guest_end 1778801926.007943199
2026-05-15 08:38:47,759 DEBUG   
2026-05-15 08:38:47,759 DEBUG   35651584 bytes (36 MB) copied, 1.034494 s, 34.5 MB/s
2026-05-15 08:38:47,759 DEBUG   56623104 bytes (57 MB) copied, 2.126471 s, 26.6 MB/s
2026-05-15 08:38:47,759 DEBUG   100663296 bytes (101 MB) copied, 3.136546 s, 32.1 MB/s
2026-05-15 08:38:47,759 DEBUG   144703488 bytes (145 MB) copied, 4.137466 s, 35.0 MB/s
2026-05-15 08:38:47,759 DEBUG   192937984 bytes (193 MB) copied, 5.152451 s, 37.4 MB/s
2026-05-15 08:38:47,759 DEBUG   241172480 bytes (241 MB) copied, 6.162526 s, 39.1 MB/s
2026-05-15 08:38:47,759 DEBUG   287309824 bytes (287 MB) copied, 7.166494 s, 40.1 MB/s
2026-05-15 08:38:47,759 DEBUG   326107136 bytes (326 MB) copied, 8.211435 s, 39.7 MB/s
2026-05-15 08:38:47,759 DEBUG   363855872 bytes (364 MB) copied, 9.222480 s, 39.5 MB/s
2026-05-15 08:38:47,759 DEBUG   403701760 bytes (404 MB) copied, 10.239347 s, 39.4 MB/s
2026-05-15 08:38:47,759 DEBUG   439353344 bytes (439 MB) copied, 11.243382 s, 39.1 MB/s
2026-05-15 08:38:47,759 DEBUG   476053504 bytes (476 MB) copied, 12.244580 s, 38.9 MB/s
2026-05-15 08:38:47,759 DEBUG   513802240 bytes (514 MB) copied, 13.258417 s, 38.8 MB/s
2026-05-15 08:38:47,759 DEBUG   574619648 bytes (575 MB) copied, 14.260407 s, 40.3 MB/s
2026-05-15 08:38:47,759 DEBUG   628097024 bytes (628 MB) copied, 15.300398 s, 41.1 MB/s
2026-05-15 08:38:47,759 DEBUG   689963008 bytes (690 MB) copied, 16.362581 s, 42.2 MB/s
2026-05-15 08:38:47,759 DEBUG   748683264 bytes (749 MB) copied, 17.383426 s, 43.1 MB/s
2026-05-15 08:38:47,759 DEBUG   802160640 bytes (802 MB) copied, 18.389416 s, 43.6 MB/s
2026-05-15 08:38:47,759 DEBUG   853540864 bytes (854 MB) copied, 19.414651 s, 44.0 MB/s
2026-05-15 08:38:47,759 DEBUG   905969664 bytes (906 MB) copied, 20.427434 s, 44.4 MB/s
2026-05-15 08:38:47,759 DEBUG   948961280 bytes (949 MB) copied, 21.441685 s, 44.3 MB/s
2026-05-15 08:38:47,759 DEBUG   978321408 bytes (978 MB) copied, 22.455415 s, 43.6 MB/s
2026-05-15 08:38:47,759 DEBUG   1007681536 bytes (1.0 GB) copied, 23.489405 s, 42.9 MB/s
2026-05-15 08:38:47,759 DEBUG   1050673152 bytes (1.1 GB) copied, 24.497445 s, 42.9 MB/s
2026-05-15 08:38:47,759 DEBUG   1024+0 records in
2026-05-15 08:38:47,759 DEBUG   1024+0 records out
2026-05-15 08:38:47,759 DEBUG   1073741824 bytes (1.1 GB) copied, 24.9016 s, 43.1 MB/s
2026-05-15 08:38:47,759 DEBUG   OK (disk op exit 0)
2026-05-15 08:38:47,760 WARNING Guest disk op wall 27.3s (vm='ahv_ins_delete-0-260514-145645' ip=10.114.50.114 op=create ec=0) — includes SSH + guest disk command; if still high, check guest disk throughput vs. MiB settings.
2026-05-15 08:38:47,760 DEBUG [22/126] VM f77809f7… (ahv_ins_delete-0-260514-180351) via 10.114.51.32 op=create
2026-05-15 08:38:47,760 DEBUG   remote: bash -lc 'set -e; _bs(){ printf '"'"'BULK_SNAP_T %s %s\n'"'"' "$1" "$(date +%s.%N 2>/dev/null || date +%s)"; }; _bs guest_start; _bs pipeline_start; openssl enc -aes-256-ctr -pass pass:"testing" -nosalt < /dev/zero 2>/dev/null | dd of=/root/dummy_snapshot_data_1.img bs=1M count=1024 iflag=fullblock status=progress; ec=$?; _bs pipeline_done; _bs guest_end; exit $ec'
2026-05-15 08:38:50,499 DEBUG   BULK_SNAP_T guest_start 1778801899.891935980
2026-05-15 08:38:50,499 DEBUG   BULK_SNAP_T pipeline_start 1778801900.002852221
2026-05-15 08:38:50,499 DEBUG   BULK_SNAP_T pipeline_done 1778801928.737986007
2026-05-15 08:38:50,499 DEBUG   BULK_SNAP_T guest_end 1778801928.779553520
2026-05-15 08:38:50,499 DEBUG   
2026-05-15 08:38:50,499 DEBUG   18874368 bytes (19 MB) copied, 1.060383 s, 17.8 MB/s
2026-05-15 08:38:50,499 DEBUG   41943040 bytes (42 MB) copied, 2.234363 s, 18.8 MB/s
2026-05-15 08:38:50,499 DEBUG   70254592 bytes (70 MB) copied, 3.237437 s, 21.7 MB/s
2026-05-15 08:38:50,499 DEBUG   111149056 bytes (111 MB) copied, 4.265430 s, 26.1 MB/s
2026-05-15 08:38:50,499 DEBUG   159383552 bytes (159 MB) copied, 5.320280 s, 30.0 MB/s
2026-05-15 08:38:50,499 DEBUG   202375168 bytes (202 MB) copied, 6.376250 s, 31.7 MB/s
2026-05-15 08:38:50,499 DEBUG   242221056 bytes (242 MB) copied, 7.386356 s, 32.8 MB/s
2026-05-15 08:38:50,499 DEBUG   290455552 bytes (290 MB) copied, 8.389309 s, 34.6 MB/s
2026-05-15 08:38:50,499 DEBUG   330301440 bytes (330 MB) copied, 9.411442 s, 35.1 MB/s
2026-05-15 08:38:50,499 DEBUG   380633088 bytes (381 MB) copied, 10.416337 s, 36.5 MB/s
2026-05-15 08:38:50,499 DEBUG   419430400 bytes (419 MB) copied, 11.432396 s, 36.7 MB/s
2026-05-15 08:38:50,499 DEBUG   465567744 bytes (466 MB) copied, 12.441283 s, 37.4 MB/s
2026-05-15 08:38:50,499 DEBUG   506462208 bytes (506 MB) copied, 13.442269 s, 37.7 MB/s
2026-05-15 08:38:50,499 DEBUG   542113792 bytes (542 MB) copied, 14.481300 s, 37.4 MB/s
2026-05-15 08:38:50,499 DEBUG   583008256 bytes (583 MB) copied, 15.507293 s, 37.6 MB/s
2026-05-15 08:38:50,499 DEBUG   621805568 bytes (622 MB) copied, 16.531311 s, 37.6 MB/s
2026-05-15 08:38:50,499 DEBUG   664797184 bytes (665 MB) copied, 17.547273 s, 37.9 MB/s
2026-05-15 08:38:50,499 DEBUG   702545920 bytes (703 MB) copied, 18.579585 s, 37.8 MB/s
2026-05-15 08:38:50,499 DEBUG   735051776 bytes (735 MB) copied, 19.641320 s, 37.4 MB/s
2026-05-15 08:38:50,499 DEBUG   779091968 bytes (779 MB) copied, 20.647279 s, 37.7 MB/s
2026-05-15 08:38:50,499 DEBUG   830472192 bytes (830 MB) copied, 21.654231 s, 38.4 MB/s
2026-05-15 08:38:50,500 DEBUG   870318080 bytes (870 MB) copied, 22.680272 s, 38.4 MB/s
2026-05-15 08:38:50,500 DEBUG   905969664 bytes (906 MB) copied, 23.766275 s, 38.1 MB/s
2026-05-15 08:38:50,500 DEBUG   946864128 bytes (947 MB) copied, 24.849361 s, 38.1 MB/s
2026-05-15 08:38:50,500 DEBUG   980418560 bytes (980 MB) copied, 25.870247 s, 37.9 MB/s
2026-05-15 08:38:50,500 DEBUG   1019215872 bytes (1.0 GB) copied, 26.976391 s, 37.8 MB/s
2026-05-15 08:38:50,500 DEBUG   1055916032 bytes (1.1 GB) copied, 28.021267 s, 37.7 MB/s
2026-05-15 08:38:50,500 DEBUG   1024+0 records in
2026-05-15 08:38:50,500 DEBUG   1024+0 records out
2026-05-15 08:38:50,500 DEBUG   1073741824 bytes (1.1 GB) copied, 28.5743 s, 37.6 MB/s
2026-05-15 08:38:50,500 DEBUG   OK (disk op exit 0)
2026-05-15 08:38:50,500 WARNING Guest disk op wall 31.3s (vm='ahv_ins_delete-0-260514-141049' ip=10.114.50.158 op=create ec=0) — includes SSH + guest disk command; if still high, check guest disk throughput vs. MiB settings.
2026-05-15 08:38:50,500 DEBUG [23/126] VM 007b3889… (ahv_ins_delete-0-260514-180402) via 10.114.49.225 op=create
2026-05-15 08:38:50,500 DEBUG   remote: bash -lc 'set -e; _bs(){ printf '"'"'BULK_SNAP_T %s %s\n'"'"' "$1" "$(date +%s.%N 2>/dev/null || date +%s)"; }; _bs guest_start; _bs pipeline_start; openssl enc -aes-256-ctr -pass pass:"testing" -nosalt < /dev/zero 2>/dev/null | dd of=/root/dummy_snapshot_data_1.img bs=1M count=1024 iflag=fullblock status=progress; ec=$?; _bs pipeline_done; _bs guest_end; exit $ec'
2026-05-15 08:38:53,019 DEBUG   BULK_SNAP_T guest_start 1778801907.466812095
2026-05-15 08:38:53,020 DEBUG   BULK_SNAP_T pipeline_start 1778801907.474656829
2026-05-15 08:38:53,020 DEBUG   BULK_SNAP_T pipeline_done 1778801932.101174280
2026-05-15 08:38:53,020 DEBUG   BULK_SNAP_T guest_end 1778801932.108870089
2026-05-15 08:38:53,020 DEBUG   
2026-05-15 08:38:53,020 DEBUG   37748736 bytes (38 MB) copied, 1.184001 s, 31.9 MB/s
2026-05-15 08:38:53,020 DEBUG   65011712 bytes (65 MB) copied, 2.194800 s, 29.6 MB/s
2026-05-15 08:38:53,020 DEBUG   99614720 bytes (100 MB) copied, 3.201572 s, 31.1 MB/s
2026-05-15 08:38:53,020 DEBUG   132120576 bytes (132 MB) copied, 4.216778 s, 31.3 MB/s
2026-05-15 08:38:53,020 DEBUG   160432128 bytes (160 MB) copied, 5.275686 s, 30.4 MB/s
2026-05-15 08:38:53,020 DEBUG   199229440 bytes (199 MB) copied, 6.298611 s, 31.6 MB/s
2026-05-15 08:38:53,020 DEBUG   240123904 bytes (240 MB) copied, 7.304594 s, 32.9 MB/s
2026-05-15 08:38:53,020 DEBUG   273678336 bytes (274 MB) copied, 8.399629 s, 32.6 MB/s
2026-05-15 08:38:53,020 DEBUG   316669952 bytes (317 MB) copied, 9.406616 s, 33.7 MB/s
2026-05-15 08:38:53,020 DEBUG   356515840 bytes (357 MB) copied, 10.408672 s, 34.3 MB/s
2026-05-15 08:38:53,020 DEBUG   413138944 bytes (413 MB) copied, 11.423811 s, 36.2 MB/s
2026-05-15 08:38:53,020 DEBUG   459276288 bytes (459 MB) copied, 12.488766 s, 36.8 MB/s
2026-05-15 08:38:53,020 DEBUG   513802240 bytes (514 MB) copied, 13.498601 s, 38.1 MB/s
2026-05-15 08:38:53,020 DEBUG   571473920 bytes (571 MB) copied, 14.507630 s, 39.4 MB/s
2026-05-15 08:38:53,020 DEBUG   633339904 bytes (633 MB) copied, 15.528661 s, 40.8 MB/s
2026-05-15 08:38:53,020 DEBUG   694157312 bytes (694 MB) copied, 16.582624 s, 41.9 MB/s
2026-05-15 08:38:53,020 DEBUG   738197504 bytes (738 MB) copied, 17.595611 s, 42.0 MB/s
2026-05-15 08:38:53,020 DEBUG   787480576 bytes (787 MB) copied, 18.666616 s, 42.2 MB/s
2026-05-15 08:38:53,020 DEBUG   835715072 bytes (836 MB) copied, 19.715582 s, 42.4 MB/s
2026-05-15 08:38:53,020 DEBUG   886046720 bytes (886 MB) copied, 20.764604 s, 42.7 MB/s
2026-05-15 08:38:53,020 DEBUG   945815552 bytes (946 MB) copied, 21.794626 s, 43.4 MB/s
2026-05-15 08:38:53,020 DEBUG   986710016 bytes (987 MB) copied, 22.816629 s, 43.2 MB/s
2026-05-15 08:38:53,020 DEBUG   1045430272 bytes (1.0 GB) copied, 23.833620 s, 43.9 MB/s
2026-05-15 08:38:53,020 DEBUG   1024+0 records in
2026-05-15 08:38:53,020 DEBUG   1024+0 records out
2026-05-15 08:38:53,020 DEBUG   1073741824 bytes (1.1 GB) copied, 24.4378 s, 43.9 MB/s
2026-05-15 08:38:53,020 DEBUG   OK (disk op exit 0)
2026-05-15 08:38:53,020 WARNING Guest disk op wall 26.8s (vm='ahv_ins_delete-0-260514-175857' ip=10.114.49.135 op=create ec=0) — includes SSH + guest disk command; if still high, check guest disk throughput vs. MiB settings.
2026-05-15 08:38:53,021 DEBUG [24/126] VM 5b852f31… (ahv_ins_delete-0-260514-180417) via 10.114.48.38 op=create
2026-05-15 08:38:53,021 DEBUG   remote: bash -lc 'set -e; _bs(){ printf '"'"'BULK_SNAP_T %s %s\n'"'"' "$1" "$(date +%s.%N 2>/dev/null || date +%s)"; }; _bs guest_start; _bs pipeline_start; openssl enc -aes-256-ctr -pass pass:"testing" -nosalt < /dev/zero 2>/dev/null | dd of=/root/dummy_snapshot_data_1.img bs=1M count=1024 iflag=fullblock status=progress; ec=$?; _bs pipeline_done; _bs guest_end; exit $ec'
2026-05-15 08:38:54,766 DEBUG   BULK_SNAP_T guest_start 1778801902.172676294
2026-05-15 08:38:54,766 DEBUG   BULK_SNAP_T pipeline_start 1778801902.177795907
2026-05-15 08:38:54,766 DEBUG   BULK_SNAP_T pipeline_done 1778801933.114644528
2026-05-15 08:38:54,766 DEBUG   BULK_SNAP_T guest_end 1778801933.119297416
2026-05-15 08:38:54,766 DEBUG   
2026-05-15 08:38:54,766 DEBUG   31457280 bytes (31 MB) copied, 1.004667 s, 31.3 MB/s
2026-05-15 08:38:54,766 DEBUG   54525952 bytes (55 MB) copied, 2.125962 s, 25.6 MB/s
2026-05-15 08:38:54,766 DEBUG   92274688 bytes (92 MB) copied, 3.136648 s, 29.4 MB/s
2026-05-15 08:38:54,766 DEBUG   135266304 bytes (135 MB) copied, 4.147739 s, 32.6 MB/s
2026-05-15 08:38:54,766 DEBUG   175112192 bytes (175 MB) copied, 5.149666 s, 34.0 MB/s
2026-05-15 08:38:54,766 DEBUG   217055232 bytes (217 MB) copied, 6.222892 s, 34.9 MB/s
2026-05-15 08:38:54,766 DEBUG   253755392 bytes (254 MB) copied, 7.243887 s, 35.0 MB/s
2026-05-15 08:38:54,766 DEBUG   291504128 bytes (292 MB) copied, 8.270655 s, 35.2 MB/s
2026-05-15 08:38:54,766 DEBUG   327155712 bytes (327 MB) copied, 9.287707 s, 35.2 MB/s
2026-05-15 08:38:54,766 DEBUG   358612992 bytes (359 MB) copied, 10.300752 s, 34.8 MB/s
2026-05-15 08:38:54,766 DEBUG   396361728 bytes (396 MB) copied, 11.339752 s, 35.0 MB/s
2026-05-15 08:38:54,766 DEBUG   427819008 bytes (428 MB) copied, 12.347121 s, 34.6 MB/s
2026-05-15 08:38:54,766 DEBUG   464519168 bytes (465 MB) copied, 13.395663 s, 34.7 MB/s
2026-05-15 08:38:54,766 DEBUG   502267904 bytes (502 MB) copied, 14.412723 s, 34.8 MB/s
2026-05-15 08:38:54,766 DEBUG   542113792 bytes (542 MB) copied, 15.455902 s, 35.1 MB/s
2026-05-15 08:38:54,767 DEBUG   578813952 bytes (579 MB) copied, 16.458722 s, 35.2 MB/s
2026-05-15 08:38:54,767 DEBUG   608174080 bytes (608 MB) copied, 17.469705 s, 34.8 MB/s
2026-05-15 08:38:54,767 DEBUG   645922816 bytes (646 MB) copied, 18.472856 s, 35.0 MB/s
2026-05-15 08:38:54,767 DEBUG   678428672 bytes (678 MB) copied, 19.508676 s, 34.8 MB/s
2026-05-15 08:38:54,767 DEBUG   721420288 bytes (721 MB) copied, 20.567948 s, 35.1 MB/s
2026-05-15 08:38:54,767 DEBUG   759169024 bytes (759 MB) copied, 21.580037 s, 35.2 MB/s
2026-05-15 08:38:54,767 DEBUG   790626304 bytes (791 MB) copied, 22.588139 s, 35.0 MB/s
2026-05-15 08:38:54,767 DEBUG   824180736 bytes (824 MB) copied, 23.594701 s, 34.9 MB/s
2026-05-15 08:38:54,767 DEBUG   866123776 bytes (866 MB) copied, 24.614645 s, 35.2 MB/s
2026-05-15 08:38:54,767 DEBUG   905969664 bytes (906 MB) copied, 25.633722 s, 35.3 MB/s
2026-05-15 08:38:54,767 DEBUG   946864128 bytes (947 MB) copied, 26.656664 s, 35.5 MB/s
2026-05-15 08:38:54,767 DEBUG   974127104 bytes (974 MB) copied, 27.667678 s, 35.2 MB/s
2026-05-15 08:38:54,767 DEBUG   1009778688 bytes (1.0 GB) copied, 28.708100 s, 35.2 MB/s
2026-05-15 08:38:54,767 DEBUG   1050673152 bytes (1.1 GB) copied, 29.725864 s, 35.3 MB/s
2026-05-15 08:38:54,767 DEBUG   1024+0 records in
2026-05-15 08:38:54,767 DEBUG   1024+0 records out
2026-05-15 08:38:54,767 DEBUG   1073741824 bytes (1.1 GB) copied, 30.4037 s, 35.3 MB/s
2026-05-15 08:38:54,767 DEBUG   OK (disk op exit 0)
2026-05-15 08:38:54,767 WARNING Guest disk op wall 33.5s (vm='ahv_ins_delete-0-260514-174411' ip=10.114.50.66 op=create ec=0) — includes SSH + guest disk command; if still high, check guest disk throughput vs. MiB settings.
2026-05-15 08:38:54,767 DEBUG [25/126] VM b5265114… (ahv_ins_delete-0-260514-180434) via 10.114.53.241 op=create
2026-05-15 08:38:54,767 DEBUG   remote: bash -lc 'set -e; _bs(){ printf '"'"'BULK_SNAP_T %s %s\n'"'"' "$1" "$(date +%s.%N 2>/dev/null || date +%s)"; }; _bs guest_start; _bs pipeline_start; openssl enc -aes-256-ctr -pass pass:"testing" -nosalt < /dev/zero 2>/dev/null | dd of=/root/dummy_snapshot_data_1.img bs=1M count=1024 iflag=fullblock status=progress; ec=$?; _bs pipeline_done; _bs guest_end; exit $ec'
2026-05-15 08:38:57,019 DEBUG   BULK_SNAP_T guest_start 1778801908.964987906
2026-05-15 08:38:57,019 DEBUG   BULK_SNAP_T pipeline_start 1778801908.967962061
2026-05-15 08:38:57,019 DEBUG   BULK_SNAP_T pipeline_done 1778801936.107095044
2026-05-15 08:38:57,019 DEBUG   BULK_SNAP_T guest_end 1778801936.114997629
2026-05-15 08:38:57,019 DEBUG   
2026-05-15 08:38:57,019 DEBUG   22020096 bytes (22 MB) copied, 1.142434 s, 19.3 MB/s
2026-05-15 08:38:57,019 DEBUG   48234496 bytes (48 MB) copied, 2.158895 s, 22.3 MB/s
2026-05-15 08:38:57,019 DEBUG   78643200 bytes (79 MB) copied, 3.217624 s, 24.4 MB/s
2026-05-15 08:38:57,019 DEBUG   117440512 bytes (117 MB) copied, 4.314918 s, 27.2 MB/s
2026-05-15 08:38:57,019 DEBUG   153092096 bytes (153 MB) copied, 5.350997 s, 28.6 MB/s
2026-05-15 08:38:57,019 DEBUG   183500800 bytes (184 MB) copied, 6.352988 s, 28.9 MB/s
2026-05-15 08:38:57,019 DEBUG   217055232 bytes (217 MB) copied, 7.373990 s, 29.4 MB/s
2026-05-15 08:38:57,019 DEBUG   252706816 bytes (253 MB) copied, 8.383962 s, 30.1 MB/s
2026-05-15 08:38:57,019 DEBUG   295698432 bytes (296 MB) copied, 9.404914 s, 31.4 MB/s
2026-05-15 08:38:57,019 DEBUG   334495744 bytes (334 MB) copied, 10.406999 s, 32.1 MB/s
2026-05-15 08:38:57,019 DEBUG   375390208 bytes (375 MB) copied, 11.409000 s, 32.9 MB/s
2026-05-15 08:38:57,019 DEBUG   423624704 bytes (424 MB) copied, 12.421965 s, 34.1 MB/s
2026-05-15 08:38:57,019 DEBUG   468713472 bytes (469 MB) copied, 13.451982 s, 34.8 MB/s
2026-05-15 08:38:57,019 DEBUG   527433728 bytes (527 MB) copied, 14.484996 s, 36.4 MB/s
2026-05-15 08:38:57,019 DEBUG   556793856 bytes (557 MB) copied, 15.485897 s, 36.0 MB/s
2026-05-15 08:38:57,019 DEBUG   602931200 bytes (603 MB) copied, 16.488984 s, 36.6 MB/s
2026-05-15 08:38:57,019 DEBUG   642777088 bytes (643 MB) copied, 17.495005 s, 36.7 MB/s
2026-05-15 08:38:57,019 DEBUG   685768704 bytes (686 MB) copied, 18.498087 s, 37.1 MB/s
2026-05-15 08:38:57,019 DEBUG   735051776 bytes (735 MB) copied, 19.565257 s, 37.6 MB/s
2026-05-15 08:38:57,019 DEBUG   779091968 bytes (779 MB) copied, 20.590054 s, 37.8 MB/s
2026-05-15 08:38:57,019 DEBUG   819986432 bytes (820 MB) copied, 21.594898 s, 38.0 MB/s
2026-05-15 08:38:57,019 DEBUG   867172352 bytes (867 MB) copied, 22.602962 s, 38.4 MB/s
2026-05-15 08:38:57,019 DEBUG   910163968 bytes (910 MB) copied, 23.613960 s, 38.5 MB/s
2026-05-15 08:38:57,019 DEBUG   961544192 bytes (962 MB) copied, 24.620029 s, 39.1 MB/s
2026-05-15 08:38:57,019 DEBUG   1021313024 bytes (1.0 GB) copied, 25.627903 s, 39.9 MB/s
2026-05-15 08:38:57,019 DEBUG   1059061760 bytes (1.1 GB) copied, 26.692942 s, 39.7 MB/s
2026-05-15 08:38:57,019 DEBUG   1024+0 records in
2026-05-15 08:38:57,019 DEBUG   1024+0 records out
2026-05-15 08:38:57,019 DEBUG   1073741824 bytes (1.1 GB) copied, 26.9618 s, 39.8 MB/s
2026-05-15 08:38:57,019 DEBUG   OK (disk op exit 0)
2026-05-15 08:38:57,020 WARNING Guest disk op wall 29.8s (vm='ahv_ins_delete-0-260514-175858' ip=10.114.53.140 op=create ec=0) — includes SSH + guest disk command; if still high, check guest disk throughput vs. MiB settings.
2026-05-15 08:38:57,020 DEBUG [26/126] VM bc32a09d… (ahv_ins_delete-0-260514-180859) via 10.114.51.148 op=create
2026-05-15 08:38:57,020 DEBUG   remote: bash -lc 'set -e; _bs(){ printf '"'"'BULK_SNAP_T %s %s\n'"'"' "$1" "$(date +%s.%N 2>/dev/null || date +%s)"; }; _bs guest_start; _bs pipeline_start; openssl enc -aes-256-ctr -pass pass:"testing" -nosalt < /dev/zero 2>/dev/null | dd of=/root/dummy_snapshot_data_1.img bs=1M count=1024 iflag=fullblock status=progress; ec=$?; _bs pipeline_done; _bs guest_end; exit $ec'
2026-05-15 08:38:57,508 DEBUG   BULK_SNAP_T guest_start 1778801903.785546454
2026-05-15 08:38:57,508 DEBUG   BULK_SNAP_T pipeline_start 1778801903.789145049
2026-05-15 08:38:57,508 DEBUG   BULK_SNAP_T pipeline_done 1778801935.854600069
2026-05-15 08:38:57,508 DEBUG   BULK_SNAP_T guest_end 1778801935.864704113
2026-05-15 08:38:57,508 DEBUG   
2026-05-15 08:38:57,508 DEBUG   32505856 bytes (33 MB) copied, 1.007158 s, 32.3 MB/s
2026-05-15 08:38:57,508 DEBUG   54525952 bytes (55 MB) copied, 2.012170 s, 27.1 MB/s
2026-05-15 08:38:57,508 DEBUG   88080384 bytes (88 MB) copied, 3.097527 s, 28.4 MB/s
2026-05-15 08:38:57,508 DEBUG   127926272 bytes (128 MB) copied, 4.120032 s, 31.0 MB/s
2026-05-15 08:38:57,508 DEBUG   166723584 bytes (167 MB) copied, 5.177323 s, 32.2 MB/s
2026-05-15 08:38:57,508 DEBUG   200278016 bytes (200 MB) copied, 6.205119 s, 32.3 MB/s
2026-05-15 08:38:57,508 DEBUG   234881024 bytes (235 MB) copied, 7.209298 s, 32.6 MB/s
2026-05-15 08:38:57,508 DEBUG   272629760 bytes (273 MB) copied, 8.225018 s, 33.1 MB/s
2026-05-15 08:38:57,508 DEBUG   308281344 bytes (308 MB) copied, 9.246179 s, 33.3 MB/s
2026-05-15 08:38:57,508 DEBUG   346030080 bytes (346 MB) copied, 10.267023 s, 33.7 MB/s
2026-05-15 08:38:57,508 DEBUG   378535936 bytes (379 MB) copied, 11.271420 s, 33.6 MB/s
2026-05-15 08:38:57,508 DEBUG   408944640 bytes (409 MB) copied, 12.309112 s, 33.2 MB/s
2026-05-15 08:38:57,508 DEBUG   444596224 bytes (445 MB) copied, 13.310041 s, 33.4 MB/s
2026-05-15 08:38:57,508 DEBUG   477102080 bytes (477 MB) copied, 14.322044 s, 33.3 MB/s
2026-05-15 08:38:57,508 DEBUG   508559360 bytes (509 MB) copied, 15.357080 s, 33.1 MB/s
2026-05-15 08:38:57,508 DEBUG   545259520 bytes (545 MB) copied, 16.386023 s, 33.3 MB/s
2026-05-15 08:38:57,508 DEBUG   576716800 bytes (577 MB) copied, 17.386080 s, 33.2 MB/s
2026-05-15 08:38:57,508 DEBUG   603979776 bytes (604 MB) copied, 18.429101 s, 32.8 MB/s
2026-05-15 08:38:57,508 DEBUG   636485632 bytes (636 MB) copied, 19.472112 s, 32.7 MB/s
2026-05-15 08:38:57,508 DEBUG   667942912 bytes (668 MB) copied, 20.563030 s, 32.5 MB/s
2026-05-15 08:38:57,508 DEBUG   700448768 bytes (700 MB) copied, 21.567400 s, 32.5 MB/s
2026-05-15 08:38:57,508 DEBUG   735051776 bytes (735 MB) copied, 22.587015 s, 32.5 MB/s
2026-05-15 08:38:57,508 DEBUG   764411904 bytes (764 MB) copied, 23.593365 s, 32.4 MB/s
2026-05-15 08:38:57,508 DEBUG   803209216 bytes (803 MB) copied, 24.595082 s, 32.7 MB/s
2026-05-15 08:38:57,508 DEBUG   836763648 bytes (837 MB) copied, 25.633105 s, 32.6 MB/s
2026-05-15 08:38:57,508 DEBUG   866123776 bytes (866 MB) copied, 26.667092 s, 32.5 MB/s
2026-05-15 08:38:57,508 DEBUG   908066816 bytes (908 MB) copied, 27.688080 s, 32.8 MB/s
2026-05-15 08:38:57,508 DEBUG   953155584 bytes (953 MB) copied, 28.703233 s, 33.2 MB/s
2026-05-15 08:38:57,508 DEBUG   991952896 bytes (992 MB) copied, 29.751003 s, 33.3 MB/s
2026-05-15 08:38:57,508 DEBUG   1045430272 bytes (1.0 GB) copied, 30.796061 s, 33.9 MB/s
2026-05-15 08:38:57,508 DEBUG   1024+0 records in
2026-05-15 08:38:57,508 DEBUG   1024+0 records out
2026-05-15 08:38:57,508 DEBUG   1073741824 bytes (1.1 GB) copied, 31.5405 s, 34.0 MB/s
2026-05-15 08:38:57,508 DEBUG   OK (disk op exit 0)
2026-05-15 08:38:57,509 WARNING Guest disk op wall 34.5s (vm='ahv_ins_delete-0-260514-174752' ip=10.114.50.3 op=create ec=0) — includes SSH + guest disk command; if still high, check guest disk throughput vs. MiB settings.
2026-05-15 08:38:57,509 DEBUG [27/126] VM be99e82f… (ahv_ins_delete-0-260514-180903) via 10.114.50.29 op=create
2026-05-15 08:38:57,509 DEBUG   remote: bash -lc 'set -e; _bs(){ printf '"'"'BULK_SNAP_T %s %s\n'"'"' "$1" "$(date +%s.%N 2>/dev/null || date +%s)"; }; _bs guest_start; _bs pipeline_start; openssl enc -aes-256-ctr -pass pass:"testing" -nosalt < /dev/zero 2>/dev/null | dd of=/root/dummy_snapshot_data_1.img bs=1M count=1024 iflag=fullblock status=progress; ec=$?; _bs pipeline_done; _bs guest_end; exit $ec'
2026-05-15 08:38:58,013 DEBUG   BULK_SNAP_T guest_start 1778801905.387467445
2026-05-15 08:38:58,013 DEBUG   BULK_SNAP_T pipeline_start 1778801905.391075696
2026-05-15 08:38:58,013 DEBUG   BULK_SNAP_T pipeline_done 1778801936.666331844
2026-05-15 08:38:58,014 DEBUG   BULK_SNAP_T guest_end 1778801936.676837230
2026-05-15 08:38:58,014 DEBUG   
2026-05-15 08:38:58,014 DEBUG   16777216 bytes (17 MB) copied, 1.051271 s, 16.0 MB/s
2026-05-15 08:38:58,014 DEBUG   39845888 bytes (40 MB) copied, 2.055903 s, 19.4 MB/s
2026-05-15 08:38:58,014 DEBUG   66060288 bytes (66 MB) copied, 3.121693 s, 21.2 MB/s
2026-05-15 08:38:58,014 DEBUG   101711872 bytes (102 MB) copied, 4.138794 s, 24.6 MB/s
2026-05-15 08:38:58,014 DEBUG   138412032 bytes (138 MB) copied, 5.242803 s, 26.4 MB/s
2026-05-15 08:38:58,014 DEBUG   168820736 bytes (169 MB) copied, 6.269789 s, 26.9 MB/s
2026-05-15 08:38:58,014 DEBUG   212860928 bytes (213 MB) copied, 7.317925 s, 29.1 MB/s
2026-05-15 08:38:58,014 DEBUG   242221056 bytes (242 MB) copied, 8.339835 s, 29.0 MB/s
2026-05-15 08:38:58,014 DEBUG   281018368 bytes (281 MB) copied, 9.349738 s, 30.1 MB/s
2026-05-15 08:38:58,014 DEBUG   329252864 bytes (329 MB) copied, 10.380669 s, 31.7 MB/s
2026-05-15 08:38:58,014 DEBUG   364904448 bytes (365 MB) copied, 11.396763 s, 32.0 MB/s
2026-05-15 08:38:58,014 DEBUG   400556032 bytes (401 MB) copied, 12.404715 s, 32.3 MB/s
2026-05-15 08:38:58,014 DEBUG   443547648 bytes (444 MB) copied, 13.406833 s, 33.1 MB/s
2026-05-15 08:38:58,014 DEBUG   479199232 bytes (479 MB) copied, 14.446949 s, 33.2 MB/s
2026-05-15 08:38:58,014 DEBUG   517996544 bytes (518 MB) copied, 15.488057 s, 33.4 MB/s
2026-05-15 08:38:58,014 DEBUG   547356672 bytes (547 MB) copied, 16.490072 s, 33.2 MB/s
2026-05-15 08:38:58,014 DEBUG   577765376 bytes (578 MB) copied, 17.524227 s, 33.0 MB/s
2026-05-15 08:38:58,014 DEBUG   616562688 bytes (617 MB) copied, 18.529647 s, 33.3 MB/s
2026-05-15 08:38:58,014 DEBUG   650117120 bytes (650 MB) copied, 19.532670 s, 33.3 MB/s
2026-05-15 08:38:58,014 DEBUG   689963008 bytes (690 MB) copied, 20.606964 s, 33.5 MB/s
2026-05-15 08:38:58,014 DEBUG   728760320 bytes (729 MB) copied, 21.640780 s, 33.7 MB/s
2026-05-15 08:38:58,014 DEBUG   763363328 bytes (763 MB) copied, 22.672781 s, 33.7 MB/s
2026-05-15 08:38:58,014 DEBUG   799014912 bytes (799 MB) copied, 23.674971 s, 33.7 MB/s
2026-05-15 08:38:58,014 DEBUG   828375040 bytes (828 MB) copied, 24.675060 s, 33.6 MB/s
2026-05-15 08:38:58,014 DEBUG   866123776 bytes (866 MB) copied, 25.713891 s, 33.7 MB/s
2026-05-15 08:38:58,014 DEBUG   904921088 bytes (905 MB) copied, 26.729780 s, 33.9 MB/s
2026-05-15 08:38:58,014 DEBUG   942669824 bytes (943 MB) copied, 27.776730 s, 33.9 MB/s
2026-05-15 08:38:58,014 DEBUG   980418560 bytes (980 MB) copied, 28.781270 s, 34.1 MB/s
2026-05-15 08:38:58,014 DEBUG   1018167296 bytes (1.0 GB) copied, 29.840702 s, 34.1 MB/s
2026-05-15 08:38:58,014 DEBUG   1060110336 bytes (1.1 GB) copied, 30.850373 s, 34.4 MB/s
2026-05-15 08:38:58,014 DEBUG   1024+0 records in
2026-05-15 08:38:58,014 DEBUG   1024+0 records out
2026-05-15 08:38:58,014 DEBUG   1073741824 bytes (1.1 GB) copied, 31.1538 s, 34.5 MB/s
2026-05-15 08:38:58,014 DEBUG   OK (disk op exit 0)
2026-05-15 08:38:58,014 WARNING Guest disk op wall 33.5s (vm='ahv_ins_delete-0-260514-175832' ip=10.114.52.133 op=create ec=0) — includes SSH + guest disk command; if still high, check guest disk throughput vs. MiB settings.
2026-05-15 08:38:58,015 DEBUG [28/126] VM c659e01d… (ahv_ins_delete-0-260514-180908) via 10.114.51.50 op=create
2026-05-15 08:38:58,015 DEBUG   remote: bash -lc 'set -e; _bs(){ printf '"'"'BULK_SNAP_T %s %s\n'"'"' "$1" "$(date +%s.%N 2>/dev/null || date +%s)"; }; _bs guest_start; _bs pipeline_start; openssl enc -aes-256-ctr -pass pass:"testing" -nosalt < /dev/zero 2>/dev/null | dd of=/root/dummy_snapshot_data_1.img bs=1M count=1024 iflag=fullblock status=progress; ec=$?; _bs pipeline_done; _bs guest_end; exit $ec'
2026-05-15 08:38:58,267 DEBUG   BULK_SNAP_T guest_start 1778801906.692309231
2026-05-15 08:38:58,267 DEBUG   BULK_SNAP_T pipeline_start 1778801906.696735323
2026-05-15 08:38:58,267 DEBUG   BULK_SNAP_T pipeline_done 1778801937.608625875
2026-05-15 08:38:58,267 DEBUG   BULK_SNAP_T guest_end 1778801937.612608899
2026-05-15 08:38:58,267 DEBUG   
2026-05-15 08:38:58,268 DEBUG   40894464 bytes (41 MB) copied, 1.002259 s, 40.8 MB/s
2026-05-15 08:38:58,268 DEBUG   62914560 bytes (63 MB) copied, 2.080651 s, 30.2 MB/s
2026-05-15 08:38:58,268 DEBUG   98566144 bytes (99 MB) copied, 3.081394 s, 32.0 MB/s
2026-05-15 08:38:58,268 DEBUG   122683392 bytes (123 MB) copied, 4.081555 s, 30.1 MB/s
2026-05-15 08:38:58,268 DEBUG   153092096 bytes (153 MB) copied, 5.196365 s, 29.5 MB/s
2026-05-15 08:38:58,268 DEBUG   184549376 bytes (185 MB) copied, 6.234328 s, 29.6 MB/s
2026-05-15 08:38:58,268 DEBUG   216006656 bytes (216 MB) copied, 7.240611 s, 29.8 MB/s
2026-05-15 08:38:58,268 DEBUG   251658240 bytes (252 MB) copied, 8.246376 s, 30.5 MB/s
2026-05-15 08:38:58,268 DEBUG   282066944 bytes (282 MB) copied, 9.259465 s, 30.5 MB/s
2026-05-15 08:38:58,268 DEBUG   314572800 bytes (315 MB) copied, 10.268330 s, 30.6 MB/s
2026-05-15 08:38:58,268 DEBUG   349175808 bytes (349 MB) copied, 11.272374 s, 31.0 MB/s
2026-05-15 08:38:58,268 DEBUG   379584512 bytes (380 MB) copied, 12.280333 s, 30.9 MB/s
2026-05-15 08:38:58,268 DEBUG   412090368 bytes (412 MB) copied, 13.298400 s, 31.0 MB/s
2026-05-15 08:38:58,268 DEBUG   443547648 bytes (444 MB) copied, 14.314367 s, 31.0 MB/s
2026-05-15 08:38:58,268 DEBUG   479199232 bytes (479 MB) copied, 15.329373 s, 31.3 MB/s
2026-05-15 08:38:58,268 DEBUG   514850816 bytes (515 MB) copied, 16.387256 s, 31.4 MB/s
2026-05-15 08:38:58,268 DEBUG   552599552 bytes (553 MB) copied, 17.394384 s, 31.8 MB/s
2026-05-15 08:38:58,268 DEBUG   583008256 bytes (583 MB) copied, 18.403938 s, 31.7 MB/s
2026-05-15 08:38:58,268 DEBUG   619708416 bytes (620 MB) copied, 19.464351 s, 31.8 MB/s
2026-05-15 08:38:58,268 DEBUG   659554304 bytes (660 MB) copied, 20.475272 s, 32.2 MB/s
2026-05-15 08:38:58,268 DEBUG   696254464 bytes (696 MB) copied, 21.546289 s, 32.3 MB/s
2026-05-15 08:38:58,268 DEBUG   735051776 bytes (735 MB) copied, 22.578297 s, 32.6 MB/s
2026-05-15 08:38:58,268 DEBUG   775946240 bytes (776 MB) copied, 23.581254 s, 32.9 MB/s
2026-05-15 08:38:58,268 DEBUG   815792128 bytes (816 MB) copied, 24.594275 s, 33.2 MB/s
2026-05-15 08:38:58,268 DEBUG   852492288 bytes (852 MB) copied, 25.610358 s, 33.3 MB/s
2026-05-15 08:38:58,268 DEBUG   891289600 bytes (891 MB) copied, 26.614476 s, 33.5 MB/s
2026-05-15 08:38:58,268 DEBUG   933232640 bytes (933 MB) copied, 27.623274 s, 33.8 MB/s
2026-05-15 08:38:58,268 DEBUG   972029952 bytes (972 MB) copied, 28.630572 s, 34.0 MB/s
2026-05-15 08:38:58,268 DEBUG   1013972992 bytes (1.0 GB) copied, 29.653252 s, 34.2 MB/s
2026-05-15 08:38:58,268 DEBUG   1065353216 bytes (1.1 GB) copied, 30.666596 s, 34.7 MB/s
2026-05-15 08:38:58,268 DEBUG   1024+0 records in
2026-05-15 08:38:58,268 DEBUG   1024+0 records out
2026-05-15 08:38:58,268 DEBUG   1073741824 bytes (1.1 GB) copied, 30.8243 s, 34.8 MB/s
2026-05-15 08:38:58,268 DEBUG   OK (disk op exit 0)
2026-05-15 08:38:58,268 WARNING Guest disk op wall 33.0s (vm='ahv_ins_delete-0-260514-175854' ip=10.114.53.252 op=create ec=0) — includes SSH + guest disk command; if still high, check guest disk throughput vs. MiB settings.
2026-05-15 08:38:58,269 DEBUG [29/126] VM d6c02f9a… (ahv_ins_delete-0-260514-180913) via 10.114.50.202 op=create
2026-05-15 08:38:58,269 DEBUG   remote: bash -lc 'set -e; _bs(){ printf '"'"'BULK_SNAP_T %s %s\n'"'"' "$1" "$(date +%s.%N 2>/dev/null || date +%s)"; }; _bs guest_start; _bs pipeline_start; openssl enc -aes-256-ctr -pass pass:"testing" -nosalt < /dev/zero 2>/dev/null | dd of=/root/dummy_snapshot_data_1.img bs=1M count=1024 iflag=fullblock status=progress; ec=$?; _bs pipeline_done; _bs guest_end; exit $ec'
2026-05-15 08:38:58,513 DEBUG   BULK_SNAP_T guest_start 1778801905.588454114
2026-05-15 08:38:58,514 DEBUG   BULK_SNAP_T pipeline_start 1778801905.594592253
2026-05-15 08:38:58,514 DEBUG   BULK_SNAP_T pipeline_done 1778801936.988642883
2026-05-15 08:38:58,514 DEBUG   BULK_SNAP_T guest_end 1778801936.995012556
2026-05-15 08:38:58,514 DEBUG   
2026-05-15 08:38:58,514 DEBUG   26214400 bytes (26 MB) copied, 1.027038 s, 25.5 MB/s
2026-05-15 08:38:58,514 DEBUG   47185920 bytes (47 MB) copied, 2.111978 s, 22.3 MB/s
2026-05-15 08:38:58,514 DEBUG   78643200 bytes (79 MB) copied, 3.113452 s, 25.3 MB/s
2026-05-15 08:38:58,514 DEBUG   118489088 bytes (118 MB) copied, 4.148318 s, 28.6 MB/s
2026-05-15 08:38:58,514 DEBUG   149946368 bytes (150 MB) copied, 5.172046 s, 29.0 MB/s
2026-05-15 08:38:58,514 DEBUG   197132288 bytes (197 MB) copied, 6.182234 s, 31.9 MB/s
2026-05-15 08:38:58,514 DEBUG   238026752 bytes (238 MB) copied, 7.183979 s, 33.1 MB/s
2026-05-15 08:38:58,514 DEBUG   270532608 bytes (271 MB) copied, 8.184984 s, 33.1 MB/s
2026-05-15 08:38:58,514 DEBUG   305135616 bytes (305 MB) copied, 9.252082 s, 33.0 MB/s
2026-05-15 08:38:58,514 DEBUG   344981504 bytes (345 MB) copied, 10.289075 s, 33.5 MB/s
2026-05-15 08:38:58,514 DEBUG   387973120 bytes (388 MB) copied, 11.393020 s, 34.1 MB/s
2026-05-15 08:38:58,514 DEBUG   424673280 bytes (425 MB) copied, 12.406043 s, 34.2 MB/s
2026-05-15 08:38:58,514 DEBUG   461373440 bytes (461 MB) copied, 13.443049 s, 34.3 MB/s
2026-05-15 08:38:58,514 DEBUG   500170752 bytes (500 MB) copied, 14.456022 s, 34.6 MB/s
2026-05-15 08:38:58,514 DEBUG   542113792 bytes (542 MB) copied, 15.518044 s, 34.9 MB/s
2026-05-15 08:38:58,514 DEBUG   570425344 bytes (570 MB) copied, 16.538102 s, 34.5 MB/s
2026-05-15 08:38:58,514 DEBUG   610271232 bytes (610 MB) copied, 17.595635 s, 34.7 MB/s
2026-05-15 08:38:58,514 DEBUG   645922816 bytes (646 MB) copied, 18.640217 s, 34.7 MB/s
2026-05-15 08:38:58,514 DEBUG   678428672 bytes (678 MB) copied, 19.647403 s, 34.5 MB/s
2026-05-15 08:38:58,514 DEBUG   705691648 bytes (706 MB) copied, 20.699019 s, 34.1 MB/s
2026-05-15 08:38:58,514 DEBUG   742391808 bytes (742 MB) copied, 21.729024 s, 34.2 MB/s
2026-05-15 08:38:58,514 DEBUG   779091968 bytes (779 MB) copied, 22.769063 s, 34.2 MB/s
2026-05-15 08:38:58,514 DEBUG   805306368 bytes (805 MB) copied, 23.803026 s, 33.8 MB/s
2026-05-15 08:38:58,514 DEBUG   842006528 bytes (842 MB) copied, 24.847469 s, 33.9 MB/s
2026-05-15 08:38:58,514 DEBUG   876609536 bytes (877 MB) copied, 25.881501 s, 33.9 MB/s
2026-05-15 08:38:58,514 DEBUG   917504000 bytes (918 MB) copied, 26.922012 s, 34.1 MB/s
2026-05-15 08:38:58,514 DEBUG   955252736 bytes (955 MB) copied, 27.925458 s, 34.2 MB/s
2026-05-15 08:38:58,514 DEBUG   991952896 bytes (992 MB) copied, 28.937467 s, 34.3 MB/s
2026-05-15 08:38:58,514 DEBUG   1030750208 bytes (1.0 GB) copied, 29.957011 s, 34.4 MB/s
2026-05-15 08:38:58,514 DEBUG   1070596096 bytes (1.1 GB) copied, 31.011111 s, 34.5 MB/s
2026-05-15 08:38:58,514 DEBUG   1024+0 records in
2026-05-15 08:38:58,514 DEBUG   1024+0 records out
2026-05-15 08:38:58,514 DEBUG   1073741824 bytes (1.1 GB) copied, 31.1031 s, 34.5 MB/s
2026-05-15 08:38:58,514 DEBUG   OK (disk op exit 0)
2026-05-15 08:38:58,515 WARNING Guest disk op wall 33.8s (vm='ahv_ins_delete-0-260514-175843' ip=10.114.51.47 op=create ec=0) — includes SSH + guest disk command; if still high, check guest disk throughput vs. MiB settings.
2026-05-15 08:38:58,515 DEBUG [30/126] VM a112b97a… (ahv_ins_delete-0-260514-180924) via 10.114.51.191 op=create
2026-05-15 08:38:58,515 DEBUG   remote: bash -lc 'set -e; _bs(){ printf '"'"'BULK_SNAP_T %s %s\n'"'"' "$1" "$(date +%s.%N 2>/dev/null || date +%s)"; }; _bs guest_start; _bs pipeline_start; openssl enc -aes-256-ctr -pass pass:"testing" -nosalt < /dev/zero 2>/dev/null | dd of=/root/dummy_snapshot_data_1.img bs=1M count=1024 iflag=fullblock status=progress; ec=$?; _bs pipeline_done; _bs guest_end; exit $ec'
2026-05-15 08:39:03,019 DEBUG   BULK_SNAP_T guest_start 1778801918.663260901
2026-05-15 08:39:03,020 DEBUG   BULK_SNAP_T pipeline_start 1778801918.666788928
2026-05-15 08:39:03,020 DEBUG   BULK_SNAP_T pipeline_done 1778801941.086356022
2026-05-15 08:39:03,020 DEBUG   BULK_SNAP_T guest_end 1778801941.109496953
2026-05-15 08:39:03,020 DEBUG   
2026-05-15 08:39:03,020 DEBUG   17825792 bytes (18 MB) copied, 1.110765 s, 16.0 MB/s
2026-05-15 08:39:03,020 DEBUG   39845888 bytes (40 MB) copied, 2.232852 s, 17.8 MB/s
2026-05-15 08:39:03,020 DEBUG   69206016 bytes (69 MB) copied, 3.357031 s, 20.6 MB/s
2026-05-15 08:39:03,020 DEBUG   98566144 bytes (99 MB) copied, 4.409867 s, 22.4 MB/s
2026-05-15 08:39:03,020 DEBUG   126877696 bytes (127 MB) copied, 5.411548 s, 23.4 MB/s
2026-05-15 08:39:03,020 DEBUG   167772160 bytes (168 MB) copied, 6.421612 s, 26.1 MB/s
2026-05-15 08:39:03,020 DEBUG   202375168 bytes (202 MB) copied, 7.445610 s, 27.2 MB/s
2026-05-15 08:39:03,020 DEBUG   250609664 bytes (251 MB) copied, 8.450929 s, 29.7 MB/s
2026-05-15 08:39:03,020 DEBUG   304087040 bytes (304 MB) copied, 9.462599 s, 32.1 MB/s
2026-05-15 08:39:03,020 DEBUG   349175808 bytes (349 MB) copied, 10.464578 s, 33.4 MB/s
2026-05-15 08:39:03,020 DEBUG   408944640 bytes (409 MB) copied, 11.464605 s, 35.7 MB/s
2026-05-15 08:39:03,020 DEBUG   467664896 bytes (468 MB) copied, 12.494613 s, 37.4 MB/s
2026-05-15 08:39:03,020 DEBUG   525336576 bytes (525 MB) copied, 13.495737 s, 38.9 MB/s
2026-05-15 08:39:03,020 DEBUG   589299712 bytes (589 MB) copied, 14.508650 s, 40.6 MB/s
2026-05-15 08:39:03,020 DEBUG   652214272 bytes (652 MB) copied, 15.533614 s, 42.0 MB/s
2026-05-15 08:39:03,020 DEBUG   707788800 bytes (708 MB) copied, 16.547600 s, 42.8 MB/s
2026-05-15 08:39:03,020 DEBUG   779091968 bytes (779 MB) copied, 17.570869 s, 44.3 MB/s
2026-05-15 08:39:03,020 DEBUG   865075200 bytes (865 MB) copied, 18.576703 s, 46.6 MB/s
2026-05-15 08:39:03,020 DEBUG   947912704 bytes (948 MB) copied, 19.591618 s, 48.4 MB/s
2026-05-15 08:39:03,020 DEBUG   1002438656 bytes (1.0 GB) copied, 20.594908 s, 48.7 MB/s
2026-05-15 08:39:03,020 DEBUG   1066401792 bytes (1.1 GB) copied, 21.600476 s, 49.4 MB/s
2026-05-15 08:39:03,020 DEBUG   1024+0 records in
2026-05-15 08:39:03,020 DEBUG   1024+0 records out
2026-05-15 08:39:03,020 DEBUG   1073741824 bytes (1.1 GB) copied, 21.6967 s, 49.5 MB/s
2026-05-15 08:39:03,020 DEBUG   OK (disk op exit 0)
2026-05-15 08:39:03,020 WARNING Guest disk op wall 25.0s (vm='ahv_ins_delete-0-260514-180340' ip=10.114.52.229 op=create ec=0) — includes SSH + guest disk command; if still high, check guest disk throughput vs. MiB settings.
2026-05-15 08:39:03,021 DEBUG [31/126] VM 457a4000… (ahv_ins_delete-0-260514-181357) via 10.114.50.156 op=create
2026-05-15 08:39:03,021 DEBUG   remote: bash -lc 'set -e; _bs(){ printf '"'"'BULK_SNAP_T %s %s\n'"'"' "$1" "$(date +%s.%N 2>/dev/null || date +%s)"; }; _bs guest_start; _bs pipeline_start; openssl enc -aes-256-ctr -pass pass:"testing" -nosalt < /dev/zero 2>/dev/null | dd of=/root/dummy_snapshot_data_1.img bs=1M count=1024 iflag=fullblock status=progress; ec=$?; _bs pipeline_done; _bs guest_end; exit $ec'
2026-05-15 08:39:20,268 DEBUG   BULK_SNAP_T guest_start 1778801932.679842643
2026-05-15 08:39:20,268 DEBUG   BULK_SNAP_T pipeline_start 1778801932.692822122
2026-05-15 08:39:20,268 DEBUG   BULK_SNAP_T pipeline_done 1778801959.279733203
2026-05-15 08:39:20,268 DEBUG   BULK_SNAP_T guest_end 1778801959.294058844
2026-05-15 08:39:20,268 DEBUG   
2026-05-15 08:39:20,268 DEBUG   25165824 bytes (25 MB) copied, 1.000704 s, 25.1 MB/s
2026-05-15 08:39:20,268 DEBUG   48234496 bytes (48 MB) copied, 2.028453 s, 23.8 MB/s
2026-05-15 08:39:20,268 DEBUG   82837504 bytes (83 MB) copied, 3.055431 s, 27.1 MB/s
2026-05-15 08:39:20,268 DEBUG   128974848 bytes (129 MB) copied, 4.074643 s, 31.7 MB/s
2026-05-15 08:39:20,268 DEBUG   179306496 bytes (179 MB) copied, 5.086417 s, 35.3 MB/s
2026-05-15 08:39:20,268 DEBUG   232783872 bytes (233 MB) copied, 6.088378 s, 38.2 MB/s
2026-05-15 08:39:20,268 DEBUG   276824064 bytes (277 MB) copied, 7.110353 s, 38.9 MB/s
2026-05-15 08:39:20,268 DEBUG   318767104 bytes (319 MB) copied, 8.132324 s, 39.2 MB/s
2026-05-15 08:39:20,268 DEBUG   367001600 bytes (367 MB) copied, 9.160284 s, 40.1 MB/s
2026-05-15 08:39:20,268 DEBUG   403701760 bytes (404 MB) copied, 10.173291 s, 39.7 MB/s
2026-05-15 08:39:20,268 DEBUG   438304768 bytes (438 MB) copied, 11.174380 s, 39.2 MB/s
2026-05-15 08:39:20,268 DEBUG   487587840 bytes (488 MB) copied, 12.177305 s, 40.0 MB/s
2026-05-15 08:39:20,268 DEBUG   526385152 bytes (526 MB) copied, 13.221322 s, 39.8 MB/s
2026-05-15 08:39:20,268 DEBUG   555745280 bytes (556 MB) copied, 14.227308 s, 39.1 MB/s
2026-05-15 08:39:20,268 DEBUG   587202560 bytes (587 MB) copied, 15.237403 s, 38.5 MB/s
2026-05-15 08:39:20,268 DEBUG   630194176 bytes (630 MB) copied, 16.287301 s, 38.7 MB/s
2026-05-15 08:39:20,268 DEBUG   666894336 bytes (667 MB) copied, 17.300348 s, 38.5 MB/s
2026-05-15 08:39:20,268 DEBUG   694157312 bytes (694 MB) copied, 18.314350 s, 37.9 MB/s
2026-05-15 08:39:20,268 DEBUG   727711744 bytes (728 MB) copied, 19.336271 s, 37.6 MB/s
2026-05-15 08:39:20,268 DEBUG   769654784 bytes (770 MB) copied, 20.362326 s, 37.8 MB/s
2026-05-15 08:39:20,268 DEBUG   797966336 bytes (798 MB) copied, 21.400311 s, 37.3 MB/s
2026-05-15 08:39:20,268 DEBUG   869269504 bytes (869 MB) copied, 22.411266 s, 38.8 MB/s
2026-05-15 08:39:20,268 DEBUG   904921088 bytes (905 MB) copied, 23.442579 s, 38.6 MB/s
2026-05-15 08:39:20,268 DEBUG   951058432 bytes (951 MB) copied, 24.473347 s, 38.9 MB/s
2026-05-15 08:39:20,268 DEBUG   1003487232 bytes (1.0 GB) copied, 25.480363 s, 39.4 MB/s
2026-05-15 08:39:20,268 DEBUG   1024+0 records in
2026-05-15 08:39:20,268 DEBUG   1024+0 records out
2026-05-15 08:39:20,268 DEBUG   1073741824 bytes (1.1 GB) copied, 26.4373 s, 40.6 MB/s
2026-05-15 08:39:20,268 DEBUG   OK (disk op exit 0)
2026-05-15 08:39:20,269 WARNING Guest disk op wall 29.8s (vm='ahv_ins_delete-0-260514-180402' ip=10.114.49.225 op=create ec=0) — includes SSH + guest disk command; if still high, check guest disk throughput vs. MiB settings.
2026-05-15 08:39:20,269 DEBUG [32/126] VM 38455407… (ahv_ins_delete-0-260514-181408) via 10.114.51.43 op=create
2026-05-15 08:39:20,269 DEBUG   remote: bash -lc 'set -e; _bs(){ printf '"'"'BULK_SNAP_T %s %s\n'"'"' "$1" "$(date +%s.%N 2>/dev/null || date +%s)"; }; _bs guest_start; _bs pipeline_start; openssl enc -aes-256-ctr -pass pass:"testing" -nosalt < /dev/zero 2>/dev/null | dd of=/root/dummy_snapshot_data_1.img bs=1M count=1024 iflag=fullblock status=progress; ec=$?; _bs pipeline_done; _bs guest_end; exit $ec'
2026-05-15 08:39:20,528 DEBUG   BULK_SNAP_T guest_start 1778801929.840599875
2026-05-15 08:39:20,529 DEBUG   BULK_SNAP_T pipeline_start 1778801929.851091648
2026-05-15 08:39:20,529 DEBUG   BULK_SNAP_T pipeline_done 1778801959.644487536
2026-05-15 08:39:20,529 DEBUG   BULK_SNAP_T guest_end 1778801959.651188580
2026-05-15 08:39:20,529 DEBUG   
2026-05-15 08:39:20,529 DEBUG   25165824 bytes (25 MB) copied, 1.202062 s, 20.9 MB/s
2026-05-15 08:39:20,529 DEBUG   45088768 bytes (45 MB) copied, 2.280202 s, 19.8 MB/s
2026-05-15 08:39:20,529 DEBUG   76546048 bytes (77 MB) copied, 3.337173 s, 22.9 MB/s
2026-05-15 08:39:20,529 DEBUG   118489088 bytes (118 MB) copied, 4.343851 s, 27.3 MB/s
2026-05-15 08:39:20,529 DEBUG   154140672 bytes (154 MB) copied, 5.349837 s, 28.8 MB/s
2026-05-15 08:39:20,529 DEBUG   197132288 bytes (197 MB) copied, 6.366896 s, 31.0 MB/s
2026-05-15 08:39:20,529 DEBUG   242221056 bytes (242 MB) copied, 7.370955 s, 32.9 MB/s
2026-05-15 08:39:20,529 DEBUG   293601280 bytes (294 MB) copied, 8.371799 s, 35.1 MB/s
2026-05-15 08:39:20,529 DEBUG   340787200 bytes (341 MB) copied, 9.430888 s, 36.1 MB/s
2026-05-15 08:39:20,529 DEBUG   385875968 bytes (386 MB) copied, 10.441866 s, 37.0 MB/s
2026-05-15 08:39:20,529 DEBUG   427819008 bytes (428 MB) copied, 11.442906 s, 37.4 MB/s
2026-05-15 08:39:20,529 DEBUG   471859200 bytes (472 MB) copied, 12.448851 s, 37.9 MB/s
2026-05-15 08:39:20,529 DEBUG   504365056 bytes (504 MB) copied, 13.457922 s, 37.5 MB/s
2026-05-15 08:39:20,529 DEBUG   546308096 bytes (546 MB) copied, 14.467843 s, 37.8 MB/s
2026-05-15 08:39:20,529 DEBUG   576716800 bytes (577 MB) copied, 15.479826 s, 37.3 MB/s
2026-05-15 08:39:20,529 DEBUG   611319808 bytes (611 MB) copied, 16.548871 s, 36.9 MB/s
2026-05-15 08:39:20,529 DEBUG   654311424 bytes (654 MB) copied, 17.549055 s, 37.3 MB/s
2026-05-15 08:39:20,529 DEBUG   689963008 bytes (690 MB) copied, 18.555833 s, 37.2 MB/s
2026-05-15 08:39:20,529 DEBUG   721420288 bytes (721 MB) copied, 19.566011 s, 36.9 MB/s
2026-05-15 08:39:20,529 DEBUG   763363328 bytes (763 MB) copied, 20.574056 s, 37.1 MB/s
2026-05-15 08:39:20,529 DEBUG   806354944 bytes (806 MB) copied, 21.574765 s, 37.4 MB/s
2026-05-15 08:39:20,529 DEBUG   839909376 bytes (840 MB) copied, 22.610778 s, 37.1 MB/s
2026-05-15 08:39:20,529 DEBUG   875560960 bytes (876 MB) copied, 23.621822 s, 37.1 MB/s
2026-05-15 08:39:20,529 DEBUG   905969664 bytes (906 MB) copied, 24.626112 s, 36.8 MB/s
2026-05-15 08:39:20,529 DEBUG   938475520 bytes (938 MB) copied, 25.679020 s, 36.5 MB/s
2026-05-15 08:39:20,529 DEBUG   979369984 bytes (979 MB) copied, 26.693793 s, 36.7 MB/s
2026-05-15 08:39:20,529 DEBUG   1009778688 bytes (1.0 GB) copied, 27.727836 s, 36.4 MB/s
2026-05-15 08:39:20,529 DEBUG   1045430272 bytes (1.0 GB) copied, 28.732084 s, 36.4 MB/s
2026-05-15 08:39:20,529 DEBUG   1024+0 records in
2026-05-15 08:39:20,529 DEBUG   1024+0 records out
2026-05-15 08:39:20,529 DEBUG   1073741824 bytes (1.1 GB) copied, 29.6429 s, 36.2 MB/s
2026-05-15 08:39:20,529 DEBUG   OK (disk op exit 0)
2026-05-15 08:39:20,529 WARNING Guest disk op wall 32.8s (vm='ahv_ins_delete-0-260514-180351' ip=10.114.51.32 op=create ec=0) — includes SSH + guest disk command; if still high, check guest disk throughput vs. MiB settings.
2026-05-15 08:39:20,530 DEBUG [33/126] VM 89ad85b7… (ahv_ins_delete-0-260514-181428) via 10.114.50.208 op=create
2026-05-15 08:39:20,530 DEBUG   remote: bash -lc 'set -e; _bs(){ printf '"'"'BULK_SNAP_T %s %s\n'"'"' "$1" "$(date +%s.%N 2>/dev/null || date +%s)"; }; _bs guest_start; _bs pipeline_start; openssl enc -aes-256-ctr -pass pass:"testing" -nosalt < /dev/zero 2>/dev/null | dd of=/root/dummy_snapshot_data_1.img bs=1M count=1024 iflag=fullblock status=progress; ec=$?; _bs pipeline_done; _bs guest_end; exit $ec'
2026-05-15 08:39:21,029 DEBUG   BULK_SNAP_T guest_start 1778801939.564036534
2026-05-15 08:39:21,029 DEBUG   BULK_SNAP_T pipeline_start 1778801939.567008522
2026-05-15 08:39:21,029 DEBUG   BULK_SNAP_T pipeline_done 1778801959.956131175
2026-05-15 08:39:21,029 DEBUG   BULK_SNAP_T guest_end 1778801960.210366226
2026-05-15 08:39:21,029 DEBUG   
2026-05-15 08:39:21,029 DEBUG   29360128 bytes (29 MB) copied, 1.029408 s, 28.5 MB/s
2026-05-15 08:39:21,029 DEBUG   53477376 bytes (53 MB) copied, 2.036516 s, 26.3 MB/s
2026-05-15 08:39:21,029 DEBUG   88080384 bytes (88 MB) copied, 3.087270 s, 28.5 MB/s
2026-05-15 08:39:21,029 DEBUG   130023424 bytes (130 MB) copied, 4.101403 s, 31.7 MB/s
2026-05-15 08:39:21,029 DEBUG   165675008 bytes (166 MB) copied, 5.126527 s, 32.3 MB/s
2026-05-15 08:39:21,029 DEBUG   198180864 bytes (198 MB) copied, 6.155270 s, 32.2 MB/s
2026-05-15 08:39:21,029 DEBUG   236978176 bytes (237 MB) copied, 7.184255 s, 33.0 MB/s
2026-05-15 08:39:21,029 DEBUG   275775488 bytes (276 MB) copied, 8.236362 s, 33.5 MB/s
2026-05-15 08:39:21,029 DEBUG   306184192 bytes (306 MB) copied, 9.264394 s, 33.0 MB/s
2026-05-15 08:39:21,029 DEBUG   339738624 bytes (340 MB) copied, 10.287261 s, 33.0 MB/s
2026-05-15 08:39:21,029 DEBUG   381681664 bytes (382 MB) copied, 11.290220 s, 33.8 MB/s
2026-05-15 08:39:21,029 DEBUG   461373440 bytes (461 MB) copied, 12.303237 s, 37.5 MB/s
2026-05-15 08:39:21,029 DEBUG   543162368 bytes (543 MB) copied, 13.327195 s, 40.8 MB/s
2026-05-15 08:39:21,029 DEBUG   618659840 bytes (619 MB) copied, 14.329552 s, 43.2 MB/s
2026-05-15 08:39:21,029 DEBUG   681574400 bytes (682 MB) copied, 15.334214 s, 44.4 MB/s
2026-05-15 08:39:21,029 DEBUG   756023296 bytes (756 MB) copied, 16.334236 s, 46.3 MB/s
2026-05-15 08:39:21,029 DEBUG   855638016 bytes (856 MB) copied, 17.334348 s, 49.4 MB/s
2026-05-15 08:39:21,029 DEBUG   952107008 bytes (952 MB) copied, 18.335225 s, 51.9 MB/s
2026-05-15 08:39:21,029 DEBUG   1030750208 bytes (1.0 GB) copied, 19.341329 s, 53.3 MB/s
2026-05-15 08:39:21,029 DEBUG   1024+0 records in
2026-05-15 08:39:21,029 DEBUG   1024+0 records out
2026-05-15 08:39:21,029 DEBUG   1073741824 bytes (1.1 GB) copied, 19.9473 s, 53.8 MB/s
2026-05-15 08:39:21,029 DEBUG   OK (disk op exit 0)
2026-05-15 08:39:21,030 WARNING Guest disk op wall 23.0s (vm='ahv_ins_delete-0-260514-180908' ip=10.114.51.50 op=create ec=0) — includes SSH + guest disk command; if still high, check guest disk throughput vs. MiB settings.
2026-05-15 08:39:21,030 DEBUG [34/126] VM 097c9822… (ahv_ins_delete-0-260514-181435) via 10.114.54.93 op=create
2026-05-15 08:39:21,030 DEBUG   remote: bash -lc 'set -e; _bs(){ printf '"'"'BULK_SNAP_T %s %s\n'"'"' "$1" "$(date +%s.%N 2>/dev/null || date +%s)"; }; _bs guest_start; _bs pipeline_start; openssl enc -aes-256-ctr -pass pass:"testing" -nosalt < /dev/zero 2>/dev/null | dd of=/root/dummy_snapshot_data_1.img bs=1M count=1024 iflag=fullblock status=progress; ec=$?; _bs pipeline_done; _bs guest_end; exit $ec'
2026-05-15 08:39:22,289 DEBUG   BULK_SNAP_T guest_start 1778801934.502880769
2026-05-15 08:39:22,290 DEBUG   BULK_SNAP_T pipeline_start 1778801934.508858127
2026-05-15 08:39:22,290 DEBUG   BULK_SNAP_T pipeline_done 1778801960.979411876
2026-05-15 08:39:22,290 DEBUG   BULK_SNAP_T guest_end 1778801960.994674536
2026-05-15 08:39:22,290 DEBUG   
2026-05-15 08:39:22,290 DEBUG   18874368 bytes (19 MB) copied, 1.072194 s, 17.6 MB/s
2026-05-15 08:39:22,290 DEBUG   40894464 bytes (41 MB) copied, 2.086300 s, 19.6 MB/s
2026-05-15 08:39:22,290 DEBUG   72351744 bytes (72 MB) copied, 3.129331 s, 23.1 MB/s
2026-05-15 08:39:22,290 DEBUG   116391936 bytes (116 MB) copied, 4.192428 s, 27.8 MB/s
2026-05-15 08:39:22,290 DEBUG   155189248 bytes (155 MB) copied, 5.197276 s, 29.9 MB/s
2026-05-15 08:39:22,290 DEBUG   196083712 bytes (196 MB) copied, 6.199158 s, 31.6 MB/s
2026-05-15 08:39:22,290 DEBUG   240123904 bytes (240 MB) copied, 7.209147 s, 33.3 MB/s
2026-05-15 08:39:22,290 DEBUG   278921216 bytes (279 MB) copied, 8.221054 s, 33.9 MB/s
2026-05-15 08:39:22,290 DEBUG   317718528 bytes (318 MB) copied, 9.231984 s, 34.4 MB/s
2026-05-15 08:39:22,290 DEBUG   359661568 bytes (360 MB) copied, 10.318267 s, 34.9 MB/s
2026-05-15 08:39:22,290 DEBUG   411041792 bytes (411 MB) copied, 11.347306 s, 36.2 MB/s
2026-05-15 08:39:22,290 DEBUG   448790528 bytes (449 MB) copied, 12.360123 s, 36.3 MB/s
2026-05-15 08:39:22,290 DEBUG   493879296 bytes (494 MB) copied, 13.385989 s, 36.9 MB/s
2026-05-15 08:39:22,290 DEBUG   535822336 bytes (536 MB) copied, 14.388117 s, 37.2 MB/s
2026-05-15 08:39:22,290 DEBUG   581959680 bytes (582 MB) copied, 15.400046 s, 37.8 MB/s
2026-05-15 08:39:22,290 DEBUG   616562688 bytes (617 MB) copied, 16.407040 s, 37.6 MB/s
2026-05-15 08:39:22,290 DEBUG   667942912 bytes (668 MB) copied, 17.426033 s, 38.3 MB/s
2026-05-15 08:39:22,290 DEBUG   706740224 bytes (707 MB) copied, 18.441047 s, 38.3 MB/s
2026-05-15 08:39:22,290 DEBUG   751828992 bytes (752 MB) copied, 19.443173 s, 38.7 MB/s
2026-05-15 08:39:22,290 DEBUG   782237696 bytes (782 MB) copied, 20.549991 s, 38.1 MB/s
2026-05-15 08:39:22,290 DEBUG   809500672 bytes (810 MB) copied, 21.588126 s, 37.5 MB/s
2026-05-15 08:39:22,290 DEBUG   855638016 bytes (856 MB) copied, 22.592014 s, 37.9 MB/s
2026-05-15 08:39:22,290 DEBUG   897581056 bytes (898 MB) copied, 23.602048 s, 38.0 MB/s
2026-05-15 08:39:22,290 DEBUG   950009856 bytes (950 MB) copied, 24.606270 s, 38.6 MB/s
2026-05-15 08:39:22,290 DEBUG   1016070144 bytes (1.0 GB) copied, 25.611344 s, 39.7 MB/s
2026-05-15 08:39:22,290 DEBUG   1024+0 records in
2026-05-15 08:39:22,290 DEBUG   1024+0 records out
2026-05-15 08:39:22,290 DEBUG   1073741824 bytes (1.1 GB) copied, 26.3694 s, 40.7 MB/s
2026-05-15 08:39:22,290 DEBUG   OK (disk op exit 0)
2026-05-15 08:39:22,290 WARNING Guest disk op wall 29.3s (vm='ahv_ins_delete-0-260514-180417' ip=10.114.48.38 op=create ec=0) — includes SSH + guest disk command; if still high, check guest disk throughput vs. MiB settings.
2026-05-15 08:39:22,291 DEBUG [35/126] VM 6e1d4669… (ahv_ins_delete-0-260514-181435) via 10.114.51.97 op=create
2026-05-15 08:39:22,291 DEBUG   remote: bash -lc 'set -e; _bs(){ printf '"'"'BULK_SNAP_T %s %s\n'"'"' "$1" "$(date +%s.%N 2>/dev/null || date +%s)"; }; _bs guest_start; _bs pipeline_start; openssl enc -aes-256-ctr -pass pass:"testing" -nosalt < /dev/zero 2>/dev/null | dd of=/root/dummy_snapshot_data_1.img bs=1M count=1024 iflag=fullblock status=progress; ec=$?; _bs pipeline_done; _bs guest_end; exit $ec'
2026-05-15 08:39:28,535 DEBUG   BULK_SNAP_T guest_start 1778801937.962604299
2026-05-15 08:39:28,535 DEBUG   BULK_SNAP_T pipeline_start 1778801937.966453623
2026-05-15 08:39:28,535 DEBUG   BULK_SNAP_T pipeline_done 1778801967.129030034
2026-05-15 08:39:28,535 DEBUG   BULK_SNAP_T guest_end 1778801967.138928848
2026-05-15 08:39:28,535 DEBUG   
2026-05-15 08:39:28,535 DEBUG   51380224 bytes (51 MB) copied, 1.166440 s, 44.0 MB/s
2026-05-15 08:39:28,535 DEBUG   83886080 bytes (84 MB) copied, 2.198991 s, 38.1 MB/s
2026-05-15 08:39:28,535 DEBUG   124780544 bytes (125 MB) copied, 3.201042 s, 39.0 MB/s
2026-05-15 08:39:28,535 DEBUG   162529280 bytes (163 MB) copied, 4.246114 s, 38.3 MB/s
2026-05-15 08:39:28,535 DEBUG   203423744 bytes (203 MB) copied, 5.248226 s, 38.8 MB/s
2026-05-15 08:39:28,535 DEBUG   244318208 bytes (244 MB) copied, 6.355151 s, 38.4 MB/s
2026-05-15 08:39:28,535 DEBUG   278921216 bytes (279 MB) copied, 7.362273 s, 37.9 MB/s
2026-05-15 08:39:28,535 DEBUG   312475648 bytes (312 MB) copied, 8.362982 s, 37.4 MB/s
2026-05-15 08:39:28,535 DEBUG   350224384 bytes (350 MB) copied, 9.440072 s, 37.1 MB/s
2026-05-15 08:39:28,535 DEBUG   387973120 bytes (388 MB) copied, 10.444953 s, 37.1 MB/s
2026-05-15 08:39:28,535 DEBUG   433061888 bytes (433 MB) copied, 11.492080 s, 37.7 MB/s
2026-05-15 08:39:28,535 DEBUG   466616320 bytes (467 MB) copied, 12.505009 s, 37.3 MB/s
2026-05-15 08:39:28,535 DEBUG   501219328 bytes (501 MB) copied, 13.513984 s, 37.1 MB/s
2026-05-15 08:39:28,535 DEBUG   547356672 bytes (547 MB) copied, 14.561028 s, 37.6 MB/s
2026-05-15 08:39:28,535 DEBUG   586153984 bytes (586 MB) copied, 15.584009 s, 37.6 MB/s
2026-05-15 08:39:28,535 DEBUG   616562688 bytes (617 MB) copied, 16.637992 s, 37.1 MB/s
2026-05-15 08:39:28,535 DEBUG   646971392 bytes (647 MB) copied, 17.735055 s, 36.5 MB/s
2026-05-15 08:39:28,535 DEBUG   676331520 bytes (676 MB) copied, 18.797022 s, 36.0 MB/s
2026-05-15 08:39:28,535 DEBUG   713031680 bytes (713 MB) copied, 19.856968 s, 35.9 MB/s
2026-05-15 08:39:28,535 DEBUG   740294656 bytes (740 MB) copied, 20.949158 s, 35.3 MB/s
2026-05-15 08:39:28,535 DEBUG   779091968 bytes (779 MB) copied, 22.000001 s, 35.4 MB/s
2026-05-15 08:39:28,535 DEBUG   828375040 bytes (828 MB) copied, 23.035008 s, 36.0 MB/s
2026-05-15 08:39:28,535 DEBUG   867172352 bytes (867 MB) copied, 24.038368 s, 36.1 MB/s
2026-05-15 08:39:28,535 DEBUG   907018240 bytes (907 MB) copied, 25.064986 s, 36.2 MB/s
2026-05-15 08:39:28,535 DEBUG   956301312 bytes (956 MB) copied, 26.065457 s, 36.7 MB/s
2026-05-15 08:39:28,535 DEBUG   1005584384 bytes (1.0 GB) copied, 27.069367 s, 37.1 MB/s
2026-05-15 08:39:28,535 DEBUG   1040187392 bytes (1.0 GB) copied, 28.092056 s, 37.0 MB/s
2026-05-15 08:39:28,535 DEBUG   1024+0 records in
2026-05-15 08:39:28,535 DEBUG   1024+0 records out
2026-05-15 08:39:28,535 DEBUG   1073741824 bytes (1.1 GB) copied, 29.0466 s, 37.0 MB/s
2026-05-15 08:39:28,535 DEBUG   OK (disk op exit 0)
2026-05-15 08:39:28,536 WARNING Guest disk op wall 31.5s (vm='ahv_ins_delete-0-260514-180859' ip=10.114.51.148 op=create ec=0) — includes SSH + guest disk command; if still high, check guest disk throughput vs. MiB settings.
2026-05-15 08:39:28,536 DEBUG [36/126] VM edf648da… (ahv_ins_delete-0-260514-181914) via 10.114.53.51 op=create
2026-05-15 08:39:28,536 DEBUG   remote: bash -lc 'set -e; _bs(){ printf '"'"'BULK_SNAP_T %s %s\n'"'"' "$1" "$(date +%s.%N 2>/dev/null || date +%s)"; }; _bs guest_start; _bs pipeline_start; openssl enc -aes-256-ctr -pass pass:"testing" -nosalt < /dev/zero 2>/dev/null | dd of=/root/dummy_snapshot_data_1.img bs=1M count=1024 iflag=fullblock status=progress; ec=$?; _bs pipeline_done; _bs guest_end; exit $ec'
2026-05-15 08:39:29,535 DEBUG   BULK_SNAP_T guest_start 1778801936.779827417
2026-05-15 08:39:29,536 DEBUG   BULK_SNAP_T pipeline_start 1778801936.786061210
2026-05-15 08:39:29,536 DEBUG   BULK_SNAP_T pipeline_done 1778801968.448170436
2026-05-15 08:39:29,536 DEBUG   BULK_SNAP_T guest_end 1778801968.453885143
2026-05-15 08:39:29,536 DEBUG   
2026-05-15 08:39:29,536 DEBUG   18874368 bytes (19 MB) copied, 1.140340 s, 16.6 MB/s
2026-05-15 08:39:29,536 DEBUG   34603008 bytes (35 MB) copied, 2.160375 s, 16.0 MB/s
2026-05-15 08:39:29,536 DEBUG   66060288 bytes (66 MB) copied, 3.243281 s, 20.4 MB/s
2026-05-15 08:39:29,536 DEBUG   99614720 bytes (100 MB) copied, 4.290375 s, 23.2 MB/s
2026-05-15 08:39:29,536 DEBUG   133169152 bytes (133 MB) copied, 5.303417 s, 25.1 MB/s
2026-05-15 08:39:29,536 DEBUG   168820736 bytes (169 MB) copied, 6.315589 s, 26.7 MB/s
2026-05-15 08:39:29,536 DEBUG   199229440 bytes (199 MB) copied, 7.334295 s, 27.2 MB/s
2026-05-15 08:39:29,536 DEBUG   238026752 bytes (238 MB) copied, 8.368439 s, 28.4 MB/s
2026-05-15 08:39:29,536 DEBUG   277872640 bytes (278 MB) copied, 9.371410 s, 29.7 MB/s
2026-05-15 08:39:29,536 DEBUG   315621376 bytes (316 MB) copied, 10.436619 s, 30.2 MB/s
2026-05-15 08:39:29,536 DEBUG   363855872 bytes (364 MB) copied, 11.446319 s, 31.8 MB/s
2026-05-15 08:39:29,536 DEBUG   407896064 bytes (408 MB) copied, 12.498794 s, 32.6 MB/s
2026-05-15 08:39:29,536 DEBUG   438304768 bytes (438 MB) copied, 13.561354 s, 32.3 MB/s
2026-05-15 08:39:29,536 DEBUG   477102080 bytes (477 MB) copied, 14.578364 s, 32.7 MB/s
2026-05-15 08:39:29,536 DEBUG   510656512 bytes (511 MB) copied, 15.651328 s, 32.6 MB/s
2026-05-15 08:39:29,536 DEBUG   549453824 bytes (549 MB) copied, 16.677278 s, 32.9 MB/s
2026-05-15 08:39:29,536 DEBUG   586153984 bytes (586 MB) copied, 17.741769 s, 33.0 MB/s
2026-05-15 08:39:29,536 DEBUG   621805568 bytes (622 MB) copied, 18.786347 s, 33.1 MB/s
2026-05-15 08:39:29,536 DEBUG   652214272 bytes (652 MB) copied, 19.869372 s, 32.8 MB/s
2026-05-15 08:39:29,536 DEBUG   694157312 bytes (694 MB) copied, 20.875267 s, 33.3 MB/s
2026-05-15 08:39:29,536 DEBUG   719323136 bytes (719 MB) copied, 21.882299 s, 32.9 MB/s
2026-05-15 08:39:29,536 DEBUG   757071872 bytes (757 MB) copied, 22.910529 s, 33.0 MB/s
2026-05-15 08:39:29,536 DEBUG   792723456 bytes (793 MB) copied, 23.918318 s, 33.1 MB/s
2026-05-15 08:39:29,536 DEBUG   831520768 bytes (832 MB) copied, 24.921346 s, 33.4 MB/s
2026-05-15 08:39:29,536 DEBUG   870318080 bytes (870 MB) copied, 25.932411 s, 33.6 MB/s
2026-05-15 08:39:29,536 DEBUG   913309696 bytes (913 MB) copied, 27.013365 s, 33.8 MB/s
2026-05-15 08:39:29,536 DEBUG   954204160 bytes (954 MB) copied, 28.059385 s, 34.0 MB/s
2026-05-15 08:39:29,536 DEBUG   991952896 bytes (992 MB) copied, 29.072374 s, 34.1 MB/s
2026-05-15 08:39:29,536 DEBUG   1026555904 bytes (1.0 GB) copied, 30.107464 s, 34.1 MB/s
2026-05-15 08:39:29,536 DEBUG   1063256064 bytes (1.1 GB) copied, 31.210400 s, 34.1 MB/s
2026-05-15 08:39:29,536 DEBUG   1024+0 records in
2026-05-15 08:39:29,536 DEBUG   1024+0 records out
2026-05-15 08:39:29,536 DEBUG   1073741824 bytes (1.1 GB) copied, 31.5745 s, 34.0 MB/s
2026-05-15 08:39:29,536 DEBUG   OK (disk op exit 0)
2026-05-15 08:39:29,536 WARNING Guest disk op wall 34.8s (vm='ahv_ins_delete-0-260514-180434' ip=10.114.53.241 op=create ec=0) — includes SSH + guest disk command; if still high, check guest disk throughput vs. MiB settings.
2026-05-15 08:39:29,537 DEBUG [37/126] VM 8b374740… (ahv_ins_delete-0-260514-181933) via 10.114.51.10 op=create
2026-05-15 08:39:29,537 DEBUG   remote: bash -lc 'set -e; _bs(){ printf '"'"'BULK_SNAP_T %s %s\n'"'"' "$1" "$(date +%s.%N 2>/dev/null || date +%s)"; }; _bs guest_start; _bs pipeline_start; openssl enc -aes-256-ctr -pass pass:"testing" -nosalt < /dev/zero 2>/dev/null | dd of=/root/dummy_snapshot_data_1.img bs=1M count=1024 iflag=fullblock status=progress; ec=$?; _bs pipeline_done; _bs guest_end; exit $ec'
2026-05-15 08:39:30,032 DEBUG   BULK_SNAP_T guest_start 1778801940.289118829
2026-05-15 08:39:30,032 DEBUG   BULK_SNAP_T pipeline_start 1778801940.295268127
2026-05-15 08:39:30,032 DEBUG   BULK_SNAP_T pipeline_done 1778801969.240596256
2026-05-15 08:39:30,032 DEBUG   BULK_SNAP_T guest_end 1778801969.242888413
2026-05-15 08:39:30,032 DEBUG   
2026-05-15 08:39:30,032 DEBUG   25165824 bytes (25 MB) copied, 1.003873 s, 25.1 MB/s
2026-05-15 08:39:30,032 DEBUG   52428800 bytes (52 MB) copied, 2.093336 s, 25.0 MB/s
2026-05-15 08:39:30,032 DEBUG   89128960 bytes (89 MB) copied, 3.096618 s, 28.8 MB/s
2026-05-15 08:39:30,032 DEBUG   127926272 bytes (128 MB) copied, 4.133172 s, 31.0 MB/s
2026-05-15 08:39:30,032 DEBUG   168820736 bytes (169 MB) copied, 5.148684 s, 32.8 MB/s
2026-05-15 08:39:30,032 DEBUG   209715200 bytes (210 MB) copied, 6.171583 s, 34.0 MB/s
2026-05-15 08:39:30,032 DEBUG   253755392 bytes (254 MB) copied, 7.190770 s, 35.3 MB/s
2026-05-15 08:39:30,032 DEBUG   288358400 bytes (288 MB) copied, 8.193733 s, 35.2 MB/s
2026-05-15 08:39:30,032 DEBUG   327155712 bytes (327 MB) copied, 9.196584 s, 35.6 MB/s
2026-05-15 08:39:30,032 DEBUG   360710144 bytes (361 MB) copied, 10.204832 s, 35.3 MB/s
2026-05-15 08:39:30,032 DEBUG   396361728 bytes (396 MB) copied, 11.250684 s, 35.2 MB/s
2026-05-15 08:39:30,032 DEBUG   432013312 bytes (432 MB) copied, 12.298649 s, 35.1 MB/s
2026-05-15 08:39:30,032 DEBUG   464519168 bytes (465 MB) copied, 13.310632 s, 34.9 MB/s
2026-05-15 08:39:30,032 DEBUG   494927872 bytes (495 MB) copied, 14.323649 s, 34.6 MB/s
2026-05-15 08:39:30,032 DEBUG   520093696 bytes (520 MB) copied, 15.336661 s, 33.9 MB/s
2026-05-15 08:39:30,032 DEBUG   545259520 bytes (545 MB) copied, 16.346635 s, 33.4 MB/s
2026-05-15 08:39:30,032 DEBUG   569376768 bytes (569 MB) copied, 17.367558 s, 32.8 MB/s
2026-05-15 08:39:30,032 DEBUG   597688320 bytes (598 MB) copied, 18.438656 s, 32.4 MB/s
2026-05-15 08:39:30,032 DEBUG   636485632 bytes (636 MB) copied, 19.454689 s, 32.7 MB/s
2026-05-15 08:39:30,032 DEBUG   679477248 bytes (679 MB) copied, 20.467716 s, 33.2 MB/s
2026-05-15 08:39:30,032 DEBUG   734003200 bytes (734 MB) copied, 21.473608 s, 34.2 MB/s
2026-05-15 08:39:30,032 DEBUG   775946240 bytes (776 MB) copied, 22.475619 s, 34.5 MB/s
2026-05-15 08:39:30,032 DEBUG   822083584 bytes (822 MB) copied, 23.477049 s, 35.0 MB/s
2026-05-15 08:39:30,032 DEBUG   871366656 bytes (871 MB) copied, 24.487908 s, 35.6 MB/s
2026-05-15 08:39:30,032 DEBUG   921698304 bytes (922 MB) copied, 25.510575 s, 36.1 MB/s
2026-05-15 08:39:30,032 DEBUG   956301312 bytes (956 MB) copied, 26.520631 s, 36.1 MB/s
2026-05-15 08:39:30,032 DEBUG   1005584384 bytes (1.0 GB) copied, 27.522604 s, 36.5 MB/s
2026-05-15 08:39:30,032 DEBUG   1056964608 bytes (1.1 GB) copied, 28.533029 s, 37.0 MB/s
2026-05-15 08:39:30,033 DEBUG   1024+0 records in
2026-05-15 08:39:30,033 DEBUG   1024+0 records out
2026-05-15 08:39:30,033 DEBUG   1073741824 bytes (1.1 GB) copied, 28.8339 s, 37.2 MB/s
2026-05-15 08:39:30,033 DEBUG   OK (disk op exit 0)
2026-05-15 08:39:30,033 WARNING Guest disk op wall 31.5s (vm='ahv_ins_delete-0-260514-180924' ip=10.114.51.191 op=create ec=0) — includes SSH + guest disk command; if still high, check guest disk throughput vs. MiB settings.
2026-05-15 08:39:30,033 DEBUG [38/126] VM 6f54dc63… (ahv_ins_delete-0-260514-181944) via 10.114.53.247 op=create
2026-05-15 08:39:30,033 DEBUG   remote: bash -lc 'set -e; _bs(){ printf '"'"'BULK_SNAP_T %s %s\n'"'"' "$1" "$(date +%s.%N 2>/dev/null || date +%s)"; }; _bs guest_start; _bs pipeline_start; openssl enc -aes-256-ctr -pass pass:"testing" -nosalt < /dev/zero 2>/dev/null | dd of=/root/dummy_snapshot_data_1.img bs=1M count=1024 iflag=fullblock status=progress; ec=$?; _bs pipeline_done; _bs guest_end; exit $ec'
2026-05-15 08:39:30,282 DEBUG   BULK_SNAP_T guest_start 1778801939.227442758
2026-05-15 08:39:30,282 DEBUG   BULK_SNAP_T pipeline_start 1778801939.232794028
2026-05-15 08:39:30,283 DEBUG   BULK_SNAP_T pipeline_done 1778801969.056222169
2026-05-15 08:39:30,283 DEBUG   BULK_SNAP_T guest_end 1778801969.077372870
2026-05-15 08:39:30,283 DEBUG   
2026-05-15 08:39:30,283 DEBUG   26214400 bytes (26 MB) copied, 1.198077 s, 21.9 MB/s
2026-05-15 08:39:30,283 DEBUG   51380224 bytes (51 MB) copied, 2.209459 s, 23.3 MB/s
2026-05-15 08:39:30,283 DEBUG   85983232 bytes (86 MB) copied, 3.233004 s, 26.6 MB/s
2026-05-15 08:39:30,283 DEBUG   124780544 bytes (125 MB) copied, 4.263261 s, 29.3 MB/s
2026-05-15 08:39:30,283 DEBUG   159383552 bytes (159 MB) copied, 5.268071 s, 30.3 MB/s
2026-05-15 08:39:30,283 DEBUG   199229440 bytes (199 MB) copied, 6.272126 s, 31.8 MB/s
2026-05-15 08:39:30,283 DEBUG   235929600 bytes (236 MB) copied, 7.279573 s, 32.4 MB/s
2026-05-15 08:39:30,283 DEBUG   268435456 bytes (268 MB) copied, 8.290611 s, 32.4 MB/s
2026-05-15 08:39:30,283 DEBUG   306184192 bytes (306 MB) copied, 9.322560 s, 32.8 MB/s
2026-05-15 08:39:30,283 DEBUG   340787200 bytes (341 MB) copied, 10.381785 s, 32.8 MB/s
2026-05-15 08:39:30,283 DEBUG   374341632 bytes (374 MB) copied, 11.429598 s, 32.8 MB/s
2026-05-15 08:39:30,283 DEBUG   404750336 bytes (405 MB) copied, 12.525566 s, 32.3 MB/s
2026-05-15 08:39:30,283 DEBUG   439353344 bytes (439 MB) copied, 13.547654 s, 32.4 MB/s
2026-05-15 08:39:30,283 DEBUG   481296384 bytes (481 MB) copied, 14.557577 s, 33.1 MB/s
2026-05-15 08:39:30,283 DEBUG   527433728 bytes (527 MB) copied, 15.574678 s, 33.9 MB/s
2026-05-15 08:39:30,283 DEBUG   556793856 bytes (557 MB) copied, 16.581654 s, 33.6 MB/s
2026-05-15 08:39:30,283 DEBUG   586153984 bytes (586 MB) copied, 17.588540 s, 33.3 MB/s
2026-05-15 08:39:30,283 DEBUG   609222656 bytes (609 MB) copied, 18.590610 s, 32.8 MB/s
2026-05-15 08:39:30,283 DEBUG   635437056 bytes (635 MB) copied, 19.740604 s, 32.2 MB/s
2026-05-15 08:39:30,283 DEBUG   667942912 bytes (668 MB) copied, 20.774609 s, 32.2 MB/s
2026-05-15 08:39:30,283 DEBUG   718274560 bytes (718 MB) copied, 21.792609 s, 33.0 MB/s
2026-05-15 08:39:30,283 DEBUG   765460480 bytes (765 MB) copied, 22.817659 s, 33.5 MB/s
2026-05-15 08:39:30,283 DEBUG   809500672 bytes (810 MB) copied, 23.817731 s, 34.0 MB/s
2026-05-15 08:39:30,283 DEBUG   855638016 bytes (856 MB) copied, 24.847551 s, 34.4 MB/s
2026-05-15 08:39:30,283 DEBUG   904921088 bytes (905 MB) copied, 25.850627 s, 35.0 MB/s
2026-05-15 08:39:30,283 DEBUG   956301312 bytes (956 MB) copied, 26.863579 s, 35.6 MB/s
2026-05-15 08:39:30,283 DEBUG   995098624 bytes (995 MB) copied, 27.863911 s, 35.7 MB/s
2026-05-15 08:39:30,283 DEBUG   1033895936 bytes (1.0 GB) copied, 28.869548 s, 35.8 MB/s
2026-05-15 08:39:30,283 DEBUG   1024+0 records in
2026-05-15 08:39:30,283 DEBUG   1024+0 records out
2026-05-15 08:39:30,283 DEBUG   1073741824 bytes (1.1 GB) copied, 29.7416 s, 36.1 MB/s
2026-05-15 08:39:30,283 DEBUG   OK (disk op exit 0)
2026-05-15 08:39:30,283 WARNING Guest disk op wall 32.0s (vm='ahv_ins_delete-0-260514-180913' ip=10.114.50.202 op=create ec=0) — includes SSH + guest disk command; if still high, check guest disk throughput vs. MiB settings.
2026-05-15 08:39:30,284 DEBUG [39/126] VM a9889d8c… (ahv_ins_delete-0-260514-181959) via 10.114.48.122 op=create
2026-05-15 08:39:30,284 DEBUG   remote: bash -lc 'set -e; _bs(){ printf '"'"'BULK_SNAP_T %s %s\n'"'"' "$1" "$(date +%s.%N 2>/dev/null || date +%s)"; }; _bs guest_start; _bs pipeline_start; openssl enc -aes-256-ctr -pass pass:"testing" -nosalt < /dev/zero 2>/dev/null | dd of=/root/dummy_snapshot_data_1.img bs=1M count=1024 iflag=fullblock status=progress; ec=$?; _bs pipeline_done; _bs guest_end; exit $ec'
2026-05-15 08:39:31,024 DEBUG   BULK_SNAP_T guest_start 1778801938.521447386
2026-05-15 08:39:31,025 DEBUG   BULK_SNAP_T pipeline_start 1778801938.530516244
2026-05-15 08:39:31,025 DEBUG   BULK_SNAP_T pipeline_done 1778801969.550849995
2026-05-15 08:39:31,025 DEBUG   BULK_SNAP_T guest_end 1778801969.559671674
2026-05-15 08:39:31,025 DEBUG   
2026-05-15 08:39:31,025 DEBUG   44040192 bytes (44 MB) copied, 1.090084 s, 40.4 MB/s
2026-05-15 08:39:31,025 DEBUG   72351744 bytes (72 MB) copied, 2.115115 s, 34.2 MB/s
2026-05-15 08:39:31,025 DEBUG   116391936 bytes (116 MB) copied, 3.118416 s, 37.3 MB/s
2026-05-15 08:39:31,025 DEBUG   161480704 bytes (161 MB) copied, 4.177240 s, 38.7 MB/s
2026-05-15 08:39:31,025 DEBUG   207618048 bytes (208 MB) copied, 5.183227 s, 40.1 MB/s
2026-05-15 08:39:31,025 DEBUG   243269632 bytes (243 MB) copied, 6.208063 s, 39.2 MB/s
2026-05-15 08:39:31,025 DEBUG   284164096 bytes (284 MB) copied, 7.220076 s, 39.4 MB/s
2026-05-15 08:39:31,025 DEBUG   325058560 bytes (325 MB) copied, 8.249982 s, 39.4 MB/s
2026-05-15 08:39:31,025 DEBUG   359661568 bytes (360 MB) copied, 9.286998 s, 38.7 MB/s
2026-05-15 08:39:31,025 DEBUG   396361728 bytes (396 MB) copied, 10.306092 s, 38.5 MB/s
2026-05-15 08:39:31,025 DEBUG   433061888 bytes (433 MB) copied, 11.307053 s, 38.3 MB/s
2026-05-15 08:39:31,025 DEBUG   469762048 bytes (470 MB) copied, 12.321069 s, 38.1 MB/s
2026-05-15 08:39:31,025 DEBUG   500170752 bytes (500 MB) copied, 13.328037 s, 37.5 MB/s
2026-05-15 08:39:31,025 DEBUG   532676608 bytes (533 MB) copied, 14.329057 s, 37.2 MB/s
2026-05-15 08:39:31,025 DEBUG   564133888 bytes (564 MB) copied, 15.330024 s, 36.8 MB/s
2026-05-15 08:39:31,025 DEBUG   589299712 bytes (589 MB) copied, 16.379073 s, 36.0 MB/s
2026-05-15 08:39:31,025 DEBUG   619708416 bytes (620 MB) copied, 17.438409 s, 35.5 MB/s
2026-05-15 08:39:31,025 DEBUG   648019968 bytes (648 MB) copied, 18.498986 s, 35.0 MB/s
2026-05-15 08:39:31,025 DEBUG   674234368 bytes (674 MB) copied, 19.542045 s, 34.5 MB/s
2026-05-15 08:39:31,025 DEBUG   696254464 bytes (696 MB) copied, 20.546581 s, 33.9 MB/s
2026-05-15 08:39:31,025 DEBUG   734003200 bytes (734 MB) copied, 21.573044 s, 34.0 MB/s
2026-05-15 08:39:31,025 DEBUG   775946240 bytes (776 MB) copied, 22.584348 s, 34.4 MB/s
2026-05-15 08:39:31,025 DEBUG   813694976 bytes (814 MB) copied, 23.623978 s, 34.4 MB/s
2026-05-15 08:39:31,025 DEBUG   855638016 bytes (856 MB) copied, 24.639211 s, 34.7 MB/s
2026-05-15 08:39:31,025 DEBUG   892338176 bytes (892 MB) copied, 25.650637 s, 34.8 MB/s
2026-05-15 08:39:31,025 DEBUG   927989760 bytes (928 MB) copied, 26.678969 s, 34.8 MB/s
2026-05-15 08:39:31,025 DEBUG   962592768 bytes (963 MB) copied, 27.721494 s, 34.7 MB/s
2026-05-15 08:39:31,025 DEBUG   997195776 bytes (997 MB) copied, 28.744187 s, 34.7 MB/s
2026-05-15 08:39:31,025 DEBUG   1033895936 bytes (1.0 GB) copied, 29.777200 s, 34.7 MB/s
2026-05-15 08:39:31,025 DEBUG   1071644672 bytes (1.1 GB) copied, 30.813968 s, 34.8 MB/s
2026-05-15 08:39:31,025 DEBUG   1024+0 records in
2026-05-15 08:39:31,025 DEBUG   1024+0 records out
2026-05-15 08:39:31,025 DEBUG   1073741824 bytes (1.1 GB) copied, 30.8967 s, 34.8 MB/s
2026-05-15 08:39:31,025 DEBUG   OK (disk op exit 0)
2026-05-15 08:39:31,025 WARNING Guest disk op wall 33.5s (vm='ahv_ins_delete-0-260514-180903' ip=10.114.50.29 op=create ec=0) — includes SSH + guest disk command; if still high, check guest disk throughput vs. MiB settings.
2026-05-15 08:39:31,026 DEBUG [40/126] VM b068324d… (ahv_ins_delete-0-260514-182012) via 10.114.48.81 op=create
2026-05-15 08:39:31,026 DEBUG   remote: bash -lc 'set -e; _bs(){ printf '"'"'BULK_SNAP_T %s %s\n'"'"' "$1" "$(date +%s.%N 2>/dev/null || date +%s)"; }; _bs guest_start; _bs pipeline_start; openssl enc -aes-256-ctr -pass pass:"testing" -nosalt < /dev/zero 2>/dev/null | dd of=/root/dummy_snapshot_data_1.img bs=1M count=1024 iflag=fullblock status=progress; ec=$?; _bs pipeline_done; _bs guest_end; exit $ec'
2026-05-15 08:39:32,787 DEBUG   BULK_SNAP_T guest_start 1778801944.080540639
2026-05-15 08:39:32,787 DEBUG   BULK_SNAP_T pipeline_start 1778801944.089004164
2026-05-15 08:39:32,787 DEBUG   BULK_SNAP_T pipeline_done 1778801971.133724013
2026-05-15 08:39:32,787 DEBUG   BULK_SNAP_T guest_end 1778801971.148265346
2026-05-15 08:39:32,787 DEBUG   
2026-05-15 08:39:32,787 DEBUG   24117248 bytes (24 MB) copied, 1.172010 s, 20.6 MB/s
2026-05-15 08:39:32,787 DEBUG   44040192 bytes (44 MB) copied, 2.266777 s, 19.4 MB/s
2026-05-15 08:39:32,787 DEBUG   69206016 bytes (69 MB) copied, 3.344084 s, 20.7 MB/s
2026-05-15 08:39:32,787 DEBUG   100663296 bytes (101 MB) copied, 4.391332 s, 22.9 MB/s
2026-05-15 08:39:32,787 DEBUG   133169152 bytes (133 MB) copied, 5.447365 s, 24.4 MB/s
2026-05-15 08:39:32,787 DEBUG   168820736 bytes (169 MB) copied, 6.482287 s, 26.0 MB/s
2026-05-15 08:39:32,787 DEBUG   204472320 bytes (204 MB) copied, 7.508378 s, 27.2 MB/s
2026-05-15 08:39:32,787 DEBUG   235929600 bytes (236 MB) copied, 8.515893 s, 27.7 MB/s
2026-05-15 08:39:32,787 DEBUG   274726912 bytes (275 MB) copied, 9.575428 s, 28.7 MB/s
2026-05-15 08:39:32,787 DEBUG   321912832 bytes (322 MB) copied, 10.589374 s, 30.4 MB/s
2026-05-15 08:39:32,787 DEBUG   359661568 bytes (360 MB) copied, 11.646284 s, 30.9 MB/s
2026-05-15 08:39:32,787 DEBUG   399507456 bytes (400 MB) copied, 12.696312 s, 31.5 MB/s
2026-05-15 08:39:32,787 DEBUG   446693376 bytes (447 MB) copied, 13.756270 s, 32.5 MB/s
2026-05-15 08:39:32,787 DEBUG   495976448 bytes (496 MB) copied, 14.757403 s, 33.6 MB/s
2026-05-15 08:39:32,788 DEBUG   558891008 bytes (559 MB) copied, 15.765660 s, 35.4 MB/s
2026-05-15 08:39:32,788 DEBUG   600834048 bytes (601 MB) copied, 16.812468 s, 35.7 MB/s
2026-05-15 08:39:32,788 DEBUG   643825664 bytes (644 MB) copied, 17.833253 s, 36.1 MB/s
2026-05-15 08:39:32,788 DEBUG   689963008 bytes (690 MB) copied, 18.874383 s, 36.6 MB/s
2026-05-15 08:39:32,788 DEBUG   738197504 bytes (738 MB) copied, 19.878374 s, 37.1 MB/s
2026-05-15 08:39:32,788 DEBUG   773849088 bytes (774 MB) copied, 20.883441 s, 37.1 MB/s
2026-05-15 08:39:32,788 DEBUG   821035008 bytes (821 MB) copied, 21.896293 s, 37.5 MB/s
2026-05-15 08:39:32,788 DEBUG   864026624 bytes (864 MB) copied, 22.897356 s, 37.7 MB/s
2026-05-15 08:39:32,788 DEBUG   904921088 bytes (905 MB) copied, 23.905363 s, 37.9 MB/s
2026-05-15 08:39:32,788 DEBUG   962592768 bytes (963 MB) copied, 24.927730 s, 38.6 MB/s
2026-05-15 08:39:32,788 DEBUG   1015021568 bytes (1.0 GB) copied, 25.933303 s, 39.1 MB/s
2026-05-15 08:39:32,788 DEBUG   1024+0 records in
2026-05-15 08:39:32,788 DEBUG   1024+0 records out
2026-05-15 08:39:32,788 DEBUG   1073741824 bytes (1.1 GB) copied, 26.9187 s, 39.9 MB/s
2026-05-15 08:39:32,788 DEBUG   OK (disk op exit 0)
2026-05-15 08:39:32,788 WARNING Guest disk op wall 29.8s (vm='ahv_ins_delete-0-260514-181357' ip=10.114.50.156 op=create ec=0) — includes SSH + guest disk command; if still high, check guest disk throughput vs. MiB settings.
2026-05-15 08:39:32,788 DEBUG [41/126] VM 2ff9cecd… (ahv_ins_delete-0-260514-182445) via 10.114.50.149 op=create
2026-05-15 08:39:32,788 DEBUG   remote: bash -lc 'set -e; _bs(){ printf '"'"'BULK_SNAP_T %s %s\n'"'"' "$1" "$(date +%s.%N 2>/dev/null || date +%s)"; }; _bs guest_start; _bs pipeline_start; openssl enc -aes-256-ctr -pass pass:"testing" -nosalt < /dev/zero 2>/dev/null | dd of=/root/dummy_snapshot_data_1.img bs=1M count=1024 iflag=fullblock status=progress; ec=$?; _bs pipeline_done; _bs guest_end; exit $ec'
2026-05-15 08:39:50,795 DEBUG   BULK_SNAP_T guest_start 1778801961.798385030
2026-05-15 08:39:50,795 DEBUG   BULK_SNAP_T pipeline_start 1778801961.847475256
2026-05-15 08:39:50,795 DEBUG   BULK_SNAP_T pipeline_done 1778801989.502070370
2026-05-15 08:39:50,795 DEBUG   BULK_SNAP_T guest_end 1778801989.507878486
2026-05-15 08:39:50,795 DEBUG   
2026-05-15 08:39:50,795 DEBUG   28311552 bytes (28 MB) copied, 1.005729 s, 28.2 MB/s
2026-05-15 08:39:50,795 DEBUG   50331648 bytes (50 MB) copied, 2.151971 s, 23.4 MB/s
2026-05-15 08:39:50,795 DEBUG   87031808 bytes (87 MB) copied, 3.243810 s, 26.8 MB/s
2026-05-15 08:39:50,795 DEBUG   126877696 bytes (127 MB) copied, 4.275795 s, 29.7 MB/s
2026-05-15 08:39:50,795 DEBUG   160432128 bytes (160 MB) copied, 5.279808 s, 30.4 MB/s
2026-05-15 08:39:50,795 DEBUG   197132288 bytes (197 MB) copied, 6.286861 s, 31.4 MB/s
2026-05-15 08:39:50,795 DEBUG   239075328 bytes (239 MB) copied, 7.328821 s, 32.6 MB/s
2026-05-15 08:39:50,796 DEBUG   286261248 bytes (286 MB) copied, 8.335775 s, 34.3 MB/s
2026-05-15 08:39:50,796 DEBUG   342884352 bytes (343 MB) copied, 9.340880 s, 36.7 MB/s
2026-05-15 08:39:50,796 DEBUG   389021696 bytes (389 MB) copied, 10.362853 s, 37.5 MB/s
2026-05-15 08:39:50,796 DEBUG   444596224 bytes (445 MB) copied, 11.369808 s, 39.1 MB/s
2026-05-15 08:39:50,796 DEBUG   502267904 bytes (502 MB) copied, 12.454814 s, 40.3 MB/s
2026-05-15 08:39:50,796 DEBUG   553648128 bytes (554 MB) copied, 13.480000 s, 41.1 MB/s
2026-05-15 08:39:50,796 DEBUG   595591168 bytes (596 MB) copied, 14.512726 s, 41.0 MB/s
2026-05-15 08:39:50,796 DEBUG   633339904 bytes (633 MB) copied, 15.525155 s, 40.8 MB/s
2026-05-15 08:39:50,796 DEBUG   670040064 bytes (670 MB) copied, 16.553768 s, 40.5 MB/s
2026-05-15 08:39:50,796 DEBUG   710934528 bytes (711 MB) copied, 17.566785 s, 40.5 MB/s
2026-05-15 08:39:50,796 DEBUG   746586112 bytes (747 MB) copied, 18.569704 s, 40.2 MB/s
2026-05-15 08:39:50,796 DEBUG   787480576 bytes (787 MB) copied, 19.588794 s, 40.2 MB/s
2026-05-15 08:39:50,796 DEBUG   823132160 bytes (823 MB) copied, 20.613769 s, 39.9 MB/s
2026-05-15 08:39:50,796 DEBUG   860880896 bytes (861 MB) copied, 21.621329 s, 39.8 MB/s
2026-05-15 08:39:50,796 DEBUG   901775360 bytes (902 MB) copied, 22.663008 s, 39.8 MB/s
2026-05-15 08:39:50,796 DEBUG   944766976 bytes (945 MB) copied, 23.666947 s, 39.9 MB/s
2026-05-15 08:39:50,796 DEBUG   983564288 bytes (984 MB) copied, 24.667274 s, 39.9 MB/s
2026-05-15 08:39:50,796 DEBUG   1019215872 bytes (1.0 GB) copied, 25.772716 s, 39.5 MB/s
2026-05-15 08:39:50,796 DEBUG   1056964608 bytes (1.1 GB) copied, 26.777756 s, 39.5 MB/s
2026-05-15 08:39:50,796 DEBUG   1024+0 records in
2026-05-15 08:39:50,796 DEBUG   1024+0 records out
2026-05-15 08:39:50,796 DEBUG   1073741824 bytes (1.1 GB) copied, 27.2418 s, 39.4 MB/s
2026-05-15 08:39:50,796 DEBUG   OK (disk op exit 0)
2026-05-15 08:39:50,796 WARNING Guest disk op wall 30.3s (vm='ahv_ins_delete-0-260514-181428' ip=10.114.50.208 op=create ec=0) — includes SSH + guest disk command; if still high, check guest disk throughput vs. MiB settings.
2026-05-15 08:39:50,796 DEBUG [42/126] VM 2b528fb0… (ahv_ins_delete-0-260514-182453) via 10.114.52.33 op=create
2026-05-15 08:39:50,797 DEBUG   remote: bash -lc 'set -e; _bs(){ printf '"'"'BULK_SNAP_T %s %s\n'"'"' "$1" "$(date +%s.%N 2>/dev/null || date +%s)"; }; _bs guest_start; _bs pipeline_start; openssl enc -aes-256-ctr -pass pass:"testing" -nosalt < /dev/zero 2>/dev/null | dd of=/root/dummy_snapshot_data_1.img bs=1M count=1024 iflag=fullblock status=progress; ec=$?; _bs pipeline_done; _bs guest_end; exit $ec'
2026-05-15 08:39:51,057 DEBUG   BULK_SNAP_T guest_start 1778801963.582069927
2026-05-15 08:39:51,057 DEBUG   BULK_SNAP_T pipeline_start 1778801963.585005617
2026-05-15 08:39:51,057 DEBUG   BULK_SNAP_T pipeline_done 1778801990.063896052
2026-05-15 08:39:51,058 DEBUG   BULK_SNAP_T guest_end 1778801990.071934655
2026-05-15 08:39:51,058 DEBUG   
2026-05-15 08:39:51,058 DEBUG   33554432 bytes (34 MB) copied, 1.155011 s, 29.1 MB/s
2026-05-15 08:39:51,058 DEBUG   49283072 bytes (49 MB) copied, 2.305224 s, 21.4 MB/s
2026-05-15 08:39:51,058 DEBUG   83886080 bytes (84 MB) copied, 3.389226 s, 24.8 MB/s
2026-05-15 08:39:51,058 DEBUG   123731968 bytes (124 MB) copied, 4.403023 s, 28.1 MB/s
2026-05-15 08:39:51,058 DEBUG   158334976 bytes (158 MB) copied, 5.428996 s, 29.2 MB/s
2026-05-15 08:39:51,058 DEBUG   200278016 bytes (200 MB) copied, 6.439259 s, 31.1 MB/s
2026-05-15 08:39:51,058 DEBUG   248512512 bytes (249 MB) copied, 7.454253 s, 33.3 MB/s
2026-05-15 08:39:51,058 DEBUG   301989888 bytes (302 MB) copied, 8.503065 s, 35.5 MB/s
2026-05-15 08:39:51,058 DEBUG   350224384 bytes (350 MB) copied, 9.550038 s, 36.7 MB/s
2026-05-15 08:39:51,058 DEBUG   404750336 bytes (405 MB) copied, 10.550059 s, 38.4 MB/s
2026-05-15 08:39:51,058 DEBUG   441450496 bytes (441 MB) copied, 11.589016 s, 38.1 MB/s
2026-05-15 08:39:51,058 DEBUG   483393536 bytes (483 MB) copied, 12.640988 s, 38.2 MB/s
2026-05-15 08:39:51,058 DEBUG   524288000 bytes (524 MB) copied, 13.651957 s, 38.4 MB/s
2026-05-15 08:39:51,058 DEBUG   560988160 bytes (561 MB) copied, 14.674015 s, 38.2 MB/s
2026-05-15 08:39:51,058 DEBUG   613416960 bytes (613 MB) copied, 15.684958 s, 39.1 MB/s
2026-05-15 08:39:51,058 DEBUG   668991488 bytes (669 MB) copied, 16.696019 s, 40.1 MB/s
2026-05-15 08:39:51,058 DEBUG   707788800 bytes (708 MB) copied, 17.755373 s, 39.9 MB/s
2026-05-15 08:39:51,058 DEBUG   767557632 bytes (768 MB) copied, 18.823953 s, 40.8 MB/s
2026-05-15 08:39:51,058 DEBUG   806354944 bytes (806 MB) copied, 19.855115 s, 40.6 MB/s
2026-05-15 08:39:51,058 DEBUG   836763648 bytes (837 MB) copied, 20.863236 s, 40.1 MB/s
2026-05-15 08:39:51,058 DEBUG   880803840 bytes (881 MB) copied, 21.864238 s, 40.3 MB/s
2026-05-15 08:39:51,058 DEBUG   930086912 bytes (930 MB) copied, 22.887203 s, 40.6 MB/s
2026-05-15 08:39:51,058 DEBUG   965738496 bytes (966 MB) copied, 23.904061 s, 40.4 MB/s
2026-05-15 08:39:51,058 DEBUG   1002438656 bytes (1.0 GB) copied, 24.925016 s, 40.2 MB/s
2026-05-15 08:39:51,058 DEBUG   1038090240 bytes (1.0 GB) copied, 25.939010 s, 40.0 MB/s
2026-05-15 08:39:51,058 DEBUG   1024+0 records in
2026-05-15 08:39:51,058 DEBUG   1024+0 records out
2026-05-15 08:39:51,058 DEBUG   1073741824 bytes (1.1 GB) copied, 26.361 s, 40.7 MB/s
2026-05-15 08:39:51,058 DEBUG   OK (disk op exit 0)
2026-05-15 08:39:51,058 WARNING Guest disk op wall 28.8s (vm='ahv_ins_delete-0-260514-181435' ip=10.114.51.97 op=create ec=0) — includes SSH + guest disk command; if still high, check guest disk throughput vs. MiB settings.
2026-05-15 08:39:51,059 DEBUG [43/126] VM 9195413e… (ahv_ins_delete-0-260514-182517) via 10.114.51.112 op=create
2026-05-15 08:39:51,059 DEBUG   remote: bash -lc 'set -e; _bs(){ printf '"'"'BULK_SNAP_T %s %s\n'"'"' "$1" "$(date +%s.%N 2>/dev/null || date +%s)"; }; _bs guest_start; _bs pipeline_start; openssl enc -aes-256-ctr -pass pass:"testing" -nosalt < /dev/zero 2>/dev/null | dd of=/root/dummy_snapshot_data_1.img bs=1M count=1024 iflag=fullblock status=progress; ec=$?; _bs pipeline_done; _bs guest_end; exit $ec'
2026-05-15 08:39:51,288 DEBUG   BULK_SNAP_T guest_start 1778801960.951684025
2026-05-15 08:39:51,288 DEBUG   BULK_SNAP_T pipeline_start 1778801960.954951004
2026-05-15 08:39:51,288 DEBUG   BULK_SNAP_T pipeline_done 1778801989.567926595
2026-05-15 08:39:51,288 DEBUG   BULK_SNAP_T guest_end 1778801989.570914784
2026-05-15 08:39:51,288 DEBUG   
2026-05-15 08:39:51,288 DEBUG   48234496 bytes (48 MB) copied, 1.118945 s, 43.1 MB/s
2026-05-15 08:39:51,288 DEBUG   76546048 bytes (77 MB) copied, 2.215138 s, 34.6 MB/s
2026-05-15 08:39:51,288 DEBUG   113246208 bytes (113 MB) copied, 3.226821 s, 35.1 MB/s
2026-05-15 08:39:51,288 DEBUG   157286400 bytes (157 MB) copied, 4.232804 s, 37.2 MB/s
2026-05-15 08:39:51,288 DEBUG   203423744 bytes (203 MB) copied, 5.234023 s, 38.9 MB/s
2026-05-15 08:39:51,288 DEBUG   246415360 bytes (246 MB) copied, 6.241722 s, 39.5 MB/s
2026-05-15 08:39:51,288 DEBUG   289406976 bytes (289 MB) copied, 7.244737 s, 39.9 MB/s
2026-05-15 08:39:51,288 DEBUG   338690048 bytes (339 MB) copied, 8.294936 s, 40.8 MB/s
2026-05-15 08:39:51,288 DEBUG   391118848 bytes (391 MB) copied, 9.297931 s, 42.1 MB/s
2026-05-15 08:39:51,288 DEBUG   439353344 bytes (439 MB) copied, 10.317862 s, 42.6 MB/s
2026-05-15 08:39:51,288 DEBUG   484442112 bytes (484 MB) copied, 11.374680 s, 42.6 MB/s
2026-05-15 08:39:51,288 DEBUG   531628032 bytes (532 MB) copied, 12.378721 s, 42.9 MB/s
2026-05-15 08:39:51,288 DEBUG   572522496 bytes (573 MB) copied, 13.405774 s, 42.7 MB/s
2026-05-15 08:39:51,288 DEBUG   615514112 bytes (616 MB) copied, 14.417757 s, 42.7 MB/s
2026-05-15 08:39:51,288 DEBUG   660602880 bytes (661 MB) copied, 15.423864 s, 42.8 MB/s
2026-05-15 08:39:51,288 DEBUG   703594496 bytes (704 MB) copied, 16.453736 s, 42.8 MB/s
2026-05-15 08:39:51,288 DEBUG   741343232 bytes (741 MB) copied, 17.478737 s, 42.4 MB/s
2026-05-15 08:39:51,289 DEBUG   776994816 bytes (777 MB) copied, 18.482775 s, 42.0 MB/s
2026-05-15 08:39:51,289 DEBUG   810549248 bytes (811 MB) copied, 19.485762 s, 41.6 MB/s
2026-05-15 08:39:51,289 DEBUG   842006528 bytes (842 MB) copied, 20.491679 s, 41.1 MB/s
2026-05-15 08:39:51,289 DEBUG   872415232 bytes (872 MB) copied, 21.515698 s, 40.5 MB/s
2026-05-15 08:39:51,289 DEBUG   902823936 bytes (903 MB) copied, 22.575024 s, 40.0 MB/s
2026-05-15 08:39:51,289 DEBUG   936378368 bytes (936 MB) copied, 23.608802 s, 39.7 MB/s
2026-05-15 08:39:51,289 DEBUG   968884224 bytes (969 MB) copied, 24.615720 s, 39.4 MB/s
2026-05-15 08:39:51,289 DEBUG   998244352 bytes (998 MB) copied, 25.639764 s, 38.9 MB/s
2026-05-15 08:39:51,289 DEBUG   1027604480 bytes (1.0 GB) copied, 26.653719 s, 38.6 MB/s
2026-05-15 08:39:51,289 DEBUG   1054867456 bytes (1.1 GB) copied, 27.659709 s, 38.1 MB/s
2026-05-15 08:39:51,289 DEBUG   1024+0 records in
2026-05-15 08:39:51,289 DEBUG   1024+0 records out
2026-05-15 08:39:51,289 DEBUG   1073741824 bytes (1.1 GB) copied, 28.3798 s, 37.8 MB/s
2026-05-15 08:39:51,289 DEBUG   OK (disk op exit 0)
2026-05-15 08:39:51,289 WARNING Guest disk op wall 31.0s (vm='ahv_ins_delete-0-260514-181408' ip=10.114.51.43 op=create ec=0) — includes SSH + guest disk command; if still high, check guest disk throughput vs. MiB settings.
2026-05-15 08:39:51,289 DEBUG [44/126] VM ff98e233… (ahv_ins_delete-0-260514-182536) via 10.114.50.249 op=create
2026-05-15 08:39:51,289 DEBUG   remote: bash -lc 'set -e; _bs(){ printf '"'"'BULK_SNAP_T %s %s\n'"'"' "$1" "$(date +%s.%N 2>/dev/null || date +%s)"; }; _bs guest_start; _bs pipeline_start; openssl enc -aes-256-ctr -pass pass:"testing" -nosalt < /dev/zero 2>/dev/null | dd of=/root/dummy_snapshot_data_1.img bs=1M count=1024 iflag=fullblock status=progress; ec=$?; _bs pipeline_done; _bs guest_end; exit $ec'
2026-05-15 08:39:52,296 DEBUG   BULK_SNAP_T guest_start 1778801961.741214725
2026-05-15 08:39:52,296 DEBUG   BULK_SNAP_T pipeline_start 1778801961.765997161
2026-05-15 08:39:52,296 DEBUG   BULK_SNAP_T pipeline_done 1778801990.553898502
2026-05-15 08:39:52,296 DEBUG   BULK_SNAP_T guest_end 1778801990.558556873
2026-05-15 08:39:52,296 DEBUG   
2026-05-15 08:39:52,296 DEBUG   19922944 bytes (20 MB) copied, 1.005039 s, 19.8 MB/s
2026-05-15 08:39:52,296 DEBUG   45088768 bytes (45 MB) copied, 2.132026 s, 21.1 MB/s
2026-05-15 08:39:52,296 DEBUG   82837504 bytes (83 MB) copied, 3.250081 s, 25.5 MB/s
2026-05-15 08:39:52,296 DEBUG   121634816 bytes (122 MB) copied, 4.268256 s, 28.5 MB/s
2026-05-15 08:39:52,296 DEBUG   157286400 bytes (157 MB) copied, 5.296207 s, 29.7 MB/s
2026-05-15 08:39:52,296 DEBUG   201326592 bytes (201 MB) copied, 6.301138 s, 32.0 MB/s
2026-05-15 08:39:52,296 DEBUG   246415360 bytes (246 MB) copied, 7.314057 s, 33.7 MB/s
2026-05-15 08:39:52,296 DEBUG   297795584 bytes (298 MB) copied, 8.326083 s, 35.8 MB/s
2026-05-15 08:39:52,296 DEBUG   353370112 bytes (353 MB) copied, 9.343275 s, 37.8 MB/s
2026-05-15 08:39:52,296 DEBUG   406847488 bytes (407 MB) copied, 10.348353 s, 39.3 MB/s
2026-05-15 08:39:52,296 DEBUG   452984832 bytes (453 MB) copied, 11.372999 s, 39.8 MB/s
2026-05-15 08:39:52,296 DEBUG   505413632 bytes (505 MB) copied, 12.407016 s, 40.7 MB/s
2026-05-15 08:39:52,296 DEBUG   542113792 bytes (542 MB) copied, 13.411119 s, 40.4 MB/s
2026-05-15 08:39:52,296 DEBUG   585105408 bytes (585 MB) copied, 14.441210 s, 40.5 MB/s
2026-05-15 08:39:52,296 DEBUG   619708416 bytes (620 MB) copied, 15.454038 s, 40.1 MB/s
2026-05-15 08:39:52,296 DEBUG   654311424 bytes (654 MB) copied, 16.455165 s, 39.8 MB/s
2026-05-15 08:39:52,296 DEBUG   693108736 bytes (693 MB) copied, 17.464988 s, 39.7 MB/s
2026-05-15 08:39:52,296 DEBUG   731906048 bytes (732 MB) copied, 18.474092 s, 39.6 MB/s
2026-05-15 08:39:52,296 DEBUG   762314752 bytes (762 MB) copied, 19.474984 s, 39.1 MB/s
2026-05-15 08:39:52,296 DEBUG   805306368 bytes (805 MB) copied, 20.479326 s, 39.3 MB/s
2026-05-15 08:39:52,296 DEBUG   848297984 bytes (848 MB) copied, 21.493074 s, 39.5 MB/s
2026-05-15 08:39:52,296 DEBUG   887095296 bytes (887 MB) copied, 22.504346 s, 39.4 MB/s
2026-05-15 08:39:52,296 DEBUG   917504000 bytes (918 MB) copied, 23.527066 s, 39.0 MB/s
2026-05-15 08:39:52,296 DEBUG   946864128 bytes (947 MB) copied, 24.533057 s, 38.6 MB/s
2026-05-15 08:39:52,296 DEBUG   969932800 bytes (970 MB) copied, 25.630042 s, 37.8 MB/s
2026-05-15 08:39:52,296 DEBUG   1004535808 bytes (1.0 GB) copied, 26.640023 s, 37.7 MB/s
2026-05-15 08:39:52,296 DEBUG   1035993088 bytes (1.0 GB) copied, 27.692459 s, 37.4 MB/s
2026-05-15 08:39:52,296 DEBUG   1073741824 bytes (1.1 GB) copied, 28.698019 s, 37.4 MB/s
2026-05-15 08:39:52,296 DEBUG   1024+0 records in
2026-05-15 08:39:52,296 DEBUG   1024+0 records out
2026-05-15 08:39:52,296 DEBUG   1073741824 bytes (1.1 GB) copied, 28.6981 s, 37.4 MB/s
2026-05-15 08:39:52,296 DEBUG   OK (disk op exit 0)
2026-05-15 08:39:52,297 WARNING Guest disk op wall 31.3s (vm='ahv_ins_delete-0-260514-181435' ip=10.114.54.93 op=create ec=0) — includes SSH + guest disk command; if still high, check guest disk throughput vs. MiB settings.
2026-05-15 08:39:52,297 DEBUG [45/126] VM 2ebd3836… (ahv_ins_delete-0-260514-182542) via 10.114.52.53 op=create
2026-05-15 08:39:52,297 DEBUG   remote: bash -lc 'set -e; _bs(){ printf '"'"'BULK_SNAP_T %s %s\n'"'"' "$1" "$(date +%s.%N 2>/dev/null || date +%s)"; }; _bs guest_start; _bs pipeline_start; openssl enc -aes-256-ctr -pass pass:"testing" -nosalt < /dev/zero 2>/dev/null | dd of=/root/dummy_snapshot_data_1.img bs=1M count=1024 iflag=fullblock status=progress; ec=$?; _bs pipeline_done; _bs guest_end; exit $ec'
2026-05-15 08:39:52,549 DEBUG   BULK_SNAP_T guest_start 1778801970.281159160
2026-05-15 08:39:52,550 DEBUG   BULK_SNAP_T pipeline_start 1778801970.289205021
2026-05-15 08:39:52,550 DEBUG   BULK_SNAP_T pipeline_done 1778801991.017451848
2026-05-15 08:39:52,550 DEBUG   BULK_SNAP_T guest_end 1778801991.136693953
2026-05-15 08:39:52,550 DEBUG   
2026-05-15 08:39:52,550 DEBUG   20971520 bytes (21 MB) copied, 1.144664 s, 18.3 MB/s
2026-05-15 08:39:52,550 DEBUG   36700160 bytes (37 MB) copied, 2.200596 s, 16.7 MB/s
2026-05-15 08:39:52,550 DEBUG   67108864 bytes (67 MB) copied, 3.262597 s, 20.6 MB/s
2026-05-15 08:39:52,550 DEBUG   109051904 bytes (109 MB) copied, 4.272584 s, 25.5 MB/s
2026-05-15 08:39:52,550 DEBUG   143654912 bytes (144 MB) copied, 5.279761 s, 27.2 MB/s
2026-05-15 08:39:52,550 DEBUG   183500800 bytes (184 MB) copied, 6.306677 s, 29.1 MB/s
2026-05-15 08:39:52,550 DEBUG   224395264 bytes (224 MB) copied, 7.315613 s, 30.7 MB/s
2026-05-15 08:39:52,550 DEBUG   256901120 bytes (257 MB) copied, 8.337655 s, 30.8 MB/s
2026-05-15 08:39:52,550 DEBUG   296747008 bytes (297 MB) copied, 9.349819 s, 31.7 MB/s
2026-05-15 08:39:52,550 DEBUG   341835776 bytes (342 MB) copied, 10.353572 s, 33.0 MB/s
2026-05-15 08:39:52,550 DEBUG   381681664 bytes (382 MB) copied, 11.408606 s, 33.5 MB/s
2026-05-15 08:39:52,550 DEBUG   428867584 bytes (429 MB) copied, 12.423588 s, 34.5 MB/s
2026-05-15 08:39:52,550 DEBUG   483393536 bytes (483 MB) copied, 13.432647 s, 36.0 MB/s
2026-05-15 08:39:52,550 DEBUG   548405248 bytes (548 MB) copied, 14.437523 s, 38.0 MB/s
2026-05-15 08:39:52,550 DEBUG   622854144 bytes (623 MB) copied, 15.460827 s, 40.3 MB/s
2026-05-15 08:39:52,550 DEBUG   709885952 bytes (710 MB) copied, 16.461619 s, 43.1 MB/s
2026-05-15 08:39:52,550 DEBUG   815792128 bytes (816 MB) copied, 17.471525 s, 46.7 MB/s
2026-05-15 08:39:52,550 DEBUG   909115392 bytes (909 MB) copied, 18.481621 s, 49.2 MB/s
2026-05-15 08:39:52,550 DEBUG   1000341504 bytes (1.0 GB) copied, 19.484535 s, 51.3 MB/s
2026-05-15 08:39:52,550 DEBUG   1024+0 records in
2026-05-15 08:39:52,550 DEBUG   1024+0 records out
2026-05-15 08:39:52,550 DEBUG   1073741824 bytes (1.1 GB) copied, 20.4038 s, 52.6 MB/s
2026-05-15 08:39:52,550 DEBUG   OK (disk op exit 0)
2026-05-15 08:39:52,550 WARNING Guest disk op wall 23.0s (vm='ahv_ins_delete-0-260514-181933' ip=10.114.51.10 op=create ec=0) — includes SSH + guest disk command; if still high, check guest disk throughput vs. MiB settings.
2026-05-15 08:39:52,551 DEBUG [46/126] VM 85cd5f4e… (ahv_ins_delete-0-260514-183015) via 10.114.48.29 op=create
2026-05-15 08:39:52,551 DEBUG   remote: bash -lc 'set -e; _bs(){ printf '"'"'BULK_SNAP_T %s %s\n'"'"' "$1" "$(date +%s.%N 2>/dev/null || date +%s)"; }; _bs guest_start; _bs pipeline_start; openssl enc -aes-256-ctr -pass pass:"testing" -nosalt < /dev/zero 2>/dev/null | dd of=/root/dummy_snapshot_data_1.img bs=1M count=1024 iflag=fullblock status=progress; ec=$?; _bs pipeline_done; _bs guest_end; exit $ec'
2026-05-15 08:39:58,552 DEBUG   BULK_SNAP_T guest_start 1778801973.889602971
2026-05-15 08:39:58,553 DEBUG   BULK_SNAP_T pipeline_start 1778801973.897205770
2026-05-15 08:39:58,553 DEBUG   BULK_SNAP_T pipeline_done 1778801997.344907066
2026-05-15 08:39:58,553 DEBUG   BULK_SNAP_T guest_end 1778801997.348561229
2026-05-15 08:39:58,553 DEBUG   
2026-05-15 08:39:58,553 DEBUG   20971520 bytes (21 MB) copied, 1.143462 s, 18.3 MB/s
2026-05-15 08:39:58,553 DEBUG   41943040 bytes (42 MB) copied, 2.249493 s, 18.6 MB/s
2026-05-15 08:39:58,553 DEBUG   75497472 bytes (75 MB) copied, 3.324171 s, 22.7 MB/s
2026-05-15 08:39:58,553 DEBUG   111149056 bytes (111 MB) copied, 4.409358 s, 25.2 MB/s
2026-05-15 08:39:58,553 DEBUG   146800640 bytes (147 MB) copied, 5.456121 s, 26.9 MB/s
2026-05-15 08:39:58,553 DEBUG   178257920 bytes (178 MB) copied, 6.460375 s, 27.6 MB/s
2026-05-15 08:39:58,553 DEBUG   216006656 bytes (216 MB) copied, 7.551120 s, 28.6 MB/s
2026-05-15 08:39:58,553 DEBUG   270532608 bytes (271 MB) copied, 8.555184 s, 31.6 MB/s
2026-05-15 08:39:58,553 DEBUG   299892736 bytes (300 MB) copied, 9.563191 s, 31.4 MB/s
2026-05-15 08:39:58,553 DEBUG   340787200 bytes (341 MB) copied, 10.584209 s, 32.2 MB/s
2026-05-15 08:39:58,553 DEBUG   374341632 bytes (374 MB) copied, 11.613141 s, 32.2 MB/s
2026-05-15 08:39:58,553 DEBUG   423624704 bytes (424 MB) copied, 12.647128 s, 33.5 MB/s
2026-05-15 08:39:58,553 DEBUG   477102080 bytes (477 MB) copied, 13.701130 s, 34.8 MB/s
2026-05-15 08:39:58,553 DEBUG   513802240 bytes (514 MB) copied, 14.702362 s, 34.9 MB/s
2026-05-15 08:39:58,553 DEBUG   560988160 bytes (561 MB) copied, 15.708161 s, 35.7 MB/s
2026-05-15 08:39:58,553 DEBUG   607125504 bytes (607 MB) copied, 16.770352 s, 36.2 MB/s
2026-05-15 08:39:58,553 DEBUG   699400192 bytes (699 MB) copied, 17.781104 s, 39.3 MB/s
2026-05-15 08:39:58,553 DEBUG   779091968 bytes (779 MB) copied, 18.784279 s, 41.5 MB/s
2026-05-15 08:39:58,553 DEBUG   864026624 bytes (864 MB) copied, 19.792071 s, 43.7 MB/s
2026-05-15 08:39:58,553 DEBUG   909115392 bytes (909 MB) copied, 20.795205 s, 43.7 MB/s
2026-05-15 08:39:58,553 DEBUG   981467136 bytes (981 MB) copied, 21.796148 s, 45.0 MB/s
2026-05-15 08:39:58,553 DEBUG   1040187392 bytes (1.0 GB) copied, 22.796182 s, 45.6 MB/s
2026-05-15 08:39:58,553 DEBUG   1024+0 records in
2026-05-15 08:39:58,553 DEBUG   1024+0 records out
2026-05-15 08:39:58,553 DEBUG   1073741824 bytes (1.1 GB) copied, 23.3106 s, 46.1 MB/s
2026-05-15 08:39:58,553 DEBUG   OK (disk op exit 0)
2026-05-15 08:39:58,553 WARNING Guest disk op wall 25.8s (vm='ahv_ins_delete-0-260514-182445' ip=10.114.50.149 op=create ec=0) — includes SSH + guest disk command; if still high, check guest disk throughput vs. MiB settings.
2026-05-15 08:39:58,554 DEBUG [47/126] VM f3f3ceb3… (ahv_ins_delete-0-260514-183021) via 10.114.54.76 op=create
2026-05-15 08:39:58,554 DEBUG   remote: bash -lc 'set -e; _bs(){ printf '"'"'BULK_SNAP_T %s %s\n'"'"' "$1" "$(date +%s.%N 2>/dev/null || date +%s)"; }; _bs guest_start; _bs pipeline_start; openssl enc -aes-256-ctr -pass pass:"testing" -nosalt < /dev/zero 2>/dev/null | dd of=/root/dummy_snapshot_data_1.img bs=1M count=1024 iflag=fullblock status=progress; ec=$?; _bs pipeline_done; _bs guest_end; exit $ec'
2026-05-15 08:40:00,549 DEBUG   BULK_SNAP_T guest_start 1778801970.863010597
2026-05-15 08:40:00,549 DEBUG   BULK_SNAP_T pipeline_start 1778801970.871538050
2026-05-15 08:40:00,549 DEBUG   BULK_SNAP_T pipeline_done 1778801999.116924133
2026-05-15 08:40:00,549 DEBUG   BULK_SNAP_T guest_end 1778801999.119770382
2026-05-15 08:40:00,549 DEBUG   
2026-05-15 08:40:00,549 DEBUG   54525952 bytes (55 MB) copied, 1.000931 s, 54.5 MB/s
2026-05-15 08:40:00,549 DEBUG   80740352 bytes (81 MB) copied, 2.101453 s, 38.4 MB/s
2026-05-15 08:40:00,549 DEBUG   124780544 bytes (125 MB) copied, 3.108173 s, 40.1 MB/s
2026-05-15 08:40:00,549 DEBUG   174063616 bytes (174 MB) copied, 4.126137 s, 42.2 MB/s
2026-05-15 08:40:00,549 DEBUG   224395264 bytes (224 MB) copied, 5.165957 s, 43.4 MB/s
2026-05-15 08:40:00,549 DEBUG   270532608 bytes (271 MB) copied, 6.200051 s, 43.6 MB/s
2026-05-15 08:40:00,549 DEBUG   314572800 bytes (315 MB) copied, 7.221226 s, 43.6 MB/s
2026-05-15 08:40:00,549 DEBUG   356515840 bytes (357 MB) copied, 8.226028 s, 43.3 MB/s
2026-05-15 08:40:00,549 DEBUG   397410304 bytes (397 MB) copied, 9.247067 s, 43.0 MB/s
2026-05-15 08:40:00,549 DEBUG   435159040 bytes (435 MB) copied, 10.278150 s, 42.3 MB/s
2026-05-15 08:40:00,549 DEBUG   470810624 bytes (471 MB) copied, 11.321207 s, 41.6 MB/s
2026-05-15 08:40:00,550 DEBUG   505413632 bytes (505 MB) copied, 12.337076 s, 41.0 MB/s
2026-05-15 08:40:00,550 DEBUG   538968064 bytes (539 MB) copied, 13.359963 s, 40.3 MB/s
2026-05-15 08:40:00,550 DEBUG   576716800 bytes (577 MB) copied, 14.432021 s, 40.0 MB/s
2026-05-15 08:40:00,550 DEBUG   611319808 bytes (611 MB) copied, 15.501042 s, 39.4 MB/s
2026-05-15 08:40:00,550 DEBUG   644874240 bytes (645 MB) copied, 16.564999 s, 38.9 MB/s
2026-05-15 08:40:00,550 DEBUG   673185792 bytes (673 MB) copied, 17.597027 s, 38.3 MB/s
2026-05-15 08:40:00,550 DEBUG   702545920 bytes (703 MB) copied, 18.612005 s, 37.7 MB/s
2026-05-15 08:40:00,550 DEBUG   739246080 bytes (739 MB) copied, 19.616994 s, 37.7 MB/s
2026-05-15 08:40:00,550 DEBUG   781189120 bytes (781 MB) copied, 20.641988 s, 37.8 MB/s
2026-05-15 08:40:00,550 DEBUG   829423616 bytes (829 MB) copied, 21.645327 s, 38.3 MB/s
2026-05-15 08:40:00,550 DEBUG   869269504 bytes (869 MB) copied, 22.663073 s, 38.4 MB/s
2026-05-15 08:40:00,550 DEBUG   902823936 bytes (903 MB) copied, 23.684144 s, 38.1 MB/s
2026-05-15 08:40:00,550 DEBUG   943718400 bytes (944 MB) copied, 24.690973 s, 38.2 MB/s
2026-05-15 08:40:00,550 DEBUG   978321408 bytes (978 MB) copied, 25.703049 s, 38.1 MB/s
2026-05-15 08:40:00,550 DEBUG   1022361600 bytes (1.0 GB) copied, 26.755133 s, 38.2 MB/s
2026-05-15 08:40:00,550 DEBUG   1061158912 bytes (1.1 GB) copied, 27.781223 s, 38.2 MB/s
2026-05-15 08:40:00,550 DEBUG   1024+0 records in
2026-05-15 08:40:00,550 DEBUG   1024+0 records out
2026-05-15 08:40:00,550 DEBUG   1073741824 bytes (1.1 GB) copied, 28.13 s, 38.2 MB/s
2026-05-15 08:40:00,550 DEBUG   OK (disk op exit 0)
2026-05-15 08:40:00,550 WARNING Guest disk op wall 30.3s (vm='ahv_ins_delete-0-260514-181959' ip=10.114.48.122 op=create ec=0) — includes SSH + guest disk command; if still high, check guest disk throughput vs. MiB settings.
2026-05-15 08:40:00,550 DEBUG [48/126] VM 930e019f… (ahv_ins_delete-0-260514-183022) via 10.114.53.12 op=create
2026-05-15 08:40:00,550 DEBUG   remote: bash -lc 'set -e; _bs(){ printf '"'"'BULK_SNAP_T %s %s\n'"'"' "$1" "$(date +%s.%N 2>/dev/null || date +%s)"; }; _bs guest_start; _bs pipeline_start; openssl enc -aes-256-ctr -pass pass:"testing" -nosalt < /dev/zero 2>/dev/null | dd of=/root/dummy_snapshot_data_1.img bs=1M count=1024 iflag=fullblock status=progress; ec=$?; _bs pipeline_done; _bs guest_end; exit $ec'
2026-05-15 08:40:03,295 DEBUG   BULK_SNAP_T guest_start 1778801972.223422519
2026-05-15 08:40:03,295 DEBUG   BULK_SNAP_T pipeline_start 1778801972.225673877
2026-05-15 08:40:03,295 DEBUG   BULK_SNAP_T pipeline_done 1778802001.420492700
2026-05-15 08:40:03,295 DEBUG   BULK_SNAP_T guest_end 1778802001.942030047
2026-05-15 08:40:03,295 DEBUG   
2026-05-15 08:40:03,295 DEBUG   33554432 bytes (34 MB) copied, 1.009113 s, 33.3 MB/s
2026-05-15 08:40:03,295 DEBUG   55574528 bytes (56 MB) copied, 2.057113 s, 27.0 MB/s
2026-05-15 08:40:03,295 DEBUG   92274688 bytes (92 MB) copied, 3.096184 s, 29.8 MB/s
2026-05-15 08:40:03,295 DEBUG   124780544 bytes (125 MB) copied, 4.149070 s, 30.1 MB/s
2026-05-15 08:40:03,295 DEBUG   157286400 bytes (157 MB) copied, 5.201367 s, 30.2 MB/s
2026-05-15 08:40:03,295 DEBUG   190840832 bytes (191 MB) copied, 6.205356 s, 30.8 MB/s
2026-05-15 08:40:03,295 DEBUG   220200960 bytes (220 MB) copied, 7.234936 s, 30.4 MB/s
2026-05-15 08:40:03,295 DEBUG   256901120 bytes (257 MB) copied, 8.245970 s, 31.2 MB/s
2026-05-15 08:40:03,295 DEBUG   288358400 bytes (288 MB) copied, 9.252974 s, 31.2 MB/s
2026-05-15 08:40:03,295 DEBUG   328204288 bytes (328 MB) copied, 10.265010 s, 32.0 MB/s
2026-05-15 08:40:03,295 DEBUG   371195904 bytes (371 MB) copied, 11.278226 s, 32.9 MB/s
2026-05-15 08:40:03,295 DEBUG   408944640 bytes (409 MB) copied, 12.289999 s, 33.3 MB/s
2026-05-15 08:40:03,295 DEBUG   440401920 bytes (440 MB) copied, 13.364270 s, 33.0 MB/s
2026-05-15 08:40:03,295 DEBUG   481296384 bytes (481 MB) copied, 14.447183 s, 33.3 MB/s
2026-05-15 08:40:03,295 DEBUG   511705088 bytes (512 MB) copied, 15.448219 s, 33.1 MB/s
2026-05-15 08:40:03,295 DEBUG   545259520 bytes (545 MB) copied, 16.518951 s, 33.0 MB/s
2026-05-15 08:40:03,295 DEBUG   579862528 bytes (580 MB) copied, 17.529128 s, 33.1 MB/s
2026-05-15 08:40:03,295 DEBUG   619708416 bytes (620 MB) copied, 18.533961 s, 33.4 MB/s
2026-05-15 08:40:03,295 DEBUG   679477248 bytes (679 MB) copied, 19.603973 s, 34.7 MB/s
2026-05-15 08:40:03,295 DEBUG   718274560 bytes (718 MB) copied, 20.644932 s, 34.8 MB/s
2026-05-15 08:40:03,295 DEBUG   759169024 bytes (759 MB) copied, 21.664133 s, 35.0 MB/s
2026-05-15 08:40:03,295 DEBUG   799014912 bytes (799 MB) copied, 22.671284 s, 35.2 MB/s
2026-05-15 08:40:03,295 DEBUG   846200832 bytes (846 MB) copied, 23.681202 s, 35.7 MB/s
2026-05-15 08:40:03,295 DEBUG   891289600 bytes (891 MB) copied, 24.708197 s, 36.1 MB/s
2026-05-15 08:40:03,295 DEBUG   933232640 bytes (933 MB) copied, 25.712943 s, 36.3 MB/s
2026-05-15 08:40:03,295 DEBUG   984612864 bytes (985 MB) copied, 26.743943 s, 36.8 MB/s
2026-05-15 08:40:03,295 DEBUG   1017118720 bytes (1.0 GB) copied, 27.774972 s, 36.6 MB/s
2026-05-15 08:40:03,295 DEBUG   1062207488 bytes (1.1 GB) copied, 28.777121 s, 36.9 MB/s
2026-05-15 08:40:03,295 DEBUG   1024+0 records in
2026-05-15 08:40:03,296 DEBUG   1024+0 records out
2026-05-15 08:40:03,296 DEBUG   1073741824 bytes (1.1 GB) copied, 29.1191 s, 36.9 MB/s
2026-05-15 08:40:03,296 DEBUG   OK (disk op exit 0)
2026-05-15 08:40:03,296 WARNING Guest disk op wall 32.3s (vm='ahv_ins_delete-0-260514-182012' ip=10.114.48.81 op=create ec=0) — includes SSH + guest disk command; if still high, check guest disk throughput vs. MiB settings.
2026-05-15 08:40:03,296 DEBUG [49/126] VM 9e43f08c… (ahv_ins_delete-0-260514-183039) via 10.114.48.164 op=create
2026-05-15 08:40:03,296 DEBUG   remote: bash -lc 'set -e; _bs(){ printf '"'"'BULK_SNAP_T %s %s\n'"'"' "$1" "$(date +%s.%N 2>/dev/null || date +%s)"; }; _bs guest_start; _bs pipeline_start; openssl enc -aes-256-ctr -pass pass:"testing" -nosalt < /dev/zero 2>/dev/null | dd of=/root/dummy_snapshot_data_1.img bs=1M count=1024 iflag=fullblock status=progress; ec=$?; _bs pipeline_done; _bs guest_end; exit $ec'
2026-05-15 08:40:03,303 DEBUG   BULK_SNAP_T guest_start 1778801970.068402449
2026-05-15 08:40:03,304 DEBUG   BULK_SNAP_T pipeline_start 1778801970.073542453
2026-05-15 08:40:03,304 DEBUG   BULK_SNAP_T pipeline_done 1778802002.250891961
2026-05-15 08:40:03,304 DEBUG   BULK_SNAP_T guest_end 1778802002.266230971
2026-05-15 08:40:03,304 DEBUG   
2026-05-15 08:40:03,304 DEBUG   15728640 bytes (16 MB) copied, 1.070483 s, 14.7 MB/s
2026-05-15 08:40:03,304 DEBUG   31457280 bytes (31 MB) copied, 2.114121 s, 14.9 MB/s
2026-05-15 08:40:03,304 DEBUG   59768832 bytes (60 MB) copied, 3.177360 s, 18.8 MB/s
2026-05-15 08:40:03,304 DEBUG   90177536 bytes (90 MB) copied, 4.183099 s, 21.6 MB/s
2026-05-15 08:40:03,304 DEBUG   127926272 bytes (128 MB) copied, 5.230025 s, 24.5 MB/s
2026-05-15 08:40:03,304 DEBUG   161480704 bytes (161 MB) copied, 6.238027 s, 25.9 MB/s
2026-05-15 08:40:03,304 DEBUG   190840832 bytes (191 MB) copied, 7.264108 s, 26.3 MB/s
2026-05-15 08:40:03,304 DEBUG   222298112 bytes (222 MB) copied, 8.280049 s, 26.8 MB/s
2026-05-15 08:40:03,304 DEBUG   255852544 bytes (256 MB) copied, 9.306971 s, 27.5 MB/s
2026-05-15 08:40:03,304 DEBUG   289406976 bytes (289 MB) copied, 10.370034 s, 27.9 MB/s
2026-05-15 08:40:03,304 DEBUG   331350016 bytes (331 MB) copied, 11.393010 s, 29.1 MB/s
2026-05-15 08:40:03,304 DEBUG   375390208 bytes (375 MB) copied, 12.416119 s, 30.2 MB/s
2026-05-15 08:40:03,304 DEBUG   405798912 bytes (406 MB) copied, 13.434960 s, 30.2 MB/s
2026-05-15 08:40:03,304 DEBUG   444596224 bytes (445 MB) copied, 14.437338 s, 30.8 MB/s
2026-05-15 08:40:03,304 DEBUG   481296384 bytes (481 MB) copied, 15.504461 s, 31.0 MB/s
2026-05-15 08:40:03,304 DEBUG   520093696 bytes (520 MB) copied, 16.520972 s, 31.5 MB/s
2026-05-15 08:40:03,304 DEBUG   549453824 bytes (549 MB) copied, 17.552950 s, 31.3 MB/s
2026-05-15 08:40:03,304 DEBUG   581959680 bytes (582 MB) copied, 18.573951 s, 31.3 MB/s
2026-05-15 08:40:03,304 DEBUG   614465536 bytes (614 MB) copied, 19.575312 s, 31.4 MB/s
2026-05-15 08:40:03,304 DEBUG   649068544 bytes (649 MB) copied, 20.593971 s, 31.5 MB/s
2026-05-15 08:40:03,304 DEBUG   685768704 bytes (686 MB) copied, 21.593985 s, 31.8 MB/s
2026-05-15 08:40:03,304 DEBUG   722468864 bytes (722 MB) copied, 22.597953 s, 32.0 MB/s
2026-05-15 08:40:03,304 DEBUG   759169024 bytes (759 MB) copied, 23.624081 s, 32.1 MB/s
2026-05-15 08:40:03,304 DEBUG   794820608 bytes (795 MB) copied, 24.644397 s, 32.3 MB/s
2026-05-15 08:40:03,304 DEBUG   837812224 bytes (838 MB) copied, 25.650499 s, 32.7 MB/s
2026-05-15 08:40:03,304 DEBUG   874512384 bytes (875 MB) copied, 26.683564 s, 32.8 MB/s
2026-05-15 08:40:03,304 DEBUG   907018240 bytes (907 MB) copied, 27.709957 s, 32.7 MB/s
2026-05-15 08:40:03,304 DEBUG   941621248 bytes (942 MB) copied, 28.711209 s, 32.8 MB/s
2026-05-15 08:40:03,304 DEBUG   978321408 bytes (978 MB) copied, 29.737040 s, 32.9 MB/s
2026-05-15 08:40:03,304 DEBUG   1017118720 bytes (1.0 GB) copied, 30.777971 s, 33.0 MB/s
2026-05-15 08:40:03,304 DEBUG   1060110336 bytes (1.1 GB) copied, 31.791974 s, 33.3 MB/s
2026-05-15 08:40:03,304 DEBUG   1024+0 records in
2026-05-15 08:40:03,304 DEBUG   1024+0 records out
2026-05-15 08:40:03,304 DEBUG   1073741824 bytes (1.1 GB) copied, 32.0556 s, 33.5 MB/s
2026-05-15 08:40:03,304 DEBUG   OK (disk op exit 0)
2026-05-15 08:40:03,304 WARNING Guest disk op wall 34.8s (vm='ahv_ins_delete-0-260514-181914' ip=10.114.53.51 op=create ec=0) — includes SSH + guest disk command; if still high, check guest disk throughput vs. MiB settings.
2026-05-15 08:40:03,305 DEBUG [50/126] VM dd18d61f… (ahv_ins_delete-0-260514-183102) via 10.114.51.38 op=create
2026-05-15 08:40:03,305 DEBUG   remote: bash -lc 'set -e; _bs(){ printf '"'"'BULK_SNAP_T %s %s\n'"'"' "$1" "$(date +%s.%N 2>/dev/null || date +%s)"; }; _bs guest_start; _bs pipeline_start; openssl enc -aes-256-ctr -pass pass:"testing" -nosalt < /dev/zero 2>/dev/null | dd of=/root/dummy_snapshot_data_1.img bs=1M count=1024 iflag=fullblock status=progress; ec=$?; _bs pipeline_done; _bs guest_end; exit $ec'
2026-05-15 08:40:03,550 DEBUG   BULK_SNAP_T guest_start 1778801971.017656554
2026-05-15 08:40:03,551 DEBUG   BULK_SNAP_T pipeline_start 1778801971.020355826
2026-05-15 08:40:03,551 DEBUG   BULK_SNAP_T pipeline_done 1778802002.293390483
2026-05-15 08:40:03,551 DEBUG   BULK_SNAP_T guest_end 1778802002.301962017
2026-05-15 08:40:03,551 DEBUG   
2026-05-15 08:40:03,551 DEBUG   26214400 bytes (26 MB) copied, 1.205416 s, 21.7 MB/s
2026-05-15 08:40:03,551 DEBUG   54525952 bytes (55 MB) copied, 2.215433 s, 24.6 MB/s
2026-05-15 08:40:03,551 DEBUG   79691776 bytes (80 MB) copied, 3.216467 s, 24.8 MB/s
2026-05-15 08:40:03,551 DEBUG   109051904 bytes (109 MB) copied, 4.300457 s, 25.4 MB/s
2026-05-15 08:40:03,551 DEBUG   142606336 bytes (143 MB) copied, 5.347497 s, 26.7 MB/s
2026-05-15 08:40:03,551 DEBUG   178257920 bytes (178 MB) copied, 6.382895 s, 27.9 MB/s
2026-05-15 08:40:03,551 DEBUG   211812352 bytes (212 MB) copied, 7.441505 s, 28.5 MB/s
2026-05-15 08:40:03,551 DEBUG   248512512 bytes (249 MB) copied, 8.441549 s, 29.4 MB/s
2026-05-15 08:40:03,551 DEBUG   283115520 bytes (283 MB) copied, 9.469526 s, 29.9 MB/s
2026-05-15 08:40:03,551 DEBUG   319815680 bytes (320 MB) copied, 10.504592 s, 30.4 MB/s
2026-05-15 08:40:03,551 DEBUG   357564416 bytes (358 MB) copied, 11.524581 s, 31.0 MB/s
2026-05-15 08:40:03,551 DEBUG   413138944 bytes (413 MB) copied, 12.556416 s, 32.9 MB/s
2026-05-15 08:40:03,551 DEBUG   445644800 bytes (446 MB) copied, 13.582484 s, 32.8 MB/s
2026-05-15 08:40:03,551 DEBUG   478150656 bytes (478 MB) copied, 14.620552 s, 32.7 MB/s
2026-05-15 08:40:03,551 DEBUG   510656512 bytes (511 MB) copied, 15.630666 s, 32.7 MB/s
2026-05-15 08:40:03,551 DEBUG   541065216 bytes (541 MB) copied, 16.672687 s, 32.5 MB/s
2026-05-15 08:40:03,551 DEBUG   569376768 bytes (569 MB) copied, 17.740490 s, 32.1 MB/s
2026-05-15 08:40:03,551 DEBUG   600834048 bytes (601 MB) copied, 18.741445 s, 32.1 MB/s
2026-05-15 08:40:03,551 DEBUG   629145600 bytes (629 MB) copied, 19.768444 s, 31.8 MB/s
2026-05-15 08:40:03,551 DEBUG   676331520 bytes (676 MB) copied, 20.769497 s, 32.6 MB/s
2026-05-15 08:40:03,551 DEBUG   727711744 bytes (728 MB) copied, 21.825454 s, 33.3 MB/s
2026-05-15 08:40:03,551 DEBUG   769654784 bytes (770 MB) copied, 22.890416 s, 33.6 MB/s
2026-05-15 08:40:03,551 DEBUG   804257792 bytes (804 MB) copied, 23.926804 s, 33.6 MB/s
2026-05-15 08:40:03,551 DEBUG   846200832 bytes (846 MB) copied, 24.985728 s, 33.9 MB/s
2026-05-15 08:40:03,551 DEBUG   887095296 bytes (887 MB) copied, 25.991881 s, 34.1 MB/s
2026-05-15 08:40:03,551 DEBUG   930086912 bytes (930 MB) copied, 27.002885 s, 34.4 MB/s
2026-05-15 08:40:03,551 DEBUG   974127104 bytes (974 MB) copied, 28.007524 s, 34.8 MB/s
2026-05-15 08:40:03,551 DEBUG   1011875840 bytes (1.0 GB) copied, 29.045426 s, 34.8 MB/s
2026-05-15 08:40:03,551 DEBUG   1045430272 bytes (1.0 GB) copied, 30.047106 s, 34.8 MB/s
2026-05-15 08:40:03,551 DEBUG   1024+0 records in
2026-05-15 08:40:03,551 DEBUG   1024+0 records out
2026-05-15 08:40:03,551 DEBUG   1073741824 bytes (1.1 GB) copied, 30.8845 s, 34.8 MB/s
2026-05-15 08:40:03,551 DEBUG   OK (disk op exit 0)
2026-05-15 08:40:03,552 WARNING Guest disk op wall 33.5s (vm='ahv_ins_delete-0-260514-181944' ip=10.114.53.247 op=create ec=0) — includes SSH + guest disk command; if still high, check guest disk throughput vs. MiB settings.
2026-05-15 08:40:03,552 DEBUG [51/126] VM b04d49d5… (ahv_ins_delete-0-260514-183534) via 10.114.50.246 op=create
2026-05-15 08:40:03,552 DEBUG   remote: bash -lc 'set -e; _bs(){ printf '"'"'BULK_SNAP_T %s %s\n'"'"' "$1" "$(date +%s.%N 2>/dev/null || date +%s)"; }; _bs guest_start; _bs pipeline_start; openssl enc -aes-256-ctr -pass pass:"testing" -nosalt < /dev/zero 2>/dev/null | dd of=/root/dummy_snapshot_data_1.img bs=1M count=1024 iflag=fullblock status=progress; ec=$?; _bs pipeline_done; _bs guest_end; exit $ec'
2026-05-15 08:40:13,556 DEBUG   BULK_SNAP_T guest_start 1778801992.239742868
2026-05-15 08:40:13,556 DEBUG   BULK_SNAP_T pipeline_start 1778801992.242210140
2026-05-15 08:40:13,556 DEBUG   BULK_SNAP_T pipeline_done 1778802012.072733630
2026-05-15 08:40:13,556 DEBUG   BULK_SNAP_T guest_end 1778802012.076359254
2026-05-15 08:40:13,556 DEBUG   
2026-05-15 08:40:13,556 DEBUG   20971520 bytes (21 MB) copied, 1.089026 s, 19.3 MB/s
2026-05-15 08:40:13,556 DEBUG   47185920 bytes (47 MB) copied, 2.230067 s, 21.2 MB/s
2026-05-15 08:40:13,556 DEBUG   77594624 bytes (78 MB) copied, 3.234153 s, 24.0 MB/s
2026-05-15 08:40:13,556 DEBUG   113246208 bytes (113 MB) copied, 4.275111 s, 26.5 MB/s
2026-05-15 08:40:13,556 DEBUG   153092096 bytes (153 MB) copied, 5.282983 s, 29.0 MB/s
2026-05-15 08:40:13,556 DEBUG   192937984 bytes (193 MB) copied, 6.297981 s, 30.6 MB/s
2026-05-15 08:40:13,556 DEBUG   243269632 bytes (243 MB) copied, 7.309929 s, 33.3 MB/s
2026-05-15 08:40:13,556 DEBUG   295698432 bytes (296 MB) copied, 8.339908 s, 35.5 MB/s
2026-05-15 08:40:13,556 DEBUG   339738624 bytes (340 MB) copied, 9.385935 s, 36.2 MB/s
2026-05-15 08:40:13,556 DEBUG   386924544 bytes (387 MB) copied, 10.394899 s, 37.2 MB/s
2026-05-15 08:40:13,556 DEBUG   476053504 bytes (476 MB) copied, 11.401897 s, 41.8 MB/s
2026-05-15 08:40:13,556 DEBUG   580911104 bytes (581 MB) copied, 12.409986 s, 46.8 MB/s
2026-05-15 08:40:13,556 DEBUG   683671552 bytes (684 MB) copied, 13.427788 s, 50.9 MB/s
2026-05-15 08:40:13,556 DEBUG   771751936 bytes (772 MB) copied, 14.438830 s, 53.4 MB/s
2026-05-15 08:40:13,556 DEBUG   850395136 bytes (850 MB) copied, 15.442858 s, 55.1 MB/s
2026-05-15 08:40:13,556 DEBUG   915406848 bytes (915 MB) copied, 16.452853 s, 55.6 MB/s
2026-05-15 08:40:13,556 DEBUG   965738496 bytes (966 MB) copied, 17.460828 s, 55.3 MB/s
2026-05-15 08:40:13,556 DEBUG   1020264448 bytes (1.0 GB) copied, 18.494234 s, 55.2 MB/s
2026-05-15 08:40:13,556 DEBUG   1072693248 bytes (1.1 GB) copied, 19.532855 s, 54.9 MB/s
2026-05-15 08:40:13,556 DEBUG   1024+0 records in
2026-05-15 08:40:13,556 DEBUG   1024+0 records out
2026-05-15 08:40:13,556 DEBUG   1073741824 bytes (1.1 GB) copied, 19.6589 s, 54.6 MB/s
2026-05-15 08:40:13,556 DEBUG   OK (disk op exit 0)
2026-05-15 08:40:13,557 WARNING Guest disk op wall 22.3s (vm='ahv_ins_delete-0-260514-182536' ip=10.114.50.249 op=create ec=0) — includes SSH + guest disk command; if still high, check guest disk throughput vs. MiB settings.
2026-05-15 08:40:13,557 DEBUG [52/126] VM a2956722… (ahv_ins_delete-0-260514-183539) via 10.114.53.62 op=create
2026-05-15 08:40:13,557 DEBUG   remote: bash -lc 'set -e; _bs(){ printf '"'"'BULK_SNAP_T %s %s\n'"'"' "$1" "$(date +%s.%N 2>/dev/null || date +%s)"; }; _bs guest_start; _bs pipeline_start; openssl enc -aes-256-ctr -pass pass:"testing" -nosalt < /dev/zero 2>/dev/null | dd of=/root/dummy_snapshot_data_1.img bs=1M count=1024 iflag=fullblock status=progress; ec=$?; _bs pipeline_done; _bs guest_end; exit $ec'
2026-05-15 08:40:14,810 DEBUG   BULK_SNAP_T guest_start 1778801994.431251169
2026-05-15 08:40:14,810 DEBUG   BULK_SNAP_T pipeline_start 1778801994.446933610
2026-05-15 08:40:14,810 DEBUG   BULK_SNAP_T pipeline_done 1778802014.351398003
2026-05-15 08:40:14,810 DEBUG   BULK_SNAP_T guest_end 1778802014.357095162
2026-05-15 08:40:14,810 DEBUG   
2026-05-15 08:40:14,810 DEBUG   27262976 bytes (27 MB) copied, 1.140378 s, 23.9 MB/s
2026-05-15 08:40:14,810 DEBUG   49283072 bytes (49 MB) copied, 2.151342 s, 22.9 MB/s
2026-05-15 08:40:14,810 DEBUG   84934656 bytes (85 MB) copied, 3.170264 s, 26.8 MB/s
2026-05-15 08:40:14,810 DEBUG   120586240 bytes (121 MB) copied, 4.221115 s, 28.6 MB/s
2026-05-15 08:40:14,810 DEBUG   156237824 bytes (156 MB) copied, 5.234149 s, 29.8 MB/s
2026-05-15 08:40:14,810 DEBUG   203423744 bytes (203 MB) copied, 6.240097 s, 32.6 MB/s
2026-05-15 08:40:14,810 DEBUG   261095424 bytes (261 MB) copied, 7.245104 s, 36.0 MB/s
2026-05-15 08:40:14,810 DEBUG   334495744 bytes (334 MB) copied, 8.256014 s, 40.5 MB/s
2026-05-15 08:40:14,810 DEBUG   389021696 bytes (389 MB) copied, 9.273076 s, 42.0 MB/s
2026-05-15 08:40:14,810 DEBUG   445644800 bytes (446 MB) copied, 10.288040 s, 43.3 MB/s
2026-05-15 08:40:14,811 DEBUG   505413632 bytes (505 MB) copied, 11.321013 s, 44.6 MB/s
2026-05-15 08:40:14,811 DEBUG   557842432 bytes (558 MB) copied, 12.336030 s, 45.2 MB/s
2026-05-15 08:40:14,811 DEBUG   610271232 bytes (610 MB) copied, 13.336975 s, 45.8 MB/s
2026-05-15 08:40:14,811 DEBUG   681574400 bytes (682 MB) copied, 14.447977 s, 47.2 MB/s
2026-05-15 08:40:14,811 DEBUG   757071872 bytes (757 MB) copied, 15.455949 s, 49.0 MB/s
2026-05-15 08:40:14,811 DEBUG   825229312 bytes (825 MB) copied, 16.464136 s, 50.1 MB/s
2026-05-15 08:40:14,811 DEBUG   897581056 bytes (898 MB) copied, 17.469028 s, 51.4 MB/s
2026-05-15 08:40:14,811 DEBUG   977272832 bytes (977 MB) copied, 18.473166 s, 52.9 MB/s
2026-05-15 08:40:14,811 DEBUG   1049624576 bytes (1.0 GB) copied, 19.478985 s, 53.9 MB/s
2026-05-15 08:40:14,811 DEBUG   1024+0 records in
2026-05-15 08:40:14,811 DEBUG   1024+0 records out
2026-05-15 08:40:14,811 DEBUG   1073741824 bytes (1.1 GB) copied, 19.7921 s, 54.3 MB/s
2026-05-15 08:40:14,811 DEBUG   OK (disk op exit 0)
2026-05-15 08:40:14,811 WARNING Guest disk op wall 22.5s (vm='ahv_ins_delete-0-260514-182542' ip=10.114.52.53 op=create ec=0) — includes SSH + guest disk command; if still high, check guest disk throughput vs. MiB settings.
2026-05-15 08:40:14,811 DEBUG [53/126] VM a9fba56a… (ahv_ins_delete-0-260514-183544) via 10.114.49.170 op=create
2026-05-15 08:40:14,811 DEBUG   remote: bash -lc 'set -e; _bs(){ printf '"'"'BULK_SNAP_T %s %s\n'"'"' "$1" "$(date +%s.%N 2>/dev/null || date +%s)"; }; _bs guest_start; _bs pipeline_start; openssl enc -aes-256-ctr -pass pass:"testing" -nosalt < /dev/zero 2>/dev/null | dd of=/root/dummy_snapshot_data_1.img bs=1M count=1024 iflag=fullblock status=progress; ec=$?; _bs pipeline_done; _bs guest_end; exit $ec'
2026-05-15 08:40:24,575 DEBUG   BULK_SNAP_T guest_start 1778801992.838450186
2026-05-15 08:40:24,575 DEBUG   BULK_SNAP_T pipeline_start 1778801992.844486363
2026-05-15 08:40:24,575 DEBUG   BULK_SNAP_T pipeline_done 1778802023.710364624
2026-05-15 08:40:24,575 DEBUG   BULK_SNAP_T guest_end 1778802023.715571873
2026-05-15 08:40:24,575 DEBUG   
2026-05-15 08:40:24,575 DEBUG   37748736 bytes (38 MB) copied, 1.163154 s, 32.5 MB/s
2026-05-15 08:40:24,575 DEBUG   57671680 bytes (58 MB) copied, 2.203314 s, 26.2 MB/s
2026-05-15 08:40:24,575 DEBUG   108003328 bytes (108 MB) copied, 3.272326 s, 33.0 MB/s
2026-05-15 08:40:24,575 DEBUG   148897792 bytes (149 MB) copied, 4.317083 s, 34.5 MB/s
2026-05-15 08:40:24,575 DEBUG   192937984 bytes (193 MB) copied, 5.323987 s, 36.2 MB/s
2026-05-15 08:40:24,575 DEBUG   236978176 bytes (237 MB) copied, 6.330012 s, 37.4 MB/s
2026-05-15 08:40:24,575 DEBUG   277872640 bytes (278 MB) copied, 7.346170 s, 37.8 MB/s
2026-05-15 08:40:24,575 DEBUG   316669952 bytes (317 MB) copied, 8.353023 s, 37.9 MB/s
2026-05-15 08:40:24,575 DEBUG   357564416 bytes (358 MB) copied, 9.383971 s, 38.1 MB/s
2026-05-15 08:40:24,575 DEBUG   400556032 bytes (401 MB) copied, 10.415018 s, 38.5 MB/s
2026-05-15 08:40:24,575 DEBUG   439353344 bytes (439 MB) copied, 11.431187 s, 38.4 MB/s
2026-05-15 08:40:24,575 DEBUG   471859200 bytes (472 MB) copied, 12.451056 s, 37.9 MB/s
2026-05-15 08:40:24,575 DEBUG   502267904 bytes (502 MB) copied, 13.473027 s, 37.3 MB/s
2026-05-15 08:40:24,575 DEBUG   532676608 bytes (533 MB) copied, 14.478975 s, 36.8 MB/s
2026-05-15 08:40:24,575 DEBUG   565182464 bytes (565 MB) copied, 15.530957 s, 36.4 MB/s
2026-05-15 08:40:24,575 DEBUG   595591168 bytes (596 MB) copied, 16.610064 s, 35.9 MB/s
2026-05-15 08:40:24,575 DEBUG   623902720 bytes (624 MB) copied, 17.672220 s, 35.3 MB/s
2026-05-15 08:40:24,575 DEBUG   661651456 bytes (662 MB) copied, 18.691066 s, 35.4 MB/s
2026-05-15 08:40:24,575 DEBUG   692060160 bytes (692 MB) copied, 19.707021 s, 35.1 MB/s
2026-05-15 08:40:24,576 DEBUG   730857472 bytes (731 MB) copied, 20.730127 s, 35.3 MB/s
2026-05-15 08:40:24,576 DEBUG   776994816 bytes (777 MB) copied, 21.794187 s, 35.7 MB/s
2026-05-15 08:40:24,576 DEBUG   823132160 bytes (823 MB) copied, 22.812223 s, 36.1 MB/s
2026-05-15 08:40:24,576 DEBUG   859832320 bytes (860 MB) copied, 23.815939 s, 36.1 MB/s
2026-05-15 08:40:24,576 DEBUG   900726784 bytes (901 MB) copied, 24.826302 s, 36.3 MB/s
2026-05-15 08:40:24,576 DEBUG   936378368 bytes (936 MB) copied, 25.923278 s, 36.1 MB/s
2026-05-15 08:40:24,576 DEBUG   972029952 bytes (972 MB) copied, 26.981994 s, 36.0 MB/s
2026-05-15 08:40:24,576 DEBUG   1004535808 bytes (1.0 GB) copied, 27.984079 s, 35.9 MB/s
2026-05-15 08:40:24,576 DEBUG   1038090240 bytes (1.0 GB) copied, 29.001971 s, 35.8 MB/s
2026-05-15 08:40:24,576 DEBUG   1068498944 bytes (1.1 GB) copied, 30.016047 s, 35.6 MB/s
2026-05-15 08:40:24,576 DEBUG   1024+0 records in
2026-05-15 08:40:24,576 DEBUG   1024+0 records out
2026-05-15 08:40:24,576 DEBUG   1073741824 bytes (1.1 GB) copied, 30.0951 s, 35.7 MB/s
2026-05-15 08:40:24,576 DEBUG   OK (disk op exit 0)
2026-05-15 08:40:24,576 WARNING Guest disk op wall 33.5s (vm='ahv_ins_delete-0-260514-182517' ip=10.114.51.112 op=create ec=0) — includes SSH + guest disk command; if still high, check guest disk throughput vs. MiB settings.
2026-05-15 08:40:24,576 DEBUG [54/126] VM 40c6b345… (ahv_ins_delete-0-260514-183549) via 10.114.51.48 op=create
2026-05-15 08:40:24,576 DEBUG   remote: bash -lc 'set -e; _bs(){ printf '"'"'BULK_SNAP_T %s %s\n'"'"' "$1" "$(date +%s.%N 2>/dev/null || date +%s)"; }; _bs guest_start; _bs pipeline_start; openssl enc -aes-256-ctr -pass pass:"testing" -nosalt < /dev/zero 2>/dev/null | dd of=/root/dummy_snapshot_data_1.img bs=1M count=1024 iflag=fullblock status=progress; ec=$?; _bs pipeline_done; _bs guest_end; exit $ec'
2026-05-15 08:40:24,815 DEBUG   BULK_SNAP_T guest_start 1778801993.784580266
2026-05-15 08:40:24,815 DEBUG   BULK_SNAP_T pipeline_start 1778801993.791295199
2026-05-15 08:40:24,815 DEBUG   BULK_SNAP_T pipeline_done 1778802023.913663646
2026-05-15 08:40:24,815 DEBUG   BULK_SNAP_T guest_end 1778802023.918559346
2026-05-15 08:40:24,815 DEBUG   
2026-05-15 08:40:24,815 DEBUG   19922944 bytes (20 MB) copied, 1.149822 s, 17.3 MB/s
2026-05-15 08:40:24,815 DEBUG   33554432 bytes (34 MB) copied, 2.170816 s, 15.5 MB/s
2026-05-15 08:40:24,815 DEBUG   57671680 bytes (58 MB) copied, 3.180777 s, 18.1 MB/s
2026-05-15 08:40:24,815 DEBUG   89128960 bytes (89 MB) copied, 4.201895 s, 21.2 MB/s
2026-05-15 08:40:24,816 DEBUG   121634816 bytes (122 MB) copied, 5.202573 s, 23.4 MB/s
2026-05-15 08:40:24,816 DEBUG   162529280 bytes (163 MB) copied, 6.203679 s, 26.2 MB/s
2026-05-15 08:40:24,816 DEBUG   198180864 bytes (198 MB) copied, 7.239623 s, 27.4 MB/s
2026-05-15 08:40:24,816 DEBUG   241172480 bytes (241 MB) copied, 8.282585 s, 29.1 MB/s
2026-05-15 08:40:24,816 DEBUG   298844160 bytes (299 MB) copied, 9.289626 s, 32.2 MB/s
2026-05-15 08:40:24,816 DEBUG   362807296 bytes (363 MB) copied, 10.290605 s, 35.3 MB/s
2026-05-15 08:40:24,816 DEBUG   411041792 bytes (411 MB) copied, 11.306560 s, 36.4 MB/s
2026-05-15 08:40:24,816 DEBUG   440401920 bytes (440 MB) copied, 12.367571 s, 35.6 MB/s
2026-05-15 08:40:24,816 DEBUG   469762048 bytes (470 MB) copied, 13.380875 s, 35.1 MB/s
2026-05-15 08:40:24,816 DEBUG   498073600 bytes (498 MB) copied, 14.413578 s, 34.6 MB/s
2026-05-15 08:40:24,816 DEBUG   525336576 bytes (525 MB) copied, 15.427629 s, 34.1 MB/s
2026-05-15 08:40:24,816 DEBUG   566231040 bytes (566 MB) copied, 16.491635 s, 34.3 MB/s
2026-05-15 08:40:24,816 DEBUG   600834048 bytes (601 MB) copied, 17.502775 s, 34.3 MB/s
2026-05-15 08:40:24,816 DEBUG   637534208 bytes (638 MB) copied, 18.509588 s, 34.4 MB/s
2026-05-15 08:40:24,816 DEBUG   673185792 bytes (673 MB) copied, 19.532571 s, 34.5 MB/s
2026-05-15 08:40:24,816 DEBUG   716177408 bytes (716 MB) copied, 20.566582 s, 34.8 MB/s
2026-05-15 08:40:24,816 DEBUG   758120448 bytes (758 MB) copied, 21.572572 s, 35.1 MB/s
2026-05-15 08:40:24,816 DEBUG   796917760 bytes (797 MB) copied, 22.585564 s, 35.3 MB/s
2026-05-15 08:40:24,816 DEBUG   839909376 bytes (840 MB) copied, 23.649803 s, 35.5 MB/s
2026-05-15 08:40:24,816 DEBUG   880803840 bytes (881 MB) copied, 24.686680 s, 35.7 MB/s
2026-05-15 08:40:24,816 DEBUG   919601152 bytes (920 MB) copied, 25.719711 s, 35.8 MB/s
2026-05-15 08:40:24,816 DEBUG   954204160 bytes (954 MB) copied, 26.738606 s, 35.7 MB/s
2026-05-15 08:40:24,816 DEBUG   989855744 bytes (990 MB) copied, 27.769600 s, 35.6 MB/s
2026-05-15 08:40:24,816 DEBUG   1027604480 bytes (1.0 GB) copied, 28.776576 s, 35.7 MB/s
2026-05-15 08:40:24,816 DEBUG   1064304640 bytes (1.1 GB) copied, 29.791670 s, 35.7 MB/s
2026-05-15 08:40:24,816 DEBUG   1024+0 records in
2026-05-15 08:40:24,816 DEBUG   1024+0 records out
2026-05-15 08:40:24,816 DEBUG   1073741824 bytes (1.1 GB) copied, 30.0169 s, 35.8 MB/s
2026-05-15 08:40:24,816 DEBUG   OK (disk op exit 0)
2026-05-15 08:40:24,816 WARNING Guest disk op wall 32.3s (vm='ahv_ins_delete-0-260514-183015' ip=10.114.48.29 op=create ec=0) — includes SSH + guest disk command; if still high, check guest disk throughput vs. MiB settings.
2026-05-15 08:40:24,817 DEBUG [55/126] VM 1d2a9b9b… (ahv_ins_delete-0-260514-183555) via 10.114.48.182 op=create
2026-05-15 08:40:24,817 DEBUG   remote: bash -lc 'set -e; _bs(){ printf '"'"'BULK_SNAP_T %s %s\n'"'"' "$1" "$(date +%s.%N 2>/dev/null || date +%s)"; }; _bs guest_start; _bs pipeline_start; openssl enc -aes-256-ctr -pass pass:"testing" -nosalt < /dev/zero 2>/dev/null | dd of=/root/dummy_snapshot_data_1.img bs=1M count=1024 iflag=fullblock status=progress; ec=$?; _bs pipeline_done; _bs guest_end; exit $ec'
2026-05-15 08:40:25,318 DEBUG   BULK_SNAP_T guest_start 1778801991.809878187
2026-05-15 08:40:25,318 DEBUG   BULK_SNAP_T pipeline_start 1778801991.821236012
2026-05-15 08:40:25,318 DEBUG   BULK_SNAP_T pipeline_done 1778802023.709678833
2026-05-15 08:40:25,318 DEBUG   BULK_SNAP_T guest_end 1778802023.715239867
2026-05-15 08:40:25,318 DEBUG   
2026-05-15 08:40:25,318 DEBUG   26214400 bytes (26 MB) copied, 1.151599 s, 22.8 MB/s
2026-05-15 08:40:25,318 DEBUG   50331648 bytes (50 MB) copied, 2.155348 s, 23.4 MB/s
2026-05-15 08:40:25,318 DEBUG   82837504 bytes (83 MB) copied, 3.167419 s, 26.2 MB/s
2026-05-15 08:40:25,318 DEBUG   121634816 bytes (122 MB) copied, 4.172116 s, 29.2 MB/s
2026-05-15 08:40:25,318 DEBUG   154140672 bytes (154 MB) copied, 5.244104 s, 29.4 MB/s
2026-05-15 08:40:25,318 DEBUG   191889408 bytes (192 MB) copied, 6.264170 s, 30.6 MB/s
2026-05-15 08:40:25,318 DEBUG   228589568 bytes (229 MB) copied, 7.266242 s, 31.5 MB/s
2026-05-15 08:40:25,318 DEBUG   256901120 bytes (257 MB) copied, 8.287345 s, 31.0 MB/s
2026-05-15 08:40:25,318 DEBUG   294649856 bytes (295 MB) copied, 9.297022 s, 31.7 MB/s
2026-05-15 08:40:25,318 DEBUG   337641472 bytes (338 MB) copied, 10.316697 s, 32.7 MB/s
2026-05-15 08:40:25,318 DEBUG   376438784 bytes (376 MB) copied, 11.374335 s, 33.1 MB/s
2026-05-15 08:40:25,318 DEBUG   417333248 bytes (417 MB) copied, 12.385990 s, 33.7 MB/s
2026-05-15 08:40:25,318 DEBUG   459276288 bytes (459 MB) copied, 13.392057 s, 34.3 MB/s
2026-05-15 08:40:25,318 DEBUG   489684992 bytes (490 MB) copied, 14.397006 s, 34.0 MB/s
2026-05-15 08:40:25,318 DEBUG   516947968 bytes (517 MB) copied, 15.466988 s, 33.4 MB/s
2026-05-15 08:40:25,318 DEBUG   548405248 bytes (548 MB) copied, 16.484003 s, 33.3 MB/s
2026-05-15 08:40:25,318 DEBUG   587202560 bytes (587 MB) copied, 17.512977 s, 33.5 MB/s
2026-05-15 08:40:25,318 DEBUG   625999872 bytes (626 MB) copied, 18.516022 s, 33.8 MB/s
2026-05-15 08:40:25,318 DEBUG   659554304 bytes (660 MB) copied, 19.543049 s, 33.7 MB/s
2026-05-15 08:40:25,318 DEBUG   687865856 bytes (688 MB) copied, 20.579006 s, 33.4 MB/s
2026-05-15 08:40:25,318 DEBUG   723517440 bytes (724 MB) copied, 21.636958 s, 33.4 MB/s
2026-05-15 08:40:25,319 DEBUG   757071872 bytes (757 MB) copied, 22.663006 s, 33.4 MB/s
2026-05-15 08:40:25,319 DEBUG   791674880 bytes (792 MB) copied, 23.684333 s, 33.4 MB/s
2026-05-15 08:40:25,319 DEBUG   828375040 bytes (828 MB) copied, 24.709072 s, 33.5 MB/s
2026-05-15 08:40:25,319 DEBUG   865075200 bytes (865 MB) copied, 25.748005 s, 33.6 MB/s
2026-05-15 08:40:25,319 DEBUG   903872512 bytes (904 MB) copied, 26.757112 s, 33.8 MB/s
2026-05-15 08:40:25,319 DEBUG   940572672 bytes (941 MB) copied, 27.763459 s, 33.9 MB/s
2026-05-15 08:40:25,319 DEBUG   978321408 bytes (978 MB) copied, 28.800022 s, 34.0 MB/s
2026-05-15 08:40:25,319 DEBUG   1012924416 bytes (1.0 GB) copied, 29.813036 s, 34.0 MB/s
2026-05-15 08:40:25,319 DEBUG   1041235968 bytes (1.0 GB) copied, 30.847079 s, 33.8 MB/s
2026-05-15 08:40:25,319 DEBUG   1024+0 records in
2026-05-15 08:40:25,319 DEBUG   1024+0 records out
2026-05-15 08:40:25,319 DEBUG   1073741824 bytes (1.1 GB) copied, 31.7798 s, 33.8 MB/s
2026-05-15 08:40:25,319 DEBUG   OK (disk op exit 0)
2026-05-15 08:40:25,319 WARNING Guest disk op wall 34.5s (vm='ahv_ins_delete-0-260514-182453' ip=10.114.52.33 op=create ec=0) — includes SSH + guest disk command; if still high, check guest disk throughput vs. MiB settings.
2026-05-15 08:40:25,319 DEBUG [56/126] VM 2a86b61a… (ahv_ins_delete-0-260514-184128) via 10.114.51.75 op=create
2026-05-15 08:40:25,319 DEBUG   remote: bash -lc 'set -e; _bs(){ printf '"'"'BULK_SNAP_T %s %s\n'"'"' "$1" "$(date +%s.%N 2>/dev/null || date +%s)"; }; _bs guest_start; _bs pipeline_start; openssl enc -aes-256-ctr -pass pass:"testing" -nosalt < /dev/zero 2>/dev/null | dd of=/root/dummy_snapshot_data_1.img bs=1M count=1024 iflag=fullblock status=progress; ec=$?; _bs pipeline_done; _bs guest_end; exit $ec'
2026-05-15 08:40:28,566 DEBUG   BULK_SNAP_T guest_start 1778802001.236504284
2026-05-15 08:40:28,567 DEBUG   BULK_SNAP_T pipeline_start 1778802001.240494901
2026-05-15 08:40:28,567 DEBUG   BULK_SNAP_T pipeline_done 1778802026.929106411
2026-05-15 08:40:28,567 DEBUG   BULK_SNAP_T guest_end 1778802026.960232392
2026-05-15 08:40:28,567 DEBUG   
2026-05-15 08:40:28,567 DEBUG   20971520 bytes (21 MB) copied, 1.092489 s, 19.2 MB/s
2026-05-15 08:40:28,567 DEBUG   41943040 bytes (42 MB) copied, 2.093483 s, 20.0 MB/s
2026-05-15 08:40:28,567 DEBUG   71303168 bytes (71 MB) copied, 3.148467 s, 22.6 MB/s
2026-05-15 08:40:28,567 DEBUG   105906176 bytes (106 MB) copied, 4.168514 s, 25.4 MB/s
2026-05-15 08:40:28,567 DEBUG   134217728 bytes (134 MB) copied, 5.274877 s, 25.4 MB/s
2026-05-15 08:40:28,567 DEBUG   170917888 bytes (171 MB) copied, 6.309575 s, 27.1 MB/s
2026-05-15 08:40:28,567 DEBUG   210763776 bytes (211 MB) copied, 7.387482 s, 28.5 MB/s
2026-05-15 08:40:28,567 DEBUG   239075328 bytes (239 MB) copied, 8.429449 s, 28.4 MB/s
2026-05-15 08:40:28,567 DEBUG   273678336 bytes (274 MB) copied, 9.451455 s, 29.0 MB/s
2026-05-15 08:40:28,567 DEBUG   310378496 bytes (310 MB) copied, 10.488482 s, 29.6 MB/s
2026-05-15 08:40:28,567 DEBUG   340787200 bytes (341 MB) copied, 11.504436 s, 29.6 MB/s
2026-05-15 08:40:28,567 DEBUG   376438784 bytes (376 MB) copied, 12.570519 s, 29.9 MB/s
2026-05-15 08:40:28,567 DEBUG   424673280 bytes (425 MB) copied, 13.574527 s, 31.3 MB/s
2026-05-15 08:40:28,567 DEBUG   490733568 bytes (491 MB) copied, 14.588441 s, 33.6 MB/s
2026-05-15 08:40:28,567 DEBUG   533725184 bytes (534 MB) copied, 15.645398 s, 34.1 MB/s
2026-05-15 08:40:28,567 DEBUG   603979776 bytes (604 MB) copied, 16.671521 s, 36.2 MB/s
2026-05-15 08:40:28,567 DEBUG   650117120 bytes (650 MB) copied, 17.719421 s, 36.7 MB/s
2026-05-15 08:40:28,567 DEBUG   713031680 bytes (713 MB) copied, 18.724496 s, 38.1 MB/s
2026-05-15 08:40:28,567 DEBUG   747634688 bytes (748 MB) copied, 19.745467 s, 37.9 MB/s
2026-05-15 08:40:28,567 DEBUG   785383424 bytes (785 MB) copied, 20.767463 s, 37.8 MB/s
2026-05-15 08:40:28,567 DEBUG   849346560 bytes (849 MB) copied, 21.805646 s, 39.0 MB/s
2026-05-15 08:40:28,567 DEBUG   915406848 bytes (915 MB) copied, 22.814444 s, 40.1 MB/s
2026-05-15 08:40:28,567 DEBUG   995098624 bytes (995 MB) copied, 23.827425 s, 41.8 MB/s
2026-05-15 08:40:28,567 DEBUG   1052770304 bytes (1.1 GB) copied, 24.837781 s, 42.4 MB/s
2026-05-15 08:40:28,567 DEBUG   1024+0 records in
2026-05-15 08:40:28,567 DEBUG   1024+0 records out
2026-05-15 08:40:28,567 DEBUG   1073741824 bytes (1.1 GB) copied, 25.3485 s, 42.4 MB/s
2026-05-15 08:40:28,567 DEBUG   OK (disk op exit 0)
2026-05-15 08:40:28,567 WARNING Guest disk op wall 28.0s (vm='ahv_ins_delete-0-260514-183022' ip=10.114.53.12 op=create ec=0) — includes SSH + guest disk command; if still high, check guest disk throughput vs. MiB settings.
2026-05-15 08:40:28,568 DEBUG [57/126] VM d551cf71… (ahv_ins_delete-0-260514-184129) via 10.114.48.33 op=create
2026-05-15 08:40:28,568 DEBUG   remote: bash -lc 'set -e; _bs(){ printf '"'"'BULK_SNAP_T %s %s\n'"'"' "$1" "$(date +%s.%N 2>/dev/null || date +%s)"; }; _bs guest_start; _bs pipeline_start; openssl enc -aes-256-ctr -pass pass:"testing" -nosalt < /dev/zero 2>/dev/null | dd of=/root/dummy_snapshot_data_1.img bs=1M count=1024 iflag=fullblock status=progress; ec=$?; _bs pipeline_done; _bs guest_end; exit $ec'
2026-05-15 08:40:28,570 DEBUG   BULK_SNAP_T guest_start 1778802000.019902845
2026-05-15 08:40:28,571 DEBUG   BULK_SNAP_T pipeline_start 1778802000.029763478
2026-05-15 08:40:28,571 DEBUG   BULK_SNAP_T pipeline_done 1778802027.733897830
2026-05-15 08:40:28,571 DEBUG   BULK_SNAP_T guest_end 1778802027.739430666
2026-05-15 08:40:28,571 DEBUG   
2026-05-15 08:40:28,571 DEBUG   32505856 bytes (33 MB) copied, 1.218249 s, 26.7 MB/s
2026-05-15 08:40:28,571 DEBUG   58720256 bytes (59 MB) copied, 2.278232 s, 25.8 MB/s
2026-05-15 08:40:28,571 DEBUG   95420416 bytes (95 MB) copied, 3.332211 s, 28.6 MB/s
2026-05-15 08:40:28,571 DEBUG   141557760 bytes (142 MB) copied, 4.365108 s, 32.4 MB/s
2026-05-15 08:40:28,571 DEBUG   177209344 bytes (177 MB) copied, 5.418210 s, 32.7 MB/s
2026-05-15 08:40:28,571 DEBUG   216006656 bytes (216 MB) copied, 6.421171 s, 33.6 MB/s
2026-05-15 08:40:28,571 DEBUG   253755392 bytes (254 MB) copied, 7.429233 s, 34.2 MB/s
2026-05-15 08:40:28,571 DEBUG   288358400 bytes (288 MB) copied, 8.496095 s, 33.9 MB/s
2026-05-15 08:40:28,571 DEBUG   326107136 bytes (326 MB) copied, 9.520107 s, 34.3 MB/s
2026-05-15 08:40:28,571 DEBUG   360710144 bytes (361 MB) copied, 10.556264 s, 34.2 MB/s
2026-05-15 08:40:28,571 DEBUG   396361728 bytes (396 MB) copied, 11.575176 s, 34.2 MB/s
2026-05-15 08:40:28,571 DEBUG   425721856 bytes (426 MB) copied, 12.598173 s, 33.8 MB/s
2026-05-15 08:40:28,571 DEBUG   467664896 bytes (468 MB) copied, 13.620107 s, 34.3 MB/s
2026-05-15 08:40:28,571 DEBUG   510656512 bytes (511 MB) copied, 14.623123 s, 34.9 MB/s
2026-05-15 08:40:28,571 DEBUG   557842432 bytes (558 MB) copied, 15.644072 s, 35.7 MB/s
2026-05-15 08:40:28,571 DEBUG   609222656 bytes (609 MB) copied, 16.645139 s, 36.6 MB/s
2026-05-15 08:40:28,571 DEBUG   652214272 bytes (652 MB) copied, 17.660143 s, 36.9 MB/s
2026-05-15 08:40:28,571 DEBUG   693108736 bytes (693 MB) copied, 18.671093 s, 37.1 MB/s
2026-05-15 08:40:28,571 DEBUG   734003200 bytes (734 MB) copied, 19.678154 s, 37.3 MB/s
2026-05-15 08:40:28,571 DEBUG   772800512 bytes (773 MB) copied, 20.704087 s, 37.3 MB/s
2026-05-15 08:40:28,571 DEBUG   811597824 bytes (812 MB) copied, 21.710159 s, 37.4 MB/s
2026-05-15 08:40:28,571 DEBUG   868220928 bytes (868 MB) copied, 22.795523 s, 38.1 MB/s
2026-05-15 08:40:28,571 DEBUG   908066816 bytes (908 MB) copied, 23.873142 s, 38.0 MB/s
2026-05-15 08:40:28,571 DEBUG   948961280 bytes (949 MB) copied, 24.898110 s, 38.1 MB/s
2026-05-15 08:40:28,571 DEBUG   996147200 bytes (996 MB) copied, 25.914153 s, 38.4 MB/s
2026-05-15 08:40:28,571 DEBUG   1046478848 bytes (1.0 GB) copied, 26.949148 s, 38.8 MB/s
2026-05-15 08:40:28,571 DEBUG   1024+0 records in
2026-05-15 08:40:28,571 DEBUG   1024+0 records out
2026-05-15 08:40:28,571 DEBUG   1073741824 bytes (1.1 GB) copied, 27.5602 s, 39.0 MB/s
2026-05-15 08:40:28,571 DEBUG   OK (disk op exit 0)
2026-05-15 08:40:28,572 WARNING Guest disk op wall 30.0s (vm='ahv_ins_delete-0-260514-183021' ip=10.114.54.76 op=create ec=0) — includes SSH + guest disk command; if still high, check guest disk throughput vs. MiB settings.
2026-05-15 08:40:28,572 DEBUG [58/126] VM f1009fe6… (ahv_ins_delete-0-260514-184132) via 10.114.50.190 op=create
2026-05-15 08:40:28,572 DEBUG   remote: bash -lc 'set -e; _bs(){ printf '"'"'BULK_SNAP_T %s %s\n'"'"' "$1" "$(date +%s.%N 2>/dev/null || date +%s)"; }; _bs guest_start; _bs pipeline_start; openssl enc -aes-256-ctr -pass pass:"testing" -nosalt < /dev/zero 2>/dev/null | dd of=/root/dummy_snapshot_data_1.img bs=1M count=1024 iflag=fullblock status=progress; ec=$?; _bs pipeline_done; _bs guest_end; exit $ec'
2026-05-15 08:40:29,819 DEBUG   BULK_SNAP_T guest_start 1778802004.929754391
2026-05-15 08:40:29,819 DEBUG   BULK_SNAP_T pipeline_start 1778802004.937953650
2026-05-15 08:40:29,819 DEBUG   BULK_SNAP_T pipeline_done 1778802028.976572421
2026-05-15 08:40:29,819 DEBUG   BULK_SNAP_T guest_end 1778802028.979598682
2026-05-15 08:40:29,819 DEBUG   
2026-05-15 08:40:29,819 DEBUG   22020096 bytes (22 MB) copied, 1.155985 s, 19.0 MB/s
2026-05-15 08:40:29,819 DEBUG   44040192 bytes (44 MB) copied, 2.264051 s, 19.5 MB/s
2026-05-15 08:40:29,819 DEBUG   74448896 bytes (74 MB) copied, 3.266510 s, 22.8 MB/s
2026-05-15 08:40:29,819 DEBUG   102760448 bytes (103 MB) copied, 4.350925 s, 23.6 MB/s
2026-05-15 08:40:29,819 DEBUG   131072000 bytes (131 MB) copied, 5.400974 s, 24.3 MB/s
2026-05-15 08:40:29,819 DEBUG   160432128 bytes (160 MB) copied, 6.429570 s, 25.0 MB/s
2026-05-15 08:40:29,819 DEBUG   201326592 bytes (201 MB) copied, 7.436585 s, 27.1 MB/s
2026-05-15 08:40:29,819 DEBUG   249561088 bytes (250 MB) copied, 8.458626 s, 29.5 MB/s
2026-05-15 08:40:29,819 DEBUG   291504128 bytes (292 MB) copied, 9.464573 s, 30.8 MB/s
2026-05-15 08:40:29,819 DEBUG   341835776 bytes (342 MB) copied, 10.467835 s, 32.7 MB/s
2026-05-15 08:40:29,819 DEBUG   378535936 bytes (379 MB) copied, 11.487557 s, 33.0 MB/s
2026-05-15 08:40:29,819 DEBUG   427819008 bytes (428 MB) copied, 12.594468 s, 34.0 MB/s
2026-05-15 08:40:29,819 DEBUG   466616320 bytes (467 MB) copied, 13.619524 s, 34.3 MB/s
2026-05-15 08:40:29,819 DEBUG   514850816 bytes (515 MB) copied, 14.655512 s, 35.1 MB/s
2026-05-15 08:40:29,819 DEBUG   581959680 bytes (582 MB) copied, 15.683489 s, 37.1 MB/s
2026-05-15 08:40:29,819 DEBUG   635437056 bytes (635 MB) copied, 16.692509 s, 38.1 MB/s
2026-05-15 08:40:29,819 DEBUG   699400192 bytes (699 MB) copied, 17.700519 s, 39.5 MB/s
2026-05-15 08:40:29,819 DEBUG   749731840 bytes (750 MB) copied, 18.779522 s, 39.9 MB/s
2026-05-15 08:40:29,819 DEBUG   807403520 bytes (807 MB) copied, 19.781903 s, 40.8 MB/s
2026-05-15 08:40:29,819 DEBUG   876609536 bytes (877 MB) copied, 20.787813 s, 42.2 MB/s
2026-05-15 08:40:29,819 DEBUG   923795456 bytes (924 MB) copied, 21.832536 s, 42.3 MB/s
2026-05-15 08:40:29,819 DEBUG   991952896 bytes (992 MB) copied, 22.832596 s, 43.4 MB/s
2026-05-15 08:40:29,819 DEBUG   1065353216 bytes (1.1 GB) copied, 23.841926 s, 44.7 MB/s
2026-05-15 08:40:29,819 DEBUG   1024+0 records in
2026-05-15 08:40:29,819 DEBUG   1024+0 records out
2026-05-15 08:40:29,819 DEBUG   1073741824 bytes (1.1 GB) copied, 23.9307 s, 44.9 MB/s
2026-05-15 08:40:29,819 DEBUG   OK (disk op exit 0)
2026-05-15 08:40:29,820 WARNING Guest disk op wall 26.5s (vm='ahv_ins_delete-0-260514-183102' ip=10.114.51.38 op=create ec=0) — includes SSH + guest disk command; if still high, check guest disk throughput vs. MiB settings.
2026-05-15 08:40:29,820 DEBUG [59/126] VM 72e55ae1… (ahv_ins_delete-0-260514-184209) via 10.114.51.84 op=create
2026-05-15 08:40:29,820 DEBUG   remote: bash -lc 'set -e; _bs(){ printf '"'"'BULK_SNAP_T %s %s\n'"'"' "$1" "$(date +%s.%N 2>/dev/null || date +%s)"; }; _bs guest_start; _bs pipeline_start; openssl enc -aes-256-ctr -pass pass:"testing" -nosalt < /dev/zero 2>/dev/null | dd of=/root/dummy_snapshot_data_1.img bs=1M count=1024 iflag=fullblock status=progress; ec=$?; _bs pipeline_done; _bs guest_end; exit $ec'
2026-05-15 08:40:35,315 DEBUG   BULK_SNAP_T guest_start 1778802004.818945686
2026-05-15 08:40:35,315 DEBUG   BULK_SNAP_T pipeline_start 1778802004.824269692
2026-05-15 08:40:35,315 DEBUG   BULK_SNAP_T pipeline_done 1778802034.349819636
2026-05-15 08:40:35,315 DEBUG   BULK_SNAP_T guest_end 1778802034.367132470
2026-05-15 08:40:35,315 DEBUG   
2026-05-15 08:40:35,315 DEBUG   19922944 bytes (20 MB) copied, 1.005638 s, 19.8 MB/s
2026-05-15 08:40:35,315 DEBUG   31457280 bytes (31 MB) copied, 2.039694 s, 15.4 MB/s
2026-05-15 08:40:35,316 DEBUG   56623104 bytes (57 MB) copied, 3.048688 s, 18.6 MB/s
2026-05-15 08:40:35,316 DEBUG   83886080 bytes (84 MB) copied, 4.070905 s, 20.6 MB/s
2026-05-15 08:40:35,316 DEBUG   119537664 bytes (120 MB) copied, 5.084829 s, 23.5 MB/s
2026-05-15 08:40:35,316 DEBUG   155189248 bytes (155 MB) copied, 6.089669 s, 25.5 MB/s
2026-05-15 08:40:35,316 DEBUG   189792256 bytes (190 MB) copied, 7.128695 s, 26.6 MB/s
2026-05-15 08:40:35,316 DEBUG   226492416 bytes (226 MB) copied, 8.163730 s, 27.7 MB/s
2026-05-15 08:40:35,316 DEBUG   272629760 bytes (273 MB) copied, 9.177739 s, 29.7 MB/s
2026-05-15 08:40:35,316 DEBUG   317718528 bytes (318 MB) copied, 10.178617 s, 31.2 MB/s
2026-05-15 08:40:35,316 DEBUG   358612992 bytes (359 MB) copied, 11.182604 s, 32.1 MB/s
2026-05-15 08:40:35,316 DEBUG   398458880 bytes (398 MB) copied, 12.205697 s, 32.6 MB/s
2026-05-15 08:40:35,316 DEBUG   439353344 bytes (439 MB) copied, 13.209648 s, 33.3 MB/s
2026-05-15 08:40:35,316 DEBUG   480247808 bytes (480 MB) copied, 14.232607 s, 33.7 MB/s
2026-05-15 08:40:35,316 DEBUG   513802240 bytes (514 MB) copied, 15.258715 s, 33.7 MB/s
2026-05-15 08:40:35,316 DEBUG   551550976 bytes (552 MB) copied, 16.262598 s, 33.9 MB/s
2026-05-15 08:40:35,316 DEBUG   583008256 bytes (583 MB) copied, 17.265699 s, 33.8 MB/s
2026-05-15 08:40:35,316 DEBUG   621805568 bytes (622 MB) copied, 18.312633 s, 34.0 MB/s
2026-05-15 08:40:35,316 DEBUG   664797184 bytes (665 MB) copied, 19.344599 s, 34.4 MB/s
2026-05-15 08:40:35,316 DEBUG   708837376 bytes (709 MB) copied, 20.399746 s, 34.7 MB/s
2026-05-15 08:40:35,316 DEBUG   757071872 bytes (757 MB) copied, 21.426660 s, 35.3 MB/s
2026-05-15 08:40:35,316 DEBUG   792723456 bytes (793 MB) copied, 22.427637 s, 35.3 MB/s
2026-05-15 08:40:35,316 DEBUG   830472192 bytes (830 MB) copied, 23.437621 s, 35.4 MB/s
2026-05-15 08:40:35,316 DEBUG   876609536 bytes (877 MB) copied, 24.481619 s, 35.8 MB/s
2026-05-15 08:40:35,316 DEBUG   917504000 bytes (918 MB) copied, 25.488882 s, 36.0 MB/s
2026-05-15 08:40:35,316 DEBUG   958398464 bytes (958 MB) copied, 26.493740 s, 36.2 MB/s
2026-05-15 08:40:35,316 DEBUG   1005584384 bytes (1.0 GB) copied, 27.503663 s, 36.6 MB/s
2026-05-15 08:40:35,316 DEBUG   1039138816 bytes (1.0 GB) copied, 28.527570 s, 36.4 MB/s
2026-05-15 08:40:35,316 DEBUG   1024+0 records in
2026-05-15 08:40:35,316 DEBUG   1024+0 records out
2026-05-15 08:40:35,316 DEBUG   1073741824 bytes (1.1 GB) copied, 29.4192 s, 36.5 MB/s
2026-05-15 08:40:35,316 DEBUG   OK (disk op exit 0)
2026-05-15 08:40:35,316 WARNING Guest disk op wall 32.0s (vm='ahv_ins_delete-0-260514-183039' ip=10.114.48.164 op=create ec=0) — includes SSH + guest disk command; if still high, check guest disk throughput vs. MiB settings.
2026-05-15 08:40:35,317 DEBUG [60/126] VM 229fa1f1… (ahv_ins_delete-0-260514-184210) via 10.114.51.129 op=create
2026-05-15 08:40:35,317 DEBUG   remote: bash -lc 'set -e; _bs(){ printf '"'"'BULK_SNAP_T %s %s\n'"'"' "$1" "$(date +%s.%N 2>/dev/null || date +%s)"; }; _bs guest_start; _bs pipeline_start; openssl enc -aes-256-ctr -pass pass:"testing" -nosalt < /dev/zero 2>/dev/null | dd of=/root/dummy_snapshot_data_1.img bs=1M count=1024 iflag=fullblock status=progress; ec=$?; _bs pipeline_done; _bs guest_end; exit $ec'
2026-05-15 08:40:38,071 DEBUG   BULK_SNAP_T guest_start 1778802004.277221661
2026-05-15 08:40:38,071 DEBUG   BULK_SNAP_T pipeline_start 1778802004.281261541
2026-05-15 08:40:38,071 DEBUG   BULK_SNAP_T pipeline_done 1778802036.620917621
2026-05-15 08:40:38,071 DEBUG   BULK_SNAP_T guest_end 1778802036.628794209
2026-05-15 08:40:38,071 DEBUG   
2026-05-15 08:40:38,071 DEBUG   22020096 bytes (22 MB) copied, 1.112475 s, 19.8 MB/s
2026-05-15 08:40:38,071 DEBUG   46137344 bytes (46 MB) copied, 2.128120 s, 21.7 MB/s
2026-05-15 08:40:38,071 DEBUG   66060288 bytes (66 MB) copied, 3.198435 s, 20.7 MB/s
2026-05-15 08:40:38,071 DEBUG   88080384 bytes (88 MB) copied, 4.241703 s, 20.8 MB/s
2026-05-15 08:40:38,071 DEBUG   113246208 bytes (113 MB) copied, 5.245128 s, 21.6 MB/s
2026-05-15 08:40:38,071 DEBUG   139460608 bytes (139 MB) copied, 6.321255 s, 22.1 MB/s
2026-05-15 08:40:38,071 DEBUG   168820736 bytes (169 MB) copied, 7.363527 s, 22.9 MB/s
2026-05-15 08:40:38,071 DEBUG   200278016 bytes (200 MB) copied, 8.372186 s, 23.9 MB/s
2026-05-15 08:40:38,071 DEBUG   234881024 bytes (235 MB) copied, 9.443157 s, 24.9 MB/s
2026-05-15 08:40:38,071 DEBUG   271581184 bytes (272 MB) copied, 10.473174 s, 25.9 MB/s
2026-05-15 08:40:38,071 DEBUG   305135616 bytes (305 MB) copied, 11.507784 s, 26.5 MB/s
2026-05-15 08:40:38,071 DEBUG   349175808 bytes (349 MB) copied, 12.534209 s, 27.9 MB/s
2026-05-15 08:40:38,071 DEBUG   380633088 bytes (381 MB) copied, 13.555093 s, 28.1 MB/s
2026-05-15 08:40:38,071 DEBUG   414187520 bytes (414 MB) copied, 14.592129 s, 28.4 MB/s
2026-05-15 08:40:38,071 DEBUG   444596224 bytes (445 MB) copied, 15.596142 s, 28.5 MB/s
2026-05-15 08:40:38,071 DEBUG   479199232 bytes (479 MB) copied, 16.605179 s, 28.9 MB/s
2026-05-15 08:40:38,071 DEBUG   516947968 bytes (517 MB) copied, 17.628097 s, 29.3 MB/s
2026-05-15 08:40:38,071 DEBUG   548405248 bytes (548 MB) copied, 18.638110 s, 29.4 MB/s
2026-05-15 08:40:38,071 DEBUG   586153984 bytes (586 MB) copied, 19.643109 s, 29.8 MB/s
2026-05-15 08:40:38,071 DEBUG   619708416 bytes (620 MB) copied, 20.678130 s, 30.0 MB/s
2026-05-15 08:40:38,071 DEBUG   660602880 bytes (661 MB) copied, 21.698266 s, 30.4 MB/s
2026-05-15 08:40:38,071 DEBUG   697303040 bytes (697 MB) copied, 22.709132 s, 30.7 MB/s
2026-05-15 08:40:38,072 DEBUG   740294656 bytes (740 MB) copied, 23.714238 s, 31.2 MB/s
2026-05-15 08:40:38,072 DEBUG   791674880 bytes (792 MB) copied, 24.805439 s, 31.9 MB/s
2026-05-15 08:40:38,072 DEBUG   838860800 bytes (839 MB) copied, 25.816467 s, 32.5 MB/s
2026-05-15 08:40:38,072 DEBUG   883949568 bytes (884 MB) copied, 26.824131 s, 33.0 MB/s
2026-05-15 08:40:38,072 DEBUG   920649728 bytes (921 MB) copied, 27.834602 s, 33.1 MB/s
2026-05-15 08:40:38,072 DEBUG   958398464 bytes (958 MB) copied, 28.841207 s, 33.2 MB/s
2026-05-15 08:40:38,072 DEBUG   989855744 bytes (990 MB) copied, 29.843107 s, 33.2 MB/s
2026-05-15 08:40:38,072 DEBUG   1025507328 bytes (1.0 GB) copied, 30.879097 s, 33.2 MB/s
2026-05-15 08:40:38,072 DEBUG   1063256064 bytes (1.1 GB) copied, 31.884176 s, 33.3 MB/s
2026-05-15 08:40:38,072 DEBUG   1024+0 records in
2026-05-15 08:40:38,072 DEBUG   1024+0 records out
2026-05-15 08:40:38,072 DEBUG   1073741824 bytes (1.1 GB) copied, 32.2356 s, 33.3 MB/s
2026-05-15 08:40:38,072 DEBUG   OK (disk op exit 0)
2026-05-15 08:40:38,072 WARNING Guest disk op wall 34.5s (vm='ahv_ins_delete-0-260514-183534' ip=10.114.50.246 op=create ec=0) — includes SSH + guest disk command; if still high, check guest disk throughput vs. MiB settings.
2026-05-15 08:40:38,072 DEBUG [61/126] VM 17224b0e… (ahv_ins_delete-0-260514-184641) via 10.114.50.232 op=create
2026-05-15 08:40:38,072 DEBUG   remote: bash -lc 'set -e; _bs(){ printf '"'"'BULK_SNAP_T %s %s\n'"'"' "$1" "$(date +%s.%N 2>/dev/null || date +%s)"; }; _bs guest_start; _bs pipeline_start; openssl enc -aes-256-ctr -pass pass:"testing" -nosalt < /dev/zero 2>/dev/null | dd of=/root/dummy_snapshot_data_1.img bs=1M count=1024 iflag=fullblock status=progress; ec=$?; _bs pipeline_done; _bs guest_end; exit $ec'
2026-05-15 08:40:39,826 DEBUG   BULK_SNAP_T guest_start 1778802015.740009683
2026-05-15 08:40:39,827 DEBUG   BULK_SNAP_T pipeline_start 1778802015.749233968
2026-05-15 08:40:39,827 DEBUG   BULK_SNAP_T pipeline_done 1778802038.739692725
2026-05-15 08:40:39,827 DEBUG   BULK_SNAP_T guest_end 1778802038.747708407
2026-05-15 08:40:39,827 DEBUG   
2026-05-15 08:40:39,827 DEBUG   18874368 bytes (19 MB) copied, 1.089915 s, 17.3 MB/s
2026-05-15 08:40:39,827 DEBUG   41943040 bytes (42 MB) copied, 2.246901 s, 18.7 MB/s
2026-05-15 08:40:39,827 DEBUG   70254592 bytes (70 MB) copied, 3.279989 s, 21.4 MB/s
2026-05-15 08:40:39,827 DEBUG   101711872 bytes (102 MB) copied, 4.288947 s, 23.7 MB/s
2026-05-15 08:40:39,827 DEBUG   136314880 bytes (136 MB) copied, 5.352994 s, 25.5 MB/s
2026-05-15 08:40:39,827 DEBUG   171966464 bytes (172 MB) copied, 6.355809 s, 27.1 MB/s
2026-05-15 08:40:39,827 DEBUG   208666624 bytes (209 MB) copied, 7.366782 s, 28.3 MB/s
2026-05-15 08:40:39,827 DEBUG   248512512 bytes (249 MB) copied, 8.379843 s, 29.7 MB/s
2026-05-15 08:40:39,827 DEBUG   301989888 bytes (302 MB) copied, 9.389794 s, 32.2 MB/s
2026-05-15 08:40:39,827 DEBUG   350224384 bytes (350 MB) copied, 10.426823 s, 33.6 MB/s
2026-05-15 08:40:39,827 DEBUG   400556032 bytes (401 MB) copied, 11.432128 s, 35.0 MB/s
2026-05-15 08:40:39,827 DEBUG   466616320 bytes (467 MB) copied, 12.433323 s, 37.5 MB/s
2026-05-15 08:40:39,827 DEBUG   527433728 bytes (527 MB) copied, 13.436718 s, 39.3 MB/s
2026-05-15 08:40:39,827 DEBUG   595591168 bytes (596 MB) copied, 14.441805 s, 41.2 MB/s
2026-05-15 08:40:39,827 DEBUG   659554304 bytes (660 MB) copied, 15.443081 s, 42.7 MB/s
2026-05-15 08:40:39,827 DEBUG   708837376 bytes (709 MB) copied, 16.487775 s, 43.0 MB/s
2026-05-15 08:40:39,827 DEBUG   740294656 bytes (740 MB) copied, 17.509742 s, 42.3 MB/s
2026-05-15 08:40:39,827 DEBUG   811597824 bytes (812 MB) copied, 18.527702 s, 43.8 MB/s
2026-05-15 08:40:39,827 DEBUG   880803840 bytes (881 MB) copied, 19.537719 s, 45.1 MB/s
2026-05-15 08:40:39,827 DEBUG   935329792 bytes (935 MB) copied, 20.543843 s, 45.5 MB/s
2026-05-15 08:40:39,828 DEBUG   991952896 bytes (992 MB) copied, 21.621835 s, 45.9 MB/s
2026-05-15 08:40:39,828 DEBUG   1064304640 bytes (1.1 GB) copied, 22.626705 s, 47.0 MB/s
2026-05-15 08:40:39,828 DEBUG   1024+0 records in
2026-05-15 08:40:39,828 DEBUG   1024+0 records out
2026-05-15 08:40:39,828 DEBUG   1073741824 bytes (1.1 GB) copied, 22.7818 s, 47.1 MB/s
2026-05-15 08:40:39,828 DEBUG   OK (disk op exit 0)
2026-05-15 08:40:39,828 WARNING Guest disk op wall 25.0s (vm='ahv_ins_delete-0-260514-183544' ip=10.114.49.170 op=create ec=0) — includes SSH + guest disk command; if still high, check guest disk throughput vs. MiB settings.
2026-05-15 08:40:39,828 DEBUG [62/126] VM e0ce1db9… (ahv_ins_delete-0-260514-184710) via 10.114.51.246 op=create
2026-05-15 08:40:39,828 DEBUG   remote: bash -lc 'set -e; _bs(){ printf '"'"'BULK_SNAP_T %s %s\n'"'"' "$1" "$(date +%s.%N 2>/dev/null || date +%s)"; }; _bs guest_start; _bs pipeline_start; openssl enc -aes-256-ctr -pass pass:"testing" -nosalt < /dev/zero 2>/dev/null | dd of=/root/dummy_snapshot_data_1.img bs=1M count=1024 iflag=fullblock status=progress; ec=$?; _bs pipeline_done; _bs guest_end; exit $ec'
2026-05-15 08:40:49,589 DEBUG   BULK_SNAP_T guest_start 1778802025.287254580
2026-05-15 08:40:49,590 DEBUG   BULK_SNAP_T pipeline_start 1778802025.291020077
2026-05-15 08:40:49,590 DEBUG   BULK_SNAP_T pipeline_done 1778802047.960559480
2026-05-15 08:40:49,590 DEBUG   BULK_SNAP_T guest_end 1778802047.970804139
2026-05-15 08:40:49,590 DEBUG   
2026-05-15 08:40:49,590 DEBUG   17825792 bytes (18 MB) copied, 1.082835 s, 16.5 MB/s
2026-05-15 08:40:49,590 DEBUG   41943040 bytes (42 MB) copied, 2.247276 s, 18.7 MB/s
2026-05-15 08:40:49,590 DEBUG   72351744 bytes (72 MB) copied, 3.247418 s, 22.3 MB/s
2026-05-15 08:40:49,590 DEBUG   114294784 bytes (114 MB) copied, 4.277209 s, 26.7 MB/s
2026-05-15 08:40:49,590 DEBUG   149946368 bytes (150 MB) copied, 5.293367 s, 28.3 MB/s
2026-05-15 08:40:49,590 DEBUG   183500800 bytes (184 MB) copied, 6.325108 s, 29.0 MB/s
2026-05-15 08:40:49,590 DEBUG   244318208 bytes (244 MB) copied, 7.335240 s, 33.3 MB/s
2026-05-15 08:40:49,590 DEBUG   274726912 bytes (275 MB) copied, 8.366164 s, 32.8 MB/s
2026-05-15 08:40:49,590 DEBUG   313524224 bytes (314 MB) copied, 9.376118 s, 33.4 MB/s
2026-05-15 08:40:49,590 DEBUG   374341632 bytes (374 MB) copied, 10.380348 s, 36.1 MB/s
2026-05-15 08:40:49,590 DEBUG   440401920 bytes (440 MB) copied, 11.392169 s, 38.7 MB/s
2026-05-15 08:40:49,590 DEBUG   504365056 bytes (504 MB) copied, 12.452152 s, 40.5 MB/s
2026-05-15 08:40:49,590 DEBUG   567279616 bytes (567 MB) copied, 13.457157 s, 42.2 MB/s
2026-05-15 08:40:49,590 DEBUG   636485632 bytes (636 MB) copied, 14.457228 s, 44.0 MB/s
2026-05-15 08:40:49,590 DEBUG   702545920 bytes (703 MB) copied, 15.507196 s, 45.3 MB/s
2026-05-15 08:40:49,590 DEBUG   754974720 bytes (755 MB) copied, 16.521135 s, 45.7 MB/s
2026-05-15 08:40:49,590 DEBUG   796917760 bytes (797 MB) copied, 17.529546 s, 45.5 MB/s
2026-05-15 08:40:49,590 DEBUG   851443712 bytes (851 MB) copied, 18.531271 s, 45.9 MB/s
2026-05-15 08:40:49,590 DEBUG   915406848 bytes (915 MB) copied, 19.545248 s, 46.8 MB/s
2026-05-15 08:40:49,590 DEBUG   960495616 bytes (960 MB) copied, 20.600160 s, 46.6 MB/s
2026-05-15 08:40:49,590 DEBUG   1023410176 bytes (1.0 GB) copied, 21.621286 s, 47.3 MB/s
2026-05-15 08:40:49,590 DEBUG   1024+0 records in
2026-05-15 08:40:49,590 DEBUG   1024+0 records out
2026-05-15 08:40:49,590 DEBUG   1073741824 bytes (1.1 GB) copied, 22.5427 s, 47.6 MB/s
2026-05-15 08:40:49,590 DEBUG   OK (disk op exit 0)
2026-05-15 08:40:49,590 WARNING Guest disk op wall 25.0s (vm='ahv_ins_delete-0-260514-183549' ip=10.114.51.48 op=create ec=0) — includes SSH + guest disk command; if still high, check guest disk throughput vs. MiB settings.
2026-05-15 08:40:49,591 DEBUG [63/126] VM a9e11a2b… (ahv_ins_delete-0-260514-184712) via 10.114.50.103 op=create
2026-05-15 08:40:49,591 DEBUG   remote: bash -lc 'set -e; _bs(){ printf '"'"'BULK_SNAP_T %s %s\n'"'"' "$1" "$(date +%s.%N 2>/dev/null || date +%s)"; }; _bs guest_start; _bs pipeline_start; openssl enc -aes-256-ctr -pass pass:"testing" -nosalt < /dev/zero 2>/dev/null | dd of=/root/dummy_snapshot_data_1.img bs=1M count=1024 iflag=fullblock status=progress; ec=$?; _bs pipeline_done; _bs guest_end; exit $ec'
2026-05-15 08:40:49,826 DEBUG   BULK_SNAP_T guest_start 1778802014.134016626
2026-05-15 08:40:49,827 DEBUG   BULK_SNAP_T pipeline_start 1778802014.142031369
2026-05-15 08:40:49,827 DEBUG   BULK_SNAP_T pipeline_done 1778802048.337403071
2026-05-15 08:40:49,827 DEBUG   BULK_SNAP_T guest_end 1778802048.342913209
2026-05-15 08:40:49,827 DEBUG   
2026-05-15 08:40:49,827 DEBUG   24117248 bytes (24 MB) copied, 1.100778 s, 21.9 MB/s
2026-05-15 08:40:49,827 DEBUG   49283072 bytes (49 MB) copied, 2.104402 s, 23.4 MB/s
2026-05-15 08:40:49,827 DEBUG   79691776 bytes (80 MB) copied, 3.165712 s, 25.2 MB/s
2026-05-15 08:40:49,827 DEBUG   117440512 bytes (117 MB) copied, 4.204405 s, 27.9 MB/s
2026-05-15 08:40:49,827 DEBUG   147849216 bytes (148 MB) copied, 5.236451 s, 28.2 MB/s
2026-05-15 08:40:49,827 DEBUG   180355072 bytes (180 MB) copied, 6.242532 s, 28.9 MB/s
2026-05-15 08:40:49,827 DEBUG   207618048 bytes (208 MB) copied, 7.290392 s, 28.5 MB/s
2026-05-15 08:40:49,827 DEBUG   233832448 bytes (234 MB) copied, 8.307458 s, 28.1 MB/s
2026-05-15 08:40:49,827 DEBUG   265289728 bytes (265 MB) copied, 9.315363 s, 28.5 MB/s
2026-05-15 08:40:49,827 DEBUG   298844160 bytes (299 MB) copied, 10.315394 s, 29.0 MB/s
2026-05-15 08:40:49,827 DEBUG   338690048 bytes (339 MB) copied, 11.375443 s, 29.8 MB/s
2026-05-15 08:40:49,827 DEBUG   375390208 bytes (375 MB) copied, 12.401441 s, 30.3 MB/s
2026-05-15 08:40:49,827 DEBUG   406847488 bytes (407 MB) copied, 13.424468 s, 30.3 MB/s
2026-05-15 08:40:49,827 DEBUG   445644800 bytes (446 MB) copied, 14.428461 s, 30.9 MB/s
2026-05-15 08:40:49,827 DEBUG   488636416 bytes (489 MB) copied, 15.431500 s, 31.7 MB/s
2026-05-15 08:40:49,827 DEBUG   521142272 bytes (521 MB) copied, 16.442394 s, 31.7 MB/s
2026-05-15 08:40:49,827 DEBUG   560988160 bytes (561 MB) copied, 17.443445 s, 32.2 MB/s
2026-05-15 08:40:49,827 DEBUG   592445440 bytes (592 MB) copied, 18.500527 s, 32.0 MB/s
2026-05-15 08:40:49,827 DEBUG   629145600 bytes (629 MB) copied, 19.511509 s, 32.2 MB/s
2026-05-15 08:40:49,827 DEBUG   670040064 bytes (670 MB) copied, 20.579390 s, 32.6 MB/s
2026-05-15 08:40:49,827 DEBUG   699400192 bytes (699 MB) copied, 21.591339 s, 32.4 MB/s
2026-05-15 08:40:49,827 DEBUG   726663168 bytes (727 MB) copied, 22.603404 s, 32.1 MB/s
2026-05-15 08:40:49,827 DEBUG   760217600 bytes (760 MB) copied, 23.644410 s, 32.2 MB/s
2026-05-15 08:40:49,827 DEBUG   790626304 bytes (791 MB) copied, 24.691383 s, 32.0 MB/s
2026-05-15 08:40:49,827 DEBUG   823132160 bytes (823 MB) copied, 25.708372 s, 32.0 MB/s
2026-05-15 08:40:49,827 DEBUG   852492288 bytes (852 MB) copied, 26.766604 s, 31.8 MB/s
2026-05-15 08:40:49,827 DEBUG   889192448 bytes (889 MB) copied, 27.787362 s, 32.0 MB/s
2026-05-15 08:40:49,827 DEBUG   924844032 bytes (925 MB) copied, 28.791469 s, 32.1 MB/s
2026-05-15 08:40:49,827 DEBUG   954204160 bytes (954 MB) copied, 29.798444 s, 32.0 MB/s
2026-05-15 08:40:49,827 DEBUG   978321408 bytes (978 MB) copied, 30.801709 s, 31.8 MB/s
2026-05-15 08:40:49,827 DEBUG   1008730112 bytes (1.0 GB) copied, 31.857360 s, 31.7 MB/s
2026-05-15 08:40:49,827 DEBUG   1035993088 bytes (1.0 GB) copied, 32.887549 s, 31.5 MB/s
2026-05-15 08:40:49,827 DEBUG   1066401792 bytes (1.1 GB) copied, 33.895423 s, 31.5 MB/s
2026-05-15 08:40:49,827 DEBUG   1024+0 records in
2026-05-15 08:40:49,827 DEBUG   1024+0 records out
2026-05-15 08:40:49,827 DEBUG   1073741824 bytes (1.1 GB) copied, 34.0973 s, 31.5 MB/s
2026-05-15 08:40:49,827 DEBUG   OK (disk op exit 0)
2026-05-15 08:40:49,827 WARNING Guest disk op wall 36.3s (vm='ahv_ins_delete-0-260514-183539' ip=10.114.53.62 op=create ec=0) — includes SSH + guest disk command; if still high, check guest disk throughput vs. MiB settings.
2026-05-15 08:40:49,828 DEBUG [64/126] VM 85c4e3b7… (ahv_ins_delete-0-260514-184721) via 10.114.53.82 op=create
2026-05-15 08:40:49,828 DEBUG   remote: bash -lc 'set -e; _bs(){ printf '"'"'BULK_SNAP_T %s %s\n'"'"' "$1" "$(date +%s.%N 2>/dev/null || date +%s)"; }; _bs guest_start; _bs pipeline_start; openssl enc -aes-256-ctr -pass pass:"testing" -nosalt < /dev/zero 2>/dev/null | dd of=/root/dummy_snapshot_data_1.img bs=1M count=1024 iflag=fullblock status=progress; ec=$?; _bs pipeline_done; _bs guest_end; exit $ec'
2026-05-15 08:40:53,333 DEBUG   BULK_SNAP_T guest_start 1778802025.626393291
2026-05-15 08:40:53,333 DEBUG   BULK_SNAP_T pipeline_start 1778802025.630176670
2026-05-15 08:40:53,333 DEBUG   BULK_SNAP_T pipeline_done 1778802052.100115311
2026-05-15 08:40:53,333 DEBUG   BULK_SNAP_T guest_end 1778802052.109183843
2026-05-15 08:40:53,333 DEBUG   
2026-05-15 08:40:53,333 DEBUG   24117248 bytes (24 MB) copied, 1.042998 s, 23.1 MB/s
2026-05-15 08:40:53,333 DEBUG   48234496 bytes (48 MB) copied, 2.045808 s, 23.6 MB/s
2026-05-15 08:40:53,333 DEBUG   82837504 bytes (83 MB) copied, 3.131045 s, 26.5 MB/s
2026-05-15 08:40:53,333 DEBUG   124780544 bytes (125 MB) copied, 4.136836 s, 30.2 MB/s
2026-05-15 08:40:53,333 DEBUG   167772160 bytes (168 MB) copied, 5.139949 s, 32.6 MB/s
2026-05-15 08:40:53,333 DEBUG   210763776 bytes (211 MB) copied, 6.165793 s, 34.2 MB/s
2026-05-15 08:40:53,333 DEBUG   250609664 bytes (251 MB) copied, 7.170627 s, 34.9 MB/s
2026-05-15 08:40:53,333 DEBUG   285212672 bytes (285 MB) copied, 8.170668 s, 34.9 MB/s
2026-05-15 08:40:53,333 DEBUG   317718528 bytes (318 MB) copied, 9.172734 s, 34.6 MB/s
2026-05-15 08:40:53,333 DEBUG   353370112 bytes (353 MB) copied, 10.173660 s, 34.7 MB/s
2026-05-15 08:40:53,333 DEBUG   387973120 bytes (388 MB) copied, 11.221749 s, 34.6 MB/s
2026-05-15 08:40:53,333 DEBUG   423624704 bytes (424 MB) copied, 12.236666 s, 34.6 MB/s
2026-05-15 08:40:53,333 DEBUG   457179136 bytes (457 MB) copied, 13.256729 s, 34.5 MB/s
2026-05-15 08:40:53,333 DEBUG   491782144 bytes (492 MB) copied, 14.259184 s, 34.5 MB/s
2026-05-15 08:40:53,333 DEBUG   533725184 bytes (534 MB) copied, 15.269713 s, 35.0 MB/s
2026-05-15 08:40:53,333 DEBUG   594542592 bytes (595 MB) copied, 16.273058 s, 36.5 MB/s
2026-05-15 08:40:53,333 DEBUG   634388480 bytes (634 MB) copied, 17.282703 s, 36.7 MB/s
2026-05-15 08:40:53,333 DEBUG   680525824 bytes (681 MB) copied, 18.288647 s, 37.2 MB/s
2026-05-15 08:40:53,333 DEBUG   727711744 bytes (728 MB) copied, 19.290119 s, 37.7 MB/s
2026-05-15 08:40:53,333 DEBUG   769654784 bytes (770 MB) copied, 20.319693 s, 37.9 MB/s
2026-05-15 08:40:53,333 DEBUG   799014912 bytes (799 MB) copied, 21.324726 s, 37.5 MB/s
2026-05-15 08:40:53,334 DEBUG   846200832 bytes (846 MB) copied, 22.326614 s, 37.9 MB/s
2026-05-15 08:40:53,334 DEBUG   902823936 bytes (903 MB) copied, 23.328668 s, 38.7 MB/s
2026-05-15 08:40:53,334 DEBUG   951058432 bytes (951 MB) copied, 24.350684 s, 39.1 MB/s
2026-05-15 08:40:53,334 DEBUG   1013972992 bytes (1.0 GB) copied, 25.353693 s, 40.0 MB/s
2026-05-15 08:40:53,334 DEBUG   1024+0 records in
2026-05-15 08:40:53,334 DEBUG   1024+0 records out
2026-05-15 08:40:53,334 DEBUG   1073741824 bytes (1.1 GB) copied, 26.336 s, 40.8 MB/s
2026-05-15 08:40:53,334 DEBUG   OK (disk op exit 0)
2026-05-15 08:40:53,334 WARNING Guest disk op wall 28.5s (vm='ahv_ins_delete-0-260514-183555' ip=10.114.48.182 op=create ec=0) — includes SSH + guest disk command; if still high, check guest disk throughput vs. MiB settings.
2026-05-15 08:40:53,334 DEBUG [65/126] VM 10995d2b… (ahv_ins_delete-0-260514-184724) via 10.114.50.30 op=create
2026-05-15 08:40:53,334 DEBUG   remote: bash -lc 'set -e; _bs(){ printf '"'"'BULK_SNAP_T %s %s\n'"'"' "$1" "$(date +%s.%N 2>/dev/null || date +%s)"; }; _bs guest_start; _bs pipeline_start; openssl enc -aes-256-ctr -pass pass:"testing" -nosalt < /dev/zero 2>/dev/null | dd of=/root/dummy_snapshot_data_1.img bs=1M count=1024 iflag=fullblock status=progress; ec=$?; _bs pipeline_done; _bs guest_end; exit $ec'
2026-05-15 08:40:56,083 DEBUG   BULK_SNAP_T guest_start 1778802028.932294308
2026-05-15 08:40:56,084 DEBUG   BULK_SNAP_T pipeline_start 1778802028.939159406
2026-05-15 08:40:56,084 DEBUG   BULK_SNAP_T pipeline_done 1778802054.773333299
2026-05-15 08:40:56,084 DEBUG   BULK_SNAP_T guest_end 1778802054.777545885
2026-05-15 08:40:56,084 DEBUG   
2026-05-15 08:40:56,084 DEBUG   25165824 bytes (25 MB) copied, 1.159929 s, 21.7 MB/s
2026-05-15 08:40:56,084 DEBUG   52428800 bytes (52 MB) copied, 2.286104 s, 22.9 MB/s
2026-05-15 08:40:56,084 DEBUG   84934656 bytes (85 MB) copied, 3.340613 s, 25.4 MB/s
2026-05-15 08:40:56,084 DEBUG   120586240 bytes (121 MB) copied, 4.358523 s, 27.7 MB/s
2026-05-15 08:40:56,084 DEBUG   147849216 bytes (148 MB) copied, 5.365588 s, 27.6 MB/s
2026-05-15 08:40:56,084 DEBUG   179306496 bytes (179 MB) copied, 6.377627 s, 28.1 MB/s
2026-05-15 08:40:56,084 DEBUG   210763776 bytes (211 MB) copied, 7.414461 s, 28.4 MB/s
2026-05-15 08:40:56,084 DEBUG   243269632 bytes (243 MB) copied, 8.423685 s, 28.9 MB/s
2026-05-15 08:40:56,084 DEBUG   285212672 bytes (285 MB) copied, 9.538650 s, 29.9 MB/s
2026-05-15 08:40:56,084 DEBUG   322961408 bytes (323 MB) copied, 10.550711 s, 30.6 MB/s
2026-05-15 08:40:56,084 DEBUG   374341632 bytes (374 MB) copied, 11.587479 s, 32.3 MB/s
2026-05-15 08:40:56,084 DEBUG   415236096 bytes (415 MB) copied, 12.620497 s, 32.9 MB/s
2026-05-15 08:40:56,084 DEBUG   468713472 bytes (469 MB) copied, 13.635492 s, 34.4 MB/s
2026-05-15 08:40:56,084 DEBUG   508559360 bytes (509 MB) copied, 14.688759 s, 34.6 MB/s
2026-05-15 08:40:56,084 DEBUG   568328192 bytes (568 MB) copied, 15.733897 s, 36.1 MB/s
2026-05-15 08:40:56,084 DEBUG   633339904 bytes (633 MB) copied, 16.791943 s, 37.7 MB/s
2026-05-15 08:40:56,084 DEBUG   685768704 bytes (686 MB) copied, 17.794429 s, 38.5 MB/s
2026-05-15 08:40:56,084 DEBUG   732954624 bytes (733 MB) copied, 18.794473 s, 39.0 MB/s
2026-05-15 08:40:56,084 DEBUG   782237696 bytes (782 MB) copied, 19.796753 s, 39.5 MB/s
2026-05-15 08:40:56,084 DEBUG   827326464 bytes (827 MB) copied, 20.797950 s, 39.8 MB/s
2026-05-15 08:40:56,084 DEBUG   878706688 bytes (879 MB) copied, 21.805591 s, 40.3 MB/s
2026-05-15 08:40:56,084 DEBUG   924844032 bytes (925 MB) copied, 22.831496 s, 40.5 MB/s
2026-05-15 08:40:56,084 DEBUG   977272832 bytes (977 MB) copied, 23.842560 s, 41.0 MB/s
2026-05-15 08:40:56,084 DEBUG   1028653056 bytes (1.0 GB) copied, 24.844494 s, 41.4 MB/s
2026-05-15 08:40:56,084 DEBUG   1024+0 records in
2026-05-15 08:40:56,084 DEBUG   1024+0 records out
2026-05-15 08:40:56,084 DEBUG   1073741824 bytes (1.1 GB) copied, 25.681 s, 41.8 MB/s
2026-05-15 08:40:56,084 DEBUG   OK (disk op exit 0)
2026-05-15 08:40:56,085 WARNING Guest disk op wall 27.5s (vm='ahv_ins_delete-0-260514-184129' ip=10.114.48.33 op=create ec=0) — includes SSH + guest disk command; if still high, check guest disk throughput vs. MiB settings.
2026-05-15 08:40:56,085 DEBUG [66/126] VM 4d6aaf76… (ahv_ins_delete-0-260514-185233) via 10.114.50.25 op=create
2026-05-15 08:40:56,085 DEBUG   remote: bash -lc 'set -e; _bs(){ printf '"'"'BULK_SNAP_T %s %s\n'"'"' "$1" "$(date +%s.%N 2>/dev/null || date +%s)"; }; _bs guest_start; _bs pipeline_start; openssl enc -aes-256-ctr -pass pass:"testing" -nosalt < /dev/zero 2>/dev/null | dd of=/root/dummy_snapshot_data_1.img bs=1M count=1024 iflag=fullblock status=progress; ec=$?; _bs pipeline_done; _bs guest_end; exit $ec'
2026-05-15 08:40:59,336 DEBUG   BULK_SNAP_T guest_start 1778802025.780520791
2026-05-15 08:40:59,336 DEBUG   BULK_SNAP_T pipeline_start 1778802025.787947468
2026-05-15 08:40:59,337 DEBUG   BULK_SNAP_T pipeline_done 1778802058.098090465
2026-05-15 08:40:59,337 DEBUG   BULK_SNAP_T guest_end 1778802058.102425326
2026-05-15 08:40:59,337 DEBUG   
2026-05-15 08:40:59,337 DEBUG   16777216 bytes (17 MB) copied, 1.049334 s, 16.0 MB/s
2026-05-15 08:40:59,337 DEBUG   35651584 bytes (36 MB) copied, 2.208987 s, 16.1 MB/s
2026-05-15 08:40:59,337 DEBUG   65011712 bytes (65 MB) copied, 3.304064 s, 19.7 MB/s
2026-05-15 08:40:59,337 DEBUG   99614720 bytes (100 MB) copied, 4.401169 s, 22.6 MB/s
2026-05-15 08:40:59,337 DEBUG   137363456 bytes (137 MB) copied, 5.411144 s, 25.4 MB/s
2026-05-15 08:40:59,337 DEBUG   169869312 bytes (170 MB) copied, 6.469091 s, 26.3 MB/s
2026-05-15 08:40:59,337 DEBUG   214958080 bytes (215 MB) copied, 7.473134 s, 28.8 MB/s
2026-05-15 08:40:59,337 DEBUG   249561088 bytes (250 MB) copied, 8.479259 s, 29.4 MB/s
2026-05-15 08:40:59,337 DEBUG   279969792 bytes (280 MB) copied, 9.486431 s, 29.5 MB/s
2026-05-15 08:40:59,337 DEBUG   312475648 bytes (312 MB) copied, 10.487070 s, 29.8 MB/s
2026-05-15 08:40:59,337 DEBUG   364904448 bytes (365 MB) copied, 11.501278 s, 31.7 MB/s
2026-05-15 08:40:59,337 DEBUG   402653184 bytes (403 MB) copied, 12.506087 s, 32.2 MB/s
2026-05-15 08:40:59,337 DEBUG   443547648 bytes (444 MB) copied, 13.509327 s, 32.8 MB/s
2026-05-15 08:40:59,337 DEBUG   487587840 bytes (488 MB) copied, 14.510368 s, 33.6 MB/s
2026-05-15 08:40:59,337 DEBUG   525336576 bytes (525 MB) copied, 15.517687 s, 33.9 MB/s
2026-05-15 08:40:59,337 DEBUG   559939584 bytes (560 MB) copied, 16.524349 s, 33.9 MB/s
2026-05-15 08:40:59,337 DEBUG   599785472 bytes (600 MB) copied, 17.562065 s, 34.2 MB/s
2026-05-15 08:40:59,337 DEBUG   627048448 bytes (627 MB) copied, 18.593989 s, 33.7 MB/s
2026-05-15 08:40:59,337 DEBUG   655360000 bytes (655 MB) copied, 19.628351 s, 33.4 MB/s
2026-05-15 08:40:59,337 DEBUG   688914432 bytes (689 MB) copied, 20.641316 s, 33.4 MB/s
2026-05-15 08:40:59,337 DEBUG   725614592 bytes (726 MB) copied, 21.720580 s, 33.4 MB/s
2026-05-15 08:40:59,337 DEBUG   758120448 bytes (758 MB) copied, 22.781520 s, 33.3 MB/s
2026-05-15 08:40:59,337 DEBUG   792723456 bytes (793 MB) copied, 23.824307 s, 33.3 MB/s
2026-05-15 08:40:59,337 DEBUG   828375040 bytes (828 MB) copied, 24.824570 s, 33.4 MB/s
2026-05-15 08:40:59,337 DEBUG   864026624 bytes (864 MB) copied, 25.828273 s, 33.5 MB/s
2026-05-15 08:40:59,337 DEBUG   902823936 bytes (903 MB) copied, 26.848465 s, 33.6 MB/s
2026-05-15 08:40:59,337 DEBUG   939524096 bytes (940 MB) copied, 27.884084 s, 33.7 MB/s
2026-05-15 08:40:59,337 DEBUG   970981376 bytes (971 MB) copied, 28.901276 s, 33.6 MB/s
2026-05-15 08:40:59,337 DEBUG   1004535808 bytes (1.0 GB) copied, 29.912219 s, 33.6 MB/s
2026-05-15 08:40:59,337 DEBUG   1038090240 bytes (1.0 GB) copied, 30.958996 s, 33.5 MB/s
2026-05-15 08:40:59,337 DEBUG   1067450368 bytes (1.1 GB) copied, 31.965114 s, 33.4 MB/s
2026-05-15 08:40:59,337 DEBUG   1024+0 records in
2026-05-15 08:40:59,337 DEBUG   1024+0 records out
2026-05-15 08:40:59,337 DEBUG   1073741824 bytes (1.1 GB) copied, 32.2053 s, 33.3 MB/s
2026-05-15 08:40:59,337 DEBUG   OK (disk op exit 0)
2026-05-15 08:40:59,337 WARNING Guest disk op wall 34.0s (vm='ahv_ins_delete-0-260514-184128' ip=10.114.51.75 op=create ec=0) — includes SSH + guest disk command; if still high, check guest disk throughput vs. MiB settings.
2026-05-15 08:40:59,338 DEBUG [67/126] VM 03aaafab… (ahv_ins_delete-0-260514-185234) via 10.114.48.217 op=create
2026-05-15 08:40:59,338 DEBUG   remote: bash -lc 'set -e; _bs(){ printf '"'"'BULK_SNAP_T %s %s\n'"'"' "$1" "$(date +%s.%N 2>/dev/null || date +%s)"; }; _bs guest_start; _bs pipeline_start; openssl enc -aes-256-ctr -pass pass:"testing" -nosalt < /dev/zero 2>/dev/null | dd of=/root/dummy_snapshot_data_1.img bs=1M count=1024 iflag=fullblock status=progress; ec=$?; _bs pipeline_done; _bs guest_end; exit $ec'
2026-05-15 08:41:00,841 DEBUG   BULK_SNAP_T guest_start 1778802029.418603907
2026-05-15 08:41:00,841 DEBUG   BULK_SNAP_T pipeline_start 1778802029.425019117
2026-05-15 08:41:00,841 DEBUG   BULK_SNAP_T pipeline_done 1778802059.944170295
2026-05-15 08:41:00,841 DEBUG   BULK_SNAP_T guest_end 1778802059.950000244
2026-05-15 08:41:00,841 DEBUG   
2026-05-15 08:41:00,841 DEBUG   26214400 bytes (26 MB) copied, 1.109238 s, 23.6 MB/s
2026-05-15 08:41:00,841 DEBUG   51380224 bytes (51 MB) copied, 2.115223 s, 24.3 MB/s
2026-05-15 08:41:00,841 DEBUG   80740352 bytes (81 MB) copied, 3.171297 s, 25.5 MB/s
2026-05-15 08:41:00,841 DEBUG   117440512 bytes (117 MB) copied, 4.183197 s, 28.1 MB/s
2026-05-15 08:41:00,841 DEBUG   148897792 bytes (149 MB) copied, 5.202146 s, 28.6 MB/s
2026-05-15 08:41:00,841 DEBUG   186646528 bytes (187 MB) copied, 6.204129 s, 30.1 MB/s
2026-05-15 08:41:00,841 DEBUG   224395264 bytes (224 MB) copied, 7.216270 s, 31.1 MB/s
2026-05-15 08:41:00,841 DEBUG   257949696 bytes (258 MB) copied, 8.228239 s, 31.3 MB/s
2026-05-15 08:41:00,841 DEBUG   296747008 bytes (297 MB) copied, 9.229452 s, 32.2 MB/s
2026-05-15 08:41:00,841 DEBUG   334495744 bytes (334 MB) copied, 10.303134 s, 32.5 MB/s
2026-05-15 08:41:00,841 DEBUG   371195904 bytes (371 MB) copied, 11.328157 s, 32.8 MB/s
2026-05-15 08:41:00,841 DEBUG   403701760 bytes (404 MB) copied, 12.343106 s, 32.7 MB/s
2026-05-15 08:41:00,841 DEBUG   443547648 bytes (444 MB) copied, 13.352159 s, 33.2 MB/s
2026-05-15 08:41:00,841 DEBUG   484442112 bytes (484 MB) copied, 14.405153 s, 33.6 MB/s
2026-05-15 08:41:00,841 DEBUG   515899392 bytes (516 MB) copied, 15.433228 s, 33.4 MB/s
2026-05-15 08:41:00,841 DEBUG   547356672 bytes (547 MB) copied, 16.474215 s, 33.2 MB/s
2026-05-15 08:41:00,841 DEBUG   584056832 bytes (584 MB) copied, 17.501175 s, 33.4 MB/s
2026-05-15 08:41:00,841 DEBUG   622854144 bytes (623 MB) copied, 18.526229 s, 33.6 MB/s
2026-05-15 08:41:00,841 DEBUG   652214272 bytes (652 MB) copied, 19.546097 s, 33.4 MB/s
2026-05-15 08:41:00,841 DEBUG   692060160 bytes (692 MB) copied, 20.609127 s, 33.6 MB/s
2026-05-15 08:41:00,841 DEBUG   730857472 bytes (731 MB) copied, 21.660236 s, 33.7 MB/s
2026-05-15 08:41:00,842 DEBUG   772800512 bytes (773 MB) copied, 22.684168 s, 34.1 MB/s
2026-05-15 08:41:00,842 DEBUG   815792128 bytes (816 MB) copied, 23.728057 s, 34.4 MB/s
2026-05-15 08:41:00,842 DEBUG   854589440 bytes (855 MB) copied, 24.744189 s, 34.5 MB/s
2026-05-15 08:41:00,842 DEBUG   898629632 bytes (899 MB) copied, 25.759100 s, 34.9 MB/s
2026-05-15 08:41:00,842 DEBUG   937426944 bytes (937 MB) copied, 26.766454 s, 35.0 MB/s
2026-05-15 08:41:00,842 DEBUG   982515712 bytes (983 MB) copied, 27.791139 s, 35.4 MB/s
2026-05-15 08:41:00,842 DEBUG   1019215872 bytes (1.0 GB) copied, 28.801105 s, 35.4 MB/s
2026-05-15 08:41:00,842 DEBUG   1052770304 bytes (1.1 GB) copied, 29.804102 s, 35.3 MB/s
2026-05-15 08:41:00,842 DEBUG   1024+0 records in
2026-05-15 08:41:00,842 DEBUG   1024+0 records out
2026-05-15 08:41:00,842 DEBUG   1073741824 bytes (1.1 GB) copied, 30.3881 s, 35.3 MB/s
2026-05-15 08:41:00,842 DEBUG   OK (disk op exit 0)
2026-05-15 08:41:00,842 WARNING Guest disk op wall 32.3s (vm='ahv_ins_delete-0-260514-184132' ip=10.114.50.190 op=create ec=0) — includes SSH + guest disk command; if still high, check guest disk throughput vs. MiB settings.
2026-05-15 08:41:00,842 DEBUG [68/126] VM a43dc446… (ahv_ins_delete-0-260514-185251) via 10.114.53.32 op=create
2026-05-15 08:41:00,842 DEBUG   remote: bash -lc 'set -e; _bs(){ printf '"'"'BULK_SNAP_T %s %s\n'"'"' "$1" "$(date +%s.%N 2>/dev/null || date +%s)"; }; _bs guest_start; _bs pipeline_start; openssl enc -aes-256-ctr -pass pass:"testing" -nosalt < /dev/zero 2>/dev/null | dd of=/root/dummy_snapshot_data_1.img bs=1M count=1024 iflag=fullblock status=progress; ec=$?; _bs pipeline_done; _bs guest_end; exit $ec'
2026-05-15 08:41:01,086 DEBUG   BULK_SNAP_T guest_start 1778802038.438194580
2026-05-15 08:41:01,086 DEBUG   BULK_SNAP_T pipeline_start 1778802038.439872891
2026-05-15 08:41:01,086 DEBUG   BULK_SNAP_T pipeline_done 1778802060.499245123
2026-05-15 08:41:01,086 DEBUG   BULK_SNAP_T guest_end 1778802060.500654965
2026-05-15 08:41:01,086 DEBUG   
2026-05-15 08:41:01,086 DEBUG   36700160 bytes (37 MB) copied, 1.021415 s, 35.9 MB/s
2026-05-15 08:41:01,086 DEBUG   76546048 bytes (77 MB) copied, 2.031049 s, 37.7 MB/s
2026-05-15 08:41:01,086 DEBUG   112197632 bytes (112 MB) copied, 3.147225 s, 35.6 MB/s
2026-05-15 08:41:01,086 DEBUG   149946368 bytes (150 MB) copied, 4.185308 s, 35.8 MB/s
2026-05-15 08:41:01,086 DEBUG   191889408 bytes (192 MB) copied, 5.232314 s, 36.7 MB/s
2026-05-15 08:41:01,086 DEBUG   244318208 bytes (244 MB) copied, 6.245099 s, 39.1 MB/s
2026-05-15 08:41:01,086 DEBUG   287309824 bytes (287 MB) copied, 7.313024 s, 39.3 MB/s
2026-05-15 08:41:01,086 DEBUG   340787200 bytes (341 MB) copied, 8.329083 s, 40.9 MB/s
2026-05-15 08:41:01,086 DEBUG   390070272 bytes (390 MB) copied, 9.337032 s, 41.8 MB/s
2026-05-15 08:41:01,086 DEBUG   442499072 bytes (442 MB) copied, 10.342041 s, 42.8 MB/s
2026-05-15 08:41:01,086 DEBUG   492830720 bytes (493 MB) copied, 11.347060 s, 43.4 MB/s
2026-05-15 08:41:01,086 DEBUG   548405248 bytes (548 MB) copied, 12.357100 s, 44.4 MB/s
2026-05-15 08:41:01,086 DEBUG   590348288 bytes (590 MB) copied, 13.379010 s, 44.1 MB/s
2026-05-15 08:41:01,086 DEBUG   643825664 bytes (644 MB) copied, 14.388048 s, 44.7 MB/s
2026-05-15 08:41:01,086 DEBUG   699400192 bytes (699 MB) copied, 15.394128 s, 45.4 MB/s
2026-05-15 08:41:01,086 DEBUG   750780416 bytes (751 MB) copied, 16.394129 s, 45.8 MB/s
2026-05-15 08:41:01,086 DEBUG   806354944 bytes (806 MB) copied, 17.423360 s, 46.3 MB/s
2026-05-15 08:41:01,086 DEBUG   864026624 bytes (864 MB) copied, 18.437979 s, 46.9 MB/s
2026-05-15 08:41:01,086 DEBUG   925892608 bytes (926 MB) copied, 19.454976 s, 47.6 MB/s
2026-05-15 08:41:01,087 DEBUG   985661440 bytes (986 MB) copied, 20.457213 s, 48.2 MB/s
2026-05-15 08:41:01,087 DEBUG   1043333120 bytes (1.0 GB) copied, 21.457267 s, 48.6 MB/s
2026-05-15 08:41:01,087 DEBUG   1024+0 records in
2026-05-15 08:41:01,087 DEBUG   1024+0 records out
2026-05-15 08:41:01,087 DEBUG   1073741824 bytes (1.1 GB) copied, 22.0325 s, 48.7 MB/s
2026-05-15 08:41:01,087 DEBUG   OK (disk op exit 0)
2026-05-15 08:41:01,087 WARNING Guest disk op wall 23.0s (vm='ahv_ins_delete-0-260514-184641' ip=10.114.50.232 op=create ec=0) — includes SSH + guest disk command; if still high, check guest disk throughput vs. MiB settings.
2026-05-15 08:41:01,087 DEBUG [69/126] VM 1f60f8b0… (ahv_ins_delete-0-260514-185252) via 10.114.53.133 op=create
2026-05-15 08:41:01,087 DEBUG   remote: bash -lc 'set -e; _bs(){ printf '"'"'BULK_SNAP_T %s %s\n'"'"' "$1" "$(date +%s.%N 2>/dev/null || date +%s)"; }; _bs guest_start; _bs pipeline_start; openssl enc -aes-256-ctr -pass pass:"testing" -nosalt < /dev/zero 2>/dev/null | dd of=/root/dummy_snapshot_data_1.img bs=1M count=1024 iflag=fullblock status=progress; ec=$?; _bs pipeline_done; _bs guest_end; exit $ec'
2026-05-15 08:41:04,587 DEBUG   BULK_SNAP_T guest_start 1778802030.353932558
2026-05-15 08:41:04,588 DEBUG   BULK_SNAP_T pipeline_start 1778802030.357635573
2026-05-15 08:41:04,588 DEBUG   BULK_SNAP_T pipeline_done 1778802063.184644674
2026-05-15 08:41:04,588 DEBUG   BULK_SNAP_T guest_end 1778802063.209696913
2026-05-15 08:41:04,588 DEBUG   
2026-05-15 08:41:04,588 DEBUG   31457280 bytes (31 MB) copied, 1.183320 s, 26.6 MB/s
2026-05-15 08:41:04,588 DEBUG   56623104 bytes (57 MB) copied, 2.236351 s, 25.3 MB/s
2026-05-15 08:41:04,588 DEBUG   94371840 bytes (94 MB) copied, 3.240373 s, 29.1 MB/s
2026-05-15 08:41:04,588 DEBUG   138412032 bytes (138 MB) copied, 4.294528 s, 32.2 MB/s
2026-05-15 08:41:04,588 DEBUG   170917888 bytes (171 MB) copied, 5.296518 s, 32.3 MB/s
2026-05-15 08:41:04,588 DEBUG   207618048 bytes (208 MB) copied, 6.358555 s, 32.7 MB/s
2026-05-15 08:41:04,588 DEBUG   245366784 bytes (245 MB) copied, 7.365442 s, 33.3 MB/s
2026-05-15 08:41:04,588 DEBUG   275775488 bytes (276 MB) copied, 8.387346 s, 32.9 MB/s
2026-05-15 08:41:04,588 DEBUG   306184192 bytes (306 MB) copied, 9.412419 s, 32.5 MB/s
2026-05-15 08:41:04,588 DEBUG   340787200 bytes (341 MB) copied, 10.442315 s, 32.6 MB/s
2026-05-15 08:41:04,588 DEBUG   371195904 bytes (371 MB) copied, 11.442340 s, 32.4 MB/s
2026-05-15 08:41:04,588 DEBUG   405798912 bytes (406 MB) copied, 12.446753 s, 32.6 MB/s
2026-05-15 08:41:04,588 DEBUG   432013312 bytes (432 MB) copied, 13.495362 s, 32.0 MB/s
2026-05-15 08:41:04,588 DEBUG   458227712 bytes (458 MB) copied, 14.520336 s, 31.6 MB/s
2026-05-15 08:41:04,588 DEBUG   487587840 bytes (488 MB) copied, 15.521328 s, 31.4 MB/s
2026-05-15 08:41:04,588 DEBUG   522190848 bytes (522 MB) copied, 16.547330 s, 31.6 MB/s
2026-05-15 08:41:04,588 DEBUG   552599552 bytes (553 MB) copied, 17.565355 s, 31.5 MB/s
2026-05-15 08:41:04,588 DEBUG   584056832 bytes (584 MB) copied, 18.591814 s, 31.4 MB/s
2026-05-15 08:41:04,588 DEBUG   620756992 bytes (621 MB) copied, 19.617373 s, 31.6 MB/s
2026-05-15 08:41:04,588 DEBUG   652214272 bytes (652 MB) copied, 20.629345 s, 31.6 MB/s
2026-05-15 08:41:04,588 DEBUG   681574400 bytes (682 MB) copied, 21.648322 s, 31.5 MB/s
2026-05-15 08:41:04,588 DEBUG   719323136 bytes (719 MB) copied, 22.650348 s, 31.8 MB/s
2026-05-15 08:41:04,588 DEBUG   758120448 bytes (758 MB) copied, 23.670462 s, 32.0 MB/s
2026-05-15 08:41:04,588 DEBUG   793772032 bytes (794 MB) copied, 24.748359 s, 32.1 MB/s
2026-05-15 08:41:04,588 DEBUG   832569344 bytes (833 MB) copied, 25.753364 s, 32.3 MB/s
2026-05-15 08:41:04,588 DEBUG   870318080 bytes (870 MB) copied, 26.754304 s, 32.5 MB/s
2026-05-15 08:41:04,588 DEBUG   909115392 bytes (909 MB) copied, 27.796445 s, 32.7 MB/s
2026-05-15 08:41:04,588 DEBUG   942669824 bytes (943 MB) copied, 28.800604 s, 32.7 MB/s
2026-05-15 08:41:04,588 DEBUG   984612864 bytes (985 MB) copied, 29.811609 s, 33.0 MB/s
2026-05-15 08:41:04,588 DEBUG   1024458752 bytes (1.0 GB) copied, 30.823319 s, 33.2 MB/s
2026-05-15 08:41:04,589 DEBUG   1068498944 bytes (1.1 GB) copied, 31.839418 s, 33.6 MB/s
2026-05-15 08:41:04,589 DEBUG   1024+0 records in
2026-05-15 08:41:04,589 DEBUG   1024+0 records out
2026-05-15 08:41:04,589 DEBUG   1073741824 bytes (1.1 GB) copied, 32.0235 s, 33.5 MB/s
2026-05-15 08:41:04,589 DEBUG   OK (disk op exit 0)
2026-05-15 08:41:04,589 WARNING Guest disk op wall 34.8s (vm='ahv_ins_delete-0-260514-184209' ip=10.114.51.84 op=create ec=0) — includes SSH + guest disk command; if still high, check guest disk throughput vs. MiB settings.
2026-05-15 08:41:04,589 DEBUG [70/126] VM 1fafe337… (ahv_ins_delete-0-260514-185252) via 10.114.51.123 op=create
2026-05-15 08:41:04,589 DEBUG   remote: bash -lc 'set -e; _bs(){ printf '"'"'BULK_SNAP_T %s %s\n'"'"' "$1" "$(date +%s.%N 2>/dev/null || date +%s)"; }; _bs guest_start; _bs pipeline_start; openssl enc -aes-256-ctr -pass pass:"testing" -nosalt < /dev/zero 2>/dev/null | dd of=/root/dummy_snapshot_data_1.img bs=1M count=1024 iflag=fullblock status=progress; ec=$?; _bs pipeline_done; _bs guest_end; exit $ec'
2026-05-15 08:41:06,587 DEBUG   BULK_SNAP_T guest_start 1778802036.370987525
2026-05-15 08:41:06,587 DEBUG   BULK_SNAP_T pipeline_start 1778802036.378817134
2026-05-15 08:41:06,587 DEBUG   BULK_SNAP_T pipeline_done 1778802065.312647946
2026-05-15 08:41:06,587 DEBUG   BULK_SNAP_T guest_end 1778802065.320257294
2026-05-15 08:41:06,587 DEBUG   
2026-05-15 08:41:06,587 DEBUG   20971520 bytes (21 MB) copied, 1.032264 s, 20.3 MB/s
2026-05-15 08:41:06,587 DEBUG   26214400 bytes (26 MB) copied, 2.120338 s, 12.4 MB/s
2026-05-15 08:41:06,587 DEBUG   51380224 bytes (51 MB) copied, 3.161399 s, 16.3 MB/s
2026-05-15 08:41:06,587 DEBUG   81788928 bytes (82 MB) copied, 4.173235 s, 19.6 MB/s
2026-05-15 08:41:06,587 DEBUG   121634816 bytes (122 MB) copied, 5.299246 s, 23.0 MB/s
2026-05-15 08:41:06,587 DEBUG   161480704 bytes (161 MB) copied, 6.343231 s, 25.5 MB/s
2026-05-15 08:41:06,587 DEBUG   197132288 bytes (197 MB) copied, 7.396584 s, 26.7 MB/s
2026-05-15 08:41:06,587 DEBUG   231735296 bytes (232 MB) copied, 8.403026 s, 27.6 MB/s
2026-05-15 08:41:06,587 DEBUG   265289728 bytes (265 MB) copied, 9.416003 s, 28.2 MB/s
2026-05-15 08:41:06,587 DEBUG   300941312 bytes (301 MB) copied, 10.442984 s, 28.8 MB/s
2026-05-15 08:41:06,587 DEBUG   332398592 bytes (332 MB) copied, 11.454058 s, 29.0 MB/s
2026-05-15 08:41:06,587 DEBUG   364904448 bytes (365 MB) copied, 12.465020 s, 29.3 MB/s
2026-05-15 08:41:06,587 DEBUG   415236096 bytes (415 MB) copied, 13.485071 s, 30.8 MB/s
2026-05-15 08:41:06,587 DEBUG   449839104 bytes (450 MB) copied, 14.555377 s, 30.9 MB/s
2026-05-15 08:41:06,588 DEBUG   483393536 bytes (483 MB) copied, 15.560037 s, 31.1 MB/s
2026-05-15 08:41:06,588 DEBUG   530579456 bytes (531 MB) copied, 16.565976 s, 32.0 MB/s
2026-05-15 08:41:06,588 DEBUG   575668224 bytes (576 MB) copied, 17.570016 s, 32.8 MB/s
2026-05-15 08:41:06,588 DEBUG   617611264 bytes (618 MB) copied, 18.577000 s, 33.2 MB/s
2026-05-15 08:41:06,588 DEBUG   666894336 bytes (667 MB) copied, 19.582054 s, 34.1 MB/s
2026-05-15 08:41:06,588 DEBUG   708837376 bytes (709 MB) copied, 20.601021 s, 34.4 MB/s
2026-05-15 08:41:06,588 DEBUG   745537536 bytes (746 MB) copied, 21.626173 s, 34.5 MB/s
2026-05-15 08:41:06,588 DEBUG   781189120 bytes (781 MB) copied, 22.630203 s, 34.5 MB/s
2026-05-15 08:41:06,588 DEBUG   832569344 bytes (833 MB) copied, 23.653036 s, 35.2 MB/s
2026-05-15 08:41:06,588 DEBUG   879755264 bytes (880 MB) copied, 24.669089 s, 35.7 MB/s
2026-05-15 08:41:06,588 DEBUG   918552576 bytes (919 MB) copied, 25.684060 s, 35.8 MB/s
2026-05-15 08:41:06,588 DEBUG   972029952 bytes (972 MB) copied, 26.686539 s, 36.4 MB/s
2026-05-15 08:41:06,588 DEBUG   1020264448 bytes (1.0 GB) copied, 27.713056 s, 36.8 MB/s
2026-05-15 08:41:06,588 DEBUG   1067450368 bytes (1.1 GB) copied, 28.741013 s, 37.1 MB/s
2026-05-15 08:41:06,588 DEBUG   1024+0 records in
2026-05-15 08:41:06,588 DEBUG   1024+0 records out
2026-05-15 08:41:06,588 DEBUG   1073741824 bytes (1.1 GB) copied, 28.8254 s, 37.2 MB/s
2026-05-15 08:41:06,588 DEBUG   OK (disk op exit 0)
2026-05-15 08:41:06,588 WARNING Guest disk op wall 31.3s (vm='ahv_ins_delete-0-260514-184210' ip=10.114.51.129 op=create ec=0) — includes SSH + guest disk command; if still high, check guest disk throughput vs. MiB settings.
2026-05-15 08:41:06,588 DEBUG [71/126] VM ff1a7f87… (ahv_ins_delete-0-260514-185802) via 10.114.50.70 op=create
2026-05-15 08:41:06,588 DEBUG   remote: bash -lc 'set -e; _bs(){ printf '"'"'BULK_SNAP_T %s %s\n'"'"' "$1" "$(date +%s.%N 2>/dev/null || date +%s)"; }; _bs guest_start; _bs pipeline_start; openssl enc -aes-256-ctr -pass pass:"testing" -nosalt < /dev/zero 2>/dev/null | dd of=/root/dummy_snapshot_data_1.img bs=1M count=1024 iflag=fullblock status=progress; ec=$?; _bs pipeline_done; _bs guest_end; exit $ec'
2026-05-15 08:41:12,846 DEBUG   BULK_SNAP_T guest_start 1778802040.675597161
2026-05-15 08:41:12,846 DEBUG   BULK_SNAP_T pipeline_start 1778802040.683446814
2026-05-15 08:41:12,847 DEBUG   BULK_SNAP_T pipeline_done 1778802071.598704219
2026-05-15 08:41:12,847 DEBUG   BULK_SNAP_T guest_end 1778802071.604533520
2026-05-15 08:41:12,847 DEBUG   
2026-05-15 08:41:12,847 DEBUG   17825792 bytes (18 MB) copied, 1.095982 s, 16.3 MB/s
2026-05-15 08:41:12,847 DEBUG   38797312 bytes (39 MB) copied, 2.189902 s, 17.7 MB/s
2026-05-15 08:41:12,847 DEBUG   66060288 bytes (66 MB) copied, 3.191484 s, 20.7 MB/s
2026-05-15 08:41:12,847 DEBUG   85983232 bytes (86 MB) copied, 4.287879 s, 20.1 MB/s
2026-05-15 08:41:12,847 DEBUG   109051904 bytes (109 MB) copied, 5.301838 s, 20.6 MB/s
2026-05-15 08:41:12,847 DEBUG   136314880 bytes (136 MB) copied, 6.330903 s, 21.5 MB/s
2026-05-15 08:41:12,847 DEBUG   167772160 bytes (168 MB) copied, 7.378671 s, 22.7 MB/s
2026-05-15 08:41:12,847 DEBUG   200278016 bytes (200 MB) copied, 8.414757 s, 23.8 MB/s
2026-05-15 08:41:12,847 DEBUG   239075328 bytes (239 MB) copied, 9.440667 s, 25.3 MB/s
2026-05-15 08:41:12,847 DEBUG   273678336 bytes (274 MB) copied, 10.441520 s, 26.2 MB/s
2026-05-15 08:41:12,847 DEBUG   313524224 bytes (314 MB) copied, 11.455559 s, 27.4 MB/s
2026-05-15 08:41:12,847 DEBUG   356515840 bytes (357 MB) copied, 12.485528 s, 28.6 MB/s
2026-05-15 08:41:12,847 DEBUG   403701760 bytes (404 MB) copied, 13.486531 s, 29.9 MB/s
2026-05-15 08:41:12,847 DEBUG   441450496 bytes (441 MB) copied, 14.493892 s, 30.5 MB/s
2026-05-15 08:41:12,847 DEBUG   482344960 bytes (482 MB) copied, 15.530897 s, 31.1 MB/s
2026-05-15 08:41:12,847 DEBUG   521142272 bytes (521 MB) copied, 16.558553 s, 31.5 MB/s
2026-05-15 08:41:12,847 DEBUG   559939584 bytes (560 MB) copied, 17.566733 s, 31.9 MB/s
2026-05-15 08:41:12,847 DEBUG   602931200 bytes (603 MB) copied, 18.568491 s, 32.5 MB/s
2026-05-15 08:41:12,847 DEBUG   643825664 bytes (644 MB) copied, 19.585002 s, 32.9 MB/s
2026-05-15 08:41:12,847 DEBUG   697303040 bytes (697 MB) copied, 20.605566 s, 33.8 MB/s
2026-05-15 08:41:12,847 DEBUG   743440384 bytes (743 MB) copied, 21.614681 s, 34.4 MB/s
2026-05-15 08:41:12,847 DEBUG   784334848 bytes (784 MB) copied, 22.645537 s, 34.6 MB/s
2026-05-15 08:41:12,847 DEBUG   824180736 bytes (824 MB) copied, 23.693519 s, 34.8 MB/s
2026-05-15 08:41:12,847 DEBUG   865075200 bytes (865 MB) copied, 24.713458 s, 35.0 MB/s
2026-05-15 08:41:12,847 DEBUG   905969664 bytes (906 MB) copied, 25.735478 s, 35.2 MB/s
2026-05-15 08:41:12,847 DEBUG   947912704 bytes (948 MB) copied, 26.781817 s, 35.4 MB/s
2026-05-15 08:41:12,847 DEBUG   983564288 bytes (984 MB) copied, 27.788479 s, 35.4 MB/s
2026-05-15 08:41:12,847 DEBUG   1021313024 bytes (1.0 GB) copied, 28.798606 s, 35.5 MB/s
2026-05-15 08:41:12,847 DEBUG   1048576000 bytes (1.0 GB) copied, 29.885550 s, 35.1 MB/s
2026-05-15 08:41:12,847 DEBUG   1024+0 records in
2026-05-15 08:41:12,847 DEBUG   1024+0 records out
2026-05-15 08:41:12,847 DEBUG   1073741824 bytes (1.1 GB) copied, 30.7785 s, 34.9 MB/s
2026-05-15 08:41:12,847 DEBUG   OK (disk op exit 0)
2026-05-15 08:41:12,847 WARNING Guest disk op wall 33.0s (vm='ahv_ins_delete-0-260514-184710' ip=10.114.51.246 op=create ec=0) — includes SSH + guest disk command; if still high, check guest disk throughput vs. MiB settings.
2026-05-15 08:41:12,848 DEBUG [72/126] VM 118a3632… (ahv_ins_delete-0-260514-185803) via 10.114.48.12 op=create
2026-05-15 08:41:12,848 DEBUG   remote: bash -lc 'set -e; _bs(){ printf '"'"'BULK_SNAP_T %s %s\n'"'"' "$1" "$(date +%s.%N 2>/dev/null || date +%s)"; }; _bs guest_start; _bs pipeline_start; openssl enc -aes-256-ctr -pass pass:"testing" -nosalt < /dev/zero 2>/dev/null | dd of=/root/dummy_snapshot_data_1.img bs=1M count=1024 iflag=fullblock status=progress; ec=$?; _bs pipeline_done; _bs guest_end; exit $ec'
2026-05-15 08:41:16,607 DEBUG   BULK_SNAP_T guest_start 1778802050.283681986
2026-05-15 08:41:16,607 DEBUG   BULK_SNAP_T pipeline_start 1778802050.287408609
2026-05-15 08:41:16,607 DEBUG   BULK_SNAP_T pipeline_done 1778802074.970423186
2026-05-15 08:41:16,607 DEBUG   BULK_SNAP_T guest_end 1778802074.977164789
2026-05-15 08:41:16,607 DEBUG   
2026-05-15 08:41:16,607 DEBUG   19922944 bytes (20 MB) copied, 1.188617 s, 16.8 MB/s
2026-05-15 08:41:16,607 DEBUG   40894464 bytes (41 MB) copied, 2.202370 s, 18.6 MB/s
2026-05-15 08:41:16,607 DEBUG   71303168 bytes (71 MB) copied, 3.287350 s, 21.7 MB/s
2026-05-15 08:41:16,607 DEBUG   102760448 bytes (103 MB) copied, 4.300416 s, 23.9 MB/s
2026-05-15 08:41:16,607 DEBUG   137363456 bytes (137 MB) copied, 5.349300 s, 25.7 MB/s
2026-05-15 08:41:16,607 DEBUG   180355072 bytes (180 MB) copied, 6.355305 s, 28.4 MB/s
2026-05-15 08:41:16,607 DEBUG   221249536 bytes (221 MB) copied, 7.363420 s, 30.0 MB/s
2026-05-15 08:41:16,607 DEBUG   261095424 bytes (261 MB) copied, 8.385336 s, 31.1 MB/s
2026-05-15 08:41:16,607 DEBUG   307232768 bytes (307 MB) copied, 9.400310 s, 32.7 MB/s
2026-05-15 08:41:16,607 DEBUG   356515840 bytes (357 MB) copied, 10.404399 s, 34.3 MB/s
2026-05-15 08:41:16,607 DEBUG   407896064 bytes (408 MB) copied, 11.405639 s, 35.8 MB/s
2026-05-15 08:41:16,607 DEBUG   482344960 bytes (482 MB) copied, 12.416303 s, 38.8 MB/s
2026-05-15 08:41:16,607 DEBUG   577765376 bytes (578 MB) copied, 13.425259 s, 43.0 MB/s
2026-05-15 08:41:16,607 DEBUG   644874240 bytes (645 MB) copied, 14.445282 s, 44.6 MB/s
2026-05-15 08:41:16,607 DEBUG   675282944 bytes (675 MB) copied, 15.469270 s, 43.7 MB/s
2026-05-15 08:41:16,607 DEBUG   718274560 bytes (718 MB) copied, 16.479290 s, 43.6 MB/s
2026-05-15 08:41:16,607 DEBUG   766509056 bytes (767 MB) copied, 17.514309 s, 43.8 MB/s
2026-05-15 08:41:16,607 DEBUG   823132160 bytes (823 MB) copied, 18.552337 s, 44.4 MB/s
2026-05-15 08:41:16,607 DEBUG   864026624 bytes (864 MB) copied, 19.567316 s, 44.2 MB/s
2026-05-15 08:41:16,607 DEBUG   901775360 bytes (902 MB) copied, 20.633306 s, 43.7 MB/s
2026-05-15 08:41:16,607 DEBUG   943718400 bytes (944 MB) copied, 21.638736 s, 43.6 MB/s
2026-05-15 08:41:16,607 DEBUG   987758592 bytes (988 MB) copied, 22.657260 s, 43.6 MB/s
2026-05-15 08:41:16,607 DEBUG   1027604480 bytes (1.0 GB) copied, 23.692358 s, 43.4 MB/s
2026-05-15 08:41:16,607 DEBUG   1024+0 records in
2026-05-15 08:41:16,607 DEBUG   1024+0 records out
2026-05-15 08:41:16,607 DEBUG   1073741824 bytes (1.1 GB) copied, 24.5744 s, 43.7 MB/s
2026-05-15 08:41:16,607 DEBUG   OK (disk op exit 0)
2026-05-15 08:41:16,607 WARNING Guest disk op wall 27.0s (vm='ahv_ins_delete-0-260514-184712' ip=10.114.50.103 op=create ec=0) — includes SSH + guest disk command; if still high, check guest disk throughput vs. MiB settings.
2026-05-15 08:41:16,608 DEBUG [73/126] VM e0747ae9… (ahv_ins_delete-0-260514-185807) via 10.114.53.71 op=create
2026-05-15 08:41:16,608 DEBUG   remote: bash -lc 'set -e; _bs(){ printf '"'"'BULK_SNAP_T %s %s\n'"'"' "$1" "$(date +%s.%N 2>/dev/null || date +%s)"; }; _bs guest_start; _bs pipeline_start; openssl enc -aes-256-ctr -pass pass:"testing" -nosalt < /dev/zero 2>/dev/null | dd of=/root/dummy_snapshot_data_1.img bs=1M count=1024 iflag=fullblock status=progress; ec=$?; _bs pipeline_done; _bs guest_end; exit $ec'
2026-05-15 08:41:21,348 DEBUG   BULK_SNAP_T guest_start 1778802056.415237090
2026-05-15 08:41:21,348 DEBUG   BULK_SNAP_T pipeline_start 1778802056.418547750
2026-05-15 08:41:21,348 DEBUG   BULK_SNAP_T pipeline_done 1778802079.406286866
2026-05-15 08:41:21,348 DEBUG   BULK_SNAP_T guest_end 1778802079.437333269
2026-05-15 08:41:21,348 DEBUG   
2026-05-15 08:41:21,348 DEBUG   22020096 bytes (22 MB) copied, 1.190079 s, 18.5 MB/s
2026-05-15 08:41:21,348 DEBUG   44040192 bytes (44 MB) copied, 2.198039 s, 20.0 MB/s
2026-05-15 08:41:21,348 DEBUG   74448896 bytes (74 MB) copied, 3.212743 s, 23.2 MB/s
2026-05-15 08:41:21,348 DEBUG   118489088 bytes (118 MB) copied, 4.261128 s, 27.8 MB/s
2026-05-15 08:41:21,348 DEBUG   156237824 bytes (156 MB) copied, 5.263932 s, 29.7 MB/s
2026-05-15 08:41:21,348 DEBUG   200278016 bytes (200 MB) copied, 6.282994 s, 31.9 MB/s
2026-05-15 08:41:21,348 DEBUG   235929600 bytes (236 MB) copied, 7.293000 s, 32.4 MB/s
2026-05-15 08:41:21,348 DEBUG   283115520 bytes (283 MB) copied, 8.299823 s, 34.1 MB/s
2026-05-15 08:41:21,348 DEBUG   325058560 bytes (325 MB) copied, 9.329799 s, 34.8 MB/s
2026-05-15 08:41:21,348 DEBUG   376438784 bytes (376 MB) copied, 10.329807 s, 36.4 MB/s
2026-05-15 08:41:21,348 DEBUG   413138944 bytes (413 MB) copied, 11.330744 s, 36.5 MB/s
2026-05-15 08:41:21,348 DEBUG   444596224 bytes (445 MB) copied, 12.348858 s, 36.0 MB/s
2026-05-15 08:41:21,348 DEBUG   470810624 bytes (471 MB) copied, 13.417876 s, 35.1 MB/s
2026-05-15 08:41:21,348 DEBUG   536870912 bytes (537 MB) copied, 14.423780 s, 37.2 MB/s
2026-05-15 08:41:21,349 DEBUG   611319808 bytes (611 MB) copied, 15.426899 s, 39.6 MB/s
2026-05-15 08:41:21,349 DEBUG   677380096 bytes (677 MB) copied, 16.450915 s, 41.2 MB/s
2026-05-15 08:41:21,349 DEBUG   728760320 bytes (729 MB) copied, 17.488862 s, 41.7 MB/s
2026-05-15 08:41:21,349 DEBUG   779091968 bytes (779 MB) copied, 18.499041 s, 42.1 MB/s
2026-05-15 08:41:21,349 DEBUG   853540864 bytes (854 MB) copied, 19.519845 s, 43.7 MB/s
2026-05-15 08:41:21,349 DEBUG   922746880 bytes (923 MB) copied, 20.537886 s, 44.9 MB/s
2026-05-15 08:41:21,349 DEBUG   1006632960 bytes (1.0 GB) copied, 21.549897 s, 46.7 MB/s
2026-05-15 08:41:21,349 DEBUG   1064304640 bytes (1.1 GB) copied, 22.566965 s, 47.2 MB/s
2026-05-15 08:41:21,349 DEBUG   1024+0 records in
2026-05-15 08:41:21,349 DEBUG   1024+0 records out
2026-05-15 08:41:21,349 DEBUG   1073741824 bytes (1.1 GB) copied, 22.814 s, 47.1 MB/s
2026-05-15 08:41:21,349 DEBUG   OK (disk op exit 0)
2026-05-15 08:41:21,349 WARNING Guest disk op wall 25.3s (vm='ahv_ins_delete-0-260514-185233' ip=10.114.50.25 op=create ec=0) — includes SSH + guest disk command; if still high, check guest disk throughput vs. MiB settings.
2026-05-15 08:41:21,349 DEBUG [74/126] VM d85a1c64… (ahv_ins_delete-0-260514-185838) via 10.114.49.137 op=create
2026-05-15 08:41:21,349 DEBUG   remote: bash -lc 'set -e; _bs(){ printf '"'"'BULK_SNAP_T %s %s\n'"'"' "$1" "$(date +%s.%N 2>/dev/null || date +%s)"; }; _bs guest_start; _bs pipeline_start; openssl enc -aes-256-ctr -pass pass:"testing" -nosalt < /dev/zero 2>/dev/null | dd of=/root/dummy_snapshot_data_1.img bs=1M count=1024 iflag=fullblock status=progress; ec=$?; _bs pipeline_done; _bs guest_end; exit $ec'
2026-05-15 08:41:21,596 DEBUG   BULK_SNAP_T guest_start 1778802051.123363693
2026-05-15 08:41:21,596 DEBUG   BULK_SNAP_T pipeline_start 1778802051.128876306
2026-05-15 08:41:21,596 DEBUG   BULK_SNAP_T pipeline_done 1778802080.482920048
2026-05-15 08:41:21,596 DEBUG   BULK_SNAP_T guest_end 1778802080.490392114
2026-05-15 08:41:21,596 DEBUG   
2026-05-15 08:41:21,596 DEBUG   20971520 bytes (21 MB) copied, 1.046856 s, 20.0 MB/s
2026-05-15 08:41:21,596 DEBUG   47185920 bytes (47 MB) copied, 2.103934 s, 22.4 MB/s
2026-05-15 08:41:21,596 DEBUG   79691776 bytes (80 MB) copied, 3.103940 s, 25.7 MB/s
2026-05-15 08:41:21,596 DEBUG   118489088 bytes (118 MB) copied, 4.125001 s, 28.7 MB/s
2026-05-15 08:41:21,596 DEBUG   158334976 bytes (158 MB) copied, 5.168236 s, 30.6 MB/s
2026-05-15 08:41:21,596 DEBUG   204472320 bytes (204 MB) copied, 6.171644 s, 33.1 MB/s
2026-05-15 08:41:21,596 DEBUG   244318208 bytes (244 MB) copied, 7.179624 s, 34.0 MB/s
2026-05-15 08:41:21,596 DEBUG   285212672 bytes (285 MB) copied, 8.182659 s, 34.9 MB/s
2026-05-15 08:41:21,596 DEBUG   326107136 bytes (326 MB) copied, 9.208711 s, 35.4 MB/s
2026-05-15 08:41:21,596 DEBUG   374341632 bytes (374 MB) copied, 10.216727 s, 36.6 MB/s
2026-05-15 08:41:21,596 DEBUG   415236096 bytes (415 MB) copied, 11.242653 s, 36.9 MB/s
2026-05-15 08:41:21,596 DEBUG   456130560 bytes (456 MB) copied, 12.266689 s, 37.2 MB/s
2026-05-15 08:41:21,596 DEBUG   492830720 bytes (493 MB) copied, 13.266799 s, 37.1 MB/s
2026-05-15 08:41:21,596 DEBUG   535822336 bytes (536 MB) copied, 14.335745 s, 37.4 MB/s
2026-05-15 08:41:21,596 DEBUG   580911104 bytes (581 MB) copied, 15.360759 s, 37.8 MB/s
2026-05-15 08:41:21,596 DEBUG   621805568 bytes (622 MB) copied, 16.408646 s, 37.9 MB/s
2026-05-15 08:41:21,596 DEBUG   661651456 bytes (662 MB) copied, 17.497775 s, 37.8 MB/s
2026-05-15 08:41:21,596 DEBUG   695205888 bytes (695 MB) copied, 18.516640 s, 37.5 MB/s
2026-05-15 08:41:21,596 DEBUG   718274560 bytes (718 MB) copied, 19.544805 s, 36.8 MB/s
2026-05-15 08:41:21,596 DEBUG   744488960 bytes (744 MB) copied, 20.567763 s, 36.2 MB/s
2026-05-15 08:41:21,596 DEBUG   780140544 bytes (780 MB) copied, 21.586688 s, 36.1 MB/s
2026-05-15 08:41:21,596 DEBUG   827326464 bytes (827 MB) copied, 22.589661 s, 36.6 MB/s
2026-05-15 08:41:21,596 DEBUG   859832320 bytes (860 MB) copied, 23.602674 s, 36.4 MB/s
2026-05-15 08:41:21,596 DEBUG   894435328 bytes (894 MB) copied, 24.603857 s, 36.4 MB/s
2026-05-15 08:41:21,596 DEBUG   938475520 bytes (938 MB) copied, 25.607888 s, 36.6 MB/s
2026-05-15 08:41:21,596 DEBUG   976224256 bytes (976 MB) copied, 26.614028 s, 36.7 MB/s
2026-05-15 08:41:21,597 DEBUG   1010827264 bytes (1.0 GB) copied, 27.631704 s, 36.6 MB/s
2026-05-15 08:41:21,597 DEBUG   1049624576 bytes (1.0 GB) copied, 28.650141 s, 36.6 MB/s
2026-05-15 08:41:21,597 DEBUG   1024+0 records in
2026-05-15 08:41:21,597 DEBUG   1024+0 records out
2026-05-15 08:41:21,597 DEBUG   1073741824 bytes (1.1 GB) copied, 29.2699 s, 36.7 MB/s
2026-05-15 08:41:21,597 DEBUG   OK (disk op exit 0)
2026-05-15 08:41:21,597 WARNING Guest disk op wall 31.8s (vm='ahv_ins_delete-0-260514-184721' ip=10.114.53.82 op=create ec=0) — includes SSH + guest disk command; if still high, check guest disk throughput vs. MiB settings.
2026-05-15 08:41:21,597 DEBUG [75/126] VM d12399c7… (ahv_ins_delete-0-260514-185840) via 10.114.51.247 op=create
2026-05-15 08:41:21,597 DEBUG   remote: bash -lc 'set -e; _bs(){ printf '"'"'BULK_SNAP_T %s %s\n'"'"' "$1" "$(date +%s.%N 2>/dev/null || date +%s)"; }; _bs guest_start; _bs pipeline_start; openssl enc -aes-256-ctr -pass pass:"testing" -nosalt < /dev/zero 2>/dev/null | dd of=/root/dummy_snapshot_data_1.img bs=1M count=1024 iflag=fullblock status=progress; ec=$?; _bs pipeline_done; _bs guest_end; exit $ec'
2026-05-15 08:41:30,602 DEBUG   BULK_SNAP_T guest_start 1778802053.880399131
2026-05-15 08:41:30,602 DEBUG   BULK_SNAP_T pipeline_start 1778802053.910801051
2026-05-15 08:41:30,602 DEBUG   BULK_SNAP_T pipeline_done 1778802088.822153127
2026-05-15 08:41:30,602 DEBUG   BULK_SNAP_T guest_end 1778802088.828556462
2026-05-15 08:41:30,602 DEBUG   
2026-05-15 08:41:30,602 DEBUG   17825792 bytes (18 MB) copied, 1.055735 s, 16.9 MB/s
2026-05-15 08:41:30,602 DEBUG   41943040 bytes (42 MB) copied, 2.084582 s, 20.1 MB/s
2026-05-15 08:41:30,602 DEBUG   74448896 bytes (74 MB) copied, 3.200385 s, 23.3 MB/s
2026-05-15 08:41:30,602 DEBUG   104857600 bytes (105 MB) copied, 4.201573 s, 25.0 MB/s
2026-05-15 08:41:30,602 DEBUG   140509184 bytes (141 MB) copied, 5.226592 s, 26.9 MB/s
2026-05-15 08:41:30,602 DEBUG   178257920 bytes (178 MB) copied, 6.276256 s, 28.4 MB/s
2026-05-15 08:41:30,602 DEBUG   220200960 bytes (220 MB) copied, 7.279177 s, 30.3 MB/s
2026-05-15 08:41:30,602 DEBUG   254803968 bytes (255 MB) copied, 8.288261 s, 30.7 MB/s
2026-05-15 08:41:30,602 DEBUG   291504128 bytes (292 MB) copied, 9.302242 s, 31.3 MB/s
2026-05-15 08:41:30,602 DEBUG   326107136 bytes (326 MB) copied, 10.315189 s, 31.6 MB/s
2026-05-15 08:41:30,602 DEBUG   357564416 bytes (358 MB) copied, 11.316175 s, 31.6 MB/s
2026-05-15 08:41:30,602 DEBUG   391118848 bytes (391 MB) copied, 12.344183 s, 31.7 MB/s
2026-05-15 08:41:30,602 DEBUG   430964736 bytes (431 MB) copied, 13.356310 s, 32.3 MB/s
2026-05-15 08:41:30,602 DEBUG   462422016 bytes (462 MB) copied, 14.426161 s, 32.1 MB/s
2026-05-15 08:41:30,602 DEBUG   487587840 bytes (488 MB) copied, 15.443207 s, 31.6 MB/s
2026-05-15 08:41:30,602 DEBUG   505413632 bytes (505 MB) copied, 16.458149 s, 30.7 MB/s
2026-05-15 08:41:30,602 DEBUG   530579456 bytes (531 MB) copied, 17.495154 s, 30.3 MB/s
2026-05-15 08:41:30,602 DEBUG   560988160 bytes (561 MB) copied, 18.504363 s, 30.3 MB/s
2026-05-15 08:41:30,602 DEBUG   592445440 bytes (592 MB) copied, 19.533617 s, 30.3 MB/s
2026-05-15 08:41:30,602 DEBUG   623902720 bytes (624 MB) copied, 20.549105 s, 30.4 MB/s
2026-05-15 08:41:30,602 DEBUG   653262848 bytes (653 MB) copied, 21.570299 s, 30.3 MB/s
2026-05-15 08:41:30,602 DEBUG   684720128 bytes (685 MB) copied, 22.573174 s, 30.3 MB/s
2026-05-15 08:41:30,602 DEBUG   716177408 bytes (716 MB) copied, 23.629736 s, 30.3 MB/s
2026-05-15 08:41:30,602 DEBUG   747634688 bytes (748 MB) copied, 24.632170 s, 30.4 MB/s
2026-05-15 08:41:30,602 DEBUG   776994816 bytes (777 MB) copied, 25.647150 s, 30.3 MB/s
2026-05-15 08:41:30,602 DEBUG   812646400 bytes (813 MB) copied, 26.667136 s, 30.5 MB/s
2026-05-15 08:41:30,603 DEBUG   847249408 bytes (847 MB) copied, 27.673201 s, 30.6 MB/s
2026-05-15 08:41:30,603 DEBUG   880803840 bytes (881 MB) copied, 28.725196 s, 30.7 MB/s
2026-05-15 08:41:30,603 DEBUG   913309696 bytes (913 MB) copied, 29.761157 s, 30.7 MB/s
2026-05-15 08:41:30,603 DEBUG   945815552 bytes (946 MB) copied, 30.774093 s, 30.7 MB/s
2026-05-15 08:41:30,603 DEBUG   979369984 bytes (979 MB) copied, 31.835148 s, 30.8 MB/s
2026-05-15 08:41:30,603 DEBUG   1010827264 bytes (1.0 GB) copied, 32.842163 s, 30.8 MB/s
2026-05-15 08:41:30,603 DEBUG   1047527424 bytes (1.0 GB) copied, 33.852205 s, 30.9 MB/s
2026-05-15 08:41:30,603 DEBUG   1024+0 records in
2026-05-15 08:41:30,603 DEBUG   1024+0 records out
2026-05-15 08:41:30,603 DEBUG   1073741824 bytes (1.1 GB) copied, 34.7865 s, 30.9 MB/s
2026-05-15 08:41:30,603 DEBUG   OK (disk op exit 0)
2026-05-15 08:41:30,603 WARNING Guest disk op wall 37.3s (vm='ahv_ins_delete-0-260514-184724' ip=10.114.50.30 op=create ec=0) — includes SSH + guest disk command; if still high, check guest disk throughput vs. MiB settings.
2026-05-15 08:41:30,603 DEBUG [76/126] VM 8f0a6fff… (ahv_ins_delete-0-260514-190346) via 10.114.54.69 op=create
2026-05-15 08:41:30,603 DEBUG   remote: bash -lc 'set -e; _bs(){ printf '"'"'BULK_SNAP_T %s %s\n'"'"' "$1" "$(date +%s.%N 2>/dev/null || date +%s)"; }; _bs guest_start; _bs pipeline_start; openssl enc -aes-256-ctr -pass pass:"testing" -nosalt < /dev/zero 2>/dev/null | dd of=/root/dummy_snapshot_data_1.img bs=1M count=1024 iflag=fullblock status=progress; ec=$?; _bs pipeline_done; _bs guest_end; exit $ec'
2026-05-15 08:41:31,356 DEBUG   BULK_SNAP_T guest_start 1778802061.059423023
2026-05-15 08:41:31,356 DEBUG   BULK_SNAP_T pipeline_start 1778802061.062648198
2026-05-15 08:41:31,356 DEBUG   BULK_SNAP_T pipeline_done 1778802091.081332858
2026-05-15 08:41:31,356 DEBUG   BULK_SNAP_T guest_end 1778802091.084303316
2026-05-15 08:41:31,357 DEBUG   
2026-05-15 08:41:31,357 DEBUG   17825792 bytes (18 MB) copied, 1.139223 s, 15.6 MB/s
2026-05-15 08:41:31,357 DEBUG   38797312 bytes (39 MB) copied, 2.268107 s, 17.1 MB/s
2026-05-15 08:41:31,357 DEBUG   65011712 bytes (65 MB) copied, 3.270138 s, 19.9 MB/s
2026-05-15 08:41:31,357 DEBUG   89128960 bytes (89 MB) copied, 4.292074 s, 20.8 MB/s
2026-05-15 08:41:31,357 DEBUG   117440512 bytes (117 MB) copied, 5.294268 s, 22.2 MB/s
2026-05-15 08:41:31,357 DEBUG   154140672 bytes (154 MB) copied, 6.348140 s, 24.3 MB/s
2026-05-15 08:41:31,357 DEBUG   191889408 bytes (192 MB) copied, 7.379895 s, 26.0 MB/s
2026-05-15 08:41:31,357 DEBUG   227540992 bytes (228 MB) copied, 8.425043 s, 27.0 MB/s
2026-05-15 08:41:31,357 DEBUG   260046848 bytes (260 MB) copied, 9.429942 s, 27.6 MB/s
2026-05-15 08:41:31,357 DEBUG   290455552 bytes (290 MB) copied, 10.464853 s, 27.8 MB/s
2026-05-15 08:41:31,357 DEBUG   320864256 bytes (321 MB) copied, 11.522904 s, 27.8 MB/s
2026-05-15 08:41:31,357 DEBUG   351272960 bytes (351 MB) copied, 12.566855 s, 28.0 MB/s
2026-05-15 08:41:31,357 DEBUG   387973120 bytes (388 MB) copied, 13.569892 s, 28.6 MB/s
2026-05-15 08:41:31,357 DEBUG   428867584 bytes (429 MB) copied, 14.606849 s, 29.4 MB/s
2026-05-15 08:41:31,357 DEBUG   463470592 bytes (463 MB) copied, 15.607618 s, 29.7 MB/s
2026-05-15 08:41:31,357 DEBUG   510656512 bytes (511 MB) copied, 16.623942 s, 30.7 MB/s
2026-05-15 08:41:31,357 DEBUG   554696704 bytes (555 MB) copied, 17.666927 s, 31.4 MB/s
2026-05-15 08:41:31,357 DEBUG   593494016 bytes (593 MB) copied, 18.674921 s, 31.8 MB/s
2026-05-15 08:41:31,357 DEBUG   631242752 bytes (631 MB) copied, 19.689087 s, 32.1 MB/s
2026-05-15 08:41:31,357 DEBUG   675282944 bytes (675 MB) copied, 20.705278 s, 32.6 MB/s
2026-05-15 08:41:31,357 DEBUG   722468864 bytes (722 MB) copied, 21.718930 s, 33.3 MB/s
2026-05-15 08:41:31,357 DEBUG   775946240 bytes (776 MB) copied, 22.737904 s, 34.1 MB/s
2026-05-15 08:41:31,357 DEBUG   818937856 bytes (819 MB) copied, 23.767889 s, 34.5 MB/s
2026-05-15 08:41:31,357 DEBUG   865075200 bytes (865 MB) copied, 24.801153 s, 34.9 MB/s
2026-05-15 08:41:31,357 DEBUG   907018240 bytes (907 MB) copied, 25.819160 s, 35.1 MB/s
2026-05-15 08:41:31,357 DEBUG   945815552 bytes (946 MB) copied, 26.827844 s, 35.3 MB/s
2026-05-15 08:41:31,357 DEBUG   983564288 bytes (984 MB) copied, 27.843226 s, 35.3 MB/s
2026-05-15 08:41:31,357 DEBUG   1029701632 bytes (1.0 GB) copied, 28.843967 s, 35.7 MB/s
2026-05-15 08:41:31,357 DEBUG   1071644672 bytes (1.1 GB) copied, 29.891870 s, 35.9 MB/s
2026-05-15 08:41:31,357 DEBUG   1024+0 records in
2026-05-15 08:41:31,357 DEBUG   1024+0 records out
2026-05-15 08:41:31,357 DEBUG   1073741824 bytes (1.1 GB) copied, 29.9184 s, 35.9 MB/s
2026-05-15 08:41:31,357 DEBUG   OK (disk op exit 0)
2026-05-15 08:41:31,357 WARNING Guest disk op wall 32.0s (vm='ahv_ins_delete-0-260514-185234' ip=10.114.48.217 op=create ec=0) — includes SSH + guest disk command; if still high, check guest disk throughput vs. MiB settings.
2026-05-15 08:41:31,358 DEBUG [77/126] VM d20c362f… (ahv_ins_delete-0-260514-190347) via 10.114.51.63 op=create
2026-05-15 08:41:31,358 DEBUG   remote: bash -lc 'set -e; _bs(){ printf '"'"'BULK_SNAP_T %s %s\n'"'"' "$1" "$(date +%s.%N 2>/dev/null || date +%s)"; }; _bs guest_start; _bs pipeline_start; openssl enc -aes-256-ctr -pass pass:"testing" -nosalt < /dev/zero 2>/dev/null | dd of=/root/dummy_snapshot_data_1.img bs=1M count=1024 iflag=fullblock status=progress; ec=$?; _bs pipeline_done; _bs guest_end; exit $ec'
2026-05-15 08:41:32,359 DEBUG   BULK_SNAP_T guest_start 1778802061.314172236
2026-05-15 08:41:32,360 DEBUG   BULK_SNAP_T pipeline_start 1778802061.322545079
2026-05-15 08:41:32,360 DEBUG   BULK_SNAP_T pipeline_done 1778802090.782728164
2026-05-15 08:41:32,360 DEBUG   BULK_SNAP_T guest_end 1778802090.787645808
2026-05-15 08:41:32,360 DEBUG   
2026-05-15 08:41:32,360 DEBUG   22020096 bytes (22 MB) copied, 1.111117 s, 19.8 MB/s
2026-05-15 08:41:32,360 DEBUG   45088768 bytes (45 MB) copied, 2.111919 s, 21.3 MB/s
2026-05-15 08:41:32,360 DEBUG   76546048 bytes (77 MB) copied, 3.192334 s, 24.0 MB/s
2026-05-15 08:41:32,360 DEBUG   115343360 bytes (115 MB) copied, 4.195948 s, 27.5 MB/s
2026-05-15 08:41:32,360 DEBUG   148897792 bytes (149 MB) copied, 5.196805 s, 28.7 MB/s
2026-05-15 08:41:32,360 DEBUG   192937984 bytes (193 MB) copied, 6.232674 s, 31.0 MB/s
2026-05-15 08:41:32,360 DEBUG   225443840 bytes (225 MB) copied, 7.256754 s, 31.1 MB/s
2026-05-15 08:41:32,360 DEBUG   253755392 bytes (254 MB) copied, 8.270716 s, 30.7 MB/s
2026-05-15 08:41:32,360 DEBUG   272629760 bytes (273 MB) copied, 9.279721 s, 29.4 MB/s
2026-05-15 08:41:32,360 DEBUG   297795584 bytes (298 MB) copied, 10.292777 s, 28.9 MB/s
2026-05-15 08:41:32,360 DEBUG   333447168 bytes (333 MB) copied, 11.301764 s, 29.5 MB/s
2026-05-15 08:41:32,360 DEBUG   382730240 bytes (383 MB) copied, 12.319757 s, 31.1 MB/s
2026-05-15 08:41:32,360 DEBUG   426770432 bytes (427 MB) copied, 13.375778 s, 31.9 MB/s
2026-05-15 08:41:32,360 DEBUG   470810624 bytes (471 MB) copied, 14.383753 s, 32.7 MB/s
2026-05-15 08:41:32,360 DEBUG   517996544 bytes (518 MB) copied, 15.385665 s, 33.7 MB/s
2026-05-15 08:41:32,360 DEBUG   559939584 bytes (560 MB) copied, 16.389920 s, 34.2 MB/s
2026-05-15 08:41:32,360 DEBUG   596639744 bytes (597 MB) copied, 17.409713 s, 34.3 MB/s
2026-05-15 08:41:32,360 DEBUG   635437056 bytes (635 MB) copied, 18.441715 s, 34.5 MB/s
2026-05-15 08:41:32,360 DEBUG   677380096 bytes (677 MB) copied, 19.460218 s, 34.8 MB/s
2026-05-15 08:41:32,360 DEBUG   714080256 bytes (714 MB) copied, 20.468766 s, 34.9 MB/s
2026-05-15 08:41:32,360 DEBUG   764411904 bytes (764 MB) copied, 21.471703 s, 35.6 MB/s
2026-05-15 08:41:32,360 DEBUG   809500672 bytes (810 MB) copied, 22.497757 s, 36.0 MB/s
2026-05-15 08:41:32,360 DEBUG   861929472 bytes (862 MB) copied, 23.498332 s, 36.7 MB/s
2026-05-15 08:41:32,360 DEBUG   903872512 bytes (904 MB) copied, 24.500390 s, 36.9 MB/s
2026-05-15 08:41:32,360 DEBUG   932184064 bytes (932 MB) copied, 25.500722 s, 36.6 MB/s
2026-05-15 08:41:32,360 DEBUG   973078528 bytes (973 MB) copied, 26.521718 s, 36.7 MB/s
2026-05-15 08:41:32,361 DEBUG   1009778688 bytes (1.0 GB) copied, 27.600788 s, 36.6 MB/s
2026-05-15 08:41:32,361 DEBUG   1047527424 bytes (1.0 GB) copied, 28.606832 s, 36.6 MB/s
2026-05-15 08:41:32,361 DEBUG   1024+0 records in
2026-05-15 08:41:32,361 DEBUG   1024+0 records out
2026-05-15 08:41:32,361 DEBUG   1073741824 bytes (1.1 GB) copied, 29.3511 s, 36.6 MB/s
2026-05-15 08:41:32,361 DEBUG   OK (disk op exit 0)
2026-05-15 08:41:32,361 WARNING Guest disk op wall 31.5s (vm='ahv_ins_delete-0-260514-185251' ip=10.114.53.32 op=create ec=0) — includes SSH + guest disk command; if still high, check guest disk throughput vs. MiB settings.
2026-05-15 08:41:32,361 DEBUG [78/126] VM d3265fac… (ahv_ins_delete-0-260514-190352) via 10.114.51.8 op=create
2026-05-15 08:41:32,362 DEBUG   remote: bash -lc 'set -e; _bs(){ printf '"'"'BULK_SNAP_T %s %s\n'"'"' "$1" "$(date +%s.%N 2>/dev/null || date +%s)"; }; _bs guest_start; _bs pipeline_start; openssl enc -aes-256-ctr -pass pass:"testing" -nosalt < /dev/zero 2>/dev/null | dd of=/root/dummy_snapshot_data_1.img bs=1M count=1024 iflag=fullblock status=progress; ec=$?; _bs pipeline_done; _bs guest_end; exit $ec'
2026-05-15 08:41:32,857 DEBUG   BULK_SNAP_T guest_start 1778802061.965984449
2026-05-15 08:41:32,857 DEBUG   BULK_SNAP_T pipeline_start 1778802061.970898227
2026-05-15 08:41:32,857 DEBUG   BULK_SNAP_T pipeline_done 1778802091.546170869
2026-05-15 08:41:32,857 DEBUG   BULK_SNAP_T guest_end 1778802091.550859934
2026-05-15 08:41:32,857 DEBUG   
2026-05-15 08:41:32,857 DEBUG   19922944 bytes (20 MB) copied, 1.092822 s, 18.2 MB/s
2026-05-15 08:41:32,857 DEBUG   33554432 bytes (34 MB) copied, 2.215859 s, 15.1 MB/s
2026-05-15 08:41:32,857 DEBUG   56623104 bytes (57 MB) copied, 3.229973 s, 17.5 MB/s
2026-05-15 08:41:32,857 DEBUG   84934656 bytes (85 MB) copied, 4.261957 s, 19.9 MB/s
2026-05-15 08:41:32,857 DEBUG   120586240 bytes (121 MB) copied, 5.267878 s, 22.9 MB/s
2026-05-15 08:41:32,857 DEBUG   153092096 bytes (153 MB) copied, 6.315570 s, 24.2 MB/s
2026-05-15 08:41:32,858 DEBUG   179306496 bytes (179 MB) copied, 7.320552 s, 24.5 MB/s
2026-05-15 08:41:32,858 DEBUG   201326592 bytes (201 MB) copied, 8.418730 s, 23.9 MB/s
2026-05-15 08:41:32,858 DEBUG   228589568 bytes (229 MB) copied, 9.486667 s, 24.1 MB/s
2026-05-15 08:41:32,858 DEBUG   256901120 bytes (257 MB) copied, 10.552967 s, 24.3 MB/s
2026-05-15 08:41:32,858 DEBUG   293601280 bytes (294 MB) copied, 11.588647 s, 25.3 MB/s
2026-05-15 08:41:32,858 DEBUG   333447168 bytes (333 MB) copied, 12.589038 s, 26.5 MB/s
2026-05-15 08:41:32,858 DEBUG   373293056 bytes (373 MB) copied, 13.596691 s, 27.5 MB/s
2026-05-15 08:41:32,858 DEBUG   409993216 bytes (410 MB) copied, 14.608202 s, 28.1 MB/s
2026-05-15 08:41:32,858 DEBUG   445644800 bytes (446 MB) copied, 15.611565 s, 28.5 MB/s
2026-05-15 08:41:32,858 DEBUG   483393536 bytes (483 MB) copied, 16.617639 s, 29.1 MB/s
2026-05-15 08:41:32,858 DEBUG   531628032 bytes (532 MB) copied, 17.632784 s, 30.1 MB/s
2026-05-15 08:41:32,858 DEBUG   577765376 bytes (578 MB) copied, 18.646518 s, 31.0 MB/s
2026-05-15 08:41:32,858 DEBUG   631242752 bytes (631 MB) copied, 19.686573 s, 32.1 MB/s
2026-05-15 08:41:32,858 DEBUG   682622976 bytes (683 MB) copied, 20.695588 s, 33.0 MB/s
2026-05-15 08:41:32,858 DEBUG   734003200 bytes (734 MB) copied, 21.716498 s, 33.8 MB/s
2026-05-15 08:41:32,858 DEBUG   782237696 bytes (782 MB) copied, 22.720762 s, 34.4 MB/s
2026-05-15 08:41:32,858 DEBUG   827326464 bytes (827 MB) copied, 23.750562 s, 34.8 MB/s
2026-05-15 08:41:32,858 DEBUG   870318080 bytes (870 MB) copied, 24.830560 s, 35.1 MB/s
2026-05-15 08:41:32,858 DEBUG   918552576 bytes (919 MB) copied, 25.837584 s, 35.6 MB/s
2026-05-15 08:41:32,858 DEBUG   964689920 bytes (965 MB) copied, 26.844665 s, 35.9 MB/s
2026-05-15 08:41:32,858 DEBUG   1001390080 bytes (1.0 GB) copied, 27.862630 s, 35.9 MB/s
2026-05-15 08:41:32,858 DEBUG   1043333120 bytes (1.0 GB) copied, 28.870756 s, 36.1 MB/s
2026-05-15 08:41:32,858 DEBUG   1024+0 records in
2026-05-15 08:41:32,858 DEBUG   1024+0 records out
2026-05-15 08:41:32,858 DEBUG   1073741824 bytes (1.1 GB) copied, 29.4517 s, 36.5 MB/s
2026-05-15 08:41:32,858 DEBUG   OK (disk op exit 0)
2026-05-15 08:41:32,858 WARNING Guest disk op wall 31.8s (vm='ahv_ins_delete-0-260514-185252' ip=10.114.53.133 op=create ec=0) — includes SSH + guest disk command; if still high, check guest disk throughput vs. MiB settings.
2026-05-15 08:41:32,859 DEBUG [79/126] VM bae249de… (ahv_ins_delete-0-260514-190402) via 10.114.50.102 op=create
2026-05-15 08:41:32,859 DEBUG   remote: bash -lc 'set -e; _bs(){ printf '"'"'BULK_SNAP_T %s %s\n'"'"' "$1" "$(date +%s.%N 2>/dev/null || date +%s)"; }; _bs guest_start; _bs pipeline_start; openssl enc -aes-256-ctr -pass pass:"testing" -nosalt < /dev/zero 2>/dev/null | dd of=/root/dummy_snapshot_data_1.img bs=1M count=1024 iflag=fullblock status=progress; ec=$?; _bs pipeline_done; _bs guest_end; exit $ec'
2026-05-15 08:41:36,857 DEBUG   BULK_SNAP_T guest_start 1778802064.958413085
2026-05-15 08:41:36,857 DEBUG   BULK_SNAP_T pipeline_start 1778802064.962406041
2026-05-15 08:41:36,857 DEBUG   BULK_SNAP_T pipeline_done 1778802094.907008088
2026-05-15 08:41:36,857 DEBUG   BULK_SNAP_T guest_end 1778802094.914798307
2026-05-15 08:41:36,857 DEBUG   
2026-05-15 08:41:36,857 DEBUG   38797312 bytes (39 MB) copied, 1.172363 s, 33.1 MB/s
2026-05-15 08:41:36,857 DEBUG   69206016 bytes (69 MB) copied, 2.262388 s, 30.6 MB/s
2026-05-15 08:41:36,857 DEBUG   109051904 bytes (109 MB) copied, 3.300648 s, 33.0 MB/s
2026-05-15 08:41:36,857 DEBUG   144703488 bytes (145 MB) copied, 4.335820 s, 33.4 MB/s
2026-05-15 08:41:36,857 DEBUG   168820736 bytes (169 MB) copied, 5.372896 s, 31.4 MB/s
2026-05-15 08:41:36,857 DEBUG   203423744 bytes (203 MB) copied, 6.404759 s, 31.8 MB/s
2026-05-15 08:41:36,857 DEBUG   243269632 bytes (243 MB) copied, 7.410761 s, 32.8 MB/s
2026-05-15 08:41:36,857 DEBUG   279969792 bytes (280 MB) copied, 8.432762 s, 33.2 MB/s
2026-05-15 08:41:36,857 DEBUG   312475648 bytes (312 MB) copied, 9.440613 s, 33.1 MB/s
2026-05-15 08:41:36,857 DEBUG   350224384 bytes (350 MB) copied, 10.489810 s, 33.4 MB/s
2026-05-15 08:41:36,857 DEBUG   391118848 bytes (391 MB) copied, 11.537603 s, 33.9 MB/s
2026-05-15 08:41:36,857 DEBUG   426770432 bytes (427 MB) copied, 12.573711 s, 33.9 MB/s
2026-05-15 08:41:36,857 DEBUG   462422016 bytes (462 MB) copied, 13.583657 s, 34.0 MB/s
2026-05-15 08:41:36,857 DEBUG   499122176 bytes (499 MB) copied, 14.609653 s, 34.2 MB/s
2026-05-15 08:41:36,857 DEBUG   540016640 bytes (540 MB) copied, 15.621688 s, 34.6 MB/s
2026-05-15 08:41:36,857 DEBUG   577765376 bytes (578 MB) copied, 16.650636 s, 34.7 MB/s
2026-05-15 08:41:36,858 DEBUG   611319808 bytes (611 MB) copied, 17.657661 s, 34.6 MB/s
2026-05-15 08:41:36,858 DEBUG   649068544 bytes (649 MB) copied, 18.660725 s, 34.8 MB/s
2026-05-15 08:41:36,858 DEBUG   688914432 bytes (689 MB) copied, 19.675620 s, 35.0 MB/s
2026-05-15 08:41:36,858 DEBUG   723517440 bytes (724 MB) copied, 20.684699 s, 35.0 MB/s
2026-05-15 08:41:36,858 DEBUG   761266176 bytes (761 MB) copied, 21.693589 s, 35.1 MB/s
2026-05-15 08:41:36,858 DEBUG   797966336 bytes (798 MB) copied, 22.702712 s, 35.1 MB/s
2026-05-15 08:41:36,858 DEBUG   835715072 bytes (836 MB) copied, 23.705663 s, 35.3 MB/s
2026-05-15 08:41:36,858 DEBUG   875560960 bytes (876 MB) copied, 24.718669 s, 35.4 MB/s
2026-05-15 08:41:36,858 DEBUG   916455424 bytes (916 MB) copied, 25.733588 s, 35.6 MB/s
2026-05-15 08:41:36,858 DEBUG   957349888 bytes (957 MB) copied, 26.750580 s, 35.8 MB/s
2026-05-15 08:41:36,858 DEBUG   1005584384 bytes (1.0 GB) copied, 27.762551 s, 36.2 MB/s
2026-05-15 08:41:36,858 DEBUG   1041235968 bytes (1.0 GB) copied, 28.823603 s, 36.1 MB/s
2026-05-15 08:41:36,858 DEBUG   1024+0 records in
2026-05-15 08:41:36,858 DEBUG   1024+0 records out
2026-05-15 08:41:36,858 DEBUG   1073741824 bytes (1.1 GB) copied, 29.7537 s, 36.1 MB/s
2026-05-15 08:41:36,858 DEBUG   OK (disk op exit 0)
2026-05-15 08:41:36,858 WARNING Guest disk op wall 32.3s (vm='ahv_ins_delete-0-260514-185252' ip=10.114.51.123 op=create ec=0) — includes SSH + guest disk command; if still high, check guest disk throughput vs. MiB settings.
2026-05-15 08:41:36,858 DEBUG [80/126] VM db157941… (ahv_ins_delete-0-260514-190412) via 10.114.51.146 op=create
2026-05-15 08:41:36,858 DEBUG   remote: bash -lc 'set -e; _bs(){ printf '"'"'BULK_SNAP_T %s %s\n'"'"' "$1" "$(date +%s.%N 2>/dev/null || date +%s)"; }; _bs guest_start; _bs pipeline_start; openssl enc -aes-256-ctr -pass pass:"testing" -nosalt < /dev/zero 2>/dev/null | dd of=/root/dummy_snapshot_data_1.img bs=1M count=1024 iflag=fullblock status=progress; ec=$?; _bs pipeline_done; _bs guest_end; exit $ec'
2026-05-15 08:41:41,111 DEBUG   BULK_SNAP_T guest_start 1778802067.352382731
2026-05-15 08:41:41,111 DEBUG   BULK_SNAP_T pipeline_start 1778802067.362899731
2026-05-15 08:41:41,111 DEBUG   BULK_SNAP_T pipeline_done 1778802099.969986479
2026-05-15 08:41:41,111 DEBUG   BULK_SNAP_T guest_end 1778802099.972233910
2026-05-15 08:41:41,111 DEBUG   
2026-05-15 08:41:41,111 DEBUG   29360128 bytes (29 MB) copied, 1.002261 s, 29.3 MB/s
2026-05-15 08:41:41,111 DEBUG   47185920 bytes (47 MB) copied, 2.149911 s, 21.9 MB/s
2026-05-15 08:41:41,111 DEBUG   69206016 bytes (69 MB) copied, 3.256929 s, 21.2 MB/s
2026-05-15 08:41:41,111 DEBUG   93323264 bytes (93 MB) copied, 4.344070 s, 21.5 MB/s
2026-05-15 08:41:41,111 DEBUG   124780544 bytes (125 MB) copied, 5.374052 s, 23.2 MB/s
2026-05-15 08:41:41,111 DEBUG   158334976 bytes (158 MB) copied, 6.385862 s, 24.8 MB/s
2026-05-15 08:41:41,111 DEBUG   196083712 bytes (196 MB) copied, 7.464880 s, 26.3 MB/s
2026-05-15 08:41:41,111 DEBUG   227540992 bytes (228 MB) copied, 8.466852 s, 26.9 MB/s
2026-05-15 08:41:41,111 DEBUG   264241152 bytes (264 MB) copied, 9.475858 s, 27.9 MB/s
2026-05-15 08:41:41,111 DEBUG   303038464 bytes (303 MB) copied, 10.480129 s, 28.9 MB/s
2026-05-15 08:41:41,111 DEBUG   337641472 bytes (338 MB) copied, 11.497963 s, 29.4 MB/s
2026-05-15 08:41:41,111 DEBUG   372244480 bytes (372 MB) copied, 12.498940 s, 29.8 MB/s
2026-05-15 08:41:41,111 DEBUG   407896064 bytes (408 MB) copied, 13.538165 s, 30.1 MB/s
2026-05-15 08:41:41,111 DEBUG   452984832 bytes (453 MB) copied, 14.553926 s, 31.1 MB/s
2026-05-15 08:41:41,111 DEBUG   486539264 bytes (487 MB) copied, 15.572922 s, 31.2 MB/s
2026-05-15 08:41:41,111 DEBUG   521142272 bytes (521 MB) copied, 16.581962 s, 31.4 MB/s
2026-05-15 08:41:41,111 DEBUG   555745280 bytes (556 MB) copied, 17.583148 s, 31.6 MB/s
2026-05-15 08:41:41,111 DEBUG   587202560 bytes (587 MB) copied, 18.584959 s, 31.6 MB/s
2026-05-15 08:41:41,111 DEBUG   623902720 bytes (624 MB) copied, 19.619855 s, 31.8 MB/s
2026-05-15 08:41:41,111 DEBUG   657457152 bytes (657 MB) copied, 20.619873 s, 31.9 MB/s
2026-05-15 08:41:41,111 DEBUG   691011584 bytes (691 MB) copied, 21.619959 s, 32.0 MB/s
2026-05-15 08:41:41,111 DEBUG   726663168 bytes (727 MB) copied, 22.652883 s, 32.1 MB/s
2026-05-15 08:41:41,111 DEBUG   762314752 bytes (762 MB) copied, 23.682898 s, 32.2 MB/s
2026-05-15 08:41:41,111 DEBUG   805306368 bytes (805 MB) copied, 24.696939 s, 32.6 MB/s
2026-05-15 08:41:41,111 DEBUG   847249408 bytes (847 MB) copied, 25.698090 s, 33.0 MB/s
2026-05-15 08:41:41,111 DEBUG   884998144 bytes (885 MB) copied, 26.699222 s, 33.1 MB/s
2026-05-15 08:41:41,111 DEBUG   917504000 bytes (918 MB) copied, 27.703888 s, 33.1 MB/s
2026-05-15 08:41:41,111 DEBUG   958398464 bytes (958 MB) copied, 28.715120 s, 33.4 MB/s
2026-05-15 08:41:41,111 DEBUG   990904320 bytes (991 MB) copied, 29.732853 s, 33.3 MB/s
2026-05-15 08:41:41,112 DEBUG   1022361600 bytes (1.0 GB) copied, 30.766928 s, 33.2 MB/s
2026-05-15 08:41:41,112 DEBUG   1051721728 bytes (1.1 GB) copied, 31.790825 s, 33.1 MB/s
2026-05-15 08:41:41,112 DEBUG   1024+0 records in
2026-05-15 08:41:41,112 DEBUG   1024+0 records out
2026-05-15 08:41:41,112 DEBUG   1073741824 bytes (1.1 GB) copied, 32.4979 s, 33.0 MB/s
2026-05-15 08:41:41,112 DEBUG   OK (disk op exit 0)
2026-05-15 08:41:41,112 WARNING Guest disk op wall 34.5s (vm='ahv_ins_delete-0-260514-185802' ip=10.114.50.70 op=create ec=0) — includes SSH + guest disk command; if still high, check guest disk throughput vs. MiB settings.
2026-05-15 08:41:41,112 DEBUG [81/126] VM 99a5ef9e… (ahv_ins_delete-0-260514-190937) via 10.114.48.23 op=create
2026-05-15 08:41:41,112 DEBUG   remote: bash -lc 'set -e; _bs(){ printf '"'"'BULK_SNAP_T %s %s\n'"'"' "$1" "$(date +%s.%N 2>/dev/null || date +%s)"; }; _bs guest_start; _bs pipeline_start; openssl enc -aes-256-ctr -pass pass:"testing" -nosalt < /dev/zero 2>/dev/null | dd of=/root/dummy_snapshot_data_1.img bs=1M count=1024 iflag=fullblock status=progress; ec=$?; _bs pipeline_done; _bs guest_end; exit $ec'
2026-05-15 08:41:46,363 DEBUG   BULK_SNAP_T guest_start 1778802081.902345851
2026-05-15 08:41:46,364 DEBUG   BULK_SNAP_T pipeline_start 1778802081.913095379
2026-05-15 08:41:46,364 DEBUG   BULK_SNAP_T pipeline_done 1778802104.967190690
2026-05-15 08:41:46,364 DEBUG   BULK_SNAP_T guest_end 1778802104.972098911
2026-05-15 08:41:46,364 DEBUG   
2026-05-15 08:41:46,364 DEBUG   17825792 bytes (18 MB) copied, 1.097777 s, 16.2 MB/s
2026-05-15 08:41:46,364 DEBUG   37748736 bytes (38 MB) copied, 2.098611 s, 18.0 MB/s
2026-05-15 08:41:46,364 DEBUG   63963136 bytes (64 MB) copied, 3.113534 s, 20.5 MB/s
2026-05-15 08:41:46,364 DEBUG   91226112 bytes (91 MB) copied, 4.118534 s, 22.2 MB/s
2026-05-15 08:41:46,364 DEBUG   128974848 bytes (129 MB) copied, 5.121716 s, 25.2 MB/s
2026-05-15 08:41:46,364 DEBUG   165675008 bytes (166 MB) copied, 6.124516 s, 27.1 MB/s
2026-05-15 08:41:46,364 DEBUG   190840832 bytes (191 MB) copied, 7.129538 s, 26.8 MB/s
2026-05-15 08:41:46,364 DEBUG   235929600 bytes (236 MB) copied, 8.135751 s, 29.0 MB/s
2026-05-15 08:41:46,364 DEBUG   281018368 bytes (281 MB) copied, 9.151333 s, 30.7 MB/s
2026-05-15 08:41:46,364 DEBUG   337641472 bytes (338 MB) copied, 10.188550 s, 33.1 MB/s
2026-05-15 08:41:46,364 DEBUG   408944640 bytes (409 MB) copied, 11.199540 s, 36.5 MB/s
2026-05-15 08:41:46,364 DEBUG   469762048 bytes (470 MB) copied, 12.252521 s, 38.3 MB/s
2026-05-15 08:41:46,364 DEBUG   517996544 bytes (518 MB) copied, 13.254487 s, 39.1 MB/s
2026-05-15 08:41:46,364 DEBUG   565182464 bytes (565 MB) copied, 14.255498 s, 39.6 MB/s
2026-05-15 08:41:46,364 DEBUG   625999872 bytes (626 MB) copied, 15.260521 s, 41.0 MB/s
2026-05-15 08:41:46,364 DEBUG   687865856 bytes (688 MB) copied, 16.266546 s, 42.3 MB/s
2026-05-15 08:41:46,364 DEBUG   761266176 bytes (761 MB) copied, 17.276523 s, 44.1 MB/s
2026-05-15 08:41:46,364 DEBUG   813694976 bytes (814 MB) copied, 18.282520 s, 44.5 MB/s
2026-05-15 08:41:46,364 DEBUG   879755264 bytes (880 MB) copied, 19.345534 s, 45.5 MB/s
2026-05-15 08:41:46,364 DEBUG   936378368 bytes (936 MB) copied, 20.436684 s, 45.8 MB/s
2026-05-15 08:41:46,364 DEBUG   989855744 bytes (990 MB) copied, 21.446535 s, 46.2 MB/s
2026-05-15 08:41:46,364 DEBUG   1040187392 bytes (1.0 GB) copied, 22.539785 s, 46.1 MB/s
2026-05-15 08:41:46,364 DEBUG   1024+0 records in
2026-05-15 08:41:46,364 DEBUG   1024+0 records out
2026-05-15 08:41:46,364 DEBUG   1073741824 bytes (1.1 GB) copied, 22.9558 s, 46.8 MB/s
2026-05-15 08:41:46,364 DEBUG   OK (disk op exit 0)
2026-05-15 08:41:46,364 WARNING Guest disk op wall 25.0s (vm='ahv_ins_delete-0-260514-185838' ip=10.114.49.137 op=create ec=0) — includes SSH + guest disk command; if still high, check guest disk throughput vs. MiB settings.
2026-05-15 08:41:46,365 DEBUG [82/126] VM 37098924… (ahv_ins_delete-0-260514-190940) via 10.114.52.180 op=create
2026-05-15 08:41:46,365 DEBUG   remote: bash -lc 'set -e; _bs(){ printf '"'"'BULK_SNAP_T %s %s\n'"'"' "$1" "$(date +%s.%N 2>/dev/null || date +%s)"; }; _bs guest_start; _bs pipeline_start; openssl enc -aes-256-ctr -pass pass:"testing" -nosalt < /dev/zero 2>/dev/null | dd of=/root/dummy_snapshot_data_1.img bs=1M count=1024 iflag=fullblock status=progress; ec=$?; _bs pipeline_done; _bs guest_end; exit $ec'
2026-05-15 08:41:46,368 DEBUG   BULK_SNAP_T guest_start 1778802073.115319247
2026-05-15 08:41:46,368 DEBUG   BULK_SNAP_T pipeline_start 1778802073.124822417
2026-05-15 08:41:46,368 DEBUG   BULK_SNAP_T pipeline_done 1778802104.355028926
2026-05-15 08:41:46,368 DEBUG   BULK_SNAP_T guest_end 1778802104.376676806
2026-05-15 08:41:46,368 DEBUG   
2026-05-15 08:41:46,368 DEBUG   25165824 bytes (25 MB) copied, 1.007555 s, 25.0 MB/s
2026-05-15 08:41:46,368 DEBUG   41943040 bytes (42 MB) copied, 2.047734 s, 20.5 MB/s
2026-05-15 08:41:46,368 DEBUG   70254592 bytes (70 MB) copied, 3.150794 s, 22.3 MB/s
2026-05-15 08:41:46,368 DEBUG   101711872 bytes (102 MB) copied, 4.203820 s, 24.2 MB/s
2026-05-15 08:41:46,368 DEBUG   137363456 bytes (137 MB) copied, 5.227741 s, 26.3 MB/s
2026-05-15 08:41:46,368 DEBUG   173015040 bytes (173 MB) copied, 6.231537 s, 27.8 MB/s
2026-05-15 08:41:46,368 DEBUG   212860928 bytes (213 MB) copied, 7.283673 s, 29.2 MB/s
2026-05-15 08:41:46,368 DEBUG   258998272 bytes (259 MB) copied, 8.286553 s, 31.3 MB/s
2026-05-15 08:41:46,368 DEBUG   301989888 bytes (302 MB) copied, 9.293411 s, 32.5 MB/s
2026-05-15 08:41:46,368 DEBUG   342884352 bytes (343 MB) copied, 10.300534 s, 33.3 MB/s
2026-05-15 08:41:46,368 DEBUG   380633088 bytes (381 MB) copied, 11.306604 s, 33.7 MB/s
2026-05-15 08:41:46,368 DEBUG   418381824 bytes (418 MB) copied, 12.366572 s, 33.8 MB/s
2026-05-15 08:41:46,368 DEBUG   458227712 bytes (458 MB) copied, 13.382441 s, 34.2 MB/s
2026-05-15 08:41:46,368 DEBUG   492830720 bytes (493 MB) copied, 14.403487 s, 34.2 MB/s
2026-05-15 08:41:46,368 DEBUG   530579456 bytes (531 MB) copied, 15.406391 s, 34.4 MB/s
2026-05-15 08:41:46,368 DEBUG   566231040 bytes (566 MB) copied, 16.427604 s, 34.5 MB/s
2026-05-15 08:41:46,368 DEBUG   608174080 bytes (608 MB) copied, 17.475453 s, 34.8 MB/s
2026-05-15 08:41:46,368 DEBUG   653262848 bytes (653 MB) copied, 18.486498 s, 35.3 MB/s
2026-05-15 08:41:46,368 DEBUG   695205888 bytes (695 MB) copied, 19.542688 s, 35.6 MB/s
2026-05-15 08:41:46,368 DEBUG   737148928 bytes (737 MB) copied, 20.574477 s, 35.8 MB/s
2026-05-15 08:41:46,368 DEBUG   774897664 bytes (775 MB) copied, 21.597390 s, 35.9 MB/s
2026-05-15 08:41:46,368 DEBUG   810549248 bytes (811 MB) copied, 22.647415 s, 35.8 MB/s
2026-05-15 08:41:46,368 DEBUG   844103680 bytes (844 MB) copied, 23.669457 s, 35.7 MB/s
2026-05-15 08:41:46,368 DEBUG   874512384 bytes (875 MB) copied, 24.739482 s, 35.3 MB/s
2026-05-15 08:41:46,369 DEBUG   901775360 bytes (902 MB) copied, 25.755445 s, 35.0 MB/s
2026-05-15 08:41:46,369 DEBUG   934281216 bytes (934 MB) copied, 26.846390 s, 34.8 MB/s
2026-05-15 08:41:46,369 DEBUG   974127104 bytes (974 MB) copied, 27.887548 s, 34.9 MB/s
2026-05-15 08:41:46,369 DEBUG   1005584384 bytes (1.0 GB) copied, 28.902404 s, 34.8 MB/s
2026-05-15 08:41:46,369 DEBUG   1038090240 bytes (1.0 GB) copied, 29.950483 s, 34.7 MB/s
2026-05-15 08:41:46,369 DEBUG   1068498944 bytes (1.1 GB) copied, 30.974511 s, 34.5 MB/s
2026-05-15 08:41:46,369 DEBUG   1024+0 records in
2026-05-15 08:41:46,369 DEBUG   1024+0 records out
2026-05-15 08:41:46,369 DEBUG   1073741824 bytes (1.1 GB) copied, 31.1125 s, 34.5 MB/s
2026-05-15 08:41:46,369 DEBUG   OK (disk op exit 0)
2026-05-15 08:41:46,369 WARNING Guest disk op wall 33.5s (vm='ahv_ins_delete-0-260514-185803' ip=10.114.48.12 op=create ec=0) — includes SSH + guest disk command; if still high, check guest disk throughput vs. MiB settings.
2026-05-15 08:41:46,369 DEBUG [83/126] VM a3c6d26c… (ahv_ins_delete-0-260514-190944) via 10.114.52.230 op=create
2026-05-15 08:41:46,369 DEBUG   remote: bash -lc 'set -e; _bs(){ printf '"'"'BULK_SNAP_T %s %s\n'"'"' "$1" "$(date +%s.%N 2>/dev/null || date +%s)"; }; _bs guest_start; _bs pipeline_start; openssl enc -aes-256-ctr -pass pass:"testing" -nosalt < /dev/zero 2>/dev/null | dd of=/root/dummy_snapshot_data_1.img bs=1M count=1024 iflag=fullblock status=progress; ec=$?; _bs pipeline_done; _bs guest_end; exit $ec'
2026-05-15 08:41:48,123 DEBUG   BULK_SNAP_T guest_start 1778802077.649647228
2026-05-15 08:41:48,124 DEBUG   BULK_SNAP_T pipeline_start 1778802077.653124915
2026-05-15 08:41:48,124 DEBUG   BULK_SNAP_T pipeline_done 1778802106.659252799
2026-05-15 08:41:48,124 DEBUG   BULK_SNAP_T guest_end 1778802106.665422427
2026-05-15 08:41:48,124 DEBUG   
2026-05-15 08:41:48,124 DEBUG   26214400 bytes (26 MB) copied, 1.041444 s, 25.2 MB/s
2026-05-15 08:41:48,124 DEBUG   51380224 bytes (51 MB) copied, 2.075385 s, 24.8 MB/s
2026-05-15 08:41:48,124 DEBUG   85983232 bytes (86 MB) copied, 3.075600 s, 28.0 MB/s
2026-05-15 08:41:48,124 DEBUG   128974848 bytes (129 MB) copied, 4.078203 s, 31.6 MB/s
2026-05-15 08:41:48,124 DEBUG   168820736 bytes (169 MB) copied, 5.081249 s, 33.2 MB/s
2026-05-15 08:41:48,124 DEBUG   213909504 bytes (214 MB) copied, 6.121152 s, 34.9 MB/s
2026-05-15 08:41:48,124 DEBUG   256901120 bytes (257 MB) copied, 7.160111 s, 35.9 MB/s
2026-05-15 08:41:48,124 DEBUG   299892736 bytes (300 MB) copied, 8.169347 s, 36.7 MB/s
2026-05-15 08:41:48,124 DEBUG   341835776 bytes (342 MB) copied, 9.175216 s, 37.3 MB/s
2026-05-15 08:41:48,124 DEBUG   380633088 bytes (381 MB) copied, 10.210199 s, 37.3 MB/s
2026-05-15 08:41:48,124 DEBUG   420478976 bytes (420 MB) copied, 11.227132 s, 37.5 MB/s
2026-05-15 08:41:48,124 DEBUG   456130560 bytes (456 MB) copied, 12.234227 s, 37.3 MB/s
2026-05-15 08:41:48,124 DEBUG   499122176 bytes (499 MB) copied, 13.243227 s, 37.7 MB/s
2026-05-15 08:41:48,124 DEBUG   547356672 bytes (547 MB) copied, 14.268587 s, 38.4 MB/s
2026-05-15 08:41:48,124 DEBUG   592445440 bytes (592 MB) copied, 15.286198 s, 38.8 MB/s
2026-05-15 08:41:48,124 DEBUG   631242752 bytes (631 MB) copied, 16.296262 s, 38.7 MB/s
2026-05-15 08:41:48,124 DEBUG   666894336 bytes (667 MB) copied, 17.306106 s, 38.5 MB/s
2026-05-15 08:41:48,124 DEBUG   706740224 bytes (707 MB) copied, 18.344272 s, 38.5 MB/s
2026-05-15 08:41:48,124 DEBUG   746586112 bytes (747 MB) copied, 19.392111 s, 38.5 MB/s
2026-05-15 08:41:48,124 DEBUG   778043392 bytes (778 MB) copied, 20.406129 s, 38.1 MB/s
2026-05-15 08:41:48,124 DEBUG   819986432 bytes (820 MB) copied, 21.426117 s, 38.3 MB/s
2026-05-15 08:41:48,124 DEBUG   856686592 bytes (857 MB) copied, 22.443216 s, 38.2 MB/s
2026-05-15 08:41:48,124 DEBUG   895483904 bytes (895 MB) copied, 23.446196 s, 38.2 MB/s
2026-05-15 08:41:48,124 DEBUG   936378368 bytes (936 MB) copied, 24.460146 s, 38.3 MB/s
2026-05-15 08:41:48,124 DEBUG   980418560 bytes (980 MB) copied, 25.493146 s, 38.5 MB/s
2026-05-15 08:41:48,124 DEBUG   1013972992 bytes (1.0 GB) copied, 26.505491 s, 38.3 MB/s
2026-05-15 08:41:48,124 DEBUG   1046478848 bytes (1.0 GB) copied, 27.506129 s, 38.0 MB/s
2026-05-15 08:41:48,124 DEBUG   1024+0 records in
2026-05-15 08:41:48,124 DEBUG   1024+0 records out
2026-05-15 08:41:48,124 DEBUG   1073741824 bytes (1.1 GB) copied, 28.3001 s, 37.9 MB/s
2026-05-15 08:41:48,124 DEBUG   OK (disk op exit 0)
2026-05-15 08:41:48,124 WARNING Guest disk op wall 31.5s (vm='ahv_ins_delete-0-260514-185807' ip=10.114.53.71 op=create ec=0) — includes SSH + guest disk command; if still high, check guest disk throughput vs. MiB settings.
2026-05-15 08:41:48,125 DEBUG [84/126] VM c2251f5c… (ahv_ins_delete-0-260514-190948) via 10.114.48.128 op=create
2026-05-15 08:41:48,125 DEBUG   remote: bash -lc 'set -e; _bs(){ printf '"'"'BULK_SNAP_T %s %s\n'"'"' "$1" "$(date +%s.%N 2>/dev/null || date +%s)"; }; _bs guest_start; _bs pipeline_start; openssl enc -aes-256-ctr -pass pass:"testing" -nosalt < /dev/zero 2>/dev/null | dd of=/root/dummy_snapshot_data_1.img bs=1M count=1024 iflag=fullblock status=progress; ec=$?; _bs pipeline_done; _bs guest_end; exit $ec'
2026-05-15 08:41:55,618 DEBUG   BULK_SNAP_T guest_start 1778802082.182449209
2026-05-15 08:41:55,619 DEBUG   BULK_SNAP_T pipeline_start 1778802082.188937609
2026-05-15 08:41:55,619 DEBUG   BULK_SNAP_T pipeline_done 1778802114.156167302
2026-05-15 08:41:55,619 DEBUG   BULK_SNAP_T guest_end 1778802114.161301054
2026-05-15 08:41:55,619 DEBUG   
2026-05-15 08:41:55,619 DEBUG   20971520 bytes (21 MB) copied, 1.155033 s, 18.2 MB/s
2026-05-15 08:41:55,619 DEBUG   35651584 bytes (36 MB) copied, 2.209065 s, 16.1 MB/s
2026-05-15 08:41:55,619 DEBUG   63963136 bytes (64 MB) copied, 3.268095 s, 19.6 MB/s
2026-05-15 08:41:55,619 DEBUG   97517568 bytes (98 MB) copied, 4.285237 s, 22.8 MB/s
2026-05-15 08:41:55,619 DEBUG   128974848 bytes (129 MB) copied, 5.291234 s, 24.4 MB/s
2026-05-15 08:41:55,619 DEBUG   165675008 bytes (166 MB) copied, 6.298976 s, 26.3 MB/s
2026-05-15 08:41:55,619 DEBUG   197132288 bytes (197 MB) copied, 7.310078 s, 27.0 MB/s
2026-05-15 08:41:55,619 DEBUG   230686720 bytes (231 MB) copied, 8.317297 s, 27.7 MB/s
2026-05-15 08:41:55,619 DEBUG   269484032 bytes (269 MB) copied, 9.328024 s, 28.9 MB/s
2026-05-15 08:41:55,619 DEBUG   305135616 bytes (305 MB) copied, 10.332076 s, 29.5 MB/s
2026-05-15 08:41:55,619 DEBUG   342884352 bytes (343 MB) copied, 11.334030 s, 30.3 MB/s
2026-05-15 08:41:55,619 DEBUG   378535936 bytes (379 MB) copied, 12.360063 s, 30.6 MB/s
2026-05-15 08:41:55,619 DEBUG   415236096 bytes (415 MB) copied, 13.404157 s, 31.0 MB/s
2026-05-15 08:41:55,619 DEBUG   450887680 bytes (451 MB) copied, 14.408970 s, 31.3 MB/s
2026-05-15 08:41:55,619 DEBUG   488636416 bytes (489 MB) copied, 15.421045 s, 31.7 MB/s
2026-05-15 08:41:55,619 DEBUG   521142272 bytes (521 MB) copied, 16.424957 s, 31.7 MB/s
2026-05-15 08:41:55,619 DEBUG   554696704 bytes (555 MB) copied, 17.433065 s, 31.8 MB/s
2026-05-15 08:41:55,619 DEBUG   593494016 bytes (593 MB) copied, 18.441319 s, 32.2 MB/s
2026-05-15 08:41:55,619 DEBUG   630194176 bytes (630 MB) copied, 19.444955 s, 32.4 MB/s
2026-05-15 08:41:55,619 DEBUG   665845760 bytes (666 MB) copied, 20.454421 s, 32.6 MB/s
2026-05-15 08:41:55,619 DEBUG   698351616 bytes (698 MB) copied, 21.485042 s, 32.5 MB/s
2026-05-15 08:41:55,619 DEBUG   739246080 bytes (739 MB) copied, 22.503121 s, 32.9 MB/s
2026-05-15 08:41:55,619 DEBUG   782237696 bytes (782 MB) copied, 23.509007 s, 33.3 MB/s
2026-05-15 08:41:55,620 DEBUG   826277888 bytes (826 MB) copied, 24.523073 s, 33.7 MB/s
2026-05-15 08:41:55,620 DEBUG   864026624 bytes (864 MB) copied, 25.525996 s, 33.8 MB/s
2026-05-15 08:41:55,620 DEBUG   901775360 bytes (902 MB) copied, 26.567027 s, 33.9 MB/s
2026-05-15 08:41:55,620 DEBUG   938475520 bytes (938 MB) copied, 27.575035 s, 34.0 MB/s
2026-05-15 08:41:55,620 DEBUG   974127104 bytes (974 MB) copied, 28.623999 s, 34.0 MB/s
2026-05-15 08:41:55,620 DEBUG   1005584384 bytes (1.0 GB) copied, 29.644417 s, 33.9 MB/s
2026-05-15 08:41:55,620 DEBUG   1034944512 bytes (1.0 GB) copied, 30.665989 s, 33.7 MB/s
2026-05-15 08:41:55,620 DEBUG   1068498944 bytes (1.1 GB) copied, 31.669527 s, 33.7 MB/s
2026-05-15 08:41:55,620 DEBUG   1024+0 records in
2026-05-15 08:41:55,620 DEBUG   1024+0 records out
2026-05-15 08:41:55,620 DEBUG   1073741824 bytes (1.1 GB) copied, 31.8251 s, 33.7 MB/s
2026-05-15 08:41:55,620 DEBUG   OK (disk op exit 0)
2026-05-15 08:41:55,620 WARNING Guest disk op wall 34.0s (vm='ahv_ins_delete-0-260514-185840' ip=10.114.51.247 op=create ec=0) — includes SSH + guest disk command; if still high, check guest disk throughput vs. MiB settings.
2026-05-15 08:41:55,620 DEBUG [85/126] VM e06a3390… (ahv_ins_delete-0-260514-190948) via 10.114.53.0 op=create
2026-05-15 08:41:55,621 DEBUG   remote: bash -lc 'set -e; _bs(){ printf '"'"'BULK_SNAP_T %s %s\n'"'"' "$1" "$(date +%s.%N 2>/dev/null || date +%s)"; }; _bs guest_start; _bs pipeline_start; openssl enc -aes-256-ctr -pass pass:"testing" -nosalt < /dev/zero 2>/dev/null | dd of=/root/dummy_snapshot_data_1.img bs=1M count=1024 iflag=fullblock status=progress; ec=$?; _bs pipeline_done; _bs guest_end; exit $ec'
2026-05-15 08:41:57,625 DEBUG   BULK_SNAP_T guest_start 1778802092.277650748
2026-05-15 08:41:57,626 DEBUG   BULK_SNAP_T pipeline_start 1778802092.281884680
2026-05-15 08:41:57,626 DEBUG   BULK_SNAP_T pipeline_done 1778802116.786266524
2026-05-15 08:41:57,626 DEBUG   BULK_SNAP_T guest_end 1778802116.789625909
2026-05-15 08:41:57,626 DEBUG   
2026-05-15 08:41:57,626 DEBUG   32505856 bytes (33 MB) copied, 1.021286 s, 31.8 MB/s
2026-05-15 08:41:57,626 DEBUG   58720256 bytes (59 MB) copied, 2.081354 s, 28.2 MB/s
2026-05-15 08:41:57,626 DEBUG   95420416 bytes (95 MB) copied, 3.124278 s, 30.5 MB/s
2026-05-15 08:41:57,626 DEBUG   140509184 bytes (141 MB) copied, 4.129100 s, 34.0 MB/s
2026-05-15 08:41:57,626 DEBUG   180355072 bytes (180 MB) copied, 5.148016 s, 35.0 MB/s
2026-05-15 08:41:57,626 DEBUG   217055232 bytes (217 MB) copied, 6.181074 s, 35.1 MB/s
2026-05-15 08:41:57,626 DEBUG   258998272 bytes (259 MB) copied, 7.186038 s, 36.0 MB/s
2026-05-15 08:41:57,626 DEBUG   299892736 bytes (300 MB) copied, 8.192082 s, 36.6 MB/s
2026-05-15 08:41:57,626 DEBUG   343932928 bytes (344 MB) copied, 9.216076 s, 37.3 MB/s
2026-05-15 08:41:57,626 DEBUG   380633088 bytes (381 MB) copied, 10.228987 s, 37.2 MB/s
2026-05-15 08:41:57,626 DEBUG   416284672 bytes (416 MB) copied, 11.235123 s, 37.1 MB/s
2026-05-15 08:41:57,626 DEBUG   456130560 bytes (456 MB) copied, 12.284975 s, 37.1 MB/s
2026-05-15 08:41:57,626 DEBUG   508559360 bytes (509 MB) copied, 13.295042 s, 38.3 MB/s
2026-05-15 08:41:57,626 DEBUG   551550976 bytes (552 MB) copied, 14.301989 s, 38.6 MB/s
2026-05-15 08:41:57,626 DEBUG   606076928 bytes (606 MB) copied, 15.324984 s, 39.5 MB/s
2026-05-15 08:41:57,626 DEBUG   656408576 bytes (656 MB) copied, 16.329085 s, 40.2 MB/s
2026-05-15 08:41:57,626 DEBUG   705691648 bytes (706 MB) copied, 17.352453 s, 40.7 MB/s
2026-05-15 08:41:57,626 DEBUG   735051776 bytes (735 MB) copied, 18.362987 s, 40.0 MB/s
2026-05-15 08:41:57,626 DEBUG   776994816 bytes (777 MB) copied, 19.366957 s, 40.1 MB/s
2026-05-15 08:41:57,626 DEBUG   840957952 bytes (841 MB) copied, 20.376044 s, 41.3 MB/s
2026-05-15 08:41:57,626 DEBUG   901775360 bytes (902 MB) copied, 21.383034 s, 42.2 MB/s
2026-05-15 08:41:57,626 DEBUG   959447040 bytes (959 MB) copied, 22.385423 s, 42.9 MB/s
2026-05-15 08:41:57,626 DEBUG   1011875840 bytes (1.0 GB) copied, 23.450981 s, 43.1 MB/s
2026-05-15 08:41:57,626 DEBUG   1024+0 records in
2026-05-15 08:41:57,626 DEBUG   1024+0 records out
2026-05-15 08:41:57,626 DEBUG   1073741824 bytes (1.1 GB) copied, 24.3891 s, 44.0 MB/s
2026-05-15 08:41:57,626 DEBUG   OK (disk op exit 0)
2026-05-15 08:41:57,626 WARNING Guest disk op wall 26.3s (vm='ahv_ins_delete-0-260514-190347' ip=10.114.51.63 op=create ec=0) — includes SSH + guest disk command; if still high, check guest disk throughput vs. MiB settings.
2026-05-15 08:41:57,627 DEBUG [86/126] VM c2609b16… (ahv_ins_delete-0-260514-191505) via 10.114.49.22 op=create
2026-05-15 08:41:57,627 DEBUG   remote: bash -lc 'set -e; _bs(){ printf '"'"'BULK_SNAP_T %s %s\n'"'"' "$1" "$(date +%s.%N 2>/dev/null || date +%s)"; }; _bs guest_start; _bs pipeline_start; openssl enc -aes-256-ctr -pass pass:"testing" -nosalt < /dev/zero 2>/dev/null | dd of=/root/dummy_snapshot_data_1.img bs=1M count=1024 iflag=fullblock status=progress; ec=$?; _bs pipeline_done; _bs guest_end; exit $ec'
2026-05-15 08:42:00,876 DEBUG   BULK_SNAP_T guest_start 1778802094.199679542
2026-05-15 08:42:00,877 DEBUG   BULK_SNAP_T pipeline_start 1778802094.215494380
2026-05-15 08:42:00,877 DEBUG   BULK_SNAP_T pipeline_done 1778802120.264010708
2026-05-15 08:42:00,877 DEBUG   BULK_SNAP_T guest_end 1778802120.266340554
2026-05-15 08:42:00,877 DEBUG   
2026-05-15 08:42:00,877 DEBUG   32505856 bytes (33 MB) copied, 1.104923 s, 29.4 MB/s
2026-05-15 08:42:00,877 DEBUG   60817408 bytes (61 MB) copied, 2.202807 s, 27.6 MB/s
2026-05-15 08:42:00,877 DEBUG   97517568 bytes (98 MB) copied, 3.208536 s, 30.4 MB/s
2026-05-15 08:42:00,877 DEBUG   131072000 bytes (131 MB) copied, 4.208553 s, 31.1 MB/s
2026-05-15 08:42:00,877 DEBUG   161480704 bytes (161 MB) copied, 5.219703 s, 30.9 MB/s
2026-05-15 08:42:00,877 DEBUG   191889408 bytes (192 MB) copied, 6.232581 s, 30.8 MB/s
2026-05-15 08:42:00,877 DEBUG   239075328 bytes (239 MB) copied, 7.248670 s, 33.0 MB/s
2026-05-15 08:42:00,877 DEBUG   277872640 bytes (278 MB) copied, 8.266594 s, 33.6 MB/s
2026-05-15 08:42:00,877 DEBUG   309329920 bytes (309 MB) copied, 9.270645 s, 33.4 MB/s
2026-05-15 08:42:00,877 DEBUG   349175808 bytes (349 MB) copied, 10.291542 s, 33.9 MB/s
2026-05-15 08:42:00,877 DEBUG   387973120 bytes (388 MB) copied, 11.305543 s, 34.3 MB/s
2026-05-15 08:42:00,877 DEBUG   443547648 bytes (444 MB) copied, 12.326524 s, 36.0 MB/s
2026-05-15 08:42:00,877 DEBUG   493879296 bytes (494 MB) copied, 13.360562 s, 37.0 MB/s
2026-05-15 08:42:00,877 DEBUG   548405248 bytes (548 MB) copied, 14.362550 s, 38.2 MB/s
2026-05-15 08:42:00,877 DEBUG   601882624 bytes (602 MB) copied, 15.371561 s, 39.2 MB/s
2026-05-15 08:42:00,877 DEBUG   648019968 bytes (648 MB) copied, 16.405532 s, 39.5 MB/s
2026-05-15 08:42:00,877 DEBUG   699400192 bytes (699 MB) copied, 17.420510 s, 40.1 MB/s
2026-05-15 08:42:00,877 DEBUG   739246080 bytes (739 MB) copied, 18.451552 s, 40.1 MB/s
2026-05-15 08:42:00,877 DEBUG   780140544 bytes (780 MB) copied, 19.457979 s, 40.1 MB/s
2026-05-15 08:42:00,877 DEBUG   821035008 bytes (821 MB) copied, 20.472538 s, 40.1 MB/s
2026-05-15 08:42:00,877 DEBUG   860880896 bytes (861 MB) copied, 21.474668 s, 40.1 MB/s
2026-05-15 08:42:00,877 DEBUG   914358272 bytes (914 MB) copied, 22.489642 s, 40.7 MB/s
2026-05-15 08:42:00,877 DEBUG   960495616 bytes (960 MB) copied, 23.498880 s, 40.9 MB/s
2026-05-15 08:42:00,877 DEBUG   1020264448 bytes (1.0 GB) copied, 24.557557 s, 41.5 MB/s
2026-05-15 08:42:00,877 DEBUG   1060110336 bytes (1.1 GB) copied, 25.627590 s, 41.4 MB/s
2026-05-15 08:42:00,877 DEBUG   1024+0 records in
2026-05-15 08:42:00,877 DEBUG   1024+0 records out
2026-05-15 08:42:00,877 DEBUG   1073741824 bytes (1.1 GB) copied, 25.9096 s, 41.4 MB/s
2026-05-15 08:42:00,877 DEBUG   OK (disk op exit 0)
2026-05-15 08:42:00,878 WARNING Guest disk op wall 28.0s (vm='ahv_ins_delete-0-260514-190402' ip=10.114.50.102 op=create ec=0) — includes SSH + guest disk command; if still high, check guest disk throughput vs. MiB settings.
2026-05-15 08:42:00,878 DEBUG [87/126] VM f6cbb609… (ahv_ins_delete-0-260514-191510) via 10.114.49.101 op=create
2026-05-15 08:42:00,878 DEBUG   remote: bash -lc 'set -e; _bs(){ printf '"'"'BULK_SNAP_T %s %s\n'"'"' "$1" "$(date +%s.%N 2>/dev/null || date +%s)"; }; _bs guest_start; _bs pipeline_start; openssl enc -aes-256-ctr -pass pass:"testing" -nosalt < /dev/zero 2>/dev/null | dd of=/root/dummy_snapshot_data_1.img bs=1M count=1024 iflag=fullblock status=progress; ec=$?; _bs pipeline_done; _bs guest_end; exit $ec'
2026-05-15 08:42:02,377 DEBUG   BULK_SNAP_T guest_start 1778802091.528024715
2026-05-15 08:42:02,378 DEBUG   BULK_SNAP_T pipeline_start 1778802091.532963611
2026-05-15 08:42:02,378 DEBUG   BULK_SNAP_T pipeline_done 1778802120.927736961
2026-05-15 08:42:02,378 DEBUG   BULK_SNAP_T guest_end 1778802120.943115248
2026-05-15 08:42:02,378 DEBUG   
2026-05-15 08:42:02,378 DEBUG   35651584 bytes (36 MB) copied, 1.170590 s, 30.5 MB/s
2026-05-15 08:42:02,378 DEBUG   62914560 bytes (63 MB) copied, 2.214431 s, 28.4 MB/s
2026-05-15 08:42:02,378 DEBUG   98566144 bytes (99 MB) copied, 3.228268 s, 30.5 MB/s
2026-05-15 08:42:02,378 DEBUG   138412032 bytes (138 MB) copied, 4.262093 s, 32.5 MB/s
2026-05-15 08:42:02,378 DEBUG   176160768 bytes (176 MB) copied, 5.272113 s, 33.4 MB/s
2026-05-15 08:42:02,378 DEBUG   214958080 bytes (215 MB) copied, 6.282074 s, 34.2 MB/s
2026-05-15 08:42:02,378 DEBUG   256901120 bytes (257 MB) copied, 7.324042 s, 35.1 MB/s
2026-05-15 08:42:02,378 DEBUG   288358400 bytes (288 MB) copied, 8.330165 s, 34.6 MB/s
2026-05-15 08:42:02,378 DEBUG   332398592 bytes (332 MB) copied, 9.371142 s, 35.5 MB/s
2026-05-15 08:42:02,378 DEBUG   377487360 bytes (377 MB) copied, 10.378490 s, 36.4 MB/s
2026-05-15 08:42:02,378 DEBUG   418381824 bytes (418 MB) copied, 11.423174 s, 36.6 MB/s
2026-05-15 08:42:02,378 DEBUG   459276288 bytes (459 MB) copied, 12.437242 s, 36.9 MB/s
2026-05-15 08:42:02,378 DEBUG   488636416 bytes (489 MB) copied, 13.479128 s, 36.3 MB/s
2026-05-15 08:42:02,378 DEBUG   531628032 bytes (532 MB) copied, 14.495142 s, 36.7 MB/s
2026-05-15 08:42:02,378 DEBUG   574619648 bytes (575 MB) copied, 15.515453 s, 37.0 MB/s
2026-05-15 08:42:02,378 DEBUG   614465536 bytes (614 MB) copied, 16.521093 s, 37.2 MB/s
2026-05-15 08:42:02,378 DEBUG   650117120 bytes (650 MB) copied, 17.562053 s, 37.0 MB/s
2026-05-15 08:42:02,378 DEBUG   689963008 bytes (690 MB) copied, 18.577094 s, 37.1 MB/s
2026-05-15 08:42:02,378 DEBUG   724566016 bytes (725 MB) copied, 19.581057 s, 37.0 MB/s
2026-05-15 08:42:02,378 DEBUG   765460480 bytes (765 MB) copied, 20.600072 s, 37.2 MB/s
2026-05-15 08:42:02,378 DEBUG   804257792 bytes (804 MB) copied, 21.600440 s, 37.2 MB/s
2026-05-15 08:42:02,378 DEBUG   847249408 bytes (847 MB) copied, 22.611042 s, 37.5 MB/s
2026-05-15 08:42:02,378 DEBUG   883949568 bytes (884 MB) copied, 23.630116 s, 37.4 MB/s
2026-05-15 08:42:02,378 DEBUG   919601152 bytes (920 MB) copied, 24.637120 s, 37.3 MB/s
2026-05-15 08:42:02,378 DEBUG   956301312 bytes (956 MB) copied, 25.645090 s, 37.3 MB/s
2026-05-15 08:42:02,378 DEBUG   996147200 bytes (996 MB) copied, 26.668049 s, 37.4 MB/s
2026-05-15 08:42:02,378 DEBUG   1042284544 bytes (1.0 GB) copied, 27.682539 s, 37.7 MB/s
2026-05-15 08:42:02,378 DEBUG   1024+0 records in
2026-05-15 08:42:02,378 DEBUG   1024+0 records out
2026-05-15 08:42:02,378 DEBUG   1073741824 bytes (1.1 GB) copied, 28.5753 s, 37.6 MB/s
2026-05-15 08:42:02,378 DEBUG   OK (disk op exit 0)
2026-05-15 08:42:02,378 WARNING Guest disk op wall 31.8s (vm='ahv_ins_delete-0-260514-190346' ip=10.114.54.69 op=create ec=0) — includes SSH + guest disk command; if still high, check guest disk throughput vs. MiB settings.
2026-05-15 08:42:02,379 DEBUG [88/126] VM ca917593… (ahv_ins_delete-0-260514-191520) via 10.114.54.43 op=create
2026-05-15 08:42:02,379 DEBUG   remote: bash -lc 'set -e; _bs(){ printf '"'"'BULK_SNAP_T %s %s\n'"'"' "$1" "$(date +%s.%N 2>/dev/null || date +%s)"; }; _bs guest_start; _bs pipeline_start; openssl enc -aes-256-ctr -pass pass:"testing" -nosalt < /dev/zero 2>/dev/null | dd of=/root/dummy_snapshot_data_1.img bs=1M count=1024 iflag=fullblock status=progress; ec=$?; _bs pipeline_done; _bs guest_end; exit $ec'
2026-05-15 08:42:04,379 DEBUG   BULK_SNAP_T guest_start 1778802093.070226377
2026-05-15 08:42:04,379 DEBUG   BULK_SNAP_T pipeline_start 1778802093.080842080
2026-05-15 08:42:04,379 DEBUG   BULK_SNAP_T pipeline_done 1778802122.957510550
2026-05-15 08:42:04,379 DEBUG   BULK_SNAP_T guest_end 1778802123.365989079
2026-05-15 08:42:04,379 DEBUG   
2026-05-15 08:42:04,379 DEBUG   34603008 bytes (35 MB) copied, 1.186632 s, 29.2 MB/s
2026-05-15 08:42:04,379 DEBUG   59768832 bytes (60 MB) copied, 2.251641 s, 26.5 MB/s
2026-05-15 08:42:04,379 DEBUG   94371840 bytes (94 MB) copied, 3.288677 s, 28.7 MB/s
2026-05-15 08:42:04,379 DEBUG   137363456 bytes (137 MB) copied, 4.339511 s, 31.7 MB/s
2026-05-15 08:42:04,379 DEBUG   170917888 bytes (171 MB) copied, 5.376539 s, 31.8 MB/s
2026-05-15 08:42:04,379 DEBUG   210763776 bytes (211 MB) copied, 6.378467 s, 33.0 MB/s
2026-05-15 08:42:04,379 DEBUG   251658240 bytes (252 MB) copied, 7.401429 s, 34.0 MB/s
2026-05-15 08:42:04,379 DEBUG   288358400 bytes (288 MB) copied, 8.413530 s, 34.3 MB/s
2026-05-15 08:42:04,379 DEBUG   327155712 bytes (327 MB) copied, 9.425517 s, 34.7 MB/s
2026-05-15 08:42:04,379 DEBUG   367001600 bytes (367 MB) copied, 10.497429 s, 35.0 MB/s
2026-05-15 08:42:04,379 DEBUG   402653184 bytes (403 MB) copied, 11.512449 s, 35.0 MB/s
2026-05-15 08:42:04,379 DEBUG   442499072 bytes (442 MB) copied, 12.535421 s, 35.3 MB/s
2026-05-15 08:42:04,379 DEBUG   484442112 bytes (484 MB) copied, 13.550530 s, 35.8 MB/s
2026-05-15 08:42:04,379 DEBUG   528482304 bytes (528 MB) copied, 14.554752 s, 36.3 MB/s
2026-05-15 08:42:04,379 DEBUG   571473920 bytes (571 MB) copied, 15.561376 s, 36.7 MB/s
2026-05-15 08:42:04,379 DEBUG   606076928 bytes (606 MB) copied, 16.561391 s, 36.6 MB/s
2026-05-15 08:42:04,379 DEBUG   639631360 bytes (640 MB) copied, 17.587369 s, 36.4 MB/s
2026-05-15 08:42:04,379 DEBUG   672137216 bytes (672 MB) copied, 18.620475 s, 36.1 MB/s
2026-05-15 08:42:04,379 DEBUG   711983104 bytes (712 MB) copied, 19.649498 s, 36.2 MB/s
2026-05-15 08:42:04,379 DEBUG   741343232 bytes (741 MB) copied, 20.717574 s, 35.8 MB/s
2026-05-15 08:42:04,379 DEBUG   769654784 bytes (770 MB) copied, 21.726396 s, 35.4 MB/s
2026-05-15 08:42:04,379 DEBUG   797966336 bytes (798 MB) copied, 22.743692 s, 35.1 MB/s
2026-05-15 08:42:04,379 DEBUG   833617920 bytes (834 MB) copied, 23.782470 s, 35.1 MB/s
2026-05-15 08:42:04,379 DEBUG   873463808 bytes (873 MB) copied, 24.801427 s, 35.2 MB/s
2026-05-15 08:42:04,379 DEBUG   909115392 bytes (909 MB) copied, 25.829429 s, 35.2 MB/s
2026-05-15 08:42:04,379 DEBUG   945815552 bytes (946 MB) copied, 26.839405 s, 35.2 MB/s
2026-05-15 08:42:04,379 DEBUG   986710016 bytes (987 MB) copied, 27.852428 s, 35.4 MB/s
2026-05-15 08:42:04,379 DEBUG   1032847360 bytes (1.0 GB) copied, 28.863538 s, 35.8 MB/s
2026-05-15 08:42:04,379 DEBUG   1024+0 records in
2026-05-15 08:42:04,379 DEBUG   1024+0 records out
2026-05-15 08:42:04,379 DEBUG   1073741824 bytes (1.1 GB) copied, 29.7405 s, 36.1 MB/s
2026-05-15 08:42:04,379 DEBUG   OK (disk op exit 0)
2026-05-15 08:42:04,380 WARNING Guest disk op wall 32.0s (vm='ahv_ins_delete-0-260514-190352' ip=10.114.51.8 op=create ec=0) — includes SSH + guest disk command; if still high, check guest disk throughput vs. MiB settings.
2026-05-15 08:42:04,380 DEBUG [89/126] VM 74313f6f… (ahv_ins_delete-0-260514-191527) via 10.114.49.145 op=create
2026-05-15 08:42:04,380 DEBUG   remote: bash -lc 'set -e; _bs(){ printf '"'"'BULK_SNAP_T %s %s\n'"'"' "$1" "$(date +%s.%N 2>/dev/null || date +%s)"; }; _bs guest_start; _bs pipeline_start; openssl enc -aes-256-ctr -pass pass:"testing" -nosalt < /dev/zero 2>/dev/null | dd of=/root/dummy_snapshot_data_1.img bs=1M count=1024 iflag=fullblock status=progress; ec=$?; _bs pipeline_done; _bs guest_end; exit $ec'
2026-05-15 08:42:08,881 DEBUG   BULK_SNAP_T guest_start 1778802097.849845542
2026-05-15 08:42:08,881 DEBUG   BULK_SNAP_T pipeline_start 1778802097.854406975
2026-05-15 08:42:08,881 DEBUG   BULK_SNAP_T pipeline_done 1778802127.608587426
2026-05-15 08:42:08,881 DEBUG   BULK_SNAP_T guest_end 1778802127.617460089
2026-05-15 08:42:08,881 DEBUG   
2026-05-15 08:42:08,881 DEBUG   27262976 bytes (27 MB) copied, 1.063903 s, 25.6 MB/s
2026-05-15 08:42:08,881 DEBUG   47185920 bytes (47 MB) copied, 2.156191 s, 21.9 MB/s
2026-05-15 08:42:08,881 DEBUG   60817408 bytes (61 MB) copied, 3.303169 s, 18.4 MB/s
2026-05-15 08:42:08,881 DEBUG   97517568 bytes (98 MB) copied, 4.307990 s, 22.6 MB/s
2026-05-15 08:42:08,881 DEBUG   134217728 bytes (134 MB) copied, 5.331194 s, 25.2 MB/s
2026-05-15 08:42:08,881 DEBUG   166723584 bytes (167 MB) copied, 6.333129 s, 26.3 MB/s
2026-05-15 08:42:08,881 DEBUG   202375168 bytes (202 MB) copied, 7.347966 s, 27.5 MB/s
2026-05-15 08:42:08,881 DEBUG   248512512 bytes (249 MB) copied, 8.388985 s, 29.6 MB/s
2026-05-15 08:42:08,881 DEBUG   291504128 bytes (292 MB) copied, 9.394942 s, 31.0 MB/s
2026-05-15 08:42:08,881 DEBUG   335544320 bytes (336 MB) copied, 10.408007 s, 32.2 MB/s
2026-05-15 08:42:08,881 DEBUG   375390208 bytes (375 MB) copied, 11.419073 s, 32.9 MB/s
2026-05-15 08:42:08,881 DEBUG   411041792 bytes (411 MB) copied, 12.436902 s, 33.1 MB/s
2026-05-15 08:42:08,881 DEBUG   447741952 bytes (448 MB) copied, 13.465959 s, 33.2 MB/s
2026-05-15 08:42:08,881 DEBUG   481296384 bytes (481 MB) copied, 14.508035 s, 33.2 MB/s
2026-05-15 08:42:08,881 DEBUG   513802240 bytes (514 MB) copied, 15.510907 s, 33.1 MB/s
2026-05-15 08:42:08,881 DEBUG   550502400 bytes (551 MB) copied, 16.609894 s, 33.1 MB/s
2026-05-15 08:42:08,881 DEBUG   586153984 bytes (586 MB) copied, 17.649003 s, 33.2 MB/s
2026-05-15 08:42:08,881 DEBUG   613416960 bytes (613 MB) copied, 18.660934 s, 32.9 MB/s
2026-05-15 08:42:08,881 DEBUG   659554304 bytes (660 MB) copied, 19.680936 s, 33.5 MB/s
2026-05-15 08:42:08,881 DEBUG   695205888 bytes (695 MB) copied, 20.708116 s, 33.6 MB/s
2026-05-15 08:42:08,881 DEBUG   736100352 bytes (736 MB) copied, 21.719971 s, 33.9 MB/s
2026-05-15 08:42:08,882 DEBUG   776994816 bytes (777 MB) copied, 22.739894 s, 34.2 MB/s
2026-05-15 08:42:08,882 DEBUG   826277888 bytes (826 MB) copied, 23.749063 s, 34.8 MB/s
2026-05-15 08:42:08,882 DEBUG   874512384 bytes (875 MB) copied, 24.808438 s, 35.3 MB/s
2026-05-15 08:42:08,882 DEBUG   925892608 bytes (926 MB) copied, 25.815277 s, 35.9 MB/s
2026-05-15 08:42:08,882 DEBUG   968884224 bytes (969 MB) copied, 26.847880 s, 36.1 MB/s
2026-05-15 08:42:08,882 DEBUG   1010827264 bytes (1.0 GB) copied, 27.890951 s, 36.2 MB/s
2026-05-15 08:42:08,882 DEBUG   1050673152 bytes (1.1 GB) copied, 28.957495 s, 36.3 MB/s
2026-05-15 08:42:08,882 DEBUG   1024+0 records in
2026-05-15 08:42:08,882 DEBUG   1024+0 records out
2026-05-15 08:42:08,882 DEBUG   1073741824 bytes (1.1 GB) copied, 29.5932 s, 36.3 MB/s
2026-05-15 08:42:08,882 DEBUG   OK (disk op exit 0)
2026-05-15 08:42:08,882 WARNING Guest disk op wall 32.0s (vm='ahv_ins_delete-0-260514-190412' ip=10.114.51.146 op=create ec=0) — includes SSH + guest disk command; if still high, check guest disk throughput vs. MiB settings.
2026-05-15 08:42:08,882 DEBUG [90/126] VM 6e5880fb… (ahv_ins_delete-0-260514-191530) via 10.114.50.38 op=create
2026-05-15 08:42:08,882 DEBUG   remote: bash -lc 'set -e; _bs(){ printf '"'"'BULK_SNAP_T %s %s\n'"'"' "$1" "$(date +%s.%N 2>/dev/null || date +%s)"; }; _bs guest_start; _bs pipeline_start; openssl enc -aes-256-ctr -pass pass:"testing" -nosalt < /dev/zero 2>/dev/null | dd of=/root/dummy_snapshot_data_1.img bs=1M count=1024 iflag=fullblock status=progress; ec=$?; _bs pipeline_done; _bs guest_end; exit $ec'
2026-05-15 08:42:12,883 DEBUG   BULK_SNAP_T guest_start 1778802102.301707374
2026-05-15 08:42:12,883 DEBUG   BULK_SNAP_T pipeline_start 1778802102.306462430
2026-05-15 08:42:12,883 DEBUG   BULK_SNAP_T pipeline_done 1778802132.057420795
2026-05-15 08:42:12,883 DEBUG   BULK_SNAP_T guest_end 1778802132.061603999
2026-05-15 08:42:12,883 DEBUG   
2026-05-15 08:42:12,883 DEBUG   22020096 bytes (22 MB) copied, 1.198161 s, 18.4 MB/s
2026-05-15 08:42:12,883 DEBUG   46137344 bytes (46 MB) copied, 2.378075 s, 19.4 MB/s
2026-05-15 08:42:12,883 DEBUG   72351744 bytes (72 MB) copied, 3.402992 s, 21.3 MB/s
2026-05-15 08:42:12,883 DEBUG   112197632 bytes (112 MB) copied, 4.502051 s, 24.9 MB/s
2026-05-15 08:42:12,883 DEBUG   158334976 bytes (158 MB) copied, 5.509894 s, 28.7 MB/s
2026-05-15 08:42:12,883 DEBUG   195035136 bytes (195 MB) copied, 6.517759 s, 29.9 MB/s
2026-05-15 08:42:12,883 DEBUG   234881024 bytes (235 MB) copied, 7.519747 s, 31.2 MB/s
2026-05-15 08:42:12,883 DEBUG   267386880 bytes (267 MB) copied, 8.534255 s, 31.3 MB/s
2026-05-15 08:42:12,883 DEBUG   300941312 bytes (301 MB) copied, 9.566722 s, 31.5 MB/s
2026-05-15 08:42:12,883 DEBUG   330301440 bytes (330 MB) copied, 10.578763 s, 31.2 MB/s
2026-05-15 08:42:12,883 DEBUG   361758720 bytes (362 MB) copied, 11.608762 s, 31.2 MB/s
2026-05-15 08:42:12,883 DEBUG   398458880 bytes (398 MB) copied, 12.611751 s, 31.6 MB/s
2026-05-15 08:42:12,883 DEBUG   441450496 bytes (441 MB) copied, 13.618709 s, 32.4 MB/s
2026-05-15 08:42:12,883 DEBUG   481296384 bytes (481 MB) copied, 14.621090 s, 32.9 MB/s
2026-05-15 08:42:12,883 DEBUG   520093696 bytes (520 MB) copied, 15.672677 s, 33.2 MB/s
2026-05-15 08:42:12,883 DEBUG   558891008 bytes (559 MB) copied, 16.710781 s, 33.4 MB/s
2026-05-15 08:42:12,883 DEBUG   600834048 bytes (601 MB) copied, 17.714961 s, 33.9 MB/s
2026-05-15 08:42:12,883 DEBUG   641728512 bytes (642 MB) copied, 18.717968 s, 34.3 MB/s
2026-05-15 08:42:12,883 DEBUG   683671552 bytes (684 MB) copied, 19.742773 s, 34.6 MB/s
2026-05-15 08:42:12,884 DEBUG   725614592 bytes (726 MB) copied, 20.775165 s, 34.9 MB/s
2026-05-15 08:42:12,884 DEBUG   768606208 bytes (769 MB) copied, 21.818717 s, 35.2 MB/s
2026-05-15 08:42:12,884 DEBUG   815792128 bytes (816 MB) copied, 22.854798 s, 35.7 MB/s
2026-05-15 08:42:12,884 DEBUG   860880896 bytes (861 MB) copied, 23.855940 s, 36.1 MB/s
2026-05-15 08:42:12,884 DEBUG   892338176 bytes (892 MB) copied, 24.872688 s, 35.9 MB/s
2026-05-15 08:42:12,884 DEBUG   922746880 bytes (923 MB) copied, 25.915714 s, 35.6 MB/s
2026-05-15 08:42:12,884 DEBUG   970981376 bytes (971 MB) copied, 26.919229 s, 36.1 MB/s
2026-05-15 08:42:12,884 DEBUG   1007681536 bytes (1.0 GB) copied, 27.968906 s, 36.0 MB/s
2026-05-15 08:42:12,884 DEBUG   1047527424 bytes (1.0 GB) copied, 28.981147 s, 36.1 MB/s
2026-05-15 08:42:12,884 DEBUG   1024+0 records in
2026-05-15 08:42:12,884 DEBUG   1024+0 records out
2026-05-15 08:42:12,884 DEBUG   1073741824 bytes (1.1 GB) copied, 29.5324 s, 36.4 MB/s
2026-05-15 08:42:12,884 DEBUG   OK (disk op exit 0)
2026-05-15 08:42:12,884 WARNING Guest disk op wall 31.8s (vm='ahv_ins_delete-0-260514-190937' ip=10.114.48.23 op=create ec=0) — includes SSH + guest disk command; if still high, check guest disk throughput vs. MiB settings.
2026-05-15 08:42:12,884 DEBUG [91/126] VM c3a6ba7b… (ahv_ins_delete-0-260514-192054) via 10.114.51.142 op=create
2026-05-15 08:42:12,884 DEBUG   remote: bash -lc 'set -e; _bs(){ printf '"'"'BULK_SNAP_T %s %s\n'"'"' "$1" "$(date +%s.%N 2>/dev/null || date +%s)"; }; _bs guest_start; _bs pipeline_start; openssl enc -aes-256-ctr -pass pass:"testing" -nosalt < /dev/zero 2>/dev/null | dd of=/root/dummy_snapshot_data_1.img bs=1M count=1024 iflag=fullblock status=progress; ec=$?; _bs pipeline_done; _bs guest_end; exit $ec'
2026-05-15 08:42:17,387 DEBUG   BULK_SNAP_T guest_start 1778802106.905474646
2026-05-15 08:42:17,387 DEBUG   BULK_SNAP_T pipeline_start 1778802106.915714198
2026-05-15 08:42:17,387 DEBUG   BULK_SNAP_T pipeline_done 1778802136.092136371
2026-05-15 08:42:17,387 DEBUG   BULK_SNAP_T guest_end 1778802136.103884335
2026-05-15 08:42:17,387 DEBUG   
2026-05-15 08:42:17,387 DEBUG   31457280 bytes (31 MB) copied, 1.069190 s, 29.4 MB/s
2026-05-15 08:42:17,387 DEBUG   57671680 bytes (58 MB) copied, 2.130886 s, 27.1 MB/s
2026-05-15 08:42:17,387 DEBUG   97517568 bytes (98 MB) copied, 3.241505 s, 30.1 MB/s
2026-05-15 08:42:17,387 DEBUG   134217728 bytes (134 MB) copied, 4.250495 s, 31.6 MB/s
2026-05-15 08:42:17,387 DEBUG   169869312 bytes (170 MB) copied, 5.259512 s, 32.3 MB/s
2026-05-15 08:42:17,387 DEBUG   206569472 bytes (207 MB) copied, 6.330718 s, 32.6 MB/s
2026-05-15 08:42:17,387 DEBUG   243269632 bytes (243 MB) copied, 7.382660 s, 33.0 MB/s
2026-05-15 08:42:17,387 DEBUG   284164096 bytes (284 MB) copied, 8.399520 s, 33.8 MB/s
2026-05-15 08:42:17,387 DEBUG   319815680 bytes (320 MB) copied, 9.476750 s, 33.7 MB/s
2026-05-15 08:42:17,387 DEBUG   359661568 bytes (360 MB) copied, 10.488544 s, 34.3 MB/s
2026-05-15 08:42:17,387 DEBUG   402653184 bytes (403 MB) copied, 11.499481 s, 35.0 MB/s
2026-05-15 08:42:17,387 DEBUG   443547648 bytes (444 MB) copied, 12.537595 s, 35.4 MB/s
2026-05-15 08:42:17,387 DEBUG   484442112 bytes (484 MB) copied, 13.540589 s, 35.8 MB/s
2026-05-15 08:42:17,387 DEBUG   523239424 bytes (523 MB) copied, 14.561547 s, 35.9 MB/s
2026-05-15 08:42:17,387 DEBUG   565182464 bytes (565 MB) copied, 15.574611 s, 36.3 MB/s
2026-05-15 08:42:17,387 DEBUG   612368384 bytes (612 MB) copied, 16.576544 s, 36.9 MB/s
2026-05-15 08:42:17,387 DEBUG   652214272 bytes (652 MB) copied, 17.584519 s, 37.1 MB/s
2026-05-15 08:42:17,387 DEBUG   691011584 bytes (691 MB) copied, 18.599598 s, 37.2 MB/s
2026-05-15 08:42:17,387 DEBUG   735051776 bytes (735 MB) copied, 19.630549 s, 37.4 MB/s
2026-05-15 08:42:17,387 DEBUG   772800512 bytes (773 MB) copied, 20.641513 s, 37.4 MB/s
2026-05-15 08:42:17,387 DEBUG   810549248 bytes (811 MB) copied, 21.651503 s, 37.4 MB/s
2026-05-15 08:42:17,388 DEBUG   845152256 bytes (845 MB) copied, 22.671628 s, 37.3 MB/s
2026-05-15 08:42:17,388 DEBUG   881852416 bytes (882 MB) copied, 23.698566 s, 37.2 MB/s
2026-05-15 08:42:17,388 DEBUG   916455424 bytes (916 MB) copied, 24.716484 s, 37.1 MB/s
2026-05-15 08:42:17,388 DEBUG   959447040 bytes (959 MB) copied, 25.729505 s, 37.3 MB/s
2026-05-15 08:42:17,388 DEBUG   996147200 bytes (996 MB) copied, 26.787491 s, 37.2 MB/s
2026-05-15 08:42:17,388 DEBUG   1047527424 bytes (1.0 GB) copied, 27.804508 s, 37.7 MB/s
2026-05-15 08:42:17,388 DEBUG   1024+0 records in
2026-05-15 08:42:17,388 DEBUG   1024+0 records out
2026-05-15 08:42:17,388 DEBUG   1073741824 bytes (1.1 GB) copied, 28.6291 s, 37.5 MB/s
2026-05-15 08:42:17,388 DEBUG   OK (disk op exit 0)
2026-05-15 08:42:17,388 WARNING Guest disk op wall 31.0s (vm='ahv_ins_delete-0-260514-190944' ip=10.114.52.230 op=create ec=0) — includes SSH + guest disk command; if still high, check guest disk throughput vs. MiB settings.
2026-05-15 08:42:17,388 DEBUG [92/126] VM eaea2fbd… (ahv_ins_delete-0-260514-192123) via 10.114.50.242 op=create
2026-05-15 08:42:17,388 DEBUG   remote: bash -lc 'set -e; _bs(){ printf '"'"'BULK_SNAP_T %s %s\n'"'"' "$1" "$(date +%s.%N 2>/dev/null || date +%s)"; }; _bs guest_start; _bs pipeline_start; openssl enc -aes-256-ctr -pass pass:"testing" -nosalt < /dev/zero 2>/dev/null | dd of=/root/dummy_snapshot_data_1.img bs=1M count=1024 iflag=fullblock status=progress; ec=$?; _bs pipeline_done; _bs guest_end; exit $ec'
2026-05-15 08:42:17,637 DEBUG   BULK_SNAP_T guest_start 1778802106.737300220
2026-05-15 08:42:17,638 DEBUG   BULK_SNAP_T pipeline_start 1778802106.743816987
2026-05-15 08:42:17,638 DEBUG   BULK_SNAP_T pipeline_done 1778802136.189773232
2026-05-15 08:42:17,638 DEBUG   BULK_SNAP_T guest_end 1778802136.195675815
2026-05-15 08:42:17,638 DEBUG   
2026-05-15 08:42:17,638 DEBUG   22020096 bytes (22 MB) copied, 1.100535 s, 20.0 MB/s
2026-05-15 08:42:17,638 DEBUG   47185920 bytes (47 MB) copied, 2.257696 s, 20.9 MB/s
2026-05-15 08:42:17,638 DEBUG   75497472 bytes (75 MB) copied, 3.259860 s, 23.2 MB/s
2026-05-15 08:42:17,638 DEBUG   106954752 bytes (107 MB) copied, 4.277255 s, 25.0 MB/s
2026-05-15 08:42:17,638 DEBUG   138412032 bytes (138 MB) copied, 5.291252 s, 26.2 MB/s
2026-05-15 08:42:17,638 DEBUG   178257920 bytes (178 MB) copied, 6.350283 s, 28.1 MB/s
2026-05-15 08:42:17,638 DEBUG   213909504 bytes (214 MB) copied, 7.379311 s, 29.0 MB/s
2026-05-15 08:42:17,638 DEBUG   256901120 bytes (257 MB) copied, 8.402195 s, 30.6 MB/s
2026-05-15 08:42:17,638 DEBUG   289406976 bytes (289 MB) copied, 9.405226 s, 30.8 MB/s
2026-05-15 08:42:17,638 DEBUG   332398592 bytes (332 MB) copied, 10.409577 s, 31.9 MB/s
2026-05-15 08:42:17,638 DEBUG   382730240 bytes (383 MB) copied, 11.430216 s, 33.5 MB/s
2026-05-15 08:42:17,638 DEBUG   414187520 bytes (414 MB) copied, 12.438212 s, 33.3 MB/s
2026-05-15 08:42:17,638 DEBUG   449839104 bytes (450 MB) copied, 13.464182 s, 33.4 MB/s
2026-05-15 08:42:17,638 DEBUG   498073600 bytes (498 MB) copied, 14.501182 s, 34.3 MB/s
2026-05-15 08:42:17,638 DEBUG   538968064 bytes (539 MB) copied, 15.537184 s, 34.7 MB/s
2026-05-15 08:42:17,638 DEBUG   583008256 bytes (583 MB) copied, 16.550146 s, 35.2 MB/s
2026-05-15 08:42:17,638 DEBUG   630194176 bytes (630 MB) copied, 17.561319 s, 35.9 MB/s
2026-05-15 08:42:17,638 DEBUG   673185792 bytes (673 MB) copied, 18.600235 s, 36.2 MB/s
2026-05-15 08:42:17,638 DEBUG   717225984 bytes (717 MB) copied, 19.606165 s, 36.6 MB/s
2026-05-15 08:42:17,638 DEBUG   758120448 bytes (758 MB) copied, 20.630618 s, 36.7 MB/s
2026-05-15 08:42:17,638 DEBUG   793772032 bytes (794 MB) copied, 21.698186 s, 36.6 MB/s
2026-05-15 08:42:17,638 DEBUG   831520768 bytes (832 MB) copied, 22.700232 s, 36.6 MB/s
2026-05-15 08:42:17,638 DEBUG   861929472 bytes (862 MB) copied, 23.707292 s, 36.4 MB/s
2026-05-15 08:42:17,638 DEBUG   900726784 bytes (901 MB) copied, 24.740503 s, 36.4 MB/s
2026-05-15 08:42:17,638 DEBUG   943718400 bytes (944 MB) copied, 25.761204 s, 36.6 MB/s
2026-05-15 08:42:17,638 DEBUG   987758592 bytes (988 MB) copied, 26.775592 s, 36.9 MB/s
2026-05-15 08:42:17,638 DEBUG   1020264448 bytes (1.0 GB) copied, 27.845278 s, 36.6 MB/s
2026-05-15 08:42:17,638 DEBUG   1059061760 bytes (1.1 GB) copied, 28.876812 s, 36.7 MB/s
2026-05-15 08:42:17,638 DEBUG   1024+0 records in
2026-05-15 08:42:17,638 DEBUG   1024+0 records out
2026-05-15 08:42:17,638 DEBUG   1073741824 bytes (1.1 GB) copied, 29.2385 s, 36.7 MB/s
2026-05-15 08:42:17,638 DEBUG   OK (disk op exit 0)
2026-05-15 08:42:17,639 WARNING Guest disk op wall 31.3s (vm='ahv_ins_delete-0-260514-190940' ip=10.114.52.180 op=create ec=0) — includes SSH + guest disk command; if still high, check guest disk throughput vs. MiB settings.
2026-05-15 08:42:17,639 DEBUG [93/126] VM 3b7deada… (ahv_ins_delete-0-260514-192200) via 10.114.52.45 op=create
2026-05-15 08:42:17,639 DEBUG   remote: bash -lc 'set -e; _bs(){ printf '"'"'BULK_SNAP_T %s %s\n'"'"' "$1" "$(date +%s.%N 2>/dev/null || date +%s)"; }; _bs guest_start; _bs pipeline_start; openssl enc -aes-256-ctr -pass pass:"testing" -nosalt < /dev/zero 2>/dev/null | dd of=/root/dummy_snapshot_data_1.img bs=1M count=1024 iflag=fullblock status=progress; ec=$?; _bs pipeline_done; _bs guest_end; exit $ec'
2026-05-15 08:42:18,640 DEBUG   BULK_SNAP_T guest_start 1778802108.994524426
2026-05-15 08:42:18,640 DEBUG   BULK_SNAP_T pipeline_start 1778802109.010566929
2026-05-15 08:42:18,640 DEBUG   BULK_SNAP_T pipeline_done 1778802137.351979597
2026-05-15 08:42:18,640 DEBUG   BULK_SNAP_T guest_end 1778802137.382414089
2026-05-15 08:42:18,640 DEBUG   
2026-05-15 08:42:18,640 DEBUG   29360128 bytes (29 MB) copied, 1.204254 s, 24.4 MB/s
2026-05-15 08:42:18,640 DEBUG   57671680 bytes (58 MB) copied, 2.272262 s, 25.4 MB/s
2026-05-15 08:42:18,640 DEBUG   99614720 bytes (100 MB) copied, 3.355337 s, 29.7 MB/s
2026-05-15 08:42:18,640 DEBUG   137363456 bytes (137 MB) copied, 4.399532 s, 31.2 MB/s
2026-05-15 08:42:18,640 DEBUG   174063616 bytes (174 MB) copied, 5.431289 s, 32.0 MB/s
2026-05-15 08:42:18,640 DEBUG   217055232 bytes (217 MB) copied, 6.439375 s, 33.7 MB/s
2026-05-15 08:42:18,640 DEBUG   261095424 bytes (261 MB) copied, 7.451419 s, 35.0 MB/s
2026-05-15 08:42:18,640 DEBUG   309329920 bytes (309 MB) copied, 8.463262 s, 36.5 MB/s
2026-05-15 08:42:18,640 DEBUG   349175808 bytes (349 MB) copied, 9.464336 s, 36.9 MB/s
2026-05-15 08:42:18,640 DEBUG   384827392 bytes (385 MB) copied, 10.468210 s, 36.8 MB/s
2026-05-15 08:42:18,640 DEBUG   427819008 bytes (428 MB) copied, 11.479265 s, 37.3 MB/s
2026-05-15 08:42:18,640 DEBUG   472907776 bytes (473 MB) copied, 12.488479 s, 37.9 MB/s
2026-05-15 08:42:18,640 DEBUG   513802240 bytes (514 MB) copied, 13.499201 s, 38.1 MB/s
2026-05-15 08:42:18,640 DEBUG   558891008 bytes (559 MB) copied, 14.537272 s, 38.4 MB/s
2026-05-15 08:42:18,640 DEBUG   600834048 bytes (601 MB) copied, 15.557224 s, 38.6 MB/s
2026-05-15 08:42:18,640 DEBUG   642777088 bytes (643 MB) copied, 16.564301 s, 38.8 MB/s
2026-05-15 08:42:18,640 DEBUG   677380096 bytes (677 MB) copied, 17.632259 s, 38.4 MB/s
2026-05-15 08:42:18,640 DEBUG   717225984 bytes (717 MB) copied, 18.674209 s, 38.4 MB/s
2026-05-15 08:42:18,640 DEBUG   759169024 bytes (759 MB) copied, 19.689234 s, 38.6 MB/s
2026-05-15 08:42:18,640 DEBUG   801112064 bytes (801 MB) copied, 20.707229 s, 38.7 MB/s
2026-05-15 08:42:18,640 DEBUG   840957952 bytes (841 MB) copied, 21.715444 s, 38.7 MB/s
2026-05-15 08:42:18,640 DEBUG   890241024 bytes (890 MB) copied, 22.723510 s, 39.2 MB/s
2026-05-15 08:42:18,641 DEBUG   924844032 bytes (925 MB) copied, 23.725226 s, 39.0 MB/s
2026-05-15 08:42:18,641 DEBUG   966787072 bytes (967 MB) copied, 24.726352 s, 39.1 MB/s
2026-05-15 08:42:18,641 DEBUG   1001390080 bytes (1.0 GB) copied, 25.857503 s, 38.7 MB/s
2026-05-15 08:42:18,641 DEBUG   1031798784 bytes (1.0 GB) copied, 26.898380 s, 38.4 MB/s
2026-05-15 08:42:18,641 DEBUG   1024+0 records in
2026-05-15 08:42:18,641 DEBUG   1024+0 records out
2026-05-15 08:42:18,641 DEBUG   1073741824 bytes (1.1 GB) copied, 27.8914 s, 38.5 MB/s
2026-05-15 08:42:18,641 DEBUG   OK (disk op exit 0)
2026-05-15 08:42:18,641 WARNING Guest disk op wall 30.5s (vm='ahv_ins_delete-0-260514-190948' ip=10.114.48.128 op=create ec=0) — includes SSH + guest disk command; if still high, check guest disk throughput vs. MiB settings.
2026-05-15 08:42:18,641 DEBUG [94/126] VM 4dd28a1c… (ahv_ins_delete-0-260514-192203) via 10.114.51.110 op=create
2026-05-15 08:42:18,641 DEBUG   remote: bash -lc 'set -e; _bs(){ printf '"'"'BULK_SNAP_T %s %s\n'"'"' "$1" "$(date +%s.%N 2>/dev/null || date +%s)"; }; _bs guest_start; _bs pipeline_start; openssl enc -aes-256-ctr -pass pass:"testing" -nosalt < /dev/zero 2>/dev/null | dd of=/root/dummy_snapshot_data_1.img bs=1M count=1024 iflag=fullblock status=progress; ec=$?; _bs pipeline_done; _bs guest_end; exit $ec'
2026-05-15 08:42:26,146 DEBUG   BULK_SNAP_T guest_start 1778802121.588476572
2026-05-15 08:42:26,146 DEBUG   BULK_SNAP_T pipeline_start 1778802121.591600602
2026-05-15 08:42:26,146 DEBUG   BULK_SNAP_T pipeline_done 1778802144.603957337
2026-05-15 08:42:26,146 DEBUG   BULK_SNAP_T guest_end 1778802144.618900116
2026-05-15 08:42:26,146 DEBUG   
2026-05-15 08:42:26,146 DEBUG   20971520 bytes (21 MB) copied, 1.005366 s, 20.9 MB/s
2026-05-15 08:42:26,146 DEBUG   29360128 bytes (29 MB) copied, 2.086989 s, 14.1 MB/s
2026-05-15 08:42:26,146 DEBUG   55574528 bytes (56 MB) copied, 3.087505 s, 18.0 MB/s
2026-05-15 08:42:26,147 DEBUG   88080384 bytes (88 MB) copied, 4.100183 s, 21.5 MB/s
2026-05-15 08:42:26,147 DEBUG   113246208 bytes (113 MB) copied, 5.122453 s, 22.1 MB/s
2026-05-15 08:42:26,147 DEBUG   146800640 bytes (147 MB) copied, 6.140268 s, 23.9 MB/s
2026-05-15 08:42:26,147 DEBUG   183500800 bytes (184 MB) copied, 7.148294 s, 25.7 MB/s
2026-05-15 08:42:26,147 DEBUG   220200960 bytes (220 MB) copied, 8.161238 s, 27.0 MB/s
2026-05-15 08:42:26,147 DEBUG   266338304 bytes (266 MB) copied, 9.181267 s, 29.0 MB/s
2026-05-15 08:42:26,147 DEBUG   296747008 bytes (297 MB) copied, 10.189646 s, 29.1 MB/s
2026-05-15 08:42:26,147 DEBUG   338690048 bytes (339 MB) copied, 11.200231 s, 30.2 MB/s
2026-05-15 08:42:26,147 DEBUG   386924544 bytes (387 MB) copied, 12.211148 s, 31.7 MB/s
2026-05-15 08:42:26,147 DEBUG   448790528 bytes (449 MB) copied, 13.213191 s, 34.0 MB/s
2026-05-15 08:42:26,147 DEBUG   514850816 bytes (515 MB) copied, 14.219157 s, 36.2 MB/s
2026-05-15 08:42:26,147 DEBUG   593494016 bytes (593 MB) copied, 15.232167 s, 39.0 MB/s
2026-05-15 08:42:26,147 DEBUG   677380096 bytes (677 MB) copied, 16.232258 s, 41.7 MB/s
2026-05-15 08:42:26,147 DEBUG   739246080 bytes (739 MB) copied, 17.244201 s, 42.9 MB/s
2026-05-15 08:42:26,147 DEBUG   805306368 bytes (805 MB) copied, 18.297135 s, 44.0 MB/s
2026-05-15 08:42:26,147 DEBUG   873463808 bytes (873 MB) copied, 19.299379 s, 45.3 MB/s
2026-05-15 08:42:26,147 DEBUG   940572672 bytes (941 MB) copied, 20.313176 s, 46.3 MB/s
2026-05-15 08:42:26,147 DEBUG   994050048 bytes (994 MB) copied, 21.323237 s, 46.6 MB/s
2026-05-15 08:42:26,147 DEBUG   1052770304 bytes (1.1 GB) copied, 22.333152 s, 47.1 MB/s
2026-05-15 08:42:26,147 DEBUG   1024+0 records in
2026-05-15 08:42:26,147 DEBUG   1024+0 records out
2026-05-15 08:42:26,147 DEBUG   1073741824 bytes (1.1 GB) copied, 22.8612 s, 47.0 MB/s
2026-05-15 08:42:26,147 DEBUG   OK (disk op exit 0)
2026-05-15 08:42:26,147 WARNING Guest disk op wall 25.3s (vm='ahv_ins_delete-0-260514-191510' ip=10.114.49.101 op=create ec=0) — includes SSH + guest disk command; if still high, check guest disk throughput vs. MiB settings.
2026-05-15 08:42:26,147 DEBUG [95/126] VM b9395db6… (ahv_ins_delete-0-260514-192208) via 10.114.51.91 op=create
2026-05-15 08:42:26,147 DEBUG   remote: bash -lc 'set -e; _bs(){ printf '"'"'BULK_SNAP_T %s %s\n'"'"' "$1" "$(date +%s.%N 2>/dev/null || date +%s)"; }; _bs guest_start; _bs pipeline_start; openssl enc -aes-256-ctr -pass pass:"testing" -nosalt < /dev/zero 2>/dev/null | dd of=/root/dummy_snapshot_data_1.img bs=1M count=1024 iflag=fullblock status=progress; ec=$?; _bs pipeline_done; _bs guest_end; exit $ec'
2026-05-15 08:42:28,391 DEBUG   BULK_SNAP_T guest_start 1778802116.705938870
2026-05-15 08:42:28,392 DEBUG   BULK_SNAP_T pipeline_start 1778802116.708632870
2026-05-15 08:42:28,392 DEBUG   BULK_SNAP_T pipeline_done 1778802147.107791427
2026-05-15 08:42:28,392 DEBUG   BULK_SNAP_T guest_end 1778802147.139332700
2026-05-15 08:42:28,392 DEBUG   
2026-05-15 08:42:28,392 DEBUG   20971520 bytes (21 MB) copied, 1.000846 s, 21.0 MB/s
2026-05-15 08:42:28,392 DEBUG   42991616 bytes (43 MB) copied, 2.133377 s, 20.2 MB/s
2026-05-15 08:42:28,392 DEBUG   74448896 bytes (74 MB) copied, 3.194542 s, 23.3 MB/s
2026-05-15 08:42:28,392 DEBUG   115343360 bytes (115 MB) copied, 4.198128 s, 27.5 MB/s
2026-05-15 08:42:28,392 DEBUG   153092096 bytes (153 MB) copied, 5.242537 s, 29.2 MB/s
2026-05-15 08:42:28,392 DEBUG   195035136 bytes (195 MB) copied, 6.315119 s, 30.9 MB/s
2026-05-15 08:42:28,392 DEBUG   229638144 bytes (230 MB) copied, 7.334055 s, 31.3 MB/s
2026-05-15 08:42:28,392 DEBUG   279969792 bytes (280 MB) copied, 8.339156 s, 33.6 MB/s
2026-05-15 08:42:28,392 DEBUG   316669952 bytes (317 MB) copied, 9.382098 s, 33.8 MB/s
2026-05-15 08:42:28,392 DEBUG   352321536 bytes (352 MB) copied, 10.411187 s, 33.8 MB/s
2026-05-15 08:42:28,392 DEBUG   392167424 bytes (392 MB) copied, 11.414022 s, 34.4 MB/s
2026-05-15 08:42:28,392 DEBUG   422576128 bytes (423 MB) copied, 12.465113 s, 33.9 MB/s
2026-05-15 08:42:28,392 DEBUG   463470592 bytes (463 MB) copied, 13.477115 s, 34.4 MB/s
2026-05-15 08:42:28,392 DEBUG   499122176 bytes (499 MB) copied, 14.519076 s, 34.4 MB/s
2026-05-15 08:42:28,392 DEBUG   537919488 bytes (538 MB) copied, 15.547096 s, 34.6 MB/s
2026-05-15 08:42:28,392 DEBUG   578813952 bytes (579 MB) copied, 16.552040 s, 35.0 MB/s
2026-05-15 08:42:28,392 DEBUG   611319808 bytes (611 MB) copied, 17.588058 s, 34.8 MB/s
2026-05-15 08:42:28,392 DEBUG   649068544 bytes (649 MB) copied, 18.641444 s, 34.8 MB/s
2026-05-15 08:42:28,392 DEBUG   683671552 bytes (684 MB) copied, 19.664114 s, 34.8 MB/s
2026-05-15 08:42:28,392 DEBUG   725614592 bytes (726 MB) copied, 20.668054 s, 35.1 MB/s
2026-05-15 08:42:28,392 DEBUG   768606208 bytes (769 MB) copied, 21.695216 s, 35.4 MB/s
2026-05-15 08:42:28,392 DEBUG   806354944 bytes (806 MB) copied, 22.735064 s, 35.5 MB/s
2026-05-15 08:42:28,392 DEBUG   837812224 bytes (838 MB) copied, 23.736097 s, 35.3 MB/s
2026-05-15 08:42:28,392 DEBUG   874512384 bytes (875 MB) copied, 24.787129 s, 35.3 MB/s
2026-05-15 08:42:28,392 DEBUG   916455424 bytes (916 MB) copied, 25.790471 s, 35.5 MB/s
2026-05-15 08:42:28,392 DEBUG   951058432 bytes (951 MB) copied, 26.795110 s, 35.5 MB/s
2026-05-15 08:42:28,392 DEBUG   985661440 bytes (986 MB) copied, 27.826054 s, 35.4 MB/s
2026-05-15 08:42:28,392 DEBUG   1020264448 bytes (1.0 GB) copied, 28.843109 s, 35.4 MB/s
2026-05-15 08:42:28,392 DEBUG   1058013184 bytes (1.1 GB) copied, 29.881076 s, 35.4 MB/s
2026-05-15 08:42:28,392 DEBUG   1024+0 records in
2026-05-15 08:42:28,392 DEBUG   1024+0 records out
2026-05-15 08:42:28,392 DEBUG   1073741824 bytes (1.1 GB) copied, 30.2991 s, 35.4 MB/s
2026-05-15 08:42:28,392 DEBUG   OK (disk op exit 0)
2026-05-15 08:42:28,392 WARNING Guest disk op wall 32.8s (vm='ahv_ins_delete-0-260514-190948' ip=10.114.53.0 op=create ec=0) — includes SSH + guest disk command; if still high, check guest disk throughput vs. MiB settings.
2026-05-15 08:42:28,393 DEBUG [96/126] VM 5bacaa90… (ahv_ins_delete-0-260514-192546) via 10.114.50.120 op=create
2026-05-15 08:42:28,393 DEBUG   remote: bash -lc 'set -e; _bs(){ printf '"'"'BULK_SNAP_T %s %s\n'"'"' "$1" "$(date +%s.%N 2>/dev/null || date +%s)"; }; _bs guest_start; _bs pipeline_start; openssl enc -aes-256-ctr -pass pass:"testing" -nosalt < /dev/zero 2>/dev/null | dd of=/root/dummy_snapshot_data_1.img bs=1M count=1024 iflag=fullblock status=progress; ec=$?; _bs pipeline_done; _bs guest_end; exit $ec'
2026-05-15 08:42:29,144 DEBUG   BULK_SNAP_T guest_start 1778802118.266310549
2026-05-15 08:42:29,144 DEBUG   BULK_SNAP_T pipeline_start 1778802118.271497254
2026-05-15 08:42:29,144 DEBUG   BULK_SNAP_T pipeline_done 1778802147.884364091
2026-05-15 08:42:29,144 DEBUG   BULK_SNAP_T guest_end 1778802147.888086160
2026-05-15 08:42:29,144 DEBUG   
2026-05-15 08:42:29,144 DEBUG   25165824 bytes (25 MB) copied, 1.146701 s, 21.9 MB/s
2026-05-15 08:42:29,144 DEBUG   52428800 bytes (52 MB) copied, 2.191780 s, 23.9 MB/s
2026-05-15 08:42:29,144 DEBUG   88080384 bytes (88 MB) copied, 3.210146 s, 27.4 MB/s
2026-05-15 08:42:29,144 DEBUG   134217728 bytes (134 MB) copied, 4.225542 s, 31.8 MB/s
2026-05-15 08:42:29,144 DEBUG   174063616 bytes (174 MB) copied, 5.275513 s, 33.0 MB/s
2026-05-15 08:42:29,144 DEBUG   212860928 bytes (213 MB) copied, 6.305687 s, 33.8 MB/s
2026-05-15 08:42:29,144 DEBUG   253755392 bytes (254 MB) copied, 7.308689 s, 34.7 MB/s
2026-05-15 08:42:29,144 DEBUG   287309824 bytes (287 MB) copied, 8.316352 s, 34.5 MB/s
2026-05-15 08:42:29,144 DEBUG   321912832 bytes (322 MB) copied, 9.352419 s, 34.4 MB/s
2026-05-15 08:42:29,144 DEBUG   353370112 bytes (353 MB) copied, 10.360316 s, 34.1 MB/s
2026-05-15 08:42:29,144 DEBUG   387973120 bytes (388 MB) copied, 11.370331 s, 34.1 MB/s
2026-05-15 08:42:29,144 DEBUG   425721856 bytes (426 MB) copied, 12.378349 s, 34.4 MB/s
2026-05-15 08:42:29,144 DEBUG   461373440 bytes (461 MB) copied, 13.397311 s, 34.4 MB/s
2026-05-15 08:42:29,144 DEBUG   506462208 bytes (506 MB) copied, 14.397539 s, 35.2 MB/s
2026-05-15 08:42:29,144 DEBUG   544210944 bytes (544 MB) copied, 15.404345 s, 35.3 MB/s
2026-05-15 08:42:29,144 DEBUG   574619648 bytes (575 MB) copied, 16.437342 s, 35.0 MB/s
2026-05-15 08:42:29,144 DEBUG   612368384 bytes (612 MB) copied, 17.464306 s, 35.1 MB/s
2026-05-15 08:42:29,144 DEBUG   664797184 bytes (665 MB) copied, 18.480403 s, 36.0 MB/s
2026-05-15 08:42:29,144 DEBUG   713031680 bytes (713 MB) copied, 19.485533 s, 36.6 MB/s
2026-05-15 08:42:29,144 DEBUG   759169024 bytes (759 MB) copied, 20.525363 s, 37.0 MB/s
2026-05-15 08:42:29,145 DEBUG   803209216 bytes (803 MB) copied, 21.596334 s, 37.2 MB/s
2026-05-15 08:42:29,145 DEBUG   838860800 bytes (839 MB) copied, 22.619321 s, 37.1 MB/s
2026-05-15 08:42:29,145 DEBUG   878706688 bytes (879 MB) copied, 23.622541 s, 37.2 MB/s
2026-05-15 08:42:29,145 DEBUG   918552576 bytes (919 MB) copied, 24.697547 s, 37.2 MB/s
2026-05-15 08:42:29,145 DEBUG   960495616 bytes (960 MB) copied, 25.712334 s, 37.4 MB/s
2026-05-15 08:42:29,145 DEBUG   1002438656 bytes (1.0 GB) copied, 26.753326 s, 37.5 MB/s
2026-05-15 08:42:29,145 DEBUG   1035993088 bytes (1.0 GB) copied, 27.760500 s, 37.3 MB/s
2026-05-15 08:42:29,145 DEBUG   1024+0 records in
2026-05-15 08:42:29,145 DEBUG   1024+0 records out
2026-05-15 08:42:29,145 DEBUG   1073741824 bytes (1.1 GB) copied, 28.6264 s, 37.5 MB/s
2026-05-15 08:42:29,145 DEBUG   OK (disk op exit 0)
2026-05-15 08:42:29,145 WARNING Guest disk op wall 31.5s (vm='ahv_ins_delete-0-260514-191505' ip=10.114.49.22 op=create ec=0) — includes SSH + guest disk command; if still high, check guest disk throughput vs. MiB settings.
2026-05-15 08:42:29,145 DEBUG [97/126] VM 7cf338c6… (ahv_ins_delete-0-260514-192637) via 10.114.48.130 op=create
2026-05-15 08:42:29,145 DEBUG   remote: bash -lc 'set -e; _bs(){ printf '"'"'BULK_SNAP_T %s %s\n'"'"' "$1" "$(date +%s.%N 2>/dev/null || date +%s)"; }; _bs guest_start; _bs pipeline_start; openssl enc -aes-256-ctr -pass pass:"testing" -nosalt < /dev/zero 2>/dev/null | dd of=/root/dummy_snapshot_data_1.img bs=1M count=1024 iflag=fullblock status=progress; ec=$?; _bs pipeline_done; _bs guest_end; exit $ec'
2026-05-15 08:42:32,648 DEBUG   BULK_SNAP_T guest_start 1778802122.894616500
2026-05-15 08:42:32,648 DEBUG   BULK_SNAP_T pipeline_start 1778802122.907264437
2026-05-15 08:42:32,648 DEBUG   BULK_SNAP_T pipeline_done 1778802151.099291079
2026-05-15 08:42:32,648 DEBUG   BULK_SNAP_T guest_end 1778802151.116220213
2026-05-15 08:42:32,648 DEBUG   
2026-05-15 08:42:32,648 DEBUG   39845888 bytes (40 MB) copied, 1.025382 s, 38.9 MB/s
2026-05-15 08:42:32,648 DEBUG   61865984 bytes (62 MB) copied, 2.037460 s, 30.4 MB/s
2026-05-15 08:42:32,648 DEBUG   94371840 bytes (94 MB) copied, 3.124442 s, 30.2 MB/s
2026-05-15 08:42:32,648 DEBUG   141557760 bytes (142 MB) copied, 4.191545 s, 33.8 MB/s
2026-05-15 08:42:32,648 DEBUG   185597952 bytes (186 MB) copied, 5.197315 s, 35.7 MB/s
2026-05-15 08:42:32,648 DEBUG   224395264 bytes (224 MB) copied, 6.197404 s, 36.2 MB/s
2026-05-15 08:42:32,648 DEBUG   267386880 bytes (267 MB) copied, 7.219389 s, 37.0 MB/s
2026-05-15 08:42:32,648 DEBUG   309329920 bytes (309 MB) copied, 8.230562 s, 37.6 MB/s
2026-05-15 08:42:32,648 DEBUG   350224384 bytes (350 MB) copied, 9.281429 s, 37.7 MB/s
2026-05-15 08:42:32,648 DEBUG   392167424 bytes (392 MB) copied, 10.294338 s, 38.1 MB/s
2026-05-15 08:42:32,648 DEBUG   425721856 bytes (426 MB) copied, 11.324345 s, 37.6 MB/s
2026-05-15 08:42:32,648 DEBUG   457179136 bytes (457 MB) copied, 12.347449 s, 37.0 MB/s
2026-05-15 08:42:32,648 DEBUG   490733568 bytes (491 MB) copied, 13.355363 s, 36.7 MB/s
2026-05-15 08:42:32,648 DEBUG   527433728 bytes (527 MB) copied, 14.367312 s, 36.7 MB/s
2026-05-15 08:42:32,648 DEBUG   566231040 bytes (566 MB) copied, 15.373331 s, 36.8 MB/s
2026-05-15 08:42:32,648 DEBUG   609222656 bytes (609 MB) copied, 16.388330 s, 37.2 MB/s
2026-05-15 08:42:32,648 DEBUG   645922816 bytes (646 MB) copied, 17.394316 s, 37.1 MB/s
2026-05-15 08:42:32,648 DEBUG   680525824 bytes (681 MB) copied, 18.439290 s, 36.9 MB/s
2026-05-15 08:42:32,648 DEBUG   716177408 bytes (716 MB) copied, 19.469418 s, 36.8 MB/s
2026-05-15 08:42:32,648 DEBUG   751828992 bytes (752 MB) copied, 20.474387 s, 36.7 MB/s
2026-05-15 08:42:32,648 DEBUG   791674880 bytes (792 MB) copied, 21.501312 s, 36.8 MB/s
2026-05-15 08:42:32,648 DEBUG   827326464 bytes (827 MB) copied, 22.523350 s, 36.7 MB/s
2026-05-15 08:42:32,648 DEBUG   868220928 bytes (868 MB) copied, 23.538583 s, 36.9 MB/s
2026-05-15 08:42:32,648 DEBUG   915406848 bytes (915 MB) copied, 24.552365 s, 37.3 MB/s
2026-05-15 08:42:32,648 DEBUG   954204160 bytes (954 MB) copied, 25.558750 s, 37.3 MB/s
2026-05-15 08:42:32,648 DEBUG   1007681536 bytes (1.0 GB) copied, 26.570338 s, 37.9 MB/s
2026-05-15 08:42:32,648 DEBUG   1054867456 bytes (1.1 GB) copied, 27.585356 s, 38.2 MB/s
2026-05-15 08:42:32,648 DEBUG   1024+0 records in
2026-05-15 08:42:32,649 DEBUG   1024+0 records out
2026-05-15 08:42:32,649 DEBUG   1073741824 bytes (1.1 GB) copied, 28.1014 s, 38.2 MB/s
2026-05-15 08:42:32,649 DEBUG   OK (disk op exit 0)
2026-05-15 08:42:32,649 WARNING Guest disk op wall 30.3s (vm='ahv_ins_delete-0-260514-191520' ip=10.114.54.43 op=create ec=0) — includes SSH + guest disk command; if still high, check guest disk throughput vs. MiB settings.
2026-05-15 08:42:32,649 DEBUG [98/126] VM 40d00e92… (ahv_ins_delete-0-260514-192726) via 10.114.51.132 op=create
2026-05-15 08:42:32,649 DEBUG   remote: bash -lc 'set -e; _bs(){ printf '"'"'BULK_SNAP_T %s %s\n'"'"' "$1" "$(date +%s.%N 2>/dev/null || date +%s)"; }; _bs guest_start; _bs pipeline_start; openssl enc -aes-256-ctr -pass pass:"testing" -nosalt < /dev/zero 2>/dev/null | dd of=/root/dummy_snapshot_data_1.img bs=1M count=1024 iflag=fullblock status=progress; ec=$?; _bs pipeline_done; _bs guest_end; exit $ec'
2026-05-15 08:42:35,149 DEBUG   BULK_SNAP_T guest_start 1778802124.439034884
2026-05-15 08:42:35,149 DEBUG   BULK_SNAP_T pipeline_start 1778802124.445078906
2026-05-15 08:42:35,149 DEBUG   BULK_SNAP_T pipeline_done 1778802153.192235177
2026-05-15 08:42:35,149 DEBUG   BULK_SNAP_T guest_end 1778802153.196059138
2026-05-15 08:42:35,149 DEBUG   
2026-05-15 08:42:35,149 DEBUG   33554432 bytes (34 MB) copied, 1.003067 s, 33.5 MB/s
2026-05-15 08:42:35,149 DEBUG   52428800 bytes (52 MB) copied, 2.014326 s, 26.0 MB/s
2026-05-15 08:42:35,149 DEBUG   83886080 bytes (84 MB) copied, 3.042212 s, 27.6 MB/s
2026-05-15 08:42:35,149 DEBUG   117440512 bytes (117 MB) copied, 4.059243 s, 28.9 MB/s
2026-05-15 08:42:35,149 DEBUG   154140672 bytes (154 MB) copied, 5.065113 s, 30.4 MB/s
2026-05-15 08:42:35,149 DEBUG   193986560 bytes (194 MB) copied, 6.113036 s, 31.7 MB/s
2026-05-15 08:42:35,149 DEBUG   233832448 bytes (234 MB) copied, 7.150102 s, 32.7 MB/s
2026-05-15 08:42:35,149 DEBUG   273678336 bytes (274 MB) copied, 8.200044 s, 33.4 MB/s
2026-05-15 08:42:35,149 DEBUG   308281344 bytes (308 MB) copied, 9.267373 s, 33.3 MB/s
2026-05-15 08:42:35,149 DEBUG   339738624 bytes (340 MB) copied, 10.325947 s, 32.9 MB/s
2026-05-15 08:42:35,149 DEBUG   376438784 bytes (376 MB) copied, 11.326073 s, 33.2 MB/s
2026-05-15 08:42:35,149 DEBUG   415236096 bytes (415 MB) copied, 12.354123 s, 33.6 MB/s
2026-05-15 08:42:35,149 DEBUG   459276288 bytes (459 MB) copied, 13.355998 s, 34.4 MB/s
2026-05-15 08:42:35,149 DEBUG   500170752 bytes (500 MB) copied, 14.403151 s, 34.7 MB/s
2026-05-15 08:42:35,149 DEBUG   549453824 bytes (549 MB) copied, 15.422938 s, 35.6 MB/s
2026-05-15 08:42:35,149 DEBUG   586153984 bytes (586 MB) copied, 16.429940 s, 35.7 MB/s
2026-05-15 08:42:35,149 DEBUG   629145600 bytes (629 MB) copied, 17.432930 s, 36.1 MB/s
2026-05-15 08:42:35,149 DEBUG   671088640 bytes (671 MB) copied, 18.476931 s, 36.3 MB/s
2026-05-15 08:42:35,149 DEBUG   711983104 bytes (712 MB) copied, 19.496957 s, 36.5 MB/s
2026-05-15 08:42:35,149 DEBUG   749731840 bytes (750 MB) copied, 20.498119 s, 36.6 MB/s
2026-05-15 08:42:35,149 DEBUG   786432000 bytes (786 MB) copied, 21.520921 s, 36.5 MB/s
2026-05-15 08:42:35,149 DEBUG   837812224 bytes (838 MB) copied, 22.570925 s, 37.1 MB/s
2026-05-15 08:42:35,150 DEBUG   889192448 bytes (889 MB) copied, 23.578916 s, 37.7 MB/s
2026-05-15 08:42:35,150 DEBUG   931135488 bytes (931 MB) copied, 24.597942 s, 37.9 MB/s
2026-05-15 08:42:35,150 DEBUG   974127104 bytes (974 MB) copied, 25.616964 s, 38.0 MB/s
2026-05-15 08:42:35,150 DEBUG   1013972992 bytes (1.0 GB) copied, 26.653255 s, 38.0 MB/s
2026-05-15 08:42:35,150 DEBUG   1062207488 bytes (1.1 GB) copied, 27.707953 s, 38.3 MB/s
2026-05-15 08:42:35,150 DEBUG   1024+0 records in
2026-05-15 08:42:35,150 DEBUG   1024+0 records out
2026-05-15 08:42:35,150 DEBUG   1073741824 bytes (1.1 GB) copied, 28.025 s, 38.3 MB/s
2026-05-15 08:42:35,150 DEBUG   OK (disk op exit 0)
2026-05-15 08:42:35,150 WARNING Guest disk op wall 30.8s (vm='ahv_ins_delete-0-260514-191527' ip=10.114.49.145 op=create ec=0) — includes SSH + guest disk command; if still high, check guest disk throughput vs. MiB settings.
2026-05-15 08:42:35,150 DEBUG [99/126] VM 29150d65… (ahv_ins_delete-0-260514-192728) via 10.114.52.157 op=create
2026-05-15 08:42:35,150 DEBUG   remote: bash -lc 'set -e; _bs(){ printf '"'"'BULK_SNAP_T %s %s\n'"'"' "$1" "$(date +%s.%N 2>/dev/null || date +%s)"; }; _bs guest_start; _bs pipeline_start; openssl enc -aes-256-ctr -pass pass:"testing" -nosalt < /dev/zero 2>/dev/null | dd of=/root/dummy_snapshot_data_1.img bs=1M count=1024 iflag=fullblock status=progress; ec=$?; _bs pipeline_done; _bs guest_end; exit $ec'
2026-05-15 08:42:39,906 DEBUG   BULK_SNAP_T guest_start 1778802129.798654605
2026-05-15 08:42:39,906 DEBUG   BULK_SNAP_T pipeline_start 1778802129.804334579
2026-05-15 08:42:39,906 DEBUG   BULK_SNAP_T pipeline_done 1778802158.771421910
2026-05-15 08:42:39,906 DEBUG   BULK_SNAP_T guest_end 1778802158.775338514
2026-05-15 08:42:39,906 DEBUG   
2026-05-15 08:42:39,906 DEBUG   25165824 bytes (25 MB) copied, 1.035105 s, 24.3 MB/s
2026-05-15 08:42:39,906 DEBUG   50331648 bytes (50 MB) copied, 2.052827 s, 24.5 MB/s
2026-05-15 08:42:39,906 DEBUG   80740352 bytes (81 MB) copied, 3.086070 s, 26.2 MB/s
2026-05-15 08:42:39,906 DEBUG   120586240 bytes (121 MB) copied, 4.088979 s, 29.5 MB/s
2026-05-15 08:42:39,906 DEBUG   153092096 bytes (153 MB) copied, 5.160686 s, 29.7 MB/s
2026-05-15 08:42:39,906 DEBUG   197132288 bytes (197 MB) copied, 6.168715 s, 32.0 MB/s
2026-05-15 08:42:39,906 DEBUG   246415360 bytes (246 MB) copied, 7.226688 s, 34.1 MB/s
2026-05-15 08:42:39,906 DEBUG   290455552 bytes (290 MB) copied, 8.234797 s, 35.3 MB/s
2026-05-15 08:42:39,906 DEBUG   334495744 bytes (334 MB) copied, 9.252674 s, 36.2 MB/s
2026-05-15 08:42:39,906 DEBUG   374341632 bytes (374 MB) copied, 10.277672 s, 36.4 MB/s
2026-05-15 08:42:39,906 DEBUG   412090368 bytes (412 MB) copied, 11.277706 s, 36.5 MB/s
2026-05-15 08:42:39,906 DEBUG   452984832 bytes (453 MB) copied, 12.291692 s, 36.9 MB/s
2026-05-15 08:42:39,906 DEBUG   490733568 bytes (491 MB) copied, 13.311651 s, 36.9 MB/s
2026-05-15 08:42:39,906 DEBUG   524288000 bytes (524 MB) copied, 14.317718 s, 36.6 MB/s
2026-05-15 08:42:39,906 DEBUG   558891008 bytes (559 MB) copied, 15.330747 s, 36.5 MB/s
2026-05-15 08:42:39,906 DEBUG   597688320 bytes (598 MB) copied, 16.379697 s, 36.5 MB/s
2026-05-15 08:42:39,906 DEBUG   634388480 bytes (634 MB) copied, 17.409712 s, 36.4 MB/s
2026-05-15 08:42:39,906 DEBUG   675282944 bytes (675 MB) copied, 18.423668 s, 36.7 MB/s
2026-05-15 08:42:39,906 DEBUG   714080256 bytes (714 MB) copied, 19.437648 s, 36.7 MB/s
2026-05-15 08:42:39,906 DEBUG   757071872 bytes (757 MB) copied, 20.439715 s, 37.0 MB/s
2026-05-15 08:42:39,906 DEBUG   795869184 bytes (796 MB) copied, 21.455691 s, 37.1 MB/s
2026-05-15 08:42:39,906 DEBUG   836763648 bytes (837 MB) copied, 22.472678 s, 37.2 MB/s
2026-05-15 08:42:39,906 DEBUG   872415232 bytes (872 MB) copied, 23.491729 s, 37.1 MB/s
2026-05-15 08:42:39,906 DEBUG   909115392 bytes (909 MB) copied, 24.508711 s, 37.1 MB/s
2026-05-15 08:42:39,906 DEBUG   945815552 bytes (946 MB) copied, 25.544798 s, 37.0 MB/s
2026-05-15 08:42:39,906 DEBUG   989855744 bytes (990 MB) copied, 26.578697 s, 37.2 MB/s
2026-05-15 08:42:39,907 DEBUG   1022361600 bytes (1.0 GB) copied, 27.580651 s, 37.1 MB/s
2026-05-15 08:42:39,907 DEBUG   1058013184 bytes (1.1 GB) copied, 28.581714 s, 37.0 MB/s
2026-05-15 08:42:39,907 DEBUG   1024+0 records in
2026-05-15 08:42:39,907 DEBUG   1024+0 records out
2026-05-15 08:42:39,907 DEBUG   1073741824 bytes (1.1 GB) copied, 28.8508 s, 37.2 MB/s
2026-05-15 08:42:39,907 DEBUG   OK (disk op exit 0)
2026-05-15 08:42:39,907 WARNING Guest disk op wall 31.0s (vm='ahv_ins_delete-0-260514-191530' ip=10.114.50.38 op=create ec=0) — includes SSH + guest disk command; if still high, check guest disk throughput vs. MiB settings.
2026-05-15 08:42:39,907 DEBUG [100/126] VM 664a9b27… (ahv_ins_delete-0-260514-192738) via 10.114.53.27 op=create
2026-05-15 08:42:39,908 DEBUG   remote: bash -lc 'set -e; _bs(){ printf '"'"'BULK_SNAP_T %s %s\n'"'"' "$1" "$(date +%s.%N 2>/dev/null || date +%s)"; }; _bs guest_start; _bs pipeline_start; openssl enc -aes-256-ctr -pass pass:"testing" -nosalt < /dev/zero 2>/dev/null | dd of=/root/dummy_snapshot_data_1.img bs=1M count=1024 iflag=fullblock status=progress; ec=$?; _bs pipeline_done; _bs guest_end; exit $ec'
2026-05-15 08:42:44,158 DEBUG   BULK_SNAP_T guest_start 1778802134.012869108
2026-05-15 08:42:44,158 DEBUG   BULK_SNAP_T pipeline_start 1778802134.018803910
2026-05-15 08:42:44,158 DEBUG   BULK_SNAP_T pipeline_done 1778802163.014087442
2026-05-15 08:42:44,158 DEBUG   BULK_SNAP_T guest_end 1778802163.030528648
2026-05-15 08:42:44,158 DEBUG   
2026-05-15 08:42:44,158 DEBUG   19922944 bytes (20 MB) copied, 1.006967 s, 19.8 MB/s
2026-05-15 08:42:44,158 DEBUG   40894464 bytes (41 MB) copied, 2.033090 s, 20.1 MB/s
2026-05-15 08:42:44,158 DEBUG   72351744 bytes (72 MB) copied, 3.132270 s, 23.1 MB/s
2026-05-15 08:42:44,158 DEBUG   111149056 bytes (111 MB) copied, 4.134853 s, 26.9 MB/s
2026-05-15 08:42:44,158 DEBUG   150994944 bytes (151 MB) copied, 5.170634 s, 29.2 MB/s
2026-05-15 08:42:44,158 DEBUG   189792256 bytes (190 MB) copied, 6.179678 s, 30.7 MB/s
2026-05-15 08:42:44,158 DEBUG   228589568 bytes (229 MB) copied, 7.184856 s, 31.8 MB/s
2026-05-15 08:42:44,158 DEBUG   274726912 bytes (275 MB) copied, 8.193632 s, 33.5 MB/s
2026-05-15 08:42:44,158 DEBUG   308281344 bytes (308 MB) copied, 9.215801 s, 33.5 MB/s
2026-05-15 08:42:44,158 DEBUG   339738624 bytes (340 MB) copied, 10.225605 s, 33.2 MB/s
2026-05-15 08:42:44,158 DEBUG   384827392 bytes (385 MB) copied, 11.229664 s, 34.3 MB/s
2026-05-15 08:42:44,158 DEBUG   426770432 bytes (427 MB) copied, 12.243680 s, 34.9 MB/s
2026-05-15 08:42:44,158 DEBUG   469762048 bytes (470 MB) copied, 13.255679 s, 35.4 MB/s
2026-05-15 08:42:44,158 DEBUG   512753664 bytes (513 MB) copied, 14.259667 s, 36.0 MB/s
2026-05-15 08:42:44,158 DEBUG   550502400 bytes (551 MB) copied, 15.272645 s, 36.0 MB/s
2026-05-15 08:42:44,158 DEBUG   591396864 bytes (591 MB) copied, 16.282657 s, 36.3 MB/s
2026-05-15 08:42:44,158 DEBUG   630194176 bytes (630 MB) copied, 17.299652 s, 36.4 MB/s
2026-05-15 08:42:44,158 DEBUG   676331520 bytes (676 MB) copied, 18.317598 s, 36.9 MB/s
2026-05-15 08:42:44,158 DEBUG   723517440 bytes (724 MB) copied, 19.373933 s, 37.3 MB/s
2026-05-15 08:42:44,158 DEBUG   775946240 bytes (776 MB) copied, 20.379789 s, 38.1 MB/s
2026-05-15 08:42:44,158 DEBUG   822083584 bytes (822 MB) copied, 21.423640 s, 38.4 MB/s
2026-05-15 08:42:44,158 DEBUG   861929472 bytes (862 MB) copied, 22.458595 s, 38.4 MB/s
2026-05-15 08:42:44,158 DEBUG   889192448 bytes (889 MB) copied, 23.466720 s, 37.9 MB/s
2026-05-15 08:42:44,158 DEBUG   932184064 bytes (932 MB) copied, 24.470673 s, 38.1 MB/s
2026-05-15 08:42:44,158 DEBUG   963641344 bytes (964 MB) copied, 25.505728 s, 37.8 MB/s
2026-05-15 08:42:44,158 DEBUG   998244352 bytes (998 MB) copied, 26.507628 s, 37.7 MB/s
2026-05-15 08:42:44,158 DEBUG   1029701632 bytes (1.0 GB) copied, 27.517154 s, 37.4 MB/s
2026-05-15 08:42:44,158 DEBUG   1061158912 bytes (1.1 GB) copied, 28.522932 s, 37.2 MB/s
2026-05-15 08:42:44,158 DEBUG   1024+0 records in
2026-05-15 08:42:44,158 DEBUG   1024+0 records out
2026-05-15 08:42:44,159 DEBUG   1073741824 bytes (1.1 GB) copied, 28.8342 s, 37.2 MB/s
2026-05-15 08:42:44,159 DEBUG   OK (disk op exit 0)
2026-05-15 08:42:44,159 WARNING Guest disk op wall 31.3s (vm='ahv_ins_delete-0-260514-192054' ip=10.114.51.142 op=create ec=0) — includes SSH + guest disk command; if still high, check guest disk throughput vs. MiB settings.
2026-05-15 08:42:44,159 DEBUG [101/126] VM cdcd2b6d… (ahv_ins_delete-0-260514-193040) via 10.114.48.43 op=create
2026-05-15 08:42:44,159 DEBUG   remote: bash -lc 'set -e; _bs(){ printf '"'"'BULK_SNAP_T %s %s\n'"'"' "$1" "$(date +%s.%N 2>/dev/null || date +%s)"; }; _bs guest_start; _bs pipeline_start; openssl enc -aes-256-ctr -pass pass:"testing" -nosalt < /dev/zero 2>/dev/null | dd of=/root/dummy_snapshot_data_1.img bs=1M count=1024 iflag=fullblock status=progress; ec=$?; _bs pipeline_done; _bs guest_end; exit $ec'
2026-05-15 08:42:44,407 DEBUG   BULK_SNAP_T guest_start 1778802138.992363565
2026-05-15 08:42:44,407 DEBUG   BULK_SNAP_T pipeline_start 1778802138.997701740
2026-05-15 08:42:44,407 DEBUG   BULK_SNAP_T pipeline_done 1778802163.271260345
2026-05-15 08:42:44,407 DEBUG   BULK_SNAP_T guest_end 1778802163.276228008
2026-05-15 08:42:44,407 DEBUG   
2026-05-15 08:42:44,407 DEBUG   22020096 bytes (22 MB) copied, 1.159297 s, 19.0 MB/s
2026-05-15 08:42:44,407 DEBUG   44040192 bytes (44 MB) copied, 2.196223 s, 20.1 MB/s
2026-05-15 08:42:44,407 DEBUG   77594624 bytes (78 MB) copied, 3.358376 s, 23.1 MB/s
2026-05-15 08:42:44,407 DEBUG   116391936 bytes (116 MB) copied, 4.467758 s, 26.1 MB/s
2026-05-15 08:42:44,407 DEBUG   144703488 bytes (145 MB) copied, 5.493706 s, 26.3 MB/s
2026-05-15 08:42:44,407 DEBUG   179306496 bytes (179 MB) copied, 6.494054 s, 27.6 MB/s
2026-05-15 08:42:44,407 DEBUG   227540992 bytes (228 MB) copied, 7.538813 s, 30.2 MB/s
2026-05-15 08:42:44,407 DEBUG   272629760 bytes (273 MB) copied, 8.549709 s, 31.9 MB/s
2026-05-15 08:42:44,407 DEBUG   319815680 bytes (320 MB) copied, 9.560966 s, 33.5 MB/s
2026-05-15 08:42:44,407 DEBUG   368050176 bytes (368 MB) copied, 10.596742 s, 34.7 MB/s
2026-05-15 08:42:44,407 DEBUG   411041792 bytes (411 MB) copied, 11.601677 s, 35.4 MB/s
2026-05-15 08:42:44,407 DEBUG   467664896 bytes (468 MB) copied, 12.601878 s, 37.1 MB/s
2026-05-15 08:42:44,408 DEBUG   522190848 bytes (522 MB) copied, 13.642710 s, 38.3 MB/s
2026-05-15 08:42:44,408 DEBUG   581959680 bytes (582 MB) copied, 14.698056 s, 39.6 MB/s
2026-05-15 08:42:44,408 DEBUG   634388480 bytes (634 MB) copied, 15.705928 s, 40.4 MB/s
2026-05-15 08:42:44,408 DEBUG   688914432 bytes (689 MB) copied, 16.710812 s, 41.2 MB/s
2026-05-15 08:42:44,408 DEBUG   754974720 bytes (755 MB) copied, 17.727977 s, 42.6 MB/s
2026-05-15 08:42:44,408 DEBUG   810549248 bytes (811 MB) copied, 18.735727 s, 43.3 MB/s
2026-05-15 08:42:44,408 DEBUG   856686592 bytes (857 MB) copied, 19.739768 s, 43.4 MB/s
2026-05-15 08:42:44,408 DEBUG   902823936 bytes (903 MB) copied, 20.751718 s, 43.5 MB/s
2026-05-15 08:42:44,408 DEBUG   965738496 bytes (966 MB) copied, 21.813805 s, 44.3 MB/s
2026-05-15 08:42:44,408 DEBUG   1016070144 bytes (1.0 GB) copied, 22.861827 s, 44.4 MB/s
2026-05-15 08:42:44,408 DEBUG   1062207488 bytes (1.1 GB) copied, 23.865834 s, 44.5 MB/s
2026-05-15 08:42:44,408 DEBUG   1024+0 records in
2026-05-15 08:42:44,408 DEBUG   1024+0 records out
2026-05-15 08:42:44,408 DEBUG   1073741824 bytes (1.1 GB) copied, 24.054 s, 44.6 MB/s
2026-05-15 08:42:44,408 DEBUG   OK (disk op exit 0)
2026-05-15 08:42:44,408 WARNING Guest disk op wall 27.0s (vm='ahv_ins_delete-0-260514-192123' ip=10.114.50.242 op=create ec=0) — includes SSH + guest disk command; if still high, check guest disk throughput vs. MiB settings.
2026-05-15 08:42:44,409 DEBUG [102/126] VM 583256ae… (ahv_ins_delete-0-260514-193214) via 10.114.54.112 op=create
2026-05-15 08:42:44,409 DEBUG   remote: bash -lc 'set -e; _bs(){ printf '"'"'BULK_SNAP_T %s %s\n'"'"' "$1" "$(date +%s.%N 2>/dev/null || date +%s)"; }; _bs guest_start; _bs pipeline_start; openssl enc -aes-256-ctr -pass pass:"testing" -nosalt < /dev/zero 2>/dev/null | dd of=/root/dummy_snapshot_data_1.img bs=1M count=1024 iflag=fullblock status=progress; ec=$?; _bs pipeline_done; _bs guest_end; exit $ec'
2026-05-15 08:42:48,660 DEBUG   BULK_SNAP_T guest_start 1778802140.109163881
2026-05-15 08:42:48,660 DEBUG   BULK_SNAP_T pipeline_start 1778802140.114605141
2026-05-15 08:42:48,660 DEBUG   BULK_SNAP_T pipeline_done 1778802167.627752557
2026-05-15 08:42:48,660 DEBUG   BULK_SNAP_T guest_end 1778802167.629696597
2026-05-15 08:42:48,660 DEBUG   
2026-05-15 08:42:48,660 DEBUG   34603008 bytes (35 MB) copied, 1.055642 s, 32.8 MB/s
2026-05-15 08:42:48,660 DEBUG   54525952 bytes (55 MB) copied, 2.085946 s, 26.1 MB/s
2026-05-15 08:42:48,660 DEBUG   83886080 bytes (84 MB) copied, 3.087958 s, 27.2 MB/s
2026-05-15 08:42:48,660 DEBUG   117440512 bytes (117 MB) copied, 4.110488 s, 28.6 MB/s
2026-05-15 08:42:48,660 DEBUG   153092096 bytes (153 MB) copied, 5.135642 s, 29.8 MB/s
2026-05-15 08:42:48,660 DEBUG   197132288 bytes (197 MB) copied, 6.176650 s, 31.9 MB/s
2026-05-15 08:42:48,660 DEBUG   239075328 bytes (239 MB) copied, 7.181616 s, 33.3 MB/s
2026-05-15 08:42:48,660 DEBUG   285212672 bytes (285 MB) copied, 8.192581 s, 34.8 MB/s
2026-05-15 08:42:48,660 DEBUG   327155712 bytes (327 MB) copied, 9.228755 s, 35.4 MB/s
2026-05-15 08:42:48,660 DEBUG   371195904 bytes (371 MB) copied, 10.240557 s, 36.2 MB/s
2026-05-15 08:42:48,660 DEBUG   411041792 bytes (411 MB) copied, 11.282534 s, 36.4 MB/s
2026-05-15 08:42:48,660 DEBUG   452984832 bytes (453 MB) copied, 12.282721 s, 36.9 MB/s
2026-05-15 08:42:48,660 DEBUG   494927872 bytes (495 MB) copied, 13.284537 s, 37.3 MB/s
2026-05-15 08:42:48,661 DEBUG   544210944 bytes (544 MB) copied, 14.332535 s, 38.0 MB/s
2026-05-15 08:42:48,661 DEBUG   595591168 bytes (596 MB) copied, 15.357584 s, 38.8 MB/s
2026-05-15 08:42:48,661 DEBUG   634388480 bytes (634 MB) copied, 16.383568 s, 38.7 MB/s
2026-05-15 08:42:48,661 DEBUG   674234368 bytes (674 MB) copied, 17.393741 s, 38.8 MB/s
2026-05-15 08:42:48,661 DEBUG   715128832 bytes (715 MB) copied, 18.398741 s, 38.9 MB/s
2026-05-15 08:42:48,661 DEBUG   758120448 bytes (758 MB) copied, 19.424488 s, 39.0 MB/s
2026-05-15 08:42:48,661 DEBUG   800063488 bytes (800 MB) copied, 20.436537 s, 39.1 MB/s
2026-05-15 08:42:48,661 DEBUG   839909376 bytes (840 MB) copied, 21.437558 s, 39.2 MB/s
2026-05-15 08:42:48,661 DEBUG   877658112 bytes (878 MB) copied, 22.443511 s, 39.1 MB/s
2026-05-15 08:42:48,661 DEBUG   916455424 bytes (916 MB) copied, 23.444920 s, 39.1 MB/s
2026-05-15 08:42:48,661 DEBUG   960495616 bytes (960 MB) copied, 24.482538 s, 39.2 MB/s
2026-05-15 08:42:48,661 DEBUG   998244352 bytes (998 MB) copied, 25.494517 s, 39.2 MB/s
2026-05-15 08:42:48,661 DEBUG   1033895936 bytes (1.0 GB) copied, 26.504579 s, 39.0 MB/s
2026-05-15 08:42:48,661 DEBUG   1024+0 records in
2026-05-15 08:42:48,661 DEBUG   1024+0 records out
2026-05-15 08:42:48,661 DEBUG   1073741824 bytes (1.1 GB) copied, 27.4225 s, 39.2 MB/s
2026-05-15 08:42:48,661 DEBUG   OK (disk op exit 0)
2026-05-15 08:42:48,661 WARNING Guest disk op wall 30.0s (vm='ahv_ins_delete-0-260514-192203' ip=10.114.51.110 op=create ec=0) — includes SSH + guest disk command; if still high, check guest disk throughput vs. MiB settings.
2026-05-15 08:42:48,661 DEBUG [103/126] VM ee874d84… (ahv_ins_delete-0-260514-193248) via 10.114.54.59 op=create
2026-05-15 08:42:48,661 DEBUG   remote: bash -lc 'set -e; _bs(){ printf '"'"'BULK_SNAP_T %s %s\n'"'"' "$1" "$(date +%s.%N 2>/dev/null || date +%s)"; }; _bs guest_start; _bs pipeline_start; openssl enc -aes-256-ctr -pass pass:"testing" -nosalt < /dev/zero 2>/dev/null | dd of=/root/dummy_snapshot_data_1.img bs=1M count=1024 iflag=fullblock status=progress; ec=$?; _bs pipeline_done; _bs guest_end; exit $ec'
2026-05-15 08:42:51,409 DEBUG   BULK_SNAP_T guest_start 1778802138.787304144
2026-05-15 08:42:51,409 DEBUG   BULK_SNAP_T pipeline_start 1778802138.791985972
2026-05-15 08:42:51,409 DEBUG   BULK_SNAP_T pipeline_done 1778802170.194756650
2026-05-15 08:42:51,409 DEBUG   BULK_SNAP_T guest_end 1778802170.198388441
2026-05-15 08:42:51,409 DEBUG   
2026-05-15 08:42:51,409 DEBUG   20971520 bytes (21 MB) copied, 1.023819 s, 20.5 MB/s
2026-05-15 08:42:51,409 DEBUG   37748736 bytes (38 MB) copied, 2.030585 s, 18.6 MB/s
2026-05-15 08:42:51,409 DEBUG   63963136 bytes (64 MB) copied, 3.034585 s, 21.1 MB/s
2026-05-15 08:42:51,409 DEBUG   99614720 bytes (100 MB) copied, 4.067542 s, 24.5 MB/s
2026-05-15 08:42:51,409 DEBUG   136314880 bytes (136 MB) copied, 5.080645 s, 26.8 MB/s
2026-05-15 08:42:51,409 DEBUG   173015040 bytes (173 MB) copied, 6.120606 s, 28.3 MB/s
2026-05-15 08:42:51,409 DEBUG   207618048 bytes (208 MB) copied, 7.126650 s, 29.1 MB/s
2026-05-15 08:42:51,409 DEBUG   249561088 bytes (250 MB) copied, 8.135572 s, 30.7 MB/s
2026-05-15 08:42:51,409 DEBUG   292552704 bytes (293 MB) copied, 9.152519 s, 32.0 MB/s
2026-05-15 08:42:51,409 DEBUG   333447168 bytes (333 MB) copied, 10.172060 s, 32.8 MB/s
2026-05-15 08:42:51,409 DEBUG   372244480 bytes (372 MB) copied, 11.208469 s, 33.2 MB/s
2026-05-15 08:42:51,409 DEBUG   407896064 bytes (408 MB) copied, 12.325465 s, 33.1 MB/s
2026-05-15 08:42:51,409 DEBUG   447741952 bytes (448 MB) copied, 13.367468 s, 33.5 MB/s
2026-05-15 08:42:51,409 DEBUG   492830720 bytes (493 MB) copied, 14.413512 s, 34.2 MB/s
2026-05-15 08:42:51,409 DEBUG   528482304 bytes (528 MB) copied, 15.440519 s, 34.2 MB/s
2026-05-15 08:42:51,409 DEBUG   568328192 bytes (568 MB) copied, 16.481454 s, 34.5 MB/s
2026-05-15 08:42:51,409 DEBUG   611319808 bytes (611 MB) copied, 17.502519 s, 34.9 MB/s
2026-05-15 08:42:51,409 DEBUG   655360000 bytes (655 MB) copied, 18.537465 s, 35.4 MB/s
2026-05-15 08:42:51,409 DEBUG   692060160 bytes (692 MB) copied, 19.607734 s, 35.3 MB/s
2026-05-15 08:42:51,409 DEBUG   724566016 bytes (725 MB) copied, 20.644525 s, 35.1 MB/s
2026-05-15 08:42:51,409 DEBUG   763363328 bytes (763 MB) copied, 21.678547 s, 35.2 MB/s
2026-05-15 08:42:51,409 DEBUG   801112064 bytes (801 MB) copied, 22.703492 s, 35.3 MB/s
2026-05-15 08:42:51,409 DEBUG   832569344 bytes (833 MB) copied, 23.705633 s, 35.1 MB/s
2026-05-15 08:42:51,409 DEBUG   865075200 bytes (865 MB) copied, 24.706622 s, 35.0 MB/s
2026-05-15 08:42:51,409 DEBUG   897581056 bytes (898 MB) copied, 25.725977 s, 34.9 MB/s
2026-05-15 08:42:51,409 DEBUG   935329792 bytes (935 MB) copied, 26.746488 s, 35.0 MB/s
2026-05-15 08:42:51,409 DEBUG   963641344 bytes (964 MB) copied, 27.801614 s, 34.7 MB/s
2026-05-15 08:42:51,409 DEBUG   996147200 bytes (996 MB) copied, 28.839735 s, 34.5 MB/s
2026-05-15 08:42:51,409 DEBUG   1029701632 bytes (1.0 GB) copied, 29.874727 s, 34.5 MB/s
2026-05-15 08:42:51,409 DEBUG   1060110336 bytes (1.1 GB) copied, 30.875490 s, 34.3 MB/s
2026-05-15 08:42:51,409 DEBUG   1024+0 records in
2026-05-15 08:42:51,409 DEBUG   1024+0 records out
2026-05-15 08:42:51,409 DEBUG   1073741824 bytes (1.1 GB) copied, 31.2465 s, 34.4 MB/s
2026-05-15 08:42:51,410 DEBUG   OK (disk op exit 0)
2026-05-15 08:42:51,410 WARNING Guest disk op wall 33.8s (vm='ahv_ins_delete-0-260514-192200' ip=10.114.52.45 op=create ec=0) — includes SSH + guest disk command; if still high, check guest disk throughput vs. MiB settings.
2026-05-15 08:42:51,410 DEBUG [104/126] VM 7783a5e9… (ahv_ins_delete-0-260514-193330) via 10.114.48.98 op=create
2026-05-15 08:42:51,410 DEBUG   remote: bash -lc 'set -e; _bs(){ printf '"'"'BULK_SNAP_T %s %s\n'"'"' "$1" "$(date +%s.%N 2>/dev/null || date +%s)"; }; _bs guest_start; _bs pipeline_start; openssl enc -aes-256-ctr -pass pass:"testing" -nosalt < /dev/zero 2>/dev/null | dd of=/root/dummy_snapshot_data_1.img bs=1M count=1024 iflag=fullblock status=progress; ec=$?; _bs pipeline_done; _bs guest_end; exit $ec'
2026-05-15 08:42:53,412 DEBUG   BULK_SNAP_T guest_start 1778802149.089319798
2026-05-15 08:42:53,412 DEBUG   BULK_SNAP_T pipeline_start 1778802149.096102425
2026-05-15 08:42:53,412 DEBUG   BULK_SNAP_T pipeline_done 1778802172.225262174
2026-05-15 08:42:53,412 DEBUG   BULK_SNAP_T guest_end 1778802172.227911419
2026-05-15 08:42:53,412 DEBUG   
2026-05-15 08:42:53,412 DEBUG   20971520 bytes (21 MB) copied, 1.060385 s, 19.8 MB/s
2026-05-15 08:42:53,412 DEBUG   39845888 bytes (40 MB) copied, 2.210416 s, 18.0 MB/s
2026-05-15 08:42:53,412 DEBUG   69206016 bytes (69 MB) copied, 3.223453 s, 21.5 MB/s
2026-05-15 08:42:53,412 DEBUG   103809024 bytes (104 MB) copied, 4.319455 s, 24.0 MB/s
2026-05-15 08:42:53,412 DEBUG   139460608 bytes (139 MB) copied, 5.320484 s, 26.2 MB/s
2026-05-15 08:42:53,412 DEBUG   174063616 bytes (174 MB) copied, 6.325365 s, 27.5 MB/s
2026-05-15 08:42:53,412 DEBUG   207618048 bytes (208 MB) copied, 7.345588 s, 28.3 MB/s
2026-05-15 08:42:53,412 DEBUG   251658240 bytes (252 MB) copied, 8.349330 s, 30.1 MB/s
2026-05-15 08:42:53,412 DEBUG   293601280 bytes (294 MB) copied, 9.402633 s, 31.2 MB/s
2026-05-15 08:42:53,412 DEBUG   336592896 bytes (337 MB) copied, 10.429354 s, 32.3 MB/s
2026-05-15 08:42:53,412 DEBUG   401604608 bytes (402 MB) copied, 11.462278 s, 35.0 MB/s
2026-05-15 08:42:53,412 DEBUG   463470592 bytes (463 MB) copied, 12.472539 s, 37.2 MB/s
2026-05-15 08:42:53,413 DEBUG   536870912 bytes (537 MB) copied, 13.493291 s, 39.8 MB/s
2026-05-15 08:42:53,413 DEBUG   591396864 bytes (591 MB) copied, 14.500288 s, 40.8 MB/s
2026-05-15 08:42:53,413 DEBUG   644874240 bytes (645 MB) copied, 15.521620 s, 41.5 MB/s
2026-05-15 08:42:53,413 DEBUG   701497344 bytes (701 MB) copied, 16.529313 s, 42.4 MB/s
2026-05-15 08:42:53,413 DEBUG   762314752 bytes (762 MB) copied, 17.535252 s, 43.5 MB/s
2026-05-15 08:42:53,413 DEBUG   821035008 bytes (821 MB) copied, 18.583288 s, 44.2 MB/s
2026-05-15 08:42:53,413 DEBUG   890241024 bytes (890 MB) copied, 19.606382 s, 45.4 MB/s
2026-05-15 08:42:53,413 DEBUG   953155584 bytes (953 MB) copied, 20.622310 s, 46.2 MB/s
2026-05-15 08:42:53,413 DEBUG   1004535808 bytes (1.0 GB) copied, 21.640480 s, 46.4 MB/s
2026-05-15 08:42:53,413 DEBUG   1055916032 bytes (1.1 GB) copied, 22.644398 s, 46.6 MB/s
2026-05-15 08:42:53,413 DEBUG   1024+0 records in
2026-05-15 08:42:53,413 DEBUG   1024+0 records out
2026-05-15 08:42:53,413 DEBUG   1073741824 bytes (1.1 GB) copied, 22.9903 s, 46.7 MB/s
2026-05-15 08:42:53,413 DEBUG   OK (disk op exit 0)
2026-05-15 08:42:53,413 WARNING Guest disk op wall 25.0s (vm='ahv_ins_delete-0-260514-192546' ip=10.114.50.120 op=create ec=0) — includes SSH + guest disk command; if still high, check guest disk throughput vs. MiB settings.
2026-05-15 08:42:53,413 DEBUG [105/126] VM ef7ed064… (ahv_ins_delete-0-260514-193347) via 10.114.48.37 op=create
2026-05-15 08:42:53,413 DEBUG   remote: bash -lc 'set -e; _bs(){ printf '"'"'BULK_SNAP_T %s %s\n'"'"' "$1" "$(date +%s.%N 2>/dev/null || date +%s)"; }; _bs guest_start; _bs pipeline_start; openssl enc -aes-256-ctr -pass pass:"testing" -nosalt < /dev/zero 2>/dev/null | dd of=/root/dummy_snapshot_data_1.img bs=1M count=1024 iflag=fullblock status=progress; ec=$?; _bs pipeline_done; _bs guest_end; exit $ec'
2026-05-15 08:42:55,413 DEBUG   BULK_SNAP_T guest_start 1778802150.023198767
2026-05-15 08:42:55,413 DEBUG   BULK_SNAP_T pipeline_start 1778802150.028771253
2026-05-15 08:42:55,413 DEBUG   BULK_SNAP_T pipeline_done 1778802173.886590465
2026-05-15 08:42:55,413 DEBUG   BULK_SNAP_T guest_end 1778802173.900317015
2026-05-15 08:42:55,413 DEBUG   
2026-05-15 08:42:55,413 DEBUG   22020096 bytes (22 MB) copied, 1.043907 s, 21.1 MB/s
2026-05-15 08:42:55,413 DEBUG   50331648 bytes (50 MB) copied, 2.161080 s, 23.3 MB/s
2026-05-15 08:42:55,413 DEBUG   83886080 bytes (84 MB) copied, 3.164258 s, 26.5 MB/s
2026-05-15 08:42:55,413 DEBUG   117440512 bytes (117 MB) copied, 4.175750 s, 28.1 MB/s
2026-05-15 08:42:55,413 DEBUG   154140672 bytes (154 MB) copied, 5.178825 s, 29.8 MB/s
2026-05-15 08:42:55,413 DEBUG   192937984 bytes (193 MB) copied, 6.207770 s, 31.1 MB/s
2026-05-15 08:42:55,413 DEBUG   229638144 bytes (230 MB) copied, 7.221875 s, 31.8 MB/s
2026-05-15 08:42:55,413 DEBUG   262144000 bytes (262 MB) copied, 8.238815 s, 31.8 MB/s
2026-05-15 08:42:55,413 DEBUG   291504128 bytes (292 MB) copied, 9.288876 s, 31.4 MB/s
2026-05-15 08:42:55,413 DEBUG   331350016 bytes (331 MB) copied, 10.298797 s, 32.2 MB/s
2026-05-15 08:42:55,413 DEBUG   375390208 bytes (375 MB) copied, 11.306829 s, 33.2 MB/s
2026-05-15 08:42:55,413 DEBUG   409993216 bytes (410 MB) copied, 12.319182 s, 33.3 MB/s
2026-05-15 08:42:55,413 DEBUG   473956352 bytes (474 MB) copied, 13.327736 s, 35.6 MB/s
2026-05-15 08:42:55,413 DEBUG   544210944 bytes (544 MB) copied, 14.334955 s, 38.0 MB/s
2026-05-15 08:42:55,413 DEBUG   600834048 bytes (601 MB) copied, 15.341832 s, 39.2 MB/s
2026-05-15 08:42:55,413 DEBUG   653262848 bytes (653 MB) copied, 16.359912 s, 39.9 MB/s
2026-05-15 08:42:55,413 DEBUG   692060160 bytes (692 MB) copied, 17.377781 s, 39.8 MB/s
2026-05-15 08:42:55,413 DEBUG   757071872 bytes (757 MB) copied, 18.397733 s, 41.2 MB/s
2026-05-15 08:42:55,414 DEBUG   814743552 bytes (815 MB) copied, 19.408812 s, 42.0 MB/s
2026-05-15 08:42:55,414 DEBUG   889192448 bytes (889 MB) copied, 20.414249 s, 43.6 MB/s
2026-05-15 08:42:55,414 DEBUG   938475520 bytes (938 MB) copied, 21.422757 s, 43.8 MB/s
2026-05-15 08:42:55,414 DEBUG   998244352 bytes (998 MB) copied, 22.439746 s, 44.5 MB/s
2026-05-15 08:42:55,414 DEBUG   1059061760 bytes (1.1 GB) copied, 23.458840 s, 45.1 MB/s
2026-05-15 08:42:55,414 DEBUG   1024+0 records in
2026-05-15 08:42:55,414 DEBUG   1024+0 records out
2026-05-15 08:42:55,414 DEBUG   1073741824 bytes (1.1 GB) copied, 23.7339 s, 45.2 MB/s
2026-05-15 08:42:55,414 DEBUG   OK (disk op exit 0)
2026-05-15 08:42:55,414 WARNING Guest disk op wall 26.3s (vm='ahv_ins_delete-0-260514-192637' ip=10.114.48.130 op=create ec=0) — includes SSH + guest disk command; if still high, check guest disk throughput vs. MiB settings.
2026-05-15 08:42:55,414 DEBUG [106/126] VM 1babbf2a… (ahv_ins_delete-0-260514-193551) via 10.114.52.143 op=create
2026-05-15 08:42:55,414 DEBUG   remote: bash -lc 'set -e; _bs(){ printf '"'"'BULK_SNAP_T %s %s\n'"'"' "$1" "$(date +%s.%N 2>/dev/null || date +%s)"; }; _bs guest_start; _bs pipeline_start; openssl enc -aes-256-ctr -pass pass:"testing" -nosalt < /dev/zero 2>/dev/null | dd of=/root/dummy_snapshot_data_1.img bs=1M count=1024 iflag=fullblock status=progress; ec=$?; _bs pipeline_done; _bs guest_end; exit $ec'
2026-05-15 08:42:58,917 DEBUG   BULK_SNAP_T guest_start 1778802147.810613104
2026-05-15 08:42:58,917 DEBUG   BULK_SNAP_T pipeline_start 1778802147.819227542
2026-05-15 08:42:58,917 DEBUG   BULK_SNAP_T pipeline_done 1778802178.200174009
2026-05-15 08:42:58,917 DEBUG   BULK_SNAP_T guest_end 1778802178.204428127
2026-05-15 08:42:58,917 DEBUG   
2026-05-15 08:42:58,917 DEBUG   25165824 bytes (25 MB) copied, 1.000504 s, 25.2 MB/s
2026-05-15 08:42:58,917 DEBUG   49283072 bytes (49 MB) copied, 2.178983 s, 22.6 MB/s
2026-05-15 08:42:58,917 DEBUG   84934656 bytes (85 MB) copied, 3.186544 s, 26.7 MB/s
2026-05-15 08:42:58,917 DEBUG   123731968 bytes (124 MB) copied, 4.193512 s, 29.5 MB/s
2026-05-15 08:42:58,917 DEBUG   159383552 bytes (159 MB) copied, 5.204626 s, 30.6 MB/s
2026-05-15 08:42:58,917 DEBUG   197132288 bytes (197 MB) copied, 6.223532 s, 31.7 MB/s
2026-05-15 08:42:58,917 DEBUG   240123904 bytes (240 MB) copied, 7.247799 s, 33.1 MB/s
2026-05-15 08:42:58,917 DEBUG   279969792 bytes (280 MB) copied, 8.264624 s, 33.9 MB/s
2026-05-15 08:42:58,917 DEBUG   320864256 bytes (321 MB) copied, 9.284530 s, 34.6 MB/s
2026-05-15 08:42:58,917 DEBUG   353370112 bytes (353 MB) copied, 10.303431 s, 34.3 MB/s
2026-05-15 08:42:58,917 DEBUG   383778816 bytes (384 MB) copied, 11.330519 s, 33.9 MB/s
2026-05-15 08:42:58,917 DEBUG   416284672 bytes (416 MB) copied, 12.342614 s, 33.7 MB/s
2026-05-15 08:42:58,917 DEBUG   455081984 bytes (455 MB) copied, 13.360473 s, 34.1 MB/s
2026-05-15 08:42:58,917 DEBUG   494927872 bytes (495 MB) copied, 14.406829 s, 34.4 MB/s
2026-05-15 08:42:58,917 DEBUG   527433728 bytes (527 MB) copied, 15.432432 s, 34.2 MB/s
2026-05-15 08:42:58,917 DEBUG   570425344 bytes (570 MB) copied, 16.456557 s, 34.7 MB/s
2026-05-15 08:42:58,917 DEBUG   609222656 bytes (609 MB) copied, 17.462484 s, 34.9 MB/s
2026-05-15 08:42:58,917 DEBUG   643825664 bytes (644 MB) copied, 18.462678 s, 34.9 MB/s
2026-05-15 08:42:58,917 DEBUG   679477248 bytes (679 MB) copied, 19.466541 s, 34.9 MB/s
2026-05-15 08:42:58,917 DEBUG   710934528 bytes (711 MB) copied, 20.488627 s, 34.7 MB/s
2026-05-15 08:42:58,917 DEBUG   744488960 bytes (744 MB) copied, 21.492421 s, 34.6 MB/s
2026-05-15 08:42:58,917 DEBUG   785383424 bytes (785 MB) copied, 22.523474 s, 34.9 MB/s
2026-05-15 08:42:58,917 DEBUG   819986432 bytes (820 MB) copied, 23.544640 s, 34.8 MB/s
2026-05-15 08:42:58,917 DEBUG   855638016 bytes (856 MB) copied, 24.556539 s, 34.8 MB/s
2026-05-15 08:42:58,917 DEBUG   902823936 bytes (903 MB) copied, 25.584546 s, 35.3 MB/s
2026-05-15 08:42:58,917 DEBUG   939524096 bytes (940 MB) copied, 26.599508 s, 35.3 MB/s
2026-05-15 08:42:58,917 DEBUG   976224256 bytes (976 MB) copied, 27.601498 s, 35.4 MB/s
2026-05-15 08:42:58,917 DEBUG   1025507328 bytes (1.0 GB) copied, 28.610490 s, 35.8 MB/s
2026-05-15 08:42:58,917 DEBUG   1060110336 bytes (1.1 GB) copied, 29.642535 s, 35.8 MB/s
2026-05-15 08:42:58,918 DEBUG   1024+0 records in
2026-05-15 08:42:58,918 DEBUG   1024+0 records out
2026-05-15 08:42:58,918 DEBUG   1073741824 bytes (1.1 GB) copied, 29.9656 s, 35.8 MB/s
2026-05-15 08:42:58,918 DEBUG   OK (disk op exit 0)
2026-05-15 08:42:58,918 WARNING Guest disk op wall 32.8s (vm='ahv_ins_delete-0-260514-192208' ip=10.114.51.91 op=create ec=0) — includes SSH + guest disk command; if still high, check guest disk throughput vs. MiB settings.
2026-05-15 08:42:58,918 DEBUG [107/126] VM c7e22a48… (ahv_ins_delete-0-260514-193713) via 10.114.50.12 op=create
2026-05-15 08:42:58,918 DEBUG   remote: bash -lc 'set -e; _bs(){ printf '"'"'BULK_SNAP_T %s %s\n'"'"' "$1" "$(date +%s.%N 2>/dev/null || date +%s)"; }; _bs guest_start; _bs pipeline_start; openssl enc -aes-256-ctr -pass pass:"testing" -nosalt < /dev/zero 2>/dev/null | dd of=/root/dummy_snapshot_data_1.img bs=1M count=1024 iflag=fullblock status=progress; ec=$?; _bs pipeline_done; _bs guest_end; exit $ec'
2026-05-15 08:43:08,172 DEBUG   BULK_SNAP_T guest_start 1778802155.411602253
2026-05-15 08:43:08,172 DEBUG   BULK_SNAP_T pipeline_start 1778802155.416533797
2026-05-15 08:43:08,172 DEBUG   BULK_SNAP_T pipeline_done 1778802186.187975570
2026-05-15 08:43:08,172 DEBUG   BULK_SNAP_T guest_end 1778802186.190896830
2026-05-15 08:43:08,172 DEBUG   
2026-05-15 08:43:08,172 DEBUG   22020096 bytes (22 MB) copied, 1.126561 s, 19.5 MB/s
2026-05-15 08:43:08,172 DEBUG   48234496 bytes (48 MB) copied, 2.139994 s, 22.5 MB/s
2026-05-15 08:43:08,172 DEBUG   68157440 bytes (68 MB) copied, 3.153057 s, 21.6 MB/s
2026-05-15 08:43:08,173 DEBUG   92274688 bytes (92 MB) copied, 4.190940 s, 22.0 MB/s
2026-05-15 08:43:08,173 DEBUG   120586240 bytes (121 MB) copied, 5.191798 s, 23.2 MB/s
2026-05-15 08:43:08,173 DEBUG   157286400 bytes (157 MB) copied, 6.230963 s, 25.2 MB/s
2026-05-15 08:43:08,173 DEBUG   190840832 bytes (191 MB) copied, 7.257053 s, 26.3 MB/s
2026-05-15 08:43:08,173 DEBUG   235929600 bytes (236 MB) copied, 8.301925 s, 28.4 MB/s
2026-05-15 08:43:08,173 DEBUG   275775488 bytes (276 MB) copied, 9.320027 s, 29.6 MB/s
2026-05-15 08:43:08,173 DEBUG   311427072 bytes (311 MB) copied, 10.331997 s, 30.1 MB/s
2026-05-15 08:43:08,173 DEBUG   346030080 bytes (346 MB) copied, 11.376287 s, 30.4 MB/s
2026-05-15 08:43:08,173 DEBUG   384827392 bytes (385 MB) copied, 12.402919 s, 31.0 MB/s
2026-05-15 08:43:08,173 DEBUG   424673280 bytes (425 MB) copied, 13.442973 s, 31.6 MB/s
2026-05-15 08:43:08,173 DEBUG   460324864 bytes (460 MB) copied, 14.453937 s, 31.8 MB/s
2026-05-15 08:43:08,173 DEBUG   497025024 bytes (497 MB) copied, 15.458087 s, 32.2 MB/s
2026-05-15 08:43:08,173 DEBUG   541065216 bytes (541 MB) copied, 16.499187 s, 32.8 MB/s
2026-05-15 08:43:08,173 DEBUG   576716800 bytes (577 MB) copied, 17.500940 s, 33.0 MB/s
2026-05-15 08:43:08,173 DEBUG   628097024 bytes (628 MB) copied, 18.516952 s, 33.9 MB/s
2026-05-15 08:43:08,173 DEBUG   671088640 bytes (671 MB) copied, 19.544055 s, 34.3 MB/s
2026-05-15 08:43:08,173 DEBUG   711983104 bytes (712 MB) copied, 20.600930 s, 34.6 MB/s
2026-05-15 08:43:08,174 DEBUG   750780416 bytes (751 MB) copied, 21.605923 s, 34.7 MB/s
2026-05-15 08:43:08,174 DEBUG   789577728 bytes (790 MB) copied, 22.647352 s, 34.9 MB/s
2026-05-15 08:43:08,174 DEBUG   825229312 bytes (825 MB) copied, 23.722999 s, 34.8 MB/s
2026-05-15 08:43:08,174 DEBUG   866123776 bytes (866 MB) copied, 24.723125 s, 35.0 MB/s
2026-05-15 08:43:08,174 DEBUG   908066816 bytes (908 MB) copied, 25.723324 s, 35.3 MB/s
2026-05-15 08:43:08,174 DEBUG   941621248 bytes (942 MB) copied, 26.725956 s, 35.2 MB/s
2026-05-15 08:43:08,174 DEBUG   974127104 bytes (974 MB) copied, 27.765985 s, 35.1 MB/s
2026-05-15 08:43:08,174 DEBUG   1013972992 bytes (1.0 GB) copied, 28.770444 s, 35.2 MB/s
2026-05-15 08:43:08,174 DEBUG   1048576000 bytes (1.0 GB) copied, 29.803018 s, 35.2 MB/s
2026-05-15 08:43:08,174 DEBUG   1024+0 records in
2026-05-15 08:43:08,174 DEBUG   1024+0 records out
2026-05-15 08:43:08,174 DEBUG   1073741824 bytes (1.1 GB) copied, 30.5405 s, 35.2 MB/s
2026-05-15 08:43:08,174 DEBUG   OK (disk op exit 0)
2026-05-15 08:43:08,174 WARNING Guest disk op wall 33.0s (vm='ahv_ins_delete-0-260514-192728' ip=10.114.52.157 op=create ec=0) — includes SSH + guest disk command; if still high, check guest disk throughput vs. MiB settings.
2026-05-15 08:43:08,174 DEBUG [108/126] VM d9201f5f… (ahv_ins_delete-0-260514-193751) via 10.114.49.253 op=create
2026-05-15 08:43:08,174 DEBUG   remote: bash -lc 'set -e; _bs(){ printf '"'"'BULK_SNAP_T %s %s\n'"'"' "$1" "$(date +%s.%N 2>/dev/null || date +%s)"; }; _bs guest_start; _bs pipeline_start; openssl enc -aes-256-ctr -pass pass:"testing" -nosalt < /dev/zero 2>/dev/null | dd of=/root/dummy_snapshot_data_1.img bs=1M count=1024 iflag=fullblock status=progress; ec=$?; _bs pipeline_done; _bs guest_end; exit $ec'
2026-05-15 08:43:09,172 DEBUG   BULK_SNAP_T guest_start 1778802154.042337777
2026-05-15 08:43:09,172 DEBUG   BULK_SNAP_T pipeline_start 1778802154.045320815
2026-05-15 08:43:09,172 DEBUG   BULK_SNAP_T pipeline_done 1778802188.253166103
2026-05-15 08:43:09,172 DEBUG   BULK_SNAP_T guest_end 1778802188.258095737
2026-05-15 08:43:09,172 DEBUG   
2026-05-15 08:43:09,172 DEBUG   20971520 bytes (21 MB) copied, 1.085029 s, 19.3 MB/s
2026-05-15 08:43:09,173 DEBUG   47185920 bytes (47 MB) copied, 2.128956 s, 22.2 MB/s
2026-05-15 08:43:09,173 DEBUG   78643200 bytes (79 MB) copied, 3.129100 s, 25.1 MB/s
2026-05-15 08:43:09,173 DEBUG   116391936 bytes (116 MB) copied, 4.130757 s, 28.2 MB/s
2026-05-15 08:43:09,173 DEBUG   146800640 bytes (147 MB) copied, 5.140707 s, 28.6 MB/s
2026-05-15 08:43:09,173 DEBUG   179306496 bytes (179 MB) copied, 6.190714 s, 29.0 MB/s
2026-05-15 08:43:09,173 DEBUG   214958080 bytes (215 MB) copied, 7.196746 s, 29.9 MB/s
2026-05-15 08:43:09,173 DEBUG   250609664 bytes (251 MB) copied, 8.225696 s, 30.5 MB/s
2026-05-15 08:43:09,173 DEBUG   287309824 bytes (287 MB) copied, 9.228620 s, 31.1 MB/s
2026-05-15 08:43:09,173 DEBUG   319815680 bytes (320 MB) copied, 10.275617 s, 31.1 MB/s
2026-05-15 08:43:09,173 DEBUG   360710144 bytes (361 MB) copied, 11.323828 s, 31.9 MB/s
2026-05-15 08:43:09,173 DEBUG   397410304 bytes (397 MB) copied, 12.343721 s, 32.2 MB/s
2026-05-15 08:43:09,173 DEBUG   430964736 bytes (431 MB) copied, 13.345713 s, 32.3 MB/s
2026-05-15 08:43:09,173 DEBUG   462422016 bytes (462 MB) copied, 14.377671 s, 32.2 MB/s
2026-05-15 08:43:09,173 DEBUG   497025024 bytes (497 MB) copied, 15.387711 s, 32.3 MB/s
2026-05-15 08:43:09,173 DEBUG   526385152 bytes (526 MB) copied, 16.464925 s, 32.0 MB/s
2026-05-15 08:43:09,173 DEBUG   559939584 bytes (560 MB) copied, 17.477714 s, 32.0 MB/s
2026-05-15 08:43:09,173 DEBUG   590348288 bytes (590 MB) copied, 18.511814 s, 31.9 MB/s
2026-05-15 08:43:09,173 DEBUG   624951296 bytes (625 MB) copied, 19.532697 s, 32.0 MB/s
2026-05-15 08:43:09,173 DEBUG   658505728 bytes (659 MB) copied, 20.602827 s, 32.0 MB/s
2026-05-15 08:43:09,173 DEBUG   696254464 bytes (696 MB) copied, 21.667679 s, 32.1 MB/s
2026-05-15 08:43:09,173 DEBUG   728760320 bytes (729 MB) copied, 22.693629 s, 32.1 MB/s
2026-05-15 08:43:09,173 DEBUG   762314752 bytes (762 MB) copied, 23.738010 s, 32.1 MB/s
2026-05-15 08:43:09,173 DEBUG   794820608 bytes (795 MB) copied, 24.807655 s, 32.0 MB/s
2026-05-15 08:43:09,173 DEBUG   828375040 bytes (828 MB) copied, 25.809632 s, 32.1 MB/s
2026-05-15 08:43:09,173 DEBUG   856686592 bytes (857 MB) copied, 26.818648 s, 31.9 MB/s
2026-05-15 08:43:09,173 DEBUG   887095296 bytes (887 MB) copied, 27.852701 s, 31.8 MB/s
2026-05-15 08:43:09,173 DEBUG   913309696 bytes (913 MB) copied, 28.884978 s, 31.6 MB/s
2026-05-15 08:43:09,173 DEBUG   940572672 bytes (941 MB) copied, 29.885052 s, 31.5 MB/s
2026-05-15 08:43:09,173 DEBUG   970981376 bytes (971 MB) copied, 30.888651 s, 31.4 MB/s
2026-05-15 08:43:09,173 DEBUG   1004535808 bytes (1.0 GB) copied, 31.912693 s, 31.5 MB/s
2026-05-15 08:43:09,173 DEBUG   1035993088 bytes (1.0 GB) copied, 32.986801 s, 31.4 MB/s
2026-05-15 08:43:09,173 DEBUG   1069547520 bytes (1.1 GB) copied, 33.986806 s, 31.5 MB/s
2026-05-15 08:43:09,173 DEBUG   1024+0 records in
2026-05-15 08:43:09,173 DEBUG   1024+0 records out
2026-05-15 08:43:09,173 DEBUG   1073741824 bytes (1.1 GB) copied, 34.1027 s, 31.5 MB/s
2026-05-15 08:43:09,173 DEBUG   OK (disk op exit 0)
2026-05-15 08:43:09,174 WARNING Guest disk op wall 36.5s (vm='ahv_ins_delete-0-260514-192726' ip=10.114.51.132 op=create ec=0) — includes SSH + guest disk command; if still high, check guest disk throughput vs. MiB settings.
2026-05-15 08:43:09,174 DEBUG [109/126] VM 7d258170… (ahv_ins_delete-0-260514-193843) via 10.114.54.21 op=create
2026-05-15 08:43:09,174 DEBUG   remote: bash -lc 'set -e; _bs(){ printf '"'"'BULK_SNAP_T %s %s\n'"'"' "$1" "$(date +%s.%N 2>/dev/null || date +%s)"; }; _bs guest_start; _bs pipeline_start; openssl enc -aes-256-ctr -pass pass:"testing" -nosalt < /dev/zero 2>/dev/null | dd of=/root/dummy_snapshot_data_1.img bs=1M count=1024 iflag=fullblock status=progress; ec=$?; _bs pipeline_done; _bs guest_end; exit $ec'
2026-05-15 08:43:11,174 DEBUG   BULK_SNAP_T guest_start 1778802165.453699034
2026-05-15 08:43:11,175 DEBUG   BULK_SNAP_T pipeline_start 1778802165.458703987
2026-05-15 08:43:11,175 DEBUG   BULK_SNAP_T pipeline_done 1778802189.939700451
2026-05-15 08:43:11,175 DEBUG   BULK_SNAP_T guest_end 1778802189.945139438
2026-05-15 08:43:11,175 DEBUG   
2026-05-15 08:43:11,175 DEBUG   22020096 bytes (22 MB) copied, 1.209877 s, 18.2 MB/s
2026-05-15 08:43:11,175 DEBUG   42991616 bytes (43 MB) copied, 2.284998 s, 18.8 MB/s
2026-05-15 08:43:11,175 DEBUG   76546048 bytes (77 MB) copied, 3.347093 s, 22.9 MB/s
2026-05-15 08:43:11,175 DEBUG   115343360 bytes (115 MB) copied, 4.434481 s, 26.0 MB/s
2026-05-15 08:43:11,175 DEBUG   144703488 bytes (145 MB) copied, 5.480889 s, 26.4 MB/s
2026-05-15 08:43:11,175 DEBUG   181403648 bytes (181 MB) copied, 6.484896 s, 28.0 MB/s
2026-05-15 08:43:11,175 DEBUG   220200960 bytes (220 MB) copied, 7.484975 s, 29.4 MB/s
2026-05-15 08:43:11,175 DEBUG   260046848 bytes (260 MB) copied, 8.523939 s, 30.5 MB/s
2026-05-15 08:43:11,175 DEBUG   296747008 bytes (297 MB) copied, 9.552917 s, 31.1 MB/s
2026-05-15 08:43:11,175 DEBUG   327155712 bytes (327 MB) copied, 10.589868 s, 30.9 MB/s
2026-05-15 08:43:11,175 DEBUG   392167424 bytes (392 MB) copied, 11.681939 s, 33.6 MB/s
2026-05-15 08:43:11,175 DEBUG   448790528 bytes (449 MB) copied, 12.701871 s, 35.3 MB/s
2026-05-15 08:43:11,175 DEBUG   510656512 bytes (511 MB) copied, 13.707925 s, 37.3 MB/s
2026-05-15 08:43:11,175 DEBUG   568328192 bytes (568 MB) copied, 14.777862 s, 38.5 MB/s
2026-05-15 08:43:11,175 DEBUG   612368384 bytes (612 MB) copied, 15.787118 s, 38.8 MB/s
2026-05-15 08:43:11,175 DEBUG   662700032 bytes (663 MB) copied, 16.790942 s, 39.5 MB/s
2026-05-15 08:43:11,175 DEBUG   738197504 bytes (738 MB) copied, 17.792846 s, 41.5 MB/s
2026-05-15 08:43:11,175 DEBUG   792723456 bytes (793 MB) copied, 18.803919 s, 42.2 MB/s
2026-05-15 08:43:11,175 DEBUG   849346560 bytes (849 MB) copied, 19.810940 s, 42.9 MB/s
2026-05-15 08:43:11,175 DEBUG   898629632 bytes (899 MB) copied, 20.827019 s, 43.1 MB/s
2026-05-15 08:43:11,175 DEBUG   953155584 bytes (953 MB) copied, 21.830907 s, 43.7 MB/s
2026-05-15 08:43:11,175 DEBUG   997195776 bytes (997 MB) copied, 22.843952 s, 43.7 MB/s
2026-05-15 08:43:11,175 DEBUG   1058013184 bytes (1.1 GB) copied, 23.844978 s, 44.4 MB/s
2026-05-15 08:43:11,175 DEBUG   1024+0 records in
2026-05-15 08:43:11,175 DEBUG   1024+0 records out
2026-05-15 08:43:11,175 DEBUG   1073741824 bytes (1.1 GB) copied, 24.041 s, 44.7 MB/s
2026-05-15 08:43:11,175 DEBUG   OK (disk op exit 0)
2026-05-15 08:43:11,175 WARNING Guest disk op wall 27.0s (vm='ahv_ins_delete-0-260514-193040' ip=10.114.48.43 op=create ec=0) — includes SSH + guest disk command; if still high, check guest disk throughput vs. MiB settings.
2026-05-15 08:43:11,176 DEBUG [110/126] VM ab59ce76… (ahv_ins_delete-0-260514-193850) via 10.114.51.178 op=create
2026-05-15 08:43:11,176 DEBUG   remote: bash -lc 'set -e; _bs(){ printf '"'"'BULK_SNAP_T %s %s\n'"'"' "$1" "$(date +%s.%N 2>/dev/null || date +%s)"; }; _bs guest_start; _bs pipeline_start; openssl enc -aes-256-ctr -pass pass:"testing" -nosalt < /dev/zero 2>/dev/null | dd of=/root/dummy_snapshot_data_1.img bs=1M count=1024 iflag=fullblock status=progress; ec=$?; _bs pipeline_done; _bs guest_end; exit $ec'
2026-05-15 08:43:13,926 DEBUG   BULK_SNAP_T guest_start 1778802160.587884387
2026-05-15 08:43:13,927 DEBUG   BULK_SNAP_T pipeline_start 1778802160.594308123
2026-05-15 08:43:13,927 DEBUG   BULK_SNAP_T pipeline_done 1778802192.248535636
2026-05-15 08:43:13,927 DEBUG   BULK_SNAP_T guest_end 1778802192.258881612
2026-05-15 08:43:13,927 DEBUG   
2026-05-15 08:43:13,927 DEBUG   22020096 bytes (22 MB) copied, 1.116191 s, 19.7 MB/s
2026-05-15 08:43:13,927 DEBUG   48234496 bytes (48 MB) copied, 2.122652 s, 22.7 MB/s
2026-05-15 08:43:13,927 DEBUG   74448896 bytes (74 MB) copied, 3.177214 s, 23.4 MB/s
2026-05-15 08:43:13,927 DEBUG   113246208 bytes (113 MB) copied, 4.227719 s, 26.8 MB/s
2026-05-15 08:43:13,927 DEBUG   146800640 bytes (147 MB) copied, 5.247849 s, 28.0 MB/s
2026-05-15 08:43:13,927 DEBUG   181403648 bytes (181 MB) copied, 6.298921 s, 28.8 MB/s
2026-05-15 08:43:13,927 DEBUG   211812352 bytes (212 MB) copied, 7.316809 s, 28.9 MB/s
2026-05-15 08:43:13,927 DEBUG   246415360 bytes (246 MB) copied, 8.344657 s, 29.5 MB/s
2026-05-15 08:43:13,927 DEBUG   275775488 bytes (276 MB) copied, 9.351709 s, 29.5 MB/s
2026-05-15 08:43:13,927 DEBUG   314572800 bytes (315 MB) copied, 10.355278 s, 30.4 MB/s
2026-05-15 08:43:13,927 DEBUG   358612992 bytes (359 MB) copied, 11.363704 s, 31.6 MB/s
2026-05-15 08:43:13,927 DEBUG   398458880 bytes (398 MB) copied, 12.393634 s, 32.2 MB/s
2026-05-15 08:43:13,927 DEBUG   440401920 bytes (440 MB) copied, 13.429039 s, 32.8 MB/s
2026-05-15 08:43:13,927 DEBUG   477102080 bytes (477 MB) copied, 14.462259 s, 33.0 MB/s
2026-05-15 08:43:13,927 DEBUG   522190848 bytes (522 MB) copied, 15.463642 s, 33.8 MB/s
2026-05-15 08:43:13,927 DEBUG   570425344 bytes (570 MB) copied, 16.514691 s, 34.5 MB/s
2026-05-15 08:43:13,927 DEBUG   610271232 bytes (610 MB) copied, 17.526665 s, 34.8 MB/s
2026-05-15 08:43:13,927 DEBUG   646971392 bytes (647 MB) copied, 18.528677 s, 34.9 MB/s
2026-05-15 08:43:13,927 DEBUG   684720128 bytes (685 MB) copied, 19.530663 s, 35.1 MB/s
2026-05-15 08:43:13,927 DEBUG   719323136 bytes (719 MB) copied, 20.583691 s, 34.9 MB/s
2026-05-15 08:43:13,927 DEBUG   756023296 bytes (756 MB) copied, 21.628209 s, 35.0 MB/s
2026-05-15 08:43:13,927 DEBUG   787480576 bytes (787 MB) copied, 22.654736 s, 34.8 MB/s
2026-05-15 08:43:13,927 DEBUG   821035008 bytes (821 MB) copied, 23.673927 s, 34.7 MB/s
2026-05-15 08:43:13,927 DEBUG   858783744 bytes (859 MB) copied, 24.674694 s, 34.8 MB/s
2026-05-15 08:43:13,928 DEBUG   895483904 bytes (895 MB) copied, 25.785690 s, 34.7 MB/s
2026-05-15 08:43:13,928 DEBUG   929038336 bytes (929 MB) copied, 26.796672 s, 34.7 MB/s
2026-05-15 08:43:13,928 DEBUG   956301312 bytes (956 MB) copied, 27.801810 s, 34.4 MB/s
2026-05-15 08:43:13,928 DEBUG   985661440 bytes (986 MB) copied, 28.839791 s, 34.2 MB/s
2026-05-15 08:43:13,928 DEBUG   1022361600 bytes (1.0 GB) copied, 29.840141 s, 34.3 MB/s
2026-05-15 08:43:13,928 DEBUG   1052770304 bytes (1.1 GB) copied, 30.857201 s, 34.1 MB/s
2026-05-15 08:43:13,928 DEBUG   1024+0 records in
2026-05-15 08:43:13,928 DEBUG   1024+0 records out
2026-05-15 08:43:13,928 DEBUG   1073741824 bytes (1.1 GB) copied, 31.5015 s, 34.1 MB/s
2026-05-15 08:43:13,928 DEBUG   OK (disk op exit 0)
2026-05-15 08:43:13,928 WARNING Guest disk op wall 34.0s (vm='ahv_ins_delete-0-260514-192738' ip=10.114.53.27 op=create ec=0) — includes SSH + guest disk command; if still high, check guest disk throughput vs. MiB settings.
2026-05-15 08:43:13,928 DEBUG [111/126] VM af4bc552… (ahv_ins_delete-0-260514-194113) via 10.114.52.185 op=create
2026-05-15 08:43:13,928 DEBUG   remote: bash -lc 'set -e; _bs(){ printf '"'"'BULK_SNAP_T %s %s\n'"'"' "$1" "$(date +%s.%N 2>/dev/null || date +%s)"; }; _bs guest_start; _bs pipeline_start; openssl enc -aes-256-ctr -pass pass:"testing" -nosalt < /dev/zero 2>/dev/null | dd of=/root/dummy_snapshot_data_1.img bs=1M count=1024 iflag=fullblock status=progress; ec=$?; _bs pipeline_done; _bs guest_end; exit $ec'
2026-05-15 08:43:14,427 DEBUG   BULK_SNAP_T guest_start 1778802170.420515042
2026-05-15 08:43:14,427 DEBUG   BULK_SNAP_T pipeline_start 1778802170.428132849
2026-05-15 08:43:14,427 DEBUG   BULK_SNAP_T pipeline_done 1778802193.692125377
2026-05-15 08:43:14,427 DEBUG   BULK_SNAP_T guest_end 1778802193.699495719
2026-05-15 08:43:14,427 DEBUG   
2026-05-15 08:43:14,427 DEBUG   17825792 bytes (18 MB) copied, 1.116960 s, 16.0 MB/s
2026-05-15 08:43:14,427 DEBUG   34603008 bytes (35 MB) copied, 2.267678 s, 15.3 MB/s
2026-05-15 08:43:14,427 DEBUG   60817408 bytes (61 MB) copied, 3.295979 s, 18.5 MB/s
2026-05-15 08:43:14,427 DEBUG   90177536 bytes (90 MB) copied, 4.298971 s, 21.0 MB/s
2026-05-15 08:43:14,427 DEBUG   123731968 bytes (124 MB) copied, 5.310728 s, 23.3 MB/s
2026-05-15 08:43:14,427 DEBUG   160432128 bytes (160 MB) copied, 6.316825 s, 25.4 MB/s
2026-05-15 08:43:14,427 DEBUG   195035136 bytes (195 MB) copied, 7.327779 s, 26.6 MB/s
2026-05-15 08:43:14,427 DEBUG   231735296 bytes (232 MB) copied, 8.385860 s, 27.6 MB/s
2026-05-15 08:43:14,427 DEBUG   276824064 bytes (277 MB) copied, 9.398666 s, 29.5 MB/s
2026-05-15 08:43:14,427 DEBUG   344981504 bytes (345 MB) copied, 10.409662 s, 33.1 MB/s
2026-05-15 08:43:14,427 DEBUG   401604608 bytes (402 MB) copied, 11.411767 s, 35.2 MB/s
2026-05-15 08:43:14,427 DEBUG   460324864 bytes (460 MB) copied, 12.413679 s, 37.1 MB/s
2026-05-15 08:43:14,427 DEBUG   525336576 bytes (525 MB) copied, 13.416782 s, 39.2 MB/s
2026-05-15 08:43:14,427 DEBUG   573571072 bytes (574 MB) copied, 14.431664 s, 39.7 MB/s
2026-05-15 08:43:14,427 DEBUG   611319808 bytes (611 MB) copied, 15.446654 s, 39.6 MB/s
2026-05-15 08:43:14,427 DEBUG   685768704 bytes (686 MB) copied, 16.448635 s, 41.7 MB/s
2026-05-15 08:43:14,427 DEBUG   726663168 bytes (727 MB) copied, 17.450716 s, 41.6 MB/s
2026-05-15 08:43:14,427 DEBUG   793772032 bytes (794 MB) copied, 18.465684 s, 43.0 MB/s
2026-05-15 08:43:14,427 DEBUG   842006528 bytes (842 MB) copied, 19.469653 s, 43.2 MB/s
2026-05-15 08:43:14,427 DEBUG   909115392 bytes (909 MB) copied, 20.478665 s, 44.4 MB/s
2026-05-15 08:43:14,427 DEBUG   972029952 bytes (972 MB) copied, 21.479660 s, 45.3 MB/s
2026-05-15 08:43:14,427 DEBUG   1039138816 bytes (1.0 GB) copied, 22.479675 s, 46.2 MB/s
2026-05-15 08:43:14,427 DEBUG   1024+0 records in
2026-05-15 08:43:14,427 DEBUG   1024+0 records out
2026-05-15 08:43:14,427 DEBUG   1073741824 bytes (1.1 GB) copied, 22.946 s, 46.8 MB/s
2026-05-15 08:43:14,427 DEBUG   OK (disk op exit 0)
2026-05-15 08:43:14,428 WARNING Guest disk op wall 25.8s (vm='ahv_ins_delete-0-260514-193248' ip=10.114.54.59 op=create ec=0) — includes SSH + guest disk command; if still high, check guest disk throughput vs. MiB settings.
2026-05-15 08:43:14,428 DEBUG [112/126] VM 80ef29cb… (ahv_ins_delete-0-260514-194219) via 10.114.50.197 op=create
2026-05-15 08:43:14,428 DEBUG   remote: bash -lc 'set -e; _bs(){ printf '"'"'BULK_SNAP_T %s %s\n'"'"' "$1" "$(date +%s.%N 2>/dev/null || date +%s)"; }; _bs guest_start; _bs pipeline_start; openssl enc -aes-256-ctr -pass pass:"testing" -nosalt < /dev/zero 2>/dev/null | dd of=/root/dummy_snapshot_data_1.img bs=1M count=1024 iflag=fullblock status=progress; ec=$?; _bs pipeline_done; _bs guest_end; exit $ec'
2026-05-15 08:43:16,678 DEBUG   BULK_SNAP_T guest_start 1778802166.288453828
2026-05-15 08:43:16,678 DEBUG   BULK_SNAP_T pipeline_start 1778802166.296004396
2026-05-15 08:43:16,678 DEBUG   BULK_SNAP_T pipeline_done 1778802195.626431564
2026-05-15 08:43:16,678 DEBUG   BULK_SNAP_T guest_end 1778802195.629378147
2026-05-15 08:43:16,678 DEBUG   
2026-05-15 08:43:16,678 DEBUG   16777216 bytes (17 MB) copied, 1.032865 s, 16.2 MB/s
2026-05-15 08:43:16,678 DEBUG   47185920 bytes (47 MB) copied, 2.212751 s, 21.3 MB/s
2026-05-15 08:43:16,678 DEBUG   75497472 bytes (75 MB) copied, 3.268675 s, 23.1 MB/s
2026-05-15 08:43:16,678 DEBUG   110100480 bytes (110 MB) copied, 4.362064 s, 25.2 MB/s
2026-05-15 08:43:16,679 DEBUG   143654912 bytes (144 MB) copied, 5.467786 s, 26.3 MB/s
2026-05-15 08:43:16,679 DEBUG   186646528 bytes (187 MB) copied, 6.561703 s, 28.4 MB/s
2026-05-15 08:43:16,679 DEBUG   235929600 bytes (236 MB) copied, 7.661670 s, 30.8 MB/s
2026-05-15 08:43:16,679 DEBUG   284164096 bytes (284 MB) copied, 8.693257 s, 32.7 MB/s
2026-05-15 08:43:16,679 DEBUG   328204288 bytes (328 MB) copied, 9.745736 s, 33.7 MB/s
2026-05-15 08:43:16,679 DEBUG   372244480 bytes (372 MB) copied, 10.778686 s, 34.5 MB/s
2026-05-15 08:43:16,679 DEBUG   417333248 bytes (417 MB) copied, 11.780787 s, 35.4 MB/s
2026-05-15 08:43:16,679 DEBUG   461373440 bytes (461 MB) copied, 12.786686 s, 36.1 MB/s
2026-05-15 08:43:16,679 DEBUG   498073600 bytes (498 MB) copied, 13.829682 s, 36.0 MB/s
2026-05-15 08:43:16,679 DEBUG   533725184 bytes (534 MB) copied, 14.848751 s, 35.9 MB/s
2026-05-15 08:43:16,679 DEBUG   566231040 bytes (566 MB) copied, 15.868680 s, 35.7 MB/s
2026-05-15 08:43:16,679 DEBUG   602931200 bytes (603 MB) copied, 16.917700 s, 35.6 MB/s
2026-05-15 08:43:16,679 DEBUG   640679936 bytes (641 MB) copied, 17.929008 s, 35.7 MB/s
2026-05-15 08:43:16,679 DEBUG   678428672 bytes (678 MB) copied, 18.944688 s, 35.8 MB/s
2026-05-15 08:43:16,679 DEBUG   716177408 bytes (716 MB) copied, 19.966641 s, 35.9 MB/s
2026-05-15 08:43:16,679 DEBUG   756023296 bytes (756 MB) copied, 20.998768 s, 36.0 MB/s
2026-05-15 08:43:16,679 DEBUG   795869184 bytes (796 MB) copied, 22.007728 s, 36.2 MB/s
2026-05-15 08:43:16,679 DEBUG   836763648 bytes (837 MB) copied, 23.172832 s, 36.1 MB/s
2026-05-15 08:43:16,679 DEBUG   877658112 bytes (878 MB) copied, 24.208677 s, 36.3 MB/s
2026-05-15 08:43:16,679 DEBUG   918552576 bytes (919 MB) copied, 25.272704 s, 36.3 MB/s
2026-05-15 08:43:16,679 DEBUG   954204160 bytes (954 MB) copied, 26.274709 s, 36.3 MB/s
2026-05-15 08:43:16,679 DEBUG   993001472 bytes (993 MB) copied, 27.291823 s, 36.4 MB/s
2026-05-15 08:43:16,679 DEBUG   1035993088 bytes (1.0 GB) copied, 28.312683 s, 36.6 MB/s
2026-05-15 08:43:16,679 DEBUG   1024+0 records in
2026-05-15 08:43:16,679 DEBUG   1024+0 records out
2026-05-15 08:43:16,679 DEBUG   1073741824 bytes (1.1 GB) copied, 29.2182 s, 36.7 MB/s
2026-05-15 08:43:16,679 DEBUG   OK (disk op exit 0)
2026-05-15 08:43:16,679 WARNING Guest disk op wall 32.3s (vm='ahv_ins_delete-0-260514-193214' ip=10.114.54.112 op=create ec=0) — includes SSH + guest disk command; if still high, check guest disk throughput vs. MiB settings.
2026-05-15 08:43:16,680 DEBUG [113/126] VM e0b9f9e2… (ahv_ins_delete-0-260514-194324) via 10.114.48.22 op=create
2026-05-15 08:43:16,680 DEBUG   remote: bash -lc 'set -e; _bs(){ printf '"'"'BULK_SNAP_T %s %s\n'"'"' "$1" "$(date +%s.%N 2>/dev/null || date +%s)"; }; _bs guest_start; _bs pipeline_start; openssl enc -aes-256-ctr -pass pass:"testing" -nosalt < /dev/zero 2>/dev/null | dd of=/root/dummy_snapshot_data_1.img bs=1M count=1024 iflag=fullblock status=progress; ec=$?; _bs pipeline_done; _bs guest_end; exit $ec'
2026-05-15 08:43:24,682 DEBUG   BULK_SNAP_T guest_start 1778802175.134542638
2026-05-15 08:43:24,682 DEBUG   BULK_SNAP_T pipeline_start 1778802175.138770185
2026-05-15 08:43:24,682 DEBUG   BULK_SNAP_T pipeline_done 1778802203.857538344
2026-05-15 08:43:24,682 DEBUG   BULK_SNAP_T guest_end 1778802203.865836729
2026-05-15 08:43:24,682 DEBUG   
2026-05-15 08:43:24,682 DEBUG   29360128 bytes (29 MB) copied, 1.015304 s, 28.9 MB/s
2026-05-15 08:43:24,682 DEBUG   54525952 bytes (55 MB) copied, 2.026273 s, 26.9 MB/s
2026-05-15 08:43:24,682 DEBUG   89128960 bytes (89 MB) copied, 3.128889 s, 28.5 MB/s
2026-05-15 08:43:24,682 DEBUG   131072000 bytes (131 MB) copied, 4.132838 s, 31.7 MB/s
2026-05-15 08:43:24,682 DEBUG   162529280 bytes (163 MB) copied, 5.186921 s, 31.3 MB/s
2026-05-15 08:43:24,682 DEBUG   200278016 bytes (200 MB) copied, 6.192929 s, 32.3 MB/s
2026-05-15 08:43:24,682 DEBUG   236978176 bytes (237 MB) copied, 7.205952 s, 32.9 MB/s
2026-05-15 08:43:24,682 DEBUG   270532608 bytes (271 MB) copied, 8.211959 s, 32.9 MB/s
2026-05-15 08:43:24,682 DEBUG   303038464 bytes (303 MB) copied, 9.244025 s, 32.8 MB/s
2026-05-15 08:43:24,682 DEBUG   339738624 bytes (340 MB) copied, 10.261879 s, 33.1 MB/s
2026-05-15 08:43:24,682 DEBUG   372244480 bytes (372 MB) copied, 11.269898 s, 33.0 MB/s
2026-05-15 08:43:24,682 DEBUG   404750336 bytes (405 MB) copied, 12.277921 s, 33.0 MB/s
2026-05-15 08:43:24,683 DEBUG   442499072 bytes (442 MB) copied, 13.301949 s, 33.3 MB/s
2026-05-15 08:43:24,683 DEBUG   477102080 bytes (477 MB) copied, 14.311859 s, 33.3 MB/s
2026-05-15 08:43:24,683 DEBUG   522190848 bytes (522 MB) copied, 15.337832 s, 34.0 MB/s
2026-05-15 08:43:24,683 DEBUG   563085312 bytes (563 MB) copied, 16.391855 s, 34.4 MB/s
2026-05-15 08:43:24,683 DEBUG   603979776 bytes (604 MB) copied, 17.449025 s, 34.6 MB/s
2026-05-15 08:43:24,683 DEBUG   641728512 bytes (642 MB) copied, 18.453853 s, 34.8 MB/s
2026-05-15 08:43:24,683 DEBUG   689963008 bytes (690 MB) copied, 19.454867 s, 35.5 MB/s
2026-05-15 08:43:24,683 DEBUG   734003200 bytes (734 MB) copied, 20.506991 s, 35.8 MB/s
2026-05-15 08:43:24,683 DEBUG   779091968 bytes (779 MB) copied, 21.561923 s, 36.1 MB/s
2026-05-15 08:43:24,683 DEBUG   826277888 bytes (826 MB) copied, 22.571151 s, 36.6 MB/s
2026-05-15 08:43:24,683 DEBUG   862978048 bytes (863 MB) copied, 23.580824 s, 36.6 MB/s
2026-05-15 08:43:24,683 DEBUG   902823936 bytes (903 MB) copied, 24.593841 s, 36.7 MB/s
2026-05-15 08:43:24,683 DEBUG   944766976 bytes (945 MB) copied, 25.594066 s, 36.9 MB/s
2026-05-15 08:43:24,683 DEBUG   985661440 bytes (986 MB) copied, 26.616869 s, 37.0 MB/s
2026-05-15 08:43:24,683 DEBUG   1028653056 bytes (1.0 GB) copied, 27.626877 s, 37.2 MB/s
2026-05-15 08:43:24,683 DEBUG   1073741824 bytes (1.1 GB) copied, 28.632864 s, 37.5 MB/s
2026-05-15 08:43:24,683 DEBUG   1024+0 records in
2026-05-15 08:43:24,683 DEBUG   1024+0 records out
2026-05-15 08:43:24,683 DEBUG   1073741824 bytes (1.1 GB) copied, 28.6352 s, 37.5 MB/s
2026-05-15 08:43:24,683 DEBUG   OK (disk op exit 0)
2026-05-15 08:43:24,683 WARNING Guest disk op wall 31.3s (vm='ahv_ins_delete-0-260514-193347' ip=10.114.48.37 op=create ec=0) — includes SSH + guest disk command; if still high, check guest disk throughput vs. MiB settings.
2026-05-15 08:43:24,684 DEBUG [114/126] VM f0a2e328… (ahv_ins_delete-0-260514-194354) via 10.114.52.43 op=create
2026-05-15 08:43:24,684 DEBUG   remote: bash -lc 'set -e; _bs(){ printf '"'"'BULK_SNAP_T %s %s\n'"'"' "$1" "$(date +%s.%N 2>/dev/null || date +%s)"; }; _bs guest_start; _bs pipeline_start; openssl enc -aes-256-ctr -pass pass:"testing" -nosalt < /dev/zero 2>/dev/null | dd of=/root/dummy_snapshot_data_1.img bs=1M count=1024 iflag=fullblock status=progress; ec=$?; _bs pipeline_done; _bs guest_end; exit $ec'
2026-05-15 08:43:27,934 DEBUG   BULK_SNAP_T guest_start 1778802176.760471278
2026-05-15 08:43:27,934 DEBUG   BULK_SNAP_T pipeline_start 1778802176.764945026
2026-05-15 08:43:27,934 DEBUG   BULK_SNAP_T pipeline_done 1778802207.109196437
2026-05-15 08:43:27,934 DEBUG   BULK_SNAP_T guest_end 1778802207.121666315
2026-05-15 08:43:27,934 DEBUG   
2026-05-15 08:43:27,934 DEBUG   24117248 bytes (24 MB) copied, 1.195675 s, 20.2 MB/s
2026-05-15 08:43:27,934 DEBUG   48234496 bytes (48 MB) copied, 2.198604 s, 21.9 MB/s
2026-05-15 08:43:27,934 DEBUG   73400320 bytes (73 MB) copied, 3.243812 s, 22.6 MB/s
2026-05-15 08:43:27,934 DEBUG   106954752 bytes (107 MB) copied, 4.307540 s, 24.8 MB/s
2026-05-15 08:43:27,934 DEBUG   138412032 bytes (138 MB) copied, 5.308465 s, 26.1 MB/s
2026-05-15 08:43:27,934 DEBUG   171966464 bytes (172 MB) copied, 6.350677 s, 27.1 MB/s
2026-05-15 08:43:27,934 DEBUG   204472320 bytes (204 MB) copied, 7.382519 s, 27.7 MB/s
2026-05-15 08:43:27,934 DEBUG   242221056 bytes (242 MB) copied, 8.406463 s, 28.8 MB/s
2026-05-15 08:43:27,934 DEBUG   275775488 bytes (276 MB) copied, 9.423572 s, 29.3 MB/s
2026-05-15 08:43:27,934 DEBUG   311427072 bytes (311 MB) copied, 10.460566 s, 29.8 MB/s
2026-05-15 08:43:27,935 DEBUG   344981504 bytes (345 MB) copied, 11.500437 s, 30.0 MB/s
2026-05-15 08:43:27,935 DEBUG   380633088 bytes (381 MB) copied, 12.533537 s, 30.4 MB/s
2026-05-15 08:43:27,935 DEBUG   425721856 bytes (426 MB) copied, 13.550465 s, 31.4 MB/s
2026-05-15 08:43:27,935 DEBUG   468713472 bytes (469 MB) copied, 14.576492 s, 32.2 MB/s
2026-05-15 08:43:27,935 DEBUG   505413632 bytes (505 MB) copied, 15.599528 s, 32.4 MB/s
2026-05-15 08:43:27,935 DEBUG   553648128 bytes (554 MB) copied, 16.612735 s, 33.3 MB/s
2026-05-15 08:43:27,935 DEBUG   598736896 bytes (599 MB) copied, 17.635506 s, 34.0 MB/s
2026-05-15 08:43:27,935 DEBUG   650117120 bytes (650 MB) copied, 18.646439 s, 34.9 MB/s
2026-05-15 08:43:27,935 DEBUG   697303040 bytes (697 MB) copied, 19.694475 s, 35.4 MB/s
2026-05-15 08:43:27,935 DEBUG   738197504 bytes (738 MB) copied, 20.694477 s, 35.7 MB/s
2026-05-15 08:43:27,935 DEBUG   781189120 bytes (781 MB) copied, 21.701473 s, 36.0 MB/s
2026-05-15 08:43:27,935 DEBUG   825229312 bytes (825 MB) copied, 22.702005 s, 36.4 MB/s
2026-05-15 08:43:27,935 DEBUG   857735168 bytes (858 MB) copied, 23.753454 s, 36.1 MB/s
2026-05-15 08:43:27,935 DEBUG   887095296 bytes (887 MB) copied, 24.803474 s, 35.8 MB/s
2026-05-15 08:43:27,935 DEBUG   920649728 bytes (921 MB) copied, 25.822475 s, 35.7 MB/s
2026-05-15 08:43:27,935 DEBUG   BULK_SNAP_T guest_start 1778802173.602499811
2026-05-15 08:43:27,935 DEBUG   959447040 bytes (959 MB) copied, 26.850642 s, 35.7 MB/s
2026-05-15 08:43:27,935 DEBUG   BULK_SNAP_T pipeline_start 1778802173.607390167
2026-05-15 08:43:27,935 DEBUG   988807168 bytes (989 MB) copied, 27.851453 s, 35.5 MB/s
2026-05-15 08:43:27,936 DEBUG   BULK_SNAP_T pipeline_done 1778802207.373769789
2026-05-15 08:43:27,936 DEBUG   1025507328 bytes (1.0 GB) copied, 28.903538 s, 35.5 MB/s
2026-05-15 08:43:27,936 DEBUG   BULK_SNAP_T guest_end 1778802207.377556321
2026-05-15 08:43:27,936 DEBUG   1063256064 bytes (1.1 GB) copied, 29.951498 s, 35.5 MB/s
2026-05-15 08:43:27,936 DEBUG   
2026-05-15 08:43:27,936 DEBUG   1024+0 records in
2026-05-15 08:43:27,936 DEBUG   24117248 bytes (24 MB) copied, 1.058096 s, 22.8 MB/s
2026-05-15 08:43:27,936 DEBUG   1024+0 records out
2026-05-15 08:43:27,936 DEBUG   48234496 bytes (48 MB) copied, 2.061706 s, 23.4 MB/s
2026-05-15 08:43:27,936 DEBUG   1073741824 bytes (1.1 GB) copied, 30.2296 s, 35.5 MB/s
2026-05-15 08:43:27,936 DEBUG   73400320 bytes (73 MB) copied, 3.211102 s, 22.9 MB/s
2026-05-15 08:43:27,936 DEBUG   OK (disk op exit 0)
2026-05-15 08:43:27,936 DEBUG   105906176 bytes (106 MB) copied, 4.243361 s, 25.0 MB/s
2026-05-15 08:43:27,936 WARNING Guest disk op wall 32.5s (vm='ahv_ins_delete-0-260514-193551' ip=10.114.52.143 op=create ec=0) — includes SSH + guest disk command; if still high, check guest disk throughput vs. MiB settings.
2026-05-15 08:43:27,936 DEBUG   145752064 bytes (146 MB) copied, 5.302159 s, 27.5 MB/s
2026-05-15 08:43:27,937 DEBUG [115/126] VM 05149ec7… (ahv_ins_delete-0-260514-194426) via 10.114.54.60 op=create
2026-05-15 08:43:27,937 DEBUG   178257920 bytes (178 MB) copied, 6.384100 s, 27.9 MB/s
2026-05-15 08:43:27,937 DEBUG   remote: bash -lc 'set -e; _bs(){ printf '"'"'BULK_SNAP_T %s %s\n'"'"' "$1" "$(date +%s.%N 2>/dev/null || date +%s)"; }; _bs guest_start; _bs pipeline_start; openssl enc -aes-256-ctr -pass pass:"testing" -nosalt < /dev/zero 2>/dev/null | dd of=/root/dummy_snapshot_data_1.img bs=1M count=1024 iflag=fullblock status=progress; ec=$?; _bs pipeline_done; _bs guest_end; exit $ec'
2026-05-15 08:43:27,937 DEBUG   209715200 bytes (210 MB) copied, 7.440694 s, 28.2 MB/s
2026-05-15 08:43:27,937 DEBUG   241172480 bytes (241 MB) copied, 8.522647 s, 28.3 MB/s
2026-05-15 08:43:27,937 DEBUG   267386880 bytes (267 MB) copied, 9.535698 s, 28.0 MB/s
2026-05-15 08:43:27,937 DEBUG   298844160 bytes (299 MB) copied, 10.589773 s, 28.2 MB/s
2026-05-15 08:43:27,938 DEBUG   327155712 bytes (327 MB) copied, 11.654669 s, 28.1 MB/s
2026-05-15 08:43:27,938 DEBUG   362807296 bytes (363 MB) copied, 12.675733 s, 28.6 MB/s
2026-05-15 08:43:27,938 DEBUG   392167424 bytes (392 MB) copied, 13.694621 s, 28.6 MB/s
2026-05-15 08:43:27,938 DEBUG   421527552 bytes (422 MB) copied, 14.703871 s, 28.7 MB/s
2026-05-15 08:43:27,940 DEBUG   447741952 bytes (448 MB) copied, 15.720716 s, 28.5 MB/s
2026-05-15 08:43:27,940 DEBUG   479199232 bytes (479 MB) copied, 16.797725 s, 28.5 MB/s
2026-05-15 08:43:27,940 DEBUG   514850816 bytes (515 MB) copied, 17.817195 s, 28.9 MB/s
2026-05-15 08:43:27,940 DEBUG   546308096 bytes (546 MB) copied, 18.837700 s, 29.0 MB/s
2026-05-15 08:43:27,940 DEBUG   578813952 bytes (579 MB) copied, 19.855774 s, 29.2 MB/s
2026-05-15 08:43:27,940 DEBUG   618659840 bytes (619 MB) copied, 20.862697 s, 29.7 MB/s
2026-05-15 08:43:27,940 DEBUG   656408576 bytes (656 MB) copied, 21.890715 s, 30.0 MB/s
2026-05-15 08:43:27,940 DEBUG   695205888 bytes (695 MB) copied, 22.909647 s, 30.3 MB/s
2026-05-15 08:43:27,940 DEBUG   742391808 bytes (742 MB) copied, 23.925681 s, 31.0 MB/s
2026-05-15 08:43:27,940 DEBUG   775946240 bytes (776 MB) copied, 24.926698 s, 31.1 MB/s
2026-05-15 08:43:27,940 DEBUG   812646400 bytes (813 MB) copied, 25.952911 s, 31.3 MB/s
2026-05-15 08:43:27,941 DEBUG   846200832 bytes (846 MB) copied, 26.979731 s, 31.4 MB/s
2026-05-15 08:43:27,941 DEBUG   884998144 bytes (885 MB) copied, 28.006654 s, 31.6 MB/s
2026-05-15 08:43:27,941 DEBUG   916455424 bytes (916 MB) copied, 29.047664 s, 31.6 MB/s
2026-05-15 08:43:27,941 DEBUG   952107008 bytes (952 MB) copied, 30.096662 s, 31.6 MB/s
2026-05-15 08:43:27,941 DEBUG   986710016 bytes (987 MB) copied, 31.121669 s, 31.7 MB/s
2026-05-15 08:43:27,941 DEBUG   1021313024 bytes (1.0 GB) copied, 32.215626 s, 31.7 MB/s
2026-05-15 08:43:27,941 DEBUG   1059061760 bytes (1.1 GB) copied, 33.271654 s, 31.8 MB/s
2026-05-15 08:43:27,941 DEBUG   1024+0 records in
2026-05-15 08:43:27,941 DEBUG   1024+0 records out
2026-05-15 08:43:27,941 DEBUG   1073741824 bytes (1.1 GB) copied, 33.6393 s, 31.9 MB/s
2026-05-15 08:43:27,941 DEBUG   OK (disk op exit 0)
2026-05-15 08:43:27,941 WARNING Guest disk op wall 36.5s (vm='ahv_ins_delete-0-260514-193330' ip=10.114.48.98 op=create ec=0) — includes SSH + guest disk command; if still high, check guest disk throughput vs. MiB settings.
2026-05-15 08:43:27,941 DEBUG [116/126] VM 189f7ecc… (ahv_ins_delete-0-260514-194642) via 10.114.53.124 op=create
2026-05-15 08:43:27,942 DEBUG   remote: bash -lc 'set -e; _bs(){ printf '"'"'BULK_SNAP_T %s %s\n'"'"' "$1" "$(date +%s.%N 2>/dev/null || date +%s)"; }; _bs guest_start; _bs pipeline_start; openssl enc -aes-256-ctr -pass pass:"testing" -nosalt < /dev/zero 2>/dev/null | dd of=/root/dummy_snapshot_data_1.img bs=1M count=1024 iflag=fullblock status=progress; ec=$?; _bs pipeline_done; _bs guest_end; exit $ec'
2026-05-15 08:43:30,940 DEBUG   BULK_SNAP_T guest_start 1778802180.973694908
2026-05-15 08:43:30,940 DEBUG   BULK_SNAP_T pipeline_start 1778802180.977192270
2026-05-15 08:43:30,940 DEBUG   BULK_SNAP_T pipeline_done 1778802210.113118148
2026-05-15 08:43:30,940 DEBUG   BULK_SNAP_T guest_end 1778802210.323068439
2026-05-15 08:43:30,940 DEBUG   
2026-05-15 08:43:30,940 DEBUG   24117248 bytes (24 MB) copied, 1.142850 s, 21.1 MB/s
2026-05-15 08:43:30,940 DEBUG   46137344 bytes (46 MB) copied, 2.157672 s, 21.4 MB/s
2026-05-15 08:43:30,940 DEBUG   73400320 bytes (73 MB) copied, 3.166699 s, 23.2 MB/s
2026-05-15 08:43:30,940 DEBUG   99614720 bytes (100 MB) copied, 4.214477 s, 23.6 MB/s
2026-05-15 08:43:30,940 DEBUG   134217728 bytes (134 MB) copied, 5.299634 s, 25.3 MB/s
2026-05-15 08:43:30,940 DEBUG   164626432 bytes (165 MB) copied, 6.390480 s, 25.8 MB/s
2026-05-15 08:43:30,940 DEBUG   200278016 bytes (200 MB) copied, 7.392714 s, 27.1 MB/s
2026-05-15 08:43:30,940 DEBUG   235929600 bytes (236 MB) copied, 8.402580 s, 28.1 MB/s
2026-05-15 08:43:30,940 DEBUG   272629760 bytes (273 MB) copied, 9.450579 s, 28.8 MB/s
2026-05-15 08:43:30,940 DEBUG   314572800 bytes (315 MB) copied, 10.460560 s, 30.1 MB/s
2026-05-15 08:43:30,940 DEBUG   354418688 bytes (354 MB) copied, 11.481604 s, 30.9 MB/s
2026-05-15 08:43:30,940 DEBUG   393216000 bytes (393 MB) copied, 12.485574 s, 31.5 MB/s
2026-05-15 08:43:30,940 DEBUG   433061888 bytes (433 MB) copied, 13.491607 s, 32.1 MB/s
2026-05-15 08:43:30,940 DEBUG   486539264 bytes (487 MB) copied, 14.495808 s, 33.6 MB/s
2026-05-15 08:43:30,940 DEBUG   531628032 bytes (532 MB) copied, 15.503492 s, 34.3 MB/s
2026-05-15 08:43:30,940 DEBUG   566231040 bytes (566 MB) copied, 16.520490 s, 34.3 MB/s
2026-05-15 08:43:30,940 DEBUG   612368384 bytes (612 MB) copied, 17.558491 s, 34.9 MB/s
2026-05-15 08:43:30,940 DEBUG   655360000 bytes (655 MB) copied, 18.575452 s, 35.3 MB/s
2026-05-15 08:43:30,940 DEBUG   693108736 bytes (693 MB) copied, 19.584509 s, 35.4 MB/s
2026-05-15 08:43:30,940 DEBUG   728760320 bytes (729 MB) copied, 20.598816 s, 35.4 MB/s
2026-05-15 08:43:30,940 DEBUG   772800512 bytes (773 MB) copied, 21.600454 s, 35.8 MB/s
2026-05-15 08:43:30,941 DEBUG   807403520 bytes (807 MB) copied, 22.693519 s, 35.6 MB/s
2026-05-15 08:43:30,941 DEBUG   838860800 bytes (839 MB) copied, 23.703982 s, 35.4 MB/s
2026-05-15 08:43:30,941 DEBUG   888143872 bytes (888 MB) copied, 24.711761 s, 35.9 MB/s
2026-05-15 08:43:30,941 DEBUG   932184064 bytes (932 MB) copied, 25.712943 s, 36.3 MB/s
2026-05-15 08:43:30,941 DEBUG   974127104 bytes (974 MB) copied, 26.719515 s, 36.5 MB/s
2026-05-15 08:43:30,941 DEBUG   1016070144 bytes (1.0 GB) copied, 27.728695 s, 36.6 MB/s
2026-05-15 08:43:30,941 DEBUG   1063256064 bytes (1.1 GB) copied, 28.739506 s, 37.0 MB/s
2026-05-15 08:43:30,941 DEBUG   1024+0 records in
2026-05-15 08:43:30,941 DEBUG   1024+0 records out
2026-05-15 08:43:30,941 DEBUG   1073741824 bytes (1.1 GB) copied, 28.9996 s, 37.0 MB/s
2026-05-15 08:43:30,941 DEBUG   OK (disk op exit 0)
2026-05-15 08:43:30,941 WARNING Guest disk op wall 32.0s (vm='ahv_ins_delete-0-260514-193713' ip=10.114.50.12 op=create ec=0) — includes SSH + guest disk command; if still high, check guest disk throughput vs. MiB settings.
2026-05-15 08:43:30,941 DEBUG [117/126] VM 1b6139cb… (ahv_ins_delete-0-260514-194724) via 10.114.48.153 op=create
2026-05-15 08:43:30,941 DEBUG   remote: bash -lc 'set -e; _bs(){ printf '"'"'BULK_SNAP_T %s %s\n'"'"' "$1" "$(date +%s.%N 2>/dev/null || date +%s)"; }; _bs guest_start; _bs pipeline_start; openssl enc -aes-256-ctr -pass pass:"testing" -nosalt < /dev/zero 2>/dev/null | dd of=/root/dummy_snapshot_data_1.img bs=1M count=1024 iflag=fullblock status=progress; ec=$?; _bs pipeline_done; _bs guest_end; exit $ec'
2026-05-15 08:43:40,945 DEBUG   BULK_SNAP_T guest_start 1778802189.551904066
2026-05-15 08:43:40,945 DEBUG   BULK_SNAP_T pipeline_start 1778802189.561764113
2026-05-15 08:43:40,945 DEBUG   BULK_SNAP_T pipeline_done 1778802219.649393017
2026-05-15 08:43:40,945 DEBUG   BULK_SNAP_T guest_end 1778802219.654100198
2026-05-15 08:43:40,945 DEBUG   
2026-05-15 08:43:40,945 DEBUG   23068672 bytes (23 MB) copied, 1.183911 s, 19.5 MB/s
2026-05-15 08:43:40,945 DEBUG   48234496 bytes (48 MB) copied, 2.193000 s, 22.0 MB/s
2026-05-15 08:43:40,945 DEBUG   81788928 bytes (82 MB) copied, 3.204462 s, 25.5 MB/s
2026-05-15 08:43:40,945 DEBUG   121634816 bytes (122 MB) copied, 4.204554 s, 28.9 MB/s
2026-05-15 08:43:40,945 DEBUG   162529280 bytes (163 MB) copied, 5.261610 s, 30.9 MB/s
2026-05-15 08:43:40,945 DEBUG   210763776 bytes (211 MB) copied, 6.268630 s, 33.6 MB/s
2026-05-15 08:43:40,945 DEBUG   255852544 bytes (256 MB) copied, 7.269548 s, 35.2 MB/s
2026-05-15 08:43:40,945 DEBUG   301989888 bytes (302 MB) copied, 8.275661 s, 36.5 MB/s
2026-05-15 08:43:40,945 DEBUG   341835776 bytes (342 MB) copied, 9.276628 s, 36.8 MB/s
2026-05-15 08:43:40,945 DEBUG   382730240 bytes (383 MB) copied, 10.289672 s, 37.2 MB/s
2026-05-15 08:43:40,945 DEBUG   422576128 bytes (423 MB) copied, 11.294581 s, 37.4 MB/s
2026-05-15 08:43:40,946 DEBUG   456130560 bytes (456 MB) copied, 12.330705 s, 37.0 MB/s
2026-05-15 08:43:40,946 DEBUG   493879296 bytes (494 MB) copied, 13.347556 s, 37.0 MB/s
2026-05-15 08:43:40,946 DEBUG   528482304 bytes (528 MB) copied, 14.356508 s, 36.8 MB/s
2026-05-15 08:43:40,946 DEBUG   559939584 bytes (560 MB) copied, 15.372533 s, 36.4 MB/s
2026-05-15 08:43:40,946 DEBUG   597688320 bytes (598 MB) copied, 16.388662 s, 36.5 MB/s
2026-05-15 08:43:40,946 DEBUG   635437056 bytes (635 MB) copied, 17.411545 s, 36.5 MB/s
2026-05-15 08:43:40,946 DEBUG   676331520 bytes (676 MB) copied, 18.413532 s, 36.7 MB/s
2026-05-15 08:43:40,946 DEBUG   714080256 bytes (714 MB) copied, 19.437621 s, 36.7 MB/s
2026-05-15 08:43:40,946 DEBUG   747634688 bytes (748 MB) copied, 20.458473 s, 36.5 MB/s
2026-05-15 08:43:40,946 DEBUG   788529152 bytes (789 MB) copied, 21.484479 s, 36.7 MB/s
2026-05-15 08:43:40,946 DEBUG   831520768 bytes (832 MB) copied, 22.485507 s, 37.0 MB/s
2026-05-15 08:43:40,946 DEBUG   856686592 bytes (857 MB) copied, 23.574786 s, 36.3 MB/s
2026-05-15 08:43:40,946 DEBUG   901775360 bytes (902 MB) copied, 24.606755 s, 36.6 MB/s
2026-05-15 08:43:40,946 DEBUG   934281216 bytes (934 MB) copied, 25.608820 s, 36.5 MB/s
2026-05-15 08:43:40,946 DEBUG   974127104 bytes (974 MB) copied, 26.683474 s, 36.5 MB/s
2026-05-15 08:43:40,946 DEBUG   1005584384 bytes (1.0 GB) copied, 27.717598 s, 36.3 MB/s
2026-05-15 08:43:40,946 DEBUG   1039138816 bytes (1.0 GB) copied, 28.722741 s, 36.2 MB/s
2026-05-15 08:43:40,946 DEBUG   1024+0 records in
2026-05-15 08:43:40,946 DEBUG   1024+0 records out
2026-05-15 08:43:40,946 DEBUG   1073741824 bytes (1.1 GB) copied, 29.5297 s, 36.4 MB/s
2026-05-15 08:43:40,946 DEBUG   OK (disk op exit 0)
2026-05-15 08:43:40,946 WARNING Guest disk op wall 32.8s (vm='ahv_ins_delete-0-260514-193751' ip=10.114.49.253 op=create ec=0) — includes SSH + guest disk command; if still high, check guest disk throughput vs. MiB settings.
2026-05-15 08:43:40,946 DEBUG [118/126] VM b67f268b… (ahv_ins_delete-0-260514-194848) via 10.114.50.193 op=create
2026-05-15 08:43:40,947 DEBUG   remote: bash -lc 'set -e; _bs(){ printf '"'"'BULK_SNAP_T %s %s\n'"'"' "$1" "$(date +%s.%N 2>/dev/null || date +%s)"; }; _bs guest_start; _bs pipeline_start; openssl enc -aes-256-ctr -pass pass:"testing" -nosalt < /dev/zero 2>/dev/null | dd of=/root/dummy_snapshot_data_1.img bs=1M count=1024 iflag=fullblock status=progress; ec=$?; _bs pipeline_done; _bs guest_end; exit $ec'
2026-05-15 08:43:41,196 DEBUG   BULK_SNAP_T guest_start 1778802191.240768575
2026-05-15 08:43:41,196 DEBUG   BULK_SNAP_T pipeline_start 1778802191.244910085
2026-05-15 08:43:41,196 DEBUG   BULK_SNAP_T pipeline_done 1778802220.475309846
2026-05-15 08:43:41,196 DEBUG   BULK_SNAP_T guest_end 1778802220.480998322
2026-05-15 08:43:41,196 DEBUG   
2026-05-15 08:43:41,196 DEBUG   33554432 bytes (34 MB) copied, 1.098405 s, 30.5 MB/s
2026-05-15 08:43:41,196 DEBUG   59768832 bytes (60 MB) copied, 2.115966 s, 28.2 MB/s
2026-05-15 08:43:41,196 DEBUG   96468992 bytes (96 MB) copied, 3.119257 s, 30.9 MB/s
2026-05-15 08:43:41,196 DEBUG   137363456 bytes (137 MB) copied, 4.141060 s, 33.2 MB/s
2026-05-15 08:43:41,196 DEBUG   175112192 bytes (175 MB) copied, 5.193271 s, 33.7 MB/s
2026-05-15 08:43:41,196 DEBUG   221249536 bytes (221 MB) copied, 6.209712 s, 35.6 MB/s
2026-05-15 08:43:41,196 DEBUG   262144000 bytes (262 MB) copied, 7.241714 s, 36.2 MB/s
2026-05-15 08:43:41,196 DEBUG   301989888 bytes (302 MB) copied, 8.264711 s, 36.5 MB/s
2026-05-15 08:43:41,196 DEBUG   338690048 bytes (339 MB) copied, 9.277735 s, 36.5 MB/s
2026-05-15 08:43:41,196 DEBUG   376438784 bytes (376 MB) copied, 10.289768 s, 36.6 MB/s
2026-05-15 08:43:41,196 DEBUG   413138944 bytes (413 MB) copied, 11.401673 s, 36.2 MB/s
2026-05-15 08:43:41,196 DEBUG   452984832 bytes (453 MB) copied, 12.426790 s, 36.5 MB/s
2026-05-15 08:43:41,196 DEBUG   483393536 bytes (483 MB) copied, 13.454668 s, 35.9 MB/s
2026-05-15 08:43:41,196 DEBUG   516947968 bytes (517 MB) copied, 14.457774 s, 35.8 MB/s
2026-05-15 08:43:41,196 DEBUG   556793856 bytes (557 MB) copied, 15.470760 s, 36.0 MB/s
2026-05-15 08:43:41,196 DEBUG   596639744 bytes (597 MB) copied, 16.471728 s, 36.2 MB/s
2026-05-15 08:43:41,196 DEBUG   636485632 bytes (636 MB) copied, 17.478012 s, 36.4 MB/s
2026-05-15 08:43:41,196 DEBUG   671088640 bytes (671 MB) copied, 18.516803 s, 36.2 MB/s
2026-05-15 08:43:41,196 DEBUG   711983104 bytes (712 MB) copied, 19.519712 s, 36.5 MB/s
2026-05-15 08:43:41,196 DEBUG   756023296 bytes (756 MB) copied, 20.538848 s, 36.8 MB/s
2026-05-15 08:43:41,196 DEBUG   796917760 bytes (797 MB) copied, 21.568692 s, 36.9 MB/s
2026-05-15 08:43:41,196 DEBUG   829423616 bytes (829 MB) copied, 22.570746 s, 36.7 MB/s
2026-05-15 08:43:41,197 DEBUG   865075200 bytes (865 MB) copied, 23.590680 s, 36.7 MB/s
2026-05-15 08:43:41,197 DEBUG   909115392 bytes (909 MB) copied, 24.598701 s, 37.0 MB/s
2026-05-15 08:43:41,197 DEBUG   948961280 bytes (949 MB) copied, 25.630720 s, 37.0 MB/s
2026-05-15 08:43:41,197 DEBUG   987758592 bytes (988 MB) copied, 26.651711 s, 37.1 MB/s
2026-05-15 08:43:41,197 DEBUG   1019215872 bytes (1.0 GB) copied, 27.668702 s, 36.8 MB/s
2026-05-15 08:43:41,197 DEBUG   1052770304 bytes (1.1 GB) copied, 28.688334 s, 36.7 MB/s
2026-05-15 08:43:41,197 DEBUG   1024+0 records in
2026-05-15 08:43:41,197 DEBUG   1024+0 records out
2026-05-15 08:43:41,197 DEBUG   1073741824 bytes (1.1 GB) copied, 29.1389 s, 36.8 MB/s
2026-05-15 08:43:41,197 DEBUG   OK (disk op exit 0)
2026-05-15 08:43:41,197 WARNING Guest disk op wall 32.0s (vm='ahv_ins_delete-0-260514-193843' ip=10.114.54.21 op=create ec=0) — includes SSH + guest disk command; if still high, check guest disk throughput vs. MiB settings.
2026-05-15 08:43:41,197 DEBUG [119/126] VM f61abe15… (ahv_ins_delete-0-260514-194914) via 10.114.49.249 op=create
2026-05-15 08:43:41,197 DEBUG   remote: bash -lc 'set -e; _bs(){ printf '"'"'BULK_SNAP_T %s %s\n'"'"' "$1" "$(date +%s.%N 2>/dev/null || date +%s)"; }; _bs guest_start; _bs pipeline_start; openssl enc -aes-256-ctr -pass pass:"testing" -nosalt < /dev/zero 2>/dev/null | dd of=/root/dummy_snapshot_data_1.img bs=1M count=1024 iflag=fullblock status=progress; ec=$?; _bs pipeline_done; _bs guest_end; exit $ec'
2026-05-15 08:43:43,446 DEBUG   BULK_SNAP_T guest_start 1778802194.686218598
2026-05-15 08:43:43,446 DEBUG   BULK_SNAP_T pipeline_start 1778802194.690956204
2026-05-15 08:43:43,447 DEBUG   BULK_SNAP_T pipeline_done 1778802222.050928051
2026-05-15 08:43:43,447 DEBUG   BULK_SNAP_T guest_end 1778802222.059169271
2026-05-15 08:43:43,447 DEBUG   
2026-05-15 08:43:43,447 DEBUG   26214400 bytes (26 MB) copied, 1.176988 s, 22.3 MB/s
2026-05-15 08:43:43,447 DEBUG   52428800 bytes (52 MB) copied, 2.246626 s, 23.3 MB/s
2026-05-15 08:43:43,447 DEBUG   88080384 bytes (88 MB) copied, 3.263642 s, 27.0 MB/s
2026-05-15 08:43:43,447 DEBUG   125829120 bytes (126 MB) copied, 4.264716 s, 29.5 MB/s
2026-05-15 08:43:43,447 DEBUG   165675008 bytes (166 MB) copied, 5.267613 s, 31.5 MB/s
2026-05-15 08:43:43,447 DEBUG   203423744 bytes (203 MB) copied, 6.305604 s, 32.3 MB/s
2026-05-15 08:43:43,447 DEBUG   245366784 bytes (245 MB) copied, 7.339613 s, 33.4 MB/s
2026-05-15 08:43:43,447 DEBUG   277872640 bytes (278 MB) copied, 8.342625 s, 33.3 MB/s
2026-05-15 08:43:43,447 DEBUG   306184192 bytes (306 MB) copied, 9.416591 s, 32.5 MB/s
2026-05-15 08:43:43,447 DEBUG   340787200 bytes (341 MB) copied, 10.421991 s, 32.7 MB/s
2026-05-15 08:43:43,447 DEBUG   377487360 bytes (377 MB) copied, 11.434626 s, 33.0 MB/s
2026-05-15 08:43:43,447 DEBUG   417333248 bytes (417 MB) copied, 12.437622 s, 33.6 MB/s
2026-05-15 08:43:43,447 DEBUG   476053504 bytes (476 MB) copied, 13.491900 s, 35.3 MB/s
2026-05-15 08:43:43,447 DEBUG   514850816 bytes (515 MB) copied, 14.504537 s, 35.5 MB/s
2026-05-15 08:43:43,447 DEBUG   572522496 bytes (573 MB) copied, 15.586016 s, 36.7 MB/s
2026-05-15 08:43:43,447 DEBUG   632291328 bytes (632 MB) copied, 16.618676 s, 38.0 MB/s
2026-05-15 08:43:43,447 DEBUG   666894336 bytes (667 MB) copied, 17.621670 s, 37.8 MB/s
2026-05-15 08:43:43,447 DEBUG   717225984 bytes (717 MB) copied, 18.663546 s, 38.4 MB/s
2026-05-15 08:43:43,447 DEBUG   757071872 bytes (757 MB) copied, 19.682606 s, 38.5 MB/s
2026-05-15 08:43:43,447 DEBUG   803209216 bytes (803 MB) copied, 20.702538 s, 38.8 MB/s
2026-05-15 08:43:43,447 DEBUG   843055104 bytes (843 MB) copied, 21.764755 s, 38.7 MB/s
2026-05-15 08:43:43,447 DEBUG   892338176 bytes (892 MB) copied, 22.788704 s, 39.2 MB/s
2026-05-15 08:43:43,447 DEBUG   934281216 bytes (934 MB) copied, 23.819566 s, 39.2 MB/s
2026-05-15 08:43:43,447 DEBUG   975175680 bytes (975 MB) copied, 24.834578 s, 39.3 MB/s
2026-05-15 08:43:43,447 DEBUG   1020264448 bytes (1.0 GB) copied, 25.839968 s, 39.5 MB/s
2026-05-15 08:43:43,447 DEBUG   1054867456 bytes (1.1 GB) copied, 26.848617 s, 39.3 MB/s
2026-05-15 08:43:43,447 DEBUG   1024+0 records in
2026-05-15 08:43:43,447 DEBUG   1024+0 records out
2026-05-15 08:43:43,447 DEBUG   1073741824 bytes (1.1 GB) copied, 27.1808 s, 39.5 MB/s
2026-05-15 08:43:43,447 DEBUG   OK (disk op exit 0)
2026-05-15 08:43:43,448 WARNING Guest disk op wall 29.5s (vm='ahv_ins_delete-0-260514-194113' ip=10.114.52.185 op=create ec=0) — includes SSH + guest disk command; if still high, check guest disk throughput vs. MiB settings.
2026-05-15 08:43:43,448 DEBUG [120/126] VM bbeee8a6… (ahv_ins_delete-0-260514-194939) via 10.114.49.34 op=create
2026-05-15 08:43:43,448 DEBUG   remote: bash -lc 'set -e; _bs(){ printf '"'"'BULK_SNAP_T %s %s\n'"'"' "$1" "$(date +%s.%N 2>/dev/null || date +%s)"; }; _bs guest_start; _bs pipeline_start; openssl enc -aes-256-ctr -pass pass:"testing" -nosalt < /dev/zero 2>/dev/null | dd of=/root/dummy_snapshot_data_1.img bs=1M count=1024 iflag=fullblock status=progress; ec=$?; _bs pipeline_done; _bs guest_end; exit $ec'
2026-05-15 08:43:43,696 DEBUG   BULK_SNAP_T guest_start 1778802197.849125554
2026-05-15 08:43:43,697 DEBUG   BULK_SNAP_T pipeline_start 1778802197.854739484
2026-05-15 08:43:43,697 DEBUG   BULK_SNAP_T pipeline_done 1778802222.463028975
2026-05-15 08:43:43,697 DEBUG   BULK_SNAP_T guest_end 1778802222.465251348
2026-05-15 08:43:43,697 DEBUG   
2026-05-15 08:43:43,697 DEBUG   17825792 bytes (18 MB) copied, 1.110560 s, 16.1 MB/s
2026-05-15 08:43:43,697 DEBUG   37748736 bytes (38 MB) copied, 2.252632 s, 16.8 MB/s
2026-05-15 08:43:43,697 DEBUG   68157440 bytes (68 MB) copied, 3.261172 s, 20.9 MB/s
2026-05-15 08:43:43,697 DEBUG   97517568 bytes (98 MB) copied, 4.300248 s, 22.7 MB/s
2026-05-15 08:43:43,697 DEBUG   125829120 bytes (126 MB) copied, 5.364575 s, 23.5 MB/s
2026-05-15 08:43:43,697 DEBUG   153092096 bytes (153 MB) copied, 6.377192 s, 24.0 MB/s
2026-05-15 08:43:43,697 DEBUG   185597952 bytes (186 MB) copied, 7.388259 s, 25.1 MB/s
2026-05-15 08:43:43,697 DEBUG   229638144 bytes (230 MB) copied, 8.428212 s, 27.2 MB/s
2026-05-15 08:43:43,697 DEBUG   277872640 bytes (278 MB) copied, 9.472177 s, 29.3 MB/s
2026-05-15 08:43:43,697 DEBUG   333447168 bytes (333 MB) copied, 10.489245 s, 31.8 MB/s
2026-05-15 08:43:43,697 DEBUG   382730240 bytes (383 MB) copied, 11.513336 s, 33.2 MB/s
2026-05-15 08:43:43,697 DEBUG   450887680 bytes (451 MB) copied, 12.605230 s, 35.8 MB/s
2026-05-15 08:43:43,697 DEBUG   501219328 bytes (501 MB) copied, 13.630187 s, 36.8 MB/s
2026-05-15 08:43:43,697 DEBUG   552599552 bytes (553 MB) copied, 14.631167 s, 37.8 MB/s
2026-05-15 08:43:43,697 DEBUG   591396864 bytes (591 MB) copied, 15.640226 s, 37.8 MB/s
2026-05-15 08:43:43,697 DEBUG   641728512 bytes (642 MB) copied, 16.640744 s, 38.6 MB/s
2026-05-15 08:43:43,697 DEBUG   691011584 bytes (691 MB) copied, 17.643162 s, 39.2 MB/s
2026-05-15 08:43:43,697 DEBUG   745537536 bytes (746 MB) copied, 18.680344 s, 39.9 MB/s
2026-05-15 08:43:43,697 DEBUG   812646400 bytes (813 MB) copied, 19.680351 s, 41.3 MB/s
2026-05-15 08:43:43,697 DEBUG   868220928 bytes (868 MB) copied, 20.685300 s, 42.0 MB/s
2026-05-15 08:43:43,697 DEBUG   920649728 bytes (921 MB) copied, 21.744285 s, 42.3 MB/s
2026-05-15 08:43:43,697 DEBUG   975175680 bytes (975 MB) copied, 22.745254 s, 42.9 MB/s
2026-05-15 08:43:43,697 DEBUG   1037041664 bytes (1.0 GB) copied, 23.771237 s, 43.6 MB/s
2026-05-15 08:43:43,697 DEBUG   1024+0 records in
2026-05-15 08:43:43,697 DEBUG   1024+0 records out
2026-05-15 08:43:43,697 DEBUG   1073741824 bytes (1.1 GB) copied, 24.5108 s, 43.8 MB/s
2026-05-15 08:43:43,697 DEBUG   OK (disk op exit 0)
2026-05-15 08:43:43,697 WARNING Guest disk op wall 27.0s (vm='ahv_ins_delete-0-260514-194324' ip=10.114.48.22 op=create ec=0) — includes SSH + guest disk command; if still high, check guest disk throughput vs. MiB settings.
2026-05-15 08:43:43,698 DEBUG [121/126] VM 422668c5… (auto_pc_69eb2d1a360236802bb644a50) via 10.114.55.127 op=create
2026-05-15 08:43:43,698 DEBUG   remote: bash -lc 'set -e; _bs(){ printf '"'"'BULK_SNAP_T %s %s\n'"'"' "$1" "$(date +%s.%N 2>/dev/null || date +%s)"; }; _bs guest_start; _bs pipeline_start; openssl enc -aes-256-ctr -pass pass:"testing" -nosalt < /dev/zero 2>/dev/null | dd of=/root/dummy_snapshot_data_1.img bs=1M count=1024 iflag=fullblock status=progress; ec=$?; _bs pipeline_done; _bs guest_end; exit $ec'
2026-05-15 08:43:45,197 DEBUG   BULK_SNAP_T guest_start 1778802192.821568137
2026-05-15 08:43:45,197 DEBUG   BULK_SNAP_T pipeline_start 1778802192.829758631
2026-05-15 08:43:45,197 DEBUG   BULK_SNAP_T pipeline_done 1778802224.059403507
2026-05-15 08:43:45,198 DEBUG   BULK_SNAP_T guest_end 1778802224.067028669
2026-05-15 08:43:45,198 DEBUG   
2026-05-15 08:43:45,198 DEBUG   22020096 bytes (22 MB) copied, 1.003466 s, 21.9 MB/s
2026-05-15 08:43:45,198 DEBUG   40894464 bytes (41 MB) copied, 2.139587 s, 19.1 MB/s
2026-05-15 08:43:45,198 DEBUG   63963136 bytes (64 MB) copied, 3.169698 s, 20.2 MB/s
2026-05-15 08:43:45,198 DEBUG   101711872 bytes (102 MB) copied, 4.191452 s, 24.3 MB/s
2026-05-15 08:43:45,198 DEBUG   137363456 bytes (137 MB) copied, 5.200438 s, 26.4 MB/s
2026-05-15 08:43:45,198 DEBUG   167772160 bytes (168 MB) copied, 6.230383 s, 26.9 MB/s
2026-05-15 08:43:45,198 DEBUG   204472320 bytes (204 MB) copied, 7.245792 s, 28.2 MB/s
2026-05-15 08:43:45,198 DEBUG   246415360 bytes (246 MB) copied, 8.265476 s, 29.8 MB/s
2026-05-15 08:43:45,198 DEBUG   287309824 bytes (287 MB) copied, 9.280363 s, 31.0 MB/s
2026-05-15 08:43:45,198 DEBUG   327155712 bytes (327 MB) copied, 10.338391 s, 31.6 MB/s
2026-05-15 08:43:45,198 DEBUG   365953024 bytes (366 MB) copied, 11.344351 s, 32.3 MB/s
2026-05-15 08:43:45,198 DEBUG   412090368 bytes (412 MB) copied, 12.371351 s, 33.3 MB/s
2026-05-15 08:43:45,198 DEBUG   444596224 bytes (445 MB) copied, 13.390383 s, 33.2 MB/s
2026-05-15 08:43:45,198 DEBUG   483393536 bytes (483 MB) copied, 14.420627 s, 33.5 MB/s
2026-05-15 08:43:45,198 DEBUG   531628032 bytes (532 MB) copied, 15.434394 s, 34.4 MB/s
2026-05-15 08:43:45,198 DEBUG   569376768 bytes (569 MB) copied, 16.457380 s, 34.6 MB/s
2026-05-15 08:43:45,198 DEBUG   608174080 bytes (608 MB) copied, 17.486424 s, 34.8 MB/s
2026-05-15 08:43:45,198 DEBUG   652214272 bytes (652 MB) copied, 18.513361 s, 35.2 MB/s
2026-05-15 08:43:45,198 DEBUG   693108736 bytes (693 MB) copied, 19.539382 s, 35.5 MB/s
2026-05-15 08:43:45,198 DEBUG   736100352 bytes (736 MB) copied, 20.550370 s, 35.8 MB/s
2026-05-15 08:43:45,199 DEBUG   769654784 bytes (770 MB) copied, 21.652345 s, 35.5 MB/s
2026-05-15 08:43:45,199 DEBUG   801112064 bytes (801 MB) copied, 22.708931 s, 35.3 MB/s
2026-05-15 08:43:45,199 DEBUG   847249408 bytes (847 MB) copied, 23.709793 s, 35.7 MB/s
2026-05-15 08:43:45,199 DEBUG   881852416 bytes (882 MB) copied, 24.710733 s, 35.7 MB/s
2026-05-15 08:43:45,199 DEBUG   909115392 bytes (909 MB) copied, 25.721412 s, 35.3 MB/s
2026-05-15 08:43:45,199 DEBUG   939524096 bytes (940 MB) copied, 26.764644 s, 35.1 MB/s
2026-05-15 08:43:45,199 DEBUG   974127104 bytes (974 MB) copied, 27.766392 s, 35.1 MB/s
2026-05-15 08:43:45,199 DEBUG   1009778688 bytes (1.0 GB) copied, 28.812491 s, 35.0 MB/s
2026-05-15 08:43:45,199 DEBUG   1045430272 bytes (1.0 GB) copied, 29.850381 s, 35.0 MB/s
2026-05-15 08:43:45,199 DEBUG   1024+0 records in
2026-05-15 08:43:45,199 DEBUG   1024+0 records out
2026-05-15 08:43:45,199 DEBUG   1073741824 bytes (1.1 GB) copied, 30.569 s, 35.1 MB/s
2026-05-15 08:43:45,199 DEBUG   OK (disk op exit 0)
2026-05-15 08:43:45,199 WARNING Guest disk op wall 34.0s (vm='ahv_ins_delete-0-260514-193850' ip=10.114.51.178 op=create ec=0) — includes SSH + guest disk command; if still high, check guest disk throughput vs. MiB settings.
2026-05-15 08:43:45,199 DEBUG [122/126] VM c338588a… (nc-2056cb-default-0) via 10.114.55.185 op=create
2026-05-15 08:43:45,199 DEBUG   remote: bash -lc 'set -e; _bs(){ printf '"'"'BULK_SNAP_T %s %s\n'"'"' "$1" "$(date +%s.%N 2>/dev/null || date +%s)"; }; _bs guest_start; _bs pipeline_start; openssl enc -aes-256-ctr -pass pass:"testing" -nosalt < /dev/zero 2>/dev/null | dd of=/root/dummy_snapshot_data_1.img bs=1M count=1024 iflag=fullblock status=progress; ec=$?; _bs pipeline_done; _bs guest_end; exit $ec'
2026-05-15 08:43:45,454 DEBUG   root@10.114.55.185: Permission denied (publickey,gssapi-keyex,gssapi-with-mic,hostbased).
2026-05-15 08:43:45,454 ERROR Guest disk op failed ec=255 vm=nc-2056cb-default-0 ip=10.114.55.185 — root@10.114.55.185: Permission denied (publickey,gssapi-keyex,gssapi-with-mic,hostbased).
2026-05-15 08:43:45,454 DEBUG [123/126] VM 0452ad0f… (nc-2056cb-default-1) via 10.114.55.187 op=create
2026-05-15 08:43:45,455 DEBUG   remote: bash -lc 'set -e; _bs(){ printf '"'"'BULK_SNAP_T %s %s\n'"'"' "$1" "$(date +%s.%N 2>/dev/null || date +%s)"; }; _bs guest_start; _bs pipeline_start; openssl enc -aes-256-ctr -pass pass:"testing" -nosalt < /dev/zero 2>/dev/null | dd of=/root/dummy_snapshot_data_1.img bs=1M count=1024 iflag=fullblock status=progress; ec=$?; _bs pipeline_done; _bs guest_end; exit $ec'
2026-05-15 08:43:45,709 DEBUG   root@10.114.55.187: Permission denied (publickey,gssapi-keyex,gssapi-with-mic,hostbased).
2026-05-15 08:43:45,709 ERROR Guest disk op failed ec=255 vm=nc-2056cb-default-1 ip=10.114.55.187 — root@10.114.55.187: Permission denied (publickey,gssapi-keyex,gssapi-with-mic,hostbased).
2026-05-15 08:43:45,710 DEBUG [124/126] VM 3c0fd91f… (nc-2056cb-default-2) via 10.114.55.186 op=create
2026-05-15 08:43:45,710 DEBUG   remote: bash -lc 'set -e; _bs(){ printf '"'"'BULK_SNAP_T %s %s\n'"'"' "$1" "$(date +%s.%N 2>/dev/null || date +%s)"; }; _bs guest_start; _bs pipeline_start; openssl enc -aes-256-ctr -pass pass:"testing" -nosalt < /dev/zero 2>/dev/null | dd of=/root/dummy_snapshot_data_1.img bs=1M count=1024 iflag=fullblock status=progress; ec=$?; _bs pipeline_done; _bs guest_end; exit $ec'
2026-05-15 08:43:45,964 DEBUG   root@10.114.55.186: Permission denied (publickey,gssapi-keyex,gssapi-with-mic,hostbased).
2026-05-15 08:43:45,964 ERROR Guest disk op failed ec=255 vm=nc-2056cb-default-2 ip=10.114.55.186 — root@10.114.55.186: Permission denied (publickey,gssapi-keyex,gssapi-with-mic,hostbased).
2026-05-15 08:43:45,964 DEBUG [125/126] VM c31fe370… (nc-2056cb-env--1446403350-1) via 10.114.55.188 op=create
2026-05-15 08:43:45,964 DEBUG   remote: bash -lc 'set -e; _bs(){ printf '"'"'BULK_SNAP_T %s %s\n'"'"' "$1" "$(date +%s.%N 2>/dev/null || date +%s)"; }; _bs guest_start; _bs pipeline_start; openssl enc -aes-256-ctr -pass pass:"testing" -nosalt < /dev/zero 2>/dev/null | dd of=/root/dummy_snapshot_data_1.img bs=1M count=1024 iflag=fullblock status=progress; ec=$?; _bs pipeline_done; _bs guest_end; exit $ec'
2026-05-15 08:43:46,219 DEBUG   root@10.114.55.188: Permission denied (publickey,gssapi-keyex,gssapi-with-mic,hostbased).
2026-05-15 08:43:46,219 ERROR Guest disk op failed ec=255 vm=nc-2056cb-env--1446403350-1 ip=10.114.55.188 — root@10.114.55.188: Permission denied (publickey,gssapi-keyex,gssapi-with-mic,hostbased).
2026-05-15 08:43:46,219 DEBUG [126/126] VM aae5a081… (nc-2056cb-env--1446403350-2) via 10.114.55.190 op=create
2026-05-15 08:43:46,220 DEBUG   remote: bash -lc 'set -e; _bs(){ printf '"'"'BULK_SNAP_T %s %s\n'"'"' "$1" "$(date +%s.%N 2>/dev/null || date +%s)"; }; _bs guest_start; _bs pipeline_start; openssl enc -aes-256-ctr -pass pass:"testing" -nosalt < /dev/zero 2>/dev/null | dd of=/root/dummy_snapshot_data_1.img bs=1M count=1024 iflag=fullblock status=progress; ec=$?; _bs pipeline_done; _bs guest_end; exit $ec'
2026-05-15 08:43:46,473 DEBUG   root@10.114.55.190: Permission denied (publickey,gssapi-keyex,gssapi-with-mic,hostbased).
2026-05-15 08:43:46,474 ERROR Guest disk op failed ec=255 vm=nc-2056cb-env--1446403350-2 ip=10.114.55.190 — root@10.114.55.190: Permission denied (publickey,gssapi-keyex,gssapi-with-mic,hostbased).
2026-05-15 08:43:46,953 DEBUG   Permission denied, please try again.
2026-05-15 08:43:46,953 ERROR Guest disk op failed ec=5 vm=auto_pc_69eb2d1a360236802bb644a50 ip=10.114.55.127 — Permission denied, please try again.
2026-05-15 08:43:47,949 DEBUG   BULK_SNAP_T guest_start 1778802196.278067638
2026-05-15 08:43:47,949 DEBUG   BULK_SNAP_T pipeline_start 1778802196.285781508
2026-05-15 08:43:47,949 DEBUG   BULK_SNAP_T pipeline_done 1778802227.302036148
2026-05-15 08:43:47,949 DEBUG   BULK_SNAP_T guest_end 1778802227.305527088
2026-05-15 08:43:47,949 DEBUG   
2026-05-15 08:43:47,949 DEBUG   16777216 bytes (17 MB) copied, 1.082653 s, 15.5 MB/s
2026-05-15 08:43:47,949 DEBUG   38797312 bytes (39 MB) copied, 2.094712 s, 18.5 MB/s
2026-05-15 08:43:47,949 DEBUG   70254592 bytes (70 MB) copied, 3.101373 s, 22.7 MB/s
2026-05-15 08:43:47,949 DEBUG   94371840 bytes (94 MB) copied, 4.103815 s, 23.0 MB/s
2026-05-15 08:43:47,949 DEBUG   125829120 bytes (126 MB) copied, 5.156283 s, 24.4 MB/s
2026-05-15 08:43:47,949 DEBUG   155189248 bytes (155 MB) copied, 6.167382 s, 25.2 MB/s
2026-05-15 08:43:47,949 DEBUG   188743680 bytes (189 MB) copied, 7.225376 s, 26.1 MB/s
2026-05-15 08:43:47,949 DEBUG   222298112 bytes (222 MB) copied, 8.248304 s, 27.0 MB/s
2026-05-15 08:43:47,949 DEBUG   251658240 bytes (252 MB) copied, 9.265332 s, 27.2 MB/s
2026-05-15 08:43:47,949 DEBUG   285212672 bytes (285 MB) copied, 10.278317 s, 27.7 MB/s
2026-05-15 08:43:47,949 DEBUG   321912832 bytes (322 MB) copied, 11.316485 s, 28.4 MB/s
2026-05-15 08:43:47,949 DEBUG   362807296 bytes (363 MB) copied, 12.340602 s, 29.4 MB/s
2026-05-15 08:43:47,949 DEBUG   404750336 bytes (405 MB) copied, 13.349307 s, 30.3 MB/s
2026-05-15 08:43:47,949 DEBUG   440401920 bytes (440 MB) copied, 14.389457 s, 30.6 MB/s
2026-05-15 08:43:47,949 DEBUG   479199232 bytes (479 MB) copied, 15.403568 s, 31.1 MB/s
2026-05-15 08:43:47,949 DEBUG   521142272 bytes (521 MB) copied, 16.413283 s, 31.8 MB/s
2026-05-15 08:43:47,949 DEBUG   560988160 bytes (561 MB) copied, 17.421278 s, 32.2 MB/s
2026-05-15 08:43:47,949 DEBUG   602931200 bytes (603 MB) copied, 18.421332 s, 32.7 MB/s
2026-05-15 08:43:47,949 DEBUG   634388480 bytes (634 MB) copied, 19.426296 s, 32.7 MB/s
2026-05-15 08:43:47,949 DEBUG   670040064 bytes (670 MB) copied, 20.452316 s, 32.8 MB/s
2026-05-15 08:43:47,949 DEBUG   698351616 bytes (698 MB) copied, 21.491322 s, 32.5 MB/s
2026-05-15 08:43:47,949 DEBUG   738197504 bytes (738 MB) copied, 22.503304 s, 32.8 MB/s
2026-05-15 08:43:47,949 DEBUG   770703360 bytes (771 MB) copied, 23.517298 s, 32.8 MB/s
2026-05-15 08:43:47,949 DEBUG   802160640 bytes (802 MB) copied, 24.517316 s, 32.7 MB/s
2026-05-15 08:43:47,949 DEBUG   836763648 bytes (837 MB) copied, 25.589288 s, 32.7 MB/s
2026-05-15 08:43:47,949 DEBUG   880803840 bytes (881 MB) copied, 26.603323 s, 33.1 MB/s
2026-05-15 08:43:47,949 DEBUG   927989760 bytes (928 MB) copied, 27.607298 s, 33.6 MB/s
2026-05-15 08:43:47,949 DEBUG   986710016 bytes (987 MB) copied, 28.673293 s, 34.4 MB/s
2026-05-15 08:43:47,949 DEBUG   1037041664 bytes (1.0 GB) copied, 29.705363 s, 34.9 MB/s
2026-05-15 08:43:47,949 DEBUG   1024+0 records in
2026-05-15 08:43:47,949 DEBUG   1024+0 records out
2026-05-15 08:43:47,949 DEBUG   1073741824 bytes (1.1 GB) copied, 30.4285 s, 35.3 MB/s
2026-05-15 08:43:47,949 DEBUG   OK (disk op exit 0)
2026-05-15 08:43:47,950 WARNING Guest disk op wall 33.5s (vm='ahv_ins_delete-0-260514-194219' ip=10.114.50.197 op=create ec=0) — includes SSH + guest disk command; if still high, check guest disk throughput vs. MiB settings.
2026-05-15 08:43:51,955 DEBUG   BULK_SNAP_T guest_start 1778802209.599994763
2026-05-15 08:43:51,955 DEBUG   BULK_SNAP_T pipeline_start 1778802209.603081394
2026-05-15 08:43:51,955 DEBUG   BULK_SNAP_T pipeline_done 1778802231.561898031
2026-05-15 08:43:51,955 DEBUG   BULK_SNAP_T guest_end 1778802231.573084731
2026-05-15 08:43:51,955 DEBUG   
2026-05-15 08:43:51,955 DEBUG   22020096 bytes (22 MB) copied, 1.091635 s, 20.2 MB/s
2026-05-15 08:43:51,955 DEBUG   42991616 bytes (43 MB) copied, 2.106956 s, 20.4 MB/s
2026-05-15 08:43:51,955 DEBUG   72351744 bytes (72 MB) copied, 3.159188 s, 22.9 MB/s
2026-05-15 08:43:51,955 DEBUG   102760448 bytes (103 MB) copied, 4.215128 s, 24.4 MB/s
2026-05-15 08:43:51,955 DEBUG   136314880 bytes (136 MB) copied, 5.218873 s, 26.1 MB/s
2026-05-15 08:43:51,955 DEBUG   171966464 bytes (172 MB) copied, 6.219817 s, 27.6 MB/s
2026-05-15 08:43:51,955 DEBUG   200278016 bytes (200 MB) copied, 7.221569 s, 27.7 MB/s
2026-05-15 08:43:51,955 DEBUG   241172480 bytes (241 MB) copied, 8.248523 s, 29.2 MB/s
2026-05-15 08:43:51,955 DEBUG   269484032 bytes (269 MB) copied, 9.294641 s, 29.0 MB/s
2026-05-15 08:43:51,955 DEBUG   314572800 bytes (315 MB) copied, 10.299621 s, 30.5 MB/s
2026-05-15 08:43:51,955 DEBUG   365953024 bytes (366 MB) copied, 11.311614 s, 32.4 MB/s
2026-05-15 08:43:51,955 DEBUG   428867584 bytes (429 MB) copied, 12.312554 s, 34.8 MB/s
2026-05-15 08:43:51,955 DEBUG   488636416 bytes (489 MB) copied, 13.319459 s, 36.7 MB/s
2026-05-15 08:43:51,955 DEBUG   553648128 bytes (554 MB) copied, 14.323880 s, 38.7 MB/s
2026-05-15 08:43:51,955 DEBUG   631242752 bytes (631 MB) copied, 15.337538 s, 41.2 MB/s
2026-05-15 08:43:51,955 DEBUG   693108736 bytes (693 MB) copied, 16.365540 s, 42.4 MB/s
2026-05-15 08:43:51,955 DEBUG   769654784 bytes (770 MB) copied, 17.366948 s, 44.3 MB/s
2026-05-15 08:43:51,955 DEBUG   839909376 bytes (840 MB) copied, 18.376822 s, 45.7 MB/s
2026-05-15 08:43:51,955 DEBUG   912261120 bytes (912 MB) copied, 19.408703 s, 47.0 MB/s
2026-05-15 08:43:51,955 DEBUG   982515712 bytes (983 MB) copied, 20.416550 s, 48.1 MB/s
2026-05-15 08:43:51,955 DEBUG   1049624576 bytes (1.0 GB) copied, 21.435508 s, 49.0 MB/s
2026-05-15 08:43:51,955 DEBUG   1024+0 records in
2026-05-15 08:43:51,955 DEBUG   1024+0 records out
2026-05-15 08:43:51,955 DEBUG   1073741824 bytes (1.1 GB) copied, 21.8456 s, 49.2 MB/s
2026-05-15 08:43:51,956 DEBUG   OK (disk op exit 0)
2026-05-15 08:43:51,956 WARNING Guest disk op wall 24.0s (vm='ahv_ins_delete-0-260514-194642' ip=10.114.53.124 op=create ec=0) — includes SSH + guest disk command; if still high, check guest disk throughput vs. MiB settings.
2026-05-15 08:43:56,202 DEBUG   BULK_SNAP_T guest_start 1778802206.799193271
2026-05-15 08:43:56,202 DEBUG   BULK_SNAP_T pipeline_start 1778802206.805715290
2026-05-15 08:43:56,202 DEBUG   BULK_SNAP_T pipeline_done 1778802235.490041304
2026-05-15 08:43:56,202 DEBUG   BULK_SNAP_T guest_end 1778802235.601677983
2026-05-15 08:43:56,202 DEBUG   
2026-05-15 08:43:56,202 DEBUG   20971520 bytes (21 MB) copied, 1.000317 s, 21.0 MB/s
2026-05-15 08:43:56,203 DEBUG   35651584 bytes (36 MB) copied, 2.035496 s, 17.5 MB/s
2026-05-15 08:43:56,203 DEBUG   62914560 bytes (63 MB) copied, 3.130493 s, 20.1 MB/s
2026-05-15 08:43:56,203 DEBUG   96468992 bytes (96 MB) copied, 4.141398 s, 23.3 MB/s
2026-05-15 08:43:56,203 DEBUG   128974848 bytes (129 MB) copied, 5.164338 s, 25.0 MB/s
2026-05-15 08:43:56,203 DEBUG   160432128 bytes (160 MB) copied, 6.191250 s, 25.9 MB/s
2026-05-15 08:43:56,203 DEBUG   187695104 bytes (188 MB) copied, 7.199263 s, 26.1 MB/s
2026-05-15 08:43:56,203 DEBUG   217055232 bytes (217 MB) copied, 8.260283 s, 26.3 MB/s
2026-05-15 08:43:56,203 DEBUG   252706816 bytes (253 MB) copied, 9.283199 s, 27.2 MB/s
2026-05-15 08:43:56,203 DEBUG   286261248 bytes (286 MB) copied, 10.287194 s, 27.8 MB/s
2026-05-15 08:43:56,203 DEBUG   317718528 bytes (318 MB) copied, 11.298186 s, 28.1 MB/s
2026-05-15 08:43:56,203 DEBUG   350224384 bytes (350 MB) copied, 12.372281 s, 28.3 MB/s
2026-05-15 08:43:56,203 DEBUG   380633088 bytes (381 MB) copied, 13.374171 s, 28.5 MB/s
2026-05-15 08:43:56,203 DEBUG   412090368 bytes (412 MB) copied, 14.386228 s, 28.6 MB/s
2026-05-15 08:43:56,203 DEBUG   447741952 bytes (448 MB) copied, 15.406210 s, 29.1 MB/s
2026-05-15 08:43:56,203 DEBUG   488636416 bytes (489 MB) copied, 16.426209 s, 29.7 MB/s
2026-05-15 08:43:56,203 DEBUG   526385152 bytes (526 MB) copied, 17.431312 s, 30.2 MB/s
2026-05-15 08:43:56,203 DEBUG   574619648 bytes (575 MB) copied, 18.442208 s, 31.2 MB/s
2026-05-15 08:43:56,203 DEBUG   628097024 bytes (628 MB) copied, 19.460233 s, 32.3 MB/s
2026-05-15 08:43:56,203 DEBUG   678428672 bytes (678 MB) copied, 20.468162 s, 33.1 MB/s
2026-05-15 08:43:56,203 DEBUG   727711744 bytes (728 MB) copied, 21.484209 s, 33.9 MB/s
2026-05-15 08:43:56,203 DEBUG   771751936 bytes (772 MB) copied, 22.487746 s, 34.3 MB/s
2026-05-15 08:43:56,203 DEBUG   824180736 bytes (824 MB) copied, 23.497369 s, 35.1 MB/s
2026-05-15 08:43:56,203 DEBUG   874512384 bytes (875 MB) copied, 24.544216 s, 35.6 MB/s
2026-05-15 08:43:56,203 DEBUG   933232640 bytes (933 MB) copied, 25.564214 s, 36.5 MB/s
2026-05-15 08:43:56,203 DEBUG   989855744 bytes (990 MB) copied, 26.569187 s, 37.3 MB/s
2026-05-15 08:43:56,203 DEBUG   1040187392 bytes (1.0 GB) copied, 27.570203 s, 37.7 MB/s
2026-05-15 08:43:56,203 DEBUG   1024+0 records in
2026-05-15 08:43:56,203 DEBUG   1024+0 records out
2026-05-15 08:43:56,203 DEBUG   1073741824 bytes (1.1 GB) copied, 28.3742 s, 37.8 MB/s
2026-05-15 08:43:56,203 DEBUG   OK (disk op exit 0)
2026-05-15 08:43:56,203 WARNING Guest disk op wall 31.5s (vm='ahv_ins_delete-0-260514-194354' ip=10.114.52.43 op=create ec=0) — includes SSH + guest disk command; if still high, check guest disk throughput vs. MiB settings.
2026-05-15 08:43:56,206 DEBUG   BULK_SNAP_T guest_start 1778802208.413242072
2026-05-15 08:43:56,207 DEBUG   BULK_SNAP_T pipeline_start 1778802208.426394306
2026-05-15 08:43:56,207 DEBUG   BULK_SNAP_T pipeline_done 1778802234.593615912
2026-05-15 08:43:56,207 DEBUG   BULK_SNAP_T guest_end 1778802234.607056581
2026-05-15 08:43:56,207 DEBUG   
2026-05-15 08:43:56,207 DEBUG   27262976 bytes (27 MB) copied, 1.132500 s, 24.1 MB/s
2026-05-15 08:43:56,207 DEBUG   50331648 bytes (50 MB) copied, 2.134380 s, 23.6 MB/s
2026-05-15 08:43:56,207 DEBUG   83886080 bytes (84 MB) copied, 3.189566 s, 26.3 MB/s
2026-05-15 08:43:56,207 DEBUG   123731968 bytes (124 MB) copied, 4.290831 s, 28.8 MB/s
2026-05-15 08:43:56,207 DEBUG   158334976 bytes (158 MB) copied, 5.294118 s, 29.9 MB/s
2026-05-15 08:43:56,207 DEBUG   189792256 bytes (190 MB) copied, 6.311145 s, 30.1 MB/s
2026-05-15 08:43:56,207 DEBUG   224395264 bytes (224 MB) copied, 7.424144 s, 30.2 MB/s
2026-05-15 08:43:56,207 DEBUG   257949696 bytes (258 MB) copied, 8.430158 s, 30.6 MB/s
2026-05-15 08:43:56,207 DEBUG   291504128 bytes (292 MB) copied, 9.530247 s, 30.6 MB/s
2026-05-15 08:43:56,207 DEBUG   321912832 bytes (322 MB) copied, 10.537097 s, 30.6 MB/s
2026-05-15 08:43:56,207 DEBUG   360710144 bytes (361 MB) copied, 11.553177 s, 31.2 MB/s
2026-05-15 08:43:56,207 DEBUG   395313152 bytes (395 MB) copied, 12.565124 s, 31.5 MB/s
2026-05-15 08:43:56,207 DEBUG   432013312 bytes (432 MB) copied, 13.614285 s, 31.7 MB/s
2026-05-15 08:43:56,207 DEBUG   470810624 bytes (471 MB) copied, 14.628080 s, 32.2 MB/s
2026-05-15 08:43:56,207 DEBUG   519045120 bytes (519 MB) copied, 15.634107 s, 33.2 MB/s
2026-05-15 08:43:56,207 DEBUG   563085312 bytes (563 MB) copied, 16.652016 s, 33.8 MB/s
2026-05-15 08:43:56,207 DEBUG   620756992 bytes (621 MB) copied, 17.684100 s, 35.1 MB/s
2026-05-15 08:43:56,207 DEBUG   675282944 bytes (675 MB) copied, 18.685128 s, 36.1 MB/s
2026-05-15 08:43:56,207 DEBUG   725614592 bytes (726 MB) copied, 19.700139 s, 36.8 MB/s
2026-05-15 08:43:56,207 DEBUG   780140544 bytes (780 MB) copied, 20.730067 s, 37.6 MB/s
2026-05-15 08:43:56,207 DEBUG   830472192 bytes (830 MB) copied, 21.737125 s, 38.2 MB/s
2026-05-15 08:43:56,207 DEBUG   876609536 bytes (877 MB) copied, 22.739349 s, 38.6 MB/s
2026-05-15 08:43:56,207 DEBUG   931135488 bytes (931 MB) copied, 23.739444 s, 39.2 MB/s
2026-05-15 08:43:56,207 DEBUG   984612864 bytes (985 MB) copied, 24.748073 s, 39.8 MB/s
2026-05-15 08:43:56,207 DEBUG   1050673152 bytes (1.1 GB) copied, 25.756273 s, 40.8 MB/s
2026-05-15 08:43:56,207 DEBUG   1024+0 records in
2026-05-15 08:43:56,207 DEBUG   1024+0 records out
2026-05-15 08:43:56,207 DEBUG   1073741824 bytes (1.1 GB) copied, 26.0841 s, 41.2 MB/s
2026-05-15 08:43:56,207 DEBUG   OK (disk op exit 0)
2026-05-15 08:43:56,207 WARNING Guest disk op wall 28.3s (vm='ahv_ins_delete-0-260514-194426' ip=10.114.54.60 op=create ec=0) — includes SSH + guest disk command; if still high, check guest disk throughput vs. MiB settings.
2026-05-15 08:43:58,708 DEBUG   BULK_SNAP_T guest_start 1778802212.280275366
2026-05-15 08:43:58,708 DEBUG   BULK_SNAP_T pipeline_start 1778802212.284539226
2026-05-15 08:43:58,708 DEBUG   BULK_SNAP_T pipeline_done 1778802237.728706187
2026-05-15 08:43:58,708 DEBUG   BULK_SNAP_T guest_end 1778802237.733329288
2026-05-15 08:43:58,708 DEBUG   
2026-05-15 08:43:58,708 DEBUG   24117248 bytes (24 MB) copied, 1.005125 s, 24.0 MB/s
2026-05-15 08:43:58,708 DEBUG   47185920 bytes (47 MB) copied, 2.211221 s, 21.3 MB/s
2026-05-15 08:43:58,708 DEBUG   75497472 bytes (75 MB) copied, 3.322396 s, 22.7 MB/s
2026-05-15 08:43:58,708 DEBUG   108003328 bytes (108 MB) copied, 4.439318 s, 24.3 MB/s
2026-05-15 08:43:58,708 DEBUG   140509184 bytes (141 MB) copied, 5.458054 s, 25.7 MB/s
2026-05-15 08:43:58,708 DEBUG   173015040 bytes (173 MB) copied, 6.492169 s, 26.6 MB/s
2026-05-15 08:43:58,708 DEBUG   207618048 bytes (208 MB) copied, 7.526067 s, 27.6 MB/s
2026-05-15 08:43:58,708 DEBUG   244318208 bytes (244 MB) copied, 8.575035 s, 28.5 MB/s
2026-05-15 08:43:58,708 DEBUG   283115520 bytes (283 MB) copied, 9.578084 s, 29.6 MB/s
2026-05-15 08:43:58,708 DEBUG   315621376 bytes (316 MB) copied, 10.586553 s, 29.8 MB/s
2026-05-15 08:43:58,708 DEBUG   355467264 bytes (355 MB) copied, 11.600032 s, 30.6 MB/s
2026-05-15 08:43:58,708 DEBUG   405798912 bytes (406 MB) copied, 12.644081 s, 32.1 MB/s
2026-05-15 08:43:58,708 DEBUG   449839104 bytes (450 MB) copied, 13.644186 s, 33.0 MB/s
2026-05-15 08:43:58,708 DEBUG   497025024 bytes (497 MB) copied, 14.653067 s, 33.9 MB/s
2026-05-15 08:43:58,708 DEBUG   545259520 bytes (545 MB) copied, 15.699126 s, 34.7 MB/s
2026-05-15 08:43:58,708 DEBUG   589299712 bytes (589 MB) copied, 16.710003 s, 35.3 MB/s
2026-05-15 08:43:58,708 DEBUG   631242752 bytes (631 MB) copied, 17.720086 s, 35.6 MB/s
2026-05-15 08:43:58,708 DEBUG   671088640 bytes (671 MB) copied, 18.724143 s, 35.8 MB/s
2026-05-15 08:43:58,708 DEBUG   723517440 bytes (724 MB) copied, 19.769084 s, 36.6 MB/s
2026-05-15 08:43:58,708 DEBUG   780140544 bytes (780 MB) copied, 20.778003 s, 37.5 MB/s
2026-05-15 08:43:58,708 DEBUG   836763648 bytes (837 MB) copied, 21.781034 s, 38.4 MB/s
2026-05-15 08:43:58,708 DEBUG   892338176 bytes (892 MB) copied, 22.786050 s, 39.2 MB/s
2026-05-15 08:43:58,708 DEBUG   965738496 bytes (966 MB) copied, 23.792049 s, 40.6 MB/s
2026-05-15 08:43:58,708 DEBUG   1033895936 bytes (1.0 GB) copied, 24.792226 s, 41.7 MB/s
2026-05-15 08:43:58,708 DEBUG   1024+0 records in
2026-05-15 08:43:58,709 DEBUG   1024+0 records out
2026-05-15 08:43:58,709 DEBUG   1073741824 bytes (1.1 GB) copied, 25.3243 s, 42.4 MB/s
2026-05-15 08:43:58,709 DEBUG   OK (disk op exit 0)
2026-05-15 08:43:58,709 WARNING Guest disk op wall 27.8s (vm='ahv_ins_delete-0-260514-194724' ip=10.114.48.153 op=create ec=0) — includes SSH + guest disk command; if still high, check guest disk throughput vs. MiB settings.
2026-05-15 08:44:00,458 DEBUG   BULK_SNAP_T guest_start 1778802222.083351410
2026-05-15 08:44:00,459 DEBUG   BULK_SNAP_T pipeline_start 1778802222.097253387
2026-05-15 08:44:00,459 DEBUG   BULK_SNAP_T pipeline_done 1778802238.817803349
2026-05-15 08:44:00,459 DEBUG   BULK_SNAP_T guest_end 1778802238.822095888
2026-05-15 08:44:00,459 DEBUG   
2026-05-15 08:44:00,459 DEBUG   31457280 bytes (31 MB) copied, 1.012901 s, 31.1 MB/s
2026-05-15 08:44:00,459 DEBUG   54525952 bytes (55 MB) copied, 2.141274 s, 25.5 MB/s
2026-05-15 08:44:00,459 DEBUG   90177536 bytes (90 MB) copied, 3.196294 s, 28.2 MB/s
2026-05-15 08:44:00,459 DEBUG   133169152 bytes (133 MB) copied, 4.227135 s, 31.5 MB/s
2026-05-15 08:44:00,459 DEBUG   181403648 bytes (181 MB) copied, 5.262004 s, 34.5 MB/s
2026-05-15 08:44:00,459 DEBUG   235929600 bytes (236 MB) copied, 6.287970 s, 37.5 MB/s
2026-05-15 08:44:00,459 DEBUG   278921216 bytes (279 MB) copied, 7.309913 s, 38.2 MB/s
2026-05-15 08:44:00,459 DEBUG   343932928 bytes (344 MB) copied, 8.318894 s, 41.3 MB/s
2026-05-15 08:44:00,459 DEBUG   419430400 bytes (419 MB) copied, 9.321005 s, 45.0 MB/s
2026-05-15 08:44:00,459 DEBUG   491782144 bytes (492 MB) copied, 10.323084 s, 47.6 MB/s
2026-05-15 08:44:00,459 DEBUG   571473920 bytes (571 MB) copied, 11.329948 s, 50.4 MB/s
2026-05-15 08:44:00,459 DEBUG   661651456 bytes (662 MB) copied, 12.336353 s, 53.6 MB/s
2026-05-15 08:44:00,459 DEBUG   770703360 bytes (771 MB) copied, 13.341860 s, 57.8 MB/s
2026-05-15 08:44:00,459 DEBUG   891289600 bytes (891 MB) copied, 14.344128 s, 62.1 MB/s
2026-05-15 08:44:00,459 DEBUG   1008730112 bytes (1.0 GB) copied, 15.347947 s, 65.7 MB/s
2026-05-15 08:44:00,459 DEBUG   1024+0 records in
2026-05-15 08:44:00,459 DEBUG   1024+0 records out
2026-05-15 08:44:00,459 DEBUG   1073741824 bytes (1.1 GB) copied, 15.7791 s, 68.0 MB/s
2026-05-15 08:44:00,459 DEBUG   OK (disk op exit 0)
2026-05-15 08:44:01,711 DEBUG   BULK_SNAP_T guest_start 1778802225.204047899
2026-05-15 08:44:01,711 DEBUG   BULK_SNAP_T pipeline_start 1778802225.207537976
2026-05-15 08:44:01,711 DEBUG   BULK_SNAP_T pipeline_done 1778802241.176136307
2026-05-15 08:44:01,711 DEBUG   BULK_SNAP_T guest_end 1778802241.180884786
2026-05-15 08:44:01,711 DEBUG   
2026-05-15 08:44:01,711 DEBUG   27262976 bytes (27 MB) copied, 1.021000 s, 26.7 MB/s
2026-05-15 08:44:01,711 DEBUG   42991616 bytes (43 MB) copied, 2.200003 s, 19.5 MB/s
2026-05-15 08:44:01,711 DEBUG   77594624 bytes (78 MB) copied, 3.303993 s, 23.5 MB/s
2026-05-15 08:44:01,711 DEBUG   134217728 bytes (134 MB) copied, 4.308254 s, 31.2 MB/s
2026-05-15 08:44:01,711 DEBUG   179306496 bytes (179 MB) copied, 5.348970 s, 33.5 MB/s
2026-05-15 08:44:01,711 DEBUG   218103808 bytes (218 MB) copied, 6.397300 s, 34.1 MB/s
2026-05-15 08:44:01,711 DEBUG   271581184 bytes (272 MB) copied, 7.402114 s, 36.7 MB/s
2026-05-15 08:44:01,711 DEBUG   340787200 bytes (341 MB) copied, 8.408942 s, 40.5 MB/s
2026-05-15 08:44:01,711 DEBUG   411041792 bytes (411 MB) copied, 9.410142 s, 43.7 MB/s
2026-05-15 08:44:01,711 DEBUG   469762048 bytes (470 MB) copied, 10.412010 s, 45.1 MB/s
2026-05-15 08:44:01,711 DEBUG   553648128 bytes (554 MB) copied, 11.419005 s, 48.5 MB/s
2026-05-15 08:44:01,711 DEBUG   637534208 bytes (638 MB) copied, 12.433121 s, 51.3 MB/s
2026-05-15 08:44:01,711 DEBUG   736100352 bytes (736 MB) copied, 13.459902 s, 54.7 MB/s
2026-05-15 08:44:01,712 DEBUG   868220928 bytes (868 MB) copied, 14.463978 s, 60.0 MB/s
2026-05-15 08:44:01,712 DEBUG   1008730112 bytes (1.0 GB) copied, 15.475083 s, 65.2 MB/s
2026-05-15 08:44:01,712 DEBUG   1024+0 records in
2026-05-15 08:44:01,712 DEBUG   1024+0 records out
2026-05-15 08:44:01,712 DEBUG   1073741824 bytes (1.1 GB) copied, 15.9249 s, 67.4 MB/s
2026-05-15 08:44:01,712 DEBUG   OK (disk op exit 0)
2026-05-15 08:44:01,961 DEBUG   BULK_SNAP_T guest_start 1778802223.039532820
2026-05-15 08:44:01,961 DEBUG   BULK_SNAP_T pipeline_start 1778802223.045413655
2026-05-15 08:44:01,961 DEBUG   BULK_SNAP_T pipeline_done 1778802241.104234745
2026-05-15 08:44:01,961 DEBUG   BULK_SNAP_T guest_end 1778802241.106896684
2026-05-15 08:44:01,961 DEBUG   
2026-05-15 08:44:01,961 DEBUG   38797312 bytes (39 MB) copied, 1.014161 s, 38.3 MB/s
2026-05-15 08:44:01,961 DEBUG   63963136 bytes (64 MB) copied, 2.139633 s, 29.9 MB/s
2026-05-15 08:44:01,961 DEBUG   99614720 bytes (100 MB) copied, 3.150062 s, 31.6 MB/s
2026-05-15 08:44:01,961 DEBUG   146800640 bytes (147 MB) copied, 4.159976 s, 35.3 MB/s
2026-05-15 08:44:01,962 DEBUG   190840832 bytes (191 MB) copied, 5.205080 s, 36.7 MB/s
2026-05-15 08:44:01,962 DEBUG   235929600 bytes (236 MB) copied, 6.220000 s, 37.9 MB/s
2026-05-15 08:44:01,962 DEBUG   283115520 bytes (283 MB) copied, 7.276204 s, 38.9 MB/s
2026-05-15 08:44:01,962 DEBUG   326107136 bytes (326 MB) copied, 8.284955 s, 39.4 MB/s
2026-05-15 08:44:01,962 DEBUG   380633088 bytes (381 MB) copied, 9.325029 s, 40.8 MB/s
2026-05-15 08:44:01,962 DEBUG   433061888 bytes (433 MB) copied, 10.335970 s, 41.9 MB/s
2026-05-15 08:44:01,962 DEBUG   484442112 bytes (484 MB) copied, 11.360133 s, 42.6 MB/s
2026-05-15 08:44:01,962 DEBUG   542113792 bytes (542 MB) copied, 12.364175 s, 43.8 MB/s
2026-05-15 08:44:01,962 DEBUG   611319808 bytes (611 MB) copied, 13.383959 s, 45.7 MB/s
2026-05-15 08:44:01,962 DEBUG   684720128 bytes (685 MB) copied, 14.393093 s, 47.6 MB/s
2026-05-15 08:44:01,962 DEBUG   772800512 bytes (773 MB) copied, 15.400963 s, 50.2 MB/s
2026-05-15 08:44:01,962 DEBUG   900726784 bytes (901 MB) copied, 16.400975 s, 54.9 MB/s
2026-05-15 08:44:01,962 DEBUG   1030750208 bytes (1.0 GB) copied, 17.403166 s, 59.2 MB/s
2026-05-15 08:44:01,962 DEBUG   1024+0 records in
2026-05-15 08:44:01,962 DEBUG   1024+0 records out
2026-05-15 08:44:01,962 DEBUG   1073741824 bytes (1.1 GB) copied, 17.7633 s, 60.4 MB/s
2026-05-15 08:44:01,962 DEBUG   OK (disk op exit 0)
2026-05-15 08:44:01,962 WARNING Guest disk op wall 20.8s (vm='ahv_ins_delete-0-260514-194914' ip=10.114.49.249 op=create ec=0) — includes SSH + guest disk command; if still high, check guest disk throughput vs. MiB settings.
2026-05-15 08:44:01,963 INFO Guest churn done in 368.8s: ok=120 failed=6
2026-05-15 08:44:01,963 INFO === Guest SSH / disk churn failure summary: 6 failing VM(s) ===
2026-05-15 08:44:01,963 INFO -- Authentication / permission denied — 6 host(s) --
2026-05-15 08:44:01,963 INFO   ip=10.114.55.185  vm='nc-2056cb-default-0'  uuid=c338588a…  root@10.114.55.185: Permission denied (publickey,gssapi-keyex,gssapi-with-mic,hostbased).
2026-05-15 08:44:01,963 INFO   ip=10.114.55.187  vm='nc-2056cb-default-1'  uuid=0452ad0f…  root@10.114.55.187: Permission denied (publickey,gssapi-keyex,gssapi-with-mic,hostbased).
2026-05-15 08:44:01,963 INFO   ip=10.114.55.186  vm='nc-2056cb-default-2'  uuid=3c0fd91f…  root@10.114.55.186: Permission denied (publickey,gssapi-keyex,gssapi-with-mic,hostbased).
2026-05-15 08:44:01,963 INFO   ip=10.114.55.188  vm='nc-2056cb-env--1446403350-1'  uuid=c31fe370…  root@10.114.55.188: Permission denied (publickey,gssapi-keyex,gssapi-with-mic,hostbased).
2026-05-15 08:44:01,963 INFO   ip=10.114.55.190  vm='nc-2056cb-env--1446403350-2'  uuid=aae5a081…  root@10.114.55.190: Permission denied (publickey,gssapi-keyex,gssapi-with-mic,hostbased).
2026-05-15 08:44:01,964 INFO   ip=10.114.55.127  vm='auto_pc_69eb2d1a360236802bb644a50'  uuid=422668c5…  Permission denied, please try again.
